  0
SECTION
  2
HEADER
  9
$ANGBASE
  50
0.0
  9
$ANGDIR
  70
1
  9
$MEASUREMENT
  70
0
  0
ENDSEC
  0
SECTION
  2
TABLES
  0
TABLE
  2
LTYPE
  70
4
  0
LTYPE
  5
40F
  2
CONTINUOUS
  70
0
  3
Solid line
  72
65
  73
0
  40
0.0
  0
LTYPE
  5
410
  2
DASHDOT
 70
0
  3
Dash Dot ____ _ ____ _
 72
65
 73
4
 40
2.0
 49
1.25
 49
-0.25
 49
0.25
 49
-0.25
  0
LTYPE
  5
411
  2
DASHED
 70
0
  3
Dashed __ __ __ __ __
 72
65
 73
2
 40
0.75
 49
0.5
 49
-0.25
  0
LTYPE
  5
43B
  2
DOTTED
 70
0
  3
Dotted .  .  .  .
 72
65
 73
2
 40
0.2
 49
0.0
 49
-0.2
  0
ENDTAB
  0
TABLE
  2
STYLE
  70
4
  0
STYLE
  2
KICAD
  70
0
  40
0
  41
1
  42
1
  50
0
  71
0
  3
isocp.shx
  0
STYLE
  2
KICADB
  70
0
  40
0
  41
1
  42
1
  50
0
  71
0
  3
isocp.shx
  0
STYLE
  2
KICADI
  70
0
  40
0
  41
1
  42
1
  50
15
  71
0
  3
isocp.shx
  0
STYLE
  2
KICADBI
  70
0
  40
0
  41
1
  42
1
  50
15
  71
0
  3
isocp.shx
  0
ENDTAB
  0
TABLE
  2
LAYER
  70
1
  0
LAYER
  2
BLACK
  70
0
  62
7
  6
CONTINUOUS
  0
ENDTAB
  0
ENDSEC
  0
SECTION
  2
ENTITIES
0
LINE
8
BLACK
6
CONTINUOUS
10
5.5557863779527557
20
-4.1245580708661418
11
5.5558843700787399
21
-4.1245986614173225
0
LINE
8
BLACK
6
CONTINUOUS
10
5.5558843700787399
20
-4.1245986614173225
11
5.5559901968503933
21
-4.1246061811023624
0
LINE
8
BLACK
6
CONTINUOUS
10
5.5559901968503933
20
-4.1246061811023624
11
5.556501732283464
21
-4.1248543700787401
0
LINE
8
BLACK
6
CONTINUOUS
10
5.556501732283464
20
-4.1248543700787401
11
5.5568507874015749
21
-4.1249989763779524
0
LINE
8
BLACK
6
CONTINUOUS
10
5.5568507874015749
20
-4.1249989763779524
11
5.5568988976377955
21
-4.1250470866141731
0
LINE
8
BLACK
6
CONTINUOUS
10
5.5568988976377955
20
-4.1250470866141731
11
5.5602803543307084
21
-4.1266878346456695
0
LINE
8
BLACK
6
CONTINUOUS
10
5.5602803543307084
20
-4.1266878346456695
11
5.560528228346457
21
-4.1268438582677165
0
LINE
8
BLACK
6
CONTINUOUS
10
5.560528228346457
20
-4.1268438582677165
11
5.5606002755905513
21
-4.1268737007874012
0
LINE
8
BLACK
6
CONTINUOUS
10
5.5606002755905513
20
-4.1268737007874012
11
5.5606463779527555
21
-4.1269182283464563
0
LINE
8
BLACK
6
CONTINUOUS
10
5.5606463779527555
20
-4.1269182283464563
11
5.5607702362204723
21
-4.1269961811023625
0
LINE
8
BLACK
6
CONTINUOUS
10
5.5607702362204723
20
-4.1269961811023625
11
5.5609919291338583
21
-4.1272518110236218
0
LINE
8
BLACK
6
CONTINUOUS
10
5.5609919291338583
20
-4.1272518110236218
11
5.5629225196850394
21
-4.1291156692913384
0
LINE
8
BLACK
6
CONTINUOUS
10
5.5629225196850394
20
-4.1291156692913384
11
5.5631082677165349
21
-4.1293420078740155
0
LINE
8
BLACK
6
CONTINUOUS
10
5.5631082677165349
20
-4.1293420078740155
11
5.5631673228346452
21
-4.1293932283464567
0
LINE
8
BLACK
6
CONTINUOUS
10
5.5631673228346452
20
-4.1293932283464567
11
5.5631959448818895
21
-4.1294488582677165
0
LINE
8
BLACK
6
CONTINUOUS
10
5.5631959448818895
20
-4.1294488582677165
11
5.5632897637795278
21
-4.129563149606299
0
LINE
8
BLACK
6
CONTINUOUS
10
5.5632897637795278
20
-4.129563149606299
11
5.56343342519685
21
-4.1299099999999997
0
LINE
8
BLACK
6
CONTINUOUS
10
5.56343342519685
20
-4.1299099999999997
11
5.5653504330708659
21
-4.1336326377952757
0
LINE
8
BLACK
6
CONTINUOUS
10
5.5653504330708659
20
-4.1336326377952757
11
5.5655573228346453
21
-4.134173228346457
0
LINE
8
BLACK
6
CONTINUOUS
10
5.5655573228346453
20
-4.134173228346457
11
5.5655648425196853
21
-4.1342790944881891
0
LINE
8
BLACK
6
CONTINUOUS
10
5.5655648425196853
20
-4.1342790944881891
11
5.565605433070866
21
-4.1343770866141734
0
LINE
8
BLACK
6
CONTINUOUS
10
5.565605433070866
20
-4.1343770866141734
11
5.5656083464566928
21
-4.1348916141732284
0
LINE
8
BLACK
6
CONTINUOUS
10
5.5656083464566928
20
-4.1348916141732284
11
5.5656389763779526
21
-4.1353224409448819
0
LINE
8
BLACK
6
CONTINUOUS
10
5.5656389763779526
20
-4.1353224409448819
11
5.5656112598425196
21
-4.1354054724409446
0
LINE
8
BLACK
6
CONTINUOUS
10
5.5656112598425196
20
-4.1354054724409446
11
5.5656621653543308
21
-4.144326968503937
0
LINE
8
BLACK
6
CONTINUOUS
10
5.5656621653543308
20
-4.144326968503937
11
5.5656334251968502
21
-4.1446185433070868
0
LINE
8
BLACK
6
CONTINUOUS
10
5.5656334251968502
20
-4.1446185433070868
11
5.5656389763779526
21
-4.1446962992125984
0
LINE
8
BLACK
6
CONTINUOUS
10
5.5656389763779526
20
-4.1446962992125984
11
5.56562
21
-4.144754842519685
0
LINE
8
BLACK
6
CONTINUOUS
10
5.56562
20
-4.144754842519685
11
5.565605433070866
21
-4.1449030314960629
0
LINE
8
BLACK
6
CONTINUOUS
10
5.565605433070866
20
-4.1449030314960629
11
5.565452755905512
21
-4.1452715354330705
0
LINE
8
BLACK
6
CONTINUOUS
10
5.565452755905512
20
-4.1452715354330705
11
5.5636358661417322
21
-4.1508849999999997
0
LINE
8
BLACK
6
CONTINUOUS
10
5.5636358661417322
20
-4.1508849999999997
11
5.5633998818897634
21
-4.151413582677165
0
LINE
8
BLACK
6
CONTINUOUS
10
5.5633998818897634
20
-4.151413582677165
11
5.5626449999999998
21
-4.1522839370078737
0
LINE
8
BLACK
6
CONTINUOUS
10
5.5626449999999998
20
-4.1522839370078737
11
5.5616145669291335
21
-4.1527991338582675
0
LINE
8
BLACK
6
CONTINUOUS
10
5.5616145669291335
20
-4.1527991338582675
11
5.5604653543307085
21
-4.1528808267716535
0
LINE
8
BLACK
6
CONTINUOUS
10
5.5604653543307085
20
-4.1528808267716535
11
5.5593723228346459
21
-4.1525164960629919
0
LINE
8
BLACK
6
CONTINUOUS
10
5.5593723228346459
20
-4.1525164960629919
11
5.5585019685039372
21
-4.1517616141732283
0
LINE
8
BLACK
6
CONTINUOUS
10
5.5585019685039372
20
-4.1517616141732283
11
5.5579867716535434
21
-4.1507311811023619
0
LINE
8
BLACK
6
CONTINUOUS
10
5.5579867716535434
20
-4.1507311811023619
11
5.5579050787401574
21
-4.149581968503937
0
LINE
8
BLACK
6
CONTINUOUS
10
5.5579050787401574
20
-4.149581968503937
11
5.5598065354330704
21
-4.1437071653543303
0
LINE
8
BLACK
6
CONTINUOUS
10
5.5598065354330704
20
-4.1437071653543303
11
5.5597601181102361
21
-4.1355661811023623
0
LINE
8
BLACK
6
CONTINUOUS
10
5.5597601181102361
20
-4.1355661811023623
11
5.5583662992125982
21
-4.1328594881889762
0
LINE
8
BLACK
6
CONTINUOUS
10
5.5583662992125982
20
-4.1328594881889762
11
5.5571329133858267
21
-4.1316687401574805
0
LINE
8
BLACK
6
CONTINUOUS
10
5.5571329133858267
20
-4.1316687401574805
11
5.5544514173228343
21
-4.1303675984251971
0
LINE
8
BLACK
6
CONTINUOUS
10
5.5544514173228343
20
-4.1303675984251971
11
5.5520828740157482
21
-4.1303986614173231
0
LINE
8
BLACK
6
CONTINUOUS
10
5.5520828740157482
20
-4.1303986614173231
11
5.5493670866141729
21
-4.1317971653543308
0
LINE
8
BLACK
6
CONTINUOUS
10
5.5493670866141729
20
-4.1317971653543308
11
5.548176377952756
21
-4.1330305118110235
0
LINE
8
BLACK
6
CONTINUOUS
10
5.548176377952756
20
-4.1330305118110235
11
5.5466477952755904
21
-4.1361807874015746
0
LINE
8
BLACK
6
CONTINUOUS
10
5.5466477952755904
20
-4.1361807874015746
11
5.5449515748031493
21
-4.1431683464566929
0
LINE
8
BLACK
6
CONTINUOUS
10
5.5449515748031493
20
-4.1431683464566929
11
5.5449363779527561
21
-4.1432108267716536
0
LINE
8
BLACK
6
CONTINUOUS
10
5.5449363779527561
20
-4.1432108267716536
11
5.5449348818897635
21
-4.1432321259842517
0
LINE
8
BLACK
6
CONTINUOUS
10
5.5449348818897635
20
-4.1432321259842517
11
5.544911732283464
21
-4.1432797637795273
0
LINE
8
BLACK
6
CONTINUOUS
10
5.544911732283464
20
-4.1432797637795273
11
5.5447568110236221
21
-4.1437134645669289
0
LINE
8
BLACK
6
CONTINUOUS
10
5.5447568110236221
20
-4.1437134645669289
11
5.5445960629921256
21
-4.1439303937007876
0
LINE
8
BLACK
6
CONTINUOUS
10
5.5445960629921256
20
-4.1439303937007876
11
5.5428532283464564
21
-4.1475222440944881
0
LINE
8
BLACK
6
CONTINUOUS
10
5.5428532283464564
20
-4.1475222440944881
11
5.5426971259842519
21
-4.147770236220472
0
LINE
8
BLACK
6
CONTINUOUS
10
5.5426971259842519
20
-4.147770236220472
11
5.5426673228346459
21
-4.1478422047244097
0
LINE
8
BLACK
6
CONTINUOUS
10
5.5426673228346459
20
-4.1478422047244097
11
5.54262279527559
21
-4.1478882677165352
0
LINE
8
BLACK
6
CONTINUOUS
10
5.54262279527559
20
-4.1478882677165352
11
5.5425448818897634
21
-4.148012125984252
0
LINE
8
BLACK
6
CONTINUOUS
10
5.5425448818897634
20
-4.148012125984252
11
5.5422891732283466
21
-4.1482338582677167
0
LINE
8
BLACK
6
CONTINUOUS
10
5.5422891732283466
20
-4.1482338582677167
11
5.5404253543307087
21
-4.150164409448819
0
LINE
8
BLACK
6
CONTINUOUS
10
5.5404253543307087
20
-4.150164409448819
11
5.5401989763779529
21
-4.1503501574803146
0
LINE
8
BLACK
6
CONTINUOUS
10
5.5401989763779529
20
-4.1503501574803146
11
5.5401478346456692
21
-4.1504091732283461
0
LINE
8
BLACK
6
CONTINUOUS
10
5.5401478346456692
20
-4.1504091732283461
11
5.5400921653543307
21
-4.1504377952755904
0
LINE
8
BLACK
6
CONTINUOUS
10
5.5400921653543307
20
-4.1504377952755904
11
5.5399779133858269
21
-4.1505316141732287
0
LINE
8
BLACK
6
CONTINUOUS
10
5.5399779133858269
20
-4.1505316141732287
11
5.5396311023622049
21
-4.1506752362204722
0
LINE
8
BLACK
6
CONTINUOUS
10
5.5396311023622049
20
-4.1506752362204722
11
5.5359084251968502
21
-4.1525922834645668
0
LINE
8
BLACK
6
CONTINUOUS
10
5.5359084251968502
20
-4.1525922834645668
11
5.5353677952755902
21
-4.1527991732283462
0
LINE
8
BLACK
6
CONTINUOUS
10
5.5353677952755902
20
-4.1527991732283462
11
5.5352619685039368
21
-4.1528066535433066
0
LINE
8
BLACK
6
CONTINUOUS
10
5.5352619685039368
20
-4.1528066535433066
11
5.5351639763779525
21
-4.1528472834645669
0
LINE
8
BLACK
6
CONTINUOUS
10
5.5351639763779525
20
-4.1528472834645669
11
5.5345835039370082
21
-4.1528548818897635
0
LINE
8
BLACK
6
CONTINUOUS
10
5.5345835039370082
20
-4.1528548818897635
11
5.5342185826771653
21
-4.1528808267716535
0
LINE
8
BLACK
6
CONTINUOUS
10
5.5342185826771653
20
-4.1528808267716535
11
5.5341575196850394
21
-4.1528604724409446
0
LINE
8
BLACK
6
CONTINUOUS
10
5.5341575196850394
20
-4.1528604724409446
11
5.5308383858267716
21
-4.1529040157480317
0
LINE
8
BLACK
6
CONTINUOUS
10
5.5308383858267716
20
-4.1529040157480317
11
5.5302623228346457
21
-4.1528472834645669
0
LINE
8
BLACK
6
CONTINUOUS
10
5.5302623228346457
20
-4.1528472834645669
11
5.5301643307086614
21
-4.1528066929133853
0
LINE
8
BLACK
6
CONTINUOUS
10
5.5301643307086614
20
-4.1528066929133853
11
5.5300584645669293
21
-4.1527991732283462
0
LINE
8
BLACK
6
CONTINUOUS
10
5.5300584645669293
20
-4.1527991732283462
11
5.5295466929133861
21
-4.1525508267716535
0
LINE
8
BLACK
6
CONTINUOUS
10
5.5295466929133861
20
-4.1525508267716535
11
5.5291979133858264
21
-4.1524063779527562
0
LINE
8
BLACK
6
CONTINUOUS
10
5.5291979133858264
20
-4.1524063779527562
11
5.5291498031496058
21
-4.1523582677165356
0
LINE
8
BLACK
6
CONTINUOUS
10
5.5291498031496058
20
-4.1523582677165356
11
5.5257683464566929
21
-4.1507175196850392
0
LINE
8
BLACK
6
CONTINUOUS
10
5.5257683464566929
20
-4.1507175196850392
11
5.5255203149606302
21
-4.1505614173228347
0
LINE
8
BLACK
6
CONTINUOUS
10
5.5255203149606302
20
-4.1505614173228347
11
5.5254483858267713
21
-4.1505316141732287
0
LINE
8
BLACK
6
CONTINUOUS
10
5.5254483858267713
20
-4.1505316141732287
11
5.5254022834645671
21
-4.1504870866141728
0
LINE
8
BLACK
6
CONTINUOUS
10
5.5254022834645671
20
-4.1504870866141728
11
5.5252784645669291
21
-4.1504091732283461
0
LINE
8
BLACK
6
CONTINUOUS
10
5.5252784645669291
20
-4.1504091732283461
11
5.5250566929133855
21
-4.1501534645669294
0
LINE
8
BLACK
6
CONTINUOUS
10
5.5250566929133855
20
-4.1501534645669294
11
5.523126181102362
21
-4.1482896456692915
0
LINE
8
BLACK
6
CONTINUOUS
10
5.523126181102362
20
-4.1482896456692915
11
5.5229403937007877
21
-4.1480632677165357
0
LINE
8
BLACK
6
CONTINUOUS
10
5.5229403937007877
20
-4.1480632677165357
11
5.5228814173228349
21
-4.148012125984252
0
LINE
8
BLACK
6
CONTINUOUS
10
5.5228814173228349
20
-4.148012125984252
11
5.5228527559055118
21
-4.1479564566929135
0
LINE
8
BLACK
6
CONTINUOUS
10
5.5228527559055118
20
-4.1479564566929135
11
5.5227589763779523
21
-4.1478422047244097
0
LINE
8
BLACK
6
CONTINUOUS
10
5.5227589763779523
20
-4.1478422047244097
11
5.5226153149606301
21
-4.1474953937007877
0
LINE
8
BLACK
6
CONTINUOUS
10
5.5226153149606301
20
-4.1474953937007877
11
5.5206983070866142
21
-4.143772716535433
0
LINE
8
BLACK
6
CONTINUOUS
10
5.5206983070866142
20
-4.143772716535433
11
5.5204914173228348
21
-4.143232086614173
0
LINE
8
BLACK
6
CONTINUOUS
10
5.5204914173228348
20
-4.143232086614173
11
5.5204838976377948
21
-4.1431262598425196
0
LINE
8
BLACK
6
CONTINUOUS
10
5.5204838976377948
20
-4.1431262598425196
11
5.5204433070866141
21
-4.1430282677165353
0
LINE
8
BLACK
6
CONTINUOUS
10
5.5204433070866141
20
-4.1430282677165353
11
5.5204403543307086
21
-4.1425136614173228
0
LINE
8
BLACK
6
CONTINUOUS
10
5.5204403543307086
20
-4.1425136614173228
11
5.5204097637795275
21
-4.142082874015748
0
LINE
8
BLACK
6
CONTINUOUS
10
5.5204097637795275
20
-4.142082874015748
11
5.5204374409448818
21
-4.1419998031496066
0
LINE
8
BLACK
6
CONTINUOUS
10
5.5204374409448818
20
-4.1419998031496066
11
5.5203865748031493
21
-4.1330783858267717
0
LINE
8
BLACK
6
CONTINUOUS
10
5.5203865748031493
20
-4.1330783858267717
11
5.5204152755905511
21
-4.1327868110236219
0
LINE
8
BLACK
6
CONTINUOUS
10
5.5204152755905511
20
-4.1327868110236219
11
5.5204097637795275
21
-4.132709094488189
0
LINE
8
BLACK
6
CONTINUOUS
10
5.5204097637795275
20
-4.132709094488189
11
5.5204287007874013
21
-4.1326505511811025
0
LINE
8
BLACK
6
CONTINUOUS
10
5.5204287007874013
20
-4.1326505511811025
11
5.5204433070866141
21
-4.1325023228346458
0
LINE
8
BLACK
6
CONTINUOUS
10
5.5204433070866141
20
-4.1325023228346458
11
5.5205959842519681
21
-4.1321336614173223
0
LINE
8
BLACK
6
CONTINUOUS
10
5.5205959842519681
20
-4.1321336614173223
11
5.5224128740157479
21
-4.126520354330709
0
LINE
8
BLACK
6
CONTINUOUS
10
5.5224128740157479
20
-4.126520354330709
11
5.5226488582677167
21
-4.1259918110236216
0
LINE
8
BLACK
6
CONTINUOUS
10
5.5226488582677167
20
-4.1259918110236216
11
5.5234037401574803
21
-4.1251214566929129
0
LINE
8
BLACK
6
CONTINUOUS
10
5.5234037401574803
20
-4.1251214566929129
11
5.5244341732283466
21
-4.1246062204724412
0
LINE
8
BLACK
6
CONTINUOUS
10
5.5244341732283466
20
-4.1246062204724412
11
5.5255833858267716
21
-4.1245245275590552
0
LINE
8
BLACK
6
CONTINUOUS
10
5.5255833858267716
20
-4.1245245275590552
11
5.5266763779527555
21
-4.1248888582677168
0
LINE
8
BLACK
6
CONTINUOUS
10
5.5266763779527555
20
-4.1248888582677168
11
5.5275467716535429
21
-4.1256437401574804
0
LINE
8
BLACK
6
CONTINUOUS
10
5.5275467716535429
20
-4.1256437401574804
11
5.5280619685039367
21
-4.1266742125984255
0
LINE
8
BLACK
6
CONTINUOUS
10
5.5280619685039367
20
-4.1266742125984255
11
5.5281436614173227
21
-4.1278234251968504
0
LINE
8
BLACK
6
CONTINUOUS
10
5.5281436614173227
20
-4.1278234251968504
11
5.526242165354331
21
-4.1336981496062988
0
LINE
8
BLACK
6
CONTINUOUS
10
5.526242165354331
20
-4.1336981496062988
11
5.5262885826771653
21
-4.1418391338582676
0
LINE
8
BLACK
6
CONTINUOUS
10
5.5262885826771653
20
-4.1418391338582676
11
5.5276824015748032
21
-4.1445458661417325
0
LINE
8
BLACK
6
CONTINUOUS
10
5.5276824015748032
20
-4.1445458661417325
11
5.5289157874015746
21
-4.1457366141732281
0
LINE
8
BLACK
6
CONTINUOUS
10
5.5289157874015746
20
-4.1457366141732281
11
5.5315972440944883
21
-4.1470377165354328
0
LINE
8
BLACK
6
CONTINUOUS
10
5.5315972440944883
20
-4.1470377165354328
11
5.5339657874015744
21
-4.1470066535433068
0
LINE
8
BLACK
6
CONTINUOUS
10
5.5339657874015744
20
-4.1470066535433068
11
5.5366815748031497
21
-4.1456081496062991
0
LINE
8
BLACK
6
CONTINUOUS
10
5.5366815748031497
20
-4.1456081496062991
11
5.5378723228346454
21
-4.1443747637795276
0
LINE
8
BLACK
6
CONTINUOUS
10
5.5378723228346454
20
-4.1443747637795276
11
5.5394008661417322
21
-4.1412245275590553
0
LINE
8
BLACK
6
CONTINUOUS
10
5.5394008661417322
20
-4.1412245275590553
11
5.5410971259842521
21
-4.1342370078740158
0
LINE
8
BLACK
6
CONTINUOUS
10
5.5410971259842521
20
-4.1342370078740158
11
5.5411122834645665
21
-4.1341944881889763
0
LINE
8
BLACK
6
CONTINUOUS
10
5.5411122834645665
20
-4.1341944881889763
11
5.5411138188976379
21
-4.1341732677165357
0
LINE
8
BLACK
6
CONTINUOUS
10
5.5411138188976379
20
-4.1341732677165357
11
5.5411368503937011
21
-4.1341257086614176
0
LINE
8
BLACK
6
CONTINUOUS
10
5.5411368503937011
20
-4.1341257086614176
11
5.5412918897637793
21
-4.1336918897637798
0
LINE
8
BLACK
6
CONTINUOUS
10
5.5412918897637793
20
-4.1336918897637798
11
5.5414526771653545
21
-4.1334748818897635
0
LINE
8
BLACK
6
CONTINUOUS
10
5.5414526771653545
20
-4.1334748818897635
11
5.5431954724409449
21
-4.1298831102362206
0
LINE
8
BLACK
6
CONTINUOUS
10
5.5431954724409449
20
-4.1298831102362206
11
5.5433515354330707
21
-4.129635078740157
0
LINE
8
BLACK
6
CONTINUOUS
10
5.5433515354330707
20
-4.129635078740157
11
5.5433813779527554
21
-4.129563149606299
0
LINE
8
BLACK
6
CONTINUOUS
10
5.5433813779527554
20
-4.129563149606299
11
5.5434258661417317
21
-4.1295170472440947
0
LINE
8
BLACK
6
CONTINUOUS
10
5.5434258661417317
20
-4.1295170472440947
11
5.543503818897638
21
-4.1293932283464567
0
LINE
8
BLACK
6
CONTINUOUS
10
5.543503818897638
20
-4.1293932283464567
11
5.543759488188976
21
-4.1291714566929132
0
LINE
8
BLACK
6
CONTINUOUS
10
5.543759488188976
20
-4.1291714566929132
11
5.5456233464566926
21
-4.1272409448818896
0
LINE
8
BLACK
6
CONTINUOUS
10
5.5456233464566926
20
-4.1272409448818896
11
5.5458496850393697
21
-4.1270551574803145
0
LINE
8
BLACK
6
CONTINUOUS
10
5.5458496850393697
20
-4.1270551574803145
11
5.5459008661417322
21
-4.1269961811023625
0
LINE
8
BLACK
6
CONTINUOUS
10
5.5459008661417322
20
-4.1269961811023625
11
5.5459564960629919
21
-4.1269675196850395
0
LINE
8
BLACK
6
CONTINUOUS
10
5.5459564960629919
20
-4.1269675196850395
11
5.5460707874015744
21
-4.12687374015748
0
LINE
8
BLACK
6
CONTINUOUS
10
5.5460707874015744
20
-4.12687374015748
11
5.5464176377952752
21
-4.126730039370079
0
LINE
8
BLACK
6
CONTINUOUS
10
5.5464176377952752
20
-4.126730039370079
11
5.5501402755905511
21
-4.1248130708661419
0
LINE
8
BLACK
6
CONTINUOUS
10
5.5501402755905511
20
-4.1248130708661419
11
5.5506808661417324
21
-4.1246061811023624
0
LINE
8
BLACK
6
CONTINUOUS
10
5.5506808661417324
20
-4.1246061811023624
11
5.5507867322834645
21
-4.1245986220472437
0
LINE
8
BLACK
6
CONTINUOUS
10
5.5507867322834645
20
-4.1245986220472437
11
5.5508847244094488
21
-4.1245580708661418
0
LINE
8
BLACK
6
CONTINUOUS
10
5.5508847244094488
20
-4.1245580708661418
11
5.5514650787401569
21
-4.1245504330708664
0
LINE
8
BLACK
6
CONTINUOUS
10
5.5514650787401569
20
-4.1245504330708664
11
5.5518300787401573
21
-4.1245245275590552
0
LINE
8
BLACK
6
CONTINUOUS
10
5.5518300787401573
20
-4.1245245275590552
11
5.5518911023622044
21
-4.1245448425196853
0
LINE
8
BLACK
6
CONTINUOUS
10
5.5518911023622044
20
-4.1245448425196853
11
5.5552103149606298
21
-4.124501338582677
0
LINE
8
BLACK
6
CONTINUOUS
10
5.5552103149606298
20
-4.124501338582677
11
5.5557863779527557
21
-4.1245580708661418
0
LINE
8
BLACK
6
CONTINUOUS
10
5.5557863779527557
20
-4.0889375196850395
11
5.5558843700787399
21
-4.0889781102362202
0
LINE
8
BLACK
6
CONTINUOUS
10
5.5558843700787399
20
-4.0889781102362202
11
5.5559901968503933
21
-4.0889856299212601
0
LINE
8
BLACK
6
CONTINUOUS
10
5.5559901968503933
20
-4.0889856299212601
11
5.556501732283464
21
-4.0892338188976378
0
LINE
8
BLACK
6
CONTINUOUS
10
5.556501732283464
20
-4.0892338188976378
11
5.5568507874015749
21
-4.0893784251968501
0
LINE
8
BLACK
6
CONTINUOUS
10
5.5568507874015749
20
-4.0893784251968501
11
5.5568988976377955
21
-4.0894265354330708
0
LINE
8
BLACK
6
CONTINUOUS
10
5.5568988976377955
20
-4.0894265354330708
11
5.5602803543307084
21
-4.0910672834645672
0
LINE
8
BLACK
6
CONTINUOUS
10
5.5602803543307084
20
-4.0910672834645672
11
5.560528228346457
21
-4.0912233070866142
0
LINE
8
BLACK
6
CONTINUOUS
10
5.560528228346457
20
-4.0912233070866142
11
5.5606002755905513
21
-4.0912531496062989
0
LINE
8
BLACK
6
CONTINUOUS
10
5.5606002755905513
20
-4.0912531496062989
11
5.5606463779527555
21
-4.091297677165354
0
LINE
8
BLACK
6
CONTINUOUS
10
5.5606463779527555
20
-4.091297677165354
11
5.5607702362204723
21
-4.0913756299212594
0
LINE
8
BLACK
6
CONTINUOUS
10
5.5607702362204723
20
-4.0913756299212594
11
5.5609919291338583
21
-4.0916312598425195
0
LINE
8
BLACK
6
CONTINUOUS
10
5.5609919291338583
20
-4.0916312598425195
11
5.5629225196850394
21
-4.0934951181102361
0
LINE
8
BLACK
6
CONTINUOUS
10
5.5629225196850394
20
-4.0934951181102361
11
5.5631082677165349
21
-4.0937214566929132
0
LINE
8
BLACK
6
CONTINUOUS
10
5.5631082677165349
20
-4.0937214566929132
11
5.5631673228346452
21
-4.0937726771653544
0
LINE
8
BLACK
6
CONTINUOUS
10
5.5631673228346452
20
-4.0937726771653544
11
5.5631959448818895
21
-4.0938283070866142
0
LINE
8
BLACK
6
CONTINUOUS
10
5.5631959448818895
20
-4.0938283070866142
11
5.5632897637795278
21
-4.0939425984251967
0
LINE
8
BLACK
6
CONTINUOUS
10
5.5632897637795278
20
-4.0939425984251967
11
5.56343342519685
21
-4.0942894488188974
0
LINE
8
BLACK
6
CONTINUOUS
10
5.56343342519685
20
-4.0942894488188974
11
5.5653504330708659
21
-4.0980120866141734
0
LINE
8
BLACK
6
CONTINUOUS
10
5.5653504330708659
20
-4.0980120866141734
11
5.5655573228346453
21
-4.0985526771653547
0
LINE
8
BLACK
6
CONTINUOUS
10
5.5655573228346453
20
-4.0985526771653547
11
5.5655648425196853
21
-4.0986585433070868
0
LINE
8
BLACK
6
CONTINUOUS
10
5.5655648425196853
20
-4.0986585433070868
11
5.565605433070866
21
-4.0987565354330711
0
LINE
8
BLACK
6
CONTINUOUS
10
5.565605433070866
20
-4.0987565354330711
11
5.565610393700787
21
-4.0992997244094491
0
LINE
8
BLACK
6
CONTINUOUS
10
5.565610393700787
20
-4.0992997244094491
11
5.5656389763779526
21
-4.0997018897637796
0
LINE
8
BLACK
6
CONTINUOUS
10
5.5656389763779526
20
-4.0997018897637796
11
5.5656147244094489
21
-4.0997745669291339
0
LINE
8
BLACK
6
CONTINUOUS
10
5.5656147244094489
20
-4.0997745669291339
11
5.5656621653543308
21
-4.1049568897637796
0
LINE
8
BLACK
6
CONTINUOUS
10
5.5656621653543308
20
-4.1049568897637796
11
5.565605433070866
21
-4.1055329527559055
0
LINE
8
BLACK
6
CONTINUOUS
10
5.565605433070866
20
-4.1055329527559055
11
5.5655648425196853
21
-4.105630905511811
0
LINE
8
BLACK
6
CONTINUOUS
10
5.5655648425196853
20
-4.105630905511811
11
5.5655573228346453
21
-4.1057368110236219
0
LINE
8
BLACK
6
CONTINUOUS
10
5.5655573228346453
20
-4.1057368110236219
11
5.5653089763779526
21
-4.1062485433070863
0
LINE
8
BLACK
6
CONTINUOUS
10
5.5653089763779526
20
-4.1062485433070863
11
5.5651645275590553
21
-4.1065973622047247
0
LINE
8
BLACK
6
CONTINUOUS
10
5.5651645275590553
20
-4.1065973622047247
11
5.5651164173228347
21
-4.1066454330708657
0
LINE
8
BLACK
6
CONTINUOUS
10
5.5651164173228347
20
-4.1066454330708657
11
5.5634756692913383
21
-4.1100269291338583
0
LINE
8
BLACK
6
CONTINUOUS
10
5.5634756692913383
20
-4.1100269291338583
11
5.5633195669291338
21
-4.1102749212598422
0
LINE
8
BLACK
6
CONTINUOUS
10
5.5633195669291338
20
-4.1102749212598422
11
5.5632897637795278
21
-4.1103468897637798
0
LINE
8
BLACK
6
CONTINUOUS
10
5.5632897637795278
20
-4.1103468897637798
11
5.5632452362204727
21
-4.1103929527559053
0
LINE
8
BLACK
6
CONTINUOUS
10
5.5632452362204727
20
-4.1103929527559053
11
5.5631673228346452
21
-4.1105168110236221
0
LINE
8
BLACK
6
CONTINUOUS
10
5.5631673228346452
20
-4.1105168110236221
11
5.5629115354330709
21
-4.1107385826771656
0
LINE
8
BLACK
6
CONTINUOUS
10
5.5629115354330709
20
-4.1107385826771656
11
5.5610477165354331
21
-4.1126691338582679
0
LINE
8
BLACK
6
CONTINUOUS
10
5.5610477165354331
20
-4.1126691338582679
11
5.560821377952756
21
-4.1128548425196847
0
LINE
8
BLACK
6
CONTINUOUS
10
5.560821377952756
20
-4.1128548425196847
11
5.5607702362204723
21
-4.1129138582677163
0
LINE
8
BLACK
6
CONTINUOUS
10
5.5607702362204723
20
-4.1129138582677163
11
5.5607146062992125
21
-4.1129424803149606
0
LINE
8
BLACK
6
CONTINUOUS
10
5.5607146062992125
20
-4.1129424803149606
11
5.5606002755905513
21
-4.1130363385826767
0
LINE
8
BLACK
6
CONTINUOUS
10
5.5606002755905513
20
-4.1130363385826767
11
5.560253346456693
21
-4.1131799999999998
0
LINE
8
BLACK
6
CONTINUOUS
10
5.560253346456693
20
-4.1131799999999998
11
5.5565308267716533
21
-4.1150969685039369
0
LINE
8
BLACK
6
CONTINUOUS
10
5.5565308267716533
20
-4.1150969685039369
11
5.5559901968503933
21
-4.1153038582677164
0
LINE
8
BLACK
6
CONTINUOUS
10
5.5559901968503933
20
-4.1153038582677164
11
5.5558843700787399
21
-4.1153113385826767
0
LINE
8
BLACK
6
CONTINUOUS
10
5.5558843700787399
20
-4.1153113385826767
11
5.5557863779527557
21
-4.115351968503937
0
LINE
8
BLACK
6
CONTINUOUS
10
5.5557863779527557
20
-4.115351968503937
11
5.5552787795275593
21
-4.1153543700787401
0
LINE
8
BLACK
6
CONTINUOUS
10
5.5552787795275593
20
-4.1153543700787401
11
5.5548409842519684
21
-4.1153855118110236
0
LINE
8
BLACK
6
CONTINUOUS
10
5.5548409842519684
20
-4.1153855118110236
11
5.5547551968503939
21
-4.1153568897637793
0
LINE
8
BLACK
6
CONTINUOUS
10
5.5547551968503939
20
-4.1153568897637793
11
5.5439617322834644
21
-4.1154087007874018
0
LINE
8
BLACK
6
CONTINUOUS
10
5.5439617322834644
20
-4.1154087007874018
11
5.5433856692913386
21
-4.115351968503937
0
LINE
8
BLACK
6
CONTINUOUS
10
5.5433856692913386
20
-4.115351968503937
11
5.5432876771653543
21
-4.1153113779527555
0
LINE
8
BLACK
6
CONTINUOUS
10
5.5432876771653543
20
-4.1153113779527555
11
5.5431818110236222
21
-4.1153038582677164
0
LINE
8
BLACK
6
CONTINUOUS
10
5.5431818110236222
20
-4.1153038582677164
11
5.542670039370079
21
-4.1150555118110237
0
LINE
8
BLACK
6
CONTINUOUS
10
5.542670039370079
20
-4.1150555118110237
11
5.5423212598425193
21
-4.1149110629921255
0
LINE
8
BLACK
6
CONTINUOUS
10
5.5423212598425193
20
-4.1149110629921255
11
5.5422731496062987
21
-4.1148629527559057
0
LINE
8
BLACK
6
CONTINUOUS
10
5.5422731496062987
20
-4.1148629527559057
11
5.5388916929133858
21
-4.1132222047244094
0
LINE
8
BLACK
6
CONTINUOUS
10
5.5388916929133858
20
-4.1132222047244094
11
5.5386436614173231
21
-4.1130661023622048
0
LINE
8
BLACK
6
CONTINUOUS
10
5.5386436614173231
20
-4.1130661023622048
11
5.5385717322834642
21
-4.1130362992125979
0
LINE
8
BLACK
6
CONTINUOUS
10
5.5385717322834642
20
-4.1130362992125979
11
5.53852562992126
21
-4.1129917716535429
0
LINE
8
BLACK
6
CONTINUOUS
10
5.53852562992126
20
-4.1129917716535429
11
5.5384018110236219
21
-4.1129138582677163
0
LINE
8
BLACK
6
CONTINUOUS
10
5.5384018110236219
20
-4.1129138582677163
11
5.5381800393700784
21
-4.1126581496062995
0
LINE
8
BLACK
6
CONTINUOUS
10
5.5381800393700784
20
-4.1126581496062995
11
5.5362495275590549
21
-4.1107943307086616
0
LINE
8
BLACK
6
CONTINUOUS
10
5.5362495275590549
20
-4.1107943307086616
11
5.5360637401574806
21
-4.1105679527559058
0
LINE
8
BLACK
6
CONTINUOUS
10
5.5360637401574806
20
-4.1105679527559058
11
5.5360047637795278
21
-4.1105168110236221
0
LINE
8
BLACK
6
CONTINUOUS
10
5.5360047637795278
20
-4.1105168110236221
11
5.5359761023622047
21
-4.1104611417322836
0
LINE
8
BLACK
6
CONTINUOUS
10
5.5359761023622047
20
-4.1104611417322836
11
5.5358823228346452
21
-4.1103468897637798
0
LINE
8
BLACK
6
CONTINUOUS
10
5.5358823228346452
20
-4.1103468897637798
11
5.535738661417323
21
-4.1100000787401578
0
LINE
8
BLACK
6
CONTINUOUS
10
5.535738661417323
20
-4.1100000787401578
11
5.5338216535433071
21
-4.1062774015748031
0
LINE
8
BLACK
6
CONTINUOUS
10
5.5338216535433071
20
-4.1062774015748031
11
5.5336147637795277
21
-4.1057367716535431
0
LINE
8
BLACK
6
CONTINUOUS
10
5.5336147637795277
20
-4.1057367716535431
11
5.5336072440944877
21
-4.1056309448818897
0
LINE
8
BLACK
6
CONTINUOUS
10
5.5336072440944877
20
-4.1056309448818897
11
5.533566653543307
21
-4.1055329527559055
0
LINE
8
BLACK
6
CONTINUOUS
10
5.533566653543307
20
-4.1055329527559055
11
5.5335616535433072
21
-4.1049896850393699
0
LINE
8
BLACK
6
CONTINUOUS
10
5.5335616535433072
20
-4.1049896850393699
11
5.5335331102362204
21
-4.1045875590551182
0
LINE
8
BLACK
6
CONTINUOUS
10
5.5335331102362204
20
-4.1045875590551182
11
5.5335573228346453
21
-4.1045148425196851
0
LINE
8
BLACK
6
CONTINUOUS
10
5.5335573228346453
20
-4.1045148425196851
11
5.5335099212598422
21
-4.0993325984251969
0
LINE
8
BLACK
6
CONTINUOUS
10
5.5335099212598422
20
-4.0993325984251969
11
5.533566653543307
21
-4.0987565354330711
0
LINE
8
BLACK
6
CONTINUOUS
10
5.533566653543307
20
-4.0987565354330711
11
5.5336072440944877
21
-4.098658503937008
0
LINE
8
BLACK
6
CONTINUOUS
10
5.5336072440944877
20
-4.098658503937008
11
5.5336147637795277
21
-4.0985527165354334
0
LINE
8
BLACK
6
CONTINUOUS
10
5.5336147637795277
20
-4.0985527165354334
11
5.5338629527559053
21
-4.0980411417322831
0
LINE
8
BLACK
6
CONTINUOUS
10
5.5338629527559053
20
-4.0980411417322831
11
5.5340075590551177
21
-4.0976921259842518
0
LINE
8
BLACK
6
CONTINUOUS
10
5.5340075590551177
20
-4.0976921259842518
11
5.5340556692913383
21
-4.0976439763779524
0
LINE
8
BLACK
6
CONTINUOUS
10
5.5340556692913383
20
-4.0976439763779524
11
5.5356964173228347
21
-4.0942625590551183
0
LINE
8
BLACK
6
CONTINUOUS
10
5.5356964173228347
20
-4.0942625590551183
11
5.5358524803149605
21
-4.0940145275590547
0
LINE
8
BLACK
6
CONTINUOUS
10
5.5358524803149605
20
-4.0940145275590547
11
5.5358823228346452
21
-4.0939425984251967
0
LINE
8
BLACK
6
CONTINUOUS
10
5.5358823228346452
20
-4.0939425984251967
11
5.5359268110236215
21
-4.0938964960629924
0
LINE
8
BLACK
6
CONTINUOUS
10
5.5359268110236215
20
-4.0938964960629924
11
5.5360047637795278
21
-4.0937726771653544
0
LINE
8
BLACK
6
CONTINUOUS
10
5.5360047637795278
20
-4.0937726771653544
11
5.5362604330708658
21
-4.0935509055118109
0
LINE
8
BLACK
6
CONTINUOUS
10
5.5362604330708658
20
-4.0935509055118109
11
5.5381242913385824
21
-4.0916203937007873
0
LINE
8
BLACK
6
CONTINUOUS
10
5.5381242913385824
20
-4.0916203937007873
11
5.5383506299212595
21
-4.0914346062992122
0
LINE
8
BLACK
6
CONTINUOUS
10
5.5383506299212595
20
-4.0914346062992122
11
5.5384018110236219
21
-4.0913756299212594
0
LINE
8
BLACK
6
CONTINUOUS
10
5.5384018110236219
20
-4.0913756299212594
11
5.5384574409448817
21
-4.0913469685039372
0
LINE
8
BLACK
6
CONTINUOUS
10
5.5384574409448817
20
-4.0913469685039372
11
5.5385717322834642
21
-4.0912531889763777
0
LINE
8
BLACK
6
CONTINUOUS
10
5.5385717322834642
20
-4.0912531889763777
11
5.538918582677165
21
-4.0911094881889767
0
LINE
8
BLACK
6
CONTINUOUS
10
5.538918582677165
20
-4.0911094881889767
11
5.5426412204724409
21
-4.0891925196850396
0
LINE
8
BLACK
6
CONTINUOUS
10
5.5426412204724409
20
-4.0891925196850396
11
5.5431818110236222
21
-4.0889856299212601
0
LINE
8
BLACK
6
CONTINUOUS
10
5.5431818110236222
20
-4.0889856299212601
11
5.5432876771653543
21
-4.0889780708661414
0
LINE
8
BLACK
6
CONTINUOUS
10
5.5432876771653543
20
-4.0889780708661414
11
5.5433856692913386
21
-4.0889375196850395
0
LINE
8
BLACK
6
CONTINUOUS
10
5.5433856692913386
20
-4.0889375196850395
11
5.5438931889763774
21
-4.0889350787401577
0
LINE
8
BLACK
6
CONTINUOUS
10
5.5438931889763774
20
-4.0889350787401577
11
5.5443310236220471
21
-4.0889039763779529
0
LINE
8
BLACK
6
CONTINUOUS
10
5.5443310236220471
20
-4.0889039763779529
11
5.5444168110236216
21
-4.0889325590551184
0
LINE
8
BLACK
6
CONTINUOUS
10
5.5444168110236216
20
-4.0889325590551184
11
5.5552103149606298
21
-4.0888807874015747
0
LINE
8
BLACK
6
CONTINUOUS
10
5.5552103149606298
20
-4.0888807874015747
11
5.5557863779527557
21
-4.0889375196850395
0
LINE
8
BLACK
6
CONTINUOUS
10
5.5445736614173224
20
-4.0947833464566932
11
5.5418680314960627
21
-4.0961766141732285
0
LINE
8
BLACK
6
CONTINUOUS
10
5.5418680314960627
20
-4.0961766141732285
11
5.5406773228346458
21
-4.0974099606299212
0
LINE
8
BLACK
6
CONTINUOUS
10
5.5406773228346458
20
-4.0974099606299212
11
5.5393709842519687
21
-4.1001021653543308
0
LINE
8
BLACK
6
CONTINUOUS
10
5.5393709842519687
20
-4.1001021653543308
11
5.5394097637795277
21
-4.1043396456692909
0
LINE
8
BLACK
6
CONTINUOUS
10
5.5394097637795277
20
-4.1043396456692909
11
5.5408057480314961
21
-4.1070505511811026
0
LINE
8
BLACK
6
CONTINUOUS
10
5.5408057480314961
20
-4.1070505511811026
11
5.5420391338582675
21
-4.1082412992125983
0
LINE
8
BLACK
6
CONTINUOUS
10
5.5420391338582675
20
-4.1082412992125983
11
5.5447432677165356
21
-4.1095533858267714
0
LINE
8
BLACK
6
CONTINUOUS
10
5.5447432677165356
20
-4.1095533858267714
11
5.554598346456693
21
-4.1095061023622046
0
LINE
8
BLACK
6
CONTINUOUS
10
5.554598346456693
20
-4.1095061023622046
11
5.5573039763779528
21
-4.1081127952755905
0
LINE
8
BLACK
6
CONTINUOUS
10
5.5573039763779528
20
-4.1081127952755905
11
5.5584947637795272
21
-4.1068794488188978
0
LINE
8
BLACK
6
CONTINUOUS
10
5.5584947637795272
20
-4.1068794488188978
11
5.5598010629921255
21
-4.104187283464567
0
LINE
8
BLACK
6
CONTINUOUS
10
5.5598010629921255
20
-4.104187283464567
11
5.5597622834645666
21
-4.099949803149606
0
LINE
8
BLACK
6
CONTINUOUS
10
5.5597622834645666
20
-4.099949803149606
11
5.5583662992125982
21
-4.0972389370078739
0
LINE
8
BLACK
6
CONTINUOUS
10
5.5583662992125982
20
-4.0972389370078739
11
5.5571329133858267
21
-4.0960481889763782
0
LINE
8
BLACK
6
CONTINUOUS
10
5.5571329133858267
20
-4.0960481889763782
11
5.5544287401574799
21
-4.0947360629921254
0
LINE
8
BLACK
6
CONTINUOUS
10
5.5544287401574799
20
-4.0947360629921254
11
5.5445736614173224
21
-4.0947833464566932
0
LINE
8
BLACK
6
CONTINUOUS
10
5.200546102362205
20
-4.0339603543307083
11
5.2006440944881884
21
-4.0340009448818899
0
LINE
8
BLACK
6
CONTINUOUS
10
5.2006440944881884
20
-4.0340009448818899
11
5.2007499212598427
21
-4.034008464566929
0
LINE
8
BLACK
6
CONTINUOUS
10
5.2007499212598427
20
-4.034008464566929
11
5.2012614566929134
21
-4.0342566535433066
0
LINE
8
BLACK
6
CONTINUOUS
10
5.2012614566929134
20
-4.0342566535433066
11
5.2016105118110234
21
-4.0344012598425198
0
LINE
8
BLACK
6
CONTINUOUS
10
5.2016105118110234
20
-4.0344012598425198
11
5.2016586220472441
21
-4.0344493700787405
0
LINE
8
BLACK
6
CONTINUOUS
10
5.2016586220472441
20
-4.0344493700787405
11
5.2019092913385823
21
-4.0345710236220471
0
LINE
8
BLACK
6
CONTINUOUS
10
5.2019092913385823
20
-4.0345710236220471
11
5.2020790944881892
21
-4.0344012598425198
0
LINE
8
BLACK
6
CONTINUOUS
10
5.2020790944881892
20
-4.0344012598425198
11
5.2031435039370075
21
-4.0339603543307083
0
LINE
8
BLACK
6
CONTINUOUS
10
5.2031435039370075
20
-4.0339603543307083
11
5.2042956299212602
21
-4.0339603543307083
0
LINE
8
BLACK
6
CONTINUOUS
10
5.2042956299212602
20
-4.0339603543307083
11
5.2053600393700785
21
-4.0344012598425198
0
LINE
8
BLACK
6
CONTINUOUS
10
5.2053600393700785
20
-4.0344012598425198
11
5.20617468503937
21
-4.0352159055118113
0
LINE
8
BLACK
6
CONTINUOUS
10
5.20617468503937
20
-4.0352159055118113
11
5.2066155905511806
21
-4.0362803149606297
0
LINE
8
BLACK
6
CONTINUOUS
10
5.2066155905511806
20
-4.0362803149606297
11
5.20661905511811
21
-4.0382716141732287
0
LINE
8
BLACK
6
CONTINUOUS
10
5.20661905511811
20
-4.0382716141732287
11
5.2066491338582672
21
-4.0383618110236217
0
LINE
8
BLACK
6
CONTINUOUS
10
5.2066491338582672
20
-4.0383618110236217
11
5.2066199212598425
21
-4.0387725590551184
0
LINE
8
BLACK
6
CONTINUOUS
10
5.2066199212598425
20
-4.0387725590551184
11
5.2066723228346454
21
-4.0687274015748027
0
LINE
8
BLACK
6
CONTINUOUS
10
5.2066723228346454
20
-4.0687274015748027
11
5.2066155905511806
21
-4.0693034645669295
0
LINE
8
BLACK
6
CONTINUOUS
10
5.2066155905511806
20
-4.0693034645669295
11
5.206575
21
-4.0694014173228341
0
LINE
8
BLACK
6
CONTINUOUS
10
5.206575
20
-4.0694014173228341
11
5.2065674803149609
21
-4.0695073228346459
0
LINE
8
BLACK
6
CONTINUOUS
10
5.2065674803149609
20
-4.0695073228346459
11
5.2063191338582673
21
-4.0700190551181104
0
LINE
8
BLACK
6
CONTINUOUS
10
5.2063191338582673
20
-4.0700190551181104
11
5.20617468503937
21
-4.0703678740157478
0
LINE
8
BLACK
6
CONTINUOUS
10
5.20617468503937
20
-4.0703678740157478
11
5.2061265748031493
21
-4.0704159448818897
0
LINE
8
BLACK
6
CONTINUOUS
10
5.2061265748031493
20
-4.0704159448818897
11
5.2044858267716538
21
-4.0737974409448814
0
LINE
8
BLACK
6
CONTINUOUS
10
5.2044858267716538
20
-4.0737974409448814
11
5.2043297244094484
21
-4.0740454330708662
0
LINE
8
BLACK
6
CONTINUOUS
10
5.2043297244094484
20
-4.0740454330708662
11
5.2042999212598424
21
-4.074117401574803
0
LINE
8
BLACK
6
CONTINUOUS
10
5.2042999212598424
20
-4.074117401574803
11
5.2042553937007874
21
-4.0741634645669293
0
LINE
8
BLACK
6
CONTINUOUS
10
5.2042553937007874
20
-4.0741634645669293
11
5.2041774803149607
21
-4.0742873228346452
0
LINE
8
BLACK
6
CONTINUOUS
10
5.2041774803149607
20
-4.0742873228346452
11
5.2039217716535431
21
-4.07450905511811
0
LINE
8
BLACK
6
CONTINUOUS
10
5.2039217716535431
20
-4.07450905511811
11
5.2020579527559052
21
-4.0764396062992123
0
LINE
8
BLACK
6
CONTINUOUS
10
5.2020579527559052
20
-4.0764396062992123
11
5.2018315748031494
21
-4.0766253543307087
0
LINE
8
BLACK
6
CONTINUOUS
10
5.2018315748031494
20
-4.0766253543307087
11
5.2017804330708657
21
-4.0766843700787403
0
LINE
8
BLACK
6
CONTINUOUS
10
5.2017804330708657
20
-4.0766843700787403
11
5.2017247637795272
21
-4.0767129921259846
0
LINE
8
BLACK
6
CONTINUOUS
10
5.2017247637795272
20
-4.0767129921259846
11
5.2016105118110234
21
-4.076806811023622
0
LINE
8
BLACK
6
CONTINUOUS
10
5.2016105118110234
20
-4.076806811023622
11
5.2012637007874014
21
-4.0769504330708664
0
LINE
8
BLACK
6
CONTINUOUS
10
5.2012637007874014
20
-4.0769504330708664
11
5.1975410236220467
21
-4.0788674803149609
0
LINE
8
BLACK
6
CONTINUOUS
10
5.1975410236220467
20
-4.0788674803149609
11
5.1970003937007876
21
-4.0790743700787404
0
LINE
8
BLACK
6
CONTINUOUS
10
5.1970003937007876
20
-4.0790743700787404
11
5.1968945669291333
21
-4.0790818503937007
0
LINE
8
BLACK
6
CONTINUOUS
10
5.1968945669291333
20
-4.0790818503937007
11
5.196796574803149
21
-4.0791224803149602
0
LINE
8
BLACK
6
CONTINUOUS
10
5.196796574803149
20
-4.0791224803149602
11
5.1962533070866144
21
-4.0791274409448821
0
LINE
8
BLACK
6
CONTINUOUS
10
5.1962533070866144
20
-4.0791274409448821
11
5.1958511811023618
21
-4.0791560236220468
0
LINE
8
BLACK
6
CONTINUOUS
10
5.1958511811023618
20
-4.0791560236220468
11
5.1957784645669287
21
-4.0791317716535431
0
LINE
8
BLACK
6
CONTINUOUS
10
5.1957784645669287
20
-4.0791317716535431
11
5.1905962204724405
21
-4.079179212598425
0
LINE
8
BLACK
6
CONTINUOUS
10
5.1905962204724405
20
-4.079179212598425
11
5.1900201574803146
21
-4.0791224803149602
0
LINE
8
BLACK
6
CONTINUOUS
10
5.1900201574803146
20
-4.0791224803149602
11
5.1899221653543304
21
-4.0790818897637795
0
LINE
8
BLACK
6
CONTINUOUS
10
5.1899221653543304
20
-4.0790818897637795
11
5.1898162992125982
21
-4.0790743700787404
0
LINE
8
BLACK
6
CONTINUOUS
10
5.1898162992125982
20
-4.0790743700787404
11
5.189304527559055
21
-4.0788260236220468
0
LINE
8
BLACK
6
CONTINUOUS
10
5.189304527559055
20
-4.0788260236220468
11
5.1889557480314963
21
-4.0786815748031495
0
LINE
8
BLACK
6
CONTINUOUS
10
5.1889557480314963
20
-4.0786815748031495
11
5.1889076377952756
21
-4.0786334645669289
0
LINE
8
BLACK
6
CONTINUOUS
10
5.1889076377952756
20
-4.0786334645669289
11
5.1855261811023619
21
-4.0769927165354334
0
LINE
8
BLACK
6
CONTINUOUS
10
5.1855261811023619
20
-4.0769927165354334
11
5.185036299212598
21
-4.0766843700787403
0
LINE
8
BLACK
6
CONTINUOUS
10
5.185036299212598
20
-4.0766843700787403
11
5.1842814566929132
21
-4.0758139763779528
0
LINE
8
BLACK
6
CONTINUOUS
10
5.1842814566929132
20
-4.0758139763779528
11
5.1839171259842516
21
-4.0747210236220468
0
LINE
8
BLACK
6
CONTINUOUS
10
5.1839171259842516
20
-4.0747210236220468
11
5.1839987795275588
21
-4.0735718110236219
0
LINE
8
BLACK
6
CONTINUOUS
10
5.1839987795275588
20
-4.0735718110236219
11
5.1845140157480314
21
-4.072541299212598
0
LINE
8
BLACK
6
CONTINUOUS
10
5.1845140157480314
20
-4.072541299212598
11
5.1853844094488188
21
-4.0717864566929132
0
LINE
8
BLACK
6
CONTINUOUS
10
5.1853844094488188
20
-4.0717864566929132
11
5.186477362204724
21
-4.0714221259842516
0
LINE
8
BLACK
6
CONTINUOUS
10
5.186477362204724
20
-4.0714221259842516
11
5.1876265748031498
21
-4.0715037795275588
0
LINE
8
BLACK
6
CONTINUOUS
10
5.1876265748031498
20
-4.0715037795275588
11
5.1913657874015744
21
-4.0733181102362206
0
LINE
8
BLACK
6
CONTINUOUS
10
5.1913657874015744
20
-4.0733181102362206
11
5.1956032677165354
21
-4.0732793307086617
0
LINE
8
BLACK
6
CONTINUOUS
10
5.1956032677165354
20
-4.0732793307086617
11
5.1983141732283462
21
-4.0718833464566933
0
LINE
8
BLACK
6
CONTINUOUS
10
5.1983141732283462
20
-4.0718833464566933
11
5.1995049212598428
21
-4.0706499606299209
0
LINE
8
BLACK
6
CONTINUOUS
10
5.1995049212598428
20
-4.0706499606299209
11
5.2008211417322832
21
-4.0679373228346458
0
LINE
8
BLACK
6
CONTINUOUS
10
5.2008211417322832
20
-4.0679373228346458
11
5.2008175984251963
21
-4.0659250787401575
0
LINE
8
BLACK
6
CONTINUOUS
10
5.2008175984251963
20
-4.0659250787401575
11
5.2007499212598427
21
-4.0659510236220475
0
LINE
8
BLACK
6
CONTINUOUS
10
5.2007499212598427
20
-4.0659510236220475
11
5.2006440944881884
21
-4.0659585039370079
0
LINE
8
BLACK
6
CONTINUOUS
10
5.2006440944881884
20
-4.0659585039370079
11
5.200546102362205
21
-4.0659991338582673
0
LINE
8
BLACK
6
CONTINUOUS
10
5.200546102362205
20
-4.0659991338582673
11
5.200020866141732
21
-4.0660027952755904
0
LINE
8
BLACK
6
CONTINUOUS
10
5.200020866141732
20
-4.0660027952755904
11
5.1996007086614169
21
-4.0660326771653539
0
LINE
8
BLACK
6
CONTINUOUS
10
5.1996007086614169
20
-4.0660326771653539
11
5.1995216535433073
21
-4.0660062992125985
0
LINE
8
BLACK
6
CONTINUOUS
10
5.1995216535433073
20
-4.0660062992125985
11
5.1924709842519681
21
-4.0660558661417321
0
LINE
8
BLACK
6
CONTINUOUS
10
5.1924709842519681
20
-4.0660558661417321
11
5.1918949212598422
21
-4.0659991338582673
0
LINE
8
BLACK
6
CONTINUOUS
10
5.1918949212598422
20
-4.0659991338582673
11
5.1917969291338579
21
-4.0659585433070866
0
LINE
8
BLACK
6
CONTINUOUS
10
5.1917969291338579
20
-4.0659585433070866
11
5.1916910629921258
21
-4.0659510236220475
0
LINE
8
BLACK
6
CONTINUOUS
10
5.1916910629921258
20
-4.0659510236220475
11
5.1911792913385826
21
-4.0657026771653539
0
LINE
8
BLACK
6
CONTINUOUS
10
5.1911792913385826
20
-4.0657026771653539
11
5.1908305118110238
21
-4.0655582283464566
0
LINE
8
BLACK
6
CONTINUOUS
10
5.1908305118110238
20
-4.0655582283464566
11
5.1907824015748032
21
-4.065510118110236
0
LINE
8
BLACK
6
CONTINUOUS
10
5.1907824015748032
20
-4.065510118110236
11
5.1874009448818894
21
-4.0638693700787405
0
LINE
8
BLACK
6
CONTINUOUS
10
5.1874009448818894
20
-4.0638693700787405
11
5.1871529133858267
21
-4.0637132677165351
0
LINE
8
BLACK
6
CONTINUOUS
10
5.1871529133858267
20
-4.0637132677165351
11
5.1870809842519687
21
-4.0636834645669291
0
LINE
8
BLACK
6
CONTINUOUS
10
5.1870809842519687
20
-4.0636834645669291
11
5.1870348818897636
21
-4.063638937007874
0
LINE
8
BLACK
6
CONTINUOUS
10
5.1870348818897636
20
-4.063638937007874
11
5.1869110629921256
21
-4.0635610236220474
0
LINE
8
BLACK
6
CONTINUOUS
10
5.1869110629921256
20
-4.0635610236220474
11
5.1866892519685042
21
-4.0633052362204722
0
LINE
8
BLACK
6
CONTINUOUS
10
5.1866892519685042
20
-4.0633052362204722
11
5.1847587401574806
21
-4.0614414173228344
0
LINE
8
BLACK
6
CONTINUOUS
10
5.1847587401574806
20
-4.0614414173228344
11
5.1845729921259842
21
-4.0612150787401573
0
LINE
8
BLACK
6
CONTINUOUS
10
5.1845729921259842
20
-4.0612150787401573
11
5.1845140157480314
21
-4.0611639370078736
0
LINE
8
BLACK
6
CONTINUOUS
10
5.1845140157480314
20
-4.0611639370078736
11
5.1844853543307083
21
-4.0611083070866139
0
LINE
8
BLACK
6
CONTINUOUS
10
5.1844853543307083
20
-4.0611083070866139
11
5.184391535433071
21
-4.0609939763779526
0
LINE
8
BLACK
6
CONTINUOUS
10
5.184391535433071
20
-4.0609939763779526
11
5.1842478346456691
21
-4.0606470472440943
0
LINE
8
BLACK
6
CONTINUOUS
10
5.1842478346456691
20
-4.0606470472440943
11
5.1823309055118107
21
-4.0569245275590546
0
LINE
8
BLACK
6
CONTINUOUS
10
5.1823309055118107
20
-4.0569245275590546
11
5.1821240157480313
21
-4.0563838976377955
0
LINE
8
BLACK
6
CONTINUOUS
10
5.1821240157480313
20
-4.0563838976377955
11
5.1821164960629922
21
-4.0562780708661412
0
LINE
8
BLACK
6
CONTINUOUS
10
5.1821164960629922
20
-4.0562780708661412
11
5.1820759055118106
21
-4.056180078740157
0
LINE
8
BLACK
6
CONTINUOUS
10
5.1820759055118106
20
-4.056180078740157
11
5.1820734645669289
21
-4.0556724803149606
0
LINE
8
BLACK
6
CONTINUOUS
10
5.1820734645669289
20
-4.0556724803149606
11
5.182042362204724
21
-4.0552346850393697
0
LINE
8
BLACK
6
CONTINUOUS
10
5.182042362204724
20
-4.0552346850393697
11
5.1820709448818896
21
-4.0551488976377952
0
LINE
8
BLACK
6
CONTINUOUS
10
5.1820709448818896
20
-4.0551488976377952
11
5.1820191732283467
21
-4.0443554330708658
0
LINE
8
BLACK
6
CONTINUOUS
10
5.1820191732283467
20
-4.0443554330708658
11
5.1820759055118106
21
-4.0437793700787399
0
LINE
8
BLACK
6
CONTINUOUS
10
5.1820759055118106
20
-4.0437793700787399
11
5.1821164960629922
21
-4.0436813385826769
0
LINE
8
BLACK
6
CONTINUOUS
10
5.1821164960629922
20
-4.0436813385826769
11
5.1821240157480313
21
-4.0435755511811022
0
LINE
8
BLACK
6
CONTINUOUS
10
5.1821240157480313
20
-4.0435755511811022
11
5.182372204724409
21
-4.0430639763779528
0
LINE
8
BLACK
6
CONTINUOUS
10
5.182372204724409
20
-4.0430639763779528
11
5.1825168110236222
21
-4.0427149606299215
0
LINE
8
BLACK
6
CONTINUOUS
10
5.1825168110236222
20
-4.0427149606299215
11
5.1825649212598428
21
-4.0426668110236221
0
LINE
8
BLACK
6
CONTINUOUS
10
5.1825649212598428
20
-4.0426668110236221
11
5.1842056692913383
21
-4.0392853937007871
0
LINE
8
BLACK
6
CONTINUOUS
10
5.1842056692913383
20
-4.0392853937007871
11
5.1843617322834641
21
-4.0390373622047244
0
LINE
8
BLACK
6
CONTINUOUS
10
5.1843617322834641
20
-4.0390373622047244
11
5.1843915748031497
21
-4.0389654330708664
0
LINE
8
BLACK
6
CONTINUOUS
10
5.1843915748031497
20
-4.0389654330708664
11
5.184436062992126
21
-4.0389193307086613
0
LINE
8
BLACK
6
CONTINUOUS
10
5.184436062992126
20
-4.0389193307086613
11
5.1845140157480314
21
-4.0387955118110233
0
LINE
8
BLACK
6
CONTINUOUS
10
5.1845140157480314
20
-4.0387955118110233
11
5.1847696850393703
21
-4.0385737401574806
0
LINE
8
BLACK
6
CONTINUOUS
10
5.1847696850393703
20
-4.0385737401574806
11
5.1866335433070869
21
-4.0366432283464562
0
LINE
8
BLACK
6
CONTINUOUS
10
5.1866335433070869
20
-4.0366432283464562
11
5.186859881889764
21
-4.0364574409448819
0
LINE
8
BLACK
6
CONTINUOUS
10
5.186859881889764
20
-4.0364574409448819
11
5.1869110629921256
21
-4.0363984645669291
0
LINE
8
BLACK
6
CONTINUOUS
10
5.1869110629921256
20
-4.0363984645669291
11
5.1869666929133853
21
-4.036369803149606
0
LINE
8
BLACK
6
CONTINUOUS
10
5.1869666929133853
20
-4.036369803149606
11
5.1870809842519687
21
-4.0362760236220474
0
LINE
8
BLACK
6
CONTINUOUS
10
5.1870809842519687
20
-4.0362760236220474
11
5.1874278346456695
21
-4.0361323228346455
0
LINE
8
BLACK
6
CONTINUOUS
10
5.1874278346456695
20
-4.0361323228346455
11
5.1911504724409445
21
-4.0342153543307084
0
LINE
8
BLACK
6
CONTINUOUS
10
5.1911504724409445
20
-4.0342153543307084
11
5.1916910629921258
21
-4.034008464566929
0
LINE
8
BLACK
6
CONTINUOUS
10
5.1916910629921258
20
-4.034008464566929
11
5.1917969291338579
21
-4.0340009055118111
0
LINE
8
BLACK
6
CONTINUOUS
10
5.1917969291338579
20
-4.0340009055118111
11
5.1918949212598422
21
-4.0339603543307083
0
LINE
8
BLACK
6
CONTINUOUS
10
5.1918949212598422
20
-4.0339603543307083
11
5.1924200787401578
21
-4.0339566535433073
0
LINE
8
BLACK
6
CONTINUOUS
10
5.1924200787401578
20
-4.0339566535433073
11
5.1928402755905507
21
-4.0339268110236217
0
LINE
8
BLACK
6
CONTINUOUS
10
5.1928402755905507
20
-4.0339268110236217
11
5.1929192913385824
21
-4.0339531496062992
0
LINE
8
BLACK
6
CONTINUOUS
10
5.1929192913385824
20
-4.0339531496062992
11
5.1999700393700783
21
-4.0339036220472444
0
LINE
8
BLACK
6
CONTINUOUS
10
5.1999700393700783
20
-4.0339036220472444
11
5.200546102362205
21
-4.0339603543307083
0
LINE
8
BLACK
6
CONTINUOUS
10
5.1930855905511812
20
-4.0398048031496065
11
5.1903772834645672
21
-4.0411994488188974
0
LINE
8
BLACK
6
CONTINUOUS
10
5.1903772834645672
20
-4.0411994488188974
11
5.1891865748031494
21
-4.0424327952755901
0
LINE
8
BLACK
6
CONTINUOUS
10
5.1891865748031494
20
-4.0424327952755901
11
5.1878744488188975
21
-4.0451369685039369
0
LINE
8
BLACK
6
CONTINUOUS
10
5.1878744488188975
20
-4.0451369685039369
11
5.1879217322834643
21
-4.0549920472440943
0
LINE
8
BLACK
6
CONTINUOUS
10
5.1879217322834643
20
-4.0549920472440943
11
5.1893150393700784
21
-4.0576976771653541
0
LINE
8
BLACK
6
CONTINUOUS
10
5.1893150393700784
20
-4.0576976771653541
11
5.1905483858267711
21
-4.0588884645669294
0
LINE
8
BLACK
6
CONTINUOUS
10
5.1905483858267711
20
-4.0588884645669294
11
5.1932463779527556
21
-4.0601975590551183
0
LINE
8
BLACK
6
CONTINUOUS
10
5.1932463779527556
20
-4.0601975590551183
11
5.1993553937007873
21
-4.0601546456692912
0
LINE
8
BLACK
6
CONTINUOUS
10
5.1993553937007873
20
-4.0601546456692912
11
5.2008062204724412
21
-4.0594075196850392
0
LINE
8
BLACK
6
CONTINUOUS
10
5.2008062204724412
20
-4.0594075196850392
11
5.2007732283464563
21
-4.040527834645669
0
LINE
8
BLACK
6
CONTINUOUS
10
5.2007732283464563
20
-4.040527834645669
11
5.199194606299212
21
-4.0397618897637795
0
LINE
8
BLACK
6
CONTINUOUS
10
5.199194606299212
20
-4.0397618897637795
11
5.1930855905511812
21
-4.0398048031496065
0
LINE
8
BLACK
6
CONTINUOUS
10
4.8893349606299212
20
-4.0339603543307083
11
4.8894329527559055
21
-4.0340009448818899
0
LINE
8
BLACK
6
CONTINUOUS
10
4.8894329527559055
20
-4.0340009448818899
11
4.8895387795275589
21
-4.034008464566929
0
LINE
8
BLACK
6
CONTINUOUS
10
4.8895387795275589
20
-4.034008464566929
11
4.8900503149606296
21
-4.0342566535433066
0
LINE
8
BLACK
6
CONTINUOUS
10
4.8900503149606296
20
-4.0342566535433066
11
4.8903993700787405
21
-4.0344012598425198
0
LINE
8
BLACK
6
CONTINUOUS
10
4.8903993700787405
20
-4.0344012598425198
11
4.8904474803149602
21
-4.0344493700787405
0
LINE
8
BLACK
6
CONTINUOUS
10
4.8904474803149602
20
-4.0344493700787405
11
4.893828937007874
21
-4.036090118110236
0
LINE
8
BLACK
6
CONTINUOUS
10
4.893828937007874
20
-4.036090118110236
11
4.8940769291338579
21
-4.0362461811023618
0
LINE
8
BLACK
6
CONTINUOUS
10
4.8940769291338579
20
-4.0362461811023618
11
4.8941488976377956
21
-4.0362760236220474
0
LINE
8
BLACK
6
CONTINUOUS
10
4.8941488976377956
20
-4.0362760236220474
11
4.8941949606299211
21
-4.0363205118110237
0
LINE
8
BLACK
6
CONTINUOUS
10
4.8941949606299211
20
-4.0363205118110237
11
4.8943188188976379
21
-4.0363984645669291
0
LINE
8
BLACK
6
CONTINUOUS
10
4.8943188188976379
20
-4.0363984645669291
11
4.8945405511811026
21
-4.036654133858268
0
LINE
8
BLACK
6
CONTINUOUS
10
4.8945405511811026
20
-4.036654133858268
11
4.896471102362205
21
-4.0385179921259837
0
LINE
8
BLACK
6
CONTINUOUS
10
4.896471102362205
20
-4.0385179921259837
11
4.8966568503937005
21
-4.0387443307086617
0
LINE
8
BLACK
6
CONTINUOUS
10
4.8966568503937005
20
-4.0387443307086617
11
4.896715866141732
21
-4.0387955118110233
0
LINE
8
BLACK
6
CONTINUOUS
10
4.896715866141732
20
-4.0387955118110233
11
4.8967444881889763
21
-4.038851141732283
0
LINE
8
BLACK
6
CONTINUOUS
10
4.8967444881889763
20
-4.038851141732283
11
4.8968383070866137
21
-4.0389654330708664
0
LINE
8
BLACK
6
CONTINUOUS
10
4.8968383070866137
20
-4.0389654330708664
11
4.8969819685039369
21
-4.0393122834645672
0
LINE
8
BLACK
6
CONTINUOUS
10
4.8969819685039369
20
-4.0393122834645672
11
4.8988989763779527
21
-4.0430349212598422
0
LINE
8
BLACK
6
CONTINUOUS
10
4.8988989763779527
20
-4.0430349212598422
11
4.8991058661417322
21
-4.0435755118110235
0
LINE
8
BLACK
6
CONTINUOUS
10
4.8991058661417322
20
-4.0435755118110235
11
4.8991133858267712
21
-4.0436813779527556
0
LINE
8
BLACK
6
CONTINUOUS
10
4.8991133858267712
20
-4.0436813779527556
11
4.8991539763779528
21
-4.0437793700787399
0
LINE
8
BLACK
6
CONTINUOUS
10
4.8991539763779528
20
-4.0437793700787399
11
4.8991563779527558
21
-4.0442868897637796
0
LINE
8
BLACK
6
CONTINUOUS
10
4.8991563779527558
20
-4.0442868897637796
11
4.8991875196850394
21
-4.0447247244094484
0
LINE
8
BLACK
6
CONTINUOUS
10
4.8991875196850394
20
-4.0447247244094484
11
4.8991588976377951
21
-4.0448105118110238
0
LINE
8
BLACK
6
CONTINUOUS
10
4.8991588976377951
20
-4.0448105118110238
11
4.8992107086614176
21
-4.0556040157480311
0
LINE
8
BLACK
6
CONTINUOUS
10
4.8992107086614176
20
-4.0556040157480311
11
4.8991539763779528
21
-4.056180078740157
0
LINE
8
BLACK
6
CONTINUOUS
10
4.8991539763779528
20
-4.056180078740157
11
4.8991133858267712
21
-4.0562780314960625
0
LINE
8
BLACK
6
CONTINUOUS
10
4.8991133858267712
20
-4.0562780314960625
11
4.8991058661417322
21
-4.0563839370078743
0
LINE
8
BLACK
6
CONTINUOUS
10
4.8991058661417322
20
-4.0563839370078743
11
4.8988575196850395
21
-4.0568956692913387
0
LINE
8
BLACK
6
CONTINUOUS
10
4.8988575196850395
20
-4.0568956692913387
11
4.8987130708661413
21
-4.0572444881889762
0
LINE
8
BLACK
6
CONTINUOUS
10
4.8987130708661413
20
-4.0572444881889762
11
4.8986649606299215
21
-4.0572925590551181
0
LINE
8
BLACK
6
CONTINUOUS
10
4.8986649606299215
20
-4.0572925590551181
11
4.8970242125984251
21
-4.0606740551181097
0
LINE
8
BLACK
6
CONTINUOUS
10
4.8970242125984251
20
-4.0606740551181097
11
4.8968681496062993
21
-4.0609219291338583
0
LINE
8
BLACK
6
CONTINUOUS
10
4.8968681496062993
20
-4.0609219291338583
11
4.8968383464566925
21
-4.0609939763779526
0
LINE
8
BLACK
6
CONTINUOUS
10
4.8968383464566925
20
-4.0609939763779526
11
4.8967937795275587
21
-4.0610400787401577
0
LINE
8
BLACK
6
CONTINUOUS
10
4.8967937795275587
20
-4.0610400787401577
11
4.896715866141732
21
-4.0611639370078736
0
LINE
8
BLACK
6
CONTINUOUS
10
4.896715866141732
20
-4.0611639370078736
11
4.896460196850394
21
-4.0613856299212596
0
LINE
8
BLACK
6
CONTINUOUS
10
4.896460196850394
20
-4.0613856299212596
11
4.8945963779527561
21
-4.0633162204724407
0
LINE
8
BLACK
6
CONTINUOUS
10
4.8945963779527561
20
-4.0633162204724407
11
4.8943700000000003
21
-4.0635019685039371
0
LINE
8
BLACK
6
CONTINUOUS
10
4.8943700000000003
20
-4.0635019685039371
11
4.8943188188976379
21
-4.0635610236220474
0
LINE
8
BLACK
6
CONTINUOUS
10
4.8943188188976379
20
-4.0635610236220474
11
4.8942631496062994
21
-4.0635896456692908
0
LINE
8
BLACK
6
CONTINUOUS
10
4.8942631496062994
20
-4.0635896456692908
11
4.8941488976377956
21
-4.0636834645669291
0
LINE
8
BLACK
6
CONTINUOUS
10
4.8941488976377956
20
-4.0636834645669291
11
4.8938020078740152
21
-4.0638271259842522
0
LINE
8
BLACK
6
CONTINUOUS
10
4.8938020078740152
20
-4.0638271259842522
11
4.8900794094488189
21
-4.0657441338582681
0
LINE
8
BLACK
6
CONTINUOUS
10
4.8900794094488189
20
-4.0657441338582681
11
4.8895387795275589
21
-4.0659510236220475
0
LINE
8
BLACK
6
CONTINUOUS
10
4.8895387795275589
20
-4.0659510236220475
11
4.8894329527559055
21
-4.0659585039370079
0
LINE
8
BLACK
6
CONTINUOUS
10
4.8894329527559055
20
-4.0659585039370079
11
4.8893349606299212
21
-4.0659991338582673
0
LINE
8
BLACK
6
CONTINUOUS
10
4.8893349606299212
20
-4.0659991338582673
11
4.8888097244094491
21
-4.0660027952755904
0
LINE
8
BLACK
6
CONTINUOUS
10
4.8888097244094491
20
-4.0660027952755904
11
4.888389566929134
21
-4.0660326771653539
0
LINE
8
BLACK
6
CONTINUOUS
10
4.888389566929134
20
-4.0660326771653539
11
4.8883105118110235
21
-4.0660062992125985
0
LINE
8
BLACK
6
CONTINUOUS
10
4.8883105118110235
20
-4.0660062992125985
11
4.8812598425196851
21
-4.0660558661417321
0
LINE
8
BLACK
6
CONTINUOUS
10
4.8812598425196851
20
-4.0660558661417321
11
4.8806837795275593
21
-4.0659991338582673
0
LINE
8
BLACK
6
CONTINUOUS
10
4.8806837795275593
20
-4.0659991338582673
11
4.880585787401575
21
-4.0659585433070866
0
LINE
8
BLACK
6
CONTINUOUS
10
4.880585787401575
20
-4.0659585433070866
11
4.880479921259842
21
-4.0659510236220475
0
LINE
8
BLACK
6
CONTINUOUS
10
4.880479921259842
20
-4.0659510236220475
11
4.8804484251968505
21
-4.0659357480314959
0
LINE
8
BLACK
6
CONTINUOUS
10
4.8804484251968505
20
-4.0659357480314959
11
4.8804630708661421
21
-4.0762264566929129
0
LINE
8
BLACK
6
CONTINUOUS
10
4.8804630708661421
20
-4.0762264566929129
11
4.8804063385826773
21
-4.0768025196850397
0
LINE
8
BLACK
6
CONTINUOUS
10
4.8804063385826773
20
-4.0768025196850397
11
4.8799654330708657
21
-4.0778669291338581
0
LINE
8
BLACK
6
CONTINUOUS
10
4.8799654330708657
20
-4.0778669291338581
11
4.8791507874015743
21
-4.0786815748031495
0
LINE
8
BLACK
6
CONTINUOUS
10
4.8791507874015743
20
-4.0786815748031495
11
4.8780863779527559
21
-4.0791224803149602
0
LINE
8
BLACK
6
CONTINUOUS
10
4.8780863779527559
20
-4.0791224803149602
11
4.8769342519685042
21
-4.0791224803149602
0
LINE
8
BLACK
6
CONTINUOUS
10
4.8769342519685042
20
-4.0791224803149602
11
4.8758698425196849
21
-4.0786815748031495
0
LINE
8
BLACK
6
CONTINUOUS
10
4.8758698425196849
20
-4.0786815748031495
11
4.8750551968503935
21
-4.0778669291338581
0
LINE
8
BLACK
6
CONTINUOUS
10
4.8750551968503935
20
-4.0778669291338581
11
4.8746142913385828
21
-4.0768025196850397
0
LINE
8
BLACK
6
CONTINUOUS
10
4.8746142913385828
20
-4.0768025196850397
11
4.8745927165354326
21
-4.0616336614173232
0
LINE
8
BLACK
6
CONTINUOUS
10
4.8745927165354326
20
-4.0616336614173232
11
4.8745807480314962
21
-4.0615976771653539
0
LINE
8
BLACK
6
CONTINUOUS
10
4.8745807480314962
20
-4.0615976771653539
11
4.8745924409448822
21
-4.0614327952755902
0
LINE
8
BLACK
6
CONTINUOUS
10
4.8745924409448822
20
-4.0614327952755902
11
4.874557559055118
21
-4.0368563779527555
0
LINE
8
BLACK
6
CONTINUOUS
10
4.874557559055118
20
-4.0368563779527555
11
4.8746142913385828
21
-4.0362803149606297
0
LINE
8
BLACK
6
CONTINUOUS
10
4.8746142913385828
20
-4.0362803149606297
11
4.8750551968503935
21
-4.0352159055118113
0
LINE
8
BLACK
6
CONTINUOUS
10
4.8750551968503935
20
-4.0352159055118113
11
4.8758698425196849
21
-4.0344012598425198
0
LINE
8
BLACK
6
CONTINUOUS
10
4.8758698425196849
20
-4.0344012598425198
11
4.8769342519685042
21
-4.0339603543307083
0
LINE
8
BLACK
6
CONTINUOUS
10
4.8769342519685042
20
-4.0339603543307083
11
4.8780863779527559
21
-4.0339603543307083
0
LINE
8
BLACK
6
CONTINUOUS
10
4.8780863779527559
20
-4.0339603543307083
11
4.8791507874015743
21
-4.0344012598425198
0
LINE
8
BLACK
6
CONTINUOUS
10
4.8791507874015743
20
-4.0344012598425198
11
4.879296102362205
21
-4.0345465748031497
0
LINE
8
BLACK
6
CONTINUOUS
10
4.879296102362205
20
-4.0345465748031497
11
4.8799393307086616
21
-4.0342153543307084
0
LINE
8
BLACK
6
CONTINUOUS
10
4.8799393307086616
20
-4.0342153543307084
11
4.880479921259842
21
-4.034008464566929
0
LINE
8
BLACK
6
CONTINUOUS
10
4.880479921259842
20
-4.034008464566929
11
4.880585787401575
21
-4.0340009055118111
0
LINE
8
BLACK
6
CONTINUOUS
10
4.880585787401575
20
-4.0340009055118111
11
4.8806837795275593
21
-4.0339603543307083
0
LINE
8
BLACK
6
CONTINUOUS
10
4.8806837795275593
20
-4.0339603543307083
11
4.8812089370078739
21
-4.0339566535433073
0
LINE
8
BLACK
6
CONTINUOUS
10
4.8812089370078739
20
-4.0339566535433073
11
4.8816291338582678
21
-4.0339268110236217
0
LINE
8
BLACK
6
CONTINUOUS
10
4.8816291338582678
20
-4.0339268110236217
11
4.8817081496062995
21
-4.0339531496062992
0
LINE
8
BLACK
6
CONTINUOUS
10
4.8817081496062995
20
-4.0339531496062992
11
4.8887588976377954
21
-4.0339036220472444
0
LINE
8
BLACK
6
CONTINUOUS
10
4.8887588976377954
20
-4.0339036220472444
11
4.8893349606299212
21
-4.0339603543307083
0
LINE
8
BLACK
6
CONTINUOUS
10
4.8818744488188974
20
-4.0398048031496065
11
4.8804124015748034
21
-4.0405577165354334
0
LINE
8
BLACK
6
CONTINUOUS
10
4.8804124015748034
20
-4.0405577165354334
11
4.8804391732283463
21
-4.0594231496062987
0
LINE
8
BLACK
6
CONTINUOUS
10
4.8804391732283463
20
-4.0594231496062987
11
4.8820352362204726
21
-4.0601975590551183
0
LINE
8
BLACK
6
CONTINUOUS
10
4.8820352362204726
20
-4.0601975590551183
11
4.8881442519685034
21
-4.0601546456692912
0
LINE
8
BLACK
6
CONTINUOUS
10
4.8881442519685034
20
-4.0601546456692912
11
4.8908525196850396
21
-4.0587599999999995
0
LINE
8
BLACK
6
CONTINUOUS
10
4.8908525196850396
20
-4.0587599999999995
11
4.8920433070866141
21
-4.0575265748031493
0
LINE
8
BLACK
6
CONTINUOUS
10
4.8920433070866141
20
-4.0575265748031493
11
4.8933553937007872
21
-4.0548224409448821
0
LINE
8
BLACK
6
CONTINUOUS
10
4.8933553937007872
20
-4.0548224409448821
11
4.8933081102362204
21
-4.0449673622047246
0
LINE
8
BLACK
6
CONTINUOUS
10
4.8933081102362204
20
-4.0449673622047246
11
4.891914842519685
21
-4.0422617322834649
0
LINE
8
BLACK
6
CONTINUOUS
10
4.891914842519685
20
-4.0422617322834649
11
4.8906814960629923
21
-4.0410710236220471
0
LINE
8
BLACK
6
CONTINUOUS
10
4.8906814960629923
20
-4.0410710236220471
11
4.8879834645669291
21
-4.0397618897637795
0
LINE
8
BLACK
6
CONTINUOUS
10
4.8879834645669291
20
-4.0397618897637795
11
4.8818744488188974
21
-4.0398048031496065
0
LINE
8
BLACK
6
CONTINUOUS
10
5.5634892913385823
20
-4.0664884251968507
11
5.5645198031496061
21
-4.0670037007874011
0
LINE
8
BLACK
6
CONTINUOUS
10
5.5645198031496061
20
-4.0670037007874011
11
5.565274645669291
21
-4.0678740551181098
0
LINE
8
BLACK
6
CONTINUOUS
10
5.565274645669291
20
-4.0678740551181098
11
5.5656389763779526
21
-4.0689670472440946
0
LINE
8
BLACK
6
CONTINUOUS
10
5.5656389763779526
20
-4.0689670472440946
11
5.5655573228346453
21
-4.0701162598425196
0
LINE
8
BLACK
6
CONTINUOUS
10
5.5655573228346453
20
-4.0701162598425196
11
5.5634756692913383
21
-4.074406377952756
0
LINE
8
BLACK
6
CONTINUOUS
10
5.5634756692913383
20
-4.074406377952756
11
5.563415
21
-4.0745027165354326
0
LINE
8
BLACK
6
CONTINUOUS
10
5.563415
20
-4.0745027165354326
11
5.5633998818897634
21
-4.074548149606299
0
LINE
8
BLACK
6
CONTINUOUS
10
5.5633998818897634
20
-4.074548149606299
11
5.5633508267716536
21
-4.07460468503937
0
LINE
8
BLACK
6
CONTINUOUS
10
5.5633508267716536
20
-4.07460468503937
11
5.5631673228346452
21
-4.0748962598425198
0
LINE
8
BLACK
6
CONTINUOUS
10
5.5631673228346452
20
-4.0748962598425198
11
5.5628874803149602
21
-4.0751388976377951
0
LINE
8
BLACK
6
CONTINUOUS
10
5.5628874803149602
20
-4.0751388976377951
11
5.5626449999999998
21
-4.0754185433070864
0
LINE
8
BLACK
6
CONTINUOUS
10
5.5626449999999998
20
-4.0754185433070864
11
5.562448267716535
21
-4.075519842519685
0
LINE
8
BLACK
6
CONTINUOUS
10
5.562448267716535
20
-4.075519842519685
11
5.5622969291338578
21
-4.0756511023622046
0
LINE
8
BLACK
6
CONTINUOUS
10
5.5622969291338578
20
-4.0756511023622046
11
5.5620033464566925
21
-4.0757489370078739
0
LINE
8
BLACK
6
CONTINUOUS
10
5.5620033464566925
20
-4.0757489370078739
11
5.5584055905511809
21
-4.0776016535433071
0
LINE
8
BLACK
6
CONTINUOUS
10
5.5584055905511809
20
-4.0776016535433071
11
5.5578649606299209
21
-4.0778085433070865
0
LINE
8
BLACK
6
CONTINUOUS
10
5.5578649606299209
20
-4.0778085433070865
11
5.5577591338582675
21
-4.0778160236220469
0
LINE
8
BLACK
6
CONTINUOUS
10
5.5577591338582675
20
-4.0778160236220469
11
5.5576611417322832
21
-4.0778566535433072
0
LINE
8
BLACK
6
CONTINUOUS
10
5.5576611417322832
20
-4.0778566535433072
11
5.5571765354330704
21
-4.0778574409448822
0
LINE
8
BLACK
6
CONTINUOUS
10
5.5571765354330704
20
-4.0778574409448822
11
5.5567157480314959
21
-4.0778901968503938
0
LINE
8
BLACK
6
CONTINUOUS
10
5.5567157480314959
20
-4.0778901968503938
11
5.5566202755905509
21
-4.0778583464566927
0
LINE
8
BLACK
6
CONTINUOUS
10
5.5566202755905509
20
-4.0778583464566927
11
5.5233393307086613
21
-4.077913385826772
0
LINE
8
BLACK
6
CONTINUOUS
10
5.5233393307086613
20
-4.077913385826772
11
5.5227632677165355
21
-4.0778566535433072
0
LINE
8
BLACK
6
CONTINUOUS
10
5.5227632677165355
20
-4.0778566535433072
11
5.5216988582677162
21
-4.0774157480314956
0
LINE
8
BLACK
6
CONTINUOUS
10
5.5216988582677162
20
-4.0774157480314956
11
5.5208842125984248
21
-4.0766011023622051
0
LINE
8
BLACK
6
CONTINUOUS
10
5.5208842125984248
20
-4.0766011023622051
11
5.5204433070866141
21
-4.0755366929133858
0
LINE
8
BLACK
6
CONTINUOUS
10
5.5204433070866141
20
-4.0755366929133858
11
5.5204433070866141
21
-4.0743845669291341
0
LINE
8
BLACK
6
CONTINUOUS
10
5.5204433070866141
20
-4.0743845669291341
11
5.5208842125984248
21
-4.0733201574803148
0
LINE
8
BLACK
6
CONTINUOUS
10
5.5208842125984248
20
-4.0733201574803148
11
5.5216988582677162
21
-4.0725055118110234
0
LINE
8
BLACK
6
CONTINUOUS
10
5.5216988582677162
20
-4.0725055118110234
11
5.5227632677165355
21
-4.0720646062992127
0
LINE
8
BLACK
6
CONTINUOUS
10
5.5227632677165355
20
-4.0720646062992127
11
5.5564768503937003
21
-4.0720088582677167
0
LINE
8
BLACK
6
CONTINUOUS
10
5.5564768503937003
20
-4.0720088582677167
11
5.5586818110236216
21
-4.0708734251968499
0
LINE
8
BLACK
6
CONTINUOUS
10
5.5586818110236216
20
-4.0708734251968499
11
5.5600683858267717
21
-4.0680158267716537
0
LINE
8
BLACK
6
CONTINUOUS
10
5.5600683858267717
20
-4.0680158267716537
11
5.5603767322834647
21
-4.0675259448818899
0
LINE
8
BLACK
6
CONTINUOUS
10
5.5603767322834647
20
-4.0675259448818899
11
5.5612471259842522
21
-4.0667711023622051
0
LINE
8
BLACK
6
CONTINUOUS
10
5.5612471259842522
20
-4.0667711023622051
11
5.5623400787401573
21
-4.0664067716535435
0
LINE
8
BLACK
6
CONTINUOUS
10
5.5623400787401573
20
-4.0664067716535435
11
5.5634892913385823
21
-4.0664884251968507
0
LINE
8
BLACK
6
CONTINUOUS
10
4.992447086614173
20
-4.063956614173228
11
4.9935114960629923
21
-4.0643975196850395
0
LINE
8
BLACK
6
CONTINUOUS
10
4.9935114960629923
20
-4.0643975196850395
11
4.9943261417322837
21
-4.0652121653543309
0
LINE
8
BLACK
6
CONTINUOUS
10
4.9943261417322837
20
-4.0652121653543309
11
4.9947670472440944
21
-4.0662765748031493
0
LINE
8
BLACK
6
CONTINUOUS
10
4.9947670472440944
20
-4.0662765748031493
11
4.9947670472440944
21
-4.067428700787401
0
LINE
8
BLACK
6
CONTINUOUS
10
4.9947670472440944
20
-4.067428700787401
11
4.9943261417322837
21
-4.0684931102362203
0
LINE
8
BLACK
6
CONTINUOUS
10
4.9943261417322837
20
-4.0684931102362203
11
4.9935114960629923
21
-4.0693077559055117
0
LINE
8
BLACK
6
CONTINUOUS
10
4.9935114960629923
20
-4.0693077559055117
11
4.992447086614173
21
-4.0697486614173224
0
LINE
8
BLACK
6
CONTINUOUS
10
4.992447086614173
20
-4.0697486614173224
11
4.9618748031496063
21
-4.0698053937007872
0
LINE
8
BLACK
6
CONTINUOUS
10
4.9618748031496063
20
-4.0698053937007872
11
4.9612987401574804
21
-4.0697486614173224
0
LINE
8
BLACK
6
CONTINUOUS
10
4.9612987401574804
20
-4.0697486614173224
11
4.9602343307086612
21
-4.0693077559055117
0
LINE
8
BLACK
6
CONTINUOUS
10
4.9602343307086612
20
-4.0693077559055117
11
4.9594196850393697
21
-4.0684931102362203
0
LINE
8
BLACK
6
CONTINUOUS
10
4.9594196850393697
20
-4.0684931102362203
11
4.9589787795275591
21
-4.067428700787401
0
LINE
8
BLACK
6
CONTINUOUS
10
4.9589787795275591
20
-4.067428700787401
11
4.9589787795275591
21
-4.0662765748031493
0
LINE
8
BLACK
6
CONTINUOUS
10
4.9589787795275591
20
-4.0662765748031493
11
4.9594196850393697
21
-4.0652121653543309
0
LINE
8
BLACK
6
CONTINUOUS
10
4.9594196850393697
20
-4.0652121653543309
11
4.9602343307086612
21
-4.0643975196850395
0
LINE
8
BLACK
6
CONTINUOUS
10
4.9602343307086612
20
-4.0643975196850395
11
4.9612987401574804
21
-4.063956614173228
0
LINE
8
BLACK
6
CONTINUOUS
10
4.9612987401574804
20
-4.063956614173228
11
4.9918710236220472
21
-4.063899881889764
0
LINE
8
BLACK
6
CONTINUOUS
10
4.9918710236220472
20
-4.063899881889764
11
4.992447086614173
21
-4.063956614173228
0
LINE
8
BLACK
6
CONTINUOUS
10
5.0599386614173225
20
-4.063956614173228
11
5.0610030708661418
21
-4.0643975196850395
0
LINE
8
BLACK
6
CONTINUOUS
10
5.0610030708661418
20
-4.0643975196850395
11
5.0618177165354332
21
-4.0652121653543309
0
LINE
8
BLACK
6
CONTINUOUS
10
5.0618177165354332
20
-4.0652121653543309
11
5.0622586220472439
21
-4.0662765748031493
0
LINE
8
BLACK
6
CONTINUOUS
10
5.0622586220472439
20
-4.0662765748031493
11
5.0622586220472439
21
-4.067428700787401
0
LINE
8
BLACK
6
CONTINUOUS
10
5.0622586220472439
20
-4.067428700787401
11
5.0618177165354332
21
-4.0684931102362203
0
LINE
8
BLACK
6
CONTINUOUS
10
5.0618177165354332
20
-4.0684931102362203
11
5.0610030708661418
21
-4.0693077559055117
0
LINE
8
BLACK
6
CONTINUOUS
10
5.0610030708661418
20
-4.0693077559055117
11
5.0599386614173225
21
-4.0697486614173224
0
LINE
8
BLACK
6
CONTINUOUS
10
5.0599386614173225
20
-4.0697486614173224
11
5.0293663779527558
21
-4.0698053937007872
0
LINE
8
BLACK
6
CONTINUOUS
10
5.0293663779527558
20
-4.0698053937007872
11
5.0287903149606299
21
-4.0697486614173224
0
LINE
8
BLACK
6
CONTINUOUS
10
5.0287903149606299
20
-4.0697486614173224
11
5.0277259055118106
21
-4.0693077559055117
0
LINE
8
BLACK
6
CONTINUOUS
10
5.0277259055118106
20
-4.0693077559055117
11
5.0269112598425192
21
-4.0684931102362203
0
LINE
8
BLACK
6
CONTINUOUS
10
5.0269112598425192
20
-4.0684931102362203
11
5.0264703543307085
21
-4.067428700787401
0
LINE
8
BLACK
6
CONTINUOUS
10
5.0264703543307085
20
-4.067428700787401
11
5.0264703543307085
21
-4.0662765748031493
0
LINE
8
BLACK
6
CONTINUOUS
10
5.0264703543307085
20
-4.0662765748031493
11
5.0269112598425192
21
-4.0652121653543309
0
LINE
8
BLACK
6
CONTINUOUS
10
5.0269112598425192
20
-4.0652121653543309
11
5.0277259055118106
21
-4.0643975196850395
0
LINE
8
BLACK
6
CONTINUOUS
10
5.0277259055118106
20
-4.0643975196850395
11
5.0287903149606299
21
-4.063956614173228
0
LINE
8
BLACK
6
CONTINUOUS
10
5.0287903149606299
20
-4.063956614173228
11
5.0593625984251966
21
-4.063899881889764
0
LINE
8
BLACK
6
CONTINUOUS
10
5.0593625984251966
20
-4.063899881889764
11
5.0599386614173225
21
-4.063956614173228
0
LINE
8
BLACK
6
CONTINUOUS
10
4.5872131102362204
20
-4.0208089763779524
11
4.587290866141732
21
-4.0208034645669288
0
LINE
8
BLACK
6
CONTINUOUS
10
4.587290866141732
20
-4.0208034645669288
11
4.5873493700787398
21
-4.0208224015748026
0
LINE
8
BLACK
6
CONTINUOUS
10
4.5873493700787398
20
-4.0208224015748026
11
4.5874976377952752
21
-4.0208370078740154
0
LINE
8
BLACK
6
CONTINUOUS
10
4.5874976377952752
20
-4.0208370078740154
11
4.5878662598425199
21
-4.0209896850393703
0
LINE
8
BLACK
6
CONTINUOUS
10
4.5878662598425199
20
-4.0209896850393703
11
4.5934796062992129
21
-4.0228065748031492
0
LINE
8
BLACK
6
CONTINUOUS
10
4.5934796062992129
20
-4.0228065748031492
11
4.5940081496062994
21
-4.023042559055118
0
LINE
8
BLACK
6
CONTINUOUS
10
4.5940081496062994
20
-4.023042559055118
11
4.5948785039370081
21
-4.0237974409448816
0
LINE
8
BLACK
6
CONTINUOUS
10
4.5948785039370081
20
-4.0237974409448816
11
4.5953937401574798
21
-4.0248278740157479
0
LINE
8
BLACK
6
CONTINUOUS
10
4.5953937401574798
20
-4.0248278740157479
11
4.5954754330708658
21
-4.0259770866141729
0
LINE
8
BLACK
6
CONTINUOUS
10
4.5954754330708658
20
-4.0259770866141729
11
4.5951111023622042
21
-4.0270700787401577
0
LINE
8
BLACK
6
CONTINUOUS
10
4.5951111023622042
20
-4.0270700787401577
11
4.5943562204724406
21
-4.0279404724409451
0
LINE
8
BLACK
6
CONTINUOUS
10
4.5943562204724406
20
-4.0279404724409451
11
4.5933257480314955
21
-4.0284556692913389
0
LINE
8
BLACK
6
CONTINUOUS
10
4.5933257480314955
20
-4.0284556692913389
11
4.5921765354330706
21
-4.028537362204724
0
LINE
8
BLACK
6
CONTINUOUS
10
4.5921765354330706
20
-4.028537362204724
11
4.5863017716535435
21
-4.0266358661417323
0
LINE
8
BLACK
6
CONTINUOUS
10
4.5863017716535435
20
-4.0266358661417323
11
4.5781607874015746
21
-4.0266822834645666
0
LINE
8
BLACK
6
CONTINUOUS
10
4.5781607874015746
20
-4.0266822834645666
11
4.5754540551181098
21
-4.0280761023622045
0
LINE
8
BLACK
6
CONTINUOUS
10
4.5754540551181098
20
-4.0280761023622045
11
4.5742633464566929
21
-4.0293094488188972
0
LINE
8
BLACK
6
CONTINUOUS
10
4.5742633464566929
20
-4.0293094488188972
11
4.5729622047244094
21
-4.0319909448818896
0
LINE
8
BLACK
6
CONTINUOUS
10
4.5729622047244094
20
-4.0319909448818896
11
4.5729932677165355
21
-4.0343594881889766
0
LINE
8
BLACK
6
CONTINUOUS
10
4.5729932677165355
20
-4.0343594881889766
11
4.5743917716535432
21
-4.037075275590551
0
LINE
8
BLACK
6
CONTINUOUS
10
4.5743917716535432
20
-4.037075275590551
11
4.5756251574803146
21
-4.0382660236220476
0
LINE
8
BLACK
6
CONTINUOUS
10
4.5756251574803146
20
-4.0382660236220476
11
4.5787753937007869
21
-4.0397945669291335
0
LINE
8
BLACK
6
CONTINUOUS
10
4.5787753937007869
20
-4.0397945669291335
11
4.5857629527559052
21
-4.0414908267716534
0
LINE
8
BLACK
6
CONTINUOUS
10
4.5857629527559052
20
-4.0414908267716534
11
4.585805433070866
21
-4.0415059842519687
0
LINE
8
BLACK
6
CONTINUOUS
10
4.585805433070866
20
-4.0415059842519687
11
4.5858266929133853
21
-4.0415075196850392
0
LINE
8
BLACK
6
CONTINUOUS
10
4.5858266929133853
20
-4.0415075196850392
11
4.5858742125984246
21
-4.0415305511811024
0
LINE
8
BLACK
6
CONTINUOUS
10
4.5858742125984246
20
-4.0415305511811024
11
4.5863080708661412
21
-4.0416855905511806
0
LINE
8
BLACK
6
CONTINUOUS
10
4.5863080708661412
20
-4.0416855905511806
11
4.5865250393700787
21
-4.0418463779527558
0
LINE
8
BLACK
6
CONTINUOUS
10
4.5865250393700787
20
-4.0418463779527558
11
4.5901168503937004
21
-4.0435891732283462
0
LINE
8
BLACK
6
CONTINUOUS
10
4.5901168503937004
20
-4.0435891732283462
11
4.5903648425196852
21
-4.043745236220472
0
LINE
8
BLACK
6
CONTINUOUS
10
4.5903648425196852
20
-4.043745236220472
11
4.590436811023622
21
-4.0437750787401576
0
LINE
8
BLACK
6
CONTINUOUS
10
4.590436811023622
20
-4.0437750787401576
11
4.5904828740157475
21
-4.0438195669291339
0
LINE
8
BLACK
6
CONTINUOUS
10
4.5904828740157475
20
-4.0438195669291339
11
4.5906067322834643
21
-4.0438975196850393
0
LINE
8
BLACK
6
CONTINUOUS
10
4.5906067322834643
20
-4.0438975196850393
11
4.5908284645669291
21
-4.0441531889763782
0
LINE
8
BLACK
6
CONTINUOUS
10
4.5908284645669291
20
-4.0441531889763782
11
4.5927590157480314
21
-4.0460170472440948
0
LINE
8
BLACK
6
CONTINUOUS
10
4.5927590157480314
20
-4.0460170472440948
11
4.5929447637795278
21
-4.0462433858267719
0
LINE
8
BLACK
6
CONTINUOUS
10
4.5929447637795278
20
-4.0462433858267719
11
4.5930037795275593
21
-4.0462945669291335
0
LINE
8
BLACK
6
CONTINUOUS
10
4.5930037795275593
20
-4.0462945669291335
11
4.5930324015748027
21
-4.0463501968503932
0
LINE
8
BLACK
6
CONTINUOUS
10
4.5930324015748027
20
-4.0463501968503932
11
4.593126220472441
21
-4.0464644881889766
0
LINE
8
BLACK
6
CONTINUOUS
10
4.593126220472441
20
-4.0464644881889766
11
4.5932698818897633
21
-4.0468113385826774
0
LINE
8
BLACK
6
CONTINUOUS
10
4.5932698818897633
20
-4.0468113385826774
11
4.5951868897637791
21
-4.0505339763779524
0
LINE
8
BLACK
6
CONTINUOUS
10
4.5951868897637791
20
-4.0505339763779524
11
4.5953937795275586
21
-4.0510745669291337
0
LINE
8
BLACK
6
CONTINUOUS
10
4.5953937795275586
20
-4.0510745669291337
11
4.5954012992125985
21
-4.0511804330708658
0
LINE
8
BLACK
6
CONTINUOUS
10
4.5954012992125985
20
-4.0511804330708658
11
4.5954418897637792
21
-4.0512784251968501
0
LINE
8
BLACK
6
CONTINUOUS
10
4.5954418897637792
20
-4.0512784251968501
11
4.5954494881889767
21
-4.0518587795275591
0
LINE
8
BLACK
6
CONTINUOUS
10
4.5954494881889767
20
-4.0518587795275591
11
4.5954754330708658
21
-4.0522237795275586
0
LINE
8
BLACK
6
CONTINUOUS
10
4.5954754330708658
20
-4.0522237795275586
11
4.5954550787401578
21
-4.0522848031496066
0
LINE
8
BLACK
6
CONTINUOUS
10
4.5954550787401578
20
-4.0522848031496066
11
4.595498622047244
21
-4.0556040157480311
0
LINE
8
BLACK
6
CONTINUOUS
10
4.595498622047244
20
-4.0556040157480311
11
4.5954418897637792
21
-4.056180078740157
0
LINE
8
BLACK
6
CONTINUOUS
10
4.5954418897637792
20
-4.056180078740157
11
4.5954012992125985
21
-4.0562780314960625
0
LINE
8
BLACK
6
CONTINUOUS
10
4.5954012992125985
20
-4.0562780314960625
11
4.5953937795275586
21
-4.0563839370078743
0
LINE
8
BLACK
6
CONTINUOUS
10
4.5953937795275586
20
-4.0563839370078743
11
4.5951454330708659
21
-4.0568956692913387
0
LINE
8
BLACK
6
CONTINUOUS
10
4.5951454330708659
20
-4.0568956692913387
11
4.5950009842519686
21
-4.0572444881889762
0
LINE
8
BLACK
6
CONTINUOUS
10
4.5950009842519686
20
-4.0572444881889762
11
4.5949528740157479
21
-4.0572925590551181
0
LINE
8
BLACK
6
CONTINUOUS
10
4.5949528740157479
20
-4.0572925590551181
11
4.5933121259842515
21
-4.0606740551181097
0
LINE
8
BLACK
6
CONTINUOUS
10
4.5933121259842515
20
-4.0606740551181097
11
4.5931560629921258
21
-4.0609219291338583
0
LINE
8
BLACK
6
CONTINUOUS
10
4.5931560629921258
20
-4.0609219291338583
11
4.5931262598425198
21
-4.0609939763779526
0
LINE
8
BLACK
6
CONTINUOUS
10
4.5931262598425198
20
-4.0609939763779526
11
4.593081692913386
21
-4.0610400787401577
0
LINE
8
BLACK
6
CONTINUOUS
10
4.593081692913386
20
-4.0610400787401577
11
4.5930037795275593
21
-4.0611639370078736
0
LINE
8
BLACK
6
CONTINUOUS
10
4.5930037795275593
20
-4.0611639370078736
11
4.5927481102362204
21
-4.0613856299212596
0
LINE
8
BLACK
6
CONTINUOUS
10
4.5927481102362204
20
-4.0613856299212596
11
4.5908842913385826
21
-4.0633162204724407
0
LINE
8
BLACK
6
CONTINUOUS
10
4.5908842913385826
20
-4.0633162204724407
11
4.5906579133858267
21
-4.0635019685039371
0
LINE
8
BLACK
6
CONTINUOUS
10
4.5906579133858267
20
-4.0635019685039371
11
4.5906067322834643
21
-4.0635610236220474
0
LINE
8
BLACK
6
CONTINUOUS
10
4.5906067322834643
20
-4.0635610236220474
11
4.5905510629921258
21
-4.0635896456692908
0
LINE
8
BLACK
6
CONTINUOUS
10
4.5905510629921258
20
-4.0635896456692908
11
4.590436811023622
21
-4.0636834645669291
0
LINE
8
BLACK
6
CONTINUOUS
10
4.590436811023622
20
-4.0636834645669291
11
4.5900899212598425
21
-4.0638271259842522
0
LINE
8
BLACK
6
CONTINUOUS
10
4.5900899212598425
20
-4.0638271259842522
11
4.5863673228346453
21
-4.0657441338582681
0
LINE
8
BLACK
6
CONTINUOUS
10
4.5863673228346453
20
-4.0657441338582681
11
4.5858266929133853
21
-4.0659510236220475
0
LINE
8
BLACK
6
CONTINUOUS
10
4.5858266929133853
20
-4.0659510236220475
11
4.5857208661417319
21
-4.0659585039370079
0
LINE
8
BLACK
6
CONTINUOUS
10
4.5857208661417319
20
-4.0659585039370079
11
4.5856228740157476
21
-4.0659991338582673
0
LINE
8
BLACK
6
CONTINUOUS
10
4.5856228740157476
20
-4.0659991338582673
11
4.5851082677165351
21
-4.0660020472440941
0
LINE
8
BLACK
6
CONTINUOUS
10
4.5851082677165351
20
-4.0660020472440941
11
4.5846774803149604
21
-4.0660326771653539
0
LINE
8
BLACK
6
CONTINUOUS
10
4.5846774803149604
20
-4.0660326771653539
11
4.5845944094488189
21
-4.0660049606299209
0
LINE
8
BLACK
6
CONTINUOUS
10
4.5845944094488189
20
-4.0660049606299209
11
4.575672992125984
21
-4.0660558661417321
0
LINE
8
BLACK
6
CONTINUOUS
10
4.575672992125984
20
-4.0660558661417321
11
4.5753813779527555
21
-4.0660271259842515
0
LINE
8
BLACK
6
CONTINUOUS
10
4.5753813779527555
20
-4.0660271259842515
11
4.5753036614173226
21
-4.0660326771653539
0
LINE
8
BLACK
6
CONTINUOUS
10
4.5753036614173226
20
-4.0660326771653539
11
4.5752450787401573
21
-4.0660137007874013
0
LINE
8
BLACK
6
CONTINUOUS
10
4.5752450787401573
20
-4.0660137007874013
11
4.5750969291338581
21
-4.0659991338582673
0
LINE
8
BLACK
6
CONTINUOUS
10
4.5750969291338581
20
-4.0659991338582673
11
4.5747283858267718
21
-4.0658464566929133
0
LINE
8
BLACK
6
CONTINUOUS
10
4.5747283858267718
20
-4.0658464566929133
11
4.5691149606299213
21
-4.0640295669291335
0
LINE
8
BLACK
6
CONTINUOUS
10
4.5691149606299213
20
-4.0640295669291335
11
4.568586377952756
21
-4.0637935826771656
0
LINE
8
BLACK
6
CONTINUOUS
10
4.568586377952756
20
-4.0637935826771656
11
4.5677160236220473
21
-4.0630387007874011
0
LINE
8
BLACK
6
CONTINUOUS
10
4.5677160236220473
20
-4.0630387007874011
11
4.5672008267716535
21
-4.0620082677165357
0
LINE
8
BLACK
6
CONTINUOUS
10
4.5672008267716535
20
-4.0620082677165357
11
4.5671191338582675
21
-4.0608590551181099
0
LINE
8
BLACK
6
CONTINUOUS
10
4.5671191338582675
20
-4.0608590551181099
11
4.5674834645669291
21
-4.0597660236220472
0
LINE
8
BLACK
6
CONTINUOUS
10
4.5674834645669291
20
-4.0597660236220472
11
4.5682383464566927
21
-4.0588956692913385
0
LINE
8
BLACK
6
CONTINUOUS
10
4.5682383464566927
20
-4.0588956692913385
11
4.5692687795275591
21
-4.0583804724409447
0
LINE
8
BLACK
6
CONTINUOUS
10
4.5692687795275591
20
-4.0583804724409447
11
4.570417992125984
21
-4.0582987795275587
0
LINE
8
BLACK
6
CONTINUOUS
10
4.570417992125984
20
-4.0582987795275587
11
4.576292755905512
21
-4.0602002362204725
0
LINE
8
BLACK
6
CONTINUOUS
10
4.576292755905512
20
-4.0602002362204725
11
4.58443374015748
21
-4.0601538188976374
0
LINE
8
BLACK
6
CONTINUOUS
10
4.58443374015748
20
-4.0601538188976374
11
4.5871404330708661
21
-4.0587599999999995
0
LINE
8
BLACK
6
CONTINUOUS
10
4.5871404330708661
20
-4.0587599999999995
11
4.5883312204724405
21
-4.0575265748031493
0
LINE
8
BLACK
6
CONTINUOUS
10
4.5883312204724405
20
-4.0575265748031493
11
4.5896323228346452
21
-4.0548451181102365
0
LINE
8
BLACK
6
CONTINUOUS
10
4.5896323228346452
20
-4.0548451181102365
11
4.58960125984252
21
-4.0524765748031495
0
LINE
8
BLACK
6
CONTINUOUS
10
4.58960125984252
20
-4.0524765748031495
11
4.5882027559055114
21
-4.0497607874015751
0
LINE
8
BLACK
6
CONTINUOUS
10
4.5882027559055114
20
-4.0497607874015751
11
4.5869694094488187
21
-4.0485700787401573
0
LINE
8
BLACK
6
CONTINUOUS
10
4.5869694094488187
20
-4.0485700787401573
11
4.5838191338582677
21
-4.0470414960629917
0
LINE
8
BLACK
6
CONTINUOUS
10
4.5838191338582677
20
-4.0470414960629917
11
4.5768316141732281
21
-4.0453452755905515
0
LINE
8
BLACK
6
CONTINUOUS
10
4.5768316141732281
20
-4.0453452755905515
11
4.5767890944881886
21
-4.0453300787401574
0
LINE
8
BLACK
6
CONTINUOUS
10
4.5767890944881886
20
-4.0453300787401574
11
4.5767678346456693
21
-4.0453285826771657
0
LINE
8
BLACK
6
CONTINUOUS
10
4.5767678346456693
20
-4.0453285826771657
11
4.5767201574803149
21
-4.0453054330708662
0
LINE
8
BLACK
6
CONTINUOUS
10
4.5767201574803149
20
-4.0453054330708662
11
4.5762864960629921
21
-4.0451505118110234
0
LINE
8
BLACK
6
CONTINUOUS
10
4.5762864960629921
20
-4.0451505118110234
11
4.5760695275590546
21
-4.0449897637795278
0
LINE
8
BLACK
6
CONTINUOUS
10
4.5760695275590546
20
-4.0449897637795278
11
4.5724777165354329
21
-4.0432469291338577
0
LINE
8
BLACK
6
CONTINUOUS
10
4.5724777165354329
20
-4.0432469291338577
11
4.5722296850393702
21
-4.0430908267716532
0
LINE
8
BLACK
6
CONTINUOUS
10
4.5722296850393702
20
-4.0430908267716532
11
4.5721577559055113
21
-4.0430610236220472
0
LINE
8
BLACK
6
CONTINUOUS
10
4.5721577559055113
20
-4.0430610236220472
11
4.5721116535433071
21
-4.0430164960629922
0
LINE
8
BLACK
6
CONTINUOUS
10
4.5721116535433071
20
-4.0430164960629922
11
4.571987834645669
21
-4.0429385826771655
0
LINE
8
BLACK
6
CONTINUOUS
10
4.571987834645669
20
-4.0429385826771655
11
4.5717660629921255
21
-4.0426828740157479
0
LINE
8
BLACK
6
CONTINUOUS
10
4.5717660629921255
20
-4.0426828740157479
11
4.569835551181102
21
-4.04081905511811
0
LINE
8
BLACK
6
CONTINUOUS
10
4.569835551181102
20
-4.04081905511811
11
4.5696497637795277
21
-4.0405926771653542
0
LINE
8
BLACK
6
CONTINUOUS
10
4.5696497637795277
20
-4.0405926771653542
11
4.5695907874015749
21
-4.0405415354330705
0
LINE
8
BLACK
6
CONTINUOUS
10
4.5695907874015749
20
-4.0405415354330705
11
4.5695621259842518
21
-4.040485866141732
0
LINE
8
BLACK
6
CONTINUOUS
10
4.5695621259842518
20
-4.040485866141732
11
4.5694683464566932
21
-4.0403716141732282
0
LINE
8
BLACK
6
CONTINUOUS
10
4.5694683464566932
20
-4.0403716141732282
11
4.5693246850393701
21
-4.0400248031496062
0
LINE
8
BLACK
6
CONTINUOUS
10
4.5693246850393701
20
-4.0400248031496062
11
4.5674076771653542
21
-4.0363021259842515
0
LINE
8
BLACK
6
CONTINUOUS
10
4.5674076771653542
20
-4.0363021259842515
11
4.5672007874015748
21
-4.0357614960629924
0
LINE
8
BLACK
6
CONTINUOUS
10
4.5672007874015748
20
-4.0357614960629924
11
4.5671932677165357
21
-4.0356556692913381
0
LINE
8
BLACK
6
CONTINUOUS
10
4.5671932677165357
20
-4.0356556692913381
11
4.5671526771653541
21
-4.0355576771653539
0
LINE
8
BLACK
6
CONTINUOUS
10
4.5671526771653541
20
-4.0355576771653539
11
4.5671450393700788
21
-4.0349772047244095
0
LINE
8
BLACK
6
CONTINUOUS
10
4.5671450393700788
20
-4.0349772047244095
11
4.5671191338582675
21
-4.0346122834645666
0
LINE
8
BLACK
6
CONTINUOUS
10
4.5671191338582675
20
-4.0346122834645666
11
4.5671394488188977
21
-4.0345512204724407
0
LINE
8
BLACK
6
CONTINUOUS
10
4.5671394488188977
20
-4.0345512204724407
11
4.5670959448818893
21
-4.0312320866141729
0
LINE
8
BLACK
6
CONTINUOUS
10
4.5670959448818893
20
-4.0312320866141729
11
4.5671526771653541
21
-4.030656023622047
0
LINE
8
BLACK
6
CONTINUOUS
10
4.5671526771653541
20
-4.030656023622047
11
4.5671932677165357
21
-4.030557992125984
0
LINE
8
BLACK
6
CONTINUOUS
10
4.5671932677165357
20
-4.030557992125984
11
4.5672007874015748
21
-4.0304522047244093
0
LINE
8
BLACK
6
CONTINUOUS
10
4.5672007874015748
20
-4.0304522047244093
11
4.5674489763779524
21
-4.0299406299212599
0
LINE
8
BLACK
6
CONTINUOUS
10
4.5674489763779524
20
-4.0299406299212599
11
4.5675935826771656
21
-4.0295916141732286
0
LINE
8
BLACK
6
CONTINUOUS
10
4.5675935826771656
20
-4.0295916141732286
11
4.5676416929133854
21
-4.0295434645669292
0
LINE
8
BLACK
6
CONTINUOUS
10
4.5676416929133854
20
-4.0295434645669292
11
4.5692824409448818
21
-4.0261620472440942
0
LINE
8
BLACK
6
CONTINUOUS
10
4.5692824409448818
20
-4.0261620472440942
11
4.5694385039370076
21
-4.0259140157480315
0
LINE
8
BLACK
6
CONTINUOUS
10
4.5694385039370076
20
-4.0259140157480315
11
4.5694683464566932
21
-4.0258420866141735
0
LINE
8
BLACK
6
CONTINUOUS
10
4.5694683464566932
20
-4.0258420866141735
11
4.5695128346456695
21
-4.0257959842519684
0
LINE
8
BLACK
6
CONTINUOUS
10
4.5695128346456695
20
-4.0257959842519684
11
4.5695907874015749
21
-4.0256721653543304
0
LINE
8
BLACK
6
CONTINUOUS
10
4.5695907874015749
20
-4.0256721653543304
11
4.5698464566929129
21
-4.0254503937007877
0
LINE
8
BLACK
6
CONTINUOUS
10
4.5698464566929129
20
-4.0254503937007877
11
4.5717103149606295
21
-4.0235198818897633
0
LINE
8
BLACK
6
CONTINUOUS
10
4.5717103149606295
20
-4.0235198818897633
11
4.5719366535433066
21
-4.023334094488189
0
LINE
8
BLACK
6
CONTINUOUS
10
4.5719366535433066
20
-4.023334094488189
11
4.571987834645669
21
-4.0232751181102362
0
LINE
8
BLACK
6
CONTINUOUS
10
4.571987834645669
20
-4.0232751181102362
11
4.5720434645669288
21
-4.0232464566929131
0
LINE
8
BLACK
6
CONTINUOUS
10
4.5720434645669288
20
-4.0232464566929131
11
4.5721577559055113
21
-4.0231526771653545
0
LINE
8
BLACK
6
CONTINUOUS
10
4.5721577559055113
20
-4.0231526771653545
11
4.5725046062992121
21
-4.0230089763779526
0
LINE
8
BLACK
6
CONTINUOUS
10
4.5725046062992121
20
-4.0230089763779526
11
4.576227244094488
21
-4.0210920078740156
0
LINE
8
BLACK
6
CONTINUOUS
10
4.576227244094488
20
-4.0210920078740156
11
4.5767678346456693
21
-4.0208851181102361
0
LINE
8
BLACK
6
CONTINUOUS
10
4.5767678346456693
20
-4.0208851181102361
11
4.5768737007874014
21
-4.0208775590551182
0
LINE
8
BLACK
6
CONTINUOUS
10
4.5768737007874014
20
-4.0208775590551182
11
4.5769716929133857
21
-4.0208370078740154
0
LINE
8
BLACK
6
CONTINUOUS
10
4.5769716929133857
20
-4.0208370078740154
11
4.5774862204724407
21
-4.0208340551181099
0
LINE
8
BLACK
6
CONTINUOUS
10
4.5774862204724407
20
-4.0208340551181099
11
4.5779170472440942
21
-4.0208034645669288
0
LINE
8
BLACK
6
CONTINUOUS
10
4.5779170472440942
20
-4.0208034645669288
11
4.5780000787401578
21
-4.0208311417322831
0
LINE
8
BLACK
6
CONTINUOUS
10
4.5780000787401578
20
-4.0208311417322831
11
4.5869215748031493
21
-4.0207802755905515
0
LINE
8
BLACK
6
CONTINUOUS
10
4.5869215748031493
20
-4.0207802755905515
11
4.5872131102362204
21
-4.0208089763779524
0
LINE
8
BLACK
6
CONTINUOUS
10
4.6212434251968499
20
-4.0339603543307083
11
4.6213414173228342
21
-4.0340009448818899
0
LINE
8
BLACK
6
CONTINUOUS
10
4.6213414173228342
20
-4.0340009448818899
11
4.6214472440944885
21
-4.034008464566929
0
LINE
8
BLACK
6
CONTINUOUS
10
4.6214472440944885
20
-4.034008464566929
11
4.6219587795275592
21
-4.0342566535433066
0
LINE
8
BLACK
6
CONTINUOUS
10
4.6219587795275592
20
-4.0342566535433066
11
4.6223078346456692
21
-4.0344012598425198
0
LINE
8
BLACK
6
CONTINUOUS
10
4.6223078346456692
20
-4.0344012598425198
11
4.6223559448818898
21
-4.0344493700787405
0
LINE
8
BLACK
6
CONTINUOUS
10
4.6223559448818898
20
-4.0344493700787405
11
4.6257374015748027
21
-4.036090118110236
0
LINE
8
BLACK
6
CONTINUOUS
10
4.6257374015748027
20
-4.036090118110236
11
4.6259853937007875
21
-4.0362461811023618
0
LINE
8
BLACK
6
CONTINUOUS
10
4.6259853937007875
20
-4.0362461811023618
11
4.6260573622047243
21
-4.0362760236220474
0
LINE
8
BLACK
6
CONTINUOUS
10
4.6260573622047243
20
-4.0362760236220474
11
4.6261034251968507
21
-4.0363205118110237
0
LINE
8
BLACK
6
CONTINUOUS
10
4.6261034251968507
20
-4.0363205118110237
11
4.6262272834645666
21
-4.0363984645669291
0
LINE
8
BLACK
6
CONTINUOUS
10
4.6262272834645666
20
-4.0363984645669291
11
4.6264490157480314
21
-4.036654133858268
0
LINE
8
BLACK
6
CONTINUOUS
10
4.6264490157480314
20
-4.036654133858268
11
4.6283795669291337
21
-4.0385179921259837
0
LINE
8
BLACK
6
CONTINUOUS
10
4.6283795669291337
20
-4.0385179921259837
11
4.6285653149606301
21
-4.0387443307086617
0
LINE
8
BLACK
6
CONTINUOUS
10
4.6285653149606301
20
-4.0387443307086617
11
4.6286243307086616
21
-4.0387955118110233
0
LINE
8
BLACK
6
CONTINUOUS
10
4.6286243307086616
20
-4.0387955118110233
11
4.628652952755905
21
-4.038851141732283
0
LINE
8
BLACK
6
CONTINUOUS
10
4.628652952755905
20
-4.038851141732283
11
4.6287467716535433
21
-4.0389654330708664
0
LINE
8
BLACK
6
CONTINUOUS
10
4.6287467716535433
20
-4.0389654330708664
11
4.6288904330708665
21
-4.0393122834645672
0
LINE
8
BLACK
6
CONTINUOUS
10
4.6288904330708665
20
-4.0393122834645672
11
4.6308074409448814
21
-4.0430349212598422
0
LINE
8
BLACK
6
CONTINUOUS
10
4.6308074409448814
20
-4.0430349212598422
11
4.6310143307086618
21
-4.0435755118110235
0
LINE
8
BLACK
6
CONTINUOUS
10
4.6310143307086618
20
-4.0435755118110235
11
4.6310218503937008
21
-4.0436813779527556
0
LINE
8
BLACK
6
CONTINUOUS
10
4.6310218503937008
20
-4.0436813779527556
11
4.6310624409448815
21
-4.0437793700787399
0
LINE
8
BLACK
6
CONTINUOUS
10
4.6310624409448815
20
-4.0437793700787399
11
4.6310648425196845
21
-4.0442868897637796
0
LINE
8
BLACK
6
CONTINUOUS
10
4.6310648425196845
20
-4.0442868897637796
11
4.6310959842519681
21
-4.0447247244094484
0
LINE
8
BLACK
6
CONTINUOUS
10
4.6310959842519681
20
-4.0447247244094484
11
4.6310673622047247
21
-4.0448105118110238
0
LINE
8
BLACK
6
CONTINUOUS
10
4.6310673622047247
20
-4.0448105118110238
11
4.6311191732283463
21
-4.0556040157480311
0
LINE
8
BLACK
6
CONTINUOUS
10
4.6311191732283463
20
-4.0556040157480311
11
4.6310624409448815
21
-4.056180078740157
0
LINE
8
BLACK
6
CONTINUOUS
10
4.6310624409448815
20
-4.056180078740157
11
4.6310218503937008
21
-4.0562780314960625
0
LINE
8
BLACK
6
CONTINUOUS
10
4.6310218503937008
20
-4.0562780314960625
11
4.6310143307086618
21
-4.0563839370078743
0
LINE
8
BLACK
6
CONTINUOUS
10
4.6310143307086618
20
-4.0563839370078743
11
4.6307659842519682
21
-4.0568956692913387
0
LINE
8
BLACK
6
CONTINUOUS
10
4.6307659842519682
20
-4.0568956692913387
11
4.6306215354330709
21
-4.0572444881889762
0
LINE
8
BLACK
6
CONTINUOUS
10
4.6306215354330709
20
-4.0572444881889762
11
4.6305734251968502
21
-4.0572925590551181
0
LINE
8
BLACK
6
CONTINUOUS
10
4.6305734251968502
20
-4.0572925590551181
11
4.6289326771653538
21
-4.0606740551181097
0
LINE
8
BLACK
6
CONTINUOUS
10
4.6289326771653538
20
-4.0606740551181097
11
4.6287766141732281
21
-4.0609219291338583
0
LINE
8
BLACK
6
CONTINUOUS
10
4.6287766141732281
20
-4.0609219291338583
11
4.6287468110236221
21
-4.0609939763779526
0
LINE
8
BLACK
6
CONTINUOUS
10
4.6287468110236221
20
-4.0609939763779526
11
4.6287022440944883
21
-4.0610400787401577
0
LINE
8
BLACK
6
CONTINUOUS
10
4.6287022440944883
20
-4.0610400787401577
11
4.6286243307086616
21
-4.0611639370078736
0
LINE
8
BLACK
6
CONTINUOUS
10
4.6286243307086616
20
-4.0611639370078736
11
4.6283686614173227
21
-4.0613856299212596
0
LINE
8
BLACK
6
CONTINUOUS
10
4.6283686614173227
20
-4.0613856299212596
11
4.6265048425196849
21
-4.0633162204724407
0
LINE
8
BLACK
6
CONTINUOUS
10
4.6265048425196849
20
-4.0633162204724407
11
4.626278464566929
21
-4.0635019685039371
0
LINE
8
BLACK
6
CONTINUOUS
10
4.626278464566929
20
-4.0635019685039371
11
4.6262272834645666
21
-4.0635610236220474
0
LINE
8
BLACK
6
CONTINUOUS
10
4.6262272834645666
20
-4.0635610236220474
11
4.6261716141732281
21
-4.0635896456692908
0
LINE
8
BLACK
6
CONTINUOUS
10
4.6261716141732281
20
-4.0635896456692908
11
4.6260573622047243
21
-4.0636834645669291
0
LINE
8
BLACK
6
CONTINUOUS
10
4.6260573622047243
20
-4.0636834645669291
11
4.6257104724409448
21
-4.0638271259842522
0
LINE
8
BLACK
6
CONTINUOUS
10
4.6257104724409448
20
-4.0638271259842522
11
4.6219878740157476
21
-4.0657441338582681
0
LINE
8
BLACK
6
CONTINUOUS
10
4.6219878740157476
20
-4.0657441338582681
11
4.6214472440944885
21
-4.0659510236220475
0
LINE
8
BLACK
6
CONTINUOUS
10
4.6214472440944885
20
-4.0659510236220475
11
4.6213414173228342
21
-4.0659585039370079
0
LINE
8
BLACK
6
CONTINUOUS
10
4.6213414173228342
20
-4.0659585039370079
11
4.6212434251968499
21
-4.0659991338582673
0
LINE
8
BLACK
6
CONTINUOUS
10
4.6212434251968499
20
-4.0659991338582673
11
4.6207001574803153
21
-4.0660040944881892
0
LINE
8
BLACK
6
CONTINUOUS
10
4.6207001574803153
20
-4.0660040944881892
11
4.6202980314960627
21
-4.0660326771653539
0
LINE
8
BLACK
6
CONTINUOUS
10
4.6202980314960627
20
-4.0660326771653539
11
4.6202253149606296
21
-4.0660084251968502
0
LINE
8
BLACK
6
CONTINUOUS
10
4.6202253149606296
20
-4.0660084251968502
11
4.6150430708661414
21
-4.0660558661417321
0
LINE
8
BLACK
6
CONTINUOUS
10
4.6150430708661414
20
-4.0660558661417321
11
4.6144670078740155
21
-4.0659991338582673
0
LINE
8
BLACK
6
CONTINUOUS
10
4.6144670078740155
20
-4.0659991338582673
11
4.6143690157480313
21
-4.0659585433070866
0
LINE
8
BLACK
6
CONTINUOUS
10
4.6143690157480313
20
-4.0659585433070866
11
4.6142631496062991
21
-4.0659510236220475
0
LINE
8
BLACK
6
CONTINUOUS
10
4.6142631496062991
20
-4.0659510236220475
11
4.6137513779527559
21
-4.0657026771653539
0
LINE
8
BLACK
6
CONTINUOUS
10
4.6137513779527559
20
-4.0657026771653539
11
4.6134025984251972
21
-4.0655582283464566
0
LINE
8
BLACK
6
CONTINUOUS
10
4.6134025984251972
20
-4.0655582283464566
11
4.6133544881889765
21
-4.065510118110236
0
LINE
8
BLACK
6
CONTINUOUS
10
4.6133544881889765
20
-4.065510118110236
11
4.6099730314960627
21
-4.0638693700787405
0
LINE
8
BLACK
6
CONTINUOUS
10
4.6099730314960627
20
-4.0638693700787405
11
4.6097250000000001
21
-4.0637132677165351
0
LINE
8
BLACK
6
CONTINUOUS
10
4.6097250000000001
20
-4.0637132677165351
11
4.6096530708661421
21
-4.0636834645669291
0
LINE
8
BLACK
6
CONTINUOUS
10
4.6096530708661421
20
-4.0636834645669291
11
4.6096069685039369
21
-4.063638937007874
0
LINE
8
BLACK
6
CONTINUOUS
10
4.6096069685039369
20
-4.063638937007874
11
4.6094831496062989
21
-4.0635610236220474
0
LINE
8
BLACK
6
CONTINUOUS
10
4.6094831496062989
20
-4.0635610236220474
11
4.6092613385826775
21
-4.0633052362204722
0
LINE
8
BLACK
6
CONTINUOUS
10
4.6092613385826775
20
-4.0633052362204722
11
4.6073308267716531
21
-4.0614414173228344
0
LINE
8
BLACK
6
CONTINUOUS
10
4.6073308267716531
20
-4.0614414173228344
11
4.6071450787401576
21
-4.0612150787401573
0
LINE
8
BLACK
6
CONTINUOUS
10
4.6071450787401576
20
-4.0612150787401573
11
4.6070861023622047
21
-4.0611639370078736
0
LINE
8
BLACK
6
CONTINUOUS
10
4.6070861023622047
20
-4.0611639370078736
11
4.6070574409448817
21
-4.0611083070866139
0
LINE
8
BLACK
6
CONTINUOUS
10
4.6070574409448817
20
-4.0611083070866139
11
4.6069636220472443
21
-4.0609939763779526
0
LINE
8
BLACK
6
CONTINUOUS
10
4.6069636220472443
20
-4.0609939763779526
11
4.6068199212598424
21
-4.0606470472440943
0
LINE
8
BLACK
6
CONTINUOUS
10
4.6068199212598424
20
-4.0606470472440943
11
4.6049029921259841
21
-4.0569245275590546
0
LINE
8
BLACK
6
CONTINUOUS
10
4.6049029921259841
20
-4.0569245275590546
11
4.6046961023622046
21
-4.0563838976377955
0
LINE
8
BLACK
6
CONTINUOUS
10
4.6046961023622046
20
-4.0563838976377955
11
4.6046885826771655
21
-4.0562780708661412
0
LINE
8
BLACK
6
CONTINUOUS
10
4.6046885826771655
20
-4.0562780708661412
11
4.604647992125984
21
-4.056180078740157
0
LINE
8
BLACK
6
CONTINUOUS
10
4.604647992125984
20
-4.056180078740157
11
4.6046455511811022
21
-4.0556724803149606
0
LINE
8
BLACK
6
CONTINUOUS
10
4.6046455511811022
20
-4.0556724803149606
11
4.6046144488188974
21
-4.0552346850393697
0
LINE
8
BLACK
6
CONTINUOUS
10
4.6046144488188974
20
-4.0552346850393697
11
4.6046430314960629
21
-4.0551488976377952
0
LINE
8
BLACK
6
CONTINUOUS
10
4.6046430314960629
20
-4.0551488976377952
11
4.6045912598425192
21
-4.0443554330708658
0
LINE
8
BLACK
6
CONTINUOUS
10
4.6045912598425192
20
-4.0443554330708658
11
4.604647992125984
21
-4.0437793700787399
0
LINE
8
BLACK
6
CONTINUOUS
10
4.604647992125984
20
-4.0437793700787399
11
4.6046885826771655
21
-4.0436813385826769
0
LINE
8
BLACK
6
CONTINUOUS
10
4.6046885826771655
20
-4.0436813385826769
11
4.6046961023622046
21
-4.0435755511811022
0
LINE
8
BLACK
6
CONTINUOUS
10
4.6046961023622046
20
-4.0435755511811022
11
4.6049442913385823
21
-4.0430639763779528
0
LINE
8
BLACK
6
CONTINUOUS
10
4.6049442913385823
20
-4.0430639763779528
11
4.6050888976377955
21
-4.0427149606299215
0
LINE
8
BLACK
6
CONTINUOUS
10
4.6050888976377955
20
-4.0427149606299215
11
4.6051370078740153
21
-4.0426668110236221
0
LINE
8
BLACK
6
CONTINUOUS
10
4.6051370078740153
20
-4.0426668110236221
11
4.6067777559055116
21
-4.0392853937007871
0
LINE
8
BLACK
6
CONTINUOUS
10
4.6067777559055116
20
-4.0392853937007871
11
4.6069338188976374
21
-4.0390373622047244
0
LINE
8
BLACK
6
CONTINUOUS
10
4.6069338188976374
20
-4.0390373622047244
11
4.6069636614173231
21
-4.0389654330708664
0
LINE
8
BLACK
6
CONTINUOUS
10
4.6069636614173231
20
-4.0389654330708664
11
4.6070081496062993
21
-4.0389193307086613
0
LINE
8
BLACK
6
CONTINUOUS
10
4.6070081496062993
20
-4.0389193307086613
11
4.6070861023622047
21
-4.0387955118110233
0
LINE
8
BLACK
6
CONTINUOUS
10
4.6070861023622047
20
-4.0387955118110233
11
4.6073417716535436
21
-4.0385737401574806
0
LINE
8
BLACK
6
CONTINUOUS
10
4.6073417716535436
20
-4.0385737401574806
11
4.6092056299212594
21
-4.0366432283464562
0
LINE
8
BLACK
6
CONTINUOUS
10
4.6092056299212594
20
-4.0366432283464562
11
4.6094319685039373
21
-4.0364574409448819
0
LINE
8
BLACK
6
CONTINUOUS
10
4.6094319685039373
20
-4.0364574409448819
11
4.6094831496062989
21
-4.0363984645669291
0
LINE
8
BLACK
6
CONTINUOUS
10
4.6094831496062989
20
-4.0363984645669291
11
4.6095387795275586
21
-4.036369803149606
0
LINE
8
BLACK
6
CONTINUOUS
10
4.6095387795275586
20
-4.036369803149606
11
4.6096530708661421
21
-4.0362760236220474
0
LINE
8
BLACK
6
CONTINUOUS
10
4.6096530708661421
20
-4.0362760236220474
11
4.6099999212598428
21
-4.0361323228346455
0
LINE
8
BLACK
6
CONTINUOUS
10
4.6099999212598428
20
-4.0361323228346455
11
4.6137225590551179
21
-4.0342153543307084
0
LINE
8
BLACK
6
CONTINUOUS
10
4.6137225590551179
20
-4.0342153543307084
11
4.6142631496062991
21
-4.034008464566929
0
LINE
8
BLACK
6
CONTINUOUS
10
4.6142631496062991
20
-4.034008464566929
11
4.6143690157480313
21
-4.0340009055118111
0
LINE
8
BLACK
6
CONTINUOUS
10
4.6143690157480313
20
-4.0340009055118111
11
4.6144670078740155
21
-4.0339603543307083
0
LINE
8
BLACK
6
CONTINUOUS
10
4.6144670078740155
20
-4.0339603543307083
11
4.6150101968503936
21
-4.0339553543307085
0
LINE
8
BLACK
6
CONTINUOUS
10
4.6150101968503936
20
-4.0339553543307085
11
4.6154123622047241
21
-4.0339268110236217
0
LINE
8
BLACK
6
CONTINUOUS
10
4.6154123622047241
20
-4.0339268110236217
11
4.6154850393700784
21
-4.0339510236220475
0
LINE
8
BLACK
6
CONTINUOUS
10
4.6154850393700784
20
-4.0339510236220475
11
4.6206673622047241
21
-4.0339036220472444
0
LINE
8
BLACK
6
CONTINUOUS
10
4.6206673622047241
20
-4.0339036220472444
11
4.6212434251968499
21
-4.0339603543307083
0
LINE
8
BLACK
6
CONTINUOUS
10
4.6156602755905514
20
-4.039803464566929
11
4.6129493700787396
21
-4.0411994488188974
0
LINE
8
BLACK
6
CONTINUOUS
10
4.6129493700787396
20
-4.0411994488188974
11
4.6117586614173227
21
-4.0424327952755901
0
LINE
8
BLACK
6
CONTINUOUS
10
4.6117586614173227
20
-4.0424327952755901
11
4.6104465354330708
21
-4.0451369685039369
0
LINE
8
BLACK
6
CONTINUOUS
10
4.6104465354330708
20
-4.0451369685039369
11
4.6104938188976377
21
-4.0549920472440943
0
LINE
8
BLACK
6
CONTINUOUS
10
4.6104938188976377
20
-4.0549920472440943
11
4.6118871259842518
21
-4.0576976771653541
0
LINE
8
BLACK
6
CONTINUOUS
10
4.6118871259842518
20
-4.0576976771653541
11
4.6131204724409445
21
-4.0588884645669294
0
LINE
8
BLACK
6
CONTINUOUS
10
4.6131204724409445
20
-4.0588884645669294
11
4.6158126377952753
21
-4.0601947637795277
0
LINE
8
BLACK
6
CONTINUOUS
10
4.6158126377952753
20
-4.0601947637795277
11
4.6200501181102362
21
-4.0601559842519688
0
LINE
8
BLACK
6
CONTINUOUS
10
4.6200501181102362
20
-4.0601559842519688
11
4.6227609842519684
21
-4.0587599999999995
0
LINE
8
BLACK
6
CONTINUOUS
10
4.6227609842519684
20
-4.0587599999999995
11
4.6239517716535428
21
-4.0575265748031493
0
LINE
8
BLACK
6
CONTINUOUS
10
4.6239517716535428
20
-4.0575265748031493
11
4.6252638582677168
21
-4.0548224409448821
0
LINE
8
BLACK
6
CONTINUOUS
10
4.6252638582677168
20
-4.0548224409448821
11
4.6252165748031491
21
-4.0449673622047246
0
LINE
8
BLACK
6
CONTINUOUS
10
4.6252165748031491
20
-4.0449673622047246
11
4.6238233070866137
21
-4.0422617322834649
0
LINE
8
BLACK
6
CONTINUOUS
10
4.6238233070866137
20
-4.0422617322834649
11
4.622589960629921
21
-4.0410710236220471
0
LINE
8
BLACK
6
CONTINUOUS
10
4.622589960629921
20
-4.0410710236220471
11
4.6198977559055114
21
-4.03976468503937
0
LINE
8
BLACK
6
CONTINUOUS
10
4.6198977559055114
20
-4.03976468503937
11
4.6156602755905514
21
-4.039803464566929
0
LINE
8
BLACK
6
CONTINUOUS
10
4.684175118110236
20
-4.021277913385827
11
4.6849897637795275
21
-4.0220925590551184
0
LINE
8
BLACK
6
CONTINUOUS
10
4.6849897637795275
20
-4.0220925590551184
11
4.6854306692913381
21
-4.0231569685039368
0
LINE
8
BLACK
6
CONTINUOUS
10
4.6854306692913381
20
-4.0231569685039368
11
4.6854522047244096
21
-4.0383257874015746
0
LINE
8
BLACK
6
CONTINUOUS
10
4.6854522047244096
20
-4.0383257874015746
11
4.6854642125984247
21
-4.0383618110236217
0
LINE
8
BLACK
6
CONTINUOUS
10
4.6854642125984247
20
-4.0383618110236217
11
4.6854524803149609
21
-4.0385266535433066
0
LINE
8
BLACK
6
CONTINUOUS
10
4.6854524803149609
20
-4.0385266535433066
11
4.6854874015748029
21
-4.0631031102362201
0
LINE
8
BLACK
6
CONTINUOUS
10
4.6854874015748029
20
-4.0631031102362201
11
4.6854306692913381
21
-4.0636791732283459
0
LINE
8
BLACK
6
CONTINUOUS
10
4.6854306692913381
20
-4.0636791732283459
11
4.6849897637795275
21
-4.0647435826771652
0
LINE
8
BLACK
6
CONTINUOUS
10
4.6849897637795275
20
-4.0647435826771652
11
4.684175118110236
21
-4.0655582283464566
0
LINE
8
BLACK
6
CONTINUOUS
10
4.684175118110236
20
-4.0655582283464566
11
4.6831107086614177
21
-4.0659991338582673
0
LINE
8
BLACK
6
CONTINUOUS
10
4.6831107086614177
20
-4.0659991338582673
11
4.681958582677165
21
-4.0659991338582673
0
LINE
8
BLACK
6
CONTINUOUS
10
4.681958582677165
20
-4.0659991338582673
11
4.6808941732283467
21
-4.0655582283464566
0
LINE
8
BLACK
6
CONTINUOUS
10
4.6808941732283467
20
-4.0655582283464566
11
4.6807488188976381
21
-4.065412874015748
0
LINE
8
BLACK
6
CONTINUOUS
10
4.6807488188976381
20
-4.065412874015748
11
4.6801056299212593
21
-4.0657441338582681
0
LINE
8
BLACK
6
CONTINUOUS
10
4.6801056299212593
20
-4.0657441338582681
11
4.6795650000000002
21
-4.0659510236220475
0
LINE
8
BLACK
6
CONTINUOUS
10
4.6795650000000002
20
-4.0659510236220475
11
4.6794591732283459
21
-4.0659585039370079
0
LINE
8
BLACK
6
CONTINUOUS
10
4.6794591732283459
20
-4.0659585039370079
11
4.6793611811023617
21
-4.0659991338582673
0
LINE
8
BLACK
6
CONTINUOUS
10
4.6793611811023617
20
-4.0659991338582673
11
4.6788359448818895
21
-4.0660027952755904
0
LINE
8
BLACK
6
CONTINUOUS
10
4.6788359448818895
20
-4.0660027952755904
11
4.6784157874015744
21
-4.0660326771653539
0
LINE
8
BLACK
6
CONTINUOUS
10
4.6784157874015744
20
-4.0660326771653539
11
4.6783367322834648
21
-4.0660062992125985
0
LINE
8
BLACK
6
CONTINUOUS
10
4.6783367322834648
20
-4.0660062992125985
11
4.6712860629921256
21
-4.0660558661417321
0
LINE
8
BLACK
6
CONTINUOUS
10
4.6712860629921256
20
-4.0660558661417321
11
4.6707099999999997
21
-4.0659991338582673
0
LINE
8
BLACK
6
CONTINUOUS
10
4.6707099999999997
20
-4.0659991338582673
11
4.6706120078740154
21
-4.0659585433070866
0
LINE
8
BLACK
6
CONTINUOUS
10
4.6706120078740154
20
-4.0659585433070866
11
4.6705061417322833
21
-4.0659510236220475
0
LINE
8
BLACK
6
CONTINUOUS
10
4.6705061417322833
20
-4.0659510236220475
11
4.6699943700787401
21
-4.0657026771653539
0
LINE
8
BLACK
6
CONTINUOUS
10
4.6699943700787401
20
-4.0657026771653539
11
4.6696455905511813
21
-4.0655582283464566
0
LINE
8
BLACK
6
CONTINUOUS
10
4.6696455905511813
20
-4.0655582283464566
11
4.6695974803149607
21
-4.065510118110236
0
LINE
8
BLACK
6
CONTINUOUS
10
4.6695974803149607
20
-4.065510118110236
11
4.6662160236220469
21
-4.0638693700787405
0
LINE
8
BLACK
6
CONTINUOUS
10
4.6662160236220469
20
-4.0638693700787405
11
4.6659679921259842
21
-4.0637132677165351
0
LINE
8
BLACK
6
CONTINUOUS
10
4.6659679921259842
20
-4.0637132677165351
11
4.6658960629921262
21
-4.0636834645669291
0
LINE
8
BLACK
6
CONTINUOUS
10
4.6658960629921262
20
-4.0636834645669291
11
4.6658499606299211
21
-4.063638937007874
0
LINE
8
BLACK
6
CONTINUOUS
10
4.6658499606299211
20
-4.063638937007874
11
4.6657261417322831
21
-4.0635610236220474
0
LINE
8
BLACK
6
CONTINUOUS
10
4.6657261417322831
20
-4.0635610236220474
11
4.6655043307086617
21
-4.0633052362204722
0
LINE
8
BLACK
6
CONTINUOUS
10
4.6655043307086617
20
-4.0633052362204722
11
4.6635738188976381
21
-4.0614414173228344
0
LINE
8
BLACK
6
CONTINUOUS
10
4.6635738188976381
20
-4.0614414173228344
11
4.6633880708661417
21
-4.0612150787401573
0
LINE
8
BLACK
6
CONTINUOUS
10
4.6633880708661417
20
-4.0612150787401573
11
4.6633290944881889
21
-4.0611639370078736
0
LINE
8
BLACK
6
CONTINUOUS
10
4.6633290944881889
20
-4.0611639370078736
11
4.6633004330708658
21
-4.0611083070866139
0
LINE
8
BLACK
6
CONTINUOUS
10
4.6633004330708658
20
-4.0611083070866139
11
4.6632066141732285
21
-4.0609939763779526
0
LINE
8
BLACK
6
CONTINUOUS
10
4.6632066141732285
20
-4.0609939763779526
11
4.6630629133858266
21
-4.0606470472440943
0
LINE
8
BLACK
6
CONTINUOUS
10
4.6630629133858266
20
-4.0606470472440943
11
4.6611459842519682
21
-4.0569245275590546
0
LINE
8
BLACK
6
CONTINUOUS
10
4.6611459842519682
20
-4.0569245275590546
11
4.6609390944881888
21
-4.0563838976377955
0
LINE
8
BLACK
6
CONTINUOUS
10
4.6609390944881888
20
-4.0563838976377955
11
4.6609315748031497
21
-4.0562780708661412
0
LINE
8
BLACK
6
CONTINUOUS
10
4.6609315748031497
20
-4.0562780708661412
11
4.6608909842519681
21
-4.056180078740157
0
LINE
8
BLACK
6
CONTINUOUS
10
4.6608909842519681
20
-4.056180078740157
11
4.6608885433070864
21
-4.0556724803149606
0
LINE
8
BLACK
6
CONTINUOUS
10
4.6608885433070864
20
-4.0556724803149606
11
4.6608574409448815
21
-4.0552346850393697
0
LINE
8
BLACK
6
CONTINUOUS
10
4.6608574409448815
20
-4.0552346850393697
11
4.6608860236220471
21
-4.0551488976377952
0
LINE
8
BLACK
6
CONTINUOUS
10
4.6608860236220471
20
-4.0551488976377952
11
4.6608342519685042
21
-4.0443554330708658
0
LINE
8
BLACK
6
CONTINUOUS
10
4.6608342519685042
20
-4.0443554330708658
11
4.6608909842519681
21
-4.0437793700787399
0
LINE
8
BLACK
6
CONTINUOUS
10
4.6608909842519681
20
-4.0437793700787399
11
4.6609315748031497
21
-4.0436813385826769
0
LINE
8
BLACK
6
CONTINUOUS
10
4.6609315748031497
20
-4.0436813385826769
11
4.6609390944881888
21
-4.0435755511811022
0
LINE
8
BLACK
6
CONTINUOUS
10
4.6609390944881888
20
-4.0435755511811022
11
4.6611872834645665
21
-4.0430639763779528
0
LINE
8
BLACK
6
CONTINUOUS
10
4.6611872834645665
20
-4.0430639763779528
11
4.6613318897637797
21
-4.0427149606299215
0
LINE
8
BLACK
6
CONTINUOUS
10
4.6613318897637797
20
-4.0427149606299215
11
4.6613800000000003
21
-4.0426668110236221
0
LINE
8
BLACK
6
CONTINUOUS
10
4.6613800000000003
20
-4.0426668110236221
11
4.6630207480314958
21
-4.0392853937007871
0
LINE
8
BLACK
6
CONTINUOUS
10
4.6630207480314958
20
-4.0392853937007871
11
4.6631768110236216
21
-4.0390373622047244
0
LINE
8
BLACK
6
CONTINUOUS
10
4.6631768110236216
20
-4.0390373622047244
11
4.6632066535433072
21
-4.0389654330708664
0
LINE
8
BLACK
6
CONTINUOUS
10
4.6632066535433072
20
-4.0389654330708664
11
4.6632511417322835
21
-4.0389193307086613
0
LINE
8
BLACK
6
CONTINUOUS
10
4.6632511417322835
20
-4.0389193307086613
11
4.6633290944881889
21
-4.0387955118110233
0
LINE
8
BLACK
6
CONTINUOUS
10
4.6633290944881889
20
-4.0387955118110233
11
4.6635847637795278
21
-4.0385737401574806
0
LINE
8
BLACK
6
CONTINUOUS
10
4.6635847637795278
20
-4.0385737401574806
11
4.6654486220472444
21
-4.0366432283464562
0
LINE
8
BLACK
6
CONTINUOUS
10
4.6654486220472444
20
-4.0366432283464562
11
4.6656749606299215
21
-4.0364574409448819
0
LINE
8
BLACK
6
CONTINUOUS
10
4.6656749606299215
20
-4.0364574409448819
11
4.6657261417322831
21
-4.0363984645669291
0
LINE
8
BLACK
6
CONTINUOUS
10
4.6657261417322831
20
-4.0363984645669291
11
4.6657817716535428
21
-4.036369803149606
0
LINE
8
BLACK
6
CONTINUOUS
10
4.6657817716535428
20
-4.036369803149606
11
4.6658960629921262
21
-4.0362760236220474
0
LINE
8
BLACK
6
CONTINUOUS
10
4.6658960629921262
20
-4.0362760236220474
11
4.666242913385827
21
-4.0361323228346455
0
LINE
8
BLACK
6
CONTINUOUS
10
4.666242913385827
20
-4.0361323228346455
11
4.669965551181102
21
-4.0342153543307084
0
LINE
8
BLACK
6
CONTINUOUS
10
4.669965551181102
20
-4.0342153543307084
11
4.6705061417322833
21
-4.034008464566929
0
LINE
8
BLACK
6
CONTINUOUS
10
4.6705061417322833
20
-4.034008464566929
11
4.6706120078740154
21
-4.0340009055118111
0
LINE
8
BLACK
6
CONTINUOUS
10
4.6706120078740154
20
-4.0340009055118111
11
4.6707099999999997
21
-4.0339603543307083
0
LINE
8
BLACK
6
CONTINUOUS
10
4.6707099999999997
20
-4.0339603543307083
11
4.6712351574803153
21
-4.0339566535433073
0
LINE
8
BLACK
6
CONTINUOUS
10
4.6712351574803153
20
-4.0339566535433073
11
4.6716553543307082
21
-4.0339268110236217
0
LINE
8
BLACK
6
CONTINUOUS
10
4.6716553543307082
20
-4.0339268110236217
11
4.6717343700787399
21
-4.0339531496062992
0
LINE
8
BLACK
6
CONTINUOUS
10
4.6717343700787399
20
-4.0339531496062992
11
4.6787851181102358
21
-4.0339036220472444
0
LINE
8
BLACK
6
CONTINUOUS
10
4.6787851181102358
20
-4.0339036220472444
11
4.6793611811023617
21
-4.0339603543307083
0
LINE
8
BLACK
6
CONTINUOUS
10
4.6793611811023617
20
-4.0339603543307083
11
4.6794591732283459
21
-4.0340009448818899
0
LINE
8
BLACK
6
CONTINUOUS
10
4.6794591732283459
20
-4.0340009448818899
11
4.6795650000000002
21
-4.034008464566929
0
LINE
8
BLACK
6
CONTINUOUS
10
4.6795650000000002
20
-4.034008464566929
11
4.6795964960629917
21
-4.0340237401574806
0
LINE
8
BLACK
6
CONTINUOUS
10
4.6795964960629917
20
-4.0340237401574806
11
4.6795818897637798
21
-4.0237330314960627
0
LINE
8
BLACK
6
CONTINUOUS
10
4.6795818897637798
20
-4.0237330314960627
11
4.6796386220472437
21
-4.0231569685039368
0
LINE
8
BLACK
6
CONTINUOUS
10
4.6796386220472437
20
-4.0231569685039368
11
4.6800795275590552
21
-4.0220925590551184
0
LINE
8
BLACK
6
CONTINUOUS
10
4.6800795275590552
20
-4.0220925590551184
11
4.6808941732283467
21
-4.021277913385827
0
LINE
8
BLACK
6
CONTINUOUS
10
4.6808941732283467
20
-4.021277913385827
11
4.681958582677165
21
-4.0208370078740154
0
LINE
8
BLACK
6
CONTINUOUS
10
4.681958582677165
20
-4.0208370078740154
11
4.6831107086614177
21
-4.0208370078740154
0
LINE
8
BLACK
6
CONTINUOUS
10
4.6831107086614177
20
-4.0208370078740154
11
4.684175118110236
21
-4.021277913385827
0
LINE
8
BLACK
6
CONTINUOUS
10
4.6719006692913387
20
-4.0398048031496065
11
4.6691923622047247
21
-4.0411994488188974
0
LINE
8
BLACK
6
CONTINUOUS
10
4.6691923622047247
20
-4.0411994488188974
11
4.6680016535433069
21
-4.0424327952755901
0
LINE
8
BLACK
6
CONTINUOUS
10
4.6680016535433069
20
-4.0424327952755901
11
4.666689527559055
21
-4.0451369685039369
0
LINE
8
BLACK
6
CONTINUOUS
10
4.666689527559055
20
-4.0451369685039369
11
4.6667368110236218
21
-4.0549920472440943
0
LINE
8
BLACK
6
CONTINUOUS
10
4.6667368110236218
20
-4.0549920472440943
11
4.6681301181102359
21
-4.0576976771653541
0
LINE
8
BLACK
6
CONTINUOUS
10
4.6681301181102359
20
-4.0576976771653541
11
4.6693634645669286
21
-4.0588884645669294
0
LINE
8
BLACK
6
CONTINUOUS
10
4.6693634645669286
20
-4.0588884645669294
11
4.6720614566929131
21
-4.0601975590551183
0
LINE
8
BLACK
6
CONTINUOUS
10
4.6720614566929131
20
-4.0601975590551183
11
4.6781704724409447
21
-4.0601546456692912
0
LINE
8
BLACK
6
CONTINUOUS
10
4.6781704724409447
20
-4.0601546456692912
11
4.6796325196850397
21
-4.0594017322834643
0
LINE
8
BLACK
6
CONTINUOUS
10
4.6796325196850397
20
-4.0594017322834643
11
4.6796057480314959
21
-4.0405362992125982
0
LINE
8
BLACK
6
CONTINUOUS
10
4.6796057480314959
20
-4.0405362992125982
11
4.6780096850393695
21
-4.0397618897637795
0
LINE
8
BLACK
6
CONTINUOUS
10
4.6780096850393695
20
-4.0397618897637795
11
4.6719006692913387
21
-4.0398048031496065
0
LINE
8
BLACK
6
CONTINUOUS
10
4.7131069685039373
20
-4.0339603543307083
11
4.7132049606299216
21
-4.0340009448818899
0
LINE
8
BLACK
6
CONTINUOUS
10
4.7132049606299216
20
-4.0340009448818899
11
4.7133107874015749
21
-4.034008464566929
0
LINE
8
BLACK
6
CONTINUOUS
10
4.7133107874015749
20
-4.034008464566929
11
4.7138223228346456
21
-4.0342566535433066
0
LINE
8
BLACK
6
CONTINUOUS
10
4.7138223228346456
20
-4.0342566535433066
11
4.7141713779527556
21
-4.0344012598425198
0
LINE
8
BLACK
6
CONTINUOUS
10
4.7141713779527556
20
-4.0344012598425198
11
4.7142194881889763
21
-4.0344493700787405
0
LINE
8
BLACK
6
CONTINUOUS
10
4.7142194881889763
20
-4.0344493700787405
11
4.7176009448818901
21
-4.036090118110236
0
LINE
8
BLACK
6
CONTINUOUS
10
4.7176009448818901
20
-4.036090118110236
11
4.7176972834645667
21
-4.0361507480314955
0
LINE
8
BLACK
6
CONTINUOUS
10
4.7176972834645667
20
-4.0361507480314955
11
4.7177427165354331
21
-4.0361659055118109
0
LINE
8
BLACK
6
CONTINUOUS
10
4.7177427165354331
20
-4.0361659055118109
11
4.7177992519685041
21
-4.0362149212598428
0
LINE
8
BLACK
6
CONTINUOUS
10
4.7177992519685041
20
-4.0362149212598428
11
4.718090826771653
21
-4.0363984645669291
0
LINE
8
BLACK
6
CONTINUOUS
10
4.718090826771653
20
-4.0363984645669291
11
4.7183333858267718
21
-4.0366781496062991
0
LINE
8
BLACK
6
CONTINUOUS
10
4.7183333858267718
20
-4.0366781496062991
11
4.7186131102362205
21
-4.0369207480314957
0
LINE
8
BLACK
6
CONTINUOUS
10
4.7186131102362205
20
-4.0369207480314957
11
4.7187144488188979
21
-4.037117559055118
0
LINE
8
BLACK
6
CONTINUOUS
10
4.7187144488188979
20
-4.037117559055118
11
4.7188456692913388
21
-4.0372688582677165
0
LINE
8
BLACK
6
CONTINUOUS
10
4.7188456692913388
20
-4.0372688582677165
11
4.7189434645669293
21
-4.0375623228346456
0
LINE
8
BLACK
6
CONTINUOUS
10
4.7189434645669293
20
-4.0375623228346456
11
4.7207962204724412
21
-4.0411601574803147
0
LINE
8
BLACK
6
CONTINUOUS
10
4.7207962204724412
20
-4.0411601574803147
11
4.7210031102362207
21
-4.0417007480314959
0
LINE
8
BLACK
6
CONTINUOUS
10
4.7210031102362207
20
-4.0417007480314959
11
4.7210106299212597
21
-4.0418066141732281
0
LINE
8
BLACK
6
CONTINUOUS
10
4.7210106299212597
20
-4.0418066141732281
11
4.7210512204724404
21
-4.0419046062992123
0
LINE
8
BLACK
6
CONTINUOUS
10
4.7210512204724404
20
-4.0419046062992123
11
4.7210588188976379
21
-4.0424849606299214
0
LINE
8
BLACK
6
CONTINUOUS
10
4.7210588188976379
20
-4.0424849606299214
11
4.721084763779527
21
-4.0428499606299209
0
LINE
8
BLACK
6
CONTINUOUS
10
4.721084763779527
20
-4.0428499606299209
11
4.721064409448819
21
-4.0429109842519688
0
LINE
8
BLACK
6
CONTINUOUS
10
4.721064409448819
20
-4.0429109842519688
11
4.7211078740157477
21
-4.0462268897637799
0
LINE
8
BLACK
6
CONTINUOUS
10
4.7211078740157477
20
-4.0462268897637799
11
4.7211079527559052
21
-4.0462271259842515
0
LINE
8
BLACK
6
CONTINUOUS
10
4.7211079527559052
20
-4.0462271259842515
11
4.7211079133858265
21
-4.0462272834645665
0
LINE
8
BLACK
6
CONTINUOUS
10
4.7211079133858265
20
-4.0462272834645665
11
4.7211079527559052
21
-4.0462301968503933
0
LINE
8
BLACK
6
CONTINUOUS
10
4.7211079527559052
20
-4.0462301968503933
11
4.7210512204724404
21
-4.0468062598425192
0
LINE
8
BLACK
6
CONTINUOUS
10
4.7210512204724404
20
-4.0468062598425192
11
4.720940433070866
21
-4.0470736220472441
0
LINE
8
BLACK
6
CONTINUOUS
10
4.720940433070866
20
-4.0470736220472441
11
4.7208843307086612
21
-4.047357322834646
0
LINE
8
BLACK
6
CONTINUOUS
10
4.7208843307086612
20
-4.047357322834646
11
4.720722244094488
21
-4.0476004330708664
0
LINE
8
BLACK
6
CONTINUOUS
10
4.720722244094488
20
-4.0476004330708664
11
4.7206103149606298
21
-4.0478706692913384
0
LINE
8
BLACK
6
CONTINUOUS
10
4.7206103149606298
20
-4.0478706692913384
11
4.7204056692913383
21
-4.0480753149606299
0
LINE
8
BLACK
6
CONTINUOUS
10
4.7204056692913383
20
-4.0480753149606299
11
4.7202452755905515
21
-4.048315905511811
0
LINE
8
BLACK
6
CONTINUOUS
10
4.7202452755905515
20
-4.048315905511811
11
4.7200024409448815
21
-4.0484785039370079
0
LINE
8
BLACK
6
CONTINUOUS
10
4.7200024409448815
20
-4.0484785039370079
11
4.7197956692913383
21
-4.0486853149606299
0
LINE
8
BLACK
6
CONTINUOUS
10
4.7197956692913383
20
-4.0486853149606299
11
4.7195283858267718
21
-4.0487960236220468
0
LINE
8
BLACK
6
CONTINUOUS
10
4.7195283858267718
20
-4.0487960236220468
11
4.7192880314960632
21
-4.0489570078740158
0
LINE
8
BLACK
6
CONTINUOUS
10
4.7192880314960632
20
-4.0489570078740158
11
4.7189972440944885
21
-4.0490160236220474
0
LINE
8
BLACK
6
CONTINUOUS
10
4.7189972440944885
20
-4.0490160236220474
11
4.71873125984252
21
-4.0491262204724405
0
LINE
8
BLACK
6
CONTINUOUS
10
4.71873125984252
20
-4.0491262204724405
11
4.718454448818898
21
-4.0491262204724405
0
LINE
8
BLACK
6
CONTINUOUS
10
4.718454448818898
20
-4.0491262204724405
11
4.7023417716535434
21
-4.052397047244094
0
LINE
8
BLACK
6
CONTINUOUS
10
4.7023417716535434
20
-4.052397047244094
11
4.7023580708661417
21
-4.0568681889763782
0
LINE
8
BLACK
6
CONTINUOUS
10
4.7023580708661417
20
-4.0568681889763782
11
4.7034947244094489
21
-4.0590755118110238
0
LINE
8
BLACK
6
CONTINUOUS
10
4.7034947244094489
20
-4.0590755118110238
11
4.7058072440944878
21
-4.0601975590551183
0
LINE
8
BLACK
6
CONTINUOUS
10
4.7058072440944878
20
-4.0601975590551183
11
4.7119162598425195
21
-4.0601546456692912
0
LINE
8
BLACK
6
CONTINUOUS
10
4.7119162598425195
20
-4.0601546456692912
11
4.7149599212598421
21
-4.0585873228346454
0
LINE
8
BLACK
6
CONTINUOUS
10
4.7149599212598421
20
-4.0585873228346454
11
4.7155005118110234
21
-4.0583804330708659
0
LINE
8
BLACK
6
CONTINUOUS
10
4.7155005118110234
20
-4.0583804330708659
11
4.7166497244094483
21
-4.0582987795275587
0
LINE
8
BLACK
6
CONTINUOUS
10
4.7166497244094483
20
-4.0582987795275587
11
4.7177427165354331
21
-4.0586631102362203
0
LINE
8
BLACK
6
CONTINUOUS
10
4.7177427165354331
20
-4.0586631102362203
11
4.7186130708661418
21
-4.0594179527559051
0
LINE
8
BLACK
6
CONTINUOUS
10
4.7186130708661418
20
-4.0594179527559051
11
4.7191283464566931
21
-4.060448464566929
0
LINE
8
BLACK
6
CONTINUOUS
10
4.7191283464566931
20
-4.060448464566929
11
4.7192099999999995
21
-4.0615976771653539
0
LINE
8
BLACK
6
CONTINUOUS
10
4.7192099999999995
20
-4.0615976771653539
11
4.7188456692913388
21
-4.06269062992126
0
LINE
8
BLACK
6
CONTINUOUS
10
4.7188456692913388
20
-4.06269062992126
11
4.718090826771653
21
-4.0635610236220474
0
LINE
8
BLACK
6
CONTINUOUS
10
4.718090826771653
20
-4.0635610236220474
11
4.713851417322835
21
-4.0657441338582681
0
LINE
8
BLACK
6
CONTINUOUS
10
4.713851417322835
20
-4.0657441338582681
11
4.7133107874015749
21
-4.0659510236220475
0
LINE
8
BLACK
6
CONTINUOUS
10
4.7133107874015749
20
-4.0659510236220475
11
4.7132049606299216
21
-4.0659585039370079
0
LINE
8
BLACK
6
CONTINUOUS
10
4.7132049606299216
20
-4.0659585039370079
11
4.7131069685039373
21
-4.0659991338582673
0
LINE
8
BLACK
6
CONTINUOUS
10
4.7131069685039373
20
-4.0659991338582673
11
4.7125817322834642
21
-4.0660027952755904
0
LINE
8
BLACK
6
CONTINUOUS
10
4.7125817322834642
20
-4.0660027952755904
11
4.7121615748031491
21
-4.0660326771653539
0
LINE
8
BLACK
6
CONTINUOUS
10
4.7121615748031491
20
-4.0660326771653539
11
4.7120825196850395
21
-4.0660062992125985
0
LINE
8
BLACK
6
CONTINUOUS
10
4.7120825196850395
20
-4.0660062992125985
11
4.7050318503937003
21
-4.0660558661417321
0
LINE
8
BLACK
6
CONTINUOUS
10
4.7050318503937003
20
-4.0660558661417321
11
4.7044557874015744
21
-4.0659991338582673
0
LINE
8
BLACK
6
CONTINUOUS
10
4.7044557874015744
20
-4.0659991338582673
11
4.7043577952755902
21
-4.0659585433070866
0
LINE
8
BLACK
6
CONTINUOUS
10
4.7043577952755902
20
-4.0659585433070866
11
4.704251929133858
21
-4.0659510236220475
0
LINE
8
BLACK
6
CONTINUOUS
10
4.704251929133858
20
-4.0659510236220475
11
4.7037401574803148
21
-4.0657026771653539
0
LINE
8
BLACK
6
CONTINUOUS
10
4.7037401574803148
20
-4.0657026771653539
11
4.7033913779527561
21
-4.0655582283464566
0
LINE
8
BLACK
6
CONTINUOUS
10
4.7033913779527561
20
-4.0655582283464566
11
4.7033432677165354
21
-4.065510118110236
0
LINE
8
BLACK
6
CONTINUOUS
10
4.7033432677165354
20
-4.065510118110236
11
4.6999618110236216
21
-4.0638693700787405
0
LINE
8
BLACK
6
CONTINUOUS
10
4.6999618110236216
20
-4.0638693700787405
11
4.6998654330708662
21
-4.0638087007874013
0
LINE
8
BLACK
6
CONTINUOUS
10
4.6998654330708662
20
-4.0638087007874013
11
4.6998200393700786
21
-4.0637935826771656
0
LINE
8
BLACK
6
CONTINUOUS
10
4.6998200393700786
20
-4.0637935826771656
11
4.6997634645669288
21
-4.0637445275590549
0
LINE
8
BLACK
6
CONTINUOUS
10
4.6997634645669288
20
-4.0637445275590549
11
4.6994719291338578
21
-4.0635610236220474
0
LINE
8
BLACK
6
CONTINUOUS
10
4.6994719291338578
20
-4.0635610236220474
11
4.6992292519685037
21
-4.0632811811023624
0
LINE
8
BLACK
6
CONTINUOUS
10
4.6992292519685037
20
-4.0632811811023624
11
4.6989496456692912
21
-4.0630387007874011
0
LINE
8
BLACK
6
CONTINUOUS
10
4.6989496456692912
20
-4.0630387007874011
11
4.6988483070866138
21
-4.0628419685039372
0
LINE
8
BLACK
6
CONTINUOUS
10
4.6988483070866138
20
-4.0628419685039372
11
4.698717086614173
21
-4.06269062992126
0
LINE
8
BLACK
6
CONTINUOUS
10
4.698717086614173
20
-4.06269062992126
11
4.698619212598425
21
-4.0623970472440947
0
LINE
8
BLACK
6
CONTINUOUS
10
4.698619212598425
20
-4.0623970472440947
11
4.6967665354330705
21
-4.0587992913385822
0
LINE
8
BLACK
6
CONTINUOUS
10
4.6967665354330705
20
-4.0587992913385822
11
4.6965596456692911
21
-4.0582586614173231
0
LINE
8
BLACK
6
CONTINUOUS
10
4.6965596456692911
20
-4.0582586614173231
11
4.696552125984252
21
-4.0581528346456688
0
LINE
8
BLACK
6
CONTINUOUS
10
4.696552125984252
20
-4.0581528346456688
11
4.6965115354330704
21
-4.0580548425196845
0
LINE
8
BLACK
6
CONTINUOUS
10
4.6965115354330704
20
-4.0580548425196845
11
4.6965096850393699
21
-4.0575559448818899
0
LINE
8
BLACK
6
CONTINUOUS
10
4.6965096850393699
20
-4.0575559448818899
11
4.6964779921259838
21
-4.0571094488188972
0
LINE
8
BLACK
6
CONTINUOUS
10
4.6964779921259838
20
-4.0571094488188972
11
4.6965077559055119
21
-4.0570201181102359
0
LINE
8
BLACK
6
CONTINUOUS
10
4.6965077559055119
20
-4.0570201181102359
11
4.6964826377952757
21
-4.0501219685039374
0
LINE
8
BLACK
6
CONTINUOUS
10
4.6964826377952757
20
-4.0501219685039374
11
4.6964548031496065
21
-4.0499827952755902
0
LINE
8
BLACK
6
CONTINUOUS
10
4.6964548031496065
20
-4.0499827952755902
11
4.6964816141732282
21
-4.0498471259842521
0
LINE
8
BLACK
6
CONTINUOUS
10
4.6964816141732282
20
-4.0498471259842521
11
4.6964548031496065
21
-4.0424806692913382
0
LINE
8
BLACK
6
CONTINUOUS
10
4.6964548031496065
20
-4.0424806692913382
11
4.6965115354330704
21
-4.0419046062992123
0
LINE
8
BLACK
6
CONTINUOUS
10
4.6965115354330704
20
-4.0419046062992123
11
4.696552125984252
21
-4.0418065748031493
0
LINE
8
BLACK
6
CONTINUOUS
10
4.696552125984252
20
-4.0418065748031493
11
4.6965596456692911
21
-4.0417007874015747
0
LINE
8
BLACK
6
CONTINUOUS
10
4.6965596456692911
20
-4.0417007874015747
11
4.6968078346456688
21
-4.0411892125984252
0
LINE
8
BLACK
6
CONTINUOUS
10
4.6968078346456688
20
-4.0411892125984252
11
4.696952440944882
21
-4.040840196850394
0
LINE
8
BLACK
6
CONTINUOUS
10
4.696952440944882
20
-4.040840196850394
11
4.6970005511811026
21
-4.0407920472440946
0
LINE
8
BLACK
6
CONTINUOUS
10
4.6970005511811026
20
-4.0407920472440946
11
4.6986412992125981
21
-4.0374106299212595
0
LINE
8
BLACK
6
CONTINUOUS
10
4.6986412992125981
20
-4.0374106299212595
11
4.6987019291338585
21
-4.0373142519685041
0
LINE
8
BLACK
6
CONTINUOUS
10
4.6987019291338585
20
-4.0373142519685041
11
4.698717086614173
21
-4.0372688582677165
0
LINE
8
BLACK
6
CONTINUOUS
10
4.698717086614173
20
-4.0372688582677165
11
4.6987661023622049
21
-4.0372122834645667
0
LINE
8
BLACK
6
CONTINUOUS
10
4.6987661023622049
20
-4.0372122834645667
11
4.6989496456692912
21
-4.0369207480314957
0
LINE
8
BLACK
6
CONTINUOUS
10
4.6989496456692912
20
-4.0369207480314957
11
4.6992293307086612
21
-4.0366781496062991
0
LINE
8
BLACK
6
CONTINUOUS
10
4.6992293307086612
20
-4.0366781496062991
11
4.6994719291338578
21
-4.0363984645669291
0
LINE
8
BLACK
6
CONTINUOUS
10
4.6994719291338578
20
-4.0363984645669291
11
4.6996687401574802
21
-4.036297086614173
0
LINE
8
BLACK
6
CONTINUOUS
10
4.6996687401574802
20
-4.036297086614173
11
4.6998200393700786
21
-4.0361659055118109
0
LINE
8
BLACK
6
CONTINUOUS
10
4.6998200393700786
20
-4.0361659055118109
11
4.7001135039370077
21
-4.0360680708661416
0
LINE
8
BLACK
6
CONTINUOUS
10
4.7001135039370077
20
-4.0360680708661416
11
4.7037113385826768
21
-4.0342153543307084
0
LINE
8
BLACK
6
CONTINUOUS
10
4.7037113385826768
20
-4.0342153543307084
11
4.704251929133858
21
-4.034008464566929
0
LINE
8
BLACK
6
CONTINUOUS
10
4.704251929133858
20
-4.034008464566929
11
4.7043577952755902
21
-4.0340009055118111
0
LINE
8
BLACK
6
CONTINUOUS
10
4.7043577952755902
20
-4.0340009055118111
11
4.7044557874015744
21
-4.0339603543307083
0
LINE
8
BLACK
6
CONTINUOUS
10
4.7044557874015744
20
-4.0339603543307083
11
4.70498094488189
21
-4.0339566535433073
0
LINE
8
BLACK
6
CONTINUOUS
10
4.70498094488189
20
-4.0339566535433073
11
4.705401141732283
21
-4.0339268110236217
0
LINE
8
BLACK
6
CONTINUOUS
10
4.705401141732283
20
-4.0339268110236217
11
4.7054801574803147
21
-4.0339531496062992
0
LINE
8
BLACK
6
CONTINUOUS
10
4.7054801574803147
20
-4.0339531496062992
11
4.7125309055118105
21
-4.0339036220472444
0
LINE
8
BLACK
6
CONTINUOUS
10
4.7125309055118105
20
-4.0339036220472444
11
4.7131069685039373
21
-4.0339603543307083
0
LINE
8
BLACK
6
CONTINUOUS
10
4.7056464566929135
20
-4.0398048031496065
11
4.7034351574803148
21
-4.0409435433070868
0
LINE
8
BLACK
6
CONTINUOUS
10
4.7034351574803148
20
-4.0409435433070868
11
4.7023085039370081
21
-4.0432653937007874
0
LINE
8
BLACK
6
CONTINUOUS
10
4.7023085039370081
20
-4.0432653937007874
11
4.702320039370079
21
-4.0464316929133854
0
LINE
8
BLACK
6
CONTINUOUS
10
4.702320039370079
20
-4.0464316929133854
11
4.7152198818897633
21
-4.0438130708661415
0
LINE
8
BLACK
6
CONTINUOUS
10
4.7152198818897633
20
-4.0438130708661415
11
4.7152105905511812
21
-4.0431027559055117
0
LINE
8
BLACK
6
CONTINUOUS
10
4.7152105905511812
20
-4.0431027559055117
11
4.714067992125984
21
-4.0408839763779527
0
LINE
8
BLACK
6
CONTINUOUS
10
4.714067992125984
20
-4.0408839763779527
11
4.7117554724409452
21
-4.0397618897637795
0
LINE
8
BLACK
6
CONTINUOUS
10
4.7117554724409452
20
-4.0397618897637795
11
4.7056464566929135
21
-4.0398048031496065
0
LINE
8
BLACK
6
CONTINUOUS
10
4.7722891338582674
20
-4.021277913385827
11
4.7731037795275588
21
-4.0220925590551184
0
LINE
8
BLACK
6
CONTINUOUS
10
4.7731037795275588
20
-4.0220925590551184
11
4.7735446850393703
21
-4.0231569685039368
0
LINE
8
BLACK
6
CONTINUOUS
10
4.7735446850393703
20
-4.0231569685039368
11
4.7736014173228343
21
-4.051854488188976
0
LINE
8
BLACK
6
CONTINUOUS
10
4.7736014173228343
20
-4.051854488188976
11
4.7735726771653546
21
-4.0521460629921258
0
LINE
8
BLACK
6
CONTINUOUS
10
4.7735726771653546
20
-4.0521460629921258
11
4.773578228346457
21
-4.0522238188976374
0
LINE
8
BLACK
6
CONTINUOUS
10
4.773578228346457
20
-4.0522238188976374
11
4.7735592519685035
21
-4.0522823622047239
0
LINE
8
BLACK
6
CONTINUOUS
10
4.7735592519685035
20
-4.0522823622047239
11
4.7735446850393703
21
-4.0524305511811018
0
LINE
8
BLACK
6
CONTINUOUS
10
4.7735446850393703
20
-4.0524305511811018
11
4.7733920078740155
21
-4.0527990551181103
0
LINE
8
BLACK
6
CONTINUOUS
10
4.7733920078740155
20
-4.0527990551181103
11
4.7715751181102357
21
-4.0584125196850396
0
LINE
8
BLACK
6
CONTINUOUS
10
4.7715751181102357
20
-4.0584125196850396
11
4.7713391338582678
21
-4.0589411023622048
0
LINE
8
BLACK
6
CONTINUOUS
10
4.7713391338582678
20
-4.0589411023622048
11
4.7712696062992128
21
-4.0590212204724407
0
LINE
8
BLACK
6
CONTINUOUS
10
4.7712696062992128
20
-4.0590212204724407
11
4.77122905511811
21
-4.059119212598425
0
LINE
8
BLACK
6
CONTINUOUS
10
4.77122905511811
20
-4.059119212598425
11
4.7708454724409446
21
-4.059510236220472
0
LINE
8
BLACK
6
CONTINUOUS
10
4.7708454724409446
20
-4.059510236220472
11
4.7705842519685042
21
-4.0598114566929135
0
LINE
8
BLACK
6
CONTINUOUS
10
4.7705842519685042
20
-4.0598114566929135
11
4.7705171259842523
21
-4.0598450000000001
0
LINE
8
BLACK
6
CONTINUOUS
10
4.7705171259842523
20
-4.0598450000000001
11
4.7671122834645665
21
-4.0633162598425194
0
LINE
8
BLACK
6
CONTINUOUS
10
4.7671122834645665
20
-4.0633162598425194
11
4.7666648425196847
21
-4.0636834645669291
0
LINE
8
BLACK
6
CONTINUOUS
10
4.7666648425196847
20
-4.0636834645669291
11
4.7665667716535429
21
-4.0637240551181097
0
LINE
8
BLACK
6
CONTINUOUS
10
4.7665667716535429
20
-4.0637240551181097
11
4.766486653543307
21
-4.0637935826771656
0
LINE
8
BLACK
6
CONTINUOUS
10
4.766486653543307
20
-4.0637935826771656
11
4.7659764960629918
21
-4.0639685826771652
0
LINE
8
BLACK
6
CONTINUOUS
10
4.7659764960629918
20
-4.0639685826771652
11
4.7656004330708663
21
-4.0641243700787397
0
LINE
8
BLACK
6
CONTINUOUS
10
4.7656004330708663
20
-4.0641243700787397
11
4.7655224015748034
21
-4.0641243700787397
0
LINE
8
BLACK
6
CONTINUOUS
10
4.7655224015748034
20
-4.0641243700787397
11
4.7603338188976378
21
-4.0659043307086611
0
LINE
8
BLACK
6
CONTINUOUS
10
4.7603338188976378
20
-4.0659043307086611
11
4.7600482283464567
21
-4.0659692519685038
0
LINE
8
BLACK
6
CONTINUOUS
10
4.7600482283464567
20
-4.0659692519685038
11
4.7599761417322837
21
-4.0659991338582673
0
LINE
8
BLACK
6
CONTINUOUS
10
4.7599761417322837
20
-4.0659991338582673
11
4.7599132283464565
21
-4.0659999212598423
0
LINE
8
BLACK
6
CONTINUOUS
10
4.7599132283464565
20
-4.0659999212598423
11
4.7597693700787405
21
-4.0660326771653539
0
LINE
8
BLACK
6
CONTINUOUS
10
4.7597693700787405
20
-4.0660326771653539
11
4.7594031889763775
21
-4.0660066141732285
0
LINE
8
BLACK
6
CONTINUOUS
10
4.7594031889763775
20
-4.0660066141732285
11
4.7556505511811027
21
-4.0660558661417321
0
LINE
8
BLACK
6
CONTINUOUS
10
4.7556505511811027
20
-4.0660558661417321
11
4.7550744881889759
21
-4.0659991338582673
0
LINE
8
BLACK
6
CONTINUOUS
10
4.7550744881889759
20
-4.0659991338582673
11
4.7540100787401576
21
-4.0655582283464566
0
LINE
8
BLACK
6
CONTINUOUS
10
4.7540100787401576
20
-4.0655582283464566
11
4.7531954330708661
21
-4.0647435826771652
0
LINE
8
BLACK
6
CONTINUOUS
10
4.7531954330708661
20
-4.0647435826771652
11
4.7527545275590546
21
-4.0636791732283459
0
LINE
8
BLACK
6
CONTINUOUS
10
4.7527545275590546
20
-4.0636791732283459
11
4.7527545275590546
21
-4.0625270472440942
0
LINE
8
BLACK
6
CONTINUOUS
10
4.7527545275590546
20
-4.0625270472440942
11
4.7531954330708661
21
-4.0614626377952758
0
LINE
8
BLACK
6
CONTINUOUS
10
4.7531954330708661
20
-4.0614626377952758
11
4.7540100787401576
21
-4.0606479921259844
0
LINE
8
BLACK
6
CONTINUOUS
10
4.7540100787401576
20
-4.0606479921259844
11
4.7550744881889759
21
-4.0602070866141728
0
LINE
8
BLACK
6
CONTINUOUS
10
4.7550744881889759
20
-4.0602070866141728
11
4.7590541338582675
21
-4.0601548818897637
0
LINE
8
BLACK
6
CONTINUOUS
10
4.7590541338582675
20
-4.0601548818897637
11
4.7635136614173224
21
-4.0586250393700789
0
LINE
8
BLACK
6
CONTINUOUS
10
4.7635136614173224
20
-4.0586250393700789
11
4.7662600393700787
21
-4.0558250787401571
0
LINE
8
BLACK
6
CONTINUOUS
10
4.7662600393700787
20
-4.0558250787401571
11
4.767750236220472
21
-4.0512210236220474
0
LINE
8
BLACK
6
CONTINUOUS
10
4.767750236220472
20
-4.0512210236220474
11
4.7676959055118111
21
-4.0237330314960627
0
LINE
8
BLACK
6
CONTINUOUS
10
4.7676959055118111
20
-4.0237330314960627
11
4.7677526377952759
21
-4.0231569685039368
0
LINE
8
BLACK
6
CONTINUOUS
10
4.7677526377952759
20
-4.0231569685039368
11
4.7681935433070866
21
-4.0220925590551184
0
LINE
8
BLACK
6
CONTINUOUS
10
4.7681935433070866
20
-4.0220925590551184
11
4.769008188976378
21
-4.021277913385827
0
LINE
8
BLACK
6
CONTINUOUS
10
4.769008188976378
20
-4.021277913385827
11
4.7700725984251964
21
-4.0208370078740154
0
LINE
8
BLACK
6
CONTINUOUS
10
4.7700725984251964
20
-4.0208370078740154
11
4.771224724409449
21
-4.0208370078740154
0
LINE
8
BLACK
6
CONTINUOUS
10
4.771224724409449
20
-4.0208370078740154
11
4.7722891338582674
21
-4.021277913385827
0
LINE
8
BLACK
6
CONTINUOUS
10
4.7910368110236217
20
-4.0344012598425198
11
4.7918514566929131
21
-4.0352159055118113
0
LINE
8
BLACK
6
CONTINUOUS
10
4.7918514566929131
20
-4.0352159055118113
11
4.7922923622047247
21
-4.0362803149606297
0
LINE
8
BLACK
6
CONTINUOUS
10
4.7922923622047247
20
-4.0362803149606297
11
4.7923474409448819
21
-4.0568693307086612
0
LINE
8
BLACK
6
CONTINUOUS
10
4.7923474409448819
20
-4.0568693307086612
11
4.7934835039370078
21
-4.0590755118110238
0
LINE
8
BLACK
6
CONTINUOUS
10
4.7934835039370078
20
-4.0590755118110238
11
4.795790196850394
21
-4.0601947637795277
0
LINE
8
BLACK
6
CONTINUOUS
10
4.795790196850394
20
-4.0601947637795277
11
4.8000276771653541
21
-4.0601559842519688
0
LINE
8
BLACK
6
CONTINUOUS
10
4.8000276771653541
20
-4.0601559842519688
11
4.8027385433070862
21
-4.0587599999999995
0
LINE
8
BLACK
6
CONTINUOUS
10
4.8027385433070862
20
-4.0587599999999995
11
4.8033614173228347
21
-4.0581148425196849
0
LINE
8
BLACK
6
CONTINUOUS
10
4.8033614173228347
20
-4.0581148425196849
11
4.8033164566929134
21
-4.0368563779527555
0
LINE
8
BLACK
6
CONTINUOUS
10
4.8033164566929134
20
-4.0368563779527555
11
4.8033731889763782
21
-4.0362803149606297
0
LINE
8
BLACK
6
CONTINUOUS
10
4.8033731889763782
20
-4.0362803149606297
11
4.8038140944881889
21
-4.0352159055118113
0
LINE
8
BLACK
6
CONTINUOUS
10
4.8038140944881889
20
-4.0352159055118113
11
4.8046287401574803
21
-4.0344012598425198
0
LINE
8
BLACK
6
CONTINUOUS
10
4.8046287401574803
20
-4.0344012598425198
11
4.8056931496062987
21
-4.0339603543307083
0
LINE
8
BLACK
6
CONTINUOUS
10
4.8056931496062987
20
-4.0339603543307083
11
4.8068452755905513
21
-4.0339603543307083
0
LINE
8
BLACK
6
CONTINUOUS
10
4.8068452755905513
20
-4.0339603543307083
11
4.8079096850393697
21
-4.0344012598425198
0
LINE
8
BLACK
6
CONTINUOUS
10
4.8079096850393697
20
-4.0344012598425198
11
4.8087243307086611
21
-4.0352159055118113
0
LINE
8
BLACK
6
CONTINUOUS
10
4.8087243307086611
20
-4.0352159055118113
11
4.8091652362204727
21
-4.0362803149606297
0
LINE
8
BLACK
6
CONTINUOUS
10
4.8091652362204727
20
-4.0362803149606297
11
4.8092219685039366
21
-4.0631031102362201
0
LINE
8
BLACK
6
CONTINUOUS
10
4.8092219685039366
20
-4.0631031102362201
11
4.8091652362204727
21
-4.0636791732283459
0
LINE
8
BLACK
6
CONTINUOUS
10
4.8091652362204727
20
-4.0636791732283459
11
4.8087243307086611
21
-4.0647435826771652
0
LINE
8
BLACK
6
CONTINUOUS
10
4.8087243307086611
20
-4.0647435826771652
11
4.8079096850393697
21
-4.0655582283464566
0
LINE
8
BLACK
6
CONTINUOUS
10
4.8079096850393697
20
-4.0655582283464566
11
4.8068452755905513
21
-4.0659991338582673
0
LINE
8
BLACK
6
CONTINUOUS
10
4.8068452755905513
20
-4.0659991338582673
11
4.8056931496062987
21
-4.0659991338582673
0
LINE
8
BLACK
6
CONTINUOUS
10
4.8056931496062987
20
-4.0659991338582673
11
4.8046287401574803
21
-4.0655582283464566
0
LINE
8
BLACK
6
CONTINUOUS
10
4.8046287401574803
20
-4.0655582283464566
11
4.8038461417322837
21
-4.0647756299212601
0
LINE
8
BLACK
6
CONTINUOUS
10
4.8038461417322837
20
-4.0647756299212601
11
4.8019654330708663
21
-4.0657441338582681
0
LINE
8
BLACK
6
CONTINUOUS
10
4.8019654330708663
20
-4.0657441338582681
11
4.8014248031496063
21
-4.0659510236220475
0
LINE
8
BLACK
6
CONTINUOUS
10
4.8014248031496063
20
-4.0659510236220475
11
4.8013189763779529
21
-4.0659585039370079
0
LINE
8
BLACK
6
CONTINUOUS
10
4.8013189763779529
20
-4.0659585039370079
11
4.8012209842519686
21
-4.0659991338582673
0
LINE
8
BLACK
6
CONTINUOUS
10
4.8012209842519686
20
-4.0659991338582673
11
4.8006777165354331
21
-4.0660040944881892
0
LINE
8
BLACK
6
CONTINUOUS
10
4.8006777165354331
20
-4.0660040944881892
11
4.8002755905511814
21
-4.0660326771653539
0
LINE
8
BLACK
6
CONTINUOUS
10
4.8002755905511814
20
-4.0660326771653539
11
4.8002028740157483
21
-4.0660084251968502
0
LINE
8
BLACK
6
CONTINUOUS
10
4.8002028740157483
20
-4.0660084251968502
11
4.7950206299212601
21
-4.0660558661417321
0
LINE
8
BLACK
6
CONTINUOUS
10
4.7950206299212601
20
-4.0660558661417321
11
4.7944445669291333
21
-4.0659991338582673
0
LINE
8
BLACK
6
CONTINUOUS
10
4.7944445669291333
20
-4.0659991338582673
11
4.7943465748031491
21
-4.0659585433070866
0
LINE
8
BLACK
6
CONTINUOUS
10
4.7943465748031491
20
-4.0659585433070866
11
4.7942407086614169
21
-4.0659510236220475
0
LINE
8
BLACK
6
CONTINUOUS
10
4.7942407086614169
20
-4.0659510236220475
11
4.7937289370078737
21
-4.0657026771653539
0
LINE
8
BLACK
6
CONTINUOUS
10
4.7937289370078737
20
-4.0657026771653539
11
4.793380157480315
21
-4.0655582283464566
0
LINE
8
BLACK
6
CONTINUOUS
10
4.793380157480315
20
-4.0655582283464566
11
4.7933320472440943
21
-4.065510118110236
0
LINE
8
BLACK
6
CONTINUOUS
10
4.7933320472440943
20
-4.065510118110236
11
4.7899505905511806
21
-4.0638693700787405
0
LINE
8
BLACK
6
CONTINUOUS
10
4.7899505905511806
20
-4.0638693700787405
11
4.7898542125984251
21
-4.0638087007874013
0
LINE
8
BLACK
6
CONTINUOUS
10
4.7898542125984251
20
-4.0638087007874013
11
4.7898088188976375
21
-4.0637935826771656
0
LINE
8
BLACK
6
CONTINUOUS
10
4.7898088188976375
20
-4.0637935826771656
11
4.7897522440944877
21
-4.0637445275590549
0
LINE
8
BLACK
6
CONTINUOUS
10
4.7897522440944877
20
-4.0637445275590549
11
4.7894607086614176
21
-4.0635610236220474
0
LINE
8
BLACK
6
CONTINUOUS
10
4.7894607086614176
20
-4.0635610236220474
11
4.7892180314960626
21
-4.0632811811023624
0
LINE
8
BLACK
6
CONTINUOUS
10
4.7892180314960626
20
-4.0632811811023624
11
4.7889384251968501
21
-4.0630387007874011
0
LINE
8
BLACK
6
CONTINUOUS
10
4.7889384251968501
20
-4.0630387007874011
11
4.7888370866141727
21
-4.0628419685039372
0
LINE
8
BLACK
6
CONTINUOUS
10
4.7888370866141727
20
-4.0628419685039372
11
4.7887058661417319
21
-4.06269062992126
0
LINE
8
BLACK
6
CONTINUOUS
10
4.7887058661417319
20
-4.06269062992126
11
4.7886079921259839
21
-4.0623970472440947
0
LINE
8
BLACK
6
CONTINUOUS
10
4.7886079921259839
20
-4.0623970472440947
11
4.7867553149606294
21
-4.0587992913385822
0
LINE
8
BLACK
6
CONTINUOUS
10
4.7867553149606294
20
-4.0587992913385822
11
4.78654842519685
21
-4.0582586614173231
0
LINE
8
BLACK
6
CONTINUOUS
10
4.78654842519685
20
-4.0582586614173231
11
4.7865409055118109
21
-4.0581528346456688
0
LINE
8
BLACK
6
CONTINUOUS
10
4.7865409055118109
20
-4.0581528346456688
11
4.7865003149606302
21
-4.0580548425196845
0
LINE
8
BLACK
6
CONTINUOUS
10
4.7865003149606302
20
-4.0580548425196845
11
4.7864989763779526
21
-4.0575629921259839
0
LINE
8
BLACK
6
CONTINUOUS
10
4.7864989763779526
20
-4.0575629921259839
11
4.7864667716535436
21
-4.0571094488188972
0
LINE
8
BLACK
6
CONTINUOUS
10
4.7864667716535436
20
-4.0571094488188972
11
4.7864975196850397
21
-4.0570171259842516
0
LINE
8
BLACK
6
CONTINUOUS
10
4.7864975196850397
20
-4.0570171259842516
11
4.7864435826771654
21
-4.0368563779527555
0
LINE
8
BLACK
6
CONTINUOUS
10
4.7864435826771654
20
-4.0368563779527555
11
4.7865003149606302
21
-4.0362803149606297
0
LINE
8
BLACK
6
CONTINUOUS
10
4.7865003149606302
20
-4.0362803149606297
11
4.7869412204724409
21
-4.0352159055118113
0
LINE
8
BLACK
6
CONTINUOUS
10
4.7869412204724409
20
-4.0352159055118113
11
4.7877558661417323
21
-4.0344012598425198
0
LINE
8
BLACK
6
CONTINUOUS
10
4.7877558661417323
20
-4.0344012598425198
11
4.7888202755905507
21
-4.0339603543307083
0
LINE
8
BLACK
6
CONTINUOUS
10
4.7888202755905507
20
-4.0339603543307083
11
4.7899724015748033
21
-4.0339603543307083
0
LINE
8
BLACK
6
CONTINUOUS
10
4.7899724015748033
20
-4.0339603543307083
11
4.7910368110236217
21
-4.0344012598425198
0
LINE
8
BLACK
6
CONTINUOUS
10
4.9249555118110235
20
-4.0339603543307083
11
4.9250535039370078
21
-4.0340009448818899
0
LINE
8
BLACK
6
CONTINUOUS
10
4.9250535039370078
20
-4.0340009448818899
11
4.9251593307086612
21
-4.034008464566929
0
LINE
8
BLACK
6
CONTINUOUS
10
4.9251593307086612
20
-4.034008464566929
11
4.9256708661417319
21
-4.0342566535433066
0
LINE
8
BLACK
6
CONTINUOUS
10
4.9256708661417319
20
-4.0342566535433066
11
4.9260199212598428
21
-4.0344012598425198
0
LINE
8
BLACK
6
CONTINUOUS
10
4.9260199212598428
20
-4.0344012598425198
11
4.9260680314960625
21
-4.0344493700787405
0
LINE
8
BLACK
6
CONTINUOUS
10
4.9260680314960625
20
-4.0344493700787405
11
4.9294494881889763
21
-4.036090118110236
0
LINE
8
BLACK
6
CONTINUOUS
10
4.9294494881889763
20
-4.036090118110236
11
4.9295458267716539
21
-4.0361507480314955
0
LINE
8
BLACK
6
CONTINUOUS
10
4.9295458267716539
20
-4.0361507480314955
11
4.9295912598425193
21
-4.0361659055118109
0
LINE
8
BLACK
6
CONTINUOUS
10
4.9295912598425193
20
-4.0361659055118109
11
4.9296477952755904
21
-4.0362149212598428
0
LINE
8
BLACK
6
CONTINUOUS
10
4.9296477952755904
20
-4.0362149212598428
11
4.9299393700787402
21
-4.0363984645669291
0
LINE
8
BLACK
6
CONTINUOUS
10
4.9299393700787402
20
-4.0363984645669291
11
4.930181929133858
21
-4.0366781496062991
0
LINE
8
BLACK
6
CONTINUOUS
10
4.930181929133858
20
-4.0366781496062991
11
4.9304616535433068
21
-4.0369207480314957
0
LINE
8
BLACK
6
CONTINUOUS
10
4.9304616535433068
20
-4.0369207480314957
11
4.9305629921259841
21
-4.037117559055118
0
LINE
8
BLACK
6
CONTINUOUS
10
4.9305629921259841
20
-4.037117559055118
11
4.930694212598425
21
-4.0372688582677165
0
LINE
8
BLACK
6
CONTINUOUS
10
4.930694212598425
20
-4.0372688582677165
11
4.9307920078740155
21
-4.0375623228346456
0
LINE
8
BLACK
6
CONTINUOUS
10
4.9307920078740155
20
-4.0375623228346456
11
4.9326447637795274
21
-4.0411601574803147
0
LINE
8
BLACK
6
CONTINUOUS
10
4.9326447637795274
20
-4.0411601574803147
11
4.9328516535433069
21
-4.0417007480314959
0
LINE
8
BLACK
6
CONTINUOUS
10
4.9328516535433069
20
-4.0417007480314959
11
4.932859173228346
21
-4.0418066141732281
0
LINE
8
BLACK
6
CONTINUOUS
10
4.932859173228346
20
-4.0418066141732281
11
4.9328997637795275
21
-4.0419046062992123
0
LINE
8
BLACK
6
CONTINUOUS
10
4.9328997637795275
20
-4.0419046062992123
11
4.9329073622047241
21
-4.0424849606299214
0
LINE
8
BLACK
6
CONTINUOUS
10
4.9329073622047241
20
-4.0424849606299214
11
4.9329333070866141
21
-4.0428499606299209
0
LINE
8
BLACK
6
CONTINUOUS
10
4.9329333070866141
20
-4.0428499606299209
11
4.9329129527559052
21
-4.0429109842519688
0
LINE
8
BLACK
6
CONTINUOUS
10
4.9329129527559052
20
-4.0429109842519688
11
4.9329564173228349
21
-4.0462268897637799
0
LINE
8
BLACK
6
CONTINUOUS
10
4.9329564173228349
20
-4.0462268897637799
11
4.9329564960629924
21
-4.0462271259842515
0
LINE
8
BLACK
6
CONTINUOUS
10
4.9329564960629924
20
-4.0462271259842515
11
4.9329564566929136
21
-4.0462272834645665
0
LINE
8
BLACK
6
CONTINUOUS
10
4.9329564566929136
20
-4.0462272834645665
11
4.9329564960629924
21
-4.0462301968503933
0
LINE
8
BLACK
6
CONTINUOUS
10
4.9329564960629924
20
-4.0462301968503933
11
4.9328997637795275
21
-4.0468062598425192
0
LINE
8
BLACK
6
CONTINUOUS
10
4.9328997637795275
20
-4.0468062598425192
11
4.9327889763779522
21
-4.0470736220472441
0
LINE
8
BLACK
6
CONTINUOUS
10
4.9327889763779522
20
-4.0470736220472441
11
4.9327328740157483
21
-4.047357322834646
0
LINE
8
BLACK
6
CONTINUOUS
10
4.9327328740157483
20
-4.047357322834646
11
4.9325707874015743
21
-4.0476004330708664
0
LINE
8
BLACK
6
CONTINUOUS
10
4.9325707874015743
20
-4.0476004330708664
11
4.932458858267716
21
-4.0478706692913384
0
LINE
8
BLACK
6
CONTINUOUS
10
4.932458858267716
20
-4.0478706692913384
11
4.9322542125984254
21
-4.0480753149606299
0
LINE
8
BLACK
6
CONTINUOUS
10
4.9322542125984254
20
-4.0480753149606299
11
4.9320938188976378
21
-4.048315905511811
0
LINE
8
BLACK
6
CONTINUOUS
10
4.9320938188976378
20
-4.048315905511811
11
4.9318509842519687
21
-4.0484785039370079
0
LINE
8
BLACK
6
CONTINUOUS
10
4.9318509842519687
20
-4.0484785039370079
11
4.9316442125984254
21
-4.0486853149606299
0
LINE
8
BLACK
6
CONTINUOUS
10
4.9316442125984254
20
-4.0486853149606299
11
4.9313769291338581
21
-4.0487960236220468
0
LINE
8
BLACK
6
CONTINUOUS
10
4.9313769291338581
20
-4.0487960236220468
11
4.9311365748031495
21
-4.0489570078740158
0
LINE
8
BLACK
6
CONTINUOUS
10
4.9311365748031495
20
-4.0489570078740158
11
4.9308457874015748
21
-4.0490160236220474
0
LINE
8
BLACK
6
CONTINUOUS
10
4.9308457874015748
20
-4.0490160236220474
11
4.9305798031496062
21
-4.0491262204724405
0
LINE
8
BLACK
6
CONTINUOUS
10
4.9305798031496062
20
-4.0491262204724405
11
4.9303029921259842
21
-4.0491262204724405
0
LINE
8
BLACK
6
CONTINUOUS
10
4.9303029921259842
20
-4.0491262204724405
11
4.9141903149606296
21
-4.052397047244094
0
LINE
8
BLACK
6
CONTINUOUS
10
4.9141903149606296
20
-4.052397047244094
11
4.9142066141732279
21
-4.0568681889763782
0
LINE
8
BLACK
6
CONTINUOUS
10
4.9142066141732279
20
-4.0568681889763782
11
4.9153432677165352
21
-4.0590755118110238
0
LINE
8
BLACK
6
CONTINUOUS
10
4.9153432677165352
20
-4.0590755118110238
11
4.9176557874015749
21
-4.0601975590551183
0
LINE
8
BLACK
6
CONTINUOUS
10
4.9176557874015749
20
-4.0601975590551183
11
4.9237648031496066
21
-4.0601546456692912
0
LINE
8
BLACK
6
CONTINUOUS
10
4.9237648031496066
20
-4.0601546456692912
11
4.9268084645669292
21
-4.0585873228346454
0
LINE
8
BLACK
6
CONTINUOUS
10
4.9268084645669292
20
-4.0585873228346454
11
4.9273490551181105
21
-4.0583804330708659
0
LINE
8
BLACK
6
CONTINUOUS
10
4.9273490551181105
20
-4.0583804330708659
11
4.9284982677165354
21
-4.0582987795275587
0
LINE
8
BLACK
6
CONTINUOUS
10
4.9284982677165354
20
-4.0582987795275587
11
4.9295912598425193
21
-4.0586631102362203
0
LINE
8
BLACK
6
CONTINUOUS
10
4.9295912598425193
20
-4.0586631102362203
11
4.930461614173228
21
-4.0594179527559051
0
LINE
8
BLACK
6
CONTINUOUS
10
4.930461614173228
20
-4.0594179527559051
11
4.9309768897637793
21
-4.060448464566929
0
LINE
8
BLACK
6
CONTINUOUS
10
4.9309768897637793
20
-4.060448464566929
11
4.9310585433070866
21
-4.0615976771653539
0
LINE
8
BLACK
6
CONTINUOUS
10
4.9310585433070866
20
-4.0615976771653539
11
4.930694212598425
21
-4.06269062992126
0
LINE
8
BLACK
6
CONTINUOUS
10
4.930694212598425
20
-4.06269062992126
11
4.9299393700787402
21
-4.0635610236220474
0
LINE
8
BLACK
6
CONTINUOUS
10
4.9299393700787402
20
-4.0635610236220474
11
4.9256999606299212
21
-4.0657441338582681
0
LINE
8
BLACK
6
CONTINUOUS
10
4.9256999606299212
20
-4.0657441338582681
11
4.9251593307086612
21
-4.0659510236220475
0
LINE
8
BLACK
6
CONTINUOUS
10
4.9251593307086612
20
-4.0659510236220475
11
4.9250535039370078
21
-4.0659585039370079
0
LINE
8
BLACK
6
CONTINUOUS
10
4.9250535039370078
20
-4.0659585039370079
11
4.9249555118110235
21
-4.0659991338582673
0
LINE
8
BLACK
6
CONTINUOUS
10
4.9249555118110235
20
-4.0659991338582673
11
4.9244302755905514
21
-4.0660027952755904
0
LINE
8
BLACK
6
CONTINUOUS
10
4.9244302755905514
20
-4.0660027952755904
11
4.9240101181102363
21
-4.0660326771653539
0
LINE
8
BLACK
6
CONTINUOUS
10
4.9240101181102363
20
-4.0660326771653539
11
4.9239310629921258
21
-4.0660062992125985
0
LINE
8
BLACK
6
CONTINUOUS
10
4.9239310629921258
20
-4.0660062992125985
11
4.9168803937007874
21
-4.0660558661417321
0
LINE
8
BLACK
6
CONTINUOUS
10
4.9168803937007874
20
-4.0660558661417321
11
4.9163043307086616
21
-4.0659991338582673
0
LINE
8
BLACK
6
CONTINUOUS
10
4.9163043307086616
20
-4.0659991338582673
11
4.9162063385826773
21
-4.0659585433070866
0
LINE
8
BLACK
6
CONTINUOUS
10
4.9162063385826773
20
-4.0659585433070866
11
4.9161004724409452
21
-4.0659510236220475
0
LINE
8
BLACK
6
CONTINUOUS
10
4.9161004724409452
20
-4.0659510236220475
11
4.9155887007874011
21
-4.0657026771653539
0
LINE
8
BLACK
6
CONTINUOUS
10
4.9155887007874011
20
-4.0657026771653539
11
4.9152399212598423
21
-4.0655582283464566
0
LINE
8
BLACK
6
CONTINUOUS
10
4.9152399212598423
20
-4.0655582283464566
11
4.9151918110236217
21
-4.065510118110236
0
LINE
8
BLACK
6
CONTINUOUS
10
4.9151918110236217
20
-4.065510118110236
11
4.9118103543307088
21
-4.0638693700787405
0
LINE
8
BLACK
6
CONTINUOUS
10
4.9118103543307088
20
-4.0638693700787405
11
4.9117139763779525
21
-4.0638087007874013
0
LINE
8
BLACK
6
CONTINUOUS
10
4.9117139763779525
20
-4.0638087007874013
11
4.9116685826771649
21
-4.0637935826771656
0
LINE
8
BLACK
6
CONTINUOUS
10
4.9116685826771649
20
-4.0637935826771656
11
4.911612007874016
21
-4.0637445275590549
0
LINE
8
BLACK
6
CONTINUOUS
10
4.911612007874016
20
-4.0637445275590549
11
4.9113204724409449
21
-4.0635610236220474
0
LINE
8
BLACK
6
CONTINUOUS
10
4.9113204724409449
20
-4.0635610236220474
11
4.9110777952755909
21
-4.0632811811023624
0
LINE
8
BLACK
6
CONTINUOUS
10
4.9110777952755909
20
-4.0632811811023624
11
4.9107981889763774
21
-4.0630387007874011
0
LINE
8
BLACK
6
CONTINUOUS
10
4.9107981889763774
20
-4.0630387007874011
11
4.910696850393701
21
-4.0628419685039372
0
LINE
8
BLACK
6
CONTINUOUS
10
4.910696850393701
20
-4.0628419685039372
11
4.9105656299212601
21
-4.06269062992126
0
LINE
8
BLACK
6
CONTINUOUS
10
4.9105656299212601
20
-4.06269062992126
11
4.9104677559055121
21
-4.0623970472440947
0
LINE
8
BLACK
6
CONTINUOUS
10
4.9104677559055121
20
-4.0623970472440947
11
4.9086150787401577
21
-4.0587992913385822
0
LINE
8
BLACK
6
CONTINUOUS
10
4.9086150787401577
20
-4.0587992913385822
11
4.9084081889763782
21
-4.0582586614173231
0
LINE
8
BLACK
6
CONTINUOUS
10
4.9084081889763782
20
-4.0582586614173231
11
4.9084006692913382
21
-4.0581528346456688
0
LINE
8
BLACK
6
CONTINUOUS
10
4.9084006692913382
20
-4.0581528346456688
11
4.9083600787401576
21
-4.0580548425196845
0
LINE
8
BLACK
6
CONTINUOUS
10
4.9083600787401576
20
-4.0580548425196845
11
4.9083582283464562
21
-4.0575559448818899
0
LINE
8
BLACK
6
CONTINUOUS
10
4.9083582283464562
20
-4.0575559448818899
11
4.908326535433071
21
-4.0571094488188972
0
LINE
8
BLACK
6
CONTINUOUS
10
4.908326535433071
20
-4.0571094488188972
11
4.9083562992125982
21
-4.0570201181102359
0
LINE
8
BLACK
6
CONTINUOUS
10
4.9083562992125982
20
-4.0570201181102359
11
4.908331181102362
21
-4.0501219685039374
0
LINE
8
BLACK
6
CONTINUOUS
10
4.908331181102362
20
-4.0501219685039374
11
4.9083033464566928
21
-4.0499827952755902
0
LINE
8
BLACK
6
CONTINUOUS
10
4.9083033464566928
20
-4.0499827952755902
11
4.9083301574803144
21
-4.0498471259842521
0
LINE
8
BLACK
6
CONTINUOUS
10
4.9083301574803144
20
-4.0498471259842521
11
4.9083033464566928
21
-4.0424806692913382
0
LINE
8
BLACK
6
CONTINUOUS
10
4.9083033464566928
20
-4.0424806692913382
11
4.9083600787401576
21
-4.0419046062992123
0
LINE
8
BLACK
6
CONTINUOUS
10
4.9083600787401576
20
-4.0419046062992123
11
4.9084006692913382
21
-4.0418065748031493
0
LINE
8
BLACK
6
CONTINUOUS
10
4.9084006692913382
20
-4.0418065748031493
11
4.9084081889763782
21
-4.0417007874015747
0
LINE
8
BLACK
6
CONTINUOUS
10
4.9084081889763782
20
-4.0417007874015747
11
4.9086563779527559
21
-4.0411892125984252
0
LINE
8
BLACK
6
CONTINUOUS
10
4.9086563779527559
20
-4.0411892125984252
11
4.9088009842519682
21
-4.040840196850394
0
LINE
8
BLACK
6
CONTINUOUS
10
4.9088009842519682
20
-4.040840196850394
11
4.9088490944881888
21
-4.0407920472440946
0
LINE
8
BLACK
6
CONTINUOUS
10
4.9088490944881888
20
-4.0407920472440946
11
4.9104898425196852
21
-4.0374106299212595
0
LINE
8
BLACK
6
CONTINUOUS
10
4.9104898425196852
20
-4.0374106299212595
11
4.9105504724409448
21
-4.0373142519685041
0
LINE
8
BLACK
6
CONTINUOUS
10
4.9105504724409448
20
-4.0373142519685041
11
4.9105656299212601
21
-4.0372688582677165
0
LINE
8
BLACK
6
CONTINUOUS
10
4.9105656299212601
20
-4.0372688582677165
11
4.9106146456692912
21
-4.0372122834645667
0
LINE
8
BLACK
6
CONTINUOUS
10
4.9106146456692912
20
-4.0372122834645667
11
4.9107981889763774
21
-4.0369207480314957
0
LINE
8
BLACK
6
CONTINUOUS
10
4.9107981889763774
20
-4.0369207480314957
11
4.9110778740157484
21
-4.0366781496062991
0
LINE
8
BLACK
6
CONTINUOUS
10
4.9110778740157484
20
-4.0366781496062991
11
4.9113204724409449
21
-4.0363984645669291
0
LINE
8
BLACK
6
CONTINUOUS
10
4.9113204724409449
20
-4.0363984645669291
11
4.9115172834645664
21
-4.036297086614173
0
LINE
8
BLACK
6
CONTINUOUS
10
4.9115172834645664
20
-4.036297086614173
11
4.9116685826771649
21
-4.0361659055118109
0
LINE
8
BLACK
6
CONTINUOUS
10
4.9116685826771649
20
-4.0361659055118109
11
4.9119620472440948
21
-4.0360680708661416
0
LINE
8
BLACK
6
CONTINUOUS
10
4.9119620472440948
20
-4.0360680708661416
11
4.9155598818897639
21
-4.0342153543307084
0
LINE
8
BLACK
6
CONTINUOUS
10
4.9155598818897639
20
-4.0342153543307084
11
4.9161004724409452
21
-4.034008464566929
0
LINE
8
BLACK
6
CONTINUOUS
10
4.9161004724409452
20
-4.034008464566929
11
4.9162063385826773
21
-4.0340009055118111
0
LINE
8
BLACK
6
CONTINUOUS
10
4.9162063385826773
20
-4.0340009055118111
11
4.9163043307086616
21
-4.0339603543307083
0
LINE
8
BLACK
6
CONTINUOUS
10
4.9163043307086616
20
-4.0339603543307083
11
4.9168294881889762
21
-4.0339566535433073
0
LINE
8
BLACK
6
CONTINUOUS
10
4.9168294881889762
20
-4.0339566535433073
11
4.9172496850393701
21
-4.0339268110236217
0
LINE
8
BLACK
6
CONTINUOUS
10
4.9172496850393701
20
-4.0339268110236217
11
4.9173287007874018
21
-4.0339531496062992
0
LINE
8
BLACK
6
CONTINUOUS
10
4.9173287007874018
20
-4.0339531496062992
11
4.9243794488188977
21
-4.0339036220472444
0
LINE
8
BLACK
6
CONTINUOUS
10
4.9243794488188977
20
-4.0339036220472444
11
4.9249555118110235
21
-4.0339603543307083
0
LINE
8
BLACK
6
CONTINUOUS
10
4.9174949999999997
20
-4.0398048031496065
11
4.9152837007874011
21
-4.0409435433070868
0
LINE
8
BLACK
6
CONTINUOUS
10
4.9152837007874011
20
-4.0409435433070868
11
4.9141570472440943
21
-4.0432653937007874
0
LINE
8
BLACK
6
CONTINUOUS
10
4.9141570472440943
20
-4.0432653937007874
11
4.9141685826771653
21
-4.0464316929133854
0
LINE
8
BLACK
6
CONTINUOUS
10
4.9141685826771653
20
-4.0464316929133854
11
4.9270684251968504
21
-4.0438130708661415
0
LINE
8
BLACK
6
CONTINUOUS
10
4.9270684251968504
20
-4.0438130708661415
11
4.9270591338582674
21
-4.0431027559055117
0
LINE
8
BLACK
6
CONTINUOUS
10
4.9270591338582674
20
-4.0431027559055117
11
4.9259165354330712
21
-4.0408839763779527
0
LINE
8
BLACK
6
CONTINUOUS
10
4.9259165354330712
20
-4.0408839763779527
11
4.9236040157480314
21
-4.0397618897637795
0
LINE
8
BLACK
6
CONTINUOUS
10
4.9236040157480314
20
-4.0397618897637795
11
4.9174949999999997
21
-4.0398048031496065
0
LINE
8
BLACK
6
CONTINUOUS
10
5.022171929133858
20
-4.0208102755905513
11
5.0222494094488184
21
-4.0208051181102364
0
LINE
8
BLACK
6
CONTINUOUS
10
5.0222494094488184
20
-4.0208051181102364
11
5.0223027559055113
21
-4.0208231496062989
0
LINE
8
BLACK
6
CONTINUOUS
10
5.0223027559055113
20
-4.0208231496062989
11
5.0224433464566927
21
-4.0208370078740154
0
LINE
8
BLACK
6
CONTINUOUS
10
5.0224433464566927
20
-4.0208370078740154
11
5.022886535433071
21
-4.0210205905511813
0
LINE
8
BLACK
6
CONTINUOUS
10
5.022886535433071
20
-4.0210205905511813
11
5.0233407874015743
21
-4.0211742125984253
0
LINE
8
BLACK
6
CONTINUOUS
10
5.0233407874015743
20
-4.0211742125984253
11
5.0234157480314963
21
-4.0212397637795272
0
LINE
8
BLACK
6
CONTINUOUS
10
5.0234157480314963
20
-4.0212397637795272
11
5.0235077559055119
21
-4.021277913385827
0
LINE
8
BLACK
6
CONTINUOUS
10
5.0235077559055119
20
-4.021277913385827
11
5.0238467322834648
21
-4.0216168897637798
0
LINE
8
BLACK
6
CONTINUOUS
10
5.0238467322834648
20
-4.0216168897637798
11
5.0242078740157483
21
-4.0219328740157483
0
LINE
8
BLACK
6
CONTINUOUS
10
5.0242078740157483
20
-4.0219328740157483
11
5.0242520472440946
21
-4.0220222047244096
0
LINE
8
BLACK
6
CONTINUOUS
10
5.0242520472440946
20
-4.0220222047244096
11
5.0243224015748034
21
-4.0220925590551184
0
LINE
8
BLACK
6
CONTINUOUS
10
5.0243224015748034
20
-4.0220925590551184
11
5.0245058661417321
21
-4.0225354724409446
0
LINE
8
BLACK
6
CONTINUOUS
10
5.0245058661417321
20
-4.0225354724409446
11
5.0247185826771652
21
-4.0229656299212602
0
LINE
8
BLACK
6
CONTINUOUS
10
5.0247185826771652
20
-4.0229656299212602
11
5.0247251968503939
21
-4.0230649606299211
0
LINE
8
BLACK
6
CONTINUOUS
10
5.0247251968503939
20
-4.0230649606299211
11
5.024763307086614
21
-4.0231569685039368
0
LINE
8
BLACK
6
CONTINUOUS
10
5.024763307086614
20
-4.0231569685039368
11
5.024763307086614
21
-4.0236366535433072
0
LINE
8
BLACK
6
CONTINUOUS
10
5.024763307086614
20
-4.0236366535433072
11
5.0247951968503939
21
-4.0241151574803151
0
LINE
8
BLACK
6
CONTINUOUS
10
5.0247951968503939
20
-4.0241151574803151
11
5.024763307086614
21
-4.0242094488188975
0
LINE
8
BLACK
6
CONTINUOUS
10
5.024763307086614
20
-4.0242094488188975
11
5.024763307086614
21
-4.0243090944881885
0
LINE
8
BLACK
6
CONTINUOUS
10
5.024763307086614
20
-4.0243090944881885
11
5.0245796850393702
21
-4.0247522834645668
0
LINE
8
BLACK
6
CONTINUOUS
10
5.0245796850393702
20
-4.0247522834645668
11
5.024426102362205
21
-4.0252065354330711
0
LINE
8
BLACK
6
CONTINUOUS
10
5.024426102362205
20
-4.0252065354330711
11
5.0243601574803147
21
-4.0252822834645672
0
LINE
8
BLACK
6
CONTINUOUS
10
5.0243601574803147
20
-4.0252822834645672
11
5.0243224015748034
21
-4.0253735039370078
0
LINE
8
BLACK
6
CONTINUOUS
10
5.0243224015748034
20
-4.0253735039370078
11
5.0240022047244093
21
-4.0256936614173231
0
LINE
8
BLACK
6
CONTINUOUS
10
5.0240022047244093
20
-4.0256936614173231
11
5.0151367322834641
21
-4.0358824015748027
0
LINE
8
BLACK
6
CONTINUOUS
10
5.0151367322834641
20
-4.0358824015748027
11
5.0151481102362201
21
-4.0358832283464565
0
LINE
8
BLACK
6
CONTINUOUS
10
5.0151481102362201
20
-4.0358832283464565
11
5.0156596456692908
21
-4.0361314173228342
0
LINE
8
BLACK
6
CONTINUOUS
10
5.0156596456692908
20
-4.0361314173228342
11
5.0160087007874017
21
-4.0362760236220474
0
LINE
8
BLACK
6
CONTINUOUS
10
5.0160087007874017
20
-4.0362760236220474
11
5.0160568110236223
21
-4.036324133858268
0
LINE
8
BLACK
6
CONTINUOUS
10
5.0160568110236223
20
-4.036324133858268
11
5.0194382677165352
21
-4.0379648818897635
0
LINE
8
BLACK
6
CONTINUOUS
10
5.0194382677165352
20
-4.0379648818897635
11
5.0196862598425191
21
-4.0381209448818893
0
LINE
8
BLACK
6
CONTINUOUS
10
5.0196862598425191
20
-4.0381209448818893
11
5.0197582283464568
21
-4.038150787401575
0
LINE
8
BLACK
6
CONTINUOUS
10
5.0197582283464568
20
-4.038150787401575
11
5.0198042913385823
21
-4.0381952755905512
0
LINE
8
BLACK
6
CONTINUOUS
10
5.0198042913385823
20
-4.0381952755905512
11
5.0199281496062991
21
-4.0382732283464566
0
LINE
8
BLACK
6
CONTINUOUS
10
5.0199281496062991
20
-4.0382732283464566
11
5.0201498818897639
21
-4.0385288976377955
0
LINE
8
BLACK
6
CONTINUOUS
10
5.0201498818897639
20
-4.0385288976377955
11
5.0220804330708662
21
-4.0403927559055113
0
LINE
8
BLACK
6
CONTINUOUS
10
5.0220804330708662
20
-4.0403927559055113
11
5.0222661811023617
21
-4.0406190944881892
0
LINE
8
BLACK
6
CONTINUOUS
10
5.0222661811023617
20
-4.0406190944881892
11
5.0223251968503932
21
-4.0406702755905508
0
LINE
8
BLACK
6
CONTINUOUS
10
5.0223251968503932
20
-4.0406702755905508
11
5.0223538188976375
21
-4.0407259055118105
0
LINE
8
BLACK
6
CONTINUOUS
10
5.0223538188976375
20
-4.0407259055118105
11
5.0224476377952758
21
-4.040840196850394
0
LINE
8
BLACK
6
CONTINUOUS
10
5.0224476377952758
20
-4.040840196850394
11
5.0225912992125981
21
-4.0411870472440947
0
LINE
8
BLACK
6
CONTINUOUS
10
5.0225912992125981
20
-4.0411870472440947
11
5.0245083070866139
21
-4.0449096850393698
0
LINE
8
BLACK
6
CONTINUOUS
10
5.0245083070866139
20
-4.0449096850393698
11
5.0247151968503934
21
-4.045450275590551
0
LINE
8
BLACK
6
CONTINUOUS
10
5.0247151968503934
20
-4.045450275590551
11
5.0247227165354333
21
-4.0455561417322832
0
LINE
8
BLACK
6
CONTINUOUS
10
5.0247227165354333
20
-4.0455561417322832
11
5.024763307086614
21
-4.0456541338582674
0
LINE
8
BLACK
6
CONTINUOUS
10
5.024763307086614
20
-4.0456541338582674
11
5.0247662204724408
21
-4.0461686614173225
0
LINE
8
BLACK
6
CONTINUOUS
10
5.0247662204724408
20
-4.0461686614173225
11
5.0247968503937006
21
-4.046599488188976
0
LINE
8
BLACK
6
CONTINUOUS
10
5.0247968503937006
20
-4.046599488188976
11
5.0247691338582676
21
-4.0466825196850396
0
LINE
8
BLACK
6
CONTINUOUS
10
5.0247691338582676
20
-4.0466825196850396
11
5.0248200393700788
21
-4.0556040157480311
0
LINE
8
BLACK
6
CONTINUOUS
10
5.0248200393700788
20
-4.0556040157480311
11
5.024763307086614
21
-4.056180078740157
0
LINE
8
BLACK
6
CONTINUOUS
10
5.024763307086614
20
-4.056180078740157
11
5.0247227165354333
21
-4.0562780314960625
0
LINE
8
BLACK
6
CONTINUOUS
10
5.0247227165354333
20
-4.0562780314960625
11
5.0247151968503934
21
-4.0563839370078743
0
LINE
8
BLACK
6
CONTINUOUS
10
5.0247151968503934
20
-4.0563839370078743
11
5.0244668503937007
21
-4.0568956692913387
0
LINE
8
BLACK
6
CONTINUOUS
10
5.0244668503937007
20
-4.0568956692913387
11
5.0243224015748034
21
-4.0572444881889762
0
LINE
8
BLACK
6
CONTINUOUS
10
5.0243224015748034
20
-4.0572444881889762
11
5.0242742913385827
21
-4.0572925590551181
0
LINE
8
BLACK
6
CONTINUOUS
10
5.0242742913385827
20
-4.0572925590551181
11
5.0226335433070863
21
-4.0606740551181097
0
LINE
8
BLACK
6
CONTINUOUS
10
5.0226335433070863
20
-4.0606740551181097
11
5.0224774803149606
21
-4.0609219291338583
0
LINE
8
BLACK
6
CONTINUOUS
10
5.0224774803149606
20
-4.0609219291338583
11
5.0224476771653546
21
-4.0609939763779526
0
LINE
8
BLACK
6
CONTINUOUS
10
5.0224476771653546
20
-4.0609939763779526
11
5.0224031102362208
21
-4.0610400787401577
0
LINE
8
BLACK
6
CONTINUOUS
10
5.0224031102362208
20
-4.0610400787401577
11
5.0223251968503932
21
-4.0611639370078736
0
LINE
8
BLACK
6
CONTINUOUS
10
5.0223251968503932
20
-4.0611639370078736
11
5.0220695275590552
21
-4.0613856299212596
0
LINE
8
BLACK
6
CONTINUOUS
10
5.0220695275590552
20
-4.0613856299212596
11
5.0202057086614174
21
-4.0633162204724407
0
LINE
8
BLACK
6
CONTINUOUS
10
5.0202057086614174
20
-4.0633162204724407
11
5.0199793307086615
21
-4.0635019685039371
0
LINE
8
BLACK
6
CONTINUOUS
10
5.0199793307086615
20
-4.0635019685039371
11
5.0199281496062991
21
-4.0635610236220474
0
LINE
8
BLACK
6
CONTINUOUS
10
5.0199281496062991
20
-4.0635610236220474
11
5.0198724803149606
21
-4.0635896456692908
0
LINE
8
BLACK
6
CONTINUOUS
10
5.0198724803149606
20
-4.0635896456692908
11
5.0197582283464568
21
-4.0636834645669291
0
LINE
8
BLACK
6
CONTINUOUS
10
5.0197582283464568
20
-4.0636834645669291
11
5.0194113385826773
21
-4.0638271259842522
0
LINE
8
BLACK
6
CONTINUOUS
10
5.0194113385826773
20
-4.0638271259842522
11
5.0156887401574801
21
-4.0657441338582681
0
LINE
8
BLACK
6
CONTINUOUS
10
5.0156887401574801
20
-4.0657441338582681
11
5.0151481102362201
21
-4.0659510236220475
0
LINE
8
BLACK
6
CONTINUOUS
10
5.0151481102362201
20
-4.0659510236220475
11
5.0150422834645667
21
-4.0659585039370079
0
LINE
8
BLACK
6
CONTINUOUS
10
5.0150422834645667
20
-4.0659585039370079
11
5.0149442913385824
21
-4.0659991338582673
0
LINE
8
BLACK
6
CONTINUOUS
10
5.0149442913385824
20
-4.0659991338582673
11
5.0144366929133861
21
-4.0660015354330712
0
LINE
8
BLACK
6
CONTINUOUS
10
5.0144366929133861
20
-4.0660015354330712
11
5.0139988976377952
21
-4.0660326771653539
0
LINE
8
BLACK
6
CONTINUOUS
10
5.0139988976377952
20
-4.0660326771653539
11
5.0139131102362207
21
-4.0660040551181105
0
LINE
8
BLACK
6
CONTINUOUS
10
5.0139131102362207
20
-4.0660040551181105
11
5.0031196456692912
21
-4.0660558661417321
0
LINE
8
BLACK
6
CONTINUOUS
10
5.0031196456692912
20
-4.0660558661417321
11
5.0025435826771654
21
-4.0659991338582673
0
LINE
8
BLACK
6
CONTINUOUS
10
5.0025435826771654
20
-4.0659991338582673
11
5.0024455905511811
21
-4.0659585433070866
0
LINE
8
BLACK
6
CONTINUOUS
10
5.0024455905511811
20
-4.0659585433070866
11
5.002339724409449
21
-4.0659510236220475
0
LINE
8
BLACK
6
CONTINUOUS
10
5.002339724409449
20
-4.0659510236220475
11
5.0018279527559057
21
-4.0657026771653539
0
LINE
8
BLACK
6
CONTINUOUS
10
5.0018279527559057
20
-4.0657026771653539
11
5.0014791732283461
21
-4.0655582283464566
0
LINE
8
BLACK
6
CONTINUOUS
10
5.0014791732283461
20
-4.0655582283464566
11
5.0014310629921255
21
-4.065510118110236
0
LINE
8
BLACK
6
CONTINUOUS
10
5.0014310629921255
20
-4.065510118110236
11
4.9980496062992126
21
-4.0638693700787405
0
LINE
8
BLACK
6
CONTINUOUS
10
4.9980496062992126
20
-4.0638693700787405
11
4.9978015748031499
21
-4.0637132677165351
0
LINE
8
BLACK
6
CONTINUOUS
10
4.9978015748031499
20
-4.0637132677165351
11
4.997729645669291
21
-4.0636834645669291
0
LINE
8
BLACK
6
CONTINUOUS
10
4.997729645669291
20
-4.0636834645669291
11
4.9976835433070868
21
-4.063638937007874
0
LINE
8
BLACK
6
CONTINUOUS
10
4.9976835433070868
20
-4.063638937007874
11
4.9975597244094487
21
-4.0635610236220474
0
LINE
8
BLACK
6
CONTINUOUS
10
4.9975597244094487
20
-4.0635610236220474
11
4.9973379133858264
21
-4.0633052362204722
0
LINE
8
BLACK
6
CONTINUOUS
10
4.9973379133858264
20
-4.0633052362204722
11
4.9954074015748029
21
-4.0614414173228344
0
LINE
8
BLACK
6
CONTINUOUS
10
4.9954074015748029
20
-4.0614414173228344
11
4.9950401968503932
21
-4.0609939763779526
0
LINE
8
BLACK
6
CONTINUOUS
10
4.9950401968503932
20
-4.0609939763779526
11
4.9945993307086614
21
-4.0599295669291342
0
LINE
8
BLACK
6
CONTINUOUS
10
4.9945993307086614
20
-4.0599295669291342
11
4.9945993307086614
21
-4.0587774803149603
0
LINE
8
BLACK
6
CONTINUOUS
10
4.9945993307086614
20
-4.0587774803149603
11
4.995040236220472
21
-4.057713070866142
0
LINE
8
BLACK
6
CONTINUOUS
10
4.995040236220472
20
-4.057713070866142
11
4.9958549212598422
21
-4.0568983858267718
0
LINE
8
BLACK
6
CONTINUOUS
10
4.9958549212598422
20
-4.0568983858267718
11
4.9969193307086615
21
-4.056457519685039
0
LINE
8
BLACK
6
CONTINUOUS
10
4.9969193307086615
20
-4.056457519685039
11
4.9980714173228344
21
-4.056457519685039
0
LINE
8
BLACK
6
CONTINUOUS
10
4.9980714173228344
20
-4.056457519685039
11
4.9991358267716537
21
-4.0568984251968505
0
LINE
8
BLACK
6
CONTINUOUS
10
4.9991358267716537
20
-4.0568984251968505
11
5.0011970472440943
21
-4.0588884645669294
0
LINE
8
BLACK
6
CONTINUOUS
10
5.0011970472440943
20
-4.0588884645669294
11
5.0039011811023624
21
-4.0602005511811026
0
LINE
8
BLACK
6
CONTINUOUS
10
5.0039011811023624
20
-4.0602005511811026
11
5.0137562598425198
21
-4.0601532677165357
0
LINE
8
BLACK
6
CONTINUOUS
10
5.0137562598425198
20
-4.0601532677165357
11
5.0164618503937008
21
-4.0587599999999995
0
LINE
8
BLACK
6
CONTINUOUS
10
5.0164618503937008
20
-4.0587599999999995
11
5.0176526377952753
21
-4.0575265748031493
0
LINE
8
BLACK
6
CONTINUOUS
10
5.0176526377952753
20
-4.0575265748031493
11
5.018963503937008
21
-4.0548249606299214
0
LINE
8
BLACK
6
CONTINUOUS
10
5.018963503937008
20
-4.0548249606299214
11
5.0189179921259841
21
-4.0468432283464564
0
LINE
8
BLACK
6
CONTINUOUS
10
5.0189179921259841
20
-4.0468432283464564
11
5.0175241732283462
21
-4.0441364960629924
0
LINE
8
BLACK
6
CONTINUOUS
10
5.0175241732283462
20
-4.0441364960629924
11
5.0162908267716535
21
-4.0429457874015746
0
LINE
8
BLACK
6
CONTINUOUS
10
5.0162908267716535
20
-4.0429457874015746
11
5.0135986220472439
21
-4.0416394488188976
0
LINE
8
BLACK
6
CONTINUOUS
10
5.0135986220472439
20
-4.0416394488188976
11
5.0087439370078739
21
-4.0416838976377951
0
LINE
8
BLACK
6
CONTINUOUS
10
5.0087439370078739
20
-4.0416838976377951
11
5.0084392519685039
21
-4.0416538582677166
0
LINE
8
BLACK
6
CONTINUOUS
10
5.0084392519685039
20
-4.0416538582677166
11
5.0083618110236223
21
-4.0416590551181102
0
LINE
8
BLACK
6
CONTINUOUS
10
5.0083618110236223
20
-4.0416590551181102
11
5.0083084251968506
21
-4.041640984251968
0
LINE
8
BLACK
6
CONTINUOUS
10
5.0083084251968506
20
-4.041640984251968
11
5.008167874015748
21
-4.0416271653543303
0
LINE
8
BLACK
6
CONTINUOUS
10
5.008167874015748
20
-4.0416271653543303
11
5.007724645669291
21
-4.0414435433070865
0
LINE
8
BLACK
6
CONTINUOUS
10
5.007724645669291
20
-4.0414435433070865
11
5.0072704330708664
21
-4.0412899606299213
0
LINE
8
BLACK
6
CONTINUOUS
10
5.0072704330708664
20
-4.0412899606299213
11
5.0071954330708657
21
-4.0412243700787398
0
LINE
8
BLACK
6
CONTINUOUS
10
5.0071954330708657
20
-4.0412243700787398
11
5.0071034645669288
21
-4.0411862598425197
0
LINE
8
BLACK
6
CONTINUOUS
10
5.0071034645669288
20
-4.0411862598425197
11
5.0067644488188972
21
-4.040847244094488
0
LINE
8
BLACK
6
CONTINUOUS
10
5.0067644488188972
20
-4.040847244094488
11
5.0064033464566924
21
-4.0405312992125983
0
LINE
8
BLACK
6
CONTINUOUS
10
5.0064033464566924
20
-4.0405312992125983
11
5.0063591338582674
21
-4.0404419291338582
0
LINE
8
BLACK
6
CONTINUOUS
10
5.0063591338582674
20
-4.0404419291338582
11
5.0062888188976373
21
-4.0403716141732282
0
LINE
8
BLACK
6
CONTINUOUS
10
5.0062888188976373
20
-4.0403716141732282
11
5.0061053149606298
21
-4.0399286614173224
0
LINE
8
BLACK
6
CONTINUOUS
10
5.0061053149606298
20
-4.0399286614173224
11
5.0058926377952755
21
-4.0394985433070865
0
LINE
8
BLACK
6
CONTINUOUS
10
5.0058926377952755
20
-4.0394985433070865
11
5.0058859842519681
21
-4.0393991732283467
0
LINE
8
BLACK
6
CONTINUOUS
10
5.0058859842519681
20
-4.0393991732283467
11
5.0058479133858267
21
-4.039307204724409
0
LINE
8
BLACK
6
CONTINUOUS
10
5.0058479133858267
20
-4.039307204724409
11
5.0058479133858267
21
-4.0388274803149606
0
LINE
8
BLACK
6
CONTINUOUS
10
5.0058479133858267
20
-4.0388274803149606
11
5.0058160236220468
21
-4.0383490157480315
0
LINE
8
BLACK
6
CONTINUOUS
10
5.0058160236220468
20
-4.0383490157480315
11
5.0058479133858267
21
-4.0382546850393704
0
LINE
8
BLACK
6
CONTINUOUS
10
5.0058479133858267
20
-4.0382546850393704
11
5.0058479133858267
21
-4.0381550787401572
0
LINE
8
BLACK
6
CONTINUOUS
10
5.0058479133858267
20
-4.0381550787401572
11
5.0060314960629917
21
-4.0377118503937011
0
LINE
8
BLACK
6
CONTINUOUS
10
5.0060314960629917
20
-4.0377118503937011
11
5.0061851181102357
21
-4.0372576377952756
0
LINE
8
BLACK
6
CONTINUOUS
10
5.0061851181102357
20
-4.0372576377952756
11
5.0062510236220472
21
-4.0371818503937007
0
LINE
8
BLACK
6
CONTINUOUS
10
5.0062510236220472
20
-4.0371818503937007
11
5.0062888188976373
21
-4.0370906692913389
0
LINE
8
BLACK
6
CONTINUOUS
10
5.0062888188976373
20
-4.0370906692913389
11
5.0066089763779527
21
-4.0367704724409448
0
LINE
8
BLACK
6
CONTINUOUS
10
5.0066089763779527
20
-4.0367704724409448
11
5.0154194094488185
21
-4.0266450000000003
0
LINE
8
BLACK
6
CONTINUOUS
10
5.0154194094488185
20
-4.0266450000000003
11
4.9974953543307086
21
-4.0266857874015747
0
LINE
8
BLACK
6
CONTINUOUS
10
4.9974953543307086
20
-4.0266857874015747
11
4.9969192913385827
21
-4.0266290551181099
0
LINE
8
BLACK
6
CONTINUOUS
10
4.9969192913385827
20
-4.0266290551181099
11
4.9958548818897635
21
-4.0261881496062992
0
LINE
8
BLACK
6
CONTINUOUS
10
4.9958548818897635
20
-4.0261881496062992
11
4.995040236220472
21
-4.0253735039370078
0
LINE
8
BLACK
6
CONTINUOUS
10
4.995040236220472
20
-4.0253735039370078
11
4.9945993307086614
21
-4.0243090944881885
0
LINE
8
BLACK
6
CONTINUOUS
10
4.9945993307086614
20
-4.0243090944881885
11
4.9945993307086614
21
-4.0231569685039368
0
LINE
8
BLACK
6
CONTINUOUS
10
4.9945993307086614
20
-4.0231569685039368
11
4.995040236220472
21
-4.0220925590551184
0
LINE
8
BLACK
6
CONTINUOUS
10
4.995040236220472
20
-4.0220925590551184
11
4.9958548818897635
21
-4.021277913385827
0
LINE
8
BLACK
6
CONTINUOUS
10
4.9958548818897635
20
-4.021277913385827
11
4.9969192913385827
21
-4.0208370078740154
0
LINE
8
BLACK
6
CONTINUOUS
10
4.9969192913385827
20
-4.0208370078740154
11
5.0218672834645668
21
-4.0207802755905515
0
LINE
8
BLACK
6
CONTINUOUS
10
5.0218672834645668
20
-4.0207802755905515
11
5.022171929133858
21
-4.0208102755905513
0
LINE
8
BLACK
6
CONTINUOUS
10
5.0824358661417319
20
-4.0208370078740154
11
5.0825338582677162
21
-4.020877598425197
0
LINE
8
BLACK
6
CONTINUOUS
10
5.0825338582677162
20
-4.020877598425197
11
5.0826396850393696
21
-4.0208851181102361
0
LINE
8
BLACK
6
CONTINUOUS
10
5.0826396850393696
20
-4.0208851181102361
11
5.0831512204724412
21
-4.0211333070866138
0
LINE
8
BLACK
6
CONTINUOUS
10
5.0831512204724412
20
-4.0211333070866138
11
5.0835002755905512
21
-4.021277913385827
0
LINE
8
BLACK
6
CONTINUOUS
10
5.0835002755905512
20
-4.021277913385827
11
5.0835483858267718
21
-4.0213260236220467
0
LINE
8
BLACK
6
CONTINUOUS
10
5.0835483858267718
20
-4.0213260236220467
11
5.0869298425196847
21
-4.0229667716535431
0
LINE
8
BLACK
6
CONTINUOUS
10
5.0869298425196847
20
-4.0229667716535431
11
5.0871778346456695
21
-4.0231228346456689
0
LINE
8
BLACK
6
CONTINUOUS
10
5.0871778346456695
20
-4.0231228346456689
11
5.0872498031496063
21
-4.0231526771653545
0
LINE
8
BLACK
6
CONTINUOUS
10
5.0872498031496063
20
-4.0231526771653545
11
5.0872958661417318
21
-4.0231971653543308
0
LINE
8
BLACK
6
CONTINUOUS
10
5.0872958661417318
20
-4.0231971653543308
11
5.0874197244094486
21
-4.0232751181102362
0
LINE
8
BLACK
6
CONTINUOUS
10
5.0874197244094486
20
-4.0232751181102362
11
5.0876414566929133
21
-4.0235307874015751
0
LINE
8
BLACK
6
CONTINUOUS
10
5.0876414566929133
20
-4.0235307874015751
11
5.0895720078740156
21
-4.0253946456692908
0
LINE
8
BLACK
6
CONTINUOUS
10
5.0895720078740156
20
-4.0253946456692908
11
5.089757755905512
21
-4.0256209842519688
0
LINE
8
BLACK
6
CONTINUOUS
10
5.089757755905512
20
-4.0256209842519688
11
5.0898167716535436
21
-4.0256721653543304
0
LINE
8
BLACK
6
CONTINUOUS
10
5.0898167716535436
20
-4.0256721653543304
11
5.089845393700787
21
-4.0257277952755901
0
LINE
8
BLACK
6
CONTINUOUS
10
5.089845393700787
20
-4.0257277952755901
11
5.0899392125984253
21
-4.0258420866141735
0
LINE
8
BLACK
6
CONTINUOUS
10
5.0899392125984253
20
-4.0258420866141735
11
5.0900828740157475
21
-4.0261889370078743
0
LINE
8
BLACK
6
CONTINUOUS
10
5.0900828740157475
20
-4.0261889370078743
11
5.0919998818897634
21
-4.0299115748031493
0
LINE
8
BLACK
6
CONTINUOUS
10
5.0919998818897634
20
-4.0299115748031493
11
5.0922067716535429
21
-4.0304521653543306
0
LINE
8
BLACK
6
CONTINUOUS
10
5.0922067716535429
20
-4.0304521653543306
11
5.0922142913385828
21
-4.0305580314960627
0
LINE
8
BLACK
6
CONTINUOUS
10
5.0922142913385828
20
-4.0305580314960627
11
5.0922548818897635
21
-4.030656023622047
0
LINE
8
BLACK
6
CONTINUOUS
10
5.0922548818897635
20
-4.030656023622047
11
5.0922624803149601
21
-4.031236377952756
0
LINE
8
BLACK
6
CONTINUOUS
10
5.0922624803149601
20
-4.031236377952756
11
5.0922884251968501
21
-4.0316013779527555
0
LINE
8
BLACK
6
CONTINUOUS
10
5.0922884251968501
20
-4.0316013779527555
11
5.0922680708661412
21
-4.0316624015748035
0
LINE
8
BLACK
6
CONTINUOUS
10
5.0922680708661412
20
-4.0316624015748035
11
5.0923116141732283
21
-4.034981614173228
0
LINE
8
BLACK
6
CONTINUOUS
10
5.0923116141732283
20
-4.034981614173228
11
5.0922548818897635
21
-4.0355576771653539
0
LINE
8
BLACK
6
CONTINUOUS
10
5.0922548818897635
20
-4.0355576771653539
11
5.0922142913385828
21
-4.0356556299212594
0
LINE
8
BLACK
6
CONTINUOUS
10
5.0922142913385828
20
-4.0356556299212594
11
5.0922067716535429
21
-4.0357615354330711
0
LINE
8
BLACK
6
CONTINUOUS
10
5.0922067716535429
20
-4.0357615354330711
11
5.0919584251968502
21
-4.0362732677165356
0
LINE
8
BLACK
6
CONTINUOUS
10
5.0919584251968502
20
-4.0362732677165356
11
5.0918139763779529
21
-4.0366220866141731
0
LINE
8
BLACK
6
CONTINUOUS
10
5.0918139763779529
20
-4.0366220866141731
11
5.0917658661417322
21
-4.036670157480315
0
LINE
8
BLACK
6
CONTINUOUS
10
5.0917658661417322
20
-4.036670157480315
11
5.0901251181102358
21
-4.0400516535433066
0
LINE
8
BLACK
6
CONTINUOUS
10
5.0901251181102358
20
-4.0400516535433066
11
5.0899690157480313
21
-4.0402996456692915
0
LINE
8
BLACK
6
CONTINUOUS
10
5.0899690157480313
20
-4.0402996456692915
11
5.0899392125984253
21
-4.0403716141732282
0
LINE
8
BLACK
6
CONTINUOUS
10
5.0899392125984253
20
-4.0403716141732282
11
5.0898946850393703
21
-4.0404176771653546
0
LINE
8
BLACK
6
CONTINUOUS
10
5.0898946850393703
20
-4.0404176771653546
11
5.0898167716535436
21
-4.0405415354330705
0
LINE
8
BLACK
6
CONTINUOUS
10
5.0898167716535436
20
-4.0405415354330705
11
5.089561062992126
21
-4.0407632677165353
0
LINE
8
BLACK
6
CONTINUOUS
10
5.089561062992126
20
-4.0407632677165353
11
5.0886831102362207
21
-4.0416726377952754
0
LINE
8
BLACK
6
CONTINUOUS
10
5.0886831102362207
20
-4.0416726377952754
11
5.0889463779527562
21
-4.0417901968503935
0
LINE
8
BLACK
6
CONTINUOUS
10
5.0889463779527562
20
-4.0417901968503935
11
5.0890264960629921
21
-4.0418596850393698
0
LINE
8
BLACK
6
CONTINUOUS
10
5.0890264960629921
20
-4.0418596850393698
11
5.0891245669291338
21
-4.0419003149606301
0
LINE
8
BLACK
6
CONTINUOUS
10
5.0891245669291338
20
-4.0419003149606301
11
5.0895773622047242
21
-4.0423374409448822
0
LINE
8
BLACK
6
CONTINUOUS
10
5.0895773622047242
20
-4.0423374409448822
11
5.0898167322834649
21
-4.0425450787401571
0
LINE
8
BLACK
6
CONTINUOUS
10
5.0898167322834649
20
-4.0425450787401571
11
5.0898394094488184
21
-4.0425904724409447
0
LINE
8
BLACK
6
CONTINUOUS
10
5.0898394094488184
20
-4.0425904724409447
11
5.0914467716535432
21
-4.0441422834645673
0
LINE
8
BLACK
6
CONTINUOUS
10
5.0914467716535432
20
-4.0441422834645673
11
5.0916325196850396
21
-4.0443686220472443
0
LINE
8
BLACK
6
CONTINUOUS
10
5.0916325196850396
20
-4.0443686220472443
11
5.0916915354330712
21
-4.0444198031496059
0
LINE
8
BLACK
6
CONTINUOUS
10
5.0916915354330712
20
-4.0444198031496059
11
5.0917201574803146
21
-4.0444754330708657
0
LINE
8
BLACK
6
CONTINUOUS
10
5.0917201574803146
20
-4.0444754330708657
11
5.0918139763779529
21
-4.0445897244094491
0
LINE
8
BLACK
6
CONTINUOUS
10
5.0918139763779529
20
-4.0445897244094491
11
5.0919576377952751
21
-4.0449365748031498
0
LINE
8
BLACK
6
CONTINUOUS
10
5.0919576377952751
20
-4.0449365748031498
11
5.0938746456692909
21
-4.0486592125984249
0
LINE
8
BLACK
6
CONTINUOUS
10
5.0938746456692909
20
-4.0486592125984249
11
5.0940815354330704
21
-4.0491998031496061
0
LINE
8
BLACK
6
CONTINUOUS
10
5.0940815354330704
20
-4.0491998031496061
11
5.0940890551181104
21
-4.0493056692913383
0
LINE
8
BLACK
6
CONTINUOUS
10
5.0940890551181104
20
-4.0493056692913383
11
5.0941296456692911
21
-4.0494036614173226
0
LINE
8
BLACK
6
CONTINUOUS
10
5.0941296456692911
20
-4.0494036614173226
11
5.0941346062992121
21
-4.0499468503937006
0
LINE
8
BLACK
6
CONTINUOUS
10
5.0941346062992121
20
-4.0499468503937006
11
5.0941631889763777
21
-4.0503490157480311
0
LINE
8
BLACK
6
CONTINUOUS
10
5.0941631889763777
20
-4.0503490157480311
11
5.094138937007874
21
-4.0504216929133854
0
LINE
8
BLACK
6
CONTINUOUS
10
5.094138937007874
20
-4.0504216929133854
11
5.0941863779527559
21
-4.0556040157480311
0
LINE
8
BLACK
6
CONTINUOUS
10
5.0941863779527559
20
-4.0556040157480311
11
5.0941296456692911
21
-4.056180078740157
0
LINE
8
BLACK
6
CONTINUOUS
10
5.0941296456692911
20
-4.056180078740157
11
5.0940890551181104
21
-4.0562780314960625
0
LINE
8
BLACK
6
CONTINUOUS
10
5.0940890551181104
20
-4.0562780314960625
11
5.0940815354330704
21
-4.0563839370078743
0
LINE
8
BLACK
6
CONTINUOUS
10
5.0940815354330704
20
-4.0563839370078743
11
5.0938331889763777
21
-4.0568956692913387
0
LINE
8
BLACK
6
CONTINUOUS
10
5.0938331889763777
20
-4.0568956692913387
11
5.0936887401574804
21
-4.0572444881889762
0
LINE
8
BLACK
6
CONTINUOUS
10
5.0936887401574804
20
-4.0572444881889762
11
5.0936406299212598
21
-4.0572925590551181
0
LINE
8
BLACK
6
CONTINUOUS
10
5.0936406299212598
20
-4.0572925590551181
11
5.0919998818897634
21
-4.0606740551181097
0
LINE
8
BLACK
6
CONTINUOUS
10
5.0919998818897634
20
-4.0606740551181097
11
5.0918438188976376
21
-4.0609219291338583
0
LINE
8
BLACK
6
CONTINUOUS
10
5.0918438188976376
20
-4.0609219291338583
11
5.0918140157480316
21
-4.0609939763779526
0
LINE
8
BLACK
6
CONTINUOUS
10
5.0918140157480316
20
-4.0609939763779526
11
5.0917694488188978
21
-4.0610400787401577
0
LINE
8
BLACK
6
CONTINUOUS
10
5.0917694488188978
20
-4.0610400787401577
11
5.0916915354330712
21
-4.0611639370078736
0
LINE
8
BLACK
6
CONTINUOUS
10
5.0916915354330712
20
-4.0611639370078736
11
5.0914358661417323
21
-4.0613856299212596
0
LINE
8
BLACK
6
CONTINUOUS
10
5.0914358661417323
20
-4.0613856299212596
11
5.0895720472440944
21
-4.0633162204724407
0
LINE
8
BLACK
6
CONTINUOUS
10
5.0895720472440944
20
-4.0633162204724407
11
5.0893456692913386
21
-4.0635019685039371
0
LINE
8
BLACK
6
CONTINUOUS
10
5.0893456692913386
20
-4.0635019685039371
11
5.0892944881889761
21
-4.0635610236220474
0
LINE
8
BLACK
6
CONTINUOUS
10
5.0892944881889761
20
-4.0635610236220474
11
5.0892388188976376
21
-4.0635896456692908
0
LINE
8
BLACK
6
CONTINUOUS
10
5.0892388188976376
20
-4.0635896456692908
11
5.0891245669291338
21
-4.0636834645669291
0
LINE
8
BLACK
6
CONTINUOUS
10
5.0891245669291338
20
-4.0636834645669291
11
5.0887776771653543
21
-4.0638271259842522
0
LINE
8
BLACK
6
CONTINUOUS
10
5.0887776771653543
20
-4.0638271259842522
11
5.0850550787401572
21
-4.0657441338582681
0
LINE
8
BLACK
6
CONTINUOUS
10
5.0850550787401572
20
-4.0657441338582681
11
5.0845144488188971
21
-4.0659510236220475
0
LINE
8
BLACK
6
CONTINUOUS
10
5.0845144488188971
20
-4.0659510236220475
11
5.0844086220472438
21
-4.0659585039370079
0
LINE
8
BLACK
6
CONTINUOUS
10
5.0844086220472438
20
-4.0659585039370079
11
5.0843106299212595
21
-4.0659991338582673
0
LINE
8
BLACK
6
CONTINUOUS
10
5.0843106299212595
20
-4.0659991338582673
11
5.0838117322834648
21
-4.0660009448818899
0
LINE
8
BLACK
6
CONTINUOUS
10
5.0838117322834648
20
-4.0660009448818899
11
5.0833652362204722
21
-4.0660326771653539
0
LINE
8
BLACK
6
CONTINUOUS
10
5.0833652362204722
20
-4.0660326771653539
11
5.0832759055118109
21
-4.0660028740157479
0
LINE
8
BLACK
6
CONTINUOUS
10
5.0832759055118109
20
-4.0660028740157479
11
5.0687364566929132
21
-4.0660558661417321
0
LINE
8
BLACK
6
CONTINUOUS
10
5.0687364566929132
20
-4.0660558661417321
11
5.0681603937007873
21
-4.0659991338582673
0
LINE
8
BLACK
6
CONTINUOUS
10
5.0681603937007873
20
-4.0659991338582673
11
5.0670959842519681
21
-4.0655582283464566
0
LINE
8
BLACK
6
CONTINUOUS
10
5.0670959842519681
20
-4.0655582283464566
11
5.0662813385826775
21
-4.0647435826771652
0
LINE
8
BLACK
6
CONTINUOUS
10
5.0662813385826775
20
-4.0647435826771652
11
5.065840433070866
21
-4.0636791732283459
0
LINE
8
BLACK
6
CONTINUOUS
10
5.065840433070866
20
-4.0636791732283459
11
5.0657837007874011
21
-4.0237330314960627
0
LINE
8
BLACK
6
CONTINUOUS
10
5.0657837007874011
20
-4.0237330314960627
11
5.065840433070866
21
-4.0231569685039368
0
LINE
8
BLACK
6
CONTINUOUS
10
5.065840433070866
20
-4.0231569685039368
11
5.0662813385826775
21
-4.0220925590551184
0
LINE
8
BLACK
6
CONTINUOUS
10
5.0662813385826775
20
-4.0220925590551184
11
5.0670959842519681
21
-4.021277913385827
0
LINE
8
BLACK
6
CONTINUOUS
10
5.0670959842519681
20
-4.021277913385827
11
5.0681603937007873
21
-4.0208370078740154
0
LINE
8
BLACK
6
CONTINUOUS
10
5.0681603937007873
20
-4.0208370078740154
11
5.0818598031496061
21
-4.0207802755905515
0
LINE
8
BLACK
6
CONTINUOUS
10
5.0818598031496061
20
-4.0207802755905515
11
5.0824358661417319
21
-4.0208370078740154
0
LINE
8
BLACK
6
CONTINUOUS
10
5.071664094488189
20
-4.045421299212598
11
5.0716850787401571
21
-4.0601942125984252
0
LINE
8
BLACK
6
CONTINUOUS
10
5.0716850787401571
20
-4.0601942125984252
11
5.0831239763779523
21
-4.0601525590551182
0
LINE
8
BLACK
6
CONTINUOUS
10
5.0831239763779523
20
-4.0601525590551182
11
5.0858281889763779
21
-4.0587599999999995
0
LINE
8
BLACK
6
CONTINUOUS
10
5.0858281889763779
20
-4.0587599999999995
11
5.0870189763779523
21
-4.0575265748031493
0
LINE
8
BLACK
6
CONTINUOUS
10
5.0870189763779523
20
-4.0575265748031493
11
5.0883252755905515
21
-4.0548344094488185
0
LINE
8
BLACK
6
CONTINUOUS
10
5.0883252755905515
20
-4.0548344094488185
11
5.0882864960629917
21
-4.0505969291338584
0
LINE
8
BLACK
6
CONTINUOUS
10
5.0882864960629917
20
-4.0505969291338584
11
5.0868905118110233
21
-4.0478860236220475
0
LINE
8
BLACK
6
CONTINUOUS
10
5.0868905118110233
20
-4.0478860236220475
11
5.0858408661417318
21
-4.0468726771653545
0
LINE
8
BLACK
6
CONTINUOUS
10
5.0858408661417318
20
-4.0468726771653545
11
5.0812343307086616
21
-4.0453816535433074
0
LINE
8
BLACK
6
CONTINUOUS
10
5.0812343307086616
20
-4.0453816535433074
11
5.071664094488189
21
-4.045421299212598
0
LINE
8
BLACK
6
CONTINUOUS
10
5.0716374409448814
20
-4.0266737401574799
11
5.0716557874015749
21
-4.0395701574803144
0
LINE
8
BLACK
6
CONTINUOUS
10
5.0716557874015749
20
-4.0395701574803144
11
5.0812486220472444
21
-4.0395304330708663
0
LINE
8
BLACK
6
CONTINUOUS
10
5.0812486220472444
20
-4.0395304330708663
11
5.0839534645669291
21
-4.0381375590551176
0
LINE
8
BLACK
6
CONTINUOUS
10
5.0839534645669291
20
-4.0381375590551176
11
5.0851442125984248
21
-4.0369041732283462
0
LINE
8
BLACK
6
CONTINUOUS
10
5.0851442125984248
20
-4.0369041732283462
11
5.0864453149606295
21
-4.0342227165354334
0
LINE
8
BLACK
6
CONTINUOUS
10
5.0864453149606295
20
-4.0342227165354334
11
5.0864142519685034
21
-4.0318541732283464
0
LINE
8
BLACK
6
CONTINUOUS
10
5.0864142519685034
20
-4.0318541732283464
11
5.0850157480314957
21
-4.029138385826772
0
LINE
8
BLACK
6
CONTINUOUS
10
5.0850157480314957
20
-4.029138385826772
11
5.083782401574803
21
-4.0279476771653542
0
LINE
8
BLACK
6
CONTINUOUS
10
5.083782401574803
20
-4.0279476771653542
11
5.0810764173228344
21
-4.026634645669291
0
LINE
8
BLACK
6
CONTINUOUS
10
5.0810764173228344
20
-4.026634645669291
11
5.0716374409448814
21
-4.0266737401574799
0
LINE
8
BLACK
6
CONTINUOUS
10
5.1697394881889762
20
-4.021277913385827
11
5.1705541338582677
21
-4.0220925590551184
0
LINE
8
BLACK
6
CONTINUOUS
10
5.1705541338582677
20
-4.0220925590551184
11
5.1709950393700783
21
-4.0231569685039368
0
LINE
8
BLACK
6
CONTINUOUS
10
5.1709950393700783
20
-4.0231569685039368
11
5.1710165748031498
21
-4.0383257874015746
0
LINE
8
BLACK
6
CONTINUOUS
10
5.1710165748031498
20
-4.0383257874015746
11
5.1710285826771649
21
-4.0383618110236217
0
LINE
8
BLACK
6
CONTINUOUS
10
5.1710285826771649
20
-4.0383618110236217
11
5.1710168503937011
21
-4.0385266535433066
0
LINE
8
BLACK
6
CONTINUOUS
10
5.1710168503937011
20
-4.0385266535433066
11
5.1710517716535431
21
-4.0631031102362201
0
LINE
8
BLACK
6
CONTINUOUS
10
5.1710517716535431
20
-4.0631031102362201
11
5.1709950393700783
21
-4.0636791732283459
0
LINE
8
BLACK
6
CONTINUOUS
10
5.1709950393700783
20
-4.0636791732283459
11
5.1705541338582677
21
-4.0647435826771652
0
LINE
8
BLACK
6
CONTINUOUS
10
5.1705541338582677
20
-4.0647435826771652
11
5.1697394881889762
21
-4.0655582283464566
0
LINE
8
BLACK
6
CONTINUOUS
10
5.1697394881889762
20
-4.0655582283464566
11
5.168675078740157
21
-4.0659991338582673
0
LINE
8
BLACK
6
CONTINUOUS
10
5.168675078740157
20
-4.0659991338582673
11
5.1675229527559052
21
-4.0659991338582673
0
LINE
8
BLACK
6
CONTINUOUS
10
5.1675229527559052
20
-4.0659991338582673
11
5.1664585433070869
21
-4.0655582283464566
0
LINE
8
BLACK
6
CONTINUOUS
10
5.1664585433070869
20
-4.0655582283464566
11
5.1663131889763783
21
-4.065412874015748
0
LINE
8
BLACK
6
CONTINUOUS
10
5.1663131889763783
20
-4.065412874015748
11
5.1656699999999995
21
-4.0657441338582681
0
LINE
8
BLACK
6
CONTINUOUS
10
5.1656699999999995
20
-4.0657441338582681
11
5.1651293700787404
21
-4.0659510236220475
0
LINE
8
BLACK
6
CONTINUOUS
10
5.1651293700787404
20
-4.0659510236220475
11
5.1650235433070861
21
-4.0659585039370079
0
LINE
8
BLACK
6
CONTINUOUS
10
5.1650235433070861
20
-4.0659585039370079
11
5.1649255511811019
21
-4.0659991338582673
0
LINE
8
BLACK
6
CONTINUOUS
10
5.1649255511811019
20
-4.0659991338582673
11
5.1644003149606297
21
-4.0660027952755904
0
LINE
8
BLACK
6
CONTINUOUS
10
5.1644003149606297
20
-4.0660027952755904
11
5.1639801574803146
21
-4.0660326771653539
0
LINE
8
BLACK
6
CONTINUOUS
10
5.1639801574803146
20
-4.0660326771653539
11
5.163901102362205
21
-4.0660062992125985
0
LINE
8
BLACK
6
CONTINUOUS
10
5.163901102362205
20
-4.0660062992125985
11
5.1568504330708658
21
-4.0660558661417321
0
LINE
8
BLACK
6
CONTINUOUS
10
5.1568504330708658
20
-4.0660558661417321
11
5.1562743700787399
21
-4.0659991338582673
0
LINE
8
BLACK
6
CONTINUOUS
10
5.1562743700787399
20
-4.0659991338582673
11
5.1561763779527556
21
-4.0659585433070866
0
LINE
8
BLACK
6
CONTINUOUS
10
5.1561763779527556
20
-4.0659585433070866
11
5.1560705118110235
21
-4.0659510236220475
0
LINE
8
BLACK
6
CONTINUOUS
10
5.1560705118110235
20
-4.0659510236220475
11
5.1555587401574803
21
-4.0657026771653539
0
LINE
8
BLACK
6
CONTINUOUS
10
5.1555587401574803
20
-4.0657026771653539
11
5.1552099606299215
21
-4.0655582283464566
0
LINE
8
BLACK
6
CONTINUOUS
10
5.1552099606299215
20
-4.0655582283464566
11
5.1551618503937009
21
-4.065510118110236
0
LINE
8
BLACK
6
CONTINUOUS
10
5.1551618503937009
20
-4.065510118110236
11
5.1517803937007871
21
-4.0638693700787405
0
LINE
8
BLACK
6
CONTINUOUS
10
5.1517803937007871
20
-4.0638693700787405
11
5.1515323622047244
21
-4.0637132677165351
0
LINE
8
BLACK
6
CONTINUOUS
10
5.1515323622047244
20
-4.0637132677165351
11
5.1514604330708664
21
-4.0636834645669291
0
LINE
8
BLACK
6
CONTINUOUS
10
5.1514604330708664
20
-4.0636834645669291
11
5.1514143307086613
21
-4.063638937007874
0
LINE
8
BLACK
6
CONTINUOUS
10
5.1514143307086613
20
-4.063638937007874
11
5.1512905118110233
21
-4.0635610236220474
0
LINE
8
BLACK
6
CONTINUOUS
10
5.1512905118110233
20
-4.0635610236220474
11
5.1510687007874019
21
-4.0633052362204722
0
LINE
8
BLACK
6
CONTINUOUS
10
5.1510687007874019
20
-4.0633052362204722
11
5.1491381889763774
21
-4.0614414173228344
0
LINE
8
BLACK
6
CONTINUOUS
10
5.1491381889763774
20
-4.0614414173228344
11
5.1489524409448819
21
-4.0612150787401573
0
LINE
8
BLACK
6
CONTINUOUS
10
5.1489524409448819
20
-4.0612150787401573
11
5.1488934645669291
21
-4.0611639370078736
0
LINE
8
BLACK
6
CONTINUOUS
10
5.1488934645669291
20
-4.0611639370078736
11
5.148864803149606
21
-4.0611083070866139
0
LINE
8
BLACK
6
CONTINUOUS
10
5.148864803149606
20
-4.0611083070866139
11
5.1487709842519687
21
-4.0609939763779526
0
LINE
8
BLACK
6
CONTINUOUS
10
5.1487709842519687
20
-4.0609939763779526
11
5.1486272834645668
21
-4.0606470472440943
0
LINE
8
BLACK
6
CONTINUOUS
10
5.1486272834645668
20
-4.0606470472440943
11
5.1467103543307084
21
-4.0569245275590546
0
LINE
8
BLACK
6
CONTINUOUS
10
5.1467103543307084
20
-4.0569245275590546
11
5.146503464566929
21
-4.0563838976377955
0
LINE
8
BLACK
6
CONTINUOUS
10
5.146503464566929
20
-4.0563838976377955
11
5.1464959448818899
21
-4.0562780708661412
0
LINE
8
BLACK
6
CONTINUOUS
10
5.1464959448818899
20
-4.0562780708661412
11
5.1464553543307083
21
-4.056180078740157
0
LINE
8
BLACK
6
CONTINUOUS
10
5.1464553543307083
20
-4.056180078740157
11
5.1464529133858266
21
-4.0556724803149606
0
LINE
8
BLACK
6
CONTINUOUS
10
5.1464529133858266
20
-4.0556724803149606
11
5.1464218110236217
21
-4.0552346850393697
0
LINE
8
BLACK
6
CONTINUOUS
10
5.1464218110236217
20
-4.0552346850393697
11
5.1464503937007873
21
-4.0551488976377952
0
LINE
8
BLACK
6
CONTINUOUS
10
5.1464503937007873
20
-4.0551488976377952
11
5.1463986220472444
21
-4.0443554330708658
0
LINE
8
BLACK
6
CONTINUOUS
10
5.1463986220472444
20
-4.0443554330708658
11
5.1464553543307083
21
-4.0437793700787399
0
LINE
8
BLACK
6
CONTINUOUS
10
5.1464553543307083
20
-4.0437793700787399
11
5.1464959448818899
21
-4.0436813385826769
0
LINE
8
BLACK
6
CONTINUOUS
10
5.1464959448818899
20
-4.0436813385826769
11
5.146503464566929
21
-4.0435755511811022
0
LINE
8
BLACK
6
CONTINUOUS
10
5.146503464566929
20
-4.0435755511811022
11
5.1467516535433067
21
-4.0430639763779528
0
LINE
8
BLACK
6
CONTINUOUS
10
5.1467516535433067
20
-4.0430639763779528
11
5.1468962598425199
21
-4.0427149606299215
0
LINE
8
BLACK
6
CONTINUOUS
10
5.1468962598425199
20
-4.0427149606299215
11
5.1469443700787396
21
-4.0426668110236221
0
LINE
8
BLACK
6
CONTINUOUS
10
5.1469443700787396
20
-4.0426668110236221
11
5.148585118110236
21
-4.0392853937007871
0
LINE
8
BLACK
6
CONTINUOUS
10
5.148585118110236
20
-4.0392853937007871
11
5.1487411811023618
21
-4.0390373622047244
0
LINE
8
BLACK
6
CONTINUOUS
10
5.1487411811023618
20
-4.0390373622047244
11
5.1487710236220474
21
-4.0389654330708664
0
LINE
8
BLACK
6
CONTINUOUS
10
5.1487710236220474
20
-4.0389654330708664
11
5.1488155118110237
21
-4.0389193307086613
0
LINE
8
BLACK
6
CONTINUOUS
10
5.1488155118110237
20
-4.0389193307086613
11
5.1488934645669291
21
-4.0387955118110233
0
LINE
8
BLACK
6
CONTINUOUS
10
5.1488934645669291
20
-4.0387955118110233
11
5.149149133858268
21
-4.0385737401574806
0
LINE
8
BLACK
6
CONTINUOUS
10
5.149149133858268
20
-4.0385737401574806
11
5.1510129921259837
21
-4.0366432283464562
0
LINE
8
BLACK
6
CONTINUOUS
10
5.1510129921259837
20
-4.0366432283464562
11
5.1512393307086617
21
-4.0364574409448819
0
LINE
8
BLACK
6
CONTINUOUS
10
5.1512393307086617
20
-4.0364574409448819
11
5.1512905118110233
21
-4.0363984645669291
0
LINE
8
BLACK
6
CONTINUOUS
10
5.1512905118110233
20
-4.0363984645669291
11
5.151346141732283
21
-4.036369803149606
0
LINE
8
BLACK
6
CONTINUOUS
10
5.151346141732283
20
-4.036369803149606
11
5.1514604330708664
21
-4.0362760236220474
0
LINE
8
BLACK
6
CONTINUOUS
10
5.1514604330708664
20
-4.0362760236220474
11
5.1518072834645672
21
-4.0361323228346455
0
LINE
8
BLACK
6
CONTINUOUS
10
5.1518072834645672
20
-4.0361323228346455
11
5.1555299212598422
21
-4.0342153543307084
0
LINE
8
BLACK
6
CONTINUOUS
10
5.1555299212598422
20
-4.0342153543307084
11
5.1560705118110235
21
-4.034008464566929
0
LINE
8
BLACK
6
CONTINUOUS
10
5.1560705118110235
20
-4.034008464566929
11
5.1561763779527556
21
-4.0340009055118111
0
LINE
8
BLACK
6
CONTINUOUS
10
5.1561763779527556
20
-4.0340009055118111
11
5.1562743700787399
21
-4.0339603543307083
0
LINE
8
BLACK
6
CONTINUOUS
10
5.1562743700787399
20
-4.0339603543307083
11
5.1567995275590546
21
-4.0339566535433073
0
LINE
8
BLACK
6
CONTINUOUS
10
5.1567995275590546
20
-4.0339566535433073
11
5.1572197244094484
21
-4.0339268110236217
0
LINE
8
BLACK
6
CONTINUOUS
10
5.1572197244094484
20
-4.0339268110236217
11
5.1572987401574801
21
-4.0339531496062992
0
LINE
8
BLACK
6
CONTINUOUS
10
5.1572987401574801
20
-4.0339531496062992
11
5.164349488188976
21
-4.0339036220472444
0
LINE
8
BLACK
6
CONTINUOUS
10
5.164349488188976
20
-4.0339036220472444
11
5.1649255511811019
21
-4.0339603543307083
0
LINE
8
BLACK
6
CONTINUOUS
10
5.1649255511811019
20
-4.0339603543307083
11
5.1650235433070861
21
-4.0340009448818899
0
LINE
8
BLACK
6
CONTINUOUS
10
5.1650235433070861
20
-4.0340009448818899
11
5.1651293700787404
21
-4.034008464566929
0
LINE
8
BLACK
6
CONTINUOUS
10
5.1651293700787404
20
-4.034008464566929
11
5.1651608661417319
21
-4.0340237401574806
0
LINE
8
BLACK
6
CONTINUOUS
10
5.1651608661417319
20
-4.0340237401574806
11
5.16514625984252
21
-4.0237330314960627
0
LINE
8
BLACK
6
CONTINUOUS
10
5.16514625984252
20
-4.0237330314960627
11
5.1652029921259839
21
-4.0231569685039368
0
LINE
8
BLACK
6
CONTINUOUS
10
5.1652029921259839
20
-4.0231569685039368
11
5.1656438976377954
21
-4.0220925590551184
0
LINE
8
BLACK
6
CONTINUOUS
10
5.1656438976377954
20
-4.0220925590551184
11
5.1664585433070869
21
-4.021277913385827
0
LINE
8
BLACK
6
CONTINUOUS
10
5.1664585433070869
20
-4.021277913385827
11
5.1675229527559052
21
-4.0208370078740154
0
LINE
8
BLACK
6
CONTINUOUS
10
5.1675229527559052
20
-4.0208370078740154
11
5.168675078740157
21
-4.0208370078740154
0
LINE
8
BLACK
6
CONTINUOUS
10
5.168675078740157
20
-4.0208370078740154
11
5.1697394881889762
21
-4.021277913385827
0
LINE
8
BLACK
6
CONTINUOUS
10
5.1574650393700789
20
-4.0398048031496065
11
5.1547567322834649
21
-4.0411994488188974
0
LINE
8
BLACK
6
CONTINUOUS
10
5.1547567322834649
20
-4.0411994488188974
11
5.1535660236220471
21
-4.0424327952755901
0
LINE
8
BLACK
6
CONTINUOUS
10
5.1535660236220471
20
-4.0424327952755901
11
5.1522538976377952
21
-4.0451369685039369
0
LINE
8
BLACK
6
CONTINUOUS
10
5.1522538976377952
20
-4.0451369685039369
11
5.152301181102362
21
-4.0549920472440943
0
LINE
8
BLACK
6
CONTINUOUS
10
5.152301181102362
20
-4.0549920472440943
11
5.1536944881889761
21
-4.0576976771653541
0
LINE
8
BLACK
6
CONTINUOUS
10
5.1536944881889761
20
-4.0576976771653541
11
5.1549278346456688
21
-4.0588884645669294
0
LINE
8
BLACK
6
CONTINUOUS
10
5.1549278346456688
20
-4.0588884645669294
11
5.1576258267716533
21
-4.0601975590551183
0
LINE
8
BLACK
6
CONTINUOUS
10
5.1576258267716533
20
-4.0601975590551183
11
5.163734842519685
21
-4.0601546456692912
0
LINE
8
BLACK
6
CONTINUOUS
10
5.163734842519685
20
-4.0601546456692912
11
5.165196889763779
21
-4.0594017322834643
0
LINE
8
BLACK
6
CONTINUOUS
10
5.165196889763779
20
-4.0594017322834643
11
5.1651701181102361
21
-4.0405362992125982
0
LINE
8
BLACK
6
CONTINUOUS
10
5.1651701181102361
20
-4.0405362992125982
11
5.1635740551181097
21
-4.0397618897637795
0
LINE
8
BLACK
6
CONTINUOUS
10
5.1635740551181097
20
-4.0397618897637795
11
5.1574650393700789
21
-4.0398048031496065
0
LINE
8
BLACK
6
CONTINUOUS
10
5.2342918897637798
20
-4.0339603543307083
11
5.2343898818897641
21
-4.0340009448818899
0
LINE
8
BLACK
6
CONTINUOUS
10
5.2343898818897641
20
-4.0340009448818899
11
5.2344957086614174
21
-4.034008464566929
0
LINE
8
BLACK
6
CONTINUOUS
10
5.2344957086614174
20
-4.034008464566929
11
5.2350072440944881
21
-4.0342566535433066
0
LINE
8
BLACK
6
CONTINUOUS
10
5.2350072440944881
20
-4.0342566535433066
11
5.2353562992125982
21
-4.0344012598425198
0
LINE
8
BLACK
6
CONTINUOUS
10
5.2353562992125982
20
-4.0344012598425198
11
5.2354044094488188
21
-4.0344493700787405
0
LINE
8
BLACK
6
CONTINUOUS
10
5.2354044094488188
20
-4.0344493700787405
11
5.2387858661417326
21
-4.036090118110236
0
LINE
8
BLACK
6
CONTINUOUS
10
5.2387858661417326
20
-4.036090118110236
11
5.2388822047244092
21
-4.0361507480314955
0
LINE
8
BLACK
6
CONTINUOUS
10
5.2388822047244092
20
-4.0361507480314955
11
5.2389276377952756
21
-4.0361659055118109
0
LINE
8
BLACK
6
CONTINUOUS
10
5.2389276377952756
20
-4.0361659055118109
11
5.2389841732283466
21
-4.0362149212598428
0
LINE
8
BLACK
6
CONTINUOUS
10
5.2389841732283466
20
-4.0362149212598428
11
5.2392757480314955
21
-4.0363984645669291
0
LINE
8
BLACK
6
CONTINUOUS
10
5.2392757480314955
20
-4.0363984645669291
11
5.2395183070866143
21
-4.0366781496062991
0
LINE
8
BLACK
6
CONTINUOUS
10
5.2395183070866143
20
-4.0366781496062991
11
5.239798031496063
21
-4.0369207480314957
0
LINE
8
BLACK
6
CONTINUOUS
10
5.239798031496063
20
-4.0369207480314957
11
5.2398993700787404
21
-4.037117559055118
0
LINE
8
BLACK
6
CONTINUOUS
10
5.2398993700787404
20
-4.037117559055118
11
5.2400305905511813
21
-4.0372688582677165
0
LINE
8
BLACK
6
CONTINUOUS
10
5.2400305905511813
20
-4.0372688582677165
11
5.2401283858267718
21
-4.0375623228346456
0
LINE
8
BLACK
6
CONTINUOUS
10
5.2401283858267718
20
-4.0375623228346456
11
5.2419811417322837
21
-4.0411601574803147
0
LINE
8
BLACK
6
CONTINUOUS
10
5.2419811417322837
20
-4.0411601574803147
11
5.2421880314960632
21
-4.0417007480314959
0
LINE
8
BLACK
6
CONTINUOUS
10
5.2421880314960632
20
-4.0417007480314959
11
5.2421955511811023
21
-4.0418066141732281
0
LINE
8
BLACK
6
CONTINUOUS
10
5.2421955511811023
20
-4.0418066141732281
11
5.2422361417322829
21
-4.0419046062992123
0
LINE
8
BLACK
6
CONTINUOUS
10
5.2422361417322829
20
-4.0419046062992123
11
5.2422437401574804
21
-4.0424849606299214
0
LINE
8
BLACK
6
CONTINUOUS
10
5.2422437401574804
20
-4.0424849606299214
11
5.2422696850393695
21
-4.0428499606299209
0
LINE
8
BLACK
6
CONTINUOUS
10
5.2422696850393695
20
-4.0428499606299209
11
5.2422493307086615
21
-4.0429109842519688
0
LINE
8
BLACK
6
CONTINUOUS
10
5.2422493307086615
20
-4.0429109842519688
11
5.2422927952755902
21
-4.0462268897637799
0
LINE
8
BLACK
6
CONTINUOUS
10
5.2422927952755902
20
-4.0462268897637799
11
5.2422928740157477
21
-4.0462271259842515
0
LINE
8
BLACK
6
CONTINUOUS
10
5.2422928740157477
20
-4.0462271259842515
11
5.242292834645669
21
-4.0462272834645665
0
LINE
8
BLACK
6
CONTINUOUS
10
5.242292834645669
20
-4.0462272834645665
11
5.2422928740157477
21
-4.0462301968503933
0
LINE
8
BLACK
6
CONTINUOUS
10
5.2422928740157477
20
-4.0462301968503933
11
5.2422361417322829
21
-4.0468062598425192
0
LINE
8
BLACK
6
CONTINUOUS
10
5.2422361417322829
20
-4.0468062598425192
11
5.2421253543307085
21
-4.0470736220472441
0
LINE
8
BLACK
6
CONTINUOUS
10
5.2421253543307085
20
-4.0470736220472441
11
5.2420692519685037
21
-4.047357322834646
0
LINE
8
BLACK
6
CONTINUOUS
10
5.2420692519685037
20
-4.047357322834646
11
5.2419071653543305
21
-4.0476004330708664
0
LINE
8
BLACK
6
CONTINUOUS
10
5.2419071653543305
20
-4.0476004330708664
11
5.2417952362204723
21
-4.0478706692913384
0
LINE
8
BLACK
6
CONTINUOUS
10
5.2417952362204723
20
-4.0478706692913384
11
5.2415905905511808
21
-4.0480753149606299
0
LINE
8
BLACK
6
CONTINUOUS
10
5.2415905905511808
20
-4.0480753149606299
11
5.241430196850394
21
-4.048315905511811
0
LINE
8
BLACK
6
CONTINUOUS
10
5.241430196850394
20
-4.048315905511811
11
5.241187362204724
21
-4.0484785039370079
0
LINE
8
BLACK
6
CONTINUOUS
10
5.241187362204724
20
-4.0484785039370079
11
5.2409805905511808
21
-4.0486853149606299
0
LINE
8
BLACK
6
CONTINUOUS
10
5.2409805905511808
20
-4.0486853149606299
11
5.2407133070866143
21
-4.0487960236220468
0
LINE
8
BLACK
6
CONTINUOUS
10
5.2407133070866143
20
-4.0487960236220468
11
5.2404729527559057
21
-4.0489570078740158
0
LINE
8
BLACK
6
CONTINUOUS
10
5.2404729527559057
20
-4.0489570078740158
11
5.240182165354331
21
-4.0490160236220474
0
LINE
8
BLACK
6
CONTINUOUS
10
5.240182165354331
20
-4.0490160236220474
11
5.2399161811023625
21
-4.0491262204724405
0
LINE
8
BLACK
6
CONTINUOUS
10
5.2399161811023625
20
-4.0491262204724405
11
5.2396393700787405
21
-4.0491262204724405
0
LINE
8
BLACK
6
CONTINUOUS
10
5.2396393700787405
20
-4.0491262204724405
11
5.2235266929133859
21
-4.052397047244094
0
LINE
8
BLACK
6
CONTINUOUS
10
5.2235266929133859
20
-4.052397047244094
11
5.2235429921259842
21
-4.0568681889763782
0
LINE
8
BLACK
6
CONTINUOUS
10
5.2235429921259842
20
-4.0568681889763782
11
5.2246796456692914
21
-4.0590755118110238
0
LINE
8
BLACK
6
CONTINUOUS
10
5.2246796456692914
20
-4.0590755118110238
11
5.2269921653543303
21
-4.0601975590551183
0
LINE
8
BLACK
6
CONTINUOUS
10
5.2269921653543303
20
-4.0601975590551183
11
5.233101181102362
21
-4.0601546456692912
0
LINE
8
BLACK
6
CONTINUOUS
10
5.233101181102362
20
-4.0601546456692912
11
5.2361448425196846
21
-4.0585873228346454
0
LINE
8
BLACK
6
CONTINUOUS
10
5.2361448425196846
20
-4.0585873228346454
11
5.2366854330708659
21
-4.0583804330708659
0
LINE
8
BLACK
6
CONTINUOUS
10
5.2366854330708659
20
-4.0583804330708659
11
5.2378346456692908
21
-4.0582987795275587
0
LINE
8
BLACK
6
CONTINUOUS
10
5.2378346456692908
20
-4.0582987795275587
11
5.2389276377952756
21
-4.0586631102362203
0
LINE
8
BLACK
6
CONTINUOUS
10
5.2389276377952756
20
-4.0586631102362203
11
5.2397979921259843
21
-4.0594179527559051
0
LINE
8
BLACK
6
CONTINUOUS
10
5.2397979921259843
20
-4.0594179527559051
11
5.2403132677165356
21
-4.060448464566929
0
LINE
8
BLACK
6
CONTINUOUS
10
5.2403132677165356
20
-4.060448464566929
11
5.240394921259842
21
-4.0615976771653539
0
LINE
8
BLACK
6
CONTINUOUS
10
5.240394921259842
20
-4.0615976771653539
11
5.2400305905511813
21
-4.06269062992126
0
LINE
8
BLACK
6
CONTINUOUS
10
5.2400305905511813
20
-4.06269062992126
11
5.2392757480314955
21
-4.0635610236220474
0
LINE
8
BLACK
6
CONTINUOUS
10
5.2392757480314955
20
-4.0635610236220474
11
5.2350363385826775
21
-4.0657441338582681
0
LINE
8
BLACK
6
CONTINUOUS
10
5.2350363385826775
20
-4.0657441338582681
11
5.2344957086614174
21
-4.0659510236220475
0
LINE
8
BLACK
6
CONTINUOUS
10
5.2344957086614174
20
-4.0659510236220475
11
5.2343898818897641
21
-4.0659585039370079
0
LINE
8
BLACK
6
CONTINUOUS
10
5.2343898818897641
20
-4.0659585039370079
11
5.2342918897637798
21
-4.0659991338582673
0
LINE
8
BLACK
6
CONTINUOUS
10
5.2342918897637798
20
-4.0659991338582673
11
5.2337666535433067
21
-4.0660027952755904
0
LINE
8
BLACK
6
CONTINUOUS
10
5.2337666535433067
20
-4.0660027952755904
11
5.2333464960629916
21
-4.0660326771653539
0
LINE
8
BLACK
6
CONTINUOUS
10
5.2333464960629916
20
-4.0660326771653539
11
5.2332674409448821
21
-4.0660062992125985
0
LINE
8
BLACK
6
CONTINUOUS
10
5.2332674409448821
20
-4.0660062992125985
11
5.2262167716535428
21
-4.0660558661417321
0
LINE
8
BLACK
6
CONTINUOUS
10
5.2262167716535428
20
-4.0660558661417321
11
5.2256407086614169
21
-4.0659991338582673
0
LINE
8
BLACK
6
CONTINUOUS
10
5.2256407086614169
20
-4.0659991338582673
11
5.2255427165354327
21
-4.0659585433070866
0
LINE
8
BLACK
6
CONTINUOUS
10
5.2255427165354327
20
-4.0659585433070866
11
5.2254368503937005
21
-4.0659510236220475
0
LINE
8
BLACK
6
CONTINUOUS
10
5.2254368503937005
20
-4.0659510236220475
11
5.2249250787401573
21
-4.0657026771653539
0
LINE
8
BLACK
6
CONTINUOUS
10
5.2249250787401573
20
-4.0657026771653539
11
5.2245762992125986
21
-4.0655582283464566
0
LINE
8
BLACK
6
CONTINUOUS
10
5.2245762992125986
20
-4.0655582283464566
11
5.2245281889763779
21
-4.065510118110236
0
LINE
8
BLACK
6
CONTINUOUS
10
5.2245281889763779
20
-4.065510118110236
11
5.2211467322834642
21
-4.0638693700787405
0
LINE
8
BLACK
6
CONTINUOUS
10
5.2211467322834642
20
-4.0638693700787405
11
5.2210503543307087
21
-4.0638087007874013
0
LINE
8
BLACK
6
CONTINUOUS
10
5.2210503543307087
20
-4.0638087007874013
11
5.2210049606299211
21
-4.0637935826771656
0
LINE
8
BLACK
6
CONTINUOUS
10
5.2210049606299211
20
-4.0637935826771656
11
5.2209483858267713
21
-4.0637445275590549
0
LINE
8
BLACK
6
CONTINUOUS
10
5.2209483858267713
20
-4.0637445275590549
11
5.2206568503937003
21
-4.0635610236220474
0
LINE
8
BLACK
6
CONTINUOUS
10
5.2206568503937003
20
-4.0635610236220474
11
5.2204141732283462
21
-4.0632811811023624
0
LINE
8
BLACK
6
CONTINUOUS
10
5.2204141732283462
20
-4.0632811811023624
11
5.2201345669291337
21
-4.0630387007874011
0
LINE
8
BLACK
6
CONTINUOUS
10
5.2201345669291337
20
-4.0630387007874011
11
5.2200332283464563
21
-4.0628419685039372
0
LINE
8
BLACK
6
CONTINUOUS
10
5.2200332283464563
20
-4.0628419685039372
11
5.2199020078740155
21
-4.06269062992126
0
LINE
8
BLACK
6
CONTINUOUS
10
5.2199020078740155
20
-4.06269062992126
11
5.2198041338582675
21
-4.0623970472440947
0
LINE
8
BLACK
6
CONTINUOUS
10
5.2198041338582675
20
-4.0623970472440947
11
5.217951456692913
21
-4.0587992913385822
0
LINE
8
BLACK
6
CONTINUOUS
10
5.217951456692913
20
-4.0587992913385822
11
5.2177445669291336
21
-4.0582586614173231
0
LINE
8
BLACK
6
CONTINUOUS
10
5.2177445669291336
20
-4.0582586614173231
11
5.2177370472440945
21
-4.0581528346456688
0
LINE
8
BLACK
6
CONTINUOUS
10
5.2177370472440945
20
-4.0581528346456688
11
5.2176964566929129
21
-4.0580548425196845
0
LINE
8
BLACK
6
CONTINUOUS
10
5.2176964566929129
20
-4.0580548425196845
11
5.2176946062992124
21
-4.0575559448818899
0
LINE
8
BLACK
6
CONTINUOUS
10
5.2176946062992124
20
-4.0575559448818899
11
5.2176629133858263
21
-4.0571094488188972
0
LINE
8
BLACK
6
CONTINUOUS
10
5.2176629133858263
20
-4.0571094488188972
11
5.2176926771653545
21
-4.0570201181102359
0
LINE
8
BLACK
6
CONTINUOUS
10
5.2176926771653545
20
-4.0570201181102359
11
5.2176675590551183
21
-4.0501219685039374
0
LINE
8
BLACK
6
CONTINUOUS
10
5.2176675590551183
20
-4.0501219685039374
11
5.217639724409449
21
-4.0499827952755902
0
LINE
8
BLACK
6
CONTINUOUS
10
5.217639724409449
20
-4.0499827952755902
11
5.2176665354330707
21
-4.0498471259842521
0
LINE
8
BLACK
6
CONTINUOUS
10
5.2176665354330707
20
-4.0498471259842521
11
5.217639724409449
21
-4.0424806692913382
0
LINE
8
BLACK
6
CONTINUOUS
10
5.217639724409449
20
-4.0424806692913382
11
5.2176964566929129
21
-4.0419046062992123
0
LINE
8
BLACK
6
CONTINUOUS
10
5.2176964566929129
20
-4.0419046062992123
11
5.2177370472440945
21
-4.0418065748031493
0
LINE
8
BLACK
6
CONTINUOUS
10
5.2177370472440945
20
-4.0418065748031493
11
5.2177445669291336
21
-4.0417007874015747
0
LINE
8
BLACK
6
CONTINUOUS
10
5.2177445669291336
20
-4.0417007874015747
11
5.2179927559055113
21
-4.0411892125984252
0
LINE
8
BLACK
6
CONTINUOUS
10
5.2179927559055113
20
-4.0411892125984252
11
5.2181373622047245
21
-4.040840196850394
0
LINE
8
BLACK
6
CONTINUOUS
10
5.2181373622047245
20
-4.040840196850394
11
5.2181854724409451
21
-4.0407920472440946
0
LINE
8
BLACK
6
CONTINUOUS
10
5.2181854724409451
20
-4.0407920472440946
11
5.2198262204724406
21
-4.0374106299212595
0
LINE
8
BLACK
6
CONTINUOUS
10
5.2198262204724406
20
-4.0374106299212595
11
5.219886850393701
21
-4.0373142519685041
0
LINE
8
BLACK
6
CONTINUOUS
10
5.219886850393701
20
-4.0373142519685041
11
5.2199020078740155
21
-4.0372688582677165
0
LINE
8
BLACK
6
CONTINUOUS
10
5.2199020078740155
20
-4.0372688582677165
11
5.2199510236220474
21
-4.0372122834645667
0
LINE
8
BLACK
6
CONTINUOUS
10
5.2199510236220474
20
-4.0372122834645667
11
5.2201345669291337
21
-4.0369207480314957
0
LINE
8
BLACK
6
CONTINUOUS
10
5.2201345669291337
20
-4.0369207480314957
11
5.2204142519685037
21
-4.0366781496062991
0
LINE
8
BLACK
6
CONTINUOUS
10
5.2204142519685037
20
-4.0366781496062991
11
5.2206568503937003
21
-4.0363984645669291
0
LINE
8
BLACK
6
CONTINUOUS
10
5.2206568503937003
20
-4.0363984645669291
11
5.2208536614173227
21
-4.036297086614173
0
LINE
8
BLACK
6
CONTINUOUS
10
5.2208536614173227
20
-4.036297086614173
11
5.2210049606299211
21
-4.0361659055118109
0
LINE
8
BLACK
6
CONTINUOUS
10
5.2210049606299211
20
-4.0361659055118109
11
5.2212984251968502
21
-4.0360680708661416
0
LINE
8
BLACK
6
CONTINUOUS
10
5.2212984251968502
20
-4.0360680708661416
11
5.2248962598425193
21
-4.0342153543307084
0
LINE
8
BLACK
6
CONTINUOUS
10
5.2248962598425193
20
-4.0342153543307084
11
5.2254368503937005
21
-4.034008464566929
0
LINE
8
BLACK
6
CONTINUOUS
10
5.2254368503937005
20
-4.034008464566929
11
5.2255427165354327
21
-4.0340009055118111
0
LINE
8
BLACK
6
CONTINUOUS
10
5.2255427165354327
20
-4.0340009055118111
11
5.2256407086614169
21
-4.0339603543307083
0
LINE
8
BLACK
6
CONTINUOUS
10
5.2256407086614169
20
-4.0339603543307083
11
5.2261658661417325
21
-4.0339566535433073
0
LINE
8
BLACK
6
CONTINUOUS
10
5.2261658661417325
20
-4.0339566535433073
11
5.2265860629921255
21
-4.0339268110236217
0
LINE
8
BLACK
6
CONTINUOUS
10
5.2265860629921255
20
-4.0339268110236217
11
5.2266650787401572
21
-4.0339531496062992
0
LINE
8
BLACK
6
CONTINUOUS
10
5.2266650787401572
20
-4.0339531496062992
11
5.233715826771653
21
-4.0339036220472444
0
LINE
8
BLACK
6
CONTINUOUS
10
5.233715826771653
20
-4.0339036220472444
11
5.2342918897637798
21
-4.0339603543307083
0
LINE
8
BLACK
6
CONTINUOUS
10
5.226831377952756
20
-4.0398048031496065
11
5.2246200787401573
21
-4.0409435433070868
0
LINE
8
BLACK
6
CONTINUOUS
10
5.2246200787401573
20
-4.0409435433070868
11
5.2234934251968506
21
-4.0432653937007874
0
LINE
8
BLACK
6
CONTINUOUS
10
5.2234934251968506
20
-4.0432653937007874
11
5.2235049606299215
21
-4.0464316929133854
0
LINE
8
BLACK
6
CONTINUOUS
10
5.2235049606299215
20
-4.0464316929133854
11
5.2364048031496058
21
-4.0438130708661415
0
LINE
8
BLACK
6
CONTINUOUS
10
5.2364048031496058
20
-4.0438130708661415
11
5.2363955118110237
21
-4.0431027559055117
0
LINE
8
BLACK
6
CONTINUOUS
10
5.2363955118110237
20
-4.0431027559055117
11
5.2352529133858265
21
-4.0408839763779527
0
LINE
8
BLACK
6
CONTINUOUS
10
5.2352529133858265
20
-4.0408839763779527
11
5.2329403937007877
21
-4.0397618897637795
0
LINE
8
BLACK
6
CONTINUOUS
10
5.2329403937007877
20
-4.0397618897637795
11
5.226831377952756
21
-4.0398048031496065
0
LINE
8
BLACK
6
CONTINUOUS
10
5.2747263779527556
20
-4.021277913385827
11
5.275541023622047
21
-4.0220925590551184
0
LINE
8
BLACK
6
CONTINUOUS
10
5.275541023622047
20
-4.0220925590551184
11
5.2759819291338586
21
-4.0231569685039368
0
LINE
8
BLACK
6
CONTINUOUS
10
5.2759819291338586
20
-4.0231569685039368
11
5.2760034645669291
21
-4.0383257874015746
0
LINE
8
BLACK
6
CONTINUOUS
10
5.2760034645669291
20
-4.0383257874015746
11
5.2760154724409452
21
-4.0383618110236217
0
LINE
8
BLACK
6
CONTINUOUS
10
5.2760154724409452
20
-4.0383618110236217
11
5.2760037401574804
21
-4.0385266535433066
0
LINE
8
BLACK
6
CONTINUOUS
10
5.2760037401574804
20
-4.0385266535433066
11
5.2760386614173225
21
-4.0631031102362201
0
LINE
8
BLACK
6
CONTINUOUS
10
5.2760386614173225
20
-4.0631031102362201
11
5.2759819291338586
21
-4.0636791732283459
0
LINE
8
BLACK
6
CONTINUOUS
10
5.2759819291338586
20
-4.0636791732283459
11
5.275541023622047
21
-4.0647435826771652
0
LINE
8
BLACK
6
CONTINUOUS
10
5.275541023622047
20
-4.0647435826771652
11
5.2747263779527556
21
-4.0655582283464566
0
LINE
8
BLACK
6
CONTINUOUS
10
5.2747263779527556
20
-4.0655582283464566
11
5.2736619685039372
21
-4.0659991338582673
0
LINE
8
BLACK
6
CONTINUOUS
10
5.2736619685039372
20
-4.0659991338582673
11
5.2725098425196846
21
-4.0659991338582673
0
LINE
8
BLACK
6
CONTINUOUS
10
5.2725098425196846
20
-4.0659991338582673
11
5.2714454330708662
21
-4.0655582283464566
0
LINE
8
BLACK
6
CONTINUOUS
10
5.2714454330708662
20
-4.0655582283464566
11
5.2713000787401576
21
-4.065412874015748
0
LINE
8
BLACK
6
CONTINUOUS
10
5.2713000787401576
20
-4.065412874015748
11
5.2706568897637798
21
-4.0657441338582681
0
LINE
8
BLACK
6
CONTINUOUS
10
5.2706568897637798
20
-4.0657441338582681
11
5.2701162598425197
21
-4.0659510236220475
0
LINE
8
BLACK
6
CONTINUOUS
10
5.2701162598425197
20
-4.0659510236220475
11
5.2700104330708664
21
-4.0659585039370079
0
LINE
8
BLACK
6
CONTINUOUS
10
5.2700104330708664
20
-4.0659585039370079
11
5.2699124409448821
21
-4.0659991338582673
0
LINE
8
BLACK
6
CONTINUOUS
10
5.2699124409448821
20
-4.0659991338582673
11
5.269387204724409
21
-4.0660027952755904
0
LINE
8
BLACK
6
CONTINUOUS
10
5.269387204724409
20
-4.0660027952755904
11
5.2689670472440939
21
-4.0660326771653539
0
LINE
8
BLACK
6
CONTINUOUS
10
5.2689670472440939
20
-4.0660326771653539
11
5.2688879921259844
21
-4.0660062992125985
0
LINE
8
BLACK
6
CONTINUOUS
10
5.2688879921259844
20
-4.0660062992125985
11
5.2618373228346451
21
-4.0660558661417321
0
LINE
8
BLACK
6
CONTINUOUS
10
5.2618373228346451
20
-4.0660558661417321
11
5.2612612598425192
21
-4.0659991338582673
0
LINE
8
BLACK
6
CONTINUOUS
10
5.2612612598425192
20
-4.0659991338582673
11
5.261163267716535
21
-4.0659585433070866
0
LINE
8
BLACK
6
CONTINUOUS
10
5.261163267716535
20
-4.0659585433070866
11
5.2610574015748028
21
-4.0659510236220475
0
LINE
8
BLACK
6
CONTINUOUS
10
5.2610574015748028
20
-4.0659510236220475
11
5.2605456299212596
21
-4.0657026771653539
0
LINE
8
BLACK
6
CONTINUOUS
10
5.2605456299212596
20
-4.0657026771653539
11
5.2601968503937009
21
-4.0655582283464566
0
LINE
8
BLACK
6
CONTINUOUS
10
5.2601968503937009
20
-4.0655582283464566
11
5.2601487401574802
21
-4.065510118110236
0
LINE
8
BLACK
6
CONTINUOUS
10
5.2601487401574802
20
-4.065510118110236
11
5.2567672834645665
21
-4.0638693700787405
0
LINE
8
BLACK
6
CONTINUOUS
10
5.2567672834645665
20
-4.0638693700787405
11
5.2565192519685038
21
-4.0637132677165351
0
LINE
8
BLACK
6
CONTINUOUS
10
5.2565192519685038
20
-4.0637132677165351
11
5.2564473228346458
21
-4.0636834645669291
0
LINE
8
BLACK
6
CONTINUOUS
10
5.2564473228346458
20
-4.0636834645669291
11
5.2564012204724406
21
-4.063638937007874
0
LINE
8
BLACK
6
CONTINUOUS
10
5.2564012204724406
20
-4.063638937007874
11
5.2562774015748026
21
-4.0635610236220474
0
LINE
8
BLACK
6
CONTINUOUS
10
5.2562774015748026
20
-4.0635610236220474
11
5.2560555905511812
21
-4.0633052362204722
0
LINE
8
BLACK
6
CONTINUOUS
10
5.2560555905511812
20
-4.0633052362204722
11
5.2541250787401577
21
-4.0614414173228344
0
LINE
8
BLACK
6
CONTINUOUS
10
5.2541250787401577
20
-4.0614414173228344
11
5.2539393307086613
21
-4.0612150787401573
0
LINE
8
BLACK
6
CONTINUOUS
10
5.2539393307086613
20
-4.0612150787401573
11
5.2538803543307084
21
-4.0611639370078736
0
LINE
8
BLACK
6
CONTINUOUS
10
5.2538803543307084
20
-4.0611639370078736
11
5.2538516929133854
21
-4.0611083070866139
0
LINE
8
BLACK
6
CONTINUOUS
10
5.2538516929133854
20
-4.0611083070866139
11
5.253757874015748
21
-4.0609939763779526
0
LINE
8
BLACK
6
CONTINUOUS
10
5.253757874015748
20
-4.0609939763779526
11
5.2536141732283461
21
-4.0606470472440943
0
LINE
8
BLACK
6
CONTINUOUS
10
5.2536141732283461
20
-4.0606470472440943
11
5.2516972440944878
21
-4.0569245275590546
0
LINE
8
BLACK
6
CONTINUOUS
10
5.2516972440944878
20
-4.0569245275590546
11
5.2514903543307083
21
-4.0563838976377955
0
LINE
8
BLACK
6
CONTINUOUS
10
5.2514903543307083
20
-4.0563838976377955
11
5.2514828346456692
21
-4.0562780708661412
0
LINE
8
BLACK
6
CONTINUOUS
10
5.2514828346456692
20
-4.0562780708661412
11
5.2514422440944877
21
-4.056180078740157
0
LINE
8
BLACK
6
CONTINUOUS
10
5.2514422440944877
20
-4.056180078740157
11
5.2514398031496059
21
-4.0556724803149606
0
LINE
8
BLACK
6
CONTINUOUS
10
5.2514398031496059
20
-4.0556724803149606
11
5.2514087007874011
21
-4.0552346850393697
0
LINE
8
BLACK
6
CONTINUOUS
10
5.2514087007874011
20
-4.0552346850393697
11
5.2514372834645666
21
-4.0551488976377952
0
LINE
8
BLACK
6
CONTINUOUS
10
5.2514372834645666
20
-4.0551488976377952
11
5.2513855118110238
21
-4.0443554330708658
0
LINE
8
BLACK
6
CONTINUOUS
10
5.2513855118110238
20
-4.0443554330708658
11
5.2514422440944877
21
-4.0437793700787399
0
LINE
8
BLACK
6
CONTINUOUS
10
5.2514422440944877
20
-4.0437793700787399
11
5.2514828346456692
21
-4.0436813385826769
0
LINE
8
BLACK
6
CONTINUOUS
10
5.2514828346456692
20
-4.0436813385826769
11
5.2514903543307083
21
-4.0435755511811022
0
LINE
8
BLACK
6
CONTINUOUS
10
5.2514903543307083
20
-4.0435755511811022
11
5.2517385433070869
21
-4.0430639763779528
0
LINE
8
BLACK
6
CONTINUOUS
10
5.2517385433070869
20
-4.0430639763779528
11
5.2518831496062992
21
-4.0427149606299215
0
LINE
8
BLACK
6
CONTINUOUS
10
5.2518831496062992
20
-4.0427149606299215
11
5.2519312598425199
21
-4.0426668110236221
0
LINE
8
BLACK
6
CONTINUOUS
10
5.2519312598425199
20
-4.0426668110236221
11
5.2535720078740153
21
-4.0392853937007871
0
LINE
8
BLACK
6
CONTINUOUS
10
5.2535720078740153
20
-4.0392853937007871
11
5.253728070866142
21
-4.0390373622047244
0
LINE
8
BLACK
6
CONTINUOUS
10
5.253728070866142
20
-4.0390373622047244
11
5.2537579133858268
21
-4.0389654330708664
0
LINE
8
BLACK
6
CONTINUOUS
10
5.2537579133858268
20
-4.0389654330708664
11
5.253802401574803
21
-4.0389193307086613
0
LINE
8
BLACK
6
CONTINUOUS
10
5.253802401574803
20
-4.0389193307086613
11
5.2538803543307084
21
-4.0387955118110233
0
LINE
8
BLACK
6
CONTINUOUS
10
5.2538803543307084
20
-4.0387955118110233
11
5.2541360236220473
21
-4.0385737401574806
0
LINE
8
BLACK
6
CONTINUOUS
10
5.2541360236220473
20
-4.0385737401574806
11
5.255999881889764
21
-4.0366432283464562
0
LINE
8
BLACK
6
CONTINUOUS
10
5.255999881889764
20
-4.0366432283464562
11
5.256226220472441
21
-4.0364574409448819
0
LINE
8
BLACK
6
CONTINUOUS
10
5.256226220472441
20
-4.0364574409448819
11
5.2562774015748026
21
-4.0363984645669291
0
LINE
8
BLACK
6
CONTINUOUS
10
5.2562774015748026
20
-4.0363984645669291
11
5.2563330314960632
21
-4.036369803149606
0
LINE
8
BLACK
6
CONTINUOUS
10
5.2563330314960632
20
-4.036369803149606
11
5.2564473228346458
21
-4.0362760236220474
0
LINE
8
BLACK
6
CONTINUOUS
10
5.2564473228346458
20
-4.0362760236220474
11
5.2567941732283465
21
-4.0361323228346455
0
LINE
8
BLACK
6
CONTINUOUS
10
5.2567941732283465
20
-4.0361323228346455
11
5.2605168110236216
21
-4.0342153543307084
0
LINE
8
BLACK
6
CONTINUOUS
10
5.2605168110236216
20
-4.0342153543307084
11
5.2610574015748028
21
-4.034008464566929
0
LINE
8
BLACK
6
CONTINUOUS
10
5.2610574015748028
20
-4.034008464566929
11
5.261163267716535
21
-4.0340009055118111
0
LINE
8
BLACK
6
CONTINUOUS
10
5.261163267716535
20
-4.0340009055118111
11
5.2612612598425192
21
-4.0339603543307083
0
LINE
8
BLACK
6
CONTINUOUS
10
5.2612612598425192
20
-4.0339603543307083
11
5.2617864173228348
21
-4.0339566535433073
0
LINE
8
BLACK
6
CONTINUOUS
10
5.2617864173228348
20
-4.0339566535433073
11
5.2622066141732287
21
-4.0339268110236217
0
LINE
8
BLACK
6
CONTINUOUS
10
5.2622066141732287
20
-4.0339268110236217
11
5.2622856299212595
21
-4.0339531496062992
0
LINE
8
BLACK
6
CONTINUOUS
10
5.2622856299212595
20
-4.0339531496062992
11
5.2693363779527562
21
-4.0339036220472444
0
LINE
8
BLACK
6
CONTINUOUS
10
5.2693363779527562
20
-4.0339036220472444
11
5.2699124409448821
21
-4.0339603543307083
0
LINE
8
BLACK
6
CONTINUOUS
10
5.2699124409448821
20
-4.0339603543307083
11
5.2700104330708664
21
-4.0340009448818899
0
LINE
8
BLACK
6
CONTINUOUS
10
5.2700104330708664
20
-4.0340009448818899
11
5.2701162598425197
21
-4.034008464566929
0
LINE
8
BLACK
6
CONTINUOUS
10
5.2701162598425197
20
-4.034008464566929
11
5.2701477559055121
21
-4.0340237401574806
0
LINE
8
BLACK
6
CONTINUOUS
10
5.2701477559055121
20
-4.0340237401574806
11
5.2701331496062993
21
-4.0237330314960627
0
LINE
8
BLACK
6
CONTINUOUS
10
5.2701331496062993
20
-4.0237330314960627
11
5.2701898818897632
21
-4.0231569685039368
0
LINE
8
BLACK
6
CONTINUOUS
10
5.2701898818897632
20
-4.0231569685039368
11
5.2706307874015748
21
-4.0220925590551184
0
LINE
8
BLACK
6
CONTINUOUS
10
5.2706307874015748
20
-4.0220925590551184
11
5.2714454330708662
21
-4.021277913385827
0
LINE
8
BLACK
6
CONTINUOUS
10
5.2714454330708662
20
-4.021277913385827
11
5.2725098425196846
21
-4.0208370078740154
0
LINE
8
BLACK
6
CONTINUOUS
10
5.2725098425196846
20
-4.0208370078740154
11
5.2736619685039372
21
-4.0208370078740154
0
LINE
8
BLACK
6
CONTINUOUS
10
5.2736619685039372
20
-4.0208370078740154
11
5.2747263779527556
21
-4.021277913385827
0
LINE
8
BLACK
6
CONTINUOUS
10
5.2624519291338583
20
-4.0398048031496065
11
5.2597436220472442
21
-4.0411994488188974
0
LINE
8
BLACK
6
CONTINUOUS
10
5.2597436220472442
20
-4.0411994488188974
11
5.2585529133858264
21
-4.0424327952755901
0
LINE
8
BLACK
6
CONTINUOUS
10
5.2585529133858264
20
-4.0424327952755901
11
5.2572407874015745
21
-4.0451369685039369
0
LINE
8
BLACK
6
CONTINUOUS
10
5.2572407874015745
20
-4.0451369685039369
11
5.2572880708661414
21
-4.0549920472440943
0
LINE
8
BLACK
6
CONTINUOUS
10
5.2572880708661414
20
-4.0549920472440943
11
5.2586813779527555
21
-4.0576976771653541
0
LINE
8
BLACK
6
CONTINUOUS
10
5.2586813779527555
20
-4.0576976771653541
11
5.2599147244094491
21
-4.0588884645669294
0
LINE
8
BLACK
6
CONTINUOUS
10
5.2599147244094491
20
-4.0588884645669294
11
5.2626127165354326
21
-4.0601975590551183
0
LINE
8
BLACK
6
CONTINUOUS
10
5.2626127165354326
20
-4.0601975590551183
11
5.2687217322834643
21
-4.0601546456692912
0
LINE
8
BLACK
6
CONTINUOUS
10
5.2687217322834643
20
-4.0601546456692912
11
5.2701837795275592
21
-4.0594017322834643
0
LINE
8
BLACK
6
CONTINUOUS
10
5.2701837795275592
20
-4.0594017322834643
11
5.2701570078740154
21
-4.0405362992125982
0
LINE
8
BLACK
6
CONTINUOUS
10
5.2701570078740154
20
-4.0405362992125982
11
5.26856094488189
21
-4.0397618897637795
0
LINE
8
BLACK
6
CONTINUOUS
10
5.26856094488189
20
-4.0397618897637795
11
5.2624519291338583
21
-4.0398048031496065
0
LINE
8
BLACK
6
CONTINUOUS
10
5.3014910629921257
20
-4.0208370078740154
11
5.3017834645669293
21
-4.0208370078740154
0
LINE
8
BLACK
6
CONTINUOUS
10
5.3017834645669293
20
-4.0208370078740154
11
5.302050708661417
21
-4.0209477165354333
0
LINE
8
BLACK
6
CONTINUOUS
10
5.302050708661417
20
-4.0209477165354333
11
5.3023345275590552
21
-4.0210038582677168
0
LINE
8
BLACK
6
CONTINUOUS
10
5.3023345275590552
20
-4.0210038582677168
11
5.3025777952755906
21
-4.0211660236220474
0
LINE
8
BLACK
6
CONTINUOUS
10
5.3025777952755906
20
-4.0211660236220474
11
5.3028478740157476
21
-4.021277913385827
0
LINE
8
BLACK
6
CONTINUOUS
10
5.3028478740157476
20
-4.021277913385827
11
5.3030523228346453
21
-4.0214823622047247
0
LINE
8
BLACK
6
CONTINUOUS
10
5.3030523228346453
20
-4.0214823622047247
11
5.3032931496062989
21
-4.0216429133858265
0
LINE
8
BLACK
6
CONTINUOUS
10
5.3032931496062989
20
-4.0216429133858265
11
5.3034558661417321
21
-4.0218859055118106
0
LINE
8
BLACK
6
CONTINUOUS
10
5.3034558661417321
20
-4.0218859055118106
11
5.3036625196850391
21
-4.0220925590551184
0
LINE
8
BLACK
6
CONTINUOUS
10
5.3036625196850391
20
-4.0220925590551184
11
5.3037731889763782
21
-4.0223597637795274
0
LINE
8
BLACK
6
CONTINUOUS
10
5.3037731889763782
20
-4.0223597637795274
11
5.303934212598425
21
-4.0226001968503935
0
LINE
8
BLACK
6
CONTINUOUS
10
5.303934212598425
20
-4.0226001968503935
11
5.3039915354330711
21
-4.022886850393701
0
LINE
8
BLACK
6
CONTINUOUS
10
5.3039915354330711
20
-4.022886850393701
11
5.3041034251968506
21
-4.0231569685039368
0
LINE
8
BLACK
6
CONTINUOUS
10
5.3041034251968506
20
-4.0231569685039368
11
5.3041038188976373
21
-4.0234483070866141
0
LINE
8
BLACK
6
CONTINUOUS
10
5.3041038188976373
20
-4.0234483070866141
11
5.3041601574803146
21
-4.0237299212598421
0
LINE
8
BLACK
6
CONTINUOUS
10
5.3041601574803146
20
-4.0237299212598421
11
5.3041046062992123
21
-4.0240105511811022
0
LINE
8
BLACK
6
CONTINUOUS
10
5.3041046062992123
20
-4.0240105511811022
11
5.3041559842519685
21
-4.0601707480314957
0
LINE
8
BLACK
6
CONTINUOUS
10
5.3041559842519685
20
-4.0601707480314957
11
5.3124559842519687
21
-4.0601503543307089
0
LINE
8
BLACK
6
CONTINUOUS
10
5.3124559842519687
20
-4.0601503543307089
11
5.3130320472440946
21
-4.0602070866141728
0
LINE
8
BLACK
6
CONTINUOUS
10
5.3130320472440946
20
-4.0602070866141728
11
5.314096456692913
21
-4.0606479921259844
0
LINE
8
BLACK
6
CONTINUOUS
10
5.314096456692913
20
-4.0606479921259844
11
5.3149111023622044
21
-4.0614626377952758
0
LINE
8
BLACK
6
CONTINUOUS
10
5.3149111023622044
20
-4.0614626377952758
11
5.315352007874016
21
-4.0625270472440942
0
LINE
8
BLACK
6
CONTINUOUS
10
5.315352007874016
20
-4.0625270472440942
11
5.315352007874016
21
-4.0636791732283459
0
LINE
8
BLACK
6
CONTINUOUS
10
5.315352007874016
20
-4.0636791732283459
11
5.3149111023622044
21
-4.0647435826771652
0
LINE
8
BLACK
6
CONTINUOUS
10
5.3149111023622044
20
-4.0647435826771652
11
5.314096456692913
21
-4.0655582283464566
0
LINE
8
BLACK
6
CONTINUOUS
10
5.314096456692913
20
-4.0655582283464566
11
5.3130320472440946
21
-4.0659991338582673
0
LINE
8
BLACK
6
CONTINUOUS
10
5.3130320472440946
20
-4.0659991338582673
11
5.2899588188976381
21
-4.0660558661417321
0
LINE
8
BLACK
6
CONTINUOUS
10
5.2899588188976381
20
-4.0660558661417321
11
5.2893827559055113
21
-4.0659991338582673
0
LINE
8
BLACK
6
CONTINUOUS
10
5.2893827559055113
20
-4.0659991338582673
11
5.288318346456693
21
-4.0655582283464566
0
LINE
8
BLACK
6
CONTINUOUS
10
5.288318346456693
20
-4.0655582283464566
11
5.2875037007874015
21
-4.0647435826771652
0
LINE
8
BLACK
6
CONTINUOUS
10
5.2875037007874015
20
-4.0647435826771652
11
5.2870627952755909
21
-4.0636791732283459
0
LINE
8
BLACK
6
CONTINUOUS
10
5.2870627952755909
20
-4.0636791732283459
11
5.2870627952755909
21
-4.0625270472440942
0
LINE
8
BLACK
6
CONTINUOUS
10
5.2870627952755909
20
-4.0625270472440942
11
5.2875037007874015
21
-4.0614626377952758
0
LINE
8
BLACK
6
CONTINUOUS
10
5.2875037007874015
20
-4.0614626377952758
11
5.288318346456693
21
-4.0606479921259844
0
LINE
8
BLACK
6
CONTINUOUS
10
5.288318346456693
20
-4.0606479921259844
11
5.2893827559055113
21
-4.0602070866141728
0
LINE
8
BLACK
6
CONTINUOUS
10
5.2893827559055113
20
-4.0602070866141728
11
5.2983063779527555
21
-4.060185118110236
0
LINE
8
BLACK
6
CONTINUOUS
10
5.2983063779527555
20
-4.060185118110236
11
5.2982673228346453
21
-4.0326755118110231
0
LINE
8
BLACK
6
CONTINUOUS
10
5.2982673228346453
20
-4.0326755118110231
11
5.2957962598425192
21
-4.0351947637795273
0
LINE
8
BLACK
6
CONTINUOUS
10
5.2957962598425192
20
-4.0351947637795273
11
5.2955698818897634
21
-4.0353805118110238
0
LINE
8
BLACK
6
CONTINUOUS
10
5.2955698818897634
20
-4.0353805118110238
11
5.2955187401574806
21
-4.0354395275590553
0
LINE
8
BLACK
6
CONTINUOUS
10
5.2955187401574806
20
-4.0354395275590553
11
5.2954630708661412
21
-4.0354681496062987
0
LINE
8
BLACK
6
CONTINUOUS
10
5.2954630708661412
20
-4.0354681496062987
11
5.2953488188976374
21
-4.035561968503937
0
LINE
8
BLACK
6
CONTINUOUS
10
5.2953488188976374
20
-4.035561968503937
11
5.2950020078740154
21
-4.0357055905511814
0
LINE
8
BLACK
6
CONTINUOUS
10
5.2950020078740154
20
-4.0357055905511814
11
5.2912793307086616
21
-4.0376226377952751
0
LINE
8
BLACK
6
CONTINUOUS
10
5.2912793307086616
20
-4.0376226377952751
11
5.2907387007874016
21
-4.0378295275590554
0
LINE
8
BLACK
6
CONTINUOUS
10
5.2907387007874016
20
-4.0378295275590554
11
5.2895894881889767
21
-4.0379111811023618
0
LINE
8
BLACK
6
CONTINUOUS
10
5.2895894881889767
20
-4.0379111811023618
11
5.2884965354330706
21
-4.0375468503937011
0
LINE
8
BLACK
6
CONTINUOUS
10
5.2884965354330706
20
-4.0375468503937011
11
5.2876261417322832
21
-4.0367920078740154
0
LINE
8
BLACK
6
CONTINUOUS
10
5.2876261417322832
20
-4.0367920078740154
11
5.2871109055118106
21
-4.0357614960629924
0
LINE
8
BLACK
6
CONTINUOUS
10
5.2871109055118106
20
-4.0357614960629924
11
5.2870292519685034
21
-4.0346122834645666
0
LINE
8
BLACK
6
CONTINUOUS
10
5.2870292519685034
20
-4.0346122834645666
11
5.287393582677165
21
-4.0335193307086614
0
LINE
8
BLACK
6
CONTINUOUS
10
5.287393582677165
20
-4.0335193307086614
11
5.2881484251968507
21
-4.032648937007874
0
LINE
8
BLACK
6
CONTINUOUS
10
5.2881484251968507
20
-4.032648937007874
11
5.2920782677165352
21
-4.0306251968503934
0
LINE
8
BLACK
6
CONTINUOUS
10
5.2920782677165352
20
-4.0306251968503934
11
5.2953355118110235
21
-4.0273044881889764
0
LINE
8
BLACK
6
CONTINUOUS
10
5.2953355118110235
20
-4.0273044881889764
11
5.2987505511811026
21
-4.0220951181102365
0
LINE
8
BLACK
6
CONTINUOUS
10
5.2987505511811026
20
-4.0220951181102365
11
5.2987518897637793
21
-4.0220934251968501
0
LINE
8
BLACK
6
CONTINUOUS
10
5.2987518897637793
20
-4.0220934251968501
11
5.2987522834645668
21
-4.0220925590551184
0
LINE
8
BLACK
6
CONTINUOUS
10
5.2987522834645668
20
-4.0220925590551184
11
5.2987542913385823
21
-4.0220905118110233
0
LINE
8
BLACK
6
CONTINUOUS
10
5.2987542913385823
20
-4.0220905118110233
11
5.299117322834646
21
-4.0216472834645671
0
LINE
8
BLACK
6
CONTINUOUS
10
5.299117322834646
20
-4.0216472834645671
11
5.2993601968503938
21
-4.0214846062992127
0
LINE
8
BLACK
6
CONTINUOUS
10
5.2993601968503938
20
-4.0214846062992127
11
5.2995669291338583
21
-4.021277913385827
0
LINE
8
BLACK
6
CONTINUOUS
10
5.2995669291338583
20
-4.021277913385827
11
5.2998342125984248
21
-4.0211671653543304
0
LINE
8
BLACK
6
CONTINUOUS
10
5.2998342125984248
20
-4.0211671653543304
11
5.3000746062992121
21
-4.0210062204724411
0
LINE
8
BLACK
6
CONTINUOUS
10
5.3000746062992121
20
-4.0210062204724411
11
5.3003612204724408
21
-4.0209488582677162
0
LINE
8
BLACK
6
CONTINUOUS
10
5.3003612204724408
20
-4.0209488582677162
11
5.3006313385826767
21
-4.0208370078740154
0
LINE
8
BLACK
6
CONTINUOUS
10
5.3006313385826767
20
-4.0208370078740154
11
5.3009206299212597
21
-4.0208370078740154
0
LINE
8
BLACK
6
CONTINUOUS
10
5.3009206299212597
20
-4.0208370078740154
11
5.3012042913385828
21
-4.0207802755905515
0
LINE
8
BLACK
6
CONTINUOUS
10
5.3012042913385828
20
-4.0207802755905515
11
5.3014910629921257
21
-4.0208370078740154
0
LINE
8
BLACK
6
CONTINUOUS
10
5.3430283070866142
20
-4.0208370078740154
11
5.3431262992125985
21
-4.020877598425197
0
LINE
8
BLACK
6
CONTINUOUS
10
5.3431262992125985
20
-4.020877598425197
11
5.3432321259842519
21
-4.0208851181102361
0
LINE
8
BLACK
6
CONTINUOUS
10
5.3432321259842519
20
-4.0208851181102361
11
5.3437436614173226
21
-4.0211333070866138
0
LINE
8
BLACK
6
CONTINUOUS
10
5.3437436614173226
20
-4.0211333070866138
11
5.3440927165354326
21
-4.021277913385827
0
LINE
8
BLACK
6
CONTINUOUS
10
5.3440927165354326
20
-4.021277913385827
11
5.3441408267716533
21
-4.0213260236220467
0
LINE
8
BLACK
6
CONTINUOUS
10
5.3441408267716533
20
-4.0213260236220467
11
5.347522283464567
21
-4.0229667716535431
0
LINE
8
BLACK
6
CONTINUOUS
10
5.347522283464567
20
-4.0229667716535431
11
5.347770275590551
21
-4.0231228346456689
0
LINE
8
BLACK
6
CONTINUOUS
10
5.347770275590551
20
-4.0231228346456689
11
5.3478422440944877
21
-4.0231526771653545
0
LINE
8
BLACK
6
CONTINUOUS
10
5.3478422440944877
20
-4.0231526771653545
11
5.3478883070866141
21
-4.0231971653543308
0
LINE
8
BLACK
6
CONTINUOUS
10
5.3478883070866141
20
-4.0231971653543308
11
5.3480121653543309
21
-4.0232751181102362
0
LINE
8
BLACK
6
CONTINUOUS
10
5.3480121653543309
20
-4.0232751181102362
11
5.3482338976377948
21
-4.0235307874015751
0
LINE
8
BLACK
6
CONTINUOUS
10
5.3482338976377948
20
-4.0235307874015751
11
5.3501644488188971
21
-4.0253946456692908
0
LINE
8
BLACK
6
CONTINUOUS
10
5.3501644488188971
20
-4.0253946456692908
11
5.3503501968503935
21
-4.0256209842519688
0
LINE
8
BLACK
6
CONTINUOUS
10
5.3503501968503935
20
-4.0256209842519688
11
5.3504092125984251
21
-4.0256721653543304
0
LINE
8
BLACK
6
CONTINUOUS
10
5.3504092125984251
20
-4.0256721653543304
11
5.3504378346456694
21
-4.0257277952755901
0
LINE
8
BLACK
6
CONTINUOUS
10
5.3504378346456694
20
-4.0257277952755901
11
5.3505316535433067
21
-4.0258420866141735
0
LINE
8
BLACK
6
CONTINUOUS
10
5.3505316535433067
20
-4.0258420866141735
11
5.3506753149606299
21
-4.0261889370078743
0
LINE
8
BLACK
6
CONTINUOUS
10
5.3506753149606299
20
-4.0261889370078743
11
5.3525923228346457
21
-4.0299115748031493
0
LINE
8
BLACK
6
CONTINUOUS
10
5.3525923228346457
20
-4.0299115748031493
11
5.3527992125984252
21
-4.0304521653543306
0
LINE
8
BLACK
6
CONTINUOUS
10
5.3527992125984252
20
-4.0304521653543306
11
5.3528067322834643
21
-4.0305580314960627
0
LINE
8
BLACK
6
CONTINUOUS
10
5.3528067322834643
20
-4.0305580314960627
11
5.3528473228346458
21
-4.030656023622047
0
LINE
8
BLACK
6
CONTINUOUS
10
5.3528473228346458
20
-4.030656023622047
11
5.3528549212598424
21
-4.031236377952756
0
LINE
8
BLACK
6
CONTINUOUS
10
5.3528549212598424
20
-4.031236377952756
11
5.3528808661417324
21
-4.0316013779527555
0
LINE
8
BLACK
6
CONTINUOUS
10
5.3528808661417324
20
-4.0316013779527555
11
5.3528605118110235
21
-4.0316624015748035
0
LINE
8
BLACK
6
CONTINUOUS
10
5.3528605118110235
20
-4.0316624015748035
11
5.3529040551181097
21
-4.034981614173228
0
LINE
8
BLACK
6
CONTINUOUS
10
5.3529040551181097
20
-4.034981614173228
11
5.3528753149606301
21
-4.0352731889763778
0
LINE
8
BLACK
6
CONTINUOUS
10
5.3528753149606301
20
-4.0352731889763778
11
5.3528808661417324
21
-4.0353509448818894
0
LINE
8
BLACK
6
CONTINUOUS
10
5.3528808661417324
20
-4.0353509448818894
11
5.352861889763779
21
-4.0354094881889759
0
LINE
8
BLACK
6
CONTINUOUS
10
5.352861889763779
20
-4.0354094881889759
11
5.3528473228346458
21
-4.0355576771653539
0
LINE
8
BLACK
6
CONTINUOUS
10
5.3528473228346458
20
-4.0355576771653539
11
5.352694645669291
21
-4.0359261811023623
0
LINE
8
BLACK
6
CONTINUOUS
10
5.352694645669291
20
-4.0359261811023623
11
5.3508777559055121
21
-4.0415396456692916
0
LINE
8
BLACK
6
CONTINUOUS
10
5.3508777559055121
20
-4.0415396456692916
11
5.3506417716535433
21
-4.0420682283464568
0
LINE
8
BLACK
6
CONTINUOUS
10
5.3506417716535433
20
-4.0420682283464568
11
5.350572283464567
21
-4.042148307086614
0
LINE
8
BLACK
6
CONTINUOUS
10
5.350572283464567
20
-4.042148307086614
11
5.3505316929133855
21
-4.0422463779527558
0
LINE
8
BLACK
6
CONTINUOUS
10
5.3505316929133855
20
-4.0422463779527558
11
5.3501888976377954
21
-4.0425903543307085
0
LINE
8
BLACK
6
CONTINUOUS
10
5.3501888976377954
20
-4.0425903543307085
11
5.3498868897637797
21
-4.0429385826771655
0
LINE
8
BLACK
6
CONTINUOUS
10
5.3498868897637797
20
-4.0429385826771655
11
5.3497972440944883
21
-4.0429833858267719
0
LINE
8
BLACK
6
CONTINUOUS
10
5.3497972440944883
20
-4.0429833858267719
11
5.3326511023622043
21
-4.0601896850393704
0
LINE
8
BLACK
6
CONTINUOUS
10
5.3326511023622043
20
-4.0601896850393704
11
5.3499512992125986
21
-4.0601503543307089
0
LINE
8
BLACK
6
CONTINUOUS
10
5.3499512992125986
20
-4.0601503543307089
11
5.3505273622047245
21
-4.0602070866141728
0
LINE
8
BLACK
6
CONTINUOUS
10
5.3505273622047245
20
-4.0602070866141728
11
5.3515917716535428
21
-4.0606479921259844
0
LINE
8
BLACK
6
CONTINUOUS
10
5.3515917716535428
20
-4.0606479921259844
11
5.3524064173228343
21
-4.0614626377952758
0
LINE
8
BLACK
6
CONTINUOUS
10
5.3524064173228343
20
-4.0614626377952758
11
5.3528473228346458
21
-4.0625270472440942
0
LINE
8
BLACK
6
CONTINUOUS
10
5.3528473228346458
20
-4.0625270472440942
11
5.3528473228346458
21
-4.0636791732283459
0
LINE
8
BLACK
6
CONTINUOUS
10
5.3528473228346458
20
-4.0636791732283459
11
5.3524064173228343
21
-4.0647435826771652
0
LINE
8
BLACK
6
CONTINUOUS
10
5.3524064173228343
20
-4.0647435826771652
11
5.3515917716535428
21
-4.0655582283464566
0
LINE
8
BLACK
6
CONTINUOUS
10
5.3515917716535428
20
-4.0655582283464566
11
5.3505273622047245
21
-4.0659991338582673
0
LINE
8
BLACK
6
CONTINUOUS
10
5.3505273622047245
20
-4.0659991338582673
11
5.3255793700787404
21
-4.0660558661417321
0
LINE
8
BLACK
6
CONTINUOUS
10
5.3255793700787404
20
-4.0660558661417321
11
5.3250033070866136
21
-4.0659991338582673
0
LINE
8
BLACK
6
CONTINUOUS
10
5.3250033070866136
20
-4.0659991338582673
11
5.3239388976377953
21
-4.0655582283464566
0
LINE
8
BLACK
6
CONTINUOUS
10
5.3239388976377953
20
-4.0655582283464566
11
5.3231242519685038
21
-4.0647435826771652
0
LINE
8
BLACK
6
CONTINUOUS
10
5.3231242519685038
20
-4.0647435826771652
11
5.3226833464566932
21
-4.0636791732283459
0
LINE
8
BLACK
6
CONTINUOUS
10
5.3226833464566932
20
-4.0636791732283459
11
5.3226833464566932
21
-4.0625270472440942
0
LINE
8
BLACK
6
CONTINUOUS
10
5.3226833464566932
20
-4.0625270472440942
11
5.3231242519685038
21
-4.0614626377952758
0
LINE
8
BLACK
6
CONTINUOUS
10
5.3231242519685038
20
-4.0614626377952758
11
5.3455659448818897
21
-4.038942125984252
0
LINE
8
BLACK
6
CONTINUOUS
10
5.3455659448818897
20
-4.038942125984252
11
5.3470399212598423
21
-4.0343881496062988
0
LINE
8
BLACK
6
CONTINUOUS
10
5.3470399212598423
20
-4.0343881496062988
11
5.3470066929133857
21
-4.0318541732283464
0
LINE
8
BLACK
6
CONTINUOUS
10
5.3470066929133857
20
-4.0318541732283464
11
5.345608188976378
21
-4.029138385826772
0
LINE
8
BLACK
6
CONTINUOUS
10
5.345608188976378
20
-4.029138385826772
11
5.3443748425196853
21
-4.0279476771653542
0
LINE
8
BLACK
6
CONTINUOUS
10
5.3443748425196853
20
-4.0279476771653542
11
5.3416731889763778
21
-4.0266367716535436
0
LINE
8
BLACK
6
CONTINUOUS
10
5.3416731889763778
20
-4.0266367716535436
11
5.3336914566929137
21
-4.0266822834645666
0
LINE
8
BLACK
6
CONTINUOUS
10
5.3336914566929137
20
-4.0266822834645666
11
5.3309847244094488
21
-4.0280761023622045
0
LINE
8
BLACK
6
CONTINUOUS
10
5.3309847244094488
20
-4.0280761023622045
11
5.329542047244094
21
-4.0295704724409447
0
LINE
8
BLACK
6
CONTINUOUS
10
5.329542047244094
20
-4.0295704724409447
11
5.3290946062992122
21
-4.0299376771653543
0
LINE
8
BLACK
6
CONTINUOUS
10
5.3290946062992122
20
-4.0299376771653543
11
5.3280301574803151
21
-4.030378582677165
0
LINE
8
BLACK
6
CONTINUOUS
10
5.3280301574803151
20
-4.030378582677165
11
5.3268781102362199
21
-4.030378582677165
0
LINE
8
BLACK
6
CONTINUOUS
10
5.3268781102362199
20
-4.030378582677165
11
5.3258136614173228
21
-4.0299376771653543
0
LINE
8
BLACK
6
CONTINUOUS
10
5.3258136614173228
20
-4.0299376771653543
11
5.3249990157480314
21
-4.0291230314960629
0
LINE
8
BLACK
6
CONTINUOUS
10
5.3249990157480314
20
-4.0291230314960629
11
5.3245581102362207
21
-4.0280585826771649
0
LINE
8
BLACK
6
CONTINUOUS
10
5.3245581102362207
20
-4.0280585826771649
11
5.3245581102362207
21
-4.0269065354330706
0
LINE
8
BLACK
6
CONTINUOUS
10
5.3245581102362207
20
-4.0269065354330706
11
5.3249990157480314
21
-4.0258420866141735
0
LINE
8
BLACK
6
CONTINUOUS
10
5.3249990157480314
20
-4.0258420866141735
11
5.3272409842519686
21
-4.0235198818897633
0
LINE
8
BLACK
6
CONTINUOUS
10
5.3272409842519686
20
-4.0235198818897633
11
5.3274673228346456
21
-4.023334094488189
0
LINE
8
BLACK
6
CONTINUOUS
10
5.3274673228346456
20
-4.023334094488189
11
5.3275185039370081
21
-4.0232751181102362
0
LINE
8
BLACK
6
CONTINUOUS
10
5.3275185039370081
20
-4.0232751181102362
11
5.3275741338582678
21
-4.0232464566929131
0
LINE
8
BLACK
6
CONTINUOUS
10
5.3275741338582678
20
-4.0232464566929131
11
5.3276884251968504
21
-4.0231526771653545
0
LINE
8
BLACK
6
CONTINUOUS
10
5.3276884251968504
20
-4.0231526771653545
11
5.3280352755905511
21
-4.0230089763779526
0
LINE
8
BLACK
6
CONTINUOUS
10
5.3280352755905511
20
-4.0230089763779526
11
5.3317579133858271
21
-4.0210920078740156
0
LINE
8
BLACK
6
CONTINUOUS
10
5.3317579133858271
20
-4.0210920078740156
11
5.3322985039370074
21
-4.0208851181102361
0
LINE
8
BLACK
6
CONTINUOUS
10
5.3322985039370074
20
-4.0208851181102361
11
5.3324043700787405
21
-4.0208775590551182
0
LINE
8
BLACK
6
CONTINUOUS
10
5.3324043700787405
20
-4.0208775590551182
11
5.3325023622047238
21
-4.0208370078740154
0
LINE
8
BLACK
6
CONTINUOUS
10
5.3325023622047238
20
-4.0208370078740154
11
5.3330168897637797
21
-4.0208340551181099
0
LINE
8
BLACK
6
CONTINUOUS
10
5.3330168897637797
20
-4.0208340551181099
11
5.3334477165354333
21
-4.0208034645669288
0
LINE
8
BLACK
6
CONTINUOUS
10
5.3334477165354333
20
-4.0208034645669288
11
5.333530748031496
21
-4.0208311417322831
0
LINE
8
BLACK
6
CONTINUOUS
10
5.333530748031496
20
-4.0208311417322831
11
5.3424522440944884
21
-4.0207802755905515
0
LINE
8
BLACK
6
CONTINUOUS
10
5.3424522440944884
20
-4.0207802755905515
11
5.3430283070866142
21
-4.0208370078740154
0
LINE
8
BLACK
6
CONTINUOUS
10
4.6466798031496062
20
-4.021277913385827
11
4.6474944488188976
21
-4.0220925590551184
0
LINE
8
BLACK
6
CONTINUOUS
10
4.6474944488188976
20
-4.0220925590551184
11
4.6479353543307083
21
-4.0231569685039368
0
LINE
8
BLACK
6
CONTINUOUS
10
4.6479353543307083
20
-4.0231569685039368
11
4.6479910629921255
21
-4.0568705511811025
0
LINE
8
BLACK
6
CONTINUOUS
10
4.6479910629921255
20
-4.0568705511811025
11
4.6491264960629923
21
-4.0590755118110238
0
LINE
8
BLACK
6
CONTINUOUS
10
4.6491264960629923
20
-4.0590755118110238
11
4.6519841338582673
21
-4.060462086614173
0
LINE
8
BLACK
6
CONTINUOUS
10
4.6519841338582673
20
-4.060462086614173
11
4.6524740157480311
21
-4.060770433070866
0
LINE
8
BLACK
6
CONTINUOUS
10
4.6524740157480311
20
-4.060770433070866
11
4.6532288582677168
21
-4.0616408267716535
0
LINE
8
BLACK
6
CONTINUOUS
10
4.6532288582677168
20
-4.0616408267716535
11
4.6535931889763775
21
-4.0627337795275587
0
LINE
8
BLACK
6
CONTINUOUS
10
4.6535931889763775
20
-4.0627337795275587
11
4.6535115354330712
21
-4.0638829921259845
0
LINE
8
BLACK
6
CONTINUOUS
10
4.6535115354330712
20
-4.0638829921259845
11
4.6529962598425199
21
-4.0649135039370075
0
LINE
8
BLACK
6
CONTINUOUS
10
4.6529962598425199
20
-4.0649135039370075
11
4.6521259055118112
21
-4.0656683464566932
0
LINE
8
BLACK
6
CONTINUOUS
10
4.6521259055118112
20
-4.0656683464566932
11
4.6510329133858264
21
-4.0660326771653539
0
LINE
8
BLACK
6
CONTINUOUS
10
4.6510329133858264
20
-4.0660326771653539
11
4.6498837007874014
21
-4.0659510236220475
0
LINE
8
BLACK
6
CONTINUOUS
10
4.6498837007874014
20
-4.0659510236220475
11
4.645593582677165
21
-4.0638693700787405
0
LINE
8
BLACK
6
CONTINUOUS
10
4.645593582677165
20
-4.0638693700787405
11
4.6454972047244096
21
-4.0638087007874013
0
LINE
8
BLACK
6
CONTINUOUS
10
4.6454972047244096
20
-4.0638087007874013
11
4.645451811023622
21
-4.0637935826771656
0
LINE
8
BLACK
6
CONTINUOUS
10
4.645451811023622
20
-4.0637935826771656
11
4.6453952362204722
21
-4.0637445275590549
0
LINE
8
BLACK
6
CONTINUOUS
10
4.6453952362204722
20
-4.0637445275590549
11
4.6451037007874012
21
-4.0635610236220474
0
LINE
8
BLACK
6
CONTINUOUS
10
4.6451037007874012
20
-4.0635610236220474
11
4.6448610236220471
21
-4.0632811811023624
0
LINE
8
BLACK
6
CONTINUOUS
10
4.6448610236220471
20
-4.0632811811023624
11
4.6445814173228346
21
-4.0630387007874011
0
LINE
8
BLACK
6
CONTINUOUS
10
4.6445814173228346
20
-4.0630387007874011
11
4.6444800787401572
21
-4.0628419685039372
0
LINE
8
BLACK
6
CONTINUOUS
10
4.6444800787401572
20
-4.0628419685039372
11
4.6443488582677164
21
-4.06269062992126
0
LINE
8
BLACK
6
CONTINUOUS
10
4.6443488582677164
20
-4.06269062992126
11
4.6442509842519684
21
-4.0623970472440947
0
LINE
8
BLACK
6
CONTINUOUS
10
4.6442509842519684
20
-4.0623970472440947
11
4.6423983070866139
21
-4.0587992913385822
0
LINE
8
BLACK
6
CONTINUOUS
10
4.6423983070866139
20
-4.0587992913385822
11
4.6421914173228345
21
-4.0582586614173231
0
LINE
8
BLACK
6
CONTINUOUS
10
4.6421914173228345
20
-4.0582586614173231
11
4.6421838976377954
21
-4.0581528346456688
0
LINE
8
BLACK
6
CONTINUOUS
10
4.6421838976377954
20
-4.0581528346456688
11
4.6421433070866138
21
-4.0580548425196845
0
LINE
8
BLACK
6
CONTINUOUS
10
4.6421433070866138
20
-4.0580548425196845
11
4.6421424803149609
21
-4.0575702362204726
0
LINE
8
BLACK
6
CONTINUOUS
10
4.6421424803149609
20
-4.0575702362204726
11
4.6421097637795272
21
-4.0571094488188972
0
LINE
8
BLACK
6
CONTINUOUS
10
4.6421097637795272
20
-4.0571094488188972
11
4.6421415748031496
21
-4.0570139763779522
0
LINE
8
BLACK
6
CONTINUOUS
10
4.6421415748031496
20
-4.0570139763779522
11
4.6420865748031499
21
-4.0237330314960627
0
LINE
8
BLACK
6
CONTINUOUS
10
4.6420865748031499
20
-4.0237330314960627
11
4.6421433070866138
21
-4.0231569685039368
0
LINE
8
BLACK
6
CONTINUOUS
10
4.6421433070866138
20
-4.0231569685039368
11
4.6425842125984254
21
-4.0220925590551184
0
LINE
8
BLACK
6
CONTINUOUS
10
4.6425842125984254
20
-4.0220925590551184
11
4.6433988582677168
21
-4.021277913385827
0
LINE
8
BLACK
6
CONTINUOUS
10
4.6433988582677168
20
-4.021277913385827
11
4.6444632677165352
21
-4.0208370078740154
0
LINE
8
BLACK
6
CONTINUOUS
10
4.6444632677165352
20
-4.0208370078740154
11
4.6456153937007869
21
-4.0208370078740154
0
LINE
8
BLACK
6
CONTINUOUS
10
4.6456153937007869
20
-4.0208370078740154
11
4.6466798031496062
21
-4.021277913385827
0
LINE
8
BLACK
6
CONTINUOUS
10
4.746852755905512
20
-4.0339603543307083
11
4.7479171653543304
21
-4.0344012598425198
0
LINE
8
BLACK
6
CONTINUOUS
10
4.7479171653543304
20
-4.0344012598425198
11
4.7487318110236219
21
-4.0352159055118113
0
LINE
8
BLACK
6
CONTINUOUS
10
4.7487318110236219
20
-4.0352159055118113
11
4.7491727165354334
21
-4.0362803149606297
0
LINE
8
BLACK
6
CONTINUOUS
10
4.7491727165354334
20
-4.0362803149606297
11
4.7491727165354334
21
-4.0374324409448814
0
LINE
8
BLACK
6
CONTINUOUS
10
4.7491727165354334
20
-4.0374324409448814
11
4.7487318110236219
21
-4.0384968503937007
0
LINE
8
BLACK
6
CONTINUOUS
10
4.7487318110236219
20
-4.0384968503937007
11
4.7479171653543304
21
-4.0393114960629921
0
LINE
8
BLACK
6
CONTINUOUS
10
4.7479171653543304
20
-4.0393114960629921
11
4.746852755905512
21
-4.0397524015748028
0
LINE
8
BLACK
6
CONTINUOUS
10
4.746852755905512
20
-4.0397524015748028
11
4.7431492519685037
21
-4.0398009448818897
0
LINE
8
BLACK
6
CONTINUOUS
10
4.7431492519685037
20
-4.0398009448818897
11
4.7404334645669293
21
-4.0411994488188974
0
LINE
8
BLACK
6
CONTINUOUS
10
4.7404334645669293
20
-4.0411994488188974
11
4.7392427559055115
21
-4.0424327952755901
0
LINE
8
BLACK
6
CONTINUOUS
10
4.7392427559055115
20
-4.0424327952755901
11
4.7379427952755906
21
-4.0451118897637794
0
LINE
8
BLACK
6
CONTINUOUS
10
4.7379427952755906
20
-4.0451118897637794
11
4.737980866141732
21
-4.0631031102362201
0
LINE
8
BLACK
6
CONTINUOUS
10
4.737980866141732
20
-4.0631031102362201
11
4.737924133858268
21
-4.0636791732283459
0
LINE
8
BLACK
6
CONTINUOUS
10
4.737924133858268
20
-4.0636791732283459
11
4.7374832283464565
21
-4.0647435826771652
0
LINE
8
BLACK
6
CONTINUOUS
10
4.7374832283464565
20
-4.0647435826771652
11
4.7366685826771651
21
-4.0655582283464566
0
LINE
8
BLACK
6
CONTINUOUS
10
4.7366685826771651
20
-4.0655582283464566
11
4.7356041732283467
21
-4.0659991338582673
0
LINE
8
BLACK
6
CONTINUOUS
10
4.7356041732283467
20
-4.0659991338582673
11
4.7344520472440941
21
-4.0659991338582673
0
LINE
8
BLACK
6
CONTINUOUS
10
4.7344520472440941
20
-4.0659991338582673
11
4.7333876377952757
21
-4.0655582283464566
0
LINE
8
BLACK
6
CONTINUOUS
10
4.7333876377952757
20
-4.0655582283464566
11
4.7325729921259843
21
-4.0647435826771652
0
LINE
8
BLACK
6
CONTINUOUS
10
4.7325729921259843
20
-4.0647435826771652
11
4.7321320866141727
21
-4.0636791732283459
0
LINE
8
BLACK
6
CONTINUOUS
10
4.7321320866141727
20
-4.0636791732283459
11
4.7320753543307088
21
-4.0368563779527555
0
LINE
8
BLACK
6
CONTINUOUS
10
4.7320753543307088
20
-4.0368563779527555
11
4.7321320866141727
21
-4.0362803149606297
0
LINE
8
BLACK
6
CONTINUOUS
10
4.7321320866141727
20
-4.0362803149606297
11
4.7325729921259843
21
-4.0352159055118113
0
LINE
8
BLACK
6
CONTINUOUS
10
4.7325729921259843
20
-4.0352159055118113
11
4.7333876377952757
21
-4.0344012598425198
0
LINE
8
BLACK
6
CONTINUOUS
10
4.7333876377952757
20
-4.0344012598425198
11
4.7344520472440941
21
-4.0339603543307083
0
LINE
8
BLACK
6
CONTINUOUS
10
4.7344520472440941
20
-4.0339603543307083
11
4.7356041732283467
21
-4.0339603543307083
0
LINE
8
BLACK
6
CONTINUOUS
10
4.7356041732283467
20
-4.0339603543307083
11
4.7366685826771651
21
-4.0344012598425198
0
LINE
8
BLACK
6
CONTINUOUS
10
4.7366685826771651
20
-4.0344012598425198
11
4.7374832283464565
21
-4.0352159055118113
0
LINE
8
BLACK
6
CONTINUOUS
10
4.7374832283464565
20
-4.0352159055118113
11
4.7377962204724406
21
-4.0359715354330712
0
LINE
8
BLACK
6
CONTINUOUS
10
4.7377962204724406
20
-4.0359715354330712
11
4.7412066535433066
21
-4.0342153543307084
0
LINE
8
BLACK
6
CONTINUOUS
10
4.7412066535433066
20
-4.0342153543307084
11
4.7417472440944879
21
-4.034008464566929
0
LINE
8
BLACK
6
CONTINUOUS
10
4.7417472440944879
20
-4.034008464566929
11
4.74185311023622
21
-4.0340009055118111
0
LINE
8
BLACK
6
CONTINUOUS
10
4.74185311023622
20
-4.0340009055118111
11
4.7419511023622043
21
-4.0339603543307083
0
LINE
8
BLACK
6
CONTINUOUS
10
4.7419511023622043
20
-4.0339603543307083
11
4.7425314566929133
21
-4.033952716535433
0
LINE
8
BLACK
6
CONTINUOUS
10
4.7425314566929133
20
-4.033952716535433
11
4.7428964566929137
21
-4.0339268110236217
0
LINE
8
BLACK
6
CONTINUOUS
10
4.7428964566929137
20
-4.0339268110236217
11
4.7429574803149608
21
-4.0339471259842519
0
LINE
8
BLACK
6
CONTINUOUS
10
4.7429574803149608
20
-4.0339471259842519
11
4.7462766929133853
21
-4.0339036220472444
0
LINE
8
BLACK
6
CONTINUOUS
10
4.7462766929133853
20
-4.0339036220472444
11
4.746852755905512
21
-4.0339603543307083
0
LINE
8
BLACK
6
CONTINUOUS
10
4.8537144094488189
20
-4.0339603543307083
11
4.8538124015748032
21
-4.0340009448818899
0
LINE
8
BLACK
6
CONTINUOUS
10
4.8538124015748032
20
-4.0340009448818899
11
4.8539182283464566
21
-4.034008464566929
0
LINE
8
BLACK
6
CONTINUOUS
10
4.8539182283464566
20
-4.034008464566929
11
4.854429803149606
21
-4.0342566929133854
0
LINE
8
BLACK
6
CONTINUOUS
10
4.854429803149606
20
-4.0342566929133854
11
4.8547788188976373
21
-4.0344012598425198
0
LINE
8
BLACK
6
CONTINUOUS
10
4.8547788188976373
20
-4.0344012598425198
11
4.8548269291338579
21
-4.0344493700787405
0
LINE
8
BLACK
6
CONTINUOUS
10
4.8548269291338579
20
-4.0344493700787405
11
4.8582084251968505
21
-4.036090118110236
0
LINE
8
BLACK
6
CONTINUOUS
10
4.8582084251968505
20
-4.036090118110236
11
4.8583047244094484
21
-4.0361507480314955
0
LINE
8
BLACK
6
CONTINUOUS
10
4.8583047244094484
20
-4.0361507480314955
11
4.8583501968503935
21
-4.0361659055118109
0
LINE
8
BLACK
6
CONTINUOUS
10
4.8583501968503935
20
-4.0361659055118109
11
4.8584067716535433
21
-4.0362149606299216
0
LINE
8
BLACK
6
CONTINUOUS
10
4.8584067716535433
20
-4.0362149606299216
11
4.8586982677165356
21
-4.0363984645669291
0
LINE
8
BLACK
6
CONTINUOUS
10
4.8586982677165356
20
-4.0363984645669291
11
4.8589407480314959
21
-4.0366780708661416
0
LINE
8
BLACK
6
CONTINUOUS
10
4.8589407480314959
20
-4.0366780708661416
11
4.8592205905511809
21
-4.0369207480314957
0
LINE
8
BLACK
6
CONTINUOUS
10
4.8592205905511809
20
-4.0369207480314957
11
4.8593219291338583
21
-4.037117559055118
0
LINE
8
BLACK
6
CONTINUOUS
10
4.8593219291338583
20
-4.037117559055118
11
4.8594531496062991
21
-4.0372688582677165
0
LINE
8
BLACK
6
CONTINUOUS
10
4.8594531496062991
20
-4.0372688582677165
11
4.8595509448818897
21
-4.0375623228346456
0
LINE
8
BLACK
6
CONTINUOUS
10
4.8595509448818897
20
-4.0375623228346456
11
4.8614037007874016
21
-4.0411601574803147
0
LINE
8
BLACK
6
CONTINUOUS
10
4.8614037007874016
20
-4.0411601574803147
11
4.8616105905511811
21
-4.0417007480314959
0
LINE
8
BLACK
6
CONTINUOUS
10
4.8616105905511811
20
-4.0417007480314959
11
4.8616181102362201
21
-4.0418066141732281
0
LINE
8
BLACK
6
CONTINUOUS
10
4.8616181102362201
20
-4.0418066141732281
11
4.8616587007874017
21
-4.0419046062992123
0
LINE
8
BLACK
6
CONTINUOUS
10
4.8616587007874017
20
-4.0419046062992123
11
4.8616599999999996
21
-4.0423963779527554
0
LINE
8
BLACK
6
CONTINUOUS
10
4.8616599999999996
20
-4.0423963779527554
11
4.8616922440944883
21
-4.0428499606299209
0
LINE
8
BLACK
6
CONTINUOUS
10
4.8616922440944883
20
-4.0428499606299209
11
4.8616614566929135
21
-4.0429422440944878
0
LINE
8
BLACK
6
CONTINUOUS
10
4.8616614566929135
20
-4.0429422440944878
11
4.8617154330708656
21
-4.0631031102362201
0
LINE
8
BLACK
6
CONTINUOUS
10
4.8617154330708656
20
-4.0631031102362201
11
4.8616587007874017
21
-4.0636791732283459
0
LINE
8
BLACK
6
CONTINUOUS
10
4.8616587007874017
20
-4.0636791732283459
11
4.8612177952755902
21
-4.0647435826771652
0
LINE
8
BLACK
6
CONTINUOUS
10
4.8612177952755902
20
-4.0647435826771652
11
4.8604031496062987
21
-4.0655582283464566
0
LINE
8
BLACK
6
CONTINUOUS
10
4.8604031496062987
20
-4.0655582283464566
11
4.8593387401574804
21
-4.0659991338582673
0
LINE
8
BLACK
6
CONTINUOUS
10
4.8593387401574804
20
-4.0659991338582673
11
4.8581866141732286
21
-4.0659991338582673
0
LINE
8
BLACK
6
CONTINUOUS
10
4.8581866141732286
20
-4.0659991338582673
11
4.8571222047244094
21
-4.0655582283464566
0
LINE
8
BLACK
6
CONTINUOUS
10
4.8571222047244094
20
-4.0655582283464566
11
4.8563075590551179
21
-4.0647435826771652
0
LINE
8
BLACK
6
CONTINUOUS
10
4.8563075590551179
20
-4.0647435826771652
11
4.8558666535433073
21
-4.0636791732283459
0
LINE
8
BLACK
6
CONTINUOUS
10
4.8558666535433073
20
-4.0636791732283459
11
4.8558115354330704
21
-4.0430900787401578
0
LINE
8
BLACK
6
CONTINUOUS
10
4.8558115354330704
20
-4.0430900787401578
11
4.8546754724409444
21
-4.040883937007874
0
LINE
8
BLACK
6
CONTINUOUS
10
4.8546754724409444
20
-4.040883937007874
11
4.8523687401574804
21
-4.03976468503937
0
LINE
8
BLACK
6
CONTINUOUS
10
4.8523687401574804
20
-4.03976468503937
11
4.8481312598425195
21
-4.039803464566929
0
LINE
8
BLACK
6
CONTINUOUS
10
4.8481312598425195
20
-4.039803464566929
11
4.845917362204724
21
-4.0409435433070868
0
LINE
8
BLACK
6
CONTINUOUS
10
4.845917362204724
20
-4.0409435433070868
11
4.8447894094488184
21
-4.0432681102362205
0
LINE
8
BLACK
6
CONTINUOUS
10
4.8447894094488184
20
-4.0432681102362205
11
4.8448425196850389
21
-4.0631031102362201
0
LINE
8
BLACK
6
CONTINUOUS
10
4.8448425196850389
20
-4.0631031102362201
11
4.844785787401575
21
-4.0636791732283459
0
LINE
8
BLACK
6
CONTINUOUS
10
4.844785787401575
20
-4.0636791732283459
11
4.8443448818897634
21
-4.0647435826771652
0
LINE
8
BLACK
6
CONTINUOUS
10
4.8443448818897634
20
-4.0647435826771652
11
4.843530236220472
21
-4.0655582283464566
0
LINE
8
BLACK
6
CONTINUOUS
10
4.843530236220472
20
-4.0655582283464566
11
4.8424658267716536
21
-4.0659991338582673
0
LINE
8
BLACK
6
CONTINUOUS
10
4.8424658267716536
20
-4.0659991338582673
11
4.8413137007874019
21
-4.0659991338582673
0
LINE
8
BLACK
6
CONTINUOUS
10
4.8413137007874019
20
-4.0659991338582673
11
4.8402492913385826
21
-4.0655582283464566
0
LINE
8
BLACK
6
CONTINUOUS
10
4.8402492913385826
20
-4.0655582283464566
11
4.8394346456692912
21
-4.0647435826771652
0
LINE
8
BLACK
6
CONTINUOUS
10
4.8394346456692912
20
-4.0647435826771652
11
4.8389937401574805
21
-4.0636791732283459
0
LINE
8
BLACK
6
CONTINUOUS
10
4.8389937401574805
20
-4.0636791732283459
11
4.8389386220472437
21
-4.0430900787401578
0
LINE
8
BLACK
6
CONTINUOUS
10
4.8389386220472437
20
-4.0430900787401578
11
4.8378025590551177
21
-4.0408839763779527
0
LINE
8
BLACK
6
CONTINUOUS
10
4.8378025590551177
20
-4.0408839763779527
11
4.8354958661417324
21
-4.03976468503937
0
LINE
8
BLACK
6
CONTINUOUS
10
4.8354958661417324
20
-4.03976468503937
11
4.8312583858267715
21
-4.039803464566929
0
LINE
8
BLACK
6
CONTINUOUS
10
4.8312583858267715
20
-4.039803464566929
11
4.8285474803149606
21
-4.0411994488188974
0
LINE
8
BLACK
6
CONTINUOUS
10
4.8285474803149606
20
-4.0411994488188974
11
4.8279246456692908
21
-4.0418445669291341
0
LINE
8
BLACK
6
CONTINUOUS
10
4.8279246456692908
20
-4.0418445669291341
11
4.8279696456692909
21
-4.0631031102362201
0
LINE
8
BLACK
6
CONTINUOUS
10
4.8279696456692909
20
-4.0631031102362201
11
4.827912913385827
21
-4.0636791732283459
0
LINE
8
BLACK
6
CONTINUOUS
10
4.827912913385827
20
-4.0636791732283459
11
4.8274720078740154
21
-4.0647435826771652
0
LINE
8
BLACK
6
CONTINUOUS
10
4.8274720078740154
20
-4.0647435826771652
11
4.826657362204724
21
-4.0655582283464566
0
LINE
8
BLACK
6
CONTINUOUS
10
4.826657362204724
20
-4.0655582283464566
11
4.8255929527559056
21
-4.0659991338582673
0
LINE
8
BLACK
6
CONTINUOUS
10
4.8255929527559056
20
-4.0659991338582673
11
4.8244408267716539
21
-4.0659991338582673
0
LINE
8
BLACK
6
CONTINUOUS
10
4.8244408267716539
20
-4.0659991338582673
11
4.8233764173228346
21
-4.0655582283464566
0
LINE
8
BLACK
6
CONTINUOUS
10
4.8233764173228346
20
-4.0655582283464566
11
4.8225617716535432
21
-4.0647435826771652
0
LINE
8
BLACK
6
CONTINUOUS
10
4.8225617716535432
20
-4.0647435826771652
11
4.8221208661417325
21
-4.0636791732283459
0
LINE
8
BLACK
6
CONTINUOUS
10
4.8221208661417325
20
-4.0636791732283459
11
4.8220641338582677
21
-4.0368563779527555
0
LINE
8
BLACK
6
CONTINUOUS
10
4.8220641338582677
20
-4.0368563779527555
11
4.8221208661417325
21
-4.0362803149606297
0
LINE
8
BLACK
6
CONTINUOUS
10
4.8221208661417325
20
-4.0362803149606297
11
4.8225617716535432
21
-4.0352159055118113
0
LINE
8
BLACK
6
CONTINUOUS
10
4.8225617716535432
20
-4.0352159055118113
11
4.8233764173228346
21
-4.0344012598425198
0
LINE
8
BLACK
6
CONTINUOUS
10
4.8233764173228346
20
-4.0344012598425198
11
4.8244408267716539
21
-4.0339603543307083
0
LINE
8
BLACK
6
CONTINUOUS
10
4.8244408267716539
20
-4.0339603543307083
11
4.8255929527559056
21
-4.0339603543307083
0
LINE
8
BLACK
6
CONTINUOUS
10
4.8255929527559056
20
-4.0339603543307083
11
4.826657362204724
21
-4.0344012598425198
0
LINE
8
BLACK
6
CONTINUOUS
10
4.826657362204724
20
-4.0344012598425198
11
4.8274399212598427
21
-4.0351838188976377
0
LINE
8
BLACK
6
CONTINUOUS
10
4.8274399212598427
20
-4.0351838188976377
11
4.8293206692913389
21
-4.0342153543307084
0
LINE
8
BLACK
6
CONTINUOUS
10
4.8293206692913389
20
-4.0342153543307084
11
4.8298612598425192
21
-4.034008464566929
0
LINE
8
BLACK
6
CONTINUOUS
10
4.8298612598425192
20
-4.034008464566929
11
4.8299671259842523
21
-4.0340009055118111
0
LINE
8
BLACK
6
CONTINUOUS
10
4.8299671259842523
20
-4.0340009055118111
11
4.8300651181102365
21
-4.0339603543307083
0
LINE
8
BLACK
6
CONTINUOUS
10
4.8300651181102365
20
-4.0339603543307083
11
4.8306083070866137
21
-4.0339553543307085
0
LINE
8
BLACK
6
CONTINUOUS
10
4.8306083070866137
20
-4.0339553543307085
11
4.8310104724409451
21
-4.0339268110236217
0
LINE
8
BLACK
6
CONTINUOUS
10
4.8310104724409451
20
-4.0339268110236217
11
4.8310831496062994
21
-4.0339510236220475
0
LINE
8
BLACK
6
CONTINUOUS
10
4.8310831496062994
20
-4.0339510236220475
11
4.8362654724409451
21
-4.0339036220472444
0
LINE
8
BLACK
6
CONTINUOUS
10
4.8362654724409451
20
-4.0339036220472444
11
4.8368415354330709
21
-4.0339603543307083
0
LINE
8
BLACK
6
CONTINUOUS
10
4.8368415354330709
20
-4.0339603543307083
11
4.8369395275590552
21
-4.0340009448818899
0
LINE
8
BLACK
6
CONTINUOUS
10
4.8369395275590552
20
-4.0340009448818899
11
4.8370453543307086
21
-4.034008464566929
0
LINE
8
BLACK
6
CONTINUOUS
10
4.8370453543307086
20
-4.034008464566929
11
4.8375568897637793
21
-4.0342566535433066
0
LINE
8
BLACK
6
CONTINUOUS
10
4.8375568897637793
20
-4.0342566535433066
11
4.8379059448818893
21
-4.0344012598425198
0
LINE
8
BLACK
6
CONTINUOUS
10
4.8379059448818893
20
-4.0344012598425198
11
4.8379540551181099
21
-4.0344493700787405
0
LINE
8
BLACK
6
CONTINUOUS
10
4.8379540551181099
20
-4.0344493700787405
11
4.8413355118110237
21
-4.036090118110236
0
LINE
8
BLACK
6
CONTINUOUS
10
4.8413355118110237
20
-4.036090118110236
11
4.8414318503937004
21
-4.0361507480314955
0
LINE
8
BLACK
6
CONTINUOUS
10
4.8414318503937004
20
-4.0361507480314955
11
4.8414772834645667
21
-4.0361659055118109
0
LINE
8
BLACK
6
CONTINUOUS
10
4.8414772834645667
20
-4.0361659055118109
11
4.8415338188976378
21
-4.0362149212598428
0
LINE
8
BLACK
6
CONTINUOUS
10
4.8415338188976378
20
-4.0362149212598428
11
4.8418253937007876
21
-4.0363984645669291
0
LINE
8
BLACK
6
CONTINUOUS
10
4.8418253937007876
20
-4.0363984645669291
11
4.8418897637795277
21
-4.0364726771653539
0
LINE
8
BLACK
6
CONTINUOUS
10
4.8418897637795277
20
-4.0364726771653539
11
4.8419541338582679
21
-4.0363984645669291
0
LINE
8
BLACK
6
CONTINUOUS
10
4.8419541338582679
20
-4.0363984645669291
11
4.8421509448818894
21
-4.036297086614173
0
LINE
8
BLACK
6
CONTINUOUS
10
4.8421509448818894
20
-4.036297086614173
11
4.8423022440944878
21
-4.0361659055118109
0
LINE
8
BLACK
6
CONTINUOUS
10
4.8423022440944878
20
-4.0361659055118109
11
4.8425957086614169
21
-4.0360680708661416
0
LINE
8
BLACK
6
CONTINUOUS
10
4.8425957086614169
20
-4.0360680708661416
11
4.8461935433070868
21
-4.0342153543307084
0
LINE
8
BLACK
6
CONTINUOUS
10
4.8461935433070868
20
-4.0342153543307084
11
4.8467341338582672
21
-4.034008464566929
0
LINE
8
BLACK
6
CONTINUOUS
10
4.8467341338582672
20
-4.034008464566929
11
4.8468400000000003
21
-4.0340009055118111
0
LINE
8
BLACK
6
CONTINUOUS
10
4.8468400000000003
20
-4.0340009055118111
11
4.8469379921259845
21
-4.0339603543307083
0
LINE
8
BLACK
6
CONTINUOUS
10
4.8469379921259845
20
-4.0339603543307083
11
4.8474811811023617
21
-4.0339553543307085
0
LINE
8
BLACK
6
CONTINUOUS
10
4.8474811811023617
20
-4.0339553543307085
11
4.8478833464566931
21
-4.0339268110236217
0
LINE
8
BLACK
6
CONTINUOUS
10
4.8478833464566931
20
-4.0339268110236217
11
4.8479560236220474
21
-4.0339510236220475
0
LINE
8
BLACK
6
CONTINUOUS
10
4.8479560236220474
20
-4.0339510236220475
11
4.8531383464566931
21
-4.0339036220472444
0
LINE
8
BLACK
6
CONTINUOUS
10
4.8531383464566931
20
-4.0339036220472444
11
4.8537144094488189
21
-4.0339603543307083
0
LINE
8
BLACK
6
CONTINUOUS
10
4.9587012992125983
20
-4.0339603543307083
11
4.9597657086614175
21
-4.0344012598425198
0
LINE
8
BLACK
6
CONTINUOUS
10
4.9597657086614175
20
-4.0344012598425198
11
4.960580354330709
21
-4.0352159055118113
0
LINE
8
BLACK
6
CONTINUOUS
10
4.960580354330709
20
-4.0352159055118113
11
4.9610212598425196
21
-4.0362803149606297
0
LINE
8
BLACK
6
CONTINUOUS
10
4.9610212598425196
20
-4.0362803149606297
11
4.9610212598425196
21
-4.0374324409448814
0
LINE
8
BLACK
6
CONTINUOUS
10
4.9610212598425196
20
-4.0374324409448814
11
4.960580354330709
21
-4.0384968503937007
0
LINE
8
BLACK
6
CONTINUOUS
10
4.960580354330709
20
-4.0384968503937007
11
4.9597657086614175
21
-4.0393114960629921
0
LINE
8
BLACK
6
CONTINUOUS
10
4.9597657086614175
20
-4.0393114960629921
11
4.9587012992125983
21
-4.0397524015748028
0
LINE
8
BLACK
6
CONTINUOUS
10
4.9587012992125983
20
-4.0397524015748028
11
4.9549977952755908
21
-4.0398009448818897
0
LINE
8
BLACK
6
CONTINUOUS
10
4.9549977952755908
20
-4.0398009448818897
11
4.9522820078740155
21
-4.0411994488188974
0
LINE
8
BLACK
6
CONTINUOUS
10
4.9522820078740155
20
-4.0411994488188974
11
4.9510912992125986
21
-4.0424327952755901
0
LINE
8
BLACK
6
CONTINUOUS
10
4.9510912992125986
20
-4.0424327952755901
11
4.9497913385826768
21
-4.0451118897637794
0
LINE
8
BLACK
6
CONTINUOUS
10
4.9497913385826768
20
-4.0451118897637794
11
4.9498294094488191
21
-4.0631031102362201
0
LINE
8
BLACK
6
CONTINUOUS
10
4.9498294094488191
20
-4.0631031102362201
11
4.9497726771653543
21
-4.0636791732283459
0
LINE
8
BLACK
6
CONTINUOUS
10
4.9497726771653543
20
-4.0636791732283459
11
4.9493317716535428
21
-4.0647435826771652
0
LINE
8
BLACK
6
CONTINUOUS
10
4.9493317716535428
20
-4.0647435826771652
11
4.9485171259842522
21
-4.0655582283464566
0
LINE
8
BLACK
6
CONTINUOUS
10
4.9485171259842522
20
-4.0655582283464566
11
4.9474527165354329
21
-4.0659991338582673
0
LINE
8
BLACK
6
CONTINUOUS
10
4.9474527165354329
20
-4.0659991338582673
11
4.9463005905511812
21
-4.0659991338582673
0
LINE
8
BLACK
6
CONTINUOUS
10
4.9463005905511812
20
-4.0659991338582673
11
4.945236181102362
21
-4.0655582283464566
0
LINE
8
BLACK
6
CONTINUOUS
10
4.945236181102362
20
-4.0655582283464566
11
4.9444215354330705
21
-4.0647435826771652
0
LINE
8
BLACK
6
CONTINUOUS
10
4.9444215354330705
20
-4.0647435826771652
11
4.9439806299212599
21
-4.0636791732283459
0
LINE
8
BLACK
6
CONTINUOUS
10
4.9439806299212599
20
-4.0636791732283459
11
4.9439238976377951
21
-4.0368563779527555
0
LINE
8
BLACK
6
CONTINUOUS
10
4.9439238976377951
20
-4.0368563779527555
11
4.9439806299212599
21
-4.0362803149606297
0
LINE
8
BLACK
6
CONTINUOUS
10
4.9439806299212599
20
-4.0362803149606297
11
4.9444215354330705
21
-4.0352159055118113
0
LINE
8
BLACK
6
CONTINUOUS
10
4.9444215354330705
20
-4.0352159055118113
11
4.945236181102362
21
-4.0344012598425198
0
LINE
8
BLACK
6
CONTINUOUS
10
4.945236181102362
20
-4.0344012598425198
11
4.9463005905511812
21
-4.0339603543307083
0
LINE
8
BLACK
6
CONTINUOUS
10
4.9463005905511812
20
-4.0339603543307083
11
4.9474527165354329
21
-4.0339603543307083
0
LINE
8
BLACK
6
CONTINUOUS
10
4.9474527165354329
20
-4.0339603543307083
11
4.9485171259842522
21
-4.0344012598425198
0
LINE
8
BLACK
6
CONTINUOUS
10
4.9485171259842522
20
-4.0344012598425198
11
4.9493317716535428
21
-4.0352159055118113
0
LINE
8
BLACK
6
CONTINUOUS
10
4.9493317716535428
20
-4.0352159055118113
11
4.9496447637795278
21
-4.0359715354330712
0
LINE
8
BLACK
6
CONTINUOUS
10
4.9496447637795278
20
-4.0359715354330712
11
4.9530551968503937
21
-4.0342153543307084
0
LINE
8
BLACK
6
CONTINUOUS
10
4.9530551968503937
20
-4.0342153543307084
11
4.953595787401575
21
-4.034008464566929
0
LINE
8
BLACK
6
CONTINUOUS
10
4.953595787401575
20
-4.034008464566929
11
4.9537016535433072
21
-4.0340009055118111
0
LINE
8
BLACK
6
CONTINUOUS
10
4.9537016535433072
20
-4.0340009055118111
11
4.9537996456692914
21
-4.0339603543307083
0
LINE
8
BLACK
6
CONTINUOUS
10
4.9537996456692914
20
-4.0339603543307083
11
4.9543799999999996
21
-4.033952716535433
0
LINE
8
BLACK
6
CONTINUOUS
10
4.9543799999999996
20
-4.033952716535433
11
4.954745
21
-4.0339268110236217
0
LINE
8
BLACK
6
CONTINUOUS
10
4.954745
20
-4.0339268110236217
11
4.954806023622047
21
-4.0339471259842519
0
LINE
8
BLACK
6
CONTINUOUS
10
4.954806023622047
20
-4.0339471259842519
11
4.9581252362204724
21
-4.0339036220472444
0
LINE
8
BLACK
6
CONTINUOUS
10
4.9581252362204724
20
-4.0339036220472444
11
4.9587012992125983
21
-4.0339603543307083
0
LINE
8
BLACK
6
CONTINUOUS
10
5.1199311811023618
20
-4.0339603543307083
11
5.120995590551181
21
-4.0344012598425198
0
LINE
8
BLACK
6
CONTINUOUS
10
5.120995590551181
20
-4.0344012598425198
11
5.1218102362204725
21
-4.0352159055118113
0
LINE
8
BLACK
6
CONTINUOUS
10
5.1218102362204725
20
-4.0352159055118113
11
5.1222511417322831
21
-4.0362803149606297
0
LINE
8
BLACK
6
CONTINUOUS
10
5.1222511417322831
20
-4.0362803149606297
11
5.1222511417322831
21
-4.0374324409448814
0
LINE
8
BLACK
6
CONTINUOUS
10
5.1222511417322831
20
-4.0374324409448814
11
5.1218102362204725
21
-4.0384968503937007
0
LINE
8
BLACK
6
CONTINUOUS
10
5.1218102362204725
20
-4.0384968503937007
11
5.120995590551181
21
-4.0393114960629921
0
LINE
8
BLACK
6
CONTINUOUS
10
5.120995590551181
20
-4.0393114960629921
11
5.1199311811023618
21
-4.0397524015748028
0
LINE
8
BLACK
6
CONTINUOUS
10
5.1199311811023618
20
-4.0397524015748028
11
5.1162276771653543
21
-4.0398009448818897
0
LINE
8
BLACK
6
CONTINUOUS
10
5.1162276771653543
20
-4.0398009448818897
11
5.113511889763779
21
-4.0411994488188974
0
LINE
8
BLACK
6
CONTINUOUS
10
5.113511889763779
20
-4.0411994488188974
11
5.1123211811023621
21
-4.0424327952755901
0
LINE
8
BLACK
6
CONTINUOUS
10
5.1123211811023621
20
-4.0424327952755901
11
5.1110212204724412
21
-4.0451118897637794
0
LINE
8
BLACK
6
CONTINUOUS
10
5.1110212204724412
20
-4.0451118897637794
11
5.1110592913385826
21
-4.0631031102362201
0
LINE
8
BLACK
6
CONTINUOUS
10
5.1110592913385826
20
-4.0631031102362201
11
5.1110025590551178
21
-4.0636791732283459
0
LINE
8
BLACK
6
CONTINUOUS
10
5.1110025590551178
20
-4.0636791732283459
11
5.1105616535433072
21
-4.0647435826771652
0
LINE
8
BLACK
6
CONTINUOUS
10
5.1105616535433072
20
-4.0647435826771652
11
5.1097470078740157
21
-4.0655582283464566
0
LINE
8
BLACK
6
CONTINUOUS
10
5.1097470078740157
20
-4.0655582283464566
11
5.1086825984251965
21
-4.0659991338582673
0
LINE
8
BLACK
6
CONTINUOUS
10
5.1086825984251965
20
-4.0659991338582673
11
5.1075304724409447
21
-4.0659991338582673
0
LINE
8
BLACK
6
CONTINUOUS
10
5.1075304724409447
20
-4.0659991338582673
11
5.1064660629921255
21
-4.0655582283464566
0
LINE
8
BLACK
6
CONTINUOUS
10
5.1064660629921255
20
-4.0655582283464566
11
5.1056514173228349
21
-4.0647435826771652
0
LINE
8
BLACK
6
CONTINUOUS
10
5.1056514173228349
20
-4.0647435826771652
11
5.1052105118110234
21
-4.0636791732283459
0
LINE
8
BLACK
6
CONTINUOUS
10
5.1052105118110234
20
-4.0636791732283459
11
5.1051537795275586
21
-4.0368563779527555
0
LINE
8
BLACK
6
CONTINUOUS
10
5.1051537795275586
20
-4.0368563779527555
11
5.1052105118110234
21
-4.0362803149606297
0
LINE
8
BLACK
6
CONTINUOUS
10
5.1052105118110234
20
-4.0362803149606297
11
5.1056514173228349
21
-4.0352159055118113
0
LINE
8
BLACK
6
CONTINUOUS
10
5.1056514173228349
20
-4.0352159055118113
11
5.1064660629921255
21
-4.0344012598425198
0
LINE
8
BLACK
6
CONTINUOUS
10
5.1064660629921255
20
-4.0344012598425198
11
5.1075304724409447
21
-4.0339603543307083
0
LINE
8
BLACK
6
CONTINUOUS
10
5.1075304724409447
20
-4.0339603543307083
11
5.1086825984251965
21
-4.0339603543307083
0
LINE
8
BLACK
6
CONTINUOUS
10
5.1086825984251965
20
-4.0339603543307083
11
5.1097470078740157
21
-4.0344012598425198
0
LINE
8
BLACK
6
CONTINUOUS
10
5.1097470078740157
20
-4.0344012598425198
11
5.1105616535433072
21
-4.0352159055118113
0
LINE
8
BLACK
6
CONTINUOUS
10
5.1105616535433072
20
-4.0352159055118113
11
5.1108746456692913
21
-4.0359715354330712
0
LINE
8
BLACK
6
CONTINUOUS
10
5.1108746456692913
20
-4.0359715354330712
11
5.1142850787401573
21
-4.0342153543307084
0
LINE
8
BLACK
6
CONTINUOUS
10
5.1142850787401573
20
-4.0342153543307084
11
5.1148256692913385
21
-4.034008464566929
0
LINE
8
BLACK
6
CONTINUOUS
10
5.1148256692913385
20
-4.034008464566929
11
5.1149315354330707
21
-4.0340009055118111
0
LINE
8
BLACK
6
CONTINUOUS
10
5.1149315354330707
20
-4.0340009055118111
11
5.1150295275590549
21
-4.0339603543307083
0
LINE
8
BLACK
6
CONTINUOUS
10
5.1150295275590549
20
-4.0339603543307083
11
5.115609881889764
21
-4.033952716535433
0
LINE
8
BLACK
6
CONTINUOUS
10
5.115609881889764
20
-4.033952716535433
11
5.1159748818897635
21
-4.0339268110236217
0
LINE
8
BLACK
6
CONTINUOUS
10
5.1159748818897635
20
-4.0339268110236217
11
5.1160359055118105
21
-4.0339471259842519
0
LINE
8
BLACK
6
CONTINUOUS
10
5.1160359055118105
20
-4.0339471259842519
11
5.1193551181102359
21
-4.0339036220472444
0
LINE
8
BLACK
6
CONTINUOUS
10
5.1193551181102359
20
-4.0339036220472444
11
5.1199311811023618
21
-4.0339603543307083
0
LINE
8
BLACK
6
CONTINUOUS
10
5.1341189763779527
20
-4.0344012598425198
11
5.1349336220472441
21
-4.0352159055118113
0
LINE
8
BLACK
6
CONTINUOUS
10
5.1349336220472441
20
-4.0352159055118113
11
5.1353745275590548
21
-4.0362803149606297
0
LINE
8
BLACK
6
CONTINUOUS
10
5.1353745275590548
20
-4.0362803149606297
11
5.1354312598425196
21
-4.0631031102362201
0
LINE
8
BLACK
6
CONTINUOUS
10
5.1354312598425196
20
-4.0631031102362201
11
5.1353745275590548
21
-4.0636791732283459
0
LINE
8
BLACK
6
CONTINUOUS
10
5.1353745275590548
20
-4.0636791732283459
11
5.1349336220472441
21
-4.0647435826771652
0
LINE
8
BLACK
6
CONTINUOUS
10
5.1349336220472441
20
-4.0647435826771652
11
5.1341189763779527
21
-4.0655582283464566
0
LINE
8
BLACK
6
CONTINUOUS
10
5.1341189763779527
20
-4.0655582283464566
11
5.1330545669291334
21
-4.0659991338582673
0
LINE
8
BLACK
6
CONTINUOUS
10
5.1330545669291334
20
-4.0659991338582673
11
5.1319024409448817
21
-4.0659991338582673
0
LINE
8
BLACK
6
CONTINUOUS
10
5.1319024409448817
20
-4.0659991338582673
11
5.1308380314960624
21
-4.0655582283464566
0
LINE
8
BLACK
6
CONTINUOUS
10
5.1308380314960624
20
-4.0655582283464566
11
5.1300233858267719
21
-4.0647435826771652
0
LINE
8
BLACK
6
CONTINUOUS
10
5.1300233858267719
20
-4.0647435826771652
11
5.1295824803149603
21
-4.0636791732283459
0
LINE
8
BLACK
6
CONTINUOUS
10
5.1295824803149603
20
-4.0636791732283459
11
5.1295257480314955
21
-4.0368563779527555
0
LINE
8
BLACK
6
CONTINUOUS
10
5.1295257480314955
20
-4.0368563779527555
11
5.1295824803149603
21
-4.0362803149606297
0
LINE
8
BLACK
6
CONTINUOUS
10
5.1295824803149603
20
-4.0362803149606297
11
5.1300233858267719
21
-4.0352159055118113
0
LINE
8
BLACK
6
CONTINUOUS
10
5.1300233858267719
20
-4.0352159055118113
11
5.1308380314960624
21
-4.0344012598425198
0
LINE
8
BLACK
6
CONTINUOUS
10
5.1308380314960624
20
-4.0344012598425198
11
5.1319024409448817
21
-4.0339603543307083
0
LINE
8
BLACK
6
CONTINUOUS
10
5.1319024409448817
20
-4.0339603543307083
11
5.1330545669291334
21
-4.0339603543307083
0
LINE
8
BLACK
6
CONTINUOUS
10
5.1330545669291334
20
-4.0339603543307083
11
5.1341189763779527
21
-4.0344012598425198
0
LINE
8
BLACK
6
CONTINUOUS
10
5.5632854724409446
20
-4.0345692913385829
11
5.5643498818897639
21
-4.0350101968503935
0
LINE
8
BLACK
6
CONTINUOUS
10
5.5643498818897639
20
-4.0350101968503935
11
5.5651645275590553
21
-4.035824842519685
0
LINE
8
BLACK
6
CONTINUOUS
10
5.5651645275590553
20
-4.035824842519685
11
5.565605433070866
21
-4.0368892519685042
0
LINE
8
BLACK
6
CONTINUOUS
10
5.565605433070866
20
-4.0368892519685042
11
5.565605433070866
21
-4.038041377952756
0
LINE
8
BLACK
6
CONTINUOUS
10
5.565605433070866
20
-4.038041377952756
11
5.5651645275590553
21
-4.0391057874015743
0
LINE
8
BLACK
6
CONTINUOUS
10
5.5651645275590553
20
-4.0391057874015743
11
5.5650191732283467
21
-4.0392511023622042
0
LINE
8
BLACK
6
CONTINUOUS
10
5.5650191732283467
20
-4.0392511023622042
11
5.5653504330708659
21
-4.0398943307086617
0
LINE
8
BLACK
6
CONTINUOUS
10
5.5653504330708659
20
-4.0398943307086617
11
5.5655573228346453
21
-4.040434921259842
0
LINE
8
BLACK
6
CONTINUOUS
10
5.5655573228346453
20
-4.040434921259842
11
5.5655648425196853
21
-4.0405407874015751
0
LINE
8
BLACK
6
CONTINUOUS
10
5.5655648425196853
20
-4.0405407874015751
11
5.565605433070866
21
-4.0406387795275593
0
LINE
8
BLACK
6
CONTINUOUS
10
5.565605433070866
20
-4.0406387795275593
11
5.5656090944881891
21
-4.041163937007874
0
LINE
8
BLACK
6
CONTINUOUS
10
5.5656090944881891
20
-4.041163937007874
11
5.5656389763779526
21
-4.0415841338582679
0
LINE
8
BLACK
6
CONTINUOUS
10
5.5656389763779526
20
-4.0415841338582679
11
5.5656125984251963
21
-4.0416631496062987
0
LINE
8
BLACK
6
CONTINUOUS
10
5.5656125984251963
20
-4.0416631496062987
11
5.5656621653543308
21
-4.0487138976377954
0
LINE
8
BLACK
6
CONTINUOUS
10
5.5656621653543308
20
-4.0487138976377954
11
5.565605433070866
21
-4.0492899606299213
0
LINE
8
BLACK
6
CONTINUOUS
10
5.565605433070866
20
-4.0492899606299213
11
5.5655648425196853
21
-4.0493879133858268
0
LINE
8
BLACK
6
CONTINUOUS
10
5.5655648425196853
20
-4.0493879133858268
11
5.5655573228346453
21
-4.0494938188976377
0
LINE
8
BLACK
6
CONTINUOUS
10
5.5655573228346453
20
-4.0494938188976377
11
5.5653089763779526
21
-4.0500055511811022
0
LINE
8
BLACK
6
CONTINUOUS
10
5.5653089763779526
20
-4.0500055511811022
11
5.5651645275590553
21
-4.0503543700787397
0
LINE
8
BLACK
6
CONTINUOUS
10
5.5651645275590553
20
-4.0503543700787397
11
5.5651164173228347
21
-4.0504024409448816
0
LINE
8
BLACK
6
CONTINUOUS
10
5.5651164173228347
20
-4.0504024409448816
11
5.5634756692913383
21
-4.0537839370078741
0
LINE
8
BLACK
6
CONTINUOUS
10
5.5634756692913383
20
-4.0537839370078741
11
5.5633195669291338
21
-4.054031929133858
0
LINE
8
BLACK
6
CONTINUOUS
10
5.5633195669291338
20
-4.054031929133858
11
5.5632897637795278
21
-4.0541038976377948
0
LINE
8
BLACK
6
CONTINUOUS
10
5.5632897637795278
20
-4.0541038976377948
11
5.5632452362204727
21
-4.0541499606299212
0
LINE
8
BLACK
6
CONTINUOUS
10
5.5632452362204727
20
-4.0541499606299212
11
5.5631673228346452
21
-4.0542738188976379
0
LINE
8
BLACK
6
CONTINUOUS
10
5.5631673228346452
20
-4.0542738188976379
11
5.5629115354330709
21
-4.0544955905511806
0
LINE
8
BLACK
6
CONTINUOUS
10
5.5629115354330709
20
-4.0544955905511806
11
5.5610477165354331
21
-4.0564261417322838
0
LINE
8
BLACK
6
CONTINUOUS
10
5.5610477165354331
20
-4.0564261417322838
11
5.560821377952756
21
-4.0566118503937005
0
LINE
8
BLACK
6
CONTINUOUS
10
5.560821377952756
20
-4.0566118503937005
11
5.5607702362204723
21
-4.0566708661417321
0
LINE
8
BLACK
6
CONTINUOUS
10
5.5607702362204723
20
-4.0566708661417321
11
5.5607146062992125
21
-4.0566994881889764
0
LINE
8
BLACK
6
CONTINUOUS
10
5.5607146062992125
20
-4.0566994881889764
11
5.5606002755905513
21
-4.0567933464566925
0
LINE
8
BLACK
6
CONTINUOUS
10
5.5606002755905513
20
-4.0567933464566925
11
5.560253346456693
21
-4.0569370078740157
0
LINE
8
BLACK
6
CONTINUOUS
10
5.560253346456693
20
-4.0569370078740157
11
5.5565308267716533
21
-4.0588539763779528
0
LINE
8
BLACK
6
CONTINUOUS
10
5.5565308267716533
20
-4.0588539763779528
11
5.5559901968503933
21
-4.0590608661417322
0
LINE
8
BLACK
6
CONTINUOUS
10
5.5559901968503933
20
-4.0590608661417322
11
5.5558843700787399
21
-4.0590683464566926
0
LINE
8
BLACK
6
CONTINUOUS
10
5.5558843700787399
20
-4.0590683464566926
11
5.5557863779527557
21
-4.0591089763779529
0
LINE
8
BLACK
6
CONTINUOUS
10
5.5557863779527557
20
-4.0591089763779529
11
5.5552787795275593
21
-4.0591113779527559
0
LINE
8
BLACK
6
CONTINUOUS
10
5.5552787795275593
20
-4.0591113779527559
11
5.5548409842519684
21
-4.0591425196850395
0
LINE
8
BLACK
6
CONTINUOUS
10
5.5548409842519684
20
-4.0591425196850395
11
5.5547551968503939
21
-4.0591138976377952
0
LINE
8
BLACK
6
CONTINUOUS
10
5.5547551968503939
20
-4.0591138976377952
11
5.5439617322834644
21
-4.0591657086614168
0
LINE
8
BLACK
6
CONTINUOUS
10
5.5439617322834644
20
-4.0591657086614168
11
5.5433856692913386
21
-4.0591089763779529
0
LINE
8
BLACK
6
CONTINUOUS
10
5.5433856692913386
20
-4.0591089763779529
11
5.5432876771653543
21
-4.0590683858267713
0
LINE
8
BLACK
6
CONTINUOUS
10
5.5432876771653543
20
-4.0590683858267713
11
5.5431818110236222
21
-4.0590608661417322
0
LINE
8
BLACK
6
CONTINUOUS
10
5.5431818110236222
20
-4.0590608661417322
11
5.542670039370079
21
-4.0588125196850395
0
LINE
8
BLACK
6
CONTINUOUS
10
5.542670039370079
20
-4.0588125196850395
11
5.5423212598425193
21
-4.0586680708661413
0
LINE
8
BLACK
6
CONTINUOUS
10
5.5423212598425193
20
-4.0586680708661413
11
5.5422731496062987
21
-4.0586199606299216
0
LINE
8
BLACK
6
CONTINUOUS
10
5.5422731496062987
20
-4.0586199606299216
11
5.5388916929133858
21
-4.0569792125984252
0
LINE
8
BLACK
6
CONTINUOUS
10
5.5388916929133858
20
-4.0569792125984252
11
5.5386436614173231
21
-4.0568231102362207
0
LINE
8
BLACK
6
CONTINUOUS
10
5.5386436614173231
20
-4.0568231102362207
11
5.5385717322834642
21
-4.0567933070866138
0
LINE
8
BLACK
6
CONTINUOUS
10
5.5385717322834642
20
-4.0567933070866138
11
5.53852562992126
21
-4.0567487795275587
0
LINE
8
BLACK
6
CONTINUOUS
10
5.53852562992126
20
-4.0567487795275587
11
5.5384018110236219
21
-4.0566708661417321
0
LINE
8
BLACK
6
CONTINUOUS
10
5.5384018110236219
20
-4.0566708661417321
11
5.5381800393700784
21
-4.0564151574803144
0
LINE
8
BLACK
6
CONTINUOUS
10
5.5381800393700784
20
-4.0564151574803144
11
5.5362495275590549
21
-4.0545513385826775
0
LINE
8
BLACK
6
CONTINUOUS
10
5.5362495275590549
20
-4.0545513385826775
11
5.5360637401574806
21
-4.0543249606299208
0
LINE
8
BLACK
6
CONTINUOUS
10
5.5360637401574806
20
-4.0543249606299208
11
5.5360047637795278
21
-4.0542738188976379
0
LINE
8
BLACK
6
CONTINUOUS
10
5.5360047637795278
20
-4.0542738188976379
11
5.5359761023622047
21
-4.0542181496062994
0
LINE
8
BLACK
6
CONTINUOUS
10
5.5359761023622047
20
-4.0542181496062994
11
5.5358823228346452
21
-4.0541038976377948
0
LINE
8
BLACK
6
CONTINUOUS
10
5.5358823228346452
20
-4.0541038976377948
11
5.535738661417323
21
-4.0537570866141728
0
LINE
8
BLACK
6
CONTINUOUS
10
5.535738661417323
20
-4.0537570866141728
11
5.5338216535433071
21
-4.050034409448819
0
LINE
8
BLACK
6
CONTINUOUS
10
5.5338216535433071
20
-4.050034409448819
11
5.5336147637795277
21
-4.049493779527559
0
LINE
8
BLACK
6
CONTINUOUS
10
5.5336147637795277
20
-4.049493779527559
11
5.5336072440944877
21
-4.0493879527559056
0
LINE
8
BLACK
6
CONTINUOUS
10
5.5336072440944877
20
-4.0493879527559056
11
5.533566653543307
21
-4.0492899606299213
0
LINE
8
BLACK
6
CONTINUOUS
10
5.533566653543307
20
-4.0492899606299213
11
5.5335629527559052
21
-4.0487647244094491
0
LINE
8
BLACK
6
CONTINUOUS
10
5.5335629527559052
20
-4.0487647244094491
11
5.5335331102362204
21
-4.048344566929134
0
LINE
8
BLACK
6
CONTINUOUS
10
5.5335331102362204
20
-4.048344566929134
11
5.5335594488188979
21
-4.0482655118110236
0
LINE
8
BLACK
6
CONTINUOUS
10
5.5335594488188979
20
-4.0482655118110236
11
5.5335099212598422
21
-4.0412148425196852
0
LINE
8
BLACK
6
CONTINUOUS
10
5.5335099212598422
20
-4.0412148425196852
11
5.533566653543307
21
-4.0406387795275593
0
LINE
8
BLACK
6
CONTINUOUS
10
5.533566653543307
20
-4.0406387795275593
11
5.5336072440944877
21
-4.0405407480314963
0
LINE
8
BLACK
6
CONTINUOUS
10
5.5336072440944877
20
-4.0405407480314963
11
5.5336147637795277
21
-4.0404349606299208
0
LINE
8
BLACK
6
CONTINUOUS
10
5.5336147637795277
20
-4.0404349606299208
11
5.5336300393700784
21
-4.0404034251968506
0
LINE
8
BLACK
6
CONTINUOUS
10
5.5336300393700784
20
-4.0404034251968506
11
5.5233393307086613
21
-4.0404180708661412
0
LINE
8
BLACK
6
CONTINUOUS
10
5.5233393307086613
20
-4.0404180708661412
11
5.5227632677165355
21
-4.0403613385826773
0
LINE
8
BLACK
6
CONTINUOUS
10
5.5227632677165355
20
-4.0403613385826773
11
5.5216988582677162
21
-4.0399204330708658
0
LINE
8
BLACK
6
CONTINUOUS
10
5.5216988582677162
20
-4.0399204330708658
11
5.5208842125984248
21
-4.0391057874015743
0
LINE
8
BLACK
6
CONTINUOUS
10
5.5208842125984248
20
-4.0391057874015743
11
5.5204433070866141
21
-4.038041377952756
0
LINE
8
BLACK
6
CONTINUOUS
10
5.5204433070866141
20
-4.038041377952756
11
5.5204433070866141
21
-4.0368892519685042
0
LINE
8
BLACK
6
CONTINUOUS
10
5.5204433070866141
20
-4.0368892519685042
11
5.5208842125984248
21
-4.035824842519685
0
LINE
8
BLACK
6
CONTINUOUS
10
5.5208842125984248
20
-4.035824842519685
11
5.5216988582677162
21
-4.0350101968503935
0
LINE
8
BLACK
6
CONTINUOUS
10
5.5216988582677162
20
-4.0350101968503935
11
5.5227632677165355
21
-4.0345692913385829
0
LINE
8
BLACK
6
CONTINUOUS
10
5.5227632677165355
20
-4.0345692913385829
11
5.5379320866141732
21
-4.0345477165354326
0
LINE
8
BLACK
6
CONTINUOUS
10
5.5379320866141732
20
-4.0345477165354326
11
5.5379681102362204
21
-4.0345357480314963
0
LINE
8
BLACK
6
CONTINUOUS
10
5.5379681102362204
20
-4.0345357480314963
11
5.5381329527559053
21
-4.0345474409448814
0
LINE
8
BLACK
6
CONTINUOUS
10
5.5381329527559053
20
-4.0345474409448814
11
5.5627094094488188
21
-4.0345125590551181
0
LINE
8
BLACK
6
CONTINUOUS
10
5.5627094094488188
20
-4.0345125590551181
11
5.5632854724409446
21
-4.0345692913385829
0
LINE
8
BLACK
6
CONTINUOUS
10
5.5401425984251969
20
-4.0403941732283464
11
5.5393681889763782
21
-4.0419902362204727
0
LINE
8
BLACK
6
CONTINUOUS
10
5.5393681889763782
20
-4.0419902362204727
11
5.5394111023622044
21
-4.0480992519685035
0
LINE
8
BLACK
6
CONTINUOUS
10
5.5394111023622044
20
-4.0480992519685035
11
5.5408057480314961
21
-4.0508075590551176
0
LINE
8
BLACK
6
CONTINUOUS
10
5.5408057480314961
20
-4.0508075590551176
11
5.5420391338582675
21
-4.0519983070866141
0
LINE
8
BLACK
6
CONTINUOUS
10
5.5420391338582675
20
-4.0519983070866141
11
5.5447432677165356
21
-4.0533103937007873
0
LINE
8
BLACK
6
CONTINUOUS
10
5.5447432677165356
20
-4.0533103937007873
11
5.554598346456693
21
-4.0532631102362204
0
LINE
8
BLACK
6
CONTINUOUS
10
5.554598346456693
20
-4.0532631102362204
11
5.5573039763779528
21
-4.0518698031496063
0
LINE
8
BLACK
6
CONTINUOUS
10
5.5573039763779528
20
-4.0518698031496063
11
5.5584947637795272
21
-4.0506364566929136
0
LINE
8
BLACK
6
CONTINUOUS
10
5.5584947637795272
20
-4.0506364566929136
11
5.5598038582677161
21
-4.0479384645669292
0
LINE
8
BLACK
6
CONTINUOUS
10
5.5598038582677161
20
-4.0479384645669292
11
5.5597609448818899
21
-4.0418294488188975
0
LINE
8
BLACK
6
CONTINUOUS
10
5.5597609448818899
20
-4.0418294488188975
11
5.559008031496063
21
-4.0403674015748035
0
LINE
8
BLACK
6
CONTINUOUS
10
5.559008031496063
20
-4.0403674015748035
11
5.5401425984251969
21
-4.0403941732283464
0
LINE
8
BLACK
6
CONTINUOUS
10
5.1338686220472436
20
-4.0211742125984253
11
5.1341189763779527
21
-4.021277913385827
0
LINE
8
BLACK
6
CONTINUOUS
10
5.1341189763779527
20
-4.021277913385827
11
5.136441181102362
21
-4.0235198818897633
0
LINE
8
BLACK
6
CONTINUOUS
10
5.136441181102362
20
-4.0235198818897633
11
5.1368083858267717
21
-4.023967322834646
0
LINE
8
BLACK
6
CONTINUOUS
10
5.1368083858267717
20
-4.023967322834646
11
5.1370344094488187
21
-4.0245129527559058
0
LINE
8
BLACK
6
CONTINUOUS
10
5.1370344094488187
20
-4.0245129527559058
11
5.1372492913385823
21
-4.0250317716535431
0
LINE
8
BLACK
6
CONTINUOUS
10
5.1372492913385823
20
-4.0250317716535431
11
5.1372492913385823
21
-4.0261838582677161
0
LINE
8
BLACK
6
CONTINUOUS
10
5.1372492913385823
20
-4.0261838582677161
11
5.1368083858267717
21
-4.0272482677165353
0
LINE
8
BLACK
6
CONTINUOUS
10
5.1368083858267717
20
-4.0272482677165353
11
5.1345664173228345
21
-4.0295704724409447
0
LINE
8
BLACK
6
CONTINUOUS
10
5.1345664173228345
20
-4.0295704724409447
11
5.1341189763779527
21
-4.0299376771653543
0
LINE
8
BLACK
6
CONTINUOUS
10
5.1341189763779527
20
-4.0299376771653543
11
5.1330545669291334
21
-4.030378582677165
0
LINE
8
BLACK
6
CONTINUOUS
10
5.1330545669291334
20
-4.030378582677165
11
5.1330545275590547
21
-4.030378582677165
0
LINE
8
BLACK
6
CONTINUOUS
10
5.1330545275590547
20
-4.030378582677165
11
5.1319024803149604
21
-4.030378582677165
0
LINE
8
BLACK
6
CONTINUOUS
10
5.1319024803149604
20
-4.030378582677165
11
5.1319024409448817
21
-4.030378582677165
0
LINE
8
BLACK
6
CONTINUOUS
10
5.1319024409448817
20
-4.030378582677165
11
5.1308380314960624
21
-4.0299376771653543
0
LINE
8
BLACK
6
CONTINUOUS
10
5.1308380314960624
20
-4.0299376771653543
11
5.1285158267716531
21
-4.0276957086614171
0
LINE
8
BLACK
6
CONTINUOUS
10
5.1285158267716531
20
-4.0276957086614171
11
5.1281486220472443
21
-4.0272482677165353
0
LINE
8
BLACK
6
CONTINUOUS
10
5.1281486220472443
20
-4.0272482677165353
11
5.1277077165354328
21
-4.0261838188976373
0
LINE
8
BLACK
6
CONTINUOUS
10
5.1277077165354328
20
-4.0261838188976373
11
5.1277077165354328
21
-4.0250317716535431
0
LINE
8
BLACK
6
CONTINUOUS
10
5.1277077165354328
20
-4.0250317716535431
11
5.1281486220472443
21
-4.023967322834646
0
LINE
8
BLACK
6
CONTINUOUS
10
5.1281486220472443
20
-4.023967322834646
11
5.1303905905511806
21
-4.0216451181102357
0
LINE
8
BLACK
6
CONTINUOUS
10
5.1303905905511806
20
-4.0216451181102357
11
5.1308380314960624
21
-4.021277913385827
0
LINE
8
BLACK
6
CONTINUOUS
10
5.1308380314960624
20
-4.021277913385827
11
5.1319024409448817
21
-4.0208370078740154
0
LINE
8
BLACK
6
CONTINUOUS
10
5.1319024409448817
20
-4.0208370078740154
11
5.1330545275590547
21
-4.0208370078740154
0
LINE
8
BLACK
6
CONTINUOUS
10
5.1330545275590547
20
-4.0208370078740154
11
5.1330545669291334
21
-4.0208370078740154
0
LINE
8
BLACK
6
CONTINUOUS
10
5.1330545669291334
20
-4.0208370078740154
11
5.1338686220472436
21
-4.0211742125984253
0
LINE
8
BLACK
6
CONTINUOUS
10
5.5464125590551179
20
-3.9989487401574801
11
5.5466798031496065
21
-3.9990594094488188
0
LINE
8
BLACK
6
CONTINUOUS
10
5.5466798031496065
20
-3.9990594094488188
11
5.5469636220472438
21
-3.999115590551181
0
LINE
8
BLACK
6
CONTINUOUS
10
5.5469636220472438
20
-3.999115590551181
11
5.5472068897637792
21
-3.9992777559055117
0
LINE
8
BLACK
6
CONTINUOUS
10
5.5472068897637792
20
-3.9992777559055117
11
5.5474769685039371
21
-3.9993896456692912
0
LINE
8
BLACK
6
CONTINUOUS
10
5.5474769685039371
20
-3.9993896456692912
11
5.5476814960629923
21
-3.9995941732283464
0
LINE
8
BLACK
6
CONTINUOUS
10
5.5476814960629923
20
-3.9995941732283464
11
5.5479222047244097
21
-3.9997546456692912
0
LINE
8
BLACK
6
CONTINUOUS
10
5.5479222047244097
20
-3.9997546456692912
11
5.5480848818897632
21
-3.9999975590551182
0
LINE
8
BLACK
6
CONTINUOUS
10
5.5480848818897632
20
-3.9999975590551182
11
5.5482916141732286
21
-4.0002042913385827
0
LINE
8
BLACK
6
CONTINUOUS
10
5.5482916141732286
20
-4.0002042913385827
11
5.5484022834645668
21
-4.0004715354330704
0
LINE
8
BLACK
6
CONTINUOUS
10
5.5484022834645668
20
-4.0004715354330704
11
5.5485633070866136
21
-4.0007119291338578
0
LINE
8
BLACK
6
CONTINUOUS
10
5.5485633070866136
20
-4.0007119291338578
11
5.5486223228346452
21
-4.0010026771653546
0
LINE
8
BLACK
6
CONTINUOUS
10
5.5486223228346452
20
-4.0010026771653546
11
5.5487325196850392
21
-4.001268700787401
0
LINE
8
BLACK
6
CONTINUOUS
10
5.5487325196850392
20
-4.001268700787401
11
5.5487325196850392
21
-4.0015454724409452
0
LINE
8
BLACK
6
CONTINUOUS
10
5.5487325196850392
20
-4.0015454724409452
11
5.5520033070866139
21
-4.0176581496062989
0
LINE
8
BLACK
6
CONTINUOUS
10
5.5520033070866139
20
-4.0176581496062989
11
5.556474488188976
21
-4.0176418503937006
0
LINE
8
BLACK
6
CONTINUOUS
10
5.556474488188976
20
-4.0176418503937006
11
5.5586818110236216
21
-4.0165051968503933
0
LINE
8
BLACK
6
CONTINUOUS
10
5.5586818110236216
20
-4.0165051968503933
11
5.5598038582677161
21
-4.0141926771653544
0
LINE
8
BLACK
6
CONTINUOUS
10
5.5598038582677161
20
-4.0141926771653544
11
5.5597609448818899
21
-4.0080836614173228
0
LINE
8
BLACK
6
CONTINUOUS
10
5.5597609448818899
20
-4.0080836614173228
11
5.5581936220472441
21
-4.0050400393700789
0
LINE
8
BLACK
6
CONTINUOUS
10
5.5581936220472441
20
-4.0050400393700789
11
5.5579867322834646
21
-4.0044994094488189
0
LINE
8
BLACK
6
CONTINUOUS
10
5.5579867322834646
20
-4.0044994094488189
11
5.5579050787401574
21
-4.0033501968503939
0
LINE
8
BLACK
6
CONTINUOUS
10
5.5579050787401574
20
-4.0033501968503939
11
5.558269409448819
21
-4.0022572440944879
0
LINE
8
BLACK
6
CONTINUOUS
10
5.558269409448819
20
-4.0022572440944879
11
5.5590242519685038
21
-4.0013868503937005
0
LINE
8
BLACK
6
CONTINUOUS
10
5.5590242519685038
20
-4.0013868503937005
11
5.5600547637795277
21
-4.0008716141732279
0
LINE
8
BLACK
6
CONTINUOUS
10
5.5600547637795277
20
-4.0008716141732279
11
5.5612039763779526
21
-4.0007899606299215
0
LINE
8
BLACK
6
CONTINUOUS
10
5.5612039763779526
20
-4.0007899606299215
11
5.5622969291338578
21
-4.0011542913385822
0
LINE
8
BLACK
6
CONTINUOUS
10
5.5622969291338578
20
-4.0011542913385822
11
5.5631673228346452
21
-4.001909133858268
0
LINE
8
BLACK
6
CONTINUOUS
10
5.5631673228346452
20
-4.001909133858268
11
5.5653504330708659
21
-4.0061485433070869
0
LINE
8
BLACK
6
CONTINUOUS
10
5.5653504330708659
20
-4.0061485433070869
11
5.5655573228346453
21
-4.0066891338582673
0
LINE
8
BLACK
6
CONTINUOUS
10
5.5655573228346453
20
-4.0066891338582673
11
5.5655648425196853
21
-4.0067950000000003
0
LINE
8
BLACK
6
CONTINUOUS
10
5.5655648425196853
20
-4.0067950000000003
11
5.565605433070866
21
-4.0068929921259846
0
LINE
8
BLACK
6
CONTINUOUS
10
5.565605433070866
20
-4.0068929921259846
11
5.5656090944881891
21
-4.0074181496062993
0
LINE
8
BLACK
6
CONTINUOUS
10
5.5656090944881891
20
-4.0074181496062993
11
5.5656389763779526
21
-4.0078383464566931
0
LINE
8
BLACK
6
CONTINUOUS
10
5.5656389763779526
20
-4.0078383464566931
11
5.5656125984251963
21
-4.0079173622047239
0
LINE
8
BLACK
6
CONTINUOUS
10
5.5656125984251963
20
-4.0079173622047239
11
5.5656621653543308
21
-4.0149681102362207
0
LINE
8
BLACK
6
CONTINUOUS
10
5.5656621653543308
20
-4.0149681102362207
11
5.565605433070866
21
-4.0155441732283466
0
LINE
8
BLACK
6
CONTINUOUS
10
5.565605433070866
20
-4.0155441732283466
11
5.5655648425196853
21
-4.0156421259842521
0
LINE
8
BLACK
6
CONTINUOUS
10
5.5655648425196853
20
-4.0156421259842521
11
5.5655573228346453
21
-4.015748031496063
0
LINE
8
BLACK
6
CONTINUOUS
10
5.5655573228346453
20
-4.015748031496063
11
5.5653089763779526
21
-4.0162597637795274
0
LINE
8
BLACK
6
CONTINUOUS
10
5.5653089763779526
20
-4.0162597637795274
11
5.5651645275590553
21
-4.0166085826771649
0
LINE
8
BLACK
6
CONTINUOUS
10
5.5651645275590553
20
-4.0166085826771649
11
5.5651164173228347
21
-4.0166566535433068
0
LINE
8
BLACK
6
CONTINUOUS
10
5.5651164173228347
20
-4.0166566535433068
11
5.5634756692913383
21
-4.0200381496062993
0
LINE
8
BLACK
6
CONTINUOUS
10
5.5634756692913383
20
-4.0200381496062993
11
5.563415
21
-4.020134488188976
0
LINE
8
BLACK
6
CONTINUOUS
10
5.563415
20
-4.020134488188976
11
5.5633998818897634
21
-4.0201799212598424
0
LINE
8
BLACK
6
CONTINUOUS
10
5.5633998818897634
20
-4.0201799212598424
11
5.5633508267716536
21
-4.0202364566929134
0
LINE
8
BLACK
6
CONTINUOUS
10
5.5633508267716536
20
-4.0202364566929134
11
5.5631673228346452
21
-4.0205280314960632
0
LINE
8
BLACK
6
CONTINUOUS
10
5.5631673228346452
20
-4.0205280314960632
11
5.5628874803149602
21
-4.0207706692913385
0
LINE
8
BLACK
6
CONTINUOUS
10
5.5628874803149602
20
-4.0207706692913385
11
5.5626449999999998
21
-4.0210503149606298
0
LINE
8
BLACK
6
CONTINUOUS
10
5.5626449999999998
20
-4.0210503149606298
11
5.562448267716535
21
-4.0211516141732284
0
LINE
8
BLACK
6
CONTINUOUS
10
5.562448267716535
20
-4.0211516141732284
11
5.5622969291338578
21
-4.021282874015748
0
LINE
8
BLACK
6
CONTINUOUS
10
5.5622969291338578
20
-4.021282874015748
11
5.5620033464566925
21
-4.0213807086614173
0
LINE
8
BLACK
6
CONTINUOUS
10
5.5620033464566925
20
-4.0213807086614173
11
5.5584055905511809
21
-4.0232334251968505
0
LINE
8
BLACK
6
CONTINUOUS
10
5.5584055905511809
20
-4.0232334251968505
11
5.5578649606299209
21
-4.0234403149606299
0
LINE
8
BLACK
6
CONTINUOUS
10
5.5578649606299209
20
-4.0234403149606299
11
5.5577591338582675
21
-4.0234477952755903
0
LINE
8
BLACK
6
CONTINUOUS
10
5.5577591338582675
20
-4.0234477952755903
11
5.5576611417322832
21
-4.0234884251968506
0
LINE
8
BLACK
6
CONTINUOUS
10
5.5576611417322832
20
-4.0234884251968506
11
5.5571622440944877
21
-4.0234902362204723
0
LINE
8
BLACK
6
CONTINUOUS
10
5.5571622440944877
20
-4.0234902362204723
11
5.5567157480314959
21
-4.0235219685039372
0
LINE
8
BLACK
6
CONTINUOUS
10
5.5567157480314959
20
-4.0235219685039372
11
5.5566264173228346
21
-4.0234921653543303
0
LINE
8
BLACK
6
CONTINUOUS
10
5.5566264173228346
20
-4.0234921653543303
11
5.5497282677165352
21
-4.0235172834645665
0
LINE
8
BLACK
6
CONTINUOUS
10
5.5497282677165352
20
-4.0235172834645665
11
5.5495890944881889
21
-4.0235451574803145
0
LINE
8
BLACK
6
CONTINUOUS
10
5.5495890944881889
20
-4.0235451574803145
11
5.5494534645669287
21
-4.0235183070866141
0
LINE
8
BLACK
6
CONTINUOUS
10
5.5494534645669287
20
-4.0235183070866141
11
5.5420869685039369
21
-4.0235451574803145
0
LINE
8
BLACK
6
CONTINUOUS
10
5.5420869685039369
20
-4.0235451574803145
11
5.541510905511811
21
-4.0234884251968506
0
LINE
8
BLACK
6
CONTINUOUS
10
5.541510905511811
20
-4.0234884251968506
11
5.5414129133858268
21
-4.023447834645669
0
LINE
8
BLACK
6
CONTINUOUS
10
5.5414129133858268
20
-4.023447834645669
11
5.5413070472440946
21
-4.0234403149606299
0
LINE
8
BLACK
6
CONTINUOUS
10
5.5413070472440946
20
-4.0234403149606299
11
5.5407952755905514
21
-4.0231919685039372
0
LINE
8
BLACK
6
CONTINUOUS
10
5.5407952755905514
20
-4.0231919685039372
11
5.5404464960629918
21
-4.023047519685039
0
LINE
8
BLACK
6
CONTINUOUS
10
5.5404464960629918
20
-4.023047519685039
11
5.5403983858267711
21
-4.0229994094488184
0
LINE
8
BLACK
6
CONTINUOUS
10
5.5403983858267711
20
-4.0229994094488184
11
5.5370169291338582
21
-4.0213586614173229
0
LINE
8
BLACK
6
CONTINUOUS
10
5.5370169291338582
20
-4.0213586614173229
11
5.5369205511811019
21
-4.0212979921259846
0
LINE
8
BLACK
6
CONTINUOUS
10
5.5369205511811019
20
-4.0212979921259846
11
5.5368751574803152
21
-4.021282874015748
0
LINE
8
BLACK
6
CONTINUOUS
10
5.5368751574803152
20
-4.021282874015748
11
5.5368185826771654
21
-4.0212338188976373
0
LINE
8
BLACK
6
CONTINUOUS
10
5.5368185826771654
20
-4.0212338188976373
11
5.5365270472440944
21
-4.0210503149606298
0
LINE
8
BLACK
6
CONTINUOUS
10
5.5365270472440944
20
-4.0210503149606298
11
5.5362844488188978
21
-4.020770590551181
0
LINE
8
BLACK
6
CONTINUOUS
10
5.5362844488188978
20
-4.020770590551181
11
5.5360047637795278
21
-4.0205280314960632
0
LINE
8
BLACK
6
CONTINUOUS
10
5.5360047637795278
20
-4.0205280314960632
11
5.5359033858267717
21
-4.0203311811023621
0
LINE
8
BLACK
6
CONTINUOUS
10
5.5359033858267717
20
-4.0203311811023621
11
5.5357722047244096
21
-4.0201799212598424
0
LINE
8
BLACK
6
CONTINUOUS
10
5.5357722047244096
20
-4.0201799212598424
11
5.5356743700787403
21
-4.0198864173228346
0
LINE
8
BLACK
6
CONTINUOUS
10
5.5356743700787403
20
-4.0198864173228346
11
5.5338216535433071
21
-4.0162886220472442
0
LINE
8
BLACK
6
CONTINUOUS
10
5.5338216535433071
20
-4.0162886220472442
11
5.5336147637795277
21
-4.0157479921259842
0
LINE
8
BLACK
6
CONTINUOUS
10
5.5336147637795277
20
-4.0157479921259842
11
5.5336072440944877
21
-4.0156421653543308
0
LINE
8
BLACK
6
CONTINUOUS
10
5.5336072440944877
20
-4.0156421653543308
11
5.533566653543307
21
-4.0155441732283466
0
LINE
8
BLACK
6
CONTINUOUS
10
5.533566653543307
20
-4.0155441732283466
11
5.5335629527559052
21
-4.0150189370078735
0
LINE
8
BLACK
6
CONTINUOUS
10
5.5335629527559052
20
-4.0150189370078735
11
5.5335331102362204
21
-4.0145987795275593
0
LINE
8
BLACK
6
CONTINUOUS
10
5.5335331102362204
20
-4.0145987795275593
11
5.5335594488188979
21
-4.0145197244094488
0
LINE
8
BLACK
6
CONTINUOUS
10
5.5335594488188979
20
-4.0145197244094488
11
5.5335099212598422
21
-4.0074690551181105
0
LINE
8
BLACK
6
CONTINUOUS
10
5.5335099212598422
20
-4.0074690551181105
11
5.533566653543307
21
-4.0068929921259846
0
LINE
8
BLACK
6
CONTINUOUS
10
5.533566653543307
20
-4.0068929921259846
11
5.5336072440944877
21
-4.0067949606299216
0
LINE
8
BLACK
6
CONTINUOUS
10
5.5336072440944877
20
-4.0067949606299216
11
5.5336147637795277
21
-4.0066891732283461
0
LINE
8
BLACK
6
CONTINUOUS
10
5.5336147637795277
20
-4.0066891732283461
11
5.5338629527559053
21
-4.0061775984251966
0
LINE
8
BLACK
6
CONTINUOUS
10
5.5338629527559053
20
-4.0061775984251966
11
5.5340075590551177
21
-4.0058285826771654
0
LINE
8
BLACK
6
CONTINUOUS
10
5.5340075590551177
20
-4.0058285826771654
11
5.5340556692913383
21
-4.005780433070866
0
LINE
8
BLACK
6
CONTINUOUS
10
5.5340556692913383
20
-4.005780433070866
11
5.5356964173228347
21
-4.0023990157480318
0
LINE
8
BLACK
6
CONTINUOUS
10
5.5356964173228347
20
-4.0023990157480318
11
5.5357570472440942
21
-4.0023026377952755
0
LINE
8
BLACK
6
CONTINUOUS
10
5.5357570472440942
20
-4.0023026377952755
11
5.5357722047244096
21
-4.0022572440944879
0
LINE
8
BLACK
6
CONTINUOUS
10
5.5357722047244096
20
-4.0022572440944879
11
5.5358212204724406
21
-4.0022006692913381
0
LINE
8
BLACK
6
CONTINUOUS
10
5.5358212204724406
20
-4.0022006692913381
11
5.5360047637795278
21
-4.001909133858268
0
LINE
8
BLACK
6
CONTINUOUS
10
5.5360047637795278
20
-4.001909133858268
11
5.5362844488188978
21
-4.0016665354330705
0
LINE
8
BLACK
6
CONTINUOUS
10
5.5362844488188978
20
-4.0016665354330705
11
5.5365270472440944
21
-4.0013868503937005
0
LINE
8
BLACK
6
CONTINUOUS
10
5.5365270472440944
20
-4.0013868503937005
11
5.5367238582677167
21
-4.0012854724409452
0
LINE
8
BLACK
6
CONTINUOUS
10
5.5367238582677167
20
-4.0012854724409452
11
5.5368751574803152
21
-4.0011542913385822
0
LINE
8
BLACK
6
CONTINUOUS
10
5.5368751574803152
20
-4.0011542913385822
11
5.5371686220472442
21
-4.001056456692913
0
LINE
8
BLACK
6
CONTINUOUS
10
5.5371686220472442
20
-4.001056456692913
11
5.5407664566929133
21
-3.9992037401574803
0
LINE
8
BLACK
6
CONTINUOUS
10
5.5407664566929133
20
-3.9992037401574803
11
5.5413070472440946
21
-3.9989968503937008
0
LINE
8
BLACK
6
CONTINUOUS
10
5.5413070472440946
20
-3.9989968503937008
11
5.5414129133858268
21
-3.9989892913385825
0
LINE
8
BLACK
6
CONTINUOUS
10
5.5414129133858268
20
-3.9989892913385825
11
5.541510905511811
21
-3.9989487401574801
0
LINE
8
BLACK
6
CONTINUOUS
10
5.541510905511811
20
-3.9989487401574801
11
5.5420912598425192
21
-3.9989411023622048
0
LINE
8
BLACK
6
CONTINUOUS
10
5.5420912598425192
20
-3.9989411023622048
11
5.5424562598425196
21
-3.9989151968503935
0
LINE
8
BLACK
6
CONTINUOUS
10
5.5424562598425196
20
-3.9989151968503935
11
5.5425172834645666
21
-3.9989355118110237
0
LINE
8
BLACK
6
CONTINUOUS
10
5.5425172834645666
20
-3.9989355118110237
11
5.5458331889763777
21
-3.9988920472440945
0
LINE
8
BLACK
6
CONTINUOUS
10
5.5458331889763777
20
-3.9988920472440945
11
5.5458334251968502
21
-3.9988920078740158
0
LINE
8
BLACK
6
CONTINUOUS
10
5.5458334251968502
20
-3.9988920078740158
11
5.5458335826771652
21
-3.9988920078740158
0
LINE
8
BLACK
6
CONTINUOUS
10
5.5458335826771652
20
-3.9988920078740158
11
5.545836496062992
21
-3.9988920078740158
0
LINE
8
BLACK
6
CONTINUOUS
10
5.545836496062992
20
-3.9988920078740158
11
5.5464125590551179
21
-3.9989487401574801
0
LINE
8
BLACK
6
CONTINUOUS
10
5.5427090551181104
20
-4.0047893307086611
11
5.5404902755905514
21
-4.0059319291338582
0
LINE
8
BLACK
6
CONTINUOUS
10
5.5404902755905514
20
-4.0059319291338582
11
5.5393681889763782
21
-4.008244448818898
0
LINE
8
BLACK
6
CONTINUOUS
10
5.5393681889763782
20
-4.008244448818898
11
5.5394111023622044
21
-4.0143534645669288
0
LINE
8
BLACK
6
CONTINUOUS
10
5.5394111023622044
20
-4.0143534645669288
11
5.5405498425196846
21
-4.0165648031496062
0
LINE
8
BLACK
6
CONTINUOUS
10
5.5405498425196846
20
-4.0165648031496062
11
5.5428716929133861
21
-4.0176914173228342
0
LINE
8
BLACK
6
CONTINUOUS
10
5.5428716929133861
20
-4.0176914173228342
11
5.5460379921259841
21
-4.0176798818897641
0
LINE
8
BLACK
6
CONTINUOUS
10
5.5460379921259841
20
-4.0176798818897641
11
5.5434193307086614
21
-4.004780039370079
0
LINE
8
BLACK
6
CONTINUOUS
10
5.5434193307086614
20
-4.004780039370079
11
5.5427090551181104
21
-4.0047893307086611
0
LINE
8
BLACK
6
CONTINUOUS
10
5.5381031496062993
20
-3.9712681496062991
11
5.5389177952755908
21
-3.9720827952755906
0
LINE
8
BLACK
6
CONTINUOUS
10
5.5389177952755908
20
-3.9720827952755906
11
5.5393587007874014
21
-3.9731472047244094
0
LINE
8
BLACK
6
CONTINUOUS
10
5.5393587007874014
20
-3.9731472047244094
11
5.5394072440944884
21
-3.9768506692913386
0
LINE
8
BLACK
6
CONTINUOUS
10
5.5394072440944884
20
-3.9768506692913386
11
5.5408057480314961
21
-3.9795664566929134
0
LINE
8
BLACK
6
CONTINUOUS
10
5.5408057480314961
20
-3.9795664566929134
11
5.5420391338582675
21
-3.9807572047244095
0
LINE
8
BLACK
6
CONTINUOUS
10
5.5420391338582675
20
-3.9807572047244095
11
5.5447181889763781
21
-3.9820571259842521
0
LINE
8
BLACK
6
CONTINUOUS
10
5.5447181889763781
20
-3.9820571259842521
11
5.5627094094488188
21
-3.982019094488189
0
LINE
8
BLACK
6
CONTINUOUS
10
5.5627094094488188
20
-3.982019094488189
11
5.5632854724409446
21
-3.9820758267716534
0
LINE
8
BLACK
6
CONTINUOUS
10
5.5632854724409446
20
-3.9820758267716534
11
5.5643498818897639
21
-3.9825167322834645
0
LINE
8
BLACK
6
CONTINUOUS
10
5.5643498818897639
20
-3.9825167322834645
11
5.5651645275590553
21
-3.9833313779527559
0
LINE
8
BLACK
6
CONTINUOUS
10
5.5651645275590553
20
-3.9833313779527559
11
5.565605433070866
21
-3.9843957874015747
0
LINE
8
BLACK
6
CONTINUOUS
10
5.565605433070866
20
-3.9843957874015747
11
5.565605433070866
21
-3.9855479133858265
0
LINE
8
BLACK
6
CONTINUOUS
10
5.565605433070866
20
-3.9855479133858265
11
5.5651645275590553
21
-3.9866123228346457
0
LINE
8
BLACK
6
CONTINUOUS
10
5.5651645275590553
20
-3.9866123228346457
11
5.5643498818897639
21
-3.9874269685039367
0
LINE
8
BLACK
6
CONTINUOUS
10
5.5643498818897639
20
-3.9874269685039367
11
5.5632854724409446
21
-3.9878678740157478
0
LINE
8
BLACK
6
CONTINUOUS
10
5.5632854724409446
20
-3.9878678740157478
11
5.5364626771653542
21
-3.9879246062992126
0
LINE
8
BLACK
6
CONTINUOUS
10
5.5364626771653542
20
-3.9879246062992126
11
5.5358866141732284
21
-3.9878678740157478
0
LINE
8
BLACK
6
CONTINUOUS
10
5.5358866141732284
20
-3.9878678740157478
11
5.5348222047244091
21
-3.9874269685039367
0
LINE
8
BLACK
6
CONTINUOUS
10
5.5348222047244091
20
-3.9874269685039367
11
5.5340075590551177
21
-3.9866123228346457
0
LINE
8
BLACK
6
CONTINUOUS
10
5.5340075590551177
20
-3.9866123228346457
11
5.533566653543307
21
-3.9855479133858265
0
LINE
8
BLACK
6
CONTINUOUS
10
5.533566653543307
20
-3.9855479133858265
11
5.533566653543307
21
-3.9843957874015747
0
LINE
8
BLACK
6
CONTINUOUS
10
5.533566653543307
20
-3.9843957874015747
11
5.5340075590551177
21
-3.9833313779527559
0
LINE
8
BLACK
6
CONTINUOUS
10
5.5340075590551177
20
-3.9833313779527559
11
5.5348222047244091
21
-3.9825167322834645
0
LINE
8
BLACK
6
CONTINUOUS
10
5.5348222047244091
20
-3.9825167322834645
11
5.535577834645669
21
-3.9822037007874016
0
LINE
8
BLACK
6
CONTINUOUS
10
5.535577834645669
20
-3.9822037007874016
11
5.5338216535433071
21
-3.9787933070866139
0
LINE
8
BLACK
6
CONTINUOUS
10
5.5338216535433071
20
-3.9787933070866139
11
5.5336147637795277
21
-3.9782526771653544
0
LINE
8
BLACK
6
CONTINUOUS
10
5.5336147637795277
20
-3.9782526771653544
11
5.5336072440944877
21
-3.9781468503937005
0
LINE
8
BLACK
6
CONTINUOUS
10
5.5336072440944877
20
-3.9781468503937005
11
5.533566653543307
21
-3.9780488582677163
0
LINE
8
BLACK
6
CONTINUOUS
10
5.533566653543307
20
-3.9780488582677163
11
5.5335590157480317
21
-3.9774683858267714
0
LINE
8
BLACK
6
CONTINUOUS
10
5.5335590157480317
20
-3.9774683858267714
11
5.5335331102362204
21
-3.977103464566929
0
LINE
8
BLACK
6
CONTINUOUS
10
5.5335331102362204
20
-3.977103464566929
11
5.5335534251968506
21
-3.9770424015748032
0
LINE
8
BLACK
6
CONTINUOUS
10
5.5335534251968506
20
-3.9770424015748032
11
5.5335099212598422
21
-3.9737232677165353
0
LINE
8
BLACK
6
CONTINUOUS
10
5.5335099212598422
20
-3.9737232677165353
11
5.533566653543307
21
-3.9731472047244094
0
LINE
8
BLACK
6
CONTINUOUS
10
5.533566653543307
20
-3.9731472047244094
11
5.5340075590551177
21
-3.9720827952755906
0
LINE
8
BLACK
6
CONTINUOUS
10
5.5340075590551177
20
-3.9720827952755906
11
5.5348222047244091
21
-3.9712681496062991
0
LINE
8
BLACK
6
CONTINUOUS
10
5.5348222047244091
20
-3.9712681496062991
11
5.5358866141732284
21
-3.9708272440944881
0
LINE
8
BLACK
6
CONTINUOUS
10
5.5358866141732284
20
-3.9708272440944881
11
5.5370387401574801
21
-3.9708272440944881
0
LINE
8
BLACK
6
CONTINUOUS
10
5.5370387401574801
20
-3.9708272440944881
11
5.5381031496062993
21
-3.9712681496062991
0
LINE
8
BLACK
6
CONTINUOUS
10
5.5517523228346457
20
-3.9464272440944881
11
5.5518300787401573
21
-3.9464217322834645
0
LINE
8
BLACK
6
CONTINUOUS
10
5.5518300787401573
20
-3.9464217322834645
11
5.5518885826771651
21
-3.9464406692913383
0
LINE
8
BLACK
6
CONTINUOUS
10
5.5518885826771651
20
-3.9464406692913383
11
5.5520368503937005
21
-3.9464552755905511
0
LINE
8
BLACK
6
CONTINUOUS
10
5.5520368503937005
20
-3.9464552755905511
11
5.5524054724409444
21
-3.9466079527559055
0
LINE
8
BLACK
6
CONTINUOUS
10
5.5524054724409444
20
-3.9466079527559055
11
5.5580188188976374
21
-3.9484248425196848
0
LINE
8
BLACK
6
CONTINUOUS
10
5.5580188188976374
20
-3.9484248425196848
11
5.5585473622047239
21
-3.9486608267716536
0
LINE
8
BLACK
6
CONTINUOUS
10
5.5585473622047239
20
-3.9486608267716536
11
5.5586274409448819
21
-3.9487302755905511
0
LINE
8
BLACK
6
CONTINUOUS
10
5.5586274409448819
20
-3.9487302755905511
11
5.5587255118110237
21
-3.948770905511811
0
LINE
8
BLACK
6
CONTINUOUS
10
5.5587255118110237
20
-3.948770905511811
11
5.5591168503937007
21
-3.9491547244094489
0
LINE
8
BLACK
6
CONTINUOUS
10
5.5591168503937007
20
-3.9491547244094489
11
5.5594177165354326
21
-3.9494157086614172
0
LINE
8
BLACK
6
CONTINUOUS
10
5.5594177165354326
20
-3.9494157086614172
11
5.5594512204724404
21
-3.9494827165354329
0
LINE
8
BLACK
6
CONTINUOUS
10
5.5594512204724404
20
-3.9494827165354329
11
5.5629225590551181
21
-3.9528876771653541
0
LINE
8
BLACK
6
CONTINUOUS
10
5.5629225590551181
20
-3.9528876771653541
11
5.5632898031496065
21
-3.9533351181102363
0
LINE
8
BLACK
6
CONTINUOUS
10
5.5632898031496065
20
-3.9533351181102363
11
5.5633303937007872
21
-3.9534331496062993
0
LINE
8
BLACK
6
CONTINUOUS
10
5.5633303937007872
20
-3.9534331496062993
11
5.5633998818897634
21
-3.9535132677165352
0
LINE
8
BLACK
6
CONTINUOUS
10
5.5633998818897634
20
-3.9535132677165352
11
5.5635748818897639
21
-3.9540234251968505
0
LINE
8
BLACK
6
CONTINUOUS
10
5.5635748818897639
20
-3.9540234251968505
11
5.5637306692913384
21
-3.9543995275590551
0
LINE
8
BLACK
6
CONTINUOUS
10
5.5637306692913384
20
-3.9543995275590551
11
5.5637306692913384
21
-3.9544774803149605
0
LINE
8
BLACK
6
CONTINUOUS
10
5.5637306692913384
20
-3.9544774803149605
11
5.5655106299212598
21
-3.9596661023622048
0
LINE
8
BLACK
6
CONTINUOUS
10
5.5655106299212598
20
-3.9596661023622048
11
5.5655755511811025
21
-3.9599517322834643
0
LINE
8
BLACK
6
CONTINUOUS
10
5.5655755511811025
20
-3.9599517322834643
11
5.565605433070866
21
-3.9600238188976378
0
LINE
8
BLACK
6
CONTINUOUS
10
5.565605433070866
20
-3.9600238188976378
11
5.565606220472441
21
-3.960086653543307
0
LINE
8
BLACK
6
CONTINUOUS
10
5.565606220472441
20
-3.960086653543307
11
5.5656389763779526
21
-3.9602305511811022
0
LINE
8
BLACK
6
CONTINUOUS
10
5.5656389763779526
20
-3.9602305511811022
11
5.5656129133858263
21
-3.9605966929133856
0
LINE
8
BLACK
6
CONTINUOUS
10
5.5656129133858263
20
-3.9605966929133856
11
5.5656621653543308
21
-3.9643494094488188
0
LINE
8
BLACK
6
CONTINUOUS
10
5.5656621653543308
20
-3.9643494094488188
11
5.565605433070866
21
-3.9649254724409446
0
LINE
8
BLACK
6
CONTINUOUS
10
5.565605433070866
20
-3.9649254724409446
11
5.5651645275590553
21
-3.9659898818897639
0
LINE
8
BLACK
6
CONTINUOUS
10
5.5651645275590553
20
-3.9659898818897639
11
5.5643498818897639
21
-3.9668045275590549
0
LINE
8
BLACK
6
CONTINUOUS
10
5.5643498818897639
20
-3.9668045275590549
11
5.5632854724409446
21
-3.967245433070866
0
LINE
8
BLACK
6
CONTINUOUS
10
5.5632854724409446
20
-3.967245433070866
11
5.5621333464566929
21
-3.967245433070866
0
LINE
8
BLACK
6
CONTINUOUS
10
5.5621333464566929
20
-3.967245433070866
11
5.5610689370078736
21
-3.9668045275590549
0
LINE
8
BLACK
6
CONTINUOUS
10
5.5610689370078736
20
-3.9668045275590549
11
5.5602542913385822
21
-3.9659898818897639
0
LINE
8
BLACK
6
CONTINUOUS
10
5.5602542913385822
20
-3.9659898818897639
11
5.5598133858267715
21
-3.9649254724409446
0
LINE
8
BLACK
6
CONTINUOUS
10
5.5598133858267715
20
-3.9649254724409446
11
5.5597611811023624
21
-3.960945748031496
0
LINE
8
BLACK
6
CONTINUOUS
10
5.5597611811023624
20
-3.960945748031496
11
5.5582313385826767
21
-3.9564862992125982
0
LINE
8
BLACK
6
CONTINUOUS
10
5.5582313385826767
20
-3.9564862992125982
11
5.5554314173228345
21
-3.9537399212598423
0
LINE
8
BLACK
6
CONTINUOUS
10
5.5554314173228345
20
-3.9537399212598423
11
5.5508273228346452
21
-3.9522496850393698
0
LINE
8
BLACK
6
CONTINUOUS
10
5.5508273228346452
20
-3.9522496850393698
11
5.5233393307086613
21
-3.9523040551181103
0
LINE
8
BLACK
6
CONTINUOUS
10
5.5233393307086613
20
-3.9523040551181103
11
5.5227632677165355
21
-3.9522473228346455
0
LINE
8
BLACK
6
CONTINUOUS
10
5.5227632677165355
20
-3.9522473228346455
11
5.5216988582677162
21
-3.9518064173228344
0
LINE
8
BLACK
6
CONTINUOUS
10
5.5216988582677162
20
-3.9518064173228344
11
5.5208842125984248
21
-3.9509917716535434
0
LINE
8
BLACK
6
CONTINUOUS
10
5.5208842125984248
20
-3.9509917716535434
11
5.5204433070866141
21
-3.9499273622047242
0
LINE
8
BLACK
6
CONTINUOUS
10
5.5204433070866141
20
-3.9499273622047242
11
5.5204433070866141
21
-3.9487752362204724
0
LINE
8
BLACK
6
CONTINUOUS
10
5.5204433070866141
20
-3.9487752362204724
11
5.5208842125984248
21
-3.9477108267716536
0
LINE
8
BLACK
6
CONTINUOUS
10
5.5208842125984248
20
-3.9477108267716536
11
5.5216988582677162
21
-3.9468961811023622
0
LINE
8
BLACK
6
CONTINUOUS
10
5.5216988582677162
20
-3.9468961811023622
11
5.5227632677165355
21
-3.9464552755905511
0
LINE
8
BLACK
6
CONTINUOUS
10
5.5227632677165355
20
-3.9464552755905511
11
5.5514607874015747
21
-3.9463985433070867
0
LINE
8
BLACK
6
CONTINUOUS
10
5.5514607874015747
20
-3.9463985433070867
11
5.5517523228346457
21
-3.9464272440944881
0
LINE
8
BLACK
6
CONTINUOUS
10
5.5632854724409446
20
-3.9108347244094488
11
5.5643498818897639
21
-3.9112756299212599
0
LINE
8
BLACK
6
CONTINUOUS
10
5.5643498818897639
20
-3.9112756299212599
11
5.5651645275590553
21
-3.9120902755905509
0
LINE
8
BLACK
6
CONTINUOUS
10
5.5651645275590553
20
-3.9120902755905509
11
5.565605433070866
21
-3.9131546850393701
0
LINE
8
BLACK
6
CONTINUOUS
10
5.565605433070866
20
-3.9131546850393701
11
5.565605433070866
21
-3.9143068110236219
0
LINE
8
BLACK
6
CONTINUOUS
10
5.565605433070866
20
-3.9143068110236219
11
5.5651645275590553
21
-3.9153712204724407
0
LINE
8
BLACK
6
CONTINUOUS
10
5.5651645275590553
20
-3.9153712204724407
11
5.5643819291338579
21
-3.9161537795275589
0
LINE
8
BLACK
6
CONTINUOUS
10
5.5643819291338579
20
-3.9161537795275589
11
5.5653504330708659
21
-3.9180345275590551
0
LINE
8
BLACK
6
CONTINUOUS
10
5.5653504330708659
20
-3.9180345275590551
11
5.5655573228346453
21
-3.918575118110236
0
LINE
8
BLACK
6
CONTINUOUS
10
5.5655573228346453
20
-3.918575118110236
11
5.5655648425196853
21
-3.9186809842519685
0
LINE
8
BLACK
6
CONTINUOUS
10
5.5655648425196853
20
-3.9186809842519685
11
5.565605433070866
21
-3.9187789763779528
0
LINE
8
BLACK
6
CONTINUOUS
10
5.565605433070866
20
-3.9187789763779528
11
5.565610393700787
21
-3.9193221653543304
0
LINE
8
BLACK
6
CONTINUOUS
10
5.565610393700787
20
-3.9193221653543304
11
5.5656389763779526
21
-3.9197243307086613
0
LINE
8
BLACK
6
CONTINUOUS
10
5.5656389763779526
20
-3.9197243307086613
11
5.5656147244094489
21
-3.9197970078740156
0
LINE
8
BLACK
6
CONTINUOUS
10
5.5656147244094489
20
-3.9197970078740156
11
5.5656621653543308
21
-3.9249793307086613
0
LINE
8
BLACK
6
CONTINUOUS
10
5.5656621653543308
20
-3.9249793307086613
11
5.565605433070866
21
-3.9255553937007872
0
LINE
8
BLACK
6
CONTINUOUS
10
5.565605433070866
20
-3.9255553937007872
11
5.5655648425196853
21
-3.9256533464566927
0
LINE
8
BLACK
6
CONTINUOUS
10
5.5655648425196853
20
-3.9256533464566927
11
5.5655573228346453
21
-3.9257592519685041
0
LINE
8
BLACK
6
CONTINUOUS
10
5.5655573228346453
20
-3.9257592519685041
11
5.5653089763779526
21
-3.9262709842519685
0
LINE
8
BLACK
6
CONTINUOUS
10
5.5653089763779526
20
-3.9262709842519685
11
5.5651645275590553
21
-3.926619803149606
0
LINE
8
BLACK
6
CONTINUOUS
10
5.5651645275590553
20
-3.926619803149606
11
5.5651164173228347
21
-3.9266678740157479
0
LINE
8
BLACK
6
CONTINUOUS
10
5.5651164173228347
20
-3.9266678740157479
11
5.5634756692913383
21
-3.93004937007874
0
LINE
8
BLACK
6
CONTINUOUS
10
5.5634756692913383
20
-3.93004937007874
11
5.563415
21
-3.9301457086614171
0
LINE
8
BLACK
6
CONTINUOUS
10
5.563415
20
-3.9301457086614171
11
5.5633998818897634
21
-3.9301911417322835
0
LINE
8
BLACK
6
CONTINUOUS
10
5.5633998818897634
20
-3.9301911417322835
11
5.5633508267716536
21
-3.9302476771653541
0
LINE
8
BLACK
6
CONTINUOUS
10
5.5633508267716536
20
-3.9302476771653541
11
5.5631673228346452
21
-3.9305392519685038
0
LINE
8
BLACK
6
CONTINUOUS
10
5.5631673228346452
20
-3.9305392519685038
11
5.5628874803149602
21
-3.9307818897637796
0
LINE
8
BLACK
6
CONTINUOUS
10
5.5628874803149602
20
-3.9307818897637796
11
5.5626449999999998
21
-3.9310615354330709
0
LINE
8
BLACK
6
CONTINUOUS
10
5.5626449999999998
20
-3.9310615354330709
11
5.562448267716535
21
-3.9311628346456691
0
LINE
8
BLACK
6
CONTINUOUS
10
5.562448267716535
20
-3.9311628346456691
11
5.5622969291338578
21
-3.9312940944881887
0
LINE
8
BLACK
6
CONTINUOUS
10
5.5622969291338578
20
-3.9312940944881887
11
5.5620033464566925
21
-3.9313919291338584
0
LINE
8
BLACK
6
CONTINUOUS
10
5.5620033464566925
20
-3.9313919291338584
11
5.5584055905511809
21
-3.9332446456692911
0
LINE
8
BLACK
6
CONTINUOUS
10
5.5584055905511809
20
-3.9332446456692911
11
5.5578649606299209
21
-3.9334515354330706
0
LINE
8
BLACK
6
CONTINUOUS
10
5.5578649606299209
20
-3.9334515354330706
11
5.5577591338582675
21
-3.9334590157480314
0
LINE
8
BLACK
6
CONTINUOUS
10
5.5577591338582675
20
-3.9334590157480314
11
5.5576611417322832
21
-3.9334996456692912
0
LINE
8
BLACK
6
CONTINUOUS
10
5.5576611417322832
20
-3.9334996456692912
11
5.5571692913385826
21
-3.9335009448818896
0
LINE
8
BLACK
6
CONTINUOUS
10
5.5571692913385826
20
-3.9335009448818896
11
5.5567157480314959
21
-3.9335331889763778
0
LINE
8
BLACK
6
CONTINUOUS
10
5.5567157480314959
20
-3.9335331889763778
11
5.5566234251968503
21
-3.933502401574803
0
LINE
8
BLACK
6
CONTINUOUS
10
5.5566234251968503
20
-3.933502401574803
11
5.5364626771653542
21
-3.933556377952756
0
LINE
8
BLACK
6
CONTINUOUS
10
5.5364626771653542
20
-3.933556377952756
11
5.5358866141732284
21
-3.9334996456692912
0
LINE
8
BLACK
6
CONTINUOUS
10
5.5358866141732284
20
-3.9334996456692912
11
5.5348222047244091
21
-3.9330587401574801
0
LINE
8
BLACK
6
CONTINUOUS
10
5.5348222047244091
20
-3.9330587401574801
11
5.5340075590551177
21
-3.9322440944881887
0
LINE
8
BLACK
6
CONTINUOUS
10
5.5340075590551177
20
-3.9322440944881887
11
5.533566653543307
21
-3.9311796850393699
0
LINE
8
BLACK
6
CONTINUOUS
10
5.533566653543307
20
-3.9311796850393699
11
5.533566653543307
21
-3.9300275590551181
0
LINE
8
BLACK
6
CONTINUOUS
10
5.533566653543307
20
-3.9300275590551181
11
5.5340075590551177
21
-3.9289631496062993
0
LINE
8
BLACK
6
CONTINUOUS
10
5.5340075590551177
20
-3.9289631496062993
11
5.5348222047244091
21
-3.9281485039370079
0
LINE
8
BLACK
6
CONTINUOUS
10
5.5348222047244091
20
-3.9281485039370079
11
5.5358866141732284
21
-3.9277075984251968
0
LINE
8
BLACK
6
CONTINUOUS
10
5.5358866141732284
20
-3.9277075984251968
11
5.5564756299212599
21
-3.9276524803149604
0
LINE
8
BLACK
6
CONTINUOUS
10
5.5564756299212599
20
-3.9276524803149604
11
5.5586818110236216
21
-3.9265164173228344
0
LINE
8
BLACK
6
CONTINUOUS
10
5.5586818110236216
20
-3.9265164173228344
11
5.5598010629921255
21
-3.9242097244094487
0
LINE
8
BLACK
6
CONTINUOUS
10
5.5598010629921255
20
-3.9242097244094487
11
5.5597622834645666
21
-3.9199722440944882
0
LINE
8
BLACK
6
CONTINUOUS
10
5.5597622834645666
20
-3.9199722440944882
11
5.5583662992125982
21
-3.9172613779527556
0
LINE
8
BLACK
6
CONTINUOUS
10
5.5583662992125982
20
-3.9172613779527556
11
5.5577211417322836
21
-3.916638503937008
0
LINE
8
BLACK
6
CONTINUOUS
10
5.5577211417322836
20
-3.916638503937008
11
5.5364626771653542
21
-3.9166835039370076
0
LINE
8
BLACK
6
CONTINUOUS
10
5.5364626771653542
20
-3.9166835039370076
11
5.5358866141732284
21
-3.9166267716535432
0
LINE
8
BLACK
6
CONTINUOUS
10
5.5358866141732284
20
-3.9166267716535432
11
5.5348222047244091
21
-3.9161858661417321
0
LINE
8
BLACK
6
CONTINUOUS
10
5.5348222047244091
20
-3.9161858661417321
11
5.5340075590551177
21
-3.9153712204724407
0
LINE
8
BLACK
6
CONTINUOUS
10
5.5340075590551177
20
-3.9153712204724407
11
5.533566653543307
21
-3.9143068110236219
0
LINE
8
BLACK
6
CONTINUOUS
10
5.533566653543307
20
-3.9143068110236219
11
5.533566653543307
21
-3.9131546850393701
0
LINE
8
BLACK
6
CONTINUOUS
10
5.533566653543307
20
-3.9131546850393701
11
5.5340075590551177
21
-3.9120902755905509
0
LINE
8
BLACK
6
CONTINUOUS
10
5.5340075590551177
20
-3.9120902755905509
11
5.5348222047244091
21
-3.9112756299212599
0
LINE
8
BLACK
6
CONTINUOUS
10
5.5348222047244091
20
-3.9112756299212599
11
5.5358866141732284
21
-3.9108347244094488
0
LINE
8
BLACK
6
CONTINUOUS
10
5.5358866141732284
20
-3.9108347244094488
11
5.5627094094488188
21
-3.910777992125984
0
LINE
8
BLACK
6
CONTINUOUS
10
5.5627094094488188
20
-3.910777992125984
11
5.5632854724409446
21
-3.9108347244094488
0
LINE
8
BLACK
6
CONTINUOUS
10
5.5632854724409446
20
-3.8583412598425197
11
5.5643498818897639
21
-3.8587821653543308
0
LINE
8
BLACK
6
CONTINUOUS
10
5.5643498818897639
20
-3.8587821653543308
11
5.5651645275590553
21
-3.8595968110236218
0
LINE
8
BLACK
6
CONTINUOUS
10
5.5651645275590553
20
-3.8595968110236218
11
5.565605433070866
21
-3.8606612204724406
0
LINE
8
BLACK
6
CONTINUOUS
10
5.565605433070866
20
-3.8606612204724406
11
5.565605433070866
21
-3.8618133464566928
0
LINE
8
BLACK
6
CONTINUOUS
10
5.565605433070866
20
-3.8618133464566928
11
5.5651645275590553
21
-3.8628777559055116
0
LINE
8
BLACK
6
CONTINUOUS
10
5.5651645275590553
20
-3.8628777559055116
11
5.5643498818897639
21
-3.8636924015748031
0
LINE
8
BLACK
6
CONTINUOUS
10
5.5643498818897639
20
-3.8636924015748031
11
5.5632854724409446
21
-3.8641333070866142
0
LINE
8
BLACK
6
CONTINUOUS
10
5.5632854724409446
20
-3.8641333070866142
11
5.5426963779527556
21
-3.8641883858267714
0
LINE
8
BLACK
6
CONTINUOUS
10
5.5426963779527556
20
-3.8641883858267714
11
5.5404902362204727
21
-3.8653244488188974
0
LINE
8
BLACK
6
CONTINUOUS
10
5.5404902362204727
20
-3.8653244488188974
11
5.5393709842519687
21
-3.8676311811023623
0
LINE
8
BLACK
6
CONTINUOUS
10
5.5393709842519687
20
-3.8676311811023623
11
5.5394097637795277
21
-3.8718686614173228
0
LINE
8
BLACK
6
CONTINUOUS
10
5.5394097637795277
20
-3.8718686614173228
11
5.5405498425196846
21
-3.874082598425197
0
LINE
8
BLACK
6
CONTINUOUS
10
5.5405498425196846
20
-3.874082598425197
11
5.5428744094488192
21
-3.8752105118110234
0
LINE
8
BLACK
6
CONTINUOUS
10
5.5428744094488192
20
-3.8752105118110234
11
5.5627094094488188
21
-3.8751574409448817
0
LINE
8
BLACK
6
CONTINUOUS
10
5.5627094094488188
20
-3.8751574409448817
11
5.5632854724409446
21
-3.8752141732283465
0
LINE
8
BLACK
6
CONTINUOUS
10
5.5632854724409446
20
-3.8752141732283465
11
5.5643498818897639
21
-3.8756550787401576
0
LINE
8
BLACK
6
CONTINUOUS
10
5.5643498818897639
20
-3.8756550787401576
11
5.5651645275590553
21
-3.8764697244094486
0
LINE
8
BLACK
6
CONTINUOUS
10
5.5651645275590553
20
-3.8764697244094486
11
5.565605433070866
21
-3.8775341338582678
0
LINE
8
BLACK
6
CONTINUOUS
10
5.565605433070866
20
-3.8775341338582678
11
5.565605433070866
21
-3.8786862598425196
0
LINE
8
BLACK
6
CONTINUOUS
10
5.565605433070866
20
-3.8786862598425196
11
5.5651645275590553
21
-3.8797506692913384
0
LINE
8
BLACK
6
CONTINUOUS
10
5.5651645275590553
20
-3.8797506692913384
11
5.5643498818897639
21
-3.8805653149606298
0
LINE
8
BLACK
6
CONTINUOUS
10
5.5643498818897639
20
-3.8805653149606298
11
5.5632854724409446
21
-3.8810062204724409
0
LINE
8
BLACK
6
CONTINUOUS
10
5.5632854724409446
20
-3.8810062204724409
11
5.5426963779527556
21
-3.8810612992125981
0
LINE
8
BLACK
6
CONTINUOUS
10
5.5426963779527556
20
-3.8810612992125981
11
5.5404902755905514
21
-3.8821973622047241
0
LINE
8
BLACK
6
CONTINUOUS
10
5.5404902755905514
20
-3.8821973622047241
11
5.5393709842519687
21
-3.8845040551181103
0
LINE
8
BLACK
6
CONTINUOUS
10
5.5393709842519687
20
-3.8845040551181103
11
5.5394097637795277
21
-3.8887415354330708
0
LINE
8
BLACK
6
CONTINUOUS
10
5.5394097637795277
20
-3.8887415354330708
11
5.5408057480314961
21
-3.8914524409448816
0
LINE
8
BLACK
6
CONTINUOUS
10
5.5408057480314961
20
-3.8914524409448816
11
5.5414508661417319
21
-3.892075275590551
0
LINE
8
BLACK
6
CONTINUOUS
10
5.5414508661417319
20
-3.892075275590551
11
5.5627094094488188
21
-3.8920303149606297
0
LINE
8
BLACK
6
CONTINUOUS
10
5.5627094094488188
20
-3.8920303149606297
11
5.5632854724409446
21
-3.8920870472440945
0
LINE
8
BLACK
6
CONTINUOUS
10
5.5632854724409446
20
-3.8920870472440945
11
5.5643498818897639
21
-3.8925279527559056
0
LINE
8
BLACK
6
CONTINUOUS
10
5.5643498818897639
20
-3.8925279527559056
11
5.5651645275590553
21
-3.8933425984251966
0
LINE
8
BLACK
6
CONTINUOUS
10
5.5651645275590553
20
-3.8933425984251966
11
5.565605433070866
21
-3.8944070078740158
0
LINE
8
BLACK
6
CONTINUOUS
10
5.565605433070866
20
-3.8944070078740158
11
5.565605433070866
21
-3.8955591338582676
0
LINE
8
BLACK
6
CONTINUOUS
10
5.565605433070866
20
-3.8955591338582676
11
5.5651645275590553
21
-3.8966235433070864
0
LINE
8
BLACK
6
CONTINUOUS
10
5.5651645275590553
20
-3.8966235433070864
11
5.5643498818897639
21
-3.8974381889763778
0
LINE
8
BLACK
6
CONTINUOUS
10
5.5643498818897639
20
-3.8974381889763778
11
5.5632854724409446
21
-3.8978790944881889
0
LINE
8
BLACK
6
CONTINUOUS
10
5.5632854724409446
20
-3.8978790944881889
11
5.5364626771653542
21
-3.8979358267716533
0
LINE
8
BLACK
6
CONTINUOUS
10
5.5364626771653542
20
-3.8979358267716533
11
5.5358866141732284
21
-3.8978790944881889
0
LINE
8
BLACK
6
CONTINUOUS
10
5.5358866141732284
20
-3.8978790944881889
11
5.5348222047244091
21
-3.8974381889763778
0
LINE
8
BLACK
6
CONTINUOUS
10
5.5348222047244091
20
-3.8974381889763778
11
5.5340075590551177
21
-3.8966235433070864
0
LINE
8
BLACK
6
CONTINUOUS
10
5.5340075590551177
20
-3.8966235433070864
11
5.533566653543307
21
-3.8955591338582676
0
LINE
8
BLACK
6
CONTINUOUS
10
5.533566653543307
20
-3.8955591338582676
11
5.533566653543307
21
-3.8944070078740158
0
LINE
8
BLACK
6
CONTINUOUS
10
5.533566653543307
20
-3.8944070078740158
11
5.5340075590551177
21
-3.8933425984251966
0
LINE
8
BLACK
6
CONTINUOUS
10
5.5340075590551177
20
-3.8933425984251966
11
5.5347901181102364
21
-3.89256
0
LINE
8
BLACK
6
CONTINUOUS
10
5.5347901181102364
20
-3.89256
11
5.5338216535433071
21
-3.8906792913385826
0
LINE
8
BLACK
6
CONTINUOUS
10
5.5338216535433071
20
-3.8906792913385826
11
5.5336147637795277
21
-3.8901386614173226
0
LINE
8
BLACK
6
CONTINUOUS
10
5.5336147637795277
20
-3.8901386614173226
11
5.5336072440944877
21
-3.8900328346456692
0
LINE
8
BLACK
6
CONTINUOUS
10
5.5336072440944877
20
-3.8900328346456692
11
5.533566653543307
21
-3.8899348425196849
0
LINE
8
BLACK
6
CONTINUOUS
10
5.533566653543307
20
-3.8899348425196849
11
5.5335616535433072
21
-3.8893915748031493
0
LINE
8
BLACK
6
CONTINUOUS
10
5.5335616535433072
20
-3.8893915748031493
11
5.5335331102362204
21
-3.8889894488188976
0
LINE
8
BLACK
6
CONTINUOUS
10
5.5335331102362204
20
-3.8889894488188976
11
5.5335573228346453
21
-3.8889167322834646
0
LINE
8
BLACK
6
CONTINUOUS
10
5.5335573228346453
20
-3.8889167322834646
11
5.5335099212598422
21
-3.8837344881889764
0
LINE
8
BLACK
6
CONTINUOUS
10
5.5335099212598422
20
-3.8837344881889764
11
5.533566653543307
21
-3.8831584251968505
0
LINE
8
BLACK
6
CONTINUOUS
10
5.533566653543307
20
-3.8831584251968505
11
5.5336072440944877
21
-3.8830603937007875
0
LINE
8
BLACK
6
CONTINUOUS
10
5.5336072440944877
20
-3.8830603937007875
11
5.5336147637795277
21
-3.8829546062992124
0
LINE
8
BLACK
6
CONTINUOUS
10
5.5336147637795277
20
-3.8829546062992124
11
5.5338629527559053
21
-3.882443031496063
0
LINE
8
BLACK
6
CONTINUOUS
10
5.5338629527559053
20
-3.882443031496063
11
5.5340075590551177
21
-3.8820940157480313
0
LINE
8
BLACK
6
CONTINUOUS
10
5.5340075590551177
20
-3.8820940157480313
11
5.5340556692913383
21
-3.8820458661417323
0
LINE
8
BLACK
6
CONTINUOUS
10
5.5340556692913383
20
-3.8820458661417323
11
5.5356964173228347
21
-3.8786644488188977
0
LINE
8
BLACK
6
CONTINUOUS
10
5.5356964173228347
20
-3.8786644488188977
11
5.5357570472440942
21
-3.8785680708661419
0
LINE
8
BLACK
6
CONTINUOUS
10
5.5357570472440942
20
-3.8785680708661419
11
5.5357722047244096
21
-3.8785226771653543
0
LINE
8
BLACK
6
CONTINUOUS
10
5.5357722047244096
20
-3.8785226771653543
11
5.5358212204724406
21
-3.8784661023622045
0
LINE
8
BLACK
6
CONTINUOUS
10
5.5358212204724406
20
-3.8784661023622045
11
5.5360047637795278
21
-3.8781745669291339
0
LINE
8
BLACK
6
CONTINUOUS
10
5.5360047637795278
20
-3.8781745669291339
11
5.5360789763779525
21
-3.8781101968503937
0
LINE
8
BLACK
6
CONTINUOUS
10
5.5360789763779525
20
-3.8781101968503937
11
5.5360047637795278
21
-3.8780458267716535
0
LINE
8
BLACK
6
CONTINUOUS
10
5.5360047637795278
20
-3.8780458267716535
11
5.5359033858267717
21
-3.8778489763779525
0
LINE
8
BLACK
6
CONTINUOUS
10
5.5359033858267717
20
-3.8778489763779525
11
5.5357722047244096
21
-3.8776977165354332
0
LINE
8
BLACK
6
CONTINUOUS
10
5.5357722047244096
20
-3.8776977165354332
11
5.5356743700787403
21
-3.8774042125984249
0
LINE
8
BLACK
6
CONTINUOUS
10
5.5356743700787403
20
-3.8774042125984249
11
5.5338216535433071
21
-3.8738064173228346
0
LINE
8
BLACK
6
CONTINUOUS
10
5.5338216535433071
20
-3.8738064173228346
11
5.5336147637795277
21
-3.8732657874015746
0
LINE
8
BLACK
6
CONTINUOUS
10
5.5336147637795277
20
-3.8732657874015746
11
5.5336072440944877
21
-3.8731599606299212
0
LINE
8
BLACK
6
CONTINUOUS
10
5.5336072440944877
20
-3.8731599606299212
11
5.533566653543307
21
-3.8730619685039369
0
LINE
8
BLACK
6
CONTINUOUS
10
5.533566653543307
20
-3.8730619685039369
11
5.5335616535433072
21
-3.8725187007874013
0
LINE
8
BLACK
6
CONTINUOUS
10
5.5335616535433072
20
-3.8725187007874013
11
5.5335331102362204
21
-3.8721165748031496
0
LINE
8
BLACK
6
CONTINUOUS
10
5.5335331102362204
20
-3.8721165748031496
11
5.5335573228346453
21
-3.8720438582677166
0
LINE
8
BLACK
6
CONTINUOUS
10
5.5335573228346453
20
-3.8720438582677166
11
5.5335099212598422
21
-3.8668616141732284
0
LINE
8
BLACK
6
CONTINUOUS
10
5.5335099212598422
20
-3.8668616141732284
11
5.533566653543307
21
-3.8662855511811021
0
LINE
8
BLACK
6
CONTINUOUS
10
5.533566653543307
20
-3.8662855511811021
11
5.5336072440944877
21
-3.8661875196850395
0
LINE
8
BLACK
6
CONTINUOUS
10
5.5336072440944877
20
-3.8661875196850395
11
5.5336147637795277
21
-3.8660817322834644
0
LINE
8
BLACK
6
CONTINUOUS
10
5.5336147637795277
20
-3.8660817322834644
11
5.5338629921259841
21
-3.8655701181102362
0
LINE
8
BLACK
6
CONTINUOUS
10
5.5338629921259841
20
-3.8655701181102362
11
5.5340075590551177
21
-3.8652211417322833
0
LINE
8
BLACK
6
CONTINUOUS
10
5.5340075590551177
20
-3.8652211417322833
11
5.5340556692913383
21
-3.8651729921259843
0
LINE
8
BLACK
6
CONTINUOUS
10
5.5340556692913383
20
-3.8651729921259843
11
5.5356964173228347
21
-3.861791535433071
0
LINE
8
BLACK
6
CONTINUOUS
10
5.5356964173228347
20
-3.861791535433071
11
5.5357570472440942
21
-3.8616951968503934
0
LINE
8
BLACK
6
CONTINUOUS
10
5.5357570472440942
20
-3.8616951968503934
11
5.5357722047244096
21
-3.8616497637795275
0
LINE
8
BLACK
6
CONTINUOUS
10
5.5357722047244096
20
-3.8616497637795275
11
5.5358212598425194
21
-3.861593149606299
0
LINE
8
BLACK
6
CONTINUOUS
10
5.5358212598425194
20
-3.861593149606299
11
5.5360047637795278
21
-3.8613016929133859
0
LINE
8
BLACK
6
CONTINUOUS
10
5.5360047637795278
20
-3.8613016929133859
11
5.5362843700787403
21
-3.8610591732283464
0
LINE
8
BLACK
6
CONTINUOUS
10
5.5362843700787403
20
-3.8610591732283464
11
5.5365270472440944
21
-3.8607793700787401
0
LINE
8
BLACK
6
CONTINUOUS
10
5.5365270472440944
20
-3.8607793700787401
11
5.5367238582677167
21
-3.8606779921259839
0
LINE
8
BLACK
6
CONTINUOUS
10
5.5367238582677167
20
-3.8606779921259839
11
5.5368751574803152
21
-3.8605468110236218
0
LINE
8
BLACK
6
CONTINUOUS
10
5.5368751574803152
20
-3.8605468110236218
11
5.5371686220472442
21
-3.8604489763779526
0
LINE
8
BLACK
6
CONTINUOUS
10
5.5371686220472442
20
-3.8604489763779526
11
5.5407664566929133
21
-3.8585962598425194
0
LINE
8
BLACK
6
CONTINUOUS
10
5.5407664566929133
20
-3.8585962598425194
11
5.5413070472440946
21
-3.8583893700787399
0
LINE
8
BLACK
6
CONTINUOUS
10
5.5413070472440946
20
-3.8583893700787399
11
5.5414129133858268
21
-3.8583818110236221
0
LINE
8
BLACK
6
CONTINUOUS
10
5.5414129133858268
20
-3.8583818110236221
11
5.541510905511811
21
-3.8583412598425197
0
LINE
8
BLACK
6
CONTINUOUS
10
5.541510905511811
20
-3.8583412598425197
11
5.5420026771653541
21
-3.8583399212598426
0
LINE
8
BLACK
6
CONTINUOUS
10
5.5420026771653541
20
-3.8583399212598426
11
5.5424562598425196
21
-3.8583077165354331
0
LINE
8
BLACK
6
CONTINUOUS
10
5.5424562598425196
20
-3.8583077165354331
11
5.5425485433070865
21
-3.8583384645669292
0
LINE
8
BLACK
6
CONTINUOUS
10
5.5425485433070865
20
-3.8583384645669292
11
5.5627094094488188
21
-3.8582845275590549
0
LINE
8
BLACK
6
CONTINUOUS
10
5.5627094094488188
20
-3.8582845275590549
11
5.5632854724409446
21
-3.8583412598425197
0
LINE
8
BLACK
6
CONTINUOUS
10
5.5557863779527557
20
-3.8208459842519682
11
5.5558843700787399
21
-3.8208865748031493
0
LINE
8
BLACK
6
CONTINUOUS
10
5.5558843700787399
20
-3.8208865748031493
11
5.5559901968503933
21
-3.8208940944881888
0
LINE
8
BLACK
6
CONTINUOUS
10
5.5559901968503933
20
-3.8208940944881888
11
5.556501732283464
21
-3.821142283464567
0
LINE
8
BLACK
6
CONTINUOUS
10
5.556501732283464
20
-3.821142283464567
11
5.5568507874015749
21
-3.8212868897637793
0
LINE
8
BLACK
6
CONTINUOUS
10
5.5568507874015749
20
-3.8212868897637793
11
5.5568988976377955
21
-3.8213349999999999
0
LINE
8
BLACK
6
CONTINUOUS
10
5.5568988976377955
20
-3.8213349999999999
11
5.5602803543307084
21
-3.8229757480314959
0
LINE
8
BLACK
6
CONTINUOUS
10
5.5602803543307084
20
-3.8229757480314959
11
5.560528228346457
21
-3.8231317716535433
0
LINE
8
BLACK
6
CONTINUOUS
10
5.560528228346457
20
-3.8231317716535433
11
5.5606002755905513
21
-3.8231616141732281
0
LINE
8
BLACK
6
CONTINUOUS
10
5.5606002755905513
20
-3.8231616141732281
11
5.5606463779527555
21
-3.8232061417322836
0
LINE
8
BLACK
6
CONTINUOUS
10
5.5606463779527555
20
-3.8232061417322836
11
5.5607702362204723
21
-3.823284094488189
0
LINE
8
BLACK
6
CONTINUOUS
10
5.5607702362204723
20
-3.823284094488189
11
5.5609919291338583
21
-3.8235397244094487
0
LINE
8
BLACK
6
CONTINUOUS
10
5.5609919291338583
20
-3.8235397244094487
11
5.5629225196850394
21
-3.8254035826771653
0
LINE
8
BLACK
6
CONTINUOUS
10
5.5629225196850394
20
-3.8254035826771653
11
5.5631082677165349
21
-3.8256299212598424
0
LINE
8
BLACK
6
CONTINUOUS
10
5.5631082677165349
20
-3.8256299212598424
11
5.5631673228346452
21
-3.8256811417322836
0
LINE
8
BLACK
6
CONTINUOUS
10
5.5631673228346452
20
-3.8256811417322836
11
5.5631959448818895
21
-3.8257367716535433
0
LINE
8
BLACK
6
CONTINUOUS
10
5.5631959448818895
20
-3.8257367716535433
11
5.5632897637795278
21
-3.8258510629921259
0
LINE
8
BLACK
6
CONTINUOUS
10
5.5632897637795278
20
-3.8258510629921259
11
5.56343342519685
21
-3.8261979133858266
0
LINE
8
BLACK
6
CONTINUOUS
10
5.56343342519685
20
-3.8261979133858266
11
5.5653504330708659
21
-3.8299205511811021
0
LINE
8
BLACK
6
CONTINUOUS
10
5.5653504330708659
20
-3.8299205511811021
11
5.5655573228346453
21
-3.8304611417322834
0
LINE
8
BLACK
6
CONTINUOUS
10
5.5655573228346453
20
-3.8304611417322834
11
5.5655648425196853
21
-3.8305670078740155
0
LINE
8
BLACK
6
CONTINUOUS
10
5.5655648425196853
20
-3.8305670078740155
11
5.565605433070866
21
-3.8306649999999998
0
LINE
8
BLACK
6
CONTINUOUS
10
5.565605433070866
20
-3.8306649999999998
11
5.5656090944881891
21
-3.8311901574803149
0
LINE
8
BLACK
6
CONTINUOUS
10
5.5656090944881891
20
-3.8311901574803149
11
5.5656389763779526
21
-3.8316103543307087
0
LINE
8
BLACK
6
CONTINUOUS
10
5.5656389763779526
20
-3.8316103543307087
11
5.5656125984251963
21
-3.83168937007874
0
LINE
8
BLACK
6
CONTINUOUS
10
5.5656125984251963
20
-3.83168937007874
11
5.5656621653543308
21
-3.8387401181102363
0
LINE
8
BLACK
6
CONTINUOUS
10
5.5656621653543308
20
-3.8387401181102363
11
5.565605433070866
21
-3.8393161811023622
0
LINE
8
BLACK
6
CONTINUOUS
10
5.565605433070866
20
-3.8393161811023622
11
5.5655648425196853
21
-3.8394141338582677
0
LINE
8
BLACK
6
CONTINUOUS
10
5.5655648425196853
20
-3.8394141338582677
11
5.5655573228346453
21
-3.8395200393700786
0
LINE
8
BLACK
6
CONTINUOUS
10
5.5655573228346453
20
-3.8395200393700786
11
5.5655420472440946
21
-3.8395514960629922
0
LINE
8
BLACK
6
CONTINUOUS
10
5.5655420472440946
20
-3.8395514960629922
11
5.5758327559055116
21
-3.8395368897637794
0
LINE
8
BLACK
6
CONTINUOUS
10
5.5758327559055116
20
-3.8395368897637794
11
5.5764088188976375
21
-3.8395936220472442
0
LINE
8
BLACK
6
CONTINUOUS
10
5.5764088188976375
20
-3.8395936220472442
11
5.5774732283464568
21
-3.8400345275590548
0
LINE
8
BLACK
6
CONTINUOUS
10
5.5774732283464568
20
-3.8400345275590548
11
5.5782878740157482
21
-3.8408491732283463
0
LINE
8
BLACK
6
CONTINUOUS
10
5.5782878740157482
20
-3.8408491732283463
11
5.5787287795275589
21
-3.8419135826771651
0
LINE
8
BLACK
6
CONTINUOUS
10
5.5787287795275589
20
-3.8419135826771651
11
5.5787287795275589
21
-3.8430657086614173
0
LINE
8
BLACK
6
CONTINUOUS
10
5.5787287795275589
20
-3.8430657086614173
11
5.5782878740157482
21
-3.8441301181102361
0
LINE
8
BLACK
6
CONTINUOUS
10
5.5782878740157482
20
-3.8441301181102361
11
5.5774732283464568
21
-3.8449447637795275
0
LINE
8
BLACK
6
CONTINUOUS
10
5.5774732283464568
20
-3.8449447637795275
11
5.5764088188976375
21
-3.8453856692913386
0
LINE
8
BLACK
6
CONTINUOUS
10
5.5764088188976375
20
-3.8453856692913386
11
5.561239960629921
21
-3.8454072047244092
0
LINE
8
BLACK
6
CONTINUOUS
10
5.561239960629921
20
-3.8454072047244092
11
5.5612039763779526
21
-3.8454192125984252
0
LINE
8
BLACK
6
CONTINUOUS
10
5.5612039763779526
20
-3.8454192125984252
11
5.5610390944881889
21
-3.8454074803149605
0
LINE
8
BLACK
6
CONTINUOUS
10
5.5610390944881889
20
-3.8454074803149605
11
5.5364626771653542
21
-3.845442401574803
0
LINE
8
BLACK
6
CONTINUOUS
10
5.5364626771653542
20
-3.845442401574803
11
5.5358866141732284
21
-3.8453856692913386
0
LINE
8
BLACK
6
CONTINUOUS
10
5.5358866141732284
20
-3.8453856692913386
11
5.5348222047244091
21
-3.8449447637795275
0
LINE
8
BLACK
6
CONTINUOUS
10
5.5348222047244091
20
-3.8449447637795275
11
5.5340075590551177
21
-3.8441301181102361
0
LINE
8
BLACK
6
CONTINUOUS
10
5.5340075590551177
20
-3.8441301181102361
11
5.533566653543307
21
-3.8430657086614173
0
LINE
8
BLACK
6
CONTINUOUS
10
5.533566653543307
20
-3.8430657086614173
11
5.533566653543307
21
-3.8419135826771651
0
LINE
8
BLACK
6
CONTINUOUS
10
5.533566653543307
20
-3.8419135826771651
11
5.5340075590551177
21
-3.8408491732283463
0
LINE
8
BLACK
6
CONTINUOUS
10
5.5340075590551177
20
-3.8408491732283463
11
5.5341528740157475
21
-3.8407038188976377
0
LINE
8
BLACK
6
CONTINUOUS
10
5.5341528740157475
20
-3.8407038188976377
11
5.5338216535433071
21
-3.8400606299212598
0
LINE
8
BLACK
6
CONTINUOUS
10
5.5338216535433071
20
-3.8400606299212598
11
5.5336147637795277
21
-3.8395199999999998
0
LINE
8
BLACK
6
CONTINUOUS
10
5.5336147637795277
20
-3.8395199999999998
11
5.5336072440944877
21
-3.8394141732283464
0
LINE
8
BLACK
6
CONTINUOUS
10
5.5336072440944877
20
-3.8394141732283464
11
5.533566653543307
21
-3.8393161811023622
0
LINE
8
BLACK
6
CONTINUOUS
10
5.533566653543307
20
-3.8393161811023622
11
5.5335629527559052
21
-3.8387909448818895
0
LINE
8
BLACK
6
CONTINUOUS
10
5.5335629527559052
20
-3.8387909448818895
11
5.5335331102362204
21
-3.8383707874015749
0
LINE
8
BLACK
6
CONTINUOUS
10
5.5335331102362204
20
-3.8383707874015749
11
5.5335594488188979
21
-3.8382917322834644
0
LINE
8
BLACK
6
CONTINUOUS
10
5.5335594488188979
20
-3.8382917322834644
11
5.5335099212598422
21
-3.8312410629921261
0
LINE
8
BLACK
6
CONTINUOUS
10
5.5335099212598422
20
-3.8312410629921261
11
5.533566653543307
21
-3.8306649999999998
0
LINE
8
BLACK
6
CONTINUOUS
10
5.533566653543307
20
-3.8306649999999998
11
5.5336072440944877
21
-3.8305669685039367
0
LINE
8
BLACK
6
CONTINUOUS
10
5.5336072440944877
20
-3.8305669685039367
11
5.5336147637795277
21
-3.8304611811023621
0
LINE
8
BLACK
6
CONTINUOUS
10
5.5336147637795277
20
-3.8304611811023621
11
5.5338629527559053
21
-3.8299496062992127
0
LINE
8
BLACK
6
CONTINUOUS
10
5.5338629527559053
20
-3.8299496062992127
11
5.5340075590551177
21
-3.829600590551181
0
LINE
8
BLACK
6
CONTINUOUS
10
5.5340075590551177
20
-3.829600590551181
11
5.5340556692913383
21
-3.829552440944882
0
LINE
8
BLACK
6
CONTINUOUS
10
5.5340556692913383
20
-3.829552440944882
11
5.5356964173228347
21
-3.826171023622047
0
LINE
8
BLACK
6
CONTINUOUS
10
5.5356964173228347
20
-3.826171023622047
11
5.5358524803149605
21
-3.8259229921259843
0
LINE
8
BLACK
6
CONTINUOUS
10
5.5358524803149605
20
-3.8259229921259843
11
5.5358823228346452
21
-3.8258510629921259
0
LINE
8
BLACK
6
CONTINUOUS
10
5.5358823228346452
20
-3.8258510629921259
11
5.5359268110236215
21
-3.8258049606299211
0
LINE
8
BLACK
6
CONTINUOUS
10
5.5359268110236215
20
-3.8258049606299211
11
5.5360047637795278
21
-3.8256811417322836
0
LINE
8
BLACK
6
CONTINUOUS
10
5.5360047637795278
20
-3.8256811417322836
11
5.5362604330708658
21
-3.82545937007874
0
LINE
8
BLACK
6
CONTINUOUS
10
5.5362604330708658
20
-3.82545937007874
11
5.5381242913385824
21
-3.8235288582677165
0
LINE
8
BLACK
6
CONTINUOUS
10
5.5381242913385824
20
-3.8235288582677165
11
5.5383506299212595
21
-3.8233430708661418
0
LINE
8
BLACK
6
CONTINUOUS
10
5.5383506299212595
20
-3.8233430708661418
11
5.5384018110236219
21
-3.823284094488189
0
LINE
8
BLACK
6
CONTINUOUS
10
5.5384018110236219
20
-3.823284094488189
11
5.5384574409448817
21
-3.8232554330708659
0
LINE
8
BLACK
6
CONTINUOUS
10
5.5384574409448817
20
-3.8232554330708659
11
5.5385717322834642
21
-3.8231616535433068
0
LINE
8
BLACK
6
CONTINUOUS
10
5.5385717322834642
20
-3.8231616535433068
11
5.538918582677165
21
-3.8230179527559054
0
LINE
8
BLACK
6
CONTINUOUS
10
5.538918582677165
20
-3.8230179527559054
11
5.5426412204724409
21
-3.8211009842519683
0
LINE
8
BLACK
6
CONTINUOUS
10
5.5426412204724409
20
-3.8211009842519683
11
5.5431818110236222
21
-3.8208940944881888
0
LINE
8
BLACK
6
CONTINUOUS
10
5.5431818110236222
20
-3.8208940944881888
11
5.5432876771653543
21
-3.820886535433071
0
LINE
8
BLACK
6
CONTINUOUS
10
5.5432876771653543
20
-3.820886535433071
11
5.5433856692913386
21
-3.8208459842519682
0
LINE
8
BLACK
6
CONTINUOUS
10
5.5433856692913386
20
-3.8208459842519682
11
5.5438931889763774
21
-3.8208435433070864
0
LINE
8
BLACK
6
CONTINUOUS
10
5.5438931889763774
20
-3.8208435433070864
11
5.5443310236220471
21
-3.8208124409448816
0
LINE
8
BLACK
6
CONTINUOUS
10
5.5443310236220471
20
-3.8208124409448816
11
5.5444168110236216
21
-3.8208410236220471
0
LINE
8
BLACK
6
CONTINUOUS
10
5.5444168110236216
20
-3.8208410236220471
11
5.5552103149606298
21
-3.8207892519685038
0
LINE
8
BLACK
6
CONTINUOUS
10
5.5552103149606298
20
-3.8207892519685038
11
5.5557863779527557
21
-3.8208459842519682
0
LINE
8
BLACK
6
CONTINUOUS
10
5.5445736614173224
20
-3.8266918110236219
11
5.5418680314960627
21
-3.8280850787401572
0
LINE
8
BLACK
6
CONTINUOUS
10
5.5418680314960627
20
-3.8280850787401572
11
5.5406773228346458
21
-3.8293184251968504
0
LINE
8
BLACK
6
CONTINUOUS
10
5.5406773228346458
20
-3.8293184251968504
11
5.5393681889763782
21
-3.8320164566929131
0
LINE
8
BLACK
6
CONTINUOUS
10
5.5393681889763782
20
-3.8320164566929131
11
5.5394111023622044
21
-3.8381254724409448
0
LINE
8
BLACK
6
CONTINUOUS
10
5.5394111023622044
20
-3.8381254724409448
11
5.5401640157480312
21
-3.8395875196850393
0
LINE
8
BLACK
6
CONTINUOUS
10
5.5401640157480312
20
-3.8395875196850393
11
5.5590294488188974
21
-3.8395607480314959
0
LINE
8
BLACK
6
CONTINUOUS
10
5.5590294488188974
20
-3.8395607480314959
11
5.5598038582677161
21
-3.83796468503937
0
LINE
8
BLACK
6
CONTINUOUS
10
5.5598038582677161
20
-3.83796468503937
11
5.5597609448818899
21
-3.8318556692913384
0
LINE
8
BLACK
6
CONTINUOUS
10
5.5597609448818899
20
-3.8318556692913384
11
5.5583662992125982
21
-3.829147401574803
0
LINE
8
BLACK
6
CONTINUOUS
10
5.5583662992125982
20
-3.829147401574803
11
5.5571329133858267
21
-3.8279566535433069
0
LINE
8
BLACK
6
CONTINUOUS
10
5.5571329133858267
20
-3.8279566535433069
11
5.5544287401574799
21
-3.826644527559055
0
LINE
8
BLACK
6
CONTINUOUS
10
5.5544287401574799
20
-3.826644527559055
11
5.5445736614173224
21
-3.8266918110236219
0
LINE
8
BLACK
6
CONTINUOUS
10
5.5464125590551179
20
-3.7871001968503935
11
5.5466798031496065
21
-3.7872108661417321
0
LINE
8
BLACK
6
CONTINUOUS
10
5.5466798031496065
20
-3.7872108661417321
11
5.5469636220472438
21
-3.7872670472440944
0
LINE
8
BLACK
6
CONTINUOUS
10
5.5469636220472438
20
-3.7872670472440944
11
5.5472068897637792
21
-3.787429212598425
0
LINE
8
BLACK
6
CONTINUOUS
10
5.5472068897637792
20
-3.787429212598425
11
5.5474769685039371
21
-3.7875411023622045
0
LINE
8
BLACK
6
CONTINUOUS
10
5.5474769685039371
20
-3.7875411023622045
11
5.5476814960629923
21
-3.7877456299212597
0
LINE
8
BLACK
6
CONTINUOUS
10
5.5476814960629923
20
-3.7877456299212597
11
5.5479222047244097
21
-3.7879061023622045
0
LINE
8
BLACK
6
CONTINUOUS
10
5.5479222047244097
20
-3.7879061023622045
11
5.5480848818897632
21
-3.7881490157480315
0
LINE
8
BLACK
6
CONTINUOUS
10
5.5480848818897632
20
-3.7881490157480315
11
5.5482916141732286
21
-3.788355748031496
0
LINE
8
BLACK
6
CONTINUOUS
10
5.5482916141732286
20
-3.788355748031496
11
5.5484022834645668
21
-3.7886229921259842
0
LINE
8
BLACK
6
CONTINUOUS
10
5.5484022834645668
20
-3.7886229921259842
11
5.5485633070866136
21
-3.7888633858267715
0
LINE
8
BLACK
6
CONTINUOUS
10
5.5485633070866136
20
-3.7888633858267715
11
5.5486223228346452
21
-3.7891541338582675
0
LINE
8
BLACK
6
CONTINUOUS
10
5.5486223228346452
20
-3.7891541338582675
11
5.5487325196850392
21
-3.7894201574803148
0
LINE
8
BLACK
6
CONTINUOUS
10
5.5487325196850392
20
-3.7894201574803148
11
5.5487325196850392
21
-3.789696929133858
0
LINE
8
BLACK
6
CONTINUOUS
10
5.5487325196850392
20
-3.789696929133858
11
5.5520033070866139
21
-3.8058096062992126
0
LINE
8
BLACK
6
CONTINUOUS
10
5.5520033070866139
20
-3.8058096062992126
11
5.556474488188976
21
-3.8057933070866139
0
LINE
8
BLACK
6
CONTINUOUS
10
5.556474488188976
20
-3.8057933070866139
11
5.5586818110236216
21
-3.8046566535433071
0
LINE
8
BLACK
6
CONTINUOUS
10
5.5586818110236216
20
-3.8046566535433071
11
5.5598038582677161
21
-3.8023441338582677
0
LINE
8
BLACK
6
CONTINUOUS
10
5.5598038582677161
20
-3.8023441338582677
11
5.5597609448818899
21
-3.7962351181102361
0
LINE
8
BLACK
6
CONTINUOUS
10
5.5597609448818899
20
-3.7962351181102361
11
5.5581936220472441
21
-3.7931914960629922
0
LINE
8
BLACK
6
CONTINUOUS
10
5.5581936220472441
20
-3.7931914960629922
11
5.5579867322834646
21
-3.7926508661417322
0
LINE
8
BLACK
6
CONTINUOUS
10
5.5579867322834646
20
-3.7926508661417322
11
5.5579050787401574
21
-3.7915016535433068
0
LINE
8
BLACK
6
CONTINUOUS
10
5.5579050787401574
20
-3.7915016535433068
11
5.558269409448819
21
-3.7904087007874017
0
LINE
8
BLACK
6
CONTINUOUS
10
5.558269409448819
20
-3.7904087007874017
11
5.5590242519685038
21
-3.7895383070866142
0
LINE
8
BLACK
6
CONTINUOUS
10
5.5590242519685038
20
-3.7895383070866142
11
5.5600547637795277
21
-3.7890230708661417
0
LINE
8
BLACK
6
CONTINUOUS
10
5.5600547637795277
20
-3.7890230708661417
11
5.5612039763779526
21
-3.7889414173228344
0
LINE
8
BLACK
6
CONTINUOUS
10
5.5612039763779526
20
-3.7889414173228344
11
5.5622969291338578
21
-3.789305748031496
0
LINE
8
BLACK
6
CONTINUOUS
10
5.5622969291338578
20
-3.789305748031496
11
5.5631673228346452
21
-3.7900605905511808
0
LINE
8
BLACK
6
CONTINUOUS
10
5.5631673228346452
20
-3.7900605905511808
11
5.5653504330708659
21
-3.7942999999999998
0
LINE
8
BLACK
6
CONTINUOUS
10
5.5653504330708659
20
-3.7942999999999998
11
5.5655573228346453
21
-3.7948405905511811
0
LINE
8
BLACK
6
CONTINUOUS
10
5.5655573228346453
20
-3.7948405905511811
11
5.5655648425196853
21
-3.7949464566929132
0
LINE
8
BLACK
6
CONTINUOUS
10
5.5655648425196853
20
-3.7949464566929132
11
5.565605433070866
21
-3.7950444488188975
0
LINE
8
BLACK
6
CONTINUOUS
10
5.565605433070866
20
-3.7950444488188975
11
5.5656090944881891
21
-3.7955696062992126
0
LINE
8
BLACK
6
CONTINUOUS
10
5.5656090944881891
20
-3.7955696062992126
11
5.5656389763779526
21
-3.7959898031496064
0
LINE
8
BLACK
6
CONTINUOUS
10
5.5656389763779526
20
-3.7959898031496064
11
5.5656125984251963
21
-3.7960688188976377
0
LINE
8
BLACK
6
CONTINUOUS
10
5.5656125984251963
20
-3.7960688188976377
11
5.5656621653543308
21
-3.8031195669291336
0
LINE
8
BLACK
6
CONTINUOUS
10
5.5656621653543308
20
-3.8031195669291336
11
5.565605433070866
21
-3.8036956299212599
0
LINE
8
BLACK
6
CONTINUOUS
10
5.565605433070866
20
-3.8036956299212599
11
5.5655648425196853
21
-3.8037935826771654
0
LINE
8
BLACK
6
CONTINUOUS
10
5.5655648425196853
20
-3.8037935826771654
11
5.5655573228346453
21
-3.8038994881889763
0
LINE
8
BLACK
6
CONTINUOUS
10
5.5655573228346453
20
-3.8038994881889763
11
5.5653089763779526
21
-3.8044112204724407
0
LINE
8
BLACK
6
CONTINUOUS
10
5.5653089763779526
20
-3.8044112204724407
11
5.5651645275590553
21
-3.8047600393700787
0
LINE
8
BLACK
6
CONTINUOUS
10
5.5651645275590553
20
-3.8047600393700787
11
5.5651164173228347
21
-3.8048081102362206
0
LINE
8
BLACK
6
CONTINUOUS
10
5.5651164173228347
20
-3.8048081102362206
11
5.5634756692913383
21
-3.8081896062992127
0
LINE
8
BLACK
6
CONTINUOUS
10
5.5634756692913383
20
-3.8081896062992127
11
5.563415
21
-3.8082859448818898
0
LINE
8
BLACK
6
CONTINUOUS
10
5.563415
20
-3.8082859448818898
11
5.5633998818897634
21
-3.8083313779527557
0
LINE
8
BLACK
6
CONTINUOUS
10
5.5633998818897634
20
-3.8083313779527557
11
5.5633508267716536
21
-3.8083879133858267
0
LINE
8
BLACK
6
CONTINUOUS
10
5.5633508267716536
20
-3.8083879133858267
11
5.5631673228346452
21
-3.8086794881889765
0
LINE
8
BLACK
6
CONTINUOUS
10
5.5631673228346452
20
-3.8086794881889765
11
5.5628874803149602
21
-3.8089221259842518
0
LINE
8
BLACK
6
CONTINUOUS
10
5.5628874803149602
20
-3.8089221259842518
11
5.5626449999999998
21
-3.8092017716535431
0
LINE
8
BLACK
6
CONTINUOUS
10
5.5626449999999998
20
-3.8092017716535431
11
5.562448267716535
21
-3.8093030708661417
0
LINE
8
BLACK
6
CONTINUOUS
10
5.562448267716535
20
-3.8093030708661417
11
5.5622969291338578
21
-3.8094343307086613
0
LINE
8
BLACK
6
CONTINUOUS
10
5.5622969291338578
20
-3.8094343307086613
11
5.5620033464566925
21
-3.8095321653543306
0
LINE
8
BLACK
6
CONTINUOUS
10
5.5620033464566925
20
-3.8095321653543306
11
5.5584055905511809
21
-3.8113848818897638
0
LINE
8
BLACK
6
CONTINUOUS
10
5.5584055905511809
20
-3.8113848818897638
11
5.5578649606299209
21
-3.8115917716535432
0
LINE
8
BLACK
6
CONTINUOUS
10
5.5578649606299209
20
-3.8115917716535432
11
5.5577591338582675
21
-3.811599251968504
0
LINE
8
BLACK
6
CONTINUOUS
10
5.5577591338582675
20
-3.811599251968504
11
5.5576611417322832
21
-3.8116398818897639
0
LINE
8
BLACK
6
CONTINUOUS
10
5.5576611417322832
20
-3.8116398818897639
11
5.5571622440944877
21
-3.8116416929133856
0
LINE
8
BLACK
6
CONTINUOUS
10
5.5571622440944877
20
-3.8116416929133856
11
5.5567157480314959
21
-3.8116734251968505
0
LINE
8
BLACK
6
CONTINUOUS
10
5.5567157480314959
20
-3.8116734251968505
11
5.5566264173228346
21
-3.8116436220472441
0
LINE
8
BLACK
6
CONTINUOUS
10
5.5566264173228346
20
-3.8116436220472441
11
5.5497282677165352
21
-3.8116687401574803
0
LINE
8
BLACK
6
CONTINUOUS
10
5.5497282677165352
20
-3.8116687401574803
11
5.5495890944881889
21
-3.8116966141732282
0
LINE
8
BLACK
6
CONTINUOUS
10
5.5495890944881889
20
-3.8116966141732282
11
5.5494534645669287
21
-3.8116697637795274
0
LINE
8
BLACK
6
CONTINUOUS
10
5.5494534645669287
20
-3.8116697637795274
11
5.5420869685039369
21
-3.8116966141732282
0
LINE
8
BLACK
6
CONTINUOUS
10
5.5420869685039369
20
-3.8116966141732282
11
5.541510905511811
21
-3.8116398818897639
0
LINE
8
BLACK
6
CONTINUOUS
10
5.541510905511811
20
-3.8116398818897639
11
5.5414129133858268
21
-3.8115992913385828
0
LINE
8
BLACK
6
CONTINUOUS
10
5.5414129133858268
20
-3.8115992913385828
11
5.5413070472440946
21
-3.8115917716535432
0
LINE
8
BLACK
6
CONTINUOUS
10
5.5413070472440946
20
-3.8115917716535432
11
5.5407952755905514
21
-3.8113434251968501
0
LINE
8
BLACK
6
CONTINUOUS
10
5.5407952755905514
20
-3.8113434251968501
11
5.5404464960629918
21
-3.8111989763779528
0
LINE
8
BLACK
6
CONTINUOUS
10
5.5404464960629918
20
-3.8111989763779528
11
5.5403983858267711
21
-3.8111508661417322
0
LINE
8
BLACK
6
CONTINUOUS
10
5.5403983858267711
20
-3.8111508661417322
11
5.5370169291338582
21
-3.8095101181102362
0
LINE
8
BLACK
6
CONTINUOUS
10
5.5370169291338582
20
-3.8095101181102362
11
5.5369205511811019
21
-3.8094494488188975
0
LINE
8
BLACK
6
CONTINUOUS
10
5.5369205511811019
20
-3.8094494488188975
11
5.5368751574803152
21
-3.8094343307086613
0
LINE
8
BLACK
6
CONTINUOUS
10
5.5368751574803152
20
-3.8094343307086613
11
5.5368185826771654
21
-3.8093852755905511
0
LINE
8
BLACK
6
CONTINUOUS
10
5.5368185826771654
20
-3.8093852755905511
11
5.5365270472440944
21
-3.8092017716535431
0
LINE
8
BLACK
6
CONTINUOUS
10
5.5365270472440944
20
-3.8092017716535431
11
5.5362844488188978
21
-3.8089220472440943
0
LINE
8
BLACK
6
CONTINUOUS
10
5.5362844488188978
20
-3.8089220472440943
11
5.5360047637795278
21
-3.8086794881889765
0
LINE
8
BLACK
6
CONTINUOUS
10
5.5360047637795278
20
-3.8086794881889765
11
5.5359033858267717
21
-3.8084826377952754
0
LINE
8
BLACK
6
CONTINUOUS
10
5.5359033858267717
20
-3.8084826377952754
11
5.5357722047244096
21
-3.8083313779527557
0
LINE
8
BLACK
6
CONTINUOUS
10
5.5357722047244096
20
-3.8083313779527557
11
5.5356743700787403
21
-3.8080378740157479
0
LINE
8
BLACK
6
CONTINUOUS
10
5.5356743700787403
20
-3.8080378740157479
11
5.5338216535433071
21
-3.8044400787401575
0
LINE
8
BLACK
6
CONTINUOUS
10
5.5338216535433071
20
-3.8044400787401575
11
5.5336147637795277
21
-3.8038994488188975
0
LINE
8
BLACK
6
CONTINUOUS
10
5.5336147637795277
20
-3.8038994488188975
11
5.5336072440944877
21
-3.8037936220472441
0
LINE
8
BLACK
6
CONTINUOUS
10
5.5336072440944877
20
-3.8037936220472441
11
5.533566653543307
21
-3.8036956299212599
0
LINE
8
BLACK
6
CONTINUOUS
10
5.533566653543307
20
-3.8036956299212599
11
5.5335629527559052
21
-3.8031703937007872
0
LINE
8
BLACK
6
CONTINUOUS
10
5.5335629527559052
20
-3.8031703937007872
11
5.5335331102362204
21
-3.8027502362204721
0
LINE
8
BLACK
6
CONTINUOUS
10
5.5335331102362204
20
-3.8027502362204721
11
5.5335594488188979
21
-3.8026711811023621
0
LINE
8
BLACK
6
CONTINUOUS
10
5.5335594488188979
20
-3.8026711811023621
11
5.5335099212598422
21
-3.7956205118110233
0
LINE
8
BLACK
6
CONTINUOUS
10
5.5335099212598422
20
-3.7956205118110233
11
5.533566653543307
21
-3.7950444488188975
0
LINE
8
BLACK
6
CONTINUOUS
10
5.533566653543307
20
-3.7950444488188975
11
5.5336072440944877
21
-3.7949464173228344
0
LINE
8
BLACK
6
CONTINUOUS
10
5.5336072440944877
20
-3.7949464173228344
11
5.5336147637795277
21
-3.7948406299212598
0
LINE
8
BLACK
6
CONTINUOUS
10
5.5336147637795277
20
-3.7948406299212598
11
5.5338629527559053
21
-3.7943290551181104
0
LINE
8
BLACK
6
CONTINUOUS
10
5.5338629527559053
20
-3.7943290551181104
11
5.5340075590551177
21
-3.7939800393700787
0
LINE
8
BLACK
6
CONTINUOUS
10
5.5340075590551177
20
-3.7939800393700787
11
5.5340556692913383
21
-3.7939318897637793
0
LINE
8
BLACK
6
CONTINUOUS
10
5.5340556692913383
20
-3.7939318897637793
11
5.5356964173228347
21
-3.7905504724409447
0
LINE
8
BLACK
6
CONTINUOUS
10
5.5356964173228347
20
-3.7905504724409447
11
5.5357570472440942
21
-3.7904540944881888
0
LINE
8
BLACK
6
CONTINUOUS
10
5.5357570472440942
20
-3.7904540944881888
11
5.5357722047244096
21
-3.7904087007874017
0
LINE
8
BLACK
6
CONTINUOUS
10
5.5357722047244096
20
-3.7904087007874017
11
5.5358212204724406
21
-3.7903521259842519
0
LINE
8
BLACK
6
CONTINUOUS
10
5.5358212204724406
20
-3.7903521259842519
11
5.5360047637795278
21
-3.7900605905511808
0
LINE
8
BLACK
6
CONTINUOUS
10
5.5360047637795278
20
-3.7900605905511808
11
5.5362844488188978
21
-3.7898179921259842
0
LINE
8
BLACK
6
CONTINUOUS
10
5.5362844488188978
20
-3.7898179921259842
11
5.5365270472440944
21
-3.7895383070866142
0
LINE
8
BLACK
6
CONTINUOUS
10
5.5365270472440944
20
-3.7895383070866142
11
5.5367238582677167
21
-3.7894369291338581
0
LINE
8
BLACK
6
CONTINUOUS
10
5.5367238582677167
20
-3.7894369291338581
11
5.5368751574803152
21
-3.789305748031496
0
LINE
8
BLACK
6
CONTINUOUS
10
5.5368751574803152
20
-3.789305748031496
11
5.5371686220472442
21
-3.7892079133858267
0
LINE
8
BLACK
6
CONTINUOUS
10
5.5371686220472442
20
-3.7892079133858267
11
5.5407664566929133
21
-3.7873551968503936
0
LINE
8
BLACK
6
CONTINUOUS
10
5.5407664566929133
20
-3.7873551968503936
11
5.5413070472440946
21
-3.7871483070866141
0
LINE
8
BLACK
6
CONTINUOUS
10
5.5413070472440946
20
-3.7871483070866141
11
5.5414129133858268
21
-3.7871407480314958
0
LINE
8
BLACK
6
CONTINUOUS
10
5.5414129133858268
20
-3.7871407480314958
11
5.541510905511811
21
-3.7871001968503935
0
LINE
8
BLACK
6
CONTINUOUS
10
5.541510905511811
20
-3.7871001968503935
11
5.5420912598425192
21
-3.7870925590551181
0
LINE
8
BLACK
6
CONTINUOUS
10
5.5420912598425192
20
-3.7870925590551181
11
5.5424562598425196
21
-3.7870666535433068
0
LINE
8
BLACK
6
CONTINUOUS
10
5.5424562598425196
20
-3.7870666535433068
11
5.5425172834645666
21
-3.787086968503937
0
LINE
8
BLACK
6
CONTINUOUS
10
5.5425172834645666
20
-3.787086968503937
11
5.5458331889763777
21
-3.7870435039370078
0
LINE
8
BLACK
6
CONTINUOUS
10
5.5458331889763777
20
-3.7870435039370078
11
5.5458334251968502
21
-3.7870434645669291
0
LINE
8
BLACK
6
CONTINUOUS
10
5.5458334251968502
20
-3.7870434645669291
11
5.5458335826771652
21
-3.7870434645669291
0
LINE
8
BLACK
6
CONTINUOUS
10
5.5458335826771652
20
-3.7870434645669291
11
5.545836496062992
21
-3.7870434645669291
0
LINE
8
BLACK
6
CONTINUOUS
10
5.545836496062992
20
-3.7870434645669291
11
5.5464125590551179
21
-3.7871001968503935
0
LINE
8
BLACK
6
CONTINUOUS
10
5.5427090551181104
20
-3.7929407874015748
11
5.5404902755905514
21
-3.7940833858267715
0
LINE
8
BLACK
6
CONTINUOUS
10
5.5404902755905514
20
-3.7940833858267715
11
5.5393681889763782
21
-3.7963959055118108
0
LINE
8
BLACK
6
CONTINUOUS
10
5.5393681889763782
20
-3.7963959055118108
11
5.5394111023622044
21
-3.8025049212598425
0
LINE
8
BLACK
6
CONTINUOUS
10
5.5394111023622044
20
-3.8025049212598425
11
5.5405498425196846
21
-3.8047162598425195
0
LINE
8
BLACK
6
CONTINUOUS
10
5.5405498425196846
20
-3.8047162598425195
11
5.5428716929133861
21
-3.8058428740157479
0
LINE
8
BLACK
6
CONTINUOUS
10
5.5428716929133861
20
-3.8058428740157479
11
5.5460379921259841
21
-3.805831338582677
0
LINE
8
BLACK
6
CONTINUOUS
10
5.5460379921259841
20
-3.805831338582677
11
5.5434193307086614
21
-3.7929314960629918
0
LINE
8
BLACK
6
CONTINUOUS
10
5.5434193307086614
20
-3.7929314960629918
11
5.5427090551181104
21
-3.7929407874015748
0
LINE
8
BLACK
6
CONTINUOUS
10
5.5381031496062993
20
-3.7594196062992125
11
5.5389177952755908
21
-3.7602342519685039
0
LINE
8
BLACK
6
CONTINUOUS
10
5.5389177952755908
20
-3.7602342519685039
11
5.5393587007874014
21
-3.7612986614173227
0
LINE
8
BLACK
6
CONTINUOUS
10
5.5393587007874014
20
-3.7612986614173227
11
5.5394072440944884
21
-3.7650021259842519
0
LINE
8
BLACK
6
CONTINUOUS
10
5.5394072440944884
20
-3.7650021259842519
11
5.5408057480314961
21
-3.7677179133858267
0
LINE
8
BLACK
6
CONTINUOUS
10
5.5408057480314961
20
-3.7677179133858267
11
5.5420391338582675
21
-3.7689086614173228
0
LINE
8
BLACK
6
CONTINUOUS
10
5.5420391338582675
20
-3.7689086614173228
11
5.5447181889763781
21
-3.7702085826771654
0
LINE
8
BLACK
6
CONTINUOUS
10
5.5447181889763781
20
-3.7702085826771654
11
5.5627094094488188
21
-3.7701705511811023
0
LINE
8
BLACK
6
CONTINUOUS
10
5.5627094094488188
20
-3.7701705511811023
11
5.5632854724409446
21
-3.7702272834645667
0
LINE
8
BLACK
6
CONTINUOUS
10
5.5632854724409446
20
-3.7702272834645667
11
5.5643498818897639
21
-3.7706681889763778
0
LINE
8
BLACK
6
CONTINUOUS
10
5.5643498818897639
20
-3.7706681889763778
11
5.5651645275590553
21
-3.7714828346456692
0
LINE
8
BLACK
6
CONTINUOUS
10
5.5651645275590553
20
-3.7714828346456692
11
5.565605433070866
21
-3.7725472440944881
0
LINE
8
BLACK
6
CONTINUOUS
10
5.565605433070866
20
-3.7725472440944881
11
5.565605433070866
21
-3.7736993700787402
0
LINE
8
BLACK
6
CONTINUOUS
10
5.565605433070866
20
-3.7736993700787402
11
5.5651645275590553
21
-3.774763779527559
0
LINE
8
BLACK
6
CONTINUOUS
10
5.5651645275590553
20
-3.774763779527559
11
5.5643498818897639
21
-3.7755784251968505
0
LINE
8
BLACK
6
CONTINUOUS
10
5.5643498818897639
20
-3.7755784251968505
11
5.5632854724409446
21
-3.7760193307086611
0
LINE
8
BLACK
6
CONTINUOUS
10
5.5632854724409446
20
-3.7760193307086611
11
5.5364626771653542
21
-3.7760760629921259
0
LINE
8
BLACK
6
CONTINUOUS
10
5.5364626771653542
20
-3.7760760629921259
11
5.5358866141732284
21
-3.7760193307086611
0
LINE
8
BLACK
6
CONTINUOUS
10
5.5358866141732284
20
-3.7760193307086611
11
5.5348222047244091
21
-3.7755784251968505
0
LINE
8
BLACK
6
CONTINUOUS
10
5.5348222047244091
20
-3.7755784251968505
11
5.5340075590551177
21
-3.774763779527559
0
LINE
8
BLACK
6
CONTINUOUS
10
5.5340075590551177
20
-3.774763779527559
11
5.533566653543307
21
-3.7736993700787402
0
LINE
8
BLACK
6
CONTINUOUS
10
5.533566653543307
20
-3.7736993700787402
11
5.533566653543307
21
-3.7725472440944881
0
LINE
8
BLACK
6
CONTINUOUS
10
5.533566653543307
20
-3.7725472440944881
11
5.5340075590551177
21
-3.7714828346456692
0
LINE
8
BLACK
6
CONTINUOUS
10
5.5340075590551177
20
-3.7714828346456692
11
5.5348222047244091
21
-3.7706681889763778
0
LINE
8
BLACK
6
CONTINUOUS
10
5.5348222047244091
20
-3.7706681889763778
11
5.535577834645669
21
-3.7703551574803149
0
LINE
8
BLACK
6
CONTINUOUS
10
5.535577834645669
20
-3.7703551574803149
11
5.5338216535433071
21
-3.7669447637795277
0
LINE
8
BLACK
6
CONTINUOUS
10
5.5338216535433071
20
-3.7669447637795277
11
5.5336147637795277
21
-3.7664041338582677
0
LINE
8
BLACK
6
CONTINUOUS
10
5.5336147637795277
20
-3.7664041338582677
11
5.5336072440944877
21
-3.7662983070866143
0
LINE
8
BLACK
6
CONTINUOUS
10
5.5336072440944877
20
-3.7662983070866143
11
5.533566653543307
21
-3.76620031496063
0
LINE
8
BLACK
6
CONTINUOUS
10
5.533566653543307
20
-3.76620031496063
11
5.5335590157480317
21
-3.7656198425196847
0
LINE
8
BLACK
6
CONTINUOUS
10
5.5335590157480317
20
-3.7656198425196847
11
5.5335331102362204
21
-3.7652549212598423
0
LINE
8
BLACK
6
CONTINUOUS
10
5.5335331102362204
20
-3.7652549212598423
11
5.5335534251968506
21
-3.7651938582677165
0
LINE
8
BLACK
6
CONTINUOUS
10
5.5335534251968506
20
-3.7651938582677165
11
5.5335099212598422
21
-3.7618747244094486
0
LINE
8
BLACK
6
CONTINUOUS
10
5.5335099212598422
20
-3.7618747244094486
11
5.533566653543307
21
-3.7612986614173227
0
LINE
8
BLACK
6
CONTINUOUS
10
5.533566653543307
20
-3.7612986614173227
11
5.5340075590551177
21
-3.7602342519685039
0
LINE
8
BLACK
6
CONTINUOUS
10
5.5340075590551177
20
-3.7602342519685039
11
5.5348222047244091
21
-3.7594196062992125
0
LINE
8
BLACK
6
CONTINUOUS
10
5.5348222047244091
20
-3.7594196062992125
11
5.5358866141732284
21
-3.7589787007874014
0
LINE
8
BLACK
6
CONTINUOUS
10
5.5358866141732284
20
-3.7589787007874014
11
5.5370387401574801
21
-3.7589787007874014
0
LINE
8
BLACK
6
CONTINUOUS
10
5.5370387401574801
20
-3.7589787007874014
11
5.5381031496062993
21
-3.7594196062992125
0
LINE
8
BLACK
6
CONTINUOUS
10
5.568099409448819
20
-3.7256738188976377
11
5.5689140551181104
21
-3.7264884645669292
0
LINE
8
BLACK
6
CONTINUOUS
10
5.5689140551181104
20
-3.7264884645669292
11
5.5693549606299211
21
-3.727552874015748
0
LINE
8
BLACK
6
CONTINUOUS
10
5.5693549606299211
20
-3.727552874015748
11
5.5694116929133859
21
-3.7581251968503935
0
LINE
8
BLACK
6
CONTINUOUS
10
5.5694116929133859
20
-3.7581251968503935
11
5.5693549606299211
21
-3.7587012598425198
0
LINE
8
BLACK
6
CONTINUOUS
10
5.5693549606299211
20
-3.7587012598425198
11
5.5689140551181104
21
-3.7597656692913386
0
LINE
8
BLACK
6
CONTINUOUS
10
5.5689140551181104
20
-3.7597656692913386
11
5.568099409448819
21
-3.7605803149606301
0
LINE
8
BLACK
6
CONTINUOUS
10
5.568099409448819
20
-3.7605803149606301
11
5.5670349999999997
21
-3.7610212204724407
0
LINE
8
BLACK
6
CONTINUOUS
10
5.5670349999999997
20
-3.7610212204724407
11
5.565882874015748
21
-3.7610212204724407
0
LINE
8
BLACK
6
CONTINUOUS
10
5.565882874015748
20
-3.7610212204724407
11
5.5648184645669287
21
-3.7605803149606301
0
LINE
8
BLACK
6
CONTINUOUS
10
5.5648184645669287
20
-3.7605803149606301
11
5.5640038188976373
21
-3.7597656692913386
0
LINE
8
BLACK
6
CONTINUOUS
10
5.5640038188976373
20
-3.7597656692913386
11
5.5635629133858266
21
-3.7587012598425198
0
LINE
8
BLACK
6
CONTINUOUS
10
5.5635629133858266
20
-3.7587012598425198
11
5.5635061811023618
21
-3.7281289370078738
0
LINE
8
BLACK
6
CONTINUOUS
10
5.5635061811023618
20
-3.7281289370078738
11
5.5635629133858266
21
-3.727552874015748
0
LINE
8
BLACK
6
CONTINUOUS
10
5.5635629133858266
20
-3.727552874015748
11
5.5640038188976373
21
-3.7264884645669292
0
LINE
8
BLACK
6
CONTINUOUS
10
5.5640038188976373
20
-3.7264884645669292
11
5.5648184645669287
21
-3.7256738188976377
0
LINE
8
BLACK
6
CONTINUOUS
10
5.5648184645669287
20
-3.7256738188976377
11
5.565882874015748
21
-3.7252329133858266
0
LINE
8
BLACK
6
CONTINUOUS
10
5.565882874015748
20
-3.7252329133858266
11
5.5670349999999997
21
-3.7252329133858266
0
LINE
8
BLACK
6
CONTINUOUS
10
5.5670349999999997
20
-3.7252329133858266
11
5.568099409448819
21
-3.7256738188976377
0
LINE
8
BLACK
6
CONTINUOUS
10
5.5557863779527557
20
-3.695236653543307
11
5.5558843700787399
21
-3.6952772440944881
0
LINE
8
BLACK
6
CONTINUOUS
10
5.5558843700787399
20
-3.6952772440944881
11
5.5559901968503933
21
-3.6952847637795276
0
LINE
8
BLACK
6
CONTINUOUS
10
5.5559901968503933
20
-3.6952847637795276
11
5.556501732283464
21
-3.6955329527559053
0
LINE
8
BLACK
6
CONTINUOUS
10
5.556501732283464
20
-3.6955329527559053
11
5.5568507874015749
21
-3.6956775590551181
0
LINE
8
BLACK
6
CONTINUOUS
10
5.5568507874015749
20
-3.6956775590551181
11
5.5568988976377955
21
-3.6957256692913383
0
LINE
8
BLACK
6
CONTINUOUS
10
5.5568988976377955
20
-3.6957256692913383
11
5.5602803543307084
21
-3.6973664173228347
0
LINE
8
BLACK
6
CONTINUOUS
10
5.5602803543307084
20
-3.6973664173228347
11
5.560528228346457
21
-3.6975224409448817
0
LINE
8
BLACK
6
CONTINUOUS
10
5.560528228346457
20
-3.6975224409448817
11
5.5606002755905513
21
-3.6975522834645669
0
LINE
8
BLACK
6
CONTINUOUS
10
5.5606002755905513
20
-3.6975522834645669
11
5.5606463779527555
21
-3.6975968110236219
0
LINE
8
BLACK
6
CONTINUOUS
10
5.5606463779527555
20
-3.6975968110236219
11
5.5607702362204723
21
-3.6976747637795273
0
LINE
8
BLACK
6
CONTINUOUS
10
5.5607702362204723
20
-3.6976747637795273
11
5.5609919291338583
21
-3.6979303937007875
0
LINE
8
BLACK
6
CONTINUOUS
10
5.5609919291338583
20
-3.6979303937007875
11
5.5629225196850394
21
-3.6997942519685036
0
LINE
8
BLACK
6
CONTINUOUS
10
5.5629225196850394
20
-3.6997942519685036
11
5.5631082677165349
21
-3.7000205905511812
0
LINE
8
BLACK
6
CONTINUOUS
10
5.5631082677165349
20
-3.7000205905511812
11
5.5631673228346452
21
-3.7000718110236219
0
LINE
8
BLACK
6
CONTINUOUS
10
5.5631673228346452
20
-3.7000718110236219
11
5.5631959448818895
21
-3.7001274409448817
0
LINE
8
BLACK
6
CONTINUOUS
10
5.5631959448818895
20
-3.7001274409448817
11
5.5632897637795278
21
-3.7002417322834646
0
LINE
8
BLACK
6
CONTINUOUS
10
5.5632897637795278
20
-3.7002417322834646
11
5.56343342519685
21
-3.7005885826771654
0
LINE
8
BLACK
6
CONTINUOUS
10
5.56343342519685
20
-3.7005885826771654
11
5.5653504330708659
21
-3.7043112204724409
0
LINE
8
BLACK
6
CONTINUOUS
10
5.5653504330708659
20
-3.7043112204724409
11
5.5655573228346453
21
-3.7048518110236222
0
LINE
8
BLACK
6
CONTINUOUS
10
5.5655573228346453
20
-3.7048518110236222
11
5.5655648425196853
21
-3.7049576771653543
0
LINE
8
BLACK
6
CONTINUOUS
10
5.5655648425196853
20
-3.7049576771653543
11
5.565605433070866
21
-3.7050556692913386
0
LINE
8
BLACK
6
CONTINUOUS
10
5.565605433070866
20
-3.7050556692913386
11
5.565607834645669
21
-3.7055631889763778
0
LINE
8
BLACK
6
CONTINUOUS
10
5.565607834645669
20
-3.7055631889763778
11
5.5656389763779526
21
-3.7060010236220471
0
LINE
8
BLACK
6
CONTINUOUS
10
5.5656389763779526
20
-3.7060010236220471
11
5.5656103543307083
21
-3.706086811023622
0
LINE
8
BLACK
6
CONTINUOUS
10
5.5656103543307083
20
-3.706086811023622
11
5.5656621653543308
21
-3.7168803149606298
0
LINE
8
BLACK
6
CONTINUOUS
10
5.5656621653543308
20
-3.7168803149606298
11
5.565605433070866
21
-3.7174563779527556
0
LINE
8
BLACK
6
CONTINUOUS
10
5.565605433070866
20
-3.7174563779527556
11
5.5655648425196853
21
-3.7175543307086611
0
LINE
8
BLACK
6
CONTINUOUS
10
5.5655648425196853
20
-3.7175543307086611
11
5.5655573228346453
21
-3.7176602362204725
0
LINE
8
BLACK
6
CONTINUOUS
10
5.5655573228346453
20
-3.7176602362204725
11
5.5653089763779526
21
-3.7181719685039369
0
LINE
8
BLACK
6
CONTINUOUS
10
5.5653089763779526
20
-3.7181719685039369
11
5.5651645275590553
21
-3.7185207874015749
0
LINE
8
BLACK
6
CONTINUOUS
10
5.5651645275590553
20
-3.7185207874015749
11
5.5651164173228347
21
-3.7185688582677163
0
LINE
8
BLACK
6
CONTINUOUS
10
5.5651164173228347
20
-3.7185688582677163
11
5.5634756692913383
21
-3.7219503543307084
0
LINE
8
BLACK
6
CONTINUOUS
10
5.5634756692913383
20
-3.7219503543307084
11
5.5633195669291338
21
-3.7221983464566928
0
LINE
8
BLACK
6
CONTINUOUS
10
5.5633195669291338
20
-3.7221983464566928
11
5.5632897637795278
21
-3.72227031496063
0
LINE
8
BLACK
6
CONTINUOUS
10
5.5632897637795278
20
-3.72227031496063
11
5.5632452362204727
21
-3.7223163779527559
0
LINE
8
BLACK
6
CONTINUOUS
10
5.5632452362204727
20
-3.7223163779527559
11
5.5631673228346452
21
-3.7224402362204723
0
LINE
8
BLACK
6
CONTINUOUS
10
5.5631673228346452
20
-3.7224402362204723
11
5.5629115354330709
21
-3.7226620078740158
0
LINE
8
BLACK
6
CONTINUOUS
10
5.5629115354330709
20
-3.7226620078740158
11
5.5610477165354331
21
-3.7245925590551181
0
LINE
8
BLACK
6
CONTINUOUS
10
5.5610477165354331
20
-3.7245925590551181
11
5.5606002755905513
21
-3.7249597637795273
0
LINE
8
BLACK
6
CONTINUOUS
10
5.5606002755905513
20
-3.7249597637795273
11
5.559535866141732
21
-3.7254006299212596
0
LINE
8
BLACK
6
CONTINUOUS
10
5.559535866141732
20
-3.7254006299212596
11
5.558383779527559
21
-3.7254006299212596
0
LINE
8
BLACK
6
CONTINUOUS
10
5.558383779527559
20
-3.7254006299212596
11
5.5573193700787398
21
-3.7249597244094486
0
LINE
8
BLACK
6
CONTINUOUS
10
5.5573193700787398
20
-3.7249597244094486
11
5.5565046850393696
21
-3.7241450393700788
0
LINE
8
BLACK
6
CONTINUOUS
10
5.5565046850393696
20
-3.7241450393700788
11
5.5560638188976377
21
-3.7230806299212595
0
LINE
8
BLACK
6
CONTINUOUS
10
5.5560638188976377
20
-3.7230806299212595
11
5.5560638188976377
21
-3.7219285433070866
0
LINE
8
BLACK
6
CONTINUOUS
10
5.5560638188976377
20
-3.7219285433070866
11
5.5565047244094483
21
-3.7208641338582678
0
LINE
8
BLACK
6
CONTINUOUS
10
5.5565047244094483
20
-3.7208641338582678
11
5.5584947637795272
21
-3.7188028740157479
0
LINE
8
BLACK
6
CONTINUOUS
10
5.5584947637795272
20
-3.7188028740157479
11
5.5598068503937004
21
-3.7160987401574803
0
LINE
8
BLACK
6
CONTINUOUS
10
5.5598068503937004
20
-3.7160987401574803
11
5.5597595669291335
21
-3.7062436614173229
0
LINE
8
BLACK
6
CONTINUOUS
10
5.5597595669291335
20
-3.7062436614173229
11
5.5583662992125982
21
-3.7035380708661418
0
LINE
8
BLACK
6
CONTINUOUS
10
5.5583662992125982
20
-3.7035380708661418
11
5.5571329133858267
21
-3.7023473228346457
0
LINE
8
BLACK
6
CONTINUOUS
10
5.5571329133858267
20
-3.7023473228346457
11
5.5544312598425192
21
-3.7010364173228347
0
LINE
8
BLACK
6
CONTINUOUS
10
5.5544312598425192
20
-3.7010364173228347
11
5.5464495275590551
21
-3.7010819291338581
0
LINE
8
BLACK
6
CONTINUOUS
10
5.5464495275590551
20
-3.7010819291338581
11
5.5437427952755902
21
-3.702475748031496
0
LINE
8
BLACK
6
CONTINUOUS
10
5.5437427952755902
20
-3.702475748031496
11
5.5425520866141733
21
-3.7037090944881887
0
LINE
8
BLACK
6
CONTINUOUS
10
5.5425520866141733
20
-3.7037090944881887
11
5.5412457480314963
21
-3.7064012992125983
0
LINE
8
BLACK
6
CONTINUOUS
10
5.5412457480314963
20
-3.7064012992125983
11
5.5412901968503938
21
-3.7112560236220471
0
LINE
8
BLACK
6
CONTINUOUS
10
5.5412901968503938
20
-3.7112560236220471
11
5.5412601574803144
21
-3.7115606692913383
0
LINE
8
BLACK
6
CONTINUOUS
10
5.5412601574803144
20
-3.7115606692913383
11
5.5412653543307089
21
-3.7116381496062991
0
LINE
8
BLACK
6
CONTINUOUS
10
5.5412653543307089
20
-3.7116381496062991
11
5.5412472834645667
21
-3.7116914960629921
0
LINE
8
BLACK
6
CONTINUOUS
10
5.5412472834645667
20
-3.7116914960629921
11
5.541233464566929
21
-3.711832086614173
0
LINE
8
BLACK
6
CONTINUOUS
10
5.541233464566929
20
-3.711832086614173
11
5.5410498425196852
21
-3.7122752755905513
0
LINE
8
BLACK
6
CONTINUOUS
10
5.5410498425196852
20
-3.7122752755905513
11
5.54089625984252
21
-3.7127295275590551
0
LINE
8
BLACK
6
CONTINUOUS
10
5.54089625984252
20
-3.7127295275590551
11
5.5408306692913385
21
-3.7128044881889761
0
LINE
8
BLACK
6
CONTINUOUS
10
5.5408306692913385
20
-3.7128044881889761
11
5.5407925590551184
21
-3.7128964960629922
0
LINE
8
BLACK
6
CONTINUOUS
10
5.5407925590551184
20
-3.7128964960629922
11
5.5404535433070867
21
-3.7132354724409447
0
LINE
8
BLACK
6
CONTINUOUS
10
5.5404535433070867
20
-3.7132354724409447
11
5.540137598425197
21
-3.7135966141732282
0
LINE
8
BLACK
6
CONTINUOUS
10
5.540137598425197
20
-3.7135966141732282
11
5.5400482283464569
21
-3.7136407874015749
0
LINE
8
BLACK
6
CONTINUOUS
10
5.5400482283464569
20
-3.7136407874015749
11
5.5399779133858269
21
-3.7137111417322832
0
LINE
8
BLACK
6
CONTINUOUS
10
5.5399779133858269
20
-3.7137111417322832
11
5.5395349606299211
21
-3.7138946062992124
0
LINE
8
BLACK
6
CONTINUOUS
10
5.5395349606299211
20
-3.7138946062992124
11
5.5391048425196852
21
-3.7141073228346455
0
LINE
8
BLACK
6
CONTINUOUS
10
5.5391048425196852
20
-3.7141073228346455
11
5.5390054724409445
21
-3.7141139370078737
0
LINE
8
BLACK
6
CONTINUOUS
10
5.5390054724409445
20
-3.7141139370078737
11
5.5389135039370077
21
-3.7141520472440943
0
LINE
8
BLACK
6
CONTINUOUS
10
5.5389135039370077
20
-3.7141520472440943
11
5.5384337795275593
21
-3.7141520472440943
0
LINE
8
BLACK
6
CONTINUOUS
10
5.5384337795275593
20
-3.7141520472440943
11
5.5379553149606302
21
-3.7141839370078737
0
LINE
8
BLACK
6
CONTINUOUS
10
5.5379553149606302
20
-3.7141839370078737
11
5.5378610236220469
21
-3.7141520472440943
0
LINE
8
BLACK
6
CONTINUOUS
10
5.5378610236220469
20
-3.7141520472440943
11
5.5377613779527559
21
-3.7141520472440943
0
LINE
8
BLACK
6
CONTINUOUS
10
5.5377613779527559
20
-3.7141520472440943
11
5.5373181496062989
21
-3.7139684251968501
0
LINE
8
BLACK
6
CONTINUOUS
10
5.5373181496062989
20
-3.7139684251968501
11
5.5368639370078743
21
-3.7138148425196849
0
LINE
8
BLACK
6
CONTINUOUS
10
5.5368639370078743
20
-3.7138148425196849
11
5.5367881496062994
21
-3.713748897637795
0
LINE
8
BLACK
6
CONTINUOUS
10
5.5367881496062994
20
-3.713748897637795
11
5.5366969685039367
21
-3.7137111417322832
0
LINE
8
BLACK
6
CONTINUOUS
10
5.5366969685039367
20
-3.7137111417322832
11
5.5363767716535435
21
-3.7133909448818896
0
LINE
8
BLACK
6
CONTINUOUS
10
5.5363767716535435
20
-3.7133909448818896
11
5.5262512992125981
21
-3.7045805118110233
0
LINE
8
BLACK
6
CONTINUOUS
10
5.5262512992125981
20
-3.7045805118110233
11
5.5262920866141734
21
-3.7225046062992124
0
LINE
8
BLACK
6
CONTINUOUS
10
5.5262920866141734
20
-3.7225046062992124
11
5.5262353543307086
21
-3.7230806692913383
0
LINE
8
BLACK
6
CONTINUOUS
10
5.5262353543307086
20
-3.7230806692913383
11
5.5257944488188979
21
-3.7241450787401575
0
LINE
8
BLACK
6
CONTINUOUS
10
5.5257944488188979
20
-3.7241450787401575
11
5.5249798031496065
21
-3.7249597244094486
0
LINE
8
BLACK
6
CONTINUOUS
10
5.5249798031496065
20
-3.7249597244094486
11
5.5239153937007872
21
-3.7254006299212596
0
LINE
8
BLACK
6
CONTINUOUS
10
5.5239153937007872
20
-3.7254006299212596
11
5.5227632677165355
21
-3.7254006299212596
0
LINE
8
BLACK
6
CONTINUOUS
10
5.5227632677165355
20
-3.7254006299212596
11
5.5216988582677162
21
-3.7249597244094486
0
LINE
8
BLACK
6
CONTINUOUS
10
5.5216988582677162
20
-3.7249597244094486
11
5.5208842125984248
21
-3.7241450787401575
0
LINE
8
BLACK
6
CONTINUOUS
10
5.5208842125984248
20
-3.7241450787401575
11
5.5204433070866141
21
-3.7230806692913383
0
LINE
8
BLACK
6
CONTINUOUS
10
5.5204433070866141
20
-3.7230806692913383
11
5.5203865748031493
21
-3.6981326771653542
0
LINE
8
BLACK
6
CONTINUOUS
10
5.5203865748031493
20
-3.6981326771653542
11
5.5204165748031491
21
-3.6978279921259842
0
LINE
8
BLACK
6
CONTINUOUS
10
5.5204165748031491
20
-3.6978279921259842
11
5.5204114173228342
21
-3.6977505511811022
0
LINE
8
BLACK
6
CONTINUOUS
10
5.5204114173228342
20
-3.6977505511811022
11
5.5204294488188976
21
-3.6976971653543305
0
LINE
8
BLACK
6
CONTINUOUS
10
5.5204294488188976
20
-3.6976971653543305
11
5.5204433070866141
21
-3.6975566141732283
0
LINE
8
BLACK
6
CONTINUOUS
10
5.5204433070866141
20
-3.6975566141732283
11
5.5206268897637791
21
-3.6971133858267717
0
LINE
8
BLACK
6
CONTINUOUS
10
5.5206268897637791
20
-3.6971133858267717
11
5.5207805118110231
21
-3.6966591732283463
0
LINE
8
BLACK
6
CONTINUOUS
10
5.5207805118110231
20
-3.6966591732283463
11
5.5208460629921259
21
-3.6965841732283464
0
LINE
8
BLACK
6
CONTINUOUS
10
5.5208460629921259
20
-3.6965841732283464
11
5.5208842125984248
21
-3.6964922047244095
0
LINE
8
BLACK
6
CONTINUOUS
10
5.5208842125984248
20
-3.6964922047244095
11
5.5212231889763776
21
-3.6961531889763779
0
LINE
8
BLACK
6
CONTINUOUS
10
5.5212231889763776
20
-3.6961531889763779
11
5.5215391732283461
21
-3.6957920866141731
0
LINE
8
BLACK
6
CONTINUOUS
10
5.5215391732283461
20
-3.6957920866141731
11
5.5216285039370074
21
-3.6957478740157481
0
LINE
8
BLACK
6
CONTINUOUS
10
5.5216285039370074
20
-3.6957478740157481
11
5.5216988582677162
21
-3.6956775590551181
0
LINE
8
BLACK
6
CONTINUOUS
10
5.5216988582677162
20
-3.6956775590551181
11
5.5221417716535433
21
-3.6954940551181101
0
LINE
8
BLACK
6
CONTINUOUS
10
5.5221417716535433
20
-3.6954940551181101
11
5.522571929133858
21
-3.6952813779527558
0
LINE
8
BLACK
6
CONTINUOUS
10
5.522571929133858
20
-3.6952813779527558
11
5.5226712598425198
21
-3.6952747244094488
0
LINE
8
BLACK
6
CONTINUOUS
10
5.5226712598425198
20
-3.6952747244094488
11
5.5227632677165355
21
-3.695236653543307
0
LINE
8
BLACK
6
CONTINUOUS
10
5.5227632677165355
20
-3.695236653543307
11
5.5232429921259838
21
-3.695236653543307
0
LINE
8
BLACK
6
CONTINUOUS
10
5.5232429921259838
20
-3.695236653543307
11
5.5237214566929129
21
-3.6952047637795276
0
LINE
8
BLACK
6
CONTINUOUS
10
5.5237214566929129
20
-3.6952047637795276
11
5.5238157480314962
21
-3.695236653543307
0
LINE
8
BLACK
6
CONTINUOUS
10
5.5238157480314962
20
-3.695236653543307
11
5.5239153937007872
21
-3.695236653543307
0
LINE
8
BLACK
6
CONTINUOUS
10
5.5239153937007872
20
-3.695236653543307
11
5.5243585826771655
21
-3.6954202362204724
0
LINE
8
BLACK
6
CONTINUOUS
10
5.5243585826771655
20
-3.6954202362204724
11
5.5248128346456689
21
-3.6955738582677164
0
LINE
8
BLACK
6
CONTINUOUS
10
5.5248128346456689
20
-3.6955738582677164
11
5.524888582677165
21
-3.6956397637795275
0
LINE
8
BLACK
6
CONTINUOUS
10
5.524888582677165
20
-3.6956397637795275
11
5.5249798031496065
21
-3.6956775590551181
0
LINE
8
BLACK
6
CONTINUOUS
10
5.5249798031496065
20
-3.6956775590551181
11
5.5252999606299209
21
-3.695997716535433
0
LINE
8
BLACK
6
CONTINUOUS
10
5.5252999606299209
20
-3.695997716535433
11
5.5354887007874014
21
-3.7048631889763777
0
LINE
8
BLACK
6
CONTINUOUS
10
5.5354887007874014
20
-3.7048631889763777
11
5.5354895275590552
21
-3.7048518503937009
0
LINE
8
BLACK
6
CONTINUOUS
10
5.5354895275590552
20
-3.7048518503937009
11
5.5357377165354329
21
-3.704340275590551
0
LINE
8
BLACK
6
CONTINUOUS
10
5.5357377165354329
20
-3.704340275590551
11
5.5358823228346452
21
-3.7039912598425198
0
LINE
8
BLACK
6
CONTINUOUS
10
5.5358823228346452
20
-3.7039912598425198
11
5.5359304330708659
21
-3.7039431102362204
0
LINE
8
BLACK
6
CONTINUOUS
10
5.5359304330708659
20
-3.7039431102362204
11
5.5375711811023622
21
-3.7005616929133858
0
LINE
8
BLACK
6
CONTINUOUS
10
5.5375711811023622
20
-3.7005616929133858
11
5.537727244094488
21
-3.7003136614173227
0
LINE
8
BLACK
6
CONTINUOUS
10
5.537727244094488
20
-3.7003136614173227
11
5.5377570866141728
21
-3.7002417322834646
0
LINE
8
BLACK
6
CONTINUOUS
10
5.5377570866141728
20
-3.7002417322834646
11
5.5378015748031491
21
-3.7001956299212599
0
LINE
8
BLACK
6
CONTINUOUS
10
5.5378015748031491
20
-3.7001956299212599
11
5.5378795275590553
21
-3.7000718110236219
0
LINE
8
BLACK
6
CONTINUOUS
10
5.5378795275590553
20
-3.7000718110236219
11
5.5381351968503933
21
-3.6998500393700788
0
LINE
8
BLACK
6
CONTINUOUS
10
5.5381351968503933
20
-3.6998500393700788
11
5.53999905511811
21
-3.6979195275590548
0
LINE
8
BLACK
6
CONTINUOUS
10
5.53999905511811
20
-3.6979195275590548
11
5.540225393700787
21
-3.6977337401574801
0
LINE
8
BLACK
6
CONTINUOUS
10
5.540225393700787
20
-3.6977337401574801
11
5.5402765748031495
21
-3.6976747637795273
0
LINE
8
BLACK
6
CONTINUOUS
10
5.5402765748031495
20
-3.6976747637795273
11
5.5403322047244092
21
-3.6976461023622047
0
LINE
8
BLACK
6
CONTINUOUS
10
5.5403322047244092
20
-3.6976461023622047
11
5.5404464960629918
21
-3.6975523228346456
0
LINE
8
BLACK
6
CONTINUOUS
10
5.5404464960629918
20
-3.6975523228346456
11
5.5407933464566925
21
-3.6974086220472442
0
LINE
8
BLACK
6
CONTINUOUS
10
5.5407933464566925
20
-3.6974086220472442
11
5.5445159842519685
21
-3.6954916535433071
0
LINE
8
BLACK
6
CONTINUOUS
10
5.5445159842519685
20
-3.6954916535433071
11
5.5450565748031497
21
-3.6952847637795276
0
LINE
8
BLACK
6
CONTINUOUS
10
5.5450565748031497
20
-3.6952847637795276
11
5.5451624409448819
21
-3.6952772047244093
0
LINE
8
BLACK
6
CONTINUOUS
10
5.5451624409448819
20
-3.6952772047244093
11
5.5452604330708661
21
-3.695236653543307
0
LINE
8
BLACK
6
CONTINUOUS
10
5.5452604330708661
20
-3.695236653543307
11
5.5457749606299211
21
-3.6952337007874014
0
LINE
8
BLACK
6
CONTINUOUS
10
5.5457749606299211
20
-3.6952337007874014
11
5.5462057874015747
21
-3.6952031102362204
0
LINE
8
BLACK
6
CONTINUOUS
10
5.5462057874015747
20
-3.6952031102362204
11
5.5462888188976374
21
-3.6952307874015746
0
LINE
8
BLACK
6
CONTINUOUS
10
5.5462888188976374
20
-3.6952307874015746
11
5.5552103149606298
21
-3.6951799212598426
0
LINE
8
BLACK
6
CONTINUOUS
10
5.5552103149606298
20
-3.6951799212598426
11
5.5557863779527557
21
-3.695236653543307
0
LINE
8
BLACK
6
CONTINUOUS
10
5.568099409448819
20
-3.6581822440944882
11
5.5689140551181104
21
-3.6589968897637792
0
LINE
8
BLACK
6
CONTINUOUS
10
5.5689140551181104
20
-3.6589968897637792
11
5.5693549606299211
21
-3.6600612992125985
0
LINE
8
BLACK
6
CONTINUOUS
10
5.5693549606299211
20
-3.6600612992125985
11
5.5694116929133859
21
-3.690633622047244
0
LINE
8
BLACK
6
CONTINUOUS
10
5.5694116929133859
20
-3.690633622047244
11
5.5693549606299211
21
-3.6912096850393699
0
LINE
8
BLACK
6
CONTINUOUS
10
5.5693549606299211
20
-3.6912096850393699
11
5.5689140551181104
21
-3.6922740944881891
0
LINE
8
BLACK
6
CONTINUOUS
10
5.5689140551181104
20
-3.6922740944881891
11
5.568099409448819
21
-3.6930887401574801
0
LINE
8
BLACK
6
CONTINUOUS
10
5.568099409448819
20
-3.6930887401574801
11
5.5670349999999997
21
-3.6935296456692912
0
LINE
8
BLACK
6
CONTINUOUS
10
5.5670349999999997
20
-3.6935296456692912
11
5.565882874015748
21
-3.6935296456692912
0
LINE
8
BLACK
6
CONTINUOUS
10
5.565882874015748
20
-3.6935296456692912
11
5.5648184645669287
21
-3.6930887401574801
0
LINE
8
BLACK
6
CONTINUOUS
10
5.5648184645669287
20
-3.6930887401574801
11
5.5640038188976373
21
-3.6922740944881891
0
LINE
8
BLACK
6
CONTINUOUS
10
5.5640038188976373
20
-3.6922740944881891
11
5.5635629133858266
21
-3.6912096850393699
0
LINE
8
BLACK
6
CONTINUOUS
10
5.5635629133858266
20
-3.6912096850393699
11
5.5635061811023618
21
-3.6606373622047244
0
LINE
8
BLACK
6
CONTINUOUS
10
5.5635061811023618
20
-3.6606373622047244
11
5.5635629133858266
21
-3.6600612992125985
0
LINE
8
BLACK
6
CONTINUOUS
10
5.5635629133858266
20
-3.6600612992125985
11
5.5640038188976373
21
-3.6589968897637792
0
LINE
8
BLACK
6
CONTINUOUS
10
5.5640038188976373
20
-3.6589968897637792
11
5.5648184645669287
21
-3.6581822440944882
0
LINE
8
BLACK
6
CONTINUOUS
10
5.5648184645669287
20
-3.6581822440944882
11
5.565882874015748
21
-3.6577413385826771
0
LINE
8
BLACK
6
CONTINUOUS
10
5.565882874015748
20
-3.6577413385826771
11
5.5670349999999997
21
-3.6577413385826771
0
LINE
8
BLACK
6
CONTINUOUS
10
5.5670349999999997
20
-3.6577413385826771
11
5.568099409448819
21
-3.6581822440944882
0
LINE
8
BLACK
6
CONTINUOUS
10
5.5557863779527557
20
-3.6258703149606299
11
5.5558843700787399
21
-3.6259109055118111
0
LINE
8
BLACK
6
CONTINUOUS
10
5.5558843700787399
20
-3.6259109055118111
11
5.5559901968503933
21
-3.6259184251968501
0
LINE
8
BLACK
6
CONTINUOUS
10
5.5559901968503933
20
-3.6259184251968501
11
5.556501732283464
21
-3.6261666141732283
0
LINE
8
BLACK
6
CONTINUOUS
10
5.556501732283464
20
-3.6261666141732283
11
5.5568507874015749
21
-3.626311220472441
0
LINE
8
BLACK
6
CONTINUOUS
10
5.5568507874015749
20
-3.626311220472441
11
5.5568988976377955
21
-3.6263593307086612
0
LINE
8
BLACK
6
CONTINUOUS
10
5.5568988976377955
20
-3.6263593307086612
11
5.5602803543307084
21
-3.6280000787401576
0
LINE
8
BLACK
6
CONTINUOUS
10
5.5602803543307084
20
-3.6280000787401576
11
5.560528228346457
21
-3.6281561023622046
0
LINE
8
BLACK
6
CONTINUOUS
10
5.560528228346457
20
-3.6281561023622046
11
5.5606002755905513
21
-3.6281859448818898
0
LINE
8
BLACK
6
CONTINUOUS
10
5.5606002755905513
20
-3.6281859448818898
11
5.5606463779527555
21
-3.6282304724409449
0
LINE
8
BLACK
6
CONTINUOUS
10
5.5606463779527555
20
-3.6282304724409449
11
5.5607702362204723
21
-3.6283084251968503
0
LINE
8
BLACK
6
CONTINUOUS
10
5.5607702362204723
20
-3.6283084251968503
11
5.5609919291338583
21
-3.62856405511811
0
LINE
8
BLACK
6
CONTINUOUS
10
5.5609919291338583
20
-3.62856405511811
11
5.5629225196850394
21
-3.6304279133858266
0
LINE
8
BLACK
6
CONTINUOUS
10
5.5629225196850394
20
-3.6304279133858266
11
5.5631082677165349
21
-3.6306542519685037
0
LINE
8
BLACK
6
CONTINUOUS
10
5.5631082677165349
20
-3.6306542519685037
11
5.5631673228346452
21
-3.6307054724409449
0
LINE
8
BLACK
6
CONTINUOUS
10
5.5631673228346452
20
-3.6307054724409449
11
5.5631959448818895
21
-3.6307611023622046
0
LINE
8
BLACK
6
CONTINUOUS
10
5.5631959448818895
20
-3.6307611023622046
11
5.5632897637795278
21
-3.6308753937007872
0
LINE
8
BLACK
6
CONTINUOUS
10
5.5632897637795278
20
-3.6308753937007872
11
5.56343342519685
21
-3.6312222440944879
0
LINE
8
BLACK
6
CONTINUOUS
10
5.56343342519685
20
-3.6312222440944879
11
5.5653504330708659
21
-3.6349448818897638
0
LINE
8
BLACK
6
CONTINUOUS
10
5.5653504330708659
20
-3.6349448818897638
11
5.5655573228346453
21
-3.6354854724409447
0
LINE
8
BLACK
6
CONTINUOUS
10
5.5655573228346453
20
-3.6354854724409447
11
5.5655648425196853
21
-3.6355913385826772
0
LINE
8
BLACK
6
CONTINUOUS
10
5.5655648425196853
20
-3.6355913385826772
11
5.565605433070866
21
-3.6356893307086615
0
LINE
8
BLACK
6
CONTINUOUS
10
5.565605433070866
20
-3.6356893307086615
11
5.5656072440944877
21
-3.6361881496062991
0
LINE
8
BLACK
6
CONTINUOUS
10
5.5656072440944877
20
-3.6361881496062991
11
5.5656389763779526
21
-3.63663468503937
0
LINE
8
BLACK
6
CONTINUOUS
10
5.5656389763779526
20
-3.63663468503937
11
5.5656091732283466
21
-3.6367239763779526
0
LINE
8
BLACK
6
CONTINUOUS
10
5.5656091732283466
20
-3.6367239763779526
11
5.5656621653543308
21
-3.6512635039370078
0
LINE
8
BLACK
6
CONTINUOUS
10
5.5656621653543308
20
-3.6512635039370078
11
5.565605433070866
21
-3.6518395669291337
0
LINE
8
BLACK
6
CONTINUOUS
10
5.565605433070866
20
-3.6518395669291337
11
5.5651645275590553
21
-3.6529039763779525
0
LINE
8
BLACK
6
CONTINUOUS
10
5.5651645275590553
20
-3.6529039763779525
11
5.5643498818897639
21
-3.653718622047244
0
LINE
8
BLACK
6
CONTINUOUS
10
5.5643498818897639
20
-3.653718622047244
11
5.5632854724409446
21
-3.654159527559055
0
LINE
8
BLACK
6
CONTINUOUS
10
5.5632854724409446
20
-3.654159527559055
11
5.5233393307086613
21
-3.6542162598425194
0
LINE
8
BLACK
6
CONTINUOUS
10
5.5233393307086613
20
-3.6542162598425194
11
5.5227632677165355
21
-3.654159527559055
0
LINE
8
BLACK
6
CONTINUOUS
10
5.5227632677165355
20
-3.654159527559055
11
5.5216988582677162
21
-3.653718622047244
0
LINE
8
BLACK
6
CONTINUOUS
10
5.5216988582677162
20
-3.653718622047244
11
5.5208842125984248
21
-3.6529039763779525
0
LINE
8
BLACK
6
CONTINUOUS
10
5.5208842125984248
20
-3.6529039763779525
11
5.5204433070866141
21
-3.6518395669291337
0
LINE
8
BLACK
6
CONTINUOUS
10
5.5204433070866141
20
-3.6518395669291337
11
5.5203865748031493
21
-3.6381401574803149
0
LINE
8
BLACK
6
CONTINUOUS
10
5.5203865748031493
20
-3.6381401574803149
11
5.5204433070866141
21
-3.6375640944881891
0
LINE
8
BLACK
6
CONTINUOUS
10
5.5204433070866141
20
-3.6375640944881891
11
5.5204838976377948
21
-3.637466062992126
0
LINE
8
BLACK
6
CONTINUOUS
10
5.5204838976377948
20
-3.637466062992126
11
5.5204914173228348
21
-3.637360275590551
0
LINE
8
BLACK
6
CONTINUOUS
10
5.5204914173228348
20
-3.637360275590551
11
5.5207396062992125
21
-3.6368487007874015
0
LINE
8
BLACK
6
CONTINUOUS
10
5.5207396062992125
20
-3.6368487007874015
11
5.5208842125984248
21
-3.6364996850393698
0
LINE
8
BLACK
6
CONTINUOUS
10
5.5208842125984248
20
-3.6364996850393698
11
5.5209323228346454
21
-3.6364515354330709
0
LINE
8
BLACK
6
CONTINUOUS
10
5.5209323228346454
20
-3.6364515354330709
11
5.5225730708661418
21
-3.6330701181102363
0
LINE
8
BLACK
6
CONTINUOUS
10
5.5225730708661418
20
-3.6330701181102363
11
5.5227291338582676
21
-3.6328220866141732
0
LINE
8
BLACK
6
CONTINUOUS
10
5.5227291338582676
20
-3.6328220866141732
11
5.5227589763779523
21
-3.6327501574803147
0
LINE
8
BLACK
6
CONTINUOUS
10
5.5227589763779523
20
-3.6327501574803147
11
5.5228034645669286
21
-3.63270405511811
0
LINE
8
BLACK
6
CONTINUOUS
10
5.5228034645669286
20
-3.63270405511811
11
5.5228814173228349
21
-3.6325802362204724
0
LINE
8
BLACK
6
CONTINUOUS
10
5.5228814173228349
20
-3.6325802362204724
11
5.5231370866141729
21
-3.6323584645669289
0
LINE
8
BLACK
6
CONTINUOUS
10
5.5231370866141729
20
-3.6323584645669289
11
5.5250009448818895
21
-3.6304279527559054
0
LINE
8
BLACK
6
CONTINUOUS
10
5.5250009448818895
20
-3.6304279527559054
11
5.5252272834645666
21
-3.6302421653543306
0
LINE
8
BLACK
6
CONTINUOUS
10
5.5252272834645666
20
-3.6302421653543306
11
5.5252784645669291
21
-3.6301831889763778
0
LINE
8
BLACK
6
CONTINUOUS
10
5.5252784645669291
20
-3.6301831889763778
11
5.5253340944881888
21
-3.6301545275590552
0
LINE
8
BLACK
6
CONTINUOUS
10
5.5253340944881888
20
-3.6301545275590552
11
5.5254483858267713
21
-3.6300607480314961
0
LINE
8
BLACK
6
CONTINUOUS
10
5.5254483858267713
20
-3.6300607480314961
11
5.5257952362204721
21
-3.6299170472440943
0
LINE
8
BLACK
6
CONTINUOUS
10
5.5257952362204721
20
-3.6299170472440943
11
5.529517874015748
21
-3.6280000787401576
0
LINE
8
BLACK
6
CONTINUOUS
10
5.529517874015748
20
-3.6280000787401576
11
5.5300584645669293
21
-3.6277931889763777
0
LINE
8
BLACK
6
CONTINUOUS
10
5.5300584645669293
20
-3.6277931889763777
11
5.5301643307086614
21
-3.6277856299212599
0
LINE
8
BLACK
6
CONTINUOUS
10
5.5301643307086614
20
-3.6277856299212599
11
5.5302623228346457
21
-3.6277450787401575
0
LINE
8
BLACK
6
CONTINUOUS
10
5.5302623228346457
20
-3.6277450787401575
11
5.5308426771653538
21
-3.6277374409448817
0
LINE
8
BLACK
6
CONTINUOUS
10
5.5308426771653538
20
-3.6277374409448817
11
5.5312076771653542
21
-3.6277115354330709
0
LINE
8
BLACK
6
CONTINUOUS
10
5.5312076771653542
20
-3.6277115354330709
11
5.5312687007874013
21
-3.6277318503937006
0
LINE
8
BLACK
6
CONTINUOUS
10
5.5312687007874013
20
-3.6277318503937006
11
5.5345879133858267
21
-3.6276883464566927
0
LINE
8
BLACK
6
CONTINUOUS
10
5.5345879133858267
20
-3.6276883464566927
11
5.5351639763779525
21
-3.6277450787401575
0
LINE
8
BLACK
6
CONTINUOUS
10
5.5351639763779525
20
-3.6277450787401575
11
5.5352619685039368
21
-3.6277856692913386
0
LINE
8
BLACK
6
CONTINUOUS
10
5.5352619685039368
20
-3.6277856692913386
11
5.5353677952755902
21
-3.6277931889763777
0
LINE
8
BLACK
6
CONTINUOUS
10
5.5353677952755902
20
-3.6277931889763777
11
5.5358793307086609
21
-3.6280413779527558
0
LINE
8
BLACK
6
CONTINUOUS
10
5.5358793307086609
20
-3.6280413779527558
11
5.5362283858267718
21
-3.6281859842519686
0
LINE
8
BLACK
6
CONTINUOUS
10
5.5362283858267718
20
-3.6281859842519686
11
5.5362764960629924
21
-3.6282340944881888
0
LINE
8
BLACK
6
CONTINUOUS
10
5.5362764960629924
20
-3.6282340944881888
11
5.5396579527559053
21
-3.6298748425196852
0
LINE
8
BLACK
6
CONTINUOUS
10
5.5396579527559053
20
-3.6298748425196852
11
5.5399059448818893
21
-3.630030905511811
0
LINE
8
BLACK
6
CONTINUOUS
10
5.5399059448818893
20
-3.630030905511811
11
5.5399779133858269
21
-3.6300607480314961
0
LINE
8
BLACK
6
CONTINUOUS
10
5.5399779133858269
20
-3.6300607480314961
11
5.5400239763779524
21
-3.6301052362204724
0
LINE
8
BLACK
6
CONTINUOUS
10
5.5400239763779524
20
-3.6301052362204724
11
5.5401478346456692
21
-3.6301831889763778
0
LINE
8
BLACK
6
CONTINUOUS
10
5.5401478346456692
20
-3.6301831889763778
11
5.540369566929134
21
-3.6304388582677163
0
LINE
8
BLACK
6
CONTINUOUS
10
5.540369566929134
20
-3.6304388582677163
11
5.5412789370078741
21
-3.631316811023622
0
LINE
8
BLACK
6
CONTINUOUS
10
5.5412789370078741
20
-3.631316811023622
11
5.5413964960629922
21
-3.6310535826771653
0
LINE
8
BLACK
6
CONTINUOUS
10
5.5413964960629922
20
-3.6310535826771653
11
5.5414659842519685
21
-3.6309734251968502
0
LINE
8
BLACK
6
CONTINUOUS
10
5.5414659842519685
20
-3.6309734251968502
11
5.5415066141732279
21
-3.6308753937007872
0
LINE
8
BLACK
6
CONTINUOUS
10
5.5415066141732279
20
-3.6308753937007872
11
5.54194374015748
21
-3.630422559055118
0
LINE
8
BLACK
6
CONTINUOUS
10
5.54194374015748
20
-3.630422559055118
11
5.5421513779527558
21
-3.6301832283464566
0
LINE
8
BLACK
6
CONTINUOUS
10
5.5421513779527558
20
-3.6301832283464566
11
5.5421967716535434
21
-3.6301605118110234
0
LINE
8
BLACK
6
CONTINUOUS
10
5.5421967716535434
20
-3.6301605118110234
11
5.5437485826771651
21
-3.6285531889763778
0
LINE
8
BLACK
6
CONTINUOUS
10
5.5437485826771651
20
-3.6285531889763778
11
5.5439749212598421
21
-3.6283674015748031
0
LINE
8
BLACK
6
CONTINUOUS
10
5.5439749212598421
20
-3.6283674015748031
11
5.5440261023622046
21
-3.6283084251968503
0
LINE
8
BLACK
6
CONTINUOUS
10
5.5440261023622046
20
-3.6283084251968503
11
5.5440817322834643
21
-3.6282797637795277
0
LINE
8
BLACK
6
CONTINUOUS
10
5.5440817322834643
20
-3.6282797637795277
11
5.5441960236220469
21
-3.6281859842519686
0
LINE
8
BLACK
6
CONTINUOUS
10
5.5441960236220469
20
-3.6281859842519686
11
5.5445428740157476
21
-3.6280422834645667
0
LINE
8
BLACK
6
CONTINUOUS
10
5.5445428740157476
20
-3.6280422834645667
11
5.5482655118110236
21
-3.6261253149606296
0
LINE
8
BLACK
6
CONTINUOUS
10
5.5482655118110236
20
-3.6261253149606296
11
5.5488061023622048
21
-3.6259184251968501
0
LINE
8
BLACK
6
CONTINUOUS
10
5.5488061023622048
20
-3.6259184251968501
11
5.548911968503937
21
-3.6259108661417323
0
LINE
8
BLACK
6
CONTINUOUS
10
5.548911968503937
20
-3.6259108661417323
11
5.5490099606299212
21
-3.6258703149606299
0
LINE
8
BLACK
6
CONTINUOUS
10
5.5490099606299212
20
-3.6258703149606299
11
5.5495531496062993
21
-3.6258653149606297
0
LINE
8
BLACK
6
CONTINUOUS
10
5.5495531496062993
20
-3.6258653149606297
11
5.5499553149606298
21
-3.6258367716535433
0
LINE
8
BLACK
6
CONTINUOUS
10
5.5499553149606298
20
-3.6258367716535433
11
5.5500279921259841
21
-3.6258609842519682
0
LINE
8
BLACK
6
CONTINUOUS
10
5.5500279921259841
20
-3.6258609842519682
11
5.5552103149606298
21
-3.6258135826771651
0
LINE
8
BLACK
6
CONTINUOUS
10
5.5552103149606298
20
-3.6258135826771651
11
5.5557863779527557
21
-3.6258703149606299
0
LINE
8
BLACK
6
CONTINUOUS
10
5.5314604724409451
20
-3.6335856692913384
11
5.5287446850393698
21
-3.6349841732283465
0
LINE
8
BLACK
6
CONTINUOUS
10
5.5287446850393698
20
-3.6349841732283465
11
5.5275539763779529
21
-3.6362175196850393
0
LINE
8
BLACK
6
CONTINUOUS
10
5.5275539763779529
20
-3.6362175196850393
11
5.5262409448818897
21
-3.6389235039370078
0
LINE
8
BLACK
6
CONTINUOUS
10
5.5262409448818897
20
-3.6389235039370078
11
5.5262800393700786
21
-3.6483624803149604
0
LINE
8
BLACK
6
CONTINUOUS
10
5.5262800393700786
20
-3.6483624803149604
11
5.5391764566929131
21
-3.6483441338582678
0
LINE
8
BLACK
6
CONTINUOUS
10
5.5391764566929131
20
-3.6483441338582678
11
5.5391367322834641
21
-3.6387512992125983
0
LINE
8
BLACK
6
CONTINUOUS
10
5.5391367322834641
20
-3.6387512992125983
11
5.5377438582677163
21
-3.6360464566929132
0
LINE
8
BLACK
6
CONTINUOUS
10
5.5377438582677163
20
-3.6360464566929132
11
5.5365105118110236
21
-3.6348557480314958
0
LINE
8
BLACK
6
CONTINUOUS
10
5.5365105118110236
20
-3.6348557480314958
11
5.5338290157480312
21
-3.6335546062992123
0
LINE
8
BLACK
6
CONTINUOUS
10
5.5338290157480312
20
-3.6335546062992123
11
5.5314604724409451
21
-3.6335856692913384
0
LINE
8
BLACK
6
CONTINUOUS
10
5.5502032283464562
20
-3.6317134251968501
11
5.5474923228346453
21
-3.633109409448819
0
LINE
8
BLACK
6
CONTINUOUS
10
5.5474923228346453
20
-3.633109409448819
11
5.5464789763779523
21
-3.63415905511811
0
LINE
8
BLACK
6
CONTINUOUS
10
5.5464789763779523
20
-3.63415905511811
11
5.5449879527559052
21
-3.6387655905511811
0
LINE
8
BLACK
6
CONTINUOUS
10
5.5449879527559052
20
-3.6387655905511811
11
5.5450275984251967
21
-3.6483358267716532
0
LINE
8
BLACK
6
CONTINUOUS
10
5.5450275984251967
20
-3.6483358267716532
11
5.5598005118110239
21
-3.6483148425196847
0
LINE
8
BLACK
6
CONTINUOUS
10
5.5598005118110239
20
-3.6483148425196847
11
5.559758858267716
21
-3.6368759448818895
0
LINE
8
BLACK
6
CONTINUOUS
10
5.559758858267716
20
-3.6368759448818895
11
5.5583662992125982
21
-3.6341717322834644
0
LINE
8
BLACK
6
CONTINUOUS
10
5.5583662992125982
20
-3.6341717322834644
11
5.5571329133858267
21
-3.6329809842519682
0
LINE
8
BLACK
6
CONTINUOUS
10
5.5571329133858267
20
-3.6329809842519682
11
5.5544407086614171
21
-3.6316746456692912
0
LINE
8
BLACK
6
CONTINUOUS
10
5.5544407086614171
20
-3.6316746456692912
11
5.5502032283464562
21
-3.6317134251968501
0
LINE
8
BLACK
6
CONTINUOUS
10
5.5381031496062993
20
-3.598189724409449
11
5.5389177952755908
21
-3.59900437007874
0
LINE
8
BLACK
6
CONTINUOUS
10
5.5389177952755908
20
-3.59900437007874
11
5.5393587007874014
21
-3.6000687795275588
0
LINE
8
BLACK
6
CONTINUOUS
10
5.5393587007874014
20
-3.6000687795275588
11
5.5394072440944884
21
-3.6037722440944879
0
LINE
8
BLACK
6
CONTINUOUS
10
5.5394072440944884
20
-3.6037722440944879
11
5.5408057480314961
21
-3.6064880314960628
0
LINE
8
BLACK
6
CONTINUOUS
10
5.5408057480314961
20
-3.6064880314960628
11
5.5420391338582675
21
-3.6076787795275589
0
LINE
8
BLACK
6
CONTINUOUS
10
5.5420391338582675
20
-3.6076787795275589
11
5.5447181889763781
21
-3.6089787007874015
0
LINE
8
BLACK
6
CONTINUOUS
10
5.5447181889763781
20
-3.6089787007874015
11
5.5627094094488188
21
-3.6089406692913384
0
LINE
8
BLACK
6
CONTINUOUS
10
5.5627094094488188
20
-3.6089406692913384
11
5.5632854724409446
21
-3.6089974015748032
0
LINE
8
BLACK
6
CONTINUOUS
10
5.5632854724409446
20
-3.6089974015748032
11
5.5643498818897639
21
-3.6094383070866143
0
LINE
8
BLACK
6
CONTINUOUS
10
5.5643498818897639
20
-3.6094383070866143
11
5.5651645275590553
21
-3.6102529527559053
0
LINE
8
BLACK
6
CONTINUOUS
10
5.5651645275590553
20
-3.6102529527559053
11
5.565605433070866
21
-3.6113173622047245
0
LINE
8
BLACK
6
CONTINUOUS
10
5.565605433070866
20
-3.6113173622047245
11
5.565605433070866
21
-3.6124694881889763
0
LINE
8
BLACK
6
CONTINUOUS
10
5.565605433070866
20
-3.6124694881889763
11
5.5651645275590553
21
-3.6135338976377951
0
LINE
8
BLACK
6
CONTINUOUS
10
5.5651645275590553
20
-3.6135338976377951
11
5.5643498818897639
21
-3.6143485433070865
0
LINE
8
BLACK
6
CONTINUOUS
10
5.5643498818897639
20
-3.6143485433070865
11
5.5632854724409446
21
-3.6147894488188976
0
LINE
8
BLACK
6
CONTINUOUS
10
5.5632854724409446
20
-3.6147894488188976
11
5.5364626771653542
21
-3.614846181102362
0
LINE
8
BLACK
6
CONTINUOUS
10
5.5364626771653542
20
-3.614846181102362
11
5.5358866141732284
21
-3.6147894488188976
0
LINE
8
BLACK
6
CONTINUOUS
10
5.5358866141732284
20
-3.6147894488188976
11
5.5348222047244091
21
-3.6143485433070865
0
LINE
8
BLACK
6
CONTINUOUS
10
5.5348222047244091
20
-3.6143485433070865
11
5.5340075590551177
21
-3.6135338976377951
0
LINE
8
BLACK
6
CONTINUOUS
10
5.5340075590551177
20
-3.6135338976377951
11
5.533566653543307
21
-3.6124694881889763
0
LINE
8
BLACK
6
CONTINUOUS
10
5.533566653543307
20
-3.6124694881889763
11
5.533566653543307
21
-3.6113173622047245
0
LINE
8
BLACK
6
CONTINUOUS
10
5.533566653543307
20
-3.6113173622047245
11
5.5340075590551177
21
-3.6102529527559053
0
LINE
8
BLACK
6
CONTINUOUS
10
5.5340075590551177
20
-3.6102529527559053
11
5.5348222047244091
21
-3.6094383070866143
0
LINE
8
BLACK
6
CONTINUOUS
10
5.5348222047244091
20
-3.6094383070866143
11
5.535577834645669
21
-3.609125275590551
0
LINE
8
BLACK
6
CONTINUOUS
10
5.535577834645669
20
-3.609125275590551
11
5.5338216535433071
21
-3.6057148818897637
0
LINE
8
BLACK
6
CONTINUOUS
10
5.5338216535433071
20
-3.6057148818897637
11
5.5336147637795277
21
-3.6051742519685037
0
LINE
8
BLACK
6
CONTINUOUS
10
5.5336147637795277
20
-3.6051742519685037
11
5.5336072440944877
21
-3.6050684251968503
0
LINE
8
BLACK
6
CONTINUOUS
10
5.5336072440944877
20
-3.6050684251968503
11
5.533566653543307
21
-3.6049704330708661
0
LINE
8
BLACK
6
CONTINUOUS
10
5.533566653543307
20
-3.6049704330708661
11
5.5335590157480317
21
-3.6043899606299212
0
LINE
8
BLACK
6
CONTINUOUS
10
5.5335590157480317
20
-3.6043899606299212
11
5.5335331102362204
21
-3.6040250393700788
0
LINE
8
BLACK
6
CONTINUOUS
10
5.5335331102362204
20
-3.6040250393700788
11
5.5335534251968506
21
-3.6039639763779525
0
LINE
8
BLACK
6
CONTINUOUS
10
5.5335534251968506
20
-3.6039639763779525
11
5.5335099212598422
21
-3.6006448425196851
0
LINE
8
BLACK
6
CONTINUOUS
10
5.5335099212598422
20
-3.6006448425196851
11
5.533566653543307
21
-3.6000687795275588
0
LINE
8
BLACK
6
CONTINUOUS
10
5.533566653543307
20
-3.6000687795275588
11
5.5340075590551177
21
-3.59900437007874
0
LINE
8
BLACK
6
CONTINUOUS
10
5.5340075590551177
20
-3.59900437007874
11
5.5348222047244091
21
-3.598189724409449
0
LINE
8
BLACK
6
CONTINUOUS
10
5.5348222047244091
20
-3.598189724409449
11
5.5358866141732284
21
-3.5977488188976379
0
LINE
8
BLACK
6
CONTINUOUS
10
5.5358866141732284
20
-3.5977488188976379
11
5.5370387401574801
21
-3.5977488188976379
0
LINE
8
BLACK
6
CONTINUOUS
10
5.5370387401574801
20
-3.5977488188976379
11
5.5381031496062993
21
-3.598189724409449
0
LINE
8
BLACK
6
CONTINUOUS
10
5.526854566929134
20
-3.5831915748031493
11
5.5291767716535434
21
-3.5854335433070865
0
LINE
8
BLACK
6
CONTINUOUS
10
5.5291767716535434
20
-3.5854335433070865
11
5.529543976377953
21
-3.5858809842519683
0
LINE
8
BLACK
6
CONTINUOUS
10
5.529543976377953
20
-3.5858809842519683
11
5.5296855511811023
21
-3.5862227559055118
0
LINE
8
BLACK
6
CONTINUOUS
10
5.5296855511811023
20
-3.5862227559055118
11
5.5299848818897637
21
-3.5869454330708659
0
LINE
8
BLACK
6
CONTINUOUS
10
5.5299848818897637
20
-3.5869454330708659
11
5.5299848818897637
21
-3.5880975196850393
0
LINE
8
BLACK
6
CONTINUOUS
10
5.5299848818897637
20
-3.5880975196850393
11
5.529543976377953
21
-3.5891619291338581
0
LINE
8
BLACK
6
CONTINUOUS
10
5.529543976377953
20
-3.5891619291338581
11
5.5273020078740158
21
-3.5914841338582675
0
LINE
8
BLACK
6
CONTINUOUS
10
5.5273020078740158
20
-3.5914841338582675
11
5.526854566929134
21
-3.5918513385826771
0
LINE
8
BLACK
6
CONTINUOUS
10
5.526854566929134
20
-3.5918513385826771
11
5.525790118110236
21
-3.5922922440944882
0
LINE
8
BLACK
6
CONTINUOUS
10
5.525790118110236
20
-3.5922922440944882
11
5.5246380708661418
21
-3.5922922440944882
0
LINE
8
BLACK
6
CONTINUOUS
10
5.5246380708661418
20
-3.5922922440944882
11
5.524638031496063
21
-3.5922922440944882
0
LINE
8
BLACK
6
CONTINUOUS
10
5.524638031496063
20
-3.5922922440944882
11
5.5235736220472438
21
-3.5918513385826771
0
LINE
8
BLACK
6
CONTINUOUS
10
5.5235736220472438
20
-3.5918513385826771
11
5.5212514173228344
21
-3.5896093700787399
0
LINE
8
BLACK
6
CONTINUOUS
10
5.5212514173228344
20
-3.5896093700787399
11
5.5208842125984248
21
-3.5891619291338581
0
LINE
8
BLACK
6
CONTINUOUS
10
5.5208842125984248
20
-3.5891619291338581
11
5.5204433070866141
21
-3.5880974803149606
0
LINE
8
BLACK
6
CONTINUOUS
10
5.5204433070866141
20
-3.5880974803149606
11
5.5204433070866141
21
-3.5869454330708659
0
LINE
8
BLACK
6
CONTINUOUS
10
5.5204433070866141
20
-3.5869454330708659
11
5.5208842125984248
21
-3.5858809842519683
0
LINE
8
BLACK
6
CONTINUOUS
10
5.5208842125984248
20
-3.5858809842519683
11
5.523126181102362
21
-3.583558779527559
0
LINE
8
BLACK
6
CONTINUOUS
10
5.523126181102362
20
-3.583558779527559
11
5.5235736220472438
21
-3.5831915748031493
0
LINE
8
BLACK
6
CONTINUOUS
10
5.5235736220472438
20
-3.5831915748031493
11
5.524638031496063
21
-3.5827506692913387
0
LINE
8
BLACK
6
CONTINUOUS
10
5.524638031496063
20
-3.5827506692913387
11
5.525790118110236
21
-3.5827506692913387
0
LINE
8
BLACK
6
CONTINUOUS
10
5.525790118110236
20
-3.5827506692913387
11
5.526854566929134
21
-3.5831915748031493
0
LINE
8
BLACK
6
CONTINUOUS
10
5.5632854724409446
20
-3.5846254330708662
11
5.5643498818897639
21
-3.5850663385826769
0
LINE
8
BLACK
6
CONTINUOUS
10
5.5643498818897639
20
-3.5850663385826769
11
5.5651645275590553
21
-3.5858809842519683
0
LINE
8
BLACK
6
CONTINUOUS
10
5.5651645275590553
20
-3.5858809842519683
11
5.565605433070866
21
-3.5869453937007871
0
LINE
8
BLACK
6
CONTINUOUS
10
5.565605433070866
20
-3.5869453937007871
11
5.565605433070866
21
-3.5880975196850393
0
LINE
8
BLACK
6
CONTINUOUS
10
5.565605433070866
20
-3.5880975196850393
11
5.5651645275590553
21
-3.5891619291338581
0
LINE
8
BLACK
6
CONTINUOUS
10
5.5651645275590553
20
-3.5891619291338581
11
5.5643498818897639
21
-3.5899765748031496
0
LINE
8
BLACK
6
CONTINUOUS
10
5.5643498818897639
20
-3.5899765748031496
11
5.5632854724409446
21
-3.5904174803149607
0
LINE
8
BLACK
6
CONTINUOUS
10
5.5632854724409446
20
-3.5904174803149607
11
5.5364626771653542
21
-3.590474212598425
0
LINE
8
BLACK
6
CONTINUOUS
10
5.5364626771653542
20
-3.590474212598425
11
5.5358866141732284
21
-3.5904174803149607
0
LINE
8
BLACK
6
CONTINUOUS
10
5.5358866141732284
20
-3.5904174803149607
11
5.5348222047244091
21
-3.5899765748031496
0
LINE
8
BLACK
6
CONTINUOUS
10
5.5348222047244091
20
-3.5899765748031496
11
5.5340075590551177
21
-3.5891619291338581
0
LINE
8
BLACK
6
CONTINUOUS
10
5.5340075590551177
20
-3.5891619291338581
11
5.533566653543307
21
-3.5880975196850393
0
LINE
8
BLACK
6
CONTINUOUS
10
5.533566653543307
20
-3.5880975196850393
11
5.533566653543307
21
-3.5869453937007871
0
LINE
8
BLACK
6
CONTINUOUS
10
5.533566653543307
20
-3.5869453937007871
11
5.5340075590551177
21
-3.5858809842519683
0
LINE
8
BLACK
6
CONTINUOUS
10
5.5340075590551177
20
-3.5858809842519683
11
5.5348222047244091
21
-3.5850663385826769
0
LINE
8
BLACK
6
CONTINUOUS
10
5.5348222047244091
20
-3.5850663385826769
11
5.5358866141732284
21
-3.5846254330708662
0
LINE
8
BLACK
6
CONTINUOUS
10
5.5358866141732284
20
-3.5846254330708662
11
5.5627094094488188
21
-3.5845687007874014
0
LINE
8
BLACK
6
CONTINUOUS
10
5.5627094094488188
20
-3.5845687007874014
11
5.5632854724409446
21
-3.5846254330708662
0
LINE
8
BLACK
6
CONTINUOUS
10
5.5632854724409446
20
-3.5490049212598422
11
5.5643498818897639
21
-3.5494458267716533
0
LINE
8
BLACK
6
CONTINUOUS
10
5.5643498818897639
20
-3.5494458267716533
11
5.5651645275590553
21
-3.5502604724409448
0
LINE
8
BLACK
6
CONTINUOUS
10
5.5651645275590553
20
-3.5502604724409448
11
5.565605433070866
21
-3.5513248818897636
0
LINE
8
BLACK
6
CONTINUOUS
10
5.565605433070866
20
-3.5513248818897636
11
5.565605433070866
21
-3.5524770078740158
0
LINE
8
BLACK
6
CONTINUOUS
10
5.565605433070866
20
-3.5524770078740158
11
5.5651645275590553
21
-3.5535414173228346
0
LINE
8
BLACK
6
CONTINUOUS
10
5.5651645275590553
20
-3.5535414173228346
11
5.5650191732283467
21
-3.5536867322834644
0
LINE
8
BLACK
6
CONTINUOUS
10
5.5650191732283467
20
-3.5536867322834644
11
5.5653504330708659
21
-3.554329960629921
0
LINE
8
BLACK
6
CONTINUOUS
10
5.5653504330708659
20
-3.554329960629921
11
5.5655573228346453
21
-3.5548705511811023
0
LINE
8
BLACK
6
CONTINUOUS
10
5.5655573228346453
20
-3.5548705511811023
11
5.5655648425196853
21
-3.5549764173228344
0
LINE
8
BLACK
6
CONTINUOUS
10
5.5655648425196853
20
-3.5549764173228344
11
5.565605433070866
21
-3.5550744094488187
0
LINE
8
BLACK
6
CONTINUOUS
10
5.565605433070866
20
-3.5550744094488187
11
5.5656090944881891
21
-3.5555995669291338
0
LINE
8
BLACK
6
CONTINUOUS
10
5.5656090944881891
20
-3.5555995669291338
11
5.5656389763779526
21
-3.5560197637795277
0
LINE
8
BLACK
6
CONTINUOUS
10
5.5656389763779526
20
-3.5560197637795277
11
5.5656125984251963
21
-3.5560987795275589
0
LINE
8
BLACK
6
CONTINUOUS
10
5.5656125984251963
20
-3.5560987795275589
11
5.5656621653543308
21
-3.5631495275590552
0
LINE
8
BLACK
6
CONTINUOUS
10
5.5656621653543308
20
-3.5631495275590552
11
5.565605433070866
21
-3.5637255905511811
0
LINE
8
BLACK
6
CONTINUOUS
10
5.565605433070866
20
-3.5637255905511811
11
5.5655648425196853
21
-3.5638235433070866
0
LINE
8
BLACK
6
CONTINUOUS
10
5.5655648425196853
20
-3.5638235433070866
11
5.5655573228346453
21
-3.5639294488188975
0
LINE
8
BLACK
6
CONTINUOUS
10
5.5655573228346453
20
-3.5639294488188975
11
5.5653089763779526
21
-3.564441181102362
0
LINE
8
BLACK
6
CONTINUOUS
10
5.5653089763779526
20
-3.564441181102362
11
5.5651645275590553
21
-3.5647899999999999
0
LINE
8
BLACK
6
CONTINUOUS
10
5.5651645275590553
20
-3.5647899999999999
11
5.5651164173228347
21
-3.5648380708661418
0
LINE
8
BLACK
6
CONTINUOUS
10
5.5651164173228347
20
-3.5648380708661418
11
5.5634756692913383
21
-3.5682195669291339
0
LINE
8
BLACK
6
CONTINUOUS
10
5.5634756692913383
20
-3.5682195669291339
11
5.5633195669291338
21
-3.5684675590551178
0
LINE
8
BLACK
6
CONTINUOUS
10
5.5633195669291338
20
-3.5684675590551178
11
5.5632897637795278
21
-3.568539527559055
0
LINE
8
BLACK
6
CONTINUOUS
10
5.5632897637795278
20
-3.568539527559055
11
5.5632452362204727
21
-3.568585590551181
0
LINE
8
BLACK
6
CONTINUOUS
10
5.5632452362204727
20
-3.568585590551181
11
5.5631673228346452
21
-3.5687094488188977
0
LINE
8
BLACK
6
CONTINUOUS
10
5.5631673228346452
20
-3.5687094488188977
11
5.5629115354330709
21
-3.5689312204724408
0
LINE
8
BLACK
6
CONTINUOUS
10
5.5629115354330709
20
-3.5689312204724408
11
5.5610477165354331
21
-3.5708617716535431
0
LINE
8
BLACK
6
CONTINUOUS
10
5.5610477165354331
20
-3.5708617716535431
11
5.560821377952756
21
-3.5710474803149603
0
LINE
8
BLACK
6
CONTINUOUS
10
5.560821377952756
20
-3.5710474803149603
11
5.5607702362204723
21
-3.5711064960629919
0
LINE
8
BLACK
6
CONTINUOUS
10
5.5607702362204723
20
-3.5711064960629919
11
5.5607146062992125
21
-3.5711351181102362
0
LINE
8
BLACK
6
CONTINUOUS
10
5.5607146062992125
20
-3.5711351181102362
11
5.5606002755905513
21
-3.5712289763779528
0
LINE
8
BLACK
6
CONTINUOUS
10
5.5606002755905513
20
-3.5712289763779528
11
5.560253346456693
21
-3.5713726377952755
0
LINE
8
BLACK
6
CONTINUOUS
10
5.560253346456693
20
-3.5713726377952755
11
5.5565308267716533
21
-3.5732896062992126
0
LINE
8
BLACK
6
CONTINUOUS
10
5.5565308267716533
20
-3.5732896062992126
11
5.5559901968503933
21
-3.573496496062992
0
LINE
8
BLACK
6
CONTINUOUS
10
5.5559901968503933
20
-3.573496496062992
11
5.5558843700787399
21
-3.5735039763779528
0
LINE
8
BLACK
6
CONTINUOUS
10
5.5558843700787399
20
-3.5735039763779528
11
5.5557863779527557
21
-3.5735446062992127
0
LINE
8
BLACK
6
CONTINUOUS
10
5.5557863779527557
20
-3.5735446062992127
11
5.5552787795275593
21
-3.5735470078740157
0
LINE
8
BLACK
6
CONTINUOUS
10
5.5552787795275593
20
-3.5735470078740157
11
5.5548409842519684
21
-3.5735781496062993
0
LINE
8
BLACK
6
CONTINUOUS
10
5.5548409842519684
20
-3.5735781496062993
11
5.5547551968503939
21
-3.573549527559055
0
LINE
8
BLACK
6
CONTINUOUS
10
5.5547551968503939
20
-3.573549527559055
11
5.5439617322834644
21
-3.573601338582677
0
LINE
8
BLACK
6
CONTINUOUS
10
5.5439617322834644
20
-3.573601338582677
11
5.5433856692913386
21
-3.5735446062992127
0
LINE
8
BLACK
6
CONTINUOUS
10
5.5433856692913386
20
-3.5735446062992127
11
5.5432876771653543
21
-3.5735040157480316
0
LINE
8
BLACK
6
CONTINUOUS
10
5.5432876771653543
20
-3.5735040157480316
11
5.5431818110236222
21
-3.573496496062992
0
LINE
8
BLACK
6
CONTINUOUS
10
5.5431818110236222
20
-3.573496496062992
11
5.542670039370079
21
-3.5732481496062993
0
LINE
8
BLACK
6
CONTINUOUS
10
5.542670039370079
20
-3.5732481496062993
11
5.5423212598425193
21
-3.5731037007874016
0
LINE
8
BLACK
6
CONTINUOUS
10
5.5423212598425193
20
-3.5731037007874016
11
5.5422731496062987
21
-3.5730555905511809
0
LINE
8
BLACK
6
CONTINUOUS
10
5.5422731496062987
20
-3.5730555905511809
11
5.5388916929133858
21
-3.571414842519685
0
LINE
8
BLACK
6
CONTINUOUS
10
5.5388916929133858
20
-3.571414842519685
11
5.5386436614173231
21
-3.57125874015748
0
LINE
8
BLACK
6
CONTINUOUS
10
5.5386436614173231
20
-3.57125874015748
11
5.5385717322834642
21
-3.571228937007874
0
LINE
8
BLACK
6
CONTINUOUS
10
5.5385717322834642
20
-3.571228937007874
11
5.53852562992126
21
-3.571184409448819
0
LINE
8
BLACK
6
CONTINUOUS
10
5.53852562992126
20
-3.571184409448819
11
5.5384018110236219
21
-3.5711064960629919
0
LINE
8
BLACK
6
CONTINUOUS
10
5.5384018110236219
20
-3.5711064960629919
11
5.5381800393700784
21
-3.5708507874015747
0
LINE
8
BLACK
6
CONTINUOUS
10
5.5381800393700784
20
-3.5708507874015747
11
5.5362495275590549
21
-3.5689869685039368
0
LINE
8
BLACK
6
CONTINUOUS
10
5.5362495275590549
20
-3.5689869685039368
11
5.5360637401574806
21
-3.568760590551181
0
LINE
8
BLACK
6
CONTINUOUS
10
5.5360637401574806
20
-3.568760590551181
11
5.5360047637795278
21
-3.5687094488188977
0
LINE
8
BLACK
6
CONTINUOUS
10
5.5360047637795278
20
-3.5687094488188977
11
5.5359761023622047
21
-3.5686537795275588
0
LINE
8
BLACK
6
CONTINUOUS
10
5.5359761023622047
20
-3.5686537795275588
11
5.5358823228346452
21
-3.568539527559055
0
LINE
8
BLACK
6
CONTINUOUS
10
5.5358823228346452
20
-3.568539527559055
11
5.535738661417323
21
-3.568192716535433
0
LINE
8
BLACK
6
CONTINUOUS
10
5.535738661417323
20
-3.568192716535433
11
5.5338216535433071
21
-3.5644700393700788
0
LINE
8
BLACK
6
CONTINUOUS
10
5.5338216535433071
20
-3.5644700393700788
11
5.5336147637795277
21
-3.5639294094488188
0
LINE
8
BLACK
6
CONTINUOUS
10
5.5336147637795277
20
-3.5639294094488188
11
5.5336072440944877
21
-3.5638235826771654
0
LINE
8
BLACK
6
CONTINUOUS
10
5.5336072440944877
20
-3.5638235826771654
11
5.533566653543307
21
-3.5637255905511811
0
LINE
8
BLACK
6
CONTINUOUS
10
5.533566653543307
20
-3.5637255905511811
11
5.5335629527559052
21
-3.5632003543307085
0
LINE
8
BLACK
6
CONTINUOUS
10
5.5335629527559052
20
-3.5632003543307085
11
5.5335331102362204
21
-3.5627801968503938
0
LINE
8
BLACK
6
CONTINUOUS
10
5.5335331102362204
20
-3.5627801968503938
11
5.5335594488188979
21
-3.5627011417322834
0
LINE
8
BLACK
6
CONTINUOUS
10
5.5335594488188979
20
-3.5627011417322834
11
5.5335099212598422
21
-3.555650472440945
0
LINE
8
BLACK
6
CONTINUOUS
10
5.5335099212598422
20
-3.555650472440945
11
5.533566653543307
21
-3.5550744094488187
0
LINE
8
BLACK
6
CONTINUOUS
10
5.533566653543307
20
-3.5550744094488187
11
5.5336072440944877
21
-3.5549763779527557
0
LINE
8
BLACK
6
CONTINUOUS
10
5.5336072440944877
20
-3.5549763779527557
11
5.5336147637795277
21
-3.554870590551181
0
LINE
8
BLACK
6
CONTINUOUS
10
5.5336147637795277
20
-3.554870590551181
11
5.5336300393700784
21
-3.5548390551181099
0
LINE
8
BLACK
6
CONTINUOUS
10
5.5336300393700784
20
-3.5548390551181099
11
5.5233393307086613
21
-3.5548537007874015
0
LINE
8
BLACK
6
CONTINUOUS
10
5.5233393307086613
20
-3.5548537007874015
11
5.5227632677165355
21
-3.5547969685039371
0
LINE
8
BLACK
6
CONTINUOUS
10
5.5227632677165355
20
-3.5547969685039371
11
5.5216988582677162
21
-3.554356062992126
0
LINE
8
BLACK
6
CONTINUOUS
10
5.5216988582677162
20
-3.554356062992126
11
5.5208842125984248
21
-3.5535414173228346
0
LINE
8
BLACK
6
CONTINUOUS
10
5.5208842125984248
20
-3.5535414173228346
11
5.5204433070866141
21
-3.5524770078740158
0
LINE
8
BLACK
6
CONTINUOUS
10
5.5204433070866141
20
-3.5524770078740158
11
5.5204433070866141
21
-3.5513248818897636
0
LINE
8
BLACK
6
CONTINUOUS
10
5.5204433070866141
20
-3.5513248818897636
11
5.5208842125984248
21
-3.5502604724409448
0
LINE
8
BLACK
6
CONTINUOUS
10
5.5208842125984248
20
-3.5502604724409448
11
5.5216988582677162
21
-3.5494458267716533
0
LINE
8
BLACK
6
CONTINUOUS
10
5.5216988582677162
20
-3.5494458267716533
11
5.5227632677165355
21
-3.5490049212598422
0
LINE
8
BLACK
6
CONTINUOUS
10
5.5227632677165355
20
-3.5490049212598422
11
5.5379320866141732
21
-3.5489833464566929
0
LINE
8
BLACK
6
CONTINUOUS
10
5.5379320866141732
20
-3.5489833464566929
11
5.5379681102362204
21
-3.5489713779527556
0
LINE
8
BLACK
6
CONTINUOUS
10
5.5379681102362204
20
-3.5489713779527556
11
5.5381329527559053
21
-3.5489830708661416
0
LINE
8
BLACK
6
CONTINUOUS
10
5.5381329527559053
20
-3.5489830708661416
11
5.5627094094488188
21
-3.5489481889763779
0
LINE
8
BLACK
6
CONTINUOUS
10
5.5627094094488188
20
-3.5489481889763779
11
5.5632854724409446
21
-3.5490049212598422
0
LINE
8
BLACK
6
CONTINUOUS
10
5.5401425984251969
20
-3.5548298031496062
11
5.5393681889763782
21
-3.5564258661417321
0
LINE
8
BLACK
6
CONTINUOUS
10
5.5393681889763782
20
-3.5564258661417321
11
5.5394111023622044
21
-3.5625348818897637
0
LINE
8
BLACK
6
CONTINUOUS
10
5.5394111023622044
20
-3.5625348818897637
11
5.5408057480314961
21
-3.5652431889763778
0
LINE
8
BLACK
6
CONTINUOUS
10
5.5408057480314961
20
-3.5652431889763778
11
5.5420391338582675
21
-3.5664339370078739
0
LINE
8
BLACK
6
CONTINUOUS
10
5.5420391338582675
20
-3.5664339370078739
11
5.5447432677165356
21
-3.5677460236220471
0
LINE
8
BLACK
6
CONTINUOUS
10
5.5447432677165356
20
-3.5677460236220471
11
5.554598346456693
21
-3.5676987401574802
0
LINE
8
BLACK
6
CONTINUOUS
10
5.554598346456693
20
-3.5676987401574802
11
5.5573039763779528
21
-3.5663054330708661
0
LINE
8
BLACK
6
CONTINUOUS
10
5.5573039763779528
20
-3.5663054330708661
11
5.5584947637795272
21
-3.565072086614173
0
LINE
8
BLACK
6
CONTINUOUS
10
5.5584947637795272
20
-3.565072086614173
11
5.5598038582677161
21
-3.562374094488189
0
LINE
8
BLACK
6
CONTINUOUS
10
5.5598038582677161
20
-3.562374094488189
11
5.5597609448818899
21
-3.5562650787401573
0
LINE
8
BLACK
6
CONTINUOUS
10
5.5597609448818899
20
-3.5562650787401573
11
5.559008031496063
21
-3.5548030314960628
0
LINE
8
BLACK
6
CONTINUOUS
10
5.559008031496063
20
-3.5548030314960628
11
5.5401425984251969
21
-3.5548298031496062
0
LINE
8
BLACK
6
CONTINUOUS
10
5.5689097637795273
20
-3.5133843700787399
11
5.5690077559055116
21
-3.513424960629921
0
LINE
8
BLACK
6
CONTINUOUS
10
5.5690077559055116
20
-3.513424960629921
11
5.5691135826771649
21
-3.5134324803149606
0
LINE
8
BLACK
6
CONTINUOUS
10
5.5691135826771649
20
-3.5134324803149606
11
5.5696251181102365
21
-3.5136806692913387
0
LINE
8
BLACK
6
CONTINUOUS
10
5.5696251181102365
20
-3.5136806692913387
11
5.5699741732283465
21
-3.513825275590551
0
LINE
8
BLACK
6
CONTINUOUS
10
5.5699741732283465
20
-3.513825275590551
11
5.5700222834645672
21
-3.5138733858267717
0
LINE
8
BLACK
6
CONTINUOUS
10
5.5700222834645672
20
-3.5138733858267717
11
5.5734037401574801
21
-3.5155141338582676
0
LINE
8
BLACK
6
CONTINUOUS
10
5.5734037401574801
20
-3.5155141338582676
11
5.573651732283464
21
-3.5156701968503938
0
LINE
8
BLACK
6
CONTINUOUS
10
5.573651732283464
20
-3.5156701968503938
11
5.5737237007874016
21
-3.5157000393700786
0
LINE
8
BLACK
6
CONTINUOUS
10
5.5737237007874016
20
-3.5157000393700786
11
5.5737697637795272
21
-3.5157445275590549
0
LINE
8
BLACK
6
CONTINUOUS
10
5.5737697637795272
20
-3.5157445275590549
11
5.5738936220472439
21
-3.5158224803149607
0
LINE
8
BLACK
6
CONTINUOUS
10
5.5738936220472439
20
-3.5158224803149607
11
5.5741153543307087
21
-3.5160781496062992
0
LINE
8
BLACK
6
CONTINUOUS
10
5.5741153543307087
20
-3.5160781496062992
11
5.576045905511811
21
-3.5179420078740158
0
LINE
8
BLACK
6
CONTINUOUS
10
5.576045905511811
20
-3.5179420078740158
11
5.5762316535433065
21
-3.5181683464566929
0
LINE
8
BLACK
6
CONTINUOUS
10
5.5762316535433065
20
-3.5181683464566929
11
5.5762906692913381
21
-3.5182195275590549
0
LINE
8
BLACK
6
CONTINUOUS
10
5.5762906692913381
20
-3.5182195275590549
11
5.5763192913385824
21
-3.5182751574803151
0
LINE
8
BLACK
6
CONTINUOUS
10
5.5763192913385824
20
-3.5182751574803151
11
5.5764131102362207
21
-3.5183894488188976
0
LINE
8
BLACK
6
CONTINUOUS
10
5.5764131102362207
20
-3.5183894488188976
11
5.5765567716535429
21
-3.5187362992125983
0
LINE
8
BLACK
6
CONTINUOUS
10
5.5765567716535429
20
-3.5187362992125983
11
5.5784737795275587
21
-3.5224589370078738
0
LINE
8
BLACK
6
CONTINUOUS
10
5.5784737795275587
20
-3.5224589370078738
11
5.5786806692913382
21
-3.5229995275590551
0
LINE
8
BLACK
6
CONTINUOUS
10
5.5786806692913382
20
-3.5229995275590551
11
5.5786881889763782
21
-3.5231053937007872
0
LINE
8
BLACK
6
CONTINUOUS
10
5.5786881889763782
20
-3.5231053937007872
11
5.5787287795275589
21
-3.5232033858267715
0
LINE
8
BLACK
6
CONTINUOUS
10
5.5787287795275589
20
-3.5232033858267715
11
5.5787337401574799
21
-3.5237465748031496
0
LINE
8
BLACK
6
CONTINUOUS
10
5.5787337401574799
20
-3.5237465748031496
11
5.5787623228346455
21
-3.52414874015748
0
LINE
8
BLACK
6
CONTINUOUS
10
5.5787623228346455
20
-3.52414874015748
11
5.5787380708661418
21
-3.5242214173228348
0
LINE
8
BLACK
6
CONTINUOUS
10
5.5787380708661418
20
-3.5242214173228348
11
5.5787855118110237
21
-3.52940374015748
0
LINE
8
BLACK
6
CONTINUOUS
10
5.5787855118110237
20
-3.52940374015748
11
5.5787287795275589
21
-3.5299798031496064
0
LINE
8
BLACK
6
CONTINUOUS
10
5.5787287795275589
20
-3.5299798031496064
11
5.5786881889763782
21
-3.5300777559055119
0
LINE
8
BLACK
6
CONTINUOUS
10
5.5786881889763782
20
-3.5300777559055119
11
5.5786806692913382
21
-3.5301836614173228
0
LINE
8
BLACK
6
CONTINUOUS
10
5.5786806692913382
20
-3.5301836614173228
11
5.5784323228346455
21
-3.5306953937007872
0
LINE
8
BLACK
6
CONTINUOUS
10
5.5784323228346455
20
-3.5306953937007872
11
5.5782878740157482
21
-3.5310442125984252
0
LINE
8
BLACK
6
CONTINUOUS
10
5.5782878740157482
20
-3.5310442125984252
11
5.5782397637795276
21
-3.531092283464567
0
LINE
8
BLACK
6
CONTINUOUS
10
5.5782397637795276
20
-3.531092283464567
11
5.5765990157480312
21
-3.5344737795275591
0
LINE
8
BLACK
6
CONTINUOUS
10
5.5765990157480312
20
-3.5344737795275591
11
5.5762906692913381
21
-3.5349636614173225
0
LINE
8
BLACK
6
CONTINUOUS
10
5.5762906692913381
20
-3.5349636614173225
11
5.5754202755905506
21
-3.5357185039370078
0
LINE
8
BLACK
6
CONTINUOUS
10
5.5754202755905506
20
-3.5357185039370078
11
5.5743273228346455
21
-3.5360828346456694
0
LINE
8
BLACK
6
CONTINUOUS
10
5.5743273228346455
20
-3.5360828346456694
11
5.5731781102362206
21
-3.5360011811023622
0
LINE
8
BLACK
6
CONTINUOUS
10
5.5731781102362206
20
-3.5360011811023622
11
5.5721475984251967
21
-3.5354859448818896
0
LINE
8
BLACK
6
CONTINUOUS
10
5.5721475984251967
20
-3.5354859448818896
11
5.5713927559055119
21
-3.5346155511811022
0
LINE
8
BLACK
6
CONTINUOUS
10
5.5713927559055119
20
-3.5346155511811022
11
5.5710284251968503
21
-3.5335225984251966
0
LINE
8
BLACK
6
CONTINUOUS
10
5.5710284251968503
20
-3.5335225984251966
11
5.5711100787401575
21
-3.5323733858267716
0
LINE
8
BLACK
6
CONTINUOUS
10
5.5711100787401575
20
-3.5323733858267716
11
5.5729244094488184
21
-3.5286341338582679
0
LINE
8
BLACK
6
CONTINUOUS
10
5.5729244094488184
20
-3.5286341338582679
11
5.5728856299212595
21
-3.5243966535433069
0
LINE
8
BLACK
6
CONTINUOUS
10
5.5728856299212595
20
-3.5243966535433069
11
5.5714896456692911
21
-3.521685748031496
0
LINE
8
BLACK
6
CONTINUOUS
10
5.5714896456692911
20
-3.521685748031496
11
5.5702562992125983
21
-3.5204950393700787
0
LINE
8
BLACK
6
CONTINUOUS
10
5.5702562992125983
20
-3.5204950393700787
11
5.5675436220472436
21
-3.5191787795275591
0
LINE
8
BLACK
6
CONTINUOUS
10
5.5675436220472436
20
-3.5191787795275591
11
5.565531417322835
21
-3.5191823228346455
0
LINE
8
BLACK
6
CONTINUOUS
10
5.565531417322835
20
-3.5191823228346455
11
5.5655573228346453
21
-3.51925
0
LINE
8
BLACK
6
CONTINUOUS
10
5.5655573228346453
20
-3.51925
11
5.5655648425196853
21
-3.5193558661417321
0
LINE
8
BLACK
6
CONTINUOUS
10
5.5655648425196853
20
-3.5193558661417321
11
5.565605433070866
21
-3.5194538582677164
0
LINE
8
BLACK
6
CONTINUOUS
10
5.565605433070866
20
-3.5194538582677164
11
5.5656090944881891
21
-3.5199790157480315
0
LINE
8
BLACK
6
CONTINUOUS
10
5.5656090944881891
20
-3.5199790157480315
11
5.5656389763779526
21
-3.5203992125984249
0
LINE
8
BLACK
6
CONTINUOUS
10
5.5656389763779526
20
-3.5203992125984249
11
5.5656125984251963
21
-3.5204782283464566
0
LINE
8
BLACK
6
CONTINUOUS
10
5.5656125984251963
20
-3.5204782283464566
11
5.5656621653543308
21
-3.5275289763779525
0
LINE
8
BLACK
6
CONTINUOUS
10
5.5656621653543308
20
-3.5275289763779525
11
5.565605433070866
21
-3.5281050393700788
0
LINE
8
BLACK
6
CONTINUOUS
10
5.565605433070866
20
-3.5281050393700788
11
5.5655648425196853
21
-3.5282029921259843
0
LINE
8
BLACK
6
CONTINUOUS
10
5.5655648425196853
20
-3.5282029921259843
11
5.5655573228346453
21
-3.5283088976377952
0
LINE
8
BLACK
6
CONTINUOUS
10
5.5655573228346453
20
-3.5283088976377952
11
5.5653089763779526
21
-3.5288206299212597
0
LINE
8
BLACK
6
CONTINUOUS
10
5.5653089763779526
20
-3.5288206299212597
11
5.5651645275590553
21
-3.5291694488188976
0
LINE
8
BLACK
6
CONTINUOUS
10
5.5651645275590553
20
-3.5291694488188976
11
5.5651164173228347
21
-3.5292175196850395
0
LINE
8
BLACK
6
CONTINUOUS
10
5.5651164173228347
20
-3.5292175196850395
11
5.5634756692913383
21
-3.5325990157480316
0
LINE
8
BLACK
6
CONTINUOUS
10
5.5634756692913383
20
-3.5325990157480316
11
5.5633195669291338
21
-3.5328470078740155
0
LINE
8
BLACK
6
CONTINUOUS
10
5.5633195669291338
20
-3.5328470078740155
11
5.5632897637795278
21
-3.5329189763779527
0
LINE
8
BLACK
6
CONTINUOUS
10
5.5632897637795278
20
-3.5329189763779527
11
5.5632452362204727
21
-3.5329650393700787
0
LINE
8
BLACK
6
CONTINUOUS
10
5.5632452362204727
20
-3.5329650393700787
11
5.5631673228346452
21
-3.533088897637795
0
LINE
8
BLACK
6
CONTINUOUS
10
5.5631673228346452
20
-3.533088897637795
11
5.5629115354330709
21
-3.5333106692913385
0
LINE
8
BLACK
6
CONTINUOUS
10
5.5629115354330709
20
-3.5333106692913385
11
5.5610477165354331
21
-3.5352412204724408
0
LINE
8
BLACK
6
CONTINUOUS
10
5.5610477165354331
20
-3.5352412204724408
11
5.560821377952756
21
-3.535426929133858
0
LINE
8
BLACK
6
CONTINUOUS
10
5.560821377952756
20
-3.535426929133858
11
5.5607702362204723
21
-3.5354859448818896
0
LINE
8
BLACK
6
CONTINUOUS
10
5.5607702362204723
20
-3.5354859448818896
11
5.5607146062992125
21
-3.5355145669291339
0
LINE
8
BLACK
6
CONTINUOUS
10
5.5607146062992125
20
-3.5355145669291339
11
5.5606002755905513
21
-3.5356084251968505
0
LINE
8
BLACK
6
CONTINUOUS
10
5.5606002755905513
20
-3.5356084251968505
11
5.560253346456693
21
-3.5357520866141732
0
LINE
8
BLACK
6
CONTINUOUS
10
5.560253346456693
20
-3.5357520866141732
11
5.5565308267716533
21
-3.5376690551181103
0
LINE
8
BLACK
6
CONTINUOUS
10
5.5565308267716533
20
-3.5376690551181103
11
5.5559901968503933
21
-3.5378759448818897
0
LINE
8
BLACK
6
CONTINUOUS
10
5.5559901968503933
20
-3.5378759448818897
11
5.5558843700787399
21
-3.5378834251968505
0
LINE
8
BLACK
6
CONTINUOUS
10
5.5558843700787399
20
-3.5378834251968505
11
5.5557863779527557
21
-3.5379240551181104
0
LINE
8
BLACK
6
CONTINUOUS
10
5.5557863779527557
20
-3.5379240551181104
11
5.5552787795275593
21
-3.5379264566929134
0
LINE
8
BLACK
6
CONTINUOUS
10
5.5552787795275593
20
-3.5379264566929134
11
5.5548409842519684
21
-3.537957598425197
0
LINE
8
BLACK
6
CONTINUOUS
10
5.5548409842519684
20
-3.537957598425197
11
5.5547551968503939
21
-3.5379289763779527
0
LINE
8
BLACK
6
CONTINUOUS
10
5.5547551968503939
20
-3.5379289763779527
11
5.5439617322834644
21
-3.5379807874015747
0
LINE
8
BLACK
6
CONTINUOUS
10
5.5439617322834644
20
-3.5379807874015747
11
5.5433856692913386
21
-3.5379240551181104
0
LINE
8
BLACK
6
CONTINUOUS
10
5.5433856692913386
20
-3.5379240551181104
11
5.5432876771653543
21
-3.5378834645669293
0
LINE
8
BLACK
6
CONTINUOUS
10
5.5432876771653543
20
-3.5378834645669293
11
5.5431818110236222
21
-3.5378759448818897
0
LINE
8
BLACK
6
CONTINUOUS
10
5.5431818110236222
20
-3.5378759448818897
11
5.542670039370079
21
-3.5376275984251966
0
LINE
8
BLACK
6
CONTINUOUS
10
5.542670039370079
20
-3.5376275984251966
11
5.5423212598425193
21
-3.5374831496062993
0
LINE
8
BLACK
6
CONTINUOUS
10
5.5423212598425193
20
-3.5374831496062993
11
5.5422731496062987
21
-3.5374350393700786
0
LINE
8
BLACK
6
CONTINUOUS
10
5.5422731496062987
20
-3.5374350393700786
11
5.5388916929133858
21
-3.5357942913385827
0
LINE
8
BLACK
6
CONTINUOUS
10
5.5388916929133858
20
-3.5357942913385827
11
5.5386436614173231
21
-3.5356381889763777
0
LINE
8
BLACK
6
CONTINUOUS
10
5.5386436614173231
20
-3.5356381889763777
11
5.5385717322834642
21
-3.5356083858267717
0
LINE
8
BLACK
6
CONTINUOUS
10
5.5385717322834642
20
-3.5356083858267717
11
5.53852562992126
21
-3.5355638582677162
0
LINE
8
BLACK
6
CONTINUOUS
10
5.53852562992126
20
-3.5355638582677162
11
5.5384018110236219
21
-3.5354859448818896
0
LINE
8
BLACK
6
CONTINUOUS
10
5.5384018110236219
20
-3.5354859448818896
11
5.5381800393700784
21
-3.5352302362204724
0
LINE
8
BLACK
6
CONTINUOUS
10
5.5381800393700784
20
-3.5352302362204724
11
5.5362495275590549
21
-3.5333664173228345
0
LINE
8
BLACK
6
CONTINUOUS
10
5.5362495275590549
20
-3.5333664173228345
11
5.5360637401574806
21
-3.5331400393700787
0
LINE
8
BLACK
6
CONTINUOUS
10
5.5360637401574806
20
-3.5331400393700787
11
5.5360047637795278
21
-3.533088897637795
0
LINE
8
BLACK
6
CONTINUOUS
10
5.5360047637795278
20
-3.533088897637795
11
5.5359761023622047
21
-3.5330332283464565
0
LINE
8
BLACK
6
CONTINUOUS
10
5.5359761023622047
20
-3.5330332283464565
11
5.5358823228346452
21
-3.5329189763779527
0
LINE
8
BLACK
6
CONTINUOUS
10
5.5358823228346452
20
-3.5329189763779527
11
5.535738661417323
21
-3.5325721653543307
0
LINE
8
BLACK
6
CONTINUOUS
10
5.535738661417323
20
-3.5325721653543307
11
5.5338216535433071
21
-3.5288494881889765
0
LINE
8
BLACK
6
CONTINUOUS
10
5.5338216535433071
20
-3.5288494881889765
11
5.5336147637795277
21
-3.5283088582677165
0
LINE
8
BLACK
6
CONTINUOUS
10
5.5336147637795277
20
-3.5283088582677165
11
5.5336072440944877
21
-3.5282030314960631
0
LINE
8
BLACK
6
CONTINUOUS
10
5.5336072440944877
20
-3.5282030314960631
11
5.533566653543307
21
-3.5281050393700788
0
LINE
8
BLACK
6
CONTINUOUS
10
5.533566653543307
20
-3.5281050393700788
11
5.5335629527559052
21
-3.5275798031496062
0
LINE
8
BLACK
6
CONTINUOUS
10
5.5335629527559052
20
-3.5275798031496062
11
5.5335331102362204
21
-3.5271596456692911
0
LINE
8
BLACK
6
CONTINUOUS
10
5.5335331102362204
20
-3.5271596456692911
11
5.5335594488188979
21
-3.5270805905511811
0
LINE
8
BLACK
6
CONTINUOUS
10
5.5335594488188979
20
-3.5270805905511811
11
5.5335099212598422
21
-3.5200299212598423
0
LINE
8
BLACK
6
CONTINUOUS
10
5.5335099212598422
20
-3.5200299212598423
11
5.533566653543307
21
-3.5194538582677164
0
LINE
8
BLACK
6
CONTINUOUS
10
5.533566653543307
20
-3.5194538582677164
11
5.5336072440944877
21
-3.5193558267716534
0
LINE
8
BLACK
6
CONTINUOUS
10
5.5336072440944877
20
-3.5193558267716534
11
5.5336147637795277
21
-3.5192500393700787
0
LINE
8
BLACK
6
CONTINUOUS
10
5.5336147637795277
20
-3.5192500393700787
11
5.5338629527559053
21
-3.5187384645669288
0
LINE
8
BLACK
6
CONTINUOUS
10
5.5338629527559053
20
-3.5187384645669288
11
5.5340075590551177
21
-3.5183894488188976
0
LINE
8
BLACK
6
CONTINUOUS
10
5.5340075590551177
20
-3.5183894488188976
11
5.5340556692913383
21
-3.5183412992125982
0
LINE
8
BLACK
6
CONTINUOUS
10
5.5340556692913383
20
-3.5183412992125982
11
5.5341773228346458
21
-3.51809062992126
0
LINE
8
BLACK
6
CONTINUOUS
10
5.5341773228346458
20
-3.51809062992126
11
5.5340075590551177
21
-3.5179208661417323
0
LINE
8
BLACK
6
CONTINUOUS
10
5.5340075590551177
20
-3.5179208661417323
11
5.533566653543307
21
-3.5168564566929135
0
LINE
8
BLACK
6
CONTINUOUS
10
5.533566653543307
20
-3.5168564566929135
11
5.533566653543307
21
-3.5157043307086613
0
LINE
8
BLACK
6
CONTINUOUS
10
5.533566653543307
20
-3.5157043307086613
11
5.5340075590551177
21
-3.5146399212598425
0
LINE
8
BLACK
6
CONTINUOUS
10
5.5340075590551177
20
-3.5146399212598425
11
5.5348222047244091
21
-3.513825275590551
0
LINE
8
BLACK
6
CONTINUOUS
10
5.5348222047244091
20
-3.513825275590551
11
5.5358866141732284
21
-3.5133843700787399
0
LINE
8
BLACK
6
CONTINUOUS
10
5.5358866141732284
20
-3.5133843700787399
11
5.5378779133858265
21
-3.5133808661417323
0
LINE
8
BLACK
6
CONTINUOUS
10
5.5378779133858265
20
-3.5133808661417323
11
5.5379681102362204
21
-3.5133508267716533
0
LINE
8
BLACK
6
CONTINUOUS
10
5.5379681102362204
20
-3.5133508267716533
11
5.5383788582677163
21
-3.5133799999999997
0
LINE
8
BLACK
6
CONTINUOUS
10
5.5383788582677163
20
-3.5133799999999997
11
5.5683337007874014
21
-3.5133276377952756
0
LINE
8
BLACK
6
CONTINUOUS
10
5.5683337007874014
20
-3.5133276377952756
11
5.5689097637795273
21
-3.5133843700787399
0
LINE
8
BLACK
6
CONTINUOUS
10
5.5401341338582677
20
-3.519226692913386
11
5.5393681889763782
21
-3.5208053149606298
0
LINE
8
BLACK
6
CONTINUOUS
10
5.5393681889763782
20
-3.5208053149606298
11
5.5394111023622044
21
-3.5269143307086614
0
LINE
8
BLACK
6
CONTINUOUS
10
5.5394111023622044
20
-3.5269143307086614
11
5.5408057480314961
21
-3.5296226377952755
0
LINE
8
BLACK
6
CONTINUOUS
10
5.5408057480314961
20
-3.5296226377952755
11
5.5420391338582675
21
-3.5308133858267716
0
LINE
8
BLACK
6
CONTINUOUS
10
5.5420391338582675
20
-3.5308133858267716
11
5.5447432677165356
21
-3.5321254724409448
0
LINE
8
BLACK
6
CONTINUOUS
10
5.5447432677165356
20
-3.5321254724409448
11
5.554598346456693
21
-3.5320781889763779
0
LINE
8
BLACK
6
CONTINUOUS
10
5.554598346456693
20
-3.5320781889763779
11
5.5573039763779528
21
-3.5306848818897638
0
LINE
8
BLACK
6
CONTINUOUS
10
5.5573039763779528
20
-3.5306848818897638
11
5.5584947637795272
21
-3.5294515354330707
0
LINE
8
BLACK
6
CONTINUOUS
10
5.5584947637795272
20
-3.5294515354330707
11
5.5598038582677161
21
-3.5267535433070867
0
LINE
8
BLACK
6
CONTINUOUS
10
5.5598038582677161
20
-3.5267535433070867
11
5.5597609448818899
21
-3.520644527559055
0
LINE
8
BLACK
6
CONTINUOUS
10
5.5597609448818899
20
-3.520644527559055
11
5.5590138188976379
21
-3.5191937007874015
0
LINE
8
BLACK
6
CONTINUOUS
10
5.5590138188976379
20
-3.5191937007874015
11
5.5401341338582677
21
-3.519226692913386
0
LINE
8
BLACK
6
CONTINUOUS
10
5.5464125590551179
20
-3.4777638188976376
11
5.5466798031496065
21
-3.4778744881889763
0
LINE
8
BLACK
6
CONTINUOUS
10
5.5466798031496065
20
-3.4778744881889763
11
5.5469636220472438
21
-3.4779306692913385
0
LINE
8
BLACK
6
CONTINUOUS
10
5.5469636220472438
20
-3.4779306692913385
11
5.5472068897637792
21
-3.4780928346456692
0
LINE
8
BLACK
6
CONTINUOUS
10
5.5472068897637792
20
-3.4780928346456692
11
5.5474769685039371
21
-3.4782047244094487
0
LINE
8
BLACK
6
CONTINUOUS
10
5.5474769685039371
20
-3.4782047244094487
11
5.5476814960629923
21
-3.4784092519685039
0
LINE
8
BLACK
6
CONTINUOUS
10
5.5476814960629923
20
-3.4784092519685039
11
5.5479222047244097
21
-3.4785697244094487
0
LINE
8
BLACK
6
CONTINUOUS
10
5.5479222047244097
20
-3.4785697244094487
11
5.5480848818897632
21
-3.4788126377952757
0
LINE
8
BLACK
6
CONTINUOUS
10
5.5480848818897632
20
-3.4788126377952757
11
5.5482916141732286
21
-3.4790193700787402
0
LINE
8
BLACK
6
CONTINUOUS
10
5.5482916141732286
20
-3.4790193700787402
11
5.5484022834645668
21
-3.4792866141732284
0
LINE
8
BLACK
6
CONTINUOUS
10
5.5484022834645668
20
-3.4792866141732284
11
5.5485633070866136
21
-3.4795270078740157
0
LINE
8
BLACK
6
CONTINUOUS
10
5.5485633070866136
20
-3.4795270078740157
11
5.5486223228346452
21
-3.4798177559055117
0
LINE
8
BLACK
6
CONTINUOUS
10
5.5486223228346452
20
-3.4798177559055117
11
5.5487325196850392
21
-3.480083779527559
0
LINE
8
BLACK
6
CONTINUOUS
10
5.5487325196850392
20
-3.480083779527559
11
5.5487325196850392
21
-3.4803605511811022
0
LINE
8
BLACK
6
CONTINUOUS
10
5.5487325196850392
20
-3.4803605511811022
11
5.5520033070866139
21
-3.4964732283464568
0
LINE
8
BLACK
6
CONTINUOUS
10
5.5520033070866139
20
-3.4964732283464568
11
5.556474488188976
21
-3.4964569291338581
0
LINE
8
BLACK
6
CONTINUOUS
10
5.556474488188976
20
-3.4964569291338581
11
5.5586818110236216
21
-3.4953202755905513
0
LINE
8
BLACK
6
CONTINUOUS
10
5.5586818110236216
20
-3.4953202755905513
11
5.5598038582677161
21
-3.4930077559055119
0
LINE
8
BLACK
6
CONTINUOUS
10
5.5598038582677161
20
-3.4930077559055119
11
5.5597609448818899
21
-3.4868987401574802
0
LINE
8
BLACK
6
CONTINUOUS
10
5.5597609448818899
20
-3.4868987401574802
11
5.5581936220472441
21
-3.483855118110236
0
LINE
8
BLACK
6
CONTINUOUS
10
5.5581936220472441
20
-3.483855118110236
11
5.5579867322834646
21
-3.4833144881889764
0
LINE
8
BLACK
6
CONTINUOUS
10
5.5579867322834646
20
-3.4833144881889764
11
5.5579050787401574
21
-3.482165275590551
0
LINE
8
BLACK
6
CONTINUOUS
10
5.5579050787401574
20
-3.482165275590551
11
5.558269409448819
21
-3.4810723228346454
0
LINE
8
BLACK
6
CONTINUOUS
10
5.558269409448819
20
-3.4810723228346454
11
5.5590242519685038
21
-3.4802019291338584
0
LINE
8
BLACK
6
CONTINUOUS
10
5.5590242519685038
20
-3.4802019291338584
11
5.5600547637795277
21
-3.4796866929133858
0
LINE
8
BLACK
6
CONTINUOUS
10
5.5600547637795277
20
-3.4796866929133858
11
5.5612039763779526
21
-3.4796050393700786
0
LINE
8
BLACK
6
CONTINUOUS
10
5.5612039763779526
20
-3.4796050393700786
11
5.5622969291338578
21
-3.4799693700787402
0
LINE
8
BLACK
6
CONTINUOUS
10
5.5622969291338578
20
-3.4799693700787402
11
5.5631673228346452
21
-3.480724212598425
0
LINE
8
BLACK
6
CONTINUOUS
10
5.5631673228346452
20
-3.480724212598425
11
5.5653504330708659
21
-3.484963622047244
0
LINE
8
BLACK
6
CONTINUOUS
10
5.5653504330708659
20
-3.484963622047244
11
5.5655573228346453
21
-3.4855042125984252
0
LINE
8
BLACK
6
CONTINUOUS
10
5.5655573228346453
20
-3.4855042125984252
11
5.5655648425196853
21
-3.4856100787401574
0
LINE
8
BLACK
6
CONTINUOUS
10
5.5655648425196853
20
-3.4856100787401574
11
5.565605433070866
21
-3.4857080708661417
0
LINE
8
BLACK
6
CONTINUOUS
10
5.565605433070866
20
-3.4857080708661417
11
5.5656090944881891
21
-3.4862332283464568
0
LINE
8
BLACK
6
CONTINUOUS
10
5.5656090944881891
20
-3.4862332283464568
11
5.5656389763779526
21
-3.4866534251968502
0
LINE
8
BLACK
6
CONTINUOUS
10
5.5656389763779526
20
-3.4866534251968502
11
5.5656125984251963
21
-3.4867324409448819
0
LINE
8
BLACK
6
CONTINUOUS
10
5.5656125984251963
20
-3.4867324409448819
11
5.5656621653543308
21
-3.4937831889763777
0
LINE
8
BLACK
6
CONTINUOUS
10
5.5656621653543308
20
-3.4937831889763777
11
5.565605433070866
21
-3.4943592519685041
0
LINE
8
BLACK
6
CONTINUOUS
10
5.565605433070866
20
-3.4943592519685041
11
5.5655648425196853
21
-3.4944572047244096
0
LINE
8
BLACK
6
CONTINUOUS
10
5.5655648425196853
20
-3.4944572047244096
11
5.5655573228346453
21
-3.4945631102362205
0
LINE
8
BLACK
6
CONTINUOUS
10
5.5655573228346453
20
-3.4945631102362205
11
5.5653089763779526
21
-3.4950748425196849
0
LINE
8
BLACK
6
CONTINUOUS
10
5.5653089763779526
20
-3.4950748425196849
11
5.5651645275590553
21
-3.4954236614173229
0
LINE
8
BLACK
6
CONTINUOUS
10
5.5651645275590553
20
-3.4954236614173229
11
5.5651164173228347
21
-3.4954717322834643
0
LINE
8
BLACK
6
CONTINUOUS
10
5.5651164173228347
20
-3.4954717322834643
11
5.5634756692913383
21
-3.4988532283464564
0
LINE
8
BLACK
6
CONTINUOUS
10
5.5634756692913383
20
-3.4988532283464564
11
5.563415
21
-3.4989495669291339
0
LINE
8
BLACK
6
CONTINUOUS
10
5.563415
20
-3.4989495669291339
11
5.5633998818897634
21
-3.4989949999999999
0
LINE
8
BLACK
6
CONTINUOUS
10
5.5633998818897634
20
-3.4989949999999999
11
5.5633508267716536
21
-3.4990515354330709
0
LINE
8
BLACK
6
CONTINUOUS
10
5.5633508267716536
20
-3.4990515354330709
11
5.5631673228346452
21
-3.4993431102362202
0
LINE
8
BLACK
6
CONTINUOUS
10
5.5631673228346452
20
-3.4993431102362202
11
5.5628874803149602
21
-3.499585748031496
0
LINE
8
BLACK
6
CONTINUOUS
10
5.5628874803149602
20
-3.499585748031496
11
5.5626449999999998
21
-3.4998653937007873
0
LINE
8
BLACK
6
CONTINUOUS
10
5.5626449999999998
20
-3.4998653937007873
11
5.562448267716535
21
-3.4999666929133859
0
LINE
8
BLACK
6
CONTINUOUS
10
5.562448267716535
20
-3.4999666929133859
11
5.5622969291338578
21
-3.5000979527559055
0
LINE
8
BLACK
6
CONTINUOUS
10
5.5622969291338578
20
-3.5000979527559055
11
5.5620033464566925
21
-3.5001957874015748
0
LINE
8
BLACK
6
CONTINUOUS
10
5.5620033464566925
20
-3.5001957874015748
11
5.5584055905511809
21
-3.502048503937008
0
LINE
8
BLACK
6
CONTINUOUS
10
5.5584055905511809
20
-3.502048503937008
11
5.5578649606299209
21
-3.5022553937007874
0
LINE
8
BLACK
6
CONTINUOUS
10
5.5578649606299209
20
-3.5022553937007874
11
5.5577591338582675
21
-3.5022628740157478
0
LINE
8
BLACK
6
CONTINUOUS
10
5.5577591338582675
20
-3.5022628740157478
11
5.5576611417322832
21
-3.5023035039370076
0
LINE
8
BLACK
6
CONTINUOUS
10
5.5576611417322832
20
-3.5023035039370076
11
5.5571622440944877
21
-3.5023053149606298
0
LINE
8
BLACK
6
CONTINUOUS
10
5.5571622440944877
20
-3.5023053149606298
11
5.5567157480314959
21
-3.5023370472440942
0
LINE
8
BLACK
6
CONTINUOUS
10
5.5567157480314959
20
-3.5023370472440942
11
5.5566264173228346
21
-3.5023072440944882
0
LINE
8
BLACK
6
CONTINUOUS
10
5.5566264173228346
20
-3.5023072440944882
11
5.5497282677165352
21
-3.5023323622047244
0
LINE
8
BLACK
6
CONTINUOUS
10
5.5497282677165352
20
-3.5023323622047244
11
5.5495890944881889
21
-3.5023602362204724
0
LINE
8
BLACK
6
CONTINUOUS
10
5.5495890944881889
20
-3.5023602362204724
11
5.5494534645669287
21
-3.5023333858267716
0
LINE
8
BLACK
6
CONTINUOUS
10
5.5494534645669287
20
-3.5023333858267716
11
5.5420869685039369
21
-3.5023602362204724
0
LINE
8
BLACK
6
CONTINUOUS
10
5.5420869685039369
20
-3.5023602362204724
11
5.541510905511811
21
-3.5023035039370076
0
LINE
8
BLACK
6
CONTINUOUS
10
5.541510905511811
20
-3.5023035039370076
11
5.5414129133858268
21
-3.5022629133858265
0
LINE
8
BLACK
6
CONTINUOUS
10
5.5414129133858268
20
-3.5022629133858265
11
5.5413070472440946
21
-3.5022553937007874
0
LINE
8
BLACK
6
CONTINUOUS
10
5.5413070472440946
20
-3.5022553937007874
11
5.5407952755905514
21
-3.5020070472440943
0
LINE
8
BLACK
6
CONTINUOUS
10
5.5407952755905514
20
-3.5020070472440943
11
5.5404464960629918
21
-3.501862598425197
0
LINE
8
BLACK
6
CONTINUOUS
10
5.5404464960629918
20
-3.501862598425197
11
5.5403983858267711
21
-3.5018144881889763
0
LINE
8
BLACK
6
CONTINUOUS
10
5.5403983858267711
20
-3.5018144881889763
11
5.5370169291338582
21
-3.5001737401574804
0
LINE
8
BLACK
6
CONTINUOUS
10
5.5370169291338582
20
-3.5001737401574804
11
5.5369205511811019
21
-3.5001130708661417
0
LINE
8
BLACK
6
CONTINUOUS
10
5.5369205511811019
20
-3.5001130708661417
11
5.5368751574803152
21
-3.5000979527559055
0
LINE
8
BLACK
6
CONTINUOUS
10
5.5368751574803152
20
-3.5000979527559055
11
5.5368185826771654
21
-3.5000488976377953
0
LINE
8
BLACK
6
CONTINUOUS
10
5.5368185826771654
20
-3.5000488976377953
11
5.5365270472440944
21
-3.4998653937007873
0
LINE
8
BLACK
6
CONTINUOUS
10
5.5365270472440944
20
-3.4998653937007873
11
5.5362844488188978
21
-3.4995856692913385
0
LINE
8
BLACK
6
CONTINUOUS
10
5.5362844488188978
20
-3.4995856692913385
11
5.5360047637795278
21
-3.4993431102362202
0
LINE
8
BLACK
6
CONTINUOUS
10
5.5360047637795278
20
-3.4993431102362202
11
5.5359033858267717
21
-3.4991462598425196
0
LINE
8
BLACK
6
CONTINUOUS
10
5.5359033858267717
20
-3.4991462598425196
11
5.5357722047244096
21
-3.4989949999999999
0
LINE
8
BLACK
6
CONTINUOUS
10
5.5357722047244096
20
-3.4989949999999999
11
5.5356743700787403
21
-3.4987014960629921
0
LINE
8
BLACK
6
CONTINUOUS
10
5.5356743700787403
20
-3.4987014960629921
11
5.5338216535433071
21
-3.4951037007874013
0
LINE
8
BLACK
6
CONTINUOUS
10
5.5338216535433071
20
-3.4951037007874013
11
5.5336147637795277
21
-3.4945630708661417
0
LINE
8
BLACK
6
CONTINUOUS
10
5.5336147637795277
20
-3.4945630708661417
11
5.5336072440944877
21
-3.4944572440944883
0
LINE
8
BLACK
6
CONTINUOUS
10
5.5336072440944877
20
-3.4944572440944883
11
5.533566653543307
21
-3.4943592519685041
0
LINE
8
BLACK
6
CONTINUOUS
10
5.533566653543307
20
-3.4943592519685041
11
5.5335629527559052
21
-3.4938340157480314
0
LINE
8
BLACK
6
CONTINUOUS
10
5.5335629527559052
20
-3.4938340157480314
11
5.5335331102362204
21
-3.4934138582677163
0
LINE
8
BLACK
6
CONTINUOUS
10
5.5335331102362204
20
-3.4934138582677163
11
5.5335594488188979
21
-3.4933348031496063
0
LINE
8
BLACK
6
CONTINUOUS
10
5.5335594488188979
20
-3.4933348031496063
11
5.5335099212598422
21
-3.4862841338582675
0
LINE
8
BLACK
6
CONTINUOUS
10
5.5335099212598422
20
-3.4862841338582675
11
5.533566653543307
21
-3.4857080708661417
0
LINE
8
BLACK
6
CONTINUOUS
10
5.533566653543307
20
-3.4857080708661417
11
5.5336072440944877
21
-3.4856100393700786
0
LINE
8
BLACK
6
CONTINUOUS
10
5.5336072440944877
20
-3.4856100393700786
11
5.5336147637795277
21
-3.485504251968504
0
LINE
8
BLACK
6
CONTINUOUS
10
5.5336147637795277
20
-3.485504251968504
11
5.5338629527559053
21
-3.4849926771653541
0
LINE
8
BLACK
6
CONTINUOUS
10
5.5338629527559053
20
-3.4849926771653541
11
5.5340075590551177
21
-3.4846436614173228
0
LINE
8
BLACK
6
CONTINUOUS
10
5.5340075590551177
20
-3.4846436614173228
11
5.5340556692913383
21
-3.4845955118110234
0
LINE
8
BLACK
6
CONTINUOUS
10
5.5340556692913383
20
-3.4845955118110234
11
5.5356964173228347
21
-3.4812140944881889
0
LINE
8
BLACK
6
CONTINUOUS
10
5.5356964173228347
20
-3.4812140944881889
11
5.5357570472440942
21
-3.481117716535433
0
LINE
8
BLACK
6
CONTINUOUS
10
5.5357570472440942
20
-3.481117716535433
11
5.5357722047244096
21
-3.4810723228346454
0
LINE
8
BLACK
6
CONTINUOUS
10
5.5357722047244096
20
-3.4810723228346454
11
5.5358212204724406
21
-3.481015748031496
0
LINE
8
BLACK
6
CONTINUOUS
10
5.5358212204724406
20
-3.481015748031496
11
5.5360047637795278
21
-3.480724212598425
0
LINE
8
BLACK
6
CONTINUOUS
10
5.5360047637795278
20
-3.480724212598425
11
5.5362844488188978
21
-3.4804816141732284
0
LINE
8
BLACK
6
CONTINUOUS
10
5.5362844488188978
20
-3.4804816141732284
11
5.5365270472440944
21
-3.4802019291338584
0
LINE
8
BLACK
6
CONTINUOUS
10
5.5365270472440944
20
-3.4802019291338584
11
5.5367238582677167
21
-3.4801005511811023
0
LINE
8
BLACK
6
CONTINUOUS
10
5.5367238582677167
20
-3.4801005511811023
11
5.5368751574803152
21
-3.4799693700787402
0
LINE
8
BLACK
6
CONTINUOUS
10
5.5368751574803152
20
-3.4799693700787402
11
5.5371686220472442
21
-3.4798715354330709
0
LINE
8
BLACK
6
CONTINUOUS
10
5.5371686220472442
20
-3.4798715354330709
11
5.5407664566929133
21
-3.4780188188976378
0
LINE
8
BLACK
6
CONTINUOUS
10
5.5407664566929133
20
-3.4780188188976378
11
5.5413070472440946
21
-3.4778119291338583
0
LINE
8
BLACK
6
CONTINUOUS
10
5.5413070472440946
20
-3.4778119291338583
11
5.5414129133858268
21
-3.47780437007874
0
LINE
8
BLACK
6
CONTINUOUS
10
5.5414129133858268
20
-3.47780437007874
11
5.541510905511811
21
-3.4777638188976376
0
LINE
8
BLACK
6
CONTINUOUS
10
5.541510905511811
20
-3.4777638188976376
11
5.5420912598425192
21
-3.4777561811023623
0
LINE
8
BLACK
6
CONTINUOUS
10
5.5420912598425192
20
-3.4777561811023623
11
5.5424562598425196
21
-3.477730275590551
0
LINE
8
BLACK
6
CONTINUOUS
10
5.5424562598425196
20
-3.477730275590551
11
5.5425172834645666
21
-3.4777505905511812
0
LINE
8
BLACK
6
CONTINUOUS
10
5.5425172834645666
20
-3.4777505905511812
11
5.5458331889763777
21
-3.477707125984252
0
LINE
8
BLACK
6
CONTINUOUS
10
5.5458331889763777
20
-3.477707125984252
11
5.5458334251968502
21
-3.4777070866141733
0
LINE
8
BLACK
6
CONTINUOUS
10
5.5458334251968502
20
-3.4777070866141733
11
5.5458335826771652
21
-3.4777070866141733
0
LINE
8
BLACK
6
CONTINUOUS
10
5.5458335826771652
20
-3.4777070866141733
11
5.545836496062992
21
-3.4777070866141733
0
LINE
8
BLACK
6
CONTINUOUS
10
5.545836496062992
20
-3.4777070866141733
11
5.5464125590551179
21
-3.4777638188976376
0
LINE
8
BLACK
6
CONTINUOUS
10
5.5427090551181104
20
-3.483604409448819
11
5.5404902755905514
21
-3.4847470078740157
0
LINE
8
BLACK
6
CONTINUOUS
10
5.5404902755905514
20
-3.4847470078740157
11
5.5393681889763782
21
-3.487059527559055
0
LINE
8
BLACK
6
CONTINUOUS
10
5.5393681889763782
20
-3.487059527559055
11
5.5394111023622044
21
-3.4931685433070867
0
LINE
8
BLACK
6
CONTINUOUS
10
5.5394111023622044
20
-3.4931685433070867
11
5.5405498425196846
21
-3.4953798818897637
0
LINE
8
BLACK
6
CONTINUOUS
10
5.5405498425196846
20
-3.4953798818897637
11
5.5428716929133861
21
-3.4965064960629921
0
LINE
8
BLACK
6
CONTINUOUS
10
5.5428716929133861
20
-3.4965064960629921
11
5.5460379921259841
21
-3.4964949606299212
0
LINE
8
BLACK
6
CONTINUOUS
10
5.5460379921259841
20
-3.4964949606299212
11
5.5434193307086614
21
-3.483595118110236
0
LINE
8
BLACK
6
CONTINUOUS
10
5.5434193307086614
20
-3.483595118110236
11
5.5427090551181104
21
-3.483604409448819
0
LINE
8
BLACK
6
CONTINUOUS
10
5.5632854724409446
20
-3.4440180314960629
11
5.5643498818897639
21
-3.444458937007874
0
LINE
8
BLACK
6
CONTINUOUS
10
5.5643498818897639
20
-3.444458937007874
11
5.5651645275590553
21
-3.4452735826771654
0
LINE
8
BLACK
6
CONTINUOUS
10
5.5651645275590553
20
-3.4452735826771654
11
5.565605433070866
21
-3.4463379921259842
0
LINE
8
BLACK
6
CONTINUOUS
10
5.565605433070866
20
-3.4463379921259842
11
5.565605433070866
21
-3.447490118110236
0
LINE
8
BLACK
6
CONTINUOUS
10
5.565605433070866
20
-3.447490118110236
11
5.5651645275590553
21
-3.4485545275590552
0
LINE
8
BLACK
6
CONTINUOUS
10
5.5651645275590553
20
-3.4485545275590552
11
5.5650191732283467
21
-3.4486998425196851
0
LINE
8
BLACK
6
CONTINUOUS
10
5.5650191732283467
20
-3.4486998425196851
11
5.5653504330708659
21
-3.4493430708661417
0
LINE
8
BLACK
6
CONTINUOUS
10
5.5653504330708659
20
-3.4493430708661417
11
5.5655573228346453
21
-3.4498836614173229
0
LINE
8
BLACK
6
CONTINUOUS
10
5.5655573228346453
20
-3.4498836614173229
11
5.5655648425196853
21
-3.4499895275590551
0
LINE
8
BLACK
6
CONTINUOUS
10
5.5655648425196853
20
-3.4499895275590551
11
5.565605433070866
21
-3.4500875196850394
0
LINE
8
BLACK
6
CONTINUOUS
10
5.565605433070866
20
-3.4500875196850394
11
5.5656090944881891
21
-3.4506126771653545
0
LINE
8
BLACK
6
CONTINUOUS
10
5.5656090944881891
20
-3.4506126771653545
11
5.5656389763779526
21
-3.4510328740157479
0
LINE
8
BLACK
6
CONTINUOUS
10
5.5656389763779526
20
-3.4510328740157479
11
5.5656125984251963
21
-3.4511118897637796
0
LINE
8
BLACK
6
CONTINUOUS
10
5.5656125984251963
20
-3.4511118897637796
11
5.5656621653543308
21
-3.4581626377952754
0
LINE
8
BLACK
6
CONTINUOUS
10
5.5656621653543308
20
-3.4581626377952754
11
5.565605433070866
21
-3.4587387007874013
0
LINE
8
BLACK
6
CONTINUOUS
10
5.565605433070866
20
-3.4587387007874013
11
5.5655648425196853
21
-3.4588366535433068
0
LINE
8
BLACK
6
CONTINUOUS
10
5.5655648425196853
20
-3.4588366535433068
11
5.5655573228346453
21
-3.4589425590551182
0
LINE
8
BLACK
6
CONTINUOUS
10
5.5655573228346453
20
-3.4589425590551182
11
5.5653089763779526
21
-3.4594542913385826
0
LINE
8
BLACK
6
CONTINUOUS
10
5.5653089763779526
20
-3.4594542913385826
11
5.5651645275590553
21
-3.4598031102362206
0
LINE
8
BLACK
6
CONTINUOUS
10
5.5651645275590553
20
-3.4598031102362206
11
5.5651164173228347
21
-3.459851181102362
0
LINE
8
BLACK
6
CONTINUOUS
10
5.5651164173228347
20
-3.459851181102362
11
5.5634756692913383
21
-3.4632326771653541
0
LINE
8
BLACK
6
CONTINUOUS
10
5.5634756692913383
20
-3.4632326771653541
11
5.5633195669291338
21
-3.4634806692913385
0
LINE
8
BLACK
6
CONTINUOUS
10
5.5633195669291338
20
-3.4634806692913385
11
5.5632897637795278
21
-3.4635526377952757
0
LINE
8
BLACK
6
CONTINUOUS
10
5.5632897637795278
20
-3.4635526377952757
11
5.5632452362204727
21
-3.4635987007874016
0
LINE
8
BLACK
6
CONTINUOUS
10
5.5632452362204727
20
-3.4635987007874016
11
5.5631673228346452
21
-3.4637225590551179
0
LINE
8
BLACK
6
CONTINUOUS
10
5.5631673228346452
20
-3.4637225590551179
11
5.5629115354330709
21
-3.4639443307086615
0
LINE
8
BLACK
6
CONTINUOUS
10
5.5629115354330709
20
-3.4639443307086615
11
5.5610477165354331
21
-3.4658748818897638
0
LINE
8
BLACK
6
CONTINUOUS
10
5.5610477165354331
20
-3.4658748818897638
11
5.560821377952756
21
-3.466060590551181
0
LINE
8
BLACK
6
CONTINUOUS
10
5.560821377952756
20
-3.466060590551181
11
5.5607702362204723
21
-3.4661196062992126
0
LINE
8
BLACK
6
CONTINUOUS
10
5.5607702362204723
20
-3.4661196062992126
11
5.5607146062992125
21
-3.4661482283464564
0
LINE
8
BLACK
6
CONTINUOUS
10
5.5607146062992125
20
-3.4661482283464564
11
5.5606002755905513
21
-3.466242086614173
0
LINE
8
BLACK
6
CONTINUOUS
10
5.5606002755905513
20
-3.466242086614173
11
5.560253346456693
21
-3.4663857480314961
0
LINE
8
BLACK
6
CONTINUOUS
10
5.560253346456693
20
-3.4663857480314961
11
5.5565308267716533
21
-3.4683027165354332
0
LINE
8
BLACK
6
CONTINUOUS
10
5.5565308267716533
20
-3.4683027165354332
11
5.5559901968503933
21
-3.4685096062992127
0
LINE
8
BLACK
6
CONTINUOUS
10
5.5559901968503933
20
-3.4685096062992127
11
5.5558843700787399
21
-3.468517086614173
0
LINE
8
BLACK
6
CONTINUOUS
10
5.5558843700787399
20
-3.468517086614173
11
5.5557863779527557
21
-3.4685577165354329
0
LINE
8
BLACK
6
CONTINUOUS
10
5.5557863779527557
20
-3.4685577165354329
11
5.5552787795275593
21
-3.4685601181102363
0
LINE
8
BLACK
6
CONTINUOUS
10
5.5552787795275593
20
-3.4685601181102363
11
5.5548409842519684
21
-3.4685912598425195
0
LINE
8
BLACK
6
CONTINUOUS
10
5.5548409842519684
20
-3.4685912598425195
11
5.5547551968503939
21
-3.4685626377952756
0
LINE
8
BLACK
6
CONTINUOUS
10
5.5547551968503939
20
-3.4685626377952756
11
5.5439617322834644
21
-3.4686144488188977
0
LINE
8
BLACK
6
CONTINUOUS
10
5.5439617322834644
20
-3.4686144488188977
11
5.5433856692913386
21
-3.4685577165354329
0
LINE
8
BLACK
6
CONTINUOUS
10
5.5433856692913386
20
-3.4685577165354329
11
5.5432876771653543
21
-3.4685171259842518
0
LINE
8
BLACK
6
CONTINUOUS
10
5.5432876771653543
20
-3.4685171259842518
11
5.5431818110236222
21
-3.4685096062992127
0
LINE
8
BLACK
6
CONTINUOUS
10
5.5431818110236222
20
-3.4685096062992127
11
5.542670039370079
21
-3.4682612598425195
0
LINE
8
BLACK
6
CONTINUOUS
10
5.542670039370079
20
-3.4682612598425195
11
5.5423212598425193
21
-3.4681168110236218
0
LINE
8
BLACK
6
CONTINUOUS
10
5.5423212598425193
20
-3.4681168110236218
11
5.5422731496062987
21
-3.4680687007874016
0
LINE
8
BLACK
6
CONTINUOUS
10
5.5422731496062987
20
-3.4680687007874016
11
5.5388916929133858
21
-3.4664279527559057
0
LINE
8
BLACK
6
CONTINUOUS
10
5.5388916929133858
20
-3.4664279527559057
11
5.5386436614173231
21
-3.4662718503937007
0
LINE
8
BLACK
6
CONTINUOUS
10
5.5386436614173231
20
-3.4662718503937007
11
5.5385717322834642
21
-3.4662420472440942
0
LINE
8
BLACK
6
CONTINUOUS
10
5.5385717322834642
20
-3.4662420472440942
11
5.53852562992126
21
-3.4661975196850392
0
LINE
8
BLACK
6
CONTINUOUS
10
5.53852562992126
20
-3.4661975196850392
11
5.5384018110236219
21
-3.4661196062992126
0
LINE
8
BLACK
6
CONTINUOUS
10
5.5384018110236219
20
-3.4661196062992126
11
5.5381800393700784
21
-3.4658638976377953
0
LINE
8
BLACK
6
CONTINUOUS
10
5.5381800393700784
20
-3.4658638976377953
11
5.5362495275590549
21
-3.4640000787401575
0
LINE
8
BLACK
6
CONTINUOUS
10
5.5362495275590549
20
-3.4640000787401575
11
5.5360637401574806
21
-3.4637737007874017
0
LINE
8
BLACK
6
CONTINUOUS
10
5.5360637401574806
20
-3.4637737007874017
11
5.5360047637795278
21
-3.4637225590551179
0
LINE
8
BLACK
6
CONTINUOUS
10
5.5360047637795278
20
-3.4637225590551179
11
5.5359761023622047
21
-3.4636668897637795
0
LINE
8
BLACK
6
CONTINUOUS
10
5.5359761023622047
20
-3.4636668897637795
11
5.5358823228346452
21
-3.4635526377952757
0
LINE
8
BLACK
6
CONTINUOUS
10
5.5358823228346452
20
-3.4635526377952757
11
5.535738661417323
21
-3.4632058267716537
0
LINE
8
BLACK
6
CONTINUOUS
10
5.535738661417323
20
-3.4632058267716537
11
5.5338216535433071
21
-3.459483149606299
0
LINE
8
BLACK
6
CONTINUOUS
10
5.5338216535433071
20
-3.459483149606299
11
5.5336147637795277
21
-3.4589425196850394
0
LINE
8
BLACK
6
CONTINUOUS
10
5.5336147637795277
20
-3.4589425196850394
11
5.5336072440944877
21
-3.4588366929133856
0
LINE
8
BLACK
6
CONTINUOUS
10
5.5336072440944877
20
-3.4588366929133856
11
5.533566653543307
21
-3.4587387007874013
0
LINE
8
BLACK
6
CONTINUOUS
10
5.533566653543307
20
-3.4587387007874013
11
5.5335629527559052
21
-3.4582134645669291
0
LINE
8
BLACK
6
CONTINUOUS
10
5.5335629527559052
20
-3.4582134645669291
11
5.5335331102362204
21
-3.457793307086614
0
LINE
8
BLACK
6
CONTINUOUS
10
5.5335331102362204
20
-3.457793307086614
11
5.5335594488188979
21
-3.457714251968504
0
LINE
8
BLACK
6
CONTINUOUS
10
5.5335594488188979
20
-3.457714251968504
11
5.5335099212598422
21
-3.4506635826771652
0
LINE
8
BLACK
6
CONTINUOUS
10
5.5335099212598422
20
-3.4506635826771652
11
5.533566653543307
21
-3.4500875196850394
0
LINE
8
BLACK
6
CONTINUOUS
10
5.533566653543307
20
-3.4500875196850394
11
5.5336072440944877
21
-3.4499894881889763
0
LINE
8
BLACK
6
CONTINUOUS
10
5.5336072440944877
20
-3.4499894881889763
11
5.5336147637795277
21
-3.4498837007874017
0
LINE
8
BLACK
6
CONTINUOUS
10
5.5336147637795277
20
-3.4498837007874017
11
5.5336300393700784
21
-3.4498521653543306
0
LINE
8
BLACK
6
CONTINUOUS
10
5.5336300393700784
20
-3.4498521653543306
11
5.5233393307086613
21
-3.4498668110236221
0
LINE
8
BLACK
6
CONTINUOUS
10
5.5233393307086613
20
-3.4498668110236221
11
5.5227632677165355
21
-3.4498100787401573
0
LINE
8
BLACK
6
CONTINUOUS
10
5.5227632677165355
20
-3.4498100787401573
11
5.5216988582677162
21
-3.4493691732283462
0
LINE
8
BLACK
6
CONTINUOUS
10
5.5216988582677162
20
-3.4493691732283462
11
5.5208842125984248
21
-3.4485545275590552
0
LINE
8
BLACK
6
CONTINUOUS
10
5.5208842125984248
20
-3.4485545275590552
11
5.5204433070866141
21
-3.447490118110236
0
LINE
8
BLACK
6
CONTINUOUS
10
5.5204433070866141
20
-3.447490118110236
11
5.5204433070866141
21
-3.4463379921259842
0
LINE
8
BLACK
6
CONTINUOUS
10
5.5204433070866141
20
-3.4463379921259842
11
5.5208842125984248
21
-3.4452735826771654
0
LINE
8
BLACK
6
CONTINUOUS
10
5.5208842125984248
20
-3.4452735826771654
11
5.5216988582677162
21
-3.444458937007874
0
LINE
8
BLACK
6
CONTINUOUS
10
5.5216988582677162
20
-3.444458937007874
11
5.5227632677165355
21
-3.4440180314960629
0
LINE
8
BLACK
6
CONTINUOUS
10
5.5227632677165355
20
-3.4440180314960629
11
5.5379320866141732
21
-3.4439964566929131
0
LINE
8
BLACK
6
CONTINUOUS
10
5.5379320866141732
20
-3.4439964566929131
11
5.5379681102362204
21
-3.4439844881889763
0
LINE
8
BLACK
6
CONTINUOUS
10
5.5379681102362204
20
-3.4439844881889763
11
5.5381329527559053
21
-3.4439961811023623
0
LINE
8
BLACK
6
CONTINUOUS
10
5.5381329527559053
20
-3.4439961811023623
11
5.5627094094488188
21
-3.4439612992125985
0
LINE
8
BLACK
6
CONTINUOUS
10
5.5627094094488188
20
-3.4439612992125985
11
5.5632854724409446
21
-3.4440180314960629
0
LINE
8
BLACK
6
CONTINUOUS
10
5.5401425984251969
20
-3.4498429133858268
11
5.5393681889763782
21
-3.4514389763779527
0
LINE
8
BLACK
6
CONTINUOUS
10
5.5393681889763782
20
-3.4514389763779527
11
5.5394111023622044
21
-3.457547992125984
0
LINE
8
BLACK
6
CONTINUOUS
10
5.5394111023622044
20
-3.457547992125984
11
5.5408057480314961
21
-3.4602562992125985
0
LINE
8
BLACK
6
CONTINUOUS
10
5.5408057480314961
20
-3.4602562992125985
11
5.5420391338582675
21
-3.4614470472440946
0
LINE
8
BLACK
6
CONTINUOUS
10
5.5420391338582675
20
-3.4614470472440946
11
5.5447432677165356
21
-3.4627591338582677
0
LINE
8
BLACK
6
CONTINUOUS
10
5.5447432677165356
20
-3.4627591338582677
11
5.554598346456693
21
-3.4627118503937009
0
LINE
8
BLACK
6
CONTINUOUS
10
5.554598346456693
20
-3.4627118503937009
11
5.5573039763779528
21
-3.4613185433070863
0
LINE
8
BLACK
6
CONTINUOUS
10
5.5573039763779528
20
-3.4613185433070863
11
5.5584947637795272
21
-3.4600851968503936
0
LINE
8
BLACK
6
CONTINUOUS
10
5.5584947637795272
20
-3.4600851968503936
11
5.5598038582677161
21
-3.4573872047244092
0
LINE
8
BLACK
6
CONTINUOUS
10
5.5598038582677161
20
-3.4573872047244092
11
5.5597609448818899
21
-3.4512781889763779
0
LINE
8
BLACK
6
CONTINUOUS
10
5.5597609448818899
20
-3.4512781889763779
11
5.559008031496063
21
-3.4498161417322835
0
LINE
8
BLACK
6
CONTINUOUS
10
5.559008031496063
20
-3.4498161417322835
11
5.5401425984251969
21
-3.4498429133858268
0
LINE
8
BLACK
6
CONTINUOUS
10
5.5643498818897639
20
-3.4050888582677166
11
5.5651645275590553
21
-3.4059035039370076
0
LINE
8
BLACK
6
CONTINUOUS
10
5.5651645275590553
20
-3.4059035039370076
11
5.565605433070866
21
-3.4069679133858268
0
LINE
8
BLACK
6
CONTINUOUS
10
5.565605433070866
20
-3.4069679133858268
11
5.5656621653543308
21
-3.4300411417322834
0
LINE
8
BLACK
6
CONTINUOUS
10
5.5656621653543308
20
-3.4300411417322834
11
5.565605433070866
21
-3.4306172047244092
0
LINE
8
BLACK
6
CONTINUOUS
10
5.565605433070866
20
-3.4306172047244092
11
5.5651645275590553
21
-3.4316816141732285
0
LINE
8
BLACK
6
CONTINUOUS
10
5.5651645275590553
20
-3.4316816141732285
11
5.5643498818897639
21
-3.4324962598425195
0
LINE
8
BLACK
6
CONTINUOUS
10
5.5643498818897639
20
-3.4324962598425195
11
5.5632854724409446
21
-3.4329371653543306
0
LINE
8
BLACK
6
CONTINUOUS
10
5.5632854724409446
20
-3.4329371653543306
11
5.5621333464566929
21
-3.4329371653543306
0
LINE
8
BLACK
6
CONTINUOUS
10
5.5621333464566929
20
-3.4329371653543306
11
5.5610689370078736
21
-3.4324962598425195
0
LINE
8
BLACK
6
CONTINUOUS
10
5.5610689370078736
20
-3.4324962598425195
11
5.5602542913385822
21
-3.4316816141732285
0
LINE
8
BLACK
6
CONTINUOUS
10
5.5602542913385822
20
-3.4316816141732285
11
5.5598133858267715
21
-3.4306172047244092
0
LINE
8
BLACK
6
CONTINUOUS
10
5.5598133858267715
20
-3.4306172047244092
11
5.5597914173228347
21
-3.4216935433070867
0
LINE
8
BLACK
6
CONTINUOUS
10
5.5597914173228347
20
-3.4216935433070867
11
5.5322818110236218
21
-3.4217325984251969
0
LINE
8
BLACK
6
CONTINUOUS
10
5.5322818110236218
20
-3.4217325984251969
11
5.534801062992126
21
-3.4242037007874013
0
LINE
8
BLACK
6
CONTINUOUS
10
5.534801062992126
20
-3.4242037007874013
11
5.5349868897637791
21
-3.4244300787401576
0
LINE
8
BLACK
6
CONTINUOUS
10
5.5349868897637791
20
-3.4244300787401576
11
5.5350458267716531
21
-3.4244812204724409
0
LINE
8
BLACK
6
CONTINUOUS
10
5.5350458267716531
20
-3.4244812204724409
11
5.5350744094488187
21
-3.4245367322834643
0
LINE
8
BLACK
6
CONTINUOUS
10
5.5350744094488187
20
-3.4245367322834643
11
5.5351683070866144
21
-3.4246511417322836
0
LINE
8
BLACK
6
CONTINUOUS
10
5.5351683070866144
20
-3.4246511417322836
11
5.5353120472440942
21
-3.4249981889763781
0
LINE
8
BLACK
6
CONTINUOUS
10
5.5353120472440942
20
-3.4249981889763781
11
5.5372289370078738
21
-3.4287206299212598
0
LINE
8
BLACK
6
CONTINUOUS
10
5.5372289370078738
20
-3.4287206299212598
11
5.5374358267716532
21
-3.4292612204724411
0
LINE
8
BLACK
6
CONTINUOUS
10
5.5374358267716532
20
-3.4292612204724411
11
5.5375174803149605
21
-3.430410433070866
0
LINE
8
BLACK
6
CONTINUOUS
10
5.5375174803149605
20
-3.430410433070866
11
5.5371531496062989
21
-3.4315034251968504
0
LINE
8
BLACK
6
CONTINUOUS
10
5.5371531496062989
20
-3.4315034251968504
11
5.5363983070866141
21
-3.4323737795275591
0
LINE
8
BLACK
6
CONTINUOUS
10
5.5363983070866141
20
-3.4323737795275591
11
5.5353677952755902
21
-3.4328890551181104
0
LINE
8
BLACK
6
CONTINUOUS
10
5.5353677952755902
20
-3.4328890551181104
11
5.5342185826771653
21
-3.4329707086614172
0
LINE
8
BLACK
6
CONTINUOUS
10
5.5342185826771653
20
-3.4329707086614172
11
5.5331256299212601
21
-3.432606377952756
0
LINE
8
BLACK
6
CONTINUOUS
10
5.5331256299212601
20
-3.432606377952756
11
5.5322552362204727
21
-3.4318515354330708
0
LINE
8
BLACK
6
CONTINUOUS
10
5.5322552362204727
20
-3.4318515354330708
11
5.5302315354330709
21
-3.4279216929133858
0
LINE
8
BLACK
6
CONTINUOUS
10
5.5302315354330709
20
-3.4279216929133858
11
5.5269107086614175
21
-3.4246643307086613
0
LINE
8
BLACK
6
CONTINUOUS
10
5.5269107086614175
20
-3.4246643307086613
11
5.5217014173228343
21
-3.4212494094488188
0
LINE
8
BLACK
6
CONTINUOUS
10
5.5217014173228343
20
-3.4212494094488188
11
5.5216997244094488
21
-3.4212480314960629
0
LINE
8
BLACK
6
CONTINUOUS
10
5.5216997244094488
20
-3.4212480314960629
11
5.5216988582677162
21
-3.4212476771653542
0
LINE
8
BLACK
6
CONTINUOUS
10
5.5216988582677162
20
-3.4212476771653542
11
5.521696811023622
21
-3.4212456299212599
0
LINE
8
BLACK
6
CONTINUOUS
10
5.521696811023622
20
-3.4212456299212599
11
5.5212535826771649
21
-3.4208826377952755
0
LINE
8
BLACK
6
CONTINUOUS
10
5.5212535826771649
20
-3.4208826377952755
11
5.5210909055118105
21
-3.4206397244094489
0
LINE
8
BLACK
6
CONTINUOUS
10
5.5210909055118105
20
-3.4206397244094489
11
5.5208842125984248
21
-3.4204330314960627
0
LINE
8
BLACK
6
CONTINUOUS
10
5.5208842125984248
20
-3.4204330314960627
11
5.5207734645669291
21
-3.4201657086614174
0
LINE
8
BLACK
6
CONTINUOUS
10
5.5207734645669291
20
-3.4201657086614174
11
5.5206125196850389
21
-3.4199253543307084
0
LINE
8
BLACK
6
CONTINUOUS
10
5.5206125196850389
20
-3.4199253543307084
11
5.5205551574803149
21
-3.4196387007874014
0
LINE
8
BLACK
6
CONTINUOUS
10
5.5205551574803149
20
-3.4196387007874014
11
5.5204433070866141
21
-3.4193686220472439
0
LINE
8
BLACK
6
CONTINUOUS
10
5.5204433070866141
20
-3.4193686220472439
11
5.5204433070866141
21
-3.4190792913385826
0
LINE
8
BLACK
6
CONTINUOUS
10
5.5204433070866141
20
-3.4190792913385826
11
5.5203865748031493
21
-3.4187956692913386
0
LINE
8
BLACK
6
CONTINUOUS
10
5.5203865748031493
20
-3.4187956692913386
11
5.5204433070866141
21
-3.4185088582677166
0
LINE
8
BLACK
6
CONTINUOUS
10
5.5204433070866141
20
-3.4185088582677166
11
5.5204433070866141
21
-3.4182164960629922
0
LINE
8
BLACK
6
CONTINUOUS
10
5.5204433070866141
20
-3.4182164960629922
11
5.5205540157480311
21
-3.4179492125984252
0
LINE
8
BLACK
6
CONTINUOUS
10
5.5205540157480311
20
-3.4179492125984252
11
5.5206101574803146
21
-3.4176654330708662
0
LINE
8
BLACK
6
CONTINUOUS
10
5.5206101574803146
20
-3.4176654330708662
11
5.5207723228346453
21
-3.4174221653543304
0
LINE
8
BLACK
6
CONTINUOUS
10
5.5207723228346453
20
-3.4174221653543304
11
5.5208842125984248
21
-3.4171520866141734
0
LINE
8
BLACK
6
CONTINUOUS
10
5.5208842125984248
20
-3.4171520866141734
11
5.52108874015748
21
-3.4169475196850394
0
LINE
8
BLACK
6
CONTINUOUS
10
5.52108874015748
20
-3.4169475196850394
11
5.5212492519685039
21
-3.4167068110236221
0
LINE
8
BLACK
6
CONTINUOUS
10
5.5212492519685039
20
-3.4167068110236221
11
5.5214921259842518
21
-3.4165441338582676
0
LINE
8
BLACK
6
CONTINUOUS
10
5.5214921259842518
20
-3.4165441338582676
11
5.5216988582677162
21
-3.4163374409448819
0
LINE
8
BLACK
6
CONTINUOUS
10
5.5216988582677162
20
-3.4163374409448819
11
5.5219661417322836
21
-3.4162266929133858
0
LINE
8
BLACK
6
CONTINUOUS
10
5.5219661417322836
20
-3.4162266929133858
11
5.5222065354330709
21
-3.416065748031496
0
LINE
8
BLACK
6
CONTINUOUS
10
5.5222065354330709
20
-3.416065748031496
11
5.5224931496062988
21
-3.4160083858267716
0
LINE
8
BLACK
6
CONTINUOUS
10
5.5224931496062988
20
-3.4160083858267716
11
5.5227632677165355
21
-3.4158965354330708
0
LINE
8
BLACK
6
CONTINUOUS
10
5.5227632677165355
20
-3.4158965354330708
11
5.5230546062992127
21
-3.4158961023622045
0
LINE
8
BLACK
6
CONTINUOUS
10
5.5230546062992127
20
-3.4158961023622045
11
5.5233362204724408
21
-3.415839803149606
0
LINE
8
BLACK
6
CONTINUOUS
10
5.5233362204724408
20
-3.415839803149606
11
5.5236168503937009
21
-3.4158953149606299
0
LINE
8
BLACK
6
CONTINUOUS
10
5.5236168503937009
20
-3.4158953149606299
11
5.5597770472440944
21
-3.4158439370078741
0
LINE
8
BLACK
6
CONTINUOUS
10
5.5597770472440944
20
-3.4158439370078741
11
5.5597566535433067
21
-3.4075439763779527
0
LINE
8
BLACK
6
CONTINUOUS
10
5.5597566535433067
20
-3.4075439763779527
11
5.5598133858267715
21
-3.4069679133858268
0
LINE
8
BLACK
6
CONTINUOUS
10
5.5598133858267715
20
-3.4069679133858268
11
5.5602542913385822
21
-3.4059035039370076
0
LINE
8
BLACK
6
CONTINUOUS
10
5.5602542913385822
20
-3.4059035039370076
11
5.5610689370078736
21
-3.4050888582677166
0
LINE
8
BLACK
6
CONTINUOUS
10
5.5610689370078736
20
-3.4050888582677166
11
5.5621333464566929
21
-3.4046479527559055
0
LINE
8
BLACK
6
CONTINUOUS
10
5.5621333464566929
20
-3.4046479527559055
11
5.5632854724409446
21
-3.4046479527559055
0
LINE
8
BLACK
6
CONTINUOUS
10
5.5632854724409446
20
-3.4046479527559055
11
5.5643498818897639
21
-3.4050888582677166
0
LINE
8
BLACK
6
CONTINUOUS
10
5.5348794488188977
20
-3.3671246062992126
11
5.5349572047244093
21
-3.367119094488189
0
LINE
8
BLACK
6
CONTINUOUS
10
5.5349572047244093
20
-3.367119094488189
11
5.5350157086614171
21
-3.3671380314960628
0
LINE
8
BLACK
6
CONTINUOUS
10
5.5350157086614171
20
-3.3671380314960628
11
5.5351639763779525
21
-3.3671526377952756
0
LINE
8
BLACK
6
CONTINUOUS
10
5.5351639763779525
20
-3.3671526377952756
11
5.5355325984251964
21
-3.36730531496063
0
LINE
8
BLACK
6
CONTINUOUS
10
5.5355325984251964
20
-3.36730531496063
11
5.5411459448818894
21
-3.3691222047244094
0
LINE
8
BLACK
6
CONTINUOUS
10
5.5411459448818894
20
-3.3691222047244094
11
5.5416744881889759
21
-3.3693581889763777
0
LINE
8
BLACK
6
CONTINUOUS
10
5.5416744881889759
20
-3.3693581889763777
11
5.5417546062992127
21
-3.3694276771653544
0
LINE
8
BLACK
6
CONTINUOUS
10
5.5417546062992127
20
-3.3694276771653544
11
5.5418526771653545
21
-3.3694683070866143
0
LINE
8
BLACK
6
CONTINUOUS
10
5.5418526771653545
20
-3.3694683070866143
11
5.5421966141732284
21
-3.3698110236220473
0
LINE
8
BLACK
6
CONTINUOUS
10
5.5421966141732284
20
-3.3698110236220473
11
5.5425448425196846
21
-3.3701130708661418
0
LINE
8
BLACK
6
CONTINUOUS
10
5.5425448425196846
20
-3.3701130708661418
11
5.5425896456692909
21
-3.3702027165354331
0
LINE
8
BLACK
6
CONTINUOUS
10
5.5425896456692909
20
-3.3702027165354331
11
5.5597959842519682
21
-3.3873488188976375
0
LINE
8
BLACK
6
CONTINUOUS
10
5.5597959842519682
20
-3.3873488188976375
11
5.5597566535433067
21
-3.3700486614173228
0
LINE
8
BLACK
6
CONTINUOUS
10
5.5597566535433067
20
-3.3700486614173228
11
5.5598133858267715
21
-3.369472598425197
0
LINE
8
BLACK
6
CONTINUOUS
10
5.5598133858267715
20
-3.369472598425197
11
5.5602542913385822
21
-3.3684081889763777
0
LINE
8
BLACK
6
CONTINUOUS
10
5.5602542913385822
20
-3.3684081889763777
11
5.5610689370078736
21
-3.3675935433070867
0
LINE
8
BLACK
6
CONTINUOUS
10
5.5610689370078736
20
-3.3675935433070867
11
5.5621333464566929
21
-3.3671526377952756
0
LINE
8
BLACK
6
CONTINUOUS
10
5.5621333464566929
20
-3.3671526377952756
11
5.5632854724409446
21
-3.3671526377952756
0
LINE
8
BLACK
6
CONTINUOUS
10
5.5632854724409446
20
-3.3671526377952756
11
5.5643498818897639
21
-3.3675935433070867
0
LINE
8
BLACK
6
CONTINUOUS
10
5.5643498818897639
20
-3.3675935433070867
11
5.5651645275590553
21
-3.3684081889763777
0
LINE
8
BLACK
6
CONTINUOUS
10
5.5651645275590553
20
-3.3684081889763777
11
5.565605433070866
21
-3.369472598425197
0
LINE
8
BLACK
6
CONTINUOUS
10
5.565605433070866
20
-3.369472598425197
11
5.5656621653543308
21
-3.3944205905511811
0
LINE
8
BLACK
6
CONTINUOUS
10
5.5656621653543308
20
-3.3944205905511811
11
5.565605433070866
21
-3.3949966535433069
0
LINE
8
BLACK
6
CONTINUOUS
10
5.565605433070866
20
-3.3949966535433069
11
5.5654762992125981
21
-3.3953083858267714
0
LINE
8
BLACK
6
CONTINUOUS
10
5.5654762992125981
20
-3.3953083858267714
11
5.5651645669291341
21
-3.3960610629921257
0
LINE
8
BLACK
6
CONTINUOUS
10
5.5651645669291341
20
-3.3960610629921257
11
5.5643498818897639
21
-3.3968757086614172
0
LINE
8
BLACK
6
CONTINUOUS
10
5.5643498818897639
20
-3.3968757086614172
11
5.5632854724409446
21
-3.3973166141732283
0
LINE
8
BLACK
6
CONTINUOUS
10
5.5632854724409446
20
-3.3973166141732283
11
5.5621333858267716
21
-3.3973166141732283
0
LINE
8
BLACK
6
CONTINUOUS
10
5.5621333858267716
20
-3.3973166141732283
11
5.5621333464566929
21
-3.3973166141732283
0
LINE
8
BLACK
6
CONTINUOUS
10
5.5621333464566929
20
-3.3973166141732283
11
5.5618215748031492
21
-3.3971874803149604
0
LINE
8
BLACK
6
CONTINUOUS
10
5.5618215748031492
20
-3.3971874803149604
11
5.5610689370078736
21
-3.3968757480314959
0
LINE
8
BLACK
6
CONTINUOUS
10
5.5610689370078736
20
-3.3968757480314959
11
5.5385484251968506
21
-3.3744340157480313
0
LINE
8
BLACK
6
CONTINUOUS
10
5.5385484251968506
20
-3.3744340157480313
11
5.5339944488188975
21
-3.37296
0
LINE
8
BLACK
6
CONTINUOUS
10
5.5339944488188975
20
-3.37296
11
5.5314604724409451
21
-3.3729932283464565
0
LINE
8
BLACK
6
CONTINUOUS
10
5.5314604724409451
20
-3.3729932283464565
11
5.5287446850393698
21
-3.3743917322834647
0
LINE
8
BLACK
6
CONTINUOUS
10
5.5287446850393698
20
-3.3743917322834647
11
5.5275539763779529
21
-3.3756250787401574
0
LINE
8
BLACK
6
CONTINUOUS
10
5.5275539763779529
20
-3.3756250787401574
11
5.5262430708661414
21
-3.3783267322834645
0
LINE
8
BLACK
6
CONTINUOUS
10
5.5262430708661414
20
-3.3783267322834645
11
5.5262885826771653
21
-3.386308464566929
0
LINE
8
BLACK
6
CONTINUOUS
10
5.5262885826771653
20
-3.386308464566929
11
5.5276824015748032
21
-3.3890151968503934
0
LINE
8
BLACK
6
CONTINUOUS
10
5.5276824015748032
20
-3.3890151968503934
11
5.5291767716535434
21
-3.3904579133858266
0
LINE
8
BLACK
6
CONTINUOUS
10
5.5291767716535434
20
-3.3904579133858266
11
5.529543976377953
21
-3.3909053543307084
0
LINE
8
BLACK
6
CONTINUOUS
10
5.529543976377953
20
-3.3909053543307084
11
5.5299848818897637
21
-3.3919697637795276
0
LINE
8
BLACK
6
CONTINUOUS
10
5.5299848818897637
20
-3.3919697637795276
11
5.5299848818897637
21
-3.3931218503937006
0
LINE
8
BLACK
6
CONTINUOUS
10
5.5299848818897637
20
-3.3931218503937006
11
5.529543976377953
21
-3.3941862598425194
0
LINE
8
BLACK
6
CONTINUOUS
10
5.529543976377953
20
-3.3941862598425194
11
5.5287292913385828
21
-3.3950009448818896
0
LINE
8
BLACK
6
CONTINUOUS
10
5.5287292913385828
20
-3.3950009448818896
11
5.5276648818897636
21
-3.3954418503937007
0
LINE
8
BLACK
6
CONTINUOUS
10
5.5276648818897636
20
-3.3954418503937007
11
5.5265127952755906
21
-3.3954418503937007
0
LINE
8
BLACK
6
CONTINUOUS
10
5.5265127952755906
20
-3.3954418503937007
11
5.5254483858267713
21
-3.3950009448818896
0
LINE
8
BLACK
6
CONTINUOUS
10
5.5254483858267713
20
-3.3950009448818896
11
5.523126181102362
21
-3.3927589763779529
0
LINE
8
BLACK
6
CONTINUOUS
10
5.523126181102362
20
-3.3927589763779529
11
5.5229403937007877
21
-3.3925325984251966
0
LINE
8
BLACK
6
CONTINUOUS
10
5.5229403937007877
20
-3.3925325984251966
11
5.5228814173228349
21
-3.3924814566929133
0
LINE
8
BLACK
6
CONTINUOUS
10
5.5228814173228349
20
-3.3924814566929133
11
5.5228527559055118
21
-3.3924257874015749
0
LINE
8
BLACK
6
CONTINUOUS
10
5.5228527559055118
20
-3.3924257874015749
11
5.5227589763779523
21
-3.3923115354330706
0
LINE
8
BLACK
6
CONTINUOUS
10
5.5227589763779523
20
-3.3923115354330706
11
5.5226153149606301
21
-3.3919647244094486
0
LINE
8
BLACK
6
CONTINUOUS
10
5.5226153149606301
20
-3.3919647244094486
11
5.5206983070866142
21
-3.3882420472440944
0
LINE
8
BLACK
6
CONTINUOUS
10
5.5206983070866142
20
-3.3882420472440944
11
5.5204914173228348
21
-3.3877014173228344
0
LINE
8
BLACK
6
CONTINUOUS
10
5.5204914173228348
20
-3.3877014173228344
11
5.5204838976377948
21
-3.387595590551181
0
LINE
8
BLACK
6
CONTINUOUS
10
5.5204838976377948
20
-3.387595590551181
11
5.5204433070866141
21
-3.3874975984251967
0
LINE
8
BLACK
6
CONTINUOUS
10
5.5204433070866141
20
-3.3874975984251967
11
5.5204403543307086
21
-3.3869829921259842
0
LINE
8
BLACK
6
CONTINUOUS
10
5.5204403543307086
20
-3.3869829921259842
11
5.5204097637795275
21
-3.3865522047244094
0
LINE
8
BLACK
6
CONTINUOUS
10
5.5204097637795275
20
-3.3865522047244094
11
5.5204374409448818
21
-3.3864691338582675
0
LINE
8
BLACK
6
CONTINUOUS
10
5.5204374409448818
20
-3.3864691338582675
11
5.5203865748031493
21
-3.3775477165354331
0
LINE
8
BLACK
6
CONTINUOUS
10
5.5203865748031493
20
-3.3775477165354331
11
5.5204433070866141
21
-3.3769716535433072
0
LINE
8
BLACK
6
CONTINUOUS
10
5.5204433070866141
20
-3.3769716535433072
11
5.5204838976377948
21
-3.3768736220472442
0
LINE
8
BLACK
6
CONTINUOUS
10
5.5204838976377948
20
-3.3768736220472442
11
5.5204914173228348
21
-3.3767678346456691
0
LINE
8
BLACK
6
CONTINUOUS
10
5.5204914173228348
20
-3.3767678346456691
11
5.5207396062992125
21
-3.3762562598425196
0
LINE
8
BLACK
6
CONTINUOUS
10
5.5207396062992125
20
-3.3762562598425196
11
5.5208842125984248
21
-3.3759072440944879
0
LINE
8
BLACK
6
CONTINUOUS
10
5.5208842125984248
20
-3.3759072440944879
11
5.5209323228346454
21
-3.375859094488189
0
LINE
8
BLACK
6
CONTINUOUS
10
5.5209323228346454
20
-3.375859094488189
11
5.5225730708661418
21
-3.3724776771653544
0
LINE
8
BLACK
6
CONTINUOUS
10
5.5225730708661418
20
-3.3724776771653544
11
5.5227291338582676
21
-3.3722296456692913
0
LINE
8
BLACK
6
CONTINUOUS
10
5.5227291338582676
20
-3.3722296456692913
11
5.5227589763779523
21
-3.3721577165354328
0
LINE
8
BLACK
6
CONTINUOUS
10
5.5227589763779523
20
-3.3721577165354328
11
5.5228034645669286
21
-3.3721116141732281
0
LINE
8
BLACK
6
CONTINUOUS
10
5.5228034645669286
20
-3.3721116141732281
11
5.5228814173228349
21
-3.3719877952755906
0
LINE
8
BLACK
6
CONTINUOUS
10
5.5228814173228349
20
-3.3719877952755906
11
5.5231370866141729
21
-3.371766023622047
0
LINE
8
BLACK
6
CONTINUOUS
10
5.5231370866141729
20
-3.371766023622047
11
5.5250009448818895
21
-3.3698355118110235
0
LINE
8
BLACK
6
CONTINUOUS
10
5.5250009448818895
20
-3.3698355118110235
11
5.5252272834645666
21
-3.3696497244094488
0
LINE
8
BLACK
6
CONTINUOUS
10
5.5252272834645666
20
-3.3696497244094488
11
5.5252784645669291
21
-3.3695907480314959
0
LINE
8
BLACK
6
CONTINUOUS
10
5.5252784645669291
20
-3.3695907480314959
11
5.5253340944881888
21
-3.3695620866141733
0
LINE
8
BLACK
6
CONTINUOUS
10
5.5253340944881888
20
-3.3695620866141733
11
5.5254483858267713
21
-3.3694683070866143
0
LINE
8
BLACK
6
CONTINUOUS
10
5.5254483858267713
20
-3.3694683070866143
11
5.5257952362204721
21
-3.3693246062992124
0
LINE
8
BLACK
6
CONTINUOUS
10
5.5257952362204721
20
-3.3693246062992124
11
5.529517874015748
21
-3.3674076377952753
0
LINE
8
BLACK
6
CONTINUOUS
10
5.529517874015748
20
-3.3674076377952753
11
5.5300584645669293
21
-3.3672007480314958
0
LINE
8
BLACK
6
CONTINUOUS
10
5.5300584645669293
20
-3.3672007480314958
11
5.5301643307086614
21
-3.367193188976378
0
LINE
8
BLACK
6
CONTINUOUS
10
5.5301643307086614
20
-3.367193188976378
11
5.5302623228346457
21
-3.3671526377952756
0
LINE
8
BLACK
6
CONTINUOUS
10
5.5302623228346457
20
-3.3671526377952756
11
5.5308426771653538
21
-3.3671449999999998
0
LINE
8
BLACK
6
CONTINUOUS
10
5.5308426771653538
20
-3.3671449999999998
11
5.5312076771653542
21
-3.367119094488189
0
LINE
8
BLACK
6
CONTINUOUS
10
5.5312076771653542
20
-3.367119094488189
11
5.5312687007874013
21
-3.3671394094488187
0
LINE
8
BLACK
6
CONTINUOUS
10
5.5312687007874013
20
-3.3671394094488187
11
5.5345879133858267
21
-3.3670959055118108
0
LINE
8
BLACK
6
CONTINUOUS
10
5.5345879133858267
20
-3.3670959055118108
11
5.5348794488188977
21
-3.3671246062992126
  0
ENDSEC
  0
EOF
