  0
SECTION
  2
HEADER
  9
$ANGBASE
  50
0.0
  9
$ANGDIR
  70
1
  9
$MEASUREMENT
  70
0
  0
ENDSEC
  0
SECTION
  2
TABLES
  0
TABLE
  2
LTYPE
  70
4
  0
LTYPE
  5
40F
  2
CONTINUOUS
  70
0
  3
Solid line
  72
65
  73
0
  40
0.0
  0
LTYPE
  5
410
  2
DASHDOT
 70
0
  3
Dash Dot ____ _ ____ _
 72
65
 73
4
 40
2.0
 49
1.25
 49
-0.25
 49
0.25
 49
-0.25
  0
LTYPE
  5
411
  2
DASHED
 70
0
  3
Dashed __ __ __ __ __
 72
65
 73
2
 40
0.75
 49
0.5
 49
-0.25
  0
LTYPE
  5
43B
  2
DOTTED
 70
0
  3
Dotted .  .  .  .
 72
65
 73
2
 40
0.2
 49
0.0
 49
-0.2
  0
ENDTAB
  0
TABLE
  2
STYLE
  70
4
  0
STYLE
  2
KICAD
  70
0
  40
0
  41
1
  42
1
  50
0
  71
0
  3
isocp.shx
  0
STYLE
  2
KICADB
  70
0
  40
0
  41
1
  42
1
  50
0
  71
0
  3
isocp.shx
  0
STYLE
  2
KICADI
  70
0
  40
0
  41
1
  42
1
  50
15
  71
0
  3
isocp.shx
  0
STYLE
  2
KICADBI
  70
0
  40
0
  41
1
  42
1
  50
15
  71
0
  3
isocp.shx
  0
ENDTAB
  0
TABLE
  2
LAYER
  70
1
  0
LAYER
  2
BLACK
  70
0
  62
7
  6
CONTINUOUS
  0
ENDTAB
  0
ENDSEC
  0
SECTION
  2
ENTITIES
0
LINE
8
BLACK
6
CONTINUOUS
10
5.8288940551181101
20
-4.2426250000000003
11
5.8290292913385828
21
-4.242738464566929
0
LINE
8
BLACK
6
CONTINUOUS
10
5.8290292913385828
20
-4.242738464566929
11
5.8292046456692912
21
-4.2427586614173229
0
LINE
8
BLACK
6
CONTINUOUS
10
5.8292046456692912
20
-4.2427586614173229
11
5.8329541732283463
21
-4.2446334251968505
0
LINE
8
BLACK
6
CONTINUOUS
10
5.8329541732283463
20
-4.2446334251968505
11
5.8337778346456695
21
-4.2452443307086609
0
LINE
8
BLACK
6
CONTINUOUS
10
5.8337778346456695
20
-4.2452443307086609
11
5.834581102362205
21
-4.2470975196850391
0
LINE
8
BLACK
6
CONTINUOUS
10
5.834581102362205
20
-4.2470975196850391
11
5.834005236220472
21
-4.2490335433070863
0
LINE
8
BLACK
6
CONTINUOUS
10
5.834005236220472
20
-4.2490335433070863
11
5.8323196850393701
21
-4.2501463779527562
0
LINE
8
BLACK
6
CONTINUOUS
10
5.8323196850393701
20
-4.2501463779527562
11
5.8303131496062992
21
-4.2499154724409447
0
LINE
8
BLACK
6
CONTINUOUS
10
5.8303131496062992
20
-4.2499154724409447
11
5.8271870866141731
21
-4.2483524409448821
0
LINE
8
BLACK
6
CONTINUOUS
10
5.8271870866141731
20
-4.2483524409448821
11
5.821082125984252
21
-4.2483524409448821
0
LINE
8
BLACK
6
CONTINUOUS
10
5.821082125984252
20
-4.2483524409448821
11
5.8188363779527554
21
-4.2494752755905507
0
LINE
8
BLACK
6
CONTINUOUS
10
5.8188363779527554
20
-4.2494752755905507
11
5.8177135433070868
21
-4.2517210236220473
0
LINE
8
BLACK
6
CONTINUOUS
10
5.8177135433070868
20
-4.2517210236220473
11
5.8177135433070868
21
-4.2529485826771651
0
LINE
8
BLACK
6
CONTINUOUS
10
5.8177135433070868
20
-4.2529485826771651
11
5.8192073622047245
21
-4.2536955118110233
0
LINE
8
BLACK
6
CONTINUOUS
10
5.8192073622047245
20
-4.2536955118110233
11
5.8278841338582676
21
-4.2536955118110233
0
LINE
8
BLACK
6
CONTINUOUS
10
5.8278841338582676
20
-4.2536955118110233
11
5.8288940551181101
21
-4.2538735826771656
0
LINE
8
BLACK
6
CONTINUOUS
10
5.8288940551181101
20
-4.2538735826771656
11
5.8290292913385828
21
-4.2539870472440944
0
LINE
8
BLACK
6
CONTINUOUS
10
5.8290292913385828
20
-4.2539870472440944
11
5.8292046456692912
21
-4.2540072440944883
0
LINE
8
BLACK
6
CONTINUOUS
10
5.8292046456692912
20
-4.2540072440944883
11
5.8329541732283463
21
-4.2558820078740158
0
LINE
8
BLACK
6
CONTINUOUS
10
5.8329541732283463
20
-4.2558820078740158
11
5.8337778346456695
21
-4.2564929133858262
0
LINE
8
BLACK
6
CONTINUOUS
10
5.8337778346456695
20
-4.2564929133858262
11
5.8339536614173229
21
-4.2568985826771657
0
LINE
8
BLACK
6
CONTINUOUS
10
5.8339536614173229
20
-4.2568985826771657
11
5.8342746850393699
21
-4.2572025196850394
0
LINE
8
BLACK
6
CONTINUOUS
10
5.8342746850393699
20
-4.2572025196850394
11
5.8361494488188974
21
-4.2609520472440945
0
LINE
8
BLACK
6
CONTINUOUS
10
5.8361494488188974
20
-4.2609520472440945
11
5.8364418110236223
21
-4.2619349606299215
0
LINE
8
BLACK
6
CONTINUOUS
10
5.8364418110236223
20
-4.2619349606299215
11
5.8364007874015744
21
-4.2621066535433068
0
LINE
8
BLACK
6
CONTINUOUS
10
5.8364007874015744
20
-4.2621066535433068
11
5.8364611811023623
21
-4.262272559055118
0
LINE
8
BLACK
6
CONTINUOUS
10
5.8364611811023623
20
-4.262272559055118
11
5.8364611811023623
21
-4.2660220866141731
0
LINE
8
BLACK
6
CONTINUOUS
10
5.8364611811023623
20
-4.2660220866141731
11
5.83628311023622
21
-4.2670320078740156
0
LINE
8
BLACK
6
CONTINUOUS
10
5.83628311023622
20
-4.2670320078740156
11
5.8361696062992126
21
-4.2671672440944883
0
LINE
8
BLACK
6
CONTINUOUS
10
5.8361696062992126
20
-4.2671672440944883
11
5.8361494488188974
21
-4.2673425984251967
0
LINE
8
BLACK
6
CONTINUOUS
10
5.8361494488188974
20
-4.2673425984251967
11
5.8342746850393699
21
-4.2710921653543306
0
LINE
8
BLACK
6
CONTINUOUS
10
5.8342746850393699
20
-4.2710921653543306
11
5.8336637795275585
21
-4.2719158267716537
0
LINE
8
BLACK
6
CONTINUOUS
10
5.8336637795275585
20
-4.2719158267716537
11
5.8332580708661412
21
-4.2720916535433071
0
LINE
8
BLACK
6
CONTINUOUS
10
5.8332580708661412
20
-4.2720916535433071
11
5.8329541732283463
21
-4.2724126771653541
0
LINE
8
BLACK
6
CONTINUOUS
10
5.8329541732283463
20
-4.2724126771653541
11
5.8292046456692912
21
-4.2742874409448817
0
LINE
8
BLACK
6
CONTINUOUS
10
5.8292046456692912
20
-4.2742874409448817
11
5.8282216929133854
21
-4.2745798031496065
0
LINE
8
BLACK
6
CONTINUOUS
10
5.8282216929133854
20
-4.2745798031496065
11
5.8280500000000002
21
-4.2745387795275587
0
LINE
8
BLACK
6
CONTINUOUS
10
5.8280500000000002
20
-4.2745387795275587
11
5.8278841338582676
21
-4.2745991732283466
0
LINE
8
BLACK
6
CONTINUOUS
10
5.8278841338582676
20
-4.2745991732283466
11
5.8185103149606299
21
-4.2745991732283466
0
LINE
8
BLACK
6
CONTINUOUS
10
5.8185103149606299
20
-4.2745991732283466
11
5.8175003937007874
21
-4.2744211023622043
0
LINE
8
BLACK
6
CONTINUOUS
10
5.8175003937007874
20
-4.2744211023622043
11
5.8173651181102359
21
-4.2743075984251968
0
LINE
8
BLACK
6
CONTINUOUS
10
5.8173651181102359
20
-4.2743075984251968
11
5.8171898031496063
21
-4.2742874409448817
0
LINE
8
BLACK
6
CONTINUOUS
10
5.8171898031496063
20
-4.2742874409448817
11
5.8164691338582672
21
-4.2739270866141732
0
LINE
8
BLACK
6
CONTINUOUS
10
5.8164691338582672
20
-4.2739270866141732
11
5.8162371653543303
21
-4.2742035826771652
0
LINE
8
BLACK
6
CONTINUOUS
10
5.8162371653543303
20
-4.2742035826771652
11
5.8142480314960627
21
-4.2745543307086615
0
LINE
8
BLACK
6
CONTINUOUS
10
5.8142480314960627
20
-4.2745543307086615
11
5.8124988582677162
21
-4.2735444094488191
0
LINE
8
BLACK
6
CONTINUOUS
10
5.8124988582677162
20
-4.2735444094488191
11
5.8118080314960627
21
-4.2716464173228346
0
LINE
8
BLACK
6
CONTINUOUS
10
5.8118080314960627
20
-4.2716464173228346
11
5.8118080314960627
21
-4.2510239763779527
0
LINE
8
BLACK
6
CONTINUOUS
10
5.8118080314960627
20
-4.2510239763779527
11
5.811986102362205
21
-4.2500140551181103
0
LINE
8
BLACK
6
CONTINUOUS
10
5.811986102362205
20
-4.2500140551181103
11
5.8120995669291338
21
-4.2498787795275588
0
LINE
8
BLACK
6
CONTINUOUS
10
5.8120995669291338
20
-4.2498787795275588
11
5.8121197637795277
21
-4.2497034645669292
0
LINE
8
BLACK
6
CONTINUOUS
10
5.8121197637795277
20
-4.2497034645669292
11
5.8139945275590552
21
-4.245953937007874
0
LINE
8
BLACK
6
CONTINUOUS
10
5.8139945275590552
20
-4.245953937007874
11
5.8146054330708656
21
-4.2451302755905509
0
LINE
8
BLACK
6
CONTINUOUS
10
5.8146054330708656
20
-4.2451302755905509
11
5.8150111023622042
21
-4.2449544094488187
0
LINE
8
BLACK
6
CONTINUOUS
10
5.8150111023622042
20
-4.2449544094488187
11
5.8153150393700788
21
-4.2446334251968505
0
LINE
8
BLACK
6
CONTINUOUS
10
5.8153150393700788
20
-4.2446334251968505
11
5.8190645669291339
21
-4.2427586614173229
0
LINE
8
BLACK
6
CONTINUOUS
10
5.8190645669291339
20
-4.2427586614173229
11
5.8200474803149609
21
-4.2424662992125981
0
LINE
8
BLACK
6
CONTINUOUS
10
5.8200474803149609
20
-4.2424662992125981
11
5.8202191732283461
21
-4.2425072834645672
0
LINE
8
BLACK
6
CONTINUOUS
10
5.8202191732283461
20
-4.2425072834645672
11
5.8203850787401574
21
-4.242446929133858
0
LINE
8
BLACK
6
CONTINUOUS
10
5.8203850787401574
20
-4.242446929133858
11
5.8278841338582676
21
-4.242446929133858
0
LINE
8
BLACK
6
CONTINUOUS
10
5.8278841338582676
20
-4.242446929133858
11
5.8288940551181101
21
-4.2426250000000003
0
LINE
8
BLACK
6
CONTINUOUS
10
5.8177135433070868
20
-4.2679467322834643
11
5.8192073622047245
21
-4.2686936614173225
0
LINE
8
BLACK
6
CONTINUOUS
10
5.8192073622047245
20
-4.2686936614173225
11
5.8271870866141731
21
-4.2686936614173225
0
LINE
8
BLACK
6
CONTINUOUS
10
5.8271870866141731
20
-4.2686936614173225
11
5.82943279527559
21
-4.2675707874015751
0
LINE
8
BLACK
6
CONTINUOUS
10
5.82943279527559
20
-4.2675707874015751
11
5.8305556692913383
21
-4.2653250393700786
0
LINE
8
BLACK
6
CONTINUOUS
10
5.8305556692913383
20
-4.2653250393700786
11
5.8305556692913383
21
-4.2629696062992126
0
LINE
8
BLACK
6
CONTINUOUS
10
5.8305556692913383
20
-4.2629696062992126
11
5.82943279527559
21
-4.260723858267716
0
LINE
8
BLACK
6
CONTINUOUS
10
5.82943279527559
20
-4.260723858267716
11
5.8271870866141731
21
-4.2596010236220474
0
LINE
8
BLACK
6
CONTINUOUS
10
5.8271870866141731
20
-4.2596010236220474
11
5.8185103149606299
21
-4.2596010236220474
0
LINE
8
BLACK
6
CONTINUOUS
10
5.8185103149606299
20
-4.2596010236220474
11
5.8177135433070868
21
-4.2594605118110236
0
LINE
8
BLACK
6
CONTINUOUS
10
5.8177135433070868
20
-4.2594605118110236
11
5.8177135433070868
21
-4.2679467322834643
0
LINE
8
BLACK
6
CONTINUOUS
10
5.8795127165354328
20
-4.2426250000000003
11
5.8796479527559056
21
-4.242738464566929
0
LINE
8
BLACK
6
CONTINUOUS
10
5.8796479527559056
20
-4.242738464566929
11
5.8798233070866139
21
-4.2427586614173229
0
LINE
8
BLACK
6
CONTINUOUS
10
5.8798233070866139
20
-4.2427586614173229
11
5.883572834645669
21
-4.2446334251968505
0
LINE
8
BLACK
6
CONTINUOUS
10
5.883572834645669
20
-4.2446334251968505
11
5.8842818897637796
21
-4.2451593307086615
0
LINE
8
BLACK
6
CONTINUOUS
10
5.8842818897637796
20
-4.2451593307086615
11
5.8843402362204724
21
-4.2451865354330707
0
LINE
8
BLACK
6
CONTINUOUS
10
5.8843402362204724
20
-4.2451865354330707
11
5.886215
21
-4.2470612992125982
0
LINE
8
BLACK
6
CONTINUOUS
10
5.886215
20
-4.2470612992125982
11
5.8867212598425196
21
-4.2477843700787403
0
LINE
8
BLACK
6
CONTINUOUS
10
5.8867212598425196
20
-4.2477843700787403
11
5.8867681102362202
21
-4.2478287007874016
0
LINE
8
BLACK
6
CONTINUOUS
10
5.8867681102362202
20
-4.2478287007874016
11
5.8886428740157477
21
-4.2515782283464567
0
LINE
8
BLACK
6
CONTINUOUS
10
5.8886428740157477
20
-4.2515782283464567
11
5.8889352362204725
21
-4.2525611417322837
0
LINE
8
BLACK
6
CONTINUOUS
10
5.8889352362204725
20
-4.2525611417322837
11
5.8888942125984247
21
-4.252732834645669
0
LINE
8
BLACK
6
CONTINUOUS
10
5.8888942125984247
20
-4.252732834645669
11
5.8889546062992126
21
-4.2528987401574803
0
LINE
8
BLACK
6
CONTINUOUS
10
5.8889546062992126
20
-4.2528987401574803
11
5.8889546062992126
21
-4.2641473228346456
0
LINE
8
BLACK
6
CONTINUOUS
10
5.8889546062992126
20
-4.2641473228346456
11
5.8887765354330703
21
-4.265157244094488
0
LINE
8
BLACK
6
CONTINUOUS
10
5.8887765354330703
20
-4.265157244094488
11
5.8886630314960628
21
-4.2652924803149608
0
LINE
8
BLACK
6
CONTINUOUS
10
5.8886630314960628
20
-4.2652924803149608
11
5.8886428740157477
21
-4.2654678346456691
0
LINE
8
BLACK
6
CONTINUOUS
10
5.8886428740157477
20
-4.2654678346456691
11
5.8867681102362202
21
-4.2692173622047243
0
LINE
8
BLACK
6
CONTINUOUS
10
5.8867681102362202
20
-4.2692173622047243
11
5.8862421653543304
21
-4.2699264173228348
0
LINE
8
BLACK
6
CONTINUOUS
10
5.8862421653543304
20
-4.2699264173228348
11
5.886215
21
-4.2699847637795276
0
LINE
8
BLACK
6
CONTINUOUS
10
5.886215
20
-4.2699847637795276
11
5.8843402755905512
21
-4.2718595275590552
0
LINE
8
BLACK
6
CONTINUOUS
10
5.8843402755905512
20
-4.2718595275590552
11
5.8836170866141728
21
-4.2723659055118111
0
LINE
8
BLACK
6
CONTINUOUS
10
5.8836170866141728
20
-4.2723659055118111
11
5.883572834645669
21
-4.2724126771653541
0
LINE
8
BLACK
6
CONTINUOUS
10
5.883572834645669
20
-4.2724126771653541
11
5.8798233070866139
21
-4.2742874409448817
0
LINE
8
BLACK
6
CONTINUOUS
10
5.8798233070866139
20
-4.2742874409448817
11
5.8788403543307082
21
-4.2745798031496065
0
LINE
8
BLACK
6
CONTINUOUS
10
5.8788403543307082
20
-4.2745798031496065
11
5.8786686614173229
21
-4.2745387795275587
0
LINE
8
BLACK
6
CONTINUOUS
10
5.8786686614173229
20
-4.2745387795275587
11
5.8785027952755904
21
-4.2745991732283466
0
LINE
8
BLACK
6
CONTINUOUS
10
5.8785027952755904
20
-4.2745991732283466
11
5.8710037401574802
21
-4.2745991732283466
0
LINE
8
BLACK
6
CONTINUOUS
10
5.8710037401574802
20
-4.2745991732283466
11
5.8699938188976377
21
-4.2744211023622043
0
LINE
8
BLACK
6
CONTINUOUS
10
5.8699938188976377
20
-4.2744211023622043
11
5.8698585433070862
21
-4.2743075984251968
0
LINE
8
BLACK
6
CONTINUOUS
10
5.8698585433070862
20
-4.2743075984251968
11
5.8696832283464566
21
-4.2742874409448817
0
LINE
8
BLACK
6
CONTINUOUS
10
5.8696832283464566
20
-4.2742874409448817
11
5.8659337007874015
21
-4.2724126771653541
0
LINE
8
BLACK
6
CONTINUOUS
10
5.8659337007874015
20
-4.2724126771653541
11
5.8651100393700784
21
-4.2718017716535428
0
LINE
8
BLACK
6
CONTINUOUS
10
5.8651100393700784
20
-4.2718017716535428
11
5.8643067716535429
21
-4.2699485826771655
0
LINE
8
BLACK
6
CONTINUOUS
10
5.8643067716535429
20
-4.2699485826771655
11
5.8648825984251971
21
-4.2680125590551183
0
LINE
8
BLACK
6
CONTINUOUS
10
5.8648825984251971
20
-4.2680125590551183
11
5.8665681496062989
21
-4.2668997244094484
0
LINE
8
BLACK
6
CONTINUOUS
10
5.8665681496062989
20
-4.2668997244094484
11
5.8685747244094486
21
-4.2671306299212599
0
LINE
8
BLACK
6
CONTINUOUS
10
5.8685747244094486
20
-4.2671306299212599
11
5.8717007874015748
21
-4.2686936614173225
0
LINE
8
BLACK
6
CONTINUOUS
10
5.8717007874015748
20
-4.2686936614173225
11
5.8778057480314958
21
-4.2686936614173225
0
LINE
8
BLACK
6
CONTINUOUS
10
5.8778057480314958
20
-4.2686936614173225
11
5.8805031889763777
21
-4.2673449212598422
0
LINE
8
BLACK
6
CONTINUOUS
10
5.8805031889763777
20
-4.2673449212598422
11
5.8817003149606295
21
-4.2661477559055117
0
LINE
8
BLACK
6
CONTINUOUS
10
5.8817003149606295
20
-4.2661477559055117
11
5.8830490944881886
21
-4.263450275590551
0
LINE
8
BLACK
6
CONTINUOUS
10
5.8830490944881886
20
-4.263450275590551
11
5.8830490944881886
21
-4.2535957874015748
0
LINE
8
BLACK
6
CONTINUOUS
10
5.8830490944881886
20
-4.2535957874015748
11
5.8817003543307083
21
-4.2508983070866142
0
LINE
8
BLACK
6
CONTINUOUS
10
5.8817003543307083
20
-4.2508983070866142
11
5.8805032283464564
21
-4.2497011811023624
0
LINE
8
BLACK
6
CONTINUOUS
10
5.8805032283464564
20
-4.2497011811023624
11
5.8778057480314958
21
-4.2483524409448821
0
LINE
8
BLACK
6
CONTINUOUS
10
5.8778057480314958
20
-4.2483524409448821
11
5.8717007874015748
21
-4.2483524409448821
0
LINE
8
BLACK
6
CONTINUOUS
10
5.8717007874015748
20
-4.2483524409448821
11
5.8685747244094486
21
-4.2499154724409447
0
LINE
8
BLACK
6
CONTINUOUS
10
5.8685747244094486
20
-4.2499154724409447
11
5.8675917716535428
21
-4.2502078346456695
0
LINE
8
BLACK
6
CONTINUOUS
10
5.8675917716535428
20
-4.2502078346456695
11
5.8656272834645664
21
-4.2497385433070862
0
LINE
8
BLACK
6
CONTINUOUS
10
5.8656272834645664
20
-4.2497385433070862
11
5.8644239763779522
21
-4.2481162992125983
0
LINE
8
BLACK
6
CONTINUOUS
10
5.8644239763779522
20
-4.2481162992125983
11
5.8645450393700784
21
-4.2461001181102365
0
LINE
8
BLACK
6
CONTINUOUS
10
5.8645450393700784
20
-4.2461001181102365
11
5.8659337007874015
21
-4.2446334251968505
0
LINE
8
BLACK
6
CONTINUOUS
10
5.8659337007874015
20
-4.2446334251968505
11
5.8696832283464566
21
-4.2427586614173229
0
LINE
8
BLACK
6
CONTINUOUS
10
5.8696832283464566
20
-4.2427586614173229
11
5.8706661417322836
21
-4.2424662992125981
0
LINE
8
BLACK
6
CONTINUOUS
10
5.8706661417322836
20
-4.2424662992125981
11
5.8708378346456689
21
-4.2425072834645672
0
LINE
8
BLACK
6
CONTINUOUS
10
5.8708378346456689
20
-4.2425072834645672
11
5.8710037401574802
21
-4.242446929133858
0
LINE
8
BLACK
6
CONTINUOUS
10
5.8710037401574802
20
-4.242446929133858
11
5.8785027952755904
21
-4.242446929133858
0
LINE
8
BLACK
6
CONTINUOUS
10
5.8785027952755904
20
-4.242446929133858
11
5.8795127165354328
21
-4.2426250000000003
0
LINE
8
BLACK
6
CONTINUOUS
10
5.9220095669291339
20
-4.2435016929133855
11
5.9227003937007874
21
-4.24539968503937
0
LINE
8
BLACK
6
CONTINUOUS
10
5.9227003937007874
20
-4.24539968503937
11
5.9227003937007874
21
-4.2660220866141731
0
LINE
8
BLACK
6
CONTINUOUS
10
5.9227003937007874
20
-4.2660220866141731
11
5.922522322834646
21
-4.2670320078740156
0
LINE
8
BLACK
6
CONTINUOUS
10
5.922522322834646
20
-4.2670320078740156
11
5.9224088188976376
21
-4.2671672440944883
0
LINE
8
BLACK
6
CONTINUOUS
10
5.9224088188976376
20
-4.2671672440944883
11
5.9223886614173225
21
-4.2673425984251967
0
LINE
8
BLACK
6
CONTINUOUS
10
5.9223886614173225
20
-4.2673425984251967
11
5.9205138976377949
21
-4.2710921653543306
0
LINE
8
BLACK
6
CONTINUOUS
10
5.9205138976377949
20
-4.2710921653543306
11
5.9199029921259845
21
-4.2719158267716537
0
LINE
8
BLACK
6
CONTINUOUS
10
5.9199029921259845
20
-4.2719158267716537
11
5.9194972834645672
21
-4.2720916535433071
0
LINE
8
BLACK
6
CONTINUOUS
10
5.9194972834645672
20
-4.2720916535433071
11
5.9191933858267713
21
-4.2724126771653541
0
LINE
8
BLACK
6
CONTINUOUS
10
5.9191933858267713
20
-4.2724126771653541
11
5.9154438582677162
21
-4.2742874409448817
0
LINE
8
BLACK
6
CONTINUOUS
10
5.9154438582677162
20
-4.2742874409448817
11
5.9144609055118105
21
-4.2745798031496065
0
LINE
8
BLACK
6
CONTINUOUS
10
5.9144609055118105
20
-4.2745798031496065
11
5.9142892125984252
21
-4.2745387795275587
0
LINE
8
BLACK
6
CONTINUOUS
10
5.9142892125984252
20
-4.2745387795275587
11
5.9141233464566927
21
-4.2745991732283466
0
LINE
8
BLACK
6
CONTINUOUS
10
5.9141233464566927
20
-4.2745991732283466
11
5.90849905511811
21
-4.2745991732283466
0
LINE
8
BLACK
6
CONTINUOUS
10
5.90849905511811
20
-4.2745991732283466
11
5.9074891338582676
21
-4.2744211023622043
0
LINE
8
BLACK
6
CONTINUOUS
10
5.9074891338582676
20
-4.2744211023622043
11
5.9073538582677161
21
-4.2743075984251968
0
LINE
8
BLACK
6
CONTINUOUS
10
5.9073538582677161
20
-4.2743075984251968
11
5.9071785433070865
21
-4.2742874409448817
0
LINE
8
BLACK
6
CONTINUOUS
10
5.9071785433070865
20
-4.2742874409448817
11
5.9051372047244097
21
-4.2732667716535433
0
LINE
8
BLACK
6
CONTINUOUS
10
5.9051372047244097
20
-4.2732667716535433
11
5.9043511417322829
21
-4.2742035826771652
0
LINE
8
BLACK
6
CONTINUOUS
10
5.9043511417322829
20
-4.2742035826771652
11
5.9023620078740153
21
-4.2745543307086615
0
LINE
8
BLACK
6
CONTINUOUS
10
5.9023620078740153
20
-4.2745543307086615
11
5.9006128346456688
21
-4.2735444094488191
0
LINE
8
BLACK
6
CONTINUOUS
10
5.9006128346456688
20
-4.2735444094488191
11
5.8999220078740153
21
-4.2716464173228346
0
LINE
8
BLACK
6
CONTINUOUS
10
5.8999220078740153
20
-4.2716464173228346
11
5.8999220078740153
21
-4.24539968503937
0
LINE
8
BLACK
6
CONTINUOUS
10
5.8999220078740153
20
-4.24539968503937
11
5.9001000787401576
21
-4.2443897637795276
0
LINE
8
BLACK
6
CONTINUOUS
10
5.9001000787401576
20
-4.2443897637795276
11
5.9013983858267718
21
-4.2428425196850394
0
LINE
8
BLACK
6
CONTINUOUS
10
5.9013983858267718
20
-4.2428425196850394
11
5.9033875196850394
21
-4.2424917716535431
0
LINE
8
BLACK
6
CONTINUOUS
10
5.9033875196850394
20
-4.2424917716535431
11
5.9051366929133859
21
-4.2435016929133855
0
LINE
8
BLACK
6
CONTINUOUS
10
5.9051366929133859
20
-4.2435016929133855
11
5.9058275196850394
21
-4.24539968503937
0
LINE
8
BLACK
6
CONTINUOUS
10
5.9058275196850394
20
-4.24539968503937
11
5.9058275196850394
21
-4.2666737795275589
0
LINE
8
BLACK
6
CONTINUOUS
10
5.9058275196850394
20
-4.2666737795275589
11
5.906498622047244
21
-4.2673449212598422
0
LINE
8
BLACK
6
CONTINUOUS
10
5.906498622047244
20
-4.2673449212598422
11
5.9091961023622046
21
-4.2686936614173225
0
LINE
8
BLACK
6
CONTINUOUS
10
5.9091961023622046
20
-4.2686936614173225
11
5.9134262992125981
21
-4.2686936614173225
0
LINE
8
BLACK
6
CONTINUOUS
10
5.9134262992125981
20
-4.2686936614173225
11
5.9156720078740159
21
-4.2675707874015751
0
LINE
8
BLACK
6
CONTINUOUS
10
5.9156720078740159
20
-4.2675707874015751
11
5.9167948818897633
21
-4.2653250393700786
0
LINE
8
BLACK
6
CONTINUOUS
10
5.9167948818897633
20
-4.2653250393700786
11
5.9167948818897633
21
-4.24539968503937
0
LINE
8
BLACK
6
CONTINUOUS
10
5.9167948818897633
20
-4.24539968503937
11
5.9169729527559056
21
-4.2443897637795276
0
LINE
8
BLACK
6
CONTINUOUS
10
5.9169729527559056
20
-4.2443897637795276
11
5.9182712598425198
21
-4.2428425196850394
0
LINE
8
BLACK
6
CONTINUOUS
10
5.9182712598425198
20
-4.2428425196850394
11
5.9202603937007874
21
-4.2424917716535431
0
LINE
8
BLACK
6
CONTINUOUS
10
5.9202603937007874
20
-4.2424917716535431
11
5.9220095669291339
21
-4.2435016929133855
0
LINE
8
BLACK
6
CONTINUOUS
10
5.9407572440944882
20
-4.2303783464566926
11
5.9414480708661417
21
-4.2322763385826772
0
LINE
8
BLACK
6
CONTINUOUS
10
5.9414480708661417
20
-4.2322763385826772
11
5.9414480708661417
21
-4.2426028740157475
0
LINE
8
BLACK
6
CONTINUOUS
10
5.9414480708661417
20
-4.2426028740157475
11
5.9419072440944882
21
-4.2424662992125981
0
LINE
8
BLACK
6
CONTINUOUS
10
5.9419072440944882
20
-4.2424662992125981
11
5.9420789370078735
21
-4.2425072834645672
0
LINE
8
BLACK
6
CONTINUOUS
10
5.9420789370078735
20
-4.2425072834645672
11
5.9422448425196848
21
-4.242446929133858
0
LINE
8
BLACK
6
CONTINUOUS
10
5.9422448425196848
20
-4.242446929133858
11
5.949743897637795
21
-4.242446929133858
0
LINE
8
BLACK
6
CONTINUOUS
10
5.949743897637795
20
-4.242446929133858
11
5.9507538188976374
21
-4.2426250000000003
0
LINE
8
BLACK
6
CONTINUOUS
10
5.9507538188976374
20
-4.2426250000000003
11
5.9508890551181102
21
-4.242738464566929
0
LINE
8
BLACK
6
CONTINUOUS
10
5.9508890551181102
20
-4.242738464566929
11
5.9510644094488185
21
-4.2427586614173229
0
LINE
8
BLACK
6
CONTINUOUS
10
5.9510644094488185
20
-4.2427586614173229
11
5.9548139370078736
21
-4.2446334251968505
0
LINE
8
BLACK
6
CONTINUOUS
10
5.9548139370078736
20
-4.2446334251968505
11
5.9555229921259842
21
-4.2451593307086615
0
LINE
8
BLACK
6
CONTINUOUS
10
5.9555229921259842
20
-4.2451593307086615
11
5.955581338582677
21
-4.2451865354330707
0
LINE
8
BLACK
6
CONTINUOUS
10
5.955581338582677
20
-4.2451865354330707
11
5.9574561023622046
21
-4.2470612992125982
0
LINE
8
BLACK
6
CONTINUOUS
10
5.9574561023622046
20
-4.2470612992125982
11
5.9579623622047242
21
-4.2477843700787403
0
LINE
8
BLACK
6
CONTINUOUS
10
5.9579623622047242
20
-4.2477843700787403
11
5.9580092125984248
21
-4.2478287007874016
0
LINE
8
BLACK
6
CONTINUOUS
10
5.9580092125984248
20
-4.2478287007874016
11
5.9598839763779523
21
-4.2515782283464567
0
LINE
8
BLACK
6
CONTINUOUS
10
5.9598839763779523
20
-4.2515782283464567
11
5.9601763385826771
21
-4.2525611417322837
0
LINE
8
BLACK
6
CONTINUOUS
10
5.9601763385826771
20
-4.2525611417322837
11
5.9601353149606302
21
-4.252732834645669
0
LINE
8
BLACK
6
CONTINUOUS
10
5.9601353149606302
20
-4.252732834645669
11
5.9601957086614172
21
-4.2528987401574803
0
LINE
8
BLACK
6
CONTINUOUS
10
5.9601957086614172
20
-4.2528987401574803
11
5.9601957086614172
21
-4.2641473228346456
0
LINE
8
BLACK
6
CONTINUOUS
10
5.9601957086614172
20
-4.2641473228346456
11
5.9600176377952758
21
-4.265157244094488
0
LINE
8
BLACK
6
CONTINUOUS
10
5.9600176377952758
20
-4.265157244094488
11
5.9599041338582674
21
-4.2652924803149608
0
LINE
8
BLACK
6
CONTINUOUS
10
5.9599041338582674
20
-4.2652924803149608
11
5.9598839763779523
21
-4.2654678346456691
0
LINE
8
BLACK
6
CONTINUOUS
10
5.9598839763779523
20
-4.2654678346456691
11
5.9580092125984248
21
-4.2692173622047243
0
LINE
8
BLACK
6
CONTINUOUS
10
5.9580092125984248
20
-4.2692173622047243
11
5.957483267716535
21
-4.2699264173228348
0
LINE
8
BLACK
6
CONTINUOUS
10
5.957483267716535
20
-4.2699264173228348
11
5.9574561023622046
21
-4.2699847637795276
0
LINE
8
BLACK
6
CONTINUOUS
10
5.9574561023622046
20
-4.2699847637795276
11
5.9555813779527558
21
-4.2718595275590552
0
LINE
8
BLACK
6
CONTINUOUS
10
5.9555813779527558
20
-4.2718595275590552
11
5.9548581889763774
21
-4.2723659055118111
0
LINE
8
BLACK
6
CONTINUOUS
10
5.9548581889763774
20
-4.2723659055118111
11
5.9548139370078736
21
-4.2724126771653541
0
LINE
8
BLACK
6
CONTINUOUS
10
5.9548139370078736
20
-4.2724126771653541
11
5.9510644094488185
21
-4.2742874409448817
0
LINE
8
BLACK
6
CONTINUOUS
10
5.9510644094488185
20
-4.2742874409448817
11
5.9500814566929137
21
-4.2745798031496065
0
LINE
8
BLACK
6
CONTINUOUS
10
5.9500814566929137
20
-4.2745798031496065
11
5.9499097637795275
21
-4.2745387795275587
0
LINE
8
BLACK
6
CONTINUOUS
10
5.9499097637795275
20
-4.2745387795275587
11
5.949743897637795
21
-4.2745991732283466
0
LINE
8
BLACK
6
CONTINUOUS
10
5.949743897637795
20
-4.2745991732283466
11
5.9422448425196848
21
-4.2745991732283466
0
LINE
8
BLACK
6
CONTINUOUS
10
5.9422448425196848
20
-4.2745991732283466
11
5.9412349212598423
21
-4.2744211023622043
0
LINE
8
BLACK
6
CONTINUOUS
10
5.9412349212598423
20
-4.2744211023622043
11
5.9410996456692908
21
-4.2743075984251968
0
LINE
8
BLACK
6
CONTINUOUS
10
5.9410996456692908
20
-4.2743075984251968
11
5.9409243307086612
21
-4.2742874409448817
0
LINE
8
BLACK
6
CONTINUOUS
10
5.9409243307086612
20
-4.2742874409448817
11
5.940203661417323
21
-4.2739270866141732
0
LINE
8
BLACK
6
CONTINUOUS
10
5.940203661417323
20
-4.2739270866141732
11
5.9399716929133861
21
-4.2742035826771652
0
LINE
8
BLACK
6
CONTINUOUS
10
5.9399716929133861
20
-4.2742035826771652
11
5.9379825590551176
21
-4.2745543307086615
0
LINE
8
BLACK
6
CONTINUOUS
10
5.9379825590551176
20
-4.2745543307086615
11
5.936233385826772
21
-4.2735444094488191
0
LINE
8
BLACK
6
CONTINUOUS
10
5.936233385826772
20
-4.2735444094488191
11
5.9355425590551176
21
-4.2716464173228346
0
LINE
8
BLACK
6
CONTINUOUS
10
5.9355425590551176
20
-4.2716464173228346
11
5.9355425590551176
21
-4.2322763385826772
0
LINE
8
BLACK
6
CONTINUOUS
10
5.9355425590551176
20
-4.2322763385826772
11
5.9357206299212599
21
-4.2312664173228347
0
LINE
8
BLACK
6
CONTINUOUS
10
5.9357206299212599
20
-4.2312664173228347
11
5.9370189370078741
21
-4.2297191732283466
0
LINE
8
BLACK
6
CONTINUOUS
10
5.9370189370078741
20
-4.2297191732283466
11
5.9390080708661417
21
-4.2293684251968502
0
LINE
8
BLACK
6
CONTINUOUS
10
5.9390080708661417
20
-4.2293684251968502
11
5.9407572440944882
21
-4.2303783464566926
0
LINE
8
BLACK
6
CONTINUOUS
10
5.9414480708661417
20
-4.2490993307086615
11
5.9414480708661417
21
-4.2679467322834643
0
LINE
8
BLACK
6
CONTINUOUS
10
5.9414480708661417
20
-4.2679467322834643
11
5.9429418897637794
21
-4.2686936614173225
0
LINE
8
BLACK
6
CONTINUOUS
10
5.9429418897637794
20
-4.2686936614173225
11
5.9490468503937004
21
-4.2686936614173225
0
LINE
8
BLACK
6
CONTINUOUS
10
5.9490468503937004
20
-4.2686936614173225
11
5.9517442913385823
21
-4.2673449212598422
0
LINE
8
BLACK
6
CONTINUOUS
10
5.9517442913385823
20
-4.2673449212598422
11
5.9529414173228341
21
-4.2661477559055117
0
LINE
8
BLACK
6
CONTINUOUS
10
5.9529414173228341
20
-4.2661477559055117
11
5.9542901968503932
21
-4.263450275590551
0
LINE
8
BLACK
6
CONTINUOUS
10
5.9542901968503932
20
-4.263450275590551
11
5.9542901968503932
21
-4.2535957874015748
0
LINE
8
BLACK
6
CONTINUOUS
10
5.9542901968503932
20
-4.2535957874015748
11
5.9529414566929129
21
-4.2508983070866142
0
LINE
8
BLACK
6
CONTINUOUS
10
5.9529414566929129
20
-4.2508983070866142
11
5.951744330708661
21
-4.2497011811023624
0
LINE
8
BLACK
6
CONTINUOUS
10
5.951744330708661
20
-4.2497011811023624
11
5.9490468503937004
21
-4.2483524409448821
0
LINE
8
BLACK
6
CONTINUOUS
10
5.9490468503937004
20
-4.2483524409448821
11
5.9429418897637794
21
-4.2483524409448821
0
LINE
8
BLACK
6
CONTINUOUS
10
5.9429418897637794
20
-4.2483524409448821
11
5.9414480708661417
21
-4.2490993307086615
0
LINE
8
BLACK
6
CONTINUOUS
10
5.798275039370079
20
-4.2303783464566926
11
5.7989658661417325
21
-4.2322763385826772
0
LINE
8
BLACK
6
CONTINUOUS
10
5.7989658661417325
20
-4.2322763385826772
11
5.7989658661417325
21
-4.2660220866141731
0
LINE
8
BLACK
6
CONTINUOUS
10
5.7989658661417325
20
-4.2660220866141731
11
5.7987877952755902
21
-4.2670320078740156
0
LINE
8
BLACK
6
CONTINUOUS
10
5.7987877952755902
20
-4.2670320078740156
11
5.7986742913385827
21
-4.2671672440944883
0
LINE
8
BLACK
6
CONTINUOUS
10
5.7986742913385827
20
-4.2671672440944883
11
5.7986541338582676
21
-4.2673425984251967
0
LINE
8
BLACK
6
CONTINUOUS
10
5.7986541338582676
20
-4.2673425984251967
11
5.79677937007874
21
-4.2710921653543306
0
LINE
8
BLACK
6
CONTINUOUS
10
5.79677937007874
20
-4.2710921653543306
11
5.7961684645669287
21
-4.2719158267716537
0
LINE
8
BLACK
6
CONTINUOUS
10
5.7961684645669287
20
-4.2719158267716537
11
5.7957627559055114
21
-4.2720916535433071
0
LINE
8
BLACK
6
CONTINUOUS
10
5.7957627559055114
20
-4.2720916535433071
11
5.7954588582677165
21
-4.2724126771653541
0
LINE
8
BLACK
6
CONTINUOUS
10
5.7954588582677165
20
-4.2724126771653541
11
5.7917093307086613
21
-4.2742874409448817
0
LINE
8
BLACK
6
CONTINUOUS
10
5.7917093307086613
20
-4.2742874409448817
11
5.7907263779527556
21
-4.2745798031496065
0
LINE
8
BLACK
6
CONTINUOUS
10
5.7907263779527556
20
-4.2745798031496065
11
5.7887618897637791
21
-4.2741105118110232
0
LINE
8
BLACK
6
CONTINUOUS
10
5.7887618897637791
20
-4.2741105118110232
11
5.7875585826771649
21
-4.2724882677165352
0
LINE
8
BLACK
6
CONTINUOUS
10
5.7875585826771649
20
-4.2724882677165352
11
5.7876796456692912
21
-4.2704720866141734
0
LINE
8
BLACK
6
CONTINUOUS
10
5.7876796456692912
20
-4.2704720866141734
11
5.7890683070866142
21
-4.2690053937007875
0
LINE
8
BLACK
6
CONTINUOUS
10
5.7890683070866142
20
-4.2690053937007875
11
5.7919374803149601
21
-4.2675707874015751
0
LINE
8
BLACK
6
CONTINUOUS
10
5.7919374803149601
20
-4.2675707874015751
11
5.7930603543307084
21
-4.2653250393700786
0
LINE
8
BLACK
6
CONTINUOUS
10
5.7930603543307084
20
-4.2653250393700786
11
5.7930603543307084
21
-4.2322763385826772
0
LINE
8
BLACK
6
CONTINUOUS
10
5.7930603543307084
20
-4.2322763385826772
11
5.7932384251968498
21
-4.2312664173228347
0
LINE
8
BLACK
6
CONTINUOUS
10
5.7932384251968498
20
-4.2312664173228347
11
5.794536732283464
21
-4.2297191732283466
0
LINE
8
BLACK
6
CONTINUOUS
10
5.794536732283464
20
-4.2297191732283466
11
5.7965258661417325
21
-4.2293684251968502
0
LINE
8
BLACK
6
CONTINUOUS
10
5.7965258661417325
20
-4.2293684251968502
11
5.798275039370079
21
-4.2303783464566926
0
LINE
8
BLACK
6
CONTINUOUS
10
5.8526432283464569
20
-4.2435016929133855
11
5.8533340551181103
21
-4.24539968503937
0
LINE
8
BLACK
6
CONTINUOUS
10
5.8533340551181103
20
-4.24539968503937
11
5.8533340551181103
21
-4.2716464173228346
0
LINE
8
BLACK
6
CONTINUOUS
10
5.8533340551181103
20
-4.2716464173228346
11
5.853155984251968
21
-4.272656338582677
0
LINE
8
BLACK
6
CONTINUOUS
10
5.853155984251968
20
-4.272656338582677
11
5.8518576771653539
21
-4.2742035826771652
0
LINE
8
BLACK
6
CONTINUOUS
10
5.8518576771653539
20
-4.2742035826771652
11
5.8498685433070863
21
-4.2745543307086615
0
LINE
8
BLACK
6
CONTINUOUS
10
5.8498685433070863
20
-4.2745543307086615
11
5.8481193700787397
21
-4.2735444094488191
0
LINE
8
BLACK
6
CONTINUOUS
10
5.8481193700787397
20
-4.2735444094488191
11
5.8474285433070863
21
-4.2716464173228346
0
LINE
8
BLACK
6
CONTINUOUS
10
5.8474285433070863
20
-4.2716464173228346
11
5.8474285433070863
21
-4.24539968503937
0
LINE
8
BLACK
6
CONTINUOUS
10
5.8474285433070863
20
-4.24539968503937
11
5.8476066141732286
21
-4.2443897637795276
0
LINE
8
BLACK
6
CONTINUOUS
10
5.8476066141732286
20
-4.2443897637795276
11
5.8489049212598427
21
-4.2428425196850394
0
LINE
8
BLACK
6
CONTINUOUS
10
5.8489049212598427
20
-4.2428425196850394
11
5.8508940551181103
21
-4.2424917716535431
0
LINE
8
BLACK
6
CONTINUOUS
10
5.8508940551181103
20
-4.2424917716535431
11
5.8526432283464569
21
-4.2435016929133855
0
LINE
8
BLACK
6
CONTINUOUS
10
5.9763777559055118
20
-4.2435016929133855
11
5.9770685826771652
21
-4.24539968503937
0
LINE
8
BLACK
6
CONTINUOUS
10
5.9770685826771652
20
-4.24539968503937
11
5.9770685826771652
21
-4.2716464173228346
0
LINE
8
BLACK
6
CONTINUOUS
10
5.9770685826771652
20
-4.2716464173228346
11
5.9768905118110238
21
-4.272656338582677
0
LINE
8
BLACK
6
CONTINUOUS
10
5.9768905118110238
20
-4.272656338582677
11
5.9755922047244097
21
-4.2742035826771652
0
LINE
8
BLACK
6
CONTINUOUS
10
5.9755922047244097
20
-4.2742035826771652
11
5.9736030708661412
21
-4.2745543307086615
0
LINE
8
BLACK
6
CONTINUOUS
10
5.9736030708661412
20
-4.2745543307086615
11
5.9718538976377955
21
-4.2735444094488191
0
LINE
8
BLACK
6
CONTINUOUS
10
5.9718538976377955
20
-4.2735444094488191
11
5.9711630708661412
21
-4.2716464173228346
0
LINE
8
BLACK
6
CONTINUOUS
10
5.9711630708661412
20
-4.2716464173228346
11
5.9711630708661412
21
-4.24539968503937
0
LINE
8
BLACK
6
CONTINUOUS
10
5.9711630708661412
20
-4.24539968503937
11
5.9713411417322835
21
-4.2443897637795276
0
LINE
8
BLACK
6
CONTINUOUS
10
5.9713411417322835
20
-4.2443897637795276
11
5.9726394488188976
21
-4.2428425196850394
0
LINE
8
BLACK
6
CONTINUOUS
10
5.9726394488188976
20
-4.2428425196850394
11
5.9746285826771652
21
-4.2424917716535431
0
LINE
8
BLACK
6
CONTINUOUS
10
5.9746285826771652
20
-4.2424917716535431
11
5.9763777559055118
21
-4.2435016929133855
0
LINE
8
BLACK
6
CONTINUOUS
10
6.0082451181102359
20
-4.2293911811023621
11
6.00837437007874
21
-4.2293684251968502
0
LINE
8
BLACK
6
CONTINUOUS
10
6.00837437007874
20
-4.2293684251968502
11
6.008487952755905
21
-4.2294340157480317
0
LINE
8
BLACK
6
CONTINUOUS
10
6.008487952755905
20
-4.2294340157480317
11
6.0088715354330704
21
-4.2295016535433074
0
LINE
8
BLACK
6
CONTINUOUS
10
6.0088715354330704
20
-4.2295016535433074
11
6.0094592125984247
21
-4.2299947637795272
0
LINE
8
BLACK
6
CONTINUOUS
10
6.0094592125984247
20
-4.2299947637795272
11
6.0101235433070865
21
-4.2303783464566926
0
LINE
8
BLACK
6
CONTINUOUS
10
6.0101235433070865
20
-4.2303783464566926
11
6.0102146456692909
21
-4.230628661417323
0
LINE
8
BLACK
6
CONTINUOUS
10
6.0102146456692909
20
-4.230628661417323
11
6.0104187795275585
21
-4.2307999606299216
0
LINE
8
BLACK
6
CONTINUOUS
10
6.0104187795275585
20
-4.2307999606299216
11
6.0105520078740158
21
-4.231555511811024
0
LINE
8
BLACK
6
CONTINUOUS
10
6.0105520078740158
20
-4.231555511811024
11
6.01081437007874
21
-4.2322763385826772
0
LINE
8
BLACK
6
CONTINUOUS
10
6.01081437007874
20
-4.2322763385826772
11
6.01081437007874
21
-4.2716464173228346
0
LINE
8
BLACK
6
CONTINUOUS
10
6.01081437007874
20
-4.2716464173228346
11
6.0106362992125986
21
-4.272656338582677
0
LINE
8
BLACK
6
CONTINUOUS
10
6.0106362992125986
20
-4.272656338582677
11
6.0093379921259844
21
-4.2742035826771652
0
LINE
8
BLACK
6
CONTINUOUS
10
6.0093379921259844
20
-4.2742035826771652
11
6.0073488582677168
21
-4.2745543307086615
0
LINE
8
BLACK
6
CONTINUOUS
10
6.0073488582677168
20
-4.2745543307086615
11
6.0055996850393703
21
-4.2735444094488191
0
LINE
8
BLACK
6
CONTINUOUS
10
6.0055996850393703
20
-4.2735444094488191
11
6.0049088582677168
21
-4.2716464173228346
0
LINE
8
BLACK
6
CONTINUOUS
10
6.0049088582677168
20
-4.2716464173228346
11
6.0049088582677168
21
-4.2539767322834647
0
LINE
8
BLACK
6
CONTINUOUS
10
6.0049088582677168
20
-4.2539767322834647
11
5.9947382677165351
21
-4.2539767322834647
0
LINE
8
BLACK
6
CONTINUOUS
10
5.9947382677165351
20
-4.2539767322834647
11
5.9937283464566926
21
-4.2537986614173224
0
LINE
8
BLACK
6
CONTINUOUS
10
5.9937283464566926
20
-4.2537986614173224
11
5.9921811023622045
21
-4.2525003543307083
0
LINE
8
BLACK
6
CONTINUOUS
10
5.9921811023622045
20
-4.2525003543307083
11
5.9918303543307081
21
-4.2505112204724407
0
LINE
8
BLACK
6
CONTINUOUS
10
5.9918303543307081
20
-4.2505112204724407
11
5.9928402755905514
21
-4.2487620472440941
0
LINE
8
BLACK
6
CONTINUOUS
10
5.9928402755905514
20
-4.2487620472440941
11
5.9947382677165351
21
-4.2480712204724407
0
LINE
8
BLACK
6
CONTINUOUS
10
5.9947382677165351
20
-4.2480712204724407
11
6.0049088582677168
21
-4.2480712204724407
0
LINE
8
BLACK
6
CONTINUOUS
10
6.0049088582677168
20
-4.2480712204724407
11
6.0049088582677168
21
-4.2352290944881892
0
LINE
8
BLACK
6
CONTINUOUS
10
6.0049088582677168
20
-4.2352290944881892
11
5.9891139763779524
21
-4.2352290944881892
0
LINE
8
BLACK
6
CONTINUOUS
10
5.9891139763779524
20
-4.2352290944881892
11
5.9881040551181099
21
-4.2350510236220469
0
LINE
8
BLACK
6
CONTINUOUS
10
5.9881040551181099
20
-4.2350510236220469
11
5.9865568110236218
21
-4.2337527165354327
0
LINE
8
BLACK
6
CONTINUOUS
10
5.9865568110236218
20
-4.2337527165354327
11
5.9862060629921254
21
-4.2317635826771651
0
LINE
8
BLACK
6
CONTINUOUS
10
5.9862060629921254
20
-4.2317635826771651
11
5.9872159842519688
21
-4.2300144094488186
0
LINE
8
BLACK
6
CONTINUOUS
10
5.9872159842519688
20
-4.2300144094488186
11
5.9891139763779524
21
-4.2293235826771651
0
LINE
8
BLACK
6
CONTINUOUS
10
5.9891139763779524
20
-4.2293235826771651
11
6.0078616141732279
21
-4.2293235826771651
0
LINE
8
BLACK
6
CONTINUOUS
10
6.0078616141732279
20
-4.2293235826771651
11
6.0082451181102359
21
-4.2293911811023621
0
LINE
8
BLACK
6
CONTINUOUS
10
5.8507609448818894
20
-4.2293918897637797
11
5.8508940551181103
21
-4.2293684251968502
0
LINE
8
BLACK
6
CONTINUOUS
10
5.8508940551181103
20
-4.2293684251968502
11
5.8510110236220472
21
-4.2294359448818897
0
LINE
8
BLACK
6
CONTINUOUS
10
5.8510110236220472
20
-4.2294359448818897
11
5.8511455118110236
21
-4.2294242125984249
0
LINE
8
BLACK
6
CONTINUOUS
10
5.8511455118110236
20
-4.2294242125984249
11
5.8517738976377949
21
-4.2298642125984252
0
LINE
8
BLACK
6
CONTINUOUS
10
5.8517738976377949
20
-4.2298642125984252
11
5.8524692125984252
21
-4.2301884251968502
0
LINE
8
BLACK
6
CONTINUOUS
10
5.8524692125984252
20
-4.2301884251968502
11
5.8543439763779528
21
-4.2320631889763778
0
LINE
8
BLACK
6
CONTINUOUS
10
5.8543439763779528
20
-4.2320631889763778
11
5.8545673622047243
21
-4.2323822047244093
0
LINE
8
BLACK
6
CONTINUOUS
10
5.8545673622047243
20
-4.2323822047244093
11
5.8546748425196853
21
-4.2324574803149604
0
LINE
8
BLACK
6
CONTINUOUS
10
5.8546748425196853
20
-4.2324574803149604
11
5.8547087795275585
21
-4.2325842125984252
0
LINE
8
BLACK
6
CONTINUOUS
10
5.8547087795275585
20
-4.2325842125984252
11
5.8549321653543309
21
-4.2329032283464567
0
LINE
8
BLACK
6
CONTINUOUS
10
5.8549321653543309
20
-4.2329032283464567
11
5.8549990157480316
21
-4.233667440944882
0
LINE
8
BLACK
6
CONTINUOUS
10
5.8549990157480316
20
-4.233667440944882
11
5.8551975590551182
21
-4.2344084645669291
0
LINE
8
BLACK
6
CONTINUOUS
10
5.8551975590551182
20
-4.2344084645669291
11
5.8550849606299211
21
-4.234649881889764
0
LINE
8
BLACK
6
CONTINUOUS
10
5.8550849606299211
20
-4.234649881889764
11
5.8551081889763781
21
-4.23491531496063
0
LINE
8
BLACK
6
CONTINUOUS
10
5.8551081889763781
20
-4.23491531496063
11
5.8546681889763779
21
-4.2355437007874013
0
LINE
8
BLACK
6
CONTINUOUS
10
5.8546681889763779
20
-4.2355437007874013
11
5.8543439763779528
21
-4.2362390157480316
0
LINE
8
BLACK
6
CONTINUOUS
10
5.8543439763779528
20
-4.2362390157480316
11
5.8524692125984252
21
-4.2381137795275592
0
LINE
8
BLACK
6
CONTINUOUS
10
5.8524692125984252
20
-4.2381137795275592
11
5.852150157480315
21
-4.2383371653543307
0
LINE
8
BLACK
6
CONTINUOUS
10
5.852150157480315
20
-4.2383371653543307
11
5.8520749212598426
21
-4.2384446456692908
0
LINE
8
BLACK
6
CONTINUOUS
10
5.8520749212598426
20
-4.2384446456692908
11
5.8519481496062991
21
-4.2384785826771649
0
LINE
8
BLACK
6
CONTINUOUS
10
5.8519481496062991
20
-4.2384785826771649
11
5.8519411811023625
21
-4.2384834645669294
0
LINE
8
BLACK
6
CONTINUOUS
10
5.8519411811023625
20
-4.2384834645669294
11
5.8518576771653539
21
-4.2385830314960629
0
LINE
8
BLACK
6
CONTINUOUS
10
5.8518576771653539
20
-4.2385830314960629
11
5.8517792913385822
21
-4.2385968503937006
0
LINE
8
BLACK
6
CONTINUOUS
10
5.8517792913385822
20
-4.2385968503937006
11
5.8516291732283463
21
-4.2387019685039373
0
LINE
8
BLACK
6
CONTINUOUS
10
5.8516291732283463
20
-4.2387019685039373
11
5.8508648425196847
21
-4.238768818897638
0
LINE
8
BLACK
6
CONTINUOUS
10
5.8508648425196847
20
-4.238768818897638
11
5.8501239370078739
21
-4.2389673622047246
0
LINE
8
BLACK
6
CONTINUOUS
10
5.8501239370078739
20
-4.2389673622047246
11
5.8500015748031498
21
-4.2389103149606298
0
LINE
8
BLACK
6
CONTINUOUS
10
5.8500015748031498
20
-4.2389103149606298
11
5.8498685433070863
21
-4.2389337795275592
0
LINE
8
BLACK
6
CONTINUOUS
10
5.8498685433070863
20
-4.2389337795275592
11
5.8497515748031494
21
-4.2388662598425197
0
LINE
8
BLACK
6
CONTINUOUS
10
5.8497515748031494
20
-4.2388662598425197
11
5.849617086614173
21
-4.2388780314960632
0
LINE
8
BLACK
6
CONTINUOUS
10
5.849617086614173
20
-4.2388780314960632
11
5.8489885826771655
21
-4.2384379133858268
0
LINE
8
BLACK
6
CONTINUOUS
10
5.8489885826771655
20
-4.2384379133858268
11
5.8482933858267714
21
-4.2381137795275592
0
LINE
8
BLACK
6
CONTINUOUS
10
5.8482933858267714
20
-4.2381137795275592
11
5.8464186220472438
21
-4.2362390157480316
0
LINE
8
BLACK
6
CONTINUOUS
10
5.8464186220472438
20
-4.2362390157480316
11
5.8461952362204723
21
-4.2359199606299214
0
LINE
8
BLACK
6
CONTINUOUS
10
5.8461952362204723
20
-4.2359199606299214
11
5.8460877559055113
21
-4.235844724409449
0
LINE
8
BLACK
6
CONTINUOUS
10
5.8460877559055113
20
-4.235844724409449
11
5.8460537795275593
21
-4.2357179527559055
0
LINE
8
BLACK
6
CONTINUOUS
10
5.8460537795275593
20
-4.2357179527559055
11
5.8458304330708657
21
-4.2353989763779527
0
LINE
8
BLACK
6
CONTINUOUS
10
5.8458304330708657
20
-4.2353989763779527
11
5.8457635433070863
21
-4.2346346850393699
0
LINE
8
BLACK
6
CONTINUOUS
10
5.8457635433070863
20
-4.2346346850393699
11
5.8455650393700784
21
-4.2338937795275591
0
LINE
8
BLACK
6
CONTINUOUS
10
5.8455650393700784
20
-4.2338937795275591
11
5.8456775984251967
21
-4.2336523622047242
0
LINE
8
BLACK
6
CONTINUOUS
10
5.8456775984251967
20
-4.2336523622047242
11
5.8456543700787398
21
-4.2333868897637794
0
LINE
8
BLACK
6
CONTINUOUS
10
5.8456543700787398
20
-4.2333868897637794
11
5.8460944488188975
21
-4.2327583464566931
0
LINE
8
BLACK
6
CONTINUOUS
10
5.8460944488188975
20
-4.2327583464566931
11
5.8464186220472438
21
-4.2320631889763778
0
LINE
8
BLACK
6
CONTINUOUS
10
5.8464186220472438
20
-4.2320631889763778
11
5.8482933858267714
21
-4.2301884251968502
0
LINE
8
BLACK
6
CONTINUOUS
10
5.8482933858267714
20
-4.2301884251968502
11
5.8486124015748029
21
-4.2299650393700787
0
LINE
8
BLACK
6
CONTINUOUS
10
5.8486124015748029
20
-4.2299650393700787
11
5.848687677165354
21
-4.2298575590551177
0
LINE
8
BLACK
6
CONTINUOUS
10
5.848687677165354
20
-4.2298575590551177
11
5.8488144094488188
21
-4.2298235826771649
0
LINE
8
BLACK
6
CONTINUOUS
10
5.8488144094488188
20
-4.2298235826771649
11
5.8488213779527554
21
-4.2298187007874013
0
LINE
8
BLACK
6
CONTINUOUS
10
5.8488213779527554
20
-4.2298187007874013
11
5.8489049212598427
21
-4.2297191732283466
0
LINE
8
BLACK
6
CONTINUOUS
10
5.8489049212598427
20
-4.2297191732283466
11
5.8489832677165357
21
-4.2297053149606301
0
LINE
8
BLACK
6
CONTINUOUS
10
5.8489832677165357
20
-4.2297053149606301
11
5.8491334251968503
21
-4.2296002362204721
0
LINE
8
BLACK
6
CONTINUOUS
10
5.8491334251968503
20
-4.2296002362204721
11
5.8498975984251969
21
-4.2295333464566927
0
LINE
8
BLACK
6
CONTINUOUS
10
5.8498975984251969
20
-4.2295333464566927
11
5.8506386220472439
21
-4.2293348425196848
0
LINE
8
BLACK
6
CONTINUOUS
10
5.8506386220472439
20
-4.2293348425196848
11
5.8507609448818894
21
-4.2293918897637797
0
LINE
8
BLACK
6
CONTINUOUS
10
5.9744954724409451
20
-4.2293918897637797
11
5.9746285826771652
21
-4.2293684251968502
0
LINE
8
BLACK
6
CONTINUOUS
10
5.9746285826771652
20
-4.2293684251968502
11
5.9747455511811021
21
-4.2294359448818897
0
LINE
8
BLACK
6
CONTINUOUS
10
5.9747455511811021
20
-4.2294359448818897
11
5.9748800393700785
21
-4.2294242125984249
0
LINE
8
BLACK
6
CONTINUOUS
10
5.9748800393700785
20
-4.2294242125984249
11
5.9755084251968507
21
-4.2298642125984252
0
LINE
8
BLACK
6
CONTINUOUS
10
5.9755084251968507
20
-4.2298642125984252
11
5.9762037401574801
21
-4.2301884251968502
0
LINE
8
BLACK
6
CONTINUOUS
10
5.9762037401574801
20
-4.2301884251968502
11
5.9780785039370077
21
-4.2320631889763778
0
LINE
8
BLACK
6
CONTINUOUS
10
5.9780785039370077
20
-4.2320631889763778
11
5.9783018897637792
21
-4.2323822047244093
0
LINE
8
BLACK
6
CONTINUOUS
10
5.9783018897637792
20
-4.2323822047244093
11
5.9784093700787402
21
-4.2324574803149604
0
LINE
8
BLACK
6
CONTINUOUS
10
5.9784093700787402
20
-4.2324574803149604
11
5.9784433070866143
21
-4.2325842125984252
0
LINE
8
BLACK
6
CONTINUOUS
10
5.9784433070866143
20
-4.2325842125984252
11
5.9786666929133858
21
-4.2329032283464567
0
LINE
8
BLACK
6
CONTINUOUS
10
5.9786666929133858
20
-4.2329032283464567
11
5.9787335433070865
21
-4.233667440944882
0
LINE
8
BLACK
6
CONTINUOUS
10
5.9787335433070865
20
-4.233667440944882
11
5.9789320866141731
21
-4.2344084645669291
0
LINE
8
BLACK
6
CONTINUOUS
10
5.9789320866141731
20
-4.2344084645669291
11
5.978819488188976
21
-4.234649881889764
0
LINE
8
BLACK
6
CONTINUOUS
10
5.978819488188976
20
-4.234649881889764
11
5.978842716535433
21
-4.23491531496063
0
LINE
8
BLACK
6
CONTINUOUS
10
5.978842716535433
20
-4.23491531496063
11
5.9784027165354328
21
-4.2355437007874013
0
LINE
8
BLACK
6
CONTINUOUS
10
5.9784027165354328
20
-4.2355437007874013
11
5.9780785039370077
21
-4.2362390157480316
0
LINE
8
BLACK
6
CONTINUOUS
10
5.9780785039370077
20
-4.2362390157480316
11
5.9762037401574801
21
-4.2381137795275592
0
LINE
8
BLACK
6
CONTINUOUS
10
5.9762037401574801
20
-4.2381137795275592
11
5.9758846850393699
21
-4.2383371653543307
0
LINE
8
BLACK
6
CONTINUOUS
10
5.9758846850393699
20
-4.2383371653543307
11
5.9758094488188975
21
-4.2384446456692908
0
LINE
8
BLACK
6
CONTINUOUS
10
5.9758094488188975
20
-4.2384446456692908
11
5.975682677165354
21
-4.2384785826771649
0
LINE
8
BLACK
6
CONTINUOUS
10
5.975682677165354
20
-4.2384785826771649
11
5.9756757086614174
21
-4.2384834645669294
0
LINE
8
BLACK
6
CONTINUOUS
10
5.9756757086614174
20
-4.2384834645669294
11
5.9755922047244097
21
-4.2385830314960629
0
LINE
8
BLACK
6
CONTINUOUS
10
5.9755922047244097
20
-4.2385830314960629
11
5.975513818897638
21
-4.2385968503937006
0
LINE
8
BLACK
6
CONTINUOUS
10
5.975513818897638
20
-4.2385968503937006
11
5.9753637007874012
21
-4.2387019685039373
0
LINE
8
BLACK
6
CONTINUOUS
10
5.9753637007874012
20
-4.2387019685039373
11
5.9745993700787396
21
-4.238768818897638
0
LINE
8
BLACK
6
CONTINUOUS
10
5.9745993700787396
20
-4.238768818897638
11
5.9738584645669288
21
-4.2389673622047246
0
LINE
8
BLACK
6
CONTINUOUS
10
5.9738584645669288
20
-4.2389673622047246
11
5.9737361023622046
21
-4.2389103149606298
0
LINE
8
BLACK
6
CONTINUOUS
10
5.9737361023622046
20
-4.2389103149606298
11
5.9736030708661412
21
-4.2389337795275592
0
LINE
8
BLACK
6
CONTINUOUS
10
5.9736030708661412
20
-4.2389337795275592
11
5.9734861023622043
21
-4.2388662598425197
0
LINE
8
BLACK
6
CONTINUOUS
10
5.9734861023622043
20
-4.2388662598425197
11
5.9733516141732279
21
-4.2388780314960632
0
LINE
8
BLACK
6
CONTINUOUS
10
5.9733516141732279
20
-4.2388780314960632
11
5.9727231102362204
21
-4.2384379133858268
0
LINE
8
BLACK
6
CONTINUOUS
10
5.9727231102362204
20
-4.2384379133858268
11
5.9720279133858263
21
-4.2381137795275592
0
LINE
8
BLACK
6
CONTINUOUS
10
5.9720279133858263
20
-4.2381137795275592
11
5.9701531496062987
21
-4.2362390157480316
0
LINE
8
BLACK
6
CONTINUOUS
10
5.9701531496062987
20
-4.2362390157480316
11
5.9699297637795272
21
-4.2359199606299214
0
LINE
8
BLACK
6
CONTINUOUS
10
5.9699297637795272
20
-4.2359199606299214
11
5.9698222834645671
21
-4.235844724409449
0
LINE
8
BLACK
6
CONTINUOUS
10
5.9698222834645671
20
-4.235844724409449
11
5.9697883070866142
21
-4.2357179527559055
0
LINE
8
BLACK
6
CONTINUOUS
10
5.9697883070866142
20
-4.2357179527559055
11
5.9695649606299215
21
-4.2353989763779527
0
LINE
8
BLACK
6
CONTINUOUS
10
5.9695649606299215
20
-4.2353989763779527
11
5.969498070866142
21
-4.2346346850393699
0
LINE
8
BLACK
6
CONTINUOUS
10
5.969498070866142
20
-4.2346346850393699
11
5.9692995669291333
21
-4.2338937795275591
0
LINE
8
BLACK
6
CONTINUOUS
10
5.9692995669291333
20
-4.2338937795275591
11
5.9694121259842516
21
-4.2336523622047242
0
LINE
8
BLACK
6
CONTINUOUS
10
5.9694121259842516
20
-4.2336523622047242
11
5.9693888976377956
21
-4.2333868897637794
0
LINE
8
BLACK
6
CONTINUOUS
10
5.9693888976377956
20
-4.2333868897637794
11
5.9698289763779524
21
-4.2327583464566931
0
LINE
8
BLACK
6
CONTINUOUS
10
5.9698289763779524
20
-4.2327583464566931
11
5.9701531496062987
21
-4.2320631889763778
0
LINE
8
BLACK
6
CONTINUOUS
10
5.9701531496062987
20
-4.2320631889763778
11
5.9720279133858263
21
-4.2301884251968502
0
LINE
8
BLACK
6
CONTINUOUS
10
5.9720279133858263
20
-4.2301884251968502
11
5.9723469291338578
21
-4.2299650393700787
0
LINE
8
BLACK
6
CONTINUOUS
10
5.9723469291338578
20
-4.2299650393700787
11
5.9724222047244089
21
-4.2298575590551177
0
LINE
8
BLACK
6
CONTINUOUS
10
5.9724222047244089
20
-4.2298575590551177
11
5.9725489370078737
21
-4.2298235826771649
0
LINE
8
BLACK
6
CONTINUOUS
10
5.9725489370078737
20
-4.2298235826771649
11
5.9725559055118111
21
-4.2298187007874013
0
LINE
8
BLACK
6
CONTINUOUS
10
5.9725559055118111
20
-4.2298187007874013
11
5.9726394488188976
21
-4.2297191732283466
0
LINE
8
BLACK
6
CONTINUOUS
10
5.9726394488188976
20
-4.2297191732283466
11
5.9727177952755905
21
-4.2297053149606301
0
LINE
8
BLACK
6
CONTINUOUS
10
5.9727177952755905
20
-4.2297053149606301
11
5.9728679527559052
21
-4.2296002362204721
0
LINE
8
BLACK
6
CONTINUOUS
10
5.9728679527559052
20
-4.2296002362204721
11
5.9736321259842518
21
-4.2295333464566927
0
LINE
8
BLACK
6
CONTINUOUS
10
5.9736321259842518
20
-4.2295333464566927
11
5.9743731496062988
21
-4.2293348425196848
0
LINE
8
BLACK
6
CONTINUOUS
10
5.9743731496062988
20
-4.2293348425196848
11
5.9744954724409451
21
-4.2293918897637797
0
LINE
8
BLACK
6
CONTINUOUS
10
5.211441535433071
20
-4.1831934645669291
11
5.2116109448818895
21
-4.1831825590551182
0
LINE
8
BLACK
6
CONTINUOUS
10
5.2116109448818895
20
-4.1831825590551182
11
5.2123015354330704
21
-4.1836899999999995
0
LINE
8
BLACK
6
CONTINUOUS
10
5.2123015354330704
20
-4.1836899999999995
11
5.2130436614173226
21
-4.1841185039370075
0
LINE
8
BLACK
6
CONTINUOUS
10
5.2130436614173226
20
-4.1841185039370075
11
5.2131016929133853
21
-4.1842779921259838
0
LINE
8
BLACK
6
CONTINUOUS
10
5.2131016929133853
20
-4.1842779921259838
11
5.2132385826771657
21
-4.1843785826771649
0
LINE
8
BLACK
6
CONTINUOUS
10
5.2132385826771657
20
-4.1843785826771649
11
5.2168259055118105
21
-4.1897596062992122
0
LINE
8
BLACK
6
CONTINUOUS
10
5.2168259055118105
20
-4.1897596062992122
11
5.2200298818897632
21
-4.192963582677165
0
LINE
8
BLACK
6
CONTINUOUS
10
5.2200298818897632
20
-4.192963582677165
11
5.2233508267716537
21
-4.1946240551181102
0
LINE
8
BLACK
6
CONTINUOUS
10
5.2233508267716537
20
-4.1946240551181102
11
5.224174488188976
21
-4.1952349606299215
0
LINE
8
BLACK
6
CONTINUOUS
10
5.224174488188976
20
-4.1952349606299215
11
5.2249777559055115
21
-4.1970881496062988
0
LINE
8
BLACK
6
CONTINUOUS
10
5.2249777559055115
20
-4.1970881496062988
11
5.2244018897637794
21
-4.199024173228346
0
LINE
8
BLACK
6
CONTINUOUS
10
5.2244018897637794
20
-4.199024173228346
11
5.2227163385826767
21
-4.2001370078740159
0
LINE
8
BLACK
6
CONTINUOUS
10
5.2227163385826767
20
-4.2001370078740159
11
5.2207098031496058
21
-4.1999061023622044
0
LINE
8
BLACK
6
CONTINUOUS
10
5.2207098031496058
20
-4.1999061023622044
11
5.2169602755905506
21
-4.1980313385826769
0
LINE
8
BLACK
6
CONTINUOUS
10
5.2169602755905506
20
-4.1980313385826769
11
5.2162511811023622
21
-4.1975053937007871
0
LINE
8
BLACK
6
CONTINUOUS
10
5.2162511811023622
20
-4.1975053937007871
11
5.2161928740157482
21
-4.1974782283464567
0
LINE
8
BLACK
6
CONTINUOUS
10
5.2161928740157482
20
-4.1974782283464567
11
5.213734488188976
21
-4.1950198425196845
0
LINE
8
BLACK
6
CONTINUOUS
10
5.213734488188976
20
-4.1950198425196845
11
5.213734488188976
21
-4.2224338188976374
0
LINE
8
BLACK
6
CONTINUOUS
10
5.213734488188976
20
-4.2224338188976374
11
5.2220303149606302
21
-4.2224338188976374
0
LINE
8
BLACK
6
CONTINUOUS
10
5.2220303149606302
20
-4.2224338188976374
11
5.2230402362204726
21
-4.2226118897637797
0
LINE
8
BLACK
6
CONTINUOUS
10
5.2230402362204726
20
-4.2226118897637797
11
5.2245874803149608
21
-4.2239101968503938
0
LINE
8
BLACK
6
CONTINUOUS
10
5.2245874803149608
20
-4.2239101968503938
11
5.2249382283464563
21
-4.2258993307086614
0
LINE
8
BLACK
6
CONTINUOUS
10
5.2249382283464563
20
-4.2258993307086614
11
5.2239283070866138
21
-4.227648503937008
0
LINE
8
BLACK
6
CONTINUOUS
10
5.2239283070866138
20
-4.227648503937008
11
5.2220303149606302
21
-4.2283393307086614
0
LINE
8
BLACK
6
CONTINUOUS
10
5.2220303149606302
20
-4.2283393307086614
11
5.1995331496062995
21
-4.2283393307086614
0
LINE
8
BLACK
6
CONTINUOUS
10
5.1995331496062995
20
-4.2283393307086614
11
5.1985232283464562
21
-4.22816125984252
0
LINE
8
BLACK
6
CONTINUOUS
10
5.1985232283464562
20
-4.22816125984252
11
5.1969759842519681
21
-4.2268629527559058
0
LINE
8
BLACK
6
CONTINUOUS
10
5.1969759842519681
20
-4.2268629527559058
11
5.1966252362204726
21
-4.2248738188976374
0
LINE
8
BLACK
6
CONTINUOUS
10
5.1966252362204726
20
-4.2248738188976374
11
5.197635157480315
21
-4.2231246456692908
0
LINE
8
BLACK
6
CONTINUOUS
10
5.197635157480315
20
-4.2231246456692908
11
5.1995331496062995
21
-4.2224338188976374
0
LINE
8
BLACK
6
CONTINUOUS
10
5.1995331496062995
20
-4.2224338188976374
11
5.2078289763779528
21
-4.2224338188976374
0
LINE
8
BLACK
6
CONTINUOUS
10
5.2078289763779528
20
-4.2224338188976374
11
5.2078289763779528
21
-4.186016496062992
0
LINE
8
BLACK
6
CONTINUOUS
10
5.2078289763779528
20
-4.186016496062992
11
5.2080070472440942
21
-4.1850065748031495
0
LINE
8
BLACK
6
CONTINUOUS
10
5.2080070472440942
20
-4.1850065748031495
11
5.2081161417322832
21
-4.1848764960629916
0
LINE
8
BLACK
6
CONTINUOUS
10
5.2081161417322832
20
-4.1848764960629916
11
5.2081348425196845
21
-4.1847077559055119
0
LINE
8
BLACK
6
CONTINUOUS
10
5.2081348425196845
20
-4.1847077559055119
11
5.2087544488188975
21
-4.1841158267716532
0
LINE
8
BLACK
6
CONTINUOUS
10
5.2087544488188975
20
-4.1841158267716532
11
5.2093053543307084
21
-4.1834593307086614
0
LINE
8
BLACK
6
CONTINUOUS
10
5.2093053543307084
20
-4.1834593307086614
11
5.2094725590551176
21
-4.1834298425196845
0
LINE
8
BLACK
6
CONTINUOUS
10
5.2094725590551176
20
-4.1834298425196845
11
5.209595354330709
21
-4.1833125590551177
0
LINE
8
BLACK
6
CONTINUOUS
10
5.209595354330709
20
-4.1833125590551177
11
5.2104504724409448
21
-4.183257401574803
0
LINE
8
BLACK
6
CONTINUOUS
10
5.2104504724409448
20
-4.183257401574803
11
5.211294488188976
21
-4.183108582677165
0
LINE
8
BLACK
6
CONTINUOUS
10
5.211294488188976
20
-4.183108582677165
11
5.211441535433071
21
-4.1831934645669291
0
LINE
8
BLACK
6
CONTINUOUS
10
5.2492869685039372
20
-4.1832418110236222
11
5.249422204724409
21
-4.183355275590551
0
LINE
8
BLACK
6
CONTINUOUS
10
5.249422204724409
20
-4.183355275590551
11
5.2495975590551183
21
-4.1833754724409449
0
LINE
8
BLACK
6
CONTINUOUS
10
5.2495975590551183
20
-4.1833754724409449
11
5.2533470866141734
21
-4.1852502362204724
0
LINE
8
BLACK
6
CONTINUOUS
10
5.2533470866141734
20
-4.1852502362204724
11
5.2540561417322831
21
-4.1857761417322834
0
LINE
8
BLACK
6
CONTINUOUS
10
5.2540561417322831
20
-4.1857761417322834
11
5.2541144881889759
21
-4.1858033464566926
0
LINE
8
BLACK
6
CONTINUOUS
10
5.2541144881889759
20
-4.1858033464566926
11
5.2559892519685034
21
-4.1876781102362202
0
LINE
8
BLACK
6
CONTINUOUS
10
5.2559892519685034
20
-4.1876781102362202
11
5.2562472440944878
21
-4.1880465748031499
0
LINE
8
BLACK
6
CONTINUOUS
10
5.2562472440944878
20
-4.1880465748031499
11
5.2563581889763782
21
-4.18812811023622
0
LINE
8
BLACK
6
CONTINUOUS
10
5.2563581889763782
20
-4.18812811023622
11
5.2601077165354333
21
-4.1937524409448814
0
LINE
8
BLACK
6
CONTINUOUS
10
5.2601077165354333
20
-4.1937524409448814
11
5.2605060236220469
21
-4.1946601574803148
0
LINE
8
BLACK
6
CONTINUOUS
10
5.2605060236220469
20
-4.1946601574803148
11
5.2605154724409449
21
-4.1946741732283463
0
LINE
8
BLACK
6
CONTINUOUS
10
5.2605154724409449
20
-4.1946741732283463
11
5.2623902362204724
21
-4.2021732283464566
0
LINE
8
BLACK
6
CONTINUOUS
10
5.2623902362204724
20
-4.2021732283464566
11
5.2624316929133856
21
-4.2027611023622047
0
LINE
8
BLACK
6
CONTINUOUS
10
5.2624316929133856
20
-4.2027611023622047
11
5.2624783858267712
21
-4.20288937007874
0
LINE
8
BLACK
6
CONTINUOUS
10
5.2624783858267712
20
-4.20288937007874
11
5.2624783858267712
21
-4.2178874803149604
0
LINE
8
BLACK
6
CONTINUOUS
10
5.2624783858267712
20
-4.2178874803149604
11
5.2623003149606298
21
-4.2188974015748029
0
LINE
8
BLACK
6
CONTINUOUS
10
5.2623003149606298
20
-4.2188974015748029
11
5.2621868110236223
21
-4.2190326377952756
0
LINE
8
BLACK
6
CONTINUOUS
10
5.2621868110236223
20
-4.2190326377952756
11
5.2621666535433071
21
-4.219207992125984
0
LINE
8
BLACK
6
CONTINUOUS
10
5.2621666535433071
20
-4.219207992125984
11
5.2602918897637796
21
-4.2229575196850391
0
LINE
8
BLACK
6
CONTINUOUS
10
5.2602918897637796
20
-4.2229575196850391
11
5.2597659448818899
21
-4.2236665748031497
0
LINE
8
BLACK
6
CONTINUOUS
10
5.2597659448818899
20
-4.2236665748031497
11
5.2597387795275585
21
-4.2237249212598424
0
LINE
8
BLACK
6
CONTINUOUS
10
5.2597387795275585
20
-4.2237249212598424
11
5.2578640551181097
21
-4.22559968503937
0
LINE
8
BLACK
6
CONTINUOUS
10
5.2578640551181097
20
-4.22559968503937
11
5.2571408661417323
21
-4.2261060629921259
0
LINE
8
BLACK
6
CONTINUOUS
10
5.2571408661417323
20
-4.2261060629921259
11
5.2570966141732285
21
-4.2261528346456689
0
LINE
8
BLACK
6
CONTINUOUS
10
5.2570966141732285
20
-4.2261528346456689
11
5.2533470866141734
21
-4.2280275984251965
0
LINE
8
BLACK
6
CONTINUOUS
10
5.2533470866141734
20
-4.2280275984251965
11
5.2523641338582676
21
-4.2283199606299213
0
LINE
8
BLACK
6
CONTINUOUS
10
5.2523641338582676
20
-4.2283199606299213
11
5.2521924409448815
21
-4.2282789370078735
0
LINE
8
BLACK
6
CONTINUOUS
10
5.2521924409448815
20
-4.2282789370078735
11
5.2520265748031498
21
-4.2283393307086614
0
LINE
8
BLACK
6
CONTINUOUS
10
5.2520265748031498
20
-4.2283393307086614
11
5.2445275196850396
21
-4.2283393307086614
0
LINE
8
BLACK
6
CONTINUOUS
10
5.2445275196850396
20
-4.2283393307086614
11
5.2435175984251972
21
-4.22816125984252
0
LINE
8
BLACK
6
CONTINUOUS
10
5.2435175984251972
20
-4.22816125984252
11
5.2433823228346457
21
-4.2280477559055116
0
LINE
8
BLACK
6
CONTINUOUS
10
5.2433823228346457
20
-4.2280477559055116
11
5.2432070078740161
21
-4.2280275984251965
0
LINE
8
BLACK
6
CONTINUOUS
10
5.2432070078740161
20
-4.2280275984251965
11
5.2394574803149609
21
-4.2261528346456689
0
LINE
8
BLACK
6
CONTINUOUS
10
5.2394574803149609
20
-4.2261528346456689
11
5.2387483464566929
21
-4.2256268503937005
0
LINE
8
BLACK
6
CONTINUOUS
10
5.2387483464566929
20
-4.2256268503937005
11
5.2386900393700788
21
-4.22559968503937
0
LINE
8
BLACK
6
CONTINUOUS
10
5.2386900393700788
20
-4.22559968503937
11
5.2368152755905513
21
-4.2237248818897637
0
LINE
8
BLACK
6
CONTINUOUS
10
5.2368152755905513
20
-4.2237248818897637
11
5.2363089763779529
21
-4.2230018110236216
0
LINE
8
BLACK
6
CONTINUOUS
10
5.2363089763779529
20
-4.2230018110236216
11
5.236262204724409
21
-4.2229575196850391
0
LINE
8
BLACK
6
CONTINUOUS
10
5.236262204724409
20
-4.2229575196850391
11
5.2343874409448814
21
-4.219207992125984
0
LINE
8
BLACK
6
CONTINUOUS
10
5.2343874409448814
20
-4.219207992125984
11
5.2340950787401574
21
-4.2182250393700791
0
LINE
8
BLACK
6
CONTINUOUS
10
5.2340950787401574
20
-4.2182250393700791
11
5.2341360629921256
21
-4.2180533464566929
0
LINE
8
BLACK
6
CONTINUOUS
10
5.2341360629921256
20
-4.2180533464566929
11
5.2340757086614174
21
-4.2178874803149604
0
LINE
8
BLACK
6
CONTINUOUS
10
5.2340757086614174
20
-4.2178874803149604
11
5.2340757086614174
21
-4.2085136614173226
0
LINE
8
BLACK
6
CONTINUOUS
10
5.2340757086614174
20
-4.2085136614173226
11
5.2342537795275588
21
-4.2075037401574802
0
LINE
8
BLACK
6
CONTINUOUS
10
5.2342537795275588
20
-4.2075037401574802
11
5.2343672440944884
21
-4.2073684645669287
0
LINE
8
BLACK
6
CONTINUOUS
10
5.2343672440944884
20
-4.2073684645669287
11
5.2343874409448814
21
-4.2071931496062991
0
LINE
8
BLACK
6
CONTINUOUS
10
5.2343874409448814
20
-4.2071931496062991
11
5.236262204724409
21
-4.203443622047244
0
LINE
8
BLACK
6
CONTINUOUS
10
5.236262204724409
20
-4.203443622047244
11
5.2367881102362199
21
-4.2027345275590546
0
LINE
8
BLACK
6
CONTINUOUS
10
5.2367881102362199
20
-4.2027345275590546
11
5.23681531496063
21
-4.2026762204724406
0
LINE
8
BLACK
6
CONTINUOUS
10
5.23681531496063
20
-4.2026762204724406
11
5.2386900787401576
21
-4.200801456692913
0
LINE
8
BLACK
6
CONTINUOUS
10
5.2386900787401576
20
-4.200801456692913
11
5.2394131496062988
21
-4.2002951574803147
0
LINE
8
BLACK
6
CONTINUOUS
10
5.2394131496062988
20
-4.2002951574803147
11
5.2394574803149609
21
-4.2002483464566929
0
LINE
8
BLACK
6
CONTINUOUS
10
5.2394574803149609
20
-4.2002483464566929
11
5.2432070078740161
21
-4.1983735826771653
0
LINE
8
BLACK
6
CONTINUOUS
10
5.2432070078740161
20
-4.1983735826771653
11
5.2441899212598422
21
-4.1980812204724405
0
LINE
8
BLACK
6
CONTINUOUS
10
5.2441899212598422
20
-4.1980812204724405
11
5.2443616141732283
21
-4.1981222047244096
0
LINE
8
BLACK
6
CONTINUOUS
10
5.2443616141732283
20
-4.1981222047244096
11
5.2445275196850396
21
-4.1980618503937004
0
LINE
8
BLACK
6
CONTINUOUS
10
5.2445275196850396
20
-4.1980618503937004
11
5.2520265748031498
21
-4.1980618503937004
0
LINE
8
BLACK
6
CONTINUOUS
10
5.2520265748031498
20
-4.1980618503937004
11
5.2530364960629923
21
-4.1982399212598427
0
LINE
8
BLACK
6
CONTINUOUS
10
5.2530364960629923
20
-4.1982399212598427
11
5.2531717322834641
21
-4.1983533858267714
0
LINE
8
BLACK
6
CONTINUOUS
10
5.2531717322834641
20
-4.1983533858267714
11
5.2533470866141734
21
-4.1983735826771653
0
LINE
8
BLACK
6
CONTINUOUS
10
5.2533470866141734
20
-4.1983735826771653
11
5.2556396062992121
21
-4.1995198425196847
0
LINE
8
BLACK
6
CONTINUOUS
10
5.2556396062992121
20
-4.1995198425196847
11
5.2549103149606298
21
-4.1966026771653544
0
LINE
8
BLACK
6
CONTINUOUS
10
5.2549103149606298
20
-4.1966026771653544
11
5.2516066141732285
21
-4.191647125984252
0
LINE
8
BLACK
6
CONTINUOUS
10
5.2516066141732285
20
-4.191647125984252
11
5.2502774803149608
21
-4.1903179921259843
0
LINE
8
BLACK
6
CONTINUOUS
10
5.2502774803149608
20
-4.1903179921259843
11
5.2475800000000001
21
-4.188969251968504
0
LINE
8
BLACK
6
CONTINUOUS
10
5.2475800000000001
20
-4.188969251968504
11
5.2407779921259845
21
-4.188969251968504
0
LINE
8
BLACK
6
CONTINUOUS
10
5.2407779921259845
20
-4.188969251968504
11
5.239768070866142
21
-4.1887911811023617
0
LINE
8
BLACK
6
CONTINUOUS
10
5.239768070866142
20
-4.1887911811023617
11
5.238220826771653
21
-4.1874928740157475
0
LINE
8
BLACK
6
CONTINUOUS
10
5.238220826771653
20
-4.1874928740157475
11
5.2378700787401575
21
-4.1855037401574799
0
LINE
8
BLACK
6
CONTINUOUS
10
5.2378700787401575
20
-4.1855037401574799
11
5.23888
21
-4.1837545669291334
0
LINE
8
BLACK
6
CONTINUOUS
10
5.23888
20
-4.1837545669291334
11
5.2407779921259845
21
-4.1830637401574799
0
LINE
8
BLACK
6
CONTINUOUS
10
5.2407779921259845
20
-4.1830637401574799
11
5.2482770472440947
21
-4.1830637401574799
0
LINE
8
BLACK
6
CONTINUOUS
10
5.2482770472440947
20
-4.1830637401574799
11
5.2492869685039372
21
-4.1832418110236222
0
LINE
8
BLACK
6
CONTINUOUS
10
5.2425270866141735
20
-4.2053161023622048
11
5.2413299606299208
21
-4.2065132283464566
0
LINE
8
BLACK
6
CONTINUOUS
10
5.2413299606299208
20
-4.2065132283464566
11
5.2399812204724405
21
-4.2092107086614172
0
LINE
8
BLACK
6
CONTINUOUS
10
5.2399812204724405
20
-4.2092107086614172
11
5.2399812204724405
21
-4.2171904330708658
0
LINE
8
BLACK
6
CONTINUOUS
10
5.2399812204724405
20
-4.2171904330708658
11
5.2413299606299208
21
-4.2198879133858265
0
LINE
8
BLACK
6
CONTINUOUS
10
5.2413299606299208
20
-4.2198879133858265
11
5.2425270866141735
21
-4.221085078740157
0
LINE
8
BLACK
6
CONTINUOUS
10
5.2425270866141735
20
-4.221085078740157
11
5.2452245669291333
21
-4.2224338188976374
0
LINE
8
BLACK
6
CONTINUOUS
10
5.2452245669291333
20
-4.2224338188976374
11
5.2513295275590552
21
-4.2224338188976374
0
LINE
8
BLACK
6
CONTINUOUS
10
5.2513295275590552
20
-4.2224338188976374
11
5.2540269685039371
21
-4.221085078740157
0
LINE
8
BLACK
6
CONTINUOUS
10
5.2540269685039371
20
-4.221085078740157
11
5.2552240944881889
21
-4.2198879133858265
0
LINE
8
BLACK
6
CONTINUOUS
10
5.2552240944881889
20
-4.2198879133858265
11
5.256572874015748
21
-4.2171904330708658
0
LINE
8
BLACK
6
CONTINUOUS
10
5.256572874015748
20
-4.2171904330708658
11
5.256572874015748
21
-4.2092107086614172
0
LINE
8
BLACK
6
CONTINUOUS
10
5.256572874015748
20
-4.2092107086614172
11
5.2552241338582677
21
-4.2065132283464566
0
LINE
8
BLACK
6
CONTINUOUS
10
5.2552241338582677
20
-4.2065132283464566
11
5.2540270078740159
21
-4.2053161023622048
0
LINE
8
BLACK
6
CONTINUOUS
10
5.2540270078740159
20
-4.2053161023622048
11
5.2513295275590552
21
-4.2039673622047244
0
LINE
8
BLACK
6
CONTINUOUS
10
5.2513295275590552
20
-4.2039673622047244
11
5.2452245669291333
21
-4.2039673622047244
0
LINE
8
BLACK
6
CONTINUOUS
10
5.2452245669291333
20
-4.2039673622047244
11
5.2425270866141735
21
-4.2053161023622048
0
LINE
8
BLACK
6
CONTINUOUS
10
5.2905318110236221
20
-4.1832418110236222
11
5.290667047244094
21
-4.183355275590551
0
LINE
8
BLACK
6
CONTINUOUS
10
5.290667047244094
20
-4.183355275590551
11
5.2908424015748032
21
-4.1833754724409449
0
LINE
8
BLACK
6
CONTINUOUS
10
5.2908424015748032
20
-4.1833754724409449
11
5.2945919291338583
21
-4.1852502362204724
0
LINE
8
BLACK
6
CONTINUOUS
10
5.2945919291338583
20
-4.1852502362204724
11
5.295300984251968
21
-4.1857761417322834
0
LINE
8
BLACK
6
CONTINUOUS
10
5.295300984251968
20
-4.1857761417322834
11
5.2953593307086617
21
-4.1858033464566926
0
LINE
8
BLACK
6
CONTINUOUS
10
5.2953593307086617
20
-4.1858033464566926
11
5.2972340944881893
21
-4.1876781102362202
0
LINE
8
BLACK
6
CONTINUOUS
10
5.2972340944881893
20
-4.1876781102362202
11
5.2977403543307089
21
-4.1884011811023623
0
LINE
8
BLACK
6
CONTINUOUS
10
5.2977403543307089
20
-4.1884011811023623
11
5.2977872047244094
21
-4.1884455118110235
0
LINE
8
BLACK
6
CONTINUOUS
10
5.2977872047244094
20
-4.1884455118110235
11
5.299661968503937
21
-4.1921950393700786
0
LINE
8
BLACK
6
CONTINUOUS
10
5.299661968503937
20
-4.1921950393700786
11
5.299954330708661
21
-4.1931779527559057
0
LINE
8
BLACK
6
CONTINUOUS
10
5.299954330708661
20
-4.1931779527559057
11
5.299913307086614
21
-4.1933496456692909
0
LINE
8
BLACK
6
CONTINUOUS
10
5.299913307086614
20
-4.1933496456692909
11
5.299973700787401
21
-4.1935155511811022
0
LINE
8
BLACK
6
CONTINUOUS
10
5.299973700787401
20
-4.1935155511811022
11
5.299973700787401
21
-4.20288937007874
0
LINE
8
BLACK
6
CONTINUOUS
10
5.299973700787401
20
-4.20288937007874
11
5.2997956299212596
21
-4.2038992913385824
0
LINE
8
BLACK
6
CONTINUOUS
10
5.2997956299212596
20
-4.2038992913385824
11
5.2996821259842521
21
-4.2040345275590552
0
LINE
8
BLACK
6
CONTINUOUS
10
5.2996821259842521
20
-4.2040345275590552
11
5.299661968503937
21
-4.2042098818897635
0
LINE
8
BLACK
6
CONTINUOUS
10
5.299661968503937
20
-4.2042098818897635
11
5.2977872047244094
21
-4.2079594094488186
0
LINE
8
BLACK
6
CONTINUOUS
10
5.2977872047244094
20
-4.2079594094488186
11
5.2972612992125985
21
-4.2086684645669292
0
LINE
8
BLACK
6
CONTINUOUS
10
5.2972612992125985
20
-4.2086684645669292
11
5.2972340944881893
21
-4.208726811023622
0
LINE
8
BLACK
6
CONTINUOUS
10
5.2972340944881893
20
-4.208726811023622
11
5.2953593307086617
21
-4.2106015748031496
0
LINE
8
BLACK
6
CONTINUOUS
10
5.2953593307086617
20
-4.2106015748031496
11
5.2946362204724409
21
-4.2111078346456692
0
LINE
8
BLACK
6
CONTINUOUS
10
5.2946362204724409
20
-4.2111078346456692
11
5.2945919291338583
21
-4.2111546850393697
0
LINE
8
BLACK
6
CONTINUOUS
10
5.2945919291338583
20
-4.2111546850393697
11
5.2908424015748032
21
-4.2130294488188973
0
LINE
8
BLACK
6
CONTINUOUS
10
5.2908424015748032
20
-4.2130294488188973
11
5.2898594488188975
21
-4.2133218110236221
0
LINE
8
BLACK
6
CONTINUOUS
10
5.2898594488188975
20
-4.2133218110236221
11
5.2896877559055113
21
-4.2132807874015743
0
LINE
8
BLACK
6
CONTINUOUS
10
5.2896877559055113
20
-4.2132807874015743
11
5.2895218897637797
21
-4.2133411811023622
0
LINE
8
BLACK
6
CONTINUOUS
10
5.2895218897637797
20
-4.2133411811023622
11
5.2820228346456695
21
-4.2133411811023622
0
LINE
8
BLACK
6
CONTINUOUS
10
5.2820228346456695
20
-4.2133411811023622
11
5.281012913385827
21
-4.2131631102362208
0
LINE
8
BLACK
6
CONTINUOUS
10
5.281012913385827
20
-4.2131631102362208
11
5.2808776377952755
21
-4.2130496062992124
0
LINE
8
BLACK
6
CONTINUOUS
10
5.2808776377952755
20
-4.2130496062992124
11
5.2807023228346459
21
-4.2130294488188973
0
LINE
8
BLACK
6
CONTINUOUS
10
5.2807023228346459
20
-4.2130294488188973
11
5.2784098031496063
21
-4.2118831889763779
0
LINE
8
BLACK
6
CONTINUOUS
10
5.2784098031496063
20
-4.2118831889763779
11
5.2791390944881886
21
-4.2148003543307082
0
LINE
8
BLACK
6
CONTINUOUS
10
5.2791390944881886
20
-4.2148003543307082
11
5.2824427165354333
21
-4.2197558267716531
0
LINE
8
BLACK
6
CONTINUOUS
10
5.2824427165354333
20
-4.2197558267716531
11
5.2837719291338585
21
-4.221085078740157
0
LINE
8
BLACK
6
CONTINUOUS
10
5.2837719291338585
20
-4.221085078740157
11
5.2864694094488192
21
-4.2224338188976374
0
LINE
8
BLACK
6
CONTINUOUS
10
5.2864694094488192
20
-4.2224338188976374
11
5.2932714173228348
21
-4.2224338188976374
0
LINE
8
BLACK
6
CONTINUOUS
10
5.2932714173228348
20
-4.2224338188976374
11
5.2942813385826772
21
-4.2226118897637797
0
LINE
8
BLACK
6
CONTINUOUS
10
5.2942813385826772
20
-4.2226118897637797
11
5.2958285826771654
21
-4.2239101968503938
0
LINE
8
BLACK
6
CONTINUOUS
10
5.2958285826771654
20
-4.2239101968503938
11
5.2961793307086609
21
-4.2258993307086614
0
LINE
8
BLACK
6
CONTINUOUS
10
5.2961793307086609
20
-4.2258993307086614
11
5.2951694094488184
21
-4.227648503937008
0
LINE
8
BLACK
6
CONTINUOUS
10
5.2951694094488184
20
-4.227648503937008
11
5.2932714173228348
21
-4.2283393307086614
0
LINE
8
BLACK
6
CONTINUOUS
10
5.2932714173228348
20
-4.2283393307086614
11
5.2857723622047246
21
-4.2283393307086614
0
LINE
8
BLACK
6
CONTINUOUS
10
5.2857723622047246
20
-4.2283393307086614
11
5.2847624409448821
21
-4.22816125984252
0
LINE
8
BLACK
6
CONTINUOUS
10
5.2847624409448821
20
-4.22816125984252
11
5.2846271653543306
21
-4.2280477559055116
0
LINE
8
BLACK
6
CONTINUOUS
10
5.2846271653543306
20
-4.2280477559055116
11
5.284451850393701
21
-4.2280275984251965
0
LINE
8
BLACK
6
CONTINUOUS
10
5.284451850393701
20
-4.2280275984251965
11
5.2807023228346459
21
-4.2261528346456689
0
LINE
8
BLACK
6
CONTINUOUS
10
5.2807023228346459
20
-4.2261528346456689
11
5.2799931889763778
21
-4.2256268503937005
0
LINE
8
BLACK
6
CONTINUOUS
10
5.2799931889763778
20
-4.2256268503937005
11
5.2799348818897638
21
-4.22559968503937
0
LINE
8
BLACK
6
CONTINUOUS
10
5.2799348818897638
20
-4.22559968503937
11
5.2780601181102362
21
-4.2237248818897637
0
LINE
8
BLACK
6
CONTINUOUS
10
5.2780601181102362
20
-4.2237248818897637
11
5.277802086614173
21
-4.2233563779527561
0
LINE
8
BLACK
6
CONTINUOUS
10
5.277802086614173
20
-4.2233563779527561
11
5.2776912204724411
21
-4.2232749212598426
0
LINE
8
BLACK
6
CONTINUOUS
10
5.2776912204724411
20
-4.2232749212598426
11
5.273941692913386
21
-4.2176506299212599
0
LINE
8
BLACK
6
CONTINUOUS
10
5.273941692913386
20
-4.2176506299212599
11
5.2735433464566928
21
-4.216742834645669
0
LINE
8
BLACK
6
CONTINUOUS
10
5.2735433464566928
20
-4.216742834645669
11
5.2735339370078735
21
-4.2167288582677163
0
LINE
8
BLACK
6
CONTINUOUS
10
5.2735339370078735
20
-4.2167288582677163
11
5.271659173228346
21
-4.209229803149606
0
LINE
8
BLACK
6
CONTINUOUS
10
5.271659173228346
20
-4.209229803149606
11
5.271617677165354
21
-4.2086418897637792
0
LINE
8
BLACK
6
CONTINUOUS
10
5.271617677165354
20
-4.2086418897637792
11
5.2715710236220472
21
-4.2085136614173226
0
LINE
8
BLACK
6
CONTINUOUS
10
5.2715710236220472
20
-4.2085136614173226
11
5.2715710236220472
21
-4.1935155511811022
0
LINE
8
BLACK
6
CONTINUOUS
10
5.2715710236220472
20
-4.1935155511811022
11
5.2717490944881886
21
-4.1925056299212597
0
LINE
8
BLACK
6
CONTINUOUS
10
5.2717490944881886
20
-4.1925056299212597
11
5.2718625590551182
21
-4.1923703543307083
0
LINE
8
BLACK
6
CONTINUOUS
10
5.2718625590551182
20
-4.1923703543307083
11
5.2718827559055113
21
-4.1921950393700786
0
LINE
8
BLACK
6
CONTINUOUS
10
5.2718827559055113
20
-4.1921950393700786
11
5.2737575196850388
21
-4.1884455118110235
0
LINE
8
BLACK
6
CONTINUOUS
10
5.2737575196850388
20
-4.1884455118110235
11
5.2742834251968507
21
-4.1877364173228342
0
LINE
8
BLACK
6
CONTINUOUS
10
5.2742834251968507
20
-4.1877364173228342
11
5.2743106299212599
21
-4.1876781102362202
0
LINE
8
BLACK
6
CONTINUOUS
10
5.2743106299212599
20
-4.1876781102362202
11
5.2761853937007874
21
-4.1858033464566926
0
LINE
8
BLACK
6
CONTINUOUS
10
5.2761853937007874
20
-4.1858033464566926
11
5.2769084645669286
21
-4.1852970472440942
0
LINE
8
BLACK
6
CONTINUOUS
10
5.2769084645669286
20
-4.1852970472440942
11
5.2769527952755908
21
-4.1852502362204724
0
LINE
8
BLACK
6
CONTINUOUS
10
5.2769527952755908
20
-4.1852502362204724
11
5.2807023228346459
21
-4.1833754724409449
0
LINE
8
BLACK
6
CONTINUOUS
10
5.2807023228346459
20
-4.1833754724409449
11
5.281685236220472
21
-4.18308311023622
0
LINE
8
BLACK
6
CONTINUOUS
10
5.281685236220472
20
-4.18308311023622
11
5.2818569291338582
21
-4.1831240944881891
0
LINE
8
BLACK
6
CONTINUOUS
10
5.2818569291338582
20
-4.1831240944881891
11
5.2820228346456695
21
-4.1830637401574799
0
LINE
8
BLACK
6
CONTINUOUS
10
5.2820228346456695
20
-4.1830637401574799
11
5.2895218897637797
21
-4.1830637401574799
0
LINE
8
BLACK
6
CONTINUOUS
10
5.2895218897637797
20
-4.1830637401574799
11
5.2905318110236221
21
-4.1832418110236222
0
LINE
8
BLACK
6
CONTINUOUS
10
5.2800224015748034
20
-4.1903179921259843
11
5.2788252755905507
21
-4.1915151181102361
0
LINE
8
BLACK
6
CONTINUOUS
10
5.2788252755905507
20
-4.1915151181102361
11
5.2774765354330704
21
-4.1942125984251968
0
LINE
8
BLACK
6
CONTINUOUS
10
5.2774765354330704
20
-4.1942125984251968
11
5.2774765354330704
21
-4.2021923228346454
0
LINE
8
BLACK
6
CONTINUOUS
10
5.2774765354330704
20
-4.2021923228346454
11
5.2788252755905507
21
-4.204889803149606
0
LINE
8
BLACK
6
CONTINUOUS
10
5.2788252755905507
20
-4.204889803149606
11
5.2800224015748034
21
-4.2060869291338578
0
LINE
8
BLACK
6
CONTINUOUS
10
5.2800224015748034
20
-4.2060869291338578
11
5.282719881889764
21
-4.2074356692913382
0
LINE
8
BLACK
6
CONTINUOUS
10
5.282719881889764
20
-4.2074356692913382
11
5.2888248425196851
21
-4.2074356692913382
0
LINE
8
BLACK
6
CONTINUOUS
10
5.2888248425196851
20
-4.2074356692913382
11
5.2915223228346457
21
-4.2060869291338578
0
LINE
8
BLACK
6
CONTINUOUS
10
5.2915223228346457
20
-4.2060869291338578
11
5.2927194488188976
21
-4.204889803149606
0
LINE
8
BLACK
6
CONTINUOUS
10
5.2927194488188976
20
-4.204889803149606
11
5.2940681889763779
21
-4.2021923228346454
0
LINE
8
BLACK
6
CONTINUOUS
10
5.2940681889763779
20
-4.2021923228346454
11
5.2940681889763779
21
-4.1942125984251968
0
LINE
8
BLACK
6
CONTINUOUS
10
5.2940681889763779
20
-4.1942125984251968
11
5.2927194488188976
21
-4.1915151181102361
0
LINE
8
BLACK
6
CONTINUOUS
10
5.2927194488188976
20
-4.1915151181102361
11
5.2915223228346457
21
-4.1903179921259843
0
LINE
8
BLACK
6
CONTINUOUS
10
5.2915223228346457
20
-4.1903179921259843
11
5.2888248425196851
21
-4.188969251968504
0
LINE
8
BLACK
6
CONTINUOUS
10
5.2888248425196851
20
-4.188969251968504
11
5.282719881889764
21
-4.188969251968504
0
LINE
8
BLACK
6
CONTINUOUS
10
5.282719881889764
20
-4.188969251968504
11
5.2800224015748034
21
-4.1903179921259843
0
LINE
8
BLACK
6
CONTINUOUS
10
5.3578828346456691
20
-4.1832170078740161
11
5.3579472047244092
21
-4.183215275590551
0
LINE
8
BLACK
6
CONTINUOUS
10
5.3579472047244092
20
-4.183215275590551
11
5.3635714960629919
21
-4.1850900393700785
0
LINE
8
BLACK
6
CONTINUOUS
10
5.3635714960629919
20
-4.1850900393700785
11
5.3644732677165354
21
-4.1855783070866144
0
LINE
8
BLACK
6
CONTINUOUS
10
5.3644732677165354
20
-4.1855783070866144
11
5.3645656692913386
21
-4.1857287401574803
0
LINE
8
BLACK
6
CONTINUOUS
10
5.3645656692913386
20
-4.1857287401574803
11
5.3647256692913388
21
-4.1858033464566926
0
LINE
8
BLACK
6
CONTINUOUS
10
5.3647256692913388
20
-4.1858033464566926
11
5.3684751968503939
21
-4.1895528740157477
0
LINE
8
BLACK
6
CONTINUOUS
10
5.3684751968503939
20
-4.1895528740157477
11
5.3689815748031497
21
-4.1902760236220473
0
LINE
8
BLACK
6
CONTINUOUS
10
5.3689815748031497
20
-4.1902760236220473
11
5.369028307086614
21
-4.1903202755905511
0
LINE
8
BLACK
6
CONTINUOUS
10
5.369028307086614
20
-4.1903202755905511
11
5.3709030708661416
21
-4.1940698031496062
0
LINE
8
BLACK
6
CONTINUOUS
10
5.3709030708661416
20
-4.1940698031496062
11
5.3710483464566927
21
-4.1945582283464562
0
LINE
8
BLACK
6
CONTINUOUS
10
5.3710483464566927
20
-4.1945582283464562
11
5.3711266535433069
21
-4.1946741732283463
0
LINE
8
BLACK
6
CONTINUOUS
10
5.3711266535433069
20
-4.1946741732283463
11
5.3730014173228344
21
-4.2021732283464566
0
LINE
8
BLACK
6
CONTINUOUS
10
5.3730014173228344
20
-4.2021732283464566
11
5.3730428740157476
21
-4.2027611023622047
0
LINE
8
BLACK
6
CONTINUOUS
10
5.3730428740157476
20
-4.2027611023622047
11
5.3730895669291341
21
-4.20288937007874
0
LINE
8
BLACK
6
CONTINUOUS
10
5.3730895669291341
20
-4.20288937007874
11
5.3730895669291341
21
-4.2085136614173226
0
LINE
8
BLACK
6
CONTINUOUS
10
5.3730895669291341
20
-4.2085136614173226
11
5.3729872047244092
21
-4.2090940157480317
0
LINE
8
BLACK
6
CONTINUOUS
10
5.3729872047244092
20
-4.2090940157480317
11
5.3730014173228344
21
-4.209229803149606
0
LINE
8
BLACK
6
CONTINUOUS
10
5.3730014173228344
20
-4.209229803149606
11
5.3711266535433069
21
-4.2167288582677163
0
LINE
8
BLACK
6
CONTINUOUS
10
5.3711266535433069
20
-4.2167288582677163
11
5.3709190551181099
21
-4.2171942913385827
0
LINE
8
BLACK
6
CONTINUOUS
10
5.3709190551181099
20
-4.2171942913385827
11
5.3709030708661416
21
-4.2173332283464564
0
LINE
8
BLACK
6
CONTINUOUS
10
5.3709030708661416
20
-4.2173332283464564
11
5.369028307086614
21
-4.2210827559055115
0
LINE
8
BLACK
6
CONTINUOUS
10
5.369028307086614
20
-4.2210827559055115
11
5.3685024409448818
21
-4.2217917322834646
0
LINE
8
BLACK
6
CONTINUOUS
10
5.3685024409448818
20
-4.2217917322834646
11
5.3684752362204726
21
-4.2218501181102361
0
LINE
8
BLACK
6
CONTINUOUS
10
5.3684752362204726
20
-4.2218501181102361
11
5.3647256692913388
21
-4.2255997244094488
0
LINE
8
BLACK
6
CONTINUOUS
10
5.3647256692913388
20
-4.2255997244094488
11
5.3638856299212598
21
-4.2261879133858269
0
LINE
8
BLACK
6
CONTINUOUS
10
5.3638856299212598
20
-4.2261879133858269
11
5.3637097637795277
21
-4.2262032677165351
0
LINE
8
BLACK
6
CONTINUOUS
10
5.3637097637795277
20
-4.2262032677165351
11
5.3635714960629919
21
-4.2263130314960629
0
LINE
8
BLACK
6
CONTINUOUS
10
5.3635714960629919
20
-4.2263130314960629
11
5.3579472047244092
21
-4.2281877952755904
0
LINE
8
BLACK
6
CONTINUOUS
10
5.3579472047244092
20
-4.2281877952755904
11
5.3570740157480312
21
-4.2283172440944883
0
LINE
8
BLACK
6
CONTINUOUS
10
5.3570740157480312
20
-4.2283172440944883
11
5.3570134645669292
21
-4.2283393307086614
0
LINE
8
BLACK
6
CONTINUOUS
10
5.3570134645669292
20
-4.2283393307086614
11
5.3532639370078741
21
-4.2283393307086614
0
LINE
8
BLACK
6
CONTINUOUS
10
5.3532639370078741
20
-4.2283393307086614
11
5.3523945275590554
21
-4.2281860236220474
0
LINE
8
BLACK
6
CONTINUOUS
10
5.3523945275590554
20
-4.2281860236220474
11
5.3523301574803153
21
-4.2281877952755904
0
LINE
8
BLACK
6
CONTINUOUS
10
5.3523301574803153
20
-4.2281877952755904
11
5.3467059055118105
21
-4.2263130314960629
0
LINE
8
BLACK
6
CONTINUOUS
10
5.3467059055118105
20
-4.2263130314960629
11
5.3458041338582678
21
-4.2258247244094491
0
LINE
8
BLACK
6
CONTINUOUS
10
5.3458041338582678
20
-4.2258247244094491
11
5.3457116929133859
21
-4.2256742913385823
0
LINE
8
BLACK
6
CONTINUOUS
10
5.3457116929133859
20
-4.2256742913385823
11
5.3455516929133857
21
-4.22559968503937
0
LINE
8
BLACK
6
CONTINUOUS
10
5.3455516929133857
20
-4.22559968503937
11
5.3436769291338582
21
-4.2237248818897637
0
LINE
8
BLACK
6
CONTINUOUS
10
5.3436769291338582
20
-4.2237248818897637
11
5.34308874015748
21
-4.2228848425196848
0
LINE
8
BLACK
6
CONTINUOUS
10
5.34308874015748
20
-4.2228848425196848
11
5.3429127559055116
21
-4.2208727559055115
0
LINE
8
BLACK
6
CONTINUOUS
10
5.3429127559055116
20
-4.2208727559055115
11
5.3440712598425195
21
-4.219218228346457
0
LINE
8
BLACK
6
CONTINUOUS
10
5.3440712598425195
20
-4.219218228346457
11
5.3460222440944882
21
-4.2186955118110232
0
LINE
8
BLACK
6
CONTINUOUS
10
5.3460222440944882
20
-4.2186955118110232
11
5.3478528346456695
21
-4.2195491338582674
0
LINE
8
BLACK
6
CONTINUOUS
10
5.3478528346456695
20
-4.2195491338582674
11
5.3492346850393702
21
-4.2209310236220468
0
LINE
8
BLACK
6
CONTINUOUS
10
5.3492346850393702
20
-4.2209310236220468
11
5.353743070866142
21
-4.2224338188976374
0
LINE
8
BLACK
6
CONTINUOUS
10
5.353743070866142
20
-4.2224338188976374
11
5.3565343307086613
21
-4.2224338188976374
0
LINE
8
BLACK
6
CONTINUOUS
10
5.3565343307086613
20
-4.2224338188976374
11
5.3610427165354331
21
-4.220930984251968
0
LINE
8
BLACK
6
CONTINUOUS
10
5.3610427165354331
20
-4.220930984251968
11
5.3639605118110234
21
-4.2180131496062989
0
LINE
8
BLACK
6
CONTINUOUS
10
5.3639605118110234
20
-4.2180131496062989
11
5.3654760236220476
21
-4.2149821653543302
0
LINE
8
BLACK
6
CONTINUOUS
10
5.3654760236220476
20
-4.2149821653543302
11
5.36718405511811
21
-4.2081501181102361
0
LINE
8
BLACK
6
CONTINUOUS
10
5.36718405511811
20
-4.2081501181102361
11
5.36718405511811
21
-4.2032529133858265
0
LINE
8
BLACK
6
CONTINUOUS
10
5.36718405511811
20
-4.2032529133858265
11
5.3654760236220476
21
-4.1964208661417324
0
LINE
8
BLACK
6
CONTINUOUS
10
5.3654760236220476
20
-4.1964208661417324
11
5.3639605511811022
21
-4.1933898818897637
0
LINE
8
BLACK
6
CONTINUOUS
10
5.3639605511811022
20
-4.1933898818897637
11
5.3610427165354331
21
-4.1904720472440946
0
LINE
8
BLACK
6
CONTINUOUS
10
5.3610427165354331
20
-4.1904720472440946
11
5.3565343307086613
21
-4.188969251968504
0
LINE
8
BLACK
6
CONTINUOUS
10
5.3565343307086613
20
-4.188969251968504
11
5.353743070866142
21
-4.188969251968504
0
LINE
8
BLACK
6
CONTINUOUS
10
5.353743070866142
20
-4.188969251968504
11
5.3492346850393702
21
-4.1904720472440946
0
LINE
8
BLACK
6
CONTINUOUS
10
5.3492346850393702
20
-4.1904720472440946
11
5.3478527952755908
21
-4.191853937007874
0
LINE
8
BLACK
6
CONTINUOUS
10
5.3478527952755908
20
-4.191853937007874
11
5.3470127559055118
21
-4.1924421259842521
0
LINE
8
BLACK
6
CONTINUOUS
10
5.3470127559055118
20
-4.1924421259842521
11
5.3450006692913385
21
-4.1926181889763781
0
LINE
8
BLACK
6
CONTINUOUS
10
5.3450006692913385
20
-4.1926181889763781
11
5.3433461023622044
21
-4.1914596456692914
0
LINE
8
BLACK
6
CONTINUOUS
10
5.3433461023622044
20
-4.1914596456692914
11
5.3428233858267715
21
-4.1895087007874015
0
LINE
8
BLACK
6
CONTINUOUS
10
5.3428233858267715
20
-4.1895087007874015
11
5.3436769685039369
21
-4.1876781102362202
0
LINE
8
BLACK
6
CONTINUOUS
10
5.3436769685039369
20
-4.1876781102362202
11
5.3455517322834645
21
-4.1858033464566926
0
LINE
8
BLACK
6
CONTINUOUS
10
5.3455517322834645
20
-4.1858033464566926
11
5.3463917716535434
21
-4.1852151574803145
0
LINE
8
BLACK
6
CONTINUOUS
10
5.3463917716535434
20
-4.1852151574803145
11
5.3465675984251968
21
-4.1851997637795275
0
LINE
8
BLACK
6
CONTINUOUS
10
5.3465675984251968
20
-4.1851997637795275
11
5.3467059055118105
21
-4.1850900393700785
0
LINE
8
BLACK
6
CONTINUOUS
10
5.3467059055118105
20
-4.1850900393700785
11
5.3523301574803153
21
-4.183215275590551
0
LINE
8
BLACK
6
CONTINUOUS
10
5.3523301574803153
20
-4.183215275590551
11
5.3532033858267711
21
-4.1830857480314956
0
LINE
8
BLACK
6
CONTINUOUS
10
5.3532033858267711
20
-4.1830857480314956
11
5.3532639370078741
21
-4.1830637401574799
0
LINE
8
BLACK
6
CONTINUOUS
10
5.3532639370078741
20
-4.1830637401574799
11
5.3570134645669292
21
-4.1830637401574799
0
LINE
8
BLACK
6
CONTINUOUS
10
5.3570134645669292
20
-4.1830637401574799
11
5.3578828346456691
21
-4.1832170078740161
0
LINE
8
BLACK
6
CONTINUOUS
10
5.1381478740157478
20
-4.1832829527559054
11
5.1390718503937007
21
-4.1834199606299212
0
LINE
8
BLACK
6
CONTINUOUS
10
5.1390718503937007
20
-4.1834199606299212
11
5.1391282677165355
21
-4.183483582677165
0
LINE
8
BLACK
6
CONTINUOUS
10
5.1391282677165355
20
-4.183483582677165
11
5.1392115354330707
21
-4.1835006299212596
0
LINE
8
BLACK
6
CONTINUOUS
10
5.1392115354330707
20
-4.1835006299212596
11
5.139792165354331
21
-4.1842322834645671
0
LINE
8
BLACK
6
CONTINUOUS
10
5.139792165354331
20
-4.1842322834645671
11
5.1404119291338581
21
-4.1849312204724409
0
LINE
8
BLACK
6
CONTINUOUS
10
5.1404119291338581
20
-4.1849312204724409
11
5.1404142125984249
21
-4.1850161417322838
0
LINE
8
BLACK
6
CONTINUOUS
10
5.1404142125984249
20
-4.1850161417322838
11
5.1404670866141728
21
-4.1850827559055119
0
LINE
8
BLACK
6
CONTINUOUS
10
5.1404670866141728
20
-4.1850827559055119
11
5.1535904330708657
21
-4.2244528346456693
0
LINE
8
BLACK
6
CONTINUOUS
10
5.1535904330708657
20
-4.2244528346456693
11
5.1537408661417325
21
-4.2254672047244091
0
LINE
8
BLACK
6
CONTINUOUS
10
5.1537408661417325
20
-4.2254672047244091
11
5.1529984645669291
21
-4.2273456299212597
0
LINE
8
BLACK
6
CONTINUOUS
10
5.1529984645669291
20
-4.2273456299212597
11
5.1512223228346459
21
-4.2283074015748028
0
LINE
8
BLACK
6
CONTINUOUS
10
5.1512223228346459
20
-4.2283074015748028
11
5.1492435433070867
21
-4.2279024409448818
0
LINE
8
BLACK
6
CONTINUOUS
10
5.1492435433070867
20
-4.2279024409448818
11
5.1479879921259846
21
-4.2263203149606294
0
LINE
8
BLACK
6
CONTINUOUS
10
5.1479879921259846
20
-4.2263203149606294
11
5.1449114566929133
21
-4.2170907086614173
0
LINE
8
BLACK
6
CONTINUOUS
10
5.1449114566929133
20
-4.2170907086614173
11
5.1304202755905512
21
-4.2170907086614173
0
LINE
8
BLACK
6
CONTINUOUS
10
5.1304202755905512
20
-4.2170907086614173
11
5.12734374015748
21
-4.2263203149606294
0
LINE
8
BLACK
6
CONTINUOUS
10
5.12734374015748
20
-4.2263203149606294
11
5.1268554330708662
21
-4.227222086614173
0
LINE
8
BLACK
6
CONTINUOUS
10
5.1268554330708662
20
-4.227222086614173
11
5.1251344881889764
21
-4.2282793700787398
0
LINE
8
BLACK
6
CONTINUOUS
10
5.1251344881889764
20
-4.2282793700787398
11
5.1231364960629922
21
-4.2279831102362202
0
LINE
8
BLACK
6
CONTINUOUS
10
5.1231364960629922
20
-4.2279831102362202
11
5.1217964566929135
21
-4.2264718897637792
0
LINE
8
BLACK
6
CONTINUOUS
10
5.1217964566929135
20
-4.2264718897637792
11
5.1217412992125979
21
-4.2244528346456693
0
LINE
8
BLACK
6
CONTINUOUS
10
5.1217412992125979
20
-4.2244528346456693
11
5.1348646456692908
21
-4.1850827559055119
0
LINE
8
BLACK
6
CONTINUOUS
10
5.1348646456692908
20
-4.1850827559055119
11
5.1353529133858267
21
-4.1841809842519684
0
LINE
8
BLACK
6
CONTINUOUS
10
5.1353529133858267
20
-4.1841809842519684
11
5.1354253543307085
21
-4.1841364566929133
0
LINE
8
BLACK
6
CONTINUOUS
10
5.1354253543307085
20
-4.1841364566929133
11
5.1354566141732283
21
-4.1840574409448816
0
LINE
8
BLACK
6
CONTINUOUS
10
5.1354566141732283
20
-4.1840574409448816
11
5.1362779133858263
21
-4.1836126771653541
0
LINE
8
BLACK
6
CONTINUOUS
10
5.1362779133858263
20
-4.1836126771653541
11
5.1370738976377952
21
-4.1831237007874016
0
LINE
8
BLACK
6
CONTINUOUS
10
5.1370738976377952
20
-4.1831237007874016
11
5.1371579527559055
21
-4.183136141732283
0
LINE
8
BLACK
6
CONTINUOUS
10
5.1371579527559055
20
-4.183136141732283
11
5.1372327559055115
21
-4.1830956692913386
0
LINE
8
BLACK
6
CONTINUOUS
10
5.1372327559055115
20
-4.1830956692913386
11
5.1381478740157478
21
-4.1832829527559054
0
LINE
8
BLACK
6
CONTINUOUS
10
5.1323887795275587
20
-4.2111851968503933
11
5.142942952755905
21
-4.2111851968503933
0
LINE
8
BLACK
6
CONTINUOUS
10
5.142942952755905
20
-4.2111851968503933
11
5.1376658661417318
21
-4.1953538976377951
0
LINE
8
BLACK
6
CONTINUOUS
10
5.1376658661417318
20
-4.1953538976377951
11
5.1323887795275587
21
-4.2111851968503933
0
LINE
8
BLACK
6
CONTINUOUS
10
5.321874921259842
20
-4.1832829527559054
11
5.3227988976377949
21
-4.1834199606299212
0
LINE
8
BLACK
6
CONTINUOUS
10
5.3227988976377949
20
-4.1834199606299212
11
5.3228553149606297
21
-4.183483582677165
0
LINE
8
BLACK
6
CONTINUOUS
10
5.3228553149606297
20
-4.183483582677165
11
5.3229385826771649
21
-4.1835006299212596
0
LINE
8
BLACK
6
CONTINUOUS
10
5.3229385826771649
20
-4.1835006299212596
11
5.3235192125984252
21
-4.1842322834645671
0
LINE
8
BLACK
6
CONTINUOUS
10
5.3235192125984252
20
-4.1842322834645671
11
5.3241389763779523
21
-4.1849312204724409
0
LINE
8
BLACK
6
CONTINUOUS
10
5.3241389763779523
20
-4.1849312204724409
11
5.32414125984252
21
-4.1850161417322838
0
LINE
8
BLACK
6
CONTINUOUS
10
5.32414125984252
20
-4.1850161417322838
11
5.3241941338582679
21
-4.1850827559055119
0
LINE
8
BLACK
6
CONTINUOUS
10
5.3241941338582679
20
-4.1850827559055119
11
5.3373174803149608
21
-4.2244528346456693
0
LINE
8
BLACK
6
CONTINUOUS
10
5.3373174803149608
20
-4.2244528346456693
11
5.3374679133858267
21
-4.2254672047244091
0
LINE
8
BLACK
6
CONTINUOUS
10
5.3374679133858267
20
-4.2254672047244091
11
5.3367255118110233
21
-4.2273456299212597
0
LINE
8
BLACK
6
CONTINUOUS
10
5.3367255118110233
20
-4.2273456299212597
11
5.33494937007874
21
-4.2283074015748028
0
LINE
8
BLACK
6
CONTINUOUS
10
5.33494937007874
20
-4.2283074015748028
11
5.3329705905511808
21
-4.2279024409448818
0
LINE
8
BLACK
6
CONTINUOUS
10
5.3329705905511808
20
-4.2279024409448818
11
5.3317150393700787
21
-4.2263203149606294
0
LINE
8
BLACK
6
CONTINUOUS
10
5.3317150393700787
20
-4.2263203149606294
11
5.3286385039370074
21
-4.2170907086614173
0
LINE
8
BLACK
6
CONTINUOUS
10
5.3286385039370074
20
-4.2170907086614173
11
5.3141473228346454
21
-4.2170907086614173
0
LINE
8
BLACK
6
CONTINUOUS
10
5.3141473228346454
20
-4.2170907086614173
11
5.311070787401575
21
-4.2263203149606294
0
LINE
8
BLACK
6
CONTINUOUS
10
5.311070787401575
20
-4.2263203149606294
11
5.3105824803149604
21
-4.227222086614173
0
LINE
8
BLACK
6
CONTINUOUS
10
5.3105824803149604
20
-4.227222086614173
11
5.3088615354330706
21
-4.2282793700787398
0
LINE
8
BLACK
6
CONTINUOUS
10
5.3088615354330706
20
-4.2282793700787398
11
5.3068635433070863
21
-4.2279831102362202
0
LINE
8
BLACK
6
CONTINUOUS
10
5.3068635433070863
20
-4.2279831102362202
11
5.3055235039370077
21
-4.2264718897637792
0
LINE
8
BLACK
6
CONTINUOUS
10
5.3055235039370077
20
-4.2264718897637792
11
5.305468346456693
21
-4.2244528346456693
0
LINE
8
BLACK
6
CONTINUOUS
10
5.305468346456693
20
-4.2244528346456693
11
5.3185916929133858
21
-4.1850827559055119
0
LINE
8
BLACK
6
CONTINUOUS
10
5.3185916929133858
20
-4.1850827559055119
11
5.3190799606299208
21
-4.1841809842519684
0
LINE
8
BLACK
6
CONTINUOUS
10
5.3190799606299208
20
-4.1841809842519684
11
5.3191524015748026
21
-4.1841364566929133
0
LINE
8
BLACK
6
CONTINUOUS
10
5.3191524015748026
20
-4.1841364566929133
11
5.3191836614173225
21
-4.1840574409448816
0
LINE
8
BLACK
6
CONTINUOUS
10
5.3191836614173225
20
-4.1840574409448816
11
5.3200049606299213
21
-4.1836126771653541
0
LINE
8
BLACK
6
CONTINUOUS
10
5.3200049606299213
20
-4.1836126771653541
11
5.3208009448818894
21
-4.1831237007874016
0
LINE
8
BLACK
6
CONTINUOUS
10
5.3208009448818894
20
-4.1831237007874016
11
5.3208849999999996
21
-4.183136141732283
0
LINE
8
BLACK
6
CONTINUOUS
10
5.3208849999999996
20
-4.183136141732283
11
5.3209598031496066
21
-4.1830956692913386
0
LINE
8
BLACK
6
CONTINUOUS
10
5.3209598031496066
20
-4.1830956692913386
11
5.321874921259842
21
-4.1832829527559054
0
LINE
8
BLACK
6
CONTINUOUS
10
5.3161158267716537
20
-4.2111851968503933
11
5.32667
21
-4.2111851968503933
0
LINE
8
BLACK
6
CONTINUOUS
10
5.32667
20
-4.2111851968503933
11
5.3213929133858269
21
-4.1953538976377951
0
LINE
8
BLACK
6
CONTINUOUS
10
5.3213929133858269
20
-4.1953538976377951
11
5.3161158267716537
21
-4.2111851968503933
0
LINE
8
BLACK
6
CONTINUOUS
10
5.4048925196850393
20
-4.1832418110236222
11
5.4064397637795274
21
-4.1845401181102364
0
LINE
8
BLACK
6
CONTINUOUS
10
5.4064397637795274
20
-4.1845401181102364
11
5.4067905118110238
21
-4.186529251968504
0
LINE
8
BLACK
6
CONTINUOUS
10
5.4067905118110238
20
-4.186529251968504
11
5.4057805905511813
21
-4.1882784251968506
0
LINE
8
BLACK
6
CONTINUOUS
10
5.4057805905511813
20
-4.1882784251968506
11
5.4038825984251968
21
-4.188969251968504
0
LINE
8
BLACK
6
CONTINUOUS
10
5.4038825984251968
20
-4.188969251968504
11
5.3955867716535435
21
-4.188969251968504
0
LINE
8
BLACK
6
CONTINUOUS
10
5.3955867716535435
20
-4.188969251968504
11
5.3955867716535435
21
-4.2253865748031494
0
LINE
8
BLACK
6
CONTINUOUS
10
5.3955867716535435
20
-4.2253865748031494
11
5.3954087007874012
21
-4.2263964960629918
0
LINE
8
BLACK
6
CONTINUOUS
10
5.3954087007874012
20
-4.2263964960629918
11
5.394110393700787
21
-4.22794374015748
0
LINE
8
BLACK
6
CONTINUOUS
10
5.394110393700787
20
-4.22794374015748
11
5.3921212598425194
21
-4.2282944881889764
0
LINE
8
BLACK
6
CONTINUOUS
10
5.3921212598425194
20
-4.2282944881889764
11
5.3903720866141729
21
-4.2272845669291339
0
LINE
8
BLACK
6
CONTINUOUS
10
5.3903720866141729
20
-4.2272845669291339
11
5.3896812598425194
21
-4.2253865748031494
0
LINE
8
BLACK
6
CONTINUOUS
10
5.3896812598425194
20
-4.2253865748031494
11
5.3896812598425194
21
-4.188969251968504
0
LINE
8
BLACK
6
CONTINUOUS
10
5.3896812598425194
20
-4.188969251968504
11
5.3813854330708661
21
-4.188969251968504
0
LINE
8
BLACK
6
CONTINUOUS
10
5.3813854330708661
20
-4.188969251968504
11
5.3803755118110237
21
-4.1887911811023617
0
LINE
8
BLACK
6
CONTINUOUS
10
5.3803755118110237
20
-4.1887911811023617
11
5.3788282677165355
21
-4.1874928740157475
0
LINE
8
BLACK
6
CONTINUOUS
10
5.3788282677165355
20
-4.1874928740157475
11
5.3784775196850392
21
-4.1855037401574799
0
LINE
8
BLACK
6
CONTINUOUS
10
5.3784775196850392
20
-4.1855037401574799
11
5.3794874409448816
21
-4.1837545669291334
0
LINE
8
BLACK
6
CONTINUOUS
10
5.3794874409448816
20
-4.1837545669291334
11
5.3813854330708661
21
-4.1830637401574799
0
LINE
8
BLACK
6
CONTINUOUS
10
5.3813854330708661
20
-4.1830637401574799
11
5.4038825984251968
21
-4.1830637401574799
0
LINE
8
BLACK
6
CONTINUOUS
10
5.4038825984251968
20
-4.1830637401574799
11
5.4048925196850393
21
-4.1832418110236222
0
LINE
8
BLACK
6
CONTINUOUS
10
5.1874196850393703
20
-4.1832418110236222
11
5.1889669291338585
21
-4.1845401181102364
0
LINE
8
BLACK
6
CONTINUOUS
10
5.1889669291338585
20
-4.1845401181102364
11
5.189317677165354
21
-4.186529251968504
0
LINE
8
BLACK
6
CONTINUOUS
10
5.189317677165354
20
-4.186529251968504
11
5.1883077559055115
21
-4.1882784251968506
0
LINE
8
BLACK
6
CONTINUOUS
10
5.1883077559055115
20
-4.1882784251968506
11
5.186409763779527
21
-4.188969251968504
0
LINE
8
BLACK
6
CONTINUOUS
10
5.186409763779527
20
-4.188969251968504
11
5.1646410629921258
21
-4.188969251968504
0
LINE
8
BLACK
6
CONTINUOUS
10
5.1646410629921258
20
-4.188969251968504
11
5.1797499606299215
21
-4.2242234251968505
0
LINE
8
BLACK
6
CONTINUOUS
10
5.1797499606299215
20
-4.2242234251968505
11
5.179984094488189
21
-4.2252218110236219
0
LINE
8
BLACK
6
CONTINUOUS
10
5.179984094488189
20
-4.2252218110236219
11
5.1794002755905515
21
-4.2271553937007873
0
LINE
8
BLACK
6
CONTINUOUS
10
5.1794002755905515
20
-4.2271553937007873
11
5.1777101181102365
21
-4.2282613385826773
0
LINE
8
BLACK
6
CONTINUOUS
10
5.1777101181102365
20
-4.2282613385826773
11
5.1757045669291335
21
-4.2280221259842516
0
LINE
8
BLACK
6
CONTINUOUS
10
5.1757045669291335
20
-4.2280221259842516
11
5.1743219291338578
21
-4.2265497244094483
0
LINE
8
BLACK
6
CONTINUOUS
10
5.1743219291338578
20
-4.2265497244094483
11
5.1574490551181098
21
-4.1871796456692909
0
LINE
8
BLACK
6
CONTINUOUS
10
5.1574490551181098
20
-4.1871796456692909
11
5.1572149212598424
21
-4.1861812204724407
0
LINE
8
BLACK
6
CONTINUOUS
10
5.1572149212598424
20
-4.1861812204724407
11
5.1573157086614172
21
-4.1858472834645672
0
LINE
8
BLACK
6
CONTINUOUS
10
5.1573157086614172
20
-4.1858472834645672
11
5.1572551574803152
21
-4.1855037401574799
0
LINE
8
BLACK
6
CONTINUOUS
10
5.1572551574803152
20
-4.1855037401574799
11
5.1575996062992129
21
-4.1849071259842523
0
LINE
8
BLACK
6
CONTINUOUS
10
5.1575996062992129
20
-4.1849071259842523
11
5.1577987401574799
21
-4.1842476771653541
0
LINE
8
BLACK
6
CONTINUOUS
10
5.1577987401574799
20
-4.1842476771653541
11
5.1580906299212597
21
-4.1840566535433066
0
LINE
8
BLACK
6
CONTINUOUS
10
5.1580906299212597
20
-4.1840566535433066
11
5.1582650787401576
21
-4.1837545669291334
0
LINE
8
BLACK
6
CONTINUOUS
10
5.1582650787401576
20
-4.1837545669291334
11
5.1589124015748027
21
-4.1835189370078742
0
LINE
8
BLACK
6
CONTINUOUS
10
5.1589124015748027
20
-4.1835189370078742
11
5.1594888976377948
21
-4.1831417322834641
0
LINE
8
BLACK
6
CONTINUOUS
10
5.1594888976377948
20
-4.1831417322834641
11
5.1598352755905514
21
-4.1831830314960632
0
LINE
8
BLACK
6
CONTINUOUS
10
5.1598352755905514
20
-4.1831830314960632
11
5.1601630708661412
21
-4.1830637401574799
0
LINE
8
BLACK
6
CONTINUOUS
10
5.1601630708661412
20
-4.1830637401574799
11
5.186409763779527
21
-4.1830637401574799
0
LINE
8
BLACK
6
CONTINUOUS
10
5.186409763779527
20
-4.1830637401574799
11
5.1874196850393703
21
-4.1832418110236222
0
LINE
8
BLACK
6
CONTINUOUS
10
5.6330290944881884
20
-4.1496081496062995
11
5.633621377952756
21
-4.1502910629921255
0
LINE
8
BLACK
6
CONTINUOUS
10
5.633621377952756
20
-4.1502910629921255
11
5.6373709055118111
21
-4.1615396456692917
0
LINE
8
BLACK
6
CONTINUOUS
10
5.6373709055118111
20
-4.1615396456692917
11
5.6373571259842521
21
-4.1617335039370076
0
LINE
8
BLACK
6
CONTINUOUS
10
5.6373571259842521
20
-4.1617335039370076
11
5.6374315354330706
21
-4.1619131496062991
0
LINE
8
BLACK
6
CONTINUOUS
10
5.6374315354330706
20
-4.1619131496062991
11
5.6373262992125985
21
-4.1621671259842516
0
LINE
8
BLACK
6
CONTINUOUS
10
5.6373262992125985
20
-4.1621671259842516
11
5.6373068503937009
21
-4.1624413385826768
0
LINE
8
BLACK
6
CONTINUOUS
10
5.6373068503937009
20
-4.1624413385826768
11
5.637159960629921
21
-4.1625687007874017
0
LINE
8
BLACK
6
CONTINUOUS
10
5.637159960629921
20
-4.1625687007874017
11
5.6370855905511812
21
-4.1627483070866145
0
LINE
8
BLACK
6
CONTINUOUS
10
5.6370855905511812
20
-4.1627483070866145
11
5.6368315748031499
21
-4.1628535039370078
0
LINE
8
BLACK
6
CONTINUOUS
10
5.6368315748031499
20
-4.1628535039370078
11
5.6366239370078741
21
-4.1630336220472444
0
LINE
8
BLACK
6
CONTINUOUS
10
5.6366239370078741
20
-4.1630336220472444
11
5.6364300393700786
21
-4.1630198425196854
0
LINE
8
BLACK
6
CONTINUOUS
10
5.6364300393700786
20
-4.1630198425196854
11
5.6362504330708658
21
-4.1630942519685039
0
LINE
8
BLACK
6
CONTINUOUS
10
5.6362504330708658
20
-4.1630942519685039
11
5.6299324803149604
21
-4.1630942519685039
0
LINE
8
BLACK
6
CONTINUOUS
10
5.6299324803149604
20
-4.1630942519685039
11
5.6299324803149604
21
-4.1671624803149605
0
LINE
8
BLACK
6
CONTINUOUS
10
5.6299324803149604
20
-4.1671624803149605
11
5.629586535433071
21
-4.1679976377952759
0
LINE
8
BLACK
6
CONTINUOUS
10
5.629586535433071
20
-4.1679976377952759
11
5.6287513779527556
21
-4.1683435826771653
0
LINE
8
BLACK
6
CONTINUOUS
10
5.6287513779527556
20
-4.1683435826771653
11
5.6279162204724411
21
-4.1679976377952759
0
LINE
8
BLACK
6
CONTINUOUS
10
5.6279162204724411
20
-4.1679976377952759
11
5.6275702755905508
21
-4.1671624803149605
0
LINE
8
BLACK
6
CONTINUOUS
10
5.6275702755905508
20
-4.1671624803149605
11
5.6275702755905508
21
-4.1630942519685039
0
LINE
8
BLACK
6
CONTINUOUS
10
5.6275702755905508
20
-4.1630942519685039
11
5.6265016535433068
21
-4.1630942519685039
0
LINE
8
BLACK
6
CONTINUOUS
10
5.6265016535433068
20
-4.1630942519685039
11
5.6256664960629923
21
-4.1627483070866145
0
LINE
8
BLACK
6
CONTINUOUS
10
5.6256664960629923
20
-4.1627483070866145
11
5.625320551181102
21
-4.1619131496062991
0
LINE
8
BLACK
6
CONTINUOUS
10
5.625320551181102
20
-4.1619131496062991
11
5.6256664960629923
21
-4.1610779921259837
0
LINE
8
BLACK
6
CONTINUOUS
10
5.6256664960629923
20
-4.1610779921259837
11
5.6265016535433068
21
-4.1607320472440943
0
LINE
8
BLACK
6
CONTINUOUS
10
5.6265016535433068
20
-4.1607320472440943
11
5.6275702755905508
21
-4.1607320472440943
0
LINE
8
BLACK
6
CONTINUOUS
10
5.6275702755905508
20
-4.1607320472440943
11
5.6275702755905508
21
-4.1566637795275589
0
LINE
8
BLACK
6
CONTINUOUS
10
5.6275702755905508
20
-4.1566637795275589
11
5.6279162204724411
21
-4.1558286220472436
0
LINE
8
BLACK
6
CONTINUOUS
10
5.6279162204724411
20
-4.1558286220472436
11
5.6287513779527556
21
-4.1554826771653541
0
LINE
8
BLACK
6
CONTINUOUS
10
5.6287513779527556
20
-4.1554826771653541
11
5.629586535433071
21
-4.1558286220472436
0
LINE
8
BLACK
6
CONTINUOUS
10
5.629586535433071
20
-4.1558286220472436
11
5.6299324803149604
21
-4.1566637795275589
0
LINE
8
BLACK
6
CONTINUOUS
10
5.6299324803149604
20
-4.1566637795275589
11
5.6299324803149604
21
-4.1607320472440943
0
LINE
8
BLACK
6
CONTINUOUS
10
5.6299324803149604
20
-4.1607320472440943
11
5.6346117716535433
21
-4.1607320472440943
0
LINE
8
BLACK
6
CONTINUOUS
10
5.6346117716535433
20
-4.1607320472440943
11
5.6313804330708663
21
-4.1510380708661421
0
LINE
8
BLACK
6
CONTINUOUS
10
5.6313804330708663
20
-4.1510380708661421
11
5.6314444881889765
21
-4.150136377952756
0
LINE
8
BLACK
6
CONTINUOUS
10
5.6314444881889765
20
-4.150136377952756
11
5.6321274015748033
21
-4.1495440944881885
0
LINE
8
BLACK
6
CONTINUOUS
10
5.6321274015748033
20
-4.1495440944881885
11
5.6330290944881884
21
-4.1496081496062995
0
LINE
8
BLACK
6
CONTINUOUS
10
5.6528336220472442
20
-4.1505792913385822
11
5.6531795669291336
21
-4.1514144488188975
0
LINE
8
BLACK
6
CONTINUOUS
10
5.6531795669291336
20
-4.1514144488188975
11
5.6531795669291336
21
-4.1641628740157479
0
LINE
8
BLACK
6
CONTINUOUS
10
5.6531795669291336
20
-4.1641628740157479
11
5.6530743307086615
21
-4.1644168503937005
0
LINE
8
BLACK
6
CONTINUOUS
10
5.6530743307086615
20
-4.1644168503937005
11
5.6530548818897639
21
-4.1646910629921257
0
LINE
8
BLACK
6
CONTINUOUS
10
5.6530548818897639
20
-4.1646910629921257
11
5.6523050000000001
21
-4.166190866141732
0
LINE
8
BLACK
6
CONTINUOUS
10
5.6523050000000001
20
-4.166190866141732
11
5.6521581102362202
21
-4.1663182283464568
0
LINE
8
BLACK
6
CONTINUOUS
10
5.6521581102362202
20
-4.1663182283464568
11
5.6520837401574804
21
-4.1664978346456696
0
LINE
8
BLACK
6
CONTINUOUS
10
5.6520837401574804
20
-4.1664978346456696
11
5.6513338188976379
21
-4.1672477559055121
0
LINE
8
BLACK
6
CONTINUOUS
10
5.6513338188976379
20
-4.1672477559055121
11
5.6511542125984251
21
-4.1673221259842519
0
LINE
8
BLACK
6
CONTINUOUS
10
5.6511542125984251
20
-4.1673221259842519
11
5.6510268503937002
21
-4.167469015748031
0
LINE
8
BLACK
6
CONTINUOUS
10
5.6510268503937002
20
-4.167469015748031
11
5.6495270472440939
21
-4.1682188976377947
0
LINE
8
BLACK
6
CONTINUOUS
10
5.6495270472440939
20
-4.1682188976377947
11
5.6492528346456687
21
-4.1682383464566932
0
LINE
8
BLACK
6
CONTINUOUS
10
5.6492528346456687
20
-4.1682383464566932
11
5.6489988582677162
21
-4.1683435826771653
0
LINE
8
BLACK
6
CONTINUOUS
10
5.6489988582677162
20
-4.1683435826771653
11
5.6459992125984249
21
-4.1683435826771653
0
LINE
8
BLACK
6
CONTINUOUS
10
5.6459992125984249
20
-4.1683435826771653
11
5.6457451968503936
21
-4.1682383464566932
0
LINE
8
BLACK
6
CONTINUOUS
10
5.6457451968503936
20
-4.1682383464566932
11
5.6454710236220471
21
-4.1682188976377947
0
LINE
8
BLACK
6
CONTINUOUS
10
5.6454710236220471
20
-4.1682188976377947
11
5.6439712204724408
21
-4.167469015748031
0
LINE
8
BLACK
6
CONTINUOUS
10
5.6439712204724408
20
-4.167469015748031
11
5.6438438188976381
21
-4.1673220866141731
0
LINE
8
BLACK
6
CONTINUOUS
10
5.6438438188976381
20
-4.1673220866141731
11
5.6436642125984253
21
-4.1672477165354334
0
LINE
8
BLACK
6
CONTINUOUS
10
5.6436642125984253
20
-4.1672477165354334
11
5.6429143307086616
21
-4.1664978346456696
0
LINE
8
BLACK
6
CONTINUOUS
10
5.6429143307086616
20
-4.1664978346456696
11
5.6428399212598421
21
-4.1663182283464568
0
LINE
8
BLACK
6
CONTINUOUS
10
5.6428399212598421
20
-4.1663182283464568
11
5.6426931102362206
21
-4.1661909055118107
0
LINE
8
BLACK
6
CONTINUOUS
10
5.6426931102362206
20
-4.1661909055118107
11
5.641943188976378
21
-4.1646911023622044
0
LINE
8
BLACK
6
CONTINUOUS
10
5.641943188976378
20
-4.1646911023622044
11
5.6419237007874017
21
-4.1644168110236217
0
LINE
8
BLACK
6
CONTINUOUS
10
5.6419237007874017
20
-4.1644168110236217
11
5.6418185039370075
21
-4.1641628740157479
0
LINE
8
BLACK
6
CONTINUOUS
10
5.6418185039370075
20
-4.1641628740157479
11
5.6418185039370075
21
-4.1514144488188975
0
LINE
8
BLACK
6
CONTINUOUS
10
5.6418185039370075
20
-4.1514144488188975
11
5.6421644488188978
21
-4.1505792913385822
0
LINE
8
BLACK
6
CONTINUOUS
10
5.6421644488188978
20
-4.1505792913385822
11
5.6429996062992123
21
-4.1502333464566927
0
LINE
8
BLACK
6
CONTINUOUS
10
5.6429996062992123
20
-4.1502333464566927
11
5.6438347637795276
21
-4.1505792913385822
0
LINE
8
BLACK
6
CONTINUOUS
10
5.6438347637795276
20
-4.1505792913385822
11
5.6441807086614171
21
-4.1514144488188975
0
LINE
8
BLACK
6
CONTINUOUS
10
5.6441807086614171
20
-4.1514144488188975
11
5.6441807086614171
21
-4.1638840157480317
0
LINE
8
BLACK
6
CONTINUOUS
10
5.6441807086614171
20
-4.1638840157480317
11
5.6447201968503933
21
-4.1649629921259841
0
LINE
8
BLACK
6
CONTINUOUS
10
5.6447201968503933
20
-4.1649629921259841
11
5.6451990944881887
21
-4.1654419291338582
0
LINE
8
BLACK
6
CONTINUOUS
10
5.6451990944881887
20
-4.1654419291338582
11
5.6462780314960632
21
-4.1659813779527557
0
LINE
8
BLACK
6
CONTINUOUS
10
5.6462780314960632
20
-4.1659813779527557
11
5.6487200393700787
21
-4.1659813779527557
0
LINE
8
BLACK
6
CONTINUOUS
10
5.6487200393700787
20
-4.1659813779527557
11
5.6497990551181099
21
-4.1654418503937007
0
LINE
8
BLACK
6
CONTINUOUS
10
5.6497990551181099
20
-4.1654418503937007
11
5.650277834645669
21
-4.1649630708661416
0
LINE
8
BLACK
6
CONTINUOUS
10
5.650277834645669
20
-4.1649630708661416
11
5.650817362204724
21
-4.1638840551181104
0
LINE
8
BLACK
6
CONTINUOUS
10
5.650817362204724
20
-4.1638840551181104
11
5.650817362204724
21
-4.1514144488188975
0
LINE
8
BLACK
6
CONTINUOUS
10
5.650817362204724
20
-4.1514144488188975
11
5.6511633070866143
21
-4.1505792913385822
0
LINE
8
BLACK
6
CONTINUOUS
10
5.6511633070866143
20
-4.1505792913385822
11
5.6519984645669288
21
-4.1502333464566927
0
LINE
8
BLACK
6
CONTINUOUS
10
5.6519984645669288
20
-4.1502333464566927
11
5.6528336220472442
21
-4.1505792913385822
0
LINE
8
BLACK
6
CONTINUOUS
10
5.6557480314960626
20
-4.100944881889764
11
5.6571399606299213
21
-4.1015214566929137
0
LINE
8
BLACK
6
CONTINUOUS
10
5.6571399606299213
20
-4.1015214566929137
11
5.6728879921259843
21
-4.1172694488188979
0
LINE
8
BLACK
6
CONTINUOUS
10
5.6728879921259843
20
-4.1172694488188979
11
5.6730188188976376
21
-4.1175853149606301
0
LINE
8
BLACK
6
CONTINUOUS
10
5.6730188188976376
20
-4.1175853149606301
11
5.6734645669291339
21
-4.1186614173228344
0
LINE
8
BLACK
6
CONTINUOUS
10
5.6734645669291339
20
-4.1186614173228344
11
5.6734645669291339
21
-4.2170866141732279
0
LINE
8
BLACK
6
CONTINUOUS
10
5.6734645669291339
20
-4.2170866141732279
11
5.6728879921259843
21
-4.2184785433070866
0
LINE
8
BLACK
6
CONTINUOUS
10
5.6728879921259843
20
-4.2184785433070866
11
5.6714960629921256
21
-4.2190551181102363
0
LINE
8
BLACK
6
CONTINUOUS
10
5.6714960629921256
20
-4.2190551181102363
11
5.6085039370078738
21
-4.2190551181102363
0
LINE
8
BLACK
6
CONTINUOUS
10
5.6085039370078738
20
-4.2190551181102363
11
5.607112007874016
21
-4.2184785433070866
0
LINE
8
BLACK
6
CONTINUOUS
10
5.607112007874016
20
-4.2184785433070866
11
5.6065354330708663
21
-4.2170866141732279
0
LINE
8
BLACK
6
CONTINUOUS
10
5.6065354330708663
20
-4.2170866141732279
11
5.6065354330708663
21
-4.1029133858267715
0
LINE
8
BLACK
6
CONTINUOUS
10
5.6065354330708663
20
-4.1029133858267715
11
5.607112007874016
21
-4.1015214566929137
0
LINE
8
BLACK
6
CONTINUOUS
10
5.607112007874016
20
-4.1015214566929137
11
5.6085039370078738
21
-4.100944881889764
0
LINE
8
BLACK
6
CONTINUOUS
10
5.6085039370078738
20
-4.100944881889764
11
5.6557480314960626
21
-4.100944881889764
0
LINE
8
BLACK
6
CONTINUOUS
10
5.6104724409448821
20
-4.1048818897637798
11
5.6104724409448821
21
-4.2151181102362205
0
LINE
8
BLACK
6
CONTINUOUS
10
5.6104724409448821
20
-4.2151181102362205
11
5.6695275590551182
21
-4.2151181102362205
0
LINE
8
BLACK
6
CONTINUOUS
10
5.6695275590551182
20
-4.2151181102362205
11
5.6695275590551182
21
-4.1194767716535434
0
LINE
8
BLACK
6
CONTINUOUS
10
5.6695275590551182
20
-4.1194767716535434
11
5.6549326771653545
21
-4.1048818897637798
0
LINE
8
BLACK
6
CONTINUOUS
10
5.6549326771653545
20
-4.1048818897637798
11
5.6104724409448821
21
-4.1048818897637798
0
LINE
8
BLACK
6
CONTINUOUS
10
5.8851309055118106
20
-4.1653385433070866
11
5.8854051968503933
21
-4.165358031496063
0
LINE
8
BLACK
6
CONTINUOUS
10
5.8854051968503933
20
-4.165358031496063
11
5.8869049999999996
21
-4.1661079527559055
0
LINE
8
BLACK
6
CONTINUOUS
10
5.8869049999999996
20
-4.1661079527559055
11
5.8870323228346457
21
-4.1662547637795271
0
LINE
8
BLACK
6
CONTINUOUS
10
5.8870323228346457
20
-4.1662547637795271
11
5.8872119291338585
21
-4.1663291732283465
0
LINE
8
BLACK
6
CONTINUOUS
10
5.8872119291338585
20
-4.1663291732283465
11
5.8879618110236223
21
-4.1670790551181103
0
LINE
8
BLACK
6
CONTINUOUS
10
5.8879618110236223
20
-4.1670790551181103
11
5.8883077952755905
21
-4.1679142125984248
0
LINE
8
BLACK
6
CONTINUOUS
10
5.8883077952755905
20
-4.1679142125984248
11
5.8879618897637798
21
-4.1687493700787401
0
LINE
8
BLACK
6
CONTINUOUS
10
5.8879618897637798
20
-4.1687493700787401
11
5.8871267322834644
21
-4.1690953543307083
0
LINE
8
BLACK
6
CONTINUOUS
10
5.8871267322834644
20
-4.1690953543307083
11
5.8862915354330712
21
-4.1687494488188976
0
LINE
8
BLACK
6
CONTINUOUS
10
5.8862915354330712
20
-4.1687494488188976
11
5.885677086614173
21
-4.1681350393700782
0
LINE
8
BLACK
6
CONTINUOUS
10
5.885677086614173
20
-4.1681350393700782
11
5.8845981102362206
21
-4.167595551181102
0
LINE
8
BLACK
6
CONTINUOUS
10
5.8845981102362206
20
-4.167595551181102
11
5.8814062992125979
21
-4.167595551181102
0
LINE
8
BLACK
6
CONTINUOUS
10
5.8814062992125979
20
-4.167595551181102
11
5.8803272047244093
21
-4.168135078740157
0
LINE
8
BLACK
6
CONTINUOUS
10
5.8803272047244093
20
-4.168135078740157
11
5.8798483858267714
21
-4.1686138976377949
0
LINE
8
BLACK
6
CONTINUOUS
10
5.8798483858267714
20
-4.1686138976377949
11
5.8793089370078739
21
-4.1696928740157482
0
LINE
8
BLACK
6
CONTINUOUS
10
5.8793089370078739
20
-4.1696928740157482
11
5.8793089370078739
21
-4.1707221653543307
0
LINE
8
BLACK
6
CONTINUOUS
10
5.8793089370078739
20
-4.1707221653543307
11
5.8799100393700785
21
-4.1725256299212594
0
LINE
8
BLACK
6
CONTINUOUS
10
5.8799100393700785
20
-4.1725256299212594
11
5.8887117716535435
21
-4.1813273228346457
0
LINE
8
BLACK
6
CONTINUOUS
10
5.8887117716535435
20
-4.1813273228346457
11
5.889057716535433
21
-4.1821624803149602
0
LINE
8
BLACK
6
CONTINUOUS
10
5.889057716535433
20
-4.1821624803149602
11
5.8887117716535435
21
-4.1829976377952756
0
LINE
8
BLACK
6
CONTINUOUS
10
5.8887117716535435
20
-4.1829976377952756
11
5.8878766141732282
21
-4.183343582677165
0
LINE
8
BLACK
6
CONTINUOUS
10
5.8878766141732282
20
-4.183343582677165
11
5.8781278346456691
21
-4.183343582677165
0
LINE
8
BLACK
6
CONTINUOUS
10
5.8781278346456691
20
-4.183343582677165
11
5.8772926771653546
21
-4.1829976377952756
0
LINE
8
BLACK
6
CONTINUOUS
10
5.8772926771653546
20
-4.1829976377952756
11
5.8769467322834643
21
-4.1821624803149602
0
LINE
8
BLACK
6
CONTINUOUS
10
5.8769467322834643
20
-4.1821624803149602
11
5.8772926771653546
21
-4.1813273228346457
0
LINE
8
BLACK
6
CONTINUOUS
10
5.8772926771653546
20
-4.1813273228346457
11
5.8781278346456691
21
-4.1809813779527554
0
LINE
8
BLACK
6
CONTINUOUS
10
5.8781278346456691
20
-4.1809813779527554
11
5.8850251968503935
21
-4.1809813779527554
0
LINE
8
BLACK
6
CONTINUOUS
10
5.8850251968503935
20
-4.1809813779527554
11
5.8780425590551184
21
-4.173998779527559
0
LINE
8
BLACK
6
CONTINUOUS
10
5.8780425590551184
20
-4.173998779527559
11
5.8779373622047242
21
-4.1737448425196852
0
LINE
8
BLACK
6
CONTINUOUS
10
5.8779373622047242
20
-4.1737448425196852
11
5.8777572047244089
21
-4.173537125984252
0
LINE
8
BLACK
6
CONTINUOUS
10
5.8777572047244089
20
-4.173537125984252
11
5.8770073228346451
21
-4.1712874015748032
0
LINE
8
BLACK
6
CONTINUOUS
10
5.8770073228346451
20
-4.1712874015748032
11
5.877021102362205
21
-4.1710934645669289
0
LINE
8
BLACK
6
CONTINUOUS
10
5.877021102362205
20
-4.1710934645669289
11
5.8769467322834643
21
-4.1709138976377949
0
LINE
8
BLACK
6
CONTINUOUS
10
5.8769467322834643
20
-4.1709138976377949
11
5.8769467322834643
21
-4.1694140944881886
0
LINE
8
BLACK
6
CONTINUOUS
10
5.8769467322834643
20
-4.1694140944881886
11
5.8770519291338585
21
-4.1691600787401573
0
LINE
8
BLACK
6
CONTINUOUS
10
5.8770519291338585
20
-4.1691600787401573
11
5.8770714173228349
21
-4.1688859055118108
0
LINE
8
BLACK
6
CONTINUOUS
10
5.8770714173228349
20
-4.1688859055118108
11
5.8778212992125987
21
-4.1673860629921258
0
LINE
8
BLACK
6
CONTINUOUS
10
5.8778212992125987
20
-4.1673860629921258
11
5.8779681102362202
21
-4.1672587007874018
0
LINE
8
BLACK
6
CONTINUOUS
10
5.8779681102362202
20
-4.1672587007874018
11
5.8780425590551184
21
-4.1670790551181103
0
LINE
8
BLACK
6
CONTINUOUS
10
5.8780425590551184
20
-4.1670790551181103
11
5.8787924803149609
21
-4.1663291732283465
0
LINE
8
BLACK
6
CONTINUOUS
10
5.8787924803149609
20
-4.1663291732283465
11
5.8789720472440941
21
-4.1662547637795271
0
LINE
8
BLACK
6
CONTINUOUS
10
5.8789720472440941
20
-4.1662547637795271
11
5.8790994094488189
21
-4.1661079527559055
0
LINE
8
BLACK
6
CONTINUOUS
10
5.8790994094488189
20
-4.1661079527559055
11
5.880599251968504
21
-4.165358031496063
0
LINE
8
BLACK
6
CONTINUOUS
10
5.880599251968504
20
-4.165358031496063
11
5.8808734251968504
21
-4.1653385433070866
0
LINE
8
BLACK
6
CONTINUOUS
10
5.8808734251968504
20
-4.1653385433070866
11
5.8811274409448817
21
-4.1652333464566924
0
LINE
8
BLACK
6
CONTINUOUS
10
5.8811274409448817
20
-4.1652333464566924
11
5.8848769685039368
21
-4.1652333464566924
0
LINE
8
BLACK
6
CONTINUOUS
10
5.8848769685039368
20
-4.1652333464566924
11
5.8851309055118106
21
-4.1653385433070866
0
LINE
8
BLACK
6
CONTINUOUS
10
5.9029599606299215
20
-4.1655792913385827
11
5.9033059055118109
21
-4.1664144488188972
0
LINE
8
BLACK
6
CONTINUOUS
10
5.9033059055118109
20
-4.1664144488188972
11
5.9033059055118109
21
-4.1821624803149602
0
LINE
8
BLACK
6
CONTINUOUS
10
5.9033059055118109
20
-4.1821624803149602
11
5.9029599606299215
21
-4.1829976377952756
0
LINE
8
BLACK
6
CONTINUOUS
10
5.9029599606299215
20
-4.1829976377952756
11
5.9021248031496061
21
-4.183343582677165
0
LINE
8
BLACK
6
CONTINUOUS
10
5.9021248031496061
20
-4.183343582677165
11
5.898375275590551
21
-4.183343582677165
0
LINE
8
BLACK
6
CONTINUOUS
10
5.898375275590551
20
-4.183343582677165
11
5.8981956692913382
21
-4.1832691732283465
0
LINE
8
BLACK
6
CONTINUOUS
10
5.8981956692913382
20
-4.1832691732283465
11
5.8980018110236223
21
-4.1832829921259842
0
LINE
8
BLACK
6
CONTINUOUS
10
5.8980018110236223
20
-4.1832829921259842
11
5.8957520472440947
21
-4.1825331102362204
0
LINE
8
BLACK
6
CONTINUOUS
10
5.8957520472440947
20
-4.1825331102362204
11
5.8955443307086615
21
-4.1823529527559051
0
LINE
8
BLACK
6
CONTINUOUS
10
5.8955443307086615
20
-4.1823529527559051
11
5.8952903543307089
21
-4.1822477559055118
0
LINE
8
BLACK
6
CONTINUOUS
10
5.8952903543307089
20
-4.1822477559055118
11
5.8937905905511814
21
-4.1807479133858267
0
LINE
8
BLACK
6
CONTINUOUS
10
5.8937905905511814
20
-4.1807479133858267
11
5.893716181102362
21
-4.180568307086614
0
LINE
8
BLACK
6
CONTINUOUS
10
5.893716181102362
20
-4.180568307086614
11
5.8935693307086616
21
-4.18044094488189
0
LINE
8
BLACK
6
CONTINUOUS
10
5.8935693307086616
20
-4.18044094488189
11
5.8928194488188979
21
-4.1789411417322837
0
LINE
8
BLACK
6
CONTINUOUS
10
5.8928194488188979
20
-4.1789411417322837
11
5.8928099212598424
21
-4.1788072440944877
0
LINE
8
BLACK
6
CONTINUOUS
10
5.8928099212598424
20
-4.1788072440944877
11
5.892730039370079
21
-4.1786994094488188
0
LINE
8
BLACK
6
CONTINUOUS
10
5.892730039370079
20
-4.1786994094488188
11
5.8919801181102365
21
-4.1756998031496062
0
LINE
8
BLACK
6
CONTINUOUS
10
5.8919801181102365
20
-4.1756998031496062
11
5.8920021259842521
21
-4.1755516929133858
0
LINE
8
BLACK
6
CONTINUOUS
10
5.8920021259842521
20
-4.1755516929133858
11
5.8919448425196848
21
-4.1754133464566925
0
LINE
8
BLACK
6
CONTINUOUS
10
5.8919448425196848
20
-4.1754133464566925
11
5.8919448425196848
21
-4.1731636220472437
0
LINE
8
BLACK
6
CONTINUOUS
10
5.8919448425196848
20
-4.1731636220472437
11
5.8920021259842521
21
-4.1730252362204725
0
LINE
8
BLACK
6
CONTINUOUS
10
5.8920021259842521
20
-4.1730252362204725
11
5.8919801181102365
21
-4.1728771653543308
0
LINE
8
BLACK
6
CONTINUOUS
10
5.8919801181102365
20
-4.1728771653543308
11
5.892730039370079
21
-4.1698775196850395
0
LINE
8
BLACK
6
CONTINUOUS
10
5.892730039370079
20
-4.1698775196850395
11
5.8928099212598424
21
-4.169769645669291
0
LINE
8
BLACK
6
CONTINUOUS
10
5.8928099212598424
20
-4.169769645669291
11
5.8928194488188979
21
-4.1696357874015746
0
LINE
8
BLACK
6
CONTINUOUS
10
5.8928194488188979
20
-4.1696357874015746
11
5.8935693307086616
21
-4.1681359842519683
0
LINE
8
BLACK
6
CONTINUOUS
10
5.8935693307086616
20
-4.1681359842519683
11
5.893716181102362
21
-4.1680085826771656
0
LINE
8
BLACK
6
CONTINUOUS
10
5.893716181102362
20
-4.1680085826771656
11
5.8937905905511814
21
-4.1678290157480316
0
LINE
8
BLACK
6
CONTINUOUS
10
5.8937905905511814
20
-4.1678290157480316
11
5.8952903543307089
21
-4.1663292125984253
0
LINE
8
BLACK
6
CONTINUOUS
10
5.8952903543307089
20
-4.1663292125984253
11
5.8955443700787402
21
-4.1662239763779523
0
LINE
8
BLACK
6
CONTINUOUS
10
5.8955443700787402
20
-4.1662239763779523
11
5.8957520472440947
21
-4.1660438976377954
0
LINE
8
BLACK
6
CONTINUOUS
10
5.8957520472440947
20
-4.1660438976377954
11
5.8980017716535436
21
-4.1652939763779528
0
LINE
8
BLACK
6
CONTINUOUS
10
5.8980017716535436
20
-4.1652939763779528
11
5.8981956299212595
21
-4.1653077165354331
0
LINE
8
BLACK
6
CONTINUOUS
10
5.8981956299212595
20
-4.1653077165354331
11
5.898375275590551
21
-4.1652333464566924
0
LINE
8
BLACK
6
CONTINUOUS
10
5.898375275590551
20
-4.1652333464566924
11
5.9021248031496061
21
-4.1652333464566924
0
LINE
8
BLACK
6
CONTINUOUS
10
5.9021248031496061
20
-4.1652333464566924
11
5.9029599606299215
21
-4.1655792913385827
0
LINE
8
BLACK
6
CONTINUOUS
10
5.8967635826771652
20
-4.1681966535433066
11
5.8955964566929131
21
-4.1693637795275587
0
LINE
8
BLACK
6
CONTINUOUS
10
5.8955964566929131
20
-4.1693637795275587
11
5.8949902362204725
21
-4.1705762204724408
0
LINE
8
BLACK
6
CONTINUOUS
10
5.8949902362204725
20
-4.1705762204724408
11
5.8943070472440944
21
-4.1733089763779523
0
LINE
8
BLACK
6
CONTINUOUS
10
5.8943070472440944
20
-4.1733089763779523
11
5.8943070472440944
21
-4.1752679527559051
0
LINE
8
BLACK
6
CONTINUOUS
10
5.8943070472440944
20
-4.1752679527559051
11
5.8949901968503937
21
-4.1780006692913387
0
LINE
8
BLACK
6
CONTINUOUS
10
5.8949901968503937
20
-4.1780006692913387
11
5.8955964566929131
21
-4.1792131496062987
0
LINE
8
BLACK
6
CONTINUOUS
10
5.8955964566929131
20
-4.1792131496062987
11
5.8967635039370077
21
-4.1803801968503933
0
LINE
8
BLACK
6
CONTINUOUS
10
5.8967635039370077
20
-4.1803801968503933
11
5.898567007874016
21
-4.1809813779527554
0
LINE
8
BLACK
6
CONTINUOUS
10
5.898567007874016
20
-4.1809813779527554
11
5.9009437007874013
21
-4.1809813779527554
0
LINE
8
BLACK
6
CONTINUOUS
10
5.9009437007874013
20
-4.1809813779527554
11
5.9009437007874013
21
-4.167595551181102
0
LINE
8
BLACK
6
CONTINUOUS
10
5.9009437007874013
20
-4.167595551181102
11
5.8985668897637797
21
-4.167595551181102
0
LINE
8
BLACK
6
CONTINUOUS
10
5.8985668897637797
20
-4.167595551181102
11
5.8967635826771652
21
-4.1681966535433066
0
LINE
8
BLACK
6
CONTINUOUS
10
5.9104590157480317
20
-4.1655792913385827
11
5.9108049606299211
21
-4.1664144488188972
0
LINE
8
BLACK
6
CONTINUOUS
10
5.9108049606299211
20
-4.1664144488188972
11
5.9108049606299211
21
-4.1821624803149602
0
LINE
8
BLACK
6
CONTINUOUS
10
5.9108049606299211
20
-4.1821624803149602
11
5.9104590157480317
21
-4.1829976377952756
0
LINE
8
BLACK
6
CONTINUOUS
10
5.9104590157480317
20
-4.1829976377952756
11
5.9096238582677163
21
-4.183343582677165
0
LINE
8
BLACK
6
CONTINUOUS
10
5.9096238582677163
20
-4.183343582677165
11
5.9087887007874018
21
-4.1829976377952756
0
LINE
8
BLACK
6
CONTINUOUS
10
5.9087887007874018
20
-4.1829976377952756
11
5.9084427559055115
21
-4.1821624803149602
0
LINE
8
BLACK
6
CONTINUOUS
10
5.9084427559055115
20
-4.1821624803149602
11
5.9084427559055115
21
-4.1664144488188972
0
LINE
8
BLACK
6
CONTINUOUS
10
5.9084427559055115
20
-4.1664144488188972
11
5.9087887007874018
21
-4.1655792913385827
0
LINE
8
BLACK
6
CONTINUOUS
10
5.9087887007874018
20
-4.1655792913385827
11
5.9096238582677163
21
-4.1652333464566924
0
LINE
8
BLACK
6
CONTINUOUS
10
5.9096238582677163
20
-4.1652333464566924
11
5.9104590157480317
21
-4.1655792913385827
0
LINE
8
BLACK
6
CONTINUOUS
10
5.9239573228346458
20
-4.1655792913385827
11
5.9243032677165353
21
-4.1664144488188972
0
LINE
8
BLACK
6
CONTINUOUS
10
5.9243032677165353
20
-4.1664144488188972
11
5.9243032677165353
21
-4.1821624803149602
0
LINE
8
BLACK
6
CONTINUOUS
10
5.9243032677165353
20
-4.1821624803149602
11
5.9239573228346458
21
-4.1829976377952756
0
LINE
8
BLACK
6
CONTINUOUS
10
5.9239573228346458
20
-4.1829976377952756
11
5.9231221653543304
21
-4.183343582677165
0
LINE
8
BLACK
6
CONTINUOUS
10
5.9231221653543304
20
-4.183343582677165
11
5.922287007874016
21
-4.1829976377952756
0
LINE
8
BLACK
6
CONTINUOUS
10
5.922287007874016
20
-4.1829976377952756
11
5.9219410629921256
21
-4.1821624803149602
0
LINE
8
BLACK
6
CONTINUOUS
10
5.9219410629921256
20
-4.1821624803149602
11
5.9219410629921256
21
-4.1750946062992123
0
LINE
8
BLACK
6
CONTINUOUS
10
5.9219410629921256
20
-4.1750946062992123
11
5.917872834645669
21
-4.1750946062992123
0
LINE
8
BLACK
6
CONTINUOUS
10
5.917872834645669
20
-4.1750946062992123
11
5.9170376771653546
21
-4.1747486614173228
0
LINE
8
BLACK
6
CONTINUOUS
10
5.9170376771653546
20
-4.1747486614173228
11
5.9166917322834642
21
-4.1739135039370074
0
LINE
8
BLACK
6
CONTINUOUS
10
5.9166917322834642
20
-4.1739135039370074
11
5.9170376771653546
21
-4.173078346456693
0
LINE
8
BLACK
6
CONTINUOUS
10
5.9170376771653546
20
-4.173078346456693
11
5.917872834645669
21
-4.1727324015748026
0
LINE
8
BLACK
6
CONTINUOUS
10
5.917872834645669
20
-4.1727324015748026
11
5.9219410629921256
21
-4.1727324015748026
0
LINE
8
BLACK
6
CONTINUOUS
10
5.9219410629921256
20
-4.1727324015748026
11
5.9219410629921256
21
-4.167595551181102
0
LINE
8
BLACK
6
CONTINUOUS
10
5.9219410629921256
20
-4.167595551181102
11
5.9156231102362202
21
-4.167595551181102
0
LINE
8
BLACK
6
CONTINUOUS
10
5.9156231102362202
20
-4.167595551181102
11
5.9147879527559057
21
-4.1672496062992126
0
LINE
8
BLACK
6
CONTINUOUS
10
5.9147879527559057
20
-4.1672496062992126
11
5.9144420078740154
21
-4.1664144488188972
0
LINE
8
BLACK
6
CONTINUOUS
10
5.9144420078740154
20
-4.1664144488188972
11
5.9147879527559057
21
-4.1655792913385827
0
LINE
8
BLACK
6
CONTINUOUS
10
5.9147879527559057
20
-4.1655792913385827
11
5.9156231102362202
21
-4.1652333464566924
0
LINE
8
BLACK
6
CONTINUOUS
10
5.9156231102362202
20
-4.1652333464566924
11
5.9231221653543304
21
-4.1652333464566924
0
LINE
8
BLACK
6
CONTINUOUS
10
5.9231221653543304
20
-4.1652333464566924
11
5.9239573228346458
21
-4.1655792913385827
0
LINE
8
BLACK
6
CONTINUOUS
10
5.9090647637795275
20
-4.1344557086614175
11
5.9168196062992129
21
-4.1368081102362204
0
LINE
8
BLACK
6
CONTINUOUS
10
5.9168196062992129
20
-4.1368081102362204
11
5.9239664960629916
21
-4.1406282283464568
0
LINE
8
BLACK
6
CONTINUOUS
10
5.9239664960629916
20
-4.1406282283464568
11
5.9302307874015749
21
-4.1457692125984247
0
LINE
8
BLACK
6
CONTINUOUS
10
5.9302307874015749
20
-4.1457692125984247
11
5.9353717716535428
21
-4.152033503937008
0
LINE
8
BLACK
6
CONTINUOUS
10
5.9353717716535428
20
-4.152033503937008
11
5.9391918897637792
21
-4.1591803937007876
0
LINE
8
BLACK
6
CONTINUOUS
10
5.9391918897637792
20
-4.1591803937007876
11
5.941544291338583
21
-4.1669352362204721
0
LINE
8
BLACK
6
CONTINUOUS
10
5.941544291338583
20
-4.1669352362204721
11
5.9423385826771655
21
-4.1749999999999998
0
LINE
8
BLACK
6
CONTINUOUS
10
5.9423385826771655
20
-4.1749999999999998
11
5.941544291338583
21
-4.1830647637795275
0
LINE
8
BLACK
6
CONTINUOUS
10
5.941544291338583
20
-4.1830647637795275
11
5.9391918897637792
21
-4.1908196062992129
0
LINE
8
BLACK
6
CONTINUOUS
10
5.9391918897637792
20
-4.1908196062992129
11
5.9353717716535428
21
-4.1979664960629917
0
LINE
8
BLACK
6
CONTINUOUS
10
5.9353717716535428
20
-4.1979664960629917
11
5.9302307874015749
21
-4.204230787401575
0
LINE
8
BLACK
6
CONTINUOUS
10
5.9302307874015749
20
-4.204230787401575
11
5.9239664960629916
21
-4.2093717716535428
0
LINE
8
BLACK
6
CONTINUOUS
10
5.9239664960629916
20
-4.2093717716535428
11
5.9168196062992129
21
-4.2131918897637792
0
LINE
8
BLACK
6
CONTINUOUS
10
5.9168196062992129
20
-4.2131918897637792
11
5.9090647637795275
21
-4.215544291338583
0
LINE
8
BLACK
6
CONTINUOUS
10
5.9090647637795275
20
-4.215544291338583
11
5.9009999999999998
21
-4.2163385826771655
0
LINE
8
BLACK
6
CONTINUOUS
10
5.9009999999999998
20
-4.2163385826771655
11
5.8929352362204721
21
-4.215544291338583
0
LINE
8
BLACK
6
CONTINUOUS
10
5.8929352362204721
20
-4.215544291338583
11
5.8851803937007876
21
-4.2131918897637792
0
LINE
8
BLACK
6
CONTINUOUS
10
5.8851803937007876
20
-4.2131918897637792
11
5.878033503937008
21
-4.2093717716535428
0
LINE
8
BLACK
6
CONTINUOUS
10
5.878033503937008
20
-4.2093717716535428
11
5.8717692125984247
21
-4.204230787401575
0
LINE
8
BLACK
6
CONTINUOUS
10
5.8717692125984247
20
-4.204230787401575
11
5.8666282283464568
21
-4.1979664960629917
0
LINE
8
BLACK
6
CONTINUOUS
10
5.8666282283464568
20
-4.1979664960629917
11
5.8628081102362204
21
-4.1908196062992129
0
LINE
8
BLACK
6
CONTINUOUS
10
5.8628081102362204
20
-4.1908196062992129
11
5.8604557086614175
21
-4.1830647637795275
0
LINE
8
BLACK
6
CONTINUOUS
10
5.8604557086614175
20
-4.1830647637795275
11
5.8596614173228341
21
-4.1749999999999998
0
LINE
8
BLACK
6
CONTINUOUS
10
5.8596614173228341
20
-4.1749999999999998
11
5.8604557086614175
21
-4.1669352362204721
0
LINE
8
BLACK
6
CONTINUOUS
10
5.8604557086614175
20
-4.1669352362204721
11
5.8628081102362204
21
-4.1591803937007876
0
LINE
8
BLACK
6
CONTINUOUS
10
5.8628081102362204
20
-4.1591803937007876
11
5.8666282283464568
21
-4.152033503937008
0
LINE
8
BLACK
6
CONTINUOUS
10
5.8666282283464568
20
-4.152033503937008
11
5.8717692125984247
21
-4.1457692125984247
0
LINE
8
BLACK
6
CONTINUOUS
10
5.8717692125984247
20
-4.1457692125984247
11
5.878033503937008
21
-4.1406282283464568
0
LINE
8
BLACK
6
CONTINUOUS
10
5.878033503937008
20
-4.1406282283464568
11
5.8851803937007876
21
-4.1368081102362204
0
LINE
8
BLACK
6
CONTINUOUS
10
5.8851803937007876
20
-4.1368081102362204
11
5.8929352362204721
21
-4.1344557086614175
0
LINE
8
BLACK
6
CONTINUOUS
10
5.8929352362204721
20
-4.1344557086614175
11
5.9009999999999998
21
-4.133661417322835
0
LINE
8
BLACK
6
CONTINUOUS
10
5.9009999999999998
20
-4.133661417322835
11
5.9090647637795275
21
-4.1344557086614175
0
LINE
8
BLACK
6
CONTINUOUS
10
5.8641395669291336
20
-4.1823320078740158
11
5.8662782283464567
21
-4.1893822047244091
0
LINE
8
BLACK
6
CONTINUOUS
10
5.8662782283464567
20
-4.1893822047244091
11
5.8697512598425199
21
-4.1958797637795273
0
LINE
8
BLACK
6
CONTINUOUS
10
5.8697512598425199
20
-4.1958797637795273
11
5.8744251181102358
21
-4.2015748818897638
0
LINE
8
BLACK
6
CONTINUOUS
10
5.8744251181102358
20
-4.2015748818897638
11
5.8801202362204723
21
-4.2062487401574806
0
LINE
8
BLACK
6
CONTINUOUS
10
5.8801202362204723
20
-4.2062487401574806
11
5.8866177952755905
21
-4.2097217716535429
0
LINE
8
BLACK
6
CONTINUOUS
10
5.8866177952755905
20
-4.2097217716535429
11
5.8936679921259838
21
-4.211860433070866
0
LINE
8
BLACK
6
CONTINUOUS
10
5.8936679921259838
20
-4.211860433070866
11
5.9009999999999998
21
-4.212582559055118
0
LINE
8
BLACK
6
CONTINUOUS
10
5.9009999999999998
20
-4.212582559055118
11
5.9083320078740158
21
-4.211860433070866
0
LINE
8
BLACK
6
CONTINUOUS
10
5.9083320078740158
20
-4.211860433070866
11
5.9153822047244091
21
-4.2097217716535429
0
LINE
8
BLACK
6
CONTINUOUS
10
5.9153822047244091
20
-4.2097217716535429
11
5.9218797637795273
21
-4.2062487401574806
0
LINE
8
BLACK
6
CONTINUOUS
10
5.9218797637795273
20
-4.2062487401574806
11
5.9275748818897638
21
-4.2015748818897638
0
LINE
8
BLACK
6
CONTINUOUS
10
5.9275748818897638
20
-4.2015748818897638
11
5.9322487401574806
21
-4.1958797637795273
0
LINE
8
BLACK
6
CONTINUOUS
10
5.9322487401574806
20
-4.1958797637795273
11
5.9357217716535429
21
-4.1893822047244091
0
LINE
8
BLACK
6
CONTINUOUS
10
5.9357217716535429
20
-4.1893822047244091
11
5.937860433070866
21
-4.1823320078740158
0
LINE
8
BLACK
6
CONTINUOUS
10
5.937860433070866
20
-4.1823320078740158
11
5.938582559055118
21
-4.1749999999999998
0
LINE
8
BLACK
6
CONTINUOUS
10
5.938582559055118
20
-4.1749999999999998
11
5.937860433070866
21
-4.1676679921259838
0
LINE
8
BLACK
6
CONTINUOUS
10
5.937860433070866
20
-4.1676679921259838
11
5.9357217716535429
21
-4.1606177952755905
0
LINE
8
BLACK
6
CONTINUOUS
10
5.9357217716535429
20
-4.1606177952755905
11
5.9322487401574806
21
-4.1541202362204723
0
LINE
8
BLACK
6
CONTINUOUS
10
5.9322487401574806
20
-4.1541202362204723
11
5.9275748818897638
21
-4.1484251181102358
0
LINE
8
BLACK
6
CONTINUOUS
10
5.9275748818897638
20
-4.1484251181102358
11
5.9218797637795273
21
-4.1437512598425199
0
LINE
8
BLACK
6
CONTINUOUS
10
5.9218797637795273
20
-4.1437512598425199
11
5.9153822047244091
21
-4.1402782283464568
0
LINE
8
BLACK
6
CONTINUOUS
10
5.9153822047244091
20
-4.1402782283464568
11
5.9083320078740158
21
-4.1381395669291337
0
LINE
8
BLACK
6
CONTINUOUS
10
5.9083320078740158
20
-4.1381395669291337
11
5.9009999999999998
21
-4.1374174409448816
0
LINE
8
BLACK
6
CONTINUOUS
10
5.9009999999999998
20
-4.1374174409448816
11
5.8936679921259838
21
-4.1381395669291337
0
LINE
8
BLACK
6
CONTINUOUS
10
5.8936679921259838
20
-4.1381395669291337
11
5.8866177952755905
21
-4.1402782283464568
0
LINE
8
BLACK
6
CONTINUOUS
10
5.8866177952755905
20
-4.1402782283464568
11
5.8801202362204723
21
-4.1437512598425199
0
LINE
8
BLACK
6
CONTINUOUS
10
5.8801202362204723
20
-4.1437512598425199
11
5.8744251181102358
21
-4.1484251181102358
0
LINE
8
BLACK
6
CONTINUOUS
10
5.8744251181102358
20
-4.1484251181102358
11
5.8697512598425199
21
-4.1541202362204723
0
LINE
8
BLACK
6
CONTINUOUS
10
5.8697512598425199
20
-4.1541202362204723
11
5.8662782283464567
21
-4.1606177952755905
0
LINE
8
BLACK
6
CONTINUOUS
10
5.8662782283464567
20
-4.1606177952755905
11
5.8641395669291336
21
-4.1676679921259838
0
LINE
8
BLACK
6
CONTINUOUS
10
5.8641395669291336
20
-4.1676679921259838
11
5.8634174409448816
21
-4.1749999999999998
0
LINE
8
BLACK
6
CONTINUOUS
10
5.8634174409448816
20
-4.1749999999999998
11
5.8641395669291336
21
-4.1823320078740158
0
LINE
8
BLACK
6
CONTINUOUS
10
5.0028731102362203
20
-4.1714761811023617
11
5.0030559448818899
21
-4.1714891732283466
0
LINE
8
BLACK
6
CONTINUOUS
10
5.0030559448818899
20
-4.1714891732283466
11
5.0040308267716531
21
-4.1719766535433074
0
LINE
8
BLACK
6
CONTINUOUS
10
5.0040308267716531
20
-4.1719766535433074
11
5.0041157086614172
21
-4.1720745275590554
0
LINE
8
BLACK
6
CONTINUOUS
10
5.0041157086614172
20
-4.1720745275590554
11
5.0042354724409446
21
-4.1721241338582677
0
LINE
8
BLACK
6
CONTINUOUS
10
5.0042354724409446
20
-4.1721241338582677
11
5.0047229133858266
21
-4.1726115748031498
0
LINE
8
BLACK
6
CONTINUOUS
10
5.0047229133858266
20
-4.1726115748031498
11
5.0047724803149602
21
-4.1727312598425197
0
LINE
8
BLACK
6
CONTINUOUS
10
5.0047724803149602
20
-4.1727312598425197
11
5.0048704330708658
21
-4.1728162204724413
0
LINE
8
BLACK
6
CONTINUOUS
10
5.0048704330708658
20
-4.1728162204724413
11
5.0053578346456691
21
-4.1737911023622045
0
LINE
8
BLACK
6
CONTINUOUS
10
5.0053578346456691
20
-4.1737911023622045
11
5.0053707874015743
21
-4.1739738976377954
0
LINE
8
BLACK
6
CONTINUOUS
10
5.0053707874015743
20
-4.1739738976377954
11
5.0054409448818893
21
-4.1741432283464563
0
LINE
8
BLACK
6
CONTINUOUS
10
5.0054409448818893
20
-4.1741432283464563
11
5.0054409448818893
21
-4.1760929921259837
0
LINE
8
BLACK
6
CONTINUOUS
10
5.0054409448818893
20
-4.1760929921259837
11
5.0053707874015743
21
-4.1762622834645668
0
LINE
8
BLACK
6
CONTINUOUS
10
5.0053707874015743
20
-4.1762622834645668
11
5.0053578346456691
21
-4.1764451181102364
0
LINE
8
BLACK
6
CONTINUOUS
10
5.0053578346456691
20
-4.1764451181102364
11
5.0048704330708658
21
-4.1774199999999997
0
LINE
8
BLACK
6
CONTINUOUS
10
5.0048704330708658
20
-4.1774199999999997
11
5.0047724803149602
21
-4.1775049212598425
0
LINE
8
BLACK
6
CONTINUOUS
10
5.0047724803149602
20
-4.1775049212598425
11
5.0047229133858266
21
-4.1776246456692911
0
LINE
8
BLACK
6
CONTINUOUS
10
5.0047229133858266
20
-4.1776246456692911
11
5.0042354724409446
21
-4.1781120866141732
0
LINE
8
BLACK
6
CONTINUOUS
10
5.0042354724409446
20
-4.1781120866141732
11
5.0041157086614172
21
-4.1781616535433068
0
LINE
8
BLACK
6
CONTINUOUS
10
5.0041157086614172
20
-4.1781616535433068
11
5.0040308267716531
21
-4.1782595669291336
0
LINE
8
BLACK
6
CONTINUOUS
10
5.0040308267716531
20
-4.1782595669291336
11
5.0030559448818899
21
-4.1787470472440944
0
LINE
8
BLACK
6
CONTINUOUS
10
5.0030559448818899
20
-4.1787470472440944
11
5.0028731102362203
21
-4.1787599999999996
0
LINE
8
BLACK
6
CONTINUOUS
10
5.0028731102362203
20
-4.1787599999999996
11
5.002703818897638
21
-4.1788301574803146
0
LINE
8
BLACK
6
CONTINUOUS
10
5.002703818897638
20
-4.1788301574803146
11
5.0002666141732286
21
-4.1788301574803146
0
LINE
8
BLACK
6
CONTINUOUS
10
5.0002666141732286
20
-4.1788301574803146
11
5.0000973228346455
21
-4.1787600393700783
0
LINE
8
BLACK
6
CONTINUOUS
10
5.0000973228346455
20
-4.1787600393700783
11
4.9999144881889759
21
-4.1787470472440944
0
LINE
8
BLACK
6
CONTINUOUS
10
4.9999144881889759
20
-4.1787470472440944
11
4.9989396062992126
21
-4.1782596062992123
0
LINE
8
BLACK
6
CONTINUOUS
10
4.9989396062992126
20
-4.1782596062992123
11
4.9988546850393698
21
-4.1781616535433068
0
LINE
8
BLACK
6
CONTINUOUS
10
4.9988546850393698
20
-4.1781616535433068
11
4.9987349606299212
21
-4.1781120866141732
0
LINE
8
BLACK
6
CONTINUOUS
10
4.9987349606299212
20
-4.1781120866141732
11
4.9982475196850391
21
-4.1776246456692911
0
LINE
8
BLACK
6
CONTINUOUS
10
4.9982475196850391
20
-4.1776246456692911
11
4.9981979133858268
21
-4.1775048818897638
0
LINE
8
BLACK
6
CONTINUOUS
10
4.9981979133858268
20
-4.1775048818897638
11
4.9981000393700787
21
-4.1774199999999997
0
LINE
8
BLACK
6
CONTINUOUS
10
4.9981000393700787
20
-4.1774199999999997
11
4.9976125590551179
21
-4.1764451181102364
0
LINE
8
BLACK
6
CONTINUOUS
10
4.9976125590551179
20
-4.1764451181102364
11
4.997599566929134
21
-4.1762622834645668
0
LINE
8
BLACK
6
CONTINUOUS
10
4.997599566929134
20
-4.1762622834645668
11
4.9975294488188977
21
-4.1760929921259837
0
LINE
8
BLACK
6
CONTINUOUS
10
4.9975294488188977
20
-4.1760929921259837
11
4.9975294488188977
21
-4.1741432283464563
0
LINE
8
BLACK
6
CONTINUOUS
10
4.9975294488188977
20
-4.1741432283464563
11
4.997599566929134
21
-4.1739738976377954
0
LINE
8
BLACK
6
CONTINUOUS
10
4.997599566929134
20
-4.1739738976377954
11
4.9976125590551179
21
-4.1737911023622045
0
LINE
8
BLACK
6
CONTINUOUS
10
4.9976125590551179
20
-4.1737911023622045
11
4.9978914566929129
21
-4.1732333070866137
0
LINE
8
BLACK
6
CONTINUOUS
10
4.9978914566929129
20
-4.1732333070866137
11
4.99717779527559
21
-4.1734117322834647
0
LINE
8
BLACK
6
CONTINUOUS
10
4.99717779527559
20
-4.1734117322834647
11
4.9958938188976374
21
-4.1742677165354332
0
LINE
8
BLACK
6
CONTINUOUS
10
4.9958938188976374
20
-4.1742677165354332
11
4.9955519291338586
21
-4.1746096062992128
0
LINE
8
BLACK
6
CONTINUOUS
10
4.9955519291338586
20
-4.1746096062992128
11
4.9952047244094491
21
-4.175304015748031
0
LINE
8
BLACK
6
CONTINUOUS
10
4.9952047244094491
20
-4.175304015748031
11
4.9952047244094491
21
-4.1770678740157479
0
LINE
8
BLACK
6
CONTINUOUS
10
4.9952047244094491
20
-4.1770678740157479
11
4.9949740944881889
21
-4.1776246456692911
0
LINE
8
BLACK
6
CONTINUOUS
10
4.9949740944881889
20
-4.1776246456692911
11
4.9944173228346456
21
-4.1778552755905514
0
LINE
8
BLACK
6
CONTINUOUS
10
4.9944173228346456
20
-4.1778552755905514
11
4.9938605511811023
21
-4.1776246456692911
0
LINE
8
BLACK
6
CONTINUOUS
10
4.9938605511811023
20
-4.1776246456692911
11
4.9936299212598421
21
-4.1770678740157479
0
LINE
8
BLACK
6
CONTINUOUS
10
4.9936299212598421
20
-4.1770678740157479
11
4.9936299212598421
21
-4.1751181102362205
0
LINE
8
BLACK
6
CONTINUOUS
10
4.9936299212598421
20
-4.1751181102362205
11
4.9937000393700783
21
-4.1749487795275586
0
LINE
8
BLACK
6
CONTINUOUS
10
4.9937000393700783
20
-4.1749487795275586
11
4.9937130314960632
21
-4.1747659842519687
0
LINE
8
BLACK
6
CONTINUOUS
10
4.9937130314960632
20
-4.1747659842519687
11
4.9942005118110231
21
-4.1737911023622045
0
LINE
8
BLACK
6
CONTINUOUS
10
4.9942005118110231
20
-4.1737911023622045
11
4.9942983858267711
21
-4.1737061811023617
0
LINE
8
BLACK
6
CONTINUOUS
10
4.9942983858267711
20
-4.1737061811023617
11
4.9943479921259843
21
-4.1735864566929131
0
LINE
8
BLACK
6
CONTINUOUS
10
4.9943479921259843
20
-4.1735864566929131
11
4.9948354330708664
21
-4.173099015748031
0
LINE
8
BLACK
6
CONTINUOUS
10
4.9948354330708664
20
-4.173099015748031
11
4.99491031496063
21
-4.1730679921259846
0
LINE
8
BLACK
6
CONTINUOUS
10
4.99491031496063
20
-4.1730679921259846
11
4.9949554330708663
21
-4.1730006299212601
0
LINE
8
BLACK
6
CONTINUOUS
10
4.9949554330708663
20
-4.1730006299212601
11
4.9964177559055116
21
-4.172025748031496
0
LINE
8
BLACK
6
CONTINUOUS
10
4.9964177559055116
20
-4.172025748031496
11
4.9965528346456693
21
-4.1719990157480318
0
LINE
8
BLACK
6
CONTINUOUS
10
4.9965528346456693
20
-4.1719990157480318
11
4.9966635433070863
21
-4.1719170078740158
0
LINE
8
BLACK
6
CONTINUOUS
10
4.9966635433070863
20
-4.1719170078740158
11
4.9986133070866137
21
-4.1714295669291337
0
LINE
8
BLACK
6
CONTINUOUS
10
4.9986133070866137
20
-4.1714295669291337
11
4.9987120472440942
21
-4.171444251968504
0
LINE
8
BLACK
6
CONTINUOUS
10
4.9987120472440942
20
-4.171444251968504
11
4.9988042913385824
21
-4.1714060629921255
0
LINE
8
BLACK
6
CONTINUOUS
10
4.9988042913385824
20
-4.1714060629921255
11
5.002703818897638
21
-4.1714060629921255
0
LINE
8
BLACK
6
CONTINUOUS
10
5.002703818897638
20
-4.1714060629921255
11
5.0028731102362203
21
-4.1714761811023617
0
LINE
8
BLACK
6
CONTINUOUS
10
4.9997581102362201
20
-4.1733280314960632
11
4.9994514566929134
21
-4.1736347244094487
0
LINE
8
BLACK
6
CONTINUOUS
10
4.9994514566929134
20
-4.1736347244094487
11
4.9991042519685038
21
-4.1743291338582678
0
LINE
8
BLACK
6
CONTINUOUS
10
4.9991042519685038
20
-4.1743291338582678
11
4.9991042519685038
21
-4.1759070866141732
0
LINE
8
BLACK
6
CONTINUOUS
10
4.9991042519685038
20
-4.1759070866141732
11
4.9994514566929134
21
-4.1766014960629922
0
LINE
8
BLACK
6
CONTINUOUS
10
4.9994514566929134
20
-4.1766014960629922
11
4.9997581102362201
21
-4.176908149606299
0
LINE
8
BLACK
6
CONTINUOUS
10
4.9997581102362201
20
-4.176908149606299
11
5.0004524409448816
21
-4.1772553543307085
0
LINE
8
BLACK
6
CONTINUOUS
10
5.0004524409448816
20
-4.1772553543307085
11
5.0025179133858266
21
-4.1772553543307085
0
LINE
8
BLACK
6
CONTINUOUS
10
5.0025179133858266
20
-4.1772553543307085
11
5.0032123228346457
21
-4.176908149606299
0
LINE
8
BLACK
6
CONTINUOUS
10
5.0032123228346457
20
-4.176908149606299
11
5.0035189370078736
21
-4.1766014960629922
0
LINE
8
BLACK
6
CONTINUOUS
10
5.0035189370078736
20
-4.1766014960629922
11
5.0038661417322832
21
-4.175907125984252
0
LINE
8
BLACK
6
CONTINUOUS
10
5.0038661417322832
20
-4.175907125984252
11
5.0038661417322832
21
-4.1743290551181103
0
LINE
8
BLACK
6
CONTINUOUS
10
5.0038661417322832
20
-4.1743290551181103
11
5.0035189370078736
21
-4.17363468503937
0
LINE
8
BLACK
6
CONTINUOUS
10
5.0035189370078736
20
-4.17363468503937
11
5.0032123228346457
21
-4.173328070866142
0
LINE
8
BLACK
6
CONTINUOUS
10
5.0032123228346457
20
-4.173328070866142
11
5.0025179133858266
21
-4.1729808661417325
0
LINE
8
BLACK
6
CONTINUOUS
10
5.0025179133858266
20
-4.1729808661417325
11
5.0004524409448816
21
-4.1729808661417325
0
LINE
8
BLACK
6
CONTINUOUS
10
5.0004524409448816
20
-4.1729808661417325
11
4.9997581102362201
21
-4.1733280314960632
0
LINE
8
BLACK
6
CONTINUOUS
10
5.00521031496063
20
-4.1618879133858266
11
5.0054409448818893
21
-4.1624446850393699
0
LINE
8
BLACK
6
CONTINUOUS
10
5.0054409448818893
20
-4.1624446850393699
11
5.00521031496063
21
-4.1630014566929132
0
LINE
8
BLACK
6
CONTINUOUS
10
5.00521031496063
20
-4.1630014566929132
11
5.0046535433070867
21
-4.1632320866141734
0
LINE
8
BLACK
6
CONTINUOUS
10
5.0046535433070867
20
-4.1632320866141734
11
5.0005665748031491
21
-4.1632320866141734
0
LINE
8
BLACK
6
CONTINUOUS
10
5.0005665748031491
20
-4.1632320866141734
11
5.0005665748031491
21
-4.1644718897637798
0
LINE
8
BLACK
6
CONTINUOUS
10
5.0005665748031491
20
-4.1644718897637798
11
5.0051051181102357
21
-4.1676489370078738
0
LINE
8
BLACK
6
CONTINUOUS
10
5.0051051181102357
20
-4.1676489370078738
11
5.0054289763779529
21
-4.168157165354331
0
LINE
8
BLACK
6
CONTINUOUS
10
5.0054289763779529
20
-4.168157165354331
11
5.0052986220472437
21
-4.168745551181102
0
LINE
8
BLACK
6
CONTINUOUS
10
5.0052986220472437
20
-4.168745551181102
11
5.0047903937007874
21
-4.1690694094488192
0
LINE
8
BLACK
6
CONTINUOUS
10
5.0047903937007874
20
-4.1690694094488192
11
5.0042020078740155
21
-4.16893905511811
0
LINE
8
BLACK
6
CONTINUOUS
10
5.0042020078740155
20
-4.16893905511811
11
5.0005505118110234
21
-4.1663829527559058
0
LINE
8
BLACK
6
CONTINUOUS
10
5.0005505118110234
20
-4.1663829527559058
11
5.0004964566929129
21
-4.1665134645669291
0
LINE
8
BLACK
6
CONTINUOUS
10
5.0004964566929129
20
-4.1665134645669291
11
5.0004834645669289
21
-4.1666963385826774
0
LINE
8
BLACK
6
CONTINUOUS
10
5.0004834645669289
20
-4.1666963385826774
11
4.9999960236220469
21
-4.1676712204724407
0
LINE
8
BLACK
6
CONTINUOUS
10
4.9999960236220469
20
-4.1676712204724407
11
4.9998980708661414
21
-4.1677561023622047
0
LINE
8
BLACK
6
CONTINUOUS
10
4.9998980708661414
20
-4.1677561023622047
11
4.9998485039370077
21
-4.1678758661417321
0
LINE
8
BLACK
6
CONTINUOUS
10
4.9998485039370077
20
-4.1678758661417321
11
4.9993610629921257
21
-4.1683633070866142
0
LINE
8
BLACK
6
CONTINUOUS
10
4.9993610629921257
20
-4.1683633070866142
11
4.9992412992125983
21
-4.1684128740157478
0
LINE
8
BLACK
6
CONTINUOUS
10
4.9992412992125983
20
-4.1684128740157478
11
4.9991564173228342
21
-4.1685107874015745
0
LINE
8
BLACK
6
CONTINUOUS
10
4.9991564173228342
20
-4.1685107874015745
11
4.998181535433071
21
-4.1689982677165354
0
LINE
8
BLACK
6
CONTINUOUS
10
4.998181535433071
20
-4.1689982677165354
11
4.9979987007874014
21
-4.1690112204724405
0
LINE
8
BLACK
6
CONTINUOUS
10
4.9979987007874014
20
-4.1690112204724405
11
4.9978294094488191
21
-4.1690813779527556
0
LINE
8
BLACK
6
CONTINUOUS
10
4.9978294094488191
20
-4.1690813779527556
11
4.9963670866141729
21
-4.1690813779527556
0
LINE
8
BLACK
6
CONTINUOUS
10
4.9963670866141729
20
-4.1690813779527556
11
4.9961977952755907
21
-4.1690112598425193
0
LINE
8
BLACK
6
CONTINUOUS
10
4.9961977952755907
20
-4.1690112598425193
11
4.9960149606299211
21
-4.1689982677165354
0
LINE
8
BLACK
6
CONTINUOUS
10
4.9960149606299211
20
-4.1689982677165354
11
4.995040078740157
21
-4.1685108267716533
0
LINE
8
BLACK
6
CONTINUOUS
10
4.995040078740157
20
-4.1685108267716533
11
4.994955157480315
21
-4.1684128740157478
0
LINE
8
BLACK
6
CONTINUOUS
10
4.994955157480315
20
-4.1684128740157478
11
4.9948354330708664
21
-4.1683633070866142
0
LINE
8
BLACK
6
CONTINUOUS
10
4.9948354330708664
20
-4.1683633070866142
11
4.9943479921259843
21
-4.1678758661417321
0
LINE
8
BLACK
6
CONTINUOUS
10
4.9943479921259843
20
-4.1678758661417321
11
4.9942983858267711
21
-4.1677561023622047
0
LINE
8
BLACK
6
CONTINUOUS
10
4.9942983858267711
20
-4.1677561023622047
11
4.9942005118110231
21
-4.1676712204724407
0
LINE
8
BLACK
6
CONTINUOUS
10
4.9942005118110231
20
-4.1676712204724407
11
4.9937130314960632
21
-4.1666963385826774
0
LINE
8
BLACK
6
CONTINUOUS
10
4.9937130314960632
20
-4.1666963385826774
11
4.9937000393700783
21
-4.1665135039370078
0
LINE
8
BLACK
6
CONTINUOUS
10
4.9937000393700783
20
-4.1665135039370078
11
4.9936299212598421
21
-4.1663442125984247
0
LINE
8
BLACK
6
CONTINUOUS
10
4.9936299212598421
20
-4.1663442125984247
11
4.9936299212598421
21
-4.1624446850393699
0
LINE
8
BLACK
6
CONTINUOUS
10
4.9936299212598421
20
-4.1624446850393699
11
4.9938605511811023
21
-4.1618879133858266
0
LINE
8
BLACK
6
CONTINUOUS
10
4.9938605511811023
20
-4.1618879133858266
11
4.9944173228346456
21
-4.1616572834645664
0
LINE
8
BLACK
6
CONTINUOUS
10
4.9944173228346456
20
-4.1616572834645664
11
5.0046535433070867
21
-4.1616572834645664
0
LINE
8
BLACK
6
CONTINUOUS
10
5.0046535433070867
20
-4.1616572834645664
11
5.00521031496063
21
-4.1618879133858266
0
LINE
8
BLACK
6
CONTINUOUS
10
4.9952047244094491
20
-4.1661583070866142
11
4.9955519291338586
21
-4.1668527165354332
0
LINE
8
BLACK
6
CONTINUOUS
10
4.9955519291338586
20
-4.1668527165354332
11
4.9958585826771653
21
-4.1671593700787399
0
LINE
8
BLACK
6
CONTINUOUS
10
4.9958585826771653
20
-4.1671593700787399
11
4.9965529133858269
21
-4.1675065748031495
0
LINE
8
BLACK
6
CONTINUOUS
10
4.9965529133858269
20
-4.1675065748031495
11
4.9976435039370077
21
-4.1675065748031495
0
LINE
8
BLACK
6
CONTINUOUS
10
4.9976435039370077
20
-4.1675065748031495
11
4.9983379133858268
21
-4.1671593700787399
0
LINE
8
BLACK
6
CONTINUOUS
10
4.9983379133858268
20
-4.1671593700787399
11
4.9986445669291335
21
-4.1668526771653545
0
LINE
8
BLACK
6
CONTINUOUS
10
4.9986445669291335
20
-4.1668526771653545
11
4.998991771653543
21
-4.1661583464566929
0
LINE
8
BLACK
6
CONTINUOUS
10
4.998991771653543
20
-4.1661583464566929
11
4.998991771653543
21
-4.1632320866141734
0
LINE
8
BLACK
6
CONTINUOUS
10
4.998991771653543
20
-4.1632320866141734
11
4.9952047244094491
21
-4.1632320866141734
0
LINE
8
BLACK
6
CONTINUOUS
10
4.9952047244094491
20
-4.1632320866141734
11
4.9952047244094491
21
-4.1661583070866142
0
LINE
8
BLACK
6
CONTINUOUS
10
5.0106299212598424
20
-4.1473622047244092
11
5.0120218503937011
21
-4.1479387795275589
0
LINE
8
BLACK
6
CONTINUOUS
10
5.0120218503937011
20
-4.1479387795275589
11
5.0125984251968498
21
-4.1493307086614175
0
LINE
8
BLACK
6
CONTINUOUS
10
5.0125984251968498
20
-4.1493307086614175
11
5.0125984251968498
21
-4.1906692913385823
0
LINE
8
BLACK
6
CONTINUOUS
10
5.0125984251968498
20
-4.1906692913385823
11
5.0120218503937011
21
-4.192061220472441
0
LINE
8
BLACK
6
CONTINUOUS
10
5.0120218503937011
20
-4.192061220472441
11
5.0106299212598424
21
-4.1926377952755907
0
LINE
8
BLACK
6
CONTINUOUS
10
5.0106299212598424
20
-4.1926377952755907
11
4.9893700787401576
21
-4.1926377952755907
0
LINE
8
BLACK
6
CONTINUOUS
10
4.9893700787401576
20
-4.1926377952755907
11
4.9879781496062989
21
-4.192061220472441
0
LINE
8
BLACK
6
CONTINUOUS
10
4.9879781496062989
20
-4.192061220472441
11
4.9874015748031493
21
-4.1906692913385823
0
LINE
8
BLACK
6
CONTINUOUS
10
4.9874015748031493
20
-4.1906692913385823
11
4.9874015748031493
21
-4.1493307086614175
0
LINE
8
BLACK
6
CONTINUOUS
10
4.9874015748031493
20
-4.1493307086614175
11
4.9879781496062989
21
-4.1479387795275589
0
LINE
8
BLACK
6
CONTINUOUS
10
4.9879781496062989
20
-4.1479387795275589
11
4.9893700787401576
21
-4.1473622047244092
0
LINE
8
BLACK
6
CONTINUOUS
10
4.9893700787401576
20
-4.1473622047244092
11
5.0106299212598424
21
-4.1473622047244092
0
LINE
8
BLACK
6
CONTINUOUS
10
4.991338582677165
20
-4.1512992125984249
11
4.991338582677165
21
-4.1887007874015749
0
LINE
8
BLACK
6
CONTINUOUS
10
4.991338582677165
20
-4.1887007874015749
11
5.0086614173228341
21
-4.1887007874015749
0
LINE
8
BLACK
6
CONTINUOUS
10
5.0086614173228341
20
-4.1887007874015749
11
5.0086614173228341
21
-4.1512992125984249
0
LINE
8
BLACK
6
CONTINUOUS
10
5.0086614173228341
20
-4.1512992125984249
11
4.991338582677165
21
-4.1512992125984249
0
LINE
8
BLACK
6
CONTINUOUS
10
5.7926669685039371
20
-4.1689428740157481
11
5.7929207874015747
21
-4.1690194881889759
0
LINE
8
BLACK
6
CONTINUOUS
10
5.7929207874015747
20
-4.1690194881889759
11
5.7929404724409448
21
-4.1690561811023619
0
LINE
8
BLACK
6
CONTINUOUS
10
5.7929404724409448
20
-4.1690561811023619
11
5.7929789370078737
21
-4.1690721259842523
0
LINE
8
BLACK
6
CONTINUOUS
10
5.7929789370078737
20
-4.1690721259842523
11
5.7930803149606298
21
-4.1693168897637793
0
LINE
8
BLACK
6
CONTINUOUS
10
5.7930803149606298
20
-4.1693168897637793
11
5.7932056692913383
21
-4.1695505511811026
0
LINE
8
BLACK
6
CONTINUOUS
10
5.7932056692913383
20
-4.1695505511811026
11
5.7936743307086616
21
-4.1742374803149609
0
LINE
8
BLACK
6
CONTINUOUS
10
5.7936743307086616
20
-4.1742374803149609
11
5.7936622834645668
21
-4.174277362204724
0
LINE
8
BLACK
6
CONTINUOUS
10
5.7936622834645668
20
-4.174277362204724
11
5.7936782283464563
21
-4.1743158661417326
0
LINE
8
BLACK
6
CONTINUOUS
10
5.7936782283464563
20
-4.1743158661417326
11
5.7935767716535436
21
-4.1745607480314959
0
LINE
8
BLACK
6
CONTINUOUS
10
5.7935767716535436
20
-4.1745607480314959
11
5.7935002362204724
21
-4.1748144488188972
0
LINE
8
BLACK
6
CONTINUOUS
10
5.7935002362204724
20
-4.1748144488188972
11
5.7934635433070865
21
-4.1748340944881885
0
LINE
8
BLACK
6
CONTINUOUS
10
5.7934635433070865
20
-4.1748340944881885
11
5.793447598425197
21
-4.1748726377952758
0
LINE
8
BLACK
6
CONTINUOUS
10
5.793447598425197
20
-4.1748726377952758
11
5.7932026377952752
21
-4.1749740551181098
0
LINE
8
BLACK
6
CONTINUOUS
10
5.7932026377952752
20
-4.1749740551181098
11
5.7929691732283466
21
-4.1750993307086617
0
LINE
8
BLACK
6
CONTINUOUS
10
5.7929691732283466
20
-4.1750993307086617
11
5.7929292913385826
21
-4.1750872834645669
0
LINE
8
BLACK
6
CONTINUOUS
10
5.7929292913385826
20
-4.1750872834645669
11
5.7928908267716537
21
-4.1751032283464564
0
LINE
8
BLACK
6
CONTINUOUS
10
5.7928908267716537
20
-4.1751032283464564
11
5.7926459842519682
21
-4.1750018110236216
0
LINE
8
BLACK
6
CONTINUOUS
10
5.7926459842519682
20
-4.1750018110236216
11
5.7923922047244094
21
-4.1749252362204725
0
LINE
8
BLACK
6
CONTINUOUS
10
5.7923922047244094
20
-4.1749252362204725
11
5.7923724803149605
21
-4.1748885039370078
0
LINE
8
BLACK
6
CONTINUOUS
10
5.7923724803149605
20
-4.1748885039370078
11
5.7923340551181104
21
-4.1748725984251971
0
LINE
8
BLACK
6
CONTINUOUS
10
5.7923340551181104
20
-4.1748725984251971
11
5.7919556692913385
21
-4.1744942125984252
0
LINE
8
BLACK
6
CONTINUOUS
10
5.7919556692913385
20
-4.1744942125984252
11
5.7912988582677167
21
-4.1741658267716533
0
LINE
8
BLACK
6
CONTINUOUS
10
5.7912988582677167
20
-4.1741658267716533
11
5.7893272047244091
21
-4.1741658267716533
0
LINE
8
BLACK
6
CONTINUOUS
10
5.7893272047244091
20
-4.1741658267716533
11
5.7886703543307085
21
-4.174494251968504
0
LINE
8
BLACK
6
CONTINUOUS
10
5.7886703543307085
20
-4.174494251968504
11
5.7883823228346456
21
-4.1747822440944882
0
LINE
8
BLACK
6
CONTINUOUS
10
5.7883823228346456
20
-4.1747822440944882
11
5.7880539370078736
21
-4.17543905511811
0
LINE
8
BLACK
6
CONTINUOUS
10
5.7880539370078736
20
-4.17543905511811
11
5.7880539370078736
21
-4.1774107480314964
0
LINE
8
BLACK
6
CONTINUOUS
10
5.7880539370078736
20
-4.1774107480314964
11
5.7883823622047244
21
-4.1780676377952757
0
LINE
8
BLACK
6
CONTINUOUS
10
5.7883823622047244
20
-4.1780676377952757
11
5.788670275590551
21
-4.1783555511811024
0
LINE
8
BLACK
6
CONTINUOUS
10
5.788670275590551
20
-4.1783555511811024
11
5.7893272047244091
21
-4.1786840157480318
0
LINE
8
BLACK
6
CONTINUOUS
10
5.7893272047244091
20
-4.1786840157480318
11
5.7912988582677167
21
-4.1786840157480318
0
LINE
8
BLACK
6
CONTINUOUS
10
5.7912988582677167
20
-4.1786840157480318
11
5.7919557086614173
21
-4.1783555905511811
0
LINE
8
BLACK
6
CONTINUOUS
10
5.7919557086614173
20
-4.1783555905511811
11
5.7923340551181104
21
-4.1779772834645668
0
LINE
8
BLACK
6
CONTINUOUS
10
5.7923340551181104
20
-4.1779772834645668
11
5.7928908267716537
21
-4.1777466535433074
0
LINE
8
BLACK
6
CONTINUOUS
10
5.7928908267716537
20
-4.1777466535433074
11
5.793447598425197
21
-4.177977244094488
0
LINE
8
BLACK
6
CONTINUOUS
10
5.793447598425197
20
-4.177977244094488
11
5.7936782283464563
21
-4.1785340157480313
0
LINE
8
BLACK
6
CONTINUOUS
10
5.7936782283464563
20
-4.1785340157480313
11
5.7934476377952757
21
-4.1790907874015746
0
LINE
8
BLACK
6
CONTINUOUS
10
5.7934476377952757
20
-4.1790907874015746
11
5.7929789763779524
21
-4.1795595275590554
0
LINE
8
BLACK
6
CONTINUOUS
10
5.7929789763779524
20
-4.1795595275590554
11
5.7928591732283463
21
-4.1796091338582677
0
LINE
8
BLACK
6
CONTINUOUS
10
5.7928591732283463
20
-4.1796091338582677
11
5.7927742913385822
21
-4.1797070472440945
0
LINE
8
BLACK
6
CONTINUOUS
10
5.7927742913385822
20
-4.1797070472440945
11
5.7918368897637791
21
-4.1801757086614169
0
LINE
8
BLACK
6
CONTINUOUS
10
5.7918368897637791
20
-4.1801757086614169
11
5.7916540551181104
21
-4.1801886614173229
0
LINE
8
BLACK
6
CONTINUOUS
10
5.7916540551181104
20
-4.1801886614173229
11
5.7914847637795273
21
-4.180258818897638
0
LINE
8
BLACK
6
CONTINUOUS
10
5.7914847637795273
20
-4.180258818897638
11
5.7891412992125986
21
-4.180258818897638
0
LINE
8
BLACK
6
CONTINUOUS
10
5.7891412992125986
20
-4.180258818897638
11
5.7889719685039367
21
-4.1801886614173229
0
LINE
8
BLACK
6
CONTINUOUS
10
5.7889719685039367
20
-4.1801886614173229
11
5.7887891732283467
21
-4.1801757086614169
0
LINE
8
BLACK
6
CONTINUOUS
10
5.7887891732283467
20
-4.1801757086614169
11
5.7878518110236223
21
-4.1797070472440945
0
LINE
8
BLACK
6
CONTINUOUS
10
5.7878518110236223
20
-4.1797070472440945
11
5.7877668503937008
21
-4.179609094488189
0
LINE
8
BLACK
6
CONTINUOUS
10
5.7877668503937008
20
-4.179609094488189
11
5.7876471653543309
21
-4.1795595275590554
0
LINE
8
BLACK
6
CONTINUOUS
10
5.7876471653543309
20
-4.1795595275590554
11
5.7871784645669289
21
-4.1790908267716533
0
LINE
8
BLACK
6
CONTINUOUS
10
5.7871784645669289
20
-4.1790908267716533
11
5.7871288582677165
21
-4.1789711023622047
0
LINE
8
BLACK
6
CONTINUOUS
10
5.7871288582677165
20
-4.1789711023622047
11
5.7870309448818897
21
-4.1788861811023619
0
LINE
8
BLACK
6
CONTINUOUS
10
5.7870309448818897
20
-4.1788861811023619
11
5.7865622440944877
21
-4.1779487795275587
0
LINE
8
BLACK
6
CONTINUOUS
10
5.7865622440944877
20
-4.1779487795275587
11
5.7865492519685038
21
-4.17776594488189
0
LINE
8
BLACK
6
CONTINUOUS
10
5.7865492519685038
20
-4.17776594488189
11
5.7864791338582675
21
-4.1775966535433069
0
LINE
8
BLACK
6
CONTINUOUS
10
5.7864791338582675
20
-4.1775966535433069
11
5.7864791338582675
21
-4.1752531889763782
0
LINE
8
BLACK
6
CONTINUOUS
10
5.7864791338582675
20
-4.1752531889763782
11
5.7865492519685038
21
-4.1750838188976376
0
LINE
8
BLACK
6
CONTINUOUS
10
5.7865492519685038
20
-4.1750838188976376
11
5.7865622834645665
21
-4.1749010236220467
0
LINE
8
BLACK
6
CONTINUOUS
10
5.7865622834645665
20
-4.1749010236220467
11
5.7870309448818897
21
-4.1739637007874011
0
LINE
8
BLACK
6
CONTINUOUS
10
5.7870309448818897
20
-4.1739637007874011
11
5.7871288582677165
21
-4.1738787795275591
0
LINE
8
BLACK
6
CONTINUOUS
10
5.7871288582677165
20
-4.1738787795275591
11
5.7871784645669289
21
-4.1737590551181105
0
LINE
8
BLACK
6
CONTINUOUS
10
5.7871784645669289
20
-4.1737590551181105
11
5.7876471653543309
21
-4.1732903543307085
0
LINE
8
BLACK
6
CONTINUOUS
10
5.7876471653543309
20
-4.1732903543307085
11
5.7877668503937008
21
-4.1732407480314961
0
LINE
8
BLACK
6
CONTINUOUS
10
5.7877668503937008
20
-4.1732407480314961
11
5.7878517716535436
21
-4.1731428740157481
0
LINE
8
BLACK
6
CONTINUOUS
10
5.7878517716535436
20
-4.1731428740157481
11
5.788789133858268
21
-4.1726741732283461
0
LINE
8
BLACK
6
CONTINUOUS
10
5.788789133858268
20
-4.1726741732283461
11
5.7889718897637792
21
-4.1726611811023622
0
LINE
8
BLACK
6
CONTINUOUS
10
5.7889718897637792
20
-4.1726611811023622
11
5.7891412992125986
21
-4.1725910236220471
0
LINE
8
BLACK
6
CONTINUOUS
10
5.7891412992125986
20
-4.1725910236220471
11
5.7914847637795273
21
-4.1725910236220471
0
LINE
8
BLACK
6
CONTINUOUS
10
5.7914847637795273
20
-4.1725910236220471
11
5.7916540551181104
21
-4.1726611417322834
0
LINE
8
BLACK
6
CONTINUOUS
10
5.7916540551181104
20
-4.1726611417322834
11
5.7918368897637791
21
-4.1726741338582674
0
LINE
8
BLACK
6
CONTINUOUS
10
5.7918368897637791
20
-4.1726741338582674
11
5.7919404724409445
21
-4.1727259055118111
0
LINE
8
BLACK
6
CONTINUOUS
10
5.7919404724409445
20
-4.1727259055118111
11
5.7917095669291339
21
-4.1704162992125982
0
LINE
8
BLACK
6
CONTINUOUS
10
5.7917095669291339
20
-4.1704162992125982
11
5.7877352362204721
21
-4.1704162992125982
0
LINE
8
BLACK
6
CONTINUOUS
10
5.7877352362204721
20
-4.1704162992125982
11
5.7871784645669289
21
-4.1701856692913388
0
LINE
8
BLACK
6
CONTINUOUS
10
5.7871784645669289
20
-4.1701856692913388
11
5.7869478346456695
21
-4.1696288976377955
0
LINE
8
BLACK
6
CONTINUOUS
10
5.7869478346456695
20
-4.1696288976377955
11
5.7871784645669289
21
-4.1690721259842523
0
LINE
8
BLACK
6
CONTINUOUS
10
5.7871784645669289
20
-4.1690721259842523
11
5.7877352362204721
21
-4.168841496062992
0
LINE
8
BLACK
6
CONTINUOUS
10
5.7877352362204721
20
-4.168841496062992
11
5.7924221653543304
21
-4.168841496062992
0
LINE
8
BLACK
6
CONTINUOUS
10
5.7924221653543304
20
-4.168841496062992
11
5.7926669685039371
21
-4.1689428740157481
0
LINE
8
BLACK
6
CONTINUOUS
10
5.7995722047244094
20
-4.1688910629921256
11
5.799701535433071
21
-4.1688818897637798
0
LINE
8
BLACK
6
CONTINUOUS
10
5.799701535433071
20
-4.1688818897637798
11
5.8011075984251965
21
-4.169350590551181
0
LINE
8
BLACK
6
CONTINUOUS
10
5.8011075984251965
20
-4.169350590551181
11
5.8012460629921261
21
-4.1694706692913384
0
LINE
8
BLACK
6
CONTINUOUS
10
5.8012460629921261
20
-4.1694706692913384
11
5.8014153543307083
21
-4.1695408267716534
0
LINE
8
BLACK
6
CONTINUOUS
10
5.8014153543307083
20
-4.1695408267716534
11
5.8023527559055115
21
-4.1704782283464565
0
LINE
8
BLACK
6
CONTINUOUS
10
5.8023527559055115
20
-4.1704782283464565
11
5.802402322834646
21
-4.1705979133858264
0
LINE
8
BLACK
6
CONTINUOUS
10
5.802402322834646
20
-4.1705979133858264
11
5.8025002362204727
21
-4.1706828346456692
0
LINE
8
BLACK
6
CONTINUOUS
10
5.8025002362204727
20
-4.1706828346456692
11
5.8029689370078739
21
-4.1716201968503936
0
LINE
8
BLACK
6
CONTINUOUS
10
5.8029689370078739
20
-4.1716201968503936
11
5.8029752755905513
21
-4.1717094488188975
0
LINE
8
BLACK
6
CONTINUOUS
10
5.8029752755905513
20
-4.1717094488188975
11
5.8030285826771655
21
-4.1717814173228343
0
LINE
8
BLACK
6
CONTINUOUS
10
5.8030285826771655
20
-4.1717814173228343
11
5.8034972440944879
21
-4.1736561417322831
0
LINE
8
BLACK
6
CONTINUOUS
10
5.8034972440944879
20
-4.1736561417322831
11
5.8034825196850388
21
-4.1737548818897636
0
LINE
8
BLACK
6
CONTINUOUS
10
5.8034825196850388
20
-4.1737548818897636
11
5.8035207480314961
21
-4.1738471259842518
0
LINE
8
BLACK
6
CONTINUOUS
10
5.8035207480314961
20
-4.1738471259842518
11
5.8035207480314961
21
-4.1752531889763782
0
LINE
8
BLACK
6
CONTINUOUS
10
5.8035207480314961
20
-4.1752531889763782
11
5.8034825196850388
21
-4.1753453937007876
0
LINE
8
BLACK
6
CONTINUOUS
10
5.8034825196850388
20
-4.1753453937007876
11
5.8034972440944879
21
-4.175444173228346
0
LINE
8
BLACK
6
CONTINUOUS
10
5.8034972440944879
20
-4.175444173228346
11
5.8030285826771655
21
-4.1773188976377948
0
LINE
8
BLACK
6
CONTINUOUS
10
5.8030285826771655
20
-4.1773188976377948
11
5.8029752755905513
21
-4.1773908267716537
0
LINE
8
BLACK
6
CONTINUOUS
10
5.8029752755905513
20
-4.1773908267716537
11
5.8029689370078739
21
-4.1774801181102363
0
LINE
8
BLACK
6
CONTINUOUS
10
5.8029689370078739
20
-4.1774801181102363
11
5.8025002755905515
21
-4.1784174803149607
0
LINE
8
BLACK
6
CONTINUOUS
10
5.8025002755905515
20
-4.1784174803149607
11
5.802402322834646
21
-4.1785023622047239
0
LINE
8
BLACK
6
CONTINUOUS
10
5.802402322834646
20
-4.1785023622047239
11
5.8023527559055115
21
-4.1786221259842522
0
LINE
8
BLACK
6
CONTINUOUS
10
5.8023527559055115
20
-4.1786221259842522
11
5.8014153543307083
21
-4.1795595275590554
0
LINE
8
BLACK
6
CONTINUOUS
10
5.8014153543307083
20
-4.1795595275590554
11
5.8012460629921261
21
-4.1796296062992129
0
LINE
8
BLACK
6
CONTINUOUS
10
5.8012460629921261
20
-4.1796296062992129
11
5.8011075984251965
21
-4.1797497637795278
0
LINE
8
BLACK
6
CONTINUOUS
10
5.8011075984251965
20
-4.1797497637795278
11
5.7997014960629922
21
-4.1802184251968502
0
LINE
8
BLACK
6
CONTINUOUS
10
5.7997014960629922
20
-4.1802184251968502
11
5.7995722047244094
21
-4.1802092125984247
0
LINE
8
BLACK
6
CONTINUOUS
10
5.7995722047244094
20
-4.1802092125984247
11
5.7994525196850395
21
-4.180258818897638
0
LINE
8
BLACK
6
CONTINUOUS
10
5.7994525196850395
20
-4.180258818897638
11
5.7985151574803151
21
-4.180258818897638
0
LINE
8
BLACK
6
CONTINUOUS
10
5.7985151574803151
20
-4.180258818897638
11
5.7983954330708656
21
-4.1802092125984247
0
LINE
8
BLACK
6
CONTINUOUS
10
5.7983954330708656
20
-4.1802092125984247
11
5.7982661811023624
21
-4.1802184251968502
0
LINE
8
BLACK
6
CONTINUOUS
10
5.7982661811023624
20
-4.1802184251968502
11
5.7968600787401572
21
-4.1797497637795278
0
LINE
8
BLACK
6
CONTINUOUS
10
5.7968600787401572
20
-4.1797497637795278
11
5.7967215748031498
21
-4.1796296456692916
0
LINE
8
BLACK
6
CONTINUOUS
10
5.7967215748031498
20
-4.1796296456692916
11
5.7965522834645666
21
-4.1795595275590554
0
LINE
8
BLACK
6
CONTINUOUS
10
5.7965522834645666
20
-4.1795595275590554
11
5.7960835826771655
21
-4.1790908267716533
0
LINE
8
BLACK
6
CONTINUOUS
10
5.7960835826771655
20
-4.1790908267716533
11
5.795852992125984
21
-4.1785340157480313
0
LINE
8
BLACK
6
CONTINUOUS
10
5.795852992125984
20
-4.1785340157480313
11
5.7960836220472443
21
-4.177977244094488
0
LINE
8
BLACK
6
CONTINUOUS
10
5.7960836220472443
20
-4.177977244094488
11
5.7966404330708663
21
-4.1777466535433074
0
LINE
8
BLACK
6
CONTINUOUS
10
5.7966404330708663
20
-4.1777466535433074
11
5.7971972047244096
21
-4.1779772834645668
0
LINE
8
BLACK
6
CONTINUOUS
10
5.7971972047244096
20
-4.1779772834645668
11
5.7975343700787398
21
-4.1783145275590554
0
LINE
8
BLACK
6
CONTINUOUS
10
5.7975343700787398
20
-4.1783145275590554
11
5.7986429527559054
21
-4.1786840157480318
0
LINE
8
BLACK
6
CONTINUOUS
10
5.7986429527559054
20
-4.1786840157480318
11
5.7993247244094484
21
-4.1786840157480318
0
LINE
8
BLACK
6
CONTINUOUS
10
5.7993247244094484
20
-4.1786840157480318
11
5.8004332677165351
21
-4.1783144881889767
0
LINE
8
BLACK
6
CONTINUOUS
10
5.8004332677165351
20
-4.1783144881889767
11
5.8011488188976372
21
-4.1775989763779524
0
LINE
8
BLACK
6
CONTINUOUS
10
5.8011488188976372
20
-4.1775989763779524
11
5.8015217322834642
21
-4.1768530708661418
0
LINE
8
BLACK
6
CONTINUOUS
10
5.8015217322834642
20
-4.1768530708661418
11
5.80194594488189
21
-4.1751562598425194
0
LINE
8
BLACK
6
CONTINUOUS
10
5.80194594488189
20
-4.1751562598425194
11
5.80194594488189
21
-4.173944015748031
0
LINE
8
BLACK
6
CONTINUOUS
10
5.80194594488189
20
-4.173944015748031
11
5.8015217322834642
21
-4.1722472047244095
0
LINE
8
BLACK
6
CONTINUOUS
10
5.8015217322834642
20
-4.1722472047244095
11
5.801148858267716
21
-4.1715014173228342
0
LINE
8
BLACK
6
CONTINUOUS
10
5.801148858267716
20
-4.1715014173228342
11
5.8004332677165351
21
-4.1707858267716533
0
LINE
8
BLACK
6
CONTINUOUS
10
5.8004332677165351
20
-4.1707858267716533
11
5.7993246850393696
21
-4.1704162992125982
0
LINE
8
BLACK
6
CONTINUOUS
10
5.7993246850393696
20
-4.1704162992125982
11
5.7986429921259841
21
-4.1704162992125982
0
LINE
8
BLACK
6
CONTINUOUS
10
5.7986429921259841
20
-4.1704162992125982
11
5.7975343700787398
21
-4.1707858267716533
0
LINE
8
BLACK
6
CONTINUOUS
10
5.7975343700787398
20
-4.1707858267716533
11
5.7971972047244096
21
-4.171123070866142
0
LINE
8
BLACK
6
CONTINUOUS
10
5.7971972047244096
20
-4.171123070866142
11
5.7966404330708663
21
-4.1713537007874013
0
LINE
8
BLACK
6
CONTINUOUS
10
5.7966404330708663
20
-4.1713537007874013
11
5.7960836220472443
21
-4.1711231102362207
0
LINE
8
BLACK
6
CONTINUOUS
10
5.7960836220472443
20
-4.1711231102362207
11
5.795852992125984
21
-4.1705663385826774
0
LINE
8
BLACK
6
CONTINUOUS
10
5.795852992125984
20
-4.1705663385826774
11
5.7960835826771655
21
-4.1700095275590554
0
LINE
8
BLACK
6
CONTINUOUS
10
5.7960835826771655
20
-4.1700095275590554
11
5.7965522834645666
21
-4.1695408267716534
0
LINE
8
BLACK
6
CONTINUOUS
10
5.7965522834645666
20
-4.1695408267716534
11
5.796721535433071
21
-4.1694706692913384
0
LINE
8
BLACK
6
CONTINUOUS
10
5.796721535433071
20
-4.1694706692913384
11
5.7968600393700784
21
-4.169350590551181
0
LINE
8
BLACK
6
CONTINUOUS
10
5.7968600393700784
20
-4.169350590551181
11
5.7982661811023624
21
-4.1688818897637798
0
LINE
8
BLACK
6
CONTINUOUS
10
5.7982661811023624
20
-4.1688818897637798
11
5.7983954330708656
21
-4.1688910629921256
0
LINE
8
BLACK
6
CONTINUOUS
10
5.7983954330708656
20
-4.1688910629921256
11
5.7985151574803151
21
-4.168841496062992
0
LINE
8
BLACK
6
CONTINUOUS
10
5.7985151574803151
20
-4.168841496062992
11
5.7994525196850395
21
-4.168841496062992
0
LINE
8
BLACK
6
CONTINUOUS
10
5.7994525196850395
20
-4.168841496062992
11
5.7995722047244094
21
-4.1688910629921256
0
LINE
8
BLACK
6
CONTINUOUS
10
5.8146850393700786
20
-4.1631889763779526
11
5.8160769685039373
21
-4.1637655511811023
0
LINE
8
BLACK
6
CONTINUOUS
10
5.8160769685039373
20
-4.1637655511811023
11
5.8166535433070861
21
-4.1651574803149609
0
LINE
8
BLACK
6
CONTINUOUS
10
5.8166535433070861
20
-4.1651574803149609
11
5.8166535433070861
21
-4.1848425196850396
0
LINE
8
BLACK
6
CONTINUOUS
10
5.8166535433070861
20
-4.1848425196850396
11
5.8160769685039373
21
-4.1862344488188974
0
LINE
8
BLACK
6
CONTINUOUS
10
5.8160769685039373
20
-4.1862344488188974
11
5.8146850393700786
21
-4.186811023622047
0
LINE
8
BLACK
6
CONTINUOUS
10
5.8146850393700786
20
-4.186811023622047
11
5.7753149606299212
21
-4.186811023622047
0
LINE
8
BLACK
6
CONTINUOUS
10
5.7753149606299212
20
-4.186811023622047
11
5.7739230314960626
21
-4.1862344488188974
0
LINE
8
BLACK
6
CONTINUOUS
10
5.7739230314960626
20
-4.1862344488188974
11
5.7733464566929129
21
-4.1848425196850396
0
LINE
8
BLACK
6
CONTINUOUS
10
5.7733464566929129
20
-4.1848425196850396
11
5.7733464566929129
21
-4.1651574803149609
0
LINE
8
BLACK
6
CONTINUOUS
10
5.7733464566929129
20
-4.1651574803149609
11
5.7739230314960626
21
-4.1637655511811023
0
LINE
8
BLACK
6
CONTINUOUS
10
5.7739230314960626
20
-4.1637655511811023
11
5.7753149606299212
21
-4.1631889763779526
0
LINE
8
BLACK
6
CONTINUOUS
10
5.7753149606299212
20
-4.1631889763779526
11
5.8146850393700786
21
-4.1631889763779526
0
LINE
8
BLACK
6
CONTINUOUS
10
5.7772834645669287
20
-4.1671259842519683
11
5.7772834645669287
21
-4.1828740157480313
0
LINE
8
BLACK
6
CONTINUOUS
10
5.7772834645669287
20
-4.1828740157480313
11
5.8127165354330703
21
-4.1828740157480313
0
LINE
8
BLACK
6
CONTINUOUS
10
5.8127165354330703
20
-4.1828740157480313
11
5.8127165354330703
21
-4.1671259842519683
0
LINE
8
BLACK
6
CONTINUOUS
10
5.8127165354330703
20
-4.1671259842519683
11
5.7772834645669287
21
-4.1671259842519683
0
LINE
8
BLACK
6
CONTINUOUS
10
6.0318330708661412
20
-4.1527503937007877
11
6.0319623228346453
21
-4.1527276377952758
0
LINE
8
BLACK
6
CONTINUOUS
10
6.0319623228346453
20
-4.1527276377952758
11
6.0320759055118112
21
-4.1527932283464564
0
LINE
8
BLACK
6
CONTINUOUS
10
6.0320759055118112
20
-4.1527932283464564
11
6.0324594881889766
21
-4.1528608661417321
0
LINE
8
BLACK
6
CONTINUOUS
10
6.0324594881889766
20
-4.1528608661417321
11
6.0330471653543309
21
-4.1533539763779528
0
LINE
8
BLACK
6
CONTINUOUS
10
6.0330471653543309
20
-4.1533539763779528
11
6.0337114960629918
21
-4.1537375590551182
0
LINE
8
BLACK
6
CONTINUOUS
10
6.0337114960629918
20
-4.1537375590551182
11
6.0338025984251971
21
-4.1539878740157476
0
LINE
8
BLACK
6
CONTINUOUS
10
6.0338025984251971
20
-4.1539878740157476
11
6.0340067322834647
21
-4.1541591732283463
0
LINE
8
BLACK
6
CONTINUOUS
10
6.0340067322834647
20
-4.1541591732283463
11
6.0341399606299211
21
-4.1549147244094486
0
LINE
8
BLACK
6
CONTINUOUS
10
6.0341399606299211
20
-4.1549147244094486
11
6.0344023228346453
21
-4.1556355511811018
0
LINE
8
BLACK
6
CONTINUOUS
10
6.0344023228346453
20
-4.1556355511811018
11
6.0344023228346453
21
-4.1706336614173232
0
LINE
8
BLACK
6
CONTINUOUS
10
6.0344023228346453
20
-4.1706336614173232
11
6.0342242519685039
21
-4.1716435826771656
0
LINE
8
BLACK
6
CONTINUOUS
10
6.0342242519685039
20
-4.1716435826771656
11
6.0341107480314955
21
-4.1717788188976375
0
LINE
8
BLACK
6
CONTINUOUS
10
6.0341107480314955
20
-4.1717788188976375
11
6.0340905905511812
21
-4.1719541732283467
0
LINE
8
BLACK
6
CONTINUOUS
10
6.0340905905511812
20
-4.1719541732283467
11
6.0322158267716537
21
-4.1757037007874018
0
LINE
8
BLACK
6
CONTINUOUS
10
6.0322158267716537
20
-4.1757037007874018
11
6.0316898425196852
21
-4.1764127952755903
0
LINE
8
BLACK
6
CONTINUOUS
10
6.0316898425196852
20
-4.1764127952755903
11
6.0316626771653539
21
-4.1764711417322831
0
LINE
8
BLACK
6
CONTINUOUS
10
6.0316626771653539
20
-4.1764711417322831
11
6.0297878740157476
21
-4.1783459055118106
0
LINE
8
BLACK
6
CONTINUOUS
10
6.0297878740157476
20
-4.1783459055118106
11
6.0290648031496064
21
-4.1788521653543302
0
LINE
8
BLACK
6
CONTINUOUS
10
6.0290648031496064
20
-4.1788521653543302
11
6.0290205118110238
21
-4.1788989763779529
0
LINE
8
BLACK
6
CONTINUOUS
10
6.0290205118110238
20
-4.1788989763779529
11
6.0252709842519687
21
-4.1807737401574805
0
LINE
8
BLACK
6
CONTINUOUS
10
6.0252709842519687
20
-4.1807737401574805
11
6.024288031496063
21
-4.1810661023622044
0
LINE
8
BLACK
6
CONTINUOUS
10
6.024288031496063
20
-4.1810661023622044
11
6.0241163385826768
21
-4.1810250787401575
0
LINE
8
BLACK
6
CONTINUOUS
10
6.0241163385826768
20
-4.1810250787401575
11
6.0239504724409452
21
-4.1810854724409445
0
LINE
8
BLACK
6
CONTINUOUS
10
6.0239504724409452
20
-4.1810854724409445
11
6.0183261811023625
21
-4.1810854724409445
0
LINE
8
BLACK
6
CONTINUOUS
10
6.0183261811023625
20
-4.1810854724409445
11
6.0173162598425192
21
-4.1809074015748031
0
LINE
8
BLACK
6
CONTINUOUS
10
6.0173162598425192
20
-4.1809074015748031
11
6.0171809842519686
21
-4.1807938976377947
0
LINE
8
BLACK
6
CONTINUOUS
10
6.0171809842519686
20
-4.1807938976377947
11
6.0170056692913381
21
-4.1807737401574805
0
LINE
8
BLACK
6
CONTINUOUS
10
6.0170056692913381
20
-4.1807737401574805
11
6.013256141732283
21
-4.1788989763779529
0
LINE
8
BLACK
6
CONTINUOUS
10
6.013256141732283
20
-4.1788989763779529
11
6.0125470472440945
21
-4.178373070866142
0
LINE
8
BLACK
6
CONTINUOUS
10
6.0125470472440945
20
-4.178373070866142
11
6.0124887401574805
21
-4.1783458661417319
0
LINE
8
BLACK
6
CONTINUOUS
10
6.0124887401574805
20
-4.1783458661417319
11
6.0106139763779529
21
-4.1764711023622043
0
LINE
8
BLACK
6
CONTINUOUS
10
6.0106139763779529
20
-4.1764711023622043
11
6.0100257874015748
21
-4.1756310629921263
0
LINE
8
BLACK
6
CONTINUOUS
10
6.0100257874015748
20
-4.1756310629921263
11
6.0100241338582672
21
-4.1756124409448816
0
LINE
8
BLACK
6
CONTINUOUS
10
6.0100241338582672
20
-4.1756124409448816
11
6.0091655118110232
21
-4.1764711023622043
0
LINE
8
BLACK
6
CONTINUOUS
10
6.0091655118110232
20
-4.1764711023622043
11
6.0084424015748032
21
-4.1769773622047239
0
LINE
8
BLACK
6
CONTINUOUS
10
6.0084424015748032
20
-4.1769773622047239
11
6.0083981102362207
21
-4.1770242125984254
0
LINE
8
BLACK
6
CONTINUOUS
10
6.0083981102362207
20
-4.1770242125984254
11
6.0046485826771656
21
-4.1788989763779529
0
LINE
8
BLACK
6
CONTINUOUS
10
6.0046485826771656
20
-4.1788989763779529
11
6.0036656299212598
21
-4.1791913385826769
0
LINE
8
BLACK
6
CONTINUOUS
10
6.0036656299212598
20
-4.1791913385826769
11
6.0034939370078737
21
-4.1791503149606299
0
LINE
8
BLACK
6
CONTINUOUS
10
6.0034939370078737
20
-4.1791503149606299
11
6.0033280708661412
21
-4.179210708661417
0
LINE
8
BLACK
6
CONTINUOUS
10
6.0033280708661412
20
-4.179210708661417
11
5.9995785433070861
21
-4.179210708661417
0
LINE
8
BLACK
6
CONTINUOUS
10
5.9995785433070861
20
-4.179210708661417
11
5.9985686220472436
21
-4.1790326377952756
0
LINE
8
BLACK
6
CONTINUOUS
10
5.9985686220472436
20
-4.1790326377952756
11
5.998433346456693
21
-4.1789191338582672
0
LINE
8
BLACK
6
CONTINUOUS
10
5.998433346456693
20
-4.1789191338582672
11
5.9982580314960625
21
-4.1788989763779529
0
LINE
8
BLACK
6
CONTINUOUS
10
5.9982580314960625
20
-4.1788989763779529
11
5.9945085039370074
21
-4.1770242125984254
0
LINE
8
BLACK
6
CONTINUOUS
10
5.9945085039370074
20
-4.1770242125984254
11
5.9937994094488189
21
-4.1764983070866144
0
LINE
8
BLACK
6
CONTINUOUS
10
5.9937994094488189
20
-4.1764983070866144
11
5.9937411023622049
21
-4.1764711023622043
0
LINE
8
BLACK
6
CONTINUOUS
10
5.9937411023622049
20
-4.1764711023622043
11
5.9918663385826774
21
-4.1745963385826768
0
LINE
8
BLACK
6
CONTINUOUS
10
5.9918663385826774
20
-4.1745963385826768
11
5.991360039370079
21
-4.1738732283464568
0
LINE
8
BLACK
6
CONTINUOUS
10
5.991360039370079
20
-4.1738732283464568
11
5.9913132283464563
21
-4.1738289370078743
0
LINE
8
BLACK
6
CONTINUOUS
10
5.9913132283464563
20
-4.1738289370078743
11
5.9894384645669287
21
-4.1700794094488192
0
LINE
8
BLACK
6
CONTINUOUS
10
5.9894384645669287
20
-4.1700794094488192
11
5.9891461023622048
21
-4.1690964566929134
0
LINE
8
BLACK
6
CONTINUOUS
10
5.9891461023622048
20
-4.1690964566929134
11
5.989187086614173
21
-4.1689247637795273
0
LINE
8
BLACK
6
CONTINUOUS
10
5.989187086614173
20
-4.1689247637795273
11
5.9891267322834647
21
-4.1687588976377956
0
LINE
8
BLACK
6
CONTINUOUS
10
5.9891267322834647
20
-4.1687588976377956
11
5.9891267322834647
21
-4.1556355511811018
0
LINE
8
BLACK
6
CONTINUOUS
10
5.9891267322834647
20
-4.1556355511811018
11
5.9891943307086617
21
-4.1552520078740161
0
LINE
8
BLACK
6
CONTINUOUS
10
5.9891943307086617
20
-4.1552520078740161
11
5.9891715748031498
21
-4.1551227952755907
0
LINE
8
BLACK
6
CONTINUOUS
10
5.9891715748031498
20
-4.1551227952755907
11
5.9892371653543304
21
-4.1550091732283461
0
LINE
8
BLACK
6
CONTINUOUS
10
5.9892371653543304
20
-4.1550091732283461
11
5.9893048031496061
21
-4.1546256299212594
0
LINE
8
BLACK
6
CONTINUOUS
10
5.9893048031496061
20
-4.1546256299212594
11
5.9897979133858268
21
-4.1540379133858263
0
LINE
8
BLACK
6
CONTINUOUS
10
5.9897979133858268
20
-4.1540379133858263
11
5.9901814960629922
21
-4.1533736220472441
0
LINE
8
BLACK
6
CONTINUOUS
10
5.9901814960629922
20
-4.1533736220472441
11
5.9904318110236217
21
-4.1532824803149602
0
LINE
8
BLACK
6
CONTINUOUS
10
5.9904318110236217
20
-4.1532824803149602
11
5.9906031102362203
21
-4.1530783858267712
0
LINE
8
BLACK
6
CONTINUOUS
10
5.9906031102362203
20
-4.1530783858267712
11
5.9913586614173227
21
-4.1529451181102361
0
LINE
8
BLACK
6
CONTINUOUS
10
5.9913586614173227
20
-4.1529451181102361
11
5.9920794881889758
21
-4.1526827952755907
0
LINE
8
BLACK
6
CONTINUOUS
10
5.9920794881889758
20
-4.1526827952755907
11
6.0314495669291341
21
-4.1526827952755907
0
LINE
8
BLACK
6
CONTINUOUS
10
6.0314495669291341
20
-4.1526827952755907
11
6.0318330708661412
21
-4.1527503937007877
0
LINE
8
BLACK
6
CONTINUOUS
10
6.0137798818897634
20
-4.1682797244094489
11
6.015282677165354
21
-4.1727881496062995
0
LINE
8
BLACK
6
CONTINUOUS
10
6.015282677165354
20
-4.1727881496062995
11
6.0163257480314956
21
-4.173831220472441
0
LINE
8
BLACK
6
CONTINUOUS
10
6.0163257480314956
20
-4.173831220472441
11
6.0190232283464562
21
-4.1751799606299214
0
LINE
8
BLACK
6
CONTINUOUS
10
6.0190232283464562
20
-4.1751799606299214
11
6.0232534251968506
21
-4.1751799606299214
0
LINE
8
BLACK
6
CONTINUOUS
10
6.0232534251968506
20
-4.1751799606299214
11
6.0259509055118112
21
-4.1738311811023623
0
LINE
8
BLACK
6
CONTINUOUS
10
6.0259509055118112
20
-4.1738311811023623
11
6.0271480708661418
21
-4.1726340551181105
0
LINE
8
BLACK
6
CONTINUOUS
10
6.0271480708661418
20
-4.1726340551181105
11
6.0284968110236221
21
-4.1699366141732286
0
LINE
8
BLACK
6
CONTINUOUS
10
6.0284968110236221
20
-4.1699366141732286
11
6.0284968110236221
21
-4.1585883070866139
0
LINE
8
BLACK
6
CONTINUOUS
10
6.0284968110236221
20
-4.1585883070866139
11
6.0137798818897634
21
-4.1585883070866139
0
LINE
8
BLACK
6
CONTINUOUS
10
6.0137798818897634
20
-4.1585883070866139
11
6.0137798818897634
21
-4.1682797244094489
0
LINE
8
BLACK
6
CONTINUOUS
10
5.9950322440944879
20
-4.168061850393701
11
5.9963809842519682
21
-4.1707593307086617
0
LINE
8
BLACK
6
CONTINUOUS
10
5.9963809842519682
20
-4.1707593307086617
11
5.99757811023622
21
-4.1719564566929135
0
LINE
8
BLACK
6
CONTINUOUS
10
5.99757811023622
20
-4.1719564566929135
11
6.0002755905511806
21
-4.1733051968503938
0
LINE
8
BLACK
6
CONTINUOUS
10
6.0002755905511806
20
-4.1733051968503938
11
6.0026310236220475
21
-4.1733051968503938
0
LINE
8
BLACK
6
CONTINUOUS
10
6.0026310236220475
20
-4.1733051968503938
11
6.0053285039370081
21
-4.1719564566929135
0
LINE
8
BLACK
6
CONTINUOUS
10
6.0053285039370081
20
-4.1719564566929135
11
6.0065256299212599
21
-4.1707593307086617
0
LINE
8
BLACK
6
CONTINUOUS
10
6.0065256299212599
20
-4.1707593307086617
11
6.0078743700787403
21
-4.168061850393701
0
LINE
8
BLACK
6
CONTINUOUS
10
6.0078743700787403
20
-4.168061850393701
11
6.0078743700787403
21
-4.1585883070866139
0
LINE
8
BLACK
6
CONTINUOUS
10
6.0078743700787403
20
-4.1585883070866139
11
5.9950322440944879
21
-4.1585883070866139
0
LINE
8
BLACK
6
CONTINUOUS
10
5.9950322440944879
20
-4.1585883070866139
11
5.9950322440944879
21
-4.168061850393701
0
LINE
8
BLACK
6
CONTINUOUS
10
5.5151856692913386
20
-4.1510836614173225
11
5.5154162992125979
21
-4.1516404330708658
0
LINE
8
BLACK
6
CONTINUOUS
10
5.5154162992125979
20
-4.1516404330708658
11
5.5154162992125979
21
-4.1570079527559054
0
LINE
8
BLACK
6
CONTINUOUS
10
5.5154162992125979
20
-4.1570079527559054
11
5.5241612598425194
21
-4.1532601574803145
0
LINE
8
BLACK
6
CONTINUOUS
10
5.5241612598425194
20
-4.1532601574803145
11
5.5247638582677165
21
-4.1532527952755904
0
LINE
8
BLACK
6
CONTINUOUS
10
5.5247638582677165
20
-4.1532527952755904
11
5.5251951574803151
21
-4.1536737007874018
0
LINE
8
BLACK
6
CONTINUOUS
10
5.5251951574803151
20
-4.1536737007874018
11
5.5252025196850392
21
-4.1542763385826769
0
LINE
8
BLACK
6
CONTINUOUS
10
5.5252025196850392
20
-4.1542763385826769
11
5.5247816141732287
21
-4.1547076377952754
0
LINE
8
BLACK
6
CONTINUOUS
10
5.5247816141732287
20
-4.1547076377952754
11
5.5149390551181101
21
-4.1589258267716538
0
LINE
8
BLACK
6
CONTINUOUS
10
5.5149390551181101
20
-4.1589258267716538
11
5.5147778346456695
21
-4.1589277559055118
0
LINE
8
BLACK
6
CONTINUOUS
10
5.5147778346456695
20
-4.1589277559055118
11
5.5146288976377953
21
-4.1589894881889764
0
LINE
8
BLACK
6
CONTINUOUS
10
5.5146288976377953
20
-4.1589894881889764
11
5.5144884251968502
21
-4.1589312992125986
0
LINE
8
BLACK
6
CONTINUOUS
10
5.5144884251968502
20
-4.1589312992125986
11
5.5143364566929129
21
-4.1589331496062991
0
LINE
8
BLACK
6
CONTINUOUS
10
5.5143364566929129
20
-4.1589331496062991
11
5.5142210629921262
21
-4.1588205511811021
0
LINE
8
BLACK
6
CONTINUOUS
10
5.5142210629921262
20
-4.1588205511811021
11
5.514072125984252
21
-4.1587588582677162
0
LINE
8
BLACK
6
CONTINUOUS
10
5.514072125984252
20
-4.1587588582677162
11
5.5140139370078742
21
-4.1586183858267711
0
LINE
8
BLACK
6
CONTINUOUS
10
5.5140139370078742
20
-4.1586183858267711
11
5.5139051574803144
21
-4.1585122440944877
0
LINE
8
BLACK
6
CONTINUOUS
10
5.5139051574803144
20
-4.1585122440944877
11
5.5139031889763777
21
-4.1583510236220471
0
LINE
8
BLACK
6
CONTINUOUS
10
5.5139031889763777
20
-4.1583510236220471
11
5.5138414960629918
21
-4.1582020866141729
0
LINE
8
BLACK
6
CONTINUOUS
10
5.5138414960629918
20
-4.1582020866141729
11
5.5138414960629918
21
-4.1516404330708658
0
LINE
8
BLACK
6
CONTINUOUS
10
5.5138414960629918
20
-4.1516404330708658
11
5.514072125984252
21
-4.1510836614173225
0
LINE
8
BLACK
6
CONTINUOUS
10
5.514072125984252
20
-4.1510836614173225
11
5.5146288976377953
21
-4.1508530314960632
0
LINE
8
BLACK
6
CONTINUOUS
10
5.5146288976377953
20
-4.1508530314960632
11
5.5151856692913386
21
-4.1510836614173225
0
LINE
8
BLACK
6
CONTINUOUS
10
5.5203453937007874
20
-4.1415174015748031
11
5.5204441338582679
21
-4.1415027165354328
0
LINE
8
BLACK
6
CONTINUOUS
10
5.5204441338582679
20
-4.1415027165354328
11
5.5223188976377955
21
-4.1419713779527561
0
LINE
8
BLACK
6
CONTINUOUS
10
5.5223188976377955
20
-4.1419713779527561
11
5.522390748031496
21
-4.1420246062992128
0
LINE
8
BLACK
6
CONTINUOUS
10
5.522390748031496
20
-4.1420246062992128
11
5.5224800787401573
21
-4.142030984251968
0
LINE
8
BLACK
6
CONTINUOUS
10
5.5224800787401573
20
-4.142030984251968
11
5.5234174803149605
21
-4.14249968503937
0
LINE
8
BLACK
6
CONTINUOUS
10
5.5234174803149605
20
-4.14249968503937
11
5.5235024015748033
21
-4.1425975984251968
0
LINE
8
BLACK
6
CONTINUOUS
10
5.5235024015748033
20
-4.1425975984251968
11
5.523622125984252
21
-4.1426472047244092
0
LINE
8
BLACK
6
CONTINUOUS
10
5.523622125984252
20
-4.1426472047244092
11
5.5245595275590551
21
-4.1435846062992123
0
LINE
8
BLACK
6
CONTINUOUS
10
5.5245595275590551
20
-4.1435846062992123
11
5.5246296456692914
21
-4.1437539370078742
0
LINE
8
BLACK
6
CONTINUOUS
10
5.5246296456692914
20
-4.1437539370078742
11
5.5247497637795275
21
-4.1438924015748029
0
LINE
8
BLACK
6
CONTINUOUS
10
5.5247497637795275
20
-4.1438924015748029
11
5.5252184251968499
21
-4.1452984645669293
0
LINE
8
BLACK
6
CONTINUOUS
10
5.5252184251968499
20
-4.1452984645669293
11
5.5252092125984253
21
-4.1454277165354334
0
LINE
8
BLACK
6
CONTINUOUS
10
5.5252092125984253
20
-4.1454277165354334
11
5.5252588188976377
21
-4.145547440944882
0
LINE
8
BLACK
6
CONTINUOUS
10
5.5252588188976377
20
-4.145547440944882
11
5.5252588188976377
21
-4.1464848031496064
0
LINE
8
BLACK
6
CONTINUOUS
10
5.5252588188976377
20
-4.1464848031496064
11
5.5252092125984253
21
-4.1466044881889763
0
LINE
8
BLACK
6
CONTINUOUS
10
5.5252092125984253
20
-4.1466044881889763
11
5.5252184251968499
21
-4.1467337795275592
0
LINE
8
BLACK
6
CONTINUOUS
10
5.5252184251968499
20
-4.1467337795275592
11
5.5247497637795275
21
-4.1481398818897635
0
LINE
8
BLACK
6
CONTINUOUS
10
5.5247497637795275
20
-4.1481398818897635
11
5.5246296456692914
21
-4.148278346456693
0
LINE
8
BLACK
6
CONTINUOUS
10
5.5246296456692914
20
-4.148278346456693
11
5.5245595275590551
21
-4.148447677165354
0
LINE
8
BLACK
6
CONTINUOUS
10
5.5245595275590551
20
-4.148447677165354
11
5.5240908267716531
21
-4.148916377952756
0
LINE
8
BLACK
6
CONTINUOUS
10
5.5240908267716531
20
-4.148916377952756
11
5.523534015748031
21
-4.1491469685039366
0
LINE
8
BLACK
6
CONTINUOUS
10
5.523534015748031
20
-4.1491469685039366
11
5.5229772440944878
21
-4.1489163385826773
0
LINE
8
BLACK
6
CONTINUOUS
10
5.5229772440944878
20
-4.1489163385826773
11
5.5227466535433072
21
-4.1483595275590552
0
LINE
8
BLACK
6
CONTINUOUS
10
5.5227466535433072
20
-4.1483595275590552
11
5.5229772834645665
21
-4.147802755905512
0
LINE
8
BLACK
6
CONTINUOUS
10
5.5229772834645665
20
-4.147802755905512
11
5.5233145275590552
21
-4.1474655511811021
0
LINE
8
BLACK
6
CONTINUOUS
10
5.5233145275590552
20
-4.1474655511811021
11
5.5236840157480316
21
-4.1463570078740153
0
LINE
8
BLACK
6
CONTINUOUS
10
5.5236840157480316
20
-4.1463570078740153
11
5.5236840157480316
21
-4.1456752362204723
0
LINE
8
BLACK
6
CONTINUOUS
10
5.5236840157480316
20
-4.1456752362204723
11
5.5233144881889764
21
-4.1445666535433068
0
LINE
8
BLACK
6
CONTINUOUS
10
5.5233144881889764
20
-4.1445666535433068
11
5.5225989370078743
21
-4.1438511023622047
0
LINE
8
BLACK
6
CONTINUOUS
10
5.5225989370078743
20
-4.1438511023622047
11
5.5218531102362203
21
-4.1434781889763777
0
LINE
8
BLACK
6
CONTINUOUS
10
5.5218531102362203
20
-4.1434781889763777
11
5.5201562598425191
21
-4.1430540157480316
0
LINE
8
BLACK
6
CONTINUOUS
10
5.5201562598425191
20
-4.1430540157480316
11
5.5189440551181104
21
-4.1430540157480316
0
LINE
8
BLACK
6
CONTINUOUS
10
5.5189440551181104
20
-4.1430540157480316
11
5.5172472047244092
21
-4.1434781889763777
0
LINE
8
BLACK
6
CONTINUOUS
10
5.5172472047244092
20
-4.1434781889763777
11
5.5165014173228348
21
-4.1438511023622047
0
LINE
8
BLACK
6
CONTINUOUS
10
5.5165014173228348
20
-4.1438511023622047
11
5.5157858267716531
21
-4.1445666535433068
0
LINE
8
BLACK
6
CONTINUOUS
10
5.5157858267716531
20
-4.1445666535433068
11
5.5154162992125979
21
-4.145675275590551
0
LINE
8
BLACK
6
CONTINUOUS
10
5.5154162992125979
20
-4.145675275590551
11
5.5154162992125979
21
-4.1463569685039365
0
LINE
8
BLACK
6
CONTINUOUS
10
5.5154162992125979
20
-4.1463569685039365
11
5.5157857874015743
21
-4.1474655118110233
0
LINE
8
BLACK
6
CONTINUOUS
10
5.5157857874015743
20
-4.1474655118110233
11
5.5161230708661417
21
-4.1478027952755907
0
LINE
8
BLACK
6
CONTINUOUS
10
5.5161230708661417
20
-4.1478027952755907
11
5.5163537007874011
21
-4.148359566929134
0
LINE
8
BLACK
6
CONTINUOUS
10
5.5163537007874011
20
-4.148359566929134
11
5.5161231102362205
21
-4.1489163385826773
0
LINE
8
BLACK
6
CONTINUOUS
10
5.5161231102362205
20
-4.1489163385826773
11
5.5155663385826772
21
-4.1491469685039366
0
LINE
8
BLACK
6
CONTINUOUS
10
5.5155663385826772
20
-4.1491469685039366
11
5.5150095669291339
21
-4.148916377952756
0
LINE
8
BLACK
6
CONTINUOUS
10
5.5150095669291339
20
-4.148916377952756
11
5.5145408267716531
21
-4.1484477165354328
0
LINE
8
BLACK
6
CONTINUOUS
10
5.5145408267716531
20
-4.1484477165354328
11
5.5144706692913381
21
-4.148278346456693
0
LINE
8
BLACK
6
CONTINUOUS
10
5.5144706692913381
20
-4.148278346456693
11
5.5143505905511807
21
-4.1481399212598422
0
LINE
8
BLACK
6
CONTINUOUS
10
5.5143505905511807
20
-4.1481399212598422
11
5.5138818897637796
21
-4.1467338188976379
0
LINE
8
BLACK
6
CONTINUOUS
10
5.5138818897637796
20
-4.1467338188976379
11
5.5138910629921263
21
-4.1466044881889763
0
LINE
8
BLACK
6
CONTINUOUS
10
5.5138910629921263
20
-4.1466044881889763
11
5.5138414960629918
21
-4.1464848031496064
0
LINE
8
BLACK
6
CONTINUOUS
10
5.5138414960629918
20
-4.1464848031496064
11
5.5138414960629918
21
-4.145547440944882
0
LINE
8
BLACK
6
CONTINUOUS
10
5.5138414960629918
20
-4.145547440944882
11
5.5138910629921263
21
-4.1454277165354334
0
LINE
8
BLACK
6
CONTINUOUS
10
5.5138910629921263
20
-4.1454277165354334
11
5.5138818897637796
21
-4.1452984251968505
0
LINE
8
BLACK
6
CONTINUOUS
10
5.5138818897637796
20
-4.1452984251968505
11
5.5143505905511807
21
-4.1438923622047241
0
LINE
8
BLACK
6
CONTINUOUS
10
5.5143505905511807
20
-4.1438923622047241
11
5.5144706692913381
21
-4.1437538582677167
0
LINE
8
BLACK
6
CONTINUOUS
10
5.5144706692913381
20
-4.1437538582677167
11
5.5145408267716531
21
-4.1435846062992123
0
LINE
8
BLACK
6
CONTINUOUS
10
5.5145408267716531
20
-4.1435846062992123
11
5.5154782283464563
21
-4.1426472047244092
0
LINE
8
BLACK
6
CONTINUOUS
10
5.5154782283464563
20
-4.1426472047244092
11
5.5155979133858271
21
-4.1425975984251968
0
LINE
8
BLACK
6
CONTINUOUS
10
5.5155979133858271
20
-4.1425975984251968
11
5.515682834645669
21
-4.1424997244094488
0
LINE
8
BLACK
6
CONTINUOUS
10
5.515682834645669
20
-4.1424997244094488
11
5.5166201968503934
21
-4.1420310236220468
0
LINE
8
BLACK
6
CONTINUOUS
10
5.5166201968503934
20
-4.1420310236220468
11
5.5167094488188972
21
-4.1420246456692915
0
LINE
8
BLACK
6
CONTINUOUS
10
5.5167094488188972
20
-4.1420246456692915
11
5.5167814173228349
21
-4.1419713779527561
0
LINE
8
BLACK
6
CONTINUOUS
10
5.5167814173228349
20
-4.1419713779527561
11
5.5186561417322837
21
-4.1415027165354328
0
LINE
8
BLACK
6
CONTINUOUS
10
5.5186561417322837
20
-4.1415027165354328
11
5.5187548818897634
21
-4.1415174015748031
0
LINE
8
BLACK
6
CONTINUOUS
10
5.5187548818897634
20
-4.1415174015748031
11
5.5188471259842515
21
-4.1414792125984254
0
LINE
8
BLACK
6
CONTINUOUS
10
5.5188471259842515
20
-4.1414792125984254
11
5.520253188976378
21
-4.1414792125984254
0
LINE
8
BLACK
6
CONTINUOUS
10
5.520253188976378
20
-4.1414792125984254
11
5.5203453937007874
21
-4.1415174015748031
0
LINE
8
BLACK
6
CONTINUOUS
10
5.5298425196850394
20
-4.1283464566929133
11
5.5312344488188971
21
-4.128923031496063
0
LINE
8
BLACK
6
CONTINUOUS
10
5.5312344488188971
20
-4.128923031496063
11
5.5318110236220468
21
-4.1303149606299208
0
LINE
8
BLACK
6
CONTINUOUS
10
5.5318110236220468
20
-4.1303149606299208
11
5.5318110236220468
21
-4.1696850393700791
0
LINE
8
BLACK
6
CONTINUOUS
10
5.5318110236220468
20
-4.1696850393700791
11
5.5312344488188971
21
-4.1710769685039368
0
LINE
8
BLACK
6
CONTINUOUS
10
5.5312344488188971
20
-4.1710769685039368
11
5.5298425196850394
21
-4.1716535433070865
0
LINE
8
BLACK
6
CONTINUOUS
10
5.5298425196850394
20
-4.1716535433070865
11
5.5101574803149607
21
-4.1716535433070865
0
LINE
8
BLACK
6
CONTINUOUS
10
5.5101574803149607
20
-4.1716535433070865
11
5.508765551181102
21
-4.1710769685039368
0
LINE
8
BLACK
6
CONTINUOUS
10
5.508765551181102
20
-4.1710769685039368
11
5.5081889763779524
21
-4.1696850393700791
0
LINE
8
BLACK
6
CONTINUOUS
10
5.5081889763779524
20
-4.1696850393700791
11
5.5081889763779524
21
-4.1303149606299208
0
LINE
8
BLACK
6
CONTINUOUS
10
5.5081889763779524
20
-4.1303149606299208
11
5.508765551181102
21
-4.128923031496063
0
LINE
8
BLACK
6
CONTINUOUS
10
5.508765551181102
20
-4.128923031496063
11
5.5101574803149607
21
-4.1283464566929133
0
LINE
8
BLACK
6
CONTINUOUS
10
5.5101574803149607
20
-4.1283464566929133
11
5.5298425196850394
21
-4.1283464566929133
0
LINE
8
BLACK
6
CONTINUOUS
10
5.5121259842519681
20
-4.1322834645669291
11
5.5121259842519681
21
-4.1677165354330707
0
LINE
8
BLACK
6
CONTINUOUS
10
5.5121259842519681
20
-4.1677165354330707
11
5.5278740157480311
21
-4.1677165354330707
0
LINE
8
BLACK
6
CONTINUOUS
10
5.5278740157480311
20
-4.1677165354330707
11
5.5278740157480311
21
-4.1322834645669291
0
LINE
8
BLACK
6
CONTINUOUS
10
5.5278740157480311
20
-4.1322834645669291
11
5.5121259842519681
21
-4.1322834645669291
0
LINE
8
BLACK
6
CONTINUOUS
10
5.2626423622047245
20
-4.0878249606299208
11
5.2632189370078741
21
-4.0892168897637795
0
LINE
8
BLACK
6
CONTINUOUS
10
5.2632189370078741
20
-4.0892168897637795
11
5.2626423622047245
21
-4.0906088188976373
0
LINE
8
BLACK
6
CONTINUOUS
10
5.2626423622047245
20
-4.0906088188976373
11
5.2612504330708658
21
-4.0911853937007869
0
LINE
8
BLACK
6
CONTINUOUS
10
5.2612504330708658
20
-4.0911853937007869
11
5.2534025984251969
21
-4.0911853937007869
0
LINE
8
BLACK
6
CONTINUOUS
10
5.2534025984251969
20
-4.0911853937007869
11
5.2571075984251969
21
-4.0954196850393698
0
LINE
8
BLACK
6
CONTINUOUS
10
5.2571075984251969
20
-4.0954196850393698
11
5.2573295275590546
21
-4.0960759842519687
0
LINE
8
BLACK
6
CONTINUOUS
10
5.2573295275590546
20
-4.0960759842519687
11
5.2575946456692915
21
-4.0967159448818897
0
LINE
8
BLACK
6
CONTINUOUS
10
5.2575946456692915
20
-4.0967159448818897
11
5.2575678346456689
21
-4.0967805905511812
0
LINE
8
BLACK
6
CONTINUOUS
10
5.2575678346456689
20
-4.0967805905511812
11
5.2575902755905508
21
-4.0968468897637793
0
LINE
8
BLACK
6
CONTINUOUS
10
5.2575902755905508
20
-4.0968468897637793
11
5.2572831496062991
21
-4.0974678740157477
0
LINE
8
BLACK
6
CONTINUOUS
10
5.2572831496062991
20
-4.0974678740157477
11
5.2570180708661418
21
-4.0981078740157475
0
LINE
8
BLACK
6
CONTINUOUS
10
5.2570180708661418
20
-4.0981078740157475
11
5.2569534251968504
21
-4.0981346456692913
0
LINE
8
BLACK
6
CONTINUOUS
10
5.2569534251968504
20
-4.0981346456692913
11
5.2569224015748031
21
-4.0981974015748035
0
LINE
8
BLACK
6
CONTINUOUS
10
5.2569224015748031
20
-4.0981974015748035
11
5.2562660629921263
21
-4.0984193307086612
0
LINE
8
BLACK
6
CONTINUOUS
10
5.2562660629921263
20
-4.0984193307086612
11
5.2556261417322832
21
-4.0986844488188972
0
LINE
8
BLACK
6
CONTINUOUS
10
5.2556261417322832
20
-4.0986844488188972
11
5.2532786614173226
21
-4.0986844488188972
0
LINE
8
BLACK
6
CONTINUOUS
10
5.2532786614173226
20
-4.0986844488188972
11
5.2521052362204728
21
-4.0992711417322836
0
LINE
8
BLACK
6
CONTINUOUS
10
5.2521052362204728
20
-4.0992711417322836
11
5.2516196456692912
21
-4.0997567322834643
0
LINE
8
BLACK
6
CONTINUOUS
10
5.2516196456692912
20
-4.0997567322834643
11
5.2510329527559056
21
-4.100930157480315
0
LINE
8
BLACK
6
CONTINUOUS
10
5.2510329527559056
20
-4.100930157480315
11
5.2510329527559056
21
-4.1046876771653542
0
LINE
8
BLACK
6
CONTINUOUS
10
5.2510329527559056
20
-4.1046876771653542
11
5.2516196456692912
21
-4.1058610629921262
0
LINE
8
BLACK
6
CONTINUOUS
10
5.2516196456692912
20
-4.1058610629921262
11
5.252105196850394
21
-4.1063466929133856
0
LINE
8
BLACK
6
CONTINUOUS
10
5.252105196850394
20
-4.1063466929133856
11
5.2532787007874013
21
-4.1069334251968499
0
LINE
8
BLACK
6
CONTINUOUS
10
5.2532787007874013
20
-4.1069334251968499
11
5.2579735433070862
21
-4.1069334251968499
0
LINE
8
BLACK
6
CONTINUOUS
10
5.2579735433070862
20
-4.1069334251968499
11
5.2591469685039369
21
-4.1063466929133856
0
LINE
8
BLACK
6
CONTINUOUS
10
5.2591469685039369
20
-4.1063466929133856
11
5.2598584645669293
21
-4.105635236220472
0
LINE
8
BLACK
6
CONTINUOUS
10
5.2598584645669293
20
-4.105635236220472
11
5.2612504330708658
21
-4.1050587007874011
0
LINE
8
BLACK
6
CONTINUOUS
10
5.2612504330708658
20
-4.1050587007874011
11
5.2626423622047245
21
-4.105635236220472
0
LINE
8
BLACK
6
CONTINUOUS
10
5.2626423622047245
20
-4.105635236220472
11
5.2632188976377954
21
-4.1070271653543307
0
LINE
8
BLACK
6
CONTINUOUS
10
5.2632188976377954
20
-4.1070271653543307
11
5.2626423622047245
21
-4.1084191338582672
0
LINE
8
BLACK
6
CONTINUOUS
10
5.2626423622047245
20
-4.1084191338582672
11
5.2617049606299213
21
-4.1093564960629925
0
LINE
8
BLACK
6
CONTINUOUS
10
5.2617049606299213
20
-4.1093564960629925
11
5.2614056299212599
21
-4.1094804724409446
0
LINE
8
BLACK
6
CONTINUOUS
10
5.2614056299212599
20
-4.1094804724409446
11
5.2611933464566931
21
-4.1097252755905513
0
LINE
8
BLACK
6
CONTINUOUS
10
5.2611933464566931
20
-4.1097252755905513
11
5.2593185826771656
21
-4.1106626377952757
0
LINE
8
BLACK
6
CONTINUOUS
10
5.2593185826771656
20
-4.1106626377952757
11
5.258861496062992
21
-4.1106950787401573
0
LINE
8
BLACK
6
CONTINUOUS
10
5.258861496062992
20
-4.1106950787401573
11
5.2584382677165351
21
-4.1108704330708656
0
LINE
8
BLACK
6
CONTINUOUS
10
5.2584382677165351
20
-4.1108704330708656
11
5.2528139763779524
21
-4.1108704330708656
0
LINE
8
BLACK
6
CONTINUOUS
10
5.2528139763779524
20
-4.1108704330708656
11
5.2523905905511814
21
-4.1106950393700785
0
LINE
8
BLACK
6
CONTINUOUS
10
5.2523905905511814
20
-4.1106950393700785
11
5.2519336220472441
21
-4.110662598425197
0
LINE
8
BLACK
6
CONTINUOUS
10
5.2519336220472441
20
-4.110662598425197
11
5.2500588976377953
21
-4.1097252755905513
0
LINE
8
BLACK
6
CONTINUOUS
10
5.2500588976377953
20
-4.1097252755905513
11
5.2498465748031498
21
-4.1094804724409446
0
LINE
8
BLACK
6
CONTINUOUS
10
5.2498465748031498
20
-4.1094804724409446
11
5.2495472440944884
21
-4.1093564960629925
0
LINE
8
BLACK
6
CONTINUOUS
10
5.2495472440944884
20
-4.1093564960629925
11
5.248609881889764
21
-4.1084190944881893
0
LINE
8
BLACK
6
CONTINUOUS
10
5.248609881889764
20
-4.1084190944881893
11
5.2484858661417322
21
-4.1081197244094492
0
LINE
8
BLACK
6
CONTINUOUS
10
5.2484858661417322
20
-4.1081197244094492
11
5.2482411811023617
21
-4.107907519685039
0
LINE
8
BLACK
6
CONTINUOUS
10
5.2482411811023617
20
-4.107907519685039
11
5.2473037795275586
21
-4.1060327559055114
0
LINE
8
BLACK
6
CONTINUOUS
10
5.2473037795275586
20
-4.1060327559055114
11
5.2472712598425195
21
-4.1055757086614175
0
LINE
8
BLACK
6
CONTINUOUS
10
5.2472712598425195
20
-4.1055757086614175
11
5.2470959448818899
21
-4.1051524015748031
0
LINE
8
BLACK
6
CONTINUOUS
10
5.2470959448818899
20
-4.1051524015748031
11
5.2470959448818899
21
-4.1004654724409448
0
LINE
8
BLACK
6
CONTINUOUS
10
5.2470959448818899
20
-4.1004654724409448
11
5.2472712598425195
21
-4.1000421259842517
0
LINE
8
BLACK
6
CONTINUOUS
10
5.2472712598425195
20
-4.1000421259842517
11
5.2473037795275586
21
-4.0995851181102365
0
LINE
8
BLACK
6
CONTINUOUS
10
5.2473037795275586
20
-4.0995851181102365
11
5.2482411811023617
21
-4.097710354330709
0
LINE
8
BLACK
6
CONTINUOUS
10
5.2482411811023617
20
-4.097710354330709
11
5.2484859055118109
21
-4.0974980708661413
0
LINE
8
BLACK
6
CONTINUOUS
10
5.2484859055118109
20
-4.0974980708661413
11
5.2486099212598427
21
-4.0971987795275586
0
LINE
8
BLACK
6
CONTINUOUS
10
5.2486099212598427
20
-4.0971987795275586
11
5.2495472834645671
21
-4.0962614173228342
0
LINE
8
BLACK
6
CONTINUOUS
10
5.2495472834645671
20
-4.0962614173228342
11
5.2498465748031498
21
-4.0961374015748033
0
LINE
8
BLACK
6
CONTINUOUS
10
5.2498465748031498
20
-4.0961374015748033
11
5.2500588582677166
21
-4.0958926771653541
0
LINE
8
BLACK
6
CONTINUOUS
10
5.2500588582677166
20
-4.0958926771653541
11
5.2516109842519683
21
-4.0951165748031499
0
LINE
8
BLACK
6
CONTINUOUS
10
5.2516109842519683
20
-4.0951165748031499
11
5.2475829921259844
21
-4.0905131496062994
0
LINE
8
BLACK
6
CONTINUOUS
10
5.2475829921259844
20
-4.0905131496062994
11
5.2473610236220471
21
-4.0898568110236218
0
LINE
8
BLACK
6
CONTINUOUS
10
5.2473610236220471
20
-4.0898568110236218
11
5.2470959448818899
21
-4.0892168897637795
0
LINE
8
BLACK
6
CONTINUOUS
10
5.2470959448818899
20
-4.0892168897637795
11
5.2471227165354328
21
-4.0891522047244093
0
LINE
8
BLACK
6
CONTINUOUS
10
5.2471227165354328
20
-4.0891522047244093
11
5.2471003149606297
21
-4.0890859448818899
0
LINE
8
BLACK
6
CONTINUOUS
10
5.2471003149606297
20
-4.0890859448818899
11
5.2474074015748027
21
-4.0884649212598427
0
LINE
8
BLACK
6
CONTINUOUS
10
5.2474074015748027
20
-4.0884649212598427
11
5.2476725196850396
21
-4.0878249606299208
0
LINE
8
BLACK
6
CONTINUOUS
10
5.2476725196850396
20
-4.0878249606299208
11
5.2477371259842522
21
-4.0877981496062992
0
LINE
8
BLACK
6
CONTINUOUS
10
5.2477371259842522
20
-4.0877981496062992
11
5.2477681889763774
21
-4.0877354330708657
0
LINE
8
BLACK
6
CONTINUOUS
10
5.2477681889763774
20
-4.0877354330708657
11
5.2484244881889763
21
-4.0875134645669293
0
LINE
8
BLACK
6
CONTINUOUS
10
5.2484244881889763
20
-4.0875134645669293
11
5.2490644488188973
21
-4.0872483858267712
0
LINE
8
BLACK
6
CONTINUOUS
10
5.2490644488188973
20
-4.0872483858267712
11
5.2612504330708658
21
-4.0872483858267712
0
LINE
8
BLACK
6
CONTINUOUS
10
5.2612504330708658
20
-4.0872483858267712
11
5.2626423622047245
21
-4.0878249606299208
0
LINE
8
BLACK
6
CONTINUOUS
10
5.2813900393700788
20
-4.0878249606299208
11
5.2819666141732284
21
-4.0892168897637795
0
LINE
8
BLACK
6
CONTINUOUS
10
5.2819666141732284
20
-4.0892168897637795
11
5.2819666141732284
21
-4.1051524015748031
0
LINE
8
BLACK
6
CONTINUOUS
10
5.2819666141732284
20
-4.1051524015748031
11
5.2817912598425192
21
-4.1055757086614175
0
LINE
8
BLACK
6
CONTINUOUS
10
5.2817912598425192
20
-4.1055757086614175
11
5.2817587795275589
21
-4.1060327559055114
0
LINE
8
BLACK
6
CONTINUOUS
10
5.2817587795275589
20
-4.1060327559055114
11
5.2808213779527557
21
-4.107907519685039
0
LINE
8
BLACK
6
CONTINUOUS
10
5.2808213779527557
20
-4.107907519685039
11
5.2805766141732287
21
-4.108119763779527
0
LINE
8
BLACK
6
CONTINUOUS
10
5.2805766141732287
20
-4.108119763779527
11
5.2804526771653544
21
-4.1084190551181106
0
LINE
8
BLACK
6
CONTINUOUS
10
5.2804526771653544
20
-4.1084190551181106
11
5.27951531496063
21
-4.1093564960629925
0
LINE
8
BLACK
6
CONTINUOUS
10
5.27951531496063
20
-4.1093564960629925
11
5.2792159448818898
21
-4.1094804724409446
0
LINE
8
BLACK
6
CONTINUOUS
10
5.2792159448818898
20
-4.1094804724409446
11
5.279003661417323
21
-4.1097252755905513
0
LINE
8
BLACK
6
CONTINUOUS
10
5.279003661417323
20
-4.1097252755905513
11
5.2771288976377955
21
-4.1106626377952757
0
LINE
8
BLACK
6
CONTINUOUS
10
5.2771288976377955
20
-4.1106626377952757
11
5.2766718110236219
21
-4.1106950787401573
0
LINE
8
BLACK
6
CONTINUOUS
10
5.2766718110236219
20
-4.1106950787401573
11
5.276248582677165
21
-4.1108704330708656
0
LINE
8
BLACK
6
CONTINUOUS
10
5.276248582677165
20
-4.1108704330708656
11
5.2724990551181099
21
-4.1108704330708656
0
LINE
8
BLACK
6
CONTINUOUS
10
5.2724990551181099
20
-4.1108704330708656
11
5.2720756692913389
21
-4.1106950393700785
0
LINE
8
BLACK
6
CONTINUOUS
10
5.2720756692913389
20
-4.1106950393700785
11
5.2716187007874016
21
-4.110662598425197
0
LINE
8
BLACK
6
CONTINUOUS
10
5.2716187007874016
20
-4.110662598425197
11
5.2697439763779528
21
-4.1097252755905513
0
LINE
8
BLACK
6
CONTINUOUS
10
5.2697439763779528
20
-4.1097252755905513
11
5.2695316535433072
21
-4.1094804724409446
0
LINE
8
BLACK
6
CONTINUOUS
10
5.2695316535433072
20
-4.1094804724409446
11
5.2692323228346458
21
-4.1093564960629925
0
LINE
8
BLACK
6
CONTINUOUS
10
5.2692323228346458
20
-4.1093564960629925
11
5.2682949606299214
21
-4.1084190944881893
0
LINE
8
BLACK
6
CONTINUOUS
10
5.2682949606299214
20
-4.1084190944881893
11
5.2681709448818896
21
-4.108119763779527
0
LINE
8
BLACK
6
CONTINUOUS
10
5.2681709448818896
20
-4.108119763779527
11
5.2679261811023617
21
-4.1079074803149602
0
LINE
8
BLACK
6
CONTINUOUS
10
5.2679261811023617
20
-4.1079074803149602
11
5.2669888188976373
21
-4.1060327165354327
0
LINE
8
BLACK
6
CONTINUOUS
10
5.2669888188976373
20
-4.1060327165354327
11
5.266956338582677
21
-4.10557562992126
0
LINE
8
BLACK
6
CONTINUOUS
10
5.266956338582677
20
-4.10557562992126
11
5.2667810236220474
21
-4.1051524015748031
0
LINE
8
BLACK
6
CONTINUOUS
10
5.2667810236220474
20
-4.1051524015748031
11
5.2667810236220474
21
-4.0892168897637795
0
LINE
8
BLACK
6
CONTINUOUS
10
5.2667810236220474
20
-4.0892168897637795
11
5.267357598425197
21
-4.0878249606299208
0
LINE
8
BLACK
6
CONTINUOUS
10
5.267357598425197
20
-4.0878249606299208
11
5.2687495275590548
21
-4.0872483858267712
0
LINE
8
BLACK
6
CONTINUOUS
10
5.2687495275590548
20
-4.0872483858267712
11
5.2701414566929135
21
-4.0878249606299208
0
LINE
8
BLACK
6
CONTINUOUS
10
5.2701414566929135
20
-4.0878249606299208
11
5.2707180314960631
21
-4.0892168897637795
0
LINE
8
BLACK
6
CONTINUOUS
10
5.2707180314960631
20
-4.0892168897637795
11
5.2707180314960631
21
-4.1046876771653542
0
LINE
8
BLACK
6
CONTINUOUS
10
5.2707180314960631
20
-4.1046876771653542
11
5.2713047244094486
21
-4.1058611023622049
0
LINE
8
BLACK
6
CONTINUOUS
10
5.2713047244094486
20
-4.1058611023622049
11
5.2717903149606302
21
-4.1063466929133856
0
LINE
8
BLACK
6
CONTINUOUS
10
5.2717903149606302
20
-4.1063466929133856
11
5.2729637795275588
21
-4.1069334251968499
0
LINE
8
BLACK
6
CONTINUOUS
10
5.2729637795275588
20
-4.1069334251968499
11
5.2757838582677161
21
-4.1069334251968499
0
LINE
8
BLACK
6
CONTINUOUS
10
5.2757838582677161
20
-4.1069334251968499
11
5.2769572047244093
21
-4.1063467322834644
0
LINE
8
BLACK
6
CONTINUOUS
10
5.2769572047244093
20
-4.1063467322834644
11
5.2774428740157475
21
-4.1058610629921262
0
LINE
8
BLACK
6
CONTINUOUS
10
5.2774428740157475
20
-4.1058610629921262
11
5.2780296062992127
21
-4.1046876771653542
0
LINE
8
BLACK
6
CONTINUOUS
10
5.2780296062992127
20
-4.1046876771653542
11
5.2780296062992127
21
-4.0892168897637795
0
LINE
8
BLACK
6
CONTINUOUS
10
5.2780296062992127
20
-4.0892168897637795
11
5.2786061811023623
21
-4.0878249606299208
0
LINE
8
BLACK
6
CONTINUOUS
10
5.2786061811023623
20
-4.0878249606299208
11
5.2799981102362201
21
-4.0872483858267712
0
LINE
8
BLACK
6
CONTINUOUS
10
5.2799981102362201
20
-4.0872483858267712
11
5.2813900393700788
21
-4.0878249606299208
0
LINE
8
BLACK
6
CONTINUOUS
10
5.2846850393700784
20
-4.0389763779527561
11
5.286076968503937
21
-4.0395529527559058
0
LINE
8
BLACK
6
CONTINUOUS
10
5.286076968503937
20
-4.0395529527559058
11
5.3254470866141732
21
-4.0789230314960632
0
LINE
8
BLACK
6
CONTINUOUS
10
5.3254470866141732
20
-4.0789230314960632
11
5.3259097637795279
21
-4.080040078740157
0
LINE
8
BLACK
6
CONTINUOUS
10
5.3259097637795279
20
-4.080040078740157
11
5.3260236220472441
21
-4.0803149606299209
0
LINE
8
BLACK
6
CONTINUOUS
10
5.3260236220472441
20
-4.0803149606299209
11
5.3260236220472441
21
-4.1590551181102358
0
LINE
8
BLACK
6
CONTINUOUS
10
5.3260236220472441
20
-4.1590551181102358
11
5.3254470472440945
21
-4.1604470472440944
0
LINE
8
BLACK
6
CONTINUOUS
10
5.3254470472440945
20
-4.1604470472440944
11
5.3240551181102358
21
-4.1610236220472441
0
LINE
8
BLACK
6
CONTINUOUS
10
5.3240551181102358
20
-4.1610236220472441
11
5.2059448818897636
21
-4.1610236220472441
0
LINE
8
BLACK
6
CONTINUOUS
10
5.2059448818897636
20
-4.1610236220472441
11
5.2045529527559058
21
-4.1604470472440944
0
LINE
8
BLACK
6
CONTINUOUS
10
5.2045529527559058
20
-4.1604470472440944
11
5.2039763779527561
21
-4.1590551181102358
0
LINE
8
BLACK
6
CONTINUOUS
10
5.2039763779527561
20
-4.1590551181102358
11
5.2039763779527561
21
-4.0409448818897635
0
LINE
8
BLACK
6
CONTINUOUS
10
5.2039763779527561
20
-4.0409448818897635
11
5.2045529527559058
21
-4.0395529527559058
0
LINE
8
BLACK
6
CONTINUOUS
10
5.2045529527559058
20
-4.0395529527559058
11
5.2059448818897636
21
-4.0389763779527561
0
LINE
8
BLACK
6
CONTINUOUS
10
5.2059448818897636
20
-4.0389763779527561
11
5.2846850393700784
21
-4.0389763779527561
0
LINE
8
BLACK
6
CONTINUOUS
10
5.2079133858267719
20
-4.0429133858267718
11
5.2079133858267719
21
-4.1570866141732283
0
LINE
8
BLACK
6
CONTINUOUS
10
5.2079133858267719
20
-4.1570866141732283
11
5.3220866141732284
21
-4.1570866141732283
0
LINE
8
BLACK
6
CONTINUOUS
10
5.3220866141732284
20
-4.1570866141732283
11
5.3220866141732284
21
-4.0811303149606299
0
LINE
8
BLACK
6
CONTINUOUS
10
5.3220866141732284
20
-4.0811303149606299
11
5.2838696850393703
21
-4.0429133858267718
0
LINE
8
BLACK
6
CONTINUOUS
10
5.2838696850393703
20
-4.0429133858267718
11
5.2079133858267719
21
-4.0429133858267718
0
LINE
8
BLACK
6
CONTINUOUS
10
5.9943414173228344
20
-4.1181170078740159
11
5.9950322440944879
21
-4.1200149999999995
0
LINE
8
BLACK
6
CONTINUOUS
10
5.9950322440944879
20
-4.1200149999999995
11
5.9950322440944879
21
-4.1283108267716537
0
LINE
8
BLACK
6
CONTINUOUS
10
5.9950322440944879
20
-4.1283108267716537
11
6.0314495669291341
21
-4.1283108267716537
0
LINE
8
BLACK
6
CONTINUOUS
10
6.0314495669291341
20
-4.1283108267716537
11
6.0324594881889766
21
-4.1284888976377951
0
LINE
8
BLACK
6
CONTINUOUS
10
6.0324594881889766
20
-4.1284888976377951
11
6.0340067322834647
21
-4.1297872047244093
0
LINE
8
BLACK
6
CONTINUOUS
10
6.0340067322834647
20
-4.1297872047244093
11
6.0343574803149602
21
-4.1317763385826769
0
LINE
8
BLACK
6
CONTINUOUS
10
6.0343574803149602
20
-4.1317763385826769
11
6.0333475590551178
21
-4.1335255118110235
0
LINE
8
BLACK
6
CONTINUOUS
10
6.0333475590551178
20
-4.1335255118110235
11
6.0314495669291341
21
-4.1342163385826769
0
LINE
8
BLACK
6
CONTINUOUS
10
6.0314495669291341
20
-4.1342163385826769
11
5.9950322440944879
21
-4.1342163385826769
0
LINE
8
BLACK
6
CONTINUOUS
10
5.9950322440944879
20
-4.1342163385826769
11
5.9950322440944879
21
-4.1425121653543302
0
LINE
8
BLACK
6
CONTINUOUS
10
5.9950322440944879
20
-4.1425121653543302
11
5.9948541732283465
21
-4.1435220866141735
0
LINE
8
BLACK
6
CONTINUOUS
10
5.9948541732283465
20
-4.1435220866141735
11
5.9935558661417323
21
-4.1450693307086617
0
LINE
8
BLACK
6
CONTINUOUS
10
5.9935558661417323
20
-4.1450693307086617
11
5.9915667322834647
21
-4.1454200787401572
0
LINE
8
BLACK
6
CONTINUOUS
10
5.9915667322834647
20
-4.1454200787401572
11
5.9898175590551181
21
-4.1444101574803147
0
LINE
8
BLACK
6
CONTINUOUS
10
5.9898175590551181
20
-4.1444101574803147
11
5.9891267322834647
21
-4.1425121653543302
0
LINE
8
BLACK
6
CONTINUOUS
10
5.9891267322834647
20
-4.1425121653543302
11
5.9891267322834647
21
-4.1200149999999995
0
LINE
8
BLACK
6
CONTINUOUS
10
5.9891267322834647
20
-4.1200149999999995
11
5.9893048031496061
21
-4.1190050787401571
0
LINE
8
BLACK
6
CONTINUOUS
10
5.9893048031496061
20
-4.1190050787401571
11
5.9906031102362203
21
-4.1174578346456689
0
LINE
8
BLACK
6
CONTINUOUS
10
5.9906031102362203
20
-4.1174578346456689
11
5.9925922440944879
21
-4.1171070866141735
0
LINE
8
BLACK
6
CONTINUOUS
10
5.9925922440944879
20
-4.1171070866141735
11
5.9943414173228344
21
-4.1181170078740159
0
LINE
8
BLACK
6
CONTINUOUS
10
5.0499740944881886
20
-4.1212279921259842
11
5.0502047244094488
21
-4.1217847637795275
0
LINE
8
BLACK
6
CONTINUOUS
10
5.0502047244094488
20
-4.1217847637795275
11
5.0502047244094488
21
-4.1274148031496063
0
LINE
8
BLACK
6
CONTINUOUS
10
5.0502047244094488
20
-4.1274148031496063
11
5.0593433858267716
21
-4.123498228346457
0
LINE
8
BLACK
6
CONTINUOUS
10
5.0593433858267716
20
-4.123498228346457
11
5.0599459842519687
21
-4.1234909055118107
0
LINE
8
BLACK
6
CONTINUOUS
10
5.0599459842519687
20
-4.1234909055118107
11
5.0603772834645664
21
-4.1239117716535434
0
LINE
8
BLACK
6
CONTINUOUS
10
5.0603772834645664
20
-4.1239117716535434
11
5.0603846456692914
21
-4.1245144094488184
0
LINE
8
BLACK
6
CONTINUOUS
10
5.0603846456692914
20
-4.1245144094488184
11
5.05996374015748
21
-4.124945708661417
0
LINE
8
BLACK
6
CONTINUOUS
10
5.05996374015748
20
-4.124945708661417
11
5.0497274803149601
21
-4.1293326771653538
0
LINE
8
BLACK
6
CONTINUOUS
10
5.0497274803149601
20
-4.1293326771653538
11
5.0495662598425195
21
-4.1293346062992127
0
LINE
8
BLACK
6
CONTINUOUS
10
5.0495662598425195
20
-4.1293346062992127
11
5.0494173228346453
21
-4.1293963385826773
0
LINE
8
BLACK
6
CONTINUOUS
10
5.0494173228346453
20
-4.1293963385826773
11
5.0492768503937011
21
-4.1293381496062995
0
LINE
8
BLACK
6
CONTINUOUS
10
5.0492768503937011
20
-4.1293381496062995
11
5.0491248818897638
21
-4.12934
0
LINE
8
BLACK
6
CONTINUOUS
10
5.0491248818897638
20
-4.12934
11
5.0490094881889762
21
-4.1292274015748029
0
LINE
8
BLACK
6
CONTINUOUS
10
5.0490094881889762
20
-4.1292274015748029
11
5.048860551181102
21
-4.1291657086614171
0
LINE
8
BLACK
6
CONTINUOUS
10
5.048860551181102
20
-4.1291657086614171
11
5.0488023622047242
21
-4.129025236220472
0
LINE
8
BLACK
6
CONTINUOUS
10
5.0488023622047242
20
-4.129025236220472
11
5.0486935826771653
21
-4.1289190944881886
0
LINE
8
BLACK
6
CONTINUOUS
10
5.0486935826771653
20
-4.1289190944881886
11
5.0486916141732285
21
-4.128757874015748
0
LINE
8
BLACK
6
CONTINUOUS
10
5.0486916141732285
20
-4.128757874015748
11
5.0486299212598427
21
-4.1286089370078738
0
LINE
8
BLACK
6
CONTINUOUS
10
5.0486299212598427
20
-4.1286089370078738
11
5.0486299212598427
21
-4.1217847637795275
0
LINE
8
BLACK
6
CONTINUOUS
10
5.0486299212598427
20
-4.1217847637795275
11
5.048860551181102
21
-4.1212279921259842
0
LINE
8
BLACK
6
CONTINUOUS
10
5.048860551181102
20
-4.1212279921259842
11
5.0494173228346453
21
-4.120997362204724
0
LINE
8
BLACK
6
CONTINUOUS
10
5.0494173228346453
20
-4.120997362204724
11
5.0499740944881886
21
-4.1212279921259842
0
LINE
8
BLACK
6
CONTINUOUS
10
5.0602103149606297
20
-4.1119666535433073
11
5.0604409448818899
21
-4.1125234251968505
0
LINE
8
BLACK
6
CONTINUOUS
10
5.0604409448818899
20
-4.1125234251968505
11
5.0602103149606297
21
-4.1130801968503938
0
LINE
8
BLACK
6
CONTINUOUS
10
5.0602103149606297
20
-4.1130801968503938
11
5.0596535433070864
21
-4.1133108267716532
0
LINE
8
BLACK
6
CONTINUOUS
10
5.0596535433070864
20
-4.1133108267716532
11
5.0555665748031497
21
-4.1133108267716532
0
LINE
8
BLACK
6
CONTINUOUS
10
5.0555665748031497
20
-4.1133108267716532
11
5.0555665748031497
21
-4.1145506299212595
0
LINE
8
BLACK
6
CONTINUOUS
10
5.0555665748031497
20
-4.1145506299212595
11
5.0601051181102363
21
-4.1177276771653544
0
LINE
8
BLACK
6
CONTINUOUS
10
5.0601051181102363
20
-4.1177276771653544
11
5.0604289763779526
21
-4.1182359055118107
0
LINE
8
BLACK
6
CONTINUOUS
10
5.0604289763779526
20
-4.1182359055118107
11
5.0602986220472443
21
-4.1188242913385826
0
LINE
8
BLACK
6
CONTINUOUS
10
5.0602986220472443
20
-4.1188242913385826
11
5.0597903937007871
21
-4.1191481496062989
0
LINE
8
BLACK
6
CONTINUOUS
10
5.0597903937007871
20
-4.1191481496062989
11
5.0592020078740152
21
-4.1190177952755906
0
LINE
8
BLACK
6
CONTINUOUS
10
5.0592020078740152
20
-4.1190177952755906
11
5.0555505118110231
21
-4.1164616929133855
0
LINE
8
BLACK
6
CONTINUOUS
10
5.0555505118110231
20
-4.1164616929133855
11
5.0554964566929135
21
-4.1165922047244097
0
LINE
8
BLACK
6
CONTINUOUS
10
5.0554964566929135
20
-4.1165922047244097
11
5.0554834645669287
21
-4.1167750787401571
0
LINE
8
BLACK
6
CONTINUOUS
10
5.0554834645669287
20
-4.1167750787401571
11
5.0549960236220475
21
-4.1177499606299213
0
LINE
8
BLACK
6
CONTINUOUS
10
5.0549960236220475
20
-4.1177499606299213
11
5.054898070866142
21
-4.1178348425196853
0
LINE
8
BLACK
6
CONTINUOUS
10
5.054898070866142
20
-4.1178348425196853
11
5.0548485039370075
21
-4.1179546062992127
0
LINE
8
BLACK
6
CONTINUOUS
10
5.0548485039370075
20
-4.1179546062992127
11
5.0543610629921263
21
-4.1184420472440948
0
LINE
8
BLACK
6
CONTINUOUS
10
5.0543610629921263
20
-4.1184420472440948
11
5.054241299212598
21
-4.1184916141732284
0
LINE
8
BLACK
6
CONTINUOUS
10
5.054241299212598
20
-4.1184916141732284
11
5.0541564173228348
21
-4.1185895275590552
0
LINE
8
BLACK
6
CONTINUOUS
10
5.0541564173228348
20
-4.1185895275590552
11
5.0531815354330707
21
-4.119077007874016
0
LINE
8
BLACK
6
CONTINUOUS
10
5.0531815354330707
20
-4.119077007874016
11
5.0529987007874011
21
-4.1190899606299212
0
LINE
8
BLACK
6
CONTINUOUS
10
5.0529987007874011
20
-4.1190899606299212
11
5.0528294094488189
21
-4.1191601181102362
0
LINE
8
BLACK
6
CONTINUOUS
10
5.0528294094488189
20
-4.1191601181102362
11
5.0513670866141736
21
-4.1191601181102362
0
LINE
8
BLACK
6
CONTINUOUS
10
5.0513670866141736
20
-4.1191601181102362
11
5.0511977952755904
21
-4.1190899999999999
0
LINE
8
BLACK
6
CONTINUOUS
10
5.0511977952755904
20
-4.1190899999999999
11
5.0510149606299208
21
-4.119077007874016
0
LINE
8
BLACK
6
CONTINUOUS
10
5.0510149606299208
20
-4.119077007874016
11
5.0500400787401576
21
-4.1185895669291339
0
LINE
8
BLACK
6
CONTINUOUS
10
5.0500400787401576
20
-4.1185895669291339
11
5.0499551574803148
21
-4.1184916141732284
0
LINE
8
BLACK
6
CONTINUOUS
10
5.0499551574803148
20
-4.1184916141732284
11
5.0498354330708661
21
-4.1184420472440948
0
LINE
8
BLACK
6
CONTINUOUS
10
5.0498354330708661
20
-4.1184420472440948
11
5.0493479921259841
21
-4.1179546062992127
0
LINE
8
BLACK
6
CONTINUOUS
10
5.0493479921259841
20
-4.1179546062992127
11
5.0492983858267717
21
-4.1178348425196853
0
LINE
8
BLACK
6
CONTINUOUS
10
5.0492983858267717
20
-4.1178348425196853
11
5.0492005118110237
21
-4.1177499606299213
0
LINE
8
BLACK
6
CONTINUOUS
10
5.0492005118110237
20
-4.1177499606299213
11
5.0487130314960629
21
-4.1167750787401571
0
LINE
8
BLACK
6
CONTINUOUS
10
5.0487130314960629
20
-4.1167750787401571
11
5.0487000393700789
21
-4.1165922440944884
0
LINE
8
BLACK
6
CONTINUOUS
10
5.0487000393700789
20
-4.1165922440944884
11
5.0486299212598427
21
-4.1164229527559053
0
LINE
8
BLACK
6
CONTINUOUS
10
5.0486299212598427
20
-4.1164229527559053
11
5.0486299212598427
21
-4.1125234251968505
0
LINE
8
BLACK
6
CONTINUOUS
10
5.0486299212598427
20
-4.1125234251968505
11
5.048860551181102
21
-4.1119666535433073
0
LINE
8
BLACK
6
CONTINUOUS
10
5.048860551181102
20
-4.1119666535433073
11
5.0494173228346453
21
-4.111736023622047
0
LINE
8
BLACK
6
CONTINUOUS
10
5.0494173228346453
20
-4.111736023622047
11
5.0596535433070864
21
-4.111736023622047
0
LINE
8
BLACK
6
CONTINUOUS
10
5.0596535433070864
20
-4.111736023622047
11
5.0602103149606297
21
-4.1119666535433073
0
LINE
8
BLACK
6
CONTINUOUS
10
5.0502047244094488
20
-4.1162370472440948
11
5.0505519291338583
21
-4.1169314566929129
0
LINE
8
BLACK
6
CONTINUOUS
10
5.0505519291338583
20
-4.1169314566929129
11
5.050858582677165
21
-4.1172381102362205
0
LINE
8
BLACK
6
CONTINUOUS
10
5.050858582677165
20
-4.1172381102362205
11
5.0515529133858266
21
-4.1175853149606301
0
LINE
8
BLACK
6
CONTINUOUS
10
5.0515529133858266
20
-4.1175853149606301
11
5.0526435039370075
21
-4.1175853149606301
0
LINE
8
BLACK
6
CONTINUOUS
10
5.0526435039370075
20
-4.1175853149606301
11
5.0533379133858265
21
-4.1172381102362205
0
LINE
8
BLACK
6
CONTINUOUS
10
5.0533379133858265
20
-4.1172381102362205
11
5.0536445669291341
21
-4.1169314173228342
0
LINE
8
BLACK
6
CONTINUOUS
10
5.0536445669291341
20
-4.1169314173228342
11
5.0539917716535436
21
-4.1162370866141735
0
LINE
8
BLACK
6
CONTINUOUS
10
5.0539917716535436
20
-4.1162370866141735
11
5.0539917716535436
21
-4.1133108267716532
0
LINE
8
BLACK
6
CONTINUOUS
10
5.0539917716535436
20
-4.1133108267716532
11
5.0502047244094488
21
-4.1133108267716532
0
LINE
8
BLACK
6
CONTINUOUS
10
5.0502047244094488
20
-4.1133108267716532
11
5.0502047244094488
21
-4.1162370472440948
0
LINE
8
BLACK
6
CONTINUOUS
10
5.0656299212598421
20
-4.0974409448818898
11
5.0670218503937008
21
-4.0980175196850395
0
LINE
8
BLACK
6
CONTINUOUS
10
5.0670218503937008
20
-4.0980175196850395
11
5.0675984251968504
21
-4.0994094488188972
0
LINE
8
BLACK
6
CONTINUOUS
10
5.0675984251968504
20
-4.0994094488188972
11
5.0675984251968504
21
-4.140748031496063
0
LINE
8
BLACK
6
CONTINUOUS
10
5.0675984251968504
20
-4.140748031496063
11
5.0670218503937008
21
-4.1421399606299207
0
LINE
8
BLACK
6
CONTINUOUS
10
5.0670218503937008
20
-4.1421399606299207
11
5.0656299212598421
21
-4.1427165354330704
0
LINE
8
BLACK
6
CONTINUOUS
10
5.0656299212598421
20
-4.1427165354330704
11
5.0443700787401573
21
-4.1427165354330704
0
LINE
8
BLACK
6
CONTINUOUS
10
5.0443700787401573
20
-4.1427165354330704
11
5.0429781496062995
21
-4.1421399606299207
0
LINE
8
BLACK
6
CONTINUOUS
10
5.0429781496062995
20
-4.1421399606299207
11
5.0424015748031499
21
-4.140748031496063
0
LINE
8
BLACK
6
CONTINUOUS
10
5.0424015748031499
20
-4.140748031496063
11
5.0424015748031499
21
-4.0994094488188972
0
LINE
8
BLACK
6
CONTINUOUS
10
5.0424015748031499
20
-4.0994094488188972
11
5.0429781496062995
21
-4.0980175196850395
0
LINE
8
BLACK
6
CONTINUOUS
10
5.0429781496062995
20
-4.0980175196850395
11
5.0443700787401573
21
-4.0974409448818898
0
LINE
8
BLACK
6
CONTINUOUS
10
5.0443700787401573
20
-4.0974409448818898
11
5.0656299212598421
21
-4.0974409448818898
0
LINE
8
BLACK
6
CONTINUOUS
10
5.0463385826771656
20
-4.1013779527559056
11
5.0463385826771656
21
-4.1387795275590546
0
LINE
8
BLACK
6
CONTINUOUS
10
5.0463385826771656
20
-4.1387795275590546
11
5.0636614173228347
21
-4.1387795275590546
0
LINE
8
BLACK
6
CONTINUOUS
10
5.0636614173228347
20
-4.1387795275590546
11
5.0636614173228347
21
-4.1013779527559056
0
LINE
8
BLACK
6
CONTINUOUS
10
5.0636614173228347
20
-4.1013779527559056
11
5.0463385826771656
21
-4.1013779527559056
0
LINE
8
BLACK
6
CONTINUOUS
10
5.4310260236220476
20
-4.1237000393700782
11
5.4312088582677163
21
-4.1237130314960631
0
LINE
8
BLACK
6
CONTINUOUS
10
5.4312088582677163
20
-4.1237130314960631
11
5.4321837401574804
21
-4.1242005118110239
0
LINE
8
BLACK
6
CONTINUOUS
10
5.4321837401574804
20
-4.1242005118110239
11
5.4322686220472436
21
-4.1242983858267719
0
LINE
8
BLACK
6
CONTINUOUS
10
5.4322686220472436
20
-4.1242983858267719
11
5.4323883858267719
21
-4.1243479921259842
0
LINE
8
BLACK
6
CONTINUOUS
10
5.4323883858267719
20
-4.1243479921259842
11
5.432875826771653
21
-4.1248354330708663
0
LINE
8
BLACK
6
CONTINUOUS
10
5.432875826771653
20
-4.1248354330708663
11
5.4329253937007875
21
-4.1249551574803149
0
LINE
8
BLACK
6
CONTINUOUS
10
5.4329253937007875
20
-4.1249551574803149
11
5.433023346456693
21
-4.1250400787401578
0
LINE
8
BLACK
6
CONTINUOUS
10
5.433023346456693
20
-4.1250400787401578
11
5.4335107874015751
21
-4.126014960629921
0
LINE
8
BLACK
6
CONTINUOUS
10
5.4335107874015751
20
-4.126014960629921
11
5.433523779527559
21
-4.1261977952755906
0
LINE
8
BLACK
6
CONTINUOUS
10
5.433523779527559
20
-4.1261977952755906
11
5.4335938976377953
21
-4.1263670866141728
0
LINE
8
BLACK
6
CONTINUOUS
10
5.4335938976377953
20
-4.1263670866141728
11
5.4335938976377953
21
-4.1268545275590549
0
LINE
8
BLACK
6
CONTINUOUS
10
5.4335938976377953
20
-4.1268545275590549
11
5.433523779527559
21
-4.1270237795275593
0
LINE
8
BLACK
6
CONTINUOUS
10
5.433523779527559
20
-4.1270237795275593
11
5.4335107874015751
21
-4.1272066535433067
0
LINE
8
BLACK
6
CONTINUOUS
10
5.4335107874015751
20
-4.1272066535433067
11
5.433023346456693
21
-4.1281815354330709
0
LINE
8
BLACK
6
CONTINUOUS
10
5.433023346456693
20
-4.1281815354330709
11
5.4329253937007875
21
-4.1282664173228349
0
LINE
8
BLACK
6
CONTINUOUS
10
5.4329253937007875
20
-4.1282664173228349
11
5.432875826771653
21
-4.1283861811023623
0
LINE
8
BLACK
6
CONTINUOUS
10
5.432875826771653
20
-4.1283861811023623
11
5.4324577165354331
21
-4.1288042913385823
0
LINE
8
BLACK
6
CONTINUOUS
10
5.4324577165354331
20
-4.1288042913385823
11
5.432875826771653
21
-4.1292224015748031
0
LINE
8
BLACK
6
CONTINUOUS
10
5.432875826771653
20
-4.1292224015748031
11
5.4329253937007875
21
-4.1293421259842518
0
LINE
8
BLACK
6
CONTINUOUS
10
5.4329253937007875
20
-4.1293421259842518
11
5.433023346456693
21
-4.1294270472440946
0
LINE
8
BLACK
6
CONTINUOUS
10
5.433023346456693
20
-4.1294270472440946
11
5.4335107874015751
21
-4.1304019291338578
0
LINE
8
BLACK
6
CONTINUOUS
10
5.4335107874015751
20
-4.1304019291338578
11
5.433523779527559
21
-4.1305847637795274
0
LINE
8
BLACK
6
CONTINUOUS
10
5.433523779527559
20
-4.1305847637795274
11
5.4335938976377953
21
-4.1307540551181106
0
LINE
8
BLACK
6
CONTINUOUS
10
5.4335938976377953
20
-4.1307540551181106
11
5.4335938976377953
21
-4.1327038188976379
0
LINE
8
BLACK
6
CONTINUOUS
10
5.4335938976377953
20
-4.1327038188976379
11
5.433523779527559
21
-4.1328730708661414
0
LINE
8
BLACK
6
CONTINUOUS
10
5.433523779527559
20
-4.1328730708661414
11
5.4335107874015751
21
-4.1330559448818898
0
LINE
8
BLACK
6
CONTINUOUS
10
5.4335107874015751
20
-4.1330559448818898
11
5.433023346456693
21
-4.134030826771653
0
LINE
8
BLACK
6
CONTINUOUS
10
5.433023346456693
20
-4.134030826771653
11
5.4329253937007875
21
-4.1341157086614171
0
LINE
8
BLACK
6
CONTINUOUS
10
5.4329253937007875
20
-4.1341157086614171
11
5.432875826771653
21
-4.1342354724409445
0
LINE
8
BLACK
6
CONTINUOUS
10
5.432875826771653
20
-4.1342354724409445
11
5.4323883858267719
21
-4.1347229133858265
0
LINE
8
BLACK
6
CONTINUOUS
10
5.4323883858267719
20
-4.1347229133858265
11
5.4322686220472436
21
-4.1347725196850389
0
LINE
8
BLACK
6
CONTINUOUS
10
5.4322686220472436
20
-4.1347725196850389
11
5.4321837007874016
21
-4.1348704330708657
0
LINE
8
BLACK
6
CONTINUOUS
10
5.4321837007874016
20
-4.1348704330708657
11
5.4312088582677163
21
-4.135357834645669
0
LINE
8
BLACK
6
CONTINUOUS
10
5.4312088582677163
20
-4.135357834645669
11
5.4310260236220476
21
-4.135370787401575
0
LINE
8
BLACK
6
CONTINUOUS
10
5.4310260236220476
20
-4.135370787401575
11
5.4308567322834644
21
-4.1354409448818901
0
LINE
8
BLACK
6
CONTINUOUS
10
5.4308567322834644
20
-4.1354409448818901
11
5.4289069685039371
21
-4.1354409448818901
0
LINE
8
BLACK
6
CONTINUOUS
10
5.4289069685039371
20
-4.1354409448818901
11
5.4287376377952752
21
-4.135370787401575
0
LINE
8
BLACK
6
CONTINUOUS
10
5.4287376377952752
20
-4.135370787401575
11
5.4285548425196852
21
-4.135357834645669
0
LINE
8
BLACK
6
CONTINUOUS
10
5.4285548425196852
20
-4.135357834645669
11
5.4275799606299211
21
-4.1348704330708657
0
LINE
8
BLACK
6
CONTINUOUS
10
5.4275799606299211
20
-4.1348704330708657
11
5.4274949999999995
21
-4.1347724803149601
0
LINE
8
BLACK
6
CONTINUOUS
10
5.4274949999999995
20
-4.1347724803149601
11
5.4273753149606296
21
-4.1347229133858265
0
LINE
8
BLACK
6
CONTINUOUS
10
5.4273753149606296
20
-4.1347229133858265
11
5.4268878740157476
21
-4.1342354724409445
0
LINE
8
BLACK
6
CONTINUOUS
10
5.4268878740157476
20
-4.1342354724409445
11
5.4268382677165352
21
-4.1341157086614171
0
LINE
8
BLACK
6
CONTINUOUS
10
5.4268382677165352
20
-4.1341157086614171
11
5.4267403937007872
21
-4.134030826771653
0
LINE
8
BLACK
6
CONTINUOUS
10
5.4267403937007872
20
-4.134030826771653
11
5.4262529133858264
21
-4.1330559448818898
0
LINE
8
BLACK
6
CONTINUOUS
10
5.4262529133858264
20
-4.1330559448818898
11
5.4262399212598424
21
-4.1328731102362202
0
LINE
8
BLACK
6
CONTINUOUS
10
5.4262399212598424
20
-4.1328731102362202
11
5.4261698031496062
21
-4.1327038188976379
0
LINE
8
BLACK
6
CONTINUOUS
10
5.4261698031496062
20
-4.1327038188976379
11
5.4261698031496062
21
-4.1307540551181106
0
LINE
8
BLACK
6
CONTINUOUS
10
5.4261698031496062
20
-4.1307540551181106
11
5.4262399212598424
21
-4.1305847244094487
0
LINE
8
BLACK
6
CONTINUOUS
10
5.4262399212598424
20
-4.1305847244094487
11
5.4262529133858264
21
-4.1304019291338578
0
LINE
8
BLACK
6
CONTINUOUS
10
5.4262529133858264
20
-4.1304019291338578
11
5.4267403937007872
21
-4.1294270472440946
0
LINE
8
BLACK
6
CONTINUOUS
10
5.4267403937007872
20
-4.1294270472440946
11
5.4268382677165352
21
-4.1293421259842518
0
LINE
8
BLACK
6
CONTINUOUS
10
5.4268382677165352
20
-4.1293421259842518
11
5.4268878740157476
21
-4.1292224015748031
0
LINE
8
BLACK
6
CONTINUOUS
10
5.4268878740157476
20
-4.1292224015748031
11
5.4273059842519684
21
-4.1288042913385823
0
LINE
8
BLACK
6
CONTINUOUS
10
5.4273059842519684
20
-4.1288042913385823
11
5.4268878740157476
21
-4.1283861811023623
0
LINE
8
BLACK
6
CONTINUOUS
10
5.4268878740157476
20
-4.1283861811023623
11
5.4268382677165352
21
-4.1282664173228349
0
LINE
8
BLACK
6
CONTINUOUS
10
5.4268382677165352
20
-4.1282664173228349
11
5.4267403937007872
21
-4.1281815354330709
0
LINE
8
BLACK
6
CONTINUOUS
10
5.4267403937007872
20
-4.1281815354330709
11
5.4262529133858264
21
-4.1272066535433067
0
LINE
8
BLACK
6
CONTINUOUS
10
5.4262529133858264
20
-4.1272066535433067
11
5.4262399212598424
21
-4.127023818897638
0
LINE
8
BLACK
6
CONTINUOUS
10
5.4262399212598424
20
-4.127023818897638
11
5.4261698031496062
21
-4.1268545275590549
0
LINE
8
BLACK
6
CONTINUOUS
10
5.4261698031496062
20
-4.1268545275590549
11
5.4261698031496062
21
-4.1263670866141728
0
LINE
8
BLACK
6
CONTINUOUS
10
5.4261698031496062
20
-4.1263670866141728
11
5.4262399212598424
21
-4.1261977559055119
0
LINE
8
BLACK
6
CONTINUOUS
10
5.4262399212598424
20
-4.1261977559055119
11
5.4262529133858264
21
-4.126014960629921
0
LINE
8
BLACK
6
CONTINUOUS
10
5.4262529133858264
20
-4.126014960629921
11
5.4267403937007872
21
-4.1250400787401578
0
LINE
8
BLACK
6
CONTINUOUS
10
5.4267403937007872
20
-4.1250400787401578
11
5.4268382677165352
21
-4.1249551574803149
0
LINE
8
BLACK
6
CONTINUOUS
10
5.4268382677165352
20
-4.1249551574803149
11
5.4268878740157476
21
-4.1248354330708663
0
LINE
8
BLACK
6
CONTINUOUS
10
5.4268878740157476
20
-4.1248354330708663
11
5.4273753149606296
21
-4.1243479921259842
0
LINE
8
BLACK
6
CONTINUOUS
10
5.4273753149606296
20
-4.1243479921259842
11
5.4274950393700783
21
-4.1242983858267719
0
LINE
8
BLACK
6
CONTINUOUS
10
5.4274950393700783
20
-4.1242983858267719
11
5.4275799606299211
21
-4.1242004724409451
0
LINE
8
BLACK
6
CONTINUOUS
10
5.4275799606299211
20
-4.1242004724409451
11
5.4285548425196852
21
-4.1237130314960631
0
LINE
8
BLACK
6
CONTINUOUS
10
5.4285548425196852
20
-4.1237130314960631
11
5.4287376771653539
21
-4.1236999999999995
0
LINE
8
BLACK
6
CONTINUOUS
10
5.4287376771653539
20
-4.1236999999999995
11
5.4289069685039371
21
-4.1236299212598428
0
LINE
8
BLACK
6
CONTINUOUS
10
5.4289069685039371
20
-4.1236299212598428
11
5.4308567322834644
21
-4.1236299212598428
0
LINE
8
BLACK
6
CONTINUOUS
10
5.4308567322834644
20
-4.1236299212598428
11
5.4310260236220476
21
-4.1237000393700782
0
LINE
8
BLACK
6
CONTINUOUS
10
5.4283984645669294
20
-4.1299388582677166
11
5.4280918110236218
21
-4.130245551181102
0
LINE
8
BLACK
6
CONTINUOUS
10
5.4280918110236218
20
-4.130245551181102
11
5.4277446062992123
21
-4.1309399606299211
0
LINE
8
BLACK
6
CONTINUOUS
10
5.4277446062992123
20
-4.1309399606299211
11
5.4277446062992123
21
-4.1325179133858265
0
LINE
8
BLACK
6
CONTINUOUS
10
5.4277446062992123
20
-4.1325179133858265
11
5.4280918110236218
21
-4.1332123228346456
0
LINE
8
BLACK
6
CONTINUOUS
10
5.4280918110236218
20
-4.1332123228346456
11
5.4283984251968507
21
-4.1335189370078735
0
LINE
8
BLACK
6
CONTINUOUS
10
5.4283984251968507
20
-4.1335189370078735
11
5.4290928346456688
21
-4.1338661417322831
0
LINE
8
BLACK
6
CONTINUOUS
10
5.4290928346456688
20
-4.1338661417322831
11
5.430670826771653
21
-4.1338661417322831
0
LINE
8
BLACK
6
CONTINUOUS
10
5.430670826771653
20
-4.1338661417322831
11
5.4313652362204721
21
-4.1335189370078735
0
LINE
8
BLACK
6
CONTINUOUS
10
5.4313652362204721
20
-4.1335189370078735
11
5.4316718897637797
21
-4.1332122834645668
0
LINE
8
BLACK
6
CONTINUOUS
10
5.4316718897637797
20
-4.1332122834645668
11
5.4320190944881892
21
-4.1325179527559053
0
LINE
8
BLACK
6
CONTINUOUS
10
5.4320190944881892
20
-4.1325179527559053
11
5.4320190944881892
21
-4.1309398818897636
0
LINE
8
BLACK
6
CONTINUOUS
10
5.4320190944881892
20
-4.1309398818897636
11
5.4316718897637797
21
-4.130245551181102
0
LINE
8
BLACK
6
CONTINUOUS
10
5.4316718897637797
20
-4.130245551181102
11
5.4313652362204721
21
-4.1299388976377953
0
LINE
8
BLACK
6
CONTINUOUS
10
5.4313652362204721
20
-4.1299388976377953
11
5.430670826771653
21
-4.1295916929133858
0
LINE
8
BLACK
6
CONTINUOUS
10
5.430670826771653
20
-4.1295916929133858
11
5.4290927952755901
21
-4.1295916929133858
0
LINE
8
BLACK
6
CONTINUOUS
10
5.4290927952755901
20
-4.1295916929133858
11
5.4283984645669294
21
-4.1299388582677166
0
LINE
8
BLACK
6
CONTINUOUS
10
5.4283984645669294
20
-4.1255518897637797
11
5.4280918110236218
21
-4.1258585826771652
0
LINE
8
BLACK
6
CONTINUOUS
10
5.4280918110236218
20
-4.1258585826771652
11
5.4277446062992123
21
-4.1265529921259843
0
LINE
8
BLACK
6
CONTINUOUS
10
5.4277446062992123
20
-4.1265529921259843
11
5.4277446062992123
21
-4.1266686220472444
0
LINE
8
BLACK
6
CONTINUOUS
10
5.4277446062992123
20
-4.1266686220472444
11
5.4280918110236218
21
-4.1273630314960625
0
LINE
8
BLACK
6
CONTINUOUS
10
5.4280918110236218
20
-4.1273630314960625
11
5.4283984645669294
21
-4.1276696850393702
0
LINE
8
BLACK
6
CONTINUOUS
10
5.4283984645669294
20
-4.1276696850393702
11
5.4290927952755901
21
-4.1280168897637797
0
LINE
8
BLACK
6
CONTINUOUS
10
5.4290927952755901
20
-4.1280168897637797
11
5.430670826771653
21
-4.1280168897637797
0
LINE
8
BLACK
6
CONTINUOUS
10
5.430670826771653
20
-4.1280168897637797
11
5.4313652362204721
21
-4.1276696850393702
0
LINE
8
BLACK
6
CONTINUOUS
10
5.4313652362204721
20
-4.1276696850393702
11
5.4316718897637797
21
-4.1273629921259838
0
LINE
8
BLACK
6
CONTINUOUS
10
5.4316718897637797
20
-4.1273629921259838
11
5.4320190944881892
21
-4.1266686614173231
0
LINE
8
BLACK
6
CONTINUOUS
10
5.4320190944881892
20
-4.1266686614173231
11
5.4320190944881892
21
-4.1265529133858267
0
LINE
8
BLACK
6
CONTINUOUS
10
5.4320190944881892
20
-4.1265529133858267
11
5.4316718897637797
21
-4.1258585826771652
0
LINE
8
BLACK
6
CONTINUOUS
10
5.4316718897637797
20
-4.1258585826771652
11
5.4313652362204721
21
-4.1255519291338585
0
LINE
8
BLACK
6
CONTINUOUS
10
5.4313652362204721
20
-4.1255519291338585
11
5.430670826771653
21
-4.125204724409449
0
LINE
8
BLACK
6
CONTINUOUS
10
5.430670826771653
20
-4.125204724409449
11
5.4290927952755901
21
-4.125204724409449
0
LINE
8
BLACK
6
CONTINUOUS
10
5.4290927952755901
20
-4.125204724409449
11
5.4283984645669294
21
-4.1255518897637797
0
LINE
8
BLACK
6
CONTINUOUS
10
5.4431120472440941
20
-4.1238605511811022
11
5.4433426771653544
21
-4.1244173228346455
0
LINE
8
BLACK
6
CONTINUOUS
10
5.4433426771653544
20
-4.1244173228346455
11
5.4433426771653544
21
-4.1346535433070866
0
LINE
8
BLACK
6
CONTINUOUS
10
5.4433426771653544
20
-4.1346535433070866
11
5.4431120472440941
21
-4.1352103149606299
0
LINE
8
BLACK
6
CONTINUOUS
10
5.4431120472440941
20
-4.1352103149606299
11
5.4425552755905509
21
-4.1354409448818901
0
LINE
8
BLACK
6
CONTINUOUS
10
5.4425552755905509
20
-4.1354409448818901
11
5.4419985039370076
21
-4.1352103149606299
0
LINE
8
BLACK
6
CONTINUOUS
10
5.4419985039370076
20
-4.1352103149606299
11
5.4417678740157482
21
-4.1346535433070866
0
LINE
8
BLACK
6
CONTINUOUS
10
5.4417678740157482
20
-4.1346535433070866
11
5.4417678740157482
21
-4.1305665748031499
0
LINE
8
BLACK
6
CONTINUOUS
10
5.4417678740157482
20
-4.1305665748031499
11
5.4405280314960631
21
-4.1305665748031499
0
LINE
8
BLACK
6
CONTINUOUS
10
5.4405280314960631
20
-4.1305665748031499
11
5.4373510629921258
21
-4.1351050787401578
0
LINE
8
BLACK
6
CONTINUOUS
10
5.4373510629921258
20
-4.1351050787401578
11
5.4368428346456694
21
-4.1354289370078741
0
LINE
8
BLACK
6
CONTINUOUS
10
5.4368428346456694
20
-4.1354289370078741
11
5.4362544488188975
21
-4.1352986220472436
0
LINE
8
BLACK
6
CONTINUOUS
10
5.4362544488188975
20
-4.1352986220472436
11
5.4359305905511812
21
-4.1347903937007873
0
LINE
8
BLACK
6
CONTINUOUS
10
5.4359305905511812
20
-4.1347903937007873
11
5.4360609055118108
21
-4.1342020078740154
0
LINE
8
BLACK
6
CONTINUOUS
10
5.4360609055118108
20
-4.1342020078740154
11
5.4386169685039372
21
-4.1305505118110233
0
LINE
8
BLACK
6
CONTINUOUS
10
5.4386169685039372
20
-4.1305505118110233
11
5.438486456692913
21
-4.1304964566929137
0
LINE
8
BLACK
6
CONTINUOUS
10
5.438486456692913
20
-4.1304964566929137
11
5.4383036220472443
21
-4.1304834645669288
0
LINE
8
BLACK
6
CONTINUOUS
10
5.4383036220472443
20
-4.1304834645669288
11
5.4373287401574801
21
-4.1299960236220468
0
LINE
8
BLACK
6
CONTINUOUS
10
5.4373287401574801
20
-4.1299960236220468
11
5.4372438188976373
21
-4.1298980708661412
0
LINE
8
BLACK
6
CONTINUOUS
10
5.4372438188976373
20
-4.1298980708661412
11
5.4371240944881887
21
-4.1298485039370076
0
LINE
8
BLACK
6
CONTINUOUS
10
5.4371240944881887
20
-4.1298485039370076
11
5.4366366535433066
21
-4.1293610629921256
0
LINE
8
BLACK
6
CONTINUOUS
10
5.4366366535433066
20
-4.1293610629921256
11
5.4365870472440943
21
-4.1292412992125982
0
LINE
8
BLACK
6
CONTINUOUS
10
5.4365870472440943
20
-4.1292412992125982
11
5.4364891732283462
21
-4.1291564173228341
0
LINE
8
BLACK
6
CONTINUOUS
10
5.4364891732283462
20
-4.1291564173228341
11
5.4360016929133854
21
-4.1281815354330709
0
LINE
8
BLACK
6
CONTINUOUS
10
5.4360016929133854
20
-4.1281815354330709
11
5.4359887007874015
21
-4.1279987007874013
0
LINE
8
BLACK
6
CONTINUOUS
10
5.4359887007874015
20
-4.1279987007874013
11
5.4359185826771652
21
-4.127829409448819
0
LINE
8
BLACK
6
CONTINUOUS
10
5.4359185826771652
20
-4.127829409448819
11
5.4359185826771652
21
-4.1263670866141728
0
LINE
8
BLACK
6
CONTINUOUS
10
5.4359185826771652
20
-4.1263670866141728
11
5.4359887007874015
21
-4.1261977559055119
0
LINE
8
BLACK
6
CONTINUOUS
10
5.4359887007874015
20
-4.1261977559055119
11
5.4360016929133854
21
-4.126014960629921
0
LINE
8
BLACK
6
CONTINUOUS
10
5.4360016929133854
20
-4.126014960629921
11
5.4364891732283462
21
-4.1250400787401578
0
LINE
8
BLACK
6
CONTINUOUS
10
5.4364891732283462
20
-4.1250400787401578
11
5.4365870472440943
21
-4.1249551574803149
0
LINE
8
BLACK
6
CONTINUOUS
10
5.4365870472440943
20
-4.1249551574803149
11
5.4366366535433066
21
-4.1248354330708663
0
LINE
8
BLACK
6
CONTINUOUS
10
5.4366366535433066
20
-4.1248354330708663
11
5.4371240944881887
21
-4.1243479921259842
0
LINE
8
BLACK
6
CONTINUOUS
10
5.4371240944881887
20
-4.1243479921259842
11
5.4372438188976373
21
-4.1242983858267719
0
LINE
8
BLACK
6
CONTINUOUS
10
5.4372438188976373
20
-4.1242983858267719
11
5.4373287401574801
21
-4.1242004724409451
0
LINE
8
BLACK
6
CONTINUOUS
10
5.4373287401574801
20
-4.1242004724409451
11
5.4383036220472443
21
-4.1237130314960631
0
LINE
8
BLACK
6
CONTINUOUS
10
5.4383036220472443
20
-4.1237130314960631
11
5.438486456692913
21
-4.1236999999999995
0
LINE
8
BLACK
6
CONTINUOUS
10
5.438486456692913
20
-4.1236999999999995
11
5.4386557480314961
21
-4.1236299212598428
0
LINE
8
BLACK
6
CONTINUOUS
10
5.4386557480314961
20
-4.1236299212598428
11
5.4425552755905509
21
-4.1236299212598428
0
LINE
8
BLACK
6
CONTINUOUS
10
5.4425552755905509
20
-4.1236299212598428
11
5.4431120472440941
21
-4.1238605511811022
0
LINE
8
BLACK
6
CONTINUOUS
10
5.4381472440944885
20
-4.1255518897637797
11
5.4378405905511809
21
-4.1258585826771652
0
LINE
8
BLACK
6
CONTINUOUS
10
5.4378405905511809
20
-4.1258585826771652
11
5.4374933858267713
21
-4.1265529921259843
0
LINE
8
BLACK
6
CONTINUOUS
10
5.4374933858267713
20
-4.1265529921259843
11
5.4374933858267713
21
-4.1276435039370076
0
LINE
8
BLACK
6
CONTINUOUS
10
5.4374933858267713
20
-4.1276435039370076
11
5.4378405905511809
21
-4.1283379133858267
0
LINE
8
BLACK
6
CONTINUOUS
10
5.4378405905511809
20
-4.1283379133858267
11
5.4381472440944885
21
-4.1286445669291334
0
LINE
8
BLACK
6
CONTINUOUS
10
5.4381472440944885
20
-4.1286445669291334
11
5.4388415748031491
21
-4.1289917716535429
0
LINE
8
BLACK
6
CONTINUOUS
10
5.4388415748031491
20
-4.1289917716535429
11
5.4417678740157482
21
-4.1289917716535429
0
LINE
8
BLACK
6
CONTINUOUS
10
5.4417678740157482
20
-4.1289917716535429
11
5.4417678740157482
21
-4.125204724409449
0
LINE
8
BLACK
6
CONTINUOUS
10
5.4417678740157482
20
-4.125204724409449
11
5.4388415748031491
21
-4.125204724409449
0
LINE
8
BLACK
6
CONTINUOUS
10
5.4388415748031491
20
-4.125204724409449
11
5.4381472440944885
21
-4.1255518897637797
0
LINE
8
BLACK
6
CONTINUOUS
10
5.4556692913385829
20
-4.1174015748031492
11
5.4570612204724407
21
-4.1179781496062988
0
LINE
8
BLACK
6
CONTINUOUS
10
5.4570612204724407
20
-4.1179781496062988
11
5.4576377952755903
21
-4.1193700787401575
0
LINE
8
BLACK
6
CONTINUOUS
10
5.4576377952755903
20
-4.1193700787401575
11
5.4576377952755903
21
-4.1406299212598423
0
LINE
8
BLACK
6
CONTINUOUS
10
5.4576377952755903
20
-4.1406299212598423
11
5.4570612204724407
21
-4.142021850393701
0
LINE
8
BLACK
6
CONTINUOUS
10
5.4570612204724407
20
-4.142021850393701
11
5.4556692913385829
21
-4.1425984251968506
0
LINE
8
BLACK
6
CONTINUOUS
10
5.4556692913385829
20
-4.1425984251968506
11
5.4143307086614172
21
-4.1425984251968506
0
LINE
8
BLACK
6
CONTINUOUS
10
5.4143307086614172
20
-4.1425984251968506
11
5.4129387795275585
21
-4.142021850393701
0
LINE
8
BLACK
6
CONTINUOUS
10
5.4129387795275585
20
-4.142021850393701
11
5.4123622047244098
21
-4.1406299212598423
0
LINE
8
BLACK
6
CONTINUOUS
10
5.4123622047244098
20
-4.1406299212598423
11
5.4123622047244098
21
-4.1193700787401575
0
LINE
8
BLACK
6
CONTINUOUS
10
5.4123622047244098
20
-4.1193700787401575
11
5.4129387795275585
21
-4.1179781496062988
0
LINE
8
BLACK
6
CONTINUOUS
10
5.4129387795275585
20
-4.1179781496062988
11
5.4143307086614172
21
-4.1174015748031492
0
LINE
8
BLACK
6
CONTINUOUS
10
5.4143307086614172
20
-4.1174015748031492
11
5.4556692913385829
21
-4.1174015748031492
0
LINE
8
BLACK
6
CONTINUOUS
10
5.4162992125984255
20
-4.1213385826771649
11
5.4162992125984255
21
-4.1386614173228349
0
LINE
8
BLACK
6
CONTINUOUS
10
5.4162992125984255
20
-4.1386614173228349
11
5.4537007874015746
21
-4.1386614173228349
0
LINE
8
BLACK
6
CONTINUOUS
10
5.4537007874015746
20
-4.1386614173228349
11
5.4537007874015746
21
-4.1213385826771649
0
LINE
8
BLACK
6
CONTINUOUS
10
5.4537007874015746
20
-4.1213385826771649
11
5.4162992125984255
21
-4.1213385826771649
0
LINE
8
BLACK
6
CONTINUOUS
10
4.8558462598425196
20
-4.1163186220472436
11
4.8559450393700789
21
-4.1163039370078742
0
LINE
8
BLACK
6
CONTINUOUS
10
4.8559450393700789
20
-4.1163039370078742
11
4.8578948031496063
21
-4.1167913779527554
0
LINE
8
BLACK
6
CONTINUOUS
10
4.8578948031496063
20
-4.1167913779527554
11
4.8579666929133856
21
-4.1168446456692909
0
LINE
8
BLACK
6
CONTINUOUS
10
4.8579666929133856
20
-4.1168446456692909
11
4.8580559448818894
21
-4.1168509842519683
0
LINE
8
BLACK
6
CONTINUOUS
10
4.8580559448818894
20
-4.1168509842519683
11
4.8590308267716535
21
-4.1173384645669291
0
LINE
8
BLACK
6
CONTINUOUS
10
4.8590308267716535
20
-4.1173384645669291
11
4.8591157086614176
21
-4.1174363385826771
0
LINE
8
BLACK
6
CONTINUOUS
10
4.8591157086614176
20
-4.1174363385826771
11
4.859235472440945
21
-4.1174859448818895
0
LINE
8
BLACK
6
CONTINUOUS
10
4.859235472440945
20
-4.1174859448818895
11
4.8597229133858271
21
-4.1179733858267715
0
LINE
8
BLACK
6
CONTINUOUS
10
4.8597229133858271
20
-4.1179733858267715
11
4.8597724803149607
21
-4.1180930708661414
0
LINE
8
BLACK
6
CONTINUOUS
10
4.8597724803149607
20
-4.1180930708661414
11
4.8598704330708662
21
-4.118178031496063
0
LINE
8
BLACK
6
CONTINUOUS
10
4.8598704330708662
20
-4.118178031496063
11
4.8603578346456695
21
-4.1191529133858271
0
LINE
8
BLACK
6
CONTINUOUS
10
4.8603578346456695
20
-4.1191529133858271
11
4.8603707874015747
21
-4.1193357086614171
0
LINE
8
BLACK
6
CONTINUOUS
10
4.8603707874015747
20
-4.1193357086614171
11
4.8604409448818897
21
-4.1195050393700789
0
LINE
8
BLACK
6
CONTINUOUS
10
4.8604409448818897
20
-4.1195050393700789
11
4.8604409448818897
21
-4.1204799212598422
0
LINE
8
BLACK
6
CONTINUOUS
10
4.8604409448818897
20
-4.1204799212598422
11
4.8603707874015747
21
-4.1206492125984253
0
LINE
8
BLACK
6
CONTINUOUS
10
4.8603707874015747
20
-4.1206492125984253
11
4.8603578346456695
21
-4.120832047244094
0
LINE
8
BLACK
6
CONTINUOUS
10
4.8603578346456695
20
-4.120832047244094
11
4.8598704330708662
21
-4.1218069291338582
0
LINE
8
BLACK
6
CONTINUOUS
10
4.8598704330708662
20
-4.1218069291338582
11
4.8597724803149607
21
-4.121891850393701
0
LINE
8
BLACK
6
CONTINUOUS
10
4.8597724803149607
20
-4.121891850393701
11
4.8597229133858271
21
-4.1220115748031496
0
LINE
8
BLACK
6
CONTINUOUS
10
4.8597229133858271
20
-4.1220115748031496
11
4.859235472440945
21
-4.1224990157480317
0
LINE
8
BLACK
6
CONTINUOUS
10
4.859235472440945
20
-4.1224990157480317
11
4.8591157086614176
21
-4.1225485826771653
0
LINE
8
BLACK
6
CONTINUOUS
10
4.8591157086614176
20
-4.1225485826771653
11
4.8590308267716535
21
-4.122646496062992
0
LINE
8
BLACK
6
CONTINUOUS
10
4.8590308267716535
20
-4.122646496062992
11
4.8580559448818894
21
-4.1231339763779529
0
LINE
8
BLACK
6
CONTINUOUS
10
4.8580559448818894
20
-4.1231339763779529
11
4.8579666929133856
21
-4.1231402755905515
0
LINE
8
BLACK
6
CONTINUOUS
10
4.8579666929133856
20
-4.1231402755905515
11
4.8578948031496063
21
-4.1231935826771648
0
LINE
8
BLACK
6
CONTINUOUS
10
4.8578948031496063
20
-4.1231935826771648
11
4.8559450393700789
21
-4.1236810236220469
0
LINE
8
BLACK
6
CONTINUOUS
10
4.8559450393700789
20
-4.1236810236220469
11
4.8558462598425196
21
-4.1236662992125988
0
LINE
8
BLACK
6
CONTINUOUS
10
4.8558462598425196
20
-4.1236662992125988
11
4.8557540551181102
21
-4.1237045275590551
0
LINE
8
BLACK
6
CONTINUOUS
10
4.8557540551181102
20
-4.1237045275590551
11
4.8533168503937008
21
-4.1237045275590551
0
LINE
8
BLACK
6
CONTINUOUS
10
4.8533168503937008
20
-4.1237045275590551
11
4.8532246062992126
21
-4.1236662992125988
0
LINE
8
BLACK
6
CONTINUOUS
10
4.8532246062992126
20
-4.1236662992125988
11
4.853125866141732
21
-4.1236810236220469
0
LINE
8
BLACK
6
CONTINUOUS
10
4.853125866141732
20
-4.1236810236220469
11
4.8511761023622046
21
-4.1231935826771648
0
LINE
8
BLACK
6
CONTINUOUS
10
4.8511761023622046
20
-4.1231935826771648
11
4.8511042125984254
21
-4.1231403149606303
0
LINE
8
BLACK
6
CONTINUOUS
10
4.8511042125984254
20
-4.1231403149606303
11
4.8510149606299215
21
-4.1231339763779529
0
LINE
8
BLACK
6
CONTINUOUS
10
4.8510149606299215
20
-4.1231339763779529
11
4.8500400787401574
21
-4.1226465354330708
0
LINE
8
BLACK
6
CONTINUOUS
10
4.8500400787401574
20
-4.1226465354330708
11
4.8499551574803146
21
-4.1225485826771653
0
LINE
8
BLACK
6
CONTINUOUS
10
4.8499551574803146
20
-4.1225485826771653
11
4.849835433070866
21
-4.1224990157480317
0
LINE
8
BLACK
6
CONTINUOUS
10
4.849835433070866
20
-4.1224990157480317
11
4.8493479921259839
21
-4.1220115748031496
0
LINE
8
BLACK
6
CONTINUOUS
10
4.8493479921259839
20
-4.1220115748031496
11
4.8492983858267715
21
-4.1218918110236222
0
LINE
8
BLACK
6
CONTINUOUS
10
4.8492983858267715
20
-4.1218918110236222
11
4.8492005118110235
21
-4.1218069291338582
0
LINE
8
BLACK
6
CONTINUOUS
10
4.8492005118110235
20
-4.1218069291338582
11
4.8487130314960627
21
-4.120832047244094
0
LINE
8
BLACK
6
CONTINUOUS
10
4.8487130314960627
20
-4.120832047244094
11
4.8487000393700788
21
-4.1206492125984253
0
LINE
8
BLACK
6
CONTINUOUS
10
4.8487000393700788
20
-4.1206492125984253
11
4.8486299212598425
21
-4.1204799212598422
0
LINE
8
BLACK
6
CONTINUOUS
10
4.8486299212598425
20
-4.1204799212598422
11
4.8486299212598425
21
-4.1195050393700789
0
LINE
8
BLACK
6
CONTINUOUS
10
4.8486299212598425
20
-4.1195050393700789
11
4.8487000393700788
21
-4.1193357086614171
0
LINE
8
BLACK
6
CONTINUOUS
10
4.8487000393700788
20
-4.1193357086614171
11
4.8487130314960627
21
-4.1191529133858271
0
LINE
8
BLACK
6
CONTINUOUS
10
4.8487130314960627
20
-4.1191529133858271
11
4.8492005118110235
21
-4.118178031496063
0
LINE
8
BLACK
6
CONTINUOUS
10
4.8492005118110235
20
-4.118178031496063
11
4.8492983858267715
21
-4.1180931102362202
0
LINE
8
BLACK
6
CONTINUOUS
10
4.8492983858267715
20
-4.1180931102362202
11
4.8493479921259839
21
-4.1179733858267715
0
LINE
8
BLACK
6
CONTINUOUS
10
4.8493479921259839
20
-4.1179733858267715
11
4.849835433070866
21
-4.1174859448818895
0
LINE
8
BLACK
6
CONTINUOUS
10
4.849835433070866
20
-4.1174859448818895
11
4.8499551574803146
21
-4.1174363385826771
0
LINE
8
BLACK
6
CONTINUOUS
10
4.8499551574803146
20
-4.1174363385826771
11
4.8500400787401574
21
-4.1173384251968503
0
LINE
8
BLACK
6
CONTINUOUS
10
4.8500400787401574
20
-4.1173384251968503
11
4.8510149606299215
21
-4.1168509842519683
0
LINE
8
BLACK
6
CONTINUOUS
10
4.8510149606299215
20
-4.1168509842519683
11
4.8511042125984254
21
-4.1168446062992121
0
LINE
8
BLACK
6
CONTINUOUS
10
4.8511042125984254
20
-4.1168446062992121
11
4.8511761023622046
21
-4.1167913779527554
0
LINE
8
BLACK
6
CONTINUOUS
10
4.8511761023622046
20
-4.1167913779527554
11
4.853125866141732
21
-4.1163039370078742
0
LINE
8
BLACK
6
CONTINUOUS
10
4.853125866141732
20
-4.1163039370078742
11
4.8532246062992126
21
-4.1163186220472436
0
LINE
8
BLACK
6
CONTINUOUS
10
4.8532246062992126
20
-4.1163186220472436
11
4.8533168503937008
21
-4.116280433070866
0
LINE
8
BLACK
6
CONTINUOUS
10
4.8533168503937008
20
-4.116280433070866
11
4.8557540551181102
21
-4.116280433070866
0
LINE
8
BLACK
6
CONTINUOUS
10
4.8557540551181102
20
-4.116280433070866
11
4.8558462598425196
21
-4.1163186220472436
0
LINE
8
BLACK
6
CONTINUOUS
10
4.8516417716535436
20
-4.1182982283464566
11
4.8508585826771649
21
-4.118689842519685
0
LINE
8
BLACK
6
CONTINUOUS
10
4.8508585826771649
20
-4.118689842519685
11
4.8505519291338581
21
-4.1189965354330704
0
LINE
8
BLACK
6
CONTINUOUS
10
4.8505519291338581
20
-4.1189965354330704
11
4.8502047244094486
21
-4.1196909448818895
0
LINE
8
BLACK
6
CONTINUOUS
10
4.8502047244094486
20
-4.1196909448818895
11
4.8502047244094486
21
-4.1202940157480317
0
LINE
8
BLACK
6
CONTINUOUS
10
4.8502047244094486
20
-4.1202940157480317
11
4.8505519291338581
21
-4.1209884251968507
0
LINE
8
BLACK
6
CONTINUOUS
10
4.8505519291338581
20
-4.1209884251968507
11
4.8508585826771649
21
-4.1212950787401574
0
LINE
8
BLACK
6
CONTINUOUS
10
4.8508585826771649
20
-4.1212950787401574
11
4.8516417716535436
21
-4.1216866929133857
0
LINE
8
BLACK
6
CONTINUOUS
10
4.8516417716535436
20
-4.1216866929133857
11
4.8534138188976375
21
-4.122129724409449
0
LINE
8
BLACK
6
CONTINUOUS
10
4.8534138188976375
20
-4.122129724409449
11
4.8556570866141735
21
-4.122129724409449
0
LINE
8
BLACK
6
CONTINUOUS
10
4.8556570866141735
20
-4.122129724409449
11
4.8574289763779523
21
-4.1216867322834645
0
LINE
8
BLACK
6
CONTINUOUS
10
4.8574289763779523
20
-4.1216867322834645
11
4.8582123228346452
21
-4.1212950787401574
0
LINE
8
BLACK
6
CONTINUOUS
10
4.8582123228346452
20
-4.1212950787401574
11
4.8585189370078741
21
-4.1209884251968507
0
LINE
8
BLACK
6
CONTINUOUS
10
4.8585189370078741
20
-4.1209884251968507
11
4.8588661417322836
21
-4.1202940551181104
0
LINE
8
BLACK
6
CONTINUOUS
10
4.8588661417322836
20
-4.1202940551181104
11
4.8588661417322836
21
-4.119690866141732
0
LINE
8
BLACK
6
CONTINUOUS
10
4.8588661417322836
20
-4.119690866141732
11
4.8585189370078741
21
-4.1189964960629917
0
LINE
8
BLACK
6
CONTINUOUS
10
4.8585189370078741
20
-4.1189964960629917
11
4.8582123228346452
21
-4.1186898818897637
0
LINE
8
BLACK
6
CONTINUOUS
10
4.8582123228346452
20
-4.1186898818897637
11
4.8574289763779523
21
-4.1182981889763779
0
LINE
8
BLACK
6
CONTINUOUS
10
4.8574289763779523
20
-4.1182981889763779
11
4.8556570866141735
21
-4.1178552362204721
0
LINE
8
BLACK
6
CONTINUOUS
10
4.8556570866141735
20
-4.1178552362204721
11
4.8534138188976375
21
-4.1178552362204721
0
LINE
8
BLACK
6
CONTINUOUS
10
4.8534138188976375
20
-4.1178552362204721
11
4.8516417716535436
21
-4.1182982283464566
0
LINE
8
BLACK
6
CONTINUOUS
10
4.8602103149606295
20
-4.1067622834645672
11
4.8604409448818897
21
-4.1073190551181105
0
LINE
8
BLACK
6
CONTINUOUS
10
4.8604409448818897
20
-4.1073190551181105
11
4.8604409448818897
21
-4.1131683464566926
0
LINE
8
BLACK
6
CONTINUOUS
10
4.8604409448818897
20
-4.1131683464566926
11
4.8602103149606295
21
-4.1137251181102359
0
LINE
8
BLACK
6
CONTINUOUS
10
4.8602103149606295
20
-4.1137251181102359
11
4.8596535433070862
21
-4.1139557480314961
0
LINE
8
BLACK
6
CONTINUOUS
10
4.8596535433070862
20
-4.1139557480314961
11
4.8590967716535429
21
-4.1137251181102359
0
LINE
8
BLACK
6
CONTINUOUS
10
4.8590967716535429
20
-4.1137251181102359
11
4.8588661417322836
21
-4.1131683464566926
0
LINE
8
BLACK
6
CONTINUOUS
10
4.8588661417322836
20
-4.1131683464566926
11
4.8588661417322836
21
-4.1110311023622046
0
LINE
8
BLACK
6
CONTINUOUS
10
4.8588661417322836
20
-4.1110311023622046
11
4.849417322834646
21
-4.1110311023622046
0
LINE
8
BLACK
6
CONTINUOUS
10
4.849417322834646
20
-4.1110311023622046
11
4.849342362204724
21
-4.1110000393700785
0
LINE
8
BLACK
6
CONTINUOUS
10
4.849342362204724
20
-4.1110000393700785
11
4.8492629133858269
21
-4.1110157874015751
0
LINE
8
BLACK
6
CONTINUOUS
10
4.8492629133858269
20
-4.1110157874015751
11
4.849072440944882
21
-4.1108882283464565
0
LINE
8
BLACK
6
CONTINUOUS
10
4.849072440944882
20
-4.1108882283464565
11
4.8488605511811018
21
-4.1108004724409444
0
LINE
8
BLACK
6
CONTINUOUS
10
4.8488605511811018
20
-4.1108004724409444
11
4.8488295275590554
21
-4.1107255511811021
0
LINE
8
BLACK
6
CONTINUOUS
10
4.8488295275590554
20
-4.1107255511811021
11
4.8487621653543309
21
-4.1106804724409445
0
LINE
8
BLACK
6
CONTINUOUS
10
4.8487621653543309
20
-4.1106804724409445
11
4.8487176771653546
21
-4.1104555511811025
0
LINE
8
BLACK
6
CONTINUOUS
10
4.8487176771653546
20
-4.1104555511811025
11
4.8486299212598425
21
-4.1102437007874011
0
LINE
8
BLACK
6
CONTINUOUS
10
4.8486299212598425
20
-4.1102437007874011
11
4.8486609448818898
21
-4.11016874015748
0
LINE
8
BLACK
6
CONTINUOUS
10
4.8486609448818898
20
-4.11016874015748
11
4.8486452362204719
21
-4.1100892913385829
0
LINE
8
BLACK
6
CONTINUOUS
10
4.8486452362204719
20
-4.1100892913385829
11
4.8487727559055118
21
-4.109898818897638
0
LINE
8
BLACK
6
CONTINUOUS
10
4.8487727559055118
20
-4.109898818897638
11
4.8488605511811018
21
-4.1096869291338578
0
LINE
8
BLACK
6
CONTINUOUS
10
4.8488605511811018
20
-4.1096869291338578
11
4.8489354330708663
21
-4.1096559055118114
0
LINE
8
BLACK
6
CONTINUOUS
10
4.8489354330708663
20
-4.1096559055118114
11
4.8489805511811026
21
-4.1095885433070869
0
LINE
8
BLACK
6
CONTINUOUS
10
4.8489805511811026
20
-4.1095885433070869
11
4.8503780314960627
21
-4.1086568897637799
0
LINE
8
BLACK
6
CONTINUOUS
10
4.8503780314960627
20
-4.1086568897637799
11
4.8512073622047245
21
-4.1078275196850393
0
LINE
8
BLACK
6
CONTINUOUS
10
4.8512073622047245
20
-4.1078275196850393
11
4.851637716535433
21
-4.1069669291338577
0
LINE
8
BLACK
6
CONTINUOUS
10
4.851637716535433
20
-4.1069669291338577
11
4.8520929921259839
21
-4.1065720472440947
0
LINE
8
BLACK
6
CONTINUOUS
10
4.8520929921259839
20
-4.1065720472440947
11
4.8526940944881884
21
-4.1066147637795272
0
LINE
8
BLACK
6
CONTINUOUS
10
4.8526940944881884
20
-4.1066147637795272
11
4.8530889763779523
21
-4.107070039370079
0
LINE
8
BLACK
6
CONTINUOUS
10
4.8530889763779523
20
-4.107070039370079
11
4.8530462598425199
21
-4.1076711811023623
0
LINE
8
BLACK
6
CONTINUOUS
10
4.8530462598425199
20
-4.1076711811023623
11
4.8525588188976378
21
-4.1086460629921255
0
LINE
8
BLACK
6
CONTINUOUS
10
4.8525588188976378
20
-4.1086460629921255
11
4.8524608661417323
21
-4.1087309448818896
0
LINE
8
BLACK
6
CONTINUOUS
10
4.8524608661417323
20
-4.1087309448818896
11
4.8524112992125987
21
-4.108850708661417
0
LINE
8
BLACK
6
CONTINUOUS
10
4.8524112992125987
20
-4.108850708661417
11
4.8518057086614172
21
-4.1094562992125985
0
LINE
8
BLACK
6
CONTINUOUS
10
4.8518057086614172
20
-4.1094562992125985
11
4.8588661417322836
21
-4.1094562992125985
0
LINE
8
BLACK
6
CONTINUOUS
10
4.8588661417322836
20
-4.1094562992125985
11
4.8588661417322836
21
-4.1073190551181105
0
LINE
8
BLACK
6
CONTINUOUS
10
4.8588661417322836
20
-4.1073190551181105
11
4.8590967716535429
21
-4.1067622834645672
0
LINE
8
BLACK
6
CONTINUOUS
10
4.8590967716535429
20
-4.1067622834645672
11
4.8596535433070862
21
-4.106531653543307
0
LINE
8
BLACK
6
CONTINUOUS
10
4.8596535433070862
20
-4.106531653543307
11
4.8602103149606295
21
-4.1067622834645672
0
LINE
8
BLACK
6
CONTINUOUS
10
4.8602103149606295
20
-4.0970135039370081
11
4.8604409448818897
21
-4.0975702755905514
0
LINE
8
BLACK
6
CONTINUOUS
10
4.8604409448818897
20
-4.0975702755905514
11
4.8602103149606295
21
-4.0981270472440947
0
LINE
8
BLACK
6
CONTINUOUS
10
4.8602103149606295
20
-4.0981270472440947
11
4.8596535433070862
21
-4.098357677165354
0
LINE
8
BLACK
6
CONTINUOUS
10
4.8596535433070862
20
-4.098357677165354
11
4.8555665748031496
21
-4.098357677165354
0
LINE
8
BLACK
6
CONTINUOUS
10
4.8555665748031496
20
-4.098357677165354
11
4.8555665748031496
21
-4.0995974803149604
0
LINE
8
BLACK
6
CONTINUOUS
10
4.8555665748031496
20
-4.0995974803149604
11
4.8601051181102362
21
-4.1027745275590553
0
LINE
8
BLACK
6
CONTINUOUS
10
4.8601051181102362
20
-4.1027745275590553
11
4.8604289763779525
21
-4.1032827559055116
0
LINE
8
BLACK
6
CONTINUOUS
10
4.8604289763779525
20
-4.1032827559055116
11
4.8602986220472442
21
-4.1038711417322835
0
LINE
8
BLACK
6
CONTINUOUS
10
4.8602986220472442
20
-4.1038711417322835
11
4.8597903937007869
21
-4.1041949999999998
0
LINE
8
BLACK
6
CONTINUOUS
10
4.8597903937007869
20
-4.1041949999999998
11
4.8592020078740159
21
-4.1040646456692915
0
LINE
8
BLACK
6
CONTINUOUS
10
4.8592020078740159
20
-4.1040646456692915
11
4.8555505118110238
21
-4.1015085433070864
0
LINE
8
BLACK
6
CONTINUOUS
10
4.8555505118110238
20
-4.1015085433070864
11
4.8554964566929133
21
-4.1016390551181106
0
LINE
8
BLACK
6
CONTINUOUS
10
4.8554964566929133
20
-4.1016390551181106
11
4.8554834645669294
21
-4.101821929133858
0
LINE
8
BLACK
6
CONTINUOUS
10
4.8554834645669294
20
-4.101821929133858
11
4.8549960236220473
21
-4.1027968110236221
0
LINE
8
BLACK
6
CONTINUOUS
10
4.8549960236220473
20
-4.1027968110236221
11
4.8548980708661418
21
-4.1028816929133853
0
LINE
8
BLACK
6
CONTINUOUS
10
4.8548980708661418
20
-4.1028816929133853
11
4.8548485039370082
21
-4.1030014566929136
0
LINE
8
BLACK
6
CONTINUOUS
10
4.8548485039370082
20
-4.1030014566929136
11
4.8543610629921261
21
-4.1034888976377948
0
LINE
8
BLACK
6
CONTINUOUS
10
4.8543610629921261
20
-4.1034888976377948
11
4.8542412992125987
21
-4.1035384645669293
0
LINE
8
BLACK
6
CONTINUOUS
10
4.8542412992125987
20
-4.1035384645669293
11
4.8541564173228346
21
-4.103636377952756
0
LINE
8
BLACK
6
CONTINUOUS
10
4.8541564173228346
20
-4.103636377952756
11
4.8531815354330705
21
-4.1041238582677169
0
LINE
8
BLACK
6
CONTINUOUS
10
4.8531815354330705
20
-4.1041238582677169
11
4.8529987007874018
21
-4.104136811023622
0
LINE
8
BLACK
6
CONTINUOUS
10
4.8529987007874018
20
-4.104136811023622
11
4.8528294094488187
21
-4.1042069685039371
0
LINE
8
BLACK
6
CONTINUOUS
10
4.8528294094488187
20
-4.1042069685039371
11
4.8513670866141734
21
-4.1042069685039371
0
LINE
8
BLACK
6
CONTINUOUS
10
4.8513670866141734
20
-4.1042069685039371
11
4.8511977952755903
21
-4.1041368503937008
0
LINE
8
BLACK
6
CONTINUOUS
10
4.8511977952755903
20
-4.1041368503937008
11
4.8510149606299215
21
-4.1041238582677169
0
LINE
8
BLACK
6
CONTINUOUS
10
4.8510149606299215
20
-4.1041238582677169
11
4.8500400787401574
21
-4.1036364173228348
0
LINE
8
BLACK
6
CONTINUOUS
10
4.8500400787401574
20
-4.1036364173228348
11
4.8499551574803146
21
-4.1035384645669293
0
LINE
8
BLACK
6
CONTINUOUS
10
4.8499551574803146
20
-4.1035384645669293
11
4.849835433070866
21
-4.1034888976377948
0
LINE
8
BLACK
6
CONTINUOUS
10
4.849835433070866
20
-4.1034888976377948
11
4.8493479921259839
21
-4.1030014566929136
0
LINE
8
BLACK
6
CONTINUOUS
10
4.8493479921259839
20
-4.1030014566929136
11
4.8492983858267715
21
-4.1028816929133853
0
LINE
8
BLACK
6
CONTINUOUS
10
4.8492983858267715
20
-4.1028816929133853
11
4.8492005118110235
21
-4.1027968110236221
0
LINE
8
BLACK
6
CONTINUOUS
10
4.8492005118110235
20
-4.1027968110236221
11
4.8487130314960627
21
-4.101821929133858
0
LINE
8
BLACK
6
CONTINUOUS
10
4.8487130314960627
20
-4.101821929133858
11
4.8487000393700788
21
-4.1016390944881893
0
LINE
8
BLACK
6
CONTINUOUS
10
4.8487000393700788
20
-4.1016390944881893
11
4.8486299212598425
21
-4.1014698031496062
0
LINE
8
BLACK
6
CONTINUOUS
10
4.8486299212598425
20
-4.1014698031496062
11
4.8486299212598425
21
-4.0975702755905514
0
LINE
8
BLACK
6
CONTINUOUS
10
4.8486299212598425
20
-4.0975702755905514
11
4.8488605511811018
21
-4.0970135039370081
0
LINE
8
BLACK
6
CONTINUOUS
10
4.8488605511811018
20
-4.0970135039370081
11
4.849417322834646
21
-4.0967828740157479
0
LINE
8
BLACK
6
CONTINUOUS
10
4.849417322834646
20
-4.0967828740157479
11
4.8596535433070862
21
-4.0967828740157479
0
LINE
8
BLACK
6
CONTINUOUS
10
4.8596535433070862
20
-4.0967828740157479
11
4.8602103149606295
21
-4.0970135039370081
0
LINE
8
BLACK
6
CONTINUOUS
10
4.8502047244094486
20
-4.1012838976377948
11
4.8505519291338581
21
-4.1019783070866138
0
LINE
8
BLACK
6
CONTINUOUS
10
4.8505519291338581
20
-4.1019783070866138
11
4.8508585826771649
21
-4.1022849606299214
0
LINE
8
BLACK
6
CONTINUOUS
10
4.8508585826771649
20
-4.1022849606299214
11
4.8515529133858264
21
-4.102632165354331
0
LINE
8
BLACK
6
CONTINUOUS
10
4.8515529133858264
20
-4.102632165354331
11
4.8526435039370082
21
-4.102632165354331
0
LINE
8
BLACK
6
CONTINUOUS
10
4.8526435039370082
20
-4.102632165354331
11
4.8533379133858263
21
-4.1022849606299214
0
LINE
8
BLACK
6
CONTINUOUS
10
4.8533379133858263
20
-4.1022849606299214
11
4.8536445669291339
21
-4.1019782677165351
0
LINE
8
BLACK
6
CONTINUOUS
10
4.8536445669291339
20
-4.1019782677165351
11
4.8539917716535435
21
-4.1012839370078735
0
LINE
8
BLACK
6
CONTINUOUS
10
4.8539917716535435
20
-4.1012839370078735
11
4.8539917716535435
21
-4.098357677165354
0
LINE
8
BLACK
6
CONTINUOUS
10
4.8539917716535435
20
-4.098357677165354
11
4.8502047244094486
21
-4.098357677165354
0
LINE
8
BLACK
6
CONTINUOUS
10
4.8502047244094486
20
-4.098357677165354
11
4.8502047244094486
21
-4.1012838976377948
0
LINE
8
BLACK
6
CONTINUOUS
10
4.8656299212598428
20
-4.0873622047244096
11
4.8670218503937006
21
-4.0879387795275592
0
LINE
8
BLACK
6
CONTINUOUS
10
4.8670218503937006
20
-4.0879387795275592
11
4.8675984251968503
21
-4.089330708661417
0
LINE
8
BLACK
6
CONTINUOUS
10
4.8675984251968503
20
-4.089330708661417
11
4.8675984251968503
21
-4.1306692913385827
0
LINE
8
BLACK
6
CONTINUOUS
10
4.8675984251968503
20
-4.1306692913385827
11
4.8670218503937006
21
-4.1320612204724405
0
LINE
8
BLACK
6
CONTINUOUS
10
4.8670218503937006
20
-4.1320612204724405
11
4.8656299212598428
21
-4.1326377952755902
0
LINE
8
BLACK
6
CONTINUOUS
10
4.8656299212598428
20
-4.1326377952755902
11
4.8443700787401571
21
-4.1326377952755902
0
LINE
8
BLACK
6
CONTINUOUS
10
4.8443700787401571
20
-4.1326377952755902
11
4.8429781496062994
21
-4.1320612204724405
0
LINE
8
BLACK
6
CONTINUOUS
10
4.8429781496062994
20
-4.1320612204724405
11
4.8424015748031497
21
-4.1306692913385827
0
LINE
8
BLACK
6
CONTINUOUS
10
4.8424015748031497
20
-4.1306692913385827
11
4.8424015748031497
21
-4.089330708661417
0
LINE
8
BLACK
6
CONTINUOUS
10
4.8424015748031497
20
-4.089330708661417
11
4.8429781496062994
21
-4.0879387795275592
0
LINE
8
BLACK
6
CONTINUOUS
10
4.8429781496062994
20
-4.0879387795275592
11
4.8443700787401571
21
-4.0873622047244096
0
LINE
8
BLACK
6
CONTINUOUS
10
4.8443700787401571
20
-4.0873622047244096
11
4.8656299212598428
21
-4.0873622047244096
0
LINE
8
BLACK
6
CONTINUOUS
10
4.8463385826771654
20
-4.0912992125984253
11
4.8463385826771654
21
-4.1287007874015744
0
LINE
8
BLACK
6
CONTINUOUS
10
4.8463385826771654
20
-4.1287007874015744
11
4.8636614173228345
21
-4.1287007874015744
0
LINE
8
BLACK
6
CONTINUOUS
10
4.8636614173228345
20
-4.1287007874015744
11
4.8636614173228345
21
-4.0912992125984253
0
LINE
8
BLACK
6
CONTINUOUS
10
4.8636614173228345
20
-4.0912992125984253
11
4.8463385826771654
21
-4.0912992125984253
0
LINE
8
BLACK
6
CONTINUOUS
10
4.9801536220472435
20
-4.0988725196850391
11
4.980233149606299
21
-4.0988568110236221
0
LINE
8
BLACK
6
CONTINUOUS
10
4.980233149606299
20
-4.0988568110236221
11
4.980423622047244
21
-4.0989843700787398
0
LINE
8
BLACK
6
CONTINUOUS
10
4.980423622047244
20
-4.0989843700787398
11
4.9806354724409445
21
-4.099072125984252
0
LINE
8
BLACK
6
CONTINUOUS
10
4.9806354724409445
20
-4.099072125984252
11
4.9806664566929131
21
-4.0991470078740155
0
LINE
8
BLACK
6
CONTINUOUS
10
4.9806664566929131
20
-4.0991470078740155
11
4.9807338582677163
21
-4.0991921259842519
0
LINE
8
BLACK
6
CONTINUOUS
10
4.9807338582677163
20
-4.0991921259842519
11
4.981627913385827
21
-4.1005333070866143
0
LINE
8
BLACK
6
CONTINUOUS
10
4.981627913385827
20
-4.1005333070866143
11
4.9824198425196853
21
-4.1013251968503939
0
LINE
8
BLACK
6
CONTINUOUS
10
4.9824198425196853
20
-4.1013251968503939
11
4.983242952755905
21
-4.1017367716535436
0
LINE
8
BLACK
6
CONTINUOUS
10
4.983242952755905
20
-4.1017367716535436
11
4.9836377952755901
21
-4.1021920866141732
0
LINE
8
BLACK
6
CONTINUOUS
10
4.9836377952755901
20
-4.1021920866141732
11
4.9835950787401577
21
-4.1027931889763778
0
LINE
8
BLACK
6
CONTINUOUS
10
4.9835950787401577
20
-4.1027931889763778
11
4.9831398031496059
21
-4.1031880314960629
0
LINE
8
BLACK
6
CONTINUOUS
10
4.9831398031496059
20
-4.1031880314960629
11
4.9825386614173226
21
-4.1031453149606296
0
LINE
8
BLACK
6
CONTINUOUS
10
4.9825386614173226
20
-4.1031453149606296
11
4.9816012992125982
21
-4.1026766141732285
0
LINE
8
BLACK
6
CONTINUOUS
10
4.9816012992125982
20
-4.1026766141732285
11
4.9815164173228341
21
-4.1025787401574805
0
LINE
8
BLACK
6
CONTINUOUS
10
4.9815164173228341
20
-4.1025787401574805
11
4.9813966929133855
21
-4.102529173228346
0
LINE
8
BLACK
6
CONTINUOUS
10
4.9813966929133855
20
-4.102529173228346
11
4.9808661023622047
21
-4.1019985826771652
0
LINE
8
BLACK
6
CONTINUOUS
10
4.9808661023622047
20
-4.1019985826771652
11
4.9808661023622047
21
-4.1086840157480315
0
LINE
8
BLACK
6
CONTINUOUS
10
4.9808661023622047
20
-4.1086840157480315
11
4.9828908267716532
21
-4.1086840157480315
0
LINE
8
BLACK
6
CONTINUOUS
10
4.9828908267716532
20
-4.1086840157480315
11
4.9834475984251965
21
-4.1089146456692909
0
LINE
8
BLACK
6
CONTINUOUS
10
4.9834475984251965
20
-4.1089146456692909
11
4.9836782283464567
21
-4.1094714173228342
0
LINE
8
BLACK
6
CONTINUOUS
10
4.9836782283464567
20
-4.1094714173228342
11
4.9834475984251965
21
-4.1100281889763775
0
LINE
8
BLACK
6
CONTINUOUS
10
4.9834475984251965
20
-4.1100281889763775
11
4.9828908267716532
21
-4.1102588188976377
0
LINE
8
BLACK
6
CONTINUOUS
10
4.9828908267716532
20
-4.1102588188976377
11
4.9800787007874012
21
-4.1102588188976377
0
LINE
8
BLACK
6
CONTINUOUS
10
4.9800787007874012
20
-4.1102588188976377
11
4.9772665354330705
21
-4.1102588188976377
0
LINE
8
BLACK
6
CONTINUOUS
10
4.9772665354330705
20
-4.1102588188976377
11
4.9767097637795272
21
-4.1100281889763775
0
LINE
8
BLACK
6
CONTINUOUS
10
4.9767097637795272
20
-4.1100281889763775
11
4.9764791338582679
21
-4.1094714173228342
0
LINE
8
BLACK
6
CONTINUOUS
10
4.9764791338582679
20
-4.1094714173228342
11
4.9767097637795272
21
-4.1089146456692909
0
LINE
8
BLACK
6
CONTINUOUS
10
4.9767097637795272
20
-4.1089146456692909
11
4.9772665354330705
21
-4.1086840157480315
0
LINE
8
BLACK
6
CONTINUOUS
10
4.9772665354330705
20
-4.1086840157480315
11
4.9792912992125986
21
-4.1086840157480315
0
LINE
8
BLACK
6
CONTINUOUS
10
4.9792912992125986
20
-4.1086840157480315
11
4.9792912992125986
21
-4.0996288976377953
0
LINE
8
BLACK
6
CONTINUOUS
10
4.9792912992125986
20
-4.0996288976377953
11
4.9793223228346459
21
-4.0995539370078742
0
LINE
8
BLACK
6
CONTINUOUS
10
4.9793223228346459
20
-4.0995539370078742
11
4.9793066141732281
21
-4.0994744488188974
0
LINE
8
BLACK
6
CONTINUOUS
10
4.9793066141732281
20
-4.0994744488188974
11
4.9794341732283467
21
-4.0992839370078737
0
LINE
8
BLACK
6
CONTINUOUS
10
4.9794341732283467
20
-4.0992839370078737
11
4.9795219291338579
21
-4.099072125984252
0
LINE
8
BLACK
6
CONTINUOUS
10
4.9795219291338579
20
-4.099072125984252
11
4.9795968110236215
21
-4.0990411023622046
0
LINE
8
BLACK
6
CONTINUOUS
10
4.9795968110236215
20
-4.0990411023622046
11
4.9796419291338578
21
-4.0989737401574802
0
LINE
8
BLACK
6
CONTINUOUS
10
4.9796419291338578
20
-4.0989737401574802
11
4.9798668110236219
21
-4.0989292519685039
0
LINE
8
BLACK
6
CONTINUOUS
10
4.9798668110236219
20
-4.0989292519685039
11
4.9800787007874012
21
-4.0988414960629918
0
LINE
8
BLACK
6
CONTINUOUS
10
4.9800787007874012
20
-4.0988414960629918
11
4.9801536220472435
21
-4.0988725196850391
0
LINE
8
BLACK
6
CONTINUOUS
10
4.9895722047244098
20
-4.0988910629921262
11
4.9897015354330705
21
-4.0988818897637795
0
LINE
8
BLACK
6
CONTINUOUS
10
4.9897015354330705
20
-4.0988818897637795
11
4.9911075984251969
21
-4.0993505905511807
0
LINE
8
BLACK
6
CONTINUOUS
10
4.9911075984251969
20
-4.0993505905511807
11
4.9912460629921256
21
-4.0994706692913381
0
LINE
8
BLACK
6
CONTINUOUS
10
4.9912460629921256
20
-4.0994706692913381
11
4.9914153543307087
21
-4.0995408267716531
0
LINE
8
BLACK
6
CONTINUOUS
10
4.9914153543307087
20
-4.0995408267716531
11
4.9923527559055119
21
-4.1004782283464563
0
LINE
8
BLACK
6
CONTINUOUS
10
4.9923527559055119
20
-4.1004782283464563
11
4.9924023228346455
21
-4.100597913385827
0
LINE
8
BLACK
6
CONTINUOUS
10
4.9924023228346455
20
-4.100597913385827
11
4.9925002362204722
21
-4.100682834645669
0
LINE
8
BLACK
6
CONTINUOUS
10
4.9925002362204722
20
-4.100682834645669
11
4.9929689370078743
21
-4.1016201968503934
0
LINE
8
BLACK
6
CONTINUOUS
10
4.9929689370078743
20
-4.1016201968503934
11
4.9929752755905508
21
-4.1017094488188972
0
LINE
8
BLACK
6
CONTINUOUS
10
4.9929752755905508
20
-4.1017094488188972
11
4.993028582677165
21
-4.1017814173228349
0
LINE
8
BLACK
6
CONTINUOUS
10
4.993028582677165
20
-4.1017814173228349
11
4.9934972440944883
21
-4.1036561417322837
0
LINE
8
BLACK
6
CONTINUOUS
10
4.9934972440944883
20
-4.1036561417322837
11
4.9934825196850392
21
-4.1037548818897633
0
LINE
8
BLACK
6
CONTINUOUS
10
4.9934825196850392
20
-4.1037548818897633
11
4.9935207480314956
21
-4.1038471259842515
0
LINE
8
BLACK
6
CONTINUOUS
10
4.9935207480314956
20
-4.1038471259842515
11
4.9935207480314956
21
-4.1052531889763779
0
LINE
8
BLACK
6
CONTINUOUS
10
4.9935207480314956
20
-4.1052531889763779
11
4.9934825196850392
21
-4.1053453937007873
0
LINE
8
BLACK
6
CONTINUOUS
10
4.9934825196850392
20
-4.1053453937007873
11
4.9934972440944883
21
-4.1054441732283466
0
LINE
8
BLACK
6
CONTINUOUS
10
4.9934972440944883
20
-4.1054441732283466
11
4.993028582677165
21
-4.1073188976377955
0
LINE
8
BLACK
6
CONTINUOUS
10
4.993028582677165
20
-4.1073188976377955
11
4.9929752755905508
21
-4.1073908267716535
0
LINE
8
BLACK
6
CONTINUOUS
10
4.9929752755905508
20
-4.1073908267716535
11
4.9929689370078743
21
-4.1074801181102361
0
LINE
8
BLACK
6
CONTINUOUS
10
4.9929689370078743
20
-4.1074801181102361
11
4.992500275590551
21
-4.1084174803149605
0
LINE
8
BLACK
6
CONTINUOUS
10
4.992500275590551
20
-4.1084174803149605
11
4.9924023228346455
21
-4.1085023622047245
0
LINE
8
BLACK
6
CONTINUOUS
10
4.9924023228346455
20
-4.1085023622047245
11
4.9923527559055119
21
-4.1086221259842519
0
LINE
8
BLACK
6
CONTINUOUS
10
4.9923527559055119
20
-4.1086221259842519
11
4.9914153543307087
21
-4.1095595275590551
0
LINE
8
BLACK
6
CONTINUOUS
10
4.9914153543307087
20
-4.1095595275590551
11
4.9912460629921256
21
-4.1096296062992126
0
LINE
8
BLACK
6
CONTINUOUS
10
4.9912460629921256
20
-4.1096296062992126
11
4.9911075984251969
21
-4.1097497637795275
0
LINE
8
BLACK
6
CONTINUOUS
10
4.9911075984251969
20
-4.1097497637795275
11
4.9897014960629917
21
-4.1102184251968499
0
LINE
8
BLACK
6
CONTINUOUS
10
4.9897014960629917
20
-4.1102184251968499
11
4.9895722047244098
21
-4.1102092125984253
0
LINE
8
BLACK
6
CONTINUOUS
10
4.9895722047244098
20
-4.1102092125984253
11
4.989452519685039
21
-4.1102588188976377
0
LINE
8
BLACK
6
CONTINUOUS
10
4.989452519685039
20
-4.1102588188976377
11
4.9885151574803146
21
-4.1102588188976377
0
LINE
8
BLACK
6
CONTINUOUS
10
4.9885151574803146
20
-4.1102588188976377
11
4.988395433070866
21
-4.1102092125984253
0
LINE
8
BLACK
6
CONTINUOUS
10
4.988395433070866
20
-4.1102092125984253
11
4.9882661811023619
21
-4.1102184251968499
0
LINE
8
BLACK
6
CONTINUOUS
10
4.9882661811023619
20
-4.1102184251968499
11
4.9868600787401576
21
-4.1097497637795275
0
LINE
8
BLACK
6
CONTINUOUS
10
4.9868600787401576
20
-4.1097497637795275
11
4.9867215748031493
21
-4.1096296456692913
0
LINE
8
BLACK
6
CONTINUOUS
10
4.9867215748031493
20
-4.1096296456692913
11
4.986552283464567
21
-4.1095595275590551
0
LINE
8
BLACK
6
CONTINUOUS
10
4.986552283464567
20
-4.1095595275590551
11
4.986083582677165
21
-4.109090826771653
0
LINE
8
BLACK
6
CONTINUOUS
10
4.986083582677165
20
-4.109090826771653
11
4.9858529921259844
21
-4.108534015748031
0
LINE
8
BLACK
6
CONTINUOUS
10
4.9858529921259844
20
-4.108534015748031
11
4.9860836220472438
21
-4.1079772440944877
0
LINE
8
BLACK
6
CONTINUOUS
10
4.9860836220472438
20
-4.1079772440944877
11
4.9866404330708658
21
-4.1077466535433071
0
LINE
8
BLACK
6
CONTINUOUS
10
4.9866404330708658
20
-4.1077466535433071
11
4.9871972047244091
21
-4.1079772834645665
0
LINE
8
BLACK
6
CONTINUOUS
10
4.9871972047244091
20
-4.1079772834645665
11
4.9875343700787402
21
-4.1083145275590551
0
LINE
8
BLACK
6
CONTINUOUS
10
4.9875343700787402
20
-4.1083145275590551
11
4.9886429527559057
21
-4.1086840157480315
0
LINE
8
BLACK
6
CONTINUOUS
10
4.9886429527559057
20
-4.1086840157480315
11
4.9893247244094487
21
-4.1086840157480315
0
LINE
8
BLACK
6
CONTINUOUS
10
4.9893247244094487
20
-4.1086840157480315
11
4.9904332677165355
21
-4.1083144881889764
0
LINE
8
BLACK
6
CONTINUOUS
10
4.9904332677165355
20
-4.1083144881889764
11
4.9911488188976376
21
-4.107598976377953
0
LINE
8
BLACK
6
CONTINUOUS
10
4.9911488188976376
20
-4.107598976377953
11
4.9915217322834646
21
-4.1068530708661415
0
LINE
8
BLACK
6
CONTINUOUS
10
4.9915217322834646
20
-4.1068530708661415
11
4.9919459448818895
21
-4.10515625984252
0
LINE
8
BLACK
6
CONTINUOUS
10
4.9919459448818895
20
-4.10515625984252
11
4.9919459448818895
21
-4.1039440157480316
0
LINE
8
BLACK
6
CONTINUOUS
10
4.9919459448818895
20
-4.1039440157480316
11
4.9915217322834646
21
-4.1022472047244092
0
LINE
8
BLACK
6
CONTINUOUS
10
4.9915217322834646
20
-4.1022472047244092
11
4.9911488582677164
21
-4.1015014173228348
0
LINE
8
BLACK
6
CONTINUOUS
10
4.9911488582677164
20
-4.1015014173228348
11
4.9904332677165355
21
-4.100785826771653
0
LINE
8
BLACK
6
CONTINUOUS
10
4.9904332677165355
20
-4.100785826771653
11
4.98932468503937
21
-4.1004162992125988
0
LINE
8
BLACK
6
CONTINUOUS
10
4.98932468503937
20
-4.1004162992125988
11
4.9886429921259845
21
-4.1004162992125988
0
LINE
8
BLACK
6
CONTINUOUS
10
4.9886429921259845
20
-4.1004162992125988
11
4.9875343700787402
21
-4.100785826771653
0
LINE
8
BLACK
6
CONTINUOUS
10
4.9875343700787402
20
-4.100785826771653
11
4.9871972047244091
21
-4.1011230708661417
0
LINE
8
BLACK
6
CONTINUOUS
10
4.9871972047244091
20
-4.1011230708661417
11
4.9866404330708658
21
-4.1013537007874019
0
LINE
8
BLACK
6
CONTINUOUS
10
4.9866404330708658
20
-4.1013537007874019
11
4.9860836220472438
21
-4.1011231102362204
0
LINE
8
BLACK
6
CONTINUOUS
10
4.9860836220472438
20
-4.1011231102362204
11
4.9858529921259844
21
-4.1005663385826772
0
LINE
8
BLACK
6
CONTINUOUS
10
4.9858529921259844
20
-4.1005663385826772
11
4.986083582677165
21
-4.1000095275590551
0
LINE
8
BLACK
6
CONTINUOUS
10
4.986083582677165
20
-4.1000095275590551
11
4.986552283464567
21
-4.0995408267716531
0
LINE
8
BLACK
6
CONTINUOUS
10
4.986552283464567
20
-4.0995408267716531
11
4.9867215354330705
21
-4.0994706692913381
0
LINE
8
BLACK
6
CONTINUOUS
10
4.9867215354330705
20
-4.0994706692913381
11
4.9868600393700788
21
-4.0993505905511807
0
LINE
8
BLACK
6
CONTINUOUS
10
4.9868600393700788
20
-4.0993505905511807
11
4.9882661811023619
21
-4.0988818897637795
0
LINE
8
BLACK
6
CONTINUOUS
10
4.9882661811023619
20
-4.0988818897637795
11
4.988395433070866
21
-4.0988910629921262
0
LINE
8
BLACK
6
CONTINUOUS
10
4.988395433070866
20
-4.0988910629921262
11
4.9885151574803146
21
-4.0988414960629918
0
LINE
8
BLACK
6
CONTINUOUS
10
4.9885151574803146
20
-4.0988414960629918
11
4.989452519685039
21
-4.0988414960629918
0
LINE
8
BLACK
6
CONTINUOUS
10
4.989452519685039
20
-4.0988414960629918
11
4.9895722047244098
21
-4.0988910629921262
0
LINE
8
BLACK
6
CONTINUOUS
10
5.004685039370079
20
-4.0931889763779523
11
5.0060769685039368
21
-4.093765551181102
0
LINE
8
BLACK
6
CONTINUOUS
10
5.0060769685039368
20
-4.093765551181102
11
5.0066535433070865
21
-4.0951574803149606
0
LINE
8
BLACK
6
CONTINUOUS
10
5.0066535433070865
20
-4.0951574803149606
11
5.0066535433070865
21
-4.1148425196850393
0
LINE
8
BLACK
6
CONTINUOUS
10
5.0066535433070865
20
-4.1148425196850393
11
5.0060769685039368
21
-4.1162344488188971
0
LINE
8
BLACK
6
CONTINUOUS
10
5.0060769685039368
20
-4.1162344488188971
11
5.004685039370079
21
-4.1168110236220468
0
LINE
8
BLACK
6
CONTINUOUS
10
5.004685039370079
20
-4.1168110236220468
11
4.9653149606299207
21
-4.1168110236220468
0
LINE
8
BLACK
6
CONTINUOUS
10
4.9653149606299207
20
-4.1168110236220468
11
4.963923031496063
21
-4.1162344488188971
0
LINE
8
BLACK
6
CONTINUOUS
10
4.963923031496063
20
-4.1162344488188971
11
4.9633464566929133
21
-4.1148425196850393
0
LINE
8
BLACK
6
CONTINUOUS
10
4.9633464566929133
20
-4.1148425196850393
11
4.9633464566929133
21
-4.0951574803149606
0
LINE
8
BLACK
6
CONTINUOUS
10
4.9633464566929133
20
-4.0951574803149606
11
4.963923031496063
21
-4.093765551181102
0
LINE
8
BLACK
6
CONTINUOUS
10
4.963923031496063
20
-4.093765551181102
11
4.9653149606299207
21
-4.0931889763779523
0
LINE
8
BLACK
6
CONTINUOUS
10
4.9653149606299207
20
-4.0931889763779523
11
5.004685039370079
21
-4.0931889763779523
0
LINE
8
BLACK
6
CONTINUOUS
10
4.967283464566929
20
-4.0971259842519681
11
4.967283464566929
21
-4.112874015748031
0
LINE
8
BLACK
6
CONTINUOUS
10
4.967283464566929
20
-4.112874015748031
11
5.0027165354330707
21
-4.112874015748031
0
LINE
8
BLACK
6
CONTINUOUS
10
5.0027165354330707
20
-4.112874015748031
11
5.0027165354330707
21
-4.0971259842519681
0
LINE
8
BLACK
6
CONTINUOUS
10
5.0027165354330707
20
-4.0971259842519681
11
4.967283464566929
21
-4.0971259842519681
0
LINE
8
BLACK
6
CONTINUOUS
10
6.0187133464566926
20
-4.0749974015748034
11
6.0194041732283461
21
-4.076895393700787
0
LINE
8
BLACK
6
CONTINUOUS
10
6.0194041732283461
20
-4.076895393700787
11
6.0194041732283461
21
-4.1068916535433067
0
LINE
8
BLACK
6
CONTINUOUS
10
6.0194041732283461
20
-4.1068916535433067
11
6.0192261023622047
21
-4.1079015748031491
0
LINE
8
BLACK
6
CONTINUOUS
10
6.0192261023622047
20
-4.1079015748031491
11
6.0179277952755905
21
-4.1094488188976381
0
LINE
8
BLACK
6
CONTINUOUS
10
6.0179277952755905
20
-4.1094488188976381
11
6.0159386614173229
21
-4.1097995669291336
0
LINE
8
BLACK
6
CONTINUOUS
10
6.0159386614173229
20
-4.1097995669291336
11
6.0141894881889764
21
-4.1087896456692912
0
LINE
8
BLACK
6
CONTINUOUS
10
6.0141894881889764
20
-4.1087896456692912
11
6.0134986614173229
21
-4.1068916535433067
0
LINE
8
BLACK
6
CONTINUOUS
10
6.0134986614173229
20
-4.1068916535433067
11
6.0134986614173229
21
-4.076895393700787
0
LINE
8
BLACK
6
CONTINUOUS
10
6.0134986614173229
20
-4.076895393700787
11
6.0136767322834643
21
-4.0758854724409446
0
LINE
8
BLACK
6
CONTINUOUS
10
6.0136767322834643
20
-4.0758854724409446
11
6.0149750393700785
21
-4.0743382283464564
0
LINE
8
BLACK
6
CONTINUOUS
10
6.0149750393700785
20
-4.0743382283464564
11
6.0169641732283461
21
-4.0739874803149609
0
LINE
8
BLACK
6
CONTINUOUS
10
6.0169641732283461
20
-4.0739874803149609
11
6.0187133464566926
21
-4.0749974015748034
0
LINE
8
BLACK
6
CONTINUOUS
10
5.8642210236220471
20
-3.9972834645669288
11
5.8653338582677161
21
-3.9989690157480315
0
LINE
8
BLACK
6
CONTINUOUS
10
5.8653338582677161
20
-3.9989690157480315
11
5.8651029527559055
21
-4.000975551181102
0
LINE
8
BLACK
6
CONTINUOUS
10
5.8651029527559055
20
-4.000975551181102
11
5.863228188976378
21
-4.0047250787401572
0
LINE
8
BLACK
6
CONTINUOUS
10
5.863228188976378
20
-4.0047250787401572
11
5.8627022440944883
21
-4.0054341338582677
0
LINE
8
BLACK
6
CONTINUOUS
10
5.8627022440944883
20
-4.0054341338582677
11
5.8626750787401569
21
-4.0054924803149605
0
LINE
8
BLACK
6
CONTINUOUS
10
5.8626750787401569
20
-4.0054924803149605
11
5.8602166929133856
21
-4.0079508661417318
0
LINE
8
BLACK
6
CONTINUOUS
10
5.8602166929133856
20
-4.0079508661417318
11
5.8876306692913385
21
-4.0079508661417318
0
LINE
8
BLACK
6
CONTINUOUS
10
5.8876306692913385
20
-4.0079508661417318
11
5.8876306692913385
21
-3.9996550393700785
0
LINE
8
BLACK
6
CONTINUOUS
10
5.8876306692913385
20
-3.9996550393700785
11
5.8878087401574799
21
-3.998645118110236
0
LINE
8
BLACK
6
CONTINUOUS
10
5.8878087401574799
20
-3.998645118110236
11
5.8891070472440941
21
-3.9970978740157479
0
LINE
8
BLACK
6
CONTINUOUS
10
5.8891070472440941
20
-3.9970978740157479
11
5.8910961811023617
21
-3.996747125984252
0
LINE
8
BLACK
6
CONTINUOUS
10
5.8910961811023617
20
-3.996747125984252
11
5.8928453543307082
21
-3.9977570472440944
0
LINE
8
BLACK
6
CONTINUOUS
10
5.8928453543307082
20
-3.9977570472440944
11
5.8935361811023617
21
-3.9996550393700785
0
LINE
8
BLACK
6
CONTINUOUS
10
5.8935361811023617
20
-3.9996550393700785
11
5.8935361811023617
21
-4.0221522047244092
0
LINE
8
BLACK
6
CONTINUOUS
10
5.8935361811023617
20
-4.0221522047244092
11
5.8933581102362202
21
-4.0231621259842516
0
LINE
8
BLACK
6
CONTINUOUS
10
5.8933581102362202
20
-4.0231621259842516
11
5.8920598031496061
21
-4.0247093700787397
0
LINE
8
BLACK
6
CONTINUOUS
10
5.8920598031496061
20
-4.0247093700787397
11
5.8900706692913385
21
-4.0250601181102361
0
LINE
8
BLACK
6
CONTINUOUS
10
5.8900706692913385
20
-4.0250601181102361
11
5.8883214960629919
21
-4.0240501968503937
0
LINE
8
BLACK
6
CONTINUOUS
10
5.8883214960629919
20
-4.0240501968503937
11
5.8876306692913385
21
-4.0221522047244092
0
LINE
8
BLACK
6
CONTINUOUS
10
5.8876306692913385
20
-4.0221522047244092
11
5.8876306692913385
21
-4.0138563779527558
0
LINE
8
BLACK
6
CONTINUOUS
10
5.8876306692913385
20
-4.0138563779527558
11
5.8512133464566931
21
-4.0138563779527558
0
LINE
8
BLACK
6
CONTINUOUS
10
5.8512133464566931
20
-4.0138563779527558
11
5.8502034251968507
21
-4.0136783070866144
0
LINE
8
BLACK
6
CONTINUOUS
10
5.8502034251968507
20
-4.0136783070866144
11
5.8500733464566927
21
-4.0135691732283467
0
LINE
8
BLACK
6
CONTINUOUS
10
5.8500733464566927
20
-4.0135691732283467
11
5.8499046062992122
21
-4.0135505118110233
0
LINE
8
BLACK
6
CONTINUOUS
10
5.8499046062992122
20
-4.0135505118110233
11
5.8493126771653543
21
-4.0129308661417324
0
LINE
8
BLACK
6
CONTINUOUS
10
5.8493126771653543
20
-4.0129308661417324
11
5.8486561811023616
21
-4.0123800000000003
0
LINE
8
BLACK
6
CONTINUOUS
10
5.8486561811023616
20
-4.0123800000000003
11
5.8486266929133857
21
-4.0122127559055114
0
LINE
8
BLACK
6
CONTINUOUS
10
5.8486266929133857
20
-4.0122127559055114
11
5.8485094094488188
21
-4.0120899999999997
0
LINE
8
BLACK
6
CONTINUOUS
10
5.8485094094488188
20
-4.0120899999999997
11
5.8484542519685041
21
-4.0112348425196851
0
LINE
8
BLACK
6
CONTINUOUS
10
5.8484542519685041
20
-4.0112348425196851
11
5.8483054330708661
21
-4.0103908661417318
0
LINE
8
BLACK
6
CONTINUOUS
10
5.8483054330708661
20
-4.0103908661417318
11
5.8483903149606302
21
-4.0102437795275589
0
LINE
8
BLACK
6
CONTINUOUS
10
5.8483903149606302
20
-4.0102437795275589
11
5.8483794094488184
21
-4.0100744094488192
0
LINE
8
BLACK
6
CONTINUOUS
10
5.8483794094488184
20
-4.0100744094488192
11
5.8488868503937006
21
-4.0093837795275586
0
LINE
8
BLACK
6
CONTINUOUS
10
5.8488868503937006
20
-4.0093837795275586
11
5.8493153543307086
21
-4.0086416929133861
0
LINE
8
BLACK
6
CONTINUOUS
10
5.8493153543307086
20
-4.0086416929133861
11
5.849474842519685
21
-4.0085836220472437
0
LINE
8
BLACK
6
CONTINUOUS
10
5.849474842519685
20
-4.0085836220472437
11
5.849575433070866
21
-4.008446771653543
0
LINE
8
BLACK
6
CONTINUOUS
10
5.849575433070866
20
-4.008446771653543
11
5.8549564566929133
21
-4.0048594094488186
0
LINE
8
BLACK
6
CONTINUOUS
10
5.8549564566929133
20
-4.0048594094488186
11
5.8581604330708661
21
-4.0016554724409445
0
LINE
8
BLACK
6
CONTINUOUS
10
5.8581604330708661
20
-4.0016554724409445
11
5.8598209055118105
21
-3.9983345275590549
0
LINE
8
BLACK
6
CONTINUOUS
10
5.8598209055118105
20
-3.9983345275590549
11
5.8604318110236218
21
-3.9975108661417322
0
LINE
8
BLACK
6
CONTINUOUS
10
5.8604318110236218
20
-3.9975108661417322
11
5.862285
21
-3.9967075984251967
0
LINE
8
BLACK
6
CONTINUOUS
10
5.862285
20
-3.9967075984251967
11
5.8642210236220471
21
-3.9972834645669288
0
LINE
8
BLACK
6
CONTINUOUS
10
5.8928453543307082
20
-3.9658860236220472
11
5.8935361811023617
21
-3.9677840157480313
0
LINE
8
BLACK
6
CONTINUOUS
10
5.8935361811023617
20
-3.9677840157480313
11
5.8935361811023617
21
-3.9715335433070864
0
LINE
8
BLACK
6
CONTINUOUS
10
5.8935361811023617
20
-3.9715335433070864
11
5.8933828740157477
21
-3.9724029133858267
0
LINE
8
BLACK
6
CONTINUOUS
10
5.8933828740157477
20
-3.9724029133858267
11
5.8933846456692915
21
-3.9724673228346457
0
LINE
8
BLACK
6
CONTINUOUS
10
5.8933846456692915
20
-3.9724673228346457
11
5.891509881889764
21
-3.9780915748031496
0
LINE
8
BLACK
6
CONTINUOUS
10
5.891509881889764
20
-3.9780915748031496
11
5.8910215748031494
21
-3.9789933464566927
0
LINE
8
BLACK
6
CONTINUOUS
10
5.8910215748031494
20
-3.9789933464566927
11
5.8908711811023622
21
-3.9790857086614171
0
LINE
8
BLACK
6
CONTINUOUS
10
5.8908711811023622
20
-3.9790857086614171
11
5.8907965748031499
21
-3.979245748031496
0
LINE
8
BLACK
6
CONTINUOUS
10
5.8907965748031499
20
-3.979245748031496
11
5.887047007874016
21
-3.9829952755905511
0
LINE
8
BLACK
6
CONTINUOUS
10
5.887047007874016
20
-3.9829952755905511
11
5.8862069685039371
21
-3.983583503937008
0
LINE
8
BLACK
6
CONTINUOUS
10
5.8862069685039371
20
-3.983583503937008
11
5.8860310236220474
21
-3.9835988582677166
0
LINE
8
BLACK
6
CONTINUOUS
10
5.8860310236220474
20
-3.9835988582677166
11
5.8858928346456691
21
-3.9837085826771652
0
LINE
8
BLACK
6
CONTINUOUS
10
5.8858928346456691
20
-3.9837085826771652
11
5.8802685433070865
21
-3.9855833464566928
0
LINE
8
BLACK
6
CONTINUOUS
10
5.8802685433070865
20
-3.9855833464566928
11
5.8793953543307085
21
-3.9857127952755906
0
LINE
8
BLACK
6
CONTINUOUS
10
5.8793953543307085
20
-3.9857127952755906
11
5.8793348031496064
21
-3.9857348818897638
0
LINE
8
BLACK
6
CONTINUOUS
10
5.8793348031496064
20
-3.9857348818897638
11
5.8512133464566931
21
-3.9857348818897638
0
LINE
8
BLACK
6
CONTINUOUS
10
5.8512133464566931
20
-3.9857348818897638
11
5.8502034251968507
21
-3.9855568110236219
0
LINE
8
BLACK
6
CONTINUOUS
10
5.8502034251968507
20
-3.9855568110236219
11
5.8486561811023616
21
-3.9842585039370078
0
LINE
8
BLACK
6
CONTINUOUS
10
5.8486561811023616
20
-3.9842585039370078
11
5.8483054330708661
21
-3.9822693700787402
0
LINE
8
BLACK
6
CONTINUOUS
10
5.8483054330708661
20
-3.9822693700787402
11
5.8493153543307086
21
-3.9805201968503936
0
LINE
8
BLACK
6
CONTINUOUS
10
5.8493153543307086
20
-3.9805201968503936
11
5.8512133464566931
21
-3.9798293700787402
0
LINE
8
BLACK
6
CONTINUOUS
10
5.8512133464566931
20
-3.9798293700787402
11
5.8788556692913385
21
-3.9798293700787402
0
LINE
8
BLACK
6
CONTINUOUS
10
5.8788556692913385
20
-3.9798293700787402
11
5.8833640551181103
21
-3.9783265354330708
0
LINE
8
BLACK
6
CONTINUOUS
10
5.8833640551181103
20
-3.9783265354330708
11
5.8861278740157479
21
-3.9755627559055116
0
LINE
8
BLACK
6
CONTINUOUS
10
5.8861278740157479
20
-3.9755627559055116
11
5.8876306692913385
21
-3.9710544094488189
0
LINE
8
BLACK
6
CONTINUOUS
10
5.8876306692913385
20
-3.9710544094488189
11
5.8876306692913385
21
-3.9677840157480313
0
LINE
8
BLACK
6
CONTINUOUS
10
5.8876306692913385
20
-3.9677840157480313
11
5.8878087401574799
21
-3.9667740944881889
0
LINE
8
BLACK
6
CONTINUOUS
10
5.8878087401574799
20
-3.9667740944881889
11
5.8891070472440941
21
-3.9652268503937007
0
LINE
8
BLACK
6
CONTINUOUS
10
5.8891070472440941
20
-3.9652268503937007
11
5.8910961811023617
21
-3.9648761023622048
0
LINE
8
BLACK
6
CONTINUOUS
10
5.8910961811023617
20
-3.9648761023622048
11
5.8928453543307082
21
-3.9658860236220472
0
LINE
8
BLACK
6
CONTINUOUS
10
5.9564566929133855
20
-3.7803543307086613
11
5.9578486220472442
21
-3.780930905511811
0
LINE
8
BLACK
6
CONTINUOUS
10
5.9578486220472442
20
-3.780930905511811
11
5.9584251968503938
21
-3.7823228346456692
0
LINE
8
BLACK
6
CONTINUOUS
10
5.9584251968503938
20
-3.7823228346456692
11
5.9584251968503938
21
-4.1071259842519687
0
LINE
8
BLACK
6
CONTINUOUS
10
5.9584251968503938
20
-4.1071259842519687
11
5.9578486220472442
21
-4.1085179133858265
0
LINE
8
BLACK
6
CONTINUOUS
10
5.9578486220472442
20
-4.1085179133858265
11
5.9564566929133855
21
-4.1090944881889762
0
LINE
8
BLACK
6
CONTINUOUS
10
5.9564566929133855
20
-4.1090944881889762
11
5.7970078740157476
21
-4.1090944881889762
0
LINE
8
BLACK
6
CONTINUOUS
10
5.7970078740157476
20
-4.1090944881889762
11
5.7956159448818898
21
-4.1085179133858265
0
LINE
8
BLACK
6
CONTINUOUS
10
5.7956159448818898
20
-4.1085179133858265
11
5.7950393700787401
21
-4.1071259842519687
0
LINE
8
BLACK
6
CONTINUOUS
10
5.7950393700787401
20
-4.1071259842519687
11
5.7950393700787401
21
-3.7823228346456692
0
LINE
8
BLACK
6
CONTINUOUS
10
5.7950393700787401
20
-3.7823228346456692
11
5.7956159448818898
21
-3.780930905511811
0
LINE
8
BLACK
6
CONTINUOUS
10
5.7956159448818898
20
-3.780930905511811
11
5.7970078740157476
21
-3.7803543307086613
0
LINE
8
BLACK
6
CONTINUOUS
10
5.7970078740157476
20
-3.7803543307086613
11
5.9564566929133855
21
-3.7803543307086613
0
LINE
8
BLACK
6
CONTINUOUS
10
5.7989763779527559
20
-3.7842913385826771
11
5.7989763779527559
21
-3.8502014566929135
0
LINE
8
BLACK
6
CONTINUOUS
10
5.7989763779527559
20
-3.8502014566929135
11
5.8259832677165351
21
-3.8692982283464565
0
LINE
8
BLACK
6
CONTINUOUS
10
5.8259832677165351
20
-3.8692982283464565
11
5.8261653149606296
21
-3.8695868897637795
0
LINE
8
BLACK
6
CONTINUOUS
10
5.8261653149606296
20
-3.8695868897637795
11
5.8264540157480313
21
-3.8697689763779528
0
LINE
8
BLACK
6
CONTINUOUS
10
5.8264540157480313
20
-3.8697689763779528
11
5.8265514960629918
21
-3.87019937007874
0
LINE
8
BLACK
6
CONTINUOUS
10
5.8265514960629918
20
-3.87019937007874
11
5.8267868897637793
21
-3.8705726377952754
0
LINE
8
BLACK
6
CONTINUOUS
10
5.8267868897637793
20
-3.8705726377952754
11
5.8267114566929132
21
-3.8709055118110234
0
LINE
8
BLACK
6
CONTINUOUS
10
5.8267114566929132
20
-3.8709055118110234
11
5.8267868897637793
21
-3.8712383858267714
0
LINE
8
BLACK
6
CONTINUOUS
10
5.8267868897637793
20
-3.8712383858267714
11
5.8265514960629918
21
-3.8716116141732284
0
LINE
8
BLACK
6
CONTINUOUS
10
5.8265514960629918
20
-3.8716116141732284
11
5.8264540157480313
21
-3.8720420472440944
0
LINE
8
BLACK
6
CONTINUOUS
10
5.8264540157480313
20
-3.8720420472440944
11
5.8261653149606296
21
-3.8722240944881889
0
LINE
8
BLACK
6
CONTINUOUS
10
5.8261653149606296
20
-3.8722240944881889
11
5.8259832677165351
21
-3.8725127952755907
0
LINE
8
BLACK
6
CONTINUOUS
10
5.8259832677165351
20
-3.8725127952755907
11
5.7989763779527559
21
-3.891609527559055
0
LINE
8
BLACK
6
CONTINUOUS
10
5.7989763779527559
20
-3.891609527559055
11
5.7989763779527559
21
-4.1051574803149604
0
LINE
8
BLACK
6
CONTINUOUS
10
5.7989763779527559
20
-4.1051574803149604
11
5.9544881889763781
21
-4.1051574803149604
0
LINE
8
BLACK
6
CONTINUOUS
10
5.9544881889763781
20
-4.1051574803149604
11
5.9544881889763781
21
-3.7842913385826771
0
LINE
8
BLACK
6
CONTINUOUS
10
5.9544881889763781
20
-3.7842913385826771
11
5.7989763779527559
21
-3.7842913385826771
0
LINE
8
BLACK
6
CONTINUOUS
10
5.7989763779527559
20
-3.8867876377952757
11
5.8214371653543306
21
-3.8709055118110234
0
LINE
8
BLACK
6
CONTINUOUS
10
5.8214371653543306
20
-3.8709055118110234
11
5.7989763779527559
21
-3.8550233464566928
0
LINE
8
BLACK
6
CONTINUOUS
10
5.7989763779527559
20
-3.8550233464566928
11
5.7989763779527559
21
-3.8867876377952757
0
LINE
8
BLACK
6
CONTINUOUS
10
5.4310260236220476
20
-4.0787000393700783
11
5.4312088582677163
21
-4.0787130314960631
0
LINE
8
BLACK
6
CONTINUOUS
10
5.4312088582677163
20
-4.0787130314960631
11
5.4321837401574804
21
-4.0792005118110239
0
LINE
8
BLACK
6
CONTINUOUS
10
5.4321837401574804
20
-4.0792005118110239
11
5.4322686220472436
21
-4.079298385826772
0
LINE
8
BLACK
6
CONTINUOUS
10
5.4322686220472436
20
-4.079298385826772
11
5.4323883858267719
21
-4.0793479921259843
0
LINE
8
BLACK
6
CONTINUOUS
10
5.4323883858267719
20
-4.0793479921259843
11
5.432875826771653
21
-4.0798354330708664
0
LINE
8
BLACK
6
CONTINUOUS
10
5.432875826771653
20
-4.0798354330708664
11
5.4329253937007875
21
-4.079955157480315
0
LINE
8
BLACK
6
CONTINUOUS
10
5.4329253937007875
20
-4.079955157480315
11
5.433023346456693
21
-4.080040078740157
0
LINE
8
BLACK
6
CONTINUOUS
10
5.433023346456693
20
-4.080040078740157
11
5.4335107874015751
21
-4.0810149606299211
0
LINE
8
BLACK
6
CONTINUOUS
10
5.4335107874015751
20
-4.0810149606299211
11
5.433523779527559
21
-4.0811977952755907
0
LINE
8
BLACK
6
CONTINUOUS
10
5.433523779527559
20
-4.0811977952755907
11
5.4335938976377953
21
-4.0813670866141729
0
LINE
8
BLACK
6
CONTINUOUS
10
5.4335938976377953
20
-4.0813670866141729
11
5.4335938976377953
21
-4.0838042913385824
0
LINE
8
BLACK
6
CONTINUOUS
10
5.4335938976377953
20
-4.0838042913385824
11
5.433523779527559
21
-4.0839735433070867
0
LINE
8
BLACK
6
CONTINUOUS
10
5.433523779527559
20
-4.0839735433070867
11
5.4335107874015751
21
-4.0841564173228342
0
LINE
8
BLACK
6
CONTINUOUS
10
5.4335107874015751
20
-4.0841564173228342
11
5.433023346456693
21
-4.0851312992125983
0
LINE
8
BLACK
6
CONTINUOUS
10
5.433023346456693
20
-4.0851312992125983
11
5.4329253937007875
21
-4.0852161811023624
0
LINE
8
BLACK
6
CONTINUOUS
10
5.4329253937007875
20
-4.0852161811023624
11
5.432875826771653
21
-4.0853359448818898
0
LINE
8
BLACK
6
CONTINUOUS
10
5.432875826771653
20
-4.0853359448818898
11
5.4323883858267719
21
-4.0858233858267718
0
LINE
8
BLACK
6
CONTINUOUS
10
5.4323883858267719
20
-4.0858233858267718
11
5.4322686220472436
21
-4.0858729527559055
0
LINE
8
BLACK
6
CONTINUOUS
10
5.4322686220472436
20
-4.0858729527559055
11
5.4321837401574804
21
-4.0859708661417322
0
LINE
8
BLACK
6
CONTINUOUS
10
5.4321837401574804
20
-4.0859708661417322
11
5.4312088582677163
21
-4.086458346456693
0
LINE
8
BLACK
6
CONTINUOUS
10
5.4312088582677163
20
-4.086458346456693
11
5.4310260236220476
21
-4.0864712992125982
0
LINE
8
BLACK
6
CONTINUOUS
10
5.4310260236220476
20
-4.0864712992125982
11
5.4308567322834644
21
-4.0865414566929132
0
LINE
8
BLACK
6
CONTINUOUS
10
5.4308567322834644
20
-4.0865414566929132
11
5.4289069685039371
21
-4.0865414566929132
0
LINE
8
BLACK
6
CONTINUOUS
10
5.4289069685039371
20
-4.0865414566929132
11
5.4287376771653539
21
-4.086471338582677
0
LINE
8
BLACK
6
CONTINUOUS
10
5.4287376771653539
20
-4.086471338582677
11
5.4285548425196852
21
-4.086458346456693
0
LINE
8
BLACK
6
CONTINUOUS
10
5.4285548425196852
20
-4.086458346456693
11
5.4279970472440944
21
-4.0861794488188972
0
LINE
8
BLACK
6
CONTINUOUS
10
5.4279970472440944
20
-4.0861794488188972
11
5.4281754724409446
21
-4.08689311023622
0
LINE
8
BLACK
6
CONTINUOUS
10
5.4281754724409446
20
-4.08689311023622
11
5.429031456692913
21
-4.0881770866141736
0
LINE
8
BLACK
6
CONTINUOUS
10
5.429031456692913
20
-4.0881770866141736
11
5.4293733070866139
21
-4.0885189370078736
0
LINE
8
BLACK
6
CONTINUOUS
10
5.4293733070866139
20
-4.0885189370078736
11
5.430067716535433
21
-4.0888661417322831
0
LINE
8
BLACK
6
CONTINUOUS
10
5.430067716535433
20
-4.0888661417322831
11
5.4318316141732286
21
-4.0888661417322831
0
LINE
8
BLACK
6
CONTINUOUS
10
5.4318316141732286
20
-4.0888661417322831
11
5.4323883858267719
21
-4.0890967716535433
0
LINE
8
BLACK
6
CONTINUOUS
10
5.4323883858267719
20
-4.0890967716535433
11
5.4326190157480312
21
-4.0896535433070866
0
LINE
8
BLACK
6
CONTINUOUS
10
5.4326190157480312
20
-4.0896535433070866
11
5.4323883858267719
21
-4.0902103149606299
0
LINE
8
BLACK
6
CONTINUOUS
10
5.4323883858267719
20
-4.0902103149606299
11
5.4318316141732286
21
-4.0904409448818893
0
LINE
8
BLACK
6
CONTINUOUS
10
5.4318316141732286
20
-4.0904409448818893
11
5.4298818503937003
21
-4.0904409448818893
0
LINE
8
BLACK
6
CONTINUOUS
10
5.4298818503937003
20
-4.0904409448818893
11
5.4297125196850393
21
-4.0903707874015751
0
LINE
8
BLACK
6
CONTINUOUS
10
5.4297125196850393
20
-4.0903707874015751
11
5.4295297244094485
21
-4.090357834645669
0
LINE
8
BLACK
6
CONTINUOUS
10
5.4295297244094485
20
-4.090357834645669
11
5.4285548425196852
21
-4.0898704330708657
0
LINE
8
BLACK
6
CONTINUOUS
10
5.4285548425196852
20
-4.0898704330708657
11
5.4284698818897636
21
-4.0897724803149602
0
LINE
8
BLACK
6
CONTINUOUS
10
5.4284698818897636
20
-4.0897724803149602
11
5.4283501968503938
21
-4.0897229133858266
0
LINE
8
BLACK
6
CONTINUOUS
10
5.4283501968503938
20
-4.0897229133858266
11
5.4278627559055117
21
-4.0892354724409445
0
LINE
8
BLACK
6
CONTINUOUS
10
5.4278627559055117
20
-4.0892354724409445
11
5.4278317322834644
21
-4.0891605511811022
0
LINE
8
BLACK
6
CONTINUOUS
10
5.4278317322834644
20
-4.0891605511811022
11
5.4277643700787399
21
-4.0891154724409446
0
LINE
8
BLACK
6
CONTINUOUS
10
5.4277643700787399
20
-4.0891154724409446
11
5.4267894881889767
21
-4.0876531496062993
0
LINE
8
BLACK
6
CONTINUOUS
10
5.4267894881889767
20
-4.0876531496062993
11
5.4267627559055116
21
-4.0875180314960629
0
LINE
8
BLACK
6
CONTINUOUS
10
5.4267627559055116
20
-4.0875180314960629
11
5.4266807480314956
21
-4.0874073622047247
0
LINE
8
BLACK
6
CONTINUOUS
10
5.4266807480314956
20
-4.0874073622047247
11
5.4261933070866144
21
-4.0854575984251964
0
LINE
8
BLACK
6
CONTINUOUS
10
5.4261933070866144
20
-4.0854575984251964
11
5.4262079921259838
21
-4.085358818897638
0
LINE
8
BLACK
6
CONTINUOUS
10
5.4262079921259838
20
-4.085358818897638
11
5.4261698031496062
21
-4.0852666141732286
0
LINE
8
BLACK
6
CONTINUOUS
10
5.4261698031496062
20
-4.0852666141732286
11
5.4261698031496062
21
-4.0813670866141729
0
LINE
8
BLACK
6
CONTINUOUS
10
5.4261698031496062
20
-4.0813670866141729
11
5.4262399212598424
21
-4.0811977559055119
0
LINE
8
BLACK
6
CONTINUOUS
10
5.4262399212598424
20
-4.0811977559055119
11
5.4262529133858264
21
-4.0810149606299211
0
LINE
8
BLACK
6
CONTINUOUS
10
5.4262529133858264
20
-4.0810149606299211
11
5.4267403937007872
21
-4.080040078740157
0
LINE
8
BLACK
6
CONTINUOUS
10
5.4267403937007872
20
-4.080040078740157
11
5.4268382677165352
21
-4.079955157480315
0
LINE
8
BLACK
6
CONTINUOUS
10
5.4268382677165352
20
-4.079955157480315
11
5.4268878740157476
21
-4.0798354330708664
0
LINE
8
BLACK
6
CONTINUOUS
10
5.4268878740157476
20
-4.0798354330708664
11
5.4273753149606296
21
-4.0793479921259843
0
LINE
8
BLACK
6
CONTINUOUS
10
5.4273753149606296
20
-4.0793479921259843
11
5.4274950393700783
21
-4.079298385826772
0
LINE
8
BLACK
6
CONTINUOUS
10
5.4274950393700783
20
-4.079298385826772
11
5.4275799606299211
21
-4.0792004724409452
0
LINE
8
BLACK
6
CONTINUOUS
10
5.4275799606299211
20
-4.0792004724409452
11
5.4285548425196852
21
-4.0787130314960631
0
LINE
8
BLACK
6
CONTINUOUS
10
5.4285548425196852
20
-4.0787130314960631
11
5.4287376771653539
21
-4.0786999999999995
0
LINE
8
BLACK
6
CONTINUOUS
10
5.4287376771653539
20
-4.0786999999999995
11
5.4289069685039371
21
-4.078629921259842
0
LINE
8
BLACK
6
CONTINUOUS
10
5.4289069685039371
20
-4.078629921259842
11
5.4308567322834644
21
-4.078629921259842
0
LINE
8
BLACK
6
CONTINUOUS
10
5.4308567322834644
20
-4.078629921259842
11
5.4310260236220476
21
-4.0787000393700783
0
LINE
8
BLACK
6
CONTINUOUS
10
5.4283984645669294
20
-4.0805518897637798
11
5.4280918110236218
21
-4.0808585826771653
0
LINE
8
BLACK
6
CONTINUOUS
10
5.4280918110236218
20
-4.0808585826771653
11
5.4277446062992123
21
-4.0815529921259843
0
LINE
8
BLACK
6
CONTINUOUS
10
5.4277446062992123
20
-4.0815529921259843
11
5.4277446062992123
21
-4.0836183858267718
0
LINE
8
BLACK
6
CONTINUOUS
10
5.4277446062992123
20
-4.0836183858267718
11
5.4280918110236218
21
-4.0843127952755909
0
LINE
8
BLACK
6
CONTINUOUS
10
5.4280918110236218
20
-4.0843127952755909
11
5.4283984645669294
21
-4.0846194488188976
0
LINE
8
BLACK
6
CONTINUOUS
10
5.4283984645669294
20
-4.0846194488188976
11
5.4290927952755901
21
-4.0849666535433071
0
LINE
8
BLACK
6
CONTINUOUS
10
5.4290927952755901
20
-4.0849666535433071
11
5.430670826771653
21
-4.0849666535433071
0
LINE
8
BLACK
6
CONTINUOUS
10
5.430670826771653
20
-4.0849666535433071
11
5.4313652362204721
21
-4.0846194488188976
0
LINE
8
BLACK
6
CONTINUOUS
10
5.4313652362204721
20
-4.0846194488188976
11
5.4316718897637797
21
-4.0843127559055121
0
LINE
8
BLACK
6
CONTINUOUS
10
5.4316718897637797
20
-4.0843127559055121
11
5.4320190944881892
21
-4.0836184251968506
0
LINE
8
BLACK
6
CONTINUOUS
10
5.4320190944881892
20
-4.0836184251968506
11
5.4320190944881892
21
-4.0815529133858268
0
LINE
8
BLACK
6
CONTINUOUS
10
5.4320190944881892
20
-4.0815529133858268
11
5.4316718897637797
21
-4.0808585826771653
0
LINE
8
BLACK
6
CONTINUOUS
10
5.4316718897637797
20
-4.0808585826771653
11
5.4313652362204721
21
-4.0805519291338586
0
LINE
8
BLACK
6
CONTINUOUS
10
5.4313652362204721
20
-4.0805519291338586
11
5.430670826771653
21
-4.080204724409449
0
LINE
8
BLACK
6
CONTINUOUS
10
5.430670826771653
20
-4.080204724409449
11
5.4290927952755901
21
-4.080204724409449
0
LINE
8
BLACK
6
CONTINUOUS
10
5.4290927952755901
20
-4.080204724409449
11
5.4283984645669294
21
-4.0805518897637798
0
LINE
8
BLACK
6
CONTINUOUS
10
5.4431120472440941
20
-4.0788605511811022
11
5.4433426771653544
21
-4.0794173228346455
0
LINE
8
BLACK
6
CONTINUOUS
10
5.4433426771653544
20
-4.0794173228346455
11
5.4433426771653544
21
-4.0896535433070866
0
LINE
8
BLACK
6
CONTINUOUS
10
5.4433426771653544
20
-4.0896535433070866
11
5.4431120472440941
21
-4.0902103149606299
0
LINE
8
BLACK
6
CONTINUOUS
10
5.4431120472440941
20
-4.0902103149606299
11
5.4425552755905509
21
-4.0904409448818893
0
LINE
8
BLACK
6
CONTINUOUS
10
5.4425552755905509
20
-4.0904409448818893
11
5.4419985039370076
21
-4.0902103149606299
0
LINE
8
BLACK
6
CONTINUOUS
10
5.4419985039370076
20
-4.0902103149606299
11
5.4417678740157482
21
-4.0896535433070866
0
LINE
8
BLACK
6
CONTINUOUS
10
5.4417678740157482
20
-4.0896535433070866
11
5.4417678740157482
21
-4.0855665748031491
0
LINE
8
BLACK
6
CONTINUOUS
10
5.4417678740157482
20
-4.0855665748031491
11
5.4405280314960631
21
-4.0855665748031491
0
LINE
8
BLACK
6
CONTINUOUS
10
5.4405280314960631
20
-4.0855665748031491
11
5.4373510629921258
21
-4.0901050787401578
0
LINE
8
BLACK
6
CONTINUOUS
10
5.4373510629921258
20
-4.0901050787401578
11
5.4368428346456694
21
-4.0904289370078741
0
LINE
8
BLACK
6
CONTINUOUS
10
5.4368428346456694
20
-4.0904289370078741
11
5.4362544488188975
21
-4.0902986220472437
0
LINE
8
BLACK
6
CONTINUOUS
10
5.4362544488188975
20
-4.0902986220472437
11
5.4359305905511812
21
-4.0897903937007873
0
LINE
8
BLACK
6
CONTINUOUS
10
5.4359305905511812
20
-4.0897903937007873
11
5.4360609055118108
21
-4.0892020078740154
0
LINE
8
BLACK
6
CONTINUOUS
10
5.4360609055118108
20
-4.0892020078740154
11
5.4386169685039372
21
-4.0855505118110234
0
LINE
8
BLACK
6
CONTINUOUS
10
5.4386169685039372
20
-4.0855505118110234
11
5.438486456692913
21
-4.0854964566929137
0
LINE
8
BLACK
6
CONTINUOUS
10
5.438486456692913
20
-4.0854964566929137
11
5.4383036220472443
21
-4.0854834645669289
0
LINE
8
BLACK
6
CONTINUOUS
10
5.4383036220472443
20
-4.0854834645669289
11
5.4373287401574801
21
-4.0849960236220468
0
LINE
8
BLACK
6
CONTINUOUS
10
5.4373287401574801
20
-4.0849960236220468
11
5.4372438188976373
21
-4.0848980708661413
0
LINE
8
BLACK
6
CONTINUOUS
10
5.4372438188976373
20
-4.0848980708661413
11
5.4371240944881887
21
-4.0848485039370077
0
LINE
8
BLACK
6
CONTINUOUS
10
5.4371240944881887
20
-4.0848485039370077
11
5.4366366535433066
21
-4.0843610629921256
0
LINE
8
BLACK
6
CONTINUOUS
10
5.4366366535433066
20
-4.0843610629921256
11
5.4365870472440943
21
-4.0842412992125983
0
LINE
8
BLACK
6
CONTINUOUS
10
5.4365870472440943
20
-4.0842412992125983
11
5.4364891732283462
21
-4.0841564173228342
0
LINE
8
BLACK
6
CONTINUOUS
10
5.4364891732283462
20
-4.0841564173228342
11
5.4360016929133854
21
-4.0831815354330709
0
LINE
8
BLACK
6
CONTINUOUS
10
5.4360016929133854
20
-4.0831815354330709
11
5.4359887007874015
21
-4.0829987007874013
0
LINE
8
BLACK
6
CONTINUOUS
10
5.4359887007874015
20
-4.0829987007874013
11
5.4359185826771652
21
-4.0828294094488191
0
LINE
8
BLACK
6
CONTINUOUS
10
5.4359185826771652
20
-4.0828294094488191
11
5.4359185826771652
21
-4.0813670866141729
0
LINE
8
BLACK
6
CONTINUOUS
10
5.4359185826771652
20
-4.0813670866141729
11
5.4359887007874015
21
-4.0811977559055119
0
LINE
8
BLACK
6
CONTINUOUS
10
5.4359887007874015
20
-4.0811977559055119
11
5.4360016929133854
21
-4.0810149606299211
0
LINE
8
BLACK
6
CONTINUOUS
10
5.4360016929133854
20
-4.0810149606299211
11
5.4364891732283462
21
-4.080040078740157
0
LINE
8
BLACK
6
CONTINUOUS
10
5.4364891732283462
20
-4.080040078740157
11
5.4365870472440943
21
-4.079955157480315
0
LINE
8
BLACK
6
CONTINUOUS
10
5.4365870472440943
20
-4.079955157480315
11
5.4366366535433066
21
-4.0798354330708664
0
LINE
8
BLACK
6
CONTINUOUS
10
5.4366366535433066
20
-4.0798354330708664
11
5.4371240944881887
21
-4.0793479921259843
0
LINE
8
BLACK
6
CONTINUOUS
10
5.4371240944881887
20
-4.0793479921259843
11
5.4372438188976373
21
-4.079298385826772
0
LINE
8
BLACK
6
CONTINUOUS
10
5.4372438188976373
20
-4.079298385826772
11
5.4373287401574801
21
-4.0792004724409452
0
LINE
8
BLACK
6
CONTINUOUS
10
5.4373287401574801
20
-4.0792004724409452
11
5.4383036220472443
21
-4.0787130314960631
0
LINE
8
BLACK
6
CONTINUOUS
10
5.4383036220472443
20
-4.0787130314960631
11
5.438486456692913
21
-4.0786999999999995
0
LINE
8
BLACK
6
CONTINUOUS
10
5.438486456692913
20
-4.0786999999999995
11
5.4386557480314961
21
-4.078629921259842
0
LINE
8
BLACK
6
CONTINUOUS
10
5.4386557480314961
20
-4.078629921259842
11
5.4425552755905509
21
-4.078629921259842
0
LINE
8
BLACK
6
CONTINUOUS
10
5.4425552755905509
20
-4.078629921259842
11
5.4431120472440941
21
-4.0788605511811022
0
LINE
8
BLACK
6
CONTINUOUS
10
5.4381472440944885
20
-4.0805518897637798
11
5.4378405905511809
21
-4.0808585826771653
0
LINE
8
BLACK
6
CONTINUOUS
10
5.4378405905511809
20
-4.0808585826771653
11
5.4374933858267713
21
-4.0815529921259843
0
LINE
8
BLACK
6
CONTINUOUS
10
5.4374933858267713
20
-4.0815529921259843
11
5.4374933858267713
21
-4.0826435039370077
0
LINE
8
BLACK
6
CONTINUOUS
10
5.4374933858267713
20
-4.0826435039370077
11
5.4378405905511809
21
-4.0833379133858267
0
LINE
8
BLACK
6
CONTINUOUS
10
5.4378405905511809
20
-4.0833379133858267
11
5.4381472440944885
21
-4.0836445669291335
0
LINE
8
BLACK
6
CONTINUOUS
10
5.4381472440944885
20
-4.0836445669291335
11
5.4388415748031491
21
-4.083991771653543
0
LINE
8
BLACK
6
CONTINUOUS
10
5.4388415748031491
20
-4.083991771653543
11
5.4417678740157482
21
-4.083991771653543
0
LINE
8
BLACK
6
CONTINUOUS
10
5.4417678740157482
20
-4.083991771653543
11
5.4417678740157482
21
-4.080204724409449
0
LINE
8
BLACK
6
CONTINUOUS
10
5.4417678740157482
20
-4.080204724409449
11
5.4388415748031491
21
-4.080204724409449
0
LINE
8
BLACK
6
CONTINUOUS
10
5.4388415748031491
20
-4.080204724409449
11
5.4381472440944885
21
-4.0805518897637798
0
LINE
8
BLACK
6
CONTINUOUS
10
5.4556692913385829
20
-4.0724015748031492
11
5.4570612204724407
21
-4.0729781496062989
0
LINE
8
BLACK
6
CONTINUOUS
10
5.4570612204724407
20
-4.0729781496062989
11
5.4576377952755903
21
-4.0743700787401576
0
LINE
8
BLACK
6
CONTINUOUS
10
5.4576377952755903
20
-4.0743700787401576
11
5.4576377952755903
21
-4.0956299212598424
0
LINE
8
BLACK
6
CONTINUOUS
10
5.4576377952755903
20
-4.0956299212598424
11
5.4570612204724407
21
-4.097021850393701
0
LINE
8
BLACK
6
CONTINUOUS
10
5.4570612204724407
20
-4.097021850393701
11
5.4556692913385829
21
-4.0975984251968507
0
LINE
8
BLACK
6
CONTINUOUS
10
5.4556692913385829
20
-4.0975984251968507
11
5.4143307086614172
21
-4.0975984251968507
0
LINE
8
BLACK
6
CONTINUOUS
10
5.4143307086614172
20
-4.0975984251968507
11
5.4129387795275585
21
-4.097021850393701
0
LINE
8
BLACK
6
CONTINUOUS
10
5.4129387795275585
20
-4.097021850393701
11
5.4123622047244098
21
-4.0956299212598424
0
LINE
8
BLACK
6
CONTINUOUS
10
5.4123622047244098
20
-4.0956299212598424
11
5.4123622047244098
21
-4.0743700787401576
0
LINE
8
BLACK
6
CONTINUOUS
10
5.4123622047244098
20
-4.0743700787401576
11
5.4129387795275585
21
-4.0729781496062989
0
LINE
8
BLACK
6
CONTINUOUS
10
5.4129387795275585
20
-4.0729781496062989
11
5.4143307086614172
21
-4.0724015748031492
0
LINE
8
BLACK
6
CONTINUOUS
10
5.4143307086614172
20
-4.0724015748031492
11
5.4556692913385829
21
-4.0724015748031492
0
LINE
8
BLACK
6
CONTINUOUS
10
5.4162992125984255
20
-4.076338582677165
11
5.4162992125984255
21
-4.093661417322835
0
LINE
8
BLACK
6
CONTINUOUS
10
5.4162992125984255
20
-4.093661417322835
11
5.4537007874015746
21
-4.093661417322835
0
LINE
8
BLACK
6
CONTINUOUS
10
5.4537007874015746
20
-4.093661417322835
11
5.4537007874015746
21
-4.076338582677165
0
LINE
8
BLACK
6
CONTINUOUS
10
5.4537007874015746
20
-4.076338582677165
11
5.4162992125984255
21
-4.076338582677165
0
LINE
8
BLACK
6
CONTINUOUS
10
5.5250281889763775
20
-4.0657705511811022
11
5.5252588188976377
21
-4.0663273228346455
0
LINE
8
BLACK
6
CONTINUOUS
10
5.5252588188976377
20
-4.0663273228346455
11
5.5252588188976377
21
-4.0724203149606302
0
LINE
8
BLACK
6
CONTINUOUS
10
5.5252588188976377
20
-4.0724203149606302
11
5.5250281889763775
21
-4.0729770866141735
0
LINE
8
BLACK
6
CONTINUOUS
10
5.5250281889763775
20
-4.0729770866141735
11
5.5244714173228342
21
-4.0732077165354328
0
LINE
8
BLACK
6
CONTINUOUS
10
5.5244714173228342
20
-4.0732077165354328
11
5.5239146456692909
21
-4.0729770866141735
0
LINE
8
BLACK
6
CONTINUOUS
10
5.5239146456692909
20
-4.0729770866141735
11
5.5236840157480316
21
-4.0724203149606302
0
LINE
8
BLACK
6
CONTINUOUS
10
5.5236840157480316
20
-4.0724203149606302
11
5.5236840157480316
21
-4.0682282677165356
0
LINE
8
BLACK
6
CONTINUOUS
10
5.5236840157480316
20
-4.0682282677165356
11
5.5194038976377948
21
-4.0725083858267714
0
LINE
8
BLACK
6
CONTINUOUS
10
5.5194038976377948
20
-4.0725083858267714
11
5.5192346062992126
21
-4.0725785039370077
0
LINE
8
BLACK
6
CONTINUOUS
10
5.5192346062992126
20
-4.0725785039370077
11
5.519096141732283
21
-4.0726986220472439
0
LINE
8
BLACK
6
CONTINUOUS
10
5.519096141732283
20
-4.0726986220472439
11
5.5176900787401575
21
-4.0731673228346459
0
LINE
8
BLACK
6
CONTINUOUS
10
5.5176900787401575
20
-4.0731673228346459
11
5.5175607480314959
21
-4.0731581102362204
0
LINE
8
BLACK
6
CONTINUOUS
10
5.5175607480314959
20
-4.0731581102362204
11
5.517441062992126
21
-4.0732077165354328
0
LINE
8
BLACK
6
CONTINUOUS
10
5.517441062992126
20
-4.0732077165354328
11
5.5165036614173228
21
-4.0732077165354328
0
LINE
8
BLACK
6
CONTINUOUS
10
5.5165036614173228
20
-4.0732077165354328
11
5.5163342519685035
21
-4.073137519685039
0
LINE
8
BLACK
6
CONTINUOUS
10
5.5163342519685035
20
-4.073137519685039
11
5.5161514960629923
21
-4.0731245669291338
0
LINE
8
BLACK
6
CONTINUOUS
10
5.5161514960629923
20
-4.0731245669291338
11
5.5152141338582679
21
-4.0726558661417318
0
LINE
8
BLACK
6
CONTINUOUS
10
5.5152141338582679
20
-4.0726558661417318
11
5.515129212598425
21
-4.072557952755905
0
LINE
8
BLACK
6
CONTINUOUS
10
5.515129212598425
20
-4.072557952755905
11
5.5150095275590552
21
-4.0725083858267714
0
LINE
8
BLACK
6
CONTINUOUS
10
5.5150095275590552
20
-4.0725083858267714
11
5.5145408267716531
21
-4.0720396850393703
0
LINE
8
BLACK
6
CONTINUOUS
10
5.5145408267716531
20
-4.0720396850393703
11
5.5144912204724408
21
-4.071919921259842
0
LINE
8
BLACK
6
CONTINUOUS
10
5.5144912204724408
20
-4.071919921259842
11
5.514393307086614
21
-4.0718350393700788
0
LINE
8
BLACK
6
CONTINUOUS
10
5.514393307086614
20
-4.0718350393700788
11
5.5139246456692916
21
-4.0708977165354332
0
LINE
8
BLACK
6
CONTINUOUS
10
5.5139246456692916
20
-4.0708977165354332
11
5.5139116141732281
21
-4.0707148818897636
0
LINE
8
BLACK
6
CONTINUOUS
10
5.5139116141732281
20
-4.0707148818897636
11
5.5138414960629918
21
-4.0705455511811026
0
LINE
8
BLACK
6
CONTINUOUS
10
5.5138414960629918
20
-4.0705455511811026
11
5.5138414960629918
21
-4.068202086614173
0
LINE
8
BLACK
6
CONTINUOUS
10
5.5138414960629918
20
-4.068202086614173
11
5.5139116141732281
21
-4.0680327559055121
0
LINE
8
BLACK
6
CONTINUOUS
10
5.5139116141732281
20
-4.0680327559055121
11
5.5139246062992129
21
-4.0678499606299212
0
LINE
8
BLACK
6
CONTINUOUS
10
5.5139246062992129
20
-4.0678499606299212
11
5.514393307086614
21
-4.0669125590551181
0
LINE
8
BLACK
6
CONTINUOUS
10
5.514393307086614
20
-4.0669125590551181
11
5.514491181102362
21
-4.0668276377952752
0
LINE
8
BLACK
6
CONTINUOUS
10
5.514491181102362
20
-4.0668276377952752
11
5.5145408267716531
21
-4.0667078740157478
0
LINE
8
BLACK
6
CONTINUOUS
10
5.5145408267716531
20
-4.0667078740157478
11
5.5150095669291339
21
-4.0662392125984255
0
LINE
8
BLACK
6
CONTINUOUS
10
5.5150095669291339
20
-4.0662392125984255
11
5.5155663385826772
21
-4.066008622047244
0
LINE
8
BLACK
6
CONTINUOUS
10
5.5155663385826772
20
-4.066008622047244
11
5.5161231102362205
21
-4.0662392519685042
0
LINE
8
BLACK
6
CONTINUOUS
10
5.5161231102362205
20
-4.0662392519685042
11
5.5163537007874011
21
-4.0667960236220475
0
LINE
8
BLACK
6
CONTINUOUS
10
5.5163537007874011
20
-4.0667960236220475
11
5.5161230708661417
21
-4.0673527952755908
0
LINE
8
BLACK
6
CONTINUOUS
10
5.5161230708661417
20
-4.0673527952755908
11
5.5157446850393699
21
-4.067731141732283
0
LINE
8
BLACK
6
CONTINUOUS
10
5.5157446850393699
20
-4.067731141732283
11
5.5154162992125979
21
-4.0683879527559057
0
LINE
8
BLACK
6
CONTINUOUS
10
5.5154162992125979
20
-4.0683879527559057
11
5.5154162992125979
21
-4.0703596456692912
0
LINE
8
BLACK
6
CONTINUOUS
10
5.5154162992125979
20
-4.0703596456692912
11
5.5157446850393699
21
-4.071016456692913
0
LINE
8
BLACK
6
CONTINUOUS
10
5.5157446850393699
20
-4.071016456692913
11
5.5160327165354328
21
-4.0713044881889759
0
LINE
8
BLACK
6
CONTINUOUS
10
5.5160327165354328
20
-4.0713044881889759
11
5.5166895669291334
21
-4.0716329133858267
0
LINE
8
BLACK
6
CONTINUOUS
10
5.5166895669291334
20
-4.0716329133858267
11
5.517313228346457
21
-4.0716329133858267
0
LINE
8
BLACK
6
CONTINUOUS
10
5.517313228346457
20
-4.0716329133858267
11
5.5184218110236216
21
-4.0712633464566927
0
LINE
8
BLACK
6
CONTINUOUS
10
5.5184218110236216
20
-4.0712633464566927
11
5.5239146456692909
21
-4.0657705511811022
0
LINE
8
BLACK
6
CONTINUOUS
10
5.5239146456692909
20
-4.0657705511811022
11
5.5244714173228342
21
-4.0655399212598429
0
LINE
8
BLACK
6
CONTINUOUS
10
5.5244714173228342
20
-4.0655399212598429
11
5.5250281889763775
21
-4.0657705511811022
0
LINE
8
BLACK
6
CONTINUOUS
10
5.5250281889763775
20
-4.0568654330708664
11
5.5252588188976377
21
-4.0574222047244097
0
LINE
8
BLACK
6
CONTINUOUS
10
5.5252588188976377
20
-4.0574222047244097
11
5.5252588188976377
21
-4.0630464960629924
0
LINE
8
BLACK
6
CONTINUOUS
10
5.5252588188976377
20
-4.0630464960629924
11
5.5250281889763775
21
-4.0636032677165357
0
LINE
8
BLACK
6
CONTINUOUS
10
5.5250281889763775
20
-4.0636032677165357
11
5.5244714173228342
21
-4.063833897637795
0
LINE
8
BLACK
6
CONTINUOUS
10
5.5244714173228342
20
-4.063833897637795
11
5.5239146456692909
21
-4.0636032677165357
0
LINE
8
BLACK
6
CONTINUOUS
10
5.5239146456692909
20
-4.0636032677165357
11
5.5236840157480316
21
-4.0630464960629924
0
LINE
8
BLACK
6
CONTINUOUS
10
5.5236840157480316
20
-4.0630464960629924
11
5.5236840157480316
21
-4.0610217322834643
0
LINE
8
BLACK
6
CONTINUOUS
10
5.5236840157480316
20
-4.0610217322834643
11
5.5146288976377953
21
-4.0610217322834643
0
LINE
8
BLACK
6
CONTINUOUS
10
5.5146288976377953
20
-4.0610217322834643
11
5.5145539370078742
21
-4.0609906692913382
0
LINE
8
BLACK
6
CONTINUOUS
10
5.5145539370078742
20
-4.0609906692913382
11
5.5144744488188975
21
-4.0610064173228348
0
LINE
8
BLACK
6
CONTINUOUS
10
5.5144744488188975
20
-4.0610064173228348
11
5.5142839370078738
21
-4.0608788188976375
0
LINE
8
BLACK
6
CONTINUOUS
10
5.5142839370078738
20
-4.0608788188976375
11
5.514072125984252
21
-4.060791102362205
0
LINE
8
BLACK
6
CONTINUOUS
10
5.514072125984252
20
-4.060791102362205
11
5.5140411023622047
21
-4.0607161811023618
0
LINE
8
BLACK
6
CONTINUOUS
10
5.5140411023622047
20
-4.0607161811023618
11
5.5139737401574802
21
-4.0606711023622051
0
LINE
8
BLACK
6
CONTINUOUS
10
5.5139737401574802
20
-4.0606711023622051
11
5.5139292519685039
21
-4.0604461811023622
0
LINE
8
BLACK
6
CONTINUOUS
10
5.5139292519685039
20
-4.0604461811023622
11
5.5138414960629918
21
-4.0602343307086617
0
LINE
8
BLACK
6
CONTINUOUS
10
5.5138414960629918
20
-4.0602343307086617
11
5.5138725196850391
21
-4.0601593700787397
0
LINE
8
BLACK
6
CONTINUOUS
10
5.5138725196850391
20
-4.0601593700787397
11
5.5138568110236221
21
-4.0600798818897639
0
LINE
8
BLACK
6
CONTINUOUS
10
5.5138568110236221
20
-4.0600798818897639
11
5.5139843700787399
21
-4.0598893700787402
0
LINE
8
BLACK
6
CONTINUOUS
10
5.5139843700787399
20
-4.0598893700787402
11
5.514072125984252
21
-4.0596775590551184
0
LINE
8
BLACK
6
CONTINUOUS
10
5.514072125984252
20
-4.0596775590551184
11
5.5141470078740156
21
-4.0596465354330711
0
LINE
8
BLACK
6
CONTINUOUS
10
5.5141470078740156
20
-4.0596465354330711
11
5.5141921259842519
21
-4.0595791732283466
0
LINE
8
BLACK
6
CONTINUOUS
10
5.5141921259842519
20
-4.0595791732283466
11
5.5155333070866144
21
-4.0586850787401572
0
LINE
8
BLACK
6
CONTINUOUS
10
5.5155333070866144
20
-4.0586850787401572
11
5.5163251968503939
21
-4.0578931496062989
0
LINE
8
BLACK
6
CONTINUOUS
10
5.5163251968503939
20
-4.0578931496062989
11
5.5167367716535436
21
-4.057070078740157
0
LINE
8
BLACK
6
CONTINUOUS
10
5.5167367716535436
20
-4.057070078740157
11
5.5171920866141733
21
-4.0566752362204728
0
LINE
8
BLACK
6
CONTINUOUS
10
5.5171920866141733
20
-4.0566752362204728
11
5.5177931889763778
21
-4.0567179527559052
0
LINE
8
BLACK
6
CONTINUOUS
10
5.5177931889763778
20
-4.0567179527559052
11
5.518188031496063
21
-4.057173228346457
0
LINE
8
BLACK
6
CONTINUOUS
10
5.518188031496063
20
-4.057173228346457
11
5.5181453149606297
21
-4.0577743700787403
0
LINE
8
BLACK
6
CONTINUOUS
10
5.5181453149606297
20
-4.0577743700787403
11
5.5176766141732285
21
-4.0587117322834647
0
LINE
8
BLACK
6
CONTINUOUS
10
5.5176766141732285
20
-4.0587117322834647
11
5.5175787401574805
21
-4.0587965748031491
0
LINE
8
BLACK
6
CONTINUOUS
10
5.5175787401574805
20
-4.0587965748031491
11
5.517529173228346
21
-4.0589163385826774
0
LINE
8
BLACK
6
CONTINUOUS
10
5.517529173228346
20
-4.0589163385826774
11
5.5169985826771653
21
-4.0594469291338582
0
LINE
8
BLACK
6
CONTINUOUS
10
5.5169985826771653
20
-4.0594469291338582
11
5.5236840157480316
21
-4.0594469291338582
0
LINE
8
BLACK
6
CONTINUOUS
10
5.5236840157480316
20
-4.0594469291338582
11
5.5236840157480316
21
-4.0574222047244097
0
LINE
8
BLACK
6
CONTINUOUS
10
5.5236840157480316
20
-4.0574222047244097
11
5.5239146456692909
21
-4.0568654330708664
0
LINE
8
BLACK
6
CONTINUOUS
10
5.5239146456692909
20
-4.0568654330708664
11
5.5244714173228342
21
-4.0566348031496062
0
LINE
8
BLACK
6
CONTINUOUS
10
5.5244714173228342
20
-4.0566348031496062
11
5.5250281889763775
21
-4.0568654330708664
0
LINE
8
BLACK
6
CONTINUOUS
10
5.5203453937007874
20
-4.046830472440945
11
5.5204441338582679
21
-4.0468157874015747
0
LINE
8
BLACK
6
CONTINUOUS
10
5.5204441338582679
20
-4.0468157874015747
11
5.5223188976377955
21
-4.0472844488188979
0
LINE
8
BLACK
6
CONTINUOUS
10
5.5223188976377955
20
-4.0472844488188979
11
5.522390748031496
21
-4.0473376771653546
0
LINE
8
BLACK
6
CONTINUOUS
10
5.522390748031496
20
-4.0473376771653546
11
5.5224800787401573
21
-4.0473440551181099
0
LINE
8
BLACK
6
CONTINUOUS
10
5.5224800787401573
20
-4.0473440551181099
11
5.5234174803149605
21
-4.0478127559055119
0
LINE
8
BLACK
6
CONTINUOUS
10
5.5234174803149605
20
-4.0478127559055119
11
5.5235024015748033
21
-4.0479106692913387
0
LINE
8
BLACK
6
CONTINUOUS
10
5.5235024015748033
20
-4.0479106692913387
11
5.523622125984252
21
-4.047960275590551
0
LINE
8
BLACK
6
CONTINUOUS
10
5.523622125984252
20
-4.047960275590551
11
5.5245595275590551
21
-4.0488976771653542
0
LINE
8
BLACK
6
CONTINUOUS
10
5.5245595275590551
20
-4.0488976771653542
11
5.5246296456692914
21
-4.0490670078740161
0
LINE
8
BLACK
6
CONTINUOUS
10
5.5246296456692914
20
-4.0490670078740161
11
5.5247497637795275
21
-4.0492054724409448
0
LINE
8
BLACK
6
CONTINUOUS
10
5.5247497637795275
20
-4.0492054724409448
11
5.5252184251968499
21
-4.0506115354330712
0
LINE
8
BLACK
6
CONTINUOUS
10
5.5252184251968499
20
-4.0506115354330712
11
5.5252092125984253
21
-4.0507407874015744
0
LINE
8
BLACK
6
CONTINUOUS
10
5.5252092125984253
20
-4.0507407874015744
11
5.5252588188976377
21
-4.0508605118110239
0
LINE
8
BLACK
6
CONTINUOUS
10
5.5252588188976377
20
-4.0508605118110239
11
5.5252588188976377
21
-4.0517978740157483
0
LINE
8
BLACK
6
CONTINUOUS
10
5.5252588188976377
20
-4.0517978740157483
11
5.5252092125984253
21
-4.0519175590551182
0
LINE
8
BLACK
6
CONTINUOUS
10
5.5252092125984253
20
-4.0519175590551182
11
5.5252184251968499
21
-4.052046850393701
0
LINE
8
BLACK
6
CONTINUOUS
10
5.5252184251968499
20
-4.052046850393701
11
5.5247497637795275
21
-4.0534529527559053
0
LINE
8
BLACK
6
CONTINUOUS
10
5.5247497637795275
20
-4.0534529527559053
11
5.5246296456692914
21
-4.0535914173228349
0
LINE
8
BLACK
6
CONTINUOUS
10
5.5246296456692914
20
-4.0535914173228349
11
5.5245595275590551
21
-4.0537607480314959
0
LINE
8
BLACK
6
CONTINUOUS
10
5.5245595275590551
20
-4.0537607480314959
11
5.5240908267716531
21
-4.0542294488188979
0
LINE
8
BLACK
6
CONTINUOUS
10
5.5240908267716531
20
-4.0542294488188979
11
5.523534015748031
21
-4.0544600393700785
0
LINE
8
BLACK
6
CONTINUOUS
10
5.523534015748031
20
-4.0544600393700785
11
5.5229772440944878
21
-4.0542294094488192
0
LINE
8
BLACK
6
CONTINUOUS
10
5.5229772440944878
20
-4.0542294094488192
11
5.5227466535433072
21
-4.0536725984251971
0
LINE
8
BLACK
6
CONTINUOUS
10
5.5227466535433072
20
-4.0536725984251971
11
5.5229772834645665
21
-4.0531158267716538
0
LINE
8
BLACK
6
CONTINUOUS
10
5.5229772834645665
20
-4.0531158267716538
11
5.5233145275590552
21
-4.0527786220472439
0
LINE
8
BLACK
6
CONTINUOUS
10
5.5233145275590552
20
-4.0527786220472439
11
5.5236840157480316
21
-4.0516700787401572
0
LINE
8
BLACK
6
CONTINUOUS
10
5.5236840157480316
20
-4.0516700787401572
11
5.5236840157480316
21
-4.0509883070866142
0
LINE
8
BLACK
6
CONTINUOUS
10
5.5236840157480316
20
-4.0509883070866142
11
5.5233144881889764
21
-4.0498797244094487
0
LINE
8
BLACK
6
CONTINUOUS
10
5.5233144881889764
20
-4.0498797244094487
11
5.5225989370078743
21
-4.0491641732283465
0
LINE
8
BLACK
6
CONTINUOUS
10
5.5225989370078743
20
-4.0491641732283465
11
5.5218531102362203
21
-4.0487912598425195
0
LINE
8
BLACK
6
CONTINUOUS
10
5.5218531102362203
20
-4.0487912598425195
11
5.5201562598425191
21
-4.0483670866141734
0
LINE
8
BLACK
6
CONTINUOUS
10
5.5201562598425191
20
-4.0483670866141734
11
5.5189440551181104
21
-4.0483670866141734
0
LINE
8
BLACK
6
CONTINUOUS
10
5.5189440551181104
20
-4.0483670866141734
11
5.5172472047244092
21
-4.0487912598425195
0
LINE
8
BLACK
6
CONTINUOUS
10
5.5172472047244092
20
-4.0487912598425195
11
5.5165014173228348
21
-4.0491641732283465
0
LINE
8
BLACK
6
CONTINUOUS
10
5.5165014173228348
20
-4.0491641732283465
11
5.5157858267716531
21
-4.0498797244094487
0
LINE
8
BLACK
6
CONTINUOUS
10
5.5157858267716531
20
-4.0498797244094487
11
5.5154162992125979
21
-4.0509883464566929
0
LINE
8
BLACK
6
CONTINUOUS
10
5.5154162992125979
20
-4.0509883464566929
11
5.5154162992125979
21
-4.0516700393700784
0
LINE
8
BLACK
6
CONTINUOUS
10
5.5154162992125979
20
-4.0516700393700784
11
5.5157857874015743
21
-4.0527785826771652
0
LINE
8
BLACK
6
CONTINUOUS
10
5.5157857874015743
20
-4.0527785826771652
11
5.5161230708661417
21
-4.0531158661417326
0
LINE
8
BLACK
6
CONTINUOUS
10
5.5161230708661417
20
-4.0531158661417326
11
5.5163537007874011
21
-4.0536726377952759
0
LINE
8
BLACK
6
CONTINUOUS
10
5.5163537007874011
20
-4.0536726377952759
11
5.5161231102362205
21
-4.0542294094488192
0
LINE
8
BLACK
6
CONTINUOUS
10
5.5161231102362205
20
-4.0542294094488192
11
5.5155663385826772
21
-4.0544600393700785
0
LINE
8
BLACK
6
CONTINUOUS
10
5.5155663385826772
20
-4.0544600393700785
11
5.5150095669291339
21
-4.0542294488188979
0
LINE
8
BLACK
6
CONTINUOUS
10
5.5150095669291339
20
-4.0542294488188979
11
5.5145408267716531
21
-4.0537607874015746
0
LINE
8
BLACK
6
CONTINUOUS
10
5.5145408267716531
20
-4.0537607874015746
11
5.5144706692913381
21
-4.0535914173228349
0
LINE
8
BLACK
6
CONTINUOUS
10
5.5144706692913381
20
-4.0535914173228349
11
5.5143505905511807
21
-4.0534529921259841
0
LINE
8
BLACK
6
CONTINUOUS
10
5.5143505905511807
20
-4.0534529921259841
11
5.5138818897637796
21
-4.0520468897637798
0
LINE
8
BLACK
6
CONTINUOUS
10
5.5138818897637796
20
-4.0520468897637798
11
5.5138910629921263
21
-4.0519175590551182
0
LINE
8
BLACK
6
CONTINUOUS
10
5.5138910629921263
20
-4.0519175590551182
11
5.5138414960629918
21
-4.0517978740157483
0
LINE
8
BLACK
6
CONTINUOUS
10
5.5138414960629918
20
-4.0517978740157483
11
5.5138414960629918
21
-4.0508605118110239
0
LINE
8
BLACK
6
CONTINUOUS
10
5.5138414960629918
20
-4.0508605118110239
11
5.5138910629921263
21
-4.0507407874015744
0
LINE
8
BLACK
6
CONTINUOUS
10
5.5138910629921263
20
-4.0507407874015744
11
5.5138818897637796
21
-4.0506114960629924
0
LINE
8
BLACK
6
CONTINUOUS
10
5.5138818897637796
20
-4.0506114960629924
11
5.5143505905511807
21
-4.049205433070866
0
LINE
8
BLACK
6
CONTINUOUS
10
5.5143505905511807
20
-4.049205433070866
11
5.5144706692913381
21
-4.0490669291338586
0
LINE
8
BLACK
6
CONTINUOUS
10
5.5144706692913381
20
-4.0490669291338586
11
5.5145408267716531
21
-4.0488976771653542
0
LINE
8
BLACK
6
CONTINUOUS
10
5.5145408267716531
20
-4.0488976771653542
11
5.5154782283464563
21
-4.047960275590551
0
LINE
8
BLACK
6
CONTINUOUS
10
5.5154782283464563
20
-4.047960275590551
11
5.5155979133858271
21
-4.0479106692913387
0
LINE
8
BLACK
6
CONTINUOUS
10
5.5155979133858271
20
-4.0479106692913387
11
5.515682834645669
21
-4.0478127952755907
0
LINE
8
BLACK
6
CONTINUOUS
10
5.515682834645669
20
-4.0478127952755907
11
5.5166201968503934
21
-4.0473440944881887
0
LINE
8
BLACK
6
CONTINUOUS
10
5.5166201968503934
20
-4.0473440944881887
11
5.5167094488188972
21
-4.0473377165354334
0
LINE
8
BLACK
6
CONTINUOUS
10
5.5167094488188972
20
-4.0473377165354334
11
5.5167814173228349
21
-4.0472844488188979
0
LINE
8
BLACK
6
CONTINUOUS
10
5.5167814173228349
20
-4.0472844488188979
11
5.5186561417322837
21
-4.0468157874015747
0
LINE
8
BLACK
6
CONTINUOUS
10
5.5186561417322837
20
-4.0468157874015747
11
5.5187548818897634
21
-4.046830472440945
0
LINE
8
BLACK
6
CONTINUOUS
10
5.5187548818897634
20
-4.046830472440945
11
5.5188471259842515
21
-4.0467922834645664
0
LINE
8
BLACK
6
CONTINUOUS
10
5.5188471259842515
20
-4.0467922834645664
11
5.520253188976378
21
-4.0467922834645664
0
LINE
8
BLACK
6
CONTINUOUS
10
5.520253188976378
20
-4.0467922834645664
11
5.5203453937007874
21
-4.046830472440945
0
LINE
8
BLACK
6
CONTINUOUS
10
5.5298425196850394
20
-4.0383464566929135
11
5.5312344488188971
21
-4.0389230314960631
0
LINE
8
BLACK
6
CONTINUOUS
10
5.5312344488188971
20
-4.0389230314960631
11
5.5318110236220468
21
-4.0403149606299209
0
LINE
8
BLACK
6
CONTINUOUS
10
5.5318110236220468
20
-4.0403149606299209
11
5.5318110236220468
21
-4.0796850393700783
0
LINE
8
BLACK
6
CONTINUOUS
10
5.5318110236220468
20
-4.0796850393700783
11
5.5312344488188971
21
-4.081076968503937
0
LINE
8
BLACK
6
CONTINUOUS
10
5.5312344488188971
20
-4.081076968503937
11
5.5298425196850394
21
-4.0816535433070866
0
LINE
8
BLACK
6
CONTINUOUS
10
5.5298425196850394
20
-4.0816535433070866
11
5.5101574803149607
21
-4.0816535433070866
0
LINE
8
BLACK
6
CONTINUOUS
10
5.5101574803149607
20
-4.0816535433070866
11
5.508765551181102
21
-4.081076968503937
0
LINE
8
BLACK
6
CONTINUOUS
10
5.508765551181102
20
-4.081076968503937
11
5.5081889763779524
21
-4.0796850393700783
0
LINE
8
BLACK
6
CONTINUOUS
10
5.5081889763779524
20
-4.0796850393700783
11
5.5081889763779524
21
-4.0403149606299209
0
LINE
8
BLACK
6
CONTINUOUS
10
5.5081889763779524
20
-4.0403149606299209
11
5.508765551181102
21
-4.0389230314960631
0
LINE
8
BLACK
6
CONTINUOUS
10
5.508765551181102
20
-4.0389230314960631
11
5.5101574803149607
21
-4.0383464566929135
0
LINE
8
BLACK
6
CONTINUOUS
10
5.5101574803149607
20
-4.0383464566929135
11
5.5298425196850394
21
-4.0383464566929135
0
LINE
8
BLACK
6
CONTINUOUS
10
5.5121259842519681
20
-4.0422834645669292
11
5.5121259842519681
21
-4.0777165354330709
0
LINE
8
BLACK
6
CONTINUOUS
10
5.5121259842519681
20
-4.0777165354330709
11
5.5278740157480311
21
-4.0777165354330709
0
LINE
8
BLACK
6
CONTINUOUS
10
5.5278740157480311
20
-4.0777165354330709
11
5.5278740157480311
21
-4.0422834645669292
0
LINE
8
BLACK
6
CONTINUOUS
10
5.5278740157480311
20
-4.0422834645669292
11
5.5121259842519681
21
-4.0422834645669292
0
LINE
8
BLACK
6
CONTINUOUS
10
5.5752103149606294
20
-4.0566366929133855
11
5.5754409448818896
21
-4.0571934645669288
0
LINE
8
BLACK
6
CONTINUOUS
10
5.5754409448818896
20
-4.0571934645669288
11
5.5754409448818896
21
-4.0630427559055118
0
LINE
8
BLACK
6
CONTINUOUS
10
5.5754409448818896
20
-4.0630427559055118
11
5.5752103149606294
21
-4.0635995275590551
0
LINE
8
BLACK
6
CONTINUOUS
10
5.5752103149606294
20
-4.0635995275590551
11
5.5746535433070861
21
-4.0638301574803153
0
LINE
8
BLACK
6
CONTINUOUS
10
5.5746535433070861
20
-4.0638301574803153
11
5.5740967716535428
21
-4.0635995275590551
0
LINE
8
BLACK
6
CONTINUOUS
10
5.5740967716535428
20
-4.0635995275590551
11
5.5738661417322835
21
-4.0630427559055118
0
LINE
8
BLACK
6
CONTINUOUS
10
5.5738661417322835
20
-4.0630427559055118
11
5.5738661417322835
21
-4.0609055118110238
0
LINE
8
BLACK
6
CONTINUOUS
10
5.5738661417322835
20
-4.0609055118110238
11
5.5644173228346459
21
-4.0609055118110238
0
LINE
8
BLACK
6
CONTINUOUS
10
5.5644173228346459
20
-4.0609055118110238
11
5.5643423622047239
21
-4.0608744488188977
0
LINE
8
BLACK
6
CONTINUOUS
10
5.5643423622047239
20
-4.0608744488188977
11
5.5642629133858268
21
-4.0608901968503934
0
LINE
8
BLACK
6
CONTINUOUS
10
5.5642629133858268
20
-4.0608901968503934
11
5.5640724409448818
21
-4.0607626377952757
0
LINE
8
BLACK
6
CONTINUOUS
10
5.5640724409448818
20
-4.0607626377952757
11
5.5638605511811026
21
-4.0606748818897636
0
LINE
8
BLACK
6
CONTINUOUS
10
5.5638605511811026
20
-4.0606748818897636
11
5.5638295275590552
21
-4.0605999606299212
0
LINE
8
BLACK
6
CONTINUOUS
10
5.5638295275590552
20
-4.0605999606299212
11
5.5637621653543308
21
-4.0605548818897637
0
LINE
8
BLACK
6
CONTINUOUS
10
5.5637621653543308
20
-4.0605548818897637
11
5.5637176771653545
21
-4.0603299606299208
0
LINE
8
BLACK
6
CONTINUOUS
10
5.5637176771653545
20
-4.0603299606299208
11
5.5636299212598423
21
-4.0601181102362203
0
LINE
8
BLACK
6
CONTINUOUS
10
5.5636299212598423
20
-4.0601181102362203
11
5.5636609448818897
21
-4.0600431496062992
0
LINE
8
BLACK
6
CONTINUOUS
10
5.5636609448818897
20
-4.0600431496062992
11
5.5636452362204727
21
-4.0599637007874012
0
LINE
8
BLACK
6
CONTINUOUS
10
5.5636452362204727
20
-4.0599637007874012
11
5.5637727559055117
21
-4.0597732283464563
0
LINE
8
BLACK
6
CONTINUOUS
10
5.5637727559055117
20
-4.0597732283464563
11
5.5638605511811026
21
-4.059561338582677
0
LINE
8
BLACK
6
CONTINUOUS
10
5.5638605511811026
20
-4.059561338582677
11
5.5639354330708661
21
-4.0595303149606297
0
LINE
8
BLACK
6
CONTINUOUS
10
5.5639354330708661
20
-4.0595303149606297
11
5.5639805511811025
21
-4.0594629527559052
0
LINE
8
BLACK
6
CONTINUOUS
10
5.5639805511811025
20
-4.0594629527559052
11
5.5653780314960626
21
-4.0585312992125981
0
LINE
8
BLACK
6
CONTINUOUS
10
5.5653780314960626
20
-4.0585312992125981
11
5.5662073622047243
21
-4.0577019291338585
0
LINE
8
BLACK
6
CONTINUOUS
10
5.5662073622047243
20
-4.0577019291338585
11
5.5666377165354328
21
-4.0568413385826769
0
LINE
8
BLACK
6
CONTINUOUS
10
5.5666377165354328
20
-4.0568413385826769
11
5.5670929921259837
21
-4.056446456692913
0
LINE
8
BLACK
6
CONTINUOUS
10
5.5670929921259837
20
-4.056446456692913
11
5.5676940944881892
21
-4.0564891732283463
0
LINE
8
BLACK
6
CONTINUOUS
10
5.5676940944881892
20
-4.0564891732283463
11
5.5680889763779522
21
-4.0569444488188973
0
LINE
8
BLACK
6
CONTINUOUS
10
5.5680889763779522
20
-4.0569444488188973
11
5.5680462598425198
21
-4.0575455905511806
0
LINE
8
BLACK
6
CONTINUOUS
10
5.5680462598425198
20
-4.0575455905511806
11
5.5675588188976377
21
-4.0585204724409447
0
LINE
8
BLACK
6
CONTINUOUS
10
5.5675588188976377
20
-4.0585204724409447
11
5.5674608661417322
21
-4.0586053543307088
0
LINE
8
BLACK
6
CONTINUOUS
10
5.5674608661417322
20
-4.0586053543307088
11
5.5674112992125986
21
-4.0587251181102362
0
LINE
8
BLACK
6
CONTINUOUS
10
5.5674112992125986
20
-4.0587251181102362
11
5.5668057086614171
21
-4.0593307086614177
0
LINE
8
BLACK
6
CONTINUOUS
10
5.5668057086614171
20
-4.0593307086614177
11
5.5738661417322835
21
-4.0593307086614177
0
LINE
8
BLACK
6
CONTINUOUS
10
5.5738661417322835
20
-4.0593307086614177
11
5.5738661417322835
21
-4.0571934645669288
0
LINE
8
BLACK
6
CONTINUOUS
10
5.5738661417322835
20
-4.0571934645669288
11
5.5740967716535428
21
-4.0566366929133855
0
LINE
8
BLACK
6
CONTINUOUS
10
5.5740967716535428
20
-4.0566366929133855
11
5.5746535433070861
21
-4.0564060629921261
0
LINE
8
BLACK
6
CONTINUOUS
10
5.5746535433070861
20
-4.0564060629921261
11
5.5752103149606294
21
-4.0566366929133855
0
LINE
8
BLACK
6
CONTINUOUS
10
5.5752103149606294
20
-4.0468879133858264
11
5.5754409448818896
21
-4.0474446850393697
0
LINE
8
BLACK
6
CONTINUOUS
10
5.5754409448818896
20
-4.0474446850393697
11
5.5752103149606294
21
-4.048001456692913
0
LINE
8
BLACK
6
CONTINUOUS
10
5.5752103149606294
20
-4.048001456692913
11
5.5746535433070861
21
-4.0482320866141732
0
LINE
8
BLACK
6
CONTINUOUS
10
5.5746535433070861
20
-4.0482320866141732
11
5.5705665748031494
21
-4.0482320866141732
0
LINE
8
BLACK
6
CONTINUOUS
10
5.5705665748031494
20
-4.0482320866141732
11
5.5705665748031494
21
-4.0494718897637796
0
LINE
8
BLACK
6
CONTINUOUS
10
5.5705665748031494
20
-4.0494718897637796
11
5.575105118110236
21
-4.0526489370078735
0
LINE
8
BLACK
6
CONTINUOUS
10
5.575105118110236
20
-4.0526489370078735
11
5.5754289763779523
21
-4.0531571653543308
0
LINE
8
BLACK
6
CONTINUOUS
10
5.5754289763779523
20
-4.0531571653543308
11
5.575298622047244
21
-4.0537455511811027
0
LINE
8
BLACK
6
CONTINUOUS
10
5.575298622047244
20
-4.0537455511811027
11
5.5747903937007877
21
-4.054069409448819
0
LINE
8
BLACK
6
CONTINUOUS
10
5.5747903937007877
20
-4.054069409448819
11
5.5742020078740158
21
-4.0539390551181098
0
LINE
8
BLACK
6
CONTINUOUS
10
5.5742020078740158
20
-4.0539390551181098
11
5.5705505118110237
21
-4.0513829527559055
0
LINE
8
BLACK
6
CONTINUOUS
10
5.5705505118110237
20
-4.0513829527559055
11
5.5704964566929132
21
-4.0515134645669288
0
LINE
8
BLACK
6
CONTINUOUS
10
5.5704964566929132
20
-4.0515134645669288
11
5.5704834645669292
21
-4.0516963385826772
0
LINE
8
BLACK
6
CONTINUOUS
10
5.5704834645669292
20
-4.0516963385826772
11
5.5699960236220472
21
-4.0526712204724404
0
LINE
8
BLACK
6
CONTINUOUS
10
5.5699960236220472
20
-4.0526712204724404
11
5.5698980708661416
21
-4.0527561023622045
0
LINE
8
BLACK
6
CONTINUOUS
10
5.5698980708661416
20
-4.0527561023622045
11
5.569848503937008
21
-4.0528758661417319
0
LINE
8
BLACK
6
CONTINUOUS
10
5.569848503937008
20
-4.0528758661417319
11
5.569361062992126
21
-4.053363307086614
0
LINE
8
BLACK
6
CONTINUOUS
10
5.569361062992126
20
-4.053363307086614
11
5.5692412992125986
21
-4.0534128740157476
0
LINE
8
BLACK
6
CONTINUOUS
10
5.5692412992125986
20
-4.0534128740157476
11
5.5691564173228345
21
-4.0535107874015743
0
LINE
8
BLACK
6
CONTINUOUS
10
5.5691564173228345
20
-4.0535107874015743
11
5.5681815354330704
21
-4.0539982677165352
0
LINE
8
BLACK
6
CONTINUOUS
10
5.5681815354330704
20
-4.0539982677165352
11
5.5679987007874017
21
-4.0540112204724412
0
LINE
8
BLACK
6
CONTINUOUS
10
5.5679987007874017
20
-4.0540112204724412
11
5.5678294094488185
21
-4.0540813779527562
0
LINE
8
BLACK
6
CONTINUOUS
10
5.5678294094488185
20
-4.0540813779527562
11
5.5663670866141732
21
-4.0540813779527562
0
LINE
8
BLACK
6
CONTINUOUS
10
5.5663670866141732
20
-4.0540813779527562
11
5.5661977952755901
21
-4.05401125984252
0
LINE
8
BLACK
6
CONTINUOUS
10
5.5661977952755901
20
-4.05401125984252
11
5.5660149606299214
21
-4.0539982677165352
0
LINE
8
BLACK
6
CONTINUOUS
10
5.5660149606299214
20
-4.0539982677165352
11
5.5650400787401573
21
-4.0535108267716531
0
LINE
8
BLACK
6
CONTINUOUS
10
5.5650400787401573
20
-4.0535108267716531
11
5.5649551574803144
21
-4.0534128740157476
0
LINE
8
BLACK
6
CONTINUOUS
10
5.5649551574803144
20
-4.0534128740157476
11
5.5648354330708658
21
-4.053363307086614
0
LINE
8
BLACK
6
CONTINUOUS
10
5.5648354330708658
20
-4.053363307086614
11
5.5643479921259837
21
-4.0528758661417319
0
LINE
8
BLACK
6
CONTINUOUS
10
5.5643479921259837
20
-4.0528758661417319
11
5.5642983858267714
21
-4.0527561023622045
0
LINE
8
BLACK
6
CONTINUOUS
10
5.5642983858267714
20
-4.0527561023622045
11
5.5642005118110234
21
-4.0526712204724404
0
LINE
8
BLACK
6
CONTINUOUS
10
5.5642005118110234
20
-4.0526712204724404
11
5.5637130314960626
21
-4.0516963385826772
0
LINE
8
BLACK
6
CONTINUOUS
10
5.5637130314960626
20
-4.0516963385826772
11
5.5637000393700786
21
-4.0515135039370076
0
LINE
8
BLACK
6
CONTINUOUS
10
5.5637000393700786
20
-4.0515135039370076
11
5.5636299212598423
21
-4.0513442125984254
0
LINE
8
BLACK
6
CONTINUOUS
10
5.5636299212598423
20
-4.0513442125984254
11
5.5636299212598423
21
-4.0474446850393697
0
LINE
8
BLACK
6
CONTINUOUS
10
5.5636299212598423
20
-4.0474446850393697
11
5.5638605511811026
21
-4.0468879133858264
0
LINE
8
BLACK
6
CONTINUOUS
10
5.5638605511811026
20
-4.0468879133858264
11
5.5644173228346459
21
-4.0466572834645671
0
LINE
8
BLACK
6
CONTINUOUS
10
5.5644173228346459
20
-4.0466572834645671
11
5.5746535433070861
21
-4.0466572834645671
0
LINE
8
BLACK
6
CONTINUOUS
10
5.5746535433070861
20
-4.0466572834645671
11
5.5752103149606294
21
-4.0468879133858264
0
LINE
8
BLACK
6
CONTINUOUS
10
5.5652047244094485
20
-4.051158307086614
11
5.565551929133858
21
-4.051852716535433
0
LINE
8
BLACK
6
CONTINUOUS
10
5.565551929133858
20
-4.051852716535433
11
5.5658585826771656
21
-4.0521593700787397
0
LINE
8
BLACK
6
CONTINUOUS
10
5.5658585826771656
20
-4.0521593700787397
11
5.5665529133858263
21
-4.0525065748031492
0
LINE
8
BLACK
6
CONTINUOUS
10
5.5665529133858263
20
-4.0525065748031492
11
5.567643503937008
21
-4.0525065748031492
0
LINE
8
BLACK
6
CONTINUOUS
10
5.567643503937008
20
-4.0525065748031492
11
5.5683379133858271
21
-4.0521593700787397
0
LINE
8
BLACK
6
CONTINUOUS
10
5.5683379133858271
20
-4.0521593700787397
11
5.5686445669291338
21
-4.0518526771653542
0
LINE
8
BLACK
6
CONTINUOUS
10
5.5686445669291338
20
-4.0518526771653542
11
5.5689917716535433
21
-4.0511583464566927
0
LINE
8
BLACK
6
CONTINUOUS
10
5.5689917716535433
20
-4.0511583464566927
11
5.5689917716535433
21
-4.0482320866141732
0
LINE
8
BLACK
6
CONTINUOUS
10
5.5689917716535433
20
-4.0482320866141732
11
5.5652047244094485
21
-4.0482320866141732
0
LINE
8
BLACK
6
CONTINUOUS
10
5.5652047244094485
20
-4.0482320866141732
11
5.5652047244094485
21
-4.051158307086614
0
LINE
8
BLACK
6
CONTINUOUS
10
5.5806299212598427
20
-4.032362204724409
11
5.5820218503937005
21
-4.0329387795275586
0
LINE
8
BLACK
6
CONTINUOUS
10
5.5820218503937005
20
-4.0329387795275586
11
5.5825984251968501
21
-4.0343307086614173
0
LINE
8
BLACK
6
CONTINUOUS
10
5.5825984251968501
20
-4.0343307086614173
11
5.5825984251968501
21
-4.075669291338583
0
LINE
8
BLACK
6
CONTINUOUS
10
5.5825984251968501
20
-4.075669291338583
11
5.5820218503937005
21
-4.0770612204724408
0
LINE
8
BLACK
6
CONTINUOUS
10
5.5820218503937005
20
-4.0770612204724408
11
5.5806299212598427
21
-4.0776377952755904
0
LINE
8
BLACK
6
CONTINUOUS
10
5.5806299212598427
20
-4.0776377952755904
11
5.559370078740157
21
-4.0776377952755904
0
LINE
8
BLACK
6
CONTINUOUS
10
5.559370078740157
20
-4.0776377952755904
11
5.5579781496062992
21
-4.0770612204724408
0
LINE
8
BLACK
6
CONTINUOUS
10
5.5579781496062992
20
-4.0770612204724408
11
5.5574015748031496
21
-4.075669291338583
0
LINE
8
BLACK
6
CONTINUOUS
10
5.5574015748031496
20
-4.075669291338583
11
5.5574015748031496
21
-4.0343307086614173
0
LINE
8
BLACK
6
CONTINUOUS
10
5.5574015748031496
20
-4.0343307086614173
11
5.5579781496062992
21
-4.0329387795275586
0
LINE
8
BLACK
6
CONTINUOUS
10
5.5579781496062992
20
-4.0329387795275586
11
5.559370078740157
21
-4.032362204724409
0
LINE
8
BLACK
6
CONTINUOUS
10
5.559370078740157
20
-4.032362204724409
11
5.5806299212598427
21
-4.032362204724409
0
LINE
8
BLACK
6
CONTINUOUS
10
5.5613385826771653
20
-4.0362992125984247
11
5.5613385826771653
21
-4.0737007874015747
0
LINE
8
BLACK
6
CONTINUOUS
10
5.5613385826771653
20
-4.0737007874015747
11
5.5786614173228344
21
-4.0737007874015747
0
LINE
8
BLACK
6
CONTINUOUS
10
5.5786614173228344
20
-4.0737007874015747
11
5.5786614173228344
21
-4.0362992125984247
0
LINE
8
BLACK
6
CONTINUOUS
10
5.5786614173228344
20
-4.0362992125984247
11
5.5613385826771653
21
-4.0362992125984247
0
LINE
8
BLACK
6
CONTINUOUS
10
5.6502103149606295
20
-4.0561492519685043
11
5.6504409448818897
21
-4.0567060236220476
0
LINE
8
BLACK
6
CONTINUOUS
10
5.6504409448818897
20
-4.0567060236220476
11
5.6504409448818897
21
-4.0630427559055118
0
LINE
8
BLACK
6
CONTINUOUS
10
5.6504409448818897
20
-4.0630427559055118
11
5.6502103149606295
21
-4.0635995275590551
0
LINE
8
BLACK
6
CONTINUOUS
10
5.6502103149606295
20
-4.0635995275590551
11
5.6496535433070862
21
-4.0638301574803153
0
LINE
8
BLACK
6
CONTINUOUS
10
5.6496535433070862
20
-4.0638301574803153
11
5.649096771653543
21
-4.0635995275590551
0
LINE
8
BLACK
6
CONTINUOUS
10
5.649096771653543
20
-4.0635995275590551
11
5.6488661417322836
21
-4.0630427559055118
0
LINE
8
BLACK
6
CONTINUOUS
10
5.6488661417322836
20
-4.0630427559055118
11
5.6488661417322836
21
-4.0586069685039368
0
LINE
8
BLACK
6
CONTINUOUS
10
5.6488661417322836
20
-4.0586069685039368
11
5.6443610629921261
21
-4.063112086614173
0
LINE
8
BLACK
6
CONTINUOUS
10
5.6443610629921261
20
-4.063112086614173
11
5.6441916929133855
21
-4.0631822047244093
0
LINE
8
BLACK
6
CONTINUOUS
10
5.6441916929133855
20
-4.0631822047244093
11
5.6440532677165356
21
-4.0633023228346454
0
LINE
8
BLACK
6
CONTINUOUS
10
5.6440532677165356
20
-4.0633023228346454
11
5.6425909842519681
21
-4.0637897637795275
0
LINE
8
BLACK
6
CONTINUOUS
10
5.6425909842519681
20
-4.0637897637795275
11
5.6424616535433065
21
-4.063780551181102
0
LINE
8
BLACK
6
CONTINUOUS
10
5.6424616535433065
20
-4.063780551181102
11
5.6423419685039367
21
-4.0638301574803153
0
LINE
8
BLACK
6
CONTINUOUS
10
5.6423419685039367
20
-4.0638301574803153
11
5.6413670866141734
21
-4.0638301574803153
0
LINE
8
BLACK
6
CONTINUOUS
10
5.6413670866141734
20
-4.0638301574803153
11
5.6411977952755903
21
-4.063760039370079
0
LINE
8
BLACK
6
CONTINUOUS
10
5.6411977952755903
20
-4.063760039370079
11
5.6410149606299207
21
-4.0637470472440942
0
LINE
8
BLACK
6
CONTINUOUS
10
5.6410149606299207
20
-4.0637470472440942
11
5.6400400787401574
21
-4.0632596062992121
0
LINE
8
BLACK
6
CONTINUOUS
10
5.6400400787401574
20
-4.0632596062992121
11
5.6399551574803146
21
-4.0631616535433066
0
LINE
8
BLACK
6
CONTINUOUS
10
5.6399551574803146
20
-4.0631616535433066
11
5.639835433070866
21
-4.063112086614173
0
LINE
8
BLACK
6
CONTINUOUS
10
5.639835433070866
20
-4.063112086614173
11
5.6393479921259839
21
-4.0626246456692909
0
LINE
8
BLACK
6
CONTINUOUS
10
5.6393479921259839
20
-4.0626246456692909
11
5.6392983858267716
21
-4.0625048818897636
0
LINE
8
BLACK
6
CONTINUOUS
10
5.6392983858267716
20
-4.0625048818897636
11
5.6392005118110236
21
-4.0624199999999995
0
LINE
8
BLACK
6
CONTINUOUS
10
5.6392005118110236
20
-4.0624199999999995
11
5.6387130314960627
21
-4.0614451181102362
0
LINE
8
BLACK
6
CONTINUOUS
10
5.6387130314960627
20
-4.0614451181102362
11
5.6387000393700788
21
-4.0612622834645666
0
LINE
8
BLACK
6
CONTINUOUS
10
5.6387000393700788
20
-4.0612622834645666
11
5.6386299212598425
21
-4.0610929921259844
0
LINE
8
BLACK
6
CONTINUOUS
10
5.6386299212598425
20
-4.0610929921259844
11
5.6386299212598425
21
-4.058655787401575
0
LINE
8
BLACK
6
CONTINUOUS
10
5.6386299212598425
20
-4.058655787401575
11
5.6387000393700788
21
-4.0584864566929131
0
LINE
8
BLACK
6
CONTINUOUS
10
5.6387000393700788
20
-4.0584864566929131
11
5.6387130314960627
21
-4.0583036614173231
0
LINE
8
BLACK
6
CONTINUOUS
10
5.6387130314960627
20
-4.0583036614173231
11
5.6392005118110236
21
-4.057328779527559
0
LINE
8
BLACK
6
CONTINUOUS
10
5.6392005118110236
20
-4.057328779527559
11
5.6392983858267716
21
-4.0572438582677162
0
LINE
8
BLACK
6
CONTINUOUS
10
5.6392983858267716
20
-4.0572438582677162
11
5.6393479921259839
21
-4.0571241338582675
0
LINE
8
BLACK
6
CONTINUOUS
10
5.6393479921259839
20
-4.0571241338582675
11
5.639835433070866
21
-4.0566366929133855
0
LINE
8
BLACK
6
CONTINUOUS
10
5.639835433070866
20
-4.0566366929133855
11
5.6403922047244093
21
-4.0564060629921261
0
LINE
8
BLACK
6
CONTINUOUS
10
5.6403922047244093
20
-4.0564060629921261
11
5.6409489763779526
21
-4.0566366929133855
0
LINE
8
BLACK
6
CONTINUOUS
10
5.6409489763779526
20
-4.0566366929133855
11
5.6411796062992128
21
-4.0571934645669288
0
LINE
8
BLACK
6
CONTINUOUS
10
5.6411796062992128
20
-4.0571934645669288
11
5.6409489763779526
21
-4.057750236220472
0
LINE
8
BLACK
6
CONTINUOUS
10
5.6409489763779526
20
-4.057750236220472
11
5.6405519291338582
21
-4.0581472834645664
0
LINE
8
BLACK
6
CONTINUOUS
10
5.6405519291338582
20
-4.0581472834645664
11
5.6402047244094486
21
-4.0588416929133855
0
LINE
8
BLACK
6
CONTINUOUS
10
5.6402047244094486
20
-4.0588416929133855
11
5.6402047244094486
21
-4.060907086614173
0
LINE
8
BLACK
6
CONTINUOUS
10
5.6402047244094486
20
-4.060907086614173
11
5.6405519291338582
21
-4.061601496062992
0
LINE
8
BLACK
6
CONTINUOUS
10
5.6405519291338582
20
-4.061601496062992
11
5.6408585826771649
21
-4.0619081496062988
0
LINE
8
BLACK
6
CONTINUOUS
10
5.6408585826771649
20
-4.0619081496062988
11
5.6415529133858264
21
-4.0622553543307083
0
LINE
8
BLACK
6
CONTINUOUS
10
5.6415529133858264
20
-4.0622553543307083
11
5.6422141338582676
21
-4.0622553543307083
0
LINE
8
BLACK
6
CONTINUOUS
10
5.6422141338582676
20
-4.0622553543307083
11
5.6433789763779529
21
-4.0618670472440943
0
LINE
8
BLACK
6
CONTINUOUS
10
5.6433789763779529
20
-4.0618670472440943
11
5.649096771653543
21
-4.0561492519685043
0
LINE
8
BLACK
6
CONTINUOUS
10
5.649096771653543
20
-4.0561492519685043
11
5.6496535433070862
21
-4.0559186220472441
0
LINE
8
BLACK
6
CONTINUOUS
10
5.6496535433070862
20
-4.0559186220472441
11
5.6502103149606295
21
-4.0561492519685043
0
LINE
8
BLACK
6
CONTINUOUS
10
5.6502103149606295
20
-4.0468879133858264
11
5.6504409448818897
21
-4.0474446850393697
0
LINE
8
BLACK
6
CONTINUOUS
10
5.6504409448818897
20
-4.0474446850393697
11
5.6502103149606295
21
-4.048001456692913
0
LINE
8
BLACK
6
CONTINUOUS
10
5.6502103149606295
20
-4.048001456692913
11
5.6496535433070862
21
-4.0482320866141732
0
LINE
8
BLACK
6
CONTINUOUS
10
5.6496535433070862
20
-4.0482320866141732
11
5.6455665748031496
21
-4.0482320866141732
0
LINE
8
BLACK
6
CONTINUOUS
10
5.6455665748031496
20
-4.0482320866141732
11
5.6455665748031496
21
-4.0494718897637796
0
LINE
8
BLACK
6
CONTINUOUS
10
5.6455665748031496
20
-4.0494718897637796
11
5.6501051181102362
21
-4.0526489370078735
0
LINE
8
BLACK
6
CONTINUOUS
10
5.6501051181102362
20
-4.0526489370078735
11
5.6504289763779525
21
-4.0531571653543308
0
LINE
8
BLACK
6
CONTINUOUS
10
5.6504289763779525
20
-4.0531571653543308
11
5.6502986220472442
21
-4.0537455511811027
0
LINE
8
BLACK
6
CONTINUOUS
10
5.6502986220472442
20
-4.0537455511811027
11
5.649790393700787
21
-4.054069409448819
0
LINE
8
BLACK
6
CONTINUOUS
10
5.649790393700787
20
-4.054069409448819
11
5.6492020078740159
21
-4.0539390551181098
0
LINE
8
BLACK
6
CONTINUOUS
10
5.6492020078740159
20
-4.0539390551181098
11
5.6455505118110239
21
-4.0513829527559055
0
LINE
8
BLACK
6
CONTINUOUS
10
5.6455505118110239
20
-4.0513829527559055
11
5.6454964566929133
21
-4.0515134645669288
0
LINE
8
BLACK
6
CONTINUOUS
10
5.6454964566929133
20
-4.0515134645669288
11
5.6454834645669294
21
-4.0516963385826772
0
LINE
8
BLACK
6
CONTINUOUS
10
5.6454834645669294
20
-4.0516963385826772
11
5.6449960236220473
21
-4.0526712204724404
0
LINE
8
BLACK
6
CONTINUOUS
10
5.6449960236220473
20
-4.0526712204724404
11
5.6448980708661418
21
-4.0527561023622045
0
LINE
8
BLACK
6
CONTINUOUS
10
5.6448980708661418
20
-4.0527561023622045
11
5.6448485039370073
21
-4.0528758661417319
0
LINE
8
BLACK
6
CONTINUOUS
10
5.6448485039370073
20
-4.0528758661417319
11
5.6443610629921261
21
-4.053363307086614
0
LINE
8
BLACK
6
CONTINUOUS
10
5.6443610629921261
20
-4.053363307086614
11
5.6442412992125979
21
-4.0534128740157476
0
LINE
8
BLACK
6
CONTINUOUS
10
5.6442412992125979
20
-4.0534128740157476
11
5.6441564173228347
21
-4.0535107874015743
0
LINE
8
BLACK
6
CONTINUOUS
10
5.6441564173228347
20
-4.0535107874015743
11
5.6431815354330706
21
-4.0539982677165352
0
LINE
8
BLACK
6
CONTINUOUS
10
5.6431815354330706
20
-4.0539982677165352
11
5.6429987007874018
21
-4.0540112204724412
0
LINE
8
BLACK
6
CONTINUOUS
10
5.6429987007874018
20
-4.0540112204724412
11
5.6428294094488187
21
-4.0540813779527562
0
LINE
8
BLACK
6
CONTINUOUS
10
5.6428294094488187
20
-4.0540813779527562
11
5.6413670866141734
21
-4.0540813779527562
0
LINE
8
BLACK
6
CONTINUOUS
10
5.6413670866141734
20
-4.0540813779527562
11
5.6411977952755903
21
-4.05401125984252
0
LINE
8
BLACK
6
CONTINUOUS
10
5.6411977952755903
20
-4.05401125984252
11
5.6410149606299207
21
-4.0539982677165352
0
LINE
8
BLACK
6
CONTINUOUS
10
5.6410149606299207
20
-4.0539982677165352
11
5.6400400787401574
21
-4.0535108267716531
0
LINE
8
BLACK
6
CONTINUOUS
10
5.6400400787401574
20
-4.0535108267716531
11
5.6399551574803146
21
-4.0534128740157476
0
LINE
8
BLACK
6
CONTINUOUS
10
5.6399551574803146
20
-4.0534128740157476
11
5.639835433070866
21
-4.053363307086614
0
LINE
8
BLACK
6
CONTINUOUS
10
5.639835433070866
20
-4.053363307086614
11
5.6393479921259839
21
-4.0528758661417319
0
LINE
8
BLACK
6
CONTINUOUS
10
5.6393479921259839
20
-4.0528758661417319
11
5.6392983858267716
21
-4.0527561023622045
0
LINE
8
BLACK
6
CONTINUOUS
10
5.6392983858267716
20
-4.0527561023622045
11
5.6392005118110236
21
-4.0526712204724404
0
LINE
8
BLACK
6
CONTINUOUS
10
5.6392005118110236
20
-4.0526712204724404
11
5.6387130314960627
21
-4.0516963385826772
0
LINE
8
BLACK
6
CONTINUOUS
10
5.6387130314960627
20
-4.0516963385826772
11
5.6387000393700788
21
-4.0515135039370076
0
LINE
8
BLACK
6
CONTINUOUS
10
5.6387000393700788
20
-4.0515135039370076
11
5.6386299212598425
21
-4.0513442125984254
0
LINE
8
BLACK
6
CONTINUOUS
10
5.6386299212598425
20
-4.0513442125984254
11
5.6386299212598425
21
-4.0474446850393697
0
LINE
8
BLACK
6
CONTINUOUS
10
5.6386299212598425
20
-4.0474446850393697
11
5.6388605511811019
21
-4.0468879133858264
0
LINE
8
BLACK
6
CONTINUOUS
10
5.6388605511811019
20
-4.0468879133858264
11
5.6394173228346451
21
-4.0466572834645671
0
LINE
8
BLACK
6
CONTINUOUS
10
5.6394173228346451
20
-4.0466572834645671
11
5.6496535433070862
21
-4.0466572834645671
0
LINE
8
BLACK
6
CONTINUOUS
10
5.6496535433070862
20
-4.0466572834645671
11
5.6502103149606295
21
-4.0468879133858264
0
LINE
8
BLACK
6
CONTINUOUS
10
5.6402047244094486
20
-4.051158307086614
11
5.6405519291338582
21
-4.051852716535433
0
LINE
8
BLACK
6
CONTINUOUS
10
5.6405519291338582
20
-4.051852716535433
11
5.6408585826771649
21
-4.0521593700787397
0
LINE
8
BLACK
6
CONTINUOUS
10
5.6408585826771649
20
-4.0521593700787397
11
5.6415529133858264
21
-4.0525065748031492
0
LINE
8
BLACK
6
CONTINUOUS
10
5.6415529133858264
20
-4.0525065748031492
11
5.6426435039370073
21
-4.0525065748031492
0
LINE
8
BLACK
6
CONTINUOUS
10
5.6426435039370073
20
-4.0525065748031492
11
5.6433379133858264
21
-4.0521593700787397
0
LINE
8
BLACK
6
CONTINUOUS
10
5.6433379133858264
20
-4.0521593700787397
11
5.643644566929134
21
-4.0518526771653542
0
LINE
8
BLACK
6
CONTINUOUS
10
5.643644566929134
20
-4.0518526771653542
11
5.6439917716535435
21
-4.0511583464566927
0
LINE
8
BLACK
6
CONTINUOUS
10
5.6439917716535435
20
-4.0511583464566927
11
5.6439917716535435
21
-4.0482320866141732
0
LINE
8
BLACK
6
CONTINUOUS
10
5.6439917716535435
20
-4.0482320866141732
11
5.6402047244094486
21
-4.0482320866141732
0
LINE
8
BLACK
6
CONTINUOUS
10
5.6402047244094486
20
-4.0482320866141732
11
5.6402047244094486
21
-4.051158307086614
0
LINE
8
BLACK
6
CONTINUOUS
10
5.655629921259842
20
-4.032362204724409
11
5.6570218503937006
21
-4.0329387795275586
0
LINE
8
BLACK
6
CONTINUOUS
10
5.6570218503937006
20
-4.0329387795275586
11
5.6575984251968503
21
-4.0343307086614173
0
LINE
8
BLACK
6
CONTINUOUS
10
5.6575984251968503
20
-4.0343307086614173
11
5.6575984251968503
21
-4.075669291338583
0
LINE
8
BLACK
6
CONTINUOUS
10
5.6575984251968503
20
-4.075669291338583
11
5.6570218503937006
21
-4.0770612204724408
0
LINE
8
BLACK
6
CONTINUOUS
10
5.6570218503937006
20
-4.0770612204724408
11
5.655629921259842
21
-4.0776377952755904
0
LINE
8
BLACK
6
CONTINUOUS
10
5.655629921259842
20
-4.0776377952755904
11
5.6343700787401572
21
-4.0776377952755904
0
LINE
8
BLACK
6
CONTINUOUS
10
5.6343700787401572
20
-4.0776377952755904
11
5.6329781496062994
21
-4.0770612204724408
0
LINE
8
BLACK
6
CONTINUOUS
10
5.6329781496062994
20
-4.0770612204724408
11
5.6324015748031497
21
-4.075669291338583
0
LINE
8
BLACK
6
CONTINUOUS
10
5.6324015748031497
20
-4.075669291338583
11
5.6324015748031497
21
-4.0343307086614173
0
LINE
8
BLACK
6
CONTINUOUS
10
5.6324015748031497
20
-4.0343307086614173
11
5.6329781496062994
21
-4.0329387795275586
0
LINE
8
BLACK
6
CONTINUOUS
10
5.6329781496062994
20
-4.0329387795275586
11
5.6343700787401572
21
-4.032362204724409
0
LINE
8
BLACK
6
CONTINUOUS
10
5.6343700787401572
20
-4.032362204724409
11
5.655629921259842
21
-4.032362204724409
0
LINE
8
BLACK
6
CONTINUOUS
10
5.6363385826771655
20
-4.0362992125984247
11
5.6363385826771655
21
-4.0737007874015747
0
LINE
8
BLACK
6
CONTINUOUS
10
5.6363385826771655
20
-4.0737007874015747
11
5.6536614173228346
21
-4.0737007874015747
0
LINE
8
BLACK
6
CONTINUOUS
10
5.6536614173228346
20
-4.0737007874015747
11
5.6536614173228346
21
-4.0362992125984247
0
LINE
8
BLACK
6
CONTINUOUS
10
5.6536614173228346
20
-4.0362992125984247
11
5.6363385826771655
21
-4.0362992125984247
0
LINE
8
BLACK
6
CONTINUOUS
10
5.6990908267716538
20
-4.0607705511811023
11
5.6995595275590549
21
-4.0612392519685034
0
LINE
8
BLACK
6
CONTINUOUS
10
5.6995595275590549
20
-4.0612392519685034
11
5.6996090944881885
21
-4.0613589370078742
0
LINE
8
BLACK
6
CONTINUOUS
10
5.6996090944881885
20
-4.0613589370078742
11
5.699707047244094
21
-4.0614438976377949
0
LINE
8
BLACK
6
CONTINUOUS
10
5.699707047244094
20
-4.0614438976377949
11
5.7001757086614173
21
-4.0623812598425193
0
LINE
8
BLACK
6
CONTINUOUS
10
5.7001757086614173
20
-4.0623812598425193
11
5.7001886614173225
21
-4.0625640551181101
0
LINE
8
BLACK
6
CONTINUOUS
10
5.7001886614173225
20
-4.0625640551181101
11
5.7002588188976375
21
-4.0627333858267711
0
LINE
8
BLACK
6
CONTINUOUS
10
5.7002588188976375
20
-4.0627333858267711
11
5.7002588188976375
21
-4.0655455511811018
0
LINE
8
BLACK
6
CONTINUOUS
10
5.7002588188976375
20
-4.0655455511811018
11
5.7001886614173225
21
-4.065714842519685
0
LINE
8
BLACK
6
CONTINUOUS
10
5.7001886614173225
20
-4.065714842519685
11
5.7001757086614173
21
-4.0658976771653546
0
LINE
8
BLACK
6
CONTINUOUS
10
5.7001757086614173
20
-4.0658976771653546
11
5.699707047244094
21
-4.066835039370079
0
LINE
8
BLACK
6
CONTINUOUS
10
5.699707047244094
20
-4.066835039370079
11
5.6996090944881885
21
-4.0669199606299209
0
LINE
8
BLACK
6
CONTINUOUS
10
5.6996090944881885
20
-4.0669199606299209
11
5.6995595275590549
21
-4.0670396850393704
0
LINE
8
BLACK
6
CONTINUOUS
10
5.6995595275590549
20
-4.0670396850393704
11
5.6990908267716538
21
-4.0675083858267715
0
LINE
8
BLACK
6
CONTINUOUS
10
5.6990908267716538
20
-4.0675083858267715
11
5.6989711023622043
21
-4.0675579527559051
0
LINE
8
BLACK
6
CONTINUOUS
10
5.6989711023622043
20
-4.0675579527559051
11
5.6988861811023623
21
-4.0676559055118107
0
LINE
8
BLACK
6
CONTINUOUS
10
5.6988861811023623
20
-4.0676559055118107
11
5.6979487795275592
21
-4.0681246062992127
0
LINE
8
BLACK
6
CONTINUOUS
10
5.6979487795275592
20
-4.0681246062992127
11
5.6977659448818896
21
-4.0681375590551179
0
LINE
8
BLACK
6
CONTINUOUS
10
5.6977659448818896
20
-4.0681375590551179
11
5.6975966535433074
21
-4.0682077165354329
0
LINE
8
BLACK
6
CONTINUOUS
10
5.6975966535433074
20
-4.0682077165354329
11
5.6952531889763778
21
-4.0682077165354329
0
LINE
8
BLACK
6
CONTINUOUS
10
5.6952531889763778
20
-4.0682077165354329
11
5.6950837795275593
21
-4.0681375196850391
0
LINE
8
BLACK
6
CONTINUOUS
10
5.6950837795275593
20
-4.0681375196850391
11
5.6949010236220472
21
-4.0681245669291339
0
LINE
8
BLACK
6
CONTINUOUS
10
5.6949010236220472
20
-4.0681245669291339
11
5.6939636614173228
21
-4.0676558661417319
0
LINE
8
BLACK
6
CONTINUOUS
10
5.6939636614173228
20
-4.0676558661417319
11
5.69387874015748
21
-4.0675579527559051
0
LINE
8
BLACK
6
CONTINUOUS
10
5.69387874015748
20
-4.0675579527559051
11
5.6937590551181101
21
-4.0675083858267715
0
LINE
8
BLACK
6
CONTINUOUS
10
5.6937590551181101
20
-4.0675083858267715
11
5.693290354330709
21
-4.0670396850393704
0
LINE
8
BLACK
6
CONTINUOUS
10
5.693290354330709
20
-4.0670396850393704
11
5.6932407480314957
21
-4.0669199212598421
0
LINE
8
BLACK
6
CONTINUOUS
10
5.6932407480314957
20
-4.0669199212598421
11
5.6931428346456689
21
-4.066835039370079
0
LINE
8
BLACK
6
CONTINUOUS
10
5.6931428346456689
20
-4.066835039370079
11
5.6926741732283466
21
-4.0658977165354333
0
LINE
8
BLACK
6
CONTINUOUS
10
5.6926741732283466
20
-4.0658977165354333
11
5.6926677559055117
21
-4.0658075196850394
0
LINE
8
BLACK
6
CONTINUOUS
10
5.6926677559055117
20
-4.0658075196850394
11
5.6901474015748033
21
-4.0680128740157482
0
LINE
8
BLACK
6
CONTINUOUS
10
5.6901474015748033
20
-4.0680128740157482
11
5.689884881889764
21
-4.068101653543307
0
LINE
8
BLACK
6
CONTINUOUS
10
5.689884881889764
20
-4.068101653543307
11
5.6896288976377951
21
-4.0682077165354329
0
LINE
8
BLACK
6
CONTINUOUS
10
5.6896288976377951
20
-4.0682077165354329
11
5.6896030314960626
21
-4.0681970078740157
0
LINE
8
BLACK
6
CONTINUOUS
10
5.6896030314960626
20
-4.0681970078740157
11
5.689576535433071
21
-4.0682059842519687
0
LINE
8
BLACK
6
CONTINUOUS
10
5.689576535433071
20
-4.0682059842519687
11
5.6893281102362208
21
-4.0680831102362207
0
LINE
8
BLACK
6
CONTINUOUS
10
5.6893281102362208
20
-4.0680831102362207
11
5.6890721259842518
21
-4.0679770866141736
0
LINE
8
BLACK
6
CONTINUOUS
10
5.6890721259842518
20
-4.0679770866141736
11
5.6890613779527559
21
-4.0679511811023623
0
LINE
8
BLACK
6
CONTINUOUS
10
5.6890613779527559
20
-4.0679511811023623
11
5.6890363385826772
21
-4.0679388188976375
0
LINE
8
BLACK
6
CONTINUOUS
10
5.6890363385826772
20
-4.0679388188976375
11
5.6889475196850396
21
-4.0676762992125983
0
LINE
8
BLACK
6
CONTINUOUS
10
5.6889475196850396
20
-4.0676762992125983
11
5.6888414960629916
21
-4.0674203149606294
0
LINE
8
BLACK
6
CONTINUOUS
10
5.6888414960629916
20
-4.0674203149606294
11
5.6888414960629916
21
-4.0613273228346456
0
LINE
8
BLACK
6
CONTINUOUS
10
5.6888414960629916
20
-4.0613273228346456
11
5.6890721259842518
21
-4.0607705511811023
0
LINE
8
BLACK
6
CONTINUOUS
10
5.6890721259842518
20
-4.0607705511811023
11
5.6896288976377951
21
-4.0605399212598421
0
LINE
8
BLACK
6
CONTINUOUS
10
5.6896288976377951
20
-4.0605399212598421
11
5.6901856692913384
21
-4.0607705511811023
0
LINE
8
BLACK
6
CONTINUOUS
10
5.6901856692913384
20
-4.0607705511811023
11
5.6904162992125986
21
-4.0613273228346456
0
LINE
8
BLACK
6
CONTINUOUS
10
5.6904162992125986
20
-4.0613273228346456
11
5.6904162992125986
21
-4.065685039370079
0
LINE
8
BLACK
6
CONTINUOUS
10
5.6904162992125986
20
-4.065685039370079
11
5.6928599212598421
21
-4.0635468503937009
0
LINE
8
BLACK
6
CONTINUOUS
10
5.6928599212598421
20
-4.0635468503937009
11
5.6931226771653538
21
-4.0634579527559058
0
LINE
8
BLACK
6
CONTINUOUS
10
5.6931226771653538
20
-4.0634579527559058
11
5.6933784251968502
21
-4.063352047244094
0
LINE
8
BLACK
6
CONTINUOUS
10
5.6933784251968502
20
-4.063352047244094
11
5.693404251968504
21
-4.0633627165354333
0
LINE
8
BLACK
6
CONTINUOUS
10
5.693404251968504
20
-4.0633627165354333
11
5.6934307874015744
21
-4.0633537795275592
0
LINE
8
BLACK
6
CONTINUOUS
10
5.6934307874015744
20
-4.0633537795275592
11
5.693679291338583
21
-4.0634766535433071
0
LINE
8
BLACK
6
CONTINUOUS
10
5.693679291338583
20
-4.0634766535433071
11
5.6939351968503935
21
-4.0635826771653543
0
LINE
8
BLACK
6
CONTINUOUS
10
5.6939351968503935
20
-4.0635826771653543
11
5.6939458661417319
21
-4.063608503937008
0
LINE
8
BLACK
6
CONTINUOUS
10
5.6939458661417319
20
-4.063608503937008
11
5.6939710236220469
21
-4.0636209448818894
0
LINE
8
BLACK
6
CONTINUOUS
10
5.6939710236220469
20
-4.0636209448818894
11
5.6940598818897641
21
-4.0638837007874011
0
LINE
8
BLACK
6
CONTINUOUS
10
5.6940598818897641
20
-4.0638837007874011
11
5.6941658267716537
21
-4.0641394488188975
0
LINE
8
BLACK
6
CONTINUOUS
10
5.6941658267716537
20
-4.0641394488188975
11
5.6941658267716537
21
-4.0653596456692913
0
LINE
8
BLACK
6
CONTINUOUS
10
5.6941658267716537
20
-4.0653596456692913
11
5.6944942125984248
21
-4.0660164566929131
0
LINE
8
BLACK
6
CONTINUOUS
10
5.6944942125984248
20
-4.0660164566929131
11
5.6947822440944877
21
-4.0663044881889761
0
LINE
8
BLACK
6
CONTINUOUS
10
5.6947822440944877
20
-4.0663044881889761
11
5.6954390944881892
21
-4.0666329133858268
0
LINE
8
BLACK
6
CONTINUOUS
10
5.6954390944881892
20
-4.0666329133858268
11
5.6974107480314959
21
-4.0666329133858268
0
LINE
8
BLACK
6
CONTINUOUS
10
5.6974107480314959
20
-4.0666329133858268
11
5.6980676377952753
21
-4.0663044488188973
0
LINE
8
BLACK
6
CONTINUOUS
10
5.6980676377952753
20
-4.0663044488188973
11
5.6983555511811019
21
-4.0660165354330706
0
LINE
8
BLACK
6
CONTINUOUS
10
5.6983555511811019
20
-4.0660165354330706
11
5.6986840157480314
21
-4.0653596456692913
0
LINE
8
BLACK
6
CONTINUOUS
10
5.6986840157480314
20
-4.0653596456692913
11
5.6986840157480314
21
-4.0629192519685038
0
LINE
8
BLACK
6
CONTINUOUS
10
5.6986840157480314
20
-4.0629192519685038
11
5.6983555511811019
21
-4.0622623622047245
0
LINE
8
BLACK
6
CONTINUOUS
10
5.6983555511811019
20
-4.0622623622047245
11
5.6979772834645672
21
-4.0618840944881889
0
LINE
8
BLACK
6
CONTINUOUS
10
5.6979772834645672
20
-4.0618840944881889
11
5.697746653543307
21
-4.0613273228346456
0
LINE
8
BLACK
6
CONTINUOUS
10
5.697746653543307
20
-4.0613273228346456
11
5.6979772834645672
21
-4.0607705511811023
0
LINE
8
BLACK
6
CONTINUOUS
10
5.6979772834645672
20
-4.0607705511811023
11
5.6985340551181105
21
-4.0605399212598421
0
LINE
8
BLACK
6
CONTINUOUS
10
5.6985340551181105
20
-4.0605399212598421
11
5.6990908267716538
21
-4.0607705511811023
0
LINE
8
BLACK
6
CONTINUOUS
10
5.7000281889763782
20
-4.0518654330708657
11
5.7002588188976375
21
-4.0524222047244089
0
LINE
8
BLACK
6
CONTINUOUS
10
5.7002588188976375
20
-4.0524222047244089
11
5.7002588188976375
21
-4.0580464960629916
0
LINE
8
BLACK
6
CONTINUOUS
10
5.7002588188976375
20
-4.0580464960629916
11
5.7000281889763782
21
-4.0586032677165349
0
LINE
8
BLACK
6
CONTINUOUS
10
5.7000281889763782
20
-4.0586032677165349
11
5.6994714173228349
21
-4.0588338976377951
0
LINE
8
BLACK
6
CONTINUOUS
10
5.6994714173228349
20
-4.0588338976377951
11
5.6989146456692916
21
-4.0586032677165349
0
LINE
8
BLACK
6
CONTINUOUS
10
5.6989146456692916
20
-4.0586032677165349
11
5.6986840157480314
21
-4.0580464960629916
0
LINE
8
BLACK
6
CONTINUOUS
10
5.6986840157480314
20
-4.0580464960629916
11
5.6986840157480314
21
-4.0560217322834644
0
LINE
8
BLACK
6
CONTINUOUS
10
5.6986840157480314
20
-4.0560217322834644
11
5.6896288976377951
21
-4.0560217322834644
0
LINE
8
BLACK
6
CONTINUOUS
10
5.6896288976377951
20
-4.0560217322834644
11
5.689553937007874
21
-4.0559906692913383
0
LINE
8
BLACK
6
CONTINUOUS
10
5.689553937007874
20
-4.0559906692913383
11
5.6894744488188973
21
-4.056006417322835
0
LINE
8
BLACK
6
CONTINUOUS
10
5.6894744488188973
20
-4.056006417322835
11
5.6892839370078736
21
-4.0558788188976376
0
LINE
8
BLACK
6
CONTINUOUS
10
5.6892839370078736
20
-4.0558788188976376
11
5.6890721259842518
21
-4.0557911023622042
0
LINE
8
BLACK
6
CONTINUOUS
10
5.6890721259842518
20
-4.0557911023622042
11
5.6890411023622045
21
-4.0557161811023619
0
LINE
8
BLACK
6
CONTINUOUS
10
5.6890411023622045
20
-4.0557161811023619
11
5.68897374015748
21
-4.0556711023622043
0
LINE
8
BLACK
6
CONTINUOUS
10
5.68897374015748
20
-4.0556711023622043
11
5.6889292519685037
21
-4.0554461811023623
0
LINE
8
BLACK
6
CONTINUOUS
10
5.6889292519685037
20
-4.0554461811023623
11
5.6888414960629916
21
-4.0552343307086609
0
LINE
8
BLACK
6
CONTINUOUS
10
5.6888414960629916
20
-4.0552343307086609
11
5.6888725196850389
21
-4.0551593700787398
0
LINE
8
BLACK
6
CONTINUOUS
10
5.6888725196850389
20
-4.0551593700787398
11
5.688856811023622
21
-4.055079881889764
0
LINE
8
BLACK
6
CONTINUOUS
10
5.688856811023622
20
-4.055079881889764
11
5.6889843700787397
21
-4.0548893700787403
0
LINE
8
BLACK
6
CONTINUOUS
10
5.6889843700787397
20
-4.0548893700787403
11
5.6890721259842518
21
-4.0546775590551176
0
LINE
8
BLACK
6
CONTINUOUS
10
5.6890721259842518
20
-4.0546775590551176
11
5.6891470078740154
21
-4.0546465354330712
0
LINE
8
BLACK
6
CONTINUOUS
10
5.6891470078740154
20
-4.0546465354330712
11
5.6891921259842517
21
-4.0545791732283467
0
LINE
8
BLACK
6
CONTINUOUS
10
5.6891921259842517
20
-4.0545791732283467
11
5.6905333070866142
21
-4.0536850787401573
0
LINE
8
BLACK
6
CONTINUOUS
10
5.6905333070866142
20
-4.0536850787401573
11
5.6913251968503937
21
-4.052893149606299
0
LINE
8
BLACK
6
CONTINUOUS
10
5.6913251968503937
20
-4.052893149606299
11
5.6917367716535434
21
-4.0520700787401571
0
LINE
8
BLACK
6
CONTINUOUS
10
5.6917367716535434
20
-4.0520700787401571
11
5.6921920866141731
21
-4.051675236220472
0
LINE
8
BLACK
6
CONTINUOUS
10
5.6921920866141731
20
-4.051675236220472
11
5.6927931889763776
21
-4.0517179527559053
0
LINE
8
BLACK
6
CONTINUOUS
10
5.6927931889763776
20
-4.0517179527559053
11
5.6931880314960628
21
-4.0521732283464562
0
LINE
8
BLACK
6
CONTINUOUS
10
5.6931880314960628
20
-4.0521732283464562
11
5.6931453149606295
21
-4.0527743700787404
0
LINE
8
BLACK
6
CONTINUOUS
10
5.6931453149606295
20
-4.0527743700787404
11
5.6926766141732283
21
-4.0537117322834648
0
LINE
8
BLACK
6
CONTINUOUS
10
5.6926766141732283
20
-4.0537117322834648
11
5.6925787401574803
21
-4.0537965748031493
0
LINE
8
BLACK
6
CONTINUOUS
10
5.6925787401574803
20
-4.0537965748031493
11
5.6925291732283467
21
-4.0539163385826766
0
LINE
8
BLACK
6
CONTINUOUS
10
5.6925291732283467
20
-4.0539163385826766
11
5.6919985826771651
21
-4.0544469291338583
0
LINE
8
BLACK
6
CONTINUOUS
10
5.6919985826771651
20
-4.0544469291338583
11
5.6986840157480314
21
-4.0544469291338583
0
LINE
8
BLACK
6
CONTINUOUS
10
5.6986840157480314
20
-4.0544469291338583
11
5.6986840157480314
21
-4.0524222047244089
0
LINE
8
BLACK
6
CONTINUOUS
10
5.6986840157480314
20
-4.0524222047244089
11
5.6989146456692916
21
-4.0518654330708657
0
LINE
8
BLACK
6
CONTINUOUS
10
5.6989146456692916
20
-4.0518654330708657
11
5.6994714173228349
21
-4.0516348031496063
0
LINE
8
BLACK
6
CONTINUOUS
10
5.6994714173228349
20
-4.0516348031496063
11
5.7000281889763782
21
-4.0518654330708657
0
LINE
8
BLACK
6
CONTINUOUS
10
5.6953453937007872
20
-4.0418304724409451
11
5.6954441338582678
21
-4.0418157874015748
0
LINE
8
BLACK
6
CONTINUOUS
10
5.6954441338582678
20
-4.0418157874015748
11
5.6973188976377953
21
-4.0422844488188971
0
LINE
8
BLACK
6
CONTINUOUS
10
5.6973188976377953
20
-4.0422844488188971
11
5.6973907480314958
21
-4.0423376771653539
0
LINE
8
BLACK
6
CONTINUOUS
10
5.6973907480314958
20
-4.0423376771653539
11
5.6974800787401572
21
-4.04234405511811
0
LINE
8
BLACK
6
CONTINUOUS
10
5.6974800787401572
20
-4.04234405511811
11
5.6984174803149603
21
-4.042812755905512
0
LINE
8
BLACK
6
CONTINUOUS
10
5.6984174803149603
20
-4.042812755905512
11
5.6985024015748031
21
-4.0429106692913388
0
LINE
8
BLACK
6
CONTINUOUS
10
5.6985024015748031
20
-4.0429106692913388
11
5.6986221259842518
21
-4.0429602755905512
0
LINE
8
BLACK
6
CONTINUOUS
10
5.6986221259842518
20
-4.0429602755905512
11
5.6995595275590549
21
-4.0438976771653543
0
LINE
8
BLACK
6
CONTINUOUS
10
5.6995595275590549
20
-4.0438976771653543
11
5.6996296456692912
21
-4.0440670078740153
0
LINE
8
BLACK
6
CONTINUOUS
10
5.6996296456692912
20
-4.0440670078740153
11
5.6997497637795274
21
-4.0442054724409449
0
LINE
8
BLACK
6
CONTINUOUS
10
5.6997497637795274
20
-4.0442054724409449
11
5.7002184251968506
21
-4.0456115354330704
0
LINE
8
BLACK
6
CONTINUOUS
10
5.7002184251968506
20
-4.0456115354330704
11
5.7002092125984252
21
-4.0457407874015745
0
LINE
8
BLACK
6
CONTINUOUS
10
5.7002092125984252
20
-4.0457407874015745
11
5.7002588188976375
21
-4.0458605118110231
0
LINE
8
BLACK
6
CONTINUOUS
10
5.7002588188976375
20
-4.0458605118110231
11
5.7002588188976375
21
-4.0467978740157475
0
LINE
8
BLACK
6
CONTINUOUS
10
5.7002588188976375
20
-4.0467978740157475
11
5.7002092125984252
21
-4.0469175590551183
0
LINE
8
BLACK
6
CONTINUOUS
10
5.7002092125984252
20
-4.0469175590551183
11
5.7002184251968506
21
-4.0470468503937003
0
LINE
8
BLACK
6
CONTINUOUS
10
5.7002184251968506
20
-4.0470468503937003
11
5.6997497637795274
21
-4.0484529527559054
0
LINE
8
BLACK
6
CONTINUOUS
10
5.6997497637795274
20
-4.0484529527559054
11
5.6996296456692912
21
-4.0485914173228341
0
LINE
8
BLACK
6
CONTINUOUS
10
5.6996296456692912
20
-4.0485914173228341
11
5.6995595275590549
21
-4.048760748031496
0
LINE
8
BLACK
6
CONTINUOUS
10
5.6995595275590549
20
-4.048760748031496
11
5.6990908267716538
21
-4.0492294488188971
0
LINE
8
BLACK
6
CONTINUOUS
10
5.6990908267716538
20
-4.0492294488188971
11
5.6985340157480318
21
-4.0494600393700786
0
LINE
8
BLACK
6
CONTINUOUS
10
5.6985340157480318
20
-4.0494600393700786
11
5.6979772440944885
21
-4.0492294094488184
0
LINE
8
BLACK
6
CONTINUOUS
10
5.6979772440944885
20
-4.0492294094488184
11
5.697746653543307
21
-4.0486725984251963
0
LINE
8
BLACK
6
CONTINUOUS
10
5.697746653543307
20
-4.0486725984251963
11
5.6979772834645672
21
-4.048115826771653
0
LINE
8
BLACK
6
CONTINUOUS
10
5.6979772834645672
20
-4.048115826771653
11
5.698314527559055
21
-4.047778622047244
0
LINE
8
BLACK
6
CONTINUOUS
10
5.698314527559055
20
-4.047778622047244
11
5.6986840157480314
21
-4.0466700787401573
0
LINE
8
BLACK
6
CONTINUOUS
10
5.6986840157480314
20
-4.0466700787401573
11
5.6986840157480314
21
-4.0459883070866143
0
LINE
8
BLACK
6
CONTINUOUS
10
5.6986840157480314
20
-4.0459883070866143
11
5.6983144881889762
21
-4.0448797244094488
0
LINE
8
BLACK
6
CONTINUOUS
10
5.6983144881889762
20
-4.0448797244094488
11
5.6975989370078741
21
-4.0441641732283466
0
LINE
8
BLACK
6
CONTINUOUS
10
5.6975989370078741
20
-4.0441641732283466
11
5.6968531102362201
21
-4.0437912598425196
0
LINE
8
BLACK
6
CONTINUOUS
10
5.6968531102362201
20
-4.0437912598425196
11
5.6951562598425198
21
-4.0433670866141735
0
LINE
8
BLACK
6
CONTINUOUS
10
5.6951562598425198
20
-4.0433670866141735
11
5.6939440551181102
21
-4.0433670866141735
0
LINE
8
BLACK
6
CONTINUOUS
10
5.6939440551181102
20
-4.0433670866141735
11
5.692247204724409
21
-4.0437912598425196
0
LINE
8
BLACK
6
CONTINUOUS
10
5.692247204724409
20
-4.0437912598425196
11
5.6915014173228347
21
-4.0441641732283466
0
LINE
8
BLACK
6
CONTINUOUS
10
5.6915014173228347
20
-4.0441641732283466
11
5.6907858267716538
21
-4.0448797244094488
0
LINE
8
BLACK
6
CONTINUOUS
10
5.6907858267716538
20
-4.0448797244094488
11
5.6904162992125986
21
-4.045988346456693
0
LINE
8
BLACK
6
CONTINUOUS
10
5.6904162992125986
20
-4.045988346456693
11
5.6904162992125986
21
-4.0466700393700785
0
LINE
8
BLACK
6
CONTINUOUS
10
5.6904162992125986
20
-4.0466700393700785
11
5.690785787401575
21
-4.0477785826771653
0
LINE
8
BLACK
6
CONTINUOUS
10
5.690785787401575
20
-4.0477785826771653
11
5.6911230708661416
21
-4.0481158661417318
0
LINE
8
BLACK
6
CONTINUOUS
10
5.6911230708661416
20
-4.0481158661417318
11
5.6913537007874018
21
-4.0486726377952751
0
LINE
8
BLACK
6
CONTINUOUS
10
5.6913537007874018
20
-4.0486726377952751
11
5.6911231102362203
21
-4.0492294094488184
0
LINE
8
BLACK
6
CONTINUOUS
10
5.6911231102362203
20
-4.0492294094488184
11
5.690566338582677
21
-4.0494600393700786
0
LINE
8
BLACK
6
CONTINUOUS
10
5.690566338582677
20
-4.0494600393700786
11
5.6900095669291337
21
-4.0492294488188971
0
LINE
8
BLACK
6
CONTINUOUS
10
5.6900095669291337
20
-4.0492294488188971
11
5.6895408267716538
21
-4.0487607874015747
0
LINE
8
BLACK
6
CONTINUOUS
10
5.6895408267716538
20
-4.0487607874015747
11
5.6894706692913388
21
-4.0485914173228341
0
LINE
8
BLACK
6
CONTINUOUS
10
5.6894706692913388
20
-4.0485914173228341
11
5.6893505905511805
21
-4.0484529921259842
0
LINE
8
BLACK
6
CONTINUOUS
10
5.6893505905511805
20
-4.0484529921259842
11
5.6888818897637794
21
-4.047046889763779
0
LINE
8
BLACK
6
CONTINUOUS
10
5.6888818897637794
20
-4.047046889763779
11
5.6888910629921261
21
-4.0469175590551183
0
LINE
8
BLACK
6
CONTINUOUS
10
5.6888910629921261
20
-4.0469175590551183
11
5.6888414960629916
21
-4.0467978740157475
0
LINE
8
BLACK
6
CONTINUOUS
10
5.6888414960629916
20
-4.0467978740157475
11
5.6888414960629916
21
-4.0458605118110231
0
LINE
8
BLACK
6
CONTINUOUS
10
5.6888414960629916
20
-4.0458605118110231
11
5.6888910629921261
21
-4.0457407874015745
0
LINE
8
BLACK
6
CONTINUOUS
10
5.6888910629921261
20
-4.0457407874015745
11
5.6888818897637794
21
-4.0456114960629916
0
LINE
8
BLACK
6
CONTINUOUS
10
5.6888818897637794
20
-4.0456114960629916
11
5.6893505905511805
21
-4.0442054330708661
0
LINE
8
BLACK
6
CONTINUOUS
10
5.6893505905511805
20
-4.0442054330708661
11
5.6894706692913388
21
-4.0440669291338578
0
LINE
8
BLACK
6
CONTINUOUS
10
5.6894706692913388
20
-4.0440669291338578
11
5.6895408267716538
21
-4.0438976771653543
0
LINE
8
BLACK
6
CONTINUOUS
10
5.6895408267716538
20
-4.0438976771653543
11
5.690478228346457
21
-4.0429602755905512
0
LINE
8
BLACK
6
CONTINUOUS
10
5.690478228346457
20
-4.0429602755905512
11
5.6905979133858269
21
-4.0429106692913388
0
LINE
8
BLACK
6
CONTINUOUS
10
5.6905979133858269
20
-4.0429106692913388
11
5.6906828346456688
21
-4.0428127952755908
0
LINE
8
BLACK
6
CONTINUOUS
10
5.6906828346456688
20
-4.0428127952755908
11
5.6916201968503932
21
-4.0423440944881888
0
LINE
8
BLACK
6
CONTINUOUS
10
5.6916201968503932
20
-4.0423440944881888
11
5.6917094488188971
21
-4.0423377165354326
0
LINE
8
BLACK
6
CONTINUOUS
10
5.6917094488188971
20
-4.0423377165354326
11
5.6917814173228347
21
-4.0422844488188971
0
LINE
8
BLACK
6
CONTINUOUS
10
5.6917814173228347
20
-4.0422844488188971
11
5.6936561417322835
21
-4.0418157874015748
0
LINE
8
BLACK
6
CONTINUOUS
10
5.6936561417322835
20
-4.0418157874015748
11
5.6937548818897641
21
-4.0418304724409451
0
LINE
8
BLACK
6
CONTINUOUS
10
5.6937548818897641
20
-4.0418304724409451
11
5.6938471259842522
21
-4.0417922834645665
0
LINE
8
BLACK
6
CONTINUOUS
10
5.6938471259842522
20
-4.0417922834645665
11
5.6952531889763778
21
-4.0417922834645665
0
LINE
8
BLACK
6
CONTINUOUS
10
5.6952531889763778
20
-4.0417922834645665
11
5.6953453937007872
21
-4.0418304724409451
0
LINE
8
BLACK
6
CONTINUOUS
10
5.7048425196850392
20
-4.0333464566929136
11
5.7062344488188979
21
-4.0339230314960632
0
LINE
8
BLACK
6
CONTINUOUS
10
5.7062344488188979
20
-4.0339230314960632
11
5.7068110236220475
21
-4.035314960629921
0
LINE
8
BLACK
6
CONTINUOUS
10
5.7068110236220475
20
-4.035314960629921
11
5.7068110236220475
21
-4.0746850393700784
0
LINE
8
BLACK
6
CONTINUOUS
10
5.7068110236220475
20
-4.0746850393700784
11
5.7062344488188979
21
-4.0760769685039371
0
LINE
8
BLACK
6
CONTINUOUS
10
5.7062344488188979
20
-4.0760769685039371
11
5.7048425196850392
21
-4.0766535433070867
0
LINE
8
BLACK
6
CONTINUOUS
10
5.7048425196850392
20
-4.0766535433070867
11
5.6851574803149605
21
-4.0766535433070867
0
LINE
8
BLACK
6
CONTINUOUS
10
5.6851574803149605
20
-4.0766535433070867
11
5.6837655511811018
21
-4.0760769685039371
0
LINE
8
BLACK
6
CONTINUOUS
10
5.6837655511811018
20
-4.0760769685039371
11
5.6831889763779531
21
-4.0746850393700784
0
LINE
8
BLACK
6
CONTINUOUS
10
5.6831889763779531
20
-4.0746850393700784
11
5.6831889763779531
21
-4.035314960629921
0
LINE
8
BLACK
6
CONTINUOUS
10
5.6831889763779531
20
-4.035314960629921
11
5.6837655511811018
21
-4.0339230314960632
0
LINE
8
BLACK
6
CONTINUOUS
10
5.6837655511811018
20
-4.0339230314960632
11
5.6851574803149605
21
-4.0333464566929136
0
LINE
8
BLACK
6
CONTINUOUS
10
5.6851574803149605
20
-4.0333464566929136
11
5.7048425196850392
21
-4.0333464566929136
0
LINE
8
BLACK
6
CONTINUOUS
10
5.6871259842519688
20
-4.0372834645669293
11
5.6871259842519688
21
-4.072716535433071
0
LINE
8
BLACK
6
CONTINUOUS
10
5.6871259842519688
20
-4.072716535433071
11
5.7028740157480318
21
-4.072716535433071
0
LINE
8
BLACK
6
CONTINUOUS
10
5.7028740157480318
20
-4.072716535433071
11
5.7028740157480318
21
-4.0372834645669293
0
LINE
8
BLACK
6
CONTINUOUS
10
5.7028740157480318
20
-4.0372834645669293
11
5.6871259842519688
21
-4.0372834645669293
0
LINE
8
BLACK
6
CONTINUOUS
10
6.0043379921259845
20
-4.0347506299212599
11
6.0044732283464564
21
-4.0348640944881886
0
LINE
8
BLACK
6
CONTINUOUS
10
6.0044732283464564
20
-4.0348640944881886
11
6.0046485826771656
21
-4.0348842913385825
0
LINE
8
BLACK
6
CONTINUOUS
10
6.0046485826771656
20
-4.0348842913385825
11
6.0083981102362207
21
-4.0367590551181101
0
LINE
8
BLACK
6
CONTINUOUS
10
6.0083981102362207
20
-4.0367590551181101
11
6.0091071653543304
21
-4.037284960629921
0
LINE
8
BLACK
6
CONTINUOUS
10
6.0091071653543304
20
-4.037284960629921
11
6.0091655118110232
21
-4.0373121653543302
0
LINE
8
BLACK
6
CONTINUOUS
10
6.0091655118110232
20
-4.0373121653543302
11
6.0110402755905508
21
-4.0391869291338578
0
LINE
8
BLACK
6
CONTINUOUS
10
6.0110402755905508
20
-4.0391869291338578
11
6.0115465354330704
21
-4.0399099999999999
0
LINE
8
BLACK
6
CONTINUOUS
10
6.0115465354330704
20
-4.0399099999999999
11
6.0115933858267718
21
-4.0399543307086612
0
LINE
8
BLACK
6
CONTINUOUS
10
6.0115933858267718
20
-4.0399543307086612
11
6.0134681496062994
21
-4.0437038582677163
0
LINE
8
BLACK
6
CONTINUOUS
10
6.0134681496062994
20
-4.0437038582677163
11
6.0136134251968505
21
-4.0441922834645672
0
LINE
8
BLACK
6
CONTINUOUS
10
6.0136134251968505
20
-4.0441922834645672
11
6.0136917322834647
21
-4.0443082283464564
0
LINE
8
BLACK
6
CONTINUOUS
10
6.0136917322834647
20
-4.0443082283464564
11
6.015487874015748
21
-4.0514928740157483
0
LINE
8
BLACK
6
CONTINUOUS
10
6.015487874015748
20
-4.0514928740157483
11
6.0170033858267713
21
-4.0545238582677161
0
LINE
8
BLACK
6
CONTINUOUS
10
6.0170033858267713
20
-4.0545238582677161
11
6.0182005118110231
21
-4.0557209842519688
0
LINE
8
BLACK
6
CONTINUOUS
10
6.0182005118110231
20
-4.0557209842519688
11
6.0208979921259838
21
-4.0570697244094491
0
LINE
8
BLACK
6
CONTINUOUS
10
6.0208979921259838
20
-4.0570697244094491
11
6.0232534251968506
21
-4.0570697244094491
0
LINE
8
BLACK
6
CONTINUOUS
10
6.0232534251968506
20
-4.0570697244094491
11
6.0259509055118112
21
-4.0557209448818901
0
LINE
8
BLACK
6
CONTINUOUS
10
6.0259509055118112
20
-4.0557209448818901
11
6.0271480708661418
21
-4.0545238188976374
0
LINE
8
BLACK
6
CONTINUOUS
10
6.0271480708661418
20
-4.0545238188976374
11
6.0284968110236221
21
-4.0518263779527555
0
LINE
8
BLACK
6
CONTINUOUS
10
6.0284968110236221
20
-4.0518263779527555
11
6.0284968110236221
21
-4.0436287401574802
0
LINE
8
BLACK
6
CONTINUOUS
10
6.0284968110236221
20
-4.0436287401574802
11
6.0267735826771656
21
-4.0384590551181105
0
LINE
8
BLACK
6
CONTINUOUS
10
6.0267735826771656
20
-4.0384590551181105
11
6.0266231496062987
21
-4.0374446456692912
0
LINE
8
BLACK
6
CONTINUOUS
10
6.0266231496062987
20
-4.0374446456692912
11
6.0273655511811022
21
-4.0355662598425193
0
LINE
8
BLACK
6
CONTINUOUS
10
6.0273655511811022
20
-4.0355662598425193
11
6.0291416929133854
21
-4.0346044881889762
0
LINE
8
BLACK
6
CONTINUOUS
10
6.0291416929133854
20
-4.0346044881889762
11
6.0311204724409446
21
-4.0350094488188972
0
LINE
8
BLACK
6
CONTINUOUS
10
6.0311204724409446
20
-4.0350094488188972
11
6.0323760236220467
21
-4.0365915748031496
0
LINE
8
BLACK
6
CONTINUOUS
10
6.0323760236220467
20
-4.0365915748031496
11
6.0342507874015743
21
-4.0422158267716535
0
LINE
8
BLACK
6
CONTINUOUS
10
6.0342507874015743
20
-4.0422158267716535
11
6.0343802755905509
21
-4.0430890551181102
0
LINE
8
BLACK
6
CONTINUOUS
10
6.0343802755905509
20
-4.0430890551181102
11
6.0344023228346453
21
-4.0431496062992123
0
LINE
8
BLACK
6
CONTINUOUS
10
6.0344023228346453
20
-4.0431496062992123
11
6.0344023228346453
21
-4.05252342519685
0
LINE
8
BLACK
6
CONTINUOUS
10
6.0344023228346453
20
-4.05252342519685
11
6.0342242519685039
21
-4.0535333464566925
0
LINE
8
BLACK
6
CONTINUOUS
10
6.0342242519685039
20
-4.0535333464566925
11
6.0341107480314955
21
-4.0536685826771652
0
LINE
8
BLACK
6
CONTINUOUS
10
6.0341107480314955
20
-4.0536685826771652
11
6.0340905905511812
21
-4.0538439370078736
0
LINE
8
BLACK
6
CONTINUOUS
10
6.0340905905511812
20
-4.0538439370078736
11
6.0322158267716537
21
-4.0575934645669287
0
LINE
8
BLACK
6
CONTINUOUS
10
6.0322158267716537
20
-4.0575934645669287
11
6.0316898425196852
21
-4.0583025590551181
0
LINE
8
BLACK
6
CONTINUOUS
10
6.0316898425196852
20
-4.0583025590551181
11
6.0316626771653539
21
-4.0583609055118108
0
LINE
8
BLACK
6
CONTINUOUS
10
6.0316626771653539
20
-4.0583609055118108
11
6.0297878740157476
21
-4.0602356692913384
0
LINE
8
BLACK
6
CONTINUOUS
10
6.0297878740157476
20
-4.0602356692913384
11
6.0290648031496064
21
-4.060741929133858
0
LINE
8
BLACK
6
CONTINUOUS
10
6.0290648031496064
20
-4.060741929133858
11
6.0290205118110238
21
-4.0607887401574798
0
LINE
8
BLACK
6
CONTINUOUS
10
6.0290205118110238
20
-4.0607887401574798
11
6.0252709842519687
21
-4.0626635039370074
0
LINE
8
BLACK
6
CONTINUOUS
10
6.0252709842519687
20
-4.0626635039370074
11
6.024288031496063
21
-4.0629558661417322
0
LINE
8
BLACK
6
CONTINUOUS
10
6.024288031496063
20
-4.0629558661417322
11
6.0241163385826768
21
-4.0629148425196853
0
LINE
8
BLACK
6
CONTINUOUS
10
6.0241163385826768
20
-4.0629148425196853
11
6.0239504724409452
21
-4.0629752362204723
0
LINE
8
BLACK
6
CONTINUOUS
10
6.0239504724409452
20
-4.0629752362204723
11
6.0202009448818901
21
-4.0629752362204723
0
LINE
8
BLACK
6
CONTINUOUS
10
6.0202009448818901
20
-4.0629752362204723
11
6.0191910236220467
21
-4.0627971653543309
0
LINE
8
BLACK
6
CONTINUOUS
10
6.0191910236220467
20
-4.0627971653543309
11
6.0190557480314961
21
-4.0626836614173225
0
LINE
8
BLACK
6
CONTINUOUS
10
6.0190557480314961
20
-4.0626836614173225
11
6.0188804330708656
21
-4.0626635039370074
0
LINE
8
BLACK
6
CONTINUOUS
10
6.0188804330708656
20
-4.0626635039370074
11
6.0151309055118105
21
-4.0607887401574798
0
LINE
8
BLACK
6
CONTINUOUS
10
6.0151309055118105
20
-4.0607887401574798
11
6.0144218110236221
21
-4.0602628346456688
0
LINE
8
BLACK
6
CONTINUOUS
10
6.0144218110236221
20
-4.0602628346456688
11
6.014363503937008
21
-4.0602356299212596
0
LINE
8
BLACK
6
CONTINUOUS
10
6.014363503937008
20
-4.0602356299212596
11
6.0124887401574805
21
-4.0583608661417321
0
LINE
8
BLACK
6
CONTINUOUS
10
6.0124887401574805
20
-4.0583608661417321
11
6.0119824409448821
21
-4.0576377559055121
0
LINE
8
BLACK
6
CONTINUOUS
10
6.0119824409448821
20
-4.0576377559055121
11
6.0119356299212594
21
-4.0575934645669287
0
LINE
8
BLACK
6
CONTINUOUS
10
6.0119356299212594
20
-4.0575934645669287
11
6.0100608661417319
21
-4.0538439370078736
0
LINE
8
BLACK
6
CONTINUOUS
10
6.0100608661417319
20
-4.0538439370078736
11
6.009915551181102
21
-4.0533554724409449
0
LINE
8
BLACK
6
CONTINUOUS
10
6.009915551181102
20
-4.0533554724409449
11
6.0098372834645666
21
-4.0532395669291335
0
LINE
8
BLACK
6
CONTINUOUS
10
6.0098372834645666
20
-4.0532395669291335
11
6.0080411023622045
21
-4.0460549212598425
0
LINE
8
BLACK
6
CONTINUOUS
10
6.0080411023622045
20
-4.0460549212598425
11
6.0065256299212599
21
-4.0430239370078738
0
LINE
8
BLACK
6
CONTINUOUS
10
6.0065256299212599
20
-4.0430239370078738
11
6.0053285039370081
21
-4.041826811023622
0
LINE
8
BLACK
6
CONTINUOUS
10
6.0053285039370081
20
-4.041826811023622
11
6.0026310236220475
21
-4.0404780708661416
0
LINE
8
BLACK
6
CONTINUOUS
10
6.0026310236220475
20
-4.0404780708661416
11
6.0002755905511806
21
-4.0404780708661416
0
LINE
8
BLACK
6
CONTINUOUS
10
6.0002755905511806
20
-4.0404780708661416
11
5.99757811023622
21
-4.041826811023622
0
LINE
8
BLACK
6
CONTINUOUS
10
5.99757811023622
20
-4.041826811023622
11
5.9963809842519682
21
-4.0430239370078738
0
LINE
8
BLACK
6
CONTINUOUS
10
5.9963809842519682
20
-4.0430239370078738
11
5.9950322440944879
21
-4.0457214173228344
0
LINE
8
BLACK
6
CONTINUOUS
10
5.9950322440944879
20
-4.0457214173228344
11
5.9950322440944879
21
-4.0539190157480318
0
LINE
8
BLACK
6
CONTINUOUS
10
5.9950322440944879
20
-4.0539190157480318
11
5.9967554724409444
21
-4.0590887007874015
0
LINE
8
BLACK
6
CONTINUOUS
10
5.9967554724409444
20
-4.0590887007874015
11
5.9969059055118112
21
-4.0601031102362199
0
LINE
8
BLACK
6
CONTINUOUS
10
5.9969059055118112
20
-4.0601031102362199
11
5.9961635039370078
21
-4.0619815354330706
0
LINE
8
BLACK
6
CONTINUOUS
10
5.9961635039370078
20
-4.0619815354330706
11
5.9943873622047246
21
-4.0629433070866137
0
LINE
8
BLACK
6
CONTINUOUS
10
5.9943873622047246
20
-4.0629433070866137
11
5.9924085826771654
21
-4.0625383464566927
0
LINE
8
BLACK
6
CONTINUOUS
10
5.9924085826771654
20
-4.0625383464566927
11
5.9911530314960633
21
-4.0609562204724412
0
LINE
8
BLACK
6
CONTINUOUS
10
5.9911530314960633
20
-4.0609562204724412
11
5.9892782677165357
21
-4.0553319291338585
0
LINE
8
BLACK
6
CONTINUOUS
10
5.9892782677165357
20
-4.0553319291338585
11
5.9891487795275591
21
-4.0544587401574805
0
LINE
8
BLACK
6
CONTINUOUS
10
5.9891487795275591
20
-4.0544587401574805
11
5.9891267322834647
21
-4.0543981889763776
0
LINE
8
BLACK
6
CONTINUOUS
10
5.9891267322834647
20
-4.0543981889763776
11
5.9891267322834647
21
-4.0450243700787398
0
LINE
8
BLACK
6
CONTINUOUS
10
5.9891267322834647
20
-4.0450243700787398
11
5.9893048031496061
21
-4.0440144488188974
0
LINE
8
BLACK
6
CONTINUOUS
10
5.9893048031496061
20
-4.0440144488188974
11
5.9894182677165357
21
-4.0438791732283468
0
LINE
8
BLACK
6
CONTINUOUS
10
5.9894182677165357
20
-4.0438791732283468
11
5.9894384645669287
21
-4.0437038582677163
0
LINE
8
BLACK
6
CONTINUOUS
10
5.9894384645669287
20
-4.0437038582677163
11
5.9913132283464563
21
-4.0399543307086612
0
LINE
8
BLACK
6
CONTINUOUS
10
5.9913132283464563
20
-4.0399543307086612
11
5.9918391338582673
21
-4.0392452362204727
0
LINE
8
BLACK
6
CONTINUOUS
10
5.9918391338582673
20
-4.0392452362204727
11
5.9918663385826774
21
-4.0391869291338578
0
LINE
8
BLACK
6
CONTINUOUS
10
5.9918663385826774
20
-4.0391869291338578
11
5.9937411023622049
21
-4.0373121653543302
0
LINE
8
BLACK
6
CONTINUOUS
10
5.9937411023622049
20
-4.0373121653543302
11
5.9944641732283461
21
-4.0368058661417319
0
LINE
8
BLACK
6
CONTINUOUS
10
5.9944641732283461
20
-4.0368058661417319
11
5.9945085039370074
21
-4.0367590551181101
0
LINE
8
BLACK
6
CONTINUOUS
10
5.9945085039370074
20
-4.0367590551181101
11
5.9982580314960625
21
-4.0348842913385825
0
LINE
8
BLACK
6
CONTINUOUS
10
5.9982580314960625
20
-4.0348842913385825
11
5.9992409448818895
21
-4.0345919291338586
0
LINE
8
BLACK
6
CONTINUOUS
10
5.9992409448818895
20
-4.0345919291338586
11
5.9994126377952757
21
-4.0346329133858267
0
LINE
8
BLACK
6
CONTINUOUS
10
5.9994126377952757
20
-4.0346329133858267
11
5.9995785433070861
21
-4.0345725590551176
0
LINE
8
BLACK
6
CONTINUOUS
10
5.9995785433070861
20
-4.0345725590551176
11
6.0033280708661412
21
-4.0345725590551176
0
LINE
8
BLACK
6
CONTINUOUS
10
6.0033280708661412
20
-4.0345725590551176
11
6.0043379921259845
21
-4.0347506299212599
0
LINE
8
BLACK
6
CONTINUOUS
10
5.4090164173228343
20
-4.0213918503937007
11
5.4091992519685039
21
-4.0214048425196847
0
LINE
8
BLACK
6
CONTINUOUS
10
5.4091992519685039
20
-4.0214048425196847
11
5.4101366535433071
21
-4.0218735039370079
0
LINE
8
BLACK
6
CONTINUOUS
10
5.4101366535433071
20
-4.0218735039370079
11
5.4102215354330712
21
-4.0219713779527559
0
LINE
8
BLACK
6
CONTINUOUS
10
5.4102215354330712
20
-4.0219713779527559
11
5.4103413385826773
21
-4.0220210236220471
0
LINE
8
BLACK
6
CONTINUOUS
10
5.4103413385826773
20
-4.0220210236220471
11
5.4108099999999997
21
-4.0224897637795278
0
LINE
8
BLACK
6
CONTINUOUS
10
5.4108099999999997
20
-4.0224897637795278
11
5.4108595669291342
21
-4.0226094488188977
0
LINE
8
BLACK
6
CONTINUOUS
10
5.4108595669291342
20
-4.0226094488188977
11
5.4109574803149609
21
-4.0226943700787396
0
LINE
8
BLACK
6
CONTINUOUS
10
5.4109574803149609
20
-4.0226943700787396
11
5.4114261417322833
21
-4.023631732283464
0
LINE
8
BLACK
6
CONTINUOUS
10
5.4114261417322833
20
-4.023631732283464
11
5.4114390944881885
21
-4.0238144881889761
0
LINE
8
BLACK
6
CONTINUOUS
10
5.4114390944881885
20
-4.0238144881889761
11
5.4115092913385823
21
-4.0239838976377955
0
LINE
8
BLACK
6
CONTINUOUS
10
5.4115092913385823
20
-4.0239838976377955
11
5.4115092913385823
21
-4.0258586614173231
0
LINE
8
BLACK
6
CONTINUOUS
10
5.4115092913385823
20
-4.0258586614173231
11
5.4114390944881885
21
-4.0260280314960628
0
LINE
8
BLACK
6
CONTINUOUS
10
5.4114390944881885
20
-4.0260280314960628
11
5.4114261417322833
21
-4.0262108267716537
0
LINE
8
BLACK
6
CONTINUOUS
10
5.4114261417322833
20
-4.0262108267716537
11
5.4111874015748027
21
-4.0266881889763777
0
LINE
8
BLACK
6
CONTINUOUS
10
5.4111874015748027
20
-4.0266881889763777
11
5.4118046456692914
21
-4.0265338976377949
0
LINE
8
BLACK
6
CONTINUOUS
10
5.4118046456692914
20
-4.0265338976377949
11
5.4130323228346455
21
-4.0257154330708662
0
LINE
8
BLACK
6
CONTINUOUS
10
5.4130323228346455
20
-4.0257154330708662
11
5.4133555905511805
21
-4.0253922440944878
0
LINE
8
BLACK
6
CONTINUOUS
10
5.4133555905511805
20
-4.0253922440944878
11
5.4136840157480313
21
-4.0247353543307085
0
LINE
8
BLACK
6
CONTINUOUS
10
5.4136840157480313
20
-4.0247353543307085
11
5.4136840157480313
21
-4.0230464960629924
0
LINE
8
BLACK
6
CONTINUOUS
10
5.4136840157480313
20
-4.0230464960629924
11
5.4139146456692915
21
-4.0224897244094491
0
LINE
8
BLACK
6
CONTINUOUS
10
5.4139146456692915
20
-4.0224897244094491
11
5.4144714173228348
21
-4.0222590944881889
0
LINE
8
BLACK
6
CONTINUOUS
10
5.4144714173228348
20
-4.0222590944881889
11
5.4150281889763781
21
-4.0224897244094491
0
LINE
8
BLACK
6
CONTINUOUS
10
5.4150281889763781
20
-4.0224897244094491
11
5.4152588188976374
21
-4.0230464960629924
0
LINE
8
BLACK
6
CONTINUOUS
10
5.4152588188976374
20
-4.0230464960629924
11
5.4152588188976374
21
-4.0249212598425199
0
LINE
8
BLACK
6
CONTINUOUS
10
5.4152588188976374
20
-4.0249212598425199
11
5.4151886614173224
21
-4.0250905511811021
0
LINE
8
BLACK
6
CONTINUOUS
10
5.4151886614173224
20
-4.0250905511811021
11
5.4151757086614172
21
-4.0252733858267717
0
LINE
8
BLACK
6
CONTINUOUS
10
5.4151757086614172
20
-4.0252733858267717
11
5.4147070472440948
21
-4.0262107874015749
0
LINE
8
BLACK
6
CONTINUOUS
10
5.4147070472440948
20
-4.0262107874015749
11
5.4146090944881893
21
-4.0262957086614168
0
LINE
8
BLACK
6
CONTINUOUS
10
5.4146090944881893
20
-4.0262957086614168
11
5.4145595275590548
21
-4.0264154330708664
0
LINE
8
BLACK
6
CONTINUOUS
10
5.4145595275590548
20
-4.0264154330708664
11
5.4140908267716537
21
-4.0268841338582675
0
LINE
8
BLACK
6
CONTINUOUS
10
5.4140908267716537
20
-4.0268841338582675
11
5.4140159055118113
21
-4.0269151574803148
0
LINE
8
BLACK
6
CONTINUOUS
10
5.4140159055118113
20
-4.0269151574803148
11
5.4139708267716538
21
-4.0269824803149605
0
LINE
8
BLACK
6
CONTINUOUS
10
5.4139708267716538
20
-4.0269824803149605
11
5.4125647244094486
21
-4.0279198818897637
0
LINE
8
BLACK
6
CONTINUOUS
10
5.4125647244094486
20
-4.0279198818897637
11
5.4124296062992121
21
-4.0279465748031491
0
LINE
8
BLACK
6
CONTINUOUS
10
5.4124296062992121
20
-4.0279465748031491
11
5.4123189370078739
21
-4.0280286220472439
0
LINE
8
BLACK
6
CONTINUOUS
10
5.4123189370078739
20
-4.0280286220472439
11
5.4104441732283464
21
-4.0284973228346459
0
LINE
8
BLACK
6
CONTINUOUS
10
5.4104441732283464
20
-4.0284973228346459
11
5.410345393700787
21
-4.0284825984251968
0
LINE
8
BLACK
6
CONTINUOUS
10
5.410345393700787
20
-4.0284825984251968
11
5.4102531889763776
21
-4.0285208267716532
0
LINE
8
BLACK
6
CONTINUOUS
10
5.4102531889763776
20
-4.0285208267716532
11
5.4065036614173225
21
-4.0285208267716532
0
LINE
8
BLACK
6
CONTINUOUS
10
5.4065036614173225
20
-4.0285208267716532
11
5.406334251968504
21
-4.0284506299212595
0
LINE
8
BLACK
6
CONTINUOUS
10
5.406334251968504
20
-4.0284506299212595
11
5.4061514960629919
21
-4.0284376771653543
0
LINE
8
BLACK
6
CONTINUOUS
10
5.4061514960629919
20
-4.0284376771653543
11
5.4052141338582675
21
-4.0279689763779523
0
LINE
8
BLACK
6
CONTINUOUS
10
5.4052141338582675
20
-4.0279689763779523
11
5.4051292125984247
21
-4.0278710629921255
0
LINE
8
BLACK
6
CONTINUOUS
10
5.4051292125984247
20
-4.0278710629921255
11
5.4050095275590548
21
-4.0278214960629919
0
LINE
8
BLACK
6
CONTINUOUS
10
5.4050095275590548
20
-4.0278214960629919
11
5.4045408267716537
21
-4.0273527952755908
0
LINE
8
BLACK
6
CONTINUOUS
10
5.4045408267716537
20
-4.0273527952755908
11
5.4044912204724405
21
-4.0272330314960625
0
LINE
8
BLACK
6
CONTINUOUS
10
5.4044912204724405
20
-4.0272330314960625
11
5.4043933070866137
21
-4.0271481496062993
0
LINE
8
BLACK
6
CONTINUOUS
10
5.4043933070866137
20
-4.0271481496062993
11
5.4039246456692913
21
-4.0262108267716537
0
LINE
8
BLACK
6
CONTINUOUS
10
5.4039246456692913
20
-4.0262108267716537
11
5.4039116141732286
21
-4.0260279921259841
0
LINE
8
BLACK
6
CONTINUOUS
10
5.4039116141732286
20
-4.0260279921259841
11
5.4038414960629924
21
-4.0258586614173231
0
LINE
8
BLACK
6
CONTINUOUS
10
5.4038414960629924
20
-4.0258586614173231
11
5.4038414960629924
21
-4.0239838976377955
0
LINE
8
BLACK
6
CONTINUOUS
10
5.4038414960629924
20
-4.0239838976377955
11
5.4039116141732286
21
-4.0238145669291336
0
LINE
8
BLACK
6
CONTINUOUS
10
5.4039116141732286
20
-4.0238145669291336
11
5.4039246062992126
21
-4.0236317716535428
0
LINE
8
BLACK
6
CONTINUOUS
10
5.4039246062992126
20
-4.0236317716535428
11
5.4043933070866137
21
-4.0226943700787396
0
LINE
8
BLACK
6
CONTINUOUS
10
5.4043933070866137
20
-4.0226943700787396
11
5.4044912204724405
21
-4.022609409448819
0
LINE
8
BLACK
6
CONTINUOUS
10
5.4044912204724405
20
-4.022609409448819
11
5.4045408267716537
21
-4.0224897244094491
0
LINE
8
BLACK
6
CONTINUOUS
10
5.4045408267716537
20
-4.0224897244094491
11
5.4050095275590548
21
-4.0220210236220471
0
LINE
8
BLACK
6
CONTINUOUS
10
5.4050095275590548
20
-4.0220210236220471
11
5.4051292125984247
21
-4.0219714173228347
0
LINE
8
BLACK
6
CONTINUOUS
10
5.4051292125984247
20
-4.0219714173228347
11
5.4052141732283463
21
-4.0218735039370079
0
LINE
8
BLACK
6
CONTINUOUS
10
5.4052141732283463
20
-4.0218735039370079
11
5.4061515354330707
21
-4.0214048425196847
0
LINE
8
BLACK
6
CONTINUOUS
10
5.4061515354330707
20
-4.0214048425196847
11
5.4063343307086615
21
-4.0213918503937007
0
LINE
8
BLACK
6
CONTINUOUS
10
5.4063343307086615
20
-4.0213918503937007
11
5.4065036614173225
21
-4.0213217322834645
0
LINE
8
BLACK
6
CONTINUOUS
10
5.4065036614173225
20
-4.0213217322834645
11
5.4088471259842521
21
-4.0213217322834645
0
LINE
8
BLACK
6
CONTINUOUS
10
5.4088471259842521
20
-4.0213217322834645
11
5.4090164173228343
21
-4.0213918503937007
0
LINE
8
BLACK
6
CONTINUOUS
10
5.4060326377952759
20
-4.0232249606299213
11
5.4057447244094483
21
-4.023512874015748
0
LINE
8
BLACK
6
CONTINUOUS
10
5.4057447244094483
20
-4.023512874015748
11
5.4054162992125985
21
-4.0241697637795273
0
LINE
8
BLACK
6
CONTINUOUS
10
5.4054162992125985
20
-4.0241697637795273
11
5.4054162992125985
21
-4.0256727559055117
0
LINE
8
BLACK
6
CONTINUOUS
10
5.4054162992125985
20
-4.0256727559055117
11
5.4057446850393696
21
-4.0263295669291335
0
LINE
8
BLACK
6
CONTINUOUS
10
5.4057446850393696
20
-4.0263295669291335
11
5.4060327165354334
21
-4.0266175984251964
0
LINE
8
BLACK
6
CONTINUOUS
10
5.4060327165354334
20
-4.0266175984251964
11
5.4066895669291339
21
-4.0269460236220471
0
LINE
8
BLACK
6
CONTINUOUS
10
5.4066895669291339
20
-4.0269460236220471
11
5.4086612204724407
21
-4.0269460236220471
0
LINE
8
BLACK
6
CONTINUOUS
10
5.4086612204724407
20
-4.0269460236220471
11
5.4093180314960625
21
-4.0266175984251964
0
LINE
8
BLACK
6
CONTINUOUS
10
5.4093180314960625
20
-4.0266175984251964
11
5.4096060629921254
21
-4.0263296062992122
0
LINE
8
BLACK
6
CONTINUOUS
10
5.4096060629921254
20
-4.0263296062992122
11
5.4099344881889762
21
-4.0256727559055117
0
LINE
8
BLACK
6
CONTINUOUS
10
5.4099344881889762
20
-4.0256727559055117
11
5.4099344881889762
21
-4.024169803149606
0
LINE
8
BLACK
6
CONTINUOUS
10
5.4099344881889762
20
-4.024169803149606
11
5.4096060236220467
21
-4.023512874015748
0
LINE
8
BLACK
6
CONTINUOUS
10
5.4096060236220467
20
-4.023512874015748
11
5.4093180708661412
21
-4.0232249212598425
0
LINE
8
BLACK
6
CONTINUOUS
10
5.4093180708661412
20
-4.0232249212598425
11
5.4086612204724407
21
-4.0228965354330706
0
LINE
8
BLACK
6
CONTINUOUS
10
5.4086612204724407
20
-4.0228965354330706
11
5.4066895669291339
21
-4.0228965354330706
0
LINE
8
BLACK
6
CONTINUOUS
10
5.4066895669291339
20
-4.0228965354330706
11
5.4060326377952759
21
-4.0232249606299213
0
LINE
8
BLACK
6
CONTINUOUS
10
5.410345393700787
20
-4.0115174015748032
11
5.4104441338582676
21
-4.0115027165354329
0
LINE
8
BLACK
6
CONTINUOUS
10
5.4104441338582676
20
-4.0115027165354329
11
5.4123188976377952
21
-4.0119713779527562
0
LINE
8
BLACK
6
CONTINUOUS
10
5.4123188976377952
20
-4.0119713779527562
11
5.4123907480314957
21
-4.0120246062992129
0
LINE
8
BLACK
6
CONTINUOUS
10
5.4123907480314957
20
-4.0120246062992129
11
5.412480078740157
21
-4.0120309842519681
0
LINE
8
BLACK
6
CONTINUOUS
10
5.412480078740157
20
-4.0120309842519681
11
5.4134174803149602
21
-4.0124996850393702
0
LINE
8
BLACK
6
CONTINUOUS
10
5.4134174803149602
20
-4.0124996850393702
11
5.413502401574803
21
-4.0125975984251969
0
LINE
8
BLACK
6
CONTINUOUS
10
5.413502401574803
20
-4.0125975984251969
11
5.4136221259842516
21
-4.0126472047244093
0
LINE
8
BLACK
6
CONTINUOUS
10
5.4136221259842516
20
-4.0126472047244093
11
5.4145595275590548
21
-4.0135846062992124
0
LINE
8
BLACK
6
CONTINUOUS
10
5.4145595275590548
20
-4.0135846062992124
11
5.4146296456692911
21
-4.0137539370078743
0
LINE
8
BLACK
6
CONTINUOUS
10
5.4146296456692911
20
-4.0137539370078743
11
5.4147497637795272
21
-4.013892401574803
0
LINE
8
BLACK
6
CONTINUOUS
10
5.4147497637795272
20
-4.013892401574803
11
5.4152184251968505
21
-4.0152984645669294
0
LINE
8
BLACK
6
CONTINUOUS
10
5.4152184251968505
20
-4.0152984645669294
11
5.415209212598425
21
-4.0154277165354326
0
LINE
8
BLACK
6
CONTINUOUS
10
5.415209212598425
20
-4.0154277165354326
11
5.4152588188976374
21
-4.0155474409448821
0
LINE
8
BLACK
6
CONTINUOUS
10
5.4152588188976374
20
-4.0155474409448821
11
5.4152588188976374
21
-4.0164848031496065
0
LINE
8
BLACK
6
CONTINUOUS
10
5.4152588188976374
20
-4.0164848031496065
11
5.415209212598425
21
-4.0166044881889764
0
LINE
8
BLACK
6
CONTINUOUS
10
5.415209212598425
20
-4.0166044881889764
11
5.4152184251968505
21
-4.0167337795275593
0
LINE
8
BLACK
6
CONTINUOUS
10
5.4152184251968505
20
-4.0167337795275593
11
5.4147497637795272
21
-4.0181398818897636
0
LINE
8
BLACK
6
CONTINUOUS
10
5.4147497637795272
20
-4.0181398818897636
11
5.4146296456692911
21
-4.0182783464566931
0
LINE
8
BLACK
6
CONTINUOUS
10
5.4146296456692911
20
-4.0182783464566931
11
5.4145595275590548
21
-4.0184476771653541
0
LINE
8
BLACK
6
CONTINUOUS
10
5.4145595275590548
20
-4.0184476771653541
11
5.4140908267716537
21
-4.0189163779527561
0
LINE
8
BLACK
6
CONTINUOUS
10
5.4140908267716537
20
-4.0189163779527561
11
5.4135340157480316
21
-4.0191469685039367
0
LINE
8
BLACK
6
CONTINUOUS
10
5.4135340157480316
20
-4.0191469685039367
11
5.4129772440944883
21
-4.0189163385826774
0
LINE
8
BLACK
6
CONTINUOUS
10
5.4129772440944883
20
-4.0189163385826774
11
5.4127466535433069
21
-4.0183595275590553
0
LINE
8
BLACK
6
CONTINUOUS
10
5.4127466535433069
20
-4.0183595275590553
11
5.4129772834645671
21
-4.0178027559055121
0
LINE
8
BLACK
6
CONTINUOUS
10
5.4129772834645671
20
-4.0178027559055121
11
5.4133145275590548
21
-4.0174655511811022
0
LINE
8
BLACK
6
CONTINUOUS
10
5.4133145275590548
20
-4.0174655511811022
11
5.4136840157480313
21
-4.0163570078740154
0
LINE
8
BLACK
6
CONTINUOUS
10
5.4136840157480313
20
-4.0163570078740154
11
5.4136840157480313
21
-4.0156752362204724
0
LINE
8
BLACK
6
CONTINUOUS
10
5.4136840157480313
20
-4.0156752362204724
11
5.4133144881889761
21
-4.0145666535433069
0
LINE
8
BLACK
6
CONTINUOUS
10
5.4133144881889761
20
-4.0145666535433069
11
5.412598937007874
21
-4.0138511023622048
0
LINE
8
BLACK
6
CONTINUOUS
10
5.412598937007874
20
-4.0138511023622048
11
5.41185311023622
21
-4.0134781889763778
0
LINE
8
BLACK
6
CONTINUOUS
10
5.41185311023622
20
-4.0134781889763778
11
5.4101562598425197
21
-4.0130540157480317
0
LINE
8
BLACK
6
CONTINUOUS
10
5.4101562598425197
20
-4.0130540157480317
11
5.4089440551181101
21
-4.0130540157480317
0
LINE
8
BLACK
6
CONTINUOUS
10
5.4089440551181101
20
-4.0130540157480317
11
5.4072472047244089
21
-4.0134781889763778
0
LINE
8
BLACK
6
CONTINUOUS
10
5.4072472047244089
20
-4.0134781889763778
11
5.4065014173228345
21
-4.0138511023622048
0
LINE
8
BLACK
6
CONTINUOUS
10
5.4065014173228345
20
-4.0138511023622048
11
5.4057858267716536
21
-4.0145666535433069
0
LINE
8
BLACK
6
CONTINUOUS
10
5.4057858267716536
20
-4.0145666535433069
11
5.4054162992125985
21
-4.0156752755905512
0
LINE
8
BLACK
6
CONTINUOUS
10
5.4054162992125985
20
-4.0156752755905512
11
5.4054162992125985
21
-4.0163569685039366
0
LINE
8
BLACK
6
CONTINUOUS
10
5.4054162992125985
20
-4.0163569685039366
11
5.4057857874015749
21
-4.0174655118110234
0
LINE
8
BLACK
6
CONTINUOUS
10
5.4057857874015749
20
-4.0174655118110234
11
5.4061230708661414
21
-4.0178027952755908
0
LINE
8
BLACK
6
CONTINUOUS
10
5.4061230708661414
20
-4.0178027952755908
11
5.4063537007874016
21
-4.0183595669291341
0
LINE
8
BLACK
6
CONTINUOUS
10
5.4063537007874016
20
-4.0183595669291341
11
5.4061231102362202
21
-4.0189163385826774
0
LINE
8
BLACK
6
CONTINUOUS
10
5.4061231102362202
20
-4.0189163385826774
11
5.4055663385826769
21
-4.0191469685039367
0
LINE
8
BLACK
6
CONTINUOUS
10
5.4055663385826769
20
-4.0191469685039367
11
5.4050095669291336
21
-4.0189163779527561
0
LINE
8
BLACK
6
CONTINUOUS
10
5.4050095669291336
20
-4.0189163779527561
11
5.4045408267716537
21
-4.0184477165354329
0
LINE
8
BLACK
6
CONTINUOUS
10
5.4045408267716537
20
-4.0184477165354329
11
5.4044706692913387
21
-4.0182783464566931
0
LINE
8
BLACK
6
CONTINUOUS
10
5.4044706692913387
20
-4.0182783464566931
11
5.4043505905511813
21
-4.0181399212598423
0
LINE
8
BLACK
6
CONTINUOUS
10
5.4043505905511813
20
-4.0181399212598423
11
5.4038818897637793
21
-4.016733818897638
0
LINE
8
BLACK
6
CONTINUOUS
10
5.4038818897637793
20
-4.016733818897638
11
5.403891062992126
21
-4.0166044881889764
0
LINE
8
BLACK
6
CONTINUOUS
10
5.403891062992126
20
-4.0166044881889764
11
5.4038414960629924
21
-4.0164848031496065
0
LINE
8
BLACK
6
CONTINUOUS
10
5.4038414960629924
20
-4.0164848031496065
11
5.4038414960629924
21
-4.0155474409448821
0
LINE
8
BLACK
6
CONTINUOUS
10
5.4038414960629924
20
-4.0155474409448821
11
5.403891062992126
21
-4.0154277165354326
0
LINE
8
BLACK
6
CONTINUOUS
10
5.403891062992126
20
-4.0154277165354326
11
5.4038818897637793
21
-4.0152984251968507
0
LINE
8
BLACK
6
CONTINUOUS
10
5.4038818897637793
20
-4.0152984251968507
11
5.4043505905511813
21
-4.0138923622047242
0
LINE
8
BLACK
6
CONTINUOUS
10
5.4043505905511813
20
-4.0138923622047242
11
5.4044706692913387
21
-4.0137538582677168
0
LINE
8
BLACK
6
CONTINUOUS
10
5.4044706692913387
20
-4.0137538582677168
11
5.4045408267716537
21
-4.0135846062992124
0
LINE
8
BLACK
6
CONTINUOUS
10
5.4045408267716537
20
-4.0135846062992124
11
5.4054782283464569
21
-4.0126472047244093
0
LINE
8
BLACK
6
CONTINUOUS
10
5.4054782283464569
20
-4.0126472047244093
11
5.4055979133858267
21
-4.0125975984251969
0
LINE
8
BLACK
6
CONTINUOUS
10
5.4055979133858267
20
-4.0125975984251969
11
5.4056828346456696
21
-4.0124997244094489
0
LINE
8
BLACK
6
CONTINUOUS
10
5.4056828346456696
20
-4.0124997244094489
11
5.406620196850394
21
-4.0120310236220469
0
LINE
8
BLACK
6
CONTINUOUS
10
5.406620196850394
20
-4.0120310236220469
11
5.4067094488188978
21
-4.0120246456692916
0
LINE
8
BLACK
6
CONTINUOUS
10
5.4067094488188978
20
-4.0120246456692916
11
5.4067814173228346
21
-4.0119713779527562
0
LINE
8
BLACK
6
CONTINUOUS
10
5.4067814173228346
20
-4.0119713779527562
11
5.4086561417322834
21
-4.0115027165354329
0
LINE
8
BLACK
6
CONTINUOUS
10
5.4086561417322834
20
-4.0115027165354329
11
5.4087548818897639
21
-4.0115174015748032
0
LINE
8
BLACK
6
CONTINUOUS
10
5.4087548818897639
20
-4.0115174015748032
11
5.4088471259842521
21
-4.0114792125984255
0
LINE
8
BLACK
6
CONTINUOUS
10
5.4088471259842521
20
-4.0114792125984255
11
5.4102531889763776
21
-4.0114792125984255
0
LINE
8
BLACK
6
CONTINUOUS
10
5.4102531889763776
20
-4.0114792125984255
11
5.410345393700787
21
-4.0115174015748032
0
LINE
8
BLACK
6
CONTINUOUS
10
5.4198425196850391
20
-3.9983464566929134
11
5.4212344488188977
21
-3.9989230314960631
0
LINE
8
BLACK
6
CONTINUOUS
10
5.4212344488188977
20
-3.9989230314960631
11
5.4218110236220474
21
-4.0003149606299209
0
LINE
8
BLACK
6
CONTINUOUS
10
5.4218110236220474
20
-4.0003149606299209
11
5.4218110236220474
21
-4.0396850393700783
0
LINE
8
BLACK
6
CONTINUOUS
10
5.4218110236220474
20
-4.0396850393700783
11
5.4212344488188977
21
-4.0410769685039369
0
LINE
8
BLACK
6
CONTINUOUS
10
5.4212344488188977
20
-4.0410769685039369
11
5.4198425196850391
21
-4.0416535433070866
0
LINE
8
BLACK
6
CONTINUOUS
10
5.4198425196850391
20
-4.0416535433070866
11
5.4001574803149603
21
-4.0416535433070866
0
LINE
8
BLACK
6
CONTINUOUS
10
5.4001574803149603
20
-4.0416535433070866
11
5.3987655511811026
21
-4.0410769685039369
0
LINE
8
BLACK
6
CONTINUOUS
10
5.3987655511811026
20
-4.0410769685039369
11
5.3981889763779529
21
-4.0396850393700783
0
LINE
8
BLACK
6
CONTINUOUS
10
5.3981889763779529
20
-4.0396850393700783
11
5.3981889763779529
21
-4.0003149606299209
0
LINE
8
BLACK
6
CONTINUOUS
10
5.3981889763779529
20
-4.0003149606299209
11
5.3987655511811026
21
-3.9989230314960631
0
LINE
8
BLACK
6
CONTINUOUS
10
5.3987655511811026
20
-3.9989230314960631
11
5.4001574803149603
21
-3.9983464566929134
0
LINE
8
BLACK
6
CONTINUOUS
10
5.4001574803149603
20
-3.9983464566929134
11
5.4198425196850391
21
-3.9983464566929134
0
LINE
8
BLACK
6
CONTINUOUS
10
5.4021259842519687
20
-4.0022834645669292
11
5.4021259842519687
21
-4.0377165354330709
0
LINE
8
BLACK
6
CONTINUOUS
10
5.4021259842519687
20
-4.0377165354330709
11
5.4178740157480316
21
-4.0377165354330709
0
LINE
8
BLACK
6
CONTINUOUS
10
5.4178740157480316
20
-4.0377165354330709
11
5.4178740157480316
21
-4.0022834645669292
0
LINE
8
BLACK
6
CONTINUOUS
10
5.4178740157480316
20
-4.0022834645669292
11
5.4021259842519687
21
-4.0022834645669292
0
LINE
8
BLACK
6
CONTINUOUS
10
4.9260175196850389
20
-3.904180118110236
11
4.9337723622047243
21
-3.9065325196850393
0
LINE
8
BLACK
6
CONTINUOUS
10
4.9337723622047243
20
-3.9065325196850393
11
4.9409192519685039
21
-3.9103526377952753
0
LINE
8
BLACK
6
CONTINUOUS
10
4.9409192519685039
20
-3.9103526377952753
11
4.9471835433070863
21
-3.915493622047244
0
LINE
8
BLACK
6
CONTINUOUS
10
4.9471835433070863
20
-3.915493622047244
11
4.9523245275590551
21
-3.9217579133858265
0
LINE
8
BLACK
6
CONTINUOUS
10
4.9523245275590551
20
-3.9217579133858265
11
4.9561446456692915
21
-3.9289048031496061
0
LINE
8
BLACK
6
CONTINUOUS
10
4.9561446456692915
20
-3.9289048031496061
11
4.9584970472440943
21
-3.9366596456692911
0
LINE
8
BLACK
6
CONTINUOUS
10
4.9584970472440943
20
-3.9366596456692911
11
4.9592913385826769
21
-3.9447244094488187
0
LINE
8
BLACK
6
CONTINUOUS
10
4.9592913385826769
20
-3.9447244094488187
11
4.9584970472440943
21
-3.9527891732283464
0
LINE
8
BLACK
6
CONTINUOUS
10
4.9584970472440943
20
-3.9527891732283464
11
4.9561446456692915
21
-3.9605440157480314
0
LINE
8
BLACK
6
CONTINUOUS
10
4.9561446456692915
20
-3.9605440157480314
11
4.9523245275590551
21
-3.967690905511811
0
LINE
8
BLACK
6
CONTINUOUS
10
4.9523245275590551
20
-3.967690905511811
11
4.9471835433070863
21
-3.9739551968503934
0
LINE
8
BLACK
6
CONTINUOUS
10
4.9471835433070863
20
-3.9739551968503934
11
4.9409192519685039
21
-3.9790961811023622
0
LINE
8
BLACK
6
CONTINUOUS
10
4.9409192519685039
20
-3.9790961811023622
11
4.9337723622047243
21
-3.9829162992125982
0
LINE
8
BLACK
6
CONTINUOUS
10
4.9337723622047243
20
-3.9829162992125982
11
4.9260175196850389
21
-3.9852687007874015
0
LINE
8
BLACK
6
CONTINUOUS
10
4.9260175196850389
20
-3.9852687007874015
11
4.9179527559055121
21
-3.986062992125984
0
LINE
8
BLACK
6
CONTINUOUS
10
4.9179527559055121
20
-3.986062992125984
11
4.9098879921259844
21
-3.9852687007874015
0
LINE
8
BLACK
6
CONTINUOUS
10
4.9098879921259844
20
-3.9852687007874015
11
4.902133149606299
21
-3.9829162992125982
0
LINE
8
BLACK
6
CONTINUOUS
10
4.902133149606299
20
-3.9829162992125982
11
4.8949862598425193
21
-3.9790961811023622
0
LINE
8
BLACK
6
CONTINUOUS
10
4.8949862598425193
20
-3.9790961811023622
11
4.8887219685039369
21
-3.9739551968503934
0
LINE
8
BLACK
6
CONTINUOUS
10
4.8887219685039369
20
-3.9739551968503934
11
4.8835809842519682
21
-3.967690905511811
0
LINE
8
BLACK
6
CONTINUOUS
10
4.8835809842519682
20
-3.967690905511811
11
4.8797608661417318
21
-3.9605440157480314
0
LINE
8
BLACK
6
CONTINUOUS
10
4.8797608661417318
20
-3.9605440157480314
11
4.8774084645669289
21
-3.9527891732283464
0
LINE
8
BLACK
6
CONTINUOUS
10
4.8774084645669289
20
-3.9527891732283464
11
4.8766141732283463
21
-3.9447244094488187
0
LINE
8
BLACK
6
CONTINUOUS
10
4.8766141732283463
20
-3.9447244094488187
11
4.8774084645669289
21
-3.9366596456692911
0
LINE
8
BLACK
6
CONTINUOUS
10
4.8774084645669289
20
-3.9366596456692911
11
4.8797608661417318
21
-3.9289048031496061
0
LINE
8
BLACK
6
CONTINUOUS
10
4.8797608661417318
20
-3.9289048031496061
11
4.8835809842519682
21
-3.9217579133858265
0
LINE
8
BLACK
6
CONTINUOUS
10
4.8835809842519682
20
-3.9217579133858265
11
4.8887219685039369
21
-3.915493622047244
0
LINE
8
BLACK
6
CONTINUOUS
10
4.8887219685039369
20
-3.915493622047244
11
4.8949862598425193
21
-3.9103526377952753
0
LINE
8
BLACK
6
CONTINUOUS
10
4.8949862598425193
20
-3.9103526377952753
11
4.902133149606299
21
-3.9065325196850393
0
LINE
8
BLACK
6
CONTINUOUS
10
4.902133149606299
20
-3.9065325196850393
11
4.9098879921259844
21
-3.904180118110236
0
LINE
8
BLACK
6
CONTINUOUS
10
4.9098879921259844
20
-3.904180118110236
11
4.9179527559055121
21
-3.9033858267716535
0
LINE
8
BLACK
6
CONTINUOUS
10
4.9179527559055121
20
-3.9033858267716535
11
4.9260175196850389
21
-3.904180118110236
0
LINE
8
BLACK
6
CONTINUOUS
10
4.8810923228346459
20
-3.9520564173228347
11
4.8832309842519681
21
-3.9591066141732281
0
LINE
8
BLACK
6
CONTINUOUS
10
4.8832309842519681
20
-3.9591066141732281
11
4.8867040157480313
21
-3.9656041732283462
0
LINE
8
BLACK
6
CONTINUOUS
10
4.8867040157480313
20
-3.9656041732283462
11
4.8913778740157481
21
-3.9712992913385827
0
LINE
8
BLACK
6
CONTINUOUS
10
4.8913778740157481
20
-3.9712992913385827
11
4.8970729921259846
21
-3.9759731496062991
0
LINE
8
BLACK
6
CONTINUOUS
10
4.8970729921259846
20
-3.9759731496062991
11
4.9035705511811019
21
-3.9794461811023623
0
LINE
8
BLACK
6
CONTINUOUS
10
4.9035705511811019
20
-3.9794461811023623
11
4.9106207480314961
21
-3.9815848425196849
0
LINE
8
BLACK
6
CONTINUOUS
10
4.9106207480314961
20
-3.9815848425196849
11
4.9179527559055121
21
-3.982306968503937
0
LINE
8
BLACK
6
CONTINUOUS
10
4.9179527559055121
20
-3.982306968503937
11
4.9252847637795272
21
-3.9815848425196849
0
LINE
8
BLACK
6
CONTINUOUS
10
4.9252847637795272
20
-3.9815848425196849
11
4.9323349606299214
21
-3.9794461811023623
0
LINE
8
BLACK
6
CONTINUOUS
10
4.9323349606299214
20
-3.9794461811023623
11
4.9388325196850396
21
-3.9759731496062991
0
LINE
8
BLACK
6
CONTINUOUS
10
4.9388325196850396
20
-3.9759731496062991
11
4.9445276377952752
21
-3.9712992913385827
0
LINE
8
BLACK
6
CONTINUOUS
10
4.9445276377952752
20
-3.9712992913385827
11
4.949201496062992
21
-3.9656041732283462
0
LINE
8
BLACK
6
CONTINUOUS
10
4.949201496062992
20
-3.9656041732283462
11
4.9526745275590551
21
-3.9591066141732281
0
LINE
8
BLACK
6
CONTINUOUS
10
4.9526745275590551
20
-3.9591066141732281
11
4.9548131889763782
21
-3.9520564173228347
0
LINE
8
BLACK
6
CONTINUOUS
10
4.9548131889763782
20
-3.9520564173228347
11
4.9555353149606294
21
-3.9447244094488187
0
LINE
8
BLACK
6
CONTINUOUS
10
4.9555353149606294
20
-3.9447244094488187
11
4.9548131889763782
21
-3.9373924015748032
0
LINE
8
BLACK
6
CONTINUOUS
10
4.9548131889763782
20
-3.9373924015748032
11
4.9526745275590551
21
-3.9303422047244094
0
LINE
8
BLACK
6
CONTINUOUS
10
4.9526745275590551
20
-3.9303422047244094
11
4.949201496062992
21
-3.9238446456692913
0
LINE
8
BLACK
6
CONTINUOUS
10
4.949201496062992
20
-3.9238446456692913
11
4.9445276377952752
21
-3.9181495275590552
0
LINE
8
BLACK
6
CONTINUOUS
10
4.9445276377952752
20
-3.9181495275590552
11
4.9388325196850396
21
-3.9134756692913384
0
LINE
8
BLACK
6
CONTINUOUS
10
4.9388325196850396
20
-3.9134756692913384
11
4.9323349606299214
21
-3.9100026377952757
0
LINE
8
BLACK
6
CONTINUOUS
10
4.9323349606299214
20
-3.9100026377952757
11
4.9252847637795272
21
-3.9078639763779526
0
LINE
8
BLACK
6
CONTINUOUS
10
4.9252847637795272
20
-3.9078639763779526
11
4.9179527559055121
21
-3.9071418503937005
0
LINE
8
BLACK
6
CONTINUOUS
10
4.9179527559055121
20
-3.9071418503937005
11
4.9106207480314961
21
-3.9078639763779526
0
LINE
8
BLACK
6
CONTINUOUS
10
4.9106207480314961
20
-3.9078639763779526
11
4.9035705511811019
21
-3.9100026377952757
0
LINE
8
BLACK
6
CONTINUOUS
10
4.9035705511811019
20
-3.9100026377952757
11
4.8970729921259846
21
-3.9134756692913384
0
LINE
8
BLACK
6
CONTINUOUS
10
4.8970729921259846
20
-3.9134756692913384
11
4.8913778740157481
21
-3.9181495275590552
0
LINE
8
BLACK
6
CONTINUOUS
10
4.8913778740157481
20
-3.9181495275590552
11
4.8867040157480313
21
-3.9238446456692913
0
LINE
8
BLACK
6
CONTINUOUS
10
4.8867040157480313
20
-3.9238446456692913
11
4.8832309842519681
21
-3.9303422047244094
0
LINE
8
BLACK
6
CONTINUOUS
10
4.8832309842519681
20
-3.9303422047244094
11
4.8810923228346459
21
-3.9373924015748032
0
LINE
8
BLACK
6
CONTINUOUS
10
4.8810923228346459
20
-3.9373924015748032
11
4.8803701968503939
21
-3.9447244094488187
0
LINE
8
BLACK
6
CONTINUOUS
10
4.8803701968503939
20
-3.9447244094488187
11
4.8810923228346459
21
-3.9520564173228347
0
LINE
8
BLACK
6
CONTINUOUS
10
5.0953088582677166
20
-3.904180118110236
11
5.1030637007874011
21
-3.9065325196850393
0
LINE
8
BLACK
6
CONTINUOUS
10
5.1030637007874011
20
-3.9065325196850393
11
5.1102105905511808
21
-3.9103526377952753
0
LINE
8
BLACK
6
CONTINUOUS
10
5.1102105905511808
20
-3.9103526377952753
11
5.1164748818897641
21
-3.915493622047244
0
LINE
8
BLACK
6
CONTINUOUS
10
5.1164748818897641
20
-3.915493622047244
11
5.1216158661417319
21
-3.9217579133858265
0
LINE
8
BLACK
6
CONTINUOUS
10
5.1216158661417319
20
-3.9217579133858265
11
5.1254359842519683
21
-3.9289048031496061
0
LINE
8
BLACK
6
CONTINUOUS
10
5.1254359842519683
20
-3.9289048031496061
11
5.1277883858267712
21
-3.9366596456692911
0
LINE
8
BLACK
6
CONTINUOUS
10
5.1277883858267712
20
-3.9366596456692911
11
5.1285826771653547
21
-3.9447244094488187
0
LINE
8
BLACK
6
CONTINUOUS
10
5.1285826771653547
20
-3.9447244094488187
11
5.1277883858267712
21
-3.9527891732283464
0
LINE
8
BLACK
6
CONTINUOUS
10
5.1277883858267712
20
-3.9527891732283464
11
5.1254359842519683
21
-3.9605440157480314
0
LINE
8
BLACK
6
CONTINUOUS
10
5.1254359842519683
20
-3.9605440157480314
11
5.1216158661417319
21
-3.967690905511811
0
LINE
8
BLACK
6
CONTINUOUS
10
5.1216158661417319
20
-3.967690905511811
11
5.1164748818897641
21
-3.9739551968503934
0
LINE
8
BLACK
6
CONTINUOUS
10
5.1164748818897641
20
-3.9739551968503934
11
5.1102105905511808
21
-3.9790961811023622
0
LINE
8
BLACK
6
CONTINUOUS
10
5.1102105905511808
20
-3.9790961811023622
11
5.1030637007874011
21
-3.9829162992125982
0
LINE
8
BLACK
6
CONTINUOUS
10
5.1030637007874011
20
-3.9829162992125982
11
5.0953088582677166
21
-3.9852687007874015
0
LINE
8
BLACK
6
CONTINUOUS
10
5.0953088582677166
20
-3.9852687007874015
11
5.0872440944881889
21
-3.986062992125984
0
LINE
8
BLACK
6
CONTINUOUS
10
5.0872440944881889
20
-3.986062992125984
11
5.0791793307086612
21
-3.9852687007874015
0
LINE
8
BLACK
6
CONTINUOUS
10
5.0791793307086612
20
-3.9852687007874015
11
5.0714244881889758
21
-3.9829162992125982
0
LINE
8
BLACK
6
CONTINUOUS
10
5.0714244881889758
20
-3.9829162992125982
11
5.0642775984251971
21
-3.9790961811023622
0
LINE
8
BLACK
6
CONTINUOUS
10
5.0642775984251971
20
-3.9790961811023622
11
5.0580133070866138
21
-3.9739551968503934
0
LINE
8
BLACK
6
CONTINUOUS
10
5.0580133070866138
20
-3.9739551968503934
11
5.0528723228346459
21
-3.967690905511811
0
LINE
8
BLACK
6
CONTINUOUS
10
5.0528723228346459
20
-3.967690905511811
11
5.0490522047244095
21
-3.9605440157480314
0
LINE
8
BLACK
6
CONTINUOUS
10
5.0490522047244095
20
-3.9605440157480314
11
5.0466998031496058
21
-3.9527891732283464
0
LINE
8
BLACK
6
CONTINUOUS
10
5.0466998031496058
20
-3.9527891732283464
11
5.0459055118110232
21
-3.9447244094488187
0
LINE
8
BLACK
6
CONTINUOUS
10
5.0459055118110232
20
-3.9447244094488187
11
5.0466998031496058
21
-3.9366596456692911
0
LINE
8
BLACK
6
CONTINUOUS
10
5.0466998031496058
20
-3.9366596456692911
11
5.0490522047244095
21
-3.9289048031496061
0
LINE
8
BLACK
6
CONTINUOUS
10
5.0490522047244095
20
-3.9289048031496061
11
5.0528723228346459
21
-3.9217579133858265
0
LINE
8
BLACK
6
CONTINUOUS
10
5.0528723228346459
20
-3.9217579133858265
11
5.0580133070866138
21
-3.915493622047244
0
LINE
8
BLACK
6
CONTINUOUS
10
5.0580133070866138
20
-3.915493622047244
11
5.0642775984251971
21
-3.9103526377952753
0
LINE
8
BLACK
6
CONTINUOUS
10
5.0642775984251971
20
-3.9103526377952753
11
5.0714244881889758
21
-3.9065325196850393
0
LINE
8
BLACK
6
CONTINUOUS
10
5.0714244881889758
20
-3.9065325196850393
11
5.0791793307086612
21
-3.904180118110236
0
LINE
8
BLACK
6
CONTINUOUS
10
5.0791793307086612
20
-3.904180118110236
11
5.0872440944881889
21
-3.9033858267716535
0
LINE
8
BLACK
6
CONTINUOUS
10
5.0872440944881889
20
-3.9033858267716535
11
5.0953088582677166
21
-3.904180118110236
0
LINE
8
BLACK
6
CONTINUOUS
10
5.0503836614173228
20
-3.9520564173228347
11
5.0525223228346459
21
-3.9591066141732281
0
LINE
8
BLACK
6
CONTINUOUS
10
5.0525223228346459
20
-3.9591066141732281
11
5.0559953543307081
21
-3.9656041732283462
0
LINE
8
BLACK
6
CONTINUOUS
10
5.0559953543307081
20
-3.9656041732283462
11
5.0606692125984249
21
-3.9712992913385827
0
LINE
8
BLACK
6
CONTINUOUS
10
5.0606692125984249
20
-3.9712992913385827
11
5.0663643307086614
21
-3.9759731496062991
0
LINE
8
BLACK
6
CONTINUOUS
10
5.0663643307086614
20
-3.9759731496062991
11
5.0728618897637796
21
-3.9794461811023623
0
LINE
8
BLACK
6
CONTINUOUS
10
5.0728618897637796
20
-3.9794461811023623
11
5.0799120866141729
21
-3.9815848425196849
0
LINE
8
BLACK
6
CONTINUOUS
10
5.0799120866141729
20
-3.9815848425196849
11
5.0872440944881889
21
-3.982306968503937
0
LINE
8
BLACK
6
CONTINUOUS
10
5.0872440944881889
20
-3.982306968503937
11
5.0945761023622049
21
-3.9815848425196849
0
LINE
8
BLACK
6
CONTINUOUS
10
5.0945761023622049
20
-3.9815848425196849
11
5.1016262992125982
21
-3.9794461811023623
0
LINE
8
BLACK
6
CONTINUOUS
10
5.1016262992125982
20
-3.9794461811023623
11
5.1081238582677164
21
-3.9759731496062991
0
LINE
8
BLACK
6
CONTINUOUS
10
5.1081238582677164
20
-3.9759731496062991
11
5.1138189763779529
21
-3.9712992913385827
0
LINE
8
BLACK
6
CONTINUOUS
10
5.1138189763779529
20
-3.9712992913385827
11
5.1184928346456688
21
-3.9656041732283462
0
LINE
8
BLACK
6
CONTINUOUS
10
5.1184928346456688
20
-3.9656041732283462
11
5.121965866141732
21
-3.9591066141732281
0
LINE
8
BLACK
6
CONTINUOUS
10
5.121965866141732
20
-3.9591066141732281
11
5.1241045275590551
21
-3.9520564173228347
0
LINE
8
BLACK
6
CONTINUOUS
10
5.1241045275590551
20
-3.9520564173228347
11
5.1248266535433071
21
-3.9447244094488187
0
LINE
8
BLACK
6
CONTINUOUS
10
5.1248266535433071
20
-3.9447244094488187
11
5.1241045275590551
21
-3.9373924015748032
0
LINE
8
BLACK
6
CONTINUOUS
10
5.1241045275590551
20
-3.9373924015748032
11
5.121965866141732
21
-3.9303422047244094
0
LINE
8
BLACK
6
CONTINUOUS
10
5.121965866141732
20
-3.9303422047244094
11
5.1184928346456688
21
-3.9238446456692913
0
LINE
8
BLACK
6
CONTINUOUS
10
5.1184928346456688
20
-3.9238446456692913
11
5.1138189763779529
21
-3.9181495275590552
0
LINE
8
BLACK
6
CONTINUOUS
10
5.1138189763779529
20
-3.9181495275590552
11
5.1081238582677164
21
-3.9134756692913384
0
LINE
8
BLACK
6
CONTINUOUS
10
5.1081238582677164
20
-3.9134756692913384
11
5.1016262992125982
21
-3.9100026377952757
0
LINE
8
BLACK
6
CONTINUOUS
10
5.1016262992125982
20
-3.9100026377952757
11
5.0945761023622049
21
-3.9078639763779526
0
LINE
8
BLACK
6
CONTINUOUS
10
5.0945761023622049
20
-3.9078639763779526
11
5.0872440944881889
21
-3.9071418503937005
0
LINE
8
BLACK
6
CONTINUOUS
10
5.0872440944881889
20
-3.9071418503937005
11
5.0799120866141729
21
-3.9078639763779526
0
LINE
8
BLACK
6
CONTINUOUS
10
5.0799120866141729
20
-3.9078639763779526
11
5.0728618897637796
21
-3.9100026377952757
0
LINE
8
BLACK
6
CONTINUOUS
10
5.0728618897637796
20
-3.9100026377952757
11
5.0663643307086614
21
-3.9134756692913384
0
LINE
8
BLACK
6
CONTINUOUS
10
5.0663643307086614
20
-3.9134756692913384
11
5.0606692125984249
21
-3.9181495275590552
0
LINE
8
BLACK
6
CONTINUOUS
10
5.0606692125984249
20
-3.9181495275590552
11
5.0559953543307081
21
-3.9238446456692913
0
LINE
8
BLACK
6
CONTINUOUS
10
5.0559953543307081
20
-3.9238446456692913
11
5.0525223228346459
21
-3.9303422047244094
0
LINE
8
BLACK
6
CONTINUOUS
10
5.0525223228346459
20
-3.9303422047244094
11
5.0503836614173228
21
-3.9373924015748032
0
LINE
8
BLACK
6
CONTINUOUS
10
5.0503836614173228
20
-3.9373924015748032
11
5.0496615354330707
21
-3.9447244094488187
0
LINE
8
BLACK
6
CONTINUOUS
10
5.0496615354330707
20
-3.9447244094488187
11
5.0503836614173228
21
-3.9520564173228347
0
LINE
8
BLACK
6
CONTINUOUS
10
4.9826357874015743
20
-3.9138470078740157
11
4.9828051968503937
21
-3.9138361023622048
0
LINE
8
BLACK
6
CONTINUOUS
10
4.9828051968503937
20
-3.9138361023622048
11
4.9834957874015746
21
-3.9143435433070866
0
LINE
8
BLACK
6
CONTINUOUS
10
4.9834957874015746
20
-3.9143435433070866
11
4.9842379133858268
21
-3.9147720472440946
0
LINE
8
BLACK
6
CONTINUOUS
10
4.9842379133858268
20
-3.9147720472440946
11
4.9842959448818895
21
-3.9149315354330709
0
LINE
8
BLACK
6
CONTINUOUS
10
4.9842959448818895
20
-3.9149315354330709
11
4.984432834645669
21
-3.915032125984252
0
LINE
8
BLACK
6
CONTINUOUS
10
4.984432834645669
20
-3.915032125984252
11
4.9880201574803147
21
-3.9204131496062993
0
LINE
8
BLACK
6
CONTINUOUS
10
4.9880201574803147
20
-3.9204131496062993
11
4.9912241338582675
21
-3.9236171259842521
0
LINE
8
BLACK
6
CONTINUOUS
10
4.9912241338582675
20
-3.9236171259842521
11
4.9945450787401571
21
-3.9252775984251969
0
LINE
8
BLACK
6
CONTINUOUS
10
4.9945450787401571
20
-3.9252775984251969
11
4.9953687401574802
21
-3.9258885039370077
0
LINE
8
BLACK
6
CONTINUOUS
10
4.9953687401574802
20
-3.9258885039370077
11
4.9961720078740157
21
-3.9277416929133859
0
LINE
8
BLACK
6
CONTINUOUS
10
4.9961720078740157
20
-3.9277416929133859
11
4.9955961417322836
21
-3.9296777165354331
0
LINE
8
BLACK
6
CONTINUOUS
10
4.9955961417322836
20
-3.9296777165354331
11
4.9939105905511809
21
-3.9307905511811021
0
LINE
8
BLACK
6
CONTINUOUS
10
4.9939105905511809
20
-3.9307905511811021
11
4.99190405511811
21
-3.9305596456692911
0
LINE
8
BLACK
6
CONTINUOUS
10
4.99190405511811
20
-3.9305596456692911
11
4.9881545275590549
21
-3.9286848818897635
0
LINE
8
BLACK
6
CONTINUOUS
10
4.9881545275590549
20
-3.9286848818897635
11
4.9874454330708664
21
-3.9281589370078738
0
LINE
8
BLACK
6
CONTINUOUS
10
4.9874454330708664
20
-3.9281589370078738
11
4.9873871259842515
21
-3.9281317716535433
0
LINE
8
BLACK
6
CONTINUOUS
10
4.9873871259842515
20
-3.9281317716535433
11
4.9849287401574802
21
-3.9256733858267716
0
LINE
8
BLACK
6
CONTINUOUS
10
4.9849287401574802
20
-3.9256733858267716
11
4.9849287401574802
21
-3.9530873622047245
0
LINE
8
BLACK
6
CONTINUOUS
10
4.9849287401574802
20
-3.9530873622047245
11
4.9932245669291335
21
-3.9530873622047245
0
LINE
8
BLACK
6
CONTINUOUS
10
4.9932245669291335
20
-3.9530873622047245
11
4.994234488188976
21
-3.9532654330708659
0
LINE
8
BLACK
6
CONTINUOUS
10
4.994234488188976
20
-3.9532654330708659
11
4.9957817322834641
21
-3.95456374015748
0
LINE
8
BLACK
6
CONTINUOUS
10
4.9957817322834641
20
-3.95456374015748
11
4.9961324803149605
21
-3.9565528740157481
0
LINE
8
BLACK
6
CONTINUOUS
10
4.9961324803149605
20
-3.9565528740157481
11
4.995122559055118
21
-3.9583020472440942
0
LINE
8
BLACK
6
CONTINUOUS
10
4.995122559055118
20
-3.9583020472440942
11
4.9932245669291335
21
-3.9589928740157481
0
LINE
8
BLACK
6
CONTINUOUS
10
4.9932245669291335
20
-3.9589928740157481
11
4.9707274015748029
21
-3.9589928740157481
0
LINE
8
BLACK
6
CONTINUOUS
10
4.9707274015748029
20
-3.9589928740157481
11
4.9697174803149604
21
-3.9588148031496062
0
LINE
8
BLACK
6
CONTINUOUS
10
4.9697174803149604
20
-3.9588148031496062
11
4.9681702362204723
21
-3.9575164960629921
0
LINE
8
BLACK
6
CONTINUOUS
10
4.9681702362204723
20
-3.9575164960629921
11
4.9678194881889759
21
-3.9555273622047245
0
LINE
8
BLACK
6
CONTINUOUS
10
4.9678194881889759
20
-3.9555273622047245
11
4.9688294094488183
21
-3.9537781889763779
0
LINE
8
BLACK
6
CONTINUOUS
10
4.9688294094488183
20
-3.9537781889763779
11
4.9707274015748029
21
-3.9530873622047245
0
LINE
8
BLACK
6
CONTINUOUS
10
4.9707274015748029
20
-3.9530873622047245
11
4.9790232283464562
21
-3.9530873622047245
0
LINE
8
BLACK
6
CONTINUOUS
10
4.9790232283464562
20
-3.9530873622047245
11
4.9790232283464562
21
-3.9166700393700786
0
LINE
8
BLACK
6
CONTINUOUS
10
4.9790232283464562
20
-3.9166700393700786
11
4.9792012992125985
21
-3.9156601181102362
0
LINE
8
BLACK
6
CONTINUOUS
10
4.9792012992125985
20
-3.9156601181102362
11
4.9793103937007874
21
-3.9155300393700787
0
LINE
8
BLACK
6
CONTINUOUS
10
4.9793103937007874
20
-3.9155300393700787
11
4.9793290944881887
21
-3.9153612992125981
0
LINE
8
BLACK
6
CONTINUOUS
10
4.9793290944881887
20
-3.9153612992125981
11
4.9799487007874017
21
-3.9147693700787403
0
LINE
8
BLACK
6
CONTINUOUS
10
4.9799487007874017
20
-3.9147693700787403
11
4.9804996062992126
21
-3.914112874015748
0
LINE
8
BLACK
6
CONTINUOUS
10
4.9804996062992126
20
-3.914112874015748
11
4.9806668110236219
21
-3.9140833858267716
0
LINE
8
BLACK
6
CONTINUOUS
10
4.9806668110236219
20
-3.9140833858267716
11
4.9807896062992123
21
-3.9139661023622048
0
LINE
8
BLACK
6
CONTINUOUS
10
4.9807896062992123
20
-3.9139661023622048
11
4.9816447244094491
21
-3.9139109448818896
0
LINE
8
BLACK
6
CONTINUOUS
10
4.9816447244094491
20
-3.9139109448818896
11
4.9824887401574802
21
-3.9137621259842517
0
LINE
8
BLACK
6
CONTINUOUS
10
4.9824887401574802
20
-3.9137621259842517
11
4.9826357874015743
21
-3.9138470078740157
0
LINE
8
BLACK
6
CONTINUOUS
10
5.0348565748031495
20
-3.9147720472440946
11
5.035547401574803
21
-3.9166700393700786
0
LINE
8
BLACK
6
CONTINUOUS
10
5.035547401574803
20
-3.9166700393700786
11
5.035547401574803
21
-3.9485410236220471
0
LINE
8
BLACK
6
CONTINUOUS
10
5.035547401574803
20
-3.9485410236220471
11
5.0353693307086616
21
-3.9495509448818895
0
LINE
8
BLACK
6
CONTINUOUS
10
5.0353693307086616
20
-3.9495509448818895
11
5.0352558267716532
21
-3.9496861811023622
0
LINE
8
BLACK
6
CONTINUOUS
10
5.0352558267716532
20
-3.9496861811023622
11
5.035235669291338
21
-3.9498615354330706
0
LINE
8
BLACK
6
CONTINUOUS
10
5.035235669291338
20
-3.9498615354330706
11
5.0333609055118105
21
-3.9536110629921257
0
LINE
8
BLACK
6
CONTINUOUS
10
5.0333609055118105
20
-3.9536110629921257
11
5.0328349606299208
21
-3.9543201181102363
0
LINE
8
BLACK
6
CONTINUOUS
10
5.0328349606299208
20
-3.9543201181102363
11
5.0328077952755903
21
-3.9543784645669291
0
LINE
8
BLACK
6
CONTINUOUS
10
5.0328077952755903
20
-3.9543784645669291
11
5.0309330708661415
21
-3.9562532283464567
0
LINE
8
BLACK
6
CONTINUOUS
10
5.0309330708661415
20
-3.9562532283464567
11
5.030209881889764
21
-3.9567596062992125
0
LINE
8
BLACK
6
CONTINUOUS
10
5.030209881889764
20
-3.9567596062992125
11
5.0301656299212594
21
-3.956806377952756
0
LINE
8
BLACK
6
CONTINUOUS
10
5.0301656299212594
20
-3.956806377952756
11
5.0264161023622043
21
-3.9586811417322836
0
LINE
8
BLACK
6
CONTINUOUS
10
5.0264161023622043
20
-3.9586811417322836
11
5.0254331496062994
21
-3.958973503937008
0
LINE
8
BLACK
6
CONTINUOUS
10
5.0254331496062994
20
-3.958973503937008
11
5.0252614566929132
21
-3.9589324803149606
0
LINE
8
BLACK
6
CONTINUOUS
10
5.0252614566929132
20
-3.9589324803149606
11
5.0250955905511807
21
-3.9589928740157481
0
LINE
8
BLACK
6
CONTINUOUS
10
5.0250955905511807
20
-3.9589928740157481
11
5.0175965354330705
21
-3.9589928740157481
0
LINE
8
BLACK
6
CONTINUOUS
10
5.0175965354330705
20
-3.9589928740157481
11
5.016586614173228
21
-3.9588148031496062
0
LINE
8
BLACK
6
CONTINUOUS
10
5.016586614173228
20
-3.9588148031496062
11
5.0164513385826774
21
-3.9587012992125983
0
LINE
8
BLACK
6
CONTINUOUS
10
5.0164513385826774
20
-3.9587012992125983
11
5.0162760236220469
21
-3.9586811417322836
0
LINE
8
BLACK
6
CONTINUOUS
10
5.0162760236220469
20
-3.9586811417322836
11
5.0125264960629918
21
-3.956806377952756
0
LINE
8
BLACK
6
CONTINUOUS
10
5.0125264960629918
20
-3.956806377952756
11
5.0118173622047246
21
-3.9562803937007871
0
LINE
8
BLACK
6
CONTINUOUS
10
5.0118173622047246
20
-3.9562803937007871
11
5.0117590551181097
21
-3.9562532283464567
0
LINE
8
BLACK
6
CONTINUOUS
10
5.0117590551181097
20
-3.9562532283464567
11
5.0098842913385822
21
-3.9543784251968503
0
LINE
8
BLACK
6
CONTINUOUS
10
5.0098842913385822
20
-3.9543784251968503
11
5.0093779921259838
21
-3.9536553543307087
0
LINE
8
BLACK
6
CONTINUOUS
10
5.0093779921259838
20
-3.9536553543307087
11
5.0093312204724407
21
-3.9536110629921257
0
LINE
8
BLACK
6
CONTINUOUS
10
5.0093312204724407
20
-3.9536110629921257
11
5.0074564566929132
21
-3.9498615354330706
0
LINE
8
BLACK
6
CONTINUOUS
10
5.0074564566929132
20
-3.9498615354330706
11
5.0071640944881892
21
-3.9488785826771653
0
LINE
8
BLACK
6
CONTINUOUS
10
5.0071640944881892
20
-3.9488785826771653
11
5.0072050787401574
21
-3.9487068897637796
0
LINE
8
BLACK
6
CONTINUOUS
10
5.0072050787401574
20
-3.9487068897637796
11
5.0071447244094491
21
-3.9485410236220471
0
LINE
8
BLACK
6
CONTINUOUS
10
5.0071447244094491
20
-3.9485410236220471
11
5.0071447244094491
21
-3.9166700393700786
0
LINE
8
BLACK
6
CONTINUOUS
10
5.0071447244094491
20
-3.9166700393700786
11
5.0073227952755905
21
-3.9156601181102362
0
LINE
8
BLACK
6
CONTINUOUS
10
5.0073227952755905
20
-3.9156601181102362
11
5.0086211023622047
21
-3.914112874015748
0
LINE
8
BLACK
6
CONTINUOUS
10
5.0086211023622047
20
-3.914112874015748
11
5.0106102362204723
21
-3.9137621259842517
0
LINE
8
BLACK
6
CONTINUOUS
10
5.0106102362204723
20
-3.9137621259842517
11
5.0123594094488189
21
-3.9147720472440946
0
LINE
8
BLACK
6
CONTINUOUS
10
5.0123594094488189
20
-3.9147720472440946
11
5.0130502362204723
21
-3.9166700393700786
0
LINE
8
BLACK
6
CONTINUOUS
10
5.0130502362204723
20
-3.9166700393700786
11
5.0130502362204723
21
-3.9478439763779525
0
LINE
8
BLACK
6
CONTINUOUS
10
5.0130502362204723
20
-3.9478439763779525
11
5.0143989763779526
21
-3.9505414566929131
0
LINE
8
BLACK
6
CONTINUOUS
10
5.0143989763779526
20
-3.9505414566929131
11
5.0155961023622044
21
-3.9517386220472441
0
LINE
8
BLACK
6
CONTINUOUS
10
5.0155961023622044
20
-3.9517386220472441
11
5.0182935826771651
21
-3.9530873622047245
0
LINE
8
BLACK
6
CONTINUOUS
10
5.0182935826771651
20
-3.9530873622047245
11
5.0243985433070861
21
-3.9530873622047245
0
LINE
8
BLACK
6
CONTINUOUS
10
5.0243985433070861
20
-3.9530873622047245
11
5.027095984251968
21
-3.9517386220472441
0
LINE
8
BLACK
6
CONTINUOUS
10
5.027095984251968
20
-3.9517386220472441
11
5.0282931102362207
21
-3.9505414566929131
0
LINE
8
BLACK
6
CONTINUOUS
10
5.0282931102362207
20
-3.9505414566929131
11
5.0296418897637798
21
-3.9478439763779525
0
LINE
8
BLACK
6
CONTINUOUS
10
5.0296418897637798
20
-3.9478439763779525
11
5.0296418897637798
21
-3.9166700393700786
0
LINE
8
BLACK
6
CONTINUOUS
10
5.0296418897637798
20
-3.9166700393700786
11
5.0298199606299212
21
-3.9156601181102362
0
LINE
8
BLACK
6
CONTINUOUS
10
5.0298199606299212
20
-3.9156601181102362
11
5.0311182677165354
21
-3.914112874015748
0
LINE
8
BLACK
6
CONTINUOUS
10
5.0311182677165354
20
-3.914112874015748
11
5.033107401574803
21
-3.9137621259842517
0
LINE
8
BLACK
6
CONTINUOUS
10
5.033107401574803
20
-3.9137621259842517
11
5.0348565748031495
21
-3.9147720472440946
0
LINE
8
BLACK
6
CONTINUOUS
10
5.154074803149606
20
-3.8169164566929132
11
5.1575208267716537
21
-3.819807992125984
0
LINE
8
BLACK
6
CONTINUOUS
10
5.1575208267716537
20
-3.819807992125984
11
5.1597700393700787
21
-3.8237037401574803
0
LINE
8
BLACK
6
CONTINUOUS
10
5.1597700393700787
20
-3.8237037401574803
11
5.1605511811023623
21
-3.8281338582677162
0
LINE
8
BLACK
6
CONTINUOUS
10
5.1605511811023623
20
-3.8281338582677162
11
5.1597700393700787
21
-3.8325639763779527
0
LINE
8
BLACK
6
CONTINUOUS
10
5.1597700393700787
20
-3.8325639763779527
11
5.1575208267716537
21
-3.8364597244094489
0
LINE
8
BLACK
6
CONTINUOUS
10
5.1575208267716537
20
-3.8364597244094489
11
5.154074803149606
21
-3.8393512598425197
0
LINE
8
BLACK
6
CONTINUOUS
10
5.154074803149606
20
-3.8393512598425197
11
5.1498476377952755
21
-3.8408898425196849
0
LINE
8
BLACK
6
CONTINUOUS
10
5.1498476377952755
20
-3.8408898425196849
11
5.1453492125984255
21
-3.8408898425196849
0
LINE
8
BLACK
6
CONTINUOUS
10
5.1453492125984255
20
-3.8408898425196849
11
5.1411220472440942
21
-3.8393512598425197
0
LINE
8
BLACK
6
CONTINUOUS
10
5.1411220472440942
20
-3.8393512598425197
11
5.1376760236220473
21
-3.8364597244094489
0
LINE
8
BLACK
6
CONTINUOUS
10
5.1376760236220473
20
-3.8364597244094489
11
5.1354268110236223
21
-3.8325639763779527
0
LINE
8
BLACK
6
CONTINUOUS
10
5.1354268110236223
20
-3.8325639763779527
11
5.1346456692913387
21
-3.8281338582677162
0
LINE
8
BLACK
6
CONTINUOUS
10
5.1346456692913387
20
-3.8281338582677162
11
5.1354268110236223
21
-3.8237037401574803
0
LINE
8
BLACK
6
CONTINUOUS
10
5.1354268110236223
20
-3.8237037401574803
11
5.1376760236220473
21
-3.819807992125984
0
LINE
8
BLACK
6
CONTINUOUS
10
5.1376760236220473
20
-3.819807992125984
11
5.1411220472440942
21
-3.8169164566929132
0
LINE
8
BLACK
6
CONTINUOUS
10
5.1411220472440942
20
-3.8169164566929132
11
5.1453492125984255
21
-3.815377874015748
0
LINE
8
BLACK
6
CONTINUOUS
10
5.1453492125984255
20
-3.815377874015748
11
5.1498476377952755
21
-3.815377874015748
0
LINE
8
BLACK
6
CONTINUOUS
10
5.1498476377952755
20
-3.815377874015748
11
5.154074803149606
21
-3.8169164566929132
0
LINE
8
BLACK
6
CONTINUOUS
10
5.1410857874015745
20
-3.831270157480315
11
5.1430915354330704
21
-3.8337853149606298
0
LINE
8
BLACK
6
CONTINUOUS
10
5.1430915354330704
20
-3.8337853149606298
11
5.1459899212598428
21
-3.8351811023622044
0
LINE
8
BLACK
6
CONTINUOUS
10
5.1459899212598428
20
-3.8351811023622044
11
5.1492069291338582
21
-3.8351811023622044
0
LINE
8
BLACK
6
CONTINUOUS
10
5.1492069291338582
20
-3.8351811023622044
11
5.1521053149606297
21
-3.8337853149606298
0
LINE
8
BLACK
6
CONTINUOUS
10
5.1521053149606297
20
-3.8337853149606298
11
5.1541110629921256
21
-3.831270157480315
0
LINE
8
BLACK
6
CONTINUOUS
10
5.1541110629921256
20
-3.831270157480315
11
5.154826889763779
21
-3.8281338582677162
0
LINE
8
BLACK
6
CONTINUOUS
10
5.154826889763779
20
-3.8281338582677162
11
5.1541110629921256
21
-3.824997559055118
0
LINE
8
BLACK
6
CONTINUOUS
10
5.1541110629921256
20
-3.824997559055118
11
5.1521053149606297
21
-3.8224824015748031
0
LINE
8
BLACK
6
CONTINUOUS
10
5.1521053149606297
20
-3.8224824015748031
11
5.1492069291338582
21
-3.8210866141732285
0
LINE
8
BLACK
6
CONTINUOUS
10
5.1492069291338582
20
-3.8210866141732285
11
5.1459899212598428
21
-3.8210866141732285
0
LINE
8
BLACK
6
CONTINUOUS
10
5.1459899212598428
20
-3.8210866141732285
11
5.1430915354330704
21
-3.8224824015748031
0
LINE
8
BLACK
6
CONTINUOUS
10
5.1430915354330704
20
-3.8224824015748031
11
5.1410857874015745
21
-3.824997559055118
0
LINE
8
BLACK
6
CONTINUOUS
10
5.1410857874015745
20
-3.824997559055118
11
5.1403699606299211
21
-3.8281338582677162
0
LINE
8
BLACK
6
CONTINUOUS
10
5.1403699606299211
20
-3.8281338582677162
11
5.1410857874015745
21
-3.831270157480315
0
LINE
8
BLACK
6
CONTINUOUS
10
5.1672451181102357
20
-3.7633911811023619
11
5.1673743700787398
21
-3.7633684251968504
0
LINE
8
BLACK
6
CONTINUOUS
10
5.1673743700787398
20
-3.7633684251968504
11
5.1674879527559057
21
-3.7634340157480315
0
LINE
8
BLACK
6
CONTINUOUS
10
5.1674879527559057
20
-3.7634340157480315
11
5.1678715354330711
21
-3.7635016535433068
0
LINE
8
BLACK
6
CONTINUOUS
10
5.1678715354330711
20
-3.7635016535433068
11
5.1684592125984254
21
-3.7639947637795275
0
LINE
8
BLACK
6
CONTINUOUS
10
5.1684592125984254
20
-3.7639947637795275
11
5.1691235433070863
21
-3.7643783464566929
0
LINE
8
BLACK
6
CONTINUOUS
10
5.1691235433070863
20
-3.7643783464566929
11
5.1692146456692916
21
-3.7646286614173228
0
LINE
8
BLACK
6
CONTINUOUS
10
5.1692146456692916
20
-3.7646286614173228
11
5.1694187795275592
21
-3.7647999606299214
0
LINE
8
BLACK
6
CONTINUOUS
10
5.1694187795275592
20
-3.7647999606299214
11
5.1695520078740156
21
-3.7655555118110233
0
LINE
8
BLACK
6
CONTINUOUS
10
5.1695520078740156
20
-3.7655555118110233
11
5.1698143700787398
21
-3.766276338582677
0
LINE
8
BLACK
6
CONTINUOUS
10
5.1698143700787398
20
-3.766276338582677
11
5.1698143700787398
21
-3.8056464173228344
0
LINE
8
BLACK
6
CONTINUOUS
10
5.1698143700787398
20
-3.8056464173228344
11
5.1696362992125984
21
-3.8066563385826773
0
LINE
8
BLACK
6
CONTINUOUS
10
5.1696362992125984
20
-3.8066563385826773
11
5.1685814960629921
21
-3.8079133858267715
0
LINE
8
BLACK
6
CONTINUOUS
10
5.1685814960629921
20
-3.8079133858267715
11
5.1699212598425195
21
-3.8079133858267715
0
LINE
8
BLACK
6
CONTINUOUS
10
5.1699212598425195
20
-3.8079133858267715
11
5.1703047637795274
21
-3.8079809842519685
0
LINE
8
BLACK
6
CONTINUOUS
10
5.1703047637795274
20
-3.8079809842519685
11
5.1704340157480315
21
-3.8079582283464566
0
LINE
8
BLACK
6
CONTINUOUS
10
5.1704340157480315
20
-3.8079582283464566
11
5.1705475984251965
21
-3.8080238188976376
0
LINE
8
BLACK
6
CONTINUOUS
10
5.1705475984251965
20
-3.8080238188976376
11
5.1709311811023619
21
-3.8080914566929134
0
LINE
8
BLACK
6
CONTINUOUS
10
5.1709311811023619
20
-3.8080914566929134
11
5.1715188582677163
21
-3.8085845669291336
0
LINE
8
BLACK
6
CONTINUOUS
10
5.1715188582677163
20
-3.8085845669291336
11
5.1721831889763781
21
-3.808968149606299
0
LINE
8
BLACK
6
CONTINUOUS
10
5.1721831889763781
20
-3.808968149606299
11
5.1722742913385824
21
-3.8092184645669289
0
LINE
8
BLACK
6
CONTINUOUS
10
5.1722742913385824
20
-3.8092184645669289
11
5.1724784251968501
21
-3.8093897637795275
0
LINE
8
BLACK
6
CONTINUOUS
10
5.1724784251968501
20
-3.8093897637795275
11
5.1726116535433073
21
-3.8101453149606299
0
LINE
8
BLACK
6
CONTINUOUS
10
5.1726116535433073
20
-3.8101453149606299
11
5.1728740157480315
21
-3.8108661417322836
0
LINE
8
BLACK
6
CONTINUOUS
10
5.1728740157480315
20
-3.8108661417322836
11
5.1728740157480315
21
-4.0274015748031493
0
LINE
8
BLACK
6
CONTINUOUS
10
5.1728740157480315
20
-4.0274015748031493
11
5.1728063779527558
21
-4.0277850787401572
0
LINE
8
BLACK
6
CONTINUOUS
10
5.1728063779527558
20
-4.0277850787401572
11
5.1728291732283465
21
-4.0279143307086613
0
LINE
8
BLACK
6
CONTINUOUS
10
5.1728291732283465
20
-4.0279143307086613
11
5.1727635433070862
21
-4.0280279133858263
0
LINE
8
BLACK
6
CONTINUOUS
10
5.1727635433070862
20
-4.0280279133858263
11
5.1726959448818892
21
-4.0284114960629918
0
LINE
8
BLACK
6
CONTINUOUS
10
5.1726959448818892
20
-4.0284114960629918
11
5.1722027952755907
21
-4.0289991732283461
0
LINE
8
BLACK
6
CONTINUOUS
10
5.1722027952755907
20
-4.0289991732283461
11
5.171819251968504
21
-4.0296635039370079
0
LINE
8
BLACK
6
CONTINUOUS
10
5.171819251968504
20
-4.0296635039370079
11
5.1715688976377949
21
-4.0297546062992122
0
LINE
8
BLACK
6
CONTINUOUS
10
5.1715688976377949
20
-4.0297546062992122
11
5.1713976377952751
21
-4.0299587401574799
0
LINE
8
BLACK
6
CONTINUOUS
10
5.1713976377952751
20
-4.0299587401574799
11
5.1706420472440939
21
-4.0300919685039371
0
LINE
8
BLACK
6
CONTINUOUS
10
5.1706420472440939
20
-4.0300919685039371
11
5.1699212598425195
21
-4.0303543307086613
0
LINE
8
BLACK
6
CONTINUOUS
10
5.1699212598425195
20
-4.0303543307086613
11
4.8352755905511806
21
-4.0303543307086613
0
LINE
8
BLACK
6
CONTINUOUS
10
4.8352755905511806
20
-4.0303543307086613
11
4.8348920472440939
21
-4.0302866929133856
0
LINE
8
BLACK
6
CONTINUOUS
10
4.8348920472440939
20
-4.0302866929133856
11
4.8347628346456695
21
-4.0303094881889763
0
LINE
8
BLACK
6
CONTINUOUS
10
4.8347628346456695
20
-4.0303094881889763
11
4.8346492125984248
21
-4.030243858267716
0
LINE
8
BLACK
6
CONTINUOUS
10
4.8346492125984248
20
-4.030243858267716
11
4.8342656692913382
21
-4.0301762598425199
0
LINE
8
BLACK
6
CONTINUOUS
10
4.8342656692913382
20
-4.0301762598425199
11
4.8336779527559051
21
-4.0296831102362205
0
LINE
8
BLACK
6
CONTINUOUS
10
4.8336779527559051
20
-4.0296831102362205
11
4.8330136614173229
21
-4.0292995669291338
0
LINE
8
BLACK
6
CONTINUOUS
10
4.8330136614173229
20
-4.0292995669291338
11
4.8329225196850389
21
-4.0290492125984247
0
LINE
8
BLACK
6
CONTINUOUS
10
4.8329225196850389
20
-4.0290492125984247
11
4.83271842519685
21
-4.0288779527559058
0
LINE
8
BLACK
6
CONTINUOUS
10
4.83271842519685
20
-4.0288779527559058
11
4.8325851574803149
21
-4.0281223622047246
0
LINE
8
BLACK
6
CONTINUOUS
10
4.8325851574803149
20
-4.0281223622047246
11
4.8323228346456695
21
-4.0274015748031493
0
LINE
8
BLACK
6
CONTINUOUS
10
4.8323228346456695
20
-4.0274015748031493
11
4.8323228346456695
21
-3.8108661417322836
0
LINE
8
BLACK
6
CONTINUOUS
10
4.8323228346456695
20
-3.8108661417322836
11
4.8323904330708665
21
-3.8104825984251969
0
LINE
8
BLACK
6
CONTINUOUS
10
4.8323904330708665
20
-3.8104825984251969
11
4.8323676771653545
21
-3.8103533858267715
0
LINE
8
BLACK
6
CONTINUOUS
10
4.8323676771653545
20
-3.8103533858267715
11
4.8324332677165351
21
-3.8102397637795273
0
LINE
8
BLACK
6
CONTINUOUS
10
4.8324332677165351
20
-3.8102397637795273
11
4.8325009055118109
21
-3.8098562204724407
0
LINE
8
BLACK
6
CONTINUOUS
10
4.8325009055118109
20
-3.8098562204724407
11
4.8329940157480316
21
-3.809268503937008
0
LINE
8
BLACK
6
CONTINUOUS
10
4.8329940157480316
20
-3.809268503937008
11
4.833377598425197
21
-3.808604212598425
0
LINE
8
BLACK
6
CONTINUOUS
10
4.833377598425197
20
-3.808604212598425
11
4.8336279133858264
21
-3.8085130708661414
0
LINE
8
BLACK
6
CONTINUOUS
10
4.8336279133858264
20
-3.8085130708661414
11
4.833799212598425
21
-3.8083089763779525
0
LINE
8
BLACK
6
CONTINUOUS
10
4.833799212598425
20
-3.8083089763779525
11
4.8345547637795274
21
-3.8081757086614174
0
LINE
8
BLACK
6
CONTINUOUS
10
4.8345547637795274
20
-3.8081757086614174
11
4.8352755905511806
21
-3.8079133858267715
0
LINE
8
BLACK
6
CONTINUOUS
10
4.8352755905511806
20
-3.8079133858267715
11
4.9476156692913387
21
-3.8079133858267715
0
LINE
8
BLACK
6
CONTINUOUS
10
4.9476156692913387
20
-3.8079133858267715
11
4.9465585826771656
21
-3.8064882677165355
0
LINE
8
BLACK
6
CONTINUOUS
10
4.9465585826771656
20
-3.8064882677165355
11
4.946679645669291
21
-3.8044720866141732
0
LINE
8
BLACK
6
CONTINUOUS
10
4.946679645669291
20
-3.8044720866141732
11
4.948068307086614
21
-3.8030053937007873
0
LINE
8
BLACK
6
CONTINUOUS
10
4.948068307086614
20
-3.8030053937007873
11
4.9509374803149608
21
-3.8015707874015745
0
LINE
8
BLACK
6
CONTINUOUS
10
4.9509374803149608
20
-3.8015707874015745
11
4.9520603543307082
21
-3.7993250393700788
0
LINE
8
BLACK
6
CONTINUOUS
10
4.9520603543307082
20
-3.7993250393700788
11
4.9520603543307082
21
-3.766276338582677
0
LINE
8
BLACK
6
CONTINUOUS
10
4.9520603543307082
20
-3.766276338582677
11
4.9522384251968505
21
-3.7652664173228345
0
LINE
8
BLACK
6
CONTINUOUS
10
4.9522384251968505
20
-3.7652664173228345
11
4.9535367322834647
21
-3.7637191732283464
0
LINE
8
BLACK
6
CONTINUOUS
10
4.9535367322834647
20
-3.7637191732283464
11
4.9555258661417323
21
-3.7633684251968504
0
LINE
8
BLACK
6
CONTINUOUS
10
4.9555258661417323
20
-3.7633684251968504
11
4.9572750393700789
21
-3.7643783464566929
0
LINE
8
BLACK
6
CONTINUOUS
10
4.9572750393700789
20
-3.7643783464566929
11
4.9579658661417323
21
-3.766276338582677
0
LINE
8
BLACK
6
CONTINUOUS
10
4.9579658661417323
20
-3.766276338582677
11
4.9579658661417323
21
-3.800022086614173
0
LINE
8
BLACK
6
CONTINUOUS
10
4.9579658661417323
20
-3.800022086614173
11
4.9577877952755909
21
-3.8010320078740159
0
LINE
8
BLACK
6
CONTINUOUS
10
4.9577877952755909
20
-3.8010320078740159
11
4.9576742913385825
21
-3.8011672440944881
0
LINE
8
BLACK
6
CONTINUOUS
10
4.9576742913385825
20
-3.8011672440944881
11
4.9576541338582674
21
-3.801342598425197
0
LINE
8
BLACK
6
CONTINUOUS
10
4.9576541338582674
20
-3.801342598425197
11
4.9557793700787398
21
-3.8050921653543308
0
LINE
8
BLACK
6
CONTINUOUS
10
4.9557793700787398
20
-3.8050921653543308
11
4.9551684645669294
21
-3.8059158267716535
0
LINE
8
BLACK
6
CONTINUOUS
10
4.9551684645669294
20
-3.8059158267716535
11
4.9547627559055121
21
-3.8060916535433069
0
LINE
8
BLACK
6
CONTINUOUS
10
4.9547627559055121
20
-3.8060916535433069
11
4.9544588582677163
21
-3.8064126771653544
0
LINE
8
BLACK
6
CONTINUOUS
10
4.9544588582677163
20
-3.8064126771653544
11
4.9514574409448819
21
-3.8079133858267715
0
LINE
8
BLACK
6
CONTINUOUS
10
4.9514574409448819
20
-3.8079133858267715
11
4.9721379133858266
21
-3.8079133858267715
0
LINE
8
BLACK
6
CONTINUOUS
10
4.9721379133858266
20
-3.8079133858267715
11
4.971498858267716
21
-3.8075444094488189
0
LINE
8
BLACK
6
CONTINUOUS
10
4.971498858267716
20
-3.8075444094488189
11
4.9708080314960625
21
-3.8056464173228344
0
LINE
8
BLACK
6
CONTINUOUS
10
4.9708080314960625
20
-3.8056464173228344
11
4.9708080314960625
21
-3.7850239763779525
0
LINE
8
BLACK
6
CONTINUOUS
10
4.9708080314960625
20
-3.7850239763779525
11
4.9709861023622048
21
-3.7840140551181101
0
LINE
8
BLACK
6
CONTINUOUS
10
4.9709861023622048
20
-3.7840140551181101
11
4.9710995669291336
21
-3.783878779527559
0
LINE
8
BLACK
6
CONTINUOUS
10
4.9710995669291336
20
-3.783878779527559
11
4.9711197637795275
21
-3.783703464566929
0
LINE
8
BLACK
6
CONTINUOUS
10
4.9711197637795275
20
-3.783703464566929
11
4.972994527559055
21
-3.7799539370078739
0
LINE
8
BLACK
6
CONTINUOUS
10
4.972994527559055
20
-3.7799539370078739
11
4.9736054330708663
21
-3.7791302755905511
0
LINE
8
BLACK
6
CONTINUOUS
10
4.9736054330708663
20
-3.7791302755905511
11
4.9740111023622049
21
-3.778954409448819
0
LINE
8
BLACK
6
CONTINUOUS
10
4.9740111023622049
20
-3.778954409448819
11
4.9743150393700786
21
-3.7786334251968503
0
LINE
8
BLACK
6
CONTINUOUS
10
4.9743150393700786
20
-3.7786334251968503
11
4.9780645669291337
21
-3.7767586614173227
0
LINE
8
BLACK
6
CONTINUOUS
10
4.9780645669291337
20
-3.7767586614173227
11
4.9790474803149607
21
-3.7764662992125984
0
LINE
8
BLACK
6
CONTINUOUS
10
4.9790474803149607
20
-3.7764662992125984
11
4.979219173228346
21
-3.776507283464567
0
LINE
8
BLACK
6
CONTINUOUS
10
4.979219173228346
20
-3.776507283464567
11
4.9793850787401572
21
-3.7764469291338583
0
LINE
8
BLACK
6
CONTINUOUS
10
4.9793850787401572
20
-3.7764469291338583
11
4.9868841338582675
21
-3.7764469291338583
0
LINE
8
BLACK
6
CONTINUOUS
10
4.9868841338582675
20
-3.7764469291338583
11
4.9878940551181099
21
-3.7766250000000001
0
LINE
8
BLACK
6
CONTINUOUS
10
4.9878940551181099
20
-3.7766250000000001
11
4.9880292913385826
21
-3.7767384645669289
0
LINE
8
BLACK
6
CONTINUOUS
10
4.9880292913385826
20
-3.7767384645669289
11
4.988204645669291
21
-3.7767586614173227
0
LINE
8
BLACK
6
CONTINUOUS
10
4.988204645669291
20
-3.7767586614173227
11
4.9919541732283461
21
-3.7786334251968503
0
LINE
8
BLACK
6
CONTINUOUS
10
4.9919541732283461
20
-3.7786334251968503
11
4.9927778346456693
21
-3.7792443307086612
0
LINE
8
BLACK
6
CONTINUOUS
10
4.9927778346456693
20
-3.7792443307086612
11
4.9935811023622048
21
-3.7810975196850394
0
LINE
8
BLACK
6
CONTINUOUS
10
4.9935811023622048
20
-3.7810975196850394
11
4.9930052362204727
21
-3.7830335433070865
0
LINE
8
BLACK
6
CONTINUOUS
10
4.9930052362204727
20
-3.7830335433070865
11
4.99131968503937
21
-3.784146377952756
0
LINE
8
BLACK
6
CONTINUOUS
10
4.99131968503937
20
-3.784146377952756
11
4.989313149606299
21
-3.7839154724409449
0
LINE
8
BLACK
6
CONTINUOUS
10
4.989313149606299
20
-3.7839154724409449
11
4.9861870866141729
21
-3.7823524409448819
0
LINE
8
BLACK
6
CONTINUOUS
10
4.9861870866141729
20
-3.7823524409448819
11
4.9800821259842518
21
-3.7823524409448819
0
LINE
8
BLACK
6
CONTINUOUS
10
4.9800821259842518
20
-3.7823524409448819
11
4.9778363779527561
21
-3.783475275590551
0
LINE
8
BLACK
6
CONTINUOUS
10
4.9778363779527561
20
-3.783475275590551
11
4.9767135433070866
21
-3.7857210236220471
0
LINE
8
BLACK
6
CONTINUOUS
10
4.9767135433070866
20
-3.7857210236220471
11
4.9767135433070866
21
-3.7869485826771654
0
LINE
8
BLACK
6
CONTINUOUS
10
4.9767135433070866
20
-3.7869485826771654
11
4.9782073622047243
21
-3.7876955118110236
0
LINE
8
BLACK
6
CONTINUOUS
10
4.9782073622047243
20
-3.7876955118110236
11
4.9868841338582675
21
-3.7876955118110236
0
LINE
8
BLACK
6
CONTINUOUS
10
4.9868841338582675
20
-3.7876955118110236
11
4.9878940551181099
21
-3.7878735826771655
0
LINE
8
BLACK
6
CONTINUOUS
10
4.9878940551181099
20
-3.7878735826771655
11
4.9880292913385826
21
-3.7879870472440942
0
LINE
8
BLACK
6
CONTINUOUS
10
4.9880292913385826
20
-3.7879870472440942
11
4.988204645669291
21
-3.7880072440944881
0
LINE
8
BLACK
6
CONTINUOUS
10
4.988204645669291
20
-3.7880072440944881
11
4.9919541732283461
21
-3.7898820078740156
0
LINE
8
BLACK
6
CONTINUOUS
10
4.9919541732283461
20
-3.7898820078740156
11
4.9927778346456693
21
-3.7904929133858265
0
LINE
8
BLACK
6
CONTINUOUS
10
4.9927778346456693
20
-3.7904929133858265
11
4.9929536614173227
21
-3.7908985826771651
0
LINE
8
BLACK
6
CONTINUOUS
10
4.9929536614173227
20
-3.7908985826771651
11
4.9932746850393697
21
-3.7912025196850392
0
LINE
8
BLACK
6
CONTINUOUS
10
4.9932746850393697
20
-3.7912025196850392
11
4.9951494488188972
21
-3.7949520472440943
0
LINE
8
BLACK
6
CONTINUOUS
10
4.9951494488188972
20
-3.7949520472440943
11
4.9954418110236221
21
-3.7959349606299213
0
LINE
8
BLACK
6
CONTINUOUS
10
4.9954418110236221
20
-3.7959349606299213
11
4.9954007874015751
21
-3.796106653543307
0
LINE
8
BLACK
6
CONTINUOUS
10
4.9954007874015751
20
-3.796106653543307
11
4.9954611811023621
21
-3.7962725590551178
0
LINE
8
BLACK
6
CONTINUOUS
10
4.9954611811023621
20
-3.7962725590551178
11
4.9954611811023621
21
-3.800022086614173
0
LINE
8
BLACK
6
CONTINUOUS
10
4.9954611811023621
20
-3.800022086614173
11
4.9952831102362207
21
-3.8010320078740159
0
LINE
8
BLACK
6
CONTINUOUS
10
4.9952831102362207
20
-3.8010320078740159
11
4.9951696062992124
21
-3.8011672440944881
0
LINE
8
BLACK
6
CONTINUOUS
10
4.9951696062992124
20
-3.8011672440944881
11
4.9951494488188972
21
-3.801342598425197
0
LINE
8
BLACK
6
CONTINUOUS
10
4.9951494488188972
20
-3.801342598425197
11
4.9932746850393697
21
-3.8050921653543308
0
LINE
8
BLACK
6
CONTINUOUS
10
4.9932746850393697
20
-3.8050921653543308
11
4.9926637795275592
21
-3.8059158267716535
0
LINE
8
BLACK
6
CONTINUOUS
10
4.9926637795275592
20
-3.8059158267716535
11
4.9922580708661419
21
-3.8060916535433069
0
LINE
8
BLACK
6
CONTINUOUS
10
4.9922580708661419
20
-3.8060916535433069
11
4.9919541732283461
21
-3.8064126771653544
0
LINE
8
BLACK
6
CONTINUOUS
10
4.9919541732283461
20
-3.8064126771653544
11
4.9889527559055118
21
-3.8079133858267715
0
LINE
8
BLACK
6
CONTINUOUS
10
4.9889527559055118
20
-3.8079133858267715
11
5.0077584251968501
21
-3.8079133858267715
0
LINE
8
BLACK
6
CONTINUOUS
10
5.0077584251968501
20
-3.8079133858267715
11
5.0071193700787404
21
-3.8075444094488189
0
LINE
8
BLACK
6
CONTINUOUS
10
5.0071193700787404
20
-3.8075444094488189
11
5.0064285433070861
21
-3.8056464173228344
0
LINE
8
BLACK
6
CONTINUOUS
10
5.0064285433070861
20
-3.8056464173228344
11
5.0064285433070861
21
-3.7793996850393698
0
LINE
8
BLACK
6
CONTINUOUS
10
5.0064285433070861
20
-3.7793996850393698
11
5.0066066141732284
21
-3.7783897637795274
0
LINE
8
BLACK
6
CONTINUOUS
10
5.0066066141732284
20
-3.7783897637795274
11
5.0079049212598425
21
-3.7768425196850393
0
LINE
8
BLACK
6
CONTINUOUS
10
5.0079049212598425
20
-3.7768425196850393
11
5.0098940551181101
21
-3.7764917716535433
0
LINE
8
BLACK
6
CONTINUOUS
10
5.0098940551181101
20
-3.7764917716535433
11
5.0116432283464567
21
-3.7775016929133858
0
LINE
8
BLACK
6
CONTINUOUS
10
5.0116432283464567
20
-3.7775016929133858
11
5.0123340551181101
21
-3.7793996850393698
0
LINE
8
BLACK
6
CONTINUOUS
10
5.0123340551181101
20
-3.7793996850393698
11
5.0123340551181101
21
-3.8056464173228344
0
LINE
8
BLACK
6
CONTINUOUS
10
5.0123340551181101
20
-3.8056464173228344
11
5.0121559842519687
21
-3.8066563385826773
0
LINE
8
BLACK
6
CONTINUOUS
10
5.0121559842519687
20
-3.8066563385826773
11
5.0111011811023625
21
-3.8079133858267715
0
LINE
8
BLACK
6
CONTINUOUS
10
5.0111011811023625
20
-3.8079133858267715
11
5.0279351181102365
21
-3.8079133858267715
0
LINE
8
BLACK
6
CONTINUOUS
10
5.0279351181102365
20
-3.8079133858267715
11
5.0249337007874013
21
-3.8064126771653544
0
LINE
8
BLACK
6
CONTINUOUS
10
5.0249337007874013
20
-3.8064126771653544
11
5.0241100393700791
21
-3.8058017716535431
0
LINE
8
BLACK
6
CONTINUOUS
10
5.0241100393700791
20
-3.8058017716535431
11
5.0233067716535436
21
-3.8039485826771653
0
LINE
8
BLACK
6
CONTINUOUS
10
5.0233067716535436
20
-3.8039485826771653
11
5.0238825984251969
21
-3.8020125590551181
0
LINE
8
BLACK
6
CONTINUOUS
10
5.0238825984251969
20
-3.8020125590551181
11
5.0255681496062987
21
-3.8008997244094487
0
LINE
8
BLACK
6
CONTINUOUS
10
5.0255681496062987
20
-3.8008997244094487
11
5.0275747244094484
21
-3.8011306299212597
0
LINE
8
BLACK
6
CONTINUOUS
10
5.0275747244094484
20
-3.8011306299212597
11
5.0307007874015746
21
-3.8026936614173228
0
LINE
8
BLACK
6
CONTINUOUS
10
5.0307007874015746
20
-3.8026936614173228
11
5.0368057480314956
21
-3.8026936614173228
0
LINE
8
BLACK
6
CONTINUOUS
10
5.0368057480314956
20
-3.8026936614173228
11
5.0395031889763775
21
-3.8013449212598425
0
LINE
8
BLACK
6
CONTINUOUS
10
5.0395031889763775
20
-3.8013449212598425
11
5.0407003149606302
21
-3.8001477559055119
0
LINE
8
BLACK
6
CONTINUOUS
10
5.0407003149606302
20
-3.8001477559055119
11
5.0420490944881893
21
-3.7974502755905513
0
LINE
8
BLACK
6
CONTINUOUS
10
5.0420490944881893
20
-3.7974502755905513
11
5.0420490944881893
21
-3.7875957874015747
0
LINE
8
BLACK
6
CONTINUOUS
10
5.0420490944881893
20
-3.7875957874015747
11
5.040700354330709
21
-3.784898307086614
0
LINE
8
BLACK
6
CONTINUOUS
10
5.040700354330709
20
-3.784898307086614
11
5.0395032283464563
21
-3.7837011811023622
0
LINE
8
BLACK
6
CONTINUOUS
10
5.0395032283464563
20
-3.7837011811023622
11
5.0368057480314956
21
-3.7823524409448819
0
LINE
8
BLACK
6
CONTINUOUS
10
5.0368057480314956
20
-3.7823524409448819
11
5.0307007874015746
21
-3.7823524409448819
0
LINE
8
BLACK
6
CONTINUOUS
10
5.0307007874015746
20
-3.7823524409448819
11
5.0275747244094484
21
-3.7839154724409449
0
LINE
8
BLACK
6
CONTINUOUS
10
5.0275747244094484
20
-3.7839154724409449
11
5.0265917716535435
21
-3.7842078346456693
0
LINE
8
BLACK
6
CONTINUOUS
10
5.0265917716535435
20
-3.7842078346456693
11
5.0246272834645671
21
-3.7837385433070865
0
LINE
8
BLACK
6
CONTINUOUS
10
5.0246272834645671
20
-3.7837385433070865
11
5.0234239763779529
21
-3.7821162992125985
0
LINE
8
BLACK
6
CONTINUOUS
10
5.0234239763779529
20
-3.7821162992125985
11
5.0235450393700782
21
-3.7801001181102363
0
LINE
8
BLACK
6
CONTINUOUS
10
5.0235450393700782
20
-3.7801001181102363
11
5.0249337007874013
21
-3.7786334251968503
0
LINE
8
BLACK
6
CONTINUOUS
10
5.0249337007874013
20
-3.7786334251968503
11
5.0286832283464564
21
-3.7767586614173227
0
LINE
8
BLACK
6
CONTINUOUS
10
5.0286832283464564
20
-3.7767586614173227
11
5.0296661417322834
21
-3.7764662992125984
0
LINE
8
BLACK
6
CONTINUOUS
10
5.0296661417322834
20
-3.7764662992125984
11
5.0298378346456696
21
-3.776507283464567
0
LINE
8
BLACK
6
CONTINUOUS
10
5.0298378346456696
20
-3.776507283464567
11
5.03000374015748
21
-3.7764469291338583
0
LINE
8
BLACK
6
CONTINUOUS
10
5.03000374015748
20
-3.7764469291338583
11
5.0375027952755902
21
-3.7764469291338583
0
LINE
8
BLACK
6
CONTINUOUS
10
5.0375027952755902
20
-3.7764469291338583
11
5.0385127165354326
21
-3.7766250000000001
0
LINE
8
BLACK
6
CONTINUOUS
10
5.0385127165354326
20
-3.7766250000000001
11
5.0386479527559054
21
-3.7767384645669289
0
LINE
8
BLACK
6
CONTINUOUS
10
5.0386479527559054
20
-3.7767384645669289
11
5.0388233070866137
21
-3.7767586614173227
0
LINE
8
BLACK
6
CONTINUOUS
10
5.0388233070866137
20
-3.7767586614173227
11
5.0425728346456689
21
-3.7786334251968503
0
LINE
8
BLACK
6
CONTINUOUS
10
5.0425728346456689
20
-3.7786334251968503
11
5.0432818897637794
21
-3.7791593307086613
0
LINE
8
BLACK
6
CONTINUOUS
10
5.0432818897637794
20
-3.7791593307086613
11
5.0433402362204722
21
-3.7791865354330709
0
LINE
8
BLACK
6
CONTINUOUS
10
5.0433402362204722
20
-3.7791865354330709
11
5.0452149999999998
21
-3.7810612992125985
0
LINE
8
BLACK
6
CONTINUOUS
10
5.0452149999999998
20
-3.7810612992125985
11
5.0457212598425194
21
-3.7817843700787401
0
LINE
8
BLACK
6
CONTINUOUS
10
5.0457212598425194
20
-3.7817843700787401
11
5.04576811023622
21
-3.7818287007874014
0
LINE
8
BLACK
6
CONTINUOUS
10
5.04576811023622
20
-3.7818287007874014
11
5.0476428740157475
21
-3.7855782283464565
0
LINE
8
BLACK
6
CONTINUOUS
10
5.0476428740157475
20
-3.7855782283464565
11
5.0479352362204724
21
-3.7865611417322835
0
LINE
8
BLACK
6
CONTINUOUS
10
5.0479352362204724
20
-3.7865611417322835
11
5.0478942125984254
21
-3.7867328346456692
0
LINE
8
BLACK
6
CONTINUOUS
10
5.0478942125984254
20
-3.7867328346456692
11
5.0479546062992124
21
-3.7868987401574801
0
LINE
8
BLACK
6
CONTINUOUS
10
5.0479546062992124
20
-3.7868987401574801
11
5.0479546062992124
21
-3.7981473228346454
0
LINE
8
BLACK
6
CONTINUOUS
10
5.0479546062992124
20
-3.7981473228346454
11
5.047776535433071
21
-3.7991572440944883
0
LINE
8
BLACK
6
CONTINUOUS
10
5.047776535433071
20
-3.7991572440944883
11
5.0476630314960627
21
-3.7992924803149606
0
LINE
8
BLACK
6
CONTINUOUS
10
5.0476630314960627
20
-3.7992924803149606
11
5.0476428740157475
21
-3.7994678346456694
0
LINE
8
BLACK
6
CONTINUOUS
10
5.0476428740157475
20
-3.7994678346456694
11
5.04576811023622
21
-3.8032173622047245
0
LINE
8
BLACK
6
CONTINUOUS
10
5.04576811023622
20
-3.8032173622047245
11
5.0452421653543302
21
-3.8039264173228347
0
LINE
8
BLACK
6
CONTINUOUS
10
5.0452421653543302
20
-3.8039264173228347
11
5.0452149999999998
21
-3.8039847637795274
0
LINE
8
BLACK
6
CONTINUOUS
10
5.0452149999999998
20
-3.8039847637795274
11
5.043340275590551
21
-3.805859527559055
0
LINE
8
BLACK
6
CONTINUOUS
10
5.043340275590551
20
-3.805859527559055
11
5.0426170866141735
21
-3.8063659055118109
0
LINE
8
BLACK
6
CONTINUOUS
10
5.0426170866141735
20
-3.8063659055118109
11
5.0425728346456689
21
-3.8064126771653544
0
LINE
8
BLACK
6
CONTINUOUS
10
5.0425728346456689
20
-3.8064126771653544
11
5.0395714173228345
21
-3.8079133858267715
0
LINE
8
BLACK
6
CONTINUOUS
10
5.0395714173228345
20
-3.8079133858267715
11
5.0602518897637792
21
-3.8079133858267715
0
LINE
8
BLACK
6
CONTINUOUS
10
5.0602518897637792
20
-3.8079133858267715
11
5.0596128346456695
21
-3.8075444094488189
0
LINE
8
BLACK
6
CONTINUOUS
10
5.0596128346456695
20
-3.8075444094488189
11
5.058922007874016
21
-3.8056464173228344
0
LINE
8
BLACK
6
CONTINUOUS
10
5.058922007874016
20
-3.8056464173228344
11
5.058922007874016
21
-3.7793996850393698
0
LINE
8
BLACK
6
CONTINUOUS
10
5.058922007874016
20
-3.7793996850393698
11
5.0591000787401574
21
-3.7783897637795274
0
LINE
8
BLACK
6
CONTINUOUS
10
5.0591000787401574
20
-3.7783897637795274
11
5.0603983858267716
21
-3.7768425196850393
0
LINE
8
BLACK
6
CONTINUOUS
10
5.0603983858267716
20
-3.7768425196850393
11
5.0623875196850392
21
-3.7764917716535433
0
LINE
8
BLACK
6
CONTINUOUS
10
5.0623875196850392
20
-3.7764917716535433
11
5.0641366929133858
21
-3.7775016929133858
0
LINE
8
BLACK
6
CONTINUOUS
10
5.0641366929133858
20
-3.7775016929133858
11
5.0648275196850392
21
-3.7793996850393698
0
LINE
8
BLACK
6
CONTINUOUS
10
5.0648275196850392
20
-3.7793996850393698
11
5.0648275196850392
21
-3.8006737795275591
0
LINE
8
BLACK
6
CONTINUOUS
10
5.0648275196850392
20
-3.8006737795275591
11
5.0654986220472438
21
-3.8013449212598425
0
LINE
8
BLACK
6
CONTINUOUS
10
5.0654986220472438
20
-3.8013449212598425
11
5.0681961023622044
21
-3.8026936614173228
0
LINE
8
BLACK
6
CONTINUOUS
10
5.0681961023622044
20
-3.8026936614173228
11
5.0724262992125979
21
-3.8026936614173228
0
LINE
8
BLACK
6
CONTINUOUS
10
5.0724262992125979
20
-3.8026936614173228
11
5.0746720078740157
21
-3.8015707874015745
0
LINE
8
BLACK
6
CONTINUOUS
10
5.0746720078740157
20
-3.8015707874015745
11
5.075794881889764
21
-3.7993250393700788
0
LINE
8
BLACK
6
CONTINUOUS
10
5.075794881889764
20
-3.7993250393700788
11
5.075794881889764
21
-3.7793996850393698
0
LINE
8
BLACK
6
CONTINUOUS
10
5.075794881889764
20
-3.7793996850393698
11
5.0759729527559054
21
-3.7783897637795274
0
LINE
8
BLACK
6
CONTINUOUS
10
5.0759729527559054
20
-3.7783897637795274
11
5.0772712598425196
21
-3.7768425196850393
0
LINE
8
BLACK
6
CONTINUOUS
10
5.0772712598425196
20
-3.7768425196850393
11
5.0792603937007872
21
-3.7764917716535433
0
LINE
8
BLACK
6
CONTINUOUS
10
5.0792603937007872
20
-3.7764917716535433
11
5.0810095669291337
21
-3.7775016929133858
0
LINE
8
BLACK
6
CONTINUOUS
10
5.0810095669291337
20
-3.7775016929133858
11
5.0817003937007872
21
-3.7793996850393698
0
LINE
8
BLACK
6
CONTINUOUS
10
5.0817003937007872
20
-3.7793996850393698
11
5.0817003937007872
21
-3.800022086614173
0
LINE
8
BLACK
6
CONTINUOUS
10
5.0817003937007872
20
-3.800022086614173
11
5.0815223228346458
21
-3.8010320078740159
0
LINE
8
BLACK
6
CONTINUOUS
10
5.0815223228346458
20
-3.8010320078740159
11
5.0814088188976374
21
-3.8011672440944881
0
LINE
8
BLACK
6
CONTINUOUS
10
5.0814088188976374
20
-3.8011672440944881
11
5.0813886614173231
21
-3.801342598425197
0
LINE
8
BLACK
6
CONTINUOUS
10
5.0813886614173231
20
-3.801342598425197
11
5.0795138976377956
21
-3.8050921653543308
0
LINE
8
BLACK
6
CONTINUOUS
10
5.0795138976377956
20
-3.8050921653543308
11
5.0789029921259843
21
-3.8059158267716535
0
LINE
8
BLACK
6
CONTINUOUS
10
5.0789029921259843
20
-3.8059158267716535
11
5.078497283464567
21
-3.8060916535433069
0
LINE
8
BLACK
6
CONTINUOUS
10
5.078497283464567
20
-3.8060916535433069
11
5.0781933858267712
21
-3.8064126771653544
0
LINE
8
BLACK
6
CONTINUOUS
10
5.0781933858267712
20
-3.8064126771653544
11
5.0751919685039368
21
-3.8079133858267715
0
LINE
8
BLACK
6
CONTINUOUS
10
5.0751919685039368
20
-3.8079133858267715
11
5.0958724409448815
21
-3.8079133858267715
0
LINE
8
BLACK
6
CONTINUOUS
10
5.0958724409448815
20
-3.8079133858267715
11
5.0952333858267718
21
-3.8075444094488189
0
LINE
8
BLACK
6
CONTINUOUS
10
5.0952333858267718
20
-3.8075444094488189
11
5.0945425590551183
21
-3.8056464173228344
0
LINE
8
BLACK
6
CONTINUOUS
10
5.0945425590551183
20
-3.8056464173228344
11
5.0945425590551183
21
-3.766276338582677
0
LINE
8
BLACK
6
CONTINUOUS
10
5.0945425590551183
20
-3.766276338582677
11
5.0947206299212597
21
-3.7652664173228345
0
LINE
8
BLACK
6
CONTINUOUS
10
5.0947206299212597
20
-3.7652664173228345
11
5.0960189370078739
21
-3.7637191732283464
0
LINE
8
BLACK
6
CONTINUOUS
10
5.0960189370078739
20
-3.7637191732283464
11
5.0980080708661415
21
-3.7633684251968504
0
LINE
8
BLACK
6
CONTINUOUS
10
5.0980080708661415
20
-3.7633684251968504
11
5.0997572440944881
21
-3.7643783464566929
0
LINE
8
BLACK
6
CONTINUOUS
10
5.0997572440944881
20
-3.7643783464566929
11
5.1004480708661415
21
-3.766276338582677
0
LINE
8
BLACK
6
CONTINUOUS
10
5.1004480708661415
20
-3.766276338582677
11
5.1004480708661415
21
-3.7766028740157478
0
LINE
8
BLACK
6
CONTINUOUS
10
5.1004480708661415
20
-3.7766028740157478
11
5.100907244094488
21
-3.7764662992125984
0
LINE
8
BLACK
6
CONTINUOUS
10
5.100907244094488
20
-3.7764662992125984
11
5.1010789370078742
21
-3.776507283464567
0
LINE
8
BLACK
6
CONTINUOUS
10
5.1010789370078742
20
-3.776507283464567
11
5.1012448425196846
21
-3.7764469291338583
0
LINE
8
BLACK
6
CONTINUOUS
10
5.1012448425196846
20
-3.7764469291338583
11
5.1087438976377948
21
-3.7764469291338583
0
LINE
8
BLACK
6
CONTINUOUS
10
5.1087438976377948
20
-3.7764469291338583
11
5.1097538188976372
21
-3.7766250000000001
0
LINE
8
BLACK
6
CONTINUOUS
10
5.1097538188976372
20
-3.7766250000000001
11
5.10988905511811
21
-3.7767384645669289
0
LINE
8
BLACK
6
CONTINUOUS
10
5.10988905511811
20
-3.7767384645669289
11
5.1100644094488183
21
-3.7767586614173227
0
LINE
8
BLACK
6
CONTINUOUS
10
5.1100644094488183
20
-3.7767586614173227
11
5.1138139370078735
21
-3.7786334251968503
0
LINE
8
BLACK
6
CONTINUOUS
10
5.1138139370078735
20
-3.7786334251968503
11
5.114522992125984
21
-3.7791593307086613
0
LINE
8
BLACK
6
CONTINUOUS
10
5.114522992125984
20
-3.7791593307086613
11
5.1145813385826768
21
-3.7791865354330709
0
LINE
8
BLACK
6
CONTINUOUS
10
5.1145813385826768
20
-3.7791865354330709
11
5.1164561023622044
21
-3.7810612992125985
0
LINE
8
BLACK
6
CONTINUOUS
10
5.1164561023622044
20
-3.7810612992125985
11
5.116962362204724
21
-3.7817843700787401
0
LINE
8
BLACK
6
CONTINUOUS
10
5.116962362204724
20
-3.7817843700787401
11
5.1170092125984254
21
-3.7818287007874014
0
LINE
8
BLACK
6
CONTINUOUS
10
5.1170092125984254
20
-3.7818287007874014
11
5.118883976377953
21
-3.7855782283464565
0
LINE
8
BLACK
6
CONTINUOUS
10
5.118883976377953
20
-3.7855782283464565
11
5.119176338582677
21
-3.7865611417322835
0
LINE
8
BLACK
6
CONTINUOUS
10
5.119176338582677
20
-3.7865611417322835
11
5.11913531496063
21
-3.7867328346456692
0
LINE
8
BLACK
6
CONTINUOUS
10
5.11913531496063
20
-3.7867328346456692
11
5.119195708661417
21
-3.7868987401574801
0
LINE
8
BLACK
6
CONTINUOUS
10
5.119195708661417
20
-3.7868987401574801
11
5.119195708661417
21
-3.7981473228346454
0
LINE
8
BLACK
6
CONTINUOUS
10
5.119195708661417
20
-3.7981473228346454
11
5.1190176377952756
21
-3.7991572440944883
0
LINE
8
BLACK
6
CONTINUOUS
10
5.1190176377952756
20
-3.7991572440944883
11
5.1189041338582673
21
-3.7992924803149606
0
LINE
8
BLACK
6
CONTINUOUS
10
5.1189041338582673
20
-3.7992924803149606
11
5.118883976377953
21
-3.7994678346456694
0
LINE
8
BLACK
6
CONTINUOUS
10
5.118883976377953
20
-3.7994678346456694
11
5.1170092125984254
21
-3.8032173622047245
0
LINE
8
BLACK
6
CONTINUOUS
10
5.1170092125984254
20
-3.8032173622047245
11
5.1164832677165357
21
-3.8039264173228347
0
LINE
8
BLACK
6
CONTINUOUS
10
5.1164832677165357
20
-3.8039264173228347
11
5.1164561023622044
21
-3.8039847637795274
0
LINE
8
BLACK
6
CONTINUOUS
10
5.1164561023622044
20
-3.8039847637795274
11
5.1145813779527556
21
-3.805859527559055
0
LINE
8
BLACK
6
CONTINUOUS
10
5.1145813779527556
20
-3.805859527559055
11
5.1138581889763781
21
-3.8063659055118109
0
LINE
8
BLACK
6
CONTINUOUS
10
5.1138581889763781
20
-3.8063659055118109
11
5.1138139370078735
21
-3.8064126771653544
0
LINE
8
BLACK
6
CONTINUOUS
10
5.1138139370078735
20
-3.8064126771653544
11
5.1108125196850391
21
-3.8079133858267715
0
LINE
8
BLACK
6
CONTINUOUS
10
5.1108125196850391
20
-3.8079133858267715
11
5.131492952755905
21
-3.8079133858267715
0
LINE
8
BLACK
6
CONTINUOUS
10
5.131492952755905
20
-3.8079133858267715
11
5.1308538976377953
21
-3.8075444094488189
0
LINE
8
BLACK
6
CONTINUOUS
10
5.1308538976377953
20
-3.8075444094488189
11
5.1301630708661419
21
-3.8056464173228344
0
LINE
8
BLACK
6
CONTINUOUS
10
5.1301630708661419
20
-3.8056464173228344
11
5.1301630708661419
21
-3.7793996850393698
0
LINE
8
BLACK
6
CONTINUOUS
10
5.1301630708661419
20
-3.7793996850393698
11
5.1303411417322833
21
-3.7783897637795274
0
LINE
8
BLACK
6
CONTINUOUS
10
5.1303411417322833
20
-3.7783897637795274
11
5.1316394488188974
21
-3.7768425196850393
0
LINE
8
BLACK
6
CONTINUOUS
10
5.1316394488188974
20
-3.7768425196850393
11
5.133628582677165
21
-3.7764917716535433
0
LINE
8
BLACK
6
CONTINUOUS
10
5.133628582677165
20
-3.7764917716535433
11
5.1353777559055116
21
-3.7775016929133858
0
LINE
8
BLACK
6
CONTINUOUS
10
5.1353777559055116
20
-3.7775016929133858
11
5.136068582677165
21
-3.7793996850393698
0
LINE
8
BLACK
6
CONTINUOUS
10
5.136068582677165
20
-3.7793996850393698
11
5.136068582677165
21
-3.8056464173228344
0
LINE
8
BLACK
6
CONTINUOUS
10
5.136068582677165
20
-3.8056464173228344
11
5.1358905118110236
21
-3.8066563385826773
0
LINE
8
BLACK
6
CONTINUOUS
10
5.1358905118110236
20
-3.8066563385826773
11
5.1348357086614174
21
-3.8079133858267715
0
LINE
8
BLACK
6
CONTINUOUS
10
5.1348357086614174
20
-3.8079133858267715
11
5.1652387401574806
21
-3.8079133858267715
0
LINE
8
BLACK
6
CONTINUOUS
10
5.1652387401574806
20
-3.8079133858267715
11
5.1645996850393701
21
-3.8075444094488189
0
LINE
8
BLACK
6
CONTINUOUS
10
5.1645996850393701
20
-3.8075444094488189
11
5.1639088582677166
21
-3.8056464173228344
0
LINE
8
BLACK
6
CONTINUOUS
10
5.1639088582677166
20
-3.8056464173228344
11
5.1639088582677166
21
-3.7879767322834645
0
LINE
8
BLACK
6
CONTINUOUS
10
5.1639088582677166
20
-3.7879767322834645
11
5.1537382677165358
21
-3.7879767322834645
0
LINE
8
BLACK
6
CONTINUOUS
10
5.1537382677165358
20
-3.7879767322834645
11
5.1527283464566924
21
-3.7877986614173227
0
LINE
8
BLACK
6
CONTINUOUS
10
5.1527283464566924
20
-3.7877986614173227
11
5.1511811023622043
21
-3.7865003543307085
0
LINE
8
BLACK
6
CONTINUOUS
10
5.1511811023622043
20
-3.7865003543307085
11
5.1508303543307088
21
-3.7845112204724409
0
LINE
8
BLACK
6
CONTINUOUS
10
5.1508303543307088
20
-3.7845112204724409
11
5.1518402755905512
21
-3.7827620472440944
0
LINE
8
BLACK
6
CONTINUOUS
10
5.1518402755905512
20
-3.7827620472440944
11
5.1537382677165358
21
-3.7820712204724409
0
LINE
8
BLACK
6
CONTINUOUS
10
5.1537382677165358
20
-3.7820712204724409
11
5.1639088582677166
21
-3.7820712204724409
0
LINE
8
BLACK
6
CONTINUOUS
10
5.1639088582677166
20
-3.7820712204724409
11
5.1639088582677166
21
-3.769229094488189
0
LINE
8
BLACK
6
CONTINUOUS
10
5.1639088582677166
20
-3.769229094488189
11
5.1481139763779522
21
-3.769229094488189
0
LINE
8
BLACK
6
CONTINUOUS
10
5.1481139763779522
20
-3.769229094488189
11
5.1471040551181098
21
-3.7690510236220471
0
LINE
8
BLACK
6
CONTINUOUS
10
5.1471040551181098
20
-3.7690510236220471
11
5.1455568110236216
21
-3.767752716535433
0
LINE
8
BLACK
6
CONTINUOUS
10
5.1455568110236216
20
-3.767752716535433
11
5.1452060629921261
21
-3.7657635826771654
0
LINE
8
BLACK
6
CONTINUOUS
10
5.1452060629921261
20
-3.7657635826771654
11
5.1462159842519686
21
-3.7640144094488188
0
LINE
8
BLACK
6
CONTINUOUS
10
5.1462159842519686
20
-3.7640144094488188
11
5.1481139763779522
21
-3.7633235826771654
0
LINE
8
BLACK
6
CONTINUOUS
10
5.1481139763779522
20
-3.7633235826771654
11
5.1668616141732286
21
-3.7633235826771654
0
LINE
8
BLACK
6
CONTINUOUS
10
5.1668616141732286
20
-3.7633235826771654
11
5.1672451181102357
21
-3.7633911811023619
0
LINE
8
BLACK
6
CONTINUOUS
10
4.8382283464566926
20
-3.8138188976377951
11
4.8382283464566926
21
-4.0244488188976373
0
LINE
8
BLACK
6
CONTINUOUS
10
4.8382283464566926
20
-4.0244488188976373
11
5.1669685039370075
21
-4.0244488188976373
0
LINE
8
BLACK
6
CONTINUOUS
10
5.1669685039370075
20
-4.0244488188976373
11
5.1669685039370075
21
-3.8138188976377951
0
LINE
8
BLACK
6
CONTINUOUS
10
5.1669685039370075
20
-3.8138188976377951
11
4.8382283464566926
21
-3.8138188976377951
0
LINE
8
BLACK
6
CONTINUOUS
10
5.0635946456692915
20
-3.8079133858267715
11
5.0654304330708664
21
-3.8079133858267715
0
LINE
8
BLACK
6
CONTINUOUS
10
5.0654304330708664
20
-3.8079133858267715
11
5.0641372047244095
21
-3.8072667716535431
0
LINE
8
BLACK
6
CONTINUOUS
10
5.0641372047244095
20
-3.8072667716535431
11
5.0635946456692915
21
-3.8079133858267715
0
LINE
8
BLACK
6
CONTINUOUS
10
4.9767135433070866
20
-3.8019467322834646
11
4.9782073622047243
21
-3.8026936614173228
0
LINE
8
BLACK
6
CONTINUOUS
10
4.9782073622047243
20
-3.8026936614173228
11
4.9861870866141729
21
-3.8026936614173228
0
LINE
8
BLACK
6
CONTINUOUS
10
4.9861870866141729
20
-3.8026936614173228
11
4.9884327952755907
21
-3.8015707874015745
0
LINE
8
BLACK
6
CONTINUOUS
10
4.9884327952755907
20
-3.8015707874015745
11
4.9895556692913381
21
-3.7993250393700788
0
LINE
8
BLACK
6
CONTINUOUS
10
4.9895556692913381
20
-3.7993250393700788
11
4.9895556692913381
21
-3.7969696062992124
0
LINE
8
BLACK
6
CONTINUOUS
10
4.9895556692913381
20
-3.7969696062992124
11
4.9884327952755907
21
-3.7947238582677163
0
LINE
8
BLACK
6
CONTINUOUS
10
4.9884327952755907
20
-3.7947238582677163
11
4.9861870866141729
21
-3.7936010236220472
0
LINE
8
BLACK
6
CONTINUOUS
10
4.9861870866141729
20
-3.7936010236220472
11
4.9775103149606297
21
-3.7936010236220472
0
LINE
8
BLACK
6
CONTINUOUS
10
4.9775103149606297
20
-3.7936010236220472
11
4.9767135433070866
21
-3.7934605118110234
0
LINE
8
BLACK
6
CONTINUOUS
10
4.9767135433070866
20
-3.7934605118110234
11
4.9767135433070866
21
-3.8019467322834646
0
LINE
8
BLACK
6
CONTINUOUS
10
5.1004480708661415
20
-3.7830993307086613
11
5.1004480708661415
21
-3.8019467322834646
0
LINE
8
BLACK
6
CONTINUOUS
10
5.1004480708661415
20
-3.8019467322834646
11
5.1019418897637792
21
-3.8026936614173228
0
LINE
8
BLACK
6
CONTINUOUS
10
5.1019418897637792
20
-3.8026936614173228
11
5.1080468503937011
21
-3.8026936614173228
0
LINE
8
BLACK
6
CONTINUOUS
10
5.1080468503937011
20
-3.8026936614173228
11
5.110744291338583
21
-3.8013449212598425
0
LINE
8
BLACK
6
CONTINUOUS
10
5.110744291338583
20
-3.8013449212598425
11
5.1119414173228348
21
-3.8001477559055119
0
LINE
8
BLACK
6
CONTINUOUS
10
5.1119414173228348
20
-3.8001477559055119
11
5.1132901968503939
21
-3.7974502755905513
0
LINE
8
BLACK
6
CONTINUOUS
10
5.1132901968503939
20
-3.7974502755905513
11
5.1132901968503939
21
-3.7875957874015747
0
LINE
8
BLACK
6
CONTINUOUS
10
5.1132901968503939
20
-3.7875957874015747
11
5.1119414566929136
21
-3.784898307086614
0
LINE
8
BLACK
6
CONTINUOUS
10
5.1119414566929136
20
-3.784898307086614
11
5.1107443307086617
21
-3.7837011811023622
0
LINE
8
BLACK
6
CONTINUOUS
10
5.1107443307086617
20
-3.7837011811023622
11
5.1080468503937011
21
-3.7823524409448819
0
LINE
8
BLACK
6
CONTINUOUS
10
5.1080468503937011
20
-3.7823524409448819
11
5.1019418897637792
21
-3.7823524409448819
0
LINE
8
BLACK
6
CONTINUOUS
10
5.1019418897637792
20
-3.7823524409448819
11
5.1004480708661415
21
-3.7830993307086613
0
LINE
8
BLACK
6
CONTINUOUS
10
6.0324594881889766
20
-3.9953805511811025
11
6.0340067322834647
21
-3.9966788582677166
0
LINE
8
BLACK
6
CONTINUOUS
10
6.0340067322834647
20
-3.9966788582677166
11
6.0343574803149602
21
-3.9986679921259842
0
LINE
8
BLACK
6
CONTINUOUS
10
6.0343574803149602
20
-3.9986679921259842
11
6.0333475590551178
21
-4.0004171653543308
0
LINE
8
BLACK
6
CONTINUOUS
10
6.0333475590551178
20
-4.0004171653543308
11
6.0314495669291341
21
-4.0011079921259842
0
LINE
8
BLACK
6
CONTINUOUS
10
6.0314495669291341
20
-4.0011079921259842
11
6.0137798818897634
21
-4.0011079921259842
0
LINE
8
BLACK
6
CONTINUOUS
10
6.0137798818897634
20
-4.0011079921259842
11
6.0137798818897634
21
-4.0176996456692908
0
LINE
8
BLACK
6
CONTINUOUS
10
6.0137798818897634
20
-4.0176996456692908
11
6.0314495669291341
21
-4.0176996456692908
0
LINE
8
BLACK
6
CONTINUOUS
10
6.0314495669291341
20
-4.0176996456692908
11
6.0324594881889766
21
-4.0178777165354331
0
LINE
8
BLACK
6
CONTINUOUS
10
6.0324594881889766
20
-4.0178777165354331
11
6.0340067322834647
21
-4.0191760236220473
0
LINE
8
BLACK
6
CONTINUOUS
10
6.0340067322834647
20
-4.0191760236220473
11
6.0343574803149602
21
-4.0211651574803149
0
LINE
8
BLACK
6
CONTINUOUS
10
6.0343574803149602
20
-4.0211651574803149
11
6.0333475590551178
21
-4.0229143307086614
0
LINE
8
BLACK
6
CONTINUOUS
10
6.0333475590551178
20
-4.0229143307086614
11
6.0314495669291341
21
-4.0236051574803149
0
LINE
8
BLACK
6
CONTINUOUS
10
6.0314495669291341
20
-4.0236051574803149
11
5.9920794881889758
21
-4.0236051574803149
0
LINE
8
BLACK
6
CONTINUOUS
10
5.9920794881889758
20
-4.0236051574803149
11
5.9910695669291334
21
-4.0234270866141735
0
LINE
8
BLACK
6
CONTINUOUS
10
5.9910695669291334
20
-4.0234270866141735
11
5.9895223228346453
21
-4.0221287795275593
0
LINE
8
BLACK
6
CONTINUOUS
10
5.9895223228346453
20
-4.0221287795275593
11
5.9891715748031498
21
-4.0201396456692908
0
LINE
8
BLACK
6
CONTINUOUS
10
5.9891715748031498
20
-4.0201396456692908
11
5.9901814960629922
21
-4.0183904724409452
0
LINE
8
BLACK
6
CONTINUOUS
10
5.9901814960629922
20
-4.0183904724409452
11
5.9920794881889758
21
-4.0176996456692908
0
LINE
8
BLACK
6
CONTINUOUS
10
5.9920794881889758
20
-4.0176996456692908
11
6.0078743700787403
21
-4.0176996456692908
0
LINE
8
BLACK
6
CONTINUOUS
10
6.0078743700787403
20
-4.0176996456692908
11
6.0078743700787403
21
-4.0011079921259842
0
LINE
8
BLACK
6
CONTINUOUS
10
6.0078743700787403
20
-4.0011079921259842
11
5.9920794881889758
21
-4.0011079921259842
0
LINE
8
BLACK
6
CONTINUOUS
10
5.9920794881889758
20
-4.0011079921259842
11
5.9910695669291334
21
-4.0009299212598428
0
LINE
8
BLACK
6
CONTINUOUS
10
5.9910695669291334
20
-4.0009299212598428
11
5.9895223228346453
21
-3.9996316141732282
0
LINE
8
BLACK
6
CONTINUOUS
10
5.9895223228346453
20
-3.9996316141732282
11
5.9891715748031498
21
-3.9976424803149606
0
LINE
8
BLACK
6
CONTINUOUS
10
5.9891715748031498
20
-3.9976424803149606
11
5.9901814960629922
21
-3.9958933070866141
0
LINE
8
BLACK
6
CONTINUOUS
10
5.9901814960629922
20
-3.9958933070866141
11
5.9920794881889758
21
-3.9952024803149606
0
LINE
8
BLACK
6
CONTINUOUS
10
5.9920794881889758
20
-3.9952024803149606
11
6.0314495669291341
21
-3.9952024803149606
0
LINE
8
BLACK
6
CONTINUOUS
10
6.0314495669291341
20
-3.9952024803149606
11
6.0324594881889766
21
-3.9953805511811025
0
LINE
8
BLACK
6
CONTINUOUS
10
5.4592354724409446
20
-4.0016366929133858
11
5.4597229133858267
21
-4.0021241338582678
0
LINE
8
BLACK
6
CONTINUOUS
10
5.4597229133858267
20
-4.0021241338582678
11
5.4597724803149603
21
-4.0022438188976377
0
LINE
8
BLACK
6
CONTINUOUS
10
5.4597724803149603
20
-4.0022438188976377
11
5.4598704330708658
21
-4.0023287795275593
0
LINE
8
BLACK
6
CONTINUOUS
10
5.4598704330708658
20
-4.0023287795275593
11
5.4603578346456692
21
-4.0033036614173225
0
LINE
8
BLACK
6
CONTINUOUS
10
5.4603578346456692
20
-4.0033036614173225
11
5.4603707874015743
21
-4.0034864566929134
0
LINE
8
BLACK
6
CONTINUOUS
10
5.4603707874015743
20
-4.0034864566929134
11
5.4604409448818894
21
-4.0036557874015744
0
LINE
8
BLACK
6
CONTINUOUS
10
5.4604409448818894
20
-4.0036557874015744
11
5.4604409448818894
21
-4.0060929921259838
0
LINE
8
BLACK
6
CONTINUOUS
10
5.4604409448818894
20
-4.0060929921259838
11
5.4603707874015743
21
-4.0062622834645669
0
LINE
8
BLACK
6
CONTINUOUS
10
5.4603707874015743
20
-4.0062622834645669
11
5.4603578346456692
21
-4.0064451181102365
0
LINE
8
BLACK
6
CONTINUOUS
10
5.4603578346456692
20
-4.0064451181102365
11
5.4598704330708658
21
-4.0074199999999998
0
LINE
8
BLACK
6
CONTINUOUS
10
5.4598704330708658
20
-4.0074199999999998
11
5.4597724803149603
21
-4.0075049212598426
0
LINE
8
BLACK
6
CONTINUOUS
10
5.4597724803149603
20
-4.0075049212598426
11
5.4597229133858267
21
-4.0076246456692912
0
LINE
8
BLACK
6
CONTINUOUS
10
5.4597229133858267
20
-4.0076246456692912
11
5.4592354724409446
21
-4.0081120866141733
0
LINE
8
BLACK
6
CONTINUOUS
10
5.4592354724409446
20
-4.0081120866141733
11
5.4591157086614173
21
-4.0081616535433069
0
LINE
8
BLACK
6
CONTINUOUS
10
5.4591157086614173
20
-4.0081616535433069
11
5.4590308267716532
21
-4.0082595669291337
0
LINE
8
BLACK
6
CONTINUOUS
10
5.4590308267716532
20
-4.0082595669291337
11
5.4580559448818899
21
-4.0087470472440945
0
LINE
8
BLACK
6
CONTINUOUS
10
5.4580559448818899
20
-4.0087470472440945
11
5.4578731102362203
21
-4.0087599999999997
0
LINE
8
BLACK
6
CONTINUOUS
10
5.4578731102362203
20
-4.0087599999999997
11
5.4577038188976381
21
-4.0088301574803147
0
LINE
8
BLACK
6
CONTINUOUS
10
5.4577038188976381
20
-4.0088301574803147
11
5.4552666141732278
21
-4.0088301574803147
0
LINE
8
BLACK
6
CONTINUOUS
10
5.4552666141732278
20
-4.0088301574803147
11
5.4550973228346455
21
-4.0087600393700784
0
LINE
8
BLACK
6
CONTINUOUS
10
5.4550973228346455
20
-4.0087600393700784
11
5.454914488188976
21
-4.0087470472440945
0
LINE
8
BLACK
6
CONTINUOUS
10
5.454914488188976
20
-4.0087470472440945
11
5.4539396062992127
21
-4.0082596062992124
0
LINE
8
BLACK
6
CONTINUOUS
10
5.4539396062992127
20
-4.0082596062992124
11
5.4538546850393699
21
-4.0081616535433069
0
LINE
8
BLACK
6
CONTINUOUS
10
5.4538546850393699
20
-4.0081616535433069
11
5.4537349606299212
21
-4.0081120866141733
0
LINE
8
BLACK
6
CONTINUOUS
10
5.4537349606299212
20
-4.0081120866141733
11
5.4532475196850392
21
-4.0076246456692912
0
LINE
8
BLACK
6
CONTINUOUS
10
5.4532475196850392
20
-4.0076246456692912
11
5.4531979133858268
21
-4.0075048818897638
0
LINE
8
BLACK
6
CONTINUOUS
10
5.4531979133858268
20
-4.0075048818897638
11
5.4531000393700788
21
-4.0074199999999998
0
LINE
8
BLACK
6
CONTINUOUS
10
5.4531000393700788
20
-4.0074199999999998
11
5.452612559055118
21
-4.0064451181102365
0
LINE
8
BLACK
6
CONTINUOUS
10
5.452612559055118
20
-4.0064451181102365
11
5.4525995669291341
21
-4.0062622834645669
0
LINE
8
BLACK
6
CONTINUOUS
10
5.4525995669291341
20
-4.0062622834645669
11
5.4525294488188978
21
-4.0060929921259838
0
LINE
8
BLACK
6
CONTINUOUS
10
5.4525294488188978
20
-4.0060929921259838
11
5.4525294488188978
21
-4.0036557874015744
0
LINE
8
BLACK
6
CONTINUOUS
10
5.4525294488188978
20
-4.0036557874015744
11
5.4525995669291341
21
-4.0034864566929134
0
LINE
8
BLACK
6
CONTINUOUS
10
5.4525995669291341
20
-4.0034864566929134
11
5.452612559055118
21
-4.0033036614173225
0
LINE
8
BLACK
6
CONTINUOUS
10
5.452612559055118
20
-4.0033036614173225
11
5.4526919685039372
21
-4.0031447637795274
0
LINE
8
BLACK
6
CONTINUOUS
10
5.4526919685039372
20
-4.0031447637795274
11
5.4502047244094483
21
-4.0033935039370077
0
LINE
8
BLACK
6
CONTINUOUS
10
5.4502047244094483
20
-4.0033935039370077
11
5.4502047244094483
21
-4.00755531496063
0
LINE
8
BLACK
6
CONTINUOUS
10
5.4502047244094483
20
-4.00755531496063
11
5.4499740944881889
21
-4.0081120866141733
0
LINE
8
BLACK
6
CONTINUOUS
10
5.4499740944881889
20
-4.0081120866141733
11
5.4494173228346456
21
-4.0083427165354326
0
LINE
8
BLACK
6
CONTINUOUS
10
5.4494173228346456
20
-4.0083427165354326
11
5.4488605511811024
21
-4.0081120866141733
0
LINE
8
BLACK
6
CONTINUOUS
10
5.4488605511811024
20
-4.0081120866141733
11
5.4486299212598421
21
-4.00755531496063
0
LINE
8
BLACK
6
CONTINUOUS
10
5.4486299212598421
20
-4.00755531496063
11
5.4486299212598421
21
-4.0026809055118111
0
LINE
8
BLACK
6
CONTINUOUS
10
5.4486299212598421
20
-4.0026809055118111
11
5.4487312992125982
21
-4.0024360629921256
0
LINE
8
BLACK
6
CONTINUOUS
10
5.4487312992125982
20
-4.0024360629921256
11
5.4488079133858269
21
-4.0021822834645668
0
LINE
8
BLACK
6
CONTINUOUS
10
5.4488079133858269
20
-4.0021822834645668
11
5.4488446062992129
21
-4.002162559055118
0
LINE
8
BLACK
6
CONTINUOUS
10
5.4488446062992129
20
-4.002162559055118
11
5.4488605511811024
21
-4.0021241338582678
0
LINE
8
BLACK
6
CONTINUOUS
10
5.4488605511811024
20
-4.0021241338582678
11
5.4491053149606294
21
-4.002022716535433
0
LINE
8
BLACK
6
CONTINUOUS
10
5.4491053149606294
20
-4.002022716535433
11
5.4493389763779527
21
-4.0018974015748032
0
LINE
8
BLACK
6
CONTINUOUS
10
5.4493389763779527
20
-4.0018974015748032
11
5.4542133858267716
21
-4.0014099606299212
0
LINE
8
BLACK
6
CONTINUOUS
10
5.4542133858267716
20
-4.0014099606299212
11
5.4542532677165356
21
-4.0014219685039372
0
LINE
8
BLACK
6
CONTINUOUS
10
5.4542532677165356
20
-4.0014219685039372
11
5.4542917322834645
21
-4.0014060629921255
0
LINE
8
BLACK
6
CONTINUOUS
10
5.4542917322834645
20
-4.0014060629921255
11
5.4545365354330704
21
-4.0015074409448816
0
LINE
8
BLACK
6
CONTINUOUS
10
5.4545365354330704
20
-4.0015074409448816
11
5.4547903543307088
21
-4.0015840551181103
0
LINE
8
BLACK
6
CONTINUOUS
10
5.4547903543307088
20
-4.0015840551181103
11
5.4548100393700789
21
-4.0016207480314963
0
LINE
8
BLACK
6
CONTINUOUS
10
5.4548100393700789
20
-4.0016207480314963
11
5.4548485039370078
21
-4.0016366929133858
0
LINE
8
BLACK
6
CONTINUOUS
10
5.4548485039370078
20
-4.0016366929133858
11
5.4549498818897639
21
-4.0018814566929137
0
LINE
8
BLACK
6
CONTINUOUS
10
5.4549498818897639
20
-4.0018814566929137
11
5.4550752362204724
21
-4.0021151181102361
0
LINE
8
BLACK
6
CONTINUOUS
10
5.4550752362204724
20
-4.0021151181102361
11
5.4550631889763777
21
-4.0021550000000001
0
LINE
8
BLACK
6
CONTINUOUS
10
5.4550631889763777
20
-4.0021550000000001
11
5.4550791338582671
21
-4.002193464566929
0
LINE
8
BLACK
6
CONTINUOUS
10
5.4550791338582671
20
-4.002193464566929
11
5.4549777165354332
21
-4.0024382677165358
0
LINE
8
BLACK
6
CONTINUOUS
10
5.4549777165354332
20
-4.0024382677165358
11
5.4549011417322832
21
-4.0026920866141733
0
LINE
8
BLACK
6
CONTINUOUS
10
5.4549011417322832
20
-4.0026920866141733
11
5.4548644094488186
21
-4.0027117716535434
0
LINE
8
BLACK
6
CONTINUOUS
10
5.4548644094488186
20
-4.0027117716535434
11
5.4548485039370078
21
-4.0027502362204723
0
LINE
8
BLACK
6
CONTINUOUS
10
5.4548485039370078
20
-4.0027502362204723
11
5.4544514566929134
21
-4.0031472834645667
0
LINE
8
BLACK
6
CONTINUOUS
10
5.4544514566929134
20
-4.0031472834645667
11
5.4541042519685039
21
-4.0038416929133858
0
LINE
8
BLACK
6
CONTINUOUS
10
5.4541042519685039
20
-4.0038416929133858
11
5.4541042519685039
21
-4.0059070866141733
0
LINE
8
BLACK
6
CONTINUOUS
10
5.4541042519685039
20
-4.0059070866141733
11
5.4544514566929134
21
-4.0066014960629923
0
LINE
8
BLACK
6
CONTINUOUS
10
5.4544514566929134
20
-4.0066014960629923
11
5.4547581102362201
21
-4.006908149606299
0
LINE
8
BLACK
6
CONTINUOUS
10
5.4547581102362201
20
-4.006908149606299
11
5.4554524409448817
21
-4.0072553543307086
0
LINE
8
BLACK
6
CONTINUOUS
10
5.4554524409448817
20
-4.0072553543307086
11
5.4575179133858267
21
-4.0072553543307086
0
LINE
8
BLACK
6
CONTINUOUS
10
5.4575179133858267
20
-4.0072553543307086
11
5.4582123228346457
21
-4.006908149606299
0
LINE
8
BLACK
6
CONTINUOUS
10
5.4582123228346457
20
-4.006908149606299
11
5.4585189370078737
21
-4.0066014960629923
0
LINE
8
BLACK
6
CONTINUOUS
10
5.4585189370078737
20
-4.0066014960629923
11
5.4588661417322832
21
-4.005907125984252
0
LINE
8
BLACK
6
CONTINUOUS
10
5.4588661417322832
20
-4.005907125984252
11
5.4588661417322832
21
-4.0038416141732283
0
LINE
8
BLACK
6
CONTINUOUS
10
5.4588661417322832
20
-4.0038416141732283
11
5.4585189370078737
21
-4.003147244094488
0
LINE
8
BLACK
6
CONTINUOUS
10
5.4585189370078737
20
-4.003147244094488
11
5.4581219291338581
21
-4.0027502362204723
0
LINE
8
BLACK
6
CONTINUOUS
10
5.4581219291338581
20
-4.0027502362204723
11
5.4578912992125979
21
-4.002193464566929
0
LINE
8
BLACK
6
CONTINUOUS
10
5.4578912992125979
20
-4.002193464566929
11
5.4581219291338581
21
-4.0016366929133858
0
LINE
8
BLACK
6
CONTINUOUS
10
5.4581219291338581
20
-4.0016366929133858
11
5.4586787007874014
21
-4.0014060629921255
0
LINE
8
BLACK
6
CONTINUOUS
10
5.4586787007874014
20
-4.0014060629921255
11
5.4592354724409446
21
-4.0016366929133858
0
LINE
8
BLACK
6
CONTINUOUS
10
5.46021031496063
20
-3.9918879133858267
11
5.4604409448818894
21
-3.99244468503937
0
LINE
8
BLACK
6
CONTINUOUS
10
5.4604409448818894
20
-3.99244468503937
11
5.46021031496063
21
-3.9930014566929133
0
LINE
8
BLACK
6
CONTINUOUS
10
5.46021031496063
20
-3.9930014566929133
11
5.4596535433070867
21
-3.9932320866141731
0
LINE
8
BLACK
6
CONTINUOUS
10
5.4596535433070867
20
-3.9932320866141731
11
5.4555665748031492
21
-3.9932320866141731
0
LINE
8
BLACK
6
CONTINUOUS
10
5.4555665748031492
20
-3.9932320866141731
11
5.4555665748031492
21
-3.9944718897637794
0
LINE
8
BLACK
6
CONTINUOUS
10
5.4555665748031492
20
-3.9944718897637794
11
5.4601051181102358
21
-3.9976489370078738
0
LINE
8
BLACK
6
CONTINUOUS
10
5.4601051181102358
20
-3.9976489370078738
11
5.460428976377953
21
-3.9981571653543306
0
LINE
8
BLACK
6
CONTINUOUS
10
5.460428976377953
20
-3.9981571653543306
11
5.4602986220472438
21
-3.9987455511811021
0
LINE
8
BLACK
6
CONTINUOUS
10
5.4602986220472438
20
-3.9987455511811021
11
5.4597903937007874
21
-3.9990694094488188
0
LINE
8
BLACK
6
CONTINUOUS
10
5.4597903937007874
20
-3.9990694094488188
11
5.4592020078740155
21
-3.9989390551181101
0
LINE
8
BLACK
6
CONTINUOUS
10
5.4592020078740155
20
-3.9989390551181101
11
5.4555505118110235
21
-3.9963829527559054
0
LINE
8
BLACK
6
CONTINUOUS
10
5.4555505118110235
20
-3.9963829527559054
11
5.4554964566929129
21
-3.9965134645669291
0
LINE
8
BLACK
6
CONTINUOUS
10
5.4554964566929129
20
-3.9965134645669291
11
5.455483464566929
21
-3.996696338582677
0
LINE
8
BLACK
6
CONTINUOUS
10
5.455483464566929
20
-3.996696338582677
11
5.4549960236220469
21
-3.9976712204724407
0
LINE
8
BLACK
6
CONTINUOUS
10
5.4549960236220469
20
-3.9976712204724407
11
5.4548980708661414
21
-3.9977561023622048
0
LINE
8
BLACK
6
CONTINUOUS
10
5.4548980708661414
20
-3.9977561023622048
11
5.4548485039370078
21
-3.9978758661417322
0
LINE
8
BLACK
6
CONTINUOUS
10
5.4548485039370078
20
-3.9978758661417322
11
5.4543610629921258
21
-3.9983633070866142
0
LINE
8
BLACK
6
CONTINUOUS
10
5.4543610629921258
20
-3.9983633070866142
11
5.4542412992125984
21
-3.9984128740157479
0
LINE
8
BLACK
6
CONTINUOUS
10
5.4542412992125984
20
-3.9984128740157479
11
5.4541564173228343
21
-3.9985107874015746
0
LINE
8
BLACK
6
CONTINUOUS
10
5.4541564173228343
20
-3.9985107874015746
11
5.453181535433071
21
-3.9989982677165354
0
LINE
8
BLACK
6
CONTINUOUS
10
5.453181535433071
20
-3.9989982677165354
11
5.4529987007874015
21
-3.9990112204724411
0
LINE
8
BLACK
6
CONTINUOUS
10
5.4529987007874015
20
-3.9990112204724411
11
5.4528294094488183
21
-3.9990813779527556
0
LINE
8
BLACK
6
CONTINUOUS
10
5.4528294094488183
20
-3.9990813779527556
11
5.451367086614173
21
-3.9990813779527556
0
LINE
8
BLACK
6
CONTINUOUS
10
5.451367086614173
20
-3.9990813779527556
11
5.4511977952755908
21
-3.9990112598425194
0
LINE
8
BLACK
6
CONTINUOUS
10
5.4511977952755908
20
-3.9990112598425194
11
5.4510149606299212
21
-3.9989982677165354
0
LINE
8
BLACK
6
CONTINUOUS
10
5.4510149606299212
20
-3.9989982677165354
11
5.4500400787401571
21
-3.9985108267716534
0
LINE
8
BLACK
6
CONTINUOUS
10
5.4500400787401571
20
-3.9985108267716534
11
5.4499551574803151
21
-3.9984128740157479
0
LINE
8
BLACK
6
CONTINUOUS
10
5.4499551574803151
20
-3.9984128740157479
11
5.4498354330708656
21
-3.9983633070866142
0
LINE
8
BLACK
6
CONTINUOUS
10
5.4498354330708656
20
-3.9983633070866142
11
5.4493479921259844
21
-3.9978758661417322
0
LINE
8
BLACK
6
CONTINUOUS
10
5.4493479921259844
20
-3.9978758661417322
11
5.4492983858267712
21
-3.9977561023622048
0
LINE
8
BLACK
6
CONTINUOUS
10
5.4492983858267712
20
-3.9977561023622048
11
5.4492005118110232
21
-3.9976712204724407
0
LINE
8
BLACK
6
CONTINUOUS
10
5.4492005118110232
20
-3.9976712204724407
11
5.4487130314960632
21
-3.996696338582677
0
LINE
8
BLACK
6
CONTINUOUS
10
5.4487130314960632
20
-3.996696338582677
11
5.4487000393700784
21
-3.9965135039370079
0
LINE
8
BLACK
6
CONTINUOUS
10
5.4487000393700784
20
-3.9965135039370079
11
5.4486299212598421
21
-3.9963442125984252
0
LINE
8
BLACK
6
CONTINUOUS
10
5.4486299212598421
20
-3.9963442125984252
11
5.4486299212598421
21
-3.99244468503937
0
LINE
8
BLACK
6
CONTINUOUS
10
5.4486299212598421
20
-3.99244468503937
11
5.4488605511811024
21
-3.9918879133858267
0
LINE
8
BLACK
6
CONTINUOUS
10
5.4488605511811024
20
-3.9918879133858267
11
5.4494173228346456
21
-3.9916572834645669
0
LINE
8
BLACK
6
CONTINUOUS
10
5.4494173228346456
20
-3.9916572834645669
11
5.4596535433070867
21
-3.9916572834645669
0
LINE
8
BLACK
6
CONTINUOUS
10
5.4596535433070867
20
-3.9916572834645669
11
5.46021031496063
21
-3.9918879133858267
0
LINE
8
BLACK
6
CONTINUOUS
10
5.4502047244094483
20
-3.9961583070866142
11
5.4505519291338578
21
-3.9968527165354328
0
LINE
8
BLACK
6
CONTINUOUS
10
5.4505519291338578
20
-3.9968527165354328
11
5.4508585826771654
21
-3.99715937007874
0
LINE
8
BLACK
6
CONTINUOUS
10
5.4508585826771654
20
-3.99715937007874
11
5.4515529133858269
21
-3.9975065748031495
0
LINE
8
BLACK
6
CONTINUOUS
10
5.4515529133858269
20
-3.9975065748031495
11
5.4526435039370078
21
-3.9975065748031495
0
LINE
8
BLACK
6
CONTINUOUS
10
5.4526435039370078
20
-3.9975065748031495
11
5.4533379133858269
21
-3.99715937007874
0
LINE
8
BLACK
6
CONTINUOUS
10
5.4533379133858269
20
-3.99715937007874
11
5.4536445669291336
21
-3.9968526771653541
0
LINE
8
BLACK
6
CONTINUOUS
10
5.4536445669291336
20
-3.9968526771653541
11
5.4539917716535431
21
-3.996158346456693
0
LINE
8
BLACK
6
CONTINUOUS
10
5.4539917716535431
20
-3.996158346456693
11
5.4539917716535431
21
-3.9932320866141731
0
LINE
8
BLACK
6
CONTINUOUS
10
5.4539917716535431
20
-3.9932320866141731
11
5.4502047244094483
21
-3.9932320866141731
0
LINE
8
BLACK
6
CONTINUOUS
10
5.4502047244094483
20
-3.9932320866141731
11
5.4502047244094483
21
-3.9961583070866142
0
LINE
8
BLACK
6
CONTINUOUS
10
5.4656299212598425
20
-3.9773622047244093
11
5.4670218503937003
21
-3.9779387795275589
0
LINE
8
BLACK
6
CONTINUOUS
10
5.4670218503937003
20
-3.9779387795275589
11
5.4675984251968499
21
-3.9793307086614171
0
LINE
8
BLACK
6
CONTINUOUS
10
5.4675984251968499
20
-3.9793307086614171
11
5.4675984251968499
21
-4.0206692913385824
0
LINE
8
BLACK
6
CONTINUOUS
10
5.4675984251968499
20
-4.0206692913385824
11
5.4670218503937003
21
-4.0220612204724411
0
LINE
8
BLACK
6
CONTINUOUS
10
5.4670218503937003
20
-4.0220612204724411
11
5.4656299212598425
21
-4.0226377952755907
0
LINE
8
BLACK
6
CONTINUOUS
10
5.4656299212598425
20
-4.0226377952755907
11
5.4443700787401577
21
-4.0226377952755907
0
LINE
8
BLACK
6
CONTINUOUS
10
5.4443700787401577
20
-4.0226377952755907
11
5.442978149606299
21
-4.0220612204724411
0
LINE
8
BLACK
6
CONTINUOUS
10
5.442978149606299
20
-4.0220612204724411
11
5.4424015748031493
21
-4.0206692913385824
0
LINE
8
BLACK
6
CONTINUOUS
10
5.4424015748031493
20
-4.0206692913385824
11
5.4424015748031493
21
-3.9793307086614171
0
LINE
8
BLACK
6
CONTINUOUS
10
5.4424015748031493
20
-3.9793307086614171
11
5.442978149606299
21
-3.9779387795275589
0
LINE
8
BLACK
6
CONTINUOUS
10
5.442978149606299
20
-3.9779387795275589
11
5.4443700787401577
21
-3.9773622047244093
0
LINE
8
BLACK
6
CONTINUOUS
10
5.4443700787401577
20
-3.9773622047244093
11
5.4656299212598425
21
-3.9773622047244093
0
LINE
8
BLACK
6
CONTINUOUS
10
5.4463385826771651
20
-3.981299212598425
11
5.4463385826771651
21
-4.018700787401575
0
LINE
8
BLACK
6
CONTINUOUS
10
5.4463385826771651
20
-4.018700787401575
11
5.4636614173228342
21
-4.018700787401575
0
LINE
8
BLACK
6
CONTINUOUS
10
5.4636614173228342
20
-4.018700787401575
11
5.4636614173228342
21
-3.981299212598425
0
LINE
8
BLACK
6
CONTINUOUS
10
5.4636614173228342
20
-3.981299212598425
11
5.4463385826771651
21
-3.981299212598425
0
LINE
8
BLACK
6
CONTINUOUS
10
5.2160298425196849
20
-3.993911614173228
11
5.2162126771653545
21
-3.9939246456692912
0
LINE
8
BLACK
6
CONTINUOUS
10
5.2162126771653545
20
-3.9939246456692912
11
5.2171500000000002
21
-3.994393307086614
0
LINE
8
BLACK
6
CONTINUOUS
10
5.2171500000000002
20
-3.994393307086614
11
5.2172348818897634
21
-3.9944912204724408
0
LINE
8
BLACK
6
CONTINUOUS
10
5.2172348818897634
20
-3.9944912204724408
11
5.2173546456692916
21
-3.9945408267716536
0
LINE
8
BLACK
6
CONTINUOUS
10
5.2173546456692916
20
-3.9945408267716536
11
5.2178233464566928
21
-3.9950095275590551
0
LINE
8
BLACK
6
CONTINUOUS
10
5.2178233464566928
20
-3.9950095275590551
11
5.2178729133858264
21
-3.995129212598425
0
LINE
8
BLACK
6
CONTINUOUS
10
5.2178729133858264
20
-3.995129212598425
11
5.2179708267716531
21
-3.9952141338582678
0
LINE
8
BLACK
6
CONTINUOUS
10
5.2179708267716531
20
-3.9952141338582678
11
5.2184395275590552
21
-3.9961514960629922
0
LINE
8
BLACK
6
CONTINUOUS
10
5.2184395275590552
20
-3.9961514960629922
11
5.2184458661417326
21
-3.9962407480314961
0
LINE
8
BLACK
6
CONTINUOUS
10
5.2184458661417326
20
-3.9962407480314961
11
5.2184991732283468
21
-3.9963127165354329
0
LINE
8
BLACK
6
CONTINUOUS
10
5.2184991732283468
20
-3.9963127165354329
11
5.2189678346456692
21
-3.9981874409448817
0
LINE
8
BLACK
6
CONTINUOUS
10
5.2189678346456692
20
-3.9981874409448817
11
5.2189531102362201
21
-3.9982861811023622
0
LINE
8
BLACK
6
CONTINUOUS
10
5.2189531102362201
20
-3.9982861811023622
11
5.2189913385826774
21
-3.9983784251968504
0
LINE
8
BLACK
6
CONTINUOUS
10
5.2189913385826774
20
-3.9983784251968504
11
5.2189913385826774
21
-4.0007218897637795
0
LINE
8
BLACK
6
CONTINUOUS
10
5.2189913385826774
20
-4.0007218897637795
11
5.2189531102362201
21
-4.0008140944881889
0
LINE
8
BLACK
6
CONTINUOUS
10
5.2189531102362201
20
-4.0008140944881889
11
5.2189678346456692
21
-4.0009128740157482
0
LINE
8
BLACK
6
CONTINUOUS
10
5.2189678346456692
20
-4.0009128740157482
11
5.2184991732283468
21
-4.002787598425197
0
LINE
8
BLACK
6
CONTINUOUS
10
5.2184991732283468
20
-4.002787598425197
11
5.2184458661417326
21
-4.0028595275590551
0
LINE
8
BLACK
6
CONTINUOUS
10
5.2184458661417326
20
-4.0028595275590551
11
5.2184395275590552
21
-4.0029488188976377
0
LINE
8
BLACK
6
CONTINUOUS
10
5.2184395275590552
20
-4.0029488188976377
11
5.2179708661417319
21
-4.0038861811023621
0
LINE
8
BLACK
6
CONTINUOUS
10
5.2179708661417319
20
-4.0038861811023621
11
5.2178729133858264
21
-4.0039710629921261
0
LINE
8
BLACK
6
CONTINUOUS
10
5.2178729133858264
20
-4.0039710629921261
11
5.2178233464566928
21
-4.0040908267716535
0
LINE
8
BLACK
6
CONTINUOUS
10
5.2178233464566928
20
-4.0040908267716535
11
5.2173546456692916
21
-4.0045595275590546
0
LINE
8
BLACK
6
CONTINUOUS
10
5.2173546456692916
20
-4.0045595275590546
11
5.2172349212598421
21
-4.0046090944881891
0
LINE
8
BLACK
6
CONTINUOUS
10
5.2172349212598421
20
-4.0046090944881891
11
5.2171500000000002
21
-4.0047070472440947
0
LINE
8
BLACK
6
CONTINUOUS
10
5.2171500000000002
20
-4.0047070472440947
11
5.2162126377952758
21
-4.005175708661417
0
LINE
8
BLACK
6
CONTINUOUS
10
5.2162126377952758
20
-4.005175708661417
11
5.2160298031496062
21
-4.0051886614173231
0
LINE
8
BLACK
6
CONTINUOUS
10
5.2160298031496062
20
-4.0051886614173231
11
5.2158605118110239
21
-4.0052588188976381
0
LINE
8
BLACK
6
CONTINUOUS
10
5.2158605118110239
20
-4.0052588188976381
11
5.2149231102362208
21
-4.0052588188976381
0
LINE
8
BLACK
6
CONTINUOUS
10
5.2149231102362208
20
-4.0052588188976381
11
5.2147537795275589
21
-4.0051886614173231
0
LINE
8
BLACK
6
CONTINUOUS
10
5.2147537795275589
20
-4.0051886614173231
11
5.2145709842519681
21
-4.005175708661417
0
LINE
8
BLACK
6
CONTINUOUS
10
5.2145709842519681
20
-4.005175708661417
11
5.2136336220472437
21
-4.0047070472440947
0
LINE
8
BLACK
6
CONTINUOUS
10
5.2136336220472437
20
-4.0047070472440947
11
5.213548661417323
21
-4.0046090944881891
0
LINE
8
BLACK
6
CONTINUOUS
10
5.213548661417323
20
-4.0046090944881891
11
5.2134289763779522
21
-4.0045595275590546
0
LINE
8
BLACK
6
CONTINUOUS
10
5.2134289763779522
20
-4.0045595275590546
11
5.2129602755905511
21
-4.0040908267716535
0
LINE
8
BLACK
6
CONTINUOUS
10
5.2129602755905511
20
-4.0040908267716535
11
5.2129106692913387
21
-4.0039711023622049
0
LINE
8
BLACK
6
CONTINUOUS
10
5.2129106692913387
20
-4.0039711023622049
11
5.212812755905512
21
-4.0038861811023621
0
LINE
8
BLACK
6
CONTINUOUS
10
5.212812755905512
20
-4.0038861811023621
11
5.2123440551181099
21
-4.0029487795275589
0
LINE
8
BLACK
6
CONTINUOUS
10
5.2123440551181099
20
-4.0029487795275589
11
5.2123377165354325
21
-4.0028595275590551
0
LINE
8
BLACK
6
CONTINUOUS
10
5.2123377165354325
20
-4.0028595275590551
11
5.2122844488188971
21
-4.0027876377952758
0
LINE
8
BLACK
6
CONTINUOUS
10
5.2122844488188971
20
-4.0027876377952758
11
5.2118157480314959
21
-4.0009128740157482
0
LINE
8
BLACK
6
CONTINUOUS
10
5.2118157480314959
20
-4.0009128740157482
11
5.2118304330708662
21
-4.0008140944881889
0
LINE
8
BLACK
6
CONTINUOUS
10
5.2118304330708662
20
-4.0008140944881889
11
5.2117922440944877
21
-4.0007218897637795
0
LINE
8
BLACK
6
CONTINUOUS
10
5.2117922440944877
20
-4.0007218897637795
11
5.2117922440944877
21
-3.9983784251968504
0
LINE
8
BLACK
6
CONTINUOUS
10
5.2117922440944877
20
-3.9983784251968504
11
5.2118304330708662
21
-3.9982861811023622
0
LINE
8
BLACK
6
CONTINUOUS
10
5.2118304330708662
20
-3.9982861811023622
11
5.2118157480314959
21
-3.9981874409448817
0
LINE
8
BLACK
6
CONTINUOUS
10
5.2118157480314959
20
-3.9981874409448817
11
5.2122844488188971
21
-3.9963126771653541
0
LINE
8
BLACK
6
CONTINUOUS
10
5.2122844488188971
20
-3.9963126771653541
11
5.2123377165354325
21
-3.9962407086614173
0
LINE
8
BLACK
6
CONTINUOUS
10
5.2123377165354325
20
-3.9962407086614173
11
5.2123440944881887
21
-3.9961514960629922
0
LINE
8
BLACK
6
CONTINUOUS
10
5.2123440944881887
20
-3.9961514960629922
11
5.212812755905512
21
-3.9952141732283462
0
LINE
8
BLACK
6
CONTINUOUS
10
5.212812755905512
20
-3.9952141732283462
11
5.2129106692913387
21
-3.9951292519685038
0
LINE
8
BLACK
6
CONTINUOUS
10
5.2129106692913387
20
-3.9951292519685038
11
5.2129602755905511
21
-3.9950095275590551
0
LINE
8
BLACK
6
CONTINUOUS
10
5.2129602755905511
20
-3.9950095275590551
11
5.2134289763779522
21
-3.9945408267716536
0
LINE
8
BLACK
6
CONTINUOUS
10
5.2134289763779522
20
-3.9945408267716536
11
5.213548661417323
21
-3.9944912204724408
0
LINE
8
BLACK
6
CONTINUOUS
10
5.213548661417323
20
-3.9944912204724408
11
5.2136335826771649
21
-3.9943933464566928
0
LINE
8
BLACK
6
CONTINUOUS
10
5.2136335826771649
20
-3.9943933464566928
11
5.2145709448818893
21
-3.9939246456692912
0
LINE
8
BLACK
6
CONTINUOUS
10
5.2145709448818893
20
-3.9939246456692912
11
5.2147537007874014
21
-3.9939116535433068
0
LINE
8
BLACK
6
CONTINUOUS
10
5.2147537007874014
20
-3.9939116535433068
11
5.2149231102362208
21
-3.9938414960629922
0
LINE
8
BLACK
6
CONTINUOUS
10
5.2149231102362208
20
-3.9938414960629922
11
5.2158605118110239
21
-3.9938414960629922
0
LINE
8
BLACK
6
CONTINUOUS
10
5.2158605118110239
20
-3.9938414960629922
11
5.2160298425196849
21
-3.993911614173228
0
LINE
8
BLACK
6
CONTINUOUS
10
5.2144521653543308
20
-3.9957447244094486
11
5.2141641338582678
21
-3.9960327165354328
0
LINE
8
BLACK
6
CONTINUOUS
10
5.2141641338582678
20
-3.9960327165354328
11
5.2137912598425196
21
-3.9967784645669289
0
LINE
8
BLACK
6
CONTINUOUS
10
5.2137912598425196
20
-3.9967784645669289
11
5.2133670472440947
21
-3.9984753937007875
0
LINE
8
BLACK
6
CONTINUOUS
10
5.2133670472440947
20
-3.9984753937007875
11
5.2133670472440947
21
-4.0006249212598428
0
LINE
8
BLACK
6
CONTINUOUS
10
5.2133670472440947
20
-4.0006249212598428
11
5.2137912598425196
21
-4.0023217716535431
0
LINE
8
BLACK
6
CONTINUOUS
10
5.2137912598425196
20
-4.0023217716535431
11
5.2141641732283466
21
-4.0030676377952759
0
LINE
8
BLACK
6
CONTINUOUS
10
5.2141641732283466
20
-4.0030676377952759
11
5.2144520866141733
21
-4.0033555511811025
0
LINE
8
BLACK
6
CONTINUOUS
10
5.2144520866141733
20
-4.0033555511811025
11
5.2151090157480313
21
-4.0036840157480311
0
LINE
8
BLACK
6
CONTINUOUS
10
5.2151090157480313
20
-4.0036840157480311
11
5.2156746062992125
21
-4.0036840157480311
0
LINE
8
BLACK
6
CONTINUOUS
10
5.2156746062992125
20
-4.0036840157480311
11
5.2163314960629918
21
-4.0033555511811025
0
LINE
8
BLACK
6
CONTINUOUS
10
5.2163314960629918
20
-4.0033555511811025
11
5.2166194094488185
21
-4.0030676771653546
0
LINE
8
BLACK
6
CONTINUOUS
10
5.2166194094488185
20
-4.0030676771653546
11
5.2169923228346455
21
-4.0023217716535431
0
LINE
8
BLACK
6
CONTINUOUS
10
5.2169923228346455
20
-4.0023217716535431
11
5.2174165354330704
21
-4.0006249606299216
0
LINE
8
BLACK
6
CONTINUOUS
10
5.2174165354330704
20
-4.0006249606299216
11
5.2174165354330704
21
-3.99847531496063
0
LINE
8
BLACK
6
CONTINUOUS
10
5.2174165354330704
20
-3.99847531496063
11
5.2169923228346455
21
-3.9967785039370076
0
LINE
8
BLACK
6
CONTINUOUS
10
5.2169923228346455
20
-3.9967785039370076
11
5.2166194488188973
21
-3.9960327165354328
0
LINE
8
BLACK
6
CONTINUOUS
10
5.2166194488188973
20
-3.9960327165354328
11
5.2163314173228343
21
-3.9957446850393699
0
LINE
8
BLACK
6
CONTINUOUS
10
5.2163314173228343
20
-3.9957446850393699
11
5.2156746456692913
21
-3.9954162992125983
0
LINE
8
BLACK
6
CONTINUOUS
10
5.2156746456692913
20
-3.9954162992125983
11
5.2151090157480313
21
-3.9954162992125983
0
LINE
8
BLACK
6
CONTINUOUS
10
5.2151090157480313
20
-3.9954162992125983
11
5.2144521653543308
21
-3.9957447244094486
0
LINE
8
BLACK
6
CONTINUOUS
10
5.224840551181102
20
-3.9938725196850391
11
5.2249200787401575
21
-3.9938568110236221
0
LINE
8
BLACK
6
CONTINUOUS
10
5.2249200787401575
20
-3.9938568110236221
11
5.2251105511811025
21
-3.9939843700787399
0
LINE
8
BLACK
6
CONTINUOUS
10
5.2251105511811025
20
-3.9939843700787399
11
5.225322401574803
21
-3.994072125984252
0
LINE
8
BLACK
6
CONTINUOUS
10
5.225322401574803
20
-3.994072125984252
11
5.2253533858267716
21
-3.9941470078740156
0
LINE
8
BLACK
6
CONTINUOUS
10
5.2253533858267716
20
-3.9941470078740156
11
5.2254207874015748
21
-3.9941921259842519
0
LINE
8
BLACK
6
CONTINUOUS
10
5.2254207874015748
20
-3.9941921259842519
11
5.2263148425196846
21
-3.9955333070866139
0
LINE
8
BLACK
6
CONTINUOUS
10
5.2263148425196846
20
-3.9955333070866139
11
5.2271067716535429
21
-3.9963251968503934
0
LINE
8
BLACK
6
CONTINUOUS
10
5.2271067716535429
20
-3.9963251968503934
11
5.2279298818897635
21
-3.9967367716535431
0
LINE
8
BLACK
6
CONTINUOUS
10
5.2279298818897635
20
-3.9967367716535431
11
5.2283247244094486
21
-3.9971920866141732
0
LINE
8
BLACK
6
CONTINUOUS
10
5.2283247244094486
20
-3.9971920866141732
11
5.2282820078740153
21
-3.9977931889763778
0
LINE
8
BLACK
6
CONTINUOUS
10
5.2282820078740153
20
-3.9977931889763778
11
5.2278267322834644
21
-3.9981880314960629
0
LINE
8
BLACK
6
CONTINUOUS
10
5.2278267322834644
20
-3.9981880314960629
11
5.2272255905511811
21
-3.9981453149606296
0
LINE
8
BLACK
6
CONTINUOUS
10
5.2272255905511811
20
-3.9981453149606296
11
5.2262882283464567
21
-3.9976766141732281
0
LINE
8
BLACK
6
CONTINUOUS
10
5.2262882283464567
20
-3.9976766141732281
11
5.2262033464566926
21
-3.99757874015748
0
LINE
8
BLACK
6
CONTINUOUS
10
5.2262033464566926
20
-3.99757874015748
11
5.226083622047244
21
-3.9975291732283464
0
LINE
8
BLACK
6
CONTINUOUS
10
5.226083622047244
20
-3.9975291732283464
11
5.2255530314960632
21
-3.9969985826771652
0
LINE
8
BLACK
6
CONTINUOUS
10
5.2255530314960632
20
-3.9969985826771652
11
5.2255530314960632
21
-4.0036840157480311
0
LINE
8
BLACK
6
CONTINUOUS
10
5.2255530314960632
20
-4.0036840157480311
11
5.2275777559055117
21
-4.0036840157480311
0
LINE
8
BLACK
6
CONTINUOUS
10
5.2275777559055117
20
-4.0036840157480311
11
5.2281345275590549
21
-4.0039146456692913
0
LINE
8
BLACK
6
CONTINUOUS
10
5.2281345275590549
20
-4.0039146456692913
11
5.2283651574803152
21
-4.0044714173228346
0
LINE
8
BLACK
6
CONTINUOUS
10
5.2283651574803152
20
-4.0044714173228346
11
5.2281345275590549
21
-4.0050281889763779
0
LINE
8
BLACK
6
CONTINUOUS
10
5.2281345275590549
20
-4.0050281889763779
11
5.2275777559055117
21
-4.0052588188976381
0
LINE
8
BLACK
6
CONTINUOUS
10
5.2275777559055117
20
-4.0052588188976381
11
5.2247656299212597
21
-4.0052588188976381
0
LINE
8
BLACK
6
CONTINUOUS
10
5.2247656299212597
20
-4.0052588188976381
11
5.221953464566929
21
-4.0052588188976381
0
LINE
8
BLACK
6
CONTINUOUS
10
5.221953464566929
20
-4.0052588188976381
11
5.2213966929133857
21
-4.0050281889763779
0
LINE
8
BLACK
6
CONTINUOUS
10
5.2213966929133857
20
-4.0050281889763779
11
5.2211660629921255
21
-4.0044714173228346
0
LINE
8
BLACK
6
CONTINUOUS
10
5.2211660629921255
20
-4.0044714173228346
11
5.2213966929133857
21
-4.0039146456692913
0
LINE
8
BLACK
6
CONTINUOUS
10
5.2213966929133857
20
-4.0039146456692913
11
5.221953464566929
21
-4.0036840157480311
0
LINE
8
BLACK
6
CONTINUOUS
10
5.221953464566929
20
-4.0036840157480311
11
5.2239782283464562
21
-4.0036840157480311
0
LINE
8
BLACK
6
CONTINUOUS
10
5.2239782283464562
20
-4.0036840157480311
11
5.2239782283464562
21
-3.9946288976377953
0
LINE
8
BLACK
6
CONTINUOUS
10
5.2239782283464562
20
-3.9946288976377953
11
5.2240092519685035
21
-3.9945539370078738
0
LINE
8
BLACK
6
CONTINUOUS
10
5.2240092519685035
20
-3.9945539370078738
11
5.2239935433070865
21
-3.9944744488188975
0
LINE
8
BLACK
6
CONTINUOUS
10
5.2239935433070865
20
-3.9944744488188975
11
5.2241211023622043
21
-3.9942839370078738
0
LINE
8
BLACK
6
CONTINUOUS
10
5.2241211023622043
20
-3.9942839370078738
11
5.2242088582677164
21
-3.994072125984252
0
LINE
8
BLACK
6
CONTINUOUS
10
5.2242088582677164
20
-3.994072125984252
11
5.22428374015748
21
-3.9940411023622047
0
LINE
8
BLACK
6
CONTINUOUS
10
5.22428374015748
20
-3.9940411023622047
11
5.2243288582677163
21
-3.9939737401574802
0
LINE
8
BLACK
6
CONTINUOUS
10
5.2243288582677163
20
-3.9939737401574802
11
5.2245537401574804
21
-3.9939292519685039
0
LINE
8
BLACK
6
CONTINUOUS
10
5.2245537401574804
20
-3.9939292519685039
11
5.2247656299212597
21
-3.9938414960629922
0
LINE
8
BLACK
6
CONTINUOUS
10
5.2247656299212597
20
-3.9938414960629922
11
5.224840551181102
21
-3.9938725196850391
0
LINE
8
BLACK
6
CONTINUOUS
10
5.2342591338582674
20
-3.9938910629921258
11
5.234388464566929
21
-3.9938818897637796
0
LINE
8
BLACK
6
CONTINUOUS
10
5.234388464566929
20
-3.9938818897637796
11
5.2357945275590554
21
-3.9943505905511811
0
LINE
8
BLACK
6
CONTINUOUS
10
5.2357945275590554
20
-3.9943505905511811
11
5.2359329921259841
21
-3.9944706692913385
0
LINE
8
BLACK
6
CONTINUOUS
10
5.2359329921259841
20
-3.9944706692913385
11
5.2361022834645672
21
-3.9945408267716536
0
LINE
8
BLACK
6
CONTINUOUS
10
5.2361022834645672
20
-3.9945408267716536
11
5.2370396850393703
21
-3.9954782283464567
0
LINE
8
BLACK
6
CONTINUOUS
10
5.2370396850393703
20
-3.9954782283464567
11
5.2370892519685039
21
-3.9955979133858266
0
LINE
8
BLACK
6
CONTINUOUS
10
5.2370892519685039
20
-3.9955979133858266
11
5.2371871653543307
21
-3.995682834645669
0
LINE
8
BLACK
6
CONTINUOUS
10
5.2371871653543307
20
-3.995682834645669
11
5.2376558661417318
21
-3.9966201968503938
0
LINE
8
BLACK
6
CONTINUOUS
10
5.2376558661417318
20
-3.9966201968503938
11
5.2376622047244092
21
-3.9967094488188977
0
LINE
8
BLACK
6
CONTINUOUS
10
5.2376622047244092
20
-3.9967094488188977
11
5.2377155118110235
21
-3.9967814173228344
0
LINE
8
BLACK
6
CONTINUOUS
10
5.2377155118110235
20
-3.9967814173228344
11
5.2381841732283467
21
-3.9986561417322832
0
LINE
8
BLACK
6
CONTINUOUS
10
5.2381841732283467
20
-3.9986561417322832
11
5.2381694488188977
21
-3.9987548818897638
0
LINE
8
BLACK
6
CONTINUOUS
10
5.2381694488188977
20
-3.9987548818897638
11
5.2382076771653541
21
-3.998847125984252
0
LINE
8
BLACK
6
CONTINUOUS
10
5.2382076771653541
20
-3.998847125984252
11
5.2382076771653541
21
-4.0002531889763775
0
LINE
8
BLACK
6
CONTINUOUS
10
5.2382076771653541
20
-4.0002531889763775
11
5.2381694488188977
21
-4.0003453937007869
0
LINE
8
BLACK
6
CONTINUOUS
10
5.2381694488188977
20
-4.0003453937007869
11
5.2381841732283467
21
-4.0004441732283462
0
LINE
8
BLACK
6
CONTINUOUS
10
5.2381841732283467
20
-4.0004441732283462
11
5.2377155118110235
21
-4.002318897637795
0
LINE
8
BLACK
6
CONTINUOUS
10
5.2377155118110235
20
-4.002318897637795
11
5.2376622047244092
21
-4.002390826771653
0
LINE
8
BLACK
6
CONTINUOUS
10
5.2376622047244092
20
-4.002390826771653
11
5.2376558661417318
21
-4.0024801181102365
0
LINE
8
BLACK
6
CONTINUOUS
10
5.2376558661417318
20
-4.0024801181102365
11
5.2371872047244095
21
-4.0034174803149609
0
LINE
8
BLACK
6
CONTINUOUS
10
5.2371872047244095
20
-4.0034174803149609
11
5.2370892519685039
21
-4.0035023622047241
0
LINE
8
BLACK
6
CONTINUOUS
10
5.2370892519685039
20
-4.0035023622047241
11
5.2370396850393703
21
-4.0036221259842515
0
LINE
8
BLACK
6
CONTINUOUS
10
5.2370396850393703
20
-4.0036221259842515
11
5.2361022834645672
21
-4.0045595275590546
0
LINE
8
BLACK
6
CONTINUOUS
10
5.2361022834645672
20
-4.0045595275590546
11
5.2359329921259841
21
-4.0046296062992122
0
LINE
8
BLACK
6
CONTINUOUS
10
5.2359329921259841
20
-4.0046296062992122
11
5.2357945275590554
21
-4.0047497637795271
0
LINE
8
BLACK
6
CONTINUOUS
10
5.2357945275590554
20
-4.0047497637795271
11
5.2343884251968502
21
-4.0052184251968503
0
LINE
8
BLACK
6
CONTINUOUS
10
5.2343884251968502
20
-4.0052184251968503
11
5.2342591338582674
21
-4.0052092125984249
0
LINE
8
BLACK
6
CONTINUOUS
10
5.2342591338582674
20
-4.0052092125984249
11
5.2341394488188975
21
-4.0052588188976381
0
LINE
8
BLACK
6
CONTINUOUS
10
5.2341394488188975
20
-4.0052588188976381
11
5.2332020866141731
21
-4.0052588188976381
0
LINE
8
BLACK
6
CONTINUOUS
10
5.2332020866141731
20
-4.0052588188976381
11
5.2330823622047244
21
-4.0052092125984249
0
LINE
8
BLACK
6
CONTINUOUS
10
5.2330823622047244
20
-4.0052092125984249
11
5.2329531102362203
21
-4.0052184251968503
0
LINE
8
BLACK
6
CONTINUOUS
10
5.2329531102362203
20
-4.0052184251968503
11
5.2315470078740161
21
-4.0047497637795271
0
LINE
8
BLACK
6
CONTINUOUS
10
5.2315470078740161
20
-4.0047497637795271
11
5.2314085039370077
21
-4.0046296456692909
0
LINE
8
BLACK
6
CONTINUOUS
10
5.2314085039370077
20
-4.0046296456692909
11
5.2312392125984255
21
-4.0045595275590546
0
LINE
8
BLACK
6
CONTINUOUS
10
5.2312392125984255
20
-4.0045595275590546
11
5.2307705118110235
21
-4.0040908267716535
0
LINE
8
BLACK
6
CONTINUOUS
10
5.2307705118110235
20
-4.0040908267716535
11
5.230539921259842
21
-4.0035340157480315
0
LINE
8
BLACK
6
CONTINUOUS
10
5.230539921259842
20
-4.0035340157480315
11
5.2307705511811022
21
-4.0029772440944882
0
LINE
8
BLACK
6
CONTINUOUS
10
5.2307705511811022
20
-4.0029772440944882
11
5.2313273622047243
21
-4.0027466535433067
0
LINE
8
BLACK
6
CONTINUOUS
10
5.2313273622047243
20
-4.0027466535433067
11
5.2318841338582676
21
-4.0029772834645669
0
LINE
8
BLACK
6
CONTINUOUS
10
5.2318841338582676
20
-4.0029772834645669
11
5.2322212992125987
21
-4.0033145275590547
0
LINE
8
BLACK
6
CONTINUOUS
10
5.2322212992125987
20
-4.0033145275590547
11
5.2333298818897633
21
-4.0036840157480311
0
LINE
8
BLACK
6
CONTINUOUS
10
5.2333298818897633
20
-4.0036840157480311
11
5.2340116535433072
21
-4.0036840157480311
0
LINE
8
BLACK
6
CONTINUOUS
10
5.2340116535433072
20
-4.0036840157480311
11
5.235120196850394
21
-4.003314488188976
0
LINE
8
BLACK
6
CONTINUOUS
10
5.235120196850394
20
-4.003314488188976
11
5.2358357480314961
21
-4.0025989763779526
0
LINE
8
BLACK
6
CONTINUOUS
10
5.2358357480314961
20
-4.0025989763779526
11
5.2362086614173231
21
-4.0018530708661419
0
LINE
8
BLACK
6
CONTINUOUS
10
5.2362086614173231
20
-4.0018530708661419
11
5.236632874015748
21
-4.0001562598425195
0
LINE
8
BLACK
6
CONTINUOUS
10
5.236632874015748
20
-4.0001562598425195
11
5.236632874015748
21
-3.9989440157480316
0
LINE
8
BLACK
6
CONTINUOUS
10
5.236632874015748
20
-3.9989440157480316
11
5.2362086614173231
21
-3.9972472047244092
0
LINE
8
BLACK
6
CONTINUOUS
10
5.2362086614173231
20
-3.9972472047244092
11
5.2358357874015748
21
-3.9965014173228344
0
LINE
8
BLACK
6
CONTINUOUS
10
5.2358357874015748
20
-3.9965014173228344
11
5.235120196850394
21
-3.9957858267716535
0
LINE
8
BLACK
6
CONTINUOUS
10
5.235120196850394
20
-3.9957858267716535
11
5.2340116141732285
21
-3.9954162992125983
0
LINE
8
BLACK
6
CONTINUOUS
10
5.2340116141732285
20
-3.9954162992125983
11
5.2333299212598421
21
-3.9954162992125983
0
LINE
8
BLACK
6
CONTINUOUS
10
5.2333299212598421
20
-3.9954162992125983
11
5.2322212992125987
21
-3.9957858267716535
0
LINE
8
BLACK
6
CONTINUOUS
10
5.2322212992125987
20
-3.9957858267716535
11
5.2318841338582676
21
-3.9961230708661417
0
LINE
8
BLACK
6
CONTINUOUS
10
5.2318841338582676
20
-3.9961230708661417
11
5.2313273622047243
21
-3.9963537007874015
0
LINE
8
BLACK
6
CONTINUOUS
10
5.2313273622047243
20
-3.9963537007874015
11
5.2307705511811022
21
-3.9961231102362205
0
LINE
8
BLACK
6
CONTINUOUS
10
5.2307705511811022
20
-3.9961231102362205
11
5.230539921259842
21
-3.9955663385826772
0
LINE
8
BLACK
6
CONTINUOUS
10
5.230539921259842
20
-3.9955663385826772
11
5.2307705118110235
21
-3.9950095275590551
0
LINE
8
BLACK
6
CONTINUOUS
10
5.2307705118110235
20
-3.9950095275590551
11
5.2312392125984255
21
-3.9945408267716536
0
LINE
8
BLACK
6
CONTINUOUS
10
5.2312392125984255
20
-3.9945408267716536
11
5.231408464566929
21
-3.9944706692913385
0
LINE
8
BLACK
6
CONTINUOUS
10
5.231408464566929
20
-3.9944706692913385
11
5.2315469685039373
21
-3.9943505905511811
0
LINE
8
BLACK
6
CONTINUOUS
10
5.2315469685039373
20
-3.9943505905511811
11
5.2329531102362203
21
-3.9938818897637796
0
LINE
8
BLACK
6
CONTINUOUS
10
5.2329531102362203
20
-3.9938818897637796
11
5.2330823622047244
21
-3.9938910629921258
0
LINE
8
BLACK
6
CONTINUOUS
10
5.2330823622047244
20
-3.9938910629921258
11
5.2332020866141731
21
-3.9938414960629922
0
LINE
8
BLACK
6
CONTINUOUS
10
5.2332020866141731
20
-3.9938414960629922
11
5.2341394488188975
21
-3.9938414960629922
0
LINE
8
BLACK
6
CONTINUOUS
10
5.2341394488188975
20
-3.9938414960629922
11
5.2342591338582674
21
-3.9938910629921258
0
LINE
8
BLACK
6
CONTINUOUS
10
5.2446850393700783
20
-3.9881889763779528
11
5.246076968503937
21
-3.9887655511811024
0
LINE
8
BLACK
6
CONTINUOUS
10
5.246076968503937
20
-3.9887655511811024
11
5.2466535433070867
21
-3.9901574803149606
0
LINE
8
BLACK
6
CONTINUOUS
10
5.2466535433070867
20
-3.9901574803149606
11
5.2466535433070867
21
-4.0098425196850389
0
LINE
8
BLACK
6
CONTINUOUS
10
5.2466535433070867
20
-4.0098425196850389
11
5.246076968503937
21
-4.0112344488188976
0
LINE
8
BLACK
6
CONTINUOUS
10
5.246076968503937
20
-4.0112344488188976
11
5.2446850393700783
21
-4.0118110236220472
0
LINE
8
BLACK
6
CONTINUOUS
10
5.2446850393700783
20
-4.0118110236220472
11
5.2053149606299209
21
-4.0118110236220472
0
LINE
8
BLACK
6
CONTINUOUS
10
5.2053149606299209
20
-4.0118110236220472
11
5.2039230314960632
21
-4.0112344488188976
0
LINE
8
BLACK
6
CONTINUOUS
10
5.2039230314960632
20
-4.0112344488188976
11
5.2033464566929135
21
-4.0098425196850389
0
LINE
8
BLACK
6
CONTINUOUS
10
5.2033464566929135
20
-4.0098425196850389
11
5.2033464566929135
21
-3.9901574803149606
0
LINE
8
BLACK
6
CONTINUOUS
10
5.2033464566929135
20
-3.9901574803149606
11
5.2039230314960632
21
-3.9887655511811024
0
LINE
8
BLACK
6
CONTINUOUS
10
5.2039230314960632
20
-3.9887655511811024
11
5.2053149606299209
21
-3.9881889763779528
0
LINE
8
BLACK
6
CONTINUOUS
10
5.2053149606299209
20
-3.9881889763779528
11
5.2446850393700783
21
-3.9881889763779528
0
LINE
8
BLACK
6
CONTINUOUS
10
5.2072834645669293
20
-3.9921259842519685
11
5.2072834645669293
21
-4.0078740157480315
0
LINE
8
BLACK
6
CONTINUOUS
10
5.2072834645669293
20
-4.0078740157480315
11
5.2427165354330709
21
-4.0078740157480315
0
LINE
8
BLACK
6
CONTINUOUS
10
5.2427165354330709
20
-4.0078740157480315
11
5.2427165354330709
21
-3.9921259842519685
0
LINE
8
BLACK
6
CONTINUOUS
10
5.2427165354330709
20
-3.9921259842519685
11
5.2072834645669293
21
-3.9921259842519685
0
LINE
8
BLACK
6
CONTINUOUS
10
5.5951120472440943
20
-3.9324237007874014
11
5.5955690944881891
21
-3.9324562204724409
0
LINE
8
BLACK
6
CONTINUOUS
10
5.5955690944881891
20
-3.9324562204724409
11
5.5974438582677166
21
-3.9333936220472441
0
LINE
8
BLACK
6
CONTINUOUS
10
5.5974438582677166
20
-3.9333936220472441
11
5.5976560629921259
21
-3.9336383070866141
0
LINE
8
BLACK
6
CONTINUOUS
10
5.5976560629921259
20
-3.9336383070866141
11
5.5979554330708661
21
-3.9337623228346454
0
LINE
8
BLACK
6
CONTINUOUS
10
5.5979554330708661
20
-3.9337623228346454
11
5.5988928346456692
21
-3.9346996850393698
0
LINE
8
BLACK
6
CONTINUOUS
10
5.5988928346456692
20
-3.9346996850393698
11
5.5989703937007871
21
-3.934886929133858
0
LINE
8
BLACK
6
CONTINUOUS
10
5.5989703937007871
20
-3.934886929133858
11
5.5991388188976376
21
-3.9349997244094488
0
LINE
8
BLACK
6
CONTINUOUS
10
5.5991388188976376
20
-3.9349997244094488
11
5.6010135826771652
21
-3.9378118897637795
0
LINE
8
BLACK
6
CONTINUOUS
10
5.6010135826771652
20
-3.9378118897637795
11
5.6010803937007871
21
-3.9381497244094485
0
LINE
8
BLACK
6
CONTINUOUS
10
5.6010803937007871
20
-3.9381497244094485
11
5.6012853937007874
21
-3.938426377952756
0
LINE
8
BLACK
6
CONTINUOUS
10
5.6012853937007874
20
-3.938426377952756
11
5.6022227559055118
21
-3.9421759055118111
0
LINE
8
BLACK
6
CONTINUOUS
10
5.6022227559055118
20
-3.9421759055118111
11
5.6021859842519683
21
-3.9424227559055116
0
LINE
8
BLACK
6
CONTINUOUS
10
5.6021859842519683
20
-3.9424227559055116
11
5.6022815354330708
21
-3.9426533464566926
0
LINE
8
BLACK
6
CONTINUOUS
10
5.6022815354330708
20
-3.9426533464566926
11
5.6022815354330708
21
-3.9501524015748029
0
LINE
8
BLACK
6
CONTINUOUS
10
5.6022815354330708
20
-3.9501524015748029
11
5.6021061417322837
21
-3.950575748031496
0
LINE
8
BLACK
6
CONTINUOUS
10
5.6021061417322837
20
-3.950575748031496
11
5.6020737007874013
21
-3.9510327559055116
0
LINE
8
BLACK
6
CONTINUOUS
10
5.6020737007874013
20
-3.9510327559055116
11
5.6011363779527557
21
-3.9529074803149604
0
LINE
8
BLACK
6
CONTINUOUS
10
5.6011363779527557
20
-3.9529074803149604
11
5.6008915748031498
21
-3.9531197637795277
0
LINE
8
BLACK
6
CONTINUOUS
10
5.6008915748031498
20
-3.9531197637795277
11
5.6007675984251968
21
-3.9534191338582678
0
LINE
8
BLACK
6
CONTINUOUS
10
5.6007675984251968
20
-3.9534191338582678
11
5.5998301968503936
21
-3.9543564960629922
0
LINE
8
BLACK
6
CONTINUOUS
10
5.5998301968503936
20
-3.9543564960629922
11
5.5995308661417322
21
-3.9544804724409448
0
LINE
8
BLACK
6
CONTINUOUS
10
5.5995308661417322
20
-3.9544804724409448
11
5.5993185826771654
21
-3.9547252755905511
0
LINE
8
BLACK
6
CONTINUOUS
10
5.5993185826771654
20
-3.9547252755905511
11
5.5974438188976379
21
-3.9556626377952755
0
LINE
8
BLACK
6
CONTINUOUS
10
5.5974438188976379
20
-3.9556626377952755
11
5.5969867322834643
21
-3.9556950787401575
0
LINE
8
BLACK
6
CONTINUOUS
10
5.5969867322834643
20
-3.9556950787401575
11
5.5965635039370074
21
-3.9558704330708658
0
LINE
8
BLACK
6
CONTINUOUS
10
5.5965635039370074
20
-3.9558704330708658
11
5.5928139763779523
21
-3.9558704330708658
0
LINE
8
BLACK
6
CONTINUOUS
10
5.5928139763779523
20
-3.9558704330708658
11
5.5923905905511813
21
-3.9556950393700787
0
LINE
8
BLACK
6
CONTINUOUS
10
5.5923905905511813
20
-3.9556950393700787
11
5.591933622047244
21
-3.9556625984251967
0
LINE
8
BLACK
6
CONTINUOUS
10
5.591933622047244
20
-3.9556625984251967
11
5.5900588976377952
21
-3.9547252755905511
0
LINE
8
BLACK
6
CONTINUOUS
10
5.5900588976377952
20
-3.9547252755905511
11
5.5898465748031496
21
-3.9544804724409448
0
LINE
8
BLACK
6
CONTINUOUS
10
5.5898465748031496
20
-3.9544804724409448
11
5.5895472440944882
21
-3.9543564960629922
0
LINE
8
BLACK
6
CONTINUOUS
10
5.5895472440944882
20
-3.9543564960629922
11
5.5886098818897638
21
-3.9534190944881891
0
LINE
8
BLACK
6
CONTINUOUS
10
5.5886098818897638
20
-3.9534190944881891
11
5.588485866141732
21
-3.9531197244094489
0
LINE
8
BLACK
6
CONTINUOUS
10
5.588485866141732
20
-3.9531197244094489
11
5.5882411811023625
21
-3.9529075196850392
0
LINE
8
BLACK
6
CONTINUOUS
10
5.5882411811023625
20
-3.9529075196850392
11
5.5873037795275593
21
-3.9510327559055116
0
LINE
8
BLACK
6
CONTINUOUS
10
5.5873037795275593
20
-3.9510327559055116
11
5.5872712598425194
21
-3.9505757086614173
0
LINE
8
BLACK
6
CONTINUOUS
10
5.5872712598425194
20
-3.9505757086614173
11
5.5870959448818898
21
-3.9501524015748029
0
LINE
8
BLACK
6
CONTINUOUS
10
5.5870959448818898
20
-3.9501524015748029
11
5.5870959448818898
21
-3.9454654724409446
0
LINE
8
BLACK
6
CONTINUOUS
10
5.5870959448818898
20
-3.9454654724409446
11
5.5872712598425194
21
-3.9450421259842519
0
LINE
8
BLACK
6
CONTINUOUS
10
5.5872712598425194
20
-3.9450421259842519
11
5.5873037795275593
21
-3.9445851181102363
0
LINE
8
BLACK
6
CONTINUOUS
10
5.5873037795275593
20
-3.9445851181102363
11
5.5882411811023625
21
-3.9427103543307087
0
LINE
8
BLACK
6
CONTINUOUS
10
5.5882411811023625
20
-3.9427103543307087
11
5.5884859055118108
21
-3.9424980708661415
0
LINE
8
BLACK
6
CONTINUOUS
10
5.5884859055118108
20
-3.9424980708661415
11
5.5886099212598426
21
-3.9421987795275588
0
LINE
8
BLACK
6
CONTINUOUS
10
5.5886099212598426
20
-3.9421987795275588
11
5.589547283464567
21
-3.9412614173228344
0
LINE
8
BLACK
6
CONTINUOUS
10
5.589547283464567
20
-3.9412614173228344
11
5.5898465748031496
21
-3.9411374015748031
0
LINE
8
BLACK
6
CONTINUOUS
10
5.5898465748031496
20
-3.9411374015748031
11
5.5900588582677164
21
-3.9408926771653543
0
LINE
8
BLACK
6
CONTINUOUS
10
5.5900588582677164
20
-3.9408926771653543
11
5.591933622047244
21
-3.9399552755905511
0
LINE
8
BLACK
6
CONTINUOUS
10
5.591933622047244
20
-3.9399552755905511
11
5.59239062992126
21
-3.9399227559055117
0
LINE
8
BLACK
6
CONTINUOUS
10
5.59239062992126
20
-3.9399227559055117
11
5.5928139763779523
21
-3.9397474409448816
0
LINE
8
BLACK
6
CONTINUOUS
10
5.5928139763779523
20
-3.9397474409448816
11
5.5965635039370074
21
-3.9397474409448816
0
LINE
8
BLACK
6
CONTINUOUS
10
5.5965635039370074
20
-3.9397474409448816
11
5.5969868110236218
21
-3.9399227559055117
0
LINE
8
BLACK
6
CONTINUOUS
10
5.5969868110236218
20
-3.9399227559055117
11
5.5974438582677166
21
-3.9399552755905511
0
LINE
8
BLACK
6
CONTINUOUS
10
5.5974438582677166
20
-3.9399552755905511
11
5.5976330708661415
21
-3.9400498818897636
0
LINE
8
BLACK
6
CONTINUOUS
10
5.5976330708661415
20
-3.9400498818897636
11
5.5975486220472437
21
-3.939711968503937
0
LINE
8
BLACK
6
CONTINUOUS
10
5.5975486220472437
20
-3.939711968503937
11
5.595971023622047
21
-3.9373456299212597
0
LINE
8
BLACK
6
CONTINUOUS
10
5.595971023622047
20
-3.9373456299212597
11
5.5953974015748029
21
-3.9367720866141731
0
LINE
8
BLACK
6
CONTINUOUS
10
5.5953974015748029
20
-3.9367720866141731
11
5.5942240551181097
21
-3.9361853937007871
0
LINE
8
BLACK
6
CONTINUOUS
10
5.5942240551181097
20
-3.9361853937007871
11
5.5909392125984247
21
-3.9361853937007871
0
LINE
8
BLACK
6
CONTINUOUS
10
5.5909392125984247
20
-3.9361853937007871
11
5.589547283464567
21
-3.9356088188976379
0
LINE
8
BLACK
6
CONTINUOUS
10
5.589547283464567
20
-3.9356088188976379
11
5.5889707086614173
21
-3.9342168897637793
0
LINE
8
BLACK
6
CONTINUOUS
10
5.5889707086614173
20
-3.9342168897637793
11
5.589547283464567
21
-3.932824960629921
0
LINE
8
BLACK
6
CONTINUOUS
10
5.589547283464567
20
-3.932824960629921
11
5.5909392125984247
21
-3.9322483858267714
0
LINE
8
BLACK
6
CONTINUOUS
10
5.5909392125984247
20
-3.9322483858267714
11
5.5946887401574799
21
-3.9322483858267714
0
LINE
8
BLACK
6
CONTINUOUS
10
5.5946887401574799
20
-3.9322483858267714
11
5.5951120472440943
21
-3.9324237007874014
0
LINE
8
BLACK
6
CONTINUOUS
10
5.5921052362204726
20
-3.9442711417322833
11
5.591619645669291
21
-3.9447567322834645
0
LINE
8
BLACK
6
CONTINUOUS
10
5.591619645669291
20
-3.9447567322834645
11
5.5910329527559055
21
-3.9459301574803147
0
LINE
8
BLACK
6
CONTINUOUS
10
5.5910329527559055
20
-3.9459301574803147
11
5.5910329527559055
21
-3.9496876771653544
0
LINE
8
BLACK
6
CONTINUOUS
10
5.5910329527559055
20
-3.9496876771653544
11
5.591619645669291
21
-3.9508610629921259
0
LINE
8
BLACK
6
CONTINUOUS
10
5.591619645669291
20
-3.9508610629921259
11
5.5921051968503939
21
-3.9513466929133858
0
LINE
8
BLACK
6
CONTINUOUS
10
5.5921051968503939
20
-3.9513466929133858
11
5.5932787007874012
21
-3.9519334251968501
0
LINE
8
BLACK
6
CONTINUOUS
10
5.5932787007874012
20
-3.9519334251968501
11
5.5960987795275585
21
-3.9519334251968501
0
LINE
8
BLACK
6
CONTINUOUS
10
5.5960987795275585
20
-3.9519334251968501
11
5.5972722047244092
21
-3.9513466929133858
0
LINE
8
BLACK
6
CONTINUOUS
10
5.5972722047244092
20
-3.9513466929133858
11
5.5977577952755908
21
-3.9508611023622047
0
LINE
8
BLACK
6
CONTINUOUS
10
5.5977577952755908
20
-3.9508611023622047
11
5.5983445275590551
21
-3.9496876771653544
0
LINE
8
BLACK
6
CONTINUOUS
10
5.5983445275590551
20
-3.9496876771653544
11
5.5983445275590551
21
-3.9459301574803147
0
LINE
8
BLACK
6
CONTINUOUS
10
5.5983445275590551
20
-3.9459301574803147
11
5.5977577952755908
21
-3.9447566929133857
0
LINE
8
BLACK
6
CONTINUOUS
10
5.5977577952755908
20
-3.9447566929133857
11
5.5972721653543305
21
-3.9442711417322833
0
LINE
8
BLACK
6
CONTINUOUS
10
5.5972721653543305
20
-3.9442711417322833
11
5.5960988188976373
21
-3.9436844488188973
0
LINE
8
BLACK
6
CONTINUOUS
10
5.5960988188976373
20
-3.9436844488188973
11
5.5932786614173224
21
-3.9436844488188973
0
LINE
8
BLACK
6
CONTINUOUS
10
5.5932786614173224
20
-3.9436844488188973
11
5.5921052362204726
21
-3.9442711417322833
0
LINE
8
BLACK
6
CONTINUOUS
10
5.6213900393700786
20
-3.932824960629921
11
5.6219666141732283
21
-3.9342168897637793
0
LINE
8
BLACK
6
CONTINUOUS
10
5.6219666141732283
20
-3.9342168897637793
11
5.6219666141732283
21
-3.9501524015748029
0
LINE
8
BLACK
6
CONTINUOUS
10
5.6219666141732283
20
-3.9501524015748029
11
5.6217912598425199
21
-3.9505757086614173
0
LINE
8
BLACK
6
CONTINUOUS
10
5.6217912598425199
20
-3.9505757086614173
11
5.6217587795275588
21
-3.9510327559055116
0
LINE
8
BLACK
6
CONTINUOUS
10
5.6217587795275588
20
-3.9510327559055116
11
5.6208213779527556
21
-3.9529075196850392
0
LINE
8
BLACK
6
CONTINUOUS
10
5.6208213779527556
20
-3.9529075196850392
11
5.6205766141732285
21
-3.9531197637795277
0
LINE
8
BLACK
6
CONTINUOUS
10
5.6205766141732285
20
-3.9531197637795277
11
5.6204526771653542
21
-3.9534190551181103
0
LINE
8
BLACK
6
CONTINUOUS
10
5.6204526771653542
20
-3.9534190551181103
11
5.6195153149606298
21
-3.9543564960629922
0
LINE
8
BLACK
6
CONTINUOUS
10
5.6195153149606298
20
-3.9543564960629922
11
5.6192159448818897
21
-3.9544804724409448
0
LINE
8
BLACK
6
CONTINUOUS
10
5.6192159448818897
20
-3.9544804724409448
11
5.6190036614173229
21
-3.9547252755905511
0
LINE
8
BLACK
6
CONTINUOUS
10
5.6190036614173229
20
-3.9547252755905511
11
5.6171288976377953
21
-3.9556626377952755
0
LINE
8
BLACK
6
CONTINUOUS
10
5.6171288976377953
20
-3.9556626377952755
11
5.6166718110236218
21
-3.9556950787401575
0
LINE
8
BLACK
6
CONTINUOUS
10
5.6166718110236218
20
-3.9556950787401575
11
5.6162485826771649
21
-3.9558704330708658
0
LINE
8
BLACK
6
CONTINUOUS
10
5.6162485826771649
20
-3.9558704330708658
11
5.6124990551181098
21
-3.9558704330708658
0
LINE
8
BLACK
6
CONTINUOUS
10
5.6124990551181098
20
-3.9558704330708658
11
5.6120756692913387
21
-3.9556950393700787
0
LINE
8
BLACK
6
CONTINUOUS
10
5.6120756692913387
20
-3.9556950393700787
11
5.6116187007874014
21
-3.9556625984251967
0
LINE
8
BLACK
6
CONTINUOUS
10
5.6116187007874014
20
-3.9556625984251967
11
5.6097439763779526
21
-3.9547252755905511
0
LINE
8
BLACK
6
CONTINUOUS
10
5.6097439763779526
20
-3.9547252755905511
11
5.6095316535433071
21
-3.9544804724409448
0
LINE
8
BLACK
6
CONTINUOUS
10
5.6095316535433071
20
-3.9544804724409448
11
5.6092323228346457
21
-3.9543564960629922
0
LINE
8
BLACK
6
CONTINUOUS
10
5.6092323228346457
20
-3.9543564960629922
11
5.6082949606299213
21
-3.9534190944881891
0
LINE
8
BLACK
6
CONTINUOUS
10
5.6082949606299213
20
-3.9534190944881891
11
5.6081709448818895
21
-3.9531197637795277
0
LINE
8
BLACK
6
CONTINUOUS
10
5.6081709448818895
20
-3.9531197637795277
11
5.6079261811023624
21
-3.9529074803149604
0
LINE
8
BLACK
6
CONTINUOUS
10
5.6079261811023624
20
-3.9529074803149604
11
5.606988818897638
21
-3.9510327165354329
0
LINE
8
BLACK
6
CONTINUOUS
10
5.606988818897638
20
-3.9510327165354329
11
5.6069563385826768
21
-3.9505756299212598
0
LINE
8
BLACK
6
CONTINUOUS
10
5.6069563385826768
20
-3.9505756299212598
11
5.6067810236220472
21
-3.9501524015748029
0
LINE
8
BLACK
6
CONTINUOUS
10
5.6067810236220472
20
-3.9501524015748029
11
5.6067810236220472
21
-3.9342168897637793
0
LINE
8
BLACK
6
CONTINUOUS
10
5.6067810236220472
20
-3.9342168897637793
11
5.6073575984251969
21
-3.932824960629921
0
LINE
8
BLACK
6
CONTINUOUS
10
5.6073575984251969
20
-3.932824960629921
11
5.6087495275590546
21
-3.9322483858267714
0
LINE
8
BLACK
6
CONTINUOUS
10
5.6087495275590546
20
-3.9322483858267714
11
5.6101414566929133
21
-3.932824960629921
0
LINE
8
BLACK
6
CONTINUOUS
10
5.6101414566929133
20
-3.932824960629921
11
5.610718031496063
21
-3.9342168897637793
0
LINE
8
BLACK
6
CONTINUOUS
10
5.610718031496063
20
-3.9342168897637793
11
5.610718031496063
21
-3.9496876771653544
0
LINE
8
BLACK
6
CONTINUOUS
10
5.610718031496063
20
-3.9496876771653544
11
5.6113047244094485
21
-3.9508611023622047
0
LINE
8
BLACK
6
CONTINUOUS
10
5.6113047244094485
20
-3.9508611023622047
11
5.6117903149606301
21
-3.9513466929133858
0
LINE
8
BLACK
6
CONTINUOUS
10
5.6117903149606301
20
-3.9513466929133858
11
5.6129637795275586
21
-3.9519334251968501
0
LINE
8
BLACK
6
CONTINUOUS
10
5.6129637795275586
20
-3.9519334251968501
11
5.615783858267716
21
-3.9519334251968501
0
LINE
8
BLACK
6
CONTINUOUS
10
5.615783858267716
20
-3.9519334251968501
11
5.6169572047244092
21
-3.9513467322834646
0
LINE
8
BLACK
6
CONTINUOUS
10
5.6169572047244092
20
-3.9513467322834646
11
5.6174428740157483
21
-3.9508610629921259
0
LINE
8
BLACK
6
CONTINUOUS
10
5.6174428740157483
20
-3.9508610629921259
11
5.6180296062992126
21
-3.9496876771653544
0
LINE
8
BLACK
6
CONTINUOUS
10
5.6180296062992126
20
-3.9496876771653544
11
5.6180296062992126
21
-3.9342168897637793
0
LINE
8
BLACK
6
CONTINUOUS
10
5.6180296062992126
20
-3.9342168897637793
11
5.6186061811023622
21
-3.932824960629921
0
LINE
8
BLACK
6
CONTINUOUS
10
5.6186061811023622
20
-3.932824960629921
11
5.61999811023622
21
-3.9322483858267714
0
LINE
8
BLACK
6
CONTINUOUS
10
5.61999811023622
20
-3.9322483858267714
11
5.6213900393700786
21
-3.932824960629921
0
LINE
8
BLACK
6
CONTINUOUS
10
5.6640551181102357
20
-3.8839763779527559
11
5.6654470472440943
21
-3.8845529527559055
0
LINE
8
BLACK
6
CONTINUOUS
10
5.6654470472440943
20
-3.8845529527559055
11
5.666023622047244
21
-3.8859448818897637
0
LINE
8
BLACK
6
CONTINUOUS
10
5.666023622047244
20
-3.8859448818897637
11
5.666023622047244
21
-4.0040551181102364
0
LINE
8
BLACK
6
CONTINUOUS
10
5.666023622047244
20
-4.0040551181102364
11
5.6654470472440943
21
-4.0054470472440942
0
LINE
8
BLACK
6
CONTINUOUS
10
5.6654470472440943
20
-4.0054470472440942
11
5.6640551181102357
21
-4.0060236220472438
0
LINE
8
BLACK
6
CONTINUOUS
10
5.6640551181102357
20
-4.0060236220472438
11
5.5853149606299208
21
-4.0060236220472438
0
LINE
8
BLACK
6
CONTINUOUS
10
5.5853149606299208
20
-4.0060236220472438
11
5.5839230314960631
21
-4.0054470866141729
0
LINE
8
BLACK
6
CONTINUOUS
10
5.5839230314960631
20
-4.0054470866141729
11
5.5445529527559057
21
-3.9660769685039368
0
LINE
8
BLACK
6
CONTINUOUS
10
5.5445529527559057
20
-3.9660769685039368
11
5.543976377952756
21
-3.9646850393700785
0
LINE
8
BLACK
6
CONTINUOUS
10
5.543976377952756
20
-3.9646850393700785
11
5.543976377952756
21
-3.8859448818897637
0
LINE
8
BLACK
6
CONTINUOUS
10
5.543976377952756
20
-3.8859448818897637
11
5.5445529527559057
21
-3.8845529527559055
0
LINE
8
BLACK
6
CONTINUOUS
10
5.5445529527559057
20
-3.8845529527559055
11
5.5459448818897634
21
-3.8839763779527559
0
LINE
8
BLACK
6
CONTINUOUS
10
5.5459448818897634
20
-3.8839763779527559
11
5.6640551181102357
21
-3.8839763779527559
0
LINE
8
BLACK
6
CONTINUOUS
10
5.5479133858267717
20
-3.8879133858267716
11
5.5479133858267717
21
-3.9638696456692912
0
LINE
8
BLACK
6
CONTINUOUS
10
5.5479133858267717
20
-3.9638696456692912
11
5.5861303543307086
21
-4.0020866141732281
0
LINE
8
BLACK
6
CONTINUOUS
10
5.5861303543307086
20
-4.0020866141732281
11
5.6620866141732282
21
-4.0020866141732281
0
LINE
8
BLACK
6
CONTINUOUS
10
5.6620866141732282
20
-4.0020866141732281
11
5.6620866141732282
21
-3.8879133858267716
0
LINE
8
BLACK
6
CONTINUOUS
10
5.6620866141732282
20
-3.8879133858267716
11
5.5479133858267717
21
-3.8879133858267716
0
LINE
8
BLACK
6
CONTINUOUS
10
6.0151570078740155
20
-3.9540599606299214
11
6.0152927952755908
21
-3.9540457874015749
0
LINE
8
BLACK
6
CONTINUOUS
10
6.0152927952755908
20
-3.9540457874015749
11
6.022791850393701
21
-3.9559205511811024
0
LINE
8
BLACK
6
CONTINUOUS
10
6.022791850393701
20
-3.9559205511811024
11
6.0232572834645666
21
-3.9561281102362202
0
LINE
8
BLACK
6
CONTINUOUS
10
6.0232572834645666
20
-3.9561281102362202
11
6.0233962204724412
21
-3.9561441338582677
0
LINE
8
BLACK
6
CONTINUOUS
10
6.0233962204724412
20
-3.9561441338582677
11
6.0271457480314963
21
-3.9580188976377952
0
LINE
8
BLACK
6
CONTINUOUS
10
6.0271457480314963
20
-3.9580188976377952
11
6.027854803149606
21
-3.9585448031496062
0
LINE
8
BLACK
6
CONTINUOUS
10
6.027854803149606
20
-3.9585448031496062
11
6.0279131496062988
21
-3.9585720078740159
0
LINE
8
BLACK
6
CONTINUOUS
10
6.0279131496062988
20
-3.9585720078740159
11
6.0316627165354326
21
-3.962321535433071
0
LINE
8
BLACK
6
CONTINUOUS
10
6.0316627165354326
20
-3.962321535433071
11
6.0322509448818895
21
-3.9631615748031495
0
LINE
8
BLACK
6
CONTINUOUS
10
6.0322509448818895
20
-3.9631615748031495
11
6.0322662992125986
21
-3.9633374803149604
0
LINE
8
BLACK
6
CONTINUOUS
10
6.0322662992125986
20
-3.9633374803149604
11
6.0323760236220467
21
-3.9634757086614174
0
LINE
8
BLACK
6
CONTINUOUS
10
6.0323760236220467
20
-3.9634757086614174
11
6.0342507874015743
21
-3.9690999606299213
0
LINE
8
BLACK
6
CONTINUOUS
10
6.0342507874015743
20
-3.9690999606299213
11
6.0343802755905509
21
-3.9699731889763781
0
LINE
8
BLACK
6
CONTINUOUS
10
6.0343802755905509
20
-3.9699731889763781
11
6.0344023228346453
21
-3.9700337401574801
0
LINE
8
BLACK
6
CONTINUOUS
10
6.0344023228346453
20
-3.9700337401574801
11
6.0344023228346453
21
-3.9737832677165352
0
LINE
8
BLACK
6
CONTINUOUS
10
6.0344023228346453
20
-3.9737832677165352
11
6.0342490157480313
21
-3.9746526377952756
0
LINE
8
BLACK
6
CONTINUOUS
10
6.0342490157480313
20
-3.9746526377952756
11
6.0342507874015743
21
-3.9747170472440945
0
LINE
8
BLACK
6
CONTINUOUS
10
6.0342507874015743
20
-3.9747170472440945
11
6.0323760236220467
21
-3.9803412992125984
0
LINE
8
BLACK
6
CONTINUOUS
10
6.0323760236220467
20
-3.9803412992125984
11
6.031887716535433
21
-3.9812430708661415
0
LINE
8
BLACK
6
CONTINUOUS
10
6.031887716535433
20
-3.9812430708661415
11
6.0317372834645671
21
-3.9813354724409447
0
LINE
8
BLACK
6
CONTINUOUS
10
6.0317372834645671
20
-3.9813354724409447
11
6.0316626771653539
21
-3.9814955118110236
0
LINE
8
BLACK
6
CONTINUOUS
10
6.0316626771653539
20
-3.9814955118110236
11
6.0297878740157476
21
-3.9833702755905511
0
LINE
8
BLACK
6
CONTINUOUS
10
6.0297878740157476
20
-3.9833702755905511
11
6.0296377165354329
21
-3.9834753543307087
0
LINE
8
BLACK
6
CONTINUOUS
10
6.0296377165354329
20
-3.9834753543307087
11
6.0295979921259839
21
-3.983544251968504
0
LINE
8
BLACK
6
CONTINUOUS
10
6.0295979921259839
20
-3.983544251968504
11
6.0294759448818898
21
-3.9835886614173228
0
LINE
8
BLACK
6
CONTINUOUS
10
6.0294759448818898
20
-3.9835886614173228
11
6.0289478346456695
21
-3.9839584645669293
0
LINE
8
BLACK
6
CONTINUOUS
10
6.0289478346456695
20
-3.9839584645669293
11
6.0283056299212596
21
-3.9840146062992123
0
LINE
8
BLACK
6
CONTINUOUS
10
6.0283056299212596
20
-3.9840146062992123
11
6.0277000000000003
21
-3.9842350787401575
0
LINE
8
BLACK
6
CONTINUOUS
10
6.0277000000000003
20
-3.9842350787401575
11
6.0145766535433065
21
-3.9842350787401575
0
LINE
8
BLACK
6
CONTINUOUS
10
6.0145766535433065
20
-3.9842350787401575
11
6.0141931102362207
21
-3.9841674409448817
0
LINE
8
BLACK
6
CONTINUOUS
10
6.0141931102362207
20
-3.9841674409448817
11
6.0140638976377954
21
-3.9841902362204724
0
LINE
8
BLACK
6
CONTINUOUS
10
6.0140638976377954
20
-3.9841902362204724
11
6.0139502755905507
21
-3.9841246062992126
0
LINE
8
BLACK
6
CONTINUOUS
10
6.0139502755905507
20
-3.9841246062992126
11
6.0135667322834641
21
-3.9840570078740156
0
LINE
8
BLACK
6
CONTINUOUS
10
6.0135667322834641
20
-3.9840570078740156
11
6.012979015748031
21
-3.9835638582677166
0
LINE
8
BLACK
6
CONTINUOUS
10
6.012979015748031
20
-3.9835638582677166
11
6.0123147244094488
21
-3.98318031496063
0
LINE
8
BLACK
6
CONTINUOUS
10
6.0123147244094488
20
-3.98318031496063
11
6.0122235826771648
21
-3.9829299606299213
0
LINE
8
BLACK
6
CONTINUOUS
10
6.0122235826771648
20
-3.9829299606299213
11
6.0120194881889759
21
-3.9827587007874015
0
LINE
8
BLACK
6
CONTINUOUS
10
6.0120194881889759
20
-3.9827587007874015
11
6.0118862204724408
21
-3.9820031102362203
0
LINE
8
BLACK
6
CONTINUOUS
10
6.0118862204724408
20
-3.9820031102362203
11
6.0116238976377954
21
-3.9812823228346454
0
LINE
8
BLACK
6
CONTINUOUS
10
6.0116238976377954
20
-3.9812823228346454
11
6.0116238976377954
21
-3.9737832677165352
0
LINE
8
BLACK
6
CONTINUOUS
10
6.0116238976377954
20
-3.9737832677165352
11
6.0118019685039368
21
-3.9727733464566928
0
LINE
8
BLACK
6
CONTINUOUS
10
6.0118019685039368
20
-3.9727733464566928
11
6.0131002755905509
21
-3.9712261023622046
0
LINE
8
BLACK
6
CONTINUOUS
10
6.0131002755905509
20
-3.9712261023622046
11
6.0150894094488185
21
-3.9708753543307087
0
LINE
8
BLACK
6
CONTINUOUS
10
6.0150894094488185
20
-3.9708753543307087
11
6.0168385826771651
21
-3.9718852755905512
0
LINE
8
BLACK
6
CONTINUOUS
10
6.0168385826771651
20
-3.9718852755905512
11
6.0175294094488185
21
-3.9737832677165352
0
LINE
8
BLACK
6
CONTINUOUS
10
6.0175294094488185
20
-3.9737832677165352
11
6.0175294094488185
21
-3.9783295669291339
0
LINE
8
BLACK
6
CONTINUOUS
10
6.0175294094488185
20
-3.9783295669291339
11
6.0264769291338585
21
-3.9783295669291339
0
LINE
8
BLACK
6
CONTINUOUS
10
6.0264769291338585
20
-3.9783295669291339
11
6.0269940157480315
21
-3.9778124803149604
0
LINE
8
BLACK
6
CONTINUOUS
10
6.0269940157480315
20
-3.9778124803149604
11
6.0284968110236221
21
-3.9733041338582678
0
LINE
8
BLACK
6
CONTINUOUS
10
6.0284968110236221
20
-3.9733041338582678
11
6.0284968110236221
21
-3.970512874015748
0
LINE
8
BLACK
6
CONTINUOUS
10
6.0284968110236221
20
-3.970512874015748
11
6.0269940157480315
21
-3.9660044881889762
0
LINE
8
BLACK
6
CONTINUOUS
10
6.0269940157480315
20
-3.9660044881889762
11
6.0240761417322837
21
-3.9630866535433071
0
LINE
8
BLACK
6
CONTINUOUS
10
6.0240761417322837
20
-3.9630866535433071
11
6.021045157480315
21
-3.9615711417322834
0
LINE
8
BLACK
6
CONTINUOUS
10
6.021045157480315
20
-3.9615711417322834
11
6.01421311023622
21
-3.9598631496062993
0
LINE
8
BLACK
6
CONTINUOUS
10
6.01421311023622
20
-3.9598631496062993
11
6.0093159055118113
21
-3.9598631496062993
0
LINE
8
BLACK
6
CONTINUOUS
10
6.0093159055118113
20
-3.9598631496062993
11
6.0024838582677162
21
-3.9615711417322834
0
LINE
8
BLACK
6
CONTINUOUS
10
6.0024838582677162
20
-3.9615711417322834
11
5.9994528740157476
21
-3.9630866535433071
0
LINE
8
BLACK
6
CONTINUOUS
10
5.9994528740157476
20
-3.9630866535433071
11
5.9965350393700785
21
-3.9660044488188975
0
LINE
8
BLACK
6
CONTINUOUS
10
5.9965350393700785
20
-3.9660044488188975
11
5.9950322440944879
21
-3.970512874015748
0
LINE
8
BLACK
6
CONTINUOUS
10
5.9950322440944879
20
-3.970512874015748
11
5.9950322440944879
21
-3.9749609842519682
0
LINE
8
BLACK
6
CONTINUOUS
10
5.9950322440944879
20
-3.9749609842519682
11
5.9965952755905514
21
-3.9780870472440943
0
LINE
8
BLACK
6
CONTINUOUS
10
5.9965952755905514
20
-3.9780870472440943
11
5.9968876377952753
21
-3.9790699606299214
0
LINE
8
BLACK
6
CONTINUOUS
10
5.9968876377952753
20
-3.9790699606299214
11
5.9964183464566929
21
-3.9810344881889761
0
LINE
8
BLACK
6
CONTINUOUS
10
5.9964183464566929
20
-3.9810344881889761
11
5.9947960629921262
21
-3.9822377952755903
0
LINE
8
BLACK
6
CONTINUOUS
10
5.9947960629921262
20
-3.9822377952755903
11
5.9927799212598423
21
-3.9821167322834645
0
LINE
8
BLACK
6
CONTINUOUS
10
5.9927799212598423
20
-3.9821167322834645
11
5.9913132283464563
21
-3.9807280708661414
0
LINE
8
BLACK
6
CONTINUOUS
10
5.9913132283464563
20
-3.9807280708661414
11
5.9894384645669287
21
-3.9769785433070863
0
LINE
8
BLACK
6
CONTINUOUS
10
5.9894384645669287
20
-3.9769785433070863
11
5.9891461023622048
21
-3.975995590551181
0
LINE
8
BLACK
6
CONTINUOUS
10
5.9891461023622048
20
-3.975995590551181
11
5.989187086614173
21
-3.9758238976377953
0
LINE
8
BLACK
6
CONTINUOUS
10
5.989187086614173
20
-3.9758238976377953
11
5.9891267322834647
21
-3.9756580314960628
0
LINE
8
BLACK
6
CONTINUOUS
10
5.9891267322834647
20
-3.9756580314960628
11
5.9891267322834647
21
-3.9700337401574801
0
LINE
8
BLACK
6
CONTINUOUS
10
5.9891267322834647
20
-3.9700337401574801
11
5.9892799999999999
21
-3.9691643307086615
0
LINE
8
BLACK
6
CONTINUOUS
10
5.9892799999999999
20
-3.9691643307086615
11
5.9892782677165357
21
-3.9691000000000001
0
LINE
8
BLACK
6
CONTINUOUS
10
5.9892782677165357
20
-3.9691000000000001
11
5.9911530314960633
21
-3.9634757086614174
0
LINE
8
BLACK
6
CONTINUOUS
10
5.9911530314960633
20
-3.9634757086614174
11
5.9916412992125982
21
-3.9625739370078739
0
LINE
8
BLACK
6
CONTINUOUS
10
5.9916412992125982
20
-3.9625739370078739
11
5.9917917322834642
21
-3.9624814960629919
0
LINE
8
BLACK
6
CONTINUOUS
10
5.9917917322834642
20
-3.9624814960629919
11
5.9918663385826774
21
-3.962321535433071
0
LINE
8
BLACK
6
CONTINUOUS
10
5.9918663385826774
20
-3.962321535433071
11
5.9956158661417325
21
-3.9585720078740159
0
LINE
8
BLACK
6
CONTINUOUS
10
5.9956158661417325
20
-3.9585720078740159
11
5.9963390157480312
21
-3.9580655905511812
0
LINE
8
BLACK
6
CONTINUOUS
10
5.9963390157480312
20
-3.9580655905511812
11
5.996383267716535
21
-3.9580188976377952
0
LINE
8
BLACK
6
CONTINUOUS
10
5.996383267716535
20
-3.9580188976377952
11
6.0001327952755901
21
-3.9561441338582677
0
LINE
8
BLACK
6
CONTINUOUS
10
6.0001327952755901
20
-3.9561441338582677
11
6.000621220472441
21
-3.9559988188976378
0
LINE
8
BLACK
6
CONTINUOUS
10
6.000621220472441
20
-3.9559988188976378
11
6.0007371653543302
21
-3.9559205511811024
0
LINE
8
BLACK
6
CONTINUOUS
10
6.0007371653543302
20
-3.9559205511811024
11
6.0082362204724404
21
-3.9540457874015749
0
LINE
8
BLACK
6
CONTINUOUS
10
6.0082362204724404
20
-3.9540457874015749
11
6.0088240944881885
21
-3.9540042913385824
0
LINE
8
BLACK
6
CONTINUOUS
10
6.0088240944881885
20
-3.9540042913385824
11
6.0089523622047238
21
-3.9539576377952756
0
LINE
8
BLACK
6
CONTINUOUS
10
6.0089523622047238
20
-3.9539576377952756
11
6.0145766535433065
21
-3.9539576377952756
0
LINE
8
BLACK
6
CONTINUOUS
10
6.0145766535433065
20
-3.9539576377952756
11
6.0151570078740155
21
-3.9540599606299214
0
LINE
8
BLACK
6
CONTINUOUS
10
6.0187133464566926
20
-3.9081432677165355
11
6.0194041732283461
21
-3.9100412598425196
0
LINE
8
BLACK
6
CONTINUOUS
10
6.0194041732283461
20
-3.9100412598425196
11
6.0194041732283461
21
-3.9400375196850392
0
LINE
8
BLACK
6
CONTINUOUS
10
6.0194041732283461
20
-3.9400375196850392
11
6.0192261023622047
21
-3.9410474409448817
0
LINE
8
BLACK
6
CONTINUOUS
10
6.0192261023622047
20
-3.9410474409448817
11
6.0179277952755905
21
-3.9425946850393698
0
LINE
8
BLACK
6
CONTINUOUS
10
6.0179277952755905
20
-3.9425946850393698
11
6.0159386614173229
21
-3.9429454330708662
0
LINE
8
BLACK
6
CONTINUOUS
10
6.0159386614173229
20
-3.9429454330708662
11
6.0141894881889764
21
-3.9419355118110238
0
LINE
8
BLACK
6
CONTINUOUS
10
6.0141894881889764
20
-3.9419355118110238
11
6.0134986614173229
21
-3.9400375196850392
0
LINE
8
BLACK
6
CONTINUOUS
10
6.0134986614173229
20
-3.9400375196850392
11
6.0134986614173229
21
-3.9100412598425196
0
LINE
8
BLACK
6
CONTINUOUS
10
6.0134986614173229
20
-3.9100412598425196
11
6.0136767322834643
21
-3.9090313385826772
0
LINE
8
BLACK
6
CONTINUOUS
10
6.0136767322834643
20
-3.9090313385826772
11
6.0149750393700785
21
-3.907484094488189
0
LINE
8
BLACK
6
CONTINUOUS
10
6.0149750393700785
20
-3.907484094488189
11
6.0169641732283461
21
-3.9071333464566926
0
LINE
8
BLACK
6
CONTINUOUS
10
6.0169641732283461
20
-3.9071333464566926
11
6.0187133464566926
21
-3.9081432677165355
0
LINE
8
BLACK
6
CONTINUOUS
10
5.4564108267716538
20
-3.9164761811023623
11
5.4565936220472437
21
-3.916489212598425
0
LINE
8
BLACK
6
CONTINUOUS
10
5.4565936220472437
20
-3.916489212598425
11
5.4566785039370078
21
-3.916587086614173
0
LINE
8
BLACK
6
CONTINUOUS
10
5.4566785039370078
20
-3.916587086614173
11
5.4567982677165352
21
-3.9166366929133858
0
LINE
8
BLACK
6
CONTINUOUS
10
5.4567982677165352
20
-3.9166366929133858
11
5.4568683858267715
21
-3.9168059448818897
0
LINE
8
BLACK
6
CONTINUOUS
10
5.4568683858267715
20
-3.9168059448818897
11
5.4569885039370076
21
-3.9169444488188976
0
LINE
8
BLACK
6
CONTINUOUS
10
5.4569885039370076
20
-3.9169444488188976
11
5.4569792913385822
21
-3.9170737401574804
0
LINE
8
BLACK
6
CONTINUOUS
10
5.4569792913385822
20
-3.9170737401574804
11
5.4570288976377954
21
-3.9171934645669291
0
LINE
8
BLACK
6
CONTINUOUS
10
5.4570288976377954
20
-3.9171934645669291
11
5.4570288976377954
21
-3.9212804724409449
0
LINE
8
BLACK
6
CONTINUOUS
10
5.4570288976377954
20
-3.9212804724409449
11
5.4596535433070867
21
-3.9212804724409449
0
LINE
8
BLACK
6
CONTINUOUS
10
5.4596535433070867
20
-3.9212804724409449
11
5.46021031496063
21
-3.9215111023622047
0
LINE
8
BLACK
6
CONTINUOUS
10
5.46021031496063
20
-3.9215111023622047
11
5.4604409448818894
21
-3.922067874015748
0
LINE
8
BLACK
6
CONTINUOUS
10
5.4604409448818894
20
-3.922067874015748
11
5.46021031496063
21
-3.9226246456692913
0
LINE
8
BLACK
6
CONTINUOUS
10
5.46021031496063
20
-3.9226246456692913
11
5.4596535433070867
21
-3.922855275590551
0
LINE
8
BLACK
6
CONTINUOUS
10
5.4596535433070867
20
-3.922855275590551
11
5.4570288976377954
21
-3.922855275590551
0
LINE
8
BLACK
6
CONTINUOUS
10
5.4570288976377954
20
-3.922855275590551
11
5.4570288976377954
21
-3.9235301968503937
0
LINE
8
BLACK
6
CONTINUOUS
10
5.4570288976377954
20
-3.9235301968503937
11
5.4567982677165352
21
-3.924086968503937
0
LINE
8
BLACK
6
CONTINUOUS
10
5.4567982677165352
20
-3.924086968503937
11
5.4562414960629919
21
-3.9243175984251968
0
LINE
8
BLACK
6
CONTINUOUS
10
5.4562414960629919
20
-3.9243175984251968
11
5.4556847244094486
21
-3.924086968503937
0
LINE
8
BLACK
6
CONTINUOUS
10
5.4556847244094486
20
-3.924086968503937
11
5.4554540944881884
21
-3.9235301968503937
0
LINE
8
BLACK
6
CONTINUOUS
10
5.4554540944881884
20
-3.9235301968503937
11
5.4554540944881884
21
-3.922855275590551
0
LINE
8
BLACK
6
CONTINUOUS
10
5.4554540944881884
20
-3.922855275590551
11
5.4528294094488183
21
-3.922855275590551
0
LINE
8
BLACK
6
CONTINUOUS
10
5.4528294094488183
20
-3.922855275590551
11
5.452272637795275
21
-3.9226246456692913
0
LINE
8
BLACK
6
CONTINUOUS
10
5.452272637795275
20
-3.9226246456692913
11
5.4520420078740157
21
-3.922067874015748
0
LINE
8
BLACK
6
CONTINUOUS
10
5.4520420078740157
20
-3.922067874015748
11
5.452272637795275
21
-3.9215111023622047
0
LINE
8
BLACK
6
CONTINUOUS
10
5.452272637795275
20
-3.9215111023622047
11
5.4528294094488183
21
-3.9212804724409449
0
LINE
8
BLACK
6
CONTINUOUS
10
5.4528294094488183
20
-3.9212804724409449
11
5.4554540944881884
21
-3.9212804724409449
0
LINE
8
BLACK
6
CONTINUOUS
10
5.4554540944881884
20
-3.9212804724409449
11
5.4554540944881884
21
-3.9182859448818896
0
LINE
8
BLACK
6
CONTINUOUS
10
5.4554540944881884
20
-3.9182859448818896
11
5.4491789370078738
21
-3.9203776771653542
0
LINE
8
BLACK
6
CONTINUOUS
10
5.4491789370078738
20
-3.9203776771653542
11
5.4485777952755905
21
-3.9203349212598426
0
LINE
8
BLACK
6
CONTINUOUS
10
5.4485777952755905
20
-3.9203349212598426
11
5.4481829133858266
21
-3.91987968503937
0
LINE
8
BLACK
6
CONTINUOUS
10
5.4481829133858266
20
-3.91987968503937
11
5.4482256692913387
21
-3.9192785433070867
0
LINE
8
BLACK
6
CONTINUOUS
10
5.4482256692913387
20
-3.9192785433070867
11
5.4486809055118108
21
-3.9188836614173228
0
LINE
8
BLACK
6
CONTINUOUS
10
5.4486809055118108
20
-3.9188836614173228
11
5.4559925196850392
21
-3.9164464566929134
0
LINE
8
BLACK
6
CONTINUOUS
10
5.4559925196850392
20
-3.9164464566929134
11
5.4561217716535433
21
-3.9164556299212596
0
LINE
8
BLACK
6
CONTINUOUS
10
5.4561217716535433
20
-3.9164556299212596
11
5.4562414960629919
21
-3.916406062992126
0
LINE
8
BLACK
6
CONTINUOUS
10
5.4562414960629919
20
-3.916406062992126
11
5.4564108267716538
21
-3.9164761811023623
0
LINE
8
BLACK
6
CONTINUOUS
10
5.46021031496063
20
-3.9068879133858267
11
5.4604409448818894
21
-3.90744468503937
0
LINE
8
BLACK
6
CONTINUOUS
10
5.4604409448818894
20
-3.90744468503937
11
5.46021031496063
21
-3.9080014566929133
0
LINE
8
BLACK
6
CONTINUOUS
10
5.46021031496063
20
-3.9080014566929133
11
5.4596535433070867
21
-3.9082320866141731
0
LINE
8
BLACK
6
CONTINUOUS
10
5.4596535433070867
20
-3.9082320866141731
11
5.4555665748031492
21
-3.9082320866141731
0
LINE
8
BLACK
6
CONTINUOUS
10
5.4555665748031492
20
-3.9082320866141731
11
5.4555665748031492
21
-3.9094718897637795
0
LINE
8
BLACK
6
CONTINUOUS
10
5.4555665748031492
20
-3.9094718897637795
11
5.4601051181102358
21
-3.9126489370078739
0
LINE
8
BLACK
6
CONTINUOUS
10
5.4601051181102358
20
-3.9126489370078739
11
5.460428976377953
21
-3.9131571653543307
0
LINE
8
BLACK
6
CONTINUOUS
10
5.460428976377953
20
-3.9131571653543307
11
5.4602986220472438
21
-3.9137455511811021
0
LINE
8
BLACK
6
CONTINUOUS
10
5.4602986220472438
20
-3.9137455511811021
11
5.4597903937007874
21
-3.9140694094488189
0
LINE
8
BLACK
6
CONTINUOUS
10
5.4597903937007874
20
-3.9140694094488189
11
5.4592020078740155
21
-3.9139390551181101
0
LINE
8
BLACK
6
CONTINUOUS
10
5.4592020078740155
20
-3.9139390551181101
11
5.4555505118110235
21
-3.9113829527559054
0
LINE
8
BLACK
6
CONTINUOUS
10
5.4555505118110235
20
-3.9113829527559054
11
5.4554964566929129
21
-3.9115134645669292
0
LINE
8
BLACK
6
CONTINUOUS
10
5.4554964566929129
20
-3.9115134645669292
11
5.455483464566929
21
-3.9116963385826771
0
LINE
8
BLACK
6
CONTINUOUS
10
5.455483464566929
20
-3.9116963385826771
11
5.4549960236220469
21
-3.9126712204724408
0
LINE
8
BLACK
6
CONTINUOUS
10
5.4549960236220469
20
-3.9126712204724408
11
5.4548980708661414
21
-3.9127561023622048
0
LINE
8
BLACK
6
CONTINUOUS
10
5.4548980708661414
20
-3.9127561023622048
11
5.4548485039370078
21
-3.9128758661417322
0
LINE
8
BLACK
6
CONTINUOUS
10
5.4548485039370078
20
-3.9128758661417322
11
5.4543610629921258
21
-3.9133633070866143
0
LINE
8
BLACK
6
CONTINUOUS
10
5.4543610629921258
20
-3.9133633070866143
11
5.4542412992125984
21
-3.9134128740157479
0
LINE
8
BLACK
6
CONTINUOUS
10
5.4542412992125984
20
-3.9134128740157479
11
5.4541564173228343
21
-3.9135107874015747
0
LINE
8
BLACK
6
CONTINUOUS
10
5.4541564173228343
20
-3.9135107874015747
11
5.453181535433071
21
-3.9139982677165355
0
LINE
8
BLACK
6
CONTINUOUS
10
5.453181535433071
20
-3.9139982677165355
11
5.4529987007874015
21
-3.9140112204724407
0
LINE
8
BLACK
6
CONTINUOUS
10
5.4529987007874015
20
-3.9140112204724407
11
5.4528294094488183
21
-3.9140813779527557
0
LINE
8
BLACK
6
CONTINUOUS
10
5.4528294094488183
20
-3.9140813779527557
11
5.451367086614173
21
-3.9140813779527557
0
LINE
8
BLACK
6
CONTINUOUS
10
5.451367086614173
20
-3.9140813779527557
11
5.4511977952755908
21
-3.9140112598425194
0
LINE
8
BLACK
6
CONTINUOUS
10
5.4511977952755908
20
-3.9140112598425194
11
5.4510149606299212
21
-3.9139982677165355
0
LINE
8
BLACK
6
CONTINUOUS
10
5.4510149606299212
20
-3.9139982677165355
11
5.4500400787401571
21
-3.9135108267716534
0
LINE
8
BLACK
6
CONTINUOUS
10
5.4500400787401571
20
-3.9135108267716534
11
5.4499551574803151
21
-3.9134128740157479
0
LINE
8
BLACK
6
CONTINUOUS
10
5.4499551574803151
20
-3.9134128740157479
11
5.4498354330708656
21
-3.9133633070866143
0
LINE
8
BLACK
6
CONTINUOUS
10
5.4498354330708656
20
-3.9133633070866143
11
5.4493479921259844
21
-3.9128758661417322
0
LINE
8
BLACK
6
CONTINUOUS
10
5.4493479921259844
20
-3.9128758661417322
11
5.4492983858267712
21
-3.9127561023622048
0
LINE
8
BLACK
6
CONTINUOUS
10
5.4492983858267712
20
-3.9127561023622048
11
5.4492005118110232
21
-3.9126712204724408
0
LINE
8
BLACK
6
CONTINUOUS
10
5.4492005118110232
20
-3.9126712204724408
11
5.4487130314960632
21
-3.9116963385826771
0
LINE
8
BLACK
6
CONTINUOUS
10
5.4487130314960632
20
-3.9116963385826771
11
5.4487000393700784
21
-3.9115135039370079
0
LINE
8
BLACK
6
CONTINUOUS
10
5.4487000393700784
20
-3.9115135039370079
11
5.4486299212598421
21
-3.9113442125984252
0
LINE
8
BLACK
6
CONTINUOUS
10
5.4486299212598421
20
-3.9113442125984252
11
5.4486299212598421
21
-3.90744468503937
0
LINE
8
BLACK
6
CONTINUOUS
10
5.4486299212598421
20
-3.90744468503937
11
5.4488605511811024
21
-3.9068879133858267
0
LINE
8
BLACK
6
CONTINUOUS
10
5.4488605511811024
20
-3.9068879133858267
11
5.4494173228346456
21
-3.906657283464567
0
LINE
8
BLACK
6
CONTINUOUS
10
5.4494173228346456
20
-3.906657283464567
11
5.4596535433070867
21
-3.906657283464567
0
LINE
8
BLACK
6
CONTINUOUS
10
5.4596535433070867
20
-3.906657283464567
11
5.46021031496063
21
-3.9068879133858267
0
LINE
8
BLACK
6
CONTINUOUS
10
5.4502047244094483
20
-3.9111583070866143
11
5.4505519291338578
21
-3.9118527165354329
0
LINE
8
BLACK
6
CONTINUOUS
10
5.4505519291338578
20
-3.9118527165354329
11
5.4508585826771654
21
-3.91215937007874
0
LINE
8
BLACK
6
CONTINUOUS
10
5.4508585826771654
20
-3.91215937007874
11
5.4515529133858269
21
-3.9125065748031496
0
LINE
8
BLACK
6
CONTINUOUS
10
5.4515529133858269
20
-3.9125065748031496
11
5.4526435039370078
21
-3.9125065748031496
0
LINE
8
BLACK
6
CONTINUOUS
10
5.4526435039370078
20
-3.9125065748031496
11
5.4533379133858269
21
-3.91215937007874
0
LINE
8
BLACK
6
CONTINUOUS
10
5.4533379133858269
20
-3.91215937007874
11
5.4536445669291336
21
-3.9118526771653541
0
LINE
8
BLACK
6
CONTINUOUS
10
5.4536445669291336
20
-3.9118526771653541
11
5.4539917716535431
21
-3.911158346456693
0
LINE
8
BLACK
6
CONTINUOUS
10
5.4539917716535431
20
-3.911158346456693
11
5.4539917716535431
21
-3.9082320866141731
0
LINE
8
BLACK
6
CONTINUOUS
10
5.4539917716535431
20
-3.9082320866141731
11
5.4502047244094483
21
-3.9082320866141731
0
LINE
8
BLACK
6
CONTINUOUS
10
5.4502047244094483
20
-3.9082320866141731
11
5.4502047244094483
21
-3.9111583070866143
0
LINE
8
BLACK
6
CONTINUOUS
10
5.4656299212598425
20
-3.8923622047244093
11
5.4670218503937003
21
-3.892938779527559
0
LINE
8
BLACK
6
CONTINUOUS
10
5.4670218503937003
20
-3.892938779527559
11
5.4675984251968499
21
-3.8943307086614172
0
LINE
8
BLACK
6
CONTINUOUS
10
5.4675984251968499
20
-3.8943307086614172
11
5.4675984251968499
21
-3.9356692913385825
0
LINE
8
BLACK
6
CONTINUOUS
10
5.4675984251968499
20
-3.9356692913385825
11
5.4670218503937003
21
-3.9370612204724407
0
LINE
8
BLACK
6
CONTINUOUS
10
5.4670218503937003
20
-3.9370612204724407
11
5.4656299212598425
21
-3.9376377952755903
0
LINE
8
BLACK
6
CONTINUOUS
10
5.4656299212598425
20
-3.9376377952755903
11
5.4443700787401577
21
-3.9376377952755903
0
LINE
8
BLACK
6
CONTINUOUS
10
5.4443700787401577
20
-3.9376377952755903
11
5.442978149606299
21
-3.9370612204724407
0
LINE
8
BLACK
6
CONTINUOUS
10
5.442978149606299
20
-3.9370612204724407
11
5.4424015748031493
21
-3.9356692913385825
0
LINE
8
BLACK
6
CONTINUOUS
10
5.4424015748031493
20
-3.9356692913385825
11
5.4424015748031493
21
-3.8943307086614172
0
LINE
8
BLACK
6
CONTINUOUS
10
5.4424015748031493
20
-3.8943307086614172
11
5.442978149606299
21
-3.892938779527559
0
LINE
8
BLACK
6
CONTINUOUS
10
5.442978149606299
20
-3.892938779527559
11
5.4443700787401577
21
-3.8923622047244093
0
LINE
8
BLACK
6
CONTINUOUS
10
5.4443700787401577
20
-3.8923622047244093
11
5.4656299212598425
21
-3.8923622047244093
0
LINE
8
BLACK
6
CONTINUOUS
10
5.4463385826771651
20
-3.896299212598425
11
5.4463385826771651
21
-3.9337007874015746
0
LINE
8
BLACK
6
CONTINUOUS
10
5.4463385826771651
20
-3.9337007874015746
11
5.4636614173228342
21
-3.9337007874015746
0
LINE
8
BLACK
6
CONTINUOUS
10
5.4636614173228342
20
-3.9337007874015746
11
5.4636614173228342
21
-3.896299212598425
0
LINE
8
BLACK
6
CONTINUOUS
10
5.4636614173228342
20
-3.896299212598425
11
5.4463385826771651
21
-3.896299212598425
0
LINE
8
BLACK
6
CONTINUOUS
10
5.2999457086614168
20
-3.8480924409448818
11
5.3004256299212598
21
-3.8481265748031497
0
LINE
8
BLACK
6
CONTINUOUS
10
5.3004256299212598
20
-3.8481265748031497
11
5.3030503543307086
21
-3.8494389370078741
0
LINE
8
BLACK
6
CONTINUOUS
10
5.3030503543307086
20
-3.8494389370078741
11
5.3032731889763776
21
-3.8496958661417322
0
LINE
8
BLACK
6
CONTINUOUS
10
5.3032731889763776
20
-3.8496958661417322
11
5.303587559055118
21
-3.8498261023622047
0
LINE
8
BLACK
6
CONTINUOUS
10
5.303587559055118
20
-3.8498261023622047
11
5.3048998818897637
21
-3.8511385039370079
0
LINE
8
BLACK
6
CONTINUOUS
10
5.3048998818897637
20
-3.8511385039370079
11
5.3055052362204727
21
-3.8526000393700786
0
LINE
8
BLACK
6
CONTINUOUS
10
5.3055052362204727
20
-3.8526000393700786
11
5.3048998425196849
21
-3.8540615748031497
0
LINE
8
BLACK
6
CONTINUOUS
10
5.3048998425196849
20
-3.8540615748031497
11
5.303438267716535
21
-3.8546669291338582
0
LINE
8
BLACK
6
CONTINUOUS
10
5.303438267716535
20
-3.8546669291338582
11
5.3019767716535435
21
-3.854061535433071
0
LINE
8
BLACK
6
CONTINUOUS
10
5.3019767716535435
20
-3.854061535433071
11
5.3009015748031496
21
-3.852986338582677
0
LINE
8
BLACK
6
CONTINUOUS
10
5.3009015748031496
20
-3.852986338582677
11
5.2990133464566931
21
-3.8520422440944881
0
LINE
8
BLACK
6
CONTINUOUS
10
5.2990133464566931
20
-3.8520422440944881
11
5.2934275590551181
21
-3.8520422440944881
0
LINE
8
BLACK
6
CONTINUOUS
10
5.2934275590551181
20
-3.8520422440944881
11
5.2915392913385828
21
-3.852986338582677
0
LINE
8
BLACK
6
CONTINUOUS
10
5.2915392913385828
20
-3.852986338582677
11
5.2907013385826769
21
-3.85382437007874
0
LINE
8
BLACK
6
CONTINUOUS
10
5.2907013385826769
20
-3.85382437007874
11
5.2897572047244097
21
-3.8557125590551182
0
LINE
8
BLACK
6
CONTINUOUS
10
5.2897572047244097
20
-3.8557125590551182
11
5.2897572047244097
21
-3.8575138582677164
0
LINE
8
BLACK
6
CONTINUOUS
10
5.2897572047244097
20
-3.8575138582677164
11
5.2908092125984254
21
-3.8606698425196848
0
LINE
8
BLACK
6
CONTINUOUS
10
5.2908092125984254
20
-3.8606698425196848
11
5.3062122047244094
21
-3.8760728346456692
0
LINE
8
BLACK
6
CONTINUOUS
10
5.3062122047244094
20
-3.8760728346456692
11
5.3068175984251971
21
-3.8775343700787399
0
LINE
8
BLACK
6
CONTINUOUS
10
5.3068175984251971
20
-3.8775343700787399
11
5.3062122047244094
21
-3.8789959055118111
0
LINE
8
BLACK
6
CONTINUOUS
10
5.3062122047244094
20
-3.8789959055118111
11
5.3047506692913382
21
-3.8796012992125983
0
LINE
8
BLACK
6
CONTINUOUS
10
5.3047506692913382
20
-3.8796012992125983
11
5.2876902755905508
21
-3.8796012992125983
0
LINE
8
BLACK
6
CONTINUOUS
10
5.2876902755905508
20
-3.8796012992125983
11
5.2862287401574806
21
-3.8789959055118111
0
LINE
8
BLACK
6
CONTINUOUS
10
5.2862287401574806
20
-3.8789959055118111
11
5.2856233464566929
21
-3.8775343700787399
0
LINE
8
BLACK
6
CONTINUOUS
10
5.2856233464566929
20
-3.8775343700787399
11
5.2862287401574806
21
-3.8760728346456692
0
LINE
8
BLACK
6
CONTINUOUS
10
5.2862287401574806
20
-3.8760728346456692
11
5.2876902755905508
21
-3.8754674409448819
0
LINE
8
BLACK
6
CONTINUOUS
10
5.2876902755905508
20
-3.8754674409448819
11
5.2997606692913388
21
-3.8754674409448819
0
LINE
8
BLACK
6
CONTINUOUS
10
5.2997606692913388
20
-3.8754674409448819
11
5.287541102362205
21
-3.8632478740157481
0
LINE
8
BLACK
6
CONTINUOUS
10
5.287541102362205
20
-3.8632478740157481
11
5.2873569685039365
21
-3.8628033858267714
0
LINE
8
BLACK
6
CONTINUOUS
10
5.2873569685039365
20
-3.8628033858267714
11
5.2870417716535432
21
-3.8624399606299211
0
LINE
8
BLACK
6
CONTINUOUS
10
5.2870417716535432
20
-3.8624399606299211
11
5.2857294094488187
21
-3.8585029527559054
0
LINE
8
BLACK
6
CONTINUOUS
10
5.2857294094488187
20
-3.8585029527559054
11
5.2857535039370074
21
-3.8581635826771654
0
LINE
8
BLACK
6
CONTINUOUS
10
5.2857535039370074
20
-3.8581635826771654
11
5.2856233464566929
21
-3.8578493307086612
0
LINE
8
BLACK
6
CONTINUOUS
10
5.2856233464566929
20
-3.8578493307086612
11
5.2856233464566929
21
-3.8552246456692911
0
LINE
8
BLACK
6
CONTINUOUS
10
5.2856233464566929
20
-3.8552246456692911
11
5.2858074409448816
21
-3.8547801181102361
0
LINE
8
BLACK
6
CONTINUOUS
10
5.2858074409448816
20
-3.8547801181102361
11
5.2858415748031495
21
-3.8543002755905511
0
LINE
8
BLACK
6
CONTINUOUS
10
5.2858415748031495
20
-3.8543002755905511
11
5.2871539370078739
21
-3.8516756299212598
0
LINE
8
BLACK
6
CONTINUOUS
10
5.2871539370078739
20
-3.8516756299212598
11
5.2874108661417321
21
-3.8514527559055116
0
LINE
8
BLACK
6
CONTINUOUS
10
5.2874108661417321
20
-3.8514527559055116
11
5.2875410629921262
21
-3.8511384645669291
0
LINE
8
BLACK
6
CONTINUOUS
10
5.2875410629921262
20
-3.8511384645669291
11
5.2888534251968506
21
-3.8498261023622047
0
LINE
8
BLACK
6
CONTINUOUS
10
5.2888534251968506
20
-3.8498261023622047
11
5.2891677165354327
21
-3.849695905511811
0
LINE
8
BLACK
6
CONTINUOUS
10
5.2891677165354327
20
-3.849695905511811
11
5.2893906299212601
21
-3.8494388976377953
0
LINE
8
BLACK
6
CONTINUOUS
10
5.2893906299212601
20
-3.8494388976377953
11
5.2920153149606302
21
-3.8481265748031497
0
LINE
8
BLACK
6
CONTINUOUS
10
5.2920153149606302
20
-3.8481265748031497
11
5.2924951968503935
21
-3.8480924409448818
0
LINE
8
BLACK
6
CONTINUOUS
10
5.2924951968503935
20
-3.8480924409448818
11
5.292939645669291
21
-3.8479083858267717
0
LINE
8
BLACK
6
CONTINUOUS
10
5.292939645669291
20
-3.8479083858267717
11
5.299501299212598
21
-3.8479083858267717
0
LINE
8
BLACK
6
CONTINUOUS
10
5.299501299212598
20
-3.8479083858267717
11
5.2999457086614168
21
-3.8480924409448818
0
LINE
8
BLACK
6
CONTINUOUS
10
5.3324588976377951
20
-3.848513779527559
11
5.3330642913385828
21
-3.8499753149606297
0
LINE
8
BLACK
6
CONTINUOUS
10
5.3330642913385828
20
-3.8499753149606297
11
5.3330642913385828
21
-3.8722850393700785
0
LINE
8
BLACK
6
CONTINUOUS
10
5.3330642913385828
20
-3.8722850393700785
11
5.3328801574803144
21
-3.8727295275590552
0
LINE
8
BLACK
6
CONTINUOUS
10
5.3328801574803144
20
-3.8727295275590552
11
5.3328460629921262
21
-3.873209409448819
0
LINE
8
BLACK
6
CONTINUOUS
10
5.3328460629921262
20
-3.873209409448819
11
5.3315337401574805
21
-3.8758340551181103
0
LINE
8
BLACK
6
CONTINUOUS
10
5.3315337401574805
20
-3.8758340551181103
11
5.3312767322834649
21
-3.876056929133858
0
LINE
8
BLACK
6
CONTINUOUS
10
5.3312767322834649
20
-3.876056929133858
11
5.3311465748031495
21
-3.876371220472441
0
LINE
8
BLACK
6
CONTINUOUS
10
5.3311465748031495
20
-3.876371220472441
11
5.329834212598425
21
-3.8776835826771654
0
LINE
8
BLACK
6
CONTINUOUS
10
5.329834212598425
20
-3.8776835826771654
11
5.3295199212598421
21
-3.8778137401574804
0
LINE
8
BLACK
6
CONTINUOUS
10
5.3295199212598421
20
-3.8778137401574804
11
5.3292970472440944
21
-3.878070748031496
0
LINE
8
BLACK
6
CONTINUOUS
10
5.3292970472440944
20
-3.878070748031496
11
5.326672401574803
21
-3.8793830708661416
0
LINE
8
BLACK
6
CONTINUOUS
10
5.326672401574803
20
-3.8793830708661416
11
5.3261925196850388
21
-3.8794171653543308
0
LINE
8
BLACK
6
CONTINUOUS
10
5.3261925196850388
20
-3.8794171653543308
11
5.3257480314960626
21
-3.8796012992125983
0
LINE
8
BLACK
6
CONTINUOUS
10
5.3257480314960626
20
-3.8796012992125983
11
5.3204986614173224
21
-3.8796012992125983
0
LINE
8
BLACK
6
CONTINUOUS
10
5.3204986614173224
20
-3.8796012992125983
11
5.3200541338582674
21
-3.8794171653543308
0
LINE
8
BLACK
6
CONTINUOUS
10
5.3200541338582674
20
-3.8794171653543308
11
5.3195742913385828
21
-3.8793830708661416
0
LINE
8
BLACK
6
CONTINUOUS
10
5.3195742913385828
20
-3.8793830708661416
11
5.3169496456692915
21
-3.878070748031496
0
LINE
8
BLACK
6
CONTINUOUS
10
5.3169496456692915
20
-3.878070748031496
11
5.3167267322834642
21
-3.8778137401574804
0
LINE
8
BLACK
6
CONTINUOUS
10
5.3167267322834642
20
-3.8778137401574804
11
5.3164124803149608
21
-3.8776835826771654
0
LINE
8
BLACK
6
CONTINUOUS
10
5.3164124803149608
20
-3.8776835826771654
11
5.3151001181102364
21
-3.876371220472441
0
LINE
8
BLACK
6
CONTINUOUS
10
5.3151001181102364
20
-3.876371220472441
11
5.3149699212598422
21
-3.876056929133858
0
LINE
8
BLACK
6
CONTINUOUS
10
5.3149699212598422
20
-3.876056929133858
11
5.3147129527559054
21
-3.8758340551181103
0
LINE
8
BLACK
6
CONTINUOUS
10
5.3147129527559054
20
-3.8758340551181103
11
5.3134006299212597
21
-3.873209409448819
0
LINE
8
BLACK
6
CONTINUOUS
10
5.3134006299212597
20
-3.873209409448819
11
5.3133664960629918
21
-3.8727295275590552
0
LINE
8
BLACK
6
CONTINUOUS
10
5.3133664960629918
20
-3.8727295275590552
11
5.313182401574803
21
-3.8722850393700785
0
LINE
8
BLACK
6
CONTINUOUS
10
5.313182401574803
20
-3.8722850393700785
11
5.313182401574803
21
-3.8499753149606297
0
LINE
8
BLACK
6
CONTINUOUS
10
5.313182401574803
20
-3.8499753149606297
11
5.3137877952755908
21
-3.848513779527559
0
LINE
8
BLACK
6
CONTINUOUS
10
5.3137877952755908
20
-3.848513779527559
11
5.315249330708661
21
-3.8479083858267717
0
LINE
8
BLACK
6
CONTINUOUS
10
5.315249330708661
20
-3.8479083858267717
11
5.3167108661417322
21
-3.848513779527559
0
LINE
8
BLACK
6
CONTINUOUS
10
5.3167108661417322
20
-3.848513779527559
11
5.3173162598425199
21
-3.8499753149606297
0
LINE
8
BLACK
6
CONTINUOUS
10
5.3173162598425199
20
-3.8499753149606297
11
5.3173162598425199
21
-3.8717971259842519
0
LINE
8
BLACK
6
CONTINUOUS
10
5.3173162598425199
20
-3.8717971259842519
11
5.3182603543307083
21
-3.8736853149606296
0
LINE
8
BLACK
6
CONTINUOUS
10
5.3182603543307083
20
-3.8736853149606296
11
5.3190983858267717
21
-3.8745233464566926
0
LINE
8
BLACK
6
CONTINUOUS
10
5.3190983858267717
20
-3.8745233464566926
11
5.3209865748031495
21
-3.8754674409448819
0
LINE
8
BLACK
6
CONTINUOUS
10
5.3209865748031495
20
-3.8754674409448819
11
5.3252601181102364
21
-3.8754674409448819
0
LINE
8
BLACK
6
CONTINUOUS
10
5.3252601181102364
20
-3.8754674409448819
11
5.3271483070866141
21
-3.8745233464566926
0
LINE
8
BLACK
6
CONTINUOUS
10
5.3271483070866141
20
-3.8745233464566926
11
5.3279863385826767
21
-3.8736853149606296
0
LINE
8
BLACK
6
CONTINUOUS
10
5.3279863385826767
20
-3.8736853149606296
11
5.328930433070866
21
-3.8717971259842519
0
LINE
8
BLACK
6
CONTINUOUS
10
5.328930433070866
20
-3.8717971259842519
11
5.328930433070866
21
-3.8499753149606297
0
LINE
8
BLACK
6
CONTINUOUS
10
5.328930433070866
20
-3.8499753149606297
11
5.3295358267716537
21
-3.848513779527559
0
LINE
8
BLACK
6
CONTINUOUS
10
5.3295358267716537
20
-3.848513779527559
11
5.330997362204724
21
-3.8479083858267717
0
LINE
8
BLACK
6
CONTINUOUS
10
5.330997362204724
20
-3.8479083858267717
11
5.3324588976377951
21
-3.848513779527559
0
LINE
8
BLACK
6
CONTINUOUS
10
5.3694386220472436
20
-3.8030597244094486
11
5.3695678740157478
21
-3.8030369685039371
0
LINE
8
BLACK
6
CONTINUOUS
10
5.3695678740157478
20
-3.8030369685039371
11
5.3696814566929136
21
-3.8031025590551182
0
LINE
8
BLACK
6
CONTINUOUS
10
5.3696814566929136
20
-3.8031025590551182
11
5.3700650393700782
21
-3.8031701968503935
0
LINE
8
BLACK
6
CONTINUOUS
10
5.3700650393700782
20
-3.8031701968503935
11
5.3706527165354325
21
-3.8036633070866142
0
LINE
8
BLACK
6
CONTINUOUS
10
5.3706527165354325
20
-3.8036633070866142
11
5.3713170472440943
21
-3.8040468897637796
0
LINE
8
BLACK
6
CONTINUOUS
10
5.3713170472440943
20
-3.8040468897637796
11
5.3714081496062995
21
-3.8042972047244095
0
LINE
8
BLACK
6
CONTINUOUS
10
5.3714081496062995
20
-3.8042972047244095
11
5.3716122834645672
21
-3.8044685039370076
0
LINE
8
BLACK
6
CONTINUOUS
10
5.3716122834645672
20
-3.8044685039370076
11
5.3717455118110236
21
-3.80522405511811
0
LINE
8
BLACK
6
CONTINUOUS
10
5.3717455118110236
20
-3.80522405511811
11
5.3720078740157478
21
-3.8059448818897637
0
LINE
8
BLACK
6
CONTINUOUS
10
5.3720078740157478
20
-3.8059448818897637
11
5.3720078740157478
21
-3.9240551181102363
0
LINE
8
BLACK
6
CONTINUOUS
10
5.3720078740157478
20
-3.9240551181102363
11
5.371940236220472
21
-3.9244386220472438
0
LINE
8
BLACK
6
CONTINUOUS
10
5.371940236220472
20
-3.9244386220472438
11
5.3719630314960627
21
-3.9245678740157479
0
LINE
8
BLACK
6
CONTINUOUS
10
5.3719630314960627
20
-3.9245678740157479
11
5.3718974015748033
21
-3.9246814566929134
0
LINE
8
BLACK
6
CONTINUOUS
10
5.3718974015748033
20
-3.9246814566929134
11
5.3718298031496063
21
-3.9250650393700788
0
LINE
8
BLACK
6
CONTINUOUS
10
5.3718298031496063
20
-3.9250650393700788
11
5.3713366535433069
21
-3.9256527165354331
0
LINE
8
BLACK
6
CONTINUOUS
10
5.3713366535433069
20
-3.9256527165354331
11
5.3709531102362202
21
-3.9263170472440945
0
LINE
8
BLACK
6
CONTINUOUS
10
5.3709531102362202
20
-3.9263170472440945
11
5.370702755905512
21
-3.9264081496062992
0
LINE
8
BLACK
6
CONTINUOUS
10
5.370702755905512
20
-3.9264081496062992
11
5.3705314960629922
21
-3.9266122834645669
0
LINE
8
BLACK
6
CONTINUOUS
10
5.3705314960629922
20
-3.9266122834645669
11
5.3697759055118111
21
-3.9267455118110237
0
LINE
8
BLACK
6
CONTINUOUS
10
5.3697759055118111
20
-3.9267455118110237
11
5.3690551181102357
21
-3.9270078740157479
0
LINE
8
BLACK
6
CONTINUOUS
10
5.3690551181102357
20
-3.9270078740157479
11
5.2903149606299209
21
-3.9270078740157479
0
LINE
8
BLACK
6
CONTINUOUS
10
5.2903149606299209
20
-3.9270078740157479
11
5.2901344881889765
21
-3.9269760236220472
0
LINE
8
BLACK
6
CONTINUOUS
10
5.2901344881889765
20
-3.9269760236220472
11
5.2900576377952753
21
-3.926996653543307
0
LINE
8
BLACK
6
CONTINUOUS
10
5.2900576377952753
20
-3.926996653543307
11
5.2899398425196846
21
-3.9269417322834643
0
LINE
8
BLACK
6
CONTINUOUS
10
5.2899398425196846
20
-3.9269417322834643
11
5.2893050393700785
21
-3.9268298031496061
0
LINE
8
BLACK
6
CONTINUOUS
10
5.2893050393700785
20
-3.9268298031496061
11
5.2888112204724411
21
-3.9264154330708663
0
LINE
8
BLACK
6
CONTINUOUS
10
5.2888112204724411
20
-3.9264154330708663
11
5.288227047244094
21
-3.9261430314960628
0
LINE
8
BLACK
6
CONTINUOUS
10
5.288227047244094
20
-3.9261430314960628
11
5.2488569685039366
21
-3.8867729527559054
0
LINE
8
BLACK
6
CONTINUOUS
10
5.2488569685039366
20
-3.8867729527559054
11
5.248751811023622
21
-3.8866227952755903
0
LINE
8
BLACK
6
CONTINUOUS
10
5.248751811023622
20
-3.8866227952755903
11
5.2486829527559058
21
-3.886583031496063
0
LINE
8
BLACK
6
CONTINUOUS
10
5.2486829527559058
20
-3.886583031496063
11
5.2486385039370074
21
-3.8864609448818896
0
LINE
8
BLACK
6
CONTINUOUS
10
5.2486385039370074
20
-3.8864609448818896
11
5.2482687795275593
21
-3.8859329133858265
0
LINE
8
BLACK
6
CONTINUOUS
10
5.2482687795275593
20
-3.8859329133858265
11
5.2482125590551183
21
-3.885290708661417
0
LINE
8
BLACK
6
CONTINUOUS
10
5.2482125590551183
20
-3.885290708661417
11
5.2479921259842515
21
-3.8846850393700785
0
LINE
8
BLACK
6
CONTINUOUS
10
5.2479921259842515
20
-3.8846850393700785
11
5.2479921259842515
21
-3.8059448818897637
0
LINE
8
BLACK
6
CONTINUOUS
10
5.2479921259842515
20
-3.8059448818897637
11
5.2480597244094485
21
-3.805561338582677
0
LINE
8
BLACK
6
CONTINUOUS
10
5.2480597244094485
20
-3.805561338582677
11
5.2480369685039365
21
-3.8054321259842521
0
LINE
8
BLACK
6
CONTINUOUS
10
5.2480369685039365
20
-3.8054321259842521
11
5.248102559055118
21
-3.8053185039370079
0
LINE
8
BLACK
6
CONTINUOUS
10
5.248102559055118
20
-3.8053185039370079
11
5.2481701968503938
21
-3.8049349606299212
0
LINE
8
BLACK
6
CONTINUOUS
10
5.2481701968503938
20
-3.8049349606299212
11
5.2486633070866144
21
-3.8043472440944881
0
LINE
8
BLACK
6
CONTINUOUS
10
5.2486633070866144
20
-3.8043472440944881
11
5.249046889763779
21
-3.8036829527559055
0
LINE
8
BLACK
6
CONTINUOUS
10
5.249046889763779
20
-3.8036829527559055
11
5.2492972047244093
21
-3.803591811023622
0
LINE
8
BLACK
6
CONTINUOUS
10
5.2492972047244093
20
-3.803591811023622
11
5.2494685039370079
21
-3.8033877165354331
0
LINE
8
BLACK
6
CONTINUOUS
10
5.2494685039370079
20
-3.8033877165354331
11
5.2502240551181103
21
-3.8032544488188975
0
LINE
8
BLACK
6
CONTINUOUS
10
5.2502240551181103
20
-3.8032544488188975
11
5.2509448818897635
21
-3.8029921259842521
0
LINE
8
BLACK
6
CONTINUOUS
10
5.2509448818897635
20
-3.8029921259842521
11
5.3690551181102357
21
-3.8029921259842521
0
LINE
8
BLACK
6
CONTINUOUS
10
5.3690551181102357
20
-3.8029921259842521
11
5.3694386220472436
21
-3.8030597244094486
0
LINE
8
BLACK
6
CONTINUOUS
10
5.2538976377952755
20
-3.8088976377952757
11
5.2538976377952755
21
-3.8834619685039371
0
LINE
8
BLACK
6
CONTINUOUS
10
5.2538976377952755
20
-3.8834619685039371
11
5.2915380314960627
21
-3.9211023622047243
0
LINE
8
BLACK
6
CONTINUOUS
10
5.2915380314960627
20
-3.9211023622047243
11
5.3661023622047246
21
-3.9211023622047243
0
LINE
8
BLACK
6
CONTINUOUS
10
5.3661023622047246
20
-3.9211023622047243
11
5.3661023622047246
21
-3.8088976377952757
0
LINE
8
BLACK
6
CONTINUOUS
10
5.3661023622047246
20
-3.8088976377952757
11
5.2538976377952755
21
-3.8088976377952757
0
LINE
8
BLACK
6
CONTINUOUS
10
6.0318330708661412
20
-3.8677860236220472
11
6.0319623228346453
21
-3.8677632677165352
0
LINE
8
BLACK
6
CONTINUOUS
10
6.0319623228346453
20
-3.8677632677165352
11
6.0320759055118112
21
-3.8678288582677163
0
LINE
8
BLACK
6
CONTINUOUS
10
6.0320759055118112
20
-3.8678288582677163
11
6.0324594881889766
21
-3.867896496062992
0
LINE
8
BLACK
6
CONTINUOUS
10
6.0324594881889766
20
-3.867896496062992
11
6.0330471653543309
21
-3.8683896062992127
0
LINE
8
BLACK
6
CONTINUOUS
10
6.0330471653543309
20
-3.8683896062992127
11
6.0337114960629918
21
-3.8687731889763777
0
LINE
8
BLACK
6
CONTINUOUS
10
6.0337114960629918
20
-3.8687731889763777
11
6.0338025984251971
21
-3.869023503937008
0
LINE
8
BLACK
6
CONTINUOUS
10
6.0338025984251971
20
-3.869023503937008
11
6.0340067322834647
21
-3.8691948031496062
0
LINE
8
BLACK
6
CONTINUOUS
10
6.0340067322834647
20
-3.8691948031496062
11
6.0341399606299211
21
-3.8699503543307086
0
LINE
8
BLACK
6
CONTINUOUS
10
6.0341399606299211
20
-3.8699503543307086
11
6.0344023228346453
21
-3.8706711811023622
0
LINE
8
BLACK
6
CONTINUOUS
10
6.0344023228346453
20
-3.8706711811023622
11
6.0344023228346453
21
-3.8856692913385826
0
LINE
8
BLACK
6
CONTINUOUS
10
6.0344023228346453
20
-3.8856692913385826
11
6.0342242519685039
21
-3.8866792125984251
0
LINE
8
BLACK
6
CONTINUOUS
10
6.0342242519685039
20
-3.8866792125984251
11
6.0341107480314955
21
-3.8868144488188974
0
LINE
8
BLACK
6
CONTINUOUS
10
6.0341107480314955
20
-3.8868144488188974
11
6.0340905905511812
21
-3.8869898031496062
0
LINE
8
BLACK
6
CONTINUOUS
10
6.0340905905511812
20
-3.8869898031496062
11
6.0322158267716537
21
-3.8907393307086613
0
LINE
8
BLACK
6
CONTINUOUS
10
6.0322158267716537
20
-3.8907393307086613
11
6.0316898425196852
21
-3.8914484251968502
0
LINE
8
BLACK
6
CONTINUOUS
10
6.0316898425196852
20
-3.8914484251968502
11
6.0316626771653539
21
-3.8915067716535434
0
LINE
8
BLACK
6
CONTINUOUS
10
6.0316626771653539
20
-3.8915067716535434
11
6.0297878740157476
21
-3.893381535433071
0
LINE
8
BLACK
6
CONTINUOUS
10
6.0297878740157476
20
-3.893381535433071
11
6.0290648031496064
21
-3.8938877952755906
0
LINE
8
BLACK
6
CONTINUOUS
10
6.0290648031496064
20
-3.8938877952755906
11
6.0290205118110238
21
-3.8939346062992124
0
LINE
8
BLACK
6
CONTINUOUS
10
6.0290205118110238
20
-3.8939346062992124
11
6.0252709842519687
21
-3.89580937007874
0
LINE
8
BLACK
6
CONTINUOUS
10
6.0252709842519687
20
-3.89580937007874
11
6.024288031496063
21
-3.8961017322834643
0
LINE
8
BLACK
6
CONTINUOUS
10
6.024288031496063
20
-3.8961017322834643
11
6.0241163385826768
21
-3.8960607086614174
0
LINE
8
BLACK
6
CONTINUOUS
10
6.0241163385826768
20
-3.8960607086614174
11
6.0239504724409452
21
-3.8961211023622044
0
LINE
8
BLACK
6
CONTINUOUS
10
6.0239504724409452
20
-3.8961211023622044
11
6.0183261811023625
21
-3.8961211023622044
0
LINE
8
BLACK
6
CONTINUOUS
10
6.0183261811023625
20
-3.8961211023622044
11
6.0173162598425192
21
-3.895943031496063
0
LINE
8
BLACK
6
CONTINUOUS
10
6.0173162598425192
20
-3.895943031496063
11
6.0171809842519686
21
-3.8958295275590551
0
LINE
8
BLACK
6
CONTINUOUS
10
6.0171809842519686
20
-3.8958295275590551
11
6.0170056692913381
21
-3.89580937007874
0
LINE
8
BLACK
6
CONTINUOUS
10
6.0170056692913381
20
-3.89580937007874
11
6.013256141732283
21
-3.8939346062992124
0
LINE
8
BLACK
6
CONTINUOUS
10
6.013256141732283
20
-3.8939346062992124
11
6.0125470472440945
21
-3.8934087007874014
0
LINE
8
BLACK
6
CONTINUOUS
10
6.0125470472440945
20
-3.8934087007874014
11
6.0124887401574805
21
-3.8933814960629922
0
LINE
8
BLACK
6
CONTINUOUS
10
6.0124887401574805
20
-3.8933814960629922
11
6.0106139763779529
21
-3.8915067322834647
0
LINE
8
BLACK
6
CONTINUOUS
10
6.0106139763779529
20
-3.8915067322834647
11
6.0100257874015748
21
-3.8906666929133857
0
LINE
8
BLACK
6
CONTINUOUS
10
6.0100257874015748
20
-3.8906666929133857
11
6.0100241338582672
21
-3.8906480708661415
0
LINE
8
BLACK
6
CONTINUOUS
10
6.0100241338582672
20
-3.8906480708661415
11
6.0091655118110232
21
-3.8915067322834647
0
LINE
8
BLACK
6
CONTINUOUS
10
6.0091655118110232
20
-3.8915067322834647
11
6.0084424015748032
21
-3.8920129921259843
0
LINE
8
BLACK
6
CONTINUOUS
10
6.0084424015748032
20
-3.8920129921259843
11
6.0083981102362207
21
-3.8920598425196848
0
LINE
8
BLACK
6
CONTINUOUS
10
6.0083981102362207
20
-3.8920598425196848
11
6.0046485826771656
21
-3.8939346062992124
0
LINE
8
BLACK
6
CONTINUOUS
10
6.0046485826771656
20
-3.8939346062992124
11
6.0036656299212598
21
-3.8942269685039368
0
LINE
8
BLACK
6
CONTINUOUS
10
6.0036656299212598
20
-3.8942269685039368
11
6.0034939370078737
21
-3.8941859448818898
0
LINE
8
BLACK
6
CONTINUOUS
10
6.0034939370078737
20
-3.8941859448818898
11
6.0033280708661412
21
-3.8942463385826769
0
LINE
8
BLACK
6
CONTINUOUS
10
6.0033280708661412
20
-3.8942463385826769
11
5.9995785433070861
21
-3.8942463385826769
0
LINE
8
BLACK
6
CONTINUOUS
10
5.9995785433070861
20
-3.8942463385826769
11
5.9985686220472436
21
-3.8940682677165355
0
LINE
8
BLACK
6
CONTINUOUS
10
5.9985686220472436
20
-3.8940682677165355
11
5.998433346456693
21
-3.8939547637795275
0
LINE
8
BLACK
6
CONTINUOUS
10
5.998433346456693
20
-3.8939547637795275
11
5.9982580314960625
21
-3.8939346062992124
0
LINE
8
BLACK
6
CONTINUOUS
10
5.9982580314960625
20
-3.8939346062992124
11
5.9945085039370074
21
-3.8920598425196848
0
LINE
8
BLACK
6
CONTINUOUS
10
5.9945085039370074
20
-3.8920598425196848
11
5.9937994094488189
21
-3.8915339370078739
0
LINE
8
BLACK
6
CONTINUOUS
10
5.9937994094488189
20
-3.8915339370078739
11
5.9937411023622049
21
-3.8915067322834647
0
LINE
8
BLACK
6
CONTINUOUS
10
5.9937411023622049
20
-3.8915067322834647
11
5.9918663385826774
21
-3.8896319685039371
0
LINE
8
BLACK
6
CONTINUOUS
10
5.9918663385826774
20
-3.8896319685039371
11
5.991360039370079
21
-3.8889088582677163
0
LINE
8
BLACK
6
CONTINUOUS
10
5.991360039370079
20
-3.8889088582677163
11
5.9913132283464563
21
-3.8888645669291337
0
LINE
8
BLACK
6
CONTINUOUS
10
5.9913132283464563
20
-3.8888645669291337
11
5.9894384645669287
21
-3.8851150393700786
0
LINE
8
BLACK
6
CONTINUOUS
10
5.9894384645669287
20
-3.8851150393700786
11
5.9891461023622048
21
-3.8841320866141733
0
LINE
8
BLACK
6
CONTINUOUS
10
5.9891461023622048
20
-3.8841320866141733
11
5.989187086614173
21
-3.8839603937007872
0
LINE
8
BLACK
6
CONTINUOUS
10
5.989187086614173
20
-3.8839603937007872
11
5.9891267322834647
21
-3.8837945275590551
0
LINE
8
BLACK
6
CONTINUOUS
10
5.9891267322834647
20
-3.8837945275590551
11
5.9891267322834647
21
-3.8706711811023622
0
LINE
8
BLACK
6
CONTINUOUS
10
5.9891267322834647
20
-3.8706711811023622
11
5.9891943307086617
21
-3.8702876377952755
0
LINE
8
BLACK
6
CONTINUOUS
10
5.9891943307086617
20
-3.8702876377952755
11
5.9891715748031498
21
-3.8701584251968502
0
LINE
8
BLACK
6
CONTINUOUS
10
5.9891715748031498
20
-3.8701584251968502
11
5.9892371653543304
21
-3.8700448031496064
0
LINE
8
BLACK
6
CONTINUOUS
10
5.9892371653543304
20
-3.8700448031496064
11
5.9893048031496061
21
-3.8696612598425197
0
LINE
8
BLACK
6
CONTINUOUS
10
5.9893048031496061
20
-3.8696612598425197
11
5.9897979133858268
21
-3.8690735433070866
0
LINE
8
BLACK
6
CONTINUOUS
10
5.9897979133858268
20
-3.8690735433070866
11
5.9901814960629922
21
-3.868409251968504
0
LINE
8
BLACK
6
CONTINUOUS
10
5.9901814960629922
20
-3.868409251968504
11
5.9904318110236217
21
-3.8683181102362205
0
LINE
8
BLACK
6
CONTINUOUS
10
5.9904318110236217
20
-3.8683181102362205
11
5.9906031102362203
21
-3.8681140157480316
0
LINE
8
BLACK
6
CONTINUOUS
10
5.9906031102362203
20
-3.8681140157480316
11
5.9913586614173227
21
-3.8679807480314961
0
LINE
8
BLACK
6
CONTINUOUS
10
5.9913586614173227
20
-3.8679807480314961
11
5.9920794881889758
21
-3.8677184251968502
0
LINE
8
BLACK
6
CONTINUOUS
10
5.9920794881889758
20
-3.8677184251968502
11
6.0314495669291341
21
-3.8677184251968502
0
LINE
8
BLACK
6
CONTINUOUS
10
6.0314495669291341
20
-3.8677184251968502
11
6.0318330708661412
21
-3.8677860236220472
0
LINE
8
BLACK
6
CONTINUOUS
10
6.0137798818897634
20
-3.8833153543307084
11
6.015282677165354
21
-3.887823779527559
0
LINE
8
BLACK
6
CONTINUOUS
10
6.015282677165354
20
-3.887823779527559
11
6.0163257480314956
21
-3.8888668503937005
0
LINE
8
BLACK
6
CONTINUOUS
10
6.0163257480314956
20
-3.8888668503937005
11
6.0190232283464562
21
-3.8902155905511808
0
LINE
8
BLACK
6
CONTINUOUS
10
6.0190232283464562
20
-3.8902155905511808
11
6.0232534251968506
21
-3.8902155905511808
0
LINE
8
BLACK
6
CONTINUOUS
10
6.0232534251968506
20
-3.8902155905511808
11
6.0259509055118112
21
-3.8888668110236218
0
LINE
8
BLACK
6
CONTINUOUS
10
6.0259509055118112
20
-3.8888668110236218
11
6.0271480708661418
21
-3.8876696850393699
0
LINE
8
BLACK
6
CONTINUOUS
10
6.0271480708661418
20
-3.8876696850393699
11
6.0284968110236221
21
-3.884972244094488
0
LINE
8
BLACK
6
CONTINUOUS
10
6.0284968110236221
20
-3.884972244094488
11
6.0284968110236221
21
-3.8736239370078738
0
LINE
8
BLACK
6
CONTINUOUS
10
6.0284968110236221
20
-3.8736239370078738
11
6.0137798818897634
21
-3.8736239370078738
0
LINE
8
BLACK
6
CONTINUOUS
10
6.0137798818897634
20
-3.8736239370078738
11
6.0137798818897634
21
-3.8833153543307084
0
LINE
8
BLACK
6
CONTINUOUS
10
5.9950322440944879
20
-3.8830974803149605
11
5.9963809842519682
21
-3.8857949606299211
0
LINE
8
BLACK
6
CONTINUOUS
10
5.9963809842519682
20
-3.8857949606299211
11
5.99757811023622
21
-3.8869920866141729
0
LINE
8
BLACK
6
CONTINUOUS
10
5.99757811023622
20
-3.8869920866141729
11
6.0002755905511806
21
-3.8883408267716533
0
LINE
8
BLACK
6
CONTINUOUS
10
6.0002755905511806
20
-3.8883408267716533
11
6.0026310236220475
21
-3.8883408267716533
0
LINE
8
BLACK
6
CONTINUOUS
10
6.0026310236220475
20
-3.8883408267716533
11
6.0053285039370081
21
-3.8869920866141729
0
LINE
8
BLACK
6
CONTINUOUS
10
6.0053285039370081
20
-3.8869920866141729
11
6.0065256299212599
21
-3.8857949606299211
0
LINE
8
BLACK
6
CONTINUOUS
10
6.0065256299212599
20
-3.8857949606299211
11
6.0078743700787403
21
-3.8830974803149605
0
LINE
8
BLACK
6
CONTINUOUS
10
6.0078743700787403
20
-3.8830974803149605
11
6.0078743700787403
21
-3.8736239370078738
0
LINE
8
BLACK
6
CONTINUOUS
10
6.0078743700787403
20
-3.8736239370078738
11
5.9950322440944879
21
-3.8736239370078738
0
LINE
8
BLACK
6
CONTINUOUS
10
5.9950322440944879
20
-3.8736239370078738
11
5.9950322440944879
21
-3.8830974803149605
0
LINE
8
BLACK
6
CONTINUOUS
10
6.0186166535433072
20
-3.8284323622047243
11
6.0188389370078736
21
-3.8283931889763778
0
LINE
8
BLACK
6
CONTINUOUS
10
6.0188389370078736
20
-3.8283931889763778
11
6.0195364173228345
21
-3.8287959055118108
0
LINE
8
BLACK
6
CONTINUOUS
10
6.0195364173228345
20
-3.8287959055118108
11
6.020285236220472
21
-3.8290918503937008
0
LINE
8
BLACK
6
CONTINUOUS
10
6.020285236220472
20
-3.8290918503937008
11
6.0203926771653542
21
-3.8292902755905511
0
LINE
8
BLACK
6
CONTINUOUS
10
6.0203926771653542
20
-3.8292902755905511
11
6.0205881102362202
21
-3.8294031102362203
0
LINE
8
BLACK
6
CONTINUOUS
10
6.0205881102362202
20
-3.8294031102362203
11
6.020863503937008
21
-3.830159803149606
0
LINE
8
BLACK
6
CONTINUOUS
10
6.020863503937008
20
-3.830159803149606
11
6.0212470078740159
21
-3.8308679921259841
0
LINE
8
BLACK
6
CONTINUOUS
10
6.0212470078740159
20
-3.8308679921259841
11
6.0212017322834646
21
-3.83108905511811
0
LINE
8
BLACK
6
CONTINUOUS
10
6.0212017322834646
20
-3.83108905511811
11
6.0212789370078736
21
-3.8313011023622048
0
LINE
8
BLACK
6
CONTINUOUS
10
6.0212789370078736
20
-3.8313011023622048
11
6.0212789370078736
21
-3.8470959842519683
0
LINE
8
BLACK
6
CONTINUOUS
10
6.0212789370078736
20
-3.8470959842519683
11
6.0314495669291341
21
-3.8470959842519683
0
LINE
8
BLACK
6
CONTINUOUS
10
6.0314495669291341
20
-3.8470959842519683
11
6.0324594881889766
21
-3.8472740551181102
0
LINE
8
BLACK
6
CONTINUOUS
10
6.0324594881889766
20
-3.8472740551181102
11
6.0340067322834647
21
-3.8485723622047243
0
LINE
8
BLACK
6
CONTINUOUS
10
6.0340067322834647
20
-3.8485723622047243
11
6.0343574803149602
21
-3.8505614960629919
0
LINE
8
BLACK
6
CONTINUOUS
10
6.0343574803149602
20
-3.8505614960629919
11
6.0333475590551178
21
-3.8523106692913385
0
LINE
8
BLACK
6
CONTINUOUS
10
6.0333475590551178
20
-3.8523106692913385
11
6.0314495669291341
21
-3.8530014960629919
0
LINE
8
BLACK
6
CONTINUOUS
10
6.0314495669291341
20
-3.8530014960629919
11
6.0212789370078736
21
-3.8530014960629919
0
LINE
8
BLACK
6
CONTINUOUS
10
6.0212789370078736
20
-3.8530014960629919
11
6.0212789370078736
21
-3.855673031496063
0
LINE
8
BLACK
6
CONTINUOUS
10
6.0212789370078736
20
-3.855673031496063
11
6.0211008661417322
21
-3.8566829527559054
0
LINE
8
BLACK
6
CONTINUOUS
10
6.0211008661417322
20
-3.8566829527559054
11
6.0198025590551181
21
-3.8582301968503936
0
LINE
8
BLACK
6
CONTINUOUS
10
6.0198025590551181
20
-3.8582301968503936
11
6.0178134251968505
21
-3.8585809448818895
0
LINE
8
BLACK
6
CONTINUOUS
10
6.0178134251968505
20
-3.8585809448818895
11
6.0160642519685039
21
-3.8575710236220471
0
LINE
8
BLACK
6
CONTINUOUS
10
6.0160642519685039
20
-3.8575710236220471
11
6.0153734251968505
21
-3.855673031496063
0
LINE
8
BLACK
6
CONTINUOUS
10
6.0153734251968505
20
-3.855673031496063
11
6.0153734251968505
21
-3.8530014960629919
0
LINE
8
BLACK
6
CONTINUOUS
10
6.0153734251968505
20
-3.8530014960629919
11
6.0052028346456687
21
-3.8530014960629919
0
LINE
8
BLACK
6
CONTINUOUS
10
6.0052028346456687
20
-3.8530014960629919
11
6.0041929133858263
21
-3.8528234251968505
0
LINE
8
BLACK
6
CONTINUOUS
10
6.0041929133858263
20
-3.8528234251968505
11
6.0026456692913381
21
-3.8515251181102363
0
LINE
8
BLACK
6
CONTINUOUS
10
6.0026456692913381
20
-3.8515251181102363
11
6.0022949212598427
21
-3.8495359842519683
0
LINE
8
BLACK
6
CONTINUOUS
10
6.0022949212598427
20
-3.8495359842519683
11
6.0033048425196851
21
-3.8477868110236217
0
LINE
8
BLACK
6
CONTINUOUS
10
6.0033048425196851
20
-3.8477868110236217
11
6.0052028346456687
21
-3.8470959842519683
0
LINE
8
BLACK
6
CONTINUOUS
10
6.0052028346456687
20
-3.8470959842519683
11
6.0153734251968505
21
-3.8470959842519683
0
LINE
8
BLACK
6
CONTINUOUS
10
6.0153734251968505
20
-3.8470959842519683
11
6.0153734251968505
21
-3.8353977952755907
0
LINE
8
BLACK
6
CONTINUOUS
10
6.0153734251968505
20
-3.8353977952755907
11
5.9911384645669292
21
-3.8434761417322836
0
LINE
8
BLACK
6
CONTINUOUS
10
5.9911384645669292
20
-3.8434761417322836
11
5.9901240551181099
21
-3.8436265748031495
0
LINE
8
BLACK
6
CONTINUOUS
10
5.9901240551181099
20
-3.8436265748031495
11
5.9882456692913388
21
-3.8428841732283465
0
LINE
8
BLACK
6
CONTINUOUS
10
5.9882456692913388
20
-3.8428841732283465
11
5.9872838976377949
21
-3.8411080314960628
0
LINE
8
BLACK
6
CONTINUOUS
10
5.9872838976377949
20
-3.8411080314960628
11
5.9876888582677168
21
-3.8391292519685036
0
LINE
8
BLACK
6
CONTINUOUS
10
5.9876888582677168
20
-3.8391292519685036
11
5.9892709842519682
21
-3.8378737007874015
0
LINE
8
BLACK
6
CONTINUOUS
10
5.9892709842519682
20
-3.8378737007874015
11
6.0173924015748028
21
-3.8284998818897638
0
LINE
8
BLACK
6
CONTINUOUS
10
6.0173924015748028
20
-3.8284998818897638
11
6.0184068110236222
21
-3.8283494488188974
0
LINE
8
BLACK
6
CONTINUOUS
10
6.0184068110236222
20
-3.8283494488188974
11
6.0186166535433072
21
-3.8284323622047243
0
LINE
8
BLACK
6
CONTINUOUS
10
5.553016338582677
20
-3.8132328346456692
11
5.5531857480314963
21
-3.8132219291338583
0
LINE
8
BLACK
6
CONTINUOUS
10
5.5531857480314963
20
-3.8132219291338583
11
5.5538763385826773
21
-3.81372937007874
0
LINE
8
BLACK
6
CONTINUOUS
10
5.5538763385826773
20
-3.81372937007874
11
5.5546184645669294
21
-3.814157874015748
0
LINE
8
BLACK
6
CONTINUOUS
10
5.5546184645669294
20
-3.814157874015748
11
5.5546764960629922
21
-3.8143173622047244
0
LINE
8
BLACK
6
CONTINUOUS
10
5.5546764960629922
20
-3.8143173622047244
11
5.5548133858267716
21
-3.8144179527559054
0
LINE
8
BLACK
6
CONTINUOUS
10
5.5548133858267716
20
-3.8144179527559054
11
5.5584007086614173
21
-3.8197989763779527
0
LINE
8
BLACK
6
CONTINUOUS
10
5.5584007086614173
20
-3.8197989763779527
11
5.5616046850393701
21
-3.8230029527559055
0
LINE
8
BLACK
6
CONTINUOUS
10
5.5616046850393701
20
-3.8230029527559055
11
5.5649256299212597
21
-3.8246634251968503
0
LINE
8
BLACK
6
CONTINUOUS
10
5.5649256299212597
20
-3.8246634251968503
11
5.5657492913385829
21
-3.8252743307086612
0
LINE
8
BLACK
6
CONTINUOUS
10
5.5657492913385829
20
-3.8252743307086612
11
5.5665525590551184
21
-3.8271275196850394
0
LINE
8
BLACK
6
CONTINUOUS
10
5.5665525590551184
20
-3.8271275196850394
11
5.5659766929133854
21
-3.8290635433070865
0
LINE
8
BLACK
6
CONTINUOUS
10
5.5659766929133854
20
-3.8290635433070865
11
5.5642911417322836
21
-3.830176377952756
0
LINE
8
BLACK
6
CONTINUOUS
10
5.5642911417322836
20
-3.830176377952756
11
5.5622846062992126
21
-3.829945472440945
0
LINE
8
BLACK
6
CONTINUOUS
10
5.5622846062992126
20
-3.829945472440945
11
5.5585350787401575
21
-3.8280707086614174
0
LINE
8
BLACK
6
CONTINUOUS
10
5.5585350787401575
20
-3.8280707086614174
11
5.5578259842519682
21
-3.8275447637795277
0
LINE
8
BLACK
6
CONTINUOUS
10
5.5578259842519682
20
-3.8275447637795277
11
5.5577676771653541
21
-3.8275175984251968
0
LINE
8
BLACK
6
CONTINUOUS
10
5.5577676771653541
20
-3.8275175984251968
11
5.5553092913385829
21
-3.8250592125984251
0
LINE
8
BLACK
6
CONTINUOUS
10
5.5553092913385829
20
-3.8250592125984251
11
5.5553092913385829
21
-3.8524731889763779
0
LINE
8
BLACK
6
CONTINUOUS
10
5.5553092913385829
20
-3.8524731889763779
11
5.5636051181102362
21
-3.8524731889763779
0
LINE
8
BLACK
6
CONTINUOUS
10
5.5636051181102362
20
-3.8524731889763779
11
5.5646150393700786
21
-3.8526512598425198
0
LINE
8
BLACK
6
CONTINUOUS
10
5.5646150393700786
20
-3.8526512598425198
11
5.5661622834645668
21
-3.8539495669291339
0
LINE
8
BLACK
6
CONTINUOUS
10
5.5661622834645668
20
-3.8539495669291339
11
5.5665130314960631
21
-3.8559387007874015
0
LINE
8
BLACK
6
CONTINUOUS
10
5.5665130314960631
20
-3.8559387007874015
11
5.5655031102362207
21
-3.8576878740157481
0
LINE
8
BLACK
6
CONTINUOUS
10
5.5655031102362207
20
-3.8576878740157481
11
5.5636051181102362
21
-3.8583787007874015
0
LINE
8
BLACK
6
CONTINUOUS
10
5.5636051181102362
20
-3.8583787007874015
11
5.5411079527559055
21
-3.8583787007874015
0
LINE
8
BLACK
6
CONTINUOUS
10
5.5411079527559055
20
-3.8583787007874015
11
5.5400980314960631
21
-3.8582006299212597
0
LINE
8
BLACK
6
CONTINUOUS
10
5.5400980314960631
20
-3.8582006299212597
11
5.5385507874015749
21
-3.8569023228346455
0
LINE
8
BLACK
6
CONTINUOUS
10
5.5385507874015749
20
-3.8569023228346455
11
5.5382000393700785
21
-3.8549131889763779
0
LINE
8
BLACK
6
CONTINUOUS
10
5.5382000393700785
20
-3.8549131889763779
11
5.539209960629921
21
-3.8531640157480314
0
LINE
8
BLACK
6
CONTINUOUS
10
5.539209960629921
20
-3.8531640157480314
11
5.5411079527559055
21
-3.8524731889763779
0
LINE
8
BLACK
6
CONTINUOUS
10
5.5411079527559055
20
-3.8524731889763779
11
5.5494037795275588
21
-3.8524731889763779
0
LINE
8
BLACK
6
CONTINUOUS
10
5.5494037795275588
20
-3.8524731889763779
11
5.5494037795275588
21
-3.8160558661417321
0
LINE
8
BLACK
6
CONTINUOUS
10
5.5494037795275588
20
-3.8160558661417321
11
5.5495818503937002
21
-3.8150459448818896
0
LINE
8
BLACK
6
CONTINUOUS
10
5.5495818503937002
20
-3.8150459448818896
11
5.5496909448818901
21
-3.8149158661417322
0
LINE
8
BLACK
6
CONTINUOUS
10
5.5496909448818901
20
-3.8149158661417322
11
5.5497096456692914
21
-3.814747125984252
0
LINE
8
BLACK
6
CONTINUOUS
10
5.5497096456692914
20
-3.814747125984252
11
5.5503292519685035
21
-3.8141551968503937
0
LINE
8
BLACK
6
CONTINUOUS
10
5.5503292519685035
20
-3.8141551968503937
11
5.5508801574803153
21
-3.8134987007874015
0
LINE
8
BLACK
6
CONTINUOUS
10
5.5508801574803153
20
-3.8134987007874015
11
5.5510473622047245
21
-3.8134692125984251
0
LINE
8
BLACK
6
CONTINUOUS
10
5.5510473622047245
20
-3.8134692125984251
11
5.5511701574803149
21
-3.8133519291338582
0
LINE
8
BLACK
6
CONTINUOUS
10
5.5511701574803149
20
-3.8133519291338582
11
5.5520252755905508
21
-3.8132967716535431
0
LINE
8
BLACK
6
CONTINUOUS
10
5.5520252755905508
20
-3.8132967716535431
11
5.5528692913385829
21
-3.8131479527559056
0
LINE
8
BLACK
6
CONTINUOUS
10
5.5528692913385829
20
-3.8131479527559056
11
5.553016338582677
21
-3.8132328346456692
0
LINE
8
BLACK
6
CONTINUOUS
10
5.610082401574803
20
-3.8386609448818896
11
5.6101618897637797
21
-3.8386452362204722
0
LINE
8
BLACK
6
CONTINUOUS
10
5.6101618897637797
20
-3.8386452362204722
11
5.6103523228346459
21
-3.8387727559055116
0
LINE
8
BLACK
6
CONTINUOUS
10
5.6103523228346459
20
-3.8387727559055116
11
5.6105642519685039
21
-3.8388605511811025
0
LINE
8
BLACK
6
CONTINUOUS
10
5.6105642519685039
20
-3.8388605511811025
11
5.6105952362204725
21
-3.838935433070866
0
LINE
8
BLACK
6
CONTINUOUS
10
5.6105952362204725
20
-3.838935433070866
11
5.6106626377952757
21
-3.8389805511811024
0
LINE
8
BLACK
6
CONTINUOUS
10
5.6106626377952757
20
-3.8389805511811024
11
5.6115942913385828
21
-3.8403780314960629
0
LINE
8
BLACK
6
CONTINUOUS
10
5.6115942913385828
20
-3.8403780314960629
11
5.6124236220472437
21
-3.8412073622047243
0
LINE
8
BLACK
6
CONTINUOUS
10
5.6124236220472437
20
-3.8412073622047243
11
5.613284251968504
21
-3.8416377165354332
0
LINE
8
BLACK
6
CONTINUOUS
10
5.613284251968504
20
-3.8416377165354332
11
5.6136791338582679
21
-3.8420929921259841
0
LINE
8
BLACK
6
CONTINUOUS
10
5.6136791338582679
20
-3.8420929921259841
11
5.6136364173228346
21
-3.8426940944881891
0
LINE
8
BLACK
6
CONTINUOUS
10
5.6136364173228346
20
-3.8426940944881891
11
5.6131811417322837
21
-3.8430889763779525
0
LINE
8
BLACK
6
CONTINUOUS
10
5.6131811417322837
20
-3.8430889763779525
11
5.6125799999999995
21
-3.8430462598425197
0
LINE
8
BLACK
6
CONTINUOUS
10
5.6125799999999995
20
-3.8430462598425197
11
5.6116051181102362
21
-3.8425588188976376
0
LINE
8
BLACK
6
CONTINUOUS
10
5.6116051181102362
20
-3.8425588188976376
11
5.6115201968503934
21
-3.8424608661417321
0
LINE
8
BLACK
6
CONTINUOUS
10
5.6115201968503934
20
-3.8424608661417321
11
5.6114004724409448
21
-3.8424112992125985
0
LINE
8
BLACK
6
CONTINUOUS
10
5.6114004724409448
20
-3.8424112992125985
11
5.6107948818897633
21
-3.841805708661417
0
LINE
8
BLACK
6
CONTINUOUS
10
5.6107948818897633
20
-3.841805708661417
11
5.6107948818897633
21
-3.8488661417322834
0
LINE
8
BLACK
6
CONTINUOUS
10
5.6107948818897633
20
-3.8488661417322834
11
5.6129321259842522
21
-3.8488661417322834
0
LINE
8
BLACK
6
CONTINUOUS
10
5.6129321259842522
20
-3.8488661417322834
11
5.6134888976377955
21
-3.8490967716535431
0
LINE
8
BLACK
6
CONTINUOUS
10
5.6134888976377955
20
-3.8490967716535431
11
5.6137195275590548
21
-3.8496535433070864
0
LINE
8
BLACK
6
CONTINUOUS
10
5.6137195275590548
20
-3.8496535433070864
11
5.6134888976377955
21
-3.8502103149606297
0
LINE
8
BLACK
6
CONTINUOUS
10
5.6134888976377955
20
-3.8502103149606297
11
5.6129321259842522
21
-3.8504409448818895
0
LINE
8
BLACK
6
CONTINUOUS
10
5.6129321259842522
20
-3.8504409448818895
11
5.6100074803149607
21
-3.8504409448818895
0
LINE
8
BLACK
6
CONTINUOUS
10
5.6100074803149607
20
-3.8504409448818895
11
5.6070828346456691
21
-3.8504409448818895
0
LINE
8
BLACK
6
CONTINUOUS
10
5.6070828346456691
20
-3.8504409448818895
11
5.6065260629921259
21
-3.8502103149606297
0
LINE
8
BLACK
6
CONTINUOUS
10
5.6065260629921259
20
-3.8502103149606297
11
5.6062954330708656
21
-3.8496535433070864
0
LINE
8
BLACK
6
CONTINUOUS
10
5.6062954330708656
20
-3.8496535433070864
11
5.6065260629921259
21
-3.8490967716535431
0
LINE
8
BLACK
6
CONTINUOUS
10
5.6065260629921259
20
-3.8490967716535431
11
5.6070828346456691
21
-3.8488661417322834
0
LINE
8
BLACK
6
CONTINUOUS
10
5.6070828346456691
20
-3.8488661417322834
11
5.6092200787401572
21
-3.8488661417322834
0
LINE
8
BLACK
6
CONTINUOUS
10
5.6092200787401572
20
-3.8488661417322834
11
5.6092200787401572
21
-3.8394173228346458
0
LINE
8
BLACK
6
CONTINUOUS
10
5.6092200787401572
20
-3.8394173228346458
11
5.6092511023622045
21
-3.8393423622047242
0
LINE
8
BLACK
6
CONTINUOUS
10
5.6092511023622045
20
-3.8393423622047242
11
5.6092353937007875
21
-3.8392629133858267
0
LINE
8
BLACK
6
CONTINUOUS
10
5.6092353937007875
20
-3.8392629133858267
11
5.6093629133858265
21
-3.8390724409448818
0
LINE
8
BLACK
6
CONTINUOUS
10
5.6093629133858265
20
-3.8390724409448818
11
5.6094507086614174
21
-3.8388605511811025
0
LINE
8
BLACK
6
CONTINUOUS
10
5.6094507086614174
20
-3.8388605511811025
11
5.6095255905511809
21
-3.8388295275590552
0
LINE
8
BLACK
6
CONTINUOUS
10
5.6095255905511809
20
-3.8388295275590552
11
5.6095707086614173
21
-3.8387621653543307
0
LINE
8
BLACK
6
CONTINUOUS
10
5.6095707086614173
20
-3.8387621653543307
11
5.6097955905511814
21
-3.8387176771653544
0
LINE
8
BLACK
6
CONTINUOUS
10
5.6097955905511814
20
-3.8387176771653544
11
5.6100074803149607
21
-3.8386299212598423
0
LINE
8
BLACK
6
CONTINUOUS
10
5.6100074803149607
20
-3.8386299212598423
11
5.610082401574803
21
-3.8386609448818896
0
LINE
8
BLACK
6
CONTINUOUS
10
5.5908617716535431
20
-3.8132811811023619
11
5.5909970078740159
21
-3.8133946456692911
0
LINE
8
BLACK
6
CONTINUOUS
10
5.5909970078740159
20
-3.8133946456692911
11
5.5911723622047242
21
-3.813414842519685
0
LINE
8
BLACK
6
CONTINUOUS
10
5.5911723622047242
20
-3.813414842519685
11
5.5949218897637794
21
-3.8152896062992125
0
LINE
8
BLACK
6
CONTINUOUS
10
5.5949218897637794
20
-3.8152896062992125
11
5.5956309448818899
21
-3.8158155118110235
0
LINE
8
BLACK
6
CONTINUOUS
10
5.5956309448818899
20
-3.8158155118110235
11
5.5956892913385827
21
-3.8158427165354332
0
LINE
8
BLACK
6
CONTINUOUS
10
5.5956892913385827
20
-3.8158427165354332
11
5.5975640551181103
21
-3.8177174803149607
0
LINE
8
BLACK
6
CONTINUOUS
10
5.5975640551181103
20
-3.8177174803149607
11
5.5978220472440947
21
-3.8180859448818896
0
LINE
8
BLACK
6
CONTINUOUS
10
5.5978220472440947
20
-3.8180859448818896
11
5.5979329921259842
21
-3.8181674803149606
0
LINE
8
BLACK
6
CONTINUOUS
10
5.5979329921259842
20
-3.8181674803149606
11
5.6016825196850393
21
-3.823791811023622
0
LINE
8
BLACK
6
CONTINUOUS
10
5.6016825196850393
20
-3.823791811023622
11
5.6020808267716538
21
-3.824699527559055
0
LINE
8
BLACK
6
CONTINUOUS
10
5.6020808267716538
20
-3.824699527559055
11
5.6020902755905508
21
-3.8247135433070865
0
LINE
8
BLACK
6
CONTINUOUS
10
5.6020902755905508
20
-3.8247135433070865
11
5.6039650393700784
21
-3.8322125984251967
0
LINE
8
BLACK
6
CONTINUOUS
10
5.6039650393700784
20
-3.8322125984251967
11
5.6039783464566923
21
-3.8324015748031495
0
LINE
8
BLACK
6
CONTINUOUS
10
5.6039783464566923
20
-3.8324015748031495
11
5.6131458267716532
21
-3.8324015748031495
0
LINE
8
BLACK
6
CONTINUOUS
10
5.6131458267716532
20
-3.8324015748031495
11
5.6131458267716532
21
-3.8235549212598423
0
LINE
8
BLACK
6
CONTINUOUS
10
5.6131458267716532
20
-3.8235549212598423
11
5.6133238976377955
21
-3.8225449999999999
0
LINE
8
BLACK
6
CONTINUOUS
10
5.6133238976377955
20
-3.8225449999999999
11
5.6134373622047242
21
-3.8224097244094488
0
LINE
8
BLACK
6
CONTINUOUS
10
5.6134373622047242
20
-3.8224097244094488
11
5.6134575590551181
21
-3.8222344094488188
0
LINE
8
BLACK
6
CONTINUOUS
10
5.6134575590551181
20
-3.8222344094488188
11
5.6153323228346457
21
-3.8184848818897636
0
LINE
8
BLACK
6
CONTINUOUS
10
5.6153323228346457
20
-3.8184848818897636
11
5.6158582283464566
21
-3.8177757874015747
0
LINE
8
BLACK
6
CONTINUOUS
10
5.6158582283464566
20
-3.8177757874015747
11
5.6158854330708659
21
-3.8177174803149607
0
LINE
8
BLACK
6
CONTINUOUS
10
5.6158854330708659
20
-3.8177174803149607
11
5.6177601968503934
21
-3.8158427165354332
0
LINE
8
BLACK
6
CONTINUOUS
10
5.6177601968503934
20
-3.8158427165354332
11
5.6184832677165355
21
-3.8153364173228344
0
LINE
8
BLACK
6
CONTINUOUS
10
5.6184832677165355
20
-3.8153364173228344
11
5.6185275984251968
21
-3.8152896062992125
0
LINE
8
BLACK
6
CONTINUOUS
10
5.6185275984251968
20
-3.8152896062992125
11
5.6222771259842519
21
-3.813414842519685
0
LINE
8
BLACK
6
CONTINUOUS
10
5.6222771259842519
20
-3.813414842519685
11
5.6232600393700789
21
-3.8131224803149606
0
LINE
8
BLACK
6
CONTINUOUS
10
5.6232600393700789
20
-3.8131224803149606
11
5.6234317322834642
21
-3.8131634645669292
0
LINE
8
BLACK
6
CONTINUOUS
10
5.6234317322834642
20
-3.8131634645669292
11
5.6235976377952754
21
-3.8131031102362205
0
LINE
8
BLACK
6
CONTINUOUS
10
5.6235976377952754
20
-3.8131031102362205
11
5.6310966929133857
21
-3.8131031102362205
0
LINE
8
BLACK
6
CONTINUOUS
10
5.6310966929133857
20
-3.8131031102362205
11
5.6321066141732281
21
-3.8132811811023619
0
LINE
8
BLACK
6
CONTINUOUS
10
5.6321066141732281
20
-3.8132811811023619
11
5.6322418503937008
21
-3.8133946456692911
0
LINE
8
BLACK
6
CONTINUOUS
10
5.6322418503937008
20
-3.8133946456692911
11
5.6324172047244092
21
-3.813414842519685
0
LINE
8
BLACK
6
CONTINUOUS
10
5.6324172047244092
20
-3.813414842519685
11
5.6361667322834643
21
-3.8152896062992125
0
LINE
8
BLACK
6
CONTINUOUS
10
5.6361667322834643
20
-3.8152896062992125
11
5.6368757874015749
21
-3.8158155118110235
0
LINE
8
BLACK
6
CONTINUOUS
10
5.6368757874015749
20
-3.8158155118110235
11
5.6369341338582677
21
-3.8158427165354332
0
LINE
8
BLACK
6
CONTINUOUS
10
5.6369341338582677
20
-3.8158427165354332
11
5.6388088976377952
21
-3.8177174803149607
0
LINE
8
BLACK
6
CONTINUOUS
10
5.6388088976377952
20
-3.8177174803149607
11
5.6393151574803149
21
-3.8184405511811024
0
LINE
8
BLACK
6
CONTINUOUS
10
5.6393151574803149
20
-3.8184405511811024
11
5.6393620078740154
21
-3.8184848818897636
0
LINE
8
BLACK
6
CONTINUOUS
10
5.6393620078740154
20
-3.8184848818897636
11
5.641236771653543
21
-3.8222344094488188
0
LINE
8
BLACK
6
CONTINUOUS
10
5.641236771653543
20
-3.8222344094488188
11
5.6415291338582678
21
-3.8232173228346458
0
LINE
8
BLACK
6
CONTINUOUS
10
5.6415291338582678
20
-3.8232173228346458
11
5.64148811023622
21
-3.8233890157480315
0
LINE
8
BLACK
6
CONTINUOUS
10
5.64148811023622
20
-3.8233890157480315
11
5.6415485039370079
21
-3.8235549212598423
0
LINE
8
BLACK
6
CONTINUOUS
10
5.6415485039370079
20
-3.8235549212598423
11
5.6415485039370079
21
-3.8327657480314961
0
LINE
8
BLACK
6
CONTINUOUS
10
5.6415485039370079
20
-3.8327657480314961
11
5.6420612204724412
21
-3.8329781496062991
0
LINE
8
BLACK
6
CONTINUOUS
10
5.6420612204724412
20
-3.8329781496062991
11
5.6426377952755908
21
-3.8343700787401573
0
LINE
8
BLACK
6
CONTINUOUS
10
5.6426377952755908
20
-3.8343700787401573
11
5.6426377952755908
21
-3.8556299212598426
0
LINE
8
BLACK
6
CONTINUOUS
10
5.6426377952755908
20
-3.8556299212598426
11
5.6420612204724412
21
-3.8570218503937008
0
LINE
8
BLACK
6
CONTINUOUS
10
5.6420612204724412
20
-3.8570218503937008
11
5.6406692913385825
21
-3.8575984251968505
0
LINE
8
BLACK
6
CONTINUOUS
10
5.6406692913385825
20
-3.8575984251968505
11
5.6367958661417319
21
-3.8575984251968505
0
LINE
8
BLACK
6
CONTINUOUS
10
5.6367958661417319
20
-3.8575984251968505
11
5.6367442125984253
21
-3.8576878740157481
0
LINE
8
BLACK
6
CONTINUOUS
10
5.6367442125984253
20
-3.8576878740157481
11
5.6348462204724408
21
-3.8583787007874015
0
LINE
8
BLACK
6
CONTINUOUS
10
5.6348462204724408
20
-3.8583787007874015
11
5.6273471653543305
21
-3.8583787007874015
0
LINE
8
BLACK
6
CONTINUOUS
10
5.6273471653543305
20
-3.8583787007874015
11
5.6263372440944881
21
-3.8582006299212597
0
LINE
8
BLACK
6
CONTINUOUS
10
5.6263372440944881
20
-3.8582006299212597
11
5.6262019685039366
21
-3.8580871259842517
0
LINE
8
BLACK
6
CONTINUOUS
10
5.6262019685039366
20
-3.8580871259842517
11
5.626026653543307
21
-3.858066968503937
0
LINE
8
BLACK
6
CONTINUOUS
10
5.626026653543307
20
-3.858066968503937
11
5.6250895669291339
21
-3.8575984251968505
0
LINE
8
BLACK
6
CONTINUOUS
10
5.6250895669291339
20
-3.8575984251968505
11
5.5993307086614168
21
-3.8575984251968505
0
LINE
8
BLACK
6
CONTINUOUS
10
5.5993307086614168
20
-3.8575984251968505
11
5.597938779527559
21
-3.8570218503937008
0
LINE
8
BLACK
6
CONTINUOUS
10
5.597938779527559
20
-3.8570218503937008
11
5.5977797637795277
21
-3.8566379921259841
0
LINE
8
BLACK
6
CONTINUOUS
10
5.5977797637795277
20
-3.8566379921259841
11
5.5949218897637794
21
-3.858066968503937
0
LINE
8
BLACK
6
CONTINUOUS
10
5.5949218897637794
20
-3.858066968503937
11
5.5939389370078736
21
-3.8583593307086614
0
LINE
8
BLACK
6
CONTINUOUS
10
5.5939389370078736
20
-3.8583593307086614
11
5.5937672440944883
21
-3.8583183070866141
0
LINE
8
BLACK
6
CONTINUOUS
10
5.5937672440944883
20
-3.8583183070866141
11
5.5936013779527558
21
-3.8583787007874015
0
LINE
8
BLACK
6
CONTINUOUS
10
5.5936013779527558
20
-3.8583787007874015
11
5.5861023228346456
21
-3.8583787007874015
0
LINE
8
BLACK
6
CONTINUOUS
10
5.5861023228346456
20
-3.8583787007874015
11
5.5850924015748031
21
-3.8582006299212597
0
LINE
8
BLACK
6
CONTINUOUS
10
5.5850924015748031
20
-3.8582006299212597
11
5.5849571259842516
21
-3.8580871259842517
0
LINE
8
BLACK
6
CONTINUOUS
10
5.5849571259842516
20
-3.8580871259842517
11
5.584781811023622
21
-3.858066968503937
0
LINE
8
BLACK
6
CONTINUOUS
10
5.584781811023622
20
-3.858066968503937
11
5.5810322834645669
21
-3.8561922047244095
0
LINE
8
BLACK
6
CONTINUOUS
10
5.5810322834645669
20
-3.8561922047244095
11
5.5803231496062988
21
-3.855666220472441
0
LINE
8
BLACK
6
CONTINUOUS
10
5.5803231496062988
20
-3.855666220472441
11
5.5802648425196848
21
-3.8556390551181101
0
LINE
8
BLACK
6
CONTINUOUS
10
5.5802648425196848
20
-3.8556390551181101
11
5.5783900787401572
21
-3.8537642519685038
0
LINE
8
BLACK
6
CONTINUOUS
10
5.5783900787401572
20
-3.8537642519685038
11
5.5778837795275589
21
-3.8530411811023622
0
LINE
8
BLACK
6
CONTINUOUS
10
5.5778837795275589
20
-3.8530411811023622
11
5.5778370078740158
21
-3.8529968897637796
0
LINE
8
BLACK
6
CONTINUOUS
10
5.5778370078740158
20
-3.8529968897637796
11
5.5759622440944883
21
-3.8492473622047245
0
LINE
8
BLACK
6
CONTINUOUS
10
5.5759622440944883
20
-3.8492473622047245
11
5.5756698818897634
21
-3.8482644094488188
0
LINE
8
BLACK
6
CONTINUOUS
10
5.5756698818897634
20
-3.8482644094488188
11
5.5757108661417325
21
-3.8480927165354331
0
LINE
8
BLACK
6
CONTINUOUS
10
5.5757108661417325
20
-3.8480927165354331
11
5.5756505118110233
21
-3.8479268503937005
0
LINE
8
BLACK
6
CONTINUOUS
10
5.5756505118110233
20
-3.8479268503937005
11
5.5756505118110233
21
-3.8385530314960628
0
LINE
8
BLACK
6
CONTINUOUS
10
5.5756505118110233
20
-3.8385530314960628
11
5.5758285826771656
21
-3.8375431102362203
0
LINE
8
BLACK
6
CONTINUOUS
10
5.5758285826771656
20
-3.8375431102362203
11
5.5759420472440944
21
-3.8374078346456693
0
LINE
8
BLACK
6
CONTINUOUS
10
5.5759420472440944
20
-3.8374078346456693
11
5.5759622440944883
21
-3.8372325196850392
0
LINE
8
BLACK
6
CONTINUOUS
10
5.5759622440944883
20
-3.8372325196850392
11
5.5778370078740158
21
-3.8334829921259841
0
LINE
8
BLACK
6
CONTINUOUS
10
5.5778370078740158
20
-3.8334829921259841
11
5.5783629133858268
21
-3.8327738976377952
0
LINE
8
BLACK
6
CONTINUOUS
10
5.5783629133858268
20
-3.8327738976377952
11
5.578390118110236
21
-3.8327155905511812
0
LINE
8
BLACK
6
CONTINUOUS
10
5.578390118110236
20
-3.8327155905511812
11
5.5802648818897636
21
-3.8308408267716536
0
LINE
8
BLACK
6
CONTINUOUS
10
5.5802648818897636
20
-3.8308408267716536
11
5.5809879527559056
21
-3.8303345275590552
0
LINE
8
BLACK
6
CONTINUOUS
10
5.5809879527559056
20
-3.8303345275590552
11
5.5810322834645669
21
-3.830287716535433
0
LINE
8
BLACK
6
CONTINUOUS
10
5.5810322834645669
20
-3.830287716535433
11
5.584781811023622
21
-3.8284129527559054
0
LINE
8
BLACK
6
CONTINUOUS
10
5.584781811023622
20
-3.8284129527559054
11
5.585764724409449
21
-3.828120590551181
0
LINE
8
BLACK
6
CONTINUOUS
10
5.585764724409449
20
-3.828120590551181
11
5.5859364173228343
21
-3.8281615748031497
0
LINE
8
BLACK
6
CONTINUOUS
10
5.5859364173228343
20
-3.8281615748031497
11
5.5861023228346456
21
-3.8281012204724409
0
LINE
8
BLACK
6
CONTINUOUS
10
5.5861023228346456
20
-3.8281012204724409
11
5.5936013779527558
21
-3.8281012204724409
0
LINE
8
BLACK
6
CONTINUOUS
10
5.5936013779527558
20
-3.8281012204724409
11
5.5946112992125983
21
-3.8282792913385828
0
LINE
8
BLACK
6
CONTINUOUS
10
5.5946112992125983
20
-3.8282792913385828
11
5.594746535433071
21
-3.8283927559055115
0
LINE
8
BLACK
6
CONTINUOUS
10
5.594746535433071
20
-3.8283927559055115
11
5.5949218897637794
21
-3.8284129527559054
0
LINE
8
BLACK
6
CONTINUOUS
10
5.5949218897637794
20
-3.8284129527559054
11
5.597214409448819
21
-3.8295592125984252
0
LINE
8
BLACK
6
CONTINUOUS
10
5.597214409448819
20
-3.8295592125984252
11
5.5964851181102357
21
-3.8266420472440945
0
LINE
8
BLACK
6
CONTINUOUS
10
5.5964851181102357
20
-3.8266420472440945
11
5.5931814173228345
21
-3.8216864960629922
0
LINE
8
BLACK
6
CONTINUOUS
10
5.5931814173228345
20
-3.8216864960629922
11
5.5918522834645668
21
-3.8203573622047244
0
LINE
8
BLACK
6
CONTINUOUS
10
5.5918522834645668
20
-3.8203573622047244
11
5.5891548031496061
21
-3.8190086220472441
0
LINE
8
BLACK
6
CONTINUOUS
10
5.5891548031496061
20
-3.8190086220472441
11
5.5823527952755905
21
-3.8190086220472441
0
LINE
8
BLACK
6
CONTINUOUS
10
5.5823527952755905
20
-3.8190086220472441
11
5.581342874015748
21
-3.8188305511811023
0
LINE
8
BLACK
6
CONTINUOUS
10
5.581342874015748
20
-3.8188305511811023
11
5.5797956299212599
21
-3.8175322440944881
0
LINE
8
BLACK
6
CONTINUOUS
10
5.5797956299212599
20
-3.8175322440944881
11
5.5794448818897635
21
-3.8155431102362205
0
LINE
8
BLACK
6
CONTINUOUS
10
5.5794448818897635
20
-3.8155431102362205
11
5.580454803149606
21
-3.8137939370078739
0
LINE
8
BLACK
6
CONTINUOUS
10
5.580454803149606
20
-3.8137939370078739
11
5.5823527952755905
21
-3.8131031102362205
0
LINE
8
BLACK
6
CONTINUOUS
10
5.5823527952755905
20
-3.8131031102362205
11
5.5898518503937007
21
-3.8131031102362205
0
LINE
8
BLACK
6
CONTINUOUS
10
5.5898518503937007
20
-3.8131031102362205
11
5.5908617716535431
21
-3.8132811811023619
0
LINE
8
BLACK
6
CONTINUOUS
10
5.6040531889763781
20
-3.8363385826771652
11
5.6040531889763781
21
-3.8479268503937005
0
LINE
8
BLACK
6
CONTINUOUS
10
5.6040531889763781
20
-3.8479268503937005
11
5.6038751181102358
21
-3.8489367716535434
0
LINE
8
BLACK
6
CONTINUOUS
10
5.6038751181102358
20
-3.8489367716535434
11
5.6037616141732283
21
-3.8490720078740157
0
LINE
8
BLACK
6
CONTINUOUS
10
5.6037616141732283
20
-3.8490720078740157
11
5.6037414566929131
21
-3.8492473622047245
0
LINE
8
BLACK
6
CONTINUOUS
10
5.6037414566929131
20
-3.8492473622047245
11
5.6018666929133856
21
-3.8529968897637796
0
LINE
8
BLACK
6
CONTINUOUS
10
5.6018666929133856
20
-3.8529968897637796
11
5.6013737795275587
21
-3.8536614173228347
0
LINE
8
BLACK
6
CONTINUOUS
10
5.6013737795275587
20
-3.8536614173228347
11
5.6195629133858267
21
-3.8536614173228347
0
LINE
8
BLACK
6
CONTINUOUS
10
5.6195629133858267
20
-3.8536614173228347
11
5.619376889763779
21
-3.8533957480314958
0
LINE
8
BLACK
6
CONTINUOUS
10
5.619376889763779
20
-3.8533957480314958
11
5.6192660236220471
21
-3.8533142913385827
0
LINE
8
BLACK
6
CONTINUOUS
10
5.6192660236220471
20
-3.8533142913385827
11
5.6173504724409451
21
-3.8504409448818895
0
LINE
8
BLACK
6
CONTINUOUS
10
5.6173504724409451
20
-3.8504409448818895
11
5.6168316141732282
21
-3.8504409448818895
0
LINE
8
BLACK
6
CONTINUOUS
10
5.6168316141732282
20
-3.8504409448818895
11
5.6162748425196849
21
-3.8502103149606297
0
LINE
8
BLACK
6
CONTINUOUS
10
5.6162748425196849
20
-3.8502103149606297
11
5.6160442125984247
21
-3.8496535433070864
0
LINE
8
BLACK
6
CONTINUOUS
10
5.6160442125984247
20
-3.8496535433070864
11
5.6162748425196849
21
-3.8490967716535431
0
LINE
8
BLACK
6
CONTINUOUS
10
5.6162748425196849
20
-3.8490967716535431
11
5.616415472440945
21
-3.8490385039370079
0
LINE
8
BLACK
6
CONTINUOUS
10
5.616415472440945
20
-3.8490385039370079
11
5.615516496062992
21
-3.8476900000000001
0
LINE
8
BLACK
6
CONTINUOUS
10
5.615516496062992
20
-3.8476900000000001
11
5.6151181496062987
21
-3.8467822047244096
0
LINE
8
BLACK
6
CONTINUOUS
10
5.6151181496062987
20
-3.8467822047244096
11
5.6151087401574804
21
-3.8467682283464568
0
LINE
8
BLACK
6
CONTINUOUS
10
5.6151087401574804
20
-3.8467682283464568
11
5.6132339763779528
21
-3.8392691732283462
0
LINE
8
BLACK
6
CONTINUOUS
10
5.6132339763779528
20
-3.8392691732283462
11
5.6131924803149609
21
-3.8386812598425197
0
LINE
8
BLACK
6
CONTINUOUS
10
5.6131924803149609
20
-3.8386812598425197
11
5.6131458267716532
21
-3.8385530314960628
0
LINE
8
BLACK
6
CONTINUOUS
10
5.6131458267716532
20
-3.8385530314960628
11
5.6131458267716532
21
-3.8363385826771652
0
LINE
8
BLACK
6
CONTINUOUS
10
5.6131458267716532
20
-3.8363385826771652
11
5.6040531889763781
21
-3.8363385826771652
0
LINE
8
BLACK
6
CONTINUOUS
10
5.6369341338582677
20
-3.8406409448818897
11
5.6362110236220468
21
-3.8411472047244093
0
LINE
8
BLACK
6
CONTINUOUS
10
5.6362110236220468
20
-3.8411472047244093
11
5.6361667322834643
21
-3.8411940551181103
0
LINE
8
BLACK
6
CONTINUOUS
10
5.6361667322834643
20
-3.8411940551181103
11
5.6332170866141729
21
-3.8426688582677166
0
LINE
8
BLACK
6
CONTINUOUS
10
5.6332170866141729
20
-3.8426688582677166
11
5.6332170866141729
21
-3.8496535433070864
0
LINE
8
BLACK
6
CONTINUOUS
10
5.6332170866141729
20
-3.8496535433070864
11
5.6329864566929135
21
-3.8502103149606297
0
LINE
8
BLACK
6
CONTINUOUS
10
5.6329864566929135
20
-3.8502103149606297
11
5.6324296850393702
21
-3.8504409448818895
0
LINE
8
BLACK
6
CONTINUOUS
10
5.6324296850393702
20
-3.8504409448818895
11
5.631872913385827
21
-3.8502103149606297
0
LINE
8
BLACK
6
CONTINUOUS
10
5.631872913385827
20
-3.8502103149606297
11
5.6316422834645667
21
-3.8496535433070864
0
LINE
8
BLACK
6
CONTINUOUS
10
5.6316422834645667
20
-3.8496535433070864
11
5.6316422834645667
21
-3.8455665748031493
0
LINE
8
BLACK
6
CONTINUOUS
10
5.6316422834645667
20
-3.8455665748031493
11
5.6304024409448816
21
-3.8455665748031493
0
LINE
8
BLACK
6
CONTINUOUS
10
5.6304024409448816
20
-3.8455665748031493
11
5.6272254724409452
21
-3.8501050787401572
0
LINE
8
BLACK
6
CONTINUOUS
10
5.6272254724409452
20
-3.8501050787401572
11
5.6267172440944879
21
-3.8504289370078739
0
LINE
8
BLACK
6
CONTINUOUS
10
5.6267172440944879
20
-3.8504289370078739
11
5.626128858267716
21
-3.8502986220472439
0
LINE
8
BLACK
6
CONTINUOUS
10
5.626128858267716
20
-3.8502986220472439
11
5.6258049999999997
21
-3.8497903937007871
0
LINE
8
BLACK
6
CONTINUOUS
10
5.6258049999999997
20
-3.8497903937007871
11
5.6259353149606302
21
-3.8492020078740157
0
LINE
8
BLACK
6
CONTINUOUS
10
5.6259353149606302
20
-3.8492020078740157
11
5.6284913779527557
21
-3.8455505118110236
0
LINE
8
BLACK
6
CONTINUOUS
10
5.6284913779527557
20
-3.8455505118110236
11
5.6283608661417324
21
-3.8454964566929135
0
LINE
8
BLACK
6
CONTINUOUS
10
5.6283608661417324
20
-3.8454964566929135
11
5.6281780314960628
21
-3.8454834645669291
0
LINE
8
BLACK
6
CONTINUOUS
10
5.6281780314960628
20
-3.8454834645669291
11
5.6272031496062995
21
-3.8449960236220471
0
LINE
8
BLACK
6
CONTINUOUS
10
5.6272031496062995
20
-3.8449960236220471
11
5.6271182283464567
21
-3.8448980708661415
0
LINE
8
BLACK
6
CONTINUOUS
10
5.6271182283464567
20
-3.8448980708661415
11
5.6269985039370081
21
-3.8448485039370079
0
LINE
8
BLACK
6
CONTINUOUS
10
5.6269985039370081
20
-3.8448485039370079
11
5.626511062992126
21
-3.8443610629921259
0
LINE
8
BLACK
6
CONTINUOUS
10
5.626511062992126
20
-3.8443610629921259
11
5.6264614566929136
21
-3.8442412992125985
0
LINE
8
BLACK
6
CONTINUOUS
10
5.6264614566929136
20
-3.8442412992125985
11
5.6263635826771656
21
-3.8441564173228344
0
LINE
8
BLACK
6
CONTINUOUS
10
5.6263635826771656
20
-3.8441564173228344
11
5.6259756299212595
21
-3.8433805511811023
0
LINE
8
BLACK
6
CONTINUOUS
10
5.6259756299212595
20
-3.8433805511811023
11
5.6235976377952754
21
-3.8433805511811023
0
LINE
8
BLACK
6
CONTINUOUS
10
5.6235976377952754
20
-3.8433805511811023
11
5.622587716535433
21
-3.8432024803149605
0
LINE
8
BLACK
6
CONTINUOUS
10
5.622587716535433
20
-3.8432024803149605
11
5.6224524409448815
21
-3.8430889763779525
0
LINE
8
BLACK
6
CONTINUOUS
10
5.6224524409448815
20
-3.8430889763779525
11
5.6222771259842519
21
-3.8430688188976379
0
LINE
8
BLACK
6
CONTINUOUS
10
5.6222771259842519
20
-3.8430688188976379
11
5.6205436614173223
21
-3.8422020866141731
0
LINE
8
BLACK
6
CONTINUOUS
10
5.6205436614173223
20
-3.8422020866141731
11
5.6205436614173223
21
-3.8441587795275591
0
LINE
8
BLACK
6
CONTINUOUS
10
5.6205436614173223
20
-3.8441587795275591
11
5.6207138976377955
21
-3.8448397244094488
0
LINE
8
BLACK
6
CONTINUOUS
10
5.6207138976377955
20
-3.8448397244094488
11
5.6240175196850393
21
-3.8497951968503936
0
LINE
8
BLACK
6
CONTINUOUS
10
5.6240175196850393
20
-3.8497951968503936
11
5.6253467322834645
21
-3.8511244488188976
0
LINE
8
BLACK
6
CONTINUOUS
10
5.6253467322834645
20
-3.8511244488188976
11
5.6280442125984251
21
-3.8524731889763779
0
LINE
8
BLACK
6
CONTINUOUS
10
5.6280442125984251
20
-3.8524731889763779
11
5.6348462204724408
21
-3.8524731889763779
0
LINE
8
BLACK
6
CONTINUOUS
10
5.6348462204724408
20
-3.8524731889763779
11
5.6358561417322832
21
-3.8526512598425198
0
LINE
8
BLACK
6
CONTINUOUS
10
5.6358561417322832
20
-3.8526512598425198
11
5.63706
21
-3.8536614173228347
0
LINE
8
BLACK
6
CONTINUOUS
10
5.63706
20
-3.8536614173228347
11
5.6387007874015751
21
-3.8536614173228347
0
LINE
8
BLACK
6
CONTINUOUS
10
5.6387007874015751
20
-3.8536614173228347
11
5.6387007874015751
21
-3.8388742913385827
0
LINE
8
BLACK
6
CONTINUOUS
10
5.6387007874015751
20
-3.8388742913385827
11
5.6369341338582677
21
-3.8406409448818897
0
LINE
8
BLACK
6
CONTINUOUS
10
5.5841018897637795
20
-3.8353554724409449
11
5.5829047637795277
21
-3.8365525984251967
0
LINE
8
BLACK
6
CONTINUOUS
10
5.5829047637795277
20
-3.8365525984251967
11
5.5815560236220474
21
-3.8392500787401573
0
LINE
8
BLACK
6
CONTINUOUS
10
5.5815560236220474
20
-3.8392500787401573
11
5.5815560236220474
21
-3.8472298031496064
0
LINE
8
BLACK
6
CONTINUOUS
10
5.5815560236220474
20
-3.8472298031496064
11
5.5829047637795277
21
-3.849927283464567
0
LINE
8
BLACK
6
CONTINUOUS
10
5.5829047637795277
20
-3.849927283464567
11
5.5841018897637795
21
-3.8511244488188976
0
LINE
8
BLACK
6
CONTINUOUS
10
5.5841018897637795
20
-3.8511244488188976
11
5.5867993700787402
21
-3.8524731889763779
0
LINE
8
BLACK
6
CONTINUOUS
10
5.5867993700787402
20
-3.8524731889763779
11
5.5929043307086612
21
-3.8524731889763779
0
LINE
8
BLACK
6
CONTINUOUS
10
5.5929043307086612
20
-3.8524731889763779
11
5.5956017716535431
21
-3.8511244488188976
0
LINE
8
BLACK
6
CONTINUOUS
10
5.5956017716535431
20
-3.8511244488188976
11
5.5967988976377949
21
-3.849927283464567
0
LINE
8
BLACK
6
CONTINUOUS
10
5.5967988976377949
20
-3.849927283464567
11
5.5973622047244094
21
-3.8488006692913386
0
LINE
8
BLACK
6
CONTINUOUS
10
5.5973622047244094
20
-3.8488006692913386
11
5.5973622047244094
21
-3.8376791338582676
0
LINE
8
BLACK
6
CONTINUOUS
10
5.5973622047244094
20
-3.8376791338582676
11
5.5967989370078737
21
-3.8365525984251967
0
LINE
8
BLACK
6
CONTINUOUS
10
5.5967989370078737
20
-3.8365525984251967
11
5.5956018110236219
21
-3.8353554724409449
0
LINE
8
BLACK
6
CONTINUOUS
10
5.5956018110236219
20
-3.8353554724409449
11
5.5929043307086612
21
-3.8340067322834646
0
LINE
8
BLACK
6
CONTINUOUS
10
5.5929043307086612
20
-3.8340067322834646
11
5.5867993700787402
21
-3.8340067322834646
0
LINE
8
BLACK
6
CONTINUOUS
10
5.5867993700787402
20
-3.8340067322834646
11
5.5841018897637795
21
-3.8353554724409449
0
LINE
8
BLACK
6
CONTINUOUS
10
5.6314342519685034
20
-3.8433611811023622
11
5.6312625590551182
21
-3.8433201574803149
0
LINE
8
BLACK
6
CONTINUOUS
10
5.6312625590551182
20
-3.8433201574803149
11
5.6310966929133857
21
-3.8433805511811023
0
LINE
8
BLACK
6
CONTINUOUS
10
5.6310966929133857
20
-3.8433805511811023
11
5.6277576377952752
21
-3.8433805511811023
0
LINE
8
BLACK
6
CONTINUOUS
10
5.6277576377952752
20
-3.8433805511811023
11
5.628021653543307
21
-3.8436445669291337
0
LINE
8
BLACK
6
CONTINUOUS
10
5.628021653543307
20
-3.8436445669291337
11
5.6287159842519685
21
-3.8439917716535432
0
LINE
8
BLACK
6
CONTINUOUS
10
5.6287159842519685
20
-3.8439917716535432
11
5.6316422834645667
21
-3.8439917716535432
0
LINE
8
BLACK
6
CONTINUOUS
10
5.6316422834645667
20
-3.8439917716535432
11
5.6316422834645667
21
-3.8432992913385826
0
LINE
8
BLACK
6
CONTINUOUS
10
5.6316422834645667
20
-3.8432992913385826
11
5.6314342519685034
21
-3.8433611811023622
0
LINE
8
BLACK
6
CONTINUOUS
10
5.622021771653543
20
-3.8363385826771652
11
5.62429468503937
21
-3.8374750393700787
0
LINE
8
BLACK
6
CONTINUOUS
10
5.62429468503937
20
-3.8374750393700787
11
5.6303996456692911
21
-3.8374750393700787
0
LINE
8
BLACK
6
CONTINUOUS
10
5.6303996456692911
20
-3.8374750393700787
11
5.6326725590551181
21
-3.8363385826771652
0
LINE
8
BLACK
6
CONTINUOUS
10
5.6326725590551181
20
-3.8363385826771652
11
5.622021771653543
21
-3.8363385826771652
0
LINE
8
BLACK
6
CONTINUOUS
10
5.6215972047244094
20
-3.8203573622047244
11
5.6204000787401576
21
-3.8215544881889763
0
LINE
8
BLACK
6
CONTINUOUS
10
5.6204000787401576
20
-3.8215544881889763
11
5.6190513385826772
21
-3.8242519685039369
0
LINE
8
BLACK
6
CONTINUOUS
10
5.6190513385826772
20
-3.8242519685039369
11
5.6190513385826772
21
-3.8322316929133859
0
LINE
8
BLACK
6
CONTINUOUS
10
5.6190513385826772
20
-3.8322316929133859
11
5.6191362992125979
21
-3.8324015748031495
0
LINE
8
BLACK
6
CONTINUOUS
10
5.6191362992125979
20
-3.8324015748031495
11
5.6355580314960632
21
-3.8324015748031495
0
LINE
8
BLACK
6
CONTINUOUS
10
5.6355580314960632
20
-3.8324015748031495
11
5.6356429921259839
21
-3.8322316929133859
0
LINE
8
BLACK
6
CONTINUOUS
10
5.6356429921259839
20
-3.8322316929133859
11
5.6356429921259839
21
-3.8242519685039369
0
LINE
8
BLACK
6
CONTINUOUS
10
5.6356429921259839
20
-3.8242519685039369
11
5.6342942519685035
21
-3.8215544881889763
0
LINE
8
BLACK
6
CONTINUOUS
10
5.6342942519685035
20
-3.8215544881889763
11
5.6330971259842517
21
-3.8203573622047244
0
LINE
8
BLACK
6
CONTINUOUS
10
5.6330971259842517
20
-3.8203573622047244
11
5.6303996456692911
21
-3.8190086220472441
0
LINE
8
BLACK
6
CONTINUOUS
10
5.6303996456692911
20
-3.8190086220472441
11
5.62429468503937
21
-3.8190086220472441
0
LINE
8
BLACK
6
CONTINUOUS
10
5.62429468503937
20
-3.8190086220472441
11
5.6215972047244094
21
-3.8203573622047244
0
LINE
8
BLACK
6
CONTINUOUS
10
5.7033453937007872
20
-3.804830472440945
11
5.7034441338582678
21
-3.8048157874015747
0
LINE
8
BLACK
6
CONTINUOUS
10
5.7034441338582678
20
-3.8048157874015747
11
5.7053188976377953
21
-3.8052844488188975
0
LINE
8
BLACK
6
CONTINUOUS
10
5.7053188976377953
20
-3.8052844488188975
11
5.7053907480314958
21
-3.8053376771653542
0
LINE
8
BLACK
6
CONTINUOUS
10
5.7053907480314958
20
-3.8053376771653542
11
5.7054800787401572
21
-3.8053440551181104
0
LINE
8
BLACK
6
CONTINUOUS
10
5.7054800787401572
20
-3.8053440551181104
11
5.7064174803149603
21
-3.8058127559055119
0
LINE
8
BLACK
6
CONTINUOUS
10
5.7064174803149603
20
-3.8058127559055119
11
5.7065024015748032
21
-3.8059106692913387
0
LINE
8
BLACK
6
CONTINUOUS
10
5.7065024015748032
20
-3.8059106692913387
11
5.7066221259842518
21
-3.8059602755905511
0
LINE
8
BLACK
6
CONTINUOUS
10
5.7066221259842518
20
-3.8059602755905511
11
5.7075595275590549
21
-3.8068976771653542
0
LINE
8
BLACK
6
CONTINUOUS
10
5.7075595275590549
20
-3.8068976771653542
11
5.7076296456692912
21
-3.8070670078740156
0
LINE
8
BLACK
6
CONTINUOUS
10
5.7076296456692912
20
-3.8070670078740156
11
5.7077497637795274
21
-3.8072054724409448
0
LINE
8
BLACK
6
CONTINUOUS
10
5.7077497637795274
20
-3.8072054724409448
11
5.7082184251968506
21
-3.8086115354330707
0
LINE
8
BLACK
6
CONTINUOUS
10
5.7082184251968506
20
-3.8086115354330707
11
5.7082092125984252
21
-3.8087407874015748
0
LINE
8
BLACK
6
CONTINUOUS
10
5.7082092125984252
20
-3.8087407874015748
11
5.7082588188976375
21
-3.8088605118110235
0
LINE
8
BLACK
6
CONTINUOUS
10
5.7082588188976375
20
-3.8088605118110235
11
5.7082588188976375
21
-3.8097978740157479
0
LINE
8
BLACK
6
CONTINUOUS
10
5.7082588188976375
20
-3.8097978740157479
11
5.7082092125984252
21
-3.8099175590551182
0
LINE
8
BLACK
6
CONTINUOUS
10
5.7082092125984252
20
-3.8099175590551182
11
5.7082184251968506
21
-3.8100468503937006
0
LINE
8
BLACK
6
CONTINUOUS
10
5.7082184251968506
20
-3.8100468503937006
11
5.7077497637795274
21
-3.8114529527559053
0
LINE
8
BLACK
6
CONTINUOUS
10
5.7077497637795274
20
-3.8114529527559053
11
5.7076296456692912
21
-3.8115914173228345
0
LINE
8
BLACK
6
CONTINUOUS
10
5.7076296456692912
20
-3.8115914173228345
11
5.7075595275590549
21
-3.8117607480314959
0
LINE
8
BLACK
6
CONTINUOUS
10
5.7075595275590549
20
-3.8117607480314959
11
5.7070908267716538
21
-3.8122294488188975
0
LINE
8
BLACK
6
CONTINUOUS
10
5.7070908267716538
20
-3.8122294488188975
11
5.7065340157480318
21
-3.8124600393700785
0
LINE
8
BLACK
6
CONTINUOUS
10
5.7065340157480318
20
-3.8124600393700785
11
5.7059772440944885
21
-3.8122294094488187
0
LINE
8
BLACK
6
CONTINUOUS
10
5.7059772440944885
20
-3.8122294094488187
11
5.705746653543307
21
-3.8116725984251967
0
LINE
8
BLACK
6
CONTINUOUS
10
5.705746653543307
20
-3.8116725984251967
11
5.7059772834645672
21
-3.8111158267716534
0
LINE
8
BLACK
6
CONTINUOUS
10
5.7059772834645672
20
-3.8111158267716534
11
5.706314527559055
21
-3.8107786220472439
0
LINE
8
BLACK
6
CONTINUOUS
10
5.706314527559055
20
-3.8107786220472439
11
5.7066840157480314
21
-3.8096700787401572
0
LINE
8
BLACK
6
CONTINUOUS
10
5.7066840157480314
20
-3.8096700787401572
11
5.7066840157480314
21
-3.8089883070866142
0
LINE
8
BLACK
6
CONTINUOUS
10
5.7066840157480314
20
-3.8089883070866142
11
5.7063144881889762
21
-3.8078797244094487
0
LINE
8
BLACK
6
CONTINUOUS
10
5.7063144881889762
20
-3.8078797244094487
11
5.7055989370078741
21
-3.8071641732283465
0
LINE
8
BLACK
6
CONTINUOUS
10
5.7055989370078741
20
-3.8071641732283465
11
5.7048531102362201
21
-3.8067912598425195
0
LINE
8
BLACK
6
CONTINUOUS
10
5.7048531102362201
20
-3.8067912598425195
11
5.7031562598425198
21
-3.806367086614173
0
LINE
8
BLACK
6
CONTINUOUS
10
5.7031562598425198
20
-3.806367086614173
11
5.7019440551181102
21
-3.806367086614173
0
LINE
8
BLACK
6
CONTINUOUS
10
5.7019440551181102
20
-3.806367086614173
11
5.700247204724409
21
-3.8067912598425195
0
LINE
8
BLACK
6
CONTINUOUS
10
5.700247204724409
20
-3.8067912598425195
11
5.6995014173228347
21
-3.8071641732283465
0
LINE
8
BLACK
6
CONTINUOUS
10
5.6995014173228347
20
-3.8071641732283465
11
5.6987858267716538
21
-3.8078797244094487
0
LINE
8
BLACK
6
CONTINUOUS
10
5.6987858267716538
20
-3.8078797244094487
11
5.6984162992125986
21
-3.8089883464566929
0
LINE
8
BLACK
6
CONTINUOUS
10
5.6984162992125986
20
-3.8089883464566929
11
5.6984162992125986
21
-3.8096700393700789
0
LINE
8
BLACK
6
CONTINUOUS
10
5.6984162992125986
20
-3.8096700393700789
11
5.698785787401575
21
-3.8107785826771652
0
LINE
8
BLACK
6
CONTINUOUS
10
5.698785787401575
20
-3.8107785826771652
11
5.6991230708661416
21
-3.8111158661417321
0
LINE
8
BLACK
6
CONTINUOUS
10
5.6991230708661416
20
-3.8111158661417321
11
5.6993537007874018
21
-3.8116726377952754
0
LINE
8
BLACK
6
CONTINUOUS
10
5.6993537007874018
20
-3.8116726377952754
11
5.6991231102362203
21
-3.8122294094488187
0
LINE
8
BLACK
6
CONTINUOUS
10
5.6991231102362203
20
-3.8122294094488187
11
5.698566338582677
21
-3.8124600393700785
0
LINE
8
BLACK
6
CONTINUOUS
10
5.698566338582677
20
-3.8124600393700785
11
5.6980095669291337
21
-3.8122294488188975
0
LINE
8
BLACK
6
CONTINUOUS
10
5.6980095669291337
20
-3.8122294488188975
11
5.6975408267716539
21
-3.8117607874015746
0
LINE
8
BLACK
6
CONTINUOUS
10
5.6975408267716539
20
-3.8117607874015746
11
5.6974706692913388
21
-3.8115914173228345
0
LINE
8
BLACK
6
CONTINUOUS
10
5.6974706692913388
20
-3.8115914173228345
11
5.6973505905511805
21
-3.8114529921259841
0
LINE
8
BLACK
6
CONTINUOUS
10
5.6973505905511805
20
-3.8114529921259841
11
5.6968818897637794
21
-3.8100468897637794
0
LINE
8
BLACK
6
CONTINUOUS
10
5.6968818897637794
20
-3.8100468897637794
11
5.6968910629921261
21
-3.8099175590551182
0
LINE
8
BLACK
6
CONTINUOUS
10
5.6968910629921261
20
-3.8099175590551182
11
5.6968414960629916
21
-3.8097978740157479
0
LINE
8
BLACK
6
CONTINUOUS
10
5.6968414960629916
20
-3.8097978740157479
11
5.6968414960629916
21
-3.8088605118110235
0
LINE
8
BLACK
6
CONTINUOUS
10
5.6968414960629916
20
-3.8088605118110235
11
5.6968910629921261
21
-3.8087407874015748
0
LINE
8
BLACK
6
CONTINUOUS
10
5.6968910629921261
20
-3.8087407874015748
11
5.6968818897637794
21
-3.808611496062992
0
LINE
8
BLACK
6
CONTINUOUS
10
5.6968818897637794
20
-3.808611496062992
11
5.6973505905511805
21
-3.807205433070866
0
LINE
8
BLACK
6
CONTINUOUS
10
5.6973505905511805
20
-3.807205433070866
11
5.6974706692913388
21
-3.8070669291338581
0
LINE
8
BLACK
6
CONTINUOUS
10
5.6974706692913388
20
-3.8070669291338581
11
5.6975408267716539
21
-3.8068976771653542
0
LINE
8
BLACK
6
CONTINUOUS
10
5.6975408267716539
20
-3.8068976771653542
11
5.6984782283464561
21
-3.8059602755905511
0
LINE
8
BLACK
6
CONTINUOUS
10
5.6984782283464561
20
-3.8059602755905511
11
5.6985979133858269
21
-3.8059106692913387
0
LINE
8
BLACK
6
CONTINUOUS
10
5.6985979133858269
20
-3.8059106692913387
11
5.6986828346456688
21
-3.8058127952755902
0
LINE
8
BLACK
6
CONTINUOUS
10
5.6986828346456688
20
-3.8058127952755902
11
5.6996201968503932
21
-3.8053440944881891
0
LINE
8
BLACK
6
CONTINUOUS
10
5.6996201968503932
20
-3.8053440944881891
11
5.6997094488188971
21
-3.805337716535433
0
LINE
8
BLACK
6
CONTINUOUS
10
5.6997094488188971
20
-3.805337716535433
11
5.6997814173228347
21
-3.8052844488188975
0
LINE
8
BLACK
6
CONTINUOUS
10
5.6997814173228347
20
-3.8052844488188975
11
5.7016561417322835
21
-3.8048157874015747
0
LINE
8
BLACK
6
CONTINUOUS
10
5.7016561417322835
20
-3.8048157874015747
11
5.7017548818897641
21
-3.804830472440945
0
LINE
8
BLACK
6
CONTINUOUS
10
5.7017548818897641
20
-3.804830472440945
11
5.7018471259842523
21
-3.8047922834645669
0
LINE
8
BLACK
6
CONTINUOUS
10
5.7018471259842523
20
-3.8047922834645669
11
5.7032531889763778
21
-3.8047922834645669
0
LINE
8
BLACK
6
CONTINUOUS
10
5.7032531889763778
20
-3.8047922834645669
11
5.7033453937007872
21
-3.804830472440945
0
LINE
8
BLACK
6
CONTINUOUS
10
5.7128425196850392
20
-3.7963464566929135
11
5.7142344488188979
21
-3.7969230314960627
0
LINE
8
BLACK
6
CONTINUOUS
10
5.7142344488188979
20
-3.7969230314960627
11
5.7148110236220475
21
-3.7983149606299214
0
LINE
8
BLACK
6
CONTINUOUS
10
5.7148110236220475
20
-3.7983149606299214
11
5.7148110236220475
21
-3.8376850393700788
0
LINE
8
BLACK
6
CONTINUOUS
10
5.7148110236220475
20
-3.8376850393700788
11
5.7146643700787401
21
-3.8380390551181103
0
LINE
8
BLACK
6
CONTINUOUS
10
5.7146643700787401
20
-3.8380390551181103
11
5.7146643700787401
21
-3.8385530314960628
0
LINE
8
BLACK
6
CONTINUOUS
10
5.7146643700787401
20
-3.8385530314960628
11
5.714562007874016
21
-3.8391333858267718
0
LINE
8
BLACK
6
CONTINUOUS
10
5.714562007874016
20
-3.8391333858267718
11
5.7145762204724404
21
-3.8392691732283462
0
LINE
8
BLACK
6
CONTINUOUS
10
5.7145762204724404
20
-3.8392691732283462
11
5.7127014566929128
21
-3.8467682283464568
0
LINE
8
BLACK
6
CONTINUOUS
10
5.7127014566929128
20
-3.8467682283464568
11
5.7124938582677167
21
-3.8472336614173228
0
LINE
8
BLACK
6
CONTINUOUS
10
5.7124938582677167
20
-3.8472336614173228
11
5.7124778740157476
21
-3.847372598425197
0
LINE
8
BLACK
6
CONTINUOUS
10
5.7124778740157476
20
-3.847372598425197
11
5.71060311023622
21
-3.8511221259842521
0
LINE
8
BLACK
6
CONTINUOUS
10
5.71060311023622
20
-3.8511221259842521
11
5.7100772440944878
21
-3.8518311023622047
0
LINE
8
BLACK
6
CONTINUOUS
10
5.7100772440944878
20
-3.8518311023622047
11
5.7100500393700786
21
-3.8518894881889763
0
LINE
8
BLACK
6
CONTINUOUS
10
5.7100500393700786
20
-3.8518894881889763
11
5.7063004724409447
21
-3.8556390944881889
0
LINE
8
BLACK
6
CONTINUOUS
10
5.7063004724409447
20
-3.8556390944881889
11
5.7054604330708658
21
-3.856227283464567
0
LINE
8
BLACK
6
CONTINUOUS
10
5.7054604330708658
20
-3.856227283464567
11
5.7052845669291337
21
-3.8562426377952757
0
LINE
8
BLACK
6
CONTINUOUS
10
5.7052845669291337
20
-3.8562426377952757
11
5.7051462992125979
21
-3.856352401574803
0
LINE
8
BLACK
6
CONTINUOUS
10
5.7051462992125979
20
-3.856352401574803
11
5.6995220078740152
21
-3.8582271653543305
0
LINE
8
BLACK
6
CONTINUOUS
10
5.6995220078740152
20
-3.8582271653543305
11
5.6986488188976381
21
-3.8583566141732284
0
LINE
8
BLACK
6
CONTINUOUS
10
5.6986488188976381
20
-3.8583566141732284
11
5.6985882677165351
21
-3.8583787007874015
0
LINE
8
BLACK
6
CONTINUOUS
10
5.6985882677165351
20
-3.8583787007874015
11
5.69483874015748
21
-3.8583787007874015
0
LINE
8
BLACK
6
CONTINUOUS
10
5.69483874015748
20
-3.8583787007874015
11
5.6939693307086614
21
-3.8582253937007871
0
LINE
8
BLACK
6
CONTINUOUS
10
5.6939693307086614
20
-3.8582253937007871
11
5.6939049606299212
21
-3.8582271653543305
0
LINE
8
BLACK
6
CONTINUOUS
10
5.6939049606299212
20
-3.8582271653543305
11
5.6882807086614173
21
-3.856352401574803
0
LINE
8
BLACK
6
CONTINUOUS
10
5.6882807086614173
20
-3.856352401574803
11
5.6873789370078738
21
-3.8558640944881888
0
LINE
8
BLACK
6
CONTINUOUS
10
5.6873789370078738
20
-3.8558640944881888
11
5.6872864960629919
21
-3.8557136614173229
0
LINE
8
BLACK
6
CONTINUOUS
10
5.6872864960629919
20
-3.8557136614173229
11
5.6871264960629917
21
-3.8556390551181101
0
LINE
8
BLACK
6
CONTINUOUS
10
5.6871264960629917
20
-3.8556390551181101
11
5.6852517322834641
21
-3.8537642519685038
0
LINE
8
BLACK
6
CONTINUOUS
10
5.6852517322834641
20
-3.8537642519685038
11
5.6846635433070869
21
-3.8529242125984253
0
LINE
8
BLACK
6
CONTINUOUS
10
5.6846635433070869
20
-3.8529242125984253
11
5.6844875590551176
21
-3.850912125984252
0
LINE
8
BLACK
6
CONTINUOUS
10
5.6844875590551176
20
-3.850912125984252
11
5.6856460629921255
21
-3.8492575984251967
0
LINE
8
BLACK
6
CONTINUOUS
10
5.6856460629921255
20
-3.8492575984251967
11
5.6875970472440942
21
-3.8487348818897638
0
LINE
8
BLACK
6
CONTINUOUS
10
5.6875970472440942
20
-3.8487348818897638
11
5.6894276377952755
21
-3.8495885039370079
0
LINE
8
BLACK
6
CONTINUOUS
10
5.6894276377952755
20
-3.8495885039370079
11
5.6908094881889761
21
-3.8509703937007873
0
LINE
8
BLACK
6
CONTINUOUS
10
5.6908094881889761
20
-3.8509703937007873
11
5.695317874015748
21
-3.8524731889763779
0
LINE
8
BLACK
6
CONTINUOUS
10
5.695317874015748
20
-3.8524731889763779
11
5.6981091338582672
21
-3.8524731889763779
0
LINE
8
BLACK
6
CONTINUOUS
10
5.6981091338582672
20
-3.8524731889763779
11
5.702617519685039
21
-3.8509703543307086
0
LINE
8
BLACK
6
CONTINUOUS
10
5.702617519685039
20
-3.8509703543307086
11
5.7055353149606294
21
-3.8480525196850395
0
LINE
8
BLACK
6
CONTINUOUS
10
5.7055353149606294
20
-3.8480525196850395
11
5.7070508267716535
21
-3.8450215354330708
0
LINE
8
BLACK
6
CONTINUOUS
10
5.7070508267716535
20
-3.8450215354330708
11
5.7083928346456689
21
-3.8396535433070866
0
LINE
8
BLACK
6
CONTINUOUS
10
5.7083928346456689
20
-3.8396535433070866
11
5.6931574803149605
21
-3.8396535433070866
0
LINE
8
BLACK
6
CONTINUOUS
10
5.6931574803149605
20
-3.8396535433070866
11
5.6917655511811018
21
-3.839076968503937
0
LINE
8
BLACK
6
CONTINUOUS
10
5.6917655511811018
20
-3.839076968503937
11
5.6911889763779531
21
-3.8376850393700788
0
LINE
8
BLACK
6
CONTINUOUS
10
5.6911889763779531
20
-3.8376850393700788
11
5.6911889763779531
21
-3.8203849212598424
0
LINE
8
BLACK
6
CONTINUOUS
10
5.6911889763779531
20
-3.8203849212598424
11
5.6908094881889761
21
-3.8205114173228347
0
LINE
8
BLACK
6
CONTINUOUS
10
5.6908094881889761
20
-3.8205114173228347
11
5.6894275984251967
21
-3.8218933070866141
0
LINE
8
BLACK
6
CONTINUOUS
10
5.6894275984251967
20
-3.8218933070866141
11
5.6885875590551178
21
-3.8224814960629923
0
LINE
8
BLACK
6
CONTINUOUS
10
5.6885875590551178
20
-3.8224814960629923
11
5.6865754724409445
21
-3.8226575590551182
0
LINE
8
BLACK
6
CONTINUOUS
10
5.6865754724409445
20
-3.8226575590551182
11
5.6849209055118113
21
-3.8214990157480315
0
LINE
8
BLACK
6
CONTINUOUS
10
5.6849209055118113
20
-3.8214990157480315
11
5.6843981889763775
21
-3.8195480708661416
0
LINE
8
BLACK
6
CONTINUOUS
10
5.6843981889763775
20
-3.8195480708661416
11
5.6852517716535429
21
-3.8177174803149607
0
LINE
8
BLACK
6
CONTINUOUS
10
5.6852517716535429
20
-3.8177174803149607
11
5.6871265354330705
21
-3.8158427165354332
0
LINE
8
BLACK
6
CONTINUOUS
10
5.6871265354330705
20
-3.8158427165354332
11
5.6879665748031494
21
-3.815254527559055
0
LINE
8
BLACK
6
CONTINUOUS
10
5.6879665748031494
20
-3.815254527559055
11
5.6881424015748028
21
-3.8152391338582676
0
LINE
8
BLACK
6
CONTINUOUS
10
5.6881424015748028
20
-3.8152391338582676
11
5.6882807086614173
21
-3.8151294094488186
0
LINE
8
BLACK
6
CONTINUOUS
10
5.6882807086614173
20
-3.8151294094488186
11
5.6911889763779531
21
-3.814159960629921
0
LINE
8
BLACK
6
CONTINUOUS
10
5.6911889763779531
20
-3.814159960629921
11
5.6911889763779531
21
-3.7983149606299214
0
LINE
8
BLACK
6
CONTINUOUS
10
5.6911889763779531
20
-3.7983149606299214
11
5.6917655511811018
21
-3.7969230314960627
0
LINE
8
BLACK
6
CONTINUOUS
10
5.6917655511811018
20
-3.7969230314960627
11
5.6931574803149605
21
-3.7963464566929135
0
LINE
8
BLACK
6
CONTINUOUS
10
5.6931574803149605
20
-3.7963464566929135
11
5.7128425196850392
21
-3.7963464566929135
0
LINE
8
BLACK
6
CONTINUOUS
10
5.6951259842519688
20
-3.819072559055118
11
5.6951259842519688
21
-3.8357165354330709
0
LINE
8
BLACK
6
CONTINUOUS
10
5.6951259842519688
20
-3.8357165354330709
11
5.708758858267716
21
-3.8357165354330709
0
LINE
8
BLACK
6
CONTINUOUS
10
5.708758858267716
20
-3.8357165354330709
11
5.708758858267716
21
-3.8332922834645666
0
LINE
8
BLACK
6
CONTINUOUS
10
5.708758858267716
20
-3.8332922834645666
11
5.7081228740157481
21
-3.8307484251968504
0
LINE
8
BLACK
6
CONTINUOUS
10
5.7081228740157481
20
-3.8307484251968504
11
5.7080281889763782
21
-3.830977086614173
0
LINE
8
BLACK
6
CONTINUOUS
10
5.7080281889763782
20
-3.830977086614173
11
5.7074714173228349
21
-3.8312077165354328
0
LINE
8
BLACK
6
CONTINUOUS
10
5.7074714173228349
20
-3.8312077165354328
11
5.7069146456692916
21
-3.830977086614173
0
LINE
8
BLACK
6
CONTINUOUS
10
5.7069146456692916
20
-3.830977086614173
11
5.7066840157480314
21
-3.8304203149606297
0
LINE
8
BLACK
6
CONTINUOUS
10
5.7066840157480314
20
-3.8304203149606297
11
5.7066840157480314
21
-3.8283955511811021
0
LINE
8
BLACK
6
CONTINUOUS
10
5.7066840157480314
20
-3.8283955511811021
11
5.6976288976377951
21
-3.8283955511811021
0
LINE
8
BLACK
6
CONTINUOUS
10
5.6976288976377951
20
-3.8283955511811021
11
5.697553937007874
21
-3.8283644881889765
0
LINE
8
BLACK
6
CONTINUOUS
10
5.697553937007874
20
-3.8283644881889765
11
5.6974744488188973
21
-3.8283802362204722
0
LINE
8
BLACK
6
CONTINUOUS
10
5.6974744488188973
20
-3.8283802362204722
11
5.6972839370078736
21
-3.8282526377952757
0
LINE
8
BLACK
6
CONTINUOUS
10
5.6972839370078736
20
-3.8282526377952757
11
5.6970721259842518
21
-3.8281649212598423
0
LINE
8
BLACK
6
CONTINUOUS
10
5.6970721259842518
20
-3.8281649212598423
11
5.6970411023622045
21
-3.82809
0
LINE
8
BLACK
6
CONTINUOUS
10
5.6970411023622045
20
-3.82809
11
5.69697374015748
21
-3.8280449212598424
0
LINE
8
BLACK
6
CONTINUOUS
10
5.69697374015748
20
-3.8280449212598424
11
5.6969292519685037
21
-3.82782
0
LINE
8
BLACK
6
CONTINUOUS
10
5.6969292519685037
20
-3.82782
11
5.6968414960629916
21
-3.827608149606299
0
LINE
8
BLACK
6
CONTINUOUS
10
5.6968414960629916
20
-3.827608149606299
11
5.6968725196850389
21
-3.827533188976378
0
LINE
8
BLACK
6
CONTINUOUS
10
5.6968725196850389
20
-3.827533188976378
11
5.696856811023622
21
-3.8274537007874017
0
LINE
8
BLACK
6
CONTINUOUS
10
5.696856811023622
20
-3.8274537007874017
11
5.6969843700787397
21
-3.827263188976378
0
LINE
8
BLACK
6
CONTINUOUS
10
5.6969843700787397
20
-3.827263188976378
11
5.6970721259842518
21
-3.8270513779527557
0
LINE
8
BLACK
6
CONTINUOUS
10
5.6970721259842518
20
-3.8270513779527557
11
5.6971470078740154
21
-3.8270203543307084
0
LINE
8
BLACK
6
CONTINUOUS
10
5.6971470078740154
20
-3.8270203543307084
11
5.6971921259842517
21
-3.8269529921259839
0
LINE
8
BLACK
6
CONTINUOUS
10
5.6971921259842517
20
-3.8269529921259839
11
5.6985333070866142
21
-3.8260588976377954
0
LINE
8
BLACK
6
CONTINUOUS
10
5.6985333070866142
20
-3.8260588976377954
11
5.6993251968503937
21
-3.8252669685039371
0
LINE
8
BLACK
6
CONTINUOUS
10
5.6993251968503937
20
-3.8252669685039371
11
5.6997367716535434
21
-3.8244438976377952
0
LINE
8
BLACK
6
CONTINUOUS
10
5.6997367716535434
20
-3.8244438976377952
11
5.7001920866141731
21
-3.8240490551181101
0
LINE
8
BLACK
6
CONTINUOUS
10
5.7001920866141731
20
-3.8240490551181101
11
5.7007931889763777
21
-3.8240917716535434
0
LINE
8
BLACK
6
CONTINUOUS
10
5.7007931889763777
20
-3.8240917716535434
11
5.7011880314960628
21
-3.8245470472440943
0
LINE
8
BLACK
6
CONTINUOUS
10
5.7011880314960628
20
-3.8245470472440943
11
5.7011453149606295
21
-3.8251481889763777
0
LINE
8
BLACK
6
CONTINUOUS
10
5.7011453149606295
20
-3.8251481889763777
11
5.7006766141732284
21
-3.8260855511811025
0
LINE
8
BLACK
6
CONTINUOUS
10
5.7006766141732284
20
-3.8260855511811025
11
5.7005787401574803
21
-3.8261703937007874
0
LINE
8
BLACK
6
CONTINUOUS
10
5.7005787401574803
20
-3.8261703937007874
11
5.7005291732283467
21
-3.8262901574803148
0
LINE
8
BLACK
6
CONTINUOUS
10
5.7005291732283467
20
-3.8262901574803148
11
5.6999985826771651
21
-3.826820748031496
0
LINE
8
BLACK
6
CONTINUOUS
10
5.6999985826771651
20
-3.826820748031496
11
5.7066840157480314
21
-3.826820748031496
0
LINE
8
BLACK
6
CONTINUOUS
10
5.7066840157480314
20
-3.826820748031496
11
5.7066840157480314
21
-3.8257265748031495
0
LINE
8
BLACK
6
CONTINUOUS
10
5.7066840157480314
20
-3.8257265748031495
11
5.7055353543307081
21
-3.8234292519685038
0
LINE
8
BLACK
6
CONTINUOUS
10
5.7055353543307081
20
-3.8234292519685038
11
5.702617519685039
21
-3.8205114173228347
0
LINE
8
BLACK
6
CONTINUOUS
10
5.702617519685039
20
-3.8205114173228347
11
5.6981484645669287
21
-3.8190217322834643
0
LINE
8
BLACK
6
CONTINUOUS
10
5.6981484645669287
20
-3.8190217322834643
11
5.6976288976377951
21
-3.8190217322834643
0
LINE
8
BLACK
6
CONTINUOUS
10
5.6976288976377951
20
-3.8190217322834643
11
5.6975972440944878
21
-3.8190086220472441
0
LINE
8
BLACK
6
CONTINUOUS
10
5.6975972440944878
20
-3.8190086220472441
11
5.695317874015748
21
-3.8190086220472441
0
LINE
8
BLACK
6
CONTINUOUS
10
5.695317874015748
20
-3.8190086220472441
11
5.6951259842519688
21
-3.819072559055118
0
LINE
8
BLACK
6
CONTINUOUS
10
5.6951259842519688
20
-3.8002834645669292
11
5.6951259842519688
21
-3.8131031102362205
0
LINE
8
BLACK
6
CONTINUOUS
10
5.6951259842519688
20
-3.8131031102362205
11
5.6985882677165351
21
-3.8131031102362205
0
LINE
8
BLACK
6
CONTINUOUS
10
5.6985882677165351
20
-3.8131031102362205
11
5.699457637795275
21
-3.8132563779527557
0
LINE
8
BLACK
6
CONTINUOUS
10
5.699457637795275
20
-3.8132563779527557
11
5.6995220078740152
21
-3.8132546456692911
0
LINE
8
BLACK
6
CONTINUOUS
10
5.6995220078740152
20
-3.8132546456692911
11
5.7051462992125979
21
-3.8151294094488186
0
LINE
8
BLACK
6
CONTINUOUS
10
5.7051462992125979
20
-3.8151294094488186
11
5.7060480708661414
21
-3.815617677165354
0
LINE
8
BLACK
6
CONTINUOUS
10
5.7060480708661414
20
-3.815617677165354
11
5.7061404724409446
21
-3.8157681102362204
0
LINE
8
BLACK
6
CONTINUOUS
10
5.7061404724409446
20
-3.8157681102362204
11
5.7063004724409447
21
-3.8158427165354332
0
LINE
8
BLACK
6
CONTINUOUS
10
5.7063004724409447
20
-3.8158427165354332
11
5.7066840157480314
21
-3.8162262598425194
0
LINE
8
BLACK
6
CONTINUOUS
10
5.7066840157480314
20
-3.8162262598425194
11
5.7066840157480314
21
-3.8154222047244093
0
LINE
8
BLACK
6
CONTINUOUS
10
5.7066840157480314
20
-3.8154222047244093
11
5.7069146456692916
21
-3.814865433070866
0
LINE
8
BLACK
6
CONTINUOUS
10
5.7069146456692916
20
-3.814865433070866
11
5.7074714173228349
21
-3.8146348031496062
0
LINE
8
BLACK
6
CONTINUOUS
10
5.7074714173228349
20
-3.8146348031496062
11
5.7080281889763782
21
-3.814865433070866
0
LINE
8
BLACK
6
CONTINUOUS
10
5.7080281889763782
20
-3.814865433070866
11
5.7082588188976375
21
-3.8154222047244093
0
LINE
8
BLACK
6
CONTINUOUS
10
5.7082588188976375
20
-3.8154222047244093
11
5.7082588188976375
21
-3.817801062992126
0
LINE
8
BLACK
6
CONTINUOUS
10
5.7082588188976375
20
-3.817801062992126
11
5.7100499999999998
21
-3.8195922440944883
0
LINE
8
BLACK
6
CONTINUOUS
10
5.7100499999999998
20
-3.8195922440944883
11
5.7105563779527557
21
-3.8203153937007874
0
LINE
8
BLACK
6
CONTINUOUS
10
5.7105563779527557
20
-3.8203153937007874
11
5.71060311023622
21
-3.8203596456692912
0
LINE
8
BLACK
6
CONTINUOUS
10
5.71060311023622
20
-3.8203596456692912
11
5.7108740157480318
21
-3.8209014566929134
0
LINE
8
BLACK
6
CONTINUOUS
10
5.7108740157480318
20
-3.8209014566929134
11
5.7108740157480318
21
-3.8002834645669292
0
LINE
8
BLACK
6
CONTINUOUS
10
5.7108740157480318
20
-3.8002834645669292
11
5.6951259842519688
21
-3.8002834645669292
0
LINE
8
BLACK
6
CONTINUOUS
10
5.5081120472440945
20
-3.8388605511811025
11
5.5083426771653539
21
-3.8394173228346458
0
LINE
8
BLACK
6
CONTINUOUS
10
5.5083426771653539
20
-3.8394173228346458
11
5.5083426771653539
21
-3.8496535433070864
0
LINE
8
BLACK
6
CONTINUOUS
10
5.5083426771653539
20
-3.8496535433070864
11
5.5081120472440945
21
-3.8502103149606297
0
LINE
8
BLACK
6
CONTINUOUS
10
5.5081120472440945
20
-3.8502103149606297
11
5.5075552755905512
21
-3.8504409448818895
0
LINE
8
BLACK
6
CONTINUOUS
10
5.5075552755905512
20
-3.8504409448818895
11
5.506998503937008
21
-3.8502103149606297
0
LINE
8
BLACK
6
CONTINUOUS
10
5.506998503937008
20
-3.8502103149606297
11
5.5067678740157477
21
-3.8496535433070864
0
LINE
8
BLACK
6
CONTINUOUS
10
5.5067678740157477
20
-3.8496535433070864
11
5.5067678740157477
21
-3.8455665748031493
0
LINE
8
BLACK
6
CONTINUOUS
10
5.5067678740157477
20
-3.8455665748031493
11
5.5055280314960626
21
-3.8455665748031493
0
LINE
8
BLACK
6
CONTINUOUS
10
5.5055280314960626
20
-3.8455665748031493
11
5.5023510629921262
21
-3.8501050787401572
0
LINE
8
BLACK
6
CONTINUOUS
10
5.5023510629921262
20
-3.8501050787401572
11
5.5018428346456689
21
-3.8504289370078739
0
LINE
8
BLACK
6
CONTINUOUS
10
5.5018428346456689
20
-3.8504289370078739
11
5.5012544488188979
21
-3.8502986220472439
0
LINE
8
BLACK
6
CONTINUOUS
10
5.5012544488188979
20
-3.8502986220472439
11
5.5009305905511807
21
-3.8497903937007871
0
LINE
8
BLACK
6
CONTINUOUS
10
5.5009305905511807
20
-3.8497903937007871
11
5.5010609055118111
21
-3.8492020078740157
0
LINE
8
BLACK
6
CONTINUOUS
10
5.5010609055118111
20
-3.8492020078740157
11
5.5036169685039367
21
-3.8455505118110236
0
LINE
8
BLACK
6
CONTINUOUS
10
5.5036169685039367
20
-3.8455505118110236
11
5.5034864566929134
21
-3.8454964566929135
0
LINE
8
BLACK
6
CONTINUOUS
10
5.5034864566929134
20
-3.8454964566929135
11
5.5033036220472438
21
-3.8454834645669291
0
LINE
8
BLACK
6
CONTINUOUS
10
5.5033036220472438
20
-3.8454834645669291
11
5.5023287401574805
21
-3.8449960236220471
0
LINE
8
BLACK
6
CONTINUOUS
10
5.5023287401574805
20
-3.8449960236220471
11
5.5022438188976377
21
-3.8448980708661415
0
LINE
8
BLACK
6
CONTINUOUS
10
5.5022438188976377
20
-3.8448980708661415
11
5.5021240944881891
21
-3.8448485039370079
0
LINE
8
BLACK
6
CONTINUOUS
10
5.5021240944881891
20
-3.8448485039370079
11
5.501636653543307
21
-3.8443610629921259
0
LINE
8
BLACK
6
CONTINUOUS
10
5.501636653543307
20
-3.8443610629921259
11
5.5015870472440946
21
-3.8442412992125985
0
LINE
8
BLACK
6
CONTINUOUS
10
5.5015870472440946
20
-3.8442412992125985
11
5.5014891732283466
21
-3.8441564173228344
0
LINE
8
BLACK
6
CONTINUOUS
10
5.5014891732283466
20
-3.8441564173228344
11
5.5010016929133858
21
-3.8431815354330707
0
LINE
8
BLACK
6
CONTINUOUS
10
5.5010016929133858
20
-3.8431815354330707
11
5.5009887007874019
21
-3.8429987007874016
0
LINE
8
BLACK
6
CONTINUOUS
10
5.5009887007874019
20
-3.8429987007874016
11
5.5009185826771656
21
-3.8428294094488189
0
LINE
8
BLACK
6
CONTINUOUS
10
5.5009185826771656
20
-3.8428294094488189
11
5.5009185826771656
21
-3.8413670866141731
0
LINE
8
BLACK
6
CONTINUOUS
10
5.5009185826771656
20
-3.8413670866141731
11
5.5009887007874019
21
-3.8411977559055117
0
LINE
8
BLACK
6
CONTINUOUS
10
5.5009887007874019
20
-3.8411977559055117
11
5.5010016929133858
21
-3.8410149606299213
0
LINE
8
BLACK
6
CONTINUOUS
10
5.5010016929133858
20
-3.8410149606299213
11
5.5014891732283466
21
-3.8400400787401572
0
LINE
8
BLACK
6
CONTINUOUS
10
5.5014891732283466
20
-3.8400400787401572
11
5.5015870472440946
21
-3.8399551574803148
0
LINE
8
BLACK
6
CONTINUOUS
10
5.5015870472440946
20
-3.8399551574803148
11
5.501636653543307
21
-3.8398354330708662
0
LINE
8
BLACK
6
CONTINUOUS
10
5.501636653543307
20
-3.8398354330708662
11
5.5021240944881891
21
-3.8393479921259841
0
LINE
8
BLACK
6
CONTINUOUS
10
5.5021240944881891
20
-3.8393479921259841
11
5.5022438188976377
21
-3.8392983858267717
0
LINE
8
BLACK
6
CONTINUOUS
10
5.5022438188976377
20
-3.8392983858267717
11
5.5023287401574805
21
-3.839200472440945
0
LINE
8
BLACK
6
CONTINUOUS
10
5.5023287401574805
20
-3.839200472440945
11
5.5033036220472438
21
-3.8387130314960629
0
LINE
8
BLACK
6
CONTINUOUS
10
5.5033036220472438
20
-3.8387130314960629
11
5.5034864566929134
21
-3.8386999999999998
0
LINE
8
BLACK
6
CONTINUOUS
10
5.5034864566929134
20
-3.8386999999999998
11
5.5036557480314956
21
-3.8386299212598423
0
LINE
8
BLACK
6
CONTINUOUS
10
5.5036557480314956
20
-3.8386299212598423
11
5.5075552755905512
21
-3.8386299212598423
0
LINE
8
BLACK
6
CONTINUOUS
10
5.5075552755905512
20
-3.8386299212598423
11
5.5081120472440945
21
-3.8388605511811025
0
LINE
8
BLACK
6
CONTINUOUS
10
5.503147244094488
20
-3.8405518897637796
11
5.5028405905511812
21
-3.8408585826771651
0
LINE
8
BLACK
6
CONTINUOUS
10
5.5028405905511812
20
-3.8408585826771651
11
5.5024933858267717
21
-3.8415529921259841
0
LINE
8
BLACK
6
CONTINUOUS
10
5.5024933858267717
20
-3.8415529921259841
11
5.5024933858267717
21
-3.8426435039370079
0
LINE
8
BLACK
6
CONTINUOUS
10
5.5024933858267717
20
-3.8426435039370079
11
5.5028405905511812
21
-3.8433379133858265
0
LINE
8
BLACK
6
CONTINUOUS
10
5.5028405905511812
20
-3.8433379133858265
11
5.503147244094488
21
-3.8436445669291337
0
LINE
8
BLACK
6
CONTINUOUS
10
5.503147244094488
20
-3.8436445669291337
11
5.5038415748031495
21
-3.8439917716535432
0
LINE
8
BLACK
6
CONTINUOUS
10
5.5038415748031495
20
-3.8439917716535432
11
5.5067678740157477
21
-3.8439917716535432
0
LINE
8
BLACK
6
CONTINUOUS
10
5.5067678740157477
20
-3.8439917716535432
11
5.5067678740157477
21
-3.8402047244094488
0
LINE
8
BLACK
6
CONTINUOUS
10
5.5067678740157477
20
-3.8402047244094488
11
5.5038415748031495
21
-3.8402047244094488
0
LINE
8
BLACK
6
CONTINUOUS
10
5.5038415748031495
20
-3.8402047244094488
11
5.503147244094488
21
-3.8405518897637796
0
LINE
8
BLACK
6
CONTINUOUS
10
5.5289944881889763
20
-3.8132811811023619
11
5.5305417322834645
21
-3.8145794881889761
0
LINE
8
BLACK
6
CONTINUOUS
10
5.5305417322834645
20
-3.8145794881889761
11
5.5308924803149608
21
-3.8165686220472441
0
LINE
8
BLACK
6
CONTINUOUS
10
5.5308924803149608
20
-3.8165686220472441
11
5.5298825590551184
21
-3.8183177952755907
0
LINE
8
BLACK
6
CONTINUOUS
10
5.5298825590551184
20
-3.8183177952755907
11
5.5279845669291339
21
-3.8190086220472441
0
LINE
8
BLACK
6
CONTINUOUS
10
5.5279845669291339
20
-3.8190086220472441
11
5.5062158661417318
21
-3.8190086220472441
0
LINE
8
BLACK
6
CONTINUOUS
10
5.5062158661417318
20
-3.8190086220472441
11
5.511955708661417
21
-3.8324015748031495
0
LINE
8
BLACK
6
CONTINUOUS
10
5.511955708661417
20
-3.8324015748031495
11
5.5206692913385824
21
-3.8324015748031495
0
LINE
8
BLACK
6
CONTINUOUS
10
5.5206692913385824
20
-3.8324015748031495
11
5.5220612204724411
21
-3.8329781496062991
0
LINE
8
BLACK
6
CONTINUOUS
10
5.5220612204724411
20
-3.8329781496062991
11
5.5226377952755907
21
-3.8343700787401573
0
LINE
8
BLACK
6
CONTINUOUS
10
5.5226377952755907
20
-3.8343700787401573
11
5.5226377952755907
21
-3.8556299212598426
0
LINE
8
BLACK
6
CONTINUOUS
10
5.5226377952755907
20
-3.8556299212598426
11
5.5220612204724411
21
-3.8570218503937008
0
LINE
8
BLACK
6
CONTINUOUS
10
5.5220612204724411
20
-3.8570218503937008
11
5.5206692913385824
21
-3.8575984251968505
0
LINE
8
BLACK
6
CONTINUOUS
10
5.5206692913385824
20
-3.8575984251968505
11
5.5203581889763775
21
-3.8575984251968505
0
LINE
8
BLACK
6
CONTINUOUS
10
5.5203581889763775
20
-3.8575984251968505
11
5.5192849212598425
21
-3.8583007086614174
0
LINE
8
BLACK
6
CONTINUOUS
10
5.5192849212598425
20
-3.8583007086614174
11
5.5172793700787404
21
-3.8580614960629922
0
LINE
8
BLACK
6
CONTINUOUS
10
5.5172793700787404
20
-3.8580614960629922
11
5.516844527559055
21
-3.8575984251968505
0
LINE
8
BLACK
6
CONTINUOUS
10
5.516844527559055
20
-3.8575984251968505
11
5.4941791338582675
21
-3.8575984251968505
0
LINE
8
BLACK
6
CONTINUOUS
10
5.4941791338582675
20
-3.8575984251968505
11
5.4927971259842518
21
-3.8583467716535433
0
LINE
8
BLACK
6
CONTINUOUS
10
5.4927971259842518
20
-3.8583467716535433
11
5.4908183464566926
21
-3.8579418110236219
0
LINE
8
BLACK
6
CONTINUOUS
10
5.4908183464566926
20
-3.8579418110236219
11
5.4905458267716538
21
-3.8575984251968505
0
LINE
8
BLACK
6
CONTINUOUS
10
5.4905458267716538
20
-3.8575984251968505
11
5.4793307086614176
21
-3.8575984251968505
0
LINE
8
BLACK
6
CONTINUOUS
10
5.4793307086614176
20
-3.8575984251968505
11
5.4779387795275589
21
-3.8570218503937008
0
LINE
8
BLACK
6
CONTINUOUS
10
5.4779387795275589
20
-3.8570218503937008
11
5.4773622047244093
21
-3.8556299212598426
0
LINE
8
BLACK
6
CONTINUOUS
10
5.4773622047244093
20
-3.8556299212598426
11
5.4773622047244093
21
-3.8471300787401574
0
LINE
8
BLACK
6
CONTINUOUS
10
5.4773622047244093
20
-3.8471300787401574
11
5.4719950787401572
21
-3.8471300787401574
0
LINE
8
BLACK
6
CONTINUOUS
10
5.4719950787401572
20
-3.8471300787401574
11
5.4689185433070868
21
-3.85635968503937
0
LINE
8
BLACK
6
CONTINUOUS
10
5.4689185433070868
20
-3.85635968503937
11
5.4684302362204722
21
-3.8572614566929131
0
LINE
8
BLACK
6
CONTINUOUS
10
5.4684302362204722
20
-3.8572614566929131
11
5.4667092913385824
21
-3.8583187401574803
0
LINE
8
BLACK
6
CONTINUOUS
10
5.4667092913385824
20
-3.8583187401574803
11
5.4647112992125981
21
-3.8580224803149608
0
LINE
8
BLACK
6
CONTINUOUS
10
5.4647112992125981
20
-3.8580224803149608
11
5.4633712598425195
21
-3.8565112598425197
0
LINE
8
BLACK
6
CONTINUOUS
10
5.4633712598425195
20
-3.8565112598425197
11
5.4633161023622048
21
-3.8544922047244095
0
LINE
8
BLACK
6
CONTINUOUS
10
5.4633161023622048
20
-3.8544922047244095
11
5.4764394488188977
21
-3.815122125984252
0
LINE
8
BLACK
6
CONTINUOUS
10
5.4764394488188977
20
-3.815122125984252
11
5.4769277165354326
21
-3.8142203543307085
0
LINE
8
BLACK
6
CONTINUOUS
10
5.4769277165354326
20
-3.8142203543307085
11
5.4770001574803144
21
-3.8141758267716535
0
LINE
8
BLACK
6
CONTINUOUS
10
5.4770001574803144
20
-3.8141758267716535
11
5.4770314173228343
21
-3.8140968110236217
0
LINE
8
BLACK
6
CONTINUOUS
10
5.4770314173228343
20
-3.8140968110236217
11
5.4778527165354332
21
-3.8136520472440942
0
LINE
8
BLACK
6
CONTINUOUS
10
5.4778527165354332
20
-3.8136520472440942
11
5.4786487007874012
21
-3.8131630708661417
0
LINE
8
BLACK
6
CONTINUOUS
10
5.4786487007874012
20
-3.8131630708661417
11
5.4787327559055115
21
-3.8131755118110235
0
LINE
8
BLACK
6
CONTINUOUS
10
5.4787327559055115
20
-3.8131755118110235
11
5.4788075590551184
21
-3.8131350393700787
0
LINE
8
BLACK
6
CONTINUOUS
10
5.4788075590551184
20
-3.8131350393700787
11
5.4797226771653538
21
-3.8133223228346456
0
LINE
8
BLACK
6
CONTINUOUS
10
5.4797226771653538
20
-3.8133223228346456
11
5.4806466535433067
21
-3.8134593307086613
0
LINE
8
BLACK
6
CONTINUOUS
10
5.4806466535433067
20
-3.8134593307086613
11
5.4807030708661415
21
-3.8135229527559056
0
LINE
8
BLACK
6
CONTINUOUS
10
5.4807030708661415
20
-3.8135229527559056
11
5.4807863385826767
21
-3.8135399999999997
0
LINE
8
BLACK
6
CONTINUOUS
10
5.4807863385826767
20
-3.8135399999999997
11
5.481366968503937
21
-3.8142716535433072
0
LINE
8
BLACK
6
CONTINUOUS
10
5.481366968503937
20
-3.8142716535433072
11
5.4819867322834641
21
-3.814970590551181
0
LINE
8
BLACK
6
CONTINUOUS
10
5.4819867322834641
20
-3.814970590551181
11
5.4819890157480318
21
-3.8150555118110234
0
LINE
8
BLACK
6
CONTINUOUS
10
5.4819890157480318
20
-3.8150555118110234
11
5.4820418897637797
21
-3.815122125984252
0
LINE
8
BLACK
6
CONTINUOUS
10
5.4820418897637797
20
-3.815122125984252
11
5.4878016929133855
21
-3.8324015748031495
0
LINE
8
BLACK
6
CONTINUOUS
10
5.4878016929133855
20
-3.8324015748031495
11
5.5055306692913382
21
-3.8324015748031495
0
LINE
8
BLACK
6
CONTINUOUS
10
5.5055306692913382
20
-3.8324015748031495
11
5.4990238582677167
21
-3.8172190157480315
0
LINE
8
BLACK
6
CONTINUOUS
10
5.4990238582677167
20
-3.8172190157480315
11
5.4987897244094484
21
-3.8162205905511812
0
LINE
8
BLACK
6
CONTINUOUS
10
5.4987897244094484
20
-3.8162205905511812
11
5.4988905118110232
21
-3.8158866535433069
0
LINE
8
BLACK
6
CONTINUOUS
10
5.4988905118110232
20
-3.8158866535433069
11
5.4988299606299211
21
-3.8155431102362205
0
LINE
8
BLACK
6
CONTINUOUS
10
5.4988299606299211
20
-3.8155431102362205
11
5.4991744094488189
21
-3.814946496062992
0
LINE
8
BLACK
6
CONTINUOUS
10
5.4991744094488189
20
-3.814946496062992
11
5.4993735433070867
21
-3.8142870472440946
0
LINE
8
BLACK
6
CONTINUOUS
10
5.4993735433070867
20
-3.8142870472440946
11
5.4996654330708656
21
-3.8140960236220471
0
LINE
8
BLACK
6
CONTINUOUS
10
5.4996654330708656
20
-3.8140960236220471
11
5.4998398818897636
21
-3.8137939370078739
0
LINE
8
BLACK
6
CONTINUOUS
10
5.4998398818897636
20
-3.8137939370078739
11
5.5004872047244096
21
-3.8135583070866139
0
LINE
8
BLACK
6
CONTINUOUS
10
5.5004872047244096
20
-3.8135583070866139
11
5.5010637007874017
21
-3.8131811023622046
0
LINE
8
BLACK
6
CONTINUOUS
10
5.5010637007874017
20
-3.8131811023622046
11
5.5014100787401574
21
-3.8132224015748029
0
LINE
8
BLACK
6
CONTINUOUS
10
5.5014100787401574
20
-3.8132224015748029
11
5.5017378740157481
21
-3.8131031102362205
0
LINE
8
BLACK
6
CONTINUOUS
10
5.5017378740157481
20
-3.8131031102362205
11
5.5279845669291339
21
-3.8131031102362205
0
LINE
8
BLACK
6
CONTINUOUS
10
5.5279845669291339
20
-3.8131031102362205
11
5.5289944881889763
21
-3.8132811811023619
0
LINE
8
BLACK
6
CONTINUOUS
10
5.481299212598425
20
-3.8536614173228347
11
5.4886633858267713
21
-3.8536614173228347
0
LINE
8
BLACK
6
CONTINUOUS
10
5.4886633858267713
20
-3.8536614173228347
11
5.4864862598425193
21
-3.8471300787401574
0
LINE
8
BLACK
6
CONTINUOUS
10
5.4864862598425193
20
-3.8471300787401574
11
5.481299212598425
21
-3.8471300787401574
0
LINE
8
BLACK
6
CONTINUOUS
10
5.481299212598425
20
-3.8471300787401574
11
5.481299212598425
21
-3.8536614173228347
0
LINE
8
BLACK
6
CONTINUOUS
10
5.4891140157480312
20
-3.8363385826771652
11
5.4916847637795279
21
-3.8440507874015748
0
LINE
8
BLACK
6
CONTINUOUS
10
5.4916847637795279
20
-3.8440507874015748
11
5.4917403937007876
21
-3.8439396062992124
0
LINE
8
BLACK
6
CONTINUOUS
10
5.4917403937007876
20
-3.8439396062992124
11
5.4918382677165356
21
-3.84385468503937
0
LINE
8
BLACK
6
CONTINUOUS
10
5.4918382677165356
20
-3.84385468503937
11
5.491887874015748
21
-3.8437349606299214
0
LINE
8
BLACK
6
CONTINUOUS
10
5.491887874015748
20
-3.8437349606299214
11
5.49237531496063
21
-3.8432475196850393
0
LINE
8
BLACK
6
CONTINUOUS
10
5.49237531496063
20
-3.8432475196850393
11
5.4924950393700787
21
-3.8431979133858265
0
LINE
8
BLACK
6
CONTINUOUS
10
5.4924950393700787
20
-3.8431979133858265
11
5.4925799606299215
21
-3.8430999999999997
0
LINE
8
BLACK
6
CONTINUOUS
10
5.4925799606299215
20
-3.8430999999999997
11
5.4935548425196847
21
-3.8426125590551181
0
LINE
8
BLACK
6
CONTINUOUS
10
5.4935548425196847
20
-3.8426125590551181
11
5.4936978740157478
21
-3.8426023622047243
0
LINE
8
BLACK
6
CONTINUOUS
10
5.4936978740157478
20
-3.8426023622047243
11
5.4913646062992125
21
-3.8399358267716535
0
LINE
8
BLACK
6
CONTINUOUS
10
5.4913646062992125
20
-3.8399358267716535
11
5.4912757086614175
21
-3.839673031496063
0
LINE
8
BLACK
6
CONTINUOUS
10
5.4912757086614175
20
-3.839673031496063
11
5.4911698031496066
21
-3.8394173228346458
0
LINE
8
BLACK
6
CONTINUOUS
10
5.4911698031496066
20
-3.8394173228346458
11
5.491180472440945
21
-3.8393914566929133
0
LINE
8
BLACK
6
CONTINUOUS
10
5.491180472440945
20
-3.8393914566929133
11
5.4911715354330708
21
-3.8393649606299212
0
LINE
8
BLACK
6
CONTINUOUS
10
5.4911715354330708
20
-3.8393649606299212
11
5.4912944094488187
21
-3.8391164173228347
0
LINE
8
BLACK
6
CONTINUOUS
10
5.4912944094488187
20
-3.8391164173228347
11
5.4914004330708659
21
-3.8388605511811025
0
LINE
8
BLACK
6
CONTINUOUS
10
5.4914004330708659
20
-3.8388605511811025
11
5.4914262598425196
21
-3.8388498425196849
0
LINE
8
BLACK
6
CONTINUOUS
10
5.4914262598425196
20
-3.8388498425196849
11
5.491438700787401
21
-3.8388247244094487
0
LINE
8
BLACK
6
CONTINUOUS
10
5.491438700787401
20
-3.8388247244094487
11
5.4917014566929137
21
-3.8387358267716536
0
LINE
8
BLACK
6
CONTINUOUS
10
5.4917014566929137
20
-3.8387358267716536
11
5.4919572047244092
21
-3.8386299212598423
0
LINE
8
BLACK
6
CONTINUOUS
10
5.4919572047244092
20
-3.8386299212598423
11
5.4982939370078743
21
-3.8386299212598423
0
LINE
8
BLACK
6
CONTINUOUS
10
5.4982939370078743
20
-3.8386299212598423
11
5.4988507086614176
21
-3.8388605511811025
0
LINE
8
BLACK
6
CONTINUOUS
10
5.4988507086614176
20
-3.8388605511811025
11
5.4990813385826769
21
-3.8394173228346458
0
LINE
8
BLACK
6
CONTINUOUS
10
5.4990813385826769
20
-3.8394173228346458
11
5.4988507086614176
21
-3.839974094488189
0
LINE
8
BLACK
6
CONTINUOUS
10
5.4988507086614176
20
-3.839974094488189
11
5.4982939370078743
21
-3.8402047244094488
0
LINE
8
BLACK
6
CONTINUOUS
10
5.4982939370078743
20
-3.8402047244094488
11
5.4936924803149605
21
-3.8402047244094488
0
LINE
8
BLACK
6
CONTINUOUS
10
5.4936924803149605
20
-3.8402047244094488
11
5.4959618897637794
21
-3.8427983464566928
0
LINE
8
BLACK
6
CONTINUOUS
10
5.4959618897637794
20
-3.8427983464566928
11
5.4960507480314957
21
-3.8430611023622046
0
LINE
8
BLACK
6
CONTINUOUS
10
5.4960507480314957
20
-3.8430611023622046
11
5.4961566929133854
21
-3.8433168503937005
0
LINE
8
BLACK
6
CONTINUOUS
10
5.4961566929133854
20
-3.8433168503937005
11
5.4961459842519682
21
-3.8433426771653543
0
LINE
8
BLACK
6
CONTINUOUS
10
5.4961459842519682
20
-3.8433426771653543
11
5.4961549606299211
21
-3.8433692125984251
0
LINE
8
BLACK
6
CONTINUOUS
10
5.4961549606299211
20
-3.8433692125984251
11
5.4960320472440944
21
-3.8436177165354328
0
LINE
8
BLACK
6
CONTINUOUS
10
5.4960320472440944
20
-3.8436177165354328
11
5.495926062992126
21
-3.8438736220472438
0
LINE
8
BLACK
6
CONTINUOUS
10
5.495926062992126
20
-3.8438736220472438
11
5.4959001968503935
21
-3.8438842913385827
0
LINE
8
BLACK
6
CONTINUOUS
10
5.4959001968503935
20
-3.8438842913385827
11
5.49588779527559
21
-3.8439094488188976
0
LINE
8
BLACK
6
CONTINUOUS
10
5.49588779527559
20
-3.8439094488188976
11
5.4956249999999995
21
-3.8439983070866139
0
LINE
8
BLACK
6
CONTINUOUS
10
5.4956249999999995
20
-3.8439983070866139
11
5.4953692913385828
21
-3.844104251968504
0
LINE
8
BLACK
6
CONTINUOUS
10
5.4953692913385828
20
-3.844104251968504
11
5.4940927952755905
21
-3.844104251968504
0
LINE
8
BLACK
6
CONTINUOUS
10
5.4940927952755905
20
-3.844104251968504
11
5.4933984645669289
21
-3.8444514173228344
0
LINE
8
BLACK
6
CONTINUOUS
10
5.4933984645669289
20
-3.8444514173228344
11
5.4930918110236222
21
-3.8447581102362203
0
LINE
8
BLACK
6
CONTINUOUS
10
5.4930918110236222
20
-3.8447581102362203
11
5.4927446062992127
21
-3.8454525196850393
0
LINE
8
BLACK
6
CONTINUOUS
10
5.4927446062992127
20
-3.8454525196850393
11
5.4927446062992127
21
-3.847230275590551
0
LINE
8
BLACK
6
CONTINUOUS
10
5.4927446062992127
20
-3.847230275590551
11
5.4930322047244093
21
-3.8480931102362206
0
LINE
8
BLACK
6
CONTINUOUS
10
5.4930322047244093
20
-3.8480931102362206
11
5.4930918110236222
21
-3.8482123228346454
0
LINE
8
BLACK
6
CONTINUOUS
10
5.4930918110236222
20
-3.8482123228346454
11
5.4933984251968502
21
-3.8485189370078738
0
LINE
8
BLACK
6
CONTINUOUS
10
5.4933984251968502
20
-3.8485189370078738
11
5.4940928346456692
21
-3.8488661417322834
0
LINE
8
BLACK
6
CONTINUOUS
10
5.4940928346456692
20
-3.8488661417322834
11
5.4966457086614176
21
-3.8488661417322834
0
LINE
8
BLACK
6
CONTINUOUS
10
5.4966457086614176
20
-3.8488661417322834
11
5.4973401181102357
21
-3.8485189370078738
0
LINE
8
BLACK
6
CONTINUOUS
10
5.4973401181102357
20
-3.8485189370078738
11
5.497737165354331
21
-3.8481219291338582
0
LINE
8
BLACK
6
CONTINUOUS
10
5.497737165354331
20
-3.8481219291338582
11
5.4982939370078743
21
-3.8478912992125984
0
LINE
8
BLACK
6
CONTINUOUS
10
5.4982939370078743
20
-3.8478912992125984
11
5.4988507086614176
21
-3.8481219291338582
0
LINE
8
BLACK
6
CONTINUOUS
10
5.4988507086614176
20
-3.8481219291338582
11
5.4990813385826769
21
-3.8486787007874015
0
LINE
8
BLACK
6
CONTINUOUS
10
5.4990813385826769
20
-3.8486787007874015
11
5.4988507086614176
21
-3.8492354724409448
0
LINE
8
BLACK
6
CONTINUOUS
10
5.4988507086614176
20
-3.8492354724409448
11
5.4983632677165355
21
-3.8497229133858268
0
LINE
8
BLACK
6
CONTINUOUS
10
5.4983632677165355
20
-3.8497229133858268
11
5.4982435039370081
21
-3.8497725196850392
0
LINE
8
BLACK
6
CONTINUOUS
10
5.4982435039370081
20
-3.8497725196850392
11
5.4981585826771653
21
-3.849870433070866
0
LINE
8
BLACK
6
CONTINUOUS
10
5.4981585826771653
20
-3.849870433070866
11
5.4971837401574799
21
-3.8503578346456693
0
LINE
8
BLACK
6
CONTINUOUS
10
5.4971837401574799
20
-3.8503578346456693
11
5.4970009055118112
21
-3.8503707874015749
0
LINE
8
BLACK
6
CONTINUOUS
10
5.4970009055118112
20
-3.8503707874015749
11
5.4968316141732281
21
-3.8504409448818895
0
LINE
8
BLACK
6
CONTINUOUS
10
5.4968316141732281
20
-3.8504409448818895
11
5.4939069685039366
21
-3.8504409448818895
0
LINE
8
BLACK
6
CONTINUOUS
10
5.4939069685039366
20
-3.8504409448818895
11
5.493800039370079
21
-3.8503966141732282
0
LINE
8
BLACK
6
CONTINUOUS
10
5.493800039370079
20
-3.8503966141732282
11
5.4948883070866144
21
-3.8536614173228347
0
LINE
8
BLACK
6
CONTINUOUS
10
5.4948883070866144
20
-3.8536614173228347
11
5.5146420078740155
21
-3.8536614173228347
0
LINE
8
BLACK
6
CONTINUOUS
10
5.5146420078740155
20
-3.8536614173228347
11
5.5072179527559051
21
-3.8363385826771652
0
LINE
8
BLACK
6
CONTINUOUS
10
5.5072179527559051
20
-3.8363385826771652
11
5.4891140157480312
21
-3.8363385826771652
0
LINE
8
BLACK
6
CONTINUOUS
10
5.513642992125984
20
-3.8363385826771652
11
5.518700787401575
21
-3.8481401574803149
0
LINE
8
BLACK
6
CONTINUOUS
10
5.518700787401575
20
-3.8481401574803149
11
5.518700787401575
21
-3.8363385826771652
0
LINE
8
BLACK
6
CONTINUOUS
10
5.518700787401575
20
-3.8363385826771652
11
5.513642992125984
21
-3.8363385826771652
0
LINE
8
BLACK
6
CONTINUOUS
10
5.481299212598425
20
-3.8363385826771652
11
5.481299212598425
21
-3.8412245669291338
0
LINE
8
BLACK
6
CONTINUOUS
10
5.481299212598425
20
-3.8412245669291338
11
5.4845177559055118
21
-3.8412245669291338
0
LINE
8
BLACK
6
CONTINUOUS
10
5.4845177559055118
20
-3.8412245669291338
11
5.482889094488189
21
-3.8363385826771652
0
LINE
8
BLACK
6
CONTINUOUS
10
5.482889094488189
20
-3.8363385826771652
11
5.481299212598425
21
-3.8363385826771652
0
LINE
8
BLACK
6
CONTINUOUS
10
5.4739635826771655
20
-3.8412245669291338
11
5.4773622047244093
21
-3.8412245669291338
0
LINE
8
BLACK
6
CONTINUOUS
10
5.4773622047244093
20
-3.8412245669291338
11
5.4773622047244093
21
-3.8343700787401573
0
LINE
8
BLACK
6
CONTINUOUS
10
5.4773622047244093
20
-3.8343700787401573
11
5.4779387795275589
21
-3.8329781496062991
0
LINE
8
BLACK
6
CONTINUOUS
10
5.4779387795275589
20
-3.8329781496062991
11
5.4793307086614176
21
-3.8324015748031495
0
LINE
8
BLACK
6
CONTINUOUS
10
5.4793307086614176
20
-3.8324015748031495
11
5.4815767716535433
21
-3.8324015748031495
0
LINE
8
BLACK
6
CONTINUOUS
10
5.4815767716535433
20
-3.8324015748031495
11
5.4792406692913387
21
-3.8253932677165352
0
LINE
8
BLACK
6
CONTINUOUS
10
5.4792406692913387
20
-3.8253932677165352
11
5.4739635826771655
21
-3.8412245669291338
0
LINE
8
BLACK
6
CONTINUOUS
10
5.6634497244094488
20
-3.8133223228346456
11
5.6643737007874018
21
-3.8134593307086613
0
LINE
8
BLACK
6
CONTINUOUS
10
5.6643737007874018
20
-3.8134593307086613
11
5.6644301181102357
21
-3.8135229527559056
0
LINE
8
BLACK
6
CONTINUOUS
10
5.6644301181102357
20
-3.8135229527559056
11
5.6645133858267718
21
-3.8135399999999997
0
LINE
8
BLACK
6
CONTINUOUS
10
5.6645133858267718
20
-3.8135399999999997
11
5.6650940157480312
21
-3.8142716535433072
0
LINE
8
BLACK
6
CONTINUOUS
10
5.6650940157480312
20
-3.8142716535433072
11
5.6657137795275592
21
-3.814970590551181
0
LINE
8
BLACK
6
CONTINUOUS
10
5.6657137795275592
20
-3.814970590551181
11
5.6657160629921259
21
-3.8150555118110234
0
LINE
8
BLACK
6
CONTINUOUS
10
5.6657160629921259
20
-3.8150555118110234
11
5.6657689370078739
21
-3.815122125984252
0
LINE
8
BLACK
6
CONTINUOUS
10
5.6657689370078739
20
-3.815122125984252
11
5.6788922834645668
21
-3.8544922047244095
0
LINE
8
BLACK
6
CONTINUOUS
10
5.6788922834645668
20
-3.8544922047244095
11
5.6790427165354327
21
-3.8555065748031496
0
LINE
8
BLACK
6
CONTINUOUS
10
5.6790427165354327
20
-3.8555065748031496
11
5.6783003149606301
21
-3.8573849999999998
0
LINE
8
BLACK
6
CONTINUOUS
10
5.6783003149606301
20
-3.8573849999999998
11
5.676524173228346
21
-3.8583467716535433
0
LINE
8
BLACK
6
CONTINUOUS
10
5.676524173228346
20
-3.8583467716535433
11
5.6745453937007877
21
-3.8579418110236219
0
LINE
8
BLACK
6
CONTINUOUS
10
5.6745453937007877
20
-3.8579418110236219
11
5.6732898425196847
21
-3.85635968503937
0
LINE
8
BLACK
6
CONTINUOUS
10
5.6732898425196847
20
-3.85635968503937
11
5.6702133070866143
21
-3.8471300787401574
0
LINE
8
BLACK
6
CONTINUOUS
10
5.6702133070866143
20
-3.8471300787401574
11
5.6557221259842523
21
-3.8471300787401574
0
LINE
8
BLACK
6
CONTINUOUS
10
5.6557221259842523
20
-3.8471300787401574
11
5.652645590551181
21
-3.85635968503937
0
LINE
8
BLACK
6
CONTINUOUS
10
5.652645590551181
20
-3.85635968503937
11
5.6521572834645664
21
-3.8572614566929131
0
LINE
8
BLACK
6
CONTINUOUS
10
5.6521572834645664
20
-3.8572614566929131
11
5.6504363385826775
21
-3.8583187401574803
0
LINE
8
BLACK
6
CONTINUOUS
10
5.6504363385826775
20
-3.8583187401574803
11
5.6484383464566932
21
-3.8580224803149608
0
LINE
8
BLACK
6
CONTINUOUS
10
5.6484383464566932
20
-3.8580224803149608
11
5.6470983070866136
21
-3.8565112598425197
0
LINE
8
BLACK
6
CONTINUOUS
10
5.6470983070866136
20
-3.8565112598425197
11
5.6470431496062989
21
-3.8544922047244095
0
LINE
8
BLACK
6
CONTINUOUS
10
5.6470431496062989
20
-3.8544922047244095
11
5.6601664960629918
21
-3.815122125984252
0
LINE
8
BLACK
6
CONTINUOUS
10
5.6601664960629918
20
-3.815122125984252
11
5.6606547637795277
21
-3.8142203543307085
0
LINE
8
BLACK
6
CONTINUOUS
10
5.6606547637795277
20
-3.8142203543307085
11
5.6607272047244095
21
-3.8141758267716535
0
LINE
8
BLACK
6
CONTINUOUS
10
5.6607272047244095
20
-3.8141758267716535
11
5.6607584645669293
21
-3.8140968110236217
0
LINE
8
BLACK
6
CONTINUOUS
10
5.6607584645669293
20
-3.8140968110236217
11
5.6615797637795273
21
-3.8136520472440942
0
LINE
8
BLACK
6
CONTINUOUS
10
5.6615797637795273
20
-3.8136520472440942
11
5.6623757480314962
21
-3.8131630708661417
0
LINE
8
BLACK
6
CONTINUOUS
10
5.6623757480314962
20
-3.8131630708661417
11
5.6624598031496065
21
-3.8131755118110235
0
LINE
8
BLACK
6
CONTINUOUS
10
5.6624598031496065
20
-3.8131755118110235
11
5.6625346062992126
21
-3.8131350393700787
0
LINE
8
BLACK
6
CONTINUOUS
10
5.6625346062992126
20
-3.8131350393700787
11
5.6634497244094488
21
-3.8133223228346456
0
LINE
8
BLACK
6
CONTINUOUS
10
5.6576906299212597
20
-3.8412245669291338
11
5.668244803149606
21
-3.8412245669291338
0
LINE
8
BLACK
6
CONTINUOUS
10
5.668244803149606
20
-3.8412245669291338
11
5.6629677165354328
21
-3.8253932677165352
0
LINE
8
BLACK
6
CONTINUOUS
10
5.6629677165354328
20
-3.8253932677165352
11
5.6576906299212597
21
-3.8412245669291338
0
LINE
8
BLACK
6
CONTINUOUS
10
5.7464673228346452
20
-3.8132811811023619
11
5.7480145669291334
21
-3.8145794881889761
0
LINE
8
BLACK
6
CONTINUOUS
10
5.7480145669291334
20
-3.8145794881889761
11
5.7483653149606297
21
-3.8165686220472441
0
LINE
8
BLACK
6
CONTINUOUS
10
5.7483653149606297
20
-3.8165686220472441
11
5.7473553937007873
21
-3.8183177952755907
0
LINE
8
BLACK
6
CONTINUOUS
10
5.7473553937007873
20
-3.8183177952755907
11
5.7454574015748028
21
-3.8190086220472441
0
LINE
8
BLACK
6
CONTINUOUS
10
5.7454574015748028
20
-3.8190086220472441
11
5.7371615748031495
21
-3.8190086220472441
0
LINE
8
BLACK
6
CONTINUOUS
10
5.7371615748031495
20
-3.8190086220472441
11
5.7371615748031495
21
-3.8554259448818895
0
LINE
8
BLACK
6
CONTINUOUS
10
5.7371615748031495
20
-3.8554259448818895
11
5.7369835039370081
21
-3.8564358661417324
0
LINE
8
BLACK
6
CONTINUOUS
10
5.7369835039370081
20
-3.8564358661417324
11
5.7356851968503939
21
-3.8579831102362205
0
LINE
8
BLACK
6
CONTINUOUS
10
5.7356851968503939
20
-3.8579831102362205
11
5.7336960629921254
21
-3.8583338582677165
0
LINE
8
BLACK
6
CONTINUOUS
10
5.7336960629921254
20
-3.8583338582677165
11
5.7319468897637798
21
-3.857323937007874
0
LINE
8
BLACK
6
CONTINUOUS
10
5.7319468897637798
20
-3.857323937007874
11
5.7312560629921254
21
-3.8554259448818895
0
LINE
8
BLACK
6
CONTINUOUS
10
5.7312560629921254
20
-3.8554259448818895
11
5.7312560629921254
21
-3.8190086220472441
0
LINE
8
BLACK
6
CONTINUOUS
10
5.7312560629921254
20
-3.8190086220472441
11
5.7229602362204721
21
-3.8190086220472441
0
LINE
8
BLACK
6
CONTINUOUS
10
5.7229602362204721
20
-3.8190086220472441
11
5.7219503149606297
21
-3.8188305511811023
0
LINE
8
BLACK
6
CONTINUOUS
10
5.7219503149606297
20
-3.8188305511811023
11
5.7204030708661415
21
-3.8175322440944881
0
LINE
8
BLACK
6
CONTINUOUS
10
5.7204030708661415
20
-3.8175322440944881
11
5.7200523228346452
21
-3.8155431102362205
0
LINE
8
BLACK
6
CONTINUOUS
10
5.7200523228346452
20
-3.8155431102362205
11
5.7210622440944885
21
-3.8137939370078739
0
LINE
8
BLACK
6
CONTINUOUS
10
5.7210622440944885
20
-3.8137939370078739
11
5.7229602362204721
21
-3.8131031102362205
0
LINE
8
BLACK
6
CONTINUOUS
10
5.7229602362204721
20
-3.8131031102362205
11
5.7454574015748028
21
-3.8131031102362205
0
LINE
8
BLACK
6
CONTINUOUS
10
5.7454574015748028
20
-3.8131031102362205
11
5.7464673228346452
21
-3.8132811811023619
0
LINE
8
BLACK
6
CONTINUOUS
10
5.4290908267716533
20
-3.8321860236220471
11
5.4295595275590554
21
-3.8326547244094487
0
LINE
8
BLACK
6
CONTINUOUS
10
5.4295595275590554
20
-3.8326547244094487
11
5.429609094488189
21
-3.832774409448819
0
LINE
8
BLACK
6
CONTINUOUS
10
5.429609094488189
20
-3.832774409448819
11
5.4297070472440945
21
-3.8328593700787401
0
LINE
8
BLACK
6
CONTINUOUS
10
5.4297070472440945
20
-3.8328593700787401
11
5.4301757086614169
21
-3.8337967322834645
0
LINE
8
BLACK
6
CONTINUOUS
10
5.4301757086614169
20
-3.8337967322834645
11
5.4301886614173229
21
-3.8339795275590549
0
LINE
8
BLACK
6
CONTINUOUS
10
5.4301886614173229
20
-3.8339795275590549
11
5.430258818897638
21
-3.8341488582677163
0
LINE
8
BLACK
6
CONTINUOUS
10
5.430258818897638
20
-3.8341488582677163
11
5.430258818897638
21
-3.8369610236220471
0
LINE
8
BLACK
6
CONTINUOUS
10
5.430258818897638
20
-3.8369610236220471
11
5.4301886614173229
21
-3.8371303149606297
0
LINE
8
BLACK
6
CONTINUOUS
10
5.4301886614173229
20
-3.8371303149606297
11
5.4301757086614169
21
-3.8373131496062993
0
LINE
8
BLACK
6
CONTINUOUS
10
5.4301757086614169
20
-3.8373131496062993
11
5.4297070472440945
21
-3.8382505118110237
0
LINE
8
BLACK
6
CONTINUOUS
10
5.4297070472440945
20
-3.8382505118110237
11
5.429609094488189
21
-3.8383354330708661
0
LINE
8
BLACK
6
CONTINUOUS
10
5.429609094488189
20
-3.8383354330708661
11
5.4295595275590554
21
-3.8384551574803147
0
LINE
8
BLACK
6
CONTINUOUS
10
5.4295595275590554
20
-3.8384551574803147
11
5.4290908267716533
21
-3.8389238582677163
0
LINE
8
BLACK
6
CONTINUOUS
10
5.4290908267716533
20
-3.8389238582677163
11
5.4289711023622047
21
-3.8389734251968504
0
LINE
8
BLACK
6
CONTINUOUS
10
5.4289711023622047
20
-3.8389734251968504
11
5.4288861811023619
21
-3.8390713779527559
0
LINE
8
BLACK
6
CONTINUOUS
10
5.4288861811023619
20
-3.8390713779527559
11
5.4279487795275587
21
-3.8395400787401575
0
LINE
8
BLACK
6
CONTINUOUS
10
5.4279487795275587
20
-3.8395400787401575
11
5.42776594488189
21
-3.8395530314960631
0
LINE
8
BLACK
6
CONTINUOUS
10
5.42776594488189
20
-3.8395530314960631
11
5.4275966535433069
21
-3.8396231889763777
0
LINE
8
BLACK
6
CONTINUOUS
10
5.4275966535433069
20
-3.8396231889763777
11
5.4252531889763782
21
-3.8396231889763777
0
LINE
8
BLACK
6
CONTINUOUS
10
5.4252531889763782
20
-3.8396231889763777
11
5.4250837795275588
21
-3.8395529921259843
0
LINE
8
BLACK
6
CONTINUOUS
10
5.4250837795275588
20
-3.8395529921259843
11
5.4249010236220467
21
-3.8395400393700787
0
LINE
8
BLACK
6
CONTINUOUS
10
5.4249010236220467
20
-3.8395400393700787
11
5.4239636614173223
21
-3.8390713385826771
0
LINE
8
BLACK
6
CONTINUOUS
10
5.4239636614173223
20
-3.8390713385826771
11
5.4238787401574804
21
-3.8389734251968504
0
LINE
8
BLACK
6
CONTINUOUS
10
5.4238787401574804
20
-3.8389734251968504
11
5.4237590551181105
21
-3.8389238582677163
0
LINE
8
BLACK
6
CONTINUOUS
10
5.4237590551181105
20
-3.8389238582677163
11
5.4232903543307085
21
-3.8384551574803147
0
LINE
8
BLACK
6
CONTINUOUS
10
5.4232903543307085
20
-3.8384551574803147
11
5.4232407480314961
21
-3.8383353937007874
0
LINE
8
BLACK
6
CONTINUOUS
10
5.4232407480314961
20
-3.8383353937007874
11
5.4231428346456694
21
-3.8382505118110237
0
LINE
8
BLACK
6
CONTINUOUS
10
5.4231428346456694
20
-3.8382505118110237
11
5.4226741732283461
21
-3.8373131889763781
0
LINE
8
BLACK
6
CONTINUOUS
10
5.4226741732283461
20
-3.8373131889763781
11
5.4226677559055121
21
-3.8372229921259842
0
LINE
8
BLACK
6
CONTINUOUS
10
5.4226677559055121
20
-3.8372229921259842
11
5.4201474015748028
21
-3.839428346456693
0
LINE
8
BLACK
6
CONTINUOUS
10
5.4201474015748028
20
-3.839428346456693
11
5.4198848818897636
21
-3.8395171259842518
0
LINE
8
BLACK
6
CONTINUOUS
10
5.4198848818897636
20
-3.8395171259842518
11
5.4196288976377955
21
-3.8396231889763777
0
LINE
8
BLACK
6
CONTINUOUS
10
5.4196288976377955
20
-3.8396231889763777
11
5.419603031496063
21
-3.8396124803149605
0
LINE
8
BLACK
6
CONTINUOUS
10
5.419603031496063
20
-3.8396124803149605
11
5.4195765354330705
21
-3.8396214566929134
0
LINE
8
BLACK
6
CONTINUOUS
10
5.4195765354330705
20
-3.8396214566929134
11
5.4193281102362203
21
-3.8394985826771655
0
LINE
8
BLACK
6
CONTINUOUS
10
5.4193281102362203
20
-3.8394985826771655
11
5.4190721259842523
21
-3.8393925590551179
0
LINE
8
BLACK
6
CONTINUOUS
10
5.4190721259842523
20
-3.8393925590551179
11
5.4190613779527554
21
-3.8393666535433071
0
LINE
8
BLACK
6
CONTINUOUS
10
5.4190613779527554
20
-3.8393666535433071
11
5.4190363385826767
21
-3.8393542913385827
0
LINE
8
BLACK
6
CONTINUOUS
10
5.4190363385826767
20
-3.8393542913385827
11
5.4189475196850392
21
-3.8390917716535431
0
LINE
8
BLACK
6
CONTINUOUS
10
5.4189475196850392
20
-3.8390917716535431
11
5.418841496062992
21
-3.8388357874015746
0
LINE
8
BLACK
6
CONTINUOUS
10
5.418841496062992
20
-3.8388357874015746
11
5.418841496062992
21
-3.8327427952755904
0
LINE
8
BLACK
6
CONTINUOUS
10
5.418841496062992
20
-3.8327427952755904
11
5.4190721259842523
21
-3.8321860236220471
0
LINE
8
BLACK
6
CONTINUOUS
10
5.4190721259842523
20
-3.8321860236220471
11
5.4196288976377955
21
-3.8319553937007873
0
LINE
8
BLACK
6
CONTINUOUS
10
5.4196288976377955
20
-3.8319553937007873
11
5.4201856692913388
21
-3.8321860236220471
0
LINE
8
BLACK
6
CONTINUOUS
10
5.4201856692913388
20
-3.8321860236220471
11
5.4204162992125982
21
-3.8327427952755904
0
LINE
8
BLACK
6
CONTINUOUS
10
5.4204162992125982
20
-3.8327427952755904
11
5.4204162992125982
21
-3.8371005118110237
0
LINE
8
BLACK
6
CONTINUOUS
10
5.4204162992125982
20
-3.8371005118110237
11
5.4228599212598425
21
-3.8349623228346457
0
LINE
8
BLACK
6
CONTINUOUS
10
5.4228599212598425
20
-3.8349623228346457
11
5.4231226771653542
21
-3.8348734251968501
0
LINE
8
BLACK
6
CONTINUOUS
10
5.4231226771653542
20
-3.8348734251968501
11
5.4233784251968506
21
-3.8347675196850393
0
LINE
8
BLACK
6
CONTINUOUS
10
5.4233784251968506
20
-3.8347675196850393
11
5.4234042519685035
21
-3.8347781889763777
0
LINE
8
BLACK
6
CONTINUOUS
10
5.4234042519685035
20
-3.8347781889763777
11
5.4234307874015748
21
-3.8347692519685039
0
LINE
8
BLACK
6
CONTINUOUS
10
5.4234307874015748
20
-3.8347692519685039
11
5.4236792913385825
21
-3.8348921259842519
0
LINE
8
BLACK
6
CONTINUOUS
10
5.4236792913385825
20
-3.8348921259842519
11
5.4239351968503939
21
-3.834998149606299
0
LINE
8
BLACK
6
CONTINUOUS
10
5.4239351968503939
20
-3.834998149606299
11
5.4239458661417324
21
-3.8350239763779528
0
LINE
8
BLACK
6
CONTINUOUS
10
5.4239458661417324
20
-3.8350239763779528
11
5.4239710236220473
21
-3.8350364173228346
0
LINE
8
BLACK
6
CONTINUOUS
10
5.4239710236220473
20
-3.8350364173228346
11
5.4240598818897636
21
-3.8352991732283463
0
LINE
8
BLACK
6
CONTINUOUS
10
5.4240598818897636
20
-3.8352991732283463
11
5.4241658267716533
21
-3.8355549212598423
0
LINE
8
BLACK
6
CONTINUOUS
10
5.4241658267716533
20
-3.8355549212598423
11
5.4241658267716533
21
-3.8367751181102361
0
LINE
8
BLACK
6
CONTINUOUS
10
5.4241658267716533
20
-3.8367751181102361
11
5.4244942125984252
21
-3.8374319291338583
0
LINE
8
BLACK
6
CONTINUOUS
10
5.4244942125984252
20
-3.8374319291338583
11
5.4247822440944882
21
-3.8377199606299213
0
LINE
8
BLACK
6
CONTINUOUS
10
5.4247822440944882
20
-3.8377199606299213
11
5.4254390944881887
21
-3.8380483858267715
0
LINE
8
BLACK
6
CONTINUOUS
10
5.4254390944881887
20
-3.8380483858267715
11
5.4274107480314964
21
-3.8380483858267715
0
LINE
8
BLACK
6
CONTINUOUS
10
5.4274107480314964
20
-3.8380483858267715
11
5.4280676377952757
21
-3.8377199212598425
0
LINE
8
BLACK
6
CONTINUOUS
10
5.4280676377952757
20
-3.8377199212598425
11
5.4283555511811024
21
-3.8374320078740158
0
LINE
8
BLACK
6
CONTINUOUS
10
5.4283555511811024
20
-3.8374320078740158
11
5.4286840157480309
21
-3.8367751181102361
0
LINE
8
BLACK
6
CONTINUOUS
10
5.4286840157480309
20
-3.8367751181102361
11
5.4286840157480309
21
-3.8343347244094486
0
LINE
8
BLACK
6
CONTINUOUS
10
5.4286840157480309
20
-3.8343347244094486
11
5.4283555511811024
21
-3.8336778346456692
0
LINE
8
BLACK
6
CONTINUOUS
10
5.4283555511811024
20
-3.8336778346456692
11
5.4279772834645668
21
-3.8332995669291337
0
LINE
8
BLACK
6
CONTINUOUS
10
5.4279772834645668
20
-3.8332995669291337
11
5.4277466535433065
21
-3.8327427952755904
0
LINE
8
BLACK
6
CONTINUOUS
10
5.4277466535433065
20
-3.8327427952755904
11
5.4279772834645668
21
-3.8321860236220471
0
LINE
8
BLACK
6
CONTINUOUS
10
5.4279772834645668
20
-3.8321860236220471
11
5.42853405511811
21
-3.8319553937007873
0
LINE
8
BLACK
6
CONTINUOUS
10
5.42853405511811
20
-3.8319553937007873
11
5.4290908267716533
21
-3.8321860236220471
0
LINE
8
BLACK
6
CONTINUOUS
10
5.4253453937007876
20
-3.8226197637795276
11
5.4254441338582673
21
-3.8226050787401573
0
LINE
8
BLACK
6
CONTINUOUS
10
5.4254441338582673
20
-3.8226050787401573
11
5.4273188976377948
21
-3.8230737401574801
0
LINE
8
BLACK
6
CONTINUOUS
10
5.4273188976377948
20
-3.8230737401574801
11
5.4273907480314962
21
-3.8231269685039369
0
LINE
8
BLACK
6
CONTINUOUS
10
5.4273907480314962
20
-3.8231269685039369
11
5.4274800787401576
21
-3.823133346456693
0
LINE
8
BLACK
6
CONTINUOUS
10
5.4274800787401576
20
-3.823133346456693
11
5.4284174803149607
21
-3.8236020472440946
0
LINE
8
BLACK
6
CONTINUOUS
10
5.4284174803149607
20
-3.8236020472440946
11
5.4285024015748027
21
-3.8236999606299213
0
LINE
8
BLACK
6
CONTINUOUS
10
5.4285024015748027
20
-3.8236999606299213
11
5.4286221259842522
21
-3.8237495669291337
0
LINE
8
BLACK
6
CONTINUOUS
10
5.4286221259842522
20
-3.8237495669291337
11
5.4295595275590554
21
-3.8246869685039369
0
LINE
8
BLACK
6
CONTINUOUS
10
5.4295595275590554
20
-3.8246869685039369
11
5.4296296456692916
21
-3.8248562992125983
0
LINE
8
BLACK
6
CONTINUOUS
10
5.4296296456692916
20
-3.8248562992125983
11
5.4297497637795278
21
-3.8249947637795274
0
LINE
8
BLACK
6
CONTINUOUS
10
5.4297497637795278
20
-3.8249947637795274
11
5.4302184251968502
21
-3.8264008267716534
0
LINE
8
BLACK
6
CONTINUOUS
10
5.4302184251968502
20
-3.8264008267716534
11
5.4302092125984247
21
-3.8265300787401575
0
LINE
8
BLACK
6
CONTINUOUS
10
5.4302092125984247
20
-3.8265300787401575
11
5.430258818897638
21
-3.8266498031496061
0
LINE
8
BLACK
6
CONTINUOUS
10
5.430258818897638
20
-3.8266498031496061
11
5.430258818897638
21
-3.8275871653543305
0
LINE
8
BLACK
6
CONTINUOUS
10
5.430258818897638
20
-3.8275871653543305
11
5.4302092125984247
21
-3.8277068503937008
0
LINE
8
BLACK
6
CONTINUOUS
10
5.4302092125984247
20
-3.8277068503937008
11
5.4302184251968502
21
-3.8278361417322833
0
LINE
8
BLACK
6
CONTINUOUS
10
5.4302184251968502
20
-3.8278361417322833
11
5.4297497637795278
21
-3.829242244094488
0
LINE
8
BLACK
6
CONTINUOUS
10
5.4297497637795278
20
-3.829242244094488
11
5.4296296456692916
21
-3.8293807086614171
0
LINE
8
BLACK
6
CONTINUOUS
10
5.4296296456692916
20
-3.8293807086614171
11
5.4295595275590554
21
-3.8295500393700785
0
LINE
8
BLACK
6
CONTINUOUS
10
5.4295595275590554
20
-3.8295500393700785
11
5.4290908267716533
21
-3.8300187401574801
0
LINE
8
BLACK
6
CONTINUOUS
10
5.4290908267716533
20
-3.8300187401574801
11
5.4285340157480313
21
-3.8302493307086611
0
LINE
8
BLACK
6
CONTINUOUS
10
5.4285340157480313
20
-3.8302493307086611
11
5.427977244094488
21
-3.8300187007874014
0
LINE
8
BLACK
6
CONTINUOUS
10
5.427977244094488
20
-3.8300187007874014
11
5.4277466535433065
21
-3.8294618897637793
0
LINE
8
BLACK
6
CONTINUOUS
10
5.4277466535433065
20
-3.8294618897637793
11
5.4279772834645668
21
-3.828905118110236
0
LINE
8
BLACK
6
CONTINUOUS
10
5.4279772834645668
20
-3.828905118110236
11
5.4283145275590554
21
-3.8285679133858266
0
LINE
8
BLACK
6
CONTINUOUS
10
5.4283145275590554
20
-3.8285679133858266
11
5.4286840157480309
21
-3.8274593700787403
0
LINE
8
BLACK
6
CONTINUOUS
10
5.4286840157480309
20
-3.8274593700787403
11
5.4286840157480309
21
-3.8267775984251968
0
LINE
8
BLACK
6
CONTINUOUS
10
5.4286840157480309
20
-3.8267775984251968
11
5.4283144881889767
21
-3.8256690157480313
0
LINE
8
BLACK
6
CONTINUOUS
10
5.4283144881889767
20
-3.8256690157480313
11
5.4275989370078737
21
-3.8249534645669292
0
LINE
8
BLACK
6
CONTINUOUS
10
5.4275989370078737
20
-3.8249534645669292
11
5.4268531102362205
21
-3.8245805511811022
0
LINE
8
BLACK
6
CONTINUOUS
10
5.4268531102362205
20
-3.8245805511811022
11
5.4251562598425194
21
-3.8241563779527556
0
LINE
8
BLACK
6
CONTINUOUS
10
5.4251562598425194
20
-3.8241563779527556
11
5.4239440551181097
21
-3.8241563779527556
0
LINE
8
BLACK
6
CONTINUOUS
10
5.4239440551181097
20
-3.8241563779527556
11
5.4222472047244095
21
-3.8245805511811022
0
LINE
8
BLACK
6
CONTINUOUS
10
5.4222472047244095
20
-3.8245805511811022
11
5.4215014173228342
21
-3.8249534645669292
0
LINE
8
BLACK
6
CONTINUOUS
10
5.4215014173228342
20
-3.8249534645669292
11
5.4207858267716533
21
-3.8256690157480313
0
LINE
8
BLACK
6
CONTINUOUS
10
5.4207858267716533
20
-3.8256690157480313
11
5.4204162992125982
21
-3.8267776377952756
0
LINE
8
BLACK
6
CONTINUOUS
10
5.4204162992125982
20
-3.8267776377952756
11
5.4204162992125982
21
-3.8274593307086615
0
LINE
8
BLACK
6
CONTINUOUS
10
5.4204162992125982
20
-3.8274593307086615
11
5.4207857874015746
21
-3.8285678740157478
0
LINE
8
BLACK
6
CONTINUOUS
10
5.4207857874015746
20
-3.8285678740157478
11
5.421123070866142
21
-3.8289051574803148
0
LINE
8
BLACK
6
CONTINUOUS
10
5.421123070866142
20
-3.8289051574803148
11
5.4213537007874013
21
-3.8294619291338581
0
LINE
8
BLACK
6
CONTINUOUS
10
5.4213537007874013
20
-3.8294619291338581
11
5.4211231102362207
21
-3.8300187007874014
0
LINE
8
BLACK
6
CONTINUOUS
10
5.4211231102362207
20
-3.8300187007874014
11
5.4205663385826774
21
-3.8302493307086611
0
LINE
8
BLACK
6
CONTINUOUS
10
5.4205663385826774
20
-3.8302493307086611
11
5.4200095669291342
21
-3.8300187401574801
0
LINE
8
BLACK
6
CONTINUOUS
10
5.4200095669291342
20
-3.8300187401574801
11
5.4195408267716534
21
-3.8295500787401573
0
LINE
8
BLACK
6
CONTINUOUS
10
5.4195408267716534
20
-3.8295500787401573
11
5.4194706692913384
21
-3.8293807086614171
0
LINE
8
BLACK
6
CONTINUOUS
10
5.4194706692913384
20
-3.8293807086614171
11
5.419350590551181
21
-3.8292422834645667
0
LINE
8
BLACK
6
CONTINUOUS
10
5.419350590551181
20
-3.8292422834645667
11
5.4188818897637798
21
-3.827836181102362
0
LINE
8
BLACK
6
CONTINUOUS
10
5.4188818897637798
20
-3.827836181102362
11
5.4188910629921256
21
-3.8277068503937008
0
LINE
8
BLACK
6
CONTINUOUS
10
5.4188910629921256
20
-3.8277068503937008
11
5.418841496062992
21
-3.8275871653543305
0
LINE
8
BLACK
6
CONTINUOUS
10
5.418841496062992
20
-3.8275871653543305
11
5.418841496062992
21
-3.8266498031496061
0
LINE
8
BLACK
6
CONTINUOUS
10
5.418841496062992
20
-3.8266498031496061
11
5.4188910629921256
21
-3.8265300787401575
0
LINE
8
BLACK
6
CONTINUOUS
10
5.4188910629921256
20
-3.8265300787401575
11
5.4188818897637798
21
-3.8264007874015746
0
LINE
8
BLACK
6
CONTINUOUS
10
5.4188818897637798
20
-3.8264007874015746
11
5.419350590551181
21
-3.8249947244094487
0
LINE
8
BLACK
6
CONTINUOUS
10
5.419350590551181
20
-3.8249947244094487
11
5.4194706692913384
21
-3.8248562204724408
0
LINE
8
BLACK
6
CONTINUOUS
10
5.4194706692913384
20
-3.8248562204724408
11
5.4195408267716534
21
-3.8246869685039369
0
LINE
8
BLACK
6
CONTINUOUS
10
5.4195408267716534
20
-3.8246869685039369
11
5.4204782283464565
21
-3.8237495669291337
0
LINE
8
BLACK
6
CONTINUOUS
10
5.4204782283464565
20
-3.8237495669291337
11
5.4205979133858264
21
-3.8236999606299213
0
LINE
8
BLACK
6
CONTINUOUS
10
5.4205979133858264
20
-3.8236999606299213
11
5.4206828346456692
21
-3.8236020866141733
0
LINE
8
BLACK
6
CONTINUOUS
10
5.4206828346456692
20
-3.8236020866141733
11
5.4216201968503936
21
-3.8231333858267718
0
LINE
8
BLACK
6
CONTINUOUS
10
5.4216201968503936
20
-3.8231333858267718
11
5.4217094488188975
21
-3.8231270078740156
0
LINE
8
BLACK
6
CONTINUOUS
10
5.4217094488188975
20
-3.8231270078740156
11
5.4217814173228343
21
-3.8230737401574801
0
LINE
8
BLACK
6
CONTINUOUS
10
5.4217814173228343
20
-3.8230737401574801
11
5.4236561417322831
21
-3.8226050787401573
0
LINE
8
BLACK
6
CONTINUOUS
10
5.4236561417322831
20
-3.8226050787401573
11
5.4237548818897636
21
-3.8226197637795276
0
LINE
8
BLACK
6
CONTINUOUS
10
5.4237548818897636
20
-3.8226197637795276
11
5.4238471259842518
21
-3.8225815748031495
0
LINE
8
BLACK
6
CONTINUOUS
10
5.4238471259842518
20
-3.8225815748031495
11
5.4252531889763782
21
-3.8225815748031495
0
LINE
8
BLACK
6
CONTINUOUS
10
5.4252531889763782
20
-3.8225815748031495
11
5.4253453937007876
21
-3.8226197637795276
0
LINE
8
BLACK
6
CONTINUOUS
10
5.4348425196850396
20
-3.8094488188976379
11
5.4362344488188974
21
-3.8100253937007875
0
LINE
8
BLACK
6
CONTINUOUS
10
5.4362344488188974
20
-3.8100253937007875
11
5.436811023622047
21
-3.8114173228346457
0
LINE
8
BLACK
6
CONTINUOUS
10
5.436811023622047
20
-3.8114173228346457
11
5.436811023622047
21
-3.8507874015748031
0
LINE
8
BLACK
6
CONTINUOUS
10
5.436811023622047
20
-3.8507874015748031
11
5.4362344488188974
21
-3.8521793307086614
0
LINE
8
BLACK
6
CONTINUOUS
10
5.4362344488188974
20
-3.8521793307086614
11
5.4348425196850396
21
-3.852755905511811
0
LINE
8
BLACK
6
CONTINUOUS
10
5.4348425196850396
20
-3.852755905511811
11
5.4151574803149609
21
-3.852755905511811
0
LINE
8
BLACK
6
CONTINUOUS
10
5.4151574803149609
20
-3.852755905511811
11
5.4137655511811023
21
-3.8521793307086614
0
LINE
8
BLACK
6
CONTINUOUS
10
5.4137655511811023
20
-3.8521793307086614
11
5.4131889763779526
21
-3.8507874015748031
0
LINE
8
BLACK
6
CONTINUOUS
10
5.4131889763779526
20
-3.8507874015748031
11
5.4131889763779526
21
-3.8114173228346457
0
LINE
8
BLACK
6
CONTINUOUS
10
5.4131889763779526
20
-3.8114173228346457
11
5.4137655511811023
21
-3.8100253937007875
0
LINE
8
BLACK
6
CONTINUOUS
10
5.4137655511811023
20
-3.8100253937007875
11
5.4151574803149609
21
-3.8094488188976379
0
LINE
8
BLACK
6
CONTINUOUS
10
5.4151574803149609
20
-3.8094488188976379
11
5.4348425196850396
21
-3.8094488188976379
0
LINE
8
BLACK
6
CONTINUOUS
10
5.4171259842519683
20
-3.8133858267716536
11
5.4171259842519683
21
-3.8488188976377953
0
LINE
8
BLACK
6
CONTINUOUS
10
5.4171259842519683
20
-3.8488188976377953
11
5.4328740157480313
21
-3.8488188976377953
0
LINE
8
BLACK
6
CONTINUOUS
10
5.4328740157480313
20
-3.8488188976377953
11
5.4328740157480313
21
-3.8133858267716536
0
LINE
8
BLACK
6
CONTINUOUS
10
5.4328740157480313
20
-3.8133858267716536
11
5.4171259842519683
21
-3.8133858267716536
0
LINE
8
BLACK
6
CONTINUOUS
10
6.0170317716535431
20
-3.7909553543307086
11
6.0171675590551184
21
-3.7909411811023621
0
LINE
8
BLACK
6
CONTINUOUS
10
6.0171675590551184
20
-3.7909411811023621
11
6.0246666141732286
21
-3.7928159448818897
0
LINE
8
BLACK
6
CONTINUOUS
10
6.0246666141732286
20
-3.7928159448818897
11
6.0251320472440941
21
-3.7930235039370079
0
LINE
8
BLACK
6
CONTINUOUS
10
6.0251320472440941
20
-3.7930235039370079
11
6.0252709842519687
21
-3.7930395275590549
0
LINE
8
BLACK
6
CONTINUOUS
10
6.0252709842519687
20
-3.7930395275590549
11
6.0290205118110238
21
-3.7949142913385825
0
LINE
8
BLACK
6
CONTINUOUS
10
6.0290205118110238
20
-3.7949142913385825
11
6.029729488188976
21
-3.795440118110236
0
LINE
8
BLACK
6
CONTINUOUS
10
6.029729488188976
20
-3.795440118110236
11
6.0297878740157476
21
-3.7954673622047244
0
LINE
8
BLACK
6
CONTINUOUS
10
6.0297878740157476
20
-3.7954673622047244
11
6.0316626771653539
21
-3.7973421259842519
0
LINE
8
BLACK
6
CONTINUOUS
10
6.0316626771653539
20
-3.7973421259842519
11
6.0321690551181097
21
-3.7980652755905511
0
LINE
8
BLACK
6
CONTINUOUS
10
6.0321690551181097
20
-3.7980652755905511
11
6.0322158267716537
21
-3.7981095669291336
0
LINE
8
BLACK
6
CONTINUOUS
10
6.0322158267716537
20
-3.7981095669291336
11
6.0340905905511812
21
-3.8018590944881887
0
LINE
8
BLACK
6
CONTINUOUS
10
6.0340905905511812
20
-3.8018590944881887
11
6.0343829527559052
21
-3.8028420078740157
0
LINE
8
BLACK
6
CONTINUOUS
10
6.0343829527559052
20
-3.8028420078740157
11
6.0343419291338583
21
-3.8030137007874014
0
LINE
8
BLACK
6
CONTINUOUS
10
6.0343419291338583
20
-3.8030137007874014
11
6.0344023228346453
21
-3.8031796062992127
0
LINE
8
BLACK
6
CONTINUOUS
10
6.0344023228346453
20
-3.8031796062992127
11
6.0344023228346453
21
-3.8069291338582678
0
LINE
8
BLACK
6
CONTINUOUS
10
6.0344023228346453
20
-3.8069291338582678
11
6.0342242519685039
21
-3.8079390551181103
0
LINE
8
BLACK
6
CONTINUOUS
10
6.0342242519685039
20
-3.8079390551181103
11
6.0341107480314955
21
-3.8080742913385826
0
LINE
8
BLACK
6
CONTINUOUS
10
6.0341107480314955
20
-3.8080742913385826
11
6.0340905905511812
21
-3.8082496456692914
0
LINE
8
BLACK
6
CONTINUOUS
10
6.0340905905511812
20
-3.8082496456692914
11
6.0322158267716537
21
-3.8119991732283465
0
LINE
8
BLACK
6
CONTINUOUS
10
6.0322158267716537
20
-3.8119991732283465
11
6.0316898425196852
21
-3.8127082677165354
0
LINE
8
BLACK
6
CONTINUOUS
10
6.0316898425196852
20
-3.8127082677165354
11
6.0316626771653539
21
-3.8127666141732282
0
LINE
8
BLACK
6
CONTINUOUS
10
6.0316626771653539
20
-3.8127666141732282
11
6.0297878740157476
21
-3.8146413779527557
0
LINE
8
BLACK
6
CONTINUOUS
10
6.0297878740157476
20
-3.8146413779527557
11
6.0290648031496064
21
-3.8151476377952753
0
LINE
8
BLACK
6
CONTINUOUS
10
6.0290648031496064
20
-3.8151476377952753
11
6.0290205118110238
21
-3.8151944488188976
0
LINE
8
BLACK
6
CONTINUOUS
10
6.0290205118110238
20
-3.8151944488188976
11
6.0252709842519687
21
-3.8170692125984251
0
LINE
8
BLACK
6
CONTINUOUS
10
6.0252709842519687
20
-3.8170692125984251
11
6.0247825196850391
21
-3.8172144881889762
0
LINE
8
BLACK
6
CONTINUOUS
10
6.0247825196850391
20
-3.8172144881889762
11
6.0246666141732286
21
-3.8172927952755904
0
LINE
8
BLACK
6
CONTINUOUS
10
6.0246666141732286
20
-3.8172927952755904
11
6.0171675590551184
21
-3.819167559055118
0
LINE
8
BLACK
6
CONTINUOUS
10
6.0171675590551184
20
-3.819167559055118
11
6.0165796456692915
21
-3.8192090157480316
0
LINE
8
BLACK
6
CONTINUOUS
10
6.0165796456692915
20
-3.8192090157480316
11
6.0164514173228349
21
-3.8192557086614172
0
LINE
8
BLACK
6
CONTINUOUS
10
6.0164514173228349
20
-3.8192557086614172
11
6.0070775984251963
21
-3.8192557086614172
0
LINE
8
BLACK
6
CONTINUOUS
10
6.0070775984251963
20
-3.8192557086614172
11
6.0064972047244094
21
-3.8191533464566927
0
LINE
8
BLACK
6
CONTINUOUS
10
6.0064972047244094
20
-3.8191533464566927
11
6.0063614566929129
21
-3.819167559055118
0
LINE
8
BLACK
6
CONTINUOUS
10
6.0063614566929129
20
-3.819167559055118
11
5.9988624015748027
21
-3.8172927952755904
0
LINE
8
BLACK
6
CONTINUOUS
10
5.9988624015748027
20
-3.8172927952755904
11
5.9983969291338584
21
-3.8170851968503938
0
LINE
8
BLACK
6
CONTINUOUS
10
5.9983969291338584
20
-3.8170851968503938
11
5.9982580314960625
21
-3.8170692125984251
0
LINE
8
BLACK
6
CONTINUOUS
10
5.9982580314960625
20
-3.8170692125984251
11
5.9945085039370074
21
-3.8151944488188976
0
LINE
8
BLACK
6
CONTINUOUS
10
5.9945085039370074
20
-3.8151944488188976
11
5.9937994094488189
21
-3.8146685433070866
0
LINE
8
BLACK
6
CONTINUOUS
10
5.9937994094488189
20
-3.8146685433070866
11
5.9937411023622049
21
-3.814641338582677
0
LINE
8
BLACK
6
CONTINUOUS
10
5.9937411023622049
20
-3.814641338582677
11
5.9918663385826774
21
-3.8127665748031494
0
LINE
8
BLACK
6
CONTINUOUS
10
5.9918663385826774
20
-3.8127665748031494
11
5.991360039370079
21
-3.812043464566929
0
LINE
8
BLACK
6
CONTINUOUS
10
5.991360039370079
20
-3.812043464566929
11
5.9913132283464563
21
-3.8119991732283465
0
LINE
8
BLACK
6
CONTINUOUS
10
5.9913132283464563
20
-3.8119991732283465
11
5.9894384645669287
21
-3.8082496456692914
0
LINE
8
BLACK
6
CONTINUOUS
10
5.9894384645669287
20
-3.8082496456692914
11
5.9891461023622048
21
-3.8072666929133856
0
LINE
8
BLACK
6
CONTINUOUS
10
5.9891461023622048
20
-3.8072666929133856
11
5.989187086614173
21
-3.8070949999999999
0
LINE
8
BLACK
6
CONTINUOUS
10
5.989187086614173
20
-3.8070949999999999
11
5.9891267322834647
21
-3.8069291338582678
0
LINE
8
BLACK
6
CONTINUOUS
10
5.9891267322834647
20
-3.8069291338582678
11
5.9891267322834647
21
-3.8031796062992127
0
LINE
8
BLACK
6
CONTINUOUS
10
5.9891267322834647
20
-3.8031796062992127
11
5.9893048031496061
21
-3.8021696850393698
0
LINE
8
BLACK
6
CONTINUOUS
10
5.9893048031496061
20
-3.8021696850393698
11
5.9894182677165357
21
-3.8020344094488188
0
LINE
8
BLACK
6
CONTINUOUS
10
5.9894182677165357
20
-3.8020344094488188
11
5.9894384645669287
21
-3.8018590944881887
0
LINE
8
BLACK
6
CONTINUOUS
10
5.9894384645669287
20
-3.8018590944881887
11
5.9913132283464563
21
-3.7981095669291336
0
LINE
8
BLACK
6
CONTINUOUS
10
5.9913132283464563
20
-3.7981095669291336
11
5.9918391338582673
21
-3.7974004724409447
0
LINE
8
BLACK
6
CONTINUOUS
10
5.9918391338582673
20
-3.7974004724409447
11
5.9918663385826774
21
-3.7973421653543307
0
LINE
8
BLACK
6
CONTINUOUS
10
5.9918663385826774
20
-3.7973421653543307
11
5.9937411023622049
21
-3.7954674015748031
0
LINE
8
BLACK
6
CONTINUOUS
10
5.9937411023622049
20
-3.7954674015748031
11
5.9944641732283461
21
-3.7949611023622047
0
LINE
8
BLACK
6
CONTINUOUS
10
5.9944641732283461
20
-3.7949611023622047
11
5.9945085039370074
21
-3.7949142913385825
0
LINE
8
BLACK
6
CONTINUOUS
10
5.9945085039370074
20
-3.7949142913385825
11
5.9982580314960625
21
-3.7930395275590549
0
LINE
8
BLACK
6
CONTINUOUS
10
5.9982580314960625
20
-3.7930395275590549
11
5.9987464566929134
21
-3.7928942125984251
0
LINE
8
BLACK
6
CONTINUOUS
10
5.9987464566929134
20
-3.7928942125984251
11
5.9988624015748027
21
-3.7928159448818897
0
LINE
8
BLACK
6
CONTINUOUS
10
5.9988624015748027
20
-3.7928159448818897
11
6.0063614566929129
21
-3.7909411811023621
0
LINE
8
BLACK
6
CONTINUOUS
10
6.0063614566929129
20
-3.7909411811023621
11
6.006949330708661
21
-3.7908996850393701
0
LINE
8
BLACK
6
CONTINUOUS
10
6.006949330708661
20
-3.7908996850393701
11
6.0070775984251963
21
-3.7908530314960629
0
LINE
8
BLACK
6
CONTINUOUS
10
6.0070775984251963
20
-3.7908530314960629
11
6.0164514173228349
21
-3.7908530314960629
0
LINE
8
BLACK
6
CONTINUOUS
10
6.0164514173228349
20
-3.7908530314960629
11
6.0170317716535431
21
-3.7909553543307086
0
LINE
8
BLACK
6
CONTINUOUS
10
6.0006090944881887
20
-3.7984665354330707
11
5.99757811023622
21
-3.7999820472440944
0
LINE
8
BLACK
6
CONTINUOUS
10
5.99757811023622
20
-3.7999820472440944
11
5.9963809842519682
21
-3.8011791732283462
0
LINE
8
BLACK
6
CONTINUOUS
10
5.9963809842519682
20
-3.8011791732283462
11
5.9950322440944879
21
-3.8038766535433068
0
LINE
8
BLACK
6
CONTINUOUS
10
5.9950322440944879
20
-3.8038766535433068
11
5.9950322440944879
21
-3.8062320866141732
0
LINE
8
BLACK
6
CONTINUOUS
10
5.9950322440944879
20
-3.8062320866141732
11
5.9963809842519682
21
-3.8089295669291339
0
LINE
8
BLACK
6
CONTINUOUS
10
5.9963809842519682
20
-3.8089295669291339
11
5.99757811023622
21
-3.8101266929133857
0
LINE
8
BLACK
6
CONTINUOUS
10
5.99757811023622
20
-3.8101266929133857
11
6.0006090944881887
21
-3.8116421653543306
0
LINE
8
BLACK
6
CONTINUOUS
10
6.0006090944881887
20
-3.8116421653543306
11
6.0074411417322837
21
-3.8133501968503936
0
LINE
8
BLACK
6
CONTINUOUS
10
6.0074411417322837
20
-3.8133501968503936
11
6.0160878740157475
21
-3.8133501968503936
0
LINE
8
BLACK
6
CONTINUOUS
10
6.0160878740157475
20
-3.8133501968503936
11
6.0229199212598425
21
-3.8116421653543306
0
LINE
8
BLACK
6
CONTINUOUS
10
6.0229199212598425
20
-3.8116421653543306
11
6.0259509055118112
21
-3.8101266535433069
0
LINE
8
BLACK
6
CONTINUOUS
10
6.0259509055118112
20
-3.8101266535433069
11
6.0271480708661418
21
-3.8089295275590551
0
LINE
8
BLACK
6
CONTINUOUS
10
6.0271480708661418
20
-3.8089295275590551
11
6.0284968110236221
21
-3.8062320866141732
0
LINE
8
BLACK
6
CONTINUOUS
10
6.0284968110236221
20
-3.8062320866141732
11
6.0284968110236221
21
-3.8038766535433068
0
LINE
8
BLACK
6
CONTINUOUS
10
6.0284968110236221
20
-3.8038766535433068
11
6.0271480708661418
21
-3.8011791732283462
0
LINE
8
BLACK
6
CONTINUOUS
10
6.0271480708661418
20
-3.8011791732283462
11
6.0259509055118112
21
-3.7999820472440944
0
LINE
8
BLACK
6
CONTINUOUS
10
6.0259509055118112
20
-3.7999820472440944
11
6.0229199212598425
21
-3.7984665354330707
0
LINE
8
BLACK
6
CONTINUOUS
10
6.0229199212598425
20
-3.7984665354330707
11
6.0160878740157475
21
-3.7967585433070865
0
LINE
8
BLACK
6
CONTINUOUS
10
6.0160878740157475
20
-3.7967585433070865
11
6.0074411417322837
21
-3.7967585433070865
0
LINE
8
BLACK
6
CONTINUOUS
10
6.0074411417322837
20
-3.7967585433070865
11
6.0006090944881887
21
-3.7984665354330707
0
LINE
8
BLACK
6
CONTINUOUS
10
5.5308677165354325
20
-3.725385433070866
11
5.5312484251968499
21
-3.7255003149606298
0
LINE
8
BLACK
6
CONTINUOUS
10
5.5312484251968499
20
-3.7255003149606298
11
5.5312779527559055
21
-3.7255553543307087
0
LINE
8
BLACK
6
CONTINUOUS
10
5.5312779527559055
20
-3.7255553543307087
11
5.5313356692913382
21
-3.7255792913385828
0
LINE
8
BLACK
6
CONTINUOUS
10
5.5313356692913382
20
-3.7255792913385828
11
5.5314877952755905
21
-3.7259465354330707
0
LINE
8
BLACK
6
CONTINUOUS
10
5.5314877952755905
20
-3.7259465354330707
11
5.5316757480314962
21
-3.7262969291338583
0
LINE
8
BLACK
6
CONTINUOUS
10
5.5316757480314962
20
-3.7262969291338583
11
5.5324256692913387
21
-3.7337959842519686
0
LINE
8
BLACK
6
CONTINUOUS
10
5.5324256692913387
20
-3.7337959842519686
11
5.5324075984251966
21
-3.733855748031496
0
LINE
8
BLACK
6
CONTINUOUS
10
5.5324075984251966
20
-3.733855748031496
11
5.5324315354330711
21
-3.7339134645669292
0
LINE
8
BLACK
6
CONTINUOUS
10
5.5324315354330711
20
-3.7339134645669292
11
5.5322794094488188
21
-3.7342807086614171
0
LINE
8
BLACK
6
CONTINUOUS
10
5.5322794094488188
20
-3.7342807086614171
11
5.5321645669291337
21
-3.7346614173228345
0
LINE
8
BLACK
6
CONTINUOUS
10
5.5321645669291337
20
-3.7346614173228345
11
5.5321094881889765
21
-3.7346909448818897
0
LINE
8
BLACK
6
CONTINUOUS
10
5.5321094881889765
20
-3.7346909448818897
11
5.5320856299212595
21
-3.7347486220472441
0
LINE
8
BLACK
6
CONTINUOUS
10
5.5320856299212595
20
-3.7347486220472441
11
5.5317183464566924
21
-3.734900748031496
0
LINE
8
BLACK
6
CONTINUOUS
10
5.5317183464566924
20
-3.734900748031496
11
5.5313679527559056
21
-3.7350887401574804
0
LINE
8
BLACK
6
CONTINUOUS
10
5.5313679527559056
20
-3.7350887401574804
11
5.531308149606299
21
-3.7350706692913387
0
LINE
8
BLACK
6
CONTINUOUS
10
5.531308149606299
20
-3.7350706692913387
11
5.531250472440945
21
-3.7350946062992123
0
LINE
8
BLACK
6
CONTINUOUS
10
5.531250472440945
20
-3.7350946062992123
11
5.5308829133858266
21
-3.7349423622047242
0
LINE
8
BLACK
6
CONTINUOUS
10
5.5308829133858266
20
-3.7349423622047242
11
5.5305025196850393
21
-3.7348275984251966
0
LINE
8
BLACK
6
CONTINUOUS
10
5.5305025196850393
20
-3.7348275984251966
11
5.5304729921259845
21
-3.7347725984251969
0
LINE
8
BLACK
6
CONTINUOUS
10
5.5304729921259845
20
-3.7347725984251969
11
5.5304152755905509
21
-3.7347487007874016
0
LINE
8
BLACK
6
CONTINUOUS
10
5.5304152755905509
20
-3.7347487007874016
11
5.5298008267716536
21
-3.7341342913385827
0
LINE
8
BLACK
6
CONTINUOUS
10
5.5298008267716536
20
-3.7341342913385827
11
5.5287218503937003
21
-3.733594803149606
0
LINE
8
BLACK
6
CONTINUOUS
10
5.5287218503937003
20
-3.733594803149606
11
5.5255300393700786
21
-3.733594803149606
0
LINE
8
BLACK
6
CONTINUOUS
10
5.5255300393700786
20
-3.733594803149606
11
5.5244509448818899
21
-3.7341343307086614
0
LINE
8
BLACK
6
CONTINUOUS
10
5.5244509448818899
20
-3.7341343307086614
11
5.523972125984252
21
-3.7346131496062993
0
LINE
8
BLACK
6
CONTINUOUS
10
5.523972125984252
20
-3.7346131496062993
11
5.5234326771653546
21
-3.7356921259842517
0
LINE
8
BLACK
6
CONTINUOUS
10
5.5234326771653546
20
-3.7356921259842517
11
5.5234326771653546
21
-3.7388840551181102
0
LINE
8
BLACK
6
CONTINUOUS
10
5.5234326771653546
20
-3.7388840551181102
11
5.5239721653543308
21
-3.7399630708661418
0
LINE
8
BLACK
6
CONTINUOUS
10
5.5239721653543308
20
-3.7399630708661418
11
5.5244509448818899
21
-3.7404418503937009
0
LINE
8
BLACK
6
CONTINUOUS
10
5.5244509448818899
20
-3.7404418503937009
11
5.5255299999999998
21
-3.7409813779527559
0
LINE
8
BLACK
6
CONTINUOUS
10
5.5255299999999998
20
-3.7409813779527559
11
5.5287218897637791
21
-3.7409813779527559
0
LINE
8
BLACK
6
CONTINUOUS
10
5.5287218897637791
20
-3.7409813779527559
11
5.5298009055118111
21
-3.7404418503937009
0
LINE
8
BLACK
6
CONTINUOUS
10
5.5298009055118111
20
-3.7404418503937009
11
5.5304152755905509
21
-3.7398275196850395
0
LINE
8
BLACK
6
CONTINUOUS
10
5.5304152755905509
20
-3.7398275196850395
11
5.5312504330708663
21
-3.7394815748031496
0
LINE
8
BLACK
6
CONTINUOUS
10
5.5312504330708663
20
-3.7394815748031496
11
5.5320855905511808
21
-3.7398275196850395
0
LINE
8
BLACK
6
CONTINUOUS
10
5.5320855905511808
20
-3.7398275196850395
11
5.5324315354330711
21
-3.7406626771653544
0
LINE
8
BLACK
6
CONTINUOUS
10
5.5324315354330711
20
-3.7406626771653544
11
5.5320855905511808
21
-3.7414978346456693
0
LINE
8
BLACK
6
CONTINUOUS
10
5.5320855905511808
20
-3.7414978346456693
11
5.5313356692913382
21
-3.7422477559055118
0
LINE
8
BLACK
6
CONTINUOUS
10
5.5313356692913382
20
-3.7422477559055118
11
5.5311560629921255
21
-3.7423221259842521
0
LINE
8
BLACK
6
CONTINUOUS
10
5.5311560629921255
20
-3.7423221259842521
11
5.5310287007874015
21
-3.7424690157480316
0
LINE
8
BLACK
6
CONTINUOUS
10
5.5310287007874015
20
-3.7424690157480316
11
5.5295288976377952
21
-3.7432188976377954
0
LINE
8
BLACK
6
CONTINUOUS
10
5.5295288976377952
20
-3.7432188976377954
11
5.52925468503937
21
-3.743238346456693
0
LINE
8
BLACK
6
CONTINUOUS
10
5.52925468503937
20
-3.743238346456693
11
5.5290007086614175
21
-3.743343582677165
0
LINE
8
BLACK
6
CONTINUOUS
10
5.5290007086614175
20
-3.743343582677165
11
5.5252511811023624
21
-3.743343582677165
0
LINE
8
BLACK
6
CONTINUOUS
10
5.5252511811023624
20
-3.743343582677165
11
5.5249971653543302
21
-3.743238346456693
0
LINE
8
BLACK
6
CONTINUOUS
10
5.5249971653543302
20
-3.743238346456693
11
5.5247229921259837
21
-3.7432188976377954
0
LINE
8
BLACK
6
CONTINUOUS
10
5.5247229921259837
20
-3.7432188976377954
11
5.5232231889763774
21
-3.7424690157480316
0
LINE
8
BLACK
6
CONTINUOUS
10
5.5232231889763774
20
-3.7424690157480316
11
5.5230957874015747
21
-3.7423221259842521
0
LINE
8
BLACK
6
CONTINUOUS
10
5.5230957874015747
20
-3.7423221259842521
11
5.5229162204724407
21
-3.7422477559055118
0
LINE
8
BLACK
6
CONTINUOUS
10
5.5229162204724407
20
-3.7422477559055118
11
5.5221662992125982
21
-3.7414978346456693
0
LINE
8
BLACK
6
CONTINUOUS
10
5.5221662992125982
20
-3.7414978346456693
11
5.5220918897637796
21
-3.7413182283464566
0
LINE
8
BLACK
6
CONTINUOUS
10
5.5220918897637796
20
-3.7413182283464566
11
5.5219450393700784
21
-3.7411908661417321
0
LINE
8
BLACK
6
CONTINUOUS
10
5.5219450393700784
20
-3.7411908661417321
11
5.5211951574803146
21
-3.7396910629921258
0
LINE
8
BLACK
6
CONTINUOUS
10
5.5211951574803146
20
-3.7396910629921258
11
5.5211756692913383
21
-3.7394168503937006
0
LINE
8
BLACK
6
CONTINUOUS
10
5.5211756692913383
20
-3.7394168503937006
11
5.521070472440945
21
-3.7391628740157481
0
LINE
8
BLACK
6
CONTINUOUS
10
5.521070472440945
20
-3.7391628740157481
11
5.521070472440945
21
-3.735413346456693
0
LINE
8
BLACK
6
CONTINUOUS
10
5.521070472440945
20
-3.735413346456693
11
5.5211756692913383
21
-3.7351593307086612
0
LINE
8
BLACK
6
CONTINUOUS
10
5.5211756692913383
20
-3.7351593307086612
11
5.5211951574803146
21
-3.7348851574803148
0
LINE
8
BLACK
6
CONTINUOUS
10
5.5211951574803146
20
-3.7348851574803148
11
5.5219450393700784
21
-3.7333853149606298
0
LINE
8
BLACK
6
CONTINUOUS
10
5.5219450393700784
20
-3.7333853149606298
11
5.5220918503937009
21
-3.7332579527559053
0
LINE
8
BLACK
6
CONTINUOUS
10
5.5220918503937009
20
-3.7332579527559053
11
5.5221662992125982
21
-3.7330783070866143
0
LINE
8
BLACK
6
CONTINUOUS
10
5.5221662992125982
20
-3.7330783070866143
11
5.5229162204724407
21
-3.7323284251968505
0
LINE
8
BLACK
6
CONTINUOUS
10
5.5229162204724407
20
-3.7323284251968505
11
5.5230957874015747
21
-3.7322540157480315
0
LINE
8
BLACK
6
CONTINUOUS
10
5.5230957874015747
20
-3.7322540157480315
11
5.5232231496062987
21
-3.7321072047244095
0
LINE
8
BLACK
6
CONTINUOUS
10
5.5232231496062987
20
-3.7321072047244095
11
5.5247229921259837
21
-3.731357283464567
0
LINE
8
BLACK
6
CONTINUOUS
10
5.5247229921259837
20
-3.731357283464567
11
5.5249971653543302
21
-3.7313377952755906
0
LINE
8
BLACK
6
CONTINUOUS
10
5.5249971653543302
20
-3.7313377952755906
11
5.5252511811023624
21
-3.7312325984251968
0
LINE
8
BLACK
6
CONTINUOUS
10
5.5252511811023624
20
-3.7312325984251968
11
5.5290007086614175
21
-3.7312325984251968
0
LINE
8
BLACK
6
CONTINUOUS
10
5.5290007086614175
20
-3.7312325984251968
11
5.5292546456692913
21
-3.7313377952755906
0
LINE
8
BLACK
6
CONTINUOUS
10
5.5292546456692913
20
-3.7313377952755906
11
5.529528937007874
21
-3.731357283464567
0
LINE
8
BLACK
6
CONTINUOUS
10
5.529528937007874
20
-3.731357283464567
11
5.5298224803149605
21
-3.7315040551181102
0
LINE
8
BLACK
6
CONTINUOUS
10
5.5298224803149605
20
-3.7315040551181102
11
5.5294316535433072
21
-3.7275955511811021
0
LINE
8
BLACK
6
CONTINUOUS
10
5.5294316535433072
20
-3.7275955511811021
11
5.5230014566929135
21
-3.7275955511811021
0
LINE
8
BLACK
6
CONTINUOUS
10
5.5230014566929135
20
-3.7275955511811021
11
5.5221662992125982
21
-3.7272496062992126
0
LINE
8
BLACK
6
CONTINUOUS
10
5.5221662992125982
20
-3.7272496062992126
11
5.5218203543307087
21
-3.7264144488188977
0
LINE
8
BLACK
6
CONTINUOUS
10
5.5218203543307087
20
-3.7264144488188977
11
5.5221662992125982
21
-3.7255792913385828
0
LINE
8
BLACK
6
CONTINUOUS
10
5.5221662992125982
20
-3.7255792913385828
11
5.5230014566929135
21
-3.7252333464566929
0
LINE
8
BLACK
6
CONTINUOUS
10
5.5230014566929135
20
-3.7252333464566929
11
5.5305005118110238
21
-3.7252333464566929
0
LINE
8
BLACK
6
CONTINUOUS
10
5.5305005118110238
20
-3.7252333464566929
11
5.5308677165354325
21
-3.725385433070866
0
LINE
8
BLACK
6
CONTINUOUS
10
5.5478336220472437
20
-3.7255792913385828
11
5.5481795669291341
21
-3.7264144488188977
0
LINE
8
BLACK
6
CONTINUOUS
10
5.5481795669291341
20
-3.7264144488188977
11
5.5481795669291341
21
-3.7391628740157481
0
LINE
8
BLACK
6
CONTINUOUS
10
5.5481795669291341
20
-3.7391628740157481
11
5.5480743307086611
21
-3.7394168503937006
0
LINE
8
BLACK
6
CONTINUOUS
10
5.5480743307086611
20
-3.7394168503937006
11
5.5480548818897635
21
-3.7396910629921258
0
LINE
8
BLACK
6
CONTINUOUS
10
5.5480548818897635
20
-3.7396910629921258
11
5.5473049999999997
21
-3.7411908661417321
0
LINE
8
BLACK
6
CONTINUOUS
10
5.5473049999999997
20
-3.7411908661417321
11
5.5471581102362206
21
-3.7413182283464566
0
LINE
8
BLACK
6
CONTINUOUS
10
5.5471581102362206
20
-3.7413182283464566
11
5.54708374015748
21
-3.7414978346456693
0
LINE
8
BLACK
6
CONTINUOUS
10
5.54708374015748
20
-3.7414978346456693
11
5.5463338188976374
21
-3.7422477559055118
0
LINE
8
BLACK
6
CONTINUOUS
10
5.5463338188976374
20
-3.7422477559055118
11
5.5461542125984247
21
-3.7423221259842521
0
LINE
8
BLACK
6
CONTINUOUS
10
5.5461542125984247
20
-3.7423221259842521
11
5.5460268503937007
21
-3.7424690157480316
0
LINE
8
BLACK
6
CONTINUOUS
10
5.5460268503937007
20
-3.7424690157480316
11
5.5445270472440944
21
-3.7432188976377954
0
LINE
8
BLACK
6
CONTINUOUS
10
5.5445270472440944
20
-3.7432188976377954
11
5.5442528346456692
21
-3.743238346456693
0
LINE
8
BLACK
6
CONTINUOUS
10
5.5442528346456692
20
-3.743238346456693
11
5.5439988582677167
21
-3.743343582677165
0
LINE
8
BLACK
6
CONTINUOUS
10
5.5439988582677167
20
-3.743343582677165
11
5.5409992125984253
21
-3.743343582677165
0
LINE
8
BLACK
6
CONTINUOUS
10
5.5409992125984253
20
-3.743343582677165
11
5.540745196850394
21
-3.743238346456693
0
LINE
8
BLACK
6
CONTINUOUS
10
5.540745196850394
20
-3.743238346456693
11
5.5404710236220467
21
-3.7432188976377954
0
LINE
8
BLACK
6
CONTINUOUS
10
5.5404710236220467
20
-3.7432188976377954
11
5.5389712204724404
21
-3.7424690157480316
0
LINE
8
BLACK
6
CONTINUOUS
10
5.5389712204724404
20
-3.7424690157480316
11
5.5388438188976377
21
-3.7423220866141733
0
LINE
8
BLACK
6
CONTINUOUS
10
5.5388438188976377
20
-3.7423220866141733
11
5.5386642125984249
21
-3.7422477165354331
0
LINE
8
BLACK
6
CONTINUOUS
10
5.5386642125984249
20
-3.7422477165354331
11
5.5379143307086611
21
-3.7414978346456693
0
LINE
8
BLACK
6
CONTINUOUS
10
5.5379143307086611
20
-3.7414978346456693
11
5.5378399212598426
21
-3.7413182283464566
0
LINE
8
BLACK
6
CONTINUOUS
10
5.5378399212598426
20
-3.7413182283464566
11
5.5376931102362201
21
-3.7411909055118109
0
LINE
8
BLACK
6
CONTINUOUS
10
5.5376931102362201
20
-3.7411909055118109
11
5.5369431889763776
21
-3.7396911023622046
0
LINE
8
BLACK
6
CONTINUOUS
10
5.5369431889763776
20
-3.7396911023622046
11
5.5369237007874013
21
-3.7394168110236219
0
LINE
8
BLACK
6
CONTINUOUS
10
5.5369237007874013
20
-3.7394168110236219
11
5.5368185039370079
21
-3.7391628740157481
0
LINE
8
BLACK
6
CONTINUOUS
10
5.5368185039370079
20
-3.7391628740157481
11
5.5368185039370079
21
-3.7264144488188977
0
LINE
8
BLACK
6
CONTINUOUS
10
5.5368185039370079
20
-3.7264144488188977
11
5.5371644488188974
21
-3.7255792913385828
0
LINE
8
BLACK
6
CONTINUOUS
10
5.5371644488188974
20
-3.7255792913385828
11
5.5379996062992127
21
-3.7252333464566929
0
LINE
8
BLACK
6
CONTINUOUS
10
5.5379996062992127
20
-3.7252333464566929
11
5.5388347637795272
21
-3.7255792913385828
0
LINE
8
BLACK
6
CONTINUOUS
10
5.5388347637795272
20
-3.7255792913385828
11
5.5391807086614175
21
-3.7264144488188977
0
LINE
8
BLACK
6
CONTINUOUS
10
5.5391807086614175
20
-3.7264144488188977
11
5.5391807086614175
21
-3.7388840157480314
0
LINE
8
BLACK
6
CONTINUOUS
10
5.5391807086614175
20
-3.7388840157480314
11
5.5397201968503937
21
-3.7399629921259843
0
LINE
8
BLACK
6
CONTINUOUS
10
5.5397201968503937
20
-3.7399629921259843
11
5.5401990944881891
21
-3.740441929133858
0
LINE
8
BLACK
6
CONTINUOUS
10
5.5401990944881891
20
-3.740441929133858
11
5.5412780314960628
21
-3.7409813779527559
0
LINE
8
BLACK
6
CONTINUOUS
10
5.5412780314960628
20
-3.7409813779527559
11
5.5437200393700783
21
-3.7409813779527559
0
LINE
8
BLACK
6
CONTINUOUS
10
5.5437200393700783
20
-3.7409813779527559
11
5.5447990551181103
21
-3.7404418503937009
0
LINE
8
BLACK
6
CONTINUOUS
10
5.5447990551181103
20
-3.7404418503937009
11
5.5452778346456695
21
-3.7399630708661418
0
LINE
8
BLACK
6
CONTINUOUS
10
5.5452778346456695
20
-3.7399630708661418
11
5.5458173622047244
21
-3.7388840551181102
0
LINE
8
BLACK
6
CONTINUOUS
10
5.5458173622047244
20
-3.7388840551181102
11
5.5458173622047244
21
-3.7264144488188977
0
LINE
8
BLACK
6
CONTINUOUS
10
5.5458173622047244
20
-3.7264144488188977
11
5.5461633070866139
21
-3.7255792913385828
0
LINE
8
BLACK
6
CONTINUOUS
10
5.5461633070866139
20
-3.7255792913385828
11
5.5469984645669292
21
-3.7252333464566929
0
LINE
8
BLACK
6
CONTINUOUS
10
5.5469984645669292
20
-3.7252333464566929
11
5.5478336220472437
21
-3.7255792913385828
0
LINE
8
BLACK
6
CONTINUOUS
10
5.5507480314960631
20
-3.6759448818897638
11
5.5521399606299209
21
-3.6765214566929134
0
LINE
8
BLACK
6
CONTINUOUS
10
5.5521399606299209
20
-3.6765214566929134
11
5.5678879921259838
21
-3.6922694488188976
0
LINE
8
BLACK
6
CONTINUOUS
10
5.5678879921259838
20
-3.6922694488188976
11
5.5678879921259838
21
-3.6922694881889764
0
LINE
8
BLACK
6
CONTINUOUS
10
5.5678879921259838
20
-3.6922694881889764
11
5.5684645669291335
21
-3.6936614173228346
0
LINE
8
BLACK
6
CONTINUOUS
10
5.5684645669291335
20
-3.6936614173228346
11
5.5684645669291335
21
-3.7920866141732281
0
LINE
8
BLACK
6
CONTINUOUS
10
5.5684645669291335
20
-3.7920866141732281
11
5.5678879921259838
21
-3.7934785433070863
0
LINE
8
BLACK
6
CONTINUOUS
10
5.5678879921259838
20
-3.7934785433070863
11
5.5664960629921261
21
-3.794055118110236
0
LINE
8
BLACK
6
CONTINUOUS
10
5.5664960629921261
20
-3.794055118110236
11
5.5035039370078742
21
-3.794055118110236
0
LINE
8
BLACK
6
CONTINUOUS
10
5.5035039370078742
20
-3.794055118110236
11
5.5021120078740156
21
-3.7934785433070863
0
LINE
8
BLACK
6
CONTINUOUS
10
5.5021120078740156
20
-3.7934785433070863
11
5.5015354330708659
21
-3.7920866141732281
0
LINE
8
BLACK
6
CONTINUOUS
10
5.5015354330708659
20
-3.7920866141732281
11
5.5015354330708659
21
-3.6779133858267716
0
LINE
8
BLACK
6
CONTINUOUS
10
5.5015354330708659
20
-3.6779133858267716
11
5.5021120078740156
21
-3.6765214566929134
0
LINE
8
BLACK
6
CONTINUOUS
10
5.5021120078740156
20
-3.6765214566929134
11
5.5035039370078742
21
-3.6759448818897638
0
LINE
8
BLACK
6
CONTINUOUS
10
5.5035039370078742
20
-3.6759448818897638
11
5.5507480314960631
21
-3.6759448818897638
0
LINE
8
BLACK
6
CONTINUOUS
10
5.5054724409448816
20
-3.6798818897637795
11
5.5054724409448816
21
-3.7901181102362203
0
LINE
8
BLACK
6
CONTINUOUS
10
5.5054724409448816
20
-3.7901181102362203
11
5.5645275590551178
21
-3.7901181102362203
0
LINE
8
BLACK
6
CONTINUOUS
10
5.5645275590551178
20
-3.7901181102362203
11
5.5645275590551178
21
-3.6944767716535432
0
LINE
8
BLACK
6
CONTINUOUS
10
5.5645275590551178
20
-3.6944767716535432
11
5.5499326771653541
21
-3.6798818897637795
0
LINE
8
BLACK
6
CONTINUOUS
10
5.5499326771653541
20
-3.6798818897637795
11
5.5054724409448816
21
-3.6798818897637795
0
LINE
8
BLACK
6
CONTINUOUS
10
6.0324594881889766
20
-3.7479114960629922
11
6.0340067322834647
21
-3.7492098031496064
0
LINE
8
BLACK
6
CONTINUOUS
10
6.0340067322834647
20
-3.7492098031496064
11
6.0343574803149602
21
-3.751198937007874
0
LINE
8
BLACK
6
CONTINUOUS
10
6.0343574803149602
20
-3.751198937007874
11
6.0333475590551178
21
-3.7529481102362205
0
LINE
8
BLACK
6
CONTINUOUS
10
6.0333475590551178
20
-3.7529481102362205
11
6.0314495669291341
21
-3.753638937007874
0
LINE
8
BLACK
6
CONTINUOUS
10
6.0314495669291341
20
-3.753638937007874
11
6.0053892519685039
21
-3.753638937007874
0
LINE
8
BLACK
6
CONTINUOUS
10
6.0053892519685039
20
-3.753638937007874
11
6.021449645669291
21
-3.761133779527559
0
LINE
8
BLACK
6
CONTINUOUS
10
6.021449645669291
20
-3.761133779527559
11
6.0217674015748033
21
-3.7613564173228347
0
LINE
8
BLACK
6
CONTINUOUS
10
6.0217674015748033
20
-3.7613564173228347
11
6.0218938582677168
21
-3.7613902755905513
0
LINE
8
BLACK
6
CONTINUOUS
10
6.0218938582677168
20
-3.7613902755905513
11
6.0219692125984254
21
-3.7614978346456693
0
LINE
8
BLACK
6
CONTINUOUS
10
6.0219692125984254
20
-3.7614978346456693
11
6.0222894881889761
21
-3.761722244094488
0
LINE
8
BLACK
6
CONTINUOUS
10
6.0222894881889761
20
-3.761722244094488
11
6.0226130708661412
21
-3.7624167322834645
0
LINE
8
BLACK
6
CONTINUOUS
10
6.0226130708661412
20
-3.7624167322834645
11
6.0230529133858264
21
-3.7630444488188974
0
LINE
8
BLACK
6
CONTINUOUS
10
6.0230529133858264
20
-3.7630444488188974
11
6.0230296456692916
21
-3.7633107874015748
0
LINE
8
BLACK
6
CONTINUOUS
10
6.0230296456692916
20
-3.7633107874015748
11
6.0231425590551178
21
-3.7635530708661418
0
LINE
8
BLACK
6
CONTINUOUS
10
6.0231425590551178
20
-3.7635530708661418
11
6.0229439763779524
21
-3.7642932677165355
0
LINE
8
BLACK
6
CONTINUOUS
10
6.0229439763779524
20
-3.7642932677165355
11
6.022877401574803
21
-3.7650566141732282
0
LINE
8
BLACK
6
CONTINUOUS
10
6.022877401574803
20
-3.7650566141732282
11
6.0226884645669294
21
-3.7652456299212598
0
LINE
8
BLACK
6
CONTINUOUS
10
6.0226884645669294
20
-3.7652456299212598
11
6.0226192125984248
21
-3.765503897637795
0
LINE
8
BLACK
6
CONTINUOUS
10
6.0226192125984248
20
-3.765503897637795
11
6.0219912992125986
21
-3.7659432677165352
0
LINE
8
BLACK
6
CONTINUOUS
10
6.0219912992125986
20
-3.7659432677165352
11
6.021449645669291
21
-3.7664852755905511
0
LINE
8
BLACK
6
CONTINUOUS
10
6.021449645669291
20
-3.7664852755905511
11
6.0053892519685039
21
-3.7739801181102361
0
LINE
8
BLACK
6
CONTINUOUS
10
6.0053892519685039
20
-3.7739801181102361
11
6.0314495669291341
21
-3.7739801181102361
0
LINE
8
BLACK
6
CONTINUOUS
10
6.0314495669291341
20
-3.7739801181102361
11
6.0324594881889766
21
-3.774158188976378
0
LINE
8
BLACK
6
CONTINUOUS
10
6.0324594881889766
20
-3.774158188976378
11
6.0340067322834647
21
-3.7754564960629922
0
LINE
8
BLACK
6
CONTINUOUS
10
6.0340067322834647
20
-3.7754564960629922
11
6.0343574803149602
21
-3.7774456299212598
0
LINE
8
BLACK
6
CONTINUOUS
10
6.0343574803149602
20
-3.7774456299212598
11
6.0333475590551178
21
-3.7791948031496063
0
LINE
8
BLACK
6
CONTINUOUS
10
6.0333475590551178
20
-3.7791948031496063
11
6.0314495669291341
21
-3.7798856299212598
0
LINE
8
BLACK
6
CONTINUOUS
10
6.0314495669291341
20
-3.7798856299212598
11
5.9920794881889758
21
-3.7798856299212598
0
LINE
8
BLACK
6
CONTINUOUS
10
5.9920794881889758
20
-3.7798856299212598
11
5.9910695669291334
21
-3.7797075590551179
0
LINE
8
BLACK
6
CONTINUOUS
10
5.9910695669291334
20
-3.7797075590551179
11
5.9907674409448815
21
-3.7794540551181099
0
LINE
8
BLACK
6
CONTINUOUS
10
5.9907674409448815
20
-3.7794540551181099
11
5.9903865748031491
21
-3.7793521259842517
0
LINE
8
BLACK
6
CONTINUOUS
10
5.9903865748031491
20
-3.7793521259842517
11
5.9900164173228347
21
-3.7788238582677165
0
LINE
8
BLACK
6
CONTINUOUS
10
5.9900164173228347
20
-3.7788238582677165
11
5.9895223228346453
21
-3.7784092519685037
0
LINE
8
BLACK
6
CONTINUOUS
10
5.9895223228346453
20
-3.7784092519685037
11
5.9894538188976378
21
-3.778020905511811
0
LINE
8
BLACK
6
CONTINUOUS
10
5.9894538188976378
20
-3.778020905511811
11
5.9892275590551183
21
-3.7776979527559056
0
LINE
8
BLACK
6
CONTINUOUS
10
5.9892275590551183
20
-3.7776979527559056
11
5.9892835826771655
21
-3.7770553543307086
0
LINE
8
BLACK
6
CONTINUOUS
10
5.9892835826771655
20
-3.7770553543307086
11
5.9891715748031498
21
-3.7764201181102361
0
LINE
8
BLACK
6
CONTINUOUS
10
5.9891715748031498
20
-3.7764201181102361
11
5.98936874015748
21
-3.7760785433070865
0
LINE
8
BLACK
6
CONTINUOUS
10
5.98936874015748
20
-3.7760785433070865
11
5.9894030314960629
21
-3.7756857874015748
0
LINE
8
BLACK
6
CONTINUOUS
10
5.9894030314960629
20
-3.7756857874015748
11
5.9898589370078739
21
-3.7752295669291338
0
LINE
8
BLACK
6
CONTINUOUS
10
5.9898589370078739
20
-3.7752295669291338
11
5.9901814960629922
21
-3.7746709448818896
0
LINE
8
BLACK
6
CONTINUOUS
10
5.9901814960629922
20
-3.7746709448818896
11
5.9905520472440941
21
-3.7745360629921261
0
LINE
8
BLACK
6
CONTINUOUS
10
5.9905520472440941
20
-3.7745360629921261
11
5.9908308267716537
21
-3.7742571259842519
0
LINE
8
BLACK
6
CONTINUOUS
10
5.9908308267716537
20
-3.7742571259842519
11
6.0132185039370079
21
-3.7638095275590548
0
LINE
8
BLACK
6
CONTINUOUS
10
6.0132185039370079
20
-3.7638095275590548
11
5.9908308267716537
21
-3.7533619291338582
0
LINE
8
BLACK
6
CONTINUOUS
10
5.9908308267716537
20
-3.7533619291338582
11
5.9899909448818898
21
-3.7527734645669288
0
LINE
8
BLACK
6
CONTINUOUS
10
5.9899909448818898
20
-3.7527734645669288
11
5.9898243700787397
21
-3.7524160236220472
0
LINE
8
BLACK
6
CONTINUOUS
10
5.9898243700787397
20
-3.7524160236220472
11
5.9895223228346453
21
-3.752162559055118
0
LINE
8
BLACK
6
CONTINUOUS
10
5.9895223228346453
20
-3.752162559055118
11
5.9894103149606295
21
-3.7515273622047243
0
LINE
8
BLACK
6
CONTINUOUS
10
5.9894103149606295
20
-3.7515273622047243
11
5.9891378740157482
21
-3.7509426771653542
0
LINE
8
BLACK
6
CONTINUOUS
10
5.9891378740157482
20
-3.7509426771653542
11
5.9892400393700784
21
-3.7505617716535431
0
LINE
8
BLACK
6
CONTINUOUS
10
5.9892400393700784
20
-3.7505617716535431
11
5.9891715748031498
21
-3.7501734251968504
0
LINE
8
BLACK
6
CONTINUOUS
10
5.9891715748031498
20
-3.7501734251968504
11
5.9894940551181097
21
-3.7496148425196849
0
LINE
8
BLACK
6
CONTINUOUS
10
5.9894940551181097
20
-3.7496148425196849
11
5.9896612204724411
21
-3.7489918110236218
0
LINE
8
BLACK
6
CONTINUOUS
10
5.9896612204724411
20
-3.7489918110236218
11
5.9899843307086611
21
-3.7487656692913385
0
LINE
8
BLACK
6
CONTINUOUS
10
5.9899843307086611
20
-3.7487656692913385
11
5.9901814960629922
21
-3.7484242519685038
0
LINE
8
BLACK
6
CONTINUOUS
10
5.9901814960629922
20
-3.7484242519685038
11
5.9907875590551178
21
-3.7482036220472441
0
LINE
8
BLACK
6
CONTINUOUS
10
5.9907875590551178
20
-3.7482036220472441
11
5.9913161023622044
21
-3.7478338188976377
0
LINE
8
BLACK
6
CONTINUOUS
10
5.9913161023622044
20
-3.7478338188976377
11
5.9917088976377952
21
-3.7478682677165351
0
LINE
8
BLACK
6
CONTINUOUS
10
5.9917088976377952
20
-3.7478682677165351
11
5.9920794881889758
21
-3.7477334251968504
0
LINE
8
BLACK
6
CONTINUOUS
10
5.9920794881889758
20
-3.7477334251968504
11
6.0314495669291341
21
-3.7477334251968504
0
LINE
8
BLACK
6
CONTINUOUS
10
6.0314495669291341
20
-3.7477334251968504
11
6.0324594881889766
21
-3.7479114960629922
0
LINE
8
BLACK
6
CONTINUOUS
10
5.0097609448818901
20
-3.7633918897637795
11
5.0098940551181101
21
-3.7633684251968504
0
LINE
8
BLACK
6
CONTINUOUS
10
5.0098940551181101
20
-3.7633684251968504
11
5.010011023622047
21
-3.7634359448818895
0
LINE
8
BLACK
6
CONTINUOUS
10
5.010011023622047
20
-3.7634359448818895
11
5.0101455118110234
21
-3.7634242125984252
0
LINE
8
BLACK
6
CONTINUOUS
10
5.0101455118110234
20
-3.7634242125984252
11
5.0107738976377956
21
-3.763864212598425
0
LINE
8
BLACK
6
CONTINUOUS
10
5.0107738976377956
20
-3.763864212598425
11
5.011469212598425
21
-3.7641884251968505
0
LINE
8
BLACK
6
CONTINUOUS
10
5.011469212598425
20
-3.7641884251968505
11
5.0133439763779526
21
-3.766063188976378
0
LINE
8
BLACK
6
CONTINUOUS
10
5.0133439763779526
20
-3.766063188976378
11
5.0135673622047241
21
-3.7663822047244095
0
LINE
8
BLACK
6
CONTINUOUS
10
5.0135673622047241
20
-3.7663822047244095
11
5.0136748425196851
21
-3.7664574803149606
0
LINE
8
BLACK
6
CONTINUOUS
10
5.0136748425196851
20
-3.7664574803149606
11
5.0137087795275592
21
-3.766584212598425
0
LINE
8
BLACK
6
CONTINUOUS
10
5.0137087795275592
20
-3.766584212598425
11
5.0139321653543307
21
-3.7669032283464565
0
LINE
8
BLACK
6
CONTINUOUS
10
5.0139321653543307
20
-3.7669032283464565
11
5.0139990157480314
21
-3.7676674409448818
0
LINE
8
BLACK
6
CONTINUOUS
10
5.0139990157480314
20
-3.7676674409448818
11
5.014197559055118
21
-3.7684084645669289
0
LINE
8
BLACK
6
CONTINUOUS
10
5.014197559055118
20
-3.7684084645669289
11
5.0140849606299209
21
-3.7686498818897638
0
LINE
8
BLACK
6
CONTINUOUS
10
5.0140849606299209
20
-3.7686498818897638
11
5.0141081889763779
21
-3.7689153149606298
0
LINE
8
BLACK
6
CONTINUOUS
10
5.0141081889763779
20
-3.7689153149606298
11
5.0136681889763777
21
-3.7695437007874015
0
LINE
8
BLACK
6
CONTINUOUS
10
5.0136681889763777
20
-3.7695437007874015
11
5.0133439763779526
21
-3.7702390157480314
0
LINE
8
BLACK
6
CONTINUOUS
10
5.0133439763779526
20
-3.7702390157480314
11
5.011469212598425
21
-3.772113779527559
0
LINE
8
BLACK
6
CONTINUOUS
10
5.011469212598425
20
-3.772113779527559
11
5.0111501574803148
21
-3.7723371653543305
0
LINE
8
BLACK
6
CONTINUOUS
10
5.0111501574803148
20
-3.7723371653543305
11
5.0110749212598424
21
-3.7724446456692911
0
LINE
8
BLACK
6
CONTINUOUS
10
5.0110749212598424
20
-3.7724446456692911
11
5.0109481496062989
21
-3.7724785826771652
0
LINE
8
BLACK
6
CONTINUOUS
10
5.0109481496062989
20
-3.7724785826771652
11
5.0109411811023623
21
-3.7724834645669292
0
LINE
8
BLACK
6
CONTINUOUS
10
5.0109411811023623
20
-3.7724834645669292
11
5.0108576771653546
21
-3.7725830314960631
0
LINE
8
BLACK
6
CONTINUOUS
10
5.0108576771653546
20
-3.7725830314960631
11
5.0107792913385829
21
-3.7725968503937009
0
LINE
8
BLACK
6
CONTINUOUS
10
5.0107792913385829
20
-3.7725968503937009
11
5.0106291732283461
21
-3.7727019685039371
0
LINE
8
BLACK
6
CONTINUOUS
10
5.0106291732283461
20
-3.7727019685039371
11
5.0098648425196846
21
-3.7727688188976378
0
LINE
8
BLACK
6
CONTINUOUS
10
5.0098648425196846
20
-3.7727688188976378
11
5.0091239370078737
21
-3.7729673622047244
0
LINE
8
BLACK
6
CONTINUOUS
10
5.0091239370078737
20
-3.7729673622047244
11
5.0090015748031496
21
-3.77291031496063
0
LINE
8
BLACK
6
CONTINUOUS
10
5.0090015748031496
20
-3.77291031496063
11
5.0088685433070861
21
-3.772933779527559
0
LINE
8
BLACK
6
CONTINUOUS
10
5.0088685433070861
20
-3.772933779527559
11
5.0087515748031493
21
-3.7728662598425196
0
LINE
8
BLACK
6
CONTINUOUS
10
5.0087515748031493
20
-3.7728662598425196
11
5.0086170866141728
21
-3.772878031496063
0
LINE
8
BLACK
6
CONTINUOUS
10
5.0086170866141728
20
-3.772878031496063
11
5.0079885826771653
21
-3.7724379133858266
0
LINE
8
BLACK
6
CONTINUOUS
10
5.0079885826771653
20
-3.7724379133858266
11
5.0072933858267712
21
-3.772113779527559
0
LINE
8
BLACK
6
CONTINUOUS
10
5.0072933858267712
20
-3.772113779527559
11
5.0054186220472436
21
-3.7702390157480314
0
LINE
8
BLACK
6
CONTINUOUS
10
5.0054186220472436
20
-3.7702390157480314
11
5.0051952362204721
21
-3.7699199606299212
0
LINE
8
BLACK
6
CONTINUOUS
10
5.0051952362204721
20
-3.7699199606299212
11
5.005087755905512
21
-3.7698447244094488
0
LINE
8
BLACK
6
CONTINUOUS
10
5.005087755905512
20
-3.7698447244094488
11
5.0050537795275591
21
-3.7697179527559053
0
LINE
8
BLACK
6
CONTINUOUS
10
5.0050537795275591
20
-3.7697179527559053
11
5.0048304330708664
21
-3.7693989763779525
0
LINE
8
BLACK
6
CONTINUOUS
10
5.0048304330708664
20
-3.7693989763779525
11
5.0047635433070861
21
-3.7686346850393702
0
LINE
8
BLACK
6
CONTINUOUS
10
5.0047635433070861
20
-3.7686346850393702
11
5.0045650393700782
21
-3.7678937795275589
0
LINE
8
BLACK
6
CONTINUOUS
10
5.0045650393700782
20
-3.7678937795275589
11
5.0046775984251965
21
-3.7676523622047244
0
LINE
8
BLACK
6
CONTINUOUS
10
5.0046775984251965
20
-3.7676523622047244
11
5.0046543700787405
21
-3.7673868897637792
0
LINE
8
BLACK
6
CONTINUOUS
10
5.0046543700787405
20
-3.7673868897637792
11
5.0050944488188973
21
-3.7667583464566929
0
LINE
8
BLACK
6
CONTINUOUS
10
5.0050944488188973
20
-3.7667583464566929
11
5.0054186220472436
21
-3.766063188976378
0
LINE
8
BLACK
6
CONTINUOUS
10
5.0054186220472436
20
-3.766063188976378
11
5.0072933858267712
21
-3.7641884251968505
0
LINE
8
BLACK
6
CONTINUOUS
10
5.0072933858267712
20
-3.7641884251968505
11
5.0076124015748027
21
-3.7639650393700785
0
LINE
8
BLACK
6
CONTINUOUS
10
5.0076124015748027
20
-3.7639650393700785
11
5.0076876771653538
21
-3.763857559055118
0
LINE
8
BLACK
6
CONTINUOUS
10
5.0076876771653538
20
-3.763857559055118
11
5.0078144094488186
21
-3.7638235826771651
0
LINE
8
BLACK
6
CONTINUOUS
10
5.0078144094488186
20
-3.7638235826771651
11
5.0078213779527561
21
-3.7638187007874015
0
LINE
8
BLACK
6
CONTINUOUS
10
5.0078213779527561
20
-3.7638187007874015
11
5.0079049212598425
21
-3.7637191732283464
0
LINE
8
BLACK
6
CONTINUOUS
10
5.0079049212598425
20
-3.7637191732283464
11
5.0079832677165355
21
-3.7637053149606299
0
LINE
8
BLACK
6
CONTINUOUS
10
5.0079832677165355
20
-3.7637053149606299
11
5.0081334251968501
21
-3.7636002362204724
0
LINE
8
BLACK
6
CONTINUOUS
10
5.0081334251968501
20
-3.7636002362204724
11
5.0088975984251967
21
-3.7635333464566929
0
LINE
8
BLACK
6
CONTINUOUS
10
5.0088975984251967
20
-3.7635333464566929
11
5.0096386220472438
21
-3.7633348425196851
0
LINE
8
BLACK
6
CONTINUOUS
10
5.0096386220472438
20
-3.7633348425196851
11
5.0097609448818901
21
-3.7633918897637795
0
LINE
8
BLACK
6
CONTINUOUS
10
5.133495472440945
20
-3.7633918897637795
11
5.133628582677165
21
-3.7633684251968504
0
LINE
8
BLACK
6
CONTINUOUS
10
5.133628582677165
20
-3.7633684251968504
11
5.1337455511811019
21
-3.7634359448818895
0
LINE
8
BLACK
6
CONTINUOUS
10
5.1337455511811019
20
-3.7634359448818895
11
5.1338800393700783
21
-3.7634242125984252
0
LINE
8
BLACK
6
CONTINUOUS
10
5.1338800393700783
20
-3.7634242125984252
11
5.1345084251968505
21
-3.763864212598425
0
LINE
8
BLACK
6
CONTINUOUS
10
5.1345084251968505
20
-3.763864212598425
11
5.1352037401574799
21
-3.7641884251968505
0
LINE
8
BLACK
6
CONTINUOUS
10
5.1352037401574799
20
-3.7641884251968505
11
5.1370785039370075
21
-3.766063188976378
0
LINE
8
BLACK
6
CONTINUOUS
10
5.1370785039370075
20
-3.766063188976378
11
5.137301889763779
21
-3.7663822047244095
0
LINE
8
BLACK
6
CONTINUOUS
10
5.137301889763779
20
-3.7663822047244095
11
5.13740937007874
21
-3.7664574803149606
0
LINE
8
BLACK
6
CONTINUOUS
10
5.13740937007874
20
-3.7664574803149606
11
5.1374433070866141
21
-3.766584212598425
0
LINE
8
BLACK
6
CONTINUOUS
10
5.1374433070866141
20
-3.766584212598425
11
5.1376666929133856
21
-3.7669032283464565
0
LINE
8
BLACK
6
CONTINUOUS
10
5.1376666929133856
20
-3.7669032283464565
11
5.1377335433070863
21
-3.7676674409448818
0
LINE
8
BLACK
6
CONTINUOUS
10
5.1377335433070863
20
-3.7676674409448818
11
5.1379320866141729
21
-3.7684084645669289
0
LINE
8
BLACK
6
CONTINUOUS
10
5.1379320866141729
20
-3.7684084645669289
11
5.1378194881889758
21
-3.7686498818897638
0
LINE
8
BLACK
6
CONTINUOUS
10
5.1378194881889758
20
-3.7686498818897638
11
5.1378427165354328
21
-3.7689153149606298
0
LINE
8
BLACK
6
CONTINUOUS
10
5.1378427165354328
20
-3.7689153149606298
11
5.1374027165354326
21
-3.7695437007874015
0
LINE
8
BLACK
6
CONTINUOUS
10
5.1374027165354326
20
-3.7695437007874015
11
5.1370785039370075
21
-3.7702390157480314
0
LINE
8
BLACK
6
CONTINUOUS
10
5.1370785039370075
20
-3.7702390157480314
11
5.1352037401574799
21
-3.772113779527559
0
LINE
8
BLACK
6
CONTINUOUS
10
5.1352037401574799
20
-3.772113779527559
11
5.1348846850393697
21
-3.7723371653543305
0
LINE
8
BLACK
6
CONTINUOUS
10
5.1348846850393697
20
-3.7723371653543305
11
5.1348094488188973
21
-3.7724446456692911
0
LINE
8
BLACK
6
CONTINUOUS
10
5.1348094488188973
20
-3.7724446456692911
11
5.1346826771653546
21
-3.7724785826771652
0
LINE
8
BLACK
6
CONTINUOUS
10
5.1346826771653546
20
-3.7724785826771652
11
5.1346757086614172
21
-3.7724834645669292
0
LINE
8
BLACK
6
CONTINUOUS
10
5.1346757086614172
20
-3.7724834645669292
11
5.1345922047244095
21
-3.7725830314960631
0
LINE
8
BLACK
6
CONTINUOUS
10
5.1345922047244095
20
-3.7725830314960631
11
5.1345138188976378
21
-3.7725968503937009
0
LINE
8
BLACK
6
CONTINUOUS
10
5.1345138188976378
20
-3.7725968503937009
11
5.1343637007874019
21
-3.7727019685039371
0
LINE
8
BLACK
6
CONTINUOUS
10
5.1343637007874019
20
-3.7727019685039371
11
5.1335993700787403
21
-3.7727688188976378
0
LINE
8
BLACK
6
CONTINUOUS
10
5.1335993700787403
20
-3.7727688188976378
11
5.1328584645669286
21
-3.7729673622047244
0
LINE
8
BLACK
6
CONTINUOUS
10
5.1328584645669286
20
-3.7729673622047244
11
5.1327361023622045
21
-3.77291031496063
0
LINE
8
BLACK
6
CONTINUOUS
10
5.1327361023622045
20
-3.77291031496063
11
5.1326030708661419
21
-3.772933779527559
0
LINE
8
BLACK
6
CONTINUOUS
10
5.1326030708661419
20
-3.772933779527559
11
5.132486102362205
21
-3.7728662598425196
0
LINE
8
BLACK
6
CONTINUOUS
10
5.132486102362205
20
-3.7728662598425196
11
5.1323516141732286
21
-3.772878031496063
0
LINE
8
BLACK
6
CONTINUOUS
10
5.1323516141732286
20
-3.772878031496063
11
5.1317231102362202
21
-3.7724379133858266
0
LINE
8
BLACK
6
CONTINUOUS
10
5.1317231102362202
20
-3.7724379133858266
11
5.131027913385827
21
-3.772113779527559
0
LINE
8
BLACK
6
CONTINUOUS
10
5.131027913385827
20
-3.772113779527559
11
5.1291531496062994
21
-3.7702390157480314
0
LINE
8
BLACK
6
CONTINUOUS
10
5.1291531496062994
20
-3.7702390157480314
11
5.128929763779527
21
-3.7699199606299212
0
LINE
8
BLACK
6
CONTINUOUS
10
5.128929763779527
20
-3.7699199606299212
11
5.1288222834645669
21
-3.7698447244094488
0
LINE
8
BLACK
6
CONTINUOUS
10
5.1288222834645669
20
-3.7698447244094488
11
5.128788307086614
21
-3.7697179527559053
0
LINE
8
BLACK
6
CONTINUOUS
10
5.128788307086614
20
-3.7697179527559053
11
5.1285649606299213
21
-3.7693989763779525
0
LINE
8
BLACK
6
CONTINUOUS
10
5.1285649606299213
20
-3.7693989763779525
11
5.1284980708661418
21
-3.7686346850393702
0
LINE
8
BLACK
6
CONTINUOUS
10
5.1284980708661418
20
-3.7686346850393702
11
5.128299566929134
21
-3.7678937795275589
0
LINE
8
BLACK
6
CONTINUOUS
10
5.128299566929134
20
-3.7678937795275589
11
5.1284121259842514
21
-3.7676523622047244
0
LINE
8
BLACK
6
CONTINUOUS
10
5.1284121259842514
20
-3.7676523622047244
11
5.1283888976377954
21
-3.7673868897637792
0
LINE
8
BLACK
6
CONTINUOUS
10
5.1283888976377954
20
-3.7673868897637792
11
5.1288289763779522
21
-3.7667583464566929
0
LINE
8
BLACK
6
CONTINUOUS
10
5.1288289763779522
20
-3.7667583464566929
11
5.1291531496062994
21
-3.766063188976378
0
LINE
8
BLACK
6
CONTINUOUS
10
5.1291531496062994
20
-3.766063188976378
11
5.131027913385827
21
-3.7641884251968505
0
LINE
8
BLACK
6
CONTINUOUS
10
5.131027913385827
20
-3.7641884251968505
11
5.1313469291338585
21
-3.7639650393700785
0
LINE
8
BLACK
6
CONTINUOUS
10
5.1313469291338585
20
-3.7639650393700785
11
5.1314222047244096
21
-3.763857559055118
0
LINE
8
BLACK
6
CONTINUOUS
10
5.1314222047244096
20
-3.763857559055118
11
5.1315489370078735
21
-3.7638235826771651
0
LINE
8
BLACK
6
CONTINUOUS
10
5.1315489370078735
20
-3.7638235826771651
11
5.131555905511811
21
-3.7638187007874015
0
LINE
8
BLACK
6
CONTINUOUS
10
5.131555905511811
20
-3.7638187007874015
11
5.1316394488188974
21
-3.7637191732283464
0
LINE
8
BLACK
6
CONTINUOUS
10
5.1316394488188974
20
-3.7637191732283464
11
5.1317177952755904
21
-3.7637053149606299
0
LINE
8
BLACK
6
CONTINUOUS
10
5.1317177952755904
20
-3.7637053149606299
11
5.131867952755905
21
-3.7636002362204724
0
LINE
8
BLACK
6
CONTINUOUS
10
5.131867952755905
20
-3.7636002362204724
11
5.1326321259842516
21
-3.7635333464566929
0
LINE
8
BLACK
6
CONTINUOUS
10
5.1326321259842516
20
-3.7635333464566929
11
5.1333731496062995
21
-3.7633348425196851
0
LINE
8
BLACK
6
CONTINUOUS
10
5.1333731496062995
20
-3.7633348425196851
11
5.133495472440945
21
-3.7633918897637795
0
LINE
8
BLACK
6
CONTINUOUS
10
5.2516540551181103
20
-3.7489116141732284
11
5.251836889763779
21
-3.7489246062992123
0
LINE
8
BLACK
6
CONTINUOUS
10
5.251836889763779
20
-3.7489246062992123
11
5.2527742913385822
21
-3.7493933070866139
0
LINE
8
BLACK
6
CONTINUOUS
10
5.2527742913385822
20
-3.7493933070866139
11
5.2528591732283463
21
-3.7494911811023619
0
LINE
8
BLACK
6
CONTINUOUS
10
5.2528591732283463
20
-3.7494911811023619
11
5.2529789763779524
21
-3.7495408267716535
0
LINE
8
BLACK
6
CONTINUOUS
10
5.2529789763779524
20
-3.7495408267716535
11
5.2534476377952757
21
-3.7500095669291338
0
LINE
8
BLACK
6
CONTINUOUS
10
5.2534476377952757
20
-3.7500095669291338
11
5.2536782283464563
21
-3.7505663385826771
0
LINE
8
BLACK
6
CONTINUOUS
10
5.2536782283464563
20
-3.7505663385826771
11
5.2534475984251969
21
-3.7511231102362204
0
LINE
8
BLACK
6
CONTINUOUS
10
5.2534475984251969
20
-3.7511231102362204
11
5.2528908267716536
21
-3.7513537007874014
0
LINE
8
BLACK
6
CONTINUOUS
10
5.2528908267716536
20
-3.7513537007874014
11
5.2523340551181104
21
-3.7511230708661416
0
LINE
8
BLACK
6
CONTINUOUS
10
5.2523340551181104
20
-3.7511230708661416
11
5.2519556692913385
21
-3.7507446850393702
0
LINE
8
BLACK
6
CONTINUOUS
10
5.2519556692913385
20
-3.7507446850393702
11
5.2512988582677167
21
-3.7504162992125982
0
LINE
8
BLACK
6
CONTINUOUS
10
5.2512988582677167
20
-3.7504162992125982
11
5.2493272047244091
21
-3.7504162992125982
0
LINE
8
BLACK
6
CONTINUOUS
10
5.2493272047244091
20
-3.7504162992125982
11
5.2486703543307085
21
-3.7507447244094489
0
LINE
8
BLACK
6
CONTINUOUS
10
5.2486703543307085
20
-3.7507447244094489
11
5.2483823228346456
21
-3.7510327165354331
0
LINE
8
BLACK
6
CONTINUOUS
10
5.2483823228346456
20
-3.7510327165354331
11
5.2480539370078736
21
-3.7516895275590549
0
LINE
8
BLACK
6
CONTINUOUS
10
5.2480539370078736
20
-3.7516895275590549
11
5.2480539370078736
21
-3.7523131889763777
0
LINE
8
BLACK
6
CONTINUOUS
10
5.2480539370078736
20
-3.7523131889763777
11
5.2484234645669288
21
-3.7534218110236219
0
LINE
8
BLACK
6
CONTINUOUS
10
5.2484234645669288
20
-3.7534218110236219
11
5.2539162992125981
21
-3.7589146456692912
0
LINE
8
BLACK
6
CONTINUOUS
10
5.2539162992125981
20
-3.7589146456692912
11
5.2541469291338583
21
-3.7594714173228345
0
LINE
8
BLACK
6
CONTINUOUS
10
5.2541469291338583
20
-3.7594714173228345
11
5.2539162992125981
21
-3.7600281889763778
0
LINE
8
BLACK
6
CONTINUOUS
10
5.2539162992125981
20
-3.7600281889763778
11
5.2533595275590548
21
-3.7602588188976376
0
LINE
8
BLACK
6
CONTINUOUS
10
5.2533595275590548
20
-3.7602588188976376
11
5.247266535433071
21
-3.7602588188976376
0
LINE
8
BLACK
6
CONTINUOUS
10
5.247266535433071
20
-3.7602588188976376
11
5.2467097637795277
21
-3.7600281889763778
0
LINE
8
BLACK
6
CONTINUOUS
10
5.2467097637795277
20
-3.7600281889763778
11
5.2464791338582675
21
-3.7594714173228345
0
LINE
8
BLACK
6
CONTINUOUS
10
5.2464791338582675
20
-3.7594714173228345
11
5.2467097637795277
21
-3.7589146456692912
0
LINE
8
BLACK
6
CONTINUOUS
10
5.2467097637795277
20
-3.7589146456692912
11
5.247266535433071
21
-3.7586840157480315
0
LINE
8
BLACK
6
CONTINUOUS
10
5.247266535433071
20
-3.7586840157480315
11
5.2514585826771656
21
-3.7586840157480315
0
LINE
8
BLACK
6
CONTINUOUS
10
5.2514585826771656
20
-3.7586840157480315
11
5.2471784645669288
21
-3.7544038976377951
0
LINE
8
BLACK
6
CONTINUOUS
10
5.2471784645669288
20
-3.7544038976377951
11
5.2471083070866138
21
-3.7542346062992125
0
LINE
8
BLACK
6
CONTINUOUS
10
5.2471083070866138
20
-3.7542346062992125
11
5.2469882283464564
21
-3.7540961417322833
0
LINE
8
BLACK
6
CONTINUOUS
10
5.2469882283464564
20
-3.7540961417322833
11
5.2465195275590553
21
-3.7526900787401574
0
LINE
8
BLACK
6
CONTINUOUS
10
5.2465195275590553
20
-3.7526900787401574
11
5.2465287007874011
21
-3.7525607480314962
0
LINE
8
BLACK
6
CONTINUOUS
10
5.2465287007874011
20
-3.7525607480314962
11
5.2464791338582675
21
-3.7524410629921259
0
LINE
8
BLACK
6
CONTINUOUS
10
5.2464791338582675
20
-3.7524410629921259
11
5.2464791338582675
21
-3.7515036614173227
0
LINE
8
BLACK
6
CONTINUOUS
10
5.2464791338582675
20
-3.7515036614173227
11
5.2465492519685037
21
-3.7513342913385825
0
LINE
8
BLACK
6
CONTINUOUS
10
5.2465492519685037
20
-3.7513342913385825
11
5.2465622834645664
21
-3.7511514960629921
0
LINE
8
BLACK
6
CONTINUOUS
10
5.2465622834645664
20
-3.7511514960629921
11
5.2470309448818897
21
-3.7502141732283465
0
LINE
8
BLACK
6
CONTINUOUS
10
5.2470309448818897
20
-3.7502141732283465
11
5.2471288582677165
21
-3.7501292519685037
0
LINE
8
BLACK
6
CONTINUOUS
10
5.2471288582677165
20
-3.7501292519685037
11
5.2471784645669288
21
-3.750009527559055
0
LINE
8
BLACK
6
CONTINUOUS
10
5.2471784645669288
20
-3.750009527559055
11
5.2476471653543308
21
-3.7495408267716535
0
LINE
8
BLACK
6
CONTINUOUS
10
5.2476471653543308
20
-3.7495408267716535
11
5.2477668503937007
21
-3.7494912204724407
0
LINE
8
BLACK
6
CONTINUOUS
10
5.2477668503937007
20
-3.7494912204724407
11
5.2478517716535436
21
-3.7493933464566926
0
LINE
8
BLACK
6
CONTINUOUS
10
5.2478517716535436
20
-3.7493933464566926
11
5.248789133858268
21
-3.7489246456692911
0
LINE
8
BLACK
6
CONTINUOUS
10
5.248789133858268
20
-3.7489246456692911
11
5.2489718897637792
21
-3.7489116535433071
0
LINE
8
BLACK
6
CONTINUOUS
10
5.2489718897637792
20
-3.7489116535433071
11
5.2491412992125985
21
-3.7488414960629921
0
LINE
8
BLACK
6
CONTINUOUS
10
5.2491412992125985
20
-3.7488414960629921
11
5.2514847637795272
21
-3.7488414960629921
0
LINE
8
BLACK
6
CONTINUOUS
10
5.2514847637795272
20
-3.7488414960629921
11
5.2516540551181103
21
-3.7489116141732284
0
LINE
8
BLACK
6
CONTINUOUS
10
5.2595722047244093
20
-3.7488910629921257
11
5.259701535433071
21
-3.7488818897637795
0
LINE
8
BLACK
6
CONTINUOUS
10
5.259701535433071
20
-3.7488818897637795
11
5.2611075984251965
21
-3.749350590551181
0
LINE
8
BLACK
6
CONTINUOUS
10
5.2611075984251965
20
-3.749350590551181
11
5.261246062992126
21
-3.7494706692913384
0
LINE
8
BLACK
6
CONTINUOUS
10
5.261246062992126
20
-3.7494706692913384
11
5.2614153543307083
21
-3.7495408267716535
0
LINE
8
BLACK
6
CONTINUOUS
10
5.2614153543307083
20
-3.7495408267716535
11
5.2623527559055114
21
-3.7504782283464566
0
LINE
8
BLACK
6
CONTINUOUS
10
5.2623527559055114
20
-3.7504782283464566
11
5.2624023228346459
21
-3.7505979133858265
0
LINE
8
BLACK
6
CONTINUOUS
10
5.2624023228346459
20
-3.7505979133858265
11
5.2625002362204727
21
-3.7506828346456693
0
LINE
8
BLACK
6
CONTINUOUS
10
5.2625002362204727
20
-3.7506828346456693
11
5.2629689370078738
21
-3.7516201968503937
0
LINE
8
BLACK
6
CONTINUOUS
10
5.2629689370078738
20
-3.7516201968503937
11
5.2629752755905512
21
-3.7517094488188976
0
LINE
8
BLACK
6
CONTINUOUS
10
5.2629752755905512
20
-3.7517094488188976
11
5.2630285826771654
21
-3.7517814173228348
0
LINE
8
BLACK
6
CONTINUOUS
10
5.2630285826771654
20
-3.7517814173228348
11
5.2634972440944878
21
-3.7536561417322836
0
LINE
8
BLACK
6
CONTINUOUS
10
5.2634972440944878
20
-3.7536561417322836
11
5.2634825196850397
21
-3.7537548818897637
0
LINE
8
BLACK
6
CONTINUOUS
10
5.2634825196850397
20
-3.7537548818897637
11
5.2635207480314961
21
-3.7538471259842519
0
LINE
8
BLACK
6
CONTINUOUS
10
5.2635207480314961
20
-3.7538471259842519
11
5.2635207480314961
21
-3.7552531889763778
0
LINE
8
BLACK
6
CONTINUOUS
10
5.2635207480314961
20
-3.7552531889763778
11
5.2634825196850397
21
-3.7553453937007872
0
LINE
8
BLACK
6
CONTINUOUS
10
5.2634825196850397
20
-3.7553453937007872
11
5.2634972440944878
21
-3.7554441732283466
0
LINE
8
BLACK
6
CONTINUOUS
10
5.2634972440944878
20
-3.7554441732283466
11
5.2630285826771654
21
-3.7573188976377954
0
LINE
8
BLACK
6
CONTINUOUS
10
5.2630285826771654
20
-3.7573188976377954
11
5.2629752755905512
21
-3.7573908267716534
0
LINE
8
BLACK
6
CONTINUOUS
10
5.2629752755905512
20
-3.7573908267716534
11
5.2629689370078738
21
-3.757480118110236
0
LINE
8
BLACK
6
CONTINUOUS
10
5.2629689370078738
20
-3.757480118110236
11
5.2625002755905514
21
-3.7584174803149604
0
LINE
8
BLACK
6
CONTINUOUS
10
5.2625002755905514
20
-3.7584174803149604
11
5.2624023228346459
21
-3.7585023622047244
0
LINE
8
BLACK
6
CONTINUOUS
10
5.2624023228346459
20
-3.7585023622047244
11
5.2623527559055114
21
-3.7586221259842518
0
LINE
8
BLACK
6
CONTINUOUS
10
5.2623527559055114
20
-3.7586221259842518
11
5.2614153543307083
21
-3.759559527559055
0
LINE
8
BLACK
6
CONTINUOUS
10
5.2614153543307083
20
-3.759559527559055
11
5.261246062992126
21
-3.7596296062992125
0
LINE
8
BLACK
6
CONTINUOUS
10
5.261246062992126
20
-3.7596296062992125
11
5.2611075984251965
21
-3.7597497637795274
0
LINE
8
BLACK
6
CONTINUOUS
10
5.2611075984251965
20
-3.7597497637795274
11
5.2597014960629922
21
-3.7602184251968502
0
LINE
8
BLACK
6
CONTINUOUS
10
5.2597014960629922
20
-3.7602184251968502
11
5.2595722047244093
21
-3.7602092125984252
0
LINE
8
BLACK
6
CONTINUOUS
10
5.2595722047244093
20
-3.7602092125984252
11
5.2594525196850395
21
-3.7602588188976376
0
LINE
8
BLACK
6
CONTINUOUS
10
5.2594525196850395
20
-3.7602588188976376
11
5.2585151574803151
21
-3.7602588188976376
0
LINE
8
BLACK
6
CONTINUOUS
10
5.2585151574803151
20
-3.7602588188976376
11
5.2583954330708664
21
-3.7602092125984252
0
LINE
8
BLACK
6
CONTINUOUS
10
5.2583954330708664
20
-3.7602092125984252
11
5.2582661811023623
21
-3.7602184251968502
0
LINE
8
BLACK
6
CONTINUOUS
10
5.2582661811023623
20
-3.7602184251968502
11
5.2568600787401571
21
-3.7597497637795274
0
LINE
8
BLACK
6
CONTINUOUS
10
5.2568600787401571
20
-3.7597497637795274
11
5.2567215748031497
21
-3.7596296456692913
0
LINE
8
BLACK
6
CONTINUOUS
10
5.2567215748031497
20
-3.7596296456692913
11
5.2565522834645666
21
-3.759559527559055
0
LINE
8
BLACK
6
CONTINUOUS
10
5.2565522834645666
20
-3.759559527559055
11
5.2560835826771655
21
-3.7590908267716534
0
LINE
8
BLACK
6
CONTINUOUS
10
5.2560835826771655
20
-3.7590908267716534
11
5.255852992125984
21
-3.7585340157480314
0
LINE
8
BLACK
6
CONTINUOUS
10
5.255852992125984
20
-3.7585340157480314
11
5.2560836220472442
21
-3.7579772440944881
0
LINE
8
BLACK
6
CONTINUOUS
10
5.2560836220472442
20
-3.7579772440944881
11
5.2566404330708663
21
-3.7577466535433071
0
LINE
8
BLACK
6
CONTINUOUS
10
5.2566404330708663
20
-3.7577466535433071
11
5.2571972047244095
21
-3.7579772834645668
0
LINE
8
BLACK
6
CONTINUOUS
10
5.2571972047244095
20
-3.7579772834645668
11
5.2575343700787398
21
-3.758314527559055
0
LINE
8
BLACK
6
CONTINUOUS
10
5.2575343700787398
20
-3.758314527559055
11
5.2586429527559053
21
-3.7586840157480315
0
LINE
8
BLACK
6
CONTINUOUS
10
5.2586429527559053
20
-3.7586840157480315
11
5.2593247244094483
21
-3.7586840157480315
0
LINE
8
BLACK
6
CONTINUOUS
10
5.2593247244094483
20
-3.7586840157480315
11
5.2604332677165351
21
-3.7583144881889763
0
LINE
8
BLACK
6
CONTINUOUS
10
5.2604332677165351
20
-3.7583144881889763
11
5.2611488188976381
21
-3.7575989763779525
0
LINE
8
BLACK
6
CONTINUOUS
10
5.2611488188976381
20
-3.7575989763779525
11
5.2615217322834642
21
-3.7568530708661418
0
LINE
8
BLACK
6
CONTINUOUS
10
5.2615217322834642
20
-3.7568530708661418
11
5.2619459448818899
21
-3.7551562598425194
0
LINE
8
BLACK
6
CONTINUOUS
10
5.2619459448818899
20
-3.7551562598425194
11
5.2619459448818899
21
-3.7539440157480315
0
LINE
8
BLACK
6
CONTINUOUS
10
5.2619459448818899
20
-3.7539440157480315
11
5.2615217322834642
21
-3.7522472047244095
0
LINE
8
BLACK
6
CONTINUOUS
10
5.2615217322834642
20
-3.7522472047244095
11
5.2611488582677168
21
-3.7515014173228347
0
LINE
8
BLACK
6
CONTINUOUS
10
5.2611488582677168
20
-3.7515014173228347
11
5.2604332677165351
21
-3.7507858267716534
0
LINE
8
BLACK
6
CONTINUOUS
10
5.2604332677165351
20
-3.7507858267716534
11
5.2593246850393696
21
-3.7504162992125982
0
LINE
8
BLACK
6
CONTINUOUS
10
5.2593246850393696
20
-3.7504162992125982
11
5.2586429921259841
21
-3.7504162992125982
0
LINE
8
BLACK
6
CONTINUOUS
10
5.2586429921259841
20
-3.7504162992125982
11
5.2575343700787398
21
-3.7507858267716534
0
LINE
8
BLACK
6
CONTINUOUS
10
5.2575343700787398
20
-3.7507858267716534
11
5.2571972047244095
21
-3.7511230708661416
0
LINE
8
BLACK
6
CONTINUOUS
10
5.2571972047244095
20
-3.7511230708661416
11
5.2566404330708663
21
-3.7513537007874014
0
LINE
8
BLACK
6
CONTINUOUS
10
5.2566404330708663
20
-3.7513537007874014
11
5.2560836220472442
21
-3.7511231102362204
0
LINE
8
BLACK
6
CONTINUOUS
10
5.2560836220472442
20
-3.7511231102362204
11
5.255852992125984
21
-3.7505663385826771
0
LINE
8
BLACK
6
CONTINUOUS
10
5.255852992125984
20
-3.7505663385826771
11
5.2560835826771655
21
-3.750009527559055
0
LINE
8
BLACK
6
CONTINUOUS
10
5.2560835826771655
20
-3.750009527559055
11
5.2565522834645666
21
-3.7495408267716535
0
LINE
8
BLACK
6
CONTINUOUS
10
5.2565522834645666
20
-3.7495408267716535
11
5.256721535433071
21
-3.7494706692913384
0
LINE
8
BLACK
6
CONTINUOUS
10
5.256721535433071
20
-3.7494706692913384
11
5.2568600393700784
21
-3.749350590551181
0
LINE
8
BLACK
6
CONTINUOUS
10
5.2568600393700784
20
-3.749350590551181
11
5.2582661811023623
21
-3.7488818897637795
0
LINE
8
BLACK
6
CONTINUOUS
10
5.2582661811023623
20
-3.7488818897637795
11
5.2583954330708664
21
-3.7488910629921257
0
LINE
8
BLACK
6
CONTINUOUS
10
5.2583954330708664
20
-3.7488910629921257
11
5.2585151574803151
21
-3.7488414960629921
0
LINE
8
BLACK
6
CONTINUOUS
10
5.2585151574803151
20
-3.7488414960629921
11
5.2594525196850395
21
-3.7488414960629921
0
LINE
8
BLACK
6
CONTINUOUS
10
5.2594525196850395
20
-3.7488414960629921
11
5.2595722047244093
21
-3.7488910629921257
0
LINE
8
BLACK
6
CONTINUOUS
10
5.2746850393700786
20
-3.7431889763779527
11
5.2760769685039373
21
-3.7437655511811023
0
LINE
8
BLACK
6
CONTINUOUS
10
5.2760769685039373
20
-3.7437655511811023
11
5.2766535433070869
21
-3.7451574803149605
0
LINE
8
BLACK
6
CONTINUOUS
10
5.2766535433070869
20
-3.7451574803149605
11
5.2766535433070869
21
-3.7648425196850392
0
LINE
8
BLACK
6
CONTINUOUS
10
5.2766535433070869
20
-3.7648425196850392
11
5.2760769685039373
21
-3.7662344488188975
0
LINE
8
BLACK
6
CONTINUOUS
10
5.2760769685039373
20
-3.7662344488188975
11
5.2746850393700786
21
-3.7668110236220471
0
LINE
8
BLACK
6
CONTINUOUS
10
5.2746850393700786
20
-3.7668110236220471
11
5.2353149606299212
21
-3.7668110236220471
0
LINE
8
BLACK
6
CONTINUOUS
10
5.2353149606299212
20
-3.7668110236220471
11
5.2339230314960625
21
-3.7662344488188975
0
LINE
8
BLACK
6
CONTINUOUS
10
5.2339230314960625
20
-3.7662344488188975
11
5.2333464566929129
21
-3.7648425196850392
0
LINE
8
BLACK
6
CONTINUOUS
10
5.2333464566929129
20
-3.7648425196850392
11
5.2333464566929129
21
-3.7451574803149605
0
LINE
8
BLACK
6
CONTINUOUS
10
5.2333464566929129
20
-3.7451574803149605
11
5.2339230314960625
21
-3.7437655511811023
0
LINE
8
BLACK
6
CONTINUOUS
10
5.2339230314960625
20
-3.7437655511811023
11
5.2353149606299212
21
-3.7431889763779527
0
LINE
8
BLACK
6
CONTINUOUS
10
5.2353149606299212
20
-3.7431889763779527
11
5.2746850393700786
21
-3.7431889763779527
0
LINE
8
BLACK
6
CONTINUOUS
10
5.2372834645669286
20
-3.7471259842519684
11
5.2372834645669286
21
-3.7628740157480314
0
LINE
8
BLACK
6
CONTINUOUS
10
5.2372834645669286
20
-3.7628740157480314
11
5.2727165354330712
21
-3.7628740157480314
0
LINE
8
BLACK
6
CONTINUOUS
10
5.2727165354330712
20
-3.7628740157480314
11
5.2727165354330712
21
-3.7471259842519684
0
LINE
8
BLACK
6
CONTINUOUS
10
5.2727165354330712
20
-3.7471259842519684
11
5.2372834645669286
21
-3.7471259842519684
0
LINE
8
BLACK
6
CONTINUOUS
10
5.360899527559055
20
-3.7434559842519683
11
5.3612944094488189
21
-3.7439112598425197
0
LINE
8
BLACK
6
CONTINUOUS
10
5.3612944094488189
20
-3.7439112598425197
11
5.3636378346456688
21
-3.7509415748031496
0
LINE
8
BLACK
6
CONTINUOUS
10
5.3636378346456688
20
-3.7509415748031496
11
5.3636286220472442
21
-3.751070866141732
0
LINE
8
BLACK
6
CONTINUOUS
10
5.3636286220472442
20
-3.751070866141732
11
5.3636782283464566
21
-3.7511905905511811
0
LINE
8
BLACK
6
CONTINUOUS
10
5.3636782283464566
20
-3.7511905905511811
11
5.3636080708661416
21
-3.7513599212598425
0
LINE
8
BLACK
6
CONTINUOUS
10
5.3636080708661416
20
-3.7513599212598425
11
5.3635950787401576
21
-3.7515427165354329
0
LINE
8
BLACK
6
CONTINUOUS
10
5.3635950787401576
20
-3.7515427165354329
11
5.3634971653543309
21
-3.7516275984251966
0
LINE
8
BLACK
6
CONTINUOUS
10
5.3634971653543309
20
-3.7516275984251966
11
5.3634475984251964
21
-3.7517473622047244
0
LINE
8
BLACK
6
CONTINUOUS
10
5.3634475984251964
20
-3.7517473622047244
11
5.3632782283464566
21
-3.7518174803149607
0
LINE
8
BLACK
6
CONTINUOUS
10
5.3632782283464566
20
-3.7518174803149607
11
5.3631398031496058
21
-3.7519375984251968
0
LINE
8
BLACK
6
CONTINUOUS
10
5.3631398031496058
20
-3.7519375984251968
11
5.3630105118110238
21
-3.7519283858267714
0
LINE
8
BLACK
6
CONTINUOUS
10
5.3630105118110238
20
-3.7519283858267714
11
5.3628908267716531
21
-3.7519779921259842
0
LINE
8
BLACK
6
CONTINUOUS
10
5.3628908267716531
20
-3.7519779921259842
11
5.3589913385826771
21
-3.7519779921259842
0
LINE
8
BLACK
6
CONTINUOUS
10
5.3589913385826771
20
-3.7519779921259842
11
5.3589913385826771
21
-3.7544714173228346
0
LINE
8
BLACK
6
CONTINUOUS
10
5.3589913385826771
20
-3.7544714173228346
11
5.3587607086614168
21
-3.7550281889763779
0
LINE
8
BLACK
6
CONTINUOUS
10
5.3587607086614168
20
-3.7550281889763779
11
5.3582039370078736
21
-3.7552588188976377
0
LINE
8
BLACK
6
CONTINUOUS
10
5.3582039370078736
20
-3.7552588188976377
11
5.3576471653543303
21
-3.7550281889763779
0
LINE
8
BLACK
6
CONTINUOUS
10
5.3576471653543303
20
-3.7550281889763779
11
5.3574165354330709
21
-3.7544714173228346
0
LINE
8
BLACK
6
CONTINUOUS
10
5.3574165354330709
20
-3.7544714173228346
11
5.3574165354330709
21
-3.7519779921259842
0
LINE
8
BLACK
6
CONTINUOUS
10
5.3574165354330709
20
-3.7519779921259842
11
5.356797874015748
21
-3.7519779921259842
0
LINE
8
BLACK
6
CONTINUOUS
10
5.356797874015748
20
-3.7519779921259842
11
5.3562411023622047
21
-3.7517473622047244
0
LINE
8
BLACK
6
CONTINUOUS
10
5.3562411023622047
20
-3.7517473622047244
11
5.3560104724409445
21
-3.7511905905511811
0
LINE
8
BLACK
6
CONTINUOUS
10
5.3560104724409445
20
-3.7511905905511811
11
5.3562411023622047
21
-3.7506338188976378
0
LINE
8
BLACK
6
CONTINUOUS
10
5.3562411023622047
20
-3.7506338188976378
11
5.356797874015748
21
-3.750403188976378
0
LINE
8
BLACK
6
CONTINUOUS
10
5.356797874015748
20
-3.750403188976378
11
5.3574165354330709
21
-3.750403188976378
0
LINE
8
BLACK
6
CONTINUOUS
10
5.3574165354330709
20
-3.750403188976378
11
5.3574165354330709
21
-3.7479097637795276
0
LINE
8
BLACK
6
CONTINUOUS
10
5.3574165354330709
20
-3.7479097637795276
11
5.3576471653543303
21
-3.7473529921259843
0
LINE
8
BLACK
6
CONTINUOUS
10
5.3576471653543303
20
-3.7473529921259843
11
5.3582039370078736
21
-3.7471223622047245
0
LINE
8
BLACK
6
CONTINUOUS
10
5.3582039370078736
20
-3.7471223622047245
11
5.3587607086614168
21
-3.7473529921259843
0
LINE
8
BLACK
6
CONTINUOUS
10
5.3587607086614168
20
-3.7473529921259843
11
5.3589913385826771
21
-3.7479097637795276
0
LINE
8
BLACK
6
CONTINUOUS
10
5.3589913385826771
20
-3.7479097637795276
11
5.3589913385826771
21
-3.750403188976378
0
LINE
8
BLACK
6
CONTINUOUS
10
5.3589913385826771
20
-3.750403188976378
11
5.361798346456693
21
-3.750403188976378
0
LINE
8
BLACK
6
CONTINUOUS
10
5.361798346456693
20
-3.750403188976378
11
5.3598003937007874
21
-3.7444092125984252
0
LINE
8
BLACK
6
CONTINUOUS
10
5.3598003937007874
20
-3.7444092125984252
11
5.3598431496062995
21
-3.7438081102362202
0
LINE
8
BLACK
6
CONTINUOUS
10
5.3598431496062995
20
-3.7438081102362202
11
5.3602984251968504
21
-3.7434132283464567
0
LINE
8
BLACK
6
CONTINUOUS
10
5.3602984251968504
20
-3.7434132283464567
11
5.360899527559055
21
-3.7434559842519683
0
LINE
8
BLACK
6
CONTINUOUS
10
5.3695722047244097
20
-3.7438910629921258
11
5.3697015354330704
21
-3.7438818897637796
0
LINE
8
BLACK
6
CONTINUOUS
10
5.3697015354330704
20
-3.7438818897637796
11
5.3711075984251968
21
-3.7443505905511811
0
LINE
8
BLACK
6
CONTINUOUS
10
5.3711075984251968
20
-3.7443505905511811
11
5.3712460629921255
21
-3.7444706692913385
0
LINE
8
BLACK
6
CONTINUOUS
10
5.3712460629921255
20
-3.7444706692913385
11
5.3714153543307086
21
-3.7445408267716536
0
LINE
8
BLACK
6
CONTINUOUS
10
5.3714153543307086
20
-3.7445408267716536
11
5.3723527559055118
21
-3.7454782283464567
0
LINE
8
BLACK
6
CONTINUOUS
10
5.3723527559055118
20
-3.7454782283464567
11
5.3724023228346454
21
-3.7455979133858266
0
LINE
8
BLACK
6
CONTINUOUS
10
5.3724023228346454
20
-3.7455979133858266
11
5.3725002362204721
21
-3.7456828346456694
0
LINE
8
BLACK
6
CONTINUOUS
10
5.3725002362204721
20
-3.7456828346456694
11
5.3729689370078741
21
-3.7466201968503938
0
LINE
8
BLACK
6
CONTINUOUS
10
5.3729689370078741
20
-3.7466201968503938
11
5.3729752755905507
21
-3.7467094488188977
0
LINE
8
BLACK
6
CONTINUOUS
10
5.3729752755905507
20
-3.7467094488188977
11
5.3730285826771649
21
-3.7467814173228344
0
LINE
8
BLACK
6
CONTINUOUS
10
5.3730285826771649
20
-3.7467814173228344
11
5.3734972440944881
21
-3.7486561417322832
0
LINE
8
BLACK
6
CONTINUOUS
10
5.3734972440944881
20
-3.7486561417322832
11
5.3734825196850391
21
-3.7487548818897638
0
LINE
8
BLACK
6
CONTINUOUS
10
5.3734825196850391
20
-3.7487548818897638
11
5.3735207480314964
21
-3.748847125984252
0
LINE
8
BLACK
6
CONTINUOUS
10
5.3735207480314964
20
-3.748847125984252
11
5.3735207480314964
21
-3.7502531889763779
0
LINE
8
BLACK
6
CONTINUOUS
10
5.3735207480314964
20
-3.7502531889763779
11
5.3734825196850391
21
-3.7503453937007873
0
LINE
8
BLACK
6
CONTINUOUS
10
5.3734825196850391
20
-3.7503453937007873
11
5.3734972440944881
21
-3.7504441732283462
0
LINE
8
BLACK
6
CONTINUOUS
10
5.3734972440944881
20
-3.7504441732283462
11
5.3730285826771649
21
-3.752318897637795
0
LINE
8
BLACK
6
CONTINUOUS
10
5.3730285826771649
20
-3.752318897637795
11
5.3729752755905507
21
-3.7523908267716535
0
LINE
8
BLACK
6
CONTINUOUS
10
5.3729752755905507
20
-3.7523908267716535
11
5.3729689370078741
21
-3.7524801181102361
0
LINE
8
BLACK
6
CONTINUOUS
10
5.3729689370078741
20
-3.7524801181102361
11
5.3725002755905509
21
-3.7534174803149605
0
LINE
8
BLACK
6
CONTINUOUS
10
5.3725002755905509
20
-3.7534174803149605
11
5.3724023228346454
21
-3.7535023622047241
0
LINE
8
BLACK
6
CONTINUOUS
10
5.3724023228346454
20
-3.7535023622047241
11
5.3723527559055118
21
-3.7536221259842519
0
LINE
8
BLACK
6
CONTINUOUS
10
5.3723527559055118
20
-3.7536221259842519
11
5.3714153543307086
21
-3.7545595275590551
0
LINE
8
BLACK
6
CONTINUOUS
10
5.3714153543307086
20
-3.7545595275590551
11
5.3712460629921255
21
-3.7546296062992126
0
LINE
8
BLACK
6
CONTINUOUS
10
5.3712460629921255
20
-3.7546296062992126
11
5.3711075984251968
21
-3.7547497637795275
0
LINE
8
BLACK
6
CONTINUOUS
10
5.3711075984251968
20
-3.7547497637795275
11
5.3697014960629916
21
-3.7552184251968503
0
LINE
8
BLACK
6
CONTINUOUS
10
5.3697014960629916
20
-3.7552184251968503
11
5.3695722047244097
21
-3.7552092125984253
0
LINE
8
BLACK
6
CONTINUOUS
10
5.3695722047244097
20
-3.7552092125984253
11
5.3694525196850389
21
-3.7552588188976377
0
LINE
8
BLACK
6
CONTINUOUS
10
5.3694525196850389
20
-3.7552588188976377
11
5.3685151574803145
21
-3.7552588188976377
0
LINE
8
BLACK
6
CONTINUOUS
10
5.3685151574803145
20
-3.7552588188976377
11
5.3683954330708659
21
-3.7552092125984253
0
LINE
8
BLACK
6
CONTINUOUS
10
5.3683954330708659
20
-3.7552092125984253
11
5.3682661811023618
21
-3.7552184251968503
0
LINE
8
BLACK
6
CONTINUOUS
10
5.3682661811023618
20
-3.7552184251968503
11
5.3668600787401575
21
-3.7547497637795275
0
LINE
8
BLACK
6
CONTINUOUS
10
5.3668600787401575
20
-3.7547497637795275
11
5.3667215748031492
21
-3.7546296456692914
0
LINE
8
BLACK
6
CONTINUOUS
10
5.3667215748031492
20
-3.7546296456692914
11
5.3665522834645669
21
-3.7545595275590551
0
LINE
8
BLACK
6
CONTINUOUS
10
5.3665522834645669
20
-3.7545595275590551
11
5.3660835826771649
21
-3.7540908267716535
0
LINE
8
BLACK
6
CONTINUOUS
10
5.3660835826771649
20
-3.7540908267716535
11
5.3658529921259843
21
-3.7535340157480315
0
LINE
8
BLACK
6
CONTINUOUS
10
5.3658529921259843
20
-3.7535340157480315
11
5.3660836220472437
21
-3.7529772440944882
0
LINE
8
BLACK
6
CONTINUOUS
10
5.3660836220472437
20
-3.7529772440944882
11
5.3666404330708657
21
-3.7527466535433072
0
LINE
8
BLACK
6
CONTINUOUS
10
5.3666404330708657
20
-3.7527466535433072
11
5.367197204724409
21
-3.7529772834645669
0
LINE
8
BLACK
6
CONTINUOUS
10
5.367197204724409
20
-3.7529772834645669
11
5.3675343700787401
21
-3.7533145275590551
0
LINE
8
BLACK
6
CONTINUOUS
10
5.3675343700787401
20
-3.7533145275590551
11
5.3686429527559056
21
-3.7536840157480316
0
LINE
8
BLACK
6
CONTINUOUS
10
5.3686429527559056
20
-3.7536840157480316
11
5.3693247244094486
21
-3.7536840157480316
0
LINE
8
BLACK
6
CONTINUOUS
10
5.3693247244094486
20
-3.7536840157480316
11
5.3704332677165354
21
-3.7533144881889764
0
LINE
8
BLACK
6
CONTINUOUS
10
5.3704332677165354
20
-3.7533144881889764
11
5.3711488188976375
21
-3.7525989763779526
0
LINE
8
BLACK
6
CONTINUOUS
10
5.3711488188976375
20
-3.7525989763779526
11
5.3715217322834645
21
-3.7518530708661415
0
LINE
8
BLACK
6
CONTINUOUS
10
5.3715217322834645
20
-3.7518530708661415
11
5.3719459448818894
21
-3.7501562598425195
0
LINE
8
BLACK
6
CONTINUOUS
10
5.3719459448818894
20
-3.7501562598425195
11
5.3719459448818894
21
-3.7489440157480316
0
LINE
8
BLACK
6
CONTINUOUS
10
5.3719459448818894
20
-3.7489440157480316
11
5.3715217322834645
21
-3.7472472047244092
0
LINE
8
BLACK
6
CONTINUOUS
10
5.3715217322834645
20
-3.7472472047244092
11
5.3711488582677163
21
-3.7465014173228344
0
LINE
8
BLACK
6
CONTINUOUS
10
5.3711488582677163
20
-3.7465014173228344
11
5.3704332677165354
21
-3.7457858267716535
0
LINE
8
BLACK
6
CONTINUOUS
10
5.3704332677165354
20
-3.7457858267716535
11
5.3693246850393699
21
-3.7454162992125983
0
LINE
8
BLACK
6
CONTINUOUS
10
5.3693246850393699
20
-3.7454162992125983
11
5.3686429921259844
21
-3.7454162992125983
0
LINE
8
BLACK
6
CONTINUOUS
10
5.3686429921259844
20
-3.7454162992125983
11
5.3675343700787401
21
-3.7457858267716535
0
LINE
8
BLACK
6
CONTINUOUS
10
5.3675343700787401
20
-3.7457858267716535
11
5.367197204724409
21
-3.7461230708661417
0
LINE
8
BLACK
6
CONTINUOUS
10
5.367197204724409
20
-3.7461230708661417
11
5.3666404330708657
21
-3.7463537007874015
0
LINE
8
BLACK
6
CONTINUOUS
10
5.3666404330708657
20
-3.7463537007874015
11
5.3660836220472437
21
-3.7461231102362205
0
LINE
8
BLACK
6
CONTINUOUS
10
5.3660836220472437
20
-3.7461231102362205
11
5.3658529921259843
21
-3.7455663385826772
0
LINE
8
BLACK
6
CONTINUOUS
10
5.3658529921259843
20
-3.7455663385826772
11
5.3660835826771649
21
-3.7450095275590551
0
LINE
8
BLACK
6
CONTINUOUS
10
5.3660835826771649
20
-3.7450095275590551
11
5.3665522834645669
21
-3.7445408267716536
0
LINE
8
BLACK
6
CONTINUOUS
10
5.3665522834645669
20
-3.7445408267716536
11
5.3667215354330704
21
-3.7444706692913385
0
LINE
8
BLACK
6
CONTINUOUS
10
5.3667215354330704
20
-3.7444706692913385
11
5.3668600393700787
21
-3.7443505905511811
0
LINE
8
BLACK
6
CONTINUOUS
10
5.3668600393700787
20
-3.7443505905511811
11
5.3682661811023618
21
-3.7438818897637796
0
LINE
8
BLACK
6
CONTINUOUS
10
5.3682661811023618
20
-3.7438818897637796
11
5.3683954330708659
21
-3.7438910629921258
0
LINE
8
BLACK
6
CONTINUOUS
10
5.3683954330708659
20
-3.7438910629921258
11
5.3685151574803145
21
-3.7438414960629922
0
LINE
8
BLACK
6
CONTINUOUS
10
5.3685151574803145
20
-3.7438414960629922
11
5.3694525196850389
21
-3.7438414960629922
0
LINE
8
BLACK
6
CONTINUOUS
10
5.3694525196850389
20
-3.7438414960629922
11
5.3695722047244097
21
-3.7438910629921258
0
LINE
8
BLACK
6
CONTINUOUS
10
5.3846850393700789
20
-3.7381889763779528
11
5.3860769685039367
21
-3.7387655511811024
0
LINE
8
BLACK
6
CONTINUOUS
10
5.3860769685039367
20
-3.7387655511811024
11
5.3866535433070863
21
-3.7401574803149606
0
LINE
8
BLACK
6
CONTINUOUS
10
5.3866535433070863
20
-3.7401574803149606
11
5.3866535433070863
21
-3.7598425196850394
0
LINE
8
BLACK
6
CONTINUOUS
10
5.3866535433070863
20
-3.7598425196850394
11
5.3860769685039367
21
-3.7612344488188976
0
LINE
8
BLACK
6
CONTINUOUS
10
5.3860769685039367
20
-3.7612344488188976
11
5.3846850393700789
21
-3.7618110236220472
0
LINE
8
BLACK
6
CONTINUOUS
10
5.3846850393700789
20
-3.7618110236220472
11
5.3453149606299215
21
-3.7618110236220472
0
LINE
8
BLACK
6
CONTINUOUS
10
5.3453149606299215
20
-3.7618110236220472
11
5.3439230314960628
21
-3.7612344488188976
0
LINE
8
BLACK
6
CONTINUOUS
10
5.3439230314960628
20
-3.7612344488188976
11
5.3433464566929132
21
-3.7598425196850394
0
LINE
8
BLACK
6
CONTINUOUS
10
5.3433464566929132
20
-3.7598425196850394
11
5.3433464566929132
21
-3.7401574803149606
0
LINE
8
BLACK
6
CONTINUOUS
10
5.3433464566929132
20
-3.7401574803149606
11
5.3439230314960628
21
-3.7387655511811024
0
LINE
8
BLACK
6
CONTINUOUS
10
5.3439230314960628
20
-3.7387655511811024
11
5.3453149606299215
21
-3.7381889763779528
0
LINE
8
BLACK
6
CONTINUOUS
10
5.3453149606299215
20
-3.7381889763779528
11
5.3846850393700789
21
-3.7381889763779528
0
LINE
8
BLACK
6
CONTINUOUS
10
5.3472834645669289
20
-3.7421259842519685
11
5.3472834645669289
21
-3.7578740157480315
0
LINE
8
BLACK
6
CONTINUOUS
10
5.3472834645669289
20
-3.7578740157480315
11
5.3827165354330706
21
-3.7578740157480315
0
LINE
8
BLACK
6
CONTINUOUS
10
5.3827165354330706
20
-3.7578740157480315
11
5.3827165354330706
21
-3.7421259842519685
0
LINE
8
BLACK
6
CONTINUOUS
10
5.3827165354330706
20
-3.7421259842519685
11
5.3472834645669289
21
-3.7421259842519685
0
LINE
8
BLACK
6
CONTINUOUS
10
5.0417396062992124
20
-3.6992798818897636
11
5.0418588582677168
21
-3.6992562992125984
0
LINE
8
BLACK
6
CONTINUOUS
10
5.0418588582677168
20
-3.6992562992125984
11
5.0421445669291334
21
-3.6994476377952754
0
LINE
8
BLACK
6
CONTINUOUS
10
5.0421445669291334
20
-3.6994476377952754
11
5.0424624015748032
21
-3.6995792913385825
0
LINE
8
BLACK
6
CONTINUOUS
10
5.0424624015748032
20
-3.6995792913385825
11
5.0425089370078737
21
-3.6996916141732283
0
LINE
8
BLACK
6
CONTINUOUS
10
5.0425089370078737
20
-3.6996916141732283
11
5.0426099606299211
21
-3.6997592913385824
0
LINE
8
BLACK
6
CONTINUOUS
10
5.0426099606299211
20
-3.6997592913385824
11
5.0440449999999997
21
-3.7019117716535432
0
LINE
8
BLACK
6
CONTINUOUS
10
5.0440449999999997
20
-3.7019117716535432
11
5.0453264960629918
21
-3.7031932677165353
0
LINE
8
BLACK
6
CONTINUOUS
10
5.0453264960629918
20
-3.7031932677165353
11
5.0466549212598428
21
-3.7038574803149604
0
LINE
8
BLACK
6
CONTINUOUS
10
5.0466549212598428
20
-3.7038574803149604
11
5.0472472047244095
21
-3.704540433070866
0
LINE
8
BLACK
6
CONTINUOUS
10
5.0472472047244095
20
-3.704540433070866
11
5.0471831102362206
21
-3.705442125984252
0
LINE
8
BLACK
6
CONTINUOUS
10
5.0471831102362206
20
-3.705442125984252
11
5.0465001968503937
21
-3.7060343700787399
0
LINE
8
BLACK
6
CONTINUOUS
10
5.0465001968503937
20
-3.7060343700787399
11
5.0455985039370077
21
-3.7059703149606298
0
LINE
8
BLACK
6
CONTINUOUS
10
5.0455985039370077
20
-3.7059703149606298
11
5.0440986614173227
21
-3.7052203937007873
0
LINE
8
BLACK
6
CONTINUOUS
10
5.0440986614173227
20
-3.7052203937007873
11
5.0439712598425199
21
-3.7050735039370077
0
LINE
8
BLACK
6
CONTINUOUS
10
5.0439712598425199
20
-3.7050735039370077
11
5.0437916929133859
21
-3.7049991338582675
0
LINE
8
BLACK
6
CONTINUOUS
10
5.0437916929133859
20
-3.7049991338582675
11
5.0428083464566926
21
-3.7040157480314959
0
LINE
8
BLACK
6
CONTINUOUS
10
5.0428083464566926
20
-3.7040157480314959
11
5.0428083464566926
21
-3.7149813779527556
0
LINE
8
BLACK
6
CONTINUOUS
10
5.0428083464566926
20
-3.7149813779527556
11
5.0461266929133854
21
-3.7149813779527556
0
LINE
8
BLACK
6
CONTINUOUS
10
5.0461266929133854
20
-3.7149813779527556
11
5.0469618503937008
21
-3.7153273228346455
0
LINE
8
BLACK
6
CONTINUOUS
10
5.0469618503937008
20
-3.7153273228346455
11
5.0473077952755903
21
-3.7161624803149604
0
LINE
8
BLACK
6
CONTINUOUS
10
5.0473077952755903
20
-3.7161624803149604
11
5.0469618503937008
21
-3.7169976377952754
0
LINE
8
BLACK
6
CONTINUOUS
10
5.0469618503937008
20
-3.7169976377952754
11
5.0461266929133854
21
-3.7173435826771652
0
LINE
8
BLACK
6
CONTINUOUS
10
5.0461266929133854
20
-3.7173435826771652
11
5.0416272440944878
21
-3.7173435826771652
0
LINE
8
BLACK
6
CONTINUOUS
10
5.0416272440944878
20
-3.7173435826771652
11
5.0371278346456689
21
-3.7173435826771652
0
LINE
8
BLACK
6
CONTINUOUS
10
5.0371278346456689
20
-3.7173435826771652
11
5.0362926771653544
21
-3.7169976377952754
0
LINE
8
BLACK
6
CONTINUOUS
10
5.0362926771653544
20
-3.7169976377952754
11
5.0359467322834641
21
-3.7161624803149604
0
LINE
8
BLACK
6
CONTINUOUS
10
5.0359467322834641
20
-3.7161624803149604
11
5.0362926771653544
21
-3.7153273228346455
0
LINE
8
BLACK
6
CONTINUOUS
10
5.0362926771653544
20
-3.7153273228346455
11
5.0371278346456689
21
-3.7149813779527556
0
LINE
8
BLACK
6
CONTINUOUS
10
5.0371278346456689
20
-3.7149813779527556
11
5.040446141732283
21
-3.7149813779527556
0
LINE
8
BLACK
6
CONTINUOUS
10
5.040446141732283
20
-3.7149813779527556
11
5.040446141732283
21
-3.7004144488188975
0
LINE
8
BLACK
6
CONTINUOUS
10
5.040446141732283
20
-3.7004144488188975
11
5.0404926771653544
21
-3.7003020472440946
0
LINE
8
BLACK
6
CONTINUOUS
10
5.0404926771653544
20
-3.7003020472440946
11
5.0404690944881887
21
-3.7001828346456693
0
LINE
8
BLACK
6
CONTINUOUS
10
5.0404690944881887
20
-3.7001828346456693
11
5.0406604330708662
21
-3.6998970866141732
0
LINE
8
BLACK
6
CONTINUOUS
10
5.0406604330708662
20
-3.6998970866141732
11
5.0407920866141733
21
-3.6995792913385825
0
LINE
8
BLACK
6
CONTINUOUS
10
5.0407920866141733
20
-3.6995792913385825
11
5.0409044094488191
21
-3.6995327165354328
0
LINE
8
BLACK
6
CONTINUOUS
10
5.0409044094488191
20
-3.6995327165354328
11
5.0409720866141727
21
-3.6994317322834647
0
LINE
8
BLACK
6
CONTINUOUS
10
5.0409720866141727
20
-3.6994317322834647
11
5.0413094094488189
21
-3.699364960629921
0
LINE
8
BLACK
6
CONTINUOUS
10
5.0413094094488189
20
-3.699364960629921
11
5.0416272440944878
21
-3.6992333464566927
0
LINE
8
BLACK
6
CONTINUOUS
10
5.0416272440944878
20
-3.6992333464566927
11
5.0417396062992124
21
-3.6992798818897636
0
LINE
8
BLACK
6
CONTINUOUS
10
5.0619599606299213
20
-3.6995792913385825
11
5.0623059055118107
21
-3.7004144488188975
0
LINE
8
BLACK
6
CONTINUOUS
10
5.0623059055118107
20
-3.7004144488188975
11
5.0623059055118107
21
-3.7161624803149604
0
LINE
8
BLACK
6
CONTINUOUS
10
5.0623059055118107
20
-3.7161624803149604
11
5.0619599606299213
21
-3.7169976377952754
0
LINE
8
BLACK
6
CONTINUOUS
10
5.0619599606299213
20
-3.7169976377952754
11
5.0611248031496059
21
-3.7173435826771652
0
LINE
8
BLACK
6
CONTINUOUS
10
5.0611248031496059
20
-3.7173435826771652
11
5.0573752755905508
21
-3.7173435826771652
0
LINE
8
BLACK
6
CONTINUOUS
10
5.0573752755905508
20
-3.7173435826771652
11
5.0571956692913389
21
-3.7172691732283463
0
LINE
8
BLACK
6
CONTINUOUS
10
5.0571956692913389
20
-3.7172691732283463
11
5.0570018110236221
21
-3.717282992125984
0
LINE
8
BLACK
6
CONTINUOUS
10
5.0570018110236221
20
-3.717282992125984
11
5.0547520472440945
21
-3.7165331102362202
0
LINE
8
BLACK
6
CONTINUOUS
10
5.0547520472440945
20
-3.7165331102362202
11
5.0545443307086613
21
-3.7163529527559054
0
LINE
8
BLACK
6
CONTINUOUS
10
5.0545443307086613
20
-3.7163529527559054
11
5.0542903543307087
21
-3.7162477559055116
0
LINE
8
BLACK
6
CONTINUOUS
10
5.0542903543307087
20
-3.7162477559055116
11
5.0527905905511812
21
-3.7147479133858265
0
LINE
8
BLACK
6
CONTINUOUS
10
5.0527905905511812
20
-3.7147479133858265
11
5.0527161811023618
21
-3.7145683070866142
0
LINE
8
BLACK
6
CONTINUOUS
10
5.0527161811023618
20
-3.7145683070866142
11
5.0525693307086614
21
-3.7144409448818898
0
LINE
8
BLACK
6
CONTINUOUS
10
5.0525693307086614
20
-3.7144409448818898
11
5.0518194488188977
21
-3.7129411417322835
0
LINE
8
BLACK
6
CONTINUOUS
10
5.0518194488188977
20
-3.7129411417322835
11
5.0518099212598422
21
-3.7128072440944879
0
LINE
8
BLACK
6
CONTINUOUS
10
5.0518099212598422
20
-3.7128072440944879
11
5.0517300393700788
21
-3.7126994094488186
0
LINE
8
BLACK
6
CONTINUOUS
10
5.0517300393700788
20
-3.7126994094488186
11
5.0509801181102363
21
-3.709699803149606
0
LINE
8
BLACK
6
CONTINUOUS
10
5.0509801181102363
20
-3.709699803149606
11
5.0510021259842519
21
-3.7095516929133856
0
LINE
8
BLACK
6
CONTINUOUS
10
5.0510021259842519
20
-3.7095516929133856
11
5.0509448425196846
21
-3.7094133464566927
0
LINE
8
BLACK
6
CONTINUOUS
10
5.0509448425196846
20
-3.7094133464566927
11
5.0509448425196846
21
-3.7071636220472439
0
LINE
8
BLACK
6
CONTINUOUS
10
5.0509448425196846
20
-3.7071636220472439
11
5.0510021259842519
21
-3.7070252362204723
0
LINE
8
BLACK
6
CONTINUOUS
10
5.0510021259842519
20
-3.7070252362204723
11
5.0509801181102363
21
-3.7068771653543306
0
LINE
8
BLACK
6
CONTINUOUS
10
5.0509801181102363
20
-3.7068771653543306
11
5.0517300393700788
21
-3.7038775196850393
0
LINE
8
BLACK
6
CONTINUOUS
10
5.0517300393700788
20
-3.7038775196850393
11
5.0518099212598422
21
-3.7037696456692912
0
LINE
8
BLACK
6
CONTINUOUS
10
5.0518099212598422
20
-3.7037696456692912
11
5.0518194488188977
21
-3.7036357874015748
0
LINE
8
BLACK
6
CONTINUOUS
10
5.0518194488188977
20
-3.7036357874015748
11
5.0525693307086614
21
-3.7021359842519685
0
LINE
8
BLACK
6
CONTINUOUS
10
5.0525693307086614
20
-3.7021359842519685
11
5.0527161811023618
21
-3.7020085826771654
0
LINE
8
BLACK
6
CONTINUOUS
10
5.0527161811023618
20
-3.7020085826771654
11
5.0527905905511812
21
-3.7018290157480314
0
LINE
8
BLACK
6
CONTINUOUS
10
5.0527905905511812
20
-3.7018290157480314
11
5.0542903543307087
21
-3.7003292125984251
0
LINE
8
BLACK
6
CONTINUOUS
10
5.0542903543307087
20
-3.7003292125984251
11
5.05454437007874
21
-3.7002239763779525
0
LINE
8
BLACK
6
CONTINUOUS
10
5.05454437007874
20
-3.7002239763779525
11
5.0547520472440945
21
-3.7000438976377952
0
LINE
8
BLACK
6
CONTINUOUS
10
5.0547520472440945
20
-3.7000438976377952
11
5.0570017716535434
21
-3.6992939763779527
0
LINE
8
BLACK
6
CONTINUOUS
10
5.0570017716535434
20
-3.6992939763779527
11
5.0571956299212601
21
-3.6993077165354329
0
LINE
8
BLACK
6
CONTINUOUS
10
5.0571956299212601
20
-3.6993077165354329
11
5.0573752755905508
21
-3.6992333464566927
0
LINE
8
BLACK
6
CONTINUOUS
10
5.0573752755905508
20
-3.6992333464566927
11
5.0611248031496059
21
-3.6992333464566927
0
LINE
8
BLACK
6
CONTINUOUS
10
5.0611248031496059
20
-3.6992333464566927
11
5.0619599606299213
21
-3.6995792913385825
0
LINE
8
BLACK
6
CONTINUOUS
10
5.055763582677165
20
-3.7021966535433068
11
5.0545964566929129
21
-3.7033637795275589
0
LINE
8
BLACK
6
CONTINUOUS
10
5.0545964566929129
20
-3.7033637795275589
11
5.0539902362204723
21
-3.7045762204724411
0
LINE
8
BLACK
6
CONTINUOUS
10
5.0539902362204723
20
-3.7045762204724411
11
5.0533070472440942
21
-3.7073089763779525
0
LINE
8
BLACK
6
CONTINUOUS
10
5.0533070472440942
20
-3.7073089763779525
11
5.0533070472440942
21
-3.7092679527559054
0
LINE
8
BLACK
6
CONTINUOUS
10
5.0533070472440942
20
-3.7092679527559054
11
5.0539901968503935
21
-3.7120006692913385
0
LINE
8
BLACK
6
CONTINUOUS
10
5.0539901968503935
20
-3.7120006692913385
11
5.0545964566929129
21
-3.713213149606299
0
LINE
8
BLACK
6
CONTINUOUS
10
5.0545964566929129
20
-3.713213149606299
11
5.0557635039370075
21
-3.7143801968503936
0
LINE
8
BLACK
6
CONTINUOUS
10
5.0557635039370075
20
-3.7143801968503936
11
5.0575670078740158
21
-3.7149813779527556
0
LINE
8
BLACK
6
CONTINUOUS
10
5.0575670078740158
20
-3.7149813779527556
11
5.0599437007874011
21
-3.7149813779527556
0
LINE
8
BLACK
6
CONTINUOUS
10
5.0599437007874011
20
-3.7149813779527556
11
5.0599437007874011
21
-3.7015955511811023
0
LINE
8
BLACK
6
CONTINUOUS
10
5.0599437007874011
20
-3.7015955511811023
11
5.0575668897637795
21
-3.7015955511811023
0
LINE
8
BLACK
6
CONTINUOUS
10
5.0575668897637795
20
-3.7015955511811023
11
5.055763582677165
21
-3.7021966535433068
0
LINE
8
BLACK
6
CONTINUOUS
10
5.0694590157480315
20
-3.6995792913385825
11
5.0698049606299209
21
-3.7004144488188975
0
LINE
8
BLACK
6
CONTINUOUS
10
5.0698049606299209
20
-3.7004144488188975
11
5.0698049606299209
21
-3.7161624803149604
0
LINE
8
BLACK
6
CONTINUOUS
10
5.0698049606299209
20
-3.7161624803149604
11
5.0694590157480315
21
-3.7169976377952754
0
LINE
8
BLACK
6
CONTINUOUS
10
5.0694590157480315
20
-3.7169976377952754
11
5.0686238582677161
21
-3.7173435826771652
0
LINE
8
BLACK
6
CONTINUOUS
10
5.0686238582677161
20
-3.7173435826771652
11
5.0677887007874016
21
-3.7169976377952754
0
LINE
8
BLACK
6
CONTINUOUS
10
5.0677887007874016
20
-3.7169976377952754
11
5.0674427559055113
21
-3.7161624803149604
0
LINE
8
BLACK
6
CONTINUOUS
10
5.0674427559055113
20
-3.7161624803149604
11
5.0674427559055113
21
-3.7004144488188975
0
LINE
8
BLACK
6
CONTINUOUS
10
5.0674427559055113
20
-3.7004144488188975
11
5.0677887007874016
21
-3.6995792913385825
0
LINE
8
BLACK
6
CONTINUOUS
10
5.0677887007874016
20
-3.6995792913385825
11
5.0686238582677161
21
-3.6992333464566927
0
LINE
8
BLACK
6
CONTINUOUS
10
5.0686238582677161
20
-3.6992333464566927
11
5.0694590157480315
21
-3.6995792913385825
0
LINE
8
BLACK
6
CONTINUOUS
10
5.0829573228346456
20
-3.6995792913385825
11
5.0833032677165351
21
-3.7004144488188975
0
LINE
8
BLACK
6
CONTINUOUS
10
5.0833032677165351
20
-3.7004144488188975
11
5.0833032677165351
21
-3.7161624803149604
0
LINE
8
BLACK
6
CONTINUOUS
10
5.0833032677165351
20
-3.7161624803149604
11
5.0829573228346456
21
-3.7169976377952754
0
LINE
8
BLACK
6
CONTINUOUS
10
5.0829573228346456
20
-3.7169976377952754
11
5.0821221653543303
21
-3.7173435826771652
0
LINE
8
BLACK
6
CONTINUOUS
10
5.0821221653543303
20
-3.7173435826771652
11
5.0812870078740158
21
-3.7169976377952754
0
LINE
8
BLACK
6
CONTINUOUS
10
5.0812870078740158
20
-3.7169976377952754
11
5.0809410629921254
21
-3.7161624803149604
0
LINE
8
BLACK
6
CONTINUOUS
10
5.0809410629921254
20
-3.7161624803149604
11
5.0809410629921254
21
-3.7090946062992125
0
LINE
8
BLACK
6
CONTINUOUS
10
5.0809410629921254
20
-3.7090946062992125
11
5.0768728346456689
21
-3.7090946062992125
0
LINE
8
BLACK
6
CONTINUOUS
10
5.0768728346456689
20
-3.7090946062992125
11
5.0760376771653544
21
-3.7087486614173226
0
LINE
8
BLACK
6
CONTINUOUS
10
5.0760376771653544
20
-3.7087486614173226
11
5.075691732283464
21
-3.7079135039370077
0
LINE
8
BLACK
6
CONTINUOUS
10
5.075691732283464
20
-3.7079135039370077
11
5.0760376771653544
21
-3.7070783464566928
0
LINE
8
BLACK
6
CONTINUOUS
10
5.0760376771653544
20
-3.7070783464566928
11
5.0768728346456689
21
-3.7067324015748029
0
LINE
8
BLACK
6
CONTINUOUS
10
5.0768728346456689
20
-3.7067324015748029
11
5.0809410629921254
21
-3.7067324015748029
0
LINE
8
BLACK
6
CONTINUOUS
10
5.0809410629921254
20
-3.7067324015748029
11
5.0809410629921254
21
-3.7015955511811023
0
LINE
8
BLACK
6
CONTINUOUS
10
5.0809410629921254
20
-3.7015955511811023
11
5.07462311023622
21
-3.7015955511811023
0
LINE
8
BLACK
6
CONTINUOUS
10
5.07462311023622
20
-3.7015955511811023
11
5.0737879527559056
21
-3.7012496062992124
0
LINE
8
BLACK
6
CONTINUOUS
10
5.0737879527559056
20
-3.7012496062992124
11
5.0734420078740152
21
-3.7004144488188975
0
LINE
8
BLACK
6
CONTINUOUS
10
5.0734420078740152
20
-3.7004144488188975
11
5.0737879527559056
21
-3.6995792913385825
0
LINE
8
BLACK
6
CONTINUOUS
10
5.0737879527559056
20
-3.6995792913385825
11
5.07462311023622
21
-3.6992333464566927
0
LINE
8
BLACK
6
CONTINUOUS
10
5.07462311023622
20
-3.6992333464566927
11
5.0821221653543303
21
-3.6992333464566927
0
LINE
8
BLACK
6
CONTINUOUS
10
5.0821221653543303
20
-3.6992333464566927
11
5.0829573228346456
21
-3.6995792913385825
0
LINE
8
BLACK
6
CONTINUOUS
10
5.0680647637795273
20
-3.6684557086614173
11
5.0758196062992127
21
-3.6708081102362202
0
LINE
8
BLACK
6
CONTINUOUS
10
5.0758196062992127
20
-3.6708081102362202
11
5.0829664960629923
21
-3.6746282283464566
0
LINE
8
BLACK
6
CONTINUOUS
10
5.0829664960629923
20
-3.6746282283464566
11
5.0892307874015748
21
-3.6797692125984249
0
LINE
8
BLACK
6
CONTINUOUS
10
5.0892307874015748
20
-3.6797692125984249
11
5.0943717716535435
21
-3.6860335039370078
0
LINE
8
BLACK
6
CONTINUOUS
10
5.0943717716535435
20
-3.6860335039370078
11
5.098191889763779
21
-3.6931803937007874
0
LINE
8
BLACK
6
CONTINUOUS
10
5.098191889763779
20
-3.6931803937007874
11
5.1005442913385828
21
-3.7009352362204724
0
LINE
8
BLACK
6
CONTINUOUS
10
5.1005442913385828
20
-3.7009352362204724
11
5.1013385826771653
21
-3.7090000000000001
0
LINE
8
BLACK
6
CONTINUOUS
10
5.1013385826771653
20
-3.7090000000000001
11
5.1005442913385828
21
-3.7170647637795273
0
LINE
8
BLACK
6
CONTINUOUS
10
5.1005442913385828
20
-3.7170647637795273
11
5.098191889763779
21
-3.7248196062992127
0
LINE
8
BLACK
6
CONTINUOUS
10
5.098191889763779
20
-3.7248196062992127
11
5.0943717716535435
21
-3.7319664960629919
0
LINE
8
BLACK
6
CONTINUOUS
10
5.0943717716535435
20
-3.7319664960629919
11
5.0892307874015748
21
-3.7382307874015748
0
LINE
8
BLACK
6
CONTINUOUS
10
5.0892307874015748
20
-3.7382307874015748
11
5.0829664960629923
21
-3.7433717716535431
0
LINE
8
BLACK
6
CONTINUOUS
10
5.0829664960629923
20
-3.7433717716535431
11
5.0758196062992127
21
-3.7471918897637795
0
LINE
8
BLACK
6
CONTINUOUS
10
5.0758196062992127
20
-3.7471918897637795
11
5.0680647637795273
21
-3.7495442913385828
0
LINE
8
BLACK
6
CONTINUOUS
10
5.0680647637795273
20
-3.7495442913385828
11
5.0599999999999996
21
-3.7503385826771654
0
LINE
8
BLACK
6
CONTINUOUS
10
5.0599999999999996
20
-3.7503385826771654
11
5.0519352362204719
21
-3.7495442913385828
0
LINE
8
BLACK
6
CONTINUOUS
10
5.0519352362204719
20
-3.7495442913385828
11
5.0441803937007874
21
-3.7471918897637795
0
LINE
8
BLACK
6
CONTINUOUS
10
5.0441803937007874
20
-3.7471918897637795
11
5.0370335039370078
21
-3.7433717716535431
0
LINE
8
BLACK
6
CONTINUOUS
10
5.0370335039370078
20
-3.7433717716535431
11
5.0307692125984254
21
-3.7382307874015748
0
LINE
8
BLACK
6
CONTINUOUS
10
5.0307692125984254
20
-3.7382307874015748
11
5.0256282283464566
21
-3.7319664960629919
0
LINE
8
BLACK
6
CONTINUOUS
10
5.0256282283464566
20
-3.7319664960629919
11
5.0218081102362202
21
-3.7248196062992127
0
LINE
8
BLACK
6
CONTINUOUS
10
5.0218081102362202
20
-3.7248196062992127
11
5.0194557086614173
21
-3.7170647637795273
0
LINE
8
BLACK
6
CONTINUOUS
10
5.0194557086614173
20
-3.7170647637795273
11
5.0186614173228348
21
-3.7090000000000001
0
LINE
8
BLACK
6
CONTINUOUS
10
5.0186614173228348
20
-3.7090000000000001
11
5.0194557086614173
21
-3.7009352362204724
0
LINE
8
BLACK
6
CONTINUOUS
10
5.0194557086614173
20
-3.7009352362204724
11
5.0218081102362202
21
-3.6931803937007874
0
LINE
8
BLACK
6
CONTINUOUS
10
5.0218081102362202
20
-3.6931803937007874
11
5.0256282283464566
21
-3.6860335039370078
0
LINE
8
BLACK
6
CONTINUOUS
10
5.0256282283464566
20
-3.6860335039370078
11
5.0307692125984254
21
-3.6797692125984249
0
LINE
8
BLACK
6
CONTINUOUS
10
5.0307692125984254
20
-3.6797692125984249
11
5.0370335039370078
21
-3.6746282283464566
0
LINE
8
BLACK
6
CONTINUOUS
10
5.0370335039370078
20
-3.6746282283464566
11
5.0441803937007874
21
-3.6708081102362202
0
LINE
8
BLACK
6
CONTINUOUS
10
5.0441803937007874
20
-3.6708081102362202
11
5.0519352362204719
21
-3.6684557086614173
0
LINE
8
BLACK
6
CONTINUOUS
10
5.0519352362204719
20
-3.6684557086614173
11
5.0599999999999996
21
-3.6676614173228343
0
LINE
8
BLACK
6
CONTINUOUS
10
5.0599999999999996
20
-3.6676614173228343
11
5.0680647637795273
21
-3.6684557086614173
0
LINE
8
BLACK
6
CONTINUOUS
10
5.0231395669291334
20
-3.7163320078740156
11
5.0252782283464565
21
-3.7233822047244094
0
LINE
8
BLACK
6
CONTINUOUS
10
5.0252782283464565
20
-3.7233822047244094
11
5.0287512598425197
21
-3.7298797637795276
0
LINE
8
BLACK
6
CONTINUOUS
10
5.0287512598425197
20
-3.7298797637795276
11
5.0334251181102365
21
-3.7355748818897636
0
LINE
8
BLACK
6
CONTINUOUS
10
5.0334251181102365
20
-3.7355748818897636
11
5.0391202362204721
21
-3.7402487401574804
0
LINE
8
BLACK
6
CONTINUOUS
10
5.0391202362204721
20
-3.7402487401574804
11
5.0456177952755903
21
-3.7437217716535431
0
LINE
8
BLACK
6
CONTINUOUS
10
5.0456177952755903
20
-3.7437217716535431
11
5.0526679921259845
21
-3.7458604330708662
0
LINE
8
BLACK
6
CONTINUOUS
10
5.0526679921259845
20
-3.7458604330708662
11
5.0599999999999996
21
-3.7465825590551178
0
LINE
8
BLACK
6
CONTINUOUS
10
5.0599999999999996
20
-3.7465825590551178
11
5.0673320078740156
21
-3.7458604330708662
0
LINE
8
BLACK
6
CONTINUOUS
10
5.0673320078740156
20
-3.7458604330708662
11
5.0743822047244089
21
-3.7437217716535431
0
LINE
8
BLACK
6
CONTINUOUS
10
5.0743822047244089
20
-3.7437217716535431
11
5.0808797637795271
21
-3.7402487401574804
0
LINE
8
BLACK
6
CONTINUOUS
10
5.0808797637795271
20
-3.7402487401574804
11
5.0865748818897636
21
-3.7355748818897636
0
LINE
8
BLACK
6
CONTINUOUS
10
5.0865748818897636
20
-3.7355748818897636
11
5.0912487401574804
21
-3.7298797637795276
0
LINE
8
BLACK
6
CONTINUOUS
10
5.0912487401574804
20
-3.7298797637795276
11
5.0947217716535436
21
-3.7233822047244094
0
LINE
8
BLACK
6
CONTINUOUS
10
5.0947217716535436
20
-3.7233822047244094
11
5.0968604330708658
21
-3.7163320078740156
0
LINE
8
BLACK
6
CONTINUOUS
10
5.0968604330708658
20
-3.7163320078740156
11
5.0975825590551178
21
-3.7090000000000001
0
LINE
8
BLACK
6
CONTINUOUS
10
5.0975825590551178
20
-3.7090000000000001
11
5.0968604330708658
21
-3.7016679921259841
0
LINE
8
BLACK
6
CONTINUOUS
10
5.0968604330708658
20
-3.7016679921259841
11
5.0947217716535436
21
-3.6946177952755903
0
LINE
8
BLACK
6
CONTINUOUS
10
5.0947217716535436
20
-3.6946177952755903
11
5.0912487401574804
21
-3.6881202362204721
0
LINE
8
BLACK
6
CONTINUOUS
10
5.0912487401574804
20
-3.6881202362204721
11
5.0865748818897636
21
-3.6824251181102361
0
LINE
8
BLACK
6
CONTINUOUS
10
5.0865748818897636
20
-3.6824251181102361
11
5.0808797637795271
21
-3.6777512598425197
0
LINE
8
BLACK
6
CONTINUOUS
10
5.0808797637795271
20
-3.6777512598425197
11
5.0743822047244089
21
-3.6742782283464566
0
LINE
8
BLACK
6
CONTINUOUS
10
5.0743822047244089
20
-3.6742782283464566
11
5.0673320078740156
21
-3.6721395669291339
0
LINE
8
BLACK
6
CONTINUOUS
10
5.0673320078740156
20
-3.6721395669291339
11
5.0599999999999996
21
-3.6714174409448819
0
LINE
8
BLACK
6
CONTINUOUS
10
5.0599999999999996
20
-3.6714174409448819
11
5.0526679921259845
21
-3.6721395669291339
0
LINE
8
BLACK
6
CONTINUOUS
10
5.0526679921259845
20
-3.6721395669291339
11
5.0456177952755903
21
-3.6742782283464566
0
LINE
8
BLACK
6
CONTINUOUS
10
5.0456177952755903
20
-3.6742782283464566
11
5.0391202362204721
21
-3.6777512598425197
0
LINE
8
BLACK
6
CONTINUOUS
10
5.0391202362204721
20
-3.6777512598425197
11
5.0334251181102365
21
-3.6824251181102361
0
LINE
8
BLACK
6
CONTINUOUS
10
5.0334251181102365
20
-3.6824251181102361
11
5.0287512598425197
21
-3.6881202362204721
0
LINE
8
BLACK
6
CONTINUOUS
10
5.0287512598425197
20
-3.6881202362204721
11
5.0252782283464565
21
-3.6946177952755903
0
LINE
8
BLACK
6
CONTINUOUS
10
5.0252782283464565
20
-3.6946177952755903
11
5.0231395669291334
21
-3.7016679921259841
0
LINE
8
BLACK
6
CONTINUOUS
10
5.0231395669291334
20
-3.7016679921259841
11
5.0224174409448814
21
-3.7090000000000001
0
LINE
8
BLACK
6
CONTINUOUS
10
5.0224174409448814
20
-3.7090000000000001
11
5.0231395669291334
21
-3.7163320078740156
0
LINE
8
BLACK
6
CONTINUOUS
10
5.6612480314960631
20
-3.7309116141732281
11
5.6614308661417319
21
-3.7309246456692913
0
LINE
8
BLACK
6
CONTINUOUS
10
5.6614308661417319
20
-3.7309246456692913
11
5.6623681889763775
21
-3.7313933070866141
0
LINE
8
BLACK
6
CONTINUOUS
10
5.6623681889763775
20
-3.7313933070866141
11
5.6624530708661416
21
-3.7314912204724409
0
LINE
8
BLACK
6
CONTINUOUS
10
5.6624530708661416
20
-3.7314912204724409
11
5.662572834645669
21
-3.7315408267716537
0
LINE
8
BLACK
6
CONTINUOUS
10
5.662572834645669
20
-3.7315408267716537
11
5.663041535433071
21
-3.7320095275590552
0
LINE
8
BLACK
6
CONTINUOUS
10
5.663041535433071
20
-3.7320095275590552
11
5.6630725196850396
21
-3.7320844094488188
0
LINE
8
BLACK
6
CONTINUOUS
10
5.6630725196850396
20
-3.7320844094488188
11
5.6631399212598428
21
-3.7321295275590551
0
LINE
8
BLACK
6
CONTINUOUS
10
5.6631399212598428
20
-3.7321295275590551
11
5.6640773228346459
21
-3.7335355905511811
0
LINE
8
BLACK
6
CONTINUOUS
10
5.6640773228346459
20
-3.7335355905511811
11
5.6641040157480314
21
-3.7336707086614171
0
LINE
8
BLACK
6
CONTINUOUS
10
5.6641040157480314
20
-3.7336707086614171
11
5.6641860629921261
21
-3.7337814173228345
0
LINE
8
BLACK
6
CONTINUOUS
10
5.6641860629921261
20
-3.7337814173228345
11
5.6646547244094485
21
-3.7356561417322833
0
LINE
8
BLACK
6
CONTINUOUS
10
5.6646547244094485
20
-3.7356561417322833
11
5.6646399999999995
21
-3.7357548818897639
0
LINE
8
BLACK
6
CONTINUOUS
10
5.6646399999999995
20
-3.7357548818897639
11
5.6646782283464567
21
-3.7358471259842521
0
LINE
8
BLACK
6
CONTINUOUS
10
5.6646782283464567
20
-3.7358471259842521
11
5.6646782283464567
21
-3.7395966535433072
0
LINE
8
BLACK
6
CONTINUOUS
10
5.6646782283464567
20
-3.7395966535433072
11
5.6646080708661417
21
-3.7397659448818898
0
LINE
8
BLACK
6
CONTINUOUS
10
5.6646080708661417
20
-3.7397659448818898
11
5.6645951181102365
21
-3.739948779527559
0
LINE
8
BLACK
6
CONTINUOUS
10
5.6645951181102365
20
-3.739948779527559
11
5.6641264566929133
21
-3.7408861811023622
0
LINE
8
BLACK
6
CONTINUOUS
10
5.6641264566929133
20
-3.7408861811023622
11
5.6640285039370077
21
-3.7409711023622045
0
LINE
8
BLACK
6
CONTINUOUS
10
5.6640285039370077
20
-3.7409711023622045
11
5.6639789370078741
21
-3.7410908267716536
0
LINE
8
BLACK
6
CONTINUOUS
10
5.6639789370078741
20
-3.7410908267716536
11
5.6635102362204721
21
-3.7415595275590552
0
LINE
8
BLACK
6
CONTINUOUS
10
5.6635102362204721
20
-3.7415595275590552
11
5.6633905118110235
21
-3.7416090944881888
0
LINE
8
BLACK
6
CONTINUOUS
10
5.6633905118110235
20
-3.7416090944881888
11
5.6633055905511807
21
-3.7417070472440943
0
LINE
8
BLACK
6
CONTINUOUS
10
5.6633055905511807
20
-3.7417070472440943
11
5.6623681889763775
21
-3.7421757086614171
0
LINE
8
BLACK
6
CONTINUOUS
10
5.6623681889763775
20
-3.7421757086614171
11
5.6621853543307088
21
-3.7421886614173228
0
LINE
8
BLACK
6
CONTINUOUS
10
5.6621853543307088
20
-3.7421886614173228
11
5.6620160629921257
21
-3.7422588188976378
0
LINE
8
BLACK
6
CONTINUOUS
10
5.6620160629921257
20
-3.7422588188976378
11
5.6601412992125981
21
-3.7422588188976378
0
LINE
8
BLACK
6
CONTINUOUS
10
5.6601412992125981
20
-3.7422588188976378
11
5.6599719685039371
21
-3.7421886614173228
0
LINE
8
BLACK
6
CONTINUOUS
10
5.6599719685039371
20
-3.7421886614173228
11
5.6597891732283463
21
-3.7421757086614171
0
LINE
8
BLACK
6
CONTINUOUS
10
5.6597891732283463
20
-3.7421757086614171
11
5.6588518110236219
21
-3.7417070472440943
0
LINE
8
BLACK
6
CONTINUOUS
10
5.6588518110236219
20
-3.7417070472440943
11
5.6587668503937003
21
-3.7416090944881888
0
LINE
8
BLACK
6
CONTINUOUS
10
5.6587668503937003
20
-3.7416090944881888
11
5.6586471653543304
21
-3.7415595275590552
0
LINE
8
BLACK
6
CONTINUOUS
10
5.6586471653543304
20
-3.7415595275590552
11
5.6581784645669293
21
-3.7410908267716536
0
LINE
8
BLACK
6
CONTINUOUS
10
5.6581784645669293
20
-3.7410908267716536
11
5.6581288582677161
21
-3.7409711023622045
0
LINE
8
BLACK
6
CONTINUOUS
10
5.6581288582677161
20
-3.7409711023622045
11
5.6580309448818893
21
-3.7408861811023622
0
LINE
8
BLACK
6
CONTINUOUS
10
5.6580309448818893
20
-3.7408861811023622
11
5.6575622440944882
21
-3.739948779527559
0
LINE
8
BLACK
6
CONTINUOUS
10
5.6575622440944882
20
-3.739948779527559
11
5.6575492519685042
21
-3.7397659448818898
0
LINE
8
BLACK
6
CONTINUOUS
10
5.6575492519685042
20
-3.7397659448818898
11
5.657479133858268
21
-3.7395966535433072
0
LINE
8
BLACK
6
CONTINUOUS
10
5.657479133858268
20
-3.7395966535433072
11
5.657479133858268
21
-3.737253188976378
0
LINE
8
BLACK
6
CONTINUOUS
10
5.657479133858268
20
-3.737253188976378
11
5.6575492519685042
21
-3.7370838188976379
0
LINE
8
BLACK
6
CONTINUOUS
10
5.6575492519685042
20
-3.7370838188976379
11
5.6575622834645669
21
-3.736901023622047
0
LINE
8
BLACK
6
CONTINUOUS
10
5.6575622834645669
20
-3.736901023622047
11
5.6580309448818893
21
-3.7359637007874014
0
LINE
8
BLACK
6
CONTINUOUS
10
5.6580309448818893
20
-3.7359637007874014
11
5.6581288582677161
21
-3.735878779527559
0
LINE
8
BLACK
6
CONTINUOUS
10
5.6581288582677161
20
-3.735878779527559
11
5.6581784645669293
21
-3.7357590551181103
0
LINE
8
BLACK
6
CONTINUOUS
10
5.6581784645669293
20
-3.7357590551181103
11
5.6586471653543304
21
-3.7352903543307088
0
LINE
8
BLACK
6
CONTINUOUS
10
5.6586471653543304
20
-3.7352903543307088
11
5.6587668503937003
21
-3.735240748031496
0
LINE
8
BLACK
6
CONTINUOUS
10
5.6587668503937003
20
-3.735240748031496
11
5.6588517716535431
21
-3.735142874015748
0
LINE
8
BLACK
6
CONTINUOUS
10
5.6588517716535431
20
-3.735142874015748
11
5.6597891338582675
21
-3.7346741732283464
0
LINE
8
BLACK
6
CONTINUOUS
10
5.6597891338582675
20
-3.7346741732283464
11
5.6599718897637796
21
-3.734661181102362
0
LINE
8
BLACK
6
CONTINUOUS
10
5.6599718897637796
20
-3.734661181102362
11
5.6601412992125981
21
-3.734591023622047
0
LINE
8
BLACK
6
CONTINUOUS
10
5.6601412992125981
20
-3.734591023622047
11
5.6620160629921257
21
-3.734591023622047
0
LINE
8
BLACK
6
CONTINUOUS
10
5.6620160629921257
20
-3.734591023622047
11
5.6621853543307088
21
-3.7346611417322833
0
LINE
8
BLACK
6
CONTINUOUS
10
5.6621853543307088
20
-3.7346611417322833
11
5.6623681889763775
21
-3.7346741338582676
0
LINE
8
BLACK
6
CONTINUOUS
10
5.6623681889763775
20
-3.7346741338582676
11
5.6628456299212599
21
-3.734912834645669
0
LINE
8
BLACK
6
CONTINUOUS
10
5.6628456299212599
20
-3.734912834645669
11
5.6626913385826771
21
-3.73429562992126
0
LINE
8
BLACK
6
CONTINUOUS
10
5.6626913385826771
20
-3.73429562992126
11
5.6618728346456688
21
-3.7330679133858267
0
LINE
8
BLACK
6
CONTINUOUS
10
5.6618728346456688
20
-3.7330679133858267
11
5.6615496062992126
21
-3.73274468503937
0
LINE
8
BLACK
6
CONTINUOUS
10
5.6615496062992126
20
-3.73274468503937
11
5.6608928346456695
21
-3.7324162992125984
0
LINE
8
BLACK
6
CONTINUOUS
10
5.6608928346456695
20
-3.7324162992125984
11
5.6592039370078737
21
-3.7324162992125984
0
LINE
8
BLACK
6
CONTINUOUS
10
5.6592039370078737
20
-3.7324162992125984
11
5.6586471653543304
21
-3.7321856692913387
0
LINE
8
BLACK
6
CONTINUOUS
10
5.6586471653543304
20
-3.7321856692913387
11
5.6584165354330711
21
-3.7316288976377954
0
LINE
8
BLACK
6
CONTINUOUS
10
5.6584165354330711
20
-3.7316288976377954
11
5.6586471653543304
21
-3.7310721259842521
0
LINE
8
BLACK
6
CONTINUOUS
10
5.6586471653543304
20
-3.7310721259842521
11
5.6592039370078737
21
-3.7308414960629919
0
LINE
8
BLACK
6
CONTINUOUS
10
5.6592039370078737
20
-3.7308414960629919
11
5.6610787007874013
21
-3.7308414960629919
0
LINE
8
BLACK
6
CONTINUOUS
10
5.6610787007874013
20
-3.7308414960629919
11
5.6612480314960631
21
-3.7309116141732281
0
LINE
8
BLACK
6
CONTINUOUS
10
5.659670354330709
20
-3.7364942519685038
11
5.6593823228346452
21
-3.736782244094488
0
LINE
8
BLACK
6
CONTINUOUS
10
5.6593823228346452
20
-3.736782244094488
11
5.6590539370078741
21
-3.7374390551181103
0
LINE
8
BLACK
6
CONTINUOUS
10
5.6590539370078741
20
-3.7374390551181103
11
5.6590539370078741
21
-3.7394107480314958
0
LINE
8
BLACK
6
CONTINUOUS
10
5.6590539370078741
20
-3.7394107480314958
11
5.6593823622047239
21
-3.7400676377952755
0
LINE
8
BLACK
6
CONTINUOUS
10
5.6593823622047239
20
-3.7400676377952755
11
5.6596702755905515
21
-3.7403555511811022
0
LINE
8
BLACK
6
CONTINUOUS
10
5.6596702755905515
20
-3.7403555511811022
11
5.6603272047244095
21
-3.7406840157480312
0
LINE
8
BLACK
6
CONTINUOUS
10
5.6603272047244095
20
-3.7406840157480312
11
5.6618301574803152
21
-3.7406840157480312
0
LINE
8
BLACK
6
CONTINUOUS
10
5.6618301574803152
20
-3.7406840157480312
11
5.6624870866141732
21
-3.7403555511811022
0
LINE
8
BLACK
6
CONTINUOUS
10
5.6624870866141732
20
-3.7403555511811022
11
5.6627749606299211
21
-3.7400676771653543
0
LINE
8
BLACK
6
CONTINUOUS
10
5.6627749606299211
20
-3.7400676771653543
11
5.6631034251968506
21
-3.7394107480314958
0
LINE
8
BLACK
6
CONTINUOUS
10
5.6631034251968506
20
-3.7394107480314958
11
5.6631034251968506
21
-3.7374390551181103
0
LINE
8
BLACK
6
CONTINUOUS
10
5.6631034251968506
20
-3.7374390551181103
11
5.6627749606299211
21
-3.7367821653543305
0
LINE
8
BLACK
6
CONTINUOUS
10
5.6627749606299211
20
-3.7367821653543305
11
5.6624870472440945
21
-3.7364942519685038
0
LINE
8
BLACK
6
CONTINUOUS
10
5.6624870472440945
20
-3.7364942519685038
11
5.6618301574803152
21
-3.7361658267716535
0
LINE
8
BLACK
6
CONTINUOUS
10
5.6618301574803152
20
-3.7361658267716535
11
5.6603272047244095
21
-3.7361658267716535
0
LINE
8
BLACK
6
CONTINUOUS
10
5.6603272047244095
20
-3.7361658267716535
11
5.659670354330709
21
-3.7364942519685038
0
LINE
8
BLACK
6
CONTINUOUS
10
5.6705722047244089
20
-3.7308910629921259
11
5.6707015354330705
21
-3.7308818897637797
0
LINE
8
BLACK
6
CONTINUOUS
10
5.6707015354330705
20
-3.7308818897637797
11
5.672107598425197
21
-3.7313505905511812
0
LINE
8
BLACK
6
CONTINUOUS
10
5.672107598425197
20
-3.7313505905511812
11
5.6722460629921256
21
-3.7314706692913386
0
LINE
8
BLACK
6
CONTINUOUS
10
5.6722460629921256
20
-3.7314706692913386
11
5.6724153543307088
21
-3.7315408267716537
0
LINE
8
BLACK
6
CONTINUOUS
10
5.6724153543307088
20
-3.7315408267716537
11
5.6733527559055119
21
-3.7324782283464568
0
LINE
8
BLACK
6
CONTINUOUS
10
5.6733527559055119
20
-3.7324782283464568
11
5.6734023228346455
21
-3.7325979133858267
0
LINE
8
BLACK
6
CONTINUOUS
10
5.6734023228346455
20
-3.7325979133858267
11
5.6735002362204723
21
-3.7326828346456691
0
LINE
8
BLACK
6
CONTINUOUS
10
5.6735002362204723
20
-3.7326828346456691
11
5.6739689370078743
21
-3.7336201968503935
0
LINE
8
BLACK
6
CONTINUOUS
10
5.6739689370078743
20
-3.7336201968503935
11
5.6739752755905508
21
-3.7337094488188978
0
LINE
8
BLACK
6
CONTINUOUS
10
5.6739752755905508
20
-3.7337094488188978
11
5.674028582677165
21
-3.7337814173228345
0
LINE
8
BLACK
6
CONTINUOUS
10
5.674028582677165
20
-3.7337814173228345
11
5.6744972440944883
21
-3.7356561417322833
0
LINE
8
BLACK
6
CONTINUOUS
10
5.6744972440944883
20
-3.7356561417322833
11
5.6744825196850393
21
-3.7357548818897639
0
LINE
8
BLACK
6
CONTINUOUS
10
5.6744825196850393
20
-3.7357548818897639
11
5.6745207480314956
21
-3.7358471259842521
0
LINE
8
BLACK
6
CONTINUOUS
10
5.6745207480314956
20
-3.7358471259842521
11
5.6745207480314956
21
-3.737253188976378
0
LINE
8
BLACK
6
CONTINUOUS
10
5.6745207480314956
20
-3.737253188976378
11
5.6744825196850393
21
-3.7373453937007874
0
LINE
8
BLACK
6
CONTINUOUS
10
5.6744825196850393
20
-3.7373453937007874
11
5.6744972440944883
21
-3.7374441732283463
0
LINE
8
BLACK
6
CONTINUOUS
10
5.6744972440944883
20
-3.7374441732283463
11
5.674028582677165
21
-3.7393188976377951
0
LINE
8
BLACK
6
CONTINUOUS
10
5.674028582677165
20
-3.7393188976377951
11
5.6739752755905508
21
-3.7393908267716536
0
LINE
8
BLACK
6
CONTINUOUS
10
5.6739752755905508
20
-3.7393908267716536
11
5.6739689370078743
21
-3.7394801181102362
0
LINE
8
BLACK
6
CONTINUOUS
10
5.6739689370078743
20
-3.7394801181102362
11
5.673500275590551
21
-3.7404174803149606
0
LINE
8
BLACK
6
CONTINUOUS
10
5.673500275590551
20
-3.7404174803149606
11
5.6734023228346455
21
-3.7405023622047242
0
LINE
8
BLACK
6
CONTINUOUS
10
5.6734023228346455
20
-3.7405023622047242
11
5.6733527559055119
21
-3.740622125984252
0
LINE
8
BLACK
6
CONTINUOUS
10
5.6733527559055119
20
-3.740622125984252
11
5.6724153543307088
21
-3.7415595275590552
0
LINE
8
BLACK
6
CONTINUOUS
10
5.6724153543307088
20
-3.7415595275590552
11
5.6722460629921256
21
-3.7416296062992127
0
LINE
8
BLACK
6
CONTINUOUS
10
5.6722460629921256
20
-3.7416296062992127
11
5.672107598425197
21
-3.7417497637795276
0
LINE
8
BLACK
6
CONTINUOUS
10
5.672107598425197
20
-3.7417497637795276
11
5.6707014960629918
21
-3.7422184251968504
0
LINE
8
BLACK
6
CONTINUOUS
10
5.6707014960629918
20
-3.7422184251968504
11
5.6705722047244089
21
-3.742209212598425
0
LINE
8
BLACK
6
CONTINUOUS
10
5.6705722047244089
20
-3.742209212598425
11
5.6704525196850391
21
-3.7422588188976378
0
LINE
8
BLACK
6
CONTINUOUS
10
5.6704525196850391
20
-3.7422588188976378
11
5.6695151574803146
21
-3.7422588188976378
0
LINE
8
BLACK
6
CONTINUOUS
10
5.6695151574803146
20
-3.7422588188976378
11
5.669395433070866
21
-3.742209212598425
0
LINE
8
BLACK
6
CONTINUOUS
10
5.669395433070866
20
-3.742209212598425
11
5.6692661811023619
21
-3.7422184251968504
0
LINE
8
BLACK
6
CONTINUOUS
10
5.6692661811023619
20
-3.7422184251968504
11
5.6678600787401576
21
-3.7417497637795276
0
LINE
8
BLACK
6
CONTINUOUS
10
5.6678600787401576
20
-3.7417497637795276
11
5.6677215748031493
21
-3.7416296456692915
0
LINE
8
BLACK
6
CONTINUOUS
10
5.6677215748031493
20
-3.7416296456692915
11
5.6675522834645671
21
-3.7415595275590552
0
LINE
8
BLACK
6
CONTINUOUS
10
5.6675522834645671
20
-3.7415595275590552
11
5.6670835826771651
21
-3.7410908267716536
0
LINE
8
BLACK
6
CONTINUOUS
10
5.6670835826771651
20
-3.7410908267716536
11
5.6668529921259845
21
-3.7405340157480316
0
LINE
8
BLACK
6
CONTINUOUS
10
5.6668529921259845
20
-3.7405340157480316
11
5.6670836220472438
21
-3.7399772440944883
0
LINE
8
BLACK
6
CONTINUOUS
10
5.6670836220472438
20
-3.7399772440944883
11
5.6676404330708658
21
-3.7397466535433068
0
LINE
8
BLACK
6
CONTINUOUS
10
5.6676404330708658
20
-3.7397466535433068
11
5.6681972047244091
21
-3.739977283464567
0
LINE
8
BLACK
6
CONTINUOUS
10
5.6681972047244091
20
-3.739977283464567
11
5.6685343700787403
21
-3.7403145275590552
0
LINE
8
BLACK
6
CONTINUOUS
10
5.6685343700787403
20
-3.7403145275590552
11
5.6696429527559058
21
-3.7406840157480312
0
LINE
8
BLACK
6
CONTINUOUS
10
5.6696429527559058
20
-3.7406840157480312
11
5.6703247244094488
21
-3.7406840157480312
0
LINE
8
BLACK
6
CONTINUOUS
10
5.6703247244094488
20
-3.7406840157480312
11
5.6714332677165356
21
-3.7403144881889765
0
LINE
8
BLACK
6
CONTINUOUS
10
5.6714332677165356
20
-3.7403144881889765
11
5.6721488188976377
21
-3.7395989763779527
0
LINE
8
BLACK
6
CONTINUOUS
10
5.6721488188976377
20
-3.7395989763779527
11
5.6725217322834647
21
-3.7388530708661416
0
LINE
8
BLACK
6
CONTINUOUS
10
5.6725217322834647
20
-3.7388530708661416
11
5.6729459448818895
21
-3.7371562598425196
0
LINE
8
BLACK
6
CONTINUOUS
10
5.6729459448818895
20
-3.7371562598425196
11
5.6729459448818895
21
-3.7359440157480313
0
LINE
8
BLACK
6
CONTINUOUS
10
5.6729459448818895
20
-3.7359440157480313
11
5.6725217322834647
21
-3.7342472047244093
0
LINE
8
BLACK
6
CONTINUOUS
10
5.6725217322834647
20
-3.7342472047244093
11
5.6721488582677164
21
-3.7335014173228345
0
LINE
8
BLACK
6
CONTINUOUS
10
5.6721488582677164
20
-3.7335014173228345
11
5.6714332677165356
21
-3.7327858267716536
0
LINE
8
BLACK
6
CONTINUOUS
10
5.6714332677165356
20
-3.7327858267716536
11
5.67032468503937
21
-3.7324162992125984
0
LINE
8
BLACK
6
CONTINUOUS
10
5.67032468503937
20
-3.7324162992125984
11
5.6696429921259845
21
-3.7324162992125984
0
LINE
8
BLACK
6
CONTINUOUS
10
5.6696429921259845
20
-3.7324162992125984
11
5.6685343700787403
21
-3.7327858267716536
0
LINE
8
BLACK
6
CONTINUOUS
10
5.6685343700787403
20
-3.7327858267716536
11
5.6681972047244091
21
-3.7331230708661418
0
LINE
8
BLACK
6
CONTINUOUS
10
5.6681972047244091
20
-3.7331230708661418
11
5.6676404330708658
21
-3.7333537007874016
0
LINE
8
BLACK
6
CONTINUOUS
10
5.6676404330708658
20
-3.7333537007874016
11
5.6670836220472438
21
-3.7331231102362206
0
LINE
8
BLACK
6
CONTINUOUS
10
5.6670836220472438
20
-3.7331231102362206
11
5.6668529921259845
21
-3.7325663385826773
0
LINE
8
BLACK
6
CONTINUOUS
10
5.6668529921259845
20
-3.7325663385826773
11
5.6670835826771651
21
-3.7320095275590552
0
LINE
8
BLACK
6
CONTINUOUS
10
5.6670835826771651
20
-3.7320095275590552
11
5.6675522834645671
21
-3.7315408267716537
0
LINE
8
BLACK
6
CONTINUOUS
10
5.6675522834645671
20
-3.7315408267716537
11
5.6677215354330706
21
-3.7314706692913386
0
LINE
8
BLACK
6
CONTINUOUS
10
5.6677215354330706
20
-3.7314706692913386
11
5.6678600393700789
21
-3.7313505905511812
0
LINE
8
BLACK
6
CONTINUOUS
10
5.6678600393700789
20
-3.7313505905511812
11
5.6692661811023619
21
-3.7308818897637797
0
LINE
8
BLACK
6
CONTINUOUS
10
5.6692661811023619
20
-3.7308818897637797
11
5.669395433070866
21
-3.7308910629921259
0
LINE
8
BLACK
6
CONTINUOUS
10
5.669395433070866
20
-3.7308910629921259
11
5.6695151574803146
21
-3.7308414960629919
0
LINE
8
BLACK
6
CONTINUOUS
10
5.6695151574803146
20
-3.7308414960629919
11
5.6704525196850391
21
-3.7308414960629919
0
LINE
8
BLACK
6
CONTINUOUS
10
5.6704525196850391
20
-3.7308414960629919
11
5.6705722047244089
21
-3.7308910629921259
0
LINE
8
BLACK
6
CONTINUOUS
10
5.6856850393700782
20
-3.7251889763779529
11
5.6870769685039368
21
-3.7257655511811021
0
LINE
8
BLACK
6
CONTINUOUS
10
5.6870769685039368
20
-3.7257655511811021
11
5.6876535433070865
21
-3.7271574803149607
0
LINE
8
BLACK
6
CONTINUOUS
10
5.6876535433070865
20
-3.7271574803149607
11
5.6876535433070865
21
-3.7468425196850395
0
LINE
8
BLACK
6
CONTINUOUS
10
5.6876535433070865
20
-3.7468425196850395
11
5.6870769685039368
21
-3.7482344488188977
0
LINE
8
BLACK
6
CONTINUOUS
10
5.6870769685039368
20
-3.7482344488188977
11
5.6856850393700782
21
-3.7488110236220473
0
LINE
8
BLACK
6
CONTINUOUS
10
5.6856850393700782
20
-3.7488110236220473
11
5.6463149606299208
21
-3.7488110236220473
0
LINE
8
BLACK
6
CONTINUOUS
10
5.6463149606299208
20
-3.7488110236220473
11
5.644923031496063
21
-3.7482344488188977
0
LINE
8
BLACK
6
CONTINUOUS
10
5.644923031496063
20
-3.7482344488188977
11
5.6443464566929133
21
-3.7468425196850395
0
LINE
8
BLACK
6
CONTINUOUS
10
5.6443464566929133
20
-3.7468425196850395
11
5.6443464566929133
21
-3.7271574803149607
0
LINE
8
BLACK
6
CONTINUOUS
10
5.6443464566929133
20
-3.7271574803149607
11
5.644923031496063
21
-3.7257655511811021
0
LINE
8
BLACK
6
CONTINUOUS
10
5.644923031496063
20
-3.7257655511811021
11
5.6463149606299208
21
-3.7251889763779529
0
LINE
8
BLACK
6
CONTINUOUS
10
5.6463149606299208
20
-3.7251889763779529
11
5.6856850393700782
21
-3.7251889763779529
0
LINE
8
BLACK
6
CONTINUOUS
10
5.6482834645669291
20
-3.7291259842519686
11
5.6482834645669291
21
-3.7448740157480316
0
LINE
8
BLACK
6
CONTINUOUS
10
5.6482834645669291
20
-3.7448740157480316
11
5.6837165354330708
21
-3.7448740157480316
0
LINE
8
BLACK
6
CONTINUOUS
10
5.6837165354330708
20
-3.7448740157480316
11
5.6837165354330708
21
-3.7291259842519686
0
LINE
8
BLACK
6
CONTINUOUS
10
5.6837165354330708
20
-3.7291259842519686
11
5.6482834645669291
21
-3.7291259842519686
0
LINE
8
BLACK
6
CONTINUOUS
10
5.4271416535433072
20
-3.7263918503937008
11
5.4273244881889759
21
-3.7264048425196847
0
LINE
8
BLACK
6
CONTINUOUS
10
5.4273244881889759
20
-3.7264048425196847
11
5.4282618897637791
21
-3.726873503937008
0
LINE
8
BLACK
6
CONTINUOUS
10
5.4282618897637791
20
-3.726873503937008
11
5.4283467716535432
21
-3.726971377952756
0
LINE
8
BLACK
6
CONTINUOUS
10
5.4283467716535432
20
-3.726971377952756
11
5.4284665748031493
21
-3.7270210236220471
0
LINE
8
BLACK
6
CONTINUOUS
10
5.4284665748031493
20
-3.7270210236220471
11
5.4288471259842517
21
-3.7274016141732282
0
LINE
8
BLACK
6
CONTINUOUS
10
5.4288471259842517
20
-3.7274016141732282
11
5.4292277559055115
21
-3.7270210236220471
0
LINE
8
BLACK
6
CONTINUOUS
10
5.4292277559055115
20
-3.7270210236220471
11
5.4293474409448814
21
-3.7269714173228348
0
LINE
8
BLACK
6
CONTINUOUS
10
5.4293474409448814
20
-3.7269714173228348
11
5.429432401574803
21
-3.726873503937008
0
LINE
8
BLACK
6
CONTINUOUS
10
5.429432401574803
20
-3.726873503937008
11
5.4303697637795274
21
-3.7264048425196847
0
LINE
8
BLACK
6
CONTINUOUS
10
5.4303697637795274
20
-3.7264048425196847
11
5.4305525590551182
21
-3.7263918503937008
0
LINE
8
BLACK
6
CONTINUOUS
10
5.4305525590551182
20
-3.7263918503937008
11
5.4307218897637792
21
-3.7263217322834645
0
LINE
8
BLACK
6
CONTINUOUS
10
5.4307218897637792
20
-3.7263217322834645
11
5.4325966535433068
21
-3.7263217322834645
0
LINE
8
BLACK
6
CONTINUOUS
10
5.4325966535433068
20
-3.7263217322834645
11
5.4327659448818899
21
-3.7263918503937008
0
LINE
8
BLACK
6
CONTINUOUS
10
5.4327659448818899
20
-3.7263918503937008
11
5.4329487795275586
21
-3.7264048425196847
0
LINE
8
BLACK
6
CONTINUOUS
10
5.4329487795275586
20
-3.7264048425196847
11
5.4338861811023618
21
-3.726873503937008
0
LINE
8
BLACK
6
CONTINUOUS
10
5.4338861811023618
20
-3.726873503937008
11
5.4339711023622046
21
-3.7269714173228348
0
LINE
8
BLACK
6
CONTINUOUS
10
5.4339711023622046
20
-3.7269714173228348
11
5.4340908267716532
21
-3.7270210236220471
0
LINE
8
BLACK
6
CONTINUOUS
10
5.4340908267716532
20
-3.7270210236220471
11
5.4345595275590552
21
-3.7274897244094487
0
LINE
8
BLACK
6
CONTINUOUS
10
5.4345595275590552
20
-3.7274897244094487
11
5.4346090944881889
21
-3.727609409448819
0
LINE
8
BLACK
6
CONTINUOUS
10
5.4346090944881889
20
-3.727609409448819
11
5.4347070472440944
21
-3.7276943700787402
0
LINE
8
BLACK
6
CONTINUOUS
10
5.4347070472440944
20
-3.7276943700787402
11
5.4351757086614176
21
-3.7286317716535433
0
LINE
8
BLACK
6
CONTINUOUS
10
5.4351757086614176
20
-3.7286317716535433
11
5.4351886614173228
21
-3.7288145669291337
0
LINE
8
BLACK
6
CONTINUOUS
10
5.4351886614173228
20
-3.7288145669291337
11
5.4352588188976378
21
-3.7289838976377951
0
LINE
8
BLACK
6
CONTINUOUS
10
5.4352588188976378
20
-3.7289838976377951
11
5.4352588188976378
21
-3.7308586614173227
0
LINE
8
BLACK
6
CONTINUOUS
10
5.4352588188976378
20
-3.7308586614173227
11
5.4351886614173228
21
-3.7310279527559054
0
LINE
8
BLACK
6
CONTINUOUS
10
5.4351886614173228
20
-3.7310279527559054
11
5.4351757086614176
21
-3.7312107874015745
0
LINE
8
BLACK
6
CONTINUOUS
10
5.4351757086614176
20
-3.7312107874015745
11
5.4347070472440944
21
-3.7321481496062989
0
LINE
8
BLACK
6
CONTINUOUS
10
5.4347070472440944
20
-3.7321481496062989
11
5.4346090944881889
21
-3.7322330708661418
0
LINE
8
BLACK
6
CONTINUOUS
10
5.4346090944881889
20
-3.7322330708661418
11
5.4345595275590552
21
-3.7323527952755904
0
LINE
8
BLACK
6
CONTINUOUS
10
5.4345595275590552
20
-3.7323527952755904
11
5.4340908267716532
21
-3.732821496062992
0
LINE
8
BLACK
6
CONTINUOUS
10
5.4340908267716532
20
-3.732821496062992
11
5.4339711023622046
21
-3.732871062992126
0
LINE
8
BLACK
6
CONTINUOUS
10
5.4339711023622046
20
-3.732871062992126
11
5.4338861811023618
21
-3.7329690157480315
0
LINE
8
BLACK
6
CONTINUOUS
10
5.4338861811023618
20
-3.7329690157480315
11
5.4329487795275586
21
-3.7334377165354331
0
LINE
8
BLACK
6
CONTINUOUS
10
5.4329487795275586
20
-3.7334377165354331
11
5.4327659448818899
21
-3.7334506692913383
0
LINE
8
BLACK
6
CONTINUOUS
10
5.4327659448818899
20
-3.7334506692913383
11
5.4325966535433068
21
-3.7335208267716533
0
LINE
8
BLACK
6
CONTINUOUS
10
5.4325966535433068
20
-3.7335208267716533
11
5.4307218897637792
21
-3.7335208267716533
0
LINE
8
BLACK
6
CONTINUOUS
10
5.4307218897637792
20
-3.7335208267716533
11
5.4305524803149607
21
-3.73345062992126
0
LINE
8
BLACK
6
CONTINUOUS
10
5.4305524803149607
20
-3.73345062992126
11
5.4303697244094487
21
-3.7334376771653544
0
LINE
8
BLACK
6
CONTINUOUS
10
5.4303697244094487
20
-3.7334376771653544
11
5.4294323622047242
21
-3.7329689763779528
0
LINE
8
BLACK
6
CONTINUOUS
10
5.4294323622047242
20
-3.7329689763779528
11
5.4293474409448814
21
-3.732871062992126
0
LINE
8
BLACK
6
CONTINUOUS
10
5.4293474409448814
20
-3.732871062992126
11
5.4292277559055115
21
-3.732821496062992
0
LINE
8
BLACK
6
CONTINUOUS
10
5.4292277559055115
20
-3.732821496062992
11
5.4288471259842517
21
-3.7324408661417321
0
LINE
8
BLACK
6
CONTINUOUS
10
5.4288471259842517
20
-3.7324408661417321
11
5.4284665748031493
21
-3.732821496062992
0
LINE
8
BLACK
6
CONTINUOUS
10
5.4284665748031493
20
-3.732821496062992
11
5.4283467716535432
21
-3.7328711023622048
0
LINE
8
BLACK
6
CONTINUOUS
10
5.4283467716535432
20
-3.7328711023622048
11
5.4282618897637791
21
-3.7329690157480315
0
LINE
8
BLACK
6
CONTINUOUS
10
5.4282618897637791
20
-3.7329690157480315
11
5.4273244881889759
21
-3.7334377165354331
0
LINE
8
BLACK
6
CONTINUOUS
10
5.4273244881889759
20
-3.7334377165354331
11
5.4271416535433072
21
-3.7334506692913383
0
LINE
8
BLACK
6
CONTINUOUS
10
5.4271416535433072
20
-3.7334506692913383
11
5.4269723622047241
21
-3.7335208267716533
0
LINE
8
BLACK
6
CONTINUOUS
10
5.4269723622047241
20
-3.7335208267716533
11
5.426503661417323
21
-3.7335208267716533
0
LINE
8
BLACK
6
CONTINUOUS
10
5.426503661417323
20
-3.7335208267716533
11
5.4263342519685036
21
-3.73345062992126
0
LINE
8
BLACK
6
CONTINUOUS
10
5.4263342519685036
20
-3.73345062992126
11
5.4261514960629924
21
-3.7334376771653544
0
LINE
8
BLACK
6
CONTINUOUS
10
5.4261514960629924
20
-3.7334376771653544
11
5.425214133858268
21
-3.7329689763779528
0
LINE
8
BLACK
6
CONTINUOUS
10
5.425214133858268
20
-3.7329689763779528
11
5.4251292125984252
21
-3.732871062992126
0
LINE
8
BLACK
6
CONTINUOUS
10
5.4251292125984252
20
-3.732871062992126
11
5.4250095275590553
21
-3.732821496062992
0
LINE
8
BLACK
6
CONTINUOUS
10
5.4250095275590553
20
-3.732821496062992
11
5.4245408267716533
21
-3.7323527952755904
0
LINE
8
BLACK
6
CONTINUOUS
10
5.4245408267716533
20
-3.7323527952755904
11
5.4244912204724409
21
-3.732233031496063
0
LINE
8
BLACK
6
CONTINUOUS
10
5.4244912204724409
20
-3.732233031496063
11
5.4243933070866142
21
-3.7321481496062989
0
LINE
8
BLACK
6
CONTINUOUS
10
5.4243933070866142
20
-3.7321481496062989
11
5.4239246456692909
21
-3.7312108267716533
0
LINE
8
BLACK
6
CONTINUOUS
10
5.4239246456692909
20
-3.7312108267716533
11
5.4239116141732282
21
-3.7310279921259841
0
LINE
8
BLACK
6
CONTINUOUS
10
5.4239116141732282
20
-3.7310279921259841
11
5.4238414960629919
21
-3.7308586614173227
0
LINE
8
BLACK
6
CONTINUOUS
10
5.4238414960629919
20
-3.7308586614173227
11
5.4238414960629919
21
-3.7289838976377951
0
LINE
8
BLACK
6
CONTINUOUS
10
5.4238414960629919
20
-3.7289838976377951
11
5.4239116141732282
21
-3.7288145669291337
0
LINE
8
BLACK
6
CONTINUOUS
10
5.4239116141732282
20
-3.7288145669291337
11
5.4239246062992121
21
-3.7286317716535433
0
LINE
8
BLACK
6
CONTINUOUS
10
5.4239246062992121
20
-3.7286317716535433
11
5.4243933070866142
21
-3.7276943700787402
0
LINE
8
BLACK
6
CONTINUOUS
10
5.4243933070866142
20
-3.7276943700787402
11
5.4244912204724409
21
-3.727609409448819
0
LINE
8
BLACK
6
CONTINUOUS
10
5.4244912204724409
20
-3.727609409448819
11
5.4245408267716533
21
-3.7274897244094487
0
LINE
8
BLACK
6
CONTINUOUS
10
5.4245408267716533
20
-3.7274897244094487
11
5.4250095275590553
21
-3.7270210236220471
0
LINE
8
BLACK
6
CONTINUOUS
10
5.4250095275590553
20
-3.7270210236220471
11
5.4251292125984252
21
-3.7269714173228348
0
LINE
8
BLACK
6
CONTINUOUS
10
5.4251292125984252
20
-3.7269714173228348
11
5.4252141732283468
21
-3.726873503937008
0
LINE
8
BLACK
6
CONTINUOUS
10
5.4252141732283468
20
-3.726873503937008
11
5.4261515354330712
21
-3.7264048425196847
0
LINE
8
BLACK
6
CONTINUOUS
10
5.4261515354330712
20
-3.7264048425196847
11
5.4263343307086611
21
-3.7263918503937008
0
LINE
8
BLACK
6
CONTINUOUS
10
5.4263343307086611
20
-3.7263918503937008
11
5.426503661417323
21
-3.7263217322834645
0
LINE
8
BLACK
6
CONTINUOUS
10
5.426503661417323
20
-3.7263217322834645
11
5.4269723622047241
21
-3.7263217322834645
0
LINE
8
BLACK
6
CONTINUOUS
10
5.4269723622047241
20
-3.7263217322834645
11
5.4271416535433072
21
-3.7263918503937008
0
LINE
8
BLACK
6
CONTINUOUS
10
5.4260326377952754
20
-3.7282249606299214
11
5.4257447244094488
21
-3.728512874015748
0
LINE
8
BLACK
6
CONTINUOUS
10
5.4257447244094488
20
-3.728512874015748
11
5.425416299212598
21
-3.7291697637795274
0
LINE
8
BLACK
6
CONTINUOUS
10
5.425416299212598
20
-3.7291697637795274
11
5.425416299212598
21
-3.7306727559055117
0
LINE
8
BLACK
6
CONTINUOUS
10
5.425416299212598
20
-3.7306727559055117
11
5.42574468503937
21
-3.731329566929134
0
LINE
8
BLACK
6
CONTINUOUS
10
5.42574468503937
20
-3.731329566929134
11
5.426032716535433
21
-3.7316175984251969
0
LINE
8
BLACK
6
CONTINUOUS
10
5.426032716535433
20
-3.7316175984251969
11
5.4266895669291335
21
-3.7319460236220472
0
LINE
8
BLACK
6
CONTINUOUS
10
5.4266895669291335
20
-3.7319460236220472
11
5.4267864566929136
21
-3.7319460236220472
0
LINE
8
BLACK
6
CONTINUOUS
10
5.4267864566929136
20
-3.7319460236220472
11
5.4274432677165354
21
-3.7316175984251969
0
LINE
8
BLACK
6
CONTINUOUS
10
5.4274432677165354
20
-3.7316175984251969
11
5.4277312992125983
21
-3.7313296062992127
0
LINE
8
BLACK
6
CONTINUOUS
10
5.4277312992125983
20
-3.7313296062992127
11
5.4280597244094491
21
-3.7306727559055117
0
LINE
8
BLACK
6
CONTINUOUS
10
5.4280597244094491
20
-3.7306727559055117
11
5.4280597244094491
21
-3.7291698031496061
0
LINE
8
BLACK
6
CONTINUOUS
10
5.4280597244094491
20
-3.7291698031496061
11
5.4277312598425196
21
-3.728512874015748
0
LINE
8
BLACK
6
CONTINUOUS
10
5.4277312598425196
20
-3.728512874015748
11
5.4274433070866142
21
-3.7282249212598426
0
LINE
8
BLACK
6
CONTINUOUS
10
5.4274433070866142
20
-3.7282249212598426
11
5.4267864566929136
21
-3.7278965354330706
0
LINE
8
BLACK
6
CONTINUOUS
10
5.4267864566929136
20
-3.7278965354330706
11
5.4266895669291335
21
-3.7278965354330706
0
LINE
8
BLACK
6
CONTINUOUS
10
5.4266895669291335
20
-3.7278965354330706
11
5.4260326377952754
21
-3.7282249606299214
0
LINE
8
BLACK
6
CONTINUOUS
10
5.4302508661417326
20
-3.7282249606299214
11
5.429962952755905
21
-3.728512874015748
0
LINE
8
BLACK
6
CONTINUOUS
10
5.429962952755905
20
-3.728512874015748
11
5.4296345275590552
21
-3.7291697637795274
0
LINE
8
BLACK
6
CONTINUOUS
10
5.4296345275590552
20
-3.7291697637795274
11
5.4296345275590552
21
-3.7306727559055117
0
LINE
8
BLACK
6
CONTINUOUS
10
5.4296345275590552
20
-3.7306727559055117
11
5.4299629133858263
21
-3.731329566929134
0
LINE
8
BLACK
6
CONTINUOUS
10
5.4299629133858263
20
-3.731329566929134
11
5.4302509448818892
21
-3.7316175984251969
0
LINE
8
BLACK
6
CONTINUOUS
10
5.4302509448818892
20
-3.7316175984251969
11
5.4309077952755906
21
-3.7319460236220472
0
LINE
8
BLACK
6
CONTINUOUS
10
5.4309077952755906
20
-3.7319460236220472
11
5.4324107480314963
21
-3.7319460236220472
0
LINE
8
BLACK
6
CONTINUOUS
10
5.4324107480314963
20
-3.7319460236220472
11
5.4330676377952756
21
-3.7316175590551182
0
LINE
8
BLACK
6
CONTINUOUS
10
5.4330676377952756
20
-3.7316175590551182
11
5.4333555511811022
21
-3.731329645669291
0
LINE
8
BLACK
6
CONTINUOUS
10
5.4333555511811022
20
-3.731329645669291
11
5.4336840157480317
21
-3.7306727559055117
0
LINE
8
BLACK
6
CONTINUOUS
10
5.4336840157480317
20
-3.7306727559055117
11
5.4336840157480317
21
-3.7291697637795274
0
LINE
8
BLACK
6
CONTINUOUS
10
5.4336840157480317
20
-3.7291697637795274
11
5.4333555511811022
21
-3.7285128346456693
0
LINE
8
BLACK
6
CONTINUOUS
10
5.4333555511811022
20
-3.7285128346456693
11
5.4330676771653543
21
-3.7282249606299214
0
LINE
8
BLACK
6
CONTINUOUS
10
5.4330676771653543
20
-3.7282249606299214
11
5.4324107480314963
21
-3.7278965354330706
0
LINE
8
BLACK
6
CONTINUOUS
10
5.4324107480314963
20
-3.7278965354330706
11
5.4309077952755906
21
-3.7278965354330706
0
LINE
8
BLACK
6
CONTINUOUS
10
5.4309077952755906
20
-3.7278965354330706
11
5.4302508661417326
21
-3.7282249606299214
0
LINE
8
BLACK
6
CONTINUOUS
10
5.4303453937007875
20
-3.7165174015748033
11
5.4304441338582672
21
-3.716502716535433
0
LINE
8
BLACK
6
CONTINUOUS
10
5.4304441338582672
20
-3.716502716535433
11
5.4323188976377947
21
-3.7169713779527558
0
LINE
8
BLACK
6
CONTINUOUS
10
5.4323188976377947
20
-3.7169713779527558
11
5.4323907480314961
21
-3.7170246062992125
0
LINE
8
BLACK
6
CONTINUOUS
10
5.4323907480314961
20
-3.7170246062992125
11
5.4324800787401575
21
-3.7170309842519682
0
LINE
8
BLACK
6
CONTINUOUS
10
5.4324800787401575
20
-3.7170309842519682
11
5.4334174803149606
21
-3.7174996850393698
0
LINE
8
BLACK
6
CONTINUOUS
10
5.4334174803149606
20
-3.7174996850393698
11
5.4335024015748035
21
-3.7175975984251965
0
LINE
8
BLACK
6
CONTINUOUS
10
5.4335024015748035
20
-3.7175975984251965
11
5.4336221259842521
21
-3.7176472047244093
0
LINE
8
BLACK
6
CONTINUOUS
10
5.4336221259842521
20
-3.7176472047244093
11
5.4345595275590552
21
-3.7185846062992125
0
LINE
8
BLACK
6
CONTINUOUS
10
5.4345595275590552
20
-3.7185846062992125
11
5.4346296456692915
21
-3.7187539370078739
0
LINE
8
BLACK
6
CONTINUOUS
10
5.4346296456692915
20
-3.7187539370078739
11
5.4347497637795277
21
-3.7188924015748031
0
LINE
8
BLACK
6
CONTINUOUS
10
5.4347497637795277
20
-3.7188924015748031
11
5.4352184251968501
21
-3.720298464566929
0
LINE
8
BLACK
6
CONTINUOUS
10
5.4352184251968501
20
-3.720298464566929
11
5.4352092125984255
21
-3.7204277165354331
0
LINE
8
BLACK
6
CONTINUOUS
10
5.4352092125984255
20
-3.7204277165354331
11
5.4352588188976378
21
-3.7205474409448818
0
LINE
8
BLACK
6
CONTINUOUS
10
5.4352588188976378
20
-3.7205474409448818
11
5.4352588188976378
21
-3.7214848031496062
0
LINE
8
BLACK
6
CONTINUOUS
10
5.4352588188976378
20
-3.7214848031496062
11
5.4352092125984255
21
-3.7216044881889765
0
LINE
8
BLACK
6
CONTINUOUS
10
5.4352092125984255
20
-3.7216044881889765
11
5.4352184251968501
21
-3.7217337795275589
0
LINE
8
BLACK
6
CONTINUOUS
10
5.4352184251968501
20
-3.7217337795275589
11
5.4347497637795277
21
-3.7231398818897636
0
LINE
8
BLACK
6
CONTINUOUS
10
5.4347497637795277
20
-3.7231398818897636
11
5.4346296456692915
21
-3.7232783464566928
0
LINE
8
BLACK
6
CONTINUOUS
10
5.4346296456692915
20
-3.7232783464566928
11
5.4345595275590552
21
-3.7234476771653542
0
LINE
8
BLACK
6
CONTINUOUS
10
5.4345595275590552
20
-3.7234476771653542
11
5.4340908267716532
21
-3.7239163779527558
0
LINE
8
BLACK
6
CONTINUOUS
10
5.4340908267716532
20
-3.7239163779527558
11
5.4335340157480312
21
-3.7241469685039368
0
LINE
8
BLACK
6
CONTINUOUS
10
5.4335340157480312
20
-3.7241469685039368
11
5.4329772440944879
21
-3.723916338582677
0
LINE
8
BLACK
6
CONTINUOUS
10
5.4329772440944879
20
-3.723916338582677
11
5.4327466535433073
21
-3.723359527559055
0
LINE
8
BLACK
6
CONTINUOUS
10
5.4327466535433073
20
-3.723359527559055
11
5.4329772834645667
21
-3.7228027559055117
0
LINE
8
BLACK
6
CONTINUOUS
10
5.4329772834645667
20
-3.7228027559055117
11
5.4333145275590553
21
-3.7224655511811022
0
LINE
8
BLACK
6
CONTINUOUS
10
5.4333145275590553
20
-3.7224655511811022
11
5.4336840157480317
21
-3.7213570078740155
0
LINE
8
BLACK
6
CONTINUOUS
10
5.4336840157480317
20
-3.7213570078740155
11
5.4336840157480317
21
-3.7206752362204725
0
LINE
8
BLACK
6
CONTINUOUS
10
5.4336840157480317
20
-3.7206752362204725
11
5.4333144881889766
21
-3.719566653543307
0
LINE
8
BLACK
6
CONTINUOUS
10
5.4333144881889766
20
-3.719566653543307
11
5.4325989370078736
21
-3.7188511023622048
0
LINE
8
BLACK
6
CONTINUOUS
10
5.4325989370078736
20
-3.7188511023622048
11
5.4318531102362204
21
-3.7184781889763778
0
LINE
8
BLACK
6
CONTINUOUS
10
5.4318531102362204
20
-3.7184781889763778
11
5.4301562598425193
21
-3.7180540157480313
0
LINE
8
BLACK
6
CONTINUOUS
10
5.4301562598425193
20
-3.7180540157480313
11
5.4289440551181105
21
-3.7180540157480313
0
LINE
8
BLACK
6
CONTINUOUS
10
5.4289440551181105
20
-3.7180540157480313
11
5.4272472047244094
21
-3.7184781889763778
0
LINE
8
BLACK
6
CONTINUOUS
10
5.4272472047244094
20
-3.7184781889763778
11
5.4265014173228341
21
-3.7188511023622048
0
LINE
8
BLACK
6
CONTINUOUS
10
5.4265014173228341
20
-3.7188511023622048
11
5.4257858267716532
21
-3.719566653543307
0
LINE
8
BLACK
6
CONTINUOUS
10
5.4257858267716532
20
-3.719566653543307
11
5.425416299212598
21
-3.7206752755905512
0
LINE
8
BLACK
6
CONTINUOUS
10
5.425416299212598
20
-3.7206752755905512
11
5.425416299212598
21
-3.7213569685039367
0
LINE
8
BLACK
6
CONTINUOUS
10
5.425416299212598
20
-3.7213569685039367
11
5.4257857874015745
21
-3.7224655118110235
0
LINE
8
BLACK
6
CONTINUOUS
10
5.4257857874015745
20
-3.7224655118110235
11
5.4261230708661419
21
-3.7228027952755904
0
LINE
8
BLACK
6
CONTINUOUS
10
5.4261230708661419
20
-3.7228027952755904
11
5.4263537007874012
21
-3.7233595669291337
0
LINE
8
BLACK
6
CONTINUOUS
10
5.4263537007874012
20
-3.7233595669291337
11
5.4261231102362206
21
-3.723916338582677
0
LINE
8
BLACK
6
CONTINUOUS
10
5.4261231102362206
20
-3.723916338582677
11
5.4255663385826773
21
-3.7241469685039368
0
LINE
8
BLACK
6
CONTINUOUS
10
5.4255663385826773
20
-3.7241469685039368
11
5.4250095669291341
21
-3.7239163779527558
0
LINE
8
BLACK
6
CONTINUOUS
10
5.4250095669291341
20
-3.7239163779527558
11
5.4245408267716533
21
-3.7234477165354329
0
LINE
8
BLACK
6
CONTINUOUS
10
5.4245408267716533
20
-3.7234477165354329
11
5.4244706692913383
21
-3.7232783464566928
0
LINE
8
BLACK
6
CONTINUOUS
10
5.4244706692913383
20
-3.7232783464566928
11
5.4243505905511809
21
-3.7231399212598424
0
LINE
8
BLACK
6
CONTINUOUS
10
5.4243505905511809
20
-3.7231399212598424
11
5.4238818897637797
21
-3.7217338188976377
0
LINE
8
BLACK
6
CONTINUOUS
10
5.4238818897637797
20
-3.7217338188976377
11
5.4238910629921255
21
-3.7216044881889765
0
LINE
8
BLACK
6
CONTINUOUS
10
5.4238910629921255
20
-3.7216044881889765
11
5.4238414960629919
21
-3.7214848031496062
0
LINE
8
BLACK
6
CONTINUOUS
10
5.4238414960629919
20
-3.7214848031496062
11
5.4238414960629919
21
-3.7205474409448818
0
LINE
8
BLACK
6
CONTINUOUS
10
5.4238414960629919
20
-3.7205474409448818
11
5.4238910629921255
21
-3.7204277165354331
0
LINE
8
BLACK
6
CONTINUOUS
10
5.4238910629921255
20
-3.7204277165354331
11
5.4238818897637797
21
-3.7202984251968503
0
LINE
8
BLACK
6
CONTINUOUS
10
5.4238818897637797
20
-3.7202984251968503
11
5.4243505905511809
21
-3.7188923622047243
0
LINE
8
BLACK
6
CONTINUOUS
10
5.4243505905511809
20
-3.7188923622047243
11
5.4244706692913383
21
-3.7187538582677164
0
LINE
8
BLACK
6
CONTINUOUS
10
5.4244706692913383
20
-3.7187538582677164
11
5.4245408267716533
21
-3.7185846062992125
0
LINE
8
BLACK
6
CONTINUOUS
10
5.4245408267716533
20
-3.7185846062992125
11
5.4254782283464564
21
-3.7176472047244093
0
LINE
8
BLACK
6
CONTINUOUS
10
5.4254782283464564
20
-3.7176472047244093
11
5.4255979133858263
21
-3.7175975984251965
0
LINE
8
BLACK
6
CONTINUOUS
10
5.4255979133858263
20
-3.7175975984251965
11
5.4256828346456691
21
-3.7174997244094485
0
LINE
8
BLACK
6
CONTINUOUS
10
5.4256828346456691
20
-3.7174997244094485
11
5.4266201968503935
21
-3.717031023622047
0
LINE
8
BLACK
6
CONTINUOUS
10
5.4266201968503935
20
-3.717031023622047
11
5.4267094488188974
21
-3.7170246456692912
0
LINE
8
BLACK
6
CONTINUOUS
10
5.4267094488188974
20
-3.7170246456692912
11
5.4267814173228341
21
-3.7169713779527558
0
LINE
8
BLACK
6
CONTINUOUS
10
5.4267814173228341
20
-3.7169713779527558
11
5.4286561417322829
21
-3.716502716535433
0
LINE
8
BLACK
6
CONTINUOUS
10
5.4286561417322829
20
-3.716502716535433
11
5.4287548818897635
21
-3.7165174015748033
0
LINE
8
BLACK
6
CONTINUOUS
10
5.4287548818897635
20
-3.7165174015748033
11
5.4288471259842517
21
-3.7164792125984252
0
LINE
8
BLACK
6
CONTINUOUS
10
5.4288471259842517
20
-3.7164792125984252
11
5.4302531889763781
21
-3.7164792125984252
0
LINE
8
BLACK
6
CONTINUOUS
10
5.4302531889763781
20
-3.7164792125984252
11
5.4303453937007875
21
-3.7165174015748033
0
LINE
8
BLACK
6
CONTINUOUS
10
5.4398425196850395
20
-3.7033464566929135
11
5.4412344488188973
21
-3.7039230314960627
0
LINE
8
BLACK
6
CONTINUOUS
10
5.4412344488188973
20
-3.7039230314960627
11
5.4418110236220469
21
-3.7053149606299214
0
LINE
8
BLACK
6
CONTINUOUS
10
5.4418110236220469
20
-3.7053149606299214
11
5.4418110236220469
21
-3.7446850393700788
0
LINE
8
BLACK
6
CONTINUOUS
10
5.4418110236220469
20
-3.7446850393700788
11
5.4412344488188973
21
-3.746076968503937
0
LINE
8
BLACK
6
CONTINUOUS
10
5.4412344488188973
20
-3.746076968503937
11
5.4398425196850395
21
-3.7466535433070867
0
LINE
8
BLACK
6
CONTINUOUS
10
5.4398425196850395
20
-3.7466535433070867
11
5.4201574803149608
21
-3.7466535433070867
0
LINE
8
BLACK
6
CONTINUOUS
10
5.4201574803149608
20
-3.7466535433070867
11
5.4187655511811021
21
-3.746076968503937
0
LINE
8
BLACK
6
CONTINUOUS
10
5.4187655511811021
20
-3.746076968503937
11
5.4181889763779525
21
-3.7446850393700788
0
LINE
8
BLACK
6
CONTINUOUS
10
5.4181889763779525
20
-3.7446850393700788
11
5.4181889763779525
21
-3.7053149606299214
0
LINE
8
BLACK
6
CONTINUOUS
10
5.4181889763779525
20
-3.7053149606299214
11
5.4187655511811021
21
-3.7039230314960627
0
LINE
8
BLACK
6
CONTINUOUS
10
5.4187655511811021
20
-3.7039230314960627
11
5.4201574803149608
21
-3.7033464566929135
0
LINE
8
BLACK
6
CONTINUOUS
10
5.4201574803149608
20
-3.7033464566929135
11
5.4398425196850395
21
-3.7033464566929135
0
LINE
8
BLACK
6
CONTINUOUS
10
5.4221259842519682
20
-3.7072834645669293
11
5.4221259842519682
21
-3.7427165354330709
0
LINE
8
BLACK
6
CONTINUOUS
10
5.4221259842519682
20
-3.7427165354330709
11
5.4378740157480312
21
-3.7427165354330709
0
LINE
8
BLACK
6
CONTINUOUS
10
5.4378740157480312
20
-3.7427165354330709
11
5.4378740157480312
21
-3.7072834645669293
0
LINE
8
BLACK
6
CONTINUOUS
10
5.4378740157480312
20
-3.7072834645669293
11
5.4221259842519682
21
-3.7072834645669293
0
LINE
8
BLACK
6
CONTINUOUS
10
5.8619491338582677
20
-3.6957614960629921
11
5.8620843700787404
21
-3.6958749606299213
0
LINE
8
BLACK
6
CONTINUOUS
10
5.8620843700787404
20
-3.6958749606299213
11
5.8622597244094488
21
-3.6958951574803147
0
LINE
8
BLACK
6
CONTINUOUS
10
5.8622597244094488
20
-3.6958951574803147
11
5.8660092519685039
21
-3.6977699212598423
0
LINE
8
BLACK
6
CONTINUOUS
10
5.8660092519685039
20
-3.6977699212598423
11
5.8667183070866145
21
-3.6982958267716532
0
LINE
8
BLACK
6
CONTINUOUS
10
5.8667183070866145
20
-3.6982958267716532
11
5.8667766535433072
21
-3.6983230314960629
0
LINE
8
BLACK
6
CONTINUOUS
10
5.8667766535433072
20
-3.6983230314960629
11
5.8686514173228348
21
-3.7001977952755905
0
LINE
8
BLACK
6
CONTINUOUS
10
5.8686514173228348
20
-3.7001977952755905
11
5.869239606299212
21
-3.7010378346456694
0
LINE
8
BLACK
6
CONTINUOUS
10
5.869239606299212
20
-3.7010378346456694
11
5.8694156299212601
21
-3.7030499212598422
0
LINE
8
BLACK
6
CONTINUOUS
10
5.8694156299212601
20
-3.7030499212598422
11
5.8682571259842522
21
-3.7047044881889764
0
LINE
8
BLACK
6
CONTINUOUS
10
5.8682571259842522
20
-3.7047044881889764
11
5.8663061417322835
21
-3.7052272047244093
0
LINE
8
BLACK
6
CONTINUOUS
10
5.8663061417322835
20
-3.7052272047244093
11
5.864475590551181
21
-3.7043736220472439
0
LINE
8
BLACK
6
CONTINUOUS
10
5.864475590551181
20
-3.7043736220472439
11
5.8629396456692913
21
-3.7028376771653542
0
LINE
8
BLACK
6
CONTINUOUS
10
5.8629396456692913
20
-3.7028376771653542
11
5.8602421653543306
21
-3.7014889370078738
0
LINE
8
BLACK
6
CONTINUOUS
10
5.8602421653543306
20
-3.7014889370078738
11
5.852262440944882
21
-3.7014889370078738
0
LINE
8
BLACK
6
CONTINUOUS
10
5.852262440944882
20
-3.7014889370078738
11
5.8495649606299214
21
-3.7028376771653542
0
LINE
8
BLACK
6
CONTINUOUS
10
5.8495649606299214
20
-3.7028376771653542
11
5.8483678346456696
21
-3.7040348031496064
0
LINE
8
BLACK
6
CONTINUOUS
10
5.8483678346456696
20
-3.7040348031496064
11
5.8470190944881892
21
-3.7067322834645666
0
LINE
8
BLACK
6
CONTINUOUS
10
5.8470190944881892
20
-3.7067322834645666
11
5.8470190944881892
21
-3.7093055905511809
0
LINE
8
BLACK
6
CONTINUOUS
10
5.8470190944881892
20
-3.7093055905511809
11
5.848521889763779
21
-3.7138140157480315
0
LINE
8
BLACK
6
CONTINUOUS
10
5.848521889763779
20
-3.7138140157480315
11
5.8705261811023624
21
-3.7358183464566928
0
LINE
8
BLACK
6
CONTINUOUS
10
5.8705261811023624
20
-3.7358183464566928
11
5.87089594488189
21
-3.7363463779527559
0
LINE
8
BLACK
6
CONTINUOUS
10
5.87089594488189
20
-3.7363463779527559
11
5.870995433070866
21
-3.7364298818897637
0
LINE
8
BLACK
6
CONTINUOUS
10
5.870995433070866
20
-3.7364298818897637
11
5.871009212598425
21
-3.7365081889763778
0
LINE
8
BLACK
6
CONTINUOUS
10
5.871009212598425
20
-3.7365081889763778
11
5.8711144094488183
21
-3.7366583858267717
0
LINE
8
BLACK
6
CONTINUOUS
10
5.8711144094488183
20
-3.7366583858267717
11
5.8711918503937008
21
-3.737543937007874
0
LINE
8
BLACK
6
CONTINUOUS
10
5.8711918503937008
20
-3.737543937007874
11
5.8713461811023624
21
-3.7384190157480313
0
LINE
8
BLACK
6
CONTINUOUS
10
5.8713461811023624
20
-3.7384190157480313
11
5.8712786614173229
21
-3.7385359448818898
0
LINE
8
BLACK
6
CONTINUOUS
10
5.8712786614173229
20
-3.7385359448818898
11
5.8712904330708664
21
-3.7386705118110237
0
LINE
8
BLACK
6
CONTINUOUS
10
5.8712904330708664
20
-3.7386705118110237
11
5.8707805511811024
21
-3.7393986614173227
0
LINE
8
BLACK
6
CONTINUOUS
10
5.8707805511811024
20
-3.7393986614173227
11
5.8703362598425199
21
-3.7401681889763778
0
LINE
8
BLACK
6
CONTINUOUS
10
5.8703362598425199
20
-3.7401681889763778
11
5.8702093700787401
21
-3.7402143307086613
0
LINE
8
BLACK
6
CONTINUOUS
10
5.8702093700787401
20
-3.7402143307086613
11
5.8701318897637798
21
-3.7403250393700787
0
LINE
8
BLACK
6
CONTINUOUS
10
5.8701318897637798
20
-3.7403250393700787
11
5.8692733464566924
21
-3.7405550393700788
0
LINE
8
BLACK
6
CONTINUOUS
10
5.8692733464566924
20
-3.7405550393700788
11
5.8684382677165354
21
-3.7408590157480313
0
LINE
8
BLACK
6
CONTINUOUS
10
5.8684382677165354
20
-3.7408590157480313
11
5.8440663385826772
21
-3.7408590157480313
0
LINE
8
BLACK
6
CONTINUOUS
10
5.8440663385826772
20
-3.7408590157480313
11
5.8430564173228348
21
-3.7406809448818898
0
LINE
8
BLACK
6
CONTINUOUS
10
5.8430564173228348
20
-3.7406809448818898
11
5.8415091732283466
21
-3.7393826377952757
0
LINE
8
BLACK
6
CONTINUOUS
10
5.8415091732283466
20
-3.7393826377952757
11
5.8411584251968502
21
-3.7373935039370076
0
LINE
8
BLACK
6
CONTINUOUS
10
5.8411584251968502
20
-3.7373935039370076
11
5.8421683464566927
21
-3.7356443307086615
0
LINE
8
BLACK
6
CONTINUOUS
10
5.8421683464566927
20
-3.7356443307086615
11
5.8440663385826772
21
-3.7349535039370076
0
LINE
8
BLACK
6
CONTINUOUS
10
5.8440663385826772
20
-3.7349535039370076
11
5.8613096850393696
21
-3.7349535039370076
0
LINE
8
BLACK
6
CONTINUOUS
10
5.8613096850393696
20
-3.7349535039370076
11
5.8438531889763778
21
-3.7174969685039367
0
LINE
8
BLACK
6
CONTINUOUS
10
5.8438531889763778
20
-3.7174969685039367
11
5.8432649999999997
21
-3.7166569291338583
0
LINE
8
BLACK
6
CONTINUOUS
10
5.8432649999999997
20
-3.7166569291338583
11
5.8432496062992128
21
-3.7164810629921261
0
LINE
8
BLACK
6
CONTINUOUS
10
5.8432496062992128
20
-3.7164810629921261
11
5.8431398818897637
21
-3.7163427952755903
0
LINE
8
BLACK
6
CONTINUOUS
10
5.8431398818897637
20
-3.7163427952755903
11
5.8412651181102362
21
-3.7107185039370076
0
LINE
8
BLACK
6
CONTINUOUS
10
5.8412651181102362
20
-3.7107185039370076
11
5.8411356299212596
21
-3.7098453149606296
0
LINE
8
BLACK
6
CONTINUOUS
10
5.8411356299212596
20
-3.7098453149606296
11
5.8411135826771652
21
-3.7097847637795276
0
LINE
8
BLACK
6
CONTINUOUS
10
5.8411135826771652
20
-3.7097847637795276
11
5.8411135826771652
21
-3.7060352362204725
0
LINE
8
BLACK
6
CONTINUOUS
10
5.8411135826771652
20
-3.7060352362204725
11
5.8412916535433066
21
-3.70502531496063
0
LINE
8
BLACK
6
CONTINUOUS
10
5.8412916535433066
20
-3.70502531496063
11
5.8414051181102362
21
-3.7048900393700785
0
LINE
8
BLACK
6
CONTINUOUS
10
5.8414051181102362
20
-3.7048900393700785
11
5.8414253149606301
21
-3.7047147244094489
0
LINE
8
BLACK
6
CONTINUOUS
10
5.8414253149606301
20
-3.7047147244094489
11
5.8433000787401577
21
-3.7009651968503938
0
LINE
8
BLACK
6
CONTINUOUS
10
5.8433000787401577
20
-3.7009651968503938
11
5.8438259842519686
21
-3.7002561023622045
0
LINE
8
BLACK
6
CONTINUOUS
10
5.8438259842519686
20
-3.7002561023622045
11
5.8438531889763778
21
-3.7001977952755905
0
LINE
8
BLACK
6
CONTINUOUS
10
5.8438531889763778
20
-3.7001977952755905
11
5.8457279527559054
21
-3.6983230314960629
0
LINE
8
BLACK
6
CONTINUOUS
10
5.8457279527559054
20
-3.6983230314960629
11
5.8464510236220475
21
-3.6978167322834645
0
LINE
8
BLACK
6
CONTINUOUS
10
5.8464510236220475
20
-3.6978167322834645
11
5.8464953543307088
21
-3.6977699212598423
0
LINE
8
BLACK
6
CONTINUOUS
10
5.8464953543307088
20
-3.6977699212598423
11
5.8502448818897639
21
-3.6958951574803147
0
LINE
8
BLACK
6
CONTINUOUS
10
5.8502448818897639
20
-3.6958951574803147
11
5.85122779527559
21
-3.6956027952755903
0
LINE
8
BLACK
6
CONTINUOUS
10
5.85122779527559
20
-3.6956027952755903
11
5.8513994881889762
21
-3.695643779527559
0
LINE
8
BLACK
6
CONTINUOUS
10
5.8513994881889762
20
-3.695643779527559
11
5.8515653937007874
21
-3.6955834251968502
0
LINE
8
BLACK
6
CONTINUOUS
10
5.8515653937007874
20
-3.6955834251968502
11
5.8609392125984252
21
-3.6955834251968502
0
LINE
8
BLACK
6
CONTINUOUS
10
5.8609392125984252
20
-3.6955834251968502
11
5.8619491338582677
21
-3.6957614960629921
0
LINE
8
BLACK
6
CONTINUOUS
10
5.9044423228346457
20
-3.6956510236220472
11
5.9045715748031498
21
-3.6956282677165353
0
LINE
8
BLACK
6
CONTINUOUS
10
5.9045715748031498
20
-3.6956282677165353
11
5.9046851574803147
21
-3.6956938582677163
0
LINE
8
BLACK
6
CONTINUOUS
10
5.9046851574803147
20
-3.6956938582677163
11
5.9050687401574802
21
-3.6957614960629921
0
LINE
8
BLACK
6
CONTINUOUS
10
5.9050687401574802
20
-3.6957614960629921
11
5.9056564173228345
21
-3.6962546062992123
0
LINE
8
BLACK
6
CONTINUOUS
10
5.9056564173228345
20
-3.6962546062992123
11
5.9063207480314963
21
-3.6966381889763777
0
LINE
8
BLACK
6
CONTINUOUS
10
5.9063207480314963
20
-3.6966381889763777
11
5.9064118503937006
21
-3.6968885039370076
0
LINE
8
BLACK
6
CONTINUOUS
10
5.9064118503937006
20
-3.6968885039370076
11
5.9066159842519683
21
-3.6970598031496062
0
LINE
8
BLACK
6
CONTINUOUS
10
5.9066159842519683
20
-3.6970598031496062
11
5.9067492125984247
21
-3.6978153543307086
0
LINE
8
BLACK
6
CONTINUOUS
10
5.9067492125984247
20
-3.6978153543307086
11
5.9070115748031498
21
-3.6985361811023623
0
LINE
8
BLACK
6
CONTINUOUS
10
5.9070115748031498
20
-3.6985361811023623
11
5.9070115748031498
21
-3.7379062598425197
0
LINE
8
BLACK
6
CONTINUOUS
10
5.9070115748031498
20
-3.7379062598425197
11
5.906943937007874
21
-3.7382897637795276
0
LINE
8
BLACK
6
CONTINUOUS
10
5.906943937007874
20
-3.7382897637795276
11
5.9069667322834647
21
-3.7384190157480313
0
LINE
8
BLACK
6
CONTINUOUS
10
5.9069667322834647
20
-3.7384190157480313
11
5.9069011023622044
21
-3.7385325984251967
0
LINE
8
BLACK
6
CONTINUOUS
10
5.9069011023622044
20
-3.7385325984251967
11
5.9068335039370075
21
-3.7389161811023621
0
LINE
8
BLACK
6
CONTINUOUS
10
5.9068335039370075
20
-3.7389161811023621
11
5.9063403543307089
21
-3.7395038582677165
0
LINE
8
BLACK
6
CONTINUOUS
10
5.9063403543307089
20
-3.7395038582677165
11
5.9059568110236222
21
-3.7401681889763778
0
LINE
8
BLACK
6
CONTINUOUS
10
5.9059568110236222
20
-3.7401681889763778
11
5.9057064566929132
21
-3.7402592913385826
0
LINE
8
BLACK
6
CONTINUOUS
10
5.9057064566929132
20
-3.7402592913385826
11
5.9055351968503933
21
-3.7404634251968503
0
LINE
8
BLACK
6
CONTINUOUS
10
5.9055351968503933
20
-3.7404634251968503
11
5.9047796062992122
21
-3.7405966535433071
0
LINE
8
BLACK
6
CONTINUOUS
10
5.9047796062992122
20
-3.7405966535433071
11
5.9040588188976377
21
-3.7408590157480313
0
LINE
8
BLACK
6
CONTINUOUS
10
5.9040588188976377
20
-3.7408590157480313
11
5.894685
21
-3.7408590157480313
0
LINE
8
BLACK
6
CONTINUOUS
10
5.894685
20
-3.7408590157480313
11
5.8938155905511813
21
-3.7407057086614173
0
LINE
8
BLACK
6
CONTINUOUS
10
5.8938155905511813
20
-3.7407057086614173
11
5.8937512204724412
21
-3.7407074803149607
0
LINE
8
BLACK
6
CONTINUOUS
10
5.8937512204724412
20
-3.7407074803149607
11
5.8881269685039372
21
-3.7388327165354331
0
LINE
8
BLACK
6
CONTINUOUS
10
5.8881269685039372
20
-3.7388327165354331
11
5.8872251968503937
21
-3.738344409448819
0
LINE
8
BLACK
6
CONTINUOUS
10
5.8872251968503937
20
-3.738344409448819
11
5.8871327952755905
21
-3.7381940157480313
0
LINE
8
BLACK
6
CONTINUOUS
10
5.8871327952755905
20
-3.7381940157480313
11
5.8869727952755904
21
-3.7381194094488186
0
LINE
8
BLACK
6
CONTINUOUS
10
5.8869727952755904
20
-3.7381194094488186
11
5.8832232677165353
21
-3.7343698425196847
0
LINE
8
BLACK
6
CONTINUOUS
10
5.8832232677165353
20
-3.7343698425196847
11
5.8827168503937006
21
-3.7336466535433068
0
LINE
8
BLACK
6
CONTINUOUS
10
5.8827168503937006
20
-3.7336466535433068
11
5.8826701574803151
21
-3.7336024409448818
0
LINE
8
BLACK
6
CONTINUOUS
10
5.8826701574803151
20
-3.7336024409448818
11
5.8807953937007875
21
-3.7298529133858267
0
LINE
8
BLACK
6
CONTINUOUS
10
5.8807953937007875
20
-3.7298529133858267
11
5.8806500787401577
21
-3.7293644488188975
0
LINE
8
BLACK
6
CONTINUOUS
10
5.8806500787401577
20
-3.7293644488188975
11
5.8805718110236223
21
-3.7292485433070865
0
LINE
8
BLACK
6
CONTINUOUS
10
5.8805718110236223
20
-3.7292485433070865
11
5.8786970472440947
21
-3.7217494881889763
0
LINE
8
BLACK
6
CONTINUOUS
10
5.8786970472440947
20
-3.7217494881889763
11
5.8786555511811018
21
-3.7211615748031495
0
LINE
8
BLACK
6
CONTINUOUS
10
5.8786555511811018
20
-3.7211615748031495
11
5.878608897637795
21
-3.7210333464566929
0
LINE
8
BLACK
6
CONTINUOUS
10
5.878608897637795
20
-3.7210333464566929
11
5.878608897637795
21
-3.7154090551181103
0
LINE
8
BLACK
6
CONTINUOUS
10
5.878608897637795
20
-3.7154090551181103
11
5.8787112204724412
21
-3.7148286614173229
0
LINE
8
BLACK
6
CONTINUOUS
10
5.8787112204724412
20
-3.7148286614173229
11
5.8786970472440947
21
-3.7146929133858269
0
LINE
8
BLACK
6
CONTINUOUS
10
5.8786970472440947
20
-3.7146929133858269
11
5.8805718110236223
21
-3.7071938582677166
0
LINE
8
BLACK
6
CONTINUOUS
10
5.8805718110236223
20
-3.7071938582677166
11
5.8807793700787396
21
-3.7067283858267714
0
LINE
8
BLACK
6
CONTINUOUS
10
5.8807793700787396
20
-3.7067283858267714
11
5.8807953937007875
21
-3.7065894881889765
0
LINE
8
BLACK
6
CONTINUOUS
10
5.8807953937007875
20
-3.7065894881889765
11
5.8826701574803151
21
-3.7028399606299214
0
LINE
8
BLACK
6
CONTINUOUS
10
5.8826701574803151
20
-3.7028399606299214
11
5.8831960629921261
21
-3.702130866141732
0
LINE
8
BLACK
6
CONTINUOUS
10
5.8831960629921261
20
-3.702130866141732
11
5.8832232677165353
21
-3.702072559055118
0
LINE
8
BLACK
6
CONTINUOUS
10
5.8832232677165353
20
-3.702072559055118
11
5.8869727952755904
21
-3.6983230314960629
0
LINE
8
BLACK
6
CONTINUOUS
10
5.8869727952755904
20
-3.6983230314960629
11
5.8878128346456693
21
-3.697734803149606
0
LINE
8
BLACK
6
CONTINUOUS
10
5.8878128346456693
20
-3.697734803149606
11
5.8879887401574802
21
-3.6977194094488186
0
LINE
8
BLACK
6
CONTINUOUS
10
5.8879887401574802
20
-3.6977194094488186
11
5.8881269685039372
21
-3.6976097244094488
0
LINE
8
BLACK
6
CONTINUOUS
10
5.8881269685039372
20
-3.6976097244094488
11
5.8937512204724412
21
-3.6957349606299212
0
LINE
8
BLACK
6
CONTINUOUS
10
5.8937512204724412
20
-3.6957349606299212
11
5.8946244488188979
21
-3.6956054330708659
0
LINE
8
BLACK
6
CONTINUOUS
10
5.8946244488188979
20
-3.6956054330708659
11
5.894685
21
-3.6955834251968502
0
LINE
8
BLACK
6
CONTINUOUS
10
5.894685
20
-3.6955834251968502
11
5.9040588188976377
21
-3.6955834251968502
0
LINE
8
BLACK
6
CONTINUOUS
10
5.9040588188976377
20
-3.6955834251968502
11
5.9044423228346457
21
-3.6956510236220472
0
LINE
8
BLACK
6
CONTINUOUS
10
5.8906557480314961
20
-3.7029917322834645
11
5.887737913385827
21
-3.705909566929134
0
LINE
8
BLACK
6
CONTINUOUS
10
5.887737913385827
20
-3.705909566929134
11
5.8862224015748028
21
-3.7089405511811022
0
LINE
8
BLACK
6
CONTINUOUS
10
5.8862224015748028
20
-3.7089405511811022
11
5.8845144094488191
21
-3.7157725984251968
0
LINE
8
BLACK
6
CONTINUOUS
10
5.8845144094488191
20
-3.7157725984251968
11
5.8845144094488191
21
-3.7206698031496064
0
LINE
8
BLACK
6
CONTINUOUS
10
5.8845144094488191
20
-3.7206698031496064
11
5.8862224015748028
21
-3.7275018503937005
0
LINE
8
BLACK
6
CONTINUOUS
10
5.8862224015748028
20
-3.7275018503937005
11
5.887737913385827
21
-3.7305328346456692
0
LINE
8
BLACK
6
CONTINUOUS
10
5.887737913385827
20
-3.7305328346456692
11
5.8906557480314961
21
-3.733450708661417
0
LINE
8
BLACK
6
CONTINUOUS
10
5.8906557480314961
20
-3.733450708661417
11
5.8951641338582679
21
-3.7349535039370076
0
LINE
8
BLACK
6
CONTINUOUS
10
5.8951641338582679
20
-3.7349535039370076
11
5.9011060629921257
21
-3.7349535039370076
0
LINE
8
BLACK
6
CONTINUOUS
10
5.9011060629921257
20
-3.7349535039370076
11
5.9011060629921257
21
-3.7014889370078738
0
LINE
8
BLACK
6
CONTINUOUS
10
5.9011060629921257
20
-3.7014889370078738
11
5.8951641338582679
21
-3.7014889370078738
0
LINE
8
BLACK
6
CONTINUOUS
10
5.8951641338582679
20
-3.7014889370078738
11
5.8906557480314961
21
-3.7029917322834645
0
LINE
8
BLACK
6
CONTINUOUS
10
5.7991242913385825
20
-3.7102350393700787
11
5.7993230708661416
21
-3.710195748031496
0
LINE
8
BLACK
6
CONTINUOUS
10
5.7993230708661416
20
-3.710195748031496
11
5.7997992913385827
21
-3.7105146456692912
0
LINE
8
BLACK
6
CONTINUOUS
10
5.7997992913385827
20
-3.7105146456692912
11
5.8003289370078734
21
-3.7107340551181101
0
LINE
8
BLACK
6
CONTINUOUS
10
5.8003289370078734
20
-3.7107340551181101
11
5.8004064566929134
21
-3.7109212598425194
0
LINE
8
BLACK
6
CONTINUOUS
10
5.8004064566929134
20
-3.7109212598425194
11
5.800574881889764
21
-3.7110340551181102
0
LINE
8
BLACK
6
CONTINUOUS
10
5.800574881889764
20
-3.7110340551181102
11
5.800686062992126
21
-3.7115962598425196
0
LINE
8
BLACK
6
CONTINUOUS
10
5.800686062992126
20
-3.7115962598425196
11
5.8009055118110231
21
-3.7121259842519683
0
LINE
8
BLACK
6
CONTINUOUS
10
5.8009055118110231
20
-3.7121259842519683
11
5.8009055118110231
21
-3.7180314960629919
0
LINE
8
BLACK
6
CONTINUOUS
10
5.8009055118110231
20
-3.7180314960629919
11
5.8048425196850388
21
-3.7180314960629919
0
LINE
8
BLACK
6
CONTINUOUS
10
5.8048425196850388
20
-3.7180314960629919
11
5.8062344488188975
21
-3.7186080708661415
0
LINE
8
BLACK
6
CONTINUOUS
10
5.8062344488188975
20
-3.7186080708661415
11
5.8068110236220472
21
-3.7199999999999998
0
LINE
8
BLACK
6
CONTINUOUS
10
5.8068110236220472
20
-3.7199999999999998
11
5.8062344488188975
21
-3.721391929133858
0
LINE
8
BLACK
6
CONTINUOUS
10
5.8062344488188975
20
-3.721391929133858
11
5.8048425196850388
21
-3.7219685039370076
0
LINE
8
BLACK
6
CONTINUOUS
10
5.8048425196850388
20
-3.7219685039370076
11
5.8009055118110231
21
-3.7219685039370076
0
LINE
8
BLACK
6
CONTINUOUS
10
5.8009055118110231
20
-3.7219685039370076
11
5.8009055118110231
21
-3.7278740157480312
0
LINE
8
BLACK
6
CONTINUOUS
10
5.8009055118110231
20
-3.7278740157480312
11
5.800686062992126
21
-3.7284037007874016
0
LINE
8
BLACK
6
CONTINUOUS
10
5.800686062992126
20
-3.7284037007874016
11
5.800574881889764
21
-3.7289659448818897
0
LINE
8
BLACK
6
CONTINUOUS
10
5.800574881889764
20
-3.7289659448818897
11
5.8004064566929134
21
-3.7290787007874013
0
LINE
8
BLACK
6
CONTINUOUS
10
5.8004064566929134
20
-3.7290787007874013
11
5.8003289370078734
21
-3.7292659448818899
0
LINE
8
BLACK
6
CONTINUOUS
10
5.8003289370078734
20
-3.7292659448818899
11
5.7997992913385827
21
-3.72948531496063
0
LINE
8
BLACK
6
CONTINUOUS
10
5.7997992913385827
20
-3.72948531496063
11
5.7993230708661416
21
-3.729804251968504
0
LINE
8
BLACK
6
CONTINUOUS
10
5.7993230708661416
20
-3.729804251968504
11
5.7991242913385825
21
-3.7297649212598425
0
LINE
8
BLACK
6
CONTINUOUS
10
5.7991242913385825
20
-3.7297649212598425
11
5.7989370078740157
21
-3.7298425196850391
0
LINE
8
BLACK
6
CONTINUOUS
10
5.7989370078740157
20
-3.7298425196850391
11
5.7984072834645666
21
-3.7296230708661415
0
LINE
8
BLACK
6
CONTINUOUS
10
5.7984072834645666
20
-3.7296230708661415
11
5.7978450787401572
21
-3.7295118897637796
0
LINE
8
BLACK
6
CONTINUOUS
10
5.7978450787401572
20
-3.7295118897637796
11
5.7890944881889759
21
-3.7236781889763777
0
LINE
8
BLACK
6
CONTINUOUS
10
5.7890944881889759
20
-3.7236781889763777
11
5.7890944881889759
21
-3.7278740157480312
0
LINE
8
BLACK
6
CONTINUOUS
10
5.7890944881889759
20
-3.7278740157480312
11
5.7885179133858262
21
-3.7292659448818899
0
LINE
8
BLACK
6
CONTINUOUS
10
5.7885179133858262
20
-3.7292659448818899
11
5.7871259842519684
21
-3.7298425196850391
0
LINE
8
BLACK
6
CONTINUOUS
10
5.7871259842519684
20
-3.7298425196850391
11
5.7857340551181098
21
-3.7292659448818899
0
LINE
8
BLACK
6
CONTINUOUS
10
5.7857340551181098
20
-3.7292659448818899
11
5.7851574803149601
21
-3.7278740157480312
0
LINE
8
BLACK
6
CONTINUOUS
10
5.7851574803149601
20
-3.7278740157480312
11
5.7851574803149601
21
-3.7219685039370076
0
LINE
8
BLACK
6
CONTINUOUS
10
5.7851574803149601
20
-3.7219685039370076
11
5.7812204724409444
21
-3.7219685039370076
0
LINE
8
BLACK
6
CONTINUOUS
10
5.7812204724409444
20
-3.7219685039370076
11
5.7798285433070866
21
-3.721391929133858
0
LINE
8
BLACK
6
CONTINUOUS
10
5.7798285433070866
20
-3.721391929133858
11
5.779251968503937
21
-3.7199999999999998
0
LINE
8
BLACK
6
CONTINUOUS
10
5.779251968503937
20
-3.7199999999999998
11
5.7798285433070866
21
-3.7186080708661415
0
LINE
8
BLACK
6
CONTINUOUS
10
5.7798285433070866
20
-3.7186080708661415
11
5.7812204724409444
21
-3.7180314960629919
0
LINE
8
BLACK
6
CONTINUOUS
10
5.7812204724409444
20
-3.7180314960629919
11
5.7851574803149601
21
-3.7180314960629919
0
LINE
8
BLACK
6
CONTINUOUS
10
5.7851574803149601
20
-3.7180314960629919
11
5.7851574803149601
21
-3.7121259842519683
0
LINE
8
BLACK
6
CONTINUOUS
10
5.7851574803149601
20
-3.7121259842519683
11
5.7857340551181098
21
-3.7107340551181101
0
LINE
8
BLACK
6
CONTINUOUS
10
5.7857340551181098
20
-3.7107340551181101
11
5.7871259842519684
21
-3.7101574803149604
0
LINE
8
BLACK
6
CONTINUOUS
10
5.7871259842519684
20
-3.7101574803149604
11
5.7885179133858262
21
-3.7107340551181101
0
LINE
8
BLACK
6
CONTINUOUS
10
5.7885179133858262
20
-3.7107340551181101
11
5.7890944881889759
21
-3.7121259842519683
0
LINE
8
BLACK
6
CONTINUOUS
10
5.7890944881889759
20
-3.7121259842519683
11
5.7890944881889759
21
-3.716321771653543
0
LINE
8
BLACK
6
CONTINUOUS
10
5.7890944881889759
20
-3.716321771653543
11
5.7978450787401572
21
-3.7104881102362204
0
LINE
8
BLACK
6
CONTINUOUS
10
5.7978450787401572
20
-3.7104881102362204
11
5.7984072834645666
21
-3.7103768897637797
0
LINE
8
BLACK
6
CONTINUOUS
10
5.7984072834645666
20
-3.7103768897637797
11
5.7989370078740157
21
-3.7101574803149604
0
LINE
8
BLACK
6
CONTINUOUS
10
5.7989370078740157
20
-3.7101574803149604
11
5.7991242913385825
21
-3.7102350393700787
0
LINE
8
BLACK
6
CONTINUOUS
10
5.7906747637795277
20
-3.7199999999999998
11
5.7969685039370074
21
-3.7241957874015745
0
LINE
8
BLACK
6
CONTINUOUS
10
5.7969685039370074
20
-3.7241957874015745
11
5.7969685039370074
21
-3.7158041732283462
0
LINE
8
BLACK
6
CONTINUOUS
10
5.7969685039370074
20
-3.7158041732283462
11
5.7906747637795277
21
-3.7199999999999998
0
LINE
8
BLACK
6
CONTINUOUS
10
5.8205905511811018
20
-3.700314960629921
11
5.8219824803149605
21
-3.7008915354330707
0
LINE
8
BLACK
6
CONTINUOUS
10
5.8219824803149605
20
-3.7008915354330707
11
5.8225590551181101
21
-3.7022834645669289
0
LINE
8
BLACK
6
CONTINUOUS
10
5.8225590551181101
20
-3.7022834645669289
11
5.8225590551181101
21
-3.7377165354330706
0
LINE
8
BLACK
6
CONTINUOUS
10
5.8225590551181101
20
-3.7377165354330706
11
5.8219824803149605
21
-3.7391084645669292
0
LINE
8
BLACK
6
CONTINUOUS
10
5.8219824803149605
20
-3.7391084645669292
11
5.8205905511811018
21
-3.7396850393700785
0
LINE
8
BLACK
6
CONTINUOUS
10
5.8205905511811018
20
-3.7396850393700785
11
5.7694094488188972
21
-3.7396850393700785
0
LINE
8
BLACK
6
CONTINUOUS
10
5.7694094488188972
20
-3.7396850393700785
11
5.7680175196850394
21
-3.7391084645669292
0
LINE
8
BLACK
6
CONTINUOUS
10
5.7680175196850394
20
-3.7391084645669292
11
5.7674409448818897
21
-3.7377165354330706
0
LINE
8
BLACK
6
CONTINUOUS
10
5.7674409448818897
20
-3.7377165354330706
11
5.7674409448818897
21
-3.7022834645669289
0
LINE
8
BLACK
6
CONTINUOUS
10
5.7674409448818897
20
-3.7022834645669289
11
5.7680175196850394
21
-3.7008915354330707
0
LINE
8
BLACK
6
CONTINUOUS
10
5.7680175196850394
20
-3.7008915354330707
11
5.7694094488188972
21
-3.700314960629921
0
LINE
8
BLACK
6
CONTINUOUS
10
5.7694094488188972
20
-3.700314960629921
11
5.8205905511811018
21
-3.700314960629921
0
LINE
8
BLACK
6
CONTINUOUS
10
5.7713779527559055
20
-3.7042519685039368
11
5.7713779527559055
21
-3.7357480314960627
0
LINE
8
BLACK
6
CONTINUOUS
10
5.7713779527559055
20
-3.7357480314960627
11
5.8186220472440944
21
-3.7357480314960627
0
LINE
8
BLACK
6
CONTINUOUS
10
5.8186220472440944
20
-3.7357480314960627
11
5.8186220472440944
21
-3.7042519685039368
0
LINE
8
BLACK
6
CONTINUOUS
10
5.8186220472440944
20
-3.7042519685039368
11
5.7713779527559055
21
-3.7042519685039368
0
LINE
8
BLACK
6
CONTINUOUS
10
6.0043379921259845
20
-3.7085414173228344
11
6.0044732283464564
21
-3.7086548818897636
0
LINE
8
BLACK
6
CONTINUOUS
10
6.0044732283464564
20
-3.7086548818897636
11
6.0046485826771656
21
-3.7086750787401574
0
LINE
8
BLACK
6
CONTINUOUS
10
6.0046485826771656
20
-3.7086750787401574
11
6.0083981102362207
21
-3.710549842519685
0
LINE
8
BLACK
6
CONTINUOUS
10
6.0083981102362207
20
-3.710549842519685
11
6.0091071653543304
21
-3.711075748031496
0
LINE
8
BLACK
6
CONTINUOUS
10
6.0091071653543304
20
-3.711075748031496
11
6.0091655118110232
21
-3.7111029527559056
0
LINE
8
BLACK
6
CONTINUOUS
10
6.0091655118110232
20
-3.7111029527559056
11
6.0110402755905508
21
-3.7129777165354332
0
LINE
8
BLACK
6
CONTINUOUS
10
6.0110402755905508
20
-3.7129777165354332
11
6.0115465354330704
21
-3.7137007874015748
0
LINE
8
BLACK
6
CONTINUOUS
10
6.0115465354330704
20
-3.7137007874015748
11
6.0115933858267718
21
-3.7137451181102361
0
LINE
8
BLACK
6
CONTINUOUS
10
6.0115933858267718
20
-3.7137451181102361
11
6.0134681496062994
21
-3.7174946456692912
0
LINE
8
BLACK
6
CONTINUOUS
10
6.0134681496062994
20
-3.7174946456692912
11
6.0136134251968505
21
-3.7179830708661417
0
LINE
8
BLACK
6
CONTINUOUS
10
6.0136134251968505
20
-3.7179830708661417
11
6.0136917322834647
21
-3.7180990157480314
0
LINE
8
BLACK
6
CONTINUOUS
10
6.0136917322834647
20
-3.7180990157480314
11
6.015487874015748
21
-3.7252836614173228
0
LINE
8
BLACK
6
CONTINUOUS
10
6.015487874015748
20
-3.7252836614173228
11
6.0170033858267713
21
-3.728314645669291
0
LINE
8
BLACK
6
CONTINUOUS
10
6.0170033858267713
20
-3.728314645669291
11
6.0182005118110231
21
-3.7295117716535433
0
LINE
8
BLACK
6
CONTINUOUS
10
6.0182005118110231
20
-3.7295117716535433
11
6.0208979921259838
21
-3.7308605118110236
0
LINE
8
BLACK
6
CONTINUOUS
10
6.0208979921259838
20
-3.7308605118110236
11
6.0232534251968506
21
-3.7308605118110236
0
LINE
8
BLACK
6
CONTINUOUS
10
6.0232534251968506
20
-3.7308605118110236
11
6.0259509055118112
21
-3.7295117322834646
0
LINE
8
BLACK
6
CONTINUOUS
10
6.0259509055118112
20
-3.7295117322834646
11
6.0271480708661418
21
-3.7283146062992123
0
LINE
8
BLACK
6
CONTINUOUS
10
6.0271480708661418
20
-3.7283146062992123
11
6.0284968110236221
21
-3.7256171653543304
0
LINE
8
BLACK
6
CONTINUOUS
10
6.0284968110236221
20
-3.7256171653543304
11
6.0284968110236221
21
-3.7174195275590551
0
LINE
8
BLACK
6
CONTINUOUS
10
6.0284968110236221
20
-3.7174195275590551
11
6.0267735826771656
21
-3.712249842519685
0
LINE
8
BLACK
6
CONTINUOUS
10
6.0267735826771656
20
-3.712249842519685
11
6.0266231496062987
21
-3.7112354330708661
0
LINE
8
BLACK
6
CONTINUOUS
10
6.0266231496062987
20
-3.7112354330708661
11
6.0273655511811022
21
-3.7093570472440942
0
LINE
8
BLACK
6
CONTINUOUS
10
6.0273655511811022
20
-3.7093570472440942
11
6.0291416929133854
21
-3.7083952755905512
0
LINE
8
BLACK
6
CONTINUOUS
10
6.0291416929133854
20
-3.7083952755905512
11
6.0311204724409446
21
-3.7088002362204722
0
LINE
8
BLACK
6
CONTINUOUS
10
6.0311204724409446
20
-3.7088002362204722
11
6.0323760236220467
21
-3.7103823622047245
0
LINE
8
BLACK
6
CONTINUOUS
10
6.0323760236220467
20
-3.7103823622047245
11
6.0342507874015743
21
-3.7160066141732284
0
LINE
8
BLACK
6
CONTINUOUS
10
6.0342507874015743
20
-3.7160066141732284
11
6.0343802755905509
21
-3.7168798425196852
0
LINE
8
BLACK
6
CONTINUOUS
10
6.0343802755905509
20
-3.7168798425196852
11
6.0344023228346453
21
-3.7169403937007872
0
LINE
8
BLACK
6
CONTINUOUS
10
6.0344023228346453
20
-3.7169403937007872
11
6.0344023228346453
21
-3.726314212598425
0
LINE
8
BLACK
6
CONTINUOUS
10
6.0344023228346453
20
-3.726314212598425
11
6.0342242519685039
21
-3.7273241338582674
0
LINE
8
BLACK
6
CONTINUOUS
10
6.0342242519685039
20
-3.7273241338582674
11
6.0341107480314955
21
-3.7274593700787402
0
LINE
8
BLACK
6
CONTINUOUS
10
6.0341107480314955
20
-3.7274593700787402
11
6.0340905905511812
21
-3.7276347244094485
0
LINE
8
BLACK
6
CONTINUOUS
10
6.0340905905511812
20
-3.7276347244094485
11
6.0322158267716537
21
-3.7313842519685037
0
LINE
8
BLACK
6
CONTINUOUS
10
6.0322158267716537
20
-3.7313842519685037
11
6.0316898425196852
21
-3.732093346456693
0
LINE
8
BLACK
6
CONTINUOUS
10
6.0316898425196852
20
-3.732093346456693
11
6.0316626771653539
21
-3.7321516929133858
0
LINE
8
BLACK
6
CONTINUOUS
10
6.0316626771653539
20
-3.7321516929133858
11
6.0297878740157476
21
-3.7340264566929133
0
LINE
8
BLACK
6
CONTINUOUS
10
6.0297878740157476
20
-3.7340264566929133
11
6.0290648031496064
21
-3.734532716535433
0
LINE
8
BLACK
6
CONTINUOUS
10
6.0290648031496064
20
-3.734532716535433
11
6.0290205118110238
21
-3.7345795275590552
0
LINE
8
BLACK
6
CONTINUOUS
10
6.0290205118110238
20
-3.7345795275590552
11
6.0252709842519687
21
-3.7364542913385828
0
LINE
8
BLACK
6
CONTINUOUS
10
6.0252709842519687
20
-3.7364542913385828
11
6.024288031496063
21
-3.7367466535433072
0
LINE
8
BLACK
6
CONTINUOUS
10
6.024288031496063
20
-3.7367466535433072
11
6.0241163385826768
21
-3.7367056299212598
0
LINE
8
BLACK
6
CONTINUOUS
10
6.0241163385826768
20
-3.7367056299212598
11
6.0239504724409452
21
-3.7367660236220472
0
LINE
8
BLACK
6
CONTINUOUS
10
6.0239504724409452
20
-3.7367660236220472
11
6.0202009448818901
21
-3.7367660236220472
0
LINE
8
BLACK
6
CONTINUOUS
10
6.0202009448818901
20
-3.7367660236220472
11
6.0191910236220467
21
-3.7365879527559054
0
LINE
8
BLACK
6
CONTINUOUS
10
6.0191910236220467
20
-3.7365879527559054
11
6.0190557480314961
21
-3.7364744488188975
0
LINE
8
BLACK
6
CONTINUOUS
10
6.0190557480314961
20
-3.7364744488188975
11
6.0188804330708656
21
-3.7364542913385828
0
LINE
8
BLACK
6
CONTINUOUS
10
6.0188804330708656
20
-3.7364542913385828
11
6.0151309055118105
21
-3.7345795275590552
0
LINE
8
BLACK
6
CONTINUOUS
10
6.0151309055118105
20
-3.7345795275590552
11
6.0144218110236221
21
-3.7340536220472442
0
LINE
8
BLACK
6
CONTINUOUS
10
6.0144218110236221
20
-3.7340536220472442
11
6.014363503937008
21
-3.7340264173228346
0
LINE
8
BLACK
6
CONTINUOUS
10
6.014363503937008
20
-3.7340264173228346
11
6.0124887401574805
21
-3.732151653543307
0
LINE
8
BLACK
6
CONTINUOUS
10
6.0124887401574805
20
-3.732151653543307
11
6.0119824409448821
21
-3.7314285433070866
0
LINE
8
BLACK
6
CONTINUOUS
10
6.0119824409448821
20
-3.7314285433070866
11
6.0119356299212594
21
-3.7313842519685037
0
LINE
8
BLACK
6
CONTINUOUS
10
6.0119356299212594
20
-3.7313842519685037
11
6.0100608661417319
21
-3.7276347244094485
0
LINE
8
BLACK
6
CONTINUOUS
10
6.0100608661417319
20
-3.7276347244094485
11
6.009915551181102
21
-3.7271462598425198
0
LINE
8
BLACK
6
CONTINUOUS
10
6.009915551181102
20
-3.7271462598425198
11
6.0098372834645666
21
-3.7270303543307084
0
LINE
8
BLACK
6
CONTINUOUS
10
6.0098372834645666
20
-3.7270303543307084
11
6.0080411023622045
21
-3.7198457086614174
0
LINE
8
BLACK
6
CONTINUOUS
10
6.0080411023622045
20
-3.7198457086614174
11
6.0065256299212599
21
-3.7168147244094487
0
LINE
8
BLACK
6
CONTINUOUS
10
6.0065256299212599
20
-3.7168147244094487
11
6.0053285039370081
21
-3.7156175984251969
0
LINE
8
BLACK
6
CONTINUOUS
10
6.0053285039370081
20
-3.7156175984251969
11
6.0026310236220475
21
-3.7142688582677166
0
LINE
8
BLACK
6
CONTINUOUS
10
6.0026310236220475
20
-3.7142688582677166
11
6.0002755905511806
21
-3.7142688582677166
0
LINE
8
BLACK
6
CONTINUOUS
10
6.0002755905511806
20
-3.7142688582677166
11
5.99757811023622
21
-3.7156175984251969
0
LINE
8
BLACK
6
CONTINUOUS
10
5.99757811023622
20
-3.7156175984251969
11
5.9963809842519682
21
-3.7168147244094487
0
LINE
8
BLACK
6
CONTINUOUS
10
5.9963809842519682
20
-3.7168147244094487
11
5.9950322440944879
21
-3.7195122047244094
0
LINE
8
BLACK
6
CONTINUOUS
10
5.9950322440944879
20
-3.7195122047244094
11
5.9950322440944879
21
-3.7277098031496063
0
LINE
8
BLACK
6
CONTINUOUS
10
5.9950322440944879
20
-3.7277098031496063
11
5.9967554724409444
21
-3.7328794881889764
0
LINE
8
BLACK
6
CONTINUOUS
10
5.9967554724409444
20
-3.7328794881889764
11
5.9969059055118112
21
-3.7338938976377953
0
LINE
8
BLACK
6
CONTINUOUS
10
5.9969059055118112
20
-3.7338938976377953
11
5.9961635039370078
21
-3.7357723228346456
0
LINE
8
BLACK
6
CONTINUOUS
10
5.9961635039370078
20
-3.7357723228346456
11
5.9943873622047246
21
-3.7367340944881891
0
LINE
8
BLACK
6
CONTINUOUS
10
5.9943873622047246
20
-3.7367340944881891
11
5.9924085826771654
21
-3.7363291338582676
0
LINE
8
BLACK
6
CONTINUOUS
10
5.9924085826771654
20
-3.7363291338582676
11
5.9911530314960633
21
-3.7347470078740157
0
LINE
8
BLACK
6
CONTINUOUS
10
5.9911530314960633
20
-3.7347470078740157
11
5.9892782677165357
21
-3.729122716535433
0
LINE
8
BLACK
6
CONTINUOUS
10
5.9892782677165357
20
-3.729122716535433
11
5.9891487795275591
21
-3.728249527559055
0
LINE
8
BLACK
6
CONTINUOUS
10
5.9891487795275591
20
-3.728249527559055
11
5.9891267322834647
21
-3.7281889763779525
0
LINE
8
BLACK
6
CONTINUOUS
10
5.9891267322834647
20
-3.7281889763779525
11
5.9891267322834647
21
-3.7188151574803148
0
LINE
8
BLACK
6
CONTINUOUS
10
5.9891267322834647
20
-3.7188151574803148
11
5.9893048031496061
21
-3.7178052362204723
0
LINE
8
BLACK
6
CONTINUOUS
10
5.9893048031496061
20
-3.7178052362204723
11
5.9894182677165357
21
-3.7176699606299213
0
LINE
8
BLACK
6
CONTINUOUS
10
5.9894182677165357
20
-3.7176699606299213
11
5.9894384645669287
21
-3.7174946456692912
0
LINE
8
BLACK
6
CONTINUOUS
10
5.9894384645669287
20
-3.7174946456692912
11
5.9913132283464563
21
-3.7137451181102361
0
LINE
8
BLACK
6
CONTINUOUS
10
5.9913132283464563
20
-3.7137451181102361
11
5.9918391338582673
21
-3.7130360236220472
0
LINE
8
BLACK
6
CONTINUOUS
10
5.9918391338582673
20
-3.7130360236220472
11
5.9918663385826774
21
-3.7129777165354332
0
LINE
8
BLACK
6
CONTINUOUS
10
5.9918663385826774
20
-3.7129777165354332
11
5.9937411023622049
21
-3.7111029527559056
0
LINE
8
BLACK
6
CONTINUOUS
10
5.9937411023622049
20
-3.7111029527559056
11
5.9944641732283461
21
-3.7105966535433068
0
LINE
8
BLACK
6
CONTINUOUS
10
5.9944641732283461
20
-3.7105966535433068
11
5.9945085039370074
21
-3.710549842519685
0
LINE
8
BLACK
6
CONTINUOUS
10
5.9945085039370074
20
-3.710549842519685
11
5.9982580314960625
21
-3.7086750787401574
0
LINE
8
BLACK
6
CONTINUOUS
10
5.9982580314960625
20
-3.7086750787401574
11
5.9992409448818895
21
-3.7083827165354331
0
LINE
8
BLACK
6
CONTINUOUS
10
5.9992409448818895
20
-3.7083827165354331
11
5.9994126377952757
21
-3.7084237007874017
0
LINE
8
BLACK
6
CONTINUOUS
10
5.9994126377952757
20
-3.7084237007874017
11
5.9995785433070861
21
-3.708363346456693
0
LINE
8
BLACK
6
CONTINUOUS
10
5.9995785433070861
20
-3.708363346456693
11
6.0033280708661412
21
-3.708363346456693
0
LINE
8
BLACK
6
CONTINUOUS
10
6.0033280708661412
20
-3.708363346456693
11
6.0043379921259845
21
-3.7085414173228344
  0
ENDSEC
  0
EOF
