  0
SECTION
  2
HEADER
  9
$ANGBASE
  50
0.0
  9
$ANGDIR
  70
1
  9
$MEASUREMENT
  70
0
  0
ENDSEC
  0
SECTION
  2
TABLES
  0
TABLE
  2
LTYPE
  70
4
  0
LTYPE
  5
40F
  2
CONTINUOUS
  70
0
  3
Solid line
  72
65
  73
0
  40
0.0
  0
LTYPE
  5
410
  2
DASHDOT
 70
0
  3
Dash Dot ____ _ ____ _
 72
65
 73
4
 40
2.0
 49
1.25
 49
-0.25
 49
0.25
 49
-0.25
  0
LTYPE
  5
411
  2
DASHED
 70
0
  3
Dashed __ __ __ __ __
 72
65
 73
2
 40
0.75
 49
0.5
 49
-0.25
  0
LTYPE
  5
43B
  2
DOTTED
 70
0
  3
Dotted .  .  .  .
 72
65
 73
2
 40
0.2
 49
0.0
 49
-0.2
  0
ENDTAB
  0
TABLE
  2
STYLE
  70
4
  0
STYLE
  2
KICAD
  70
0
  40
0
  41
1
  42
1
  50
0
  71
0
  3
isocp.shx
  0
STYLE
  2
KICADB
  70
0
  40
0
  41
1
  42
1
  50
0
  71
0
  3
isocp.shx
  0
STYLE
  2
KICADI
  70
0
  40
0
  41
1
  42
1
  50
15
  71
0
  3
isocp.shx
  0
STYLE
  2
KICADBI
  70
0
  40
0
  41
1
  42
1
  50
15
  71
0
  3
isocp.shx
  0
ENDTAB
  0
TABLE
  2
LAYER
  70
1
  0
LAYER
  2
BLACK
  70
0
  62
7
  6
CONTINUOUS
  0
ENDTAB
  0
ENDSEC
  0
SECTION
  2
ENTITIES
0
LINE
8
BLACK
6
CONTINUOUS
10
4.9029223622047242
20
-4.1827519685039372
11
4.912147362204724
21
-4.1859188976377952
0
LINE
8
BLACK
6
CONTINUOUS
10
4.912147362204724
20
-4.1859188976377952
11
4.9207252755905513
21
-4.1905610236220472
0
LINE
8
BLACK
6
CONTINUOUS
10
4.9207252755905513
20
-4.1905610236220472
11
4.9284221259842518
21
-4.1965517322834645
0
LINE
8
BLACK
6
CONTINUOUS
10
4.9284221259842518
20
-4.1965517322834645
11
4.9350279921259839
21
-4.2037275984251972
0
LINE
8
BLACK
6
CONTINUOUS
10
4.9350279921259839
20
-4.2037275984251972
11
4.9403626377952756
21
-4.2118928740157475
0
LINE
8
BLACK
6
CONTINUOUS
10
4.9403626377952756
20
-4.2118928740157475
11
4.9442805511811025
21
-4.2208248425196846
0
LINE
8
BLACK
6
CONTINUOUS
10
4.9442805511811025
20
-4.2208248425196846
11
4.9466748818897637
21
-4.2302798425196846
0
LINE
8
BLACK
6
CONTINUOUS
10
4.9466748818897637
20
-4.2302798425196846
11
4.9474803149606297
21
-4.2400000000000002
0
LINE
8
BLACK
6
CONTINUOUS
10
4.9474803149606297
20
-4.2400000000000002
11
4.9466748818897637
21
-4.249720157480315
0
LINE
8
BLACK
6
CONTINUOUS
10
4.9466748818897637
20
-4.249720157480315
11
4.9442805511811025
21
-4.2591751574803149
0
LINE
8
BLACK
6
CONTINUOUS
10
4.9442805511811025
20
-4.2591751574803149
11
4.9403626377952756
21
-4.268107125984252
0
LINE
8
BLACK
6
CONTINUOUS
10
4.9403626377952756
20
-4.268107125984252
11
4.9350279921259839
21
-4.2762724015748033
0
LINE
8
BLACK
6
CONTINUOUS
10
4.9350279921259839
20
-4.2762724015748033
11
4.9284221259842518
21
-4.2834482677165351
0
LINE
8
BLACK
6
CONTINUOUS
10
4.9284221259842518
20
-4.2834482677165351
11
4.9207252755905513
21
-4.2894389763779524
0
LINE
8
BLACK
6
CONTINUOUS
10
4.9207252755905513
20
-4.2894389763779524
11
4.912147362204724
21
-4.2940811023622043
0
LINE
8
BLACK
6
CONTINUOUS
10
4.912147362204724
20
-4.2940811023622043
11
4.9029223622047242
21
-4.2972480314960633
0
LINE
8
BLACK
6
CONTINUOUS
10
4.9029223622047242
20
-4.2972480314960633
11
4.893301929133858
21
-4.2988534251968504
0
LINE
8
BLACK
6
CONTINUOUS
10
4.893301929133858
20
-4.2988534251968504
11
4.8835484645669291
21
-4.2988534251968504
0
LINE
8
BLACK
6
CONTINUOUS
10
4.8835484645669291
20
-4.2988534251968504
11
4.8739280314960629
21
-4.2972480314960633
0
LINE
8
BLACK
6
CONTINUOUS
10
4.8739280314960629
20
-4.2972480314960633
11
4.8647030314960631
21
-4.2940811023622043
0
LINE
8
BLACK
6
CONTINUOUS
10
4.8647030314960631
20
-4.2940811023622043
11
4.8561251181102358
21
-4.2894389763779524
0
LINE
8
BLACK
6
CONTINUOUS
10
4.8561251181102358
20
-4.2894389763779524
11
4.8484282677165353
21
-4.2834482677165351
0
LINE
8
BLACK
6
CONTINUOUS
10
4.8484282677165353
20
-4.2834482677165351
11
4.8418224015748033
21
-4.2762724015748033
0
LINE
8
BLACK
6
CONTINUOUS
10
4.8418224015748033
20
-4.2762724015748033
11
4.8364877559055115
21
-4.268107125984252
0
LINE
8
BLACK
6
CONTINUOUS
10
4.8364877559055115
20
-4.268107125984252
11
4.8325698425196846
21
-4.2591751574803149
0
LINE
8
BLACK
6
CONTINUOUS
10
4.8325698425196846
20
-4.2591751574803149
11
4.8301755118110234
21
-4.249720157480315
0
LINE
8
BLACK
6
CONTINUOUS
10
4.8301755118110234
20
-4.249720157480315
11
4.8293700787401574
21
-4.2400000000000002
0
LINE
8
BLACK
6
CONTINUOUS
10
4.8293700787401574
20
-4.2400000000000002
11
4.8301755118110234
21
-4.2302798425196846
0
LINE
8
BLACK
6
CONTINUOUS
10
4.8301755118110234
20
-4.2302798425196846
11
4.8325698425196846
21
-4.2208248425196846
0
LINE
8
BLACK
6
CONTINUOUS
10
4.8325698425196846
20
-4.2208248425196846
11
4.8364877559055115
21
-4.2118928740157475
0
LINE
8
BLACK
6
CONTINUOUS
10
4.8364877559055115
20
-4.2118928740157475
11
4.8418224015748033
21
-4.2037275984251972
0
LINE
8
BLACK
6
CONTINUOUS
10
4.8418224015748033
20
-4.2037275984251972
11
4.8484282677165353
21
-4.1965517322834645
0
LINE
8
BLACK
6
CONTINUOUS
10
4.8484282677165353
20
-4.1965517322834645
11
4.8561251181102358
21
-4.1905610236220472
0
LINE
8
BLACK
6
CONTINUOUS
10
4.8561251181102358
20
-4.1905610236220472
11
4.8647030314960631
21
-4.1859188976377952
0
LINE
8
BLACK
6
CONTINUOUS
10
4.8647030314960631
20
-4.1859188976377952
11
4.8739280314960629
21
-4.1827519685039372
0
LINE
8
BLACK
6
CONTINUOUS
10
4.8739280314960629
20
-4.1827519685039372
11
4.8835484645669291
21
-4.1811465748031491
0
LINE
8
BLACK
6
CONTINUOUS
10
4.8835484645669291
20
-4.1811465748031491
11
4.893301929133858
21
-4.1811465748031491
0
LINE
8
BLACK
6
CONTINUOUS
10
4.893301929133858
20
-4.1811465748031491
11
4.9029223622047242
21
-4.1827519685039372
0
LINE
8
BLACK
6
CONTINUOUS
10
5.2966231496062992
20
-4.1827519685039372
11
5.305848149606299
21
-4.1859188976377952
0
LINE
8
BLACK
6
CONTINUOUS
10
5.305848149606299
20
-4.1859188976377952
11
5.3144260629921263
21
-4.1905610236220472
0
LINE
8
BLACK
6
CONTINUOUS
10
5.3144260629921263
20
-4.1905610236220472
11
5.3221229133858268
21
-4.1965517322834645
0
LINE
8
BLACK
6
CONTINUOUS
10
5.3221229133858268
20
-4.1965517322834645
11
5.3287287795275589
21
-4.2037275984251972
0
LINE
8
BLACK
6
CONTINUOUS
10
5.3287287795275589
20
-4.2037275984251972
11
5.3340634251968506
21
-4.2118928740157475
0
LINE
8
BLACK
6
CONTINUOUS
10
5.3340634251968506
20
-4.2118928740157475
11
5.3379813385826766
21
-4.2208248425196846
0
LINE
8
BLACK
6
CONTINUOUS
10
5.3379813385826766
20
-4.2208248425196846
11
5.3403756692913387
21
-4.2302798425196846
0
LINE
8
BLACK
6
CONTINUOUS
10
5.3403756692913387
20
-4.2302798425196846
11
5.3411811023622047
21
-4.2400000000000002
0
LINE
8
BLACK
6
CONTINUOUS
10
5.3411811023622047
20
-4.2400000000000002
11
5.3403756692913387
21
-4.249720157480315
0
LINE
8
BLACK
6
CONTINUOUS
10
5.3403756692913387
20
-4.249720157480315
11
5.3379813385826766
21
-4.2591751574803149
0
LINE
8
BLACK
6
CONTINUOUS
10
5.3379813385826766
20
-4.2591751574803149
11
5.3340634251968506
21
-4.268107125984252
0
LINE
8
BLACK
6
CONTINUOUS
10
5.3340634251968506
20
-4.268107125984252
11
5.3287287795275589
21
-4.2762724015748033
0
LINE
8
BLACK
6
CONTINUOUS
10
5.3287287795275589
20
-4.2762724015748033
11
5.3221229133858268
21
-4.2834482677165351
0
LINE
8
BLACK
6
CONTINUOUS
10
5.3221229133858268
20
-4.2834482677165351
11
5.3144260629921263
21
-4.2894389763779524
0
LINE
8
BLACK
6
CONTINUOUS
10
5.3144260629921263
20
-4.2894389763779524
11
5.305848149606299
21
-4.2940811023622043
0
LINE
8
BLACK
6
CONTINUOUS
10
5.305848149606299
20
-4.2940811023622043
11
5.2966231496062992
21
-4.2972480314960633
0
LINE
8
BLACK
6
CONTINUOUS
10
5.2966231496062992
20
-4.2972480314960633
11
5.287002716535433
21
-4.2988534251968504
0
LINE
8
BLACK
6
CONTINUOUS
10
5.287002716535433
20
-4.2988534251968504
11
5.2772492519685041
21
-4.2988534251968504
0
LINE
8
BLACK
6
CONTINUOUS
10
5.2772492519685041
20
-4.2988534251968504
11
5.2676288188976379
21
-4.2972480314960633
0
LINE
8
BLACK
6
CONTINUOUS
10
5.2676288188976379
20
-4.2972480314960633
11
5.2584038188976381
21
-4.2940811023622043
0
LINE
8
BLACK
6
CONTINUOUS
10
5.2584038188976381
20
-4.2940811023622043
11
5.2498259055118108
21
-4.2894389763779524
0
LINE
8
BLACK
6
CONTINUOUS
10
5.2498259055118108
20
-4.2894389763779524
11
5.2421290551181103
21
-4.2834482677165351
0
LINE
8
BLACK
6
CONTINUOUS
10
5.2421290551181103
20
-4.2834482677165351
11
5.2355231889763783
21
-4.2762724015748033
0
LINE
8
BLACK
6
CONTINUOUS
10
5.2355231889763783
20
-4.2762724015748033
11
5.2301885433070865
21
-4.268107125984252
0
LINE
8
BLACK
6
CONTINUOUS
10
5.2301885433070865
20
-4.268107125984252
11
5.2262706299212596
21
-4.2591751574803149
0
LINE
8
BLACK
6
CONTINUOUS
10
5.2262706299212596
20
-4.2591751574803149
11
5.2238762992125984
21
-4.249720157480315
0
LINE
8
BLACK
6
CONTINUOUS
10
5.2238762992125984
20
-4.249720157480315
11
5.2230708661417324
21
-4.2400000000000002
0
LINE
8
BLACK
6
CONTINUOUS
10
5.2230708661417324
20
-4.2400000000000002
11
5.2238762992125984
21
-4.2302798425196846
0
LINE
8
BLACK
6
CONTINUOUS
10
5.2238762992125984
20
-4.2302798425196846
11
5.2262706299212596
21
-4.2208248425196846
0
LINE
8
BLACK
6
CONTINUOUS
10
5.2262706299212596
20
-4.2208248425196846
11
5.2301885433070865
21
-4.2118928740157475
0
LINE
8
BLACK
6
CONTINUOUS
10
5.2301885433070865
20
-4.2118928740157475
11
5.2355231889763783
21
-4.2037275984251972
0
LINE
8
BLACK
6
CONTINUOUS
10
5.2355231889763783
20
-4.2037275984251972
11
5.2421290551181103
21
-4.1965517322834645
0
LINE
8
BLACK
6
CONTINUOUS
10
5.2421290551181103
20
-4.1965517322834645
11
5.2498259055118108
21
-4.1905610236220472
0
LINE
8
BLACK
6
CONTINUOUS
10
5.2498259055118108
20
-4.1905610236220472
11
5.2584038188976381
21
-4.1859188976377952
0
LINE
8
BLACK
6
CONTINUOUS
10
5.2584038188976381
20
-4.1859188976377952
11
5.2676288188976379
21
-4.1827519685039372
0
LINE
8
BLACK
6
CONTINUOUS
10
5.2676288188976379
20
-4.1827519685039372
11
5.2772492519685041
21
-4.1811465748031491
0
LINE
8
BLACK
6
CONTINUOUS
10
5.2772492519685041
20
-4.1811465748031491
11
5.287002716535433
21
-4.1811465748031491
0
LINE
8
BLACK
6
CONTINUOUS
10
5.287002716535433
20
-4.1811465748031491
11
5.2966231496062992
21
-4.1827519685039372
0
LINE
8
BLACK
6
CONTINUOUS
10
5.908680708661417
20
-4.1363864173228349
11
5.9160662598425198
21
-4.1386267716535432
0
LINE
8
BLACK
6
CONTINUOUS
10
5.9160662598425198
20
-4.1386267716535432
11
5.9228728346456689
21
-4.1422649606299213
0
LINE
8
BLACK
6
CONTINUOUS
10
5.9228728346456689
20
-4.1422649606299213
11
5.9288388582677163
21
-4.1471611417322833
0
LINE
8
BLACK
6
CONTINUOUS
10
5.9288388582677163
20
-4.1471611417322833
11
5.9337350393700783
21
-4.1531271653543307
0
LINE
8
BLACK
6
CONTINUOUS
10
5.9337350393700783
20
-4.1531271653543307
11
5.9373732283464564
21
-4.1599337401574799
0
LINE
8
BLACK
6
CONTINUOUS
10
5.9373732283464564
20
-4.1599337401574799
11
5.9396135826771657
21
-4.1673192913385826
0
LINE
8
BLACK
6
CONTINUOUS
10
5.9396135826771657
20
-4.1673192913385826
11
5.9403700787401572
21
-4.1749999999999998
0
LINE
8
BLACK
6
CONTINUOUS
10
5.9403700787401572
20
-4.1749999999999998
11
5.9396135826771657
21
-4.1826807086614171
0
LINE
8
BLACK
6
CONTINUOUS
10
5.9396135826771657
20
-4.1826807086614171
11
5.9373732283464564
21
-4.1900662598425198
0
LINE
8
BLACK
6
CONTINUOUS
10
5.9373732283464564
20
-4.1900662598425198
11
5.9337350393700783
21
-4.196872834645669
0
LINE
8
BLACK
6
CONTINUOUS
10
5.9337350393700783
20
-4.196872834645669
11
5.9288388582677163
21
-4.2028388582677163
0
LINE
8
BLACK
6
CONTINUOUS
10
5.9288388582677163
20
-4.2028388582677163
11
5.9228728346456689
21
-4.2077350393700783
0
LINE
8
BLACK
6
CONTINUOUS
10
5.9228728346456689
20
-4.2077350393700783
11
5.9160662598425198
21
-4.2113732283464564
0
LINE
8
BLACK
6
CONTINUOUS
10
5.9160662598425198
20
-4.2113732283464564
11
5.908680708661417
21
-4.2136135826771657
0
LINE
8
BLACK
6
CONTINUOUS
10
5.908680708661417
20
-4.2136135826771657
11
5.9009999999999998
21
-4.2143700787401572
0
LINE
8
BLACK
6
CONTINUOUS
10
5.9009999999999998
20
-4.2143700787401572
11
5.8933192913385826
21
-4.2136135826771657
0
LINE
8
BLACK
6
CONTINUOUS
10
5.8933192913385826
20
-4.2136135826771657
11
5.8859337401574798
21
-4.2113732283464564
0
LINE
8
BLACK
6
CONTINUOUS
10
5.8859337401574798
20
-4.2113732283464564
11
5.8791271653543307
21
-4.2077350393700783
0
LINE
8
BLACK
6
CONTINUOUS
10
5.8791271653543307
20
-4.2077350393700783
11
5.8731611417322833
21
-4.2028388582677163
0
LINE
8
BLACK
6
CONTINUOUS
10
5.8731611417322833
20
-4.2028388582677163
11
5.8682649606299213
21
-4.196872834645669
0
LINE
8
BLACK
6
CONTINUOUS
10
5.8682649606299213
20
-4.196872834645669
11
5.8646267716535432
21
-4.1900662598425198
0
LINE
8
BLACK
6
CONTINUOUS
10
5.8646267716535432
20
-4.1900662598425198
11
5.8623864173228348
21
-4.1826807086614171
0
LINE
8
BLACK
6
CONTINUOUS
10
5.8623864173228348
20
-4.1826807086614171
11
5.8616299212598424
21
-4.1749999999999998
0
LINE
8
BLACK
6
CONTINUOUS
10
5.8616299212598424
20
-4.1749999999999998
11
5.8623864173228348
21
-4.1673192913385826
0
LINE
8
BLACK
6
CONTINUOUS
10
5.8623864173228348
20
-4.1673192913385826
11
5.8646267716535432
21
-4.1599337401574799
0
LINE
8
BLACK
6
CONTINUOUS
10
5.8646267716535432
20
-4.1599337401574799
11
5.8682649606299213
21
-4.1531271653543307
0
LINE
8
BLACK
6
CONTINUOUS
10
5.8682649606299213
20
-4.1531271653543307
11
5.8731611417322833
21
-4.1471611417322833
0
LINE
8
BLACK
6
CONTINUOUS
10
5.8731611417322833
20
-4.1471611417322833
11
5.8791271653543307
21
-4.1422649606299213
0
LINE
8
BLACK
6
CONTINUOUS
10
5.8791271653543307
20
-4.1422649606299213
11
5.8859337401574798
21
-4.1386267716535432
0
LINE
8
BLACK
6
CONTINUOUS
10
5.8859337401574798
20
-4.1386267716535432
11
5.8933192913385826
21
-4.1363864173228349
0
LINE
8
BLACK
6
CONTINUOUS
10
5.8933192913385826
20
-4.1363864173228349
11
5.9009999999999998
21
-4.1356299212598424
0
LINE
8
BLACK
6
CONTINUOUS
10
5.9009999999999998
20
-4.1356299212598424
11
5.908680708661417
21
-4.1363864173228349
0
LINE
8
BLACK
6
CONTINUOUS
10
5.6184069685039368
20
-4.1842214173228349
11
5.6209614566929131
21
-4.1859283070866145
0
LINE
8
BLACK
6
CONTINUOUS
10
5.6209614566929131
20
-4.1859283070866145
11
5.6226683464566927
21
-4.1884827952755908
0
LINE
8
BLACK
6
CONTINUOUS
10
5.6226683464566927
20
-4.1884827952755908
11
5.623267716535433
21
-4.1914960629921261
0
LINE
8
BLACK
6
CONTINUOUS
10
5.623267716535433
20
-4.1914960629921261
11
5.623267716535433
21
-4.2033070866141733
0
LINE
8
BLACK
6
CONTINUOUS
10
5.623267716535433
20
-4.2033070866141733
11
5.6226683464566927
21
-4.2063203543307086
0
LINE
8
BLACK
6
CONTINUOUS
10
5.6226683464566927
20
-4.2063203543307086
11
5.6209614566929131
21
-4.2088748425196849
0
LINE
8
BLACK
6
CONTINUOUS
10
5.6209614566929131
20
-4.2088748425196849
11
5.6184069685039368
21
-4.2105817322834644
0
LINE
8
BLACK
6
CONTINUOUS
10
5.6184069685039368
20
-4.2105817322834644
11
5.6153937007874015
21
-4.2111811023622048
0
LINE
8
BLACK
6
CONTINUOUS
10
5.6153937007874015
20
-4.2111811023622048
11
5.5750393700787404
21
-4.2111811023622048
0
LINE
8
BLACK
6
CONTINUOUS
10
5.5750393700787404
20
-4.2111811023622048
11
5.5720261023622042
21
-4.2105817322834644
0
LINE
8
BLACK
6
CONTINUOUS
10
5.5720261023622042
20
-4.2105817322834644
11
5.5694716141732279
21
-4.2088748425196849
0
LINE
8
BLACK
6
CONTINUOUS
10
5.5694716141732279
20
-4.2088748425196849
11
5.5677647244094484
21
-4.2063203543307086
0
LINE
8
BLACK
6
CONTINUOUS
10
5.5677647244094484
20
-4.2063203543307086
11
5.5671653543307089
21
-4.2033070866141733
0
LINE
8
BLACK
6
CONTINUOUS
10
5.5671653543307089
20
-4.2033070866141733
11
5.5671653543307089
21
-4.1914960629921261
0
LINE
8
BLACK
6
CONTINUOUS
10
5.5671653543307089
20
-4.1914960629921261
11
5.5677647244094484
21
-4.1884827952755908
0
LINE
8
BLACK
6
CONTINUOUS
10
5.5677647244094484
20
-4.1884827952755908
11
5.5694716141732279
21
-4.1859283070866145
0
LINE
8
BLACK
6
CONTINUOUS
10
5.5694716141732279
20
-4.1859283070866145
11
5.5720261023622042
21
-4.1842214173228349
0
LINE
8
BLACK
6
CONTINUOUS
10
5.5720261023622042
20
-4.1842214173228349
11
5.5750393700787404
21
-4.1836220472440946
0
LINE
8
BLACK
6
CONTINUOUS
10
5.5750393700787404
20
-4.1836220472440946
11
5.6153937007874015
21
-4.1836220472440946
0
LINE
8
BLACK
6
CONTINUOUS
10
5.6153937007874015
20
-4.1836220472440946
11
5.6184069685039368
21
-4.1842214173228349
0
LINE
8
BLACK
6
CONTINUOUS
10
5.7079738976377952
20
-4.1842214173228349
11
5.7105283858267715
21
-4.1859283070866145
0
LINE
8
BLACK
6
CONTINUOUS
10
5.7105283858267715
20
-4.1859283070866145
11
5.712235275590551
21
-4.1884827952755908
0
LINE
8
BLACK
6
CONTINUOUS
10
5.712235275590551
20
-4.1884827952755908
11
5.7128346456692913
21
-4.1914960629921261
0
LINE
8
BLACK
6
CONTINUOUS
10
5.7128346456692913
20
-4.1914960629921261
11
5.7128346456692913
21
-4.2033070866141733
0
LINE
8
BLACK
6
CONTINUOUS
10
5.7128346456692913
20
-4.2033070866141733
11
5.712235275590551
21
-4.2063203543307086
0
LINE
8
BLACK
6
CONTINUOUS
10
5.712235275590551
20
-4.2063203543307086
11
5.7105283858267715
21
-4.2088748425196849
0
LINE
8
BLACK
6
CONTINUOUS
10
5.7105283858267715
20
-4.2088748425196849
11
5.7079738976377952
21
-4.2105817322834644
0
LINE
8
BLACK
6
CONTINUOUS
10
5.7079738976377952
20
-4.2105817322834644
11
5.7049606299212599
21
-4.2111811023622048
0
LINE
8
BLACK
6
CONTINUOUS
10
5.7049606299212599
20
-4.2111811023622048
11
5.6646062992125987
21
-4.2111811023622048
0
LINE
8
BLACK
6
CONTINUOUS
10
5.6646062992125987
20
-4.2111811023622048
11
5.6615930314960625
21
-4.2105817322834644
0
LINE
8
BLACK
6
CONTINUOUS
10
5.6615930314960625
20
-4.2105817322834644
11
5.6590385433070862
21
-4.2088748425196849
0
LINE
8
BLACK
6
CONTINUOUS
10
5.6590385433070862
20
-4.2088748425196849
11
5.6573316535433067
21
-4.2063203543307086
0
LINE
8
BLACK
6
CONTINUOUS
10
5.6573316535433067
20
-4.2063203543307086
11
5.6567322834645664
21
-4.2033070866141733
0
LINE
8
BLACK
6
CONTINUOUS
10
5.6567322834645664
20
-4.2033070866141733
11
5.6567322834645664
21
-4.1914960629921261
0
LINE
8
BLACK
6
CONTINUOUS
10
5.6567322834645664
20
-4.1914960629921261
11
5.6573316535433067
21
-4.1884827952755908
0
LINE
8
BLACK
6
CONTINUOUS
10
5.6573316535433067
20
-4.1884827952755908
11
5.6590385433070862
21
-4.1859283070866145
0
LINE
8
BLACK
6
CONTINUOUS
10
5.6590385433070862
20
-4.1859283070866145
11
5.6615930314960625
21
-4.1842214173228349
0
LINE
8
BLACK
6
CONTINUOUS
10
5.6615930314960625
20
-4.1842214173228349
11
5.6646062992125987
21
-4.1836220472440946
0
LINE
8
BLACK
6
CONTINUOUS
10
5.6646062992125987
20
-4.1836220472440946
11
5.7049606299212599
21
-4.1836220472440946
0
LINE
8
BLACK
6
CONTINUOUS
10
5.7049606299212599
20
-4.1836220472440946
11
5.7079738976377952
21
-4.1842214173228349
0
LINE
8
BLACK
6
CONTINUOUS
10
5.7605555118110239
20
-4.1844749212598424
11
5.7629822834645665
21
-4.1860964566929129
0
LINE
8
BLACK
6
CONTINUOUS
10
5.7629822834645665
20
-4.1860964566929129
11
5.7646038188976378
21
-4.1885232283464564
0
LINE
8
BLACK
6
CONTINUOUS
10
5.7646038188976378
20
-4.1885232283464564
11
5.7651732283464563
21
-4.1913858267716533
0
LINE
8
BLACK
6
CONTINUOUS
10
5.7651732283464563
20
-4.1913858267716533
11
5.7651732283464563
21
-4.2024094488188979
0
LINE
8
BLACK
6
CONTINUOUS
10
5.7651732283464563
20
-4.2024094488188979
11
5.7646038188976378
21
-4.2052720472440948
0
LINE
8
BLACK
6
CONTINUOUS
10
5.7646038188976378
20
-4.2052720472440948
11
5.7629822834645665
21
-4.2076988188976374
0
LINE
8
BLACK
6
CONTINUOUS
10
5.7629822834645665
20
-4.2076988188976374
11
5.7605555118110239
21
-4.2093203543307087
0
LINE
8
BLACK
6
CONTINUOUS
10
5.7605555118110239
20
-4.2093203543307087
11
5.757692913385827
21
-4.2098897637795272
0
LINE
8
BLACK
6
CONTINUOUS
10
5.757692913385827
20
-4.2098897637795272
11
5.7443070866141728
21
-4.2098897637795272
0
LINE
8
BLACK
6
CONTINUOUS
10
5.7443070866141728
20
-4.2098897637795272
11
5.7414444881889759
21
-4.2093203543307087
0
LINE
8
BLACK
6
CONTINUOUS
10
5.7414444881889759
20
-4.2093203543307087
11
5.7390177165354332
21
-4.2076988188976374
0
LINE
8
BLACK
6
CONTINUOUS
10
5.7390177165354332
20
-4.2076988188976374
11
5.7373961811023619
21
-4.2052720472440948
0
LINE
8
BLACK
6
CONTINUOUS
10
5.7373961811023619
20
-4.2052720472440948
11
5.7368267716535435
21
-4.2024094488188979
0
LINE
8
BLACK
6
CONTINUOUS
10
5.7368267716535435
20
-4.2024094488188979
11
5.7368267716535435
21
-4.1913858267716533
0
LINE
8
BLACK
6
CONTINUOUS
10
5.7368267716535435
20
-4.1913858267716533
11
5.7373961811023619
21
-4.1885232283464564
0
LINE
8
BLACK
6
CONTINUOUS
10
5.7373961811023619
20
-4.1885232283464564
11
5.7390177165354332
21
-4.1860964566929129
0
LINE
8
BLACK
6
CONTINUOUS
10
5.7390177165354332
20
-4.1860964566929129
11
5.7414444881889759
21
-4.1844749212598424
0
LINE
8
BLACK
6
CONTINUOUS
10
5.7414444881889759
20
-4.1844749212598424
11
5.7443070866141728
21
-4.1839055118110231
0
LINE
8
BLACK
6
CONTINUOUS
10
5.7443070866141728
20
-4.1839055118110231
11
5.757692913385827
21
-4.1839055118110231
0
LINE
8
BLACK
6
CONTINUOUS
10
5.757692913385827
20
-4.1839055118110231
11
5.7605555118110239
21
-4.1844749212598424
0
LINE
8
BLACK
6
CONTINUOUS
10
5.8045555118110235
20
-4.1844749212598424
11
5.806982283464567
21
-4.1860964566929129
0
LINE
8
BLACK
6
CONTINUOUS
10
5.806982283464567
20
-4.1860964566929129
11
5.8086038188976374
21
-4.1885232283464564
0
LINE
8
BLACK
6
CONTINUOUS
10
5.8086038188976374
20
-4.1885232283464564
11
5.8091732283464568
21
-4.1913858267716533
0
LINE
8
BLACK
6
CONTINUOUS
10
5.8091732283464568
20
-4.1913858267716533
11
5.8091732283464568
21
-4.2024094488188979
0
LINE
8
BLACK
6
CONTINUOUS
10
5.8091732283464568
20
-4.2024094488188979
11
5.8086038188976374
21
-4.2052720472440948
0
LINE
8
BLACK
6
CONTINUOUS
10
5.8086038188976374
20
-4.2052720472440948
11
5.806982283464567
21
-4.2076988188976374
0
LINE
8
BLACK
6
CONTINUOUS
10
5.806982283464567
20
-4.2076988188976374
11
5.8045555118110235
21
-4.2093203543307087
0
LINE
8
BLACK
6
CONTINUOUS
10
5.8045555118110235
20
-4.2093203543307087
11
5.8016929133858266
21
-4.2098897637795272
0
LINE
8
BLACK
6
CONTINUOUS
10
5.8016929133858266
20
-4.2098897637795272
11
5.7883070866141733
21
-4.2098897637795272
0
LINE
8
BLACK
6
CONTINUOUS
10
5.7883070866141733
20
-4.2098897637795272
11
5.7854444881889764
21
-4.2093203543307087
0
LINE
8
BLACK
6
CONTINUOUS
10
5.7854444881889764
20
-4.2093203543307087
11
5.7830177165354328
21
-4.2076988188976374
0
LINE
8
BLACK
6
CONTINUOUS
10
5.7830177165354328
20
-4.2076988188976374
11
5.7813961811023624
21
-4.2052720472440948
0
LINE
8
BLACK
6
CONTINUOUS
10
5.7813961811023624
20
-4.2052720472440948
11
5.7808267716535431
21
-4.2024094488188979
0
LINE
8
BLACK
6
CONTINUOUS
10
5.7808267716535431
20
-4.2024094488188979
11
5.7808267716535431
21
-4.1913858267716533
0
LINE
8
BLACK
6
CONTINUOUS
10
5.7808267716535431
20
-4.1913858267716533
11
5.7813961811023624
21
-4.1885232283464564
0
LINE
8
BLACK
6
CONTINUOUS
10
5.7813961811023624
20
-4.1885232283464564
11
5.7830177165354328
21
-4.1860964566929129
0
LINE
8
BLACK
6
CONTINUOUS
10
5.7830177165354328
20
-4.1860964566929129
11
5.7854444881889764
21
-4.1844749212598424
0
LINE
8
BLACK
6
CONTINUOUS
10
5.7854444881889764
20
-4.1844749212598424
11
5.7883070866141733
21
-4.1839055118110231
0
LINE
8
BLACK
6
CONTINUOUS
10
5.7883070866141733
20
-4.1839055118110231
11
5.8016929133858266
21
-4.1839055118110231
0
LINE
8
BLACK
6
CONTINUOUS
10
5.8016929133858266
20
-4.1839055118110231
11
5.8045555118110235
21
-4.1844749212598424
0
LINE
8
BLACK
6
CONTINUOUS
10
5.0100707086614173
20
-4.1780347244094491
11
5.0124336614173224
21
-4.179613582677165
0
LINE
8
BLACK
6
CONTINUOUS
10
5.0124336614173224
20
-4.179613582677165
11
5.0140125196850391
21
-4.1819765354330709
0
LINE
8
BLACK
6
CONTINUOUS
10
5.0140125196850391
20
-4.1819765354330709
11
5.0145669291338582
21
-4.1847637795275592
0
LINE
8
BLACK
6
CONTINUOUS
10
5.0145669291338582
20
-4.1847637795275592
11
5.0145669291338582
21
-4.1953937007874016
0
LINE
8
BLACK
6
CONTINUOUS
10
5.0145669291338582
20
-4.1953937007874016
11
5.0140125196850391
21
-4.1981809448818899
0
LINE
8
BLACK
6
CONTINUOUS
10
5.0140125196850391
20
-4.1981809448818899
11
5.0124336614173224
21
-4.2005438976377949
0
LINE
8
BLACK
6
CONTINUOUS
10
5.0124336614173224
20
-4.2005438976377949
11
5.0100707086614173
21
-4.2021227559055117
0
LINE
8
BLACK
6
CONTINUOUS
10
5.0100707086614173
20
-4.2021227559055117
11
5.0072834645669291
21
-4.2026771653543307
0
LINE
8
BLACK
6
CONTINUOUS
10
5.0072834645669291
20
-4.2026771653543307
11
4.9927165354330709
21
-4.2026771653543307
0
LINE
8
BLACK
6
CONTINUOUS
10
4.9927165354330709
20
-4.2026771653543307
11
4.9899292913385827
21
-4.2021227559055117
0
LINE
8
BLACK
6
CONTINUOUS
10
4.9899292913385827
20
-4.2021227559055117
11
4.9875663385826767
21
-4.2005438976377949
0
LINE
8
BLACK
6
CONTINUOUS
10
4.9875663385826767
20
-4.2005438976377949
11
4.9859874803149609
21
-4.1981809448818899
0
LINE
8
BLACK
6
CONTINUOUS
10
4.9859874803149609
20
-4.1981809448818899
11
4.9854330708661418
21
-4.1953937007874016
0
LINE
8
BLACK
6
CONTINUOUS
10
4.9854330708661418
20
-4.1953937007874016
11
4.9854330708661418
21
-4.1847637795275592
0
LINE
8
BLACK
6
CONTINUOUS
10
4.9854330708661418
20
-4.1847637795275592
11
4.9859874803149609
21
-4.1819765354330709
0
LINE
8
BLACK
6
CONTINUOUS
10
4.9859874803149609
20
-4.1819765354330709
11
4.9875663385826767
21
-4.179613582677165
0
LINE
8
BLACK
6
CONTINUOUS
10
4.9875663385826767
20
-4.179613582677165
11
4.9899292913385827
21
-4.1780347244094491
0
LINE
8
BLACK
6
CONTINUOUS
10
4.9899292913385827
20
-4.1780347244094491
11
4.9927165354330709
21
-4.1774803149606301
0
LINE
8
BLACK
6
CONTINUOUS
10
4.9927165354330709
20
-4.1774803149606301
11
5.0072834645669291
21
-4.1774803149606301
0
LINE
8
BLACK
6
CONTINUOUS
10
5.0072834645669291
20
-4.1774803149606301
11
5.0100707086614173
21
-4.1780347244094491
0
LINE
8
BLACK
6
CONTINUOUS
10
5.5295555118110231
20
-4.1564749212598429
11
5.5319822834645667
21
-4.1580964566929133
0
LINE
8
BLACK
6
CONTINUOUS
10
5.5319822834645667
20
-4.1580964566929133
11
5.533603818897638
21
-4.1605232283464568
0
LINE
8
BLACK
6
CONTINUOUS
10
5.533603818897638
20
-4.1605232283464568
11
5.5341732283464564
21
-4.1633858267716537
0
LINE
8
BLACK
6
CONTINUOUS
10
5.5341732283464564
20
-4.1633858267716537
11
5.5341732283464564
21
-4.1744094488188974
0
LINE
8
BLACK
6
CONTINUOUS
10
5.5341732283464564
20
-4.1744094488188974
11
5.533603818897638
21
-4.1772720472440943
0
LINE
8
BLACK
6
CONTINUOUS
10
5.533603818897638
20
-4.1772720472440943
11
5.5319822834645667
21
-4.1796988188976378
0
LINE
8
BLACK
6
CONTINUOUS
10
5.5319822834645667
20
-4.1796988188976378
11
5.5295555118110231
21
-4.1813203543307083
0
LINE
8
BLACK
6
CONTINUOUS
10
5.5295555118110231
20
-4.1813203543307083
11
5.5266929133858262
21
-4.1818897637795276
0
LINE
8
BLACK
6
CONTINUOUS
10
5.5266929133858262
20
-4.1818897637795276
11
5.5133070866141729
21
-4.1818897637795276
0
LINE
8
BLACK
6
CONTINUOUS
10
5.5133070866141729
20
-4.1818897637795276
11
5.510444488188976
21
-4.1813203543307083
0
LINE
8
BLACK
6
CONTINUOUS
10
5.510444488188976
20
-4.1813203543307083
11
5.5080177165354334
21
-4.1796988188976378
0
LINE
8
BLACK
6
CONTINUOUS
10
5.5080177165354334
20
-4.1796988188976378
11
5.5063961811023621
21
-4.1772720472440943
0
LINE
8
BLACK
6
CONTINUOUS
10
5.5063961811023621
20
-4.1772720472440943
11
5.5058267716535436
21
-4.1744094488188974
0
LINE
8
BLACK
6
CONTINUOUS
10
5.5058267716535436
20
-4.1744094488188974
11
5.5058267716535436
21
-4.1633858267716537
0
LINE
8
BLACK
6
CONTINUOUS
10
5.5058267716535436
20
-4.1633858267716537
11
5.5063961811023621
21
-4.1605232283464568
0
LINE
8
BLACK
6
CONTINUOUS
10
5.5063961811023621
20
-4.1605232283464568
11
5.5080177165354334
21
-4.1580964566929133
0
LINE
8
BLACK
6
CONTINUOUS
10
5.5080177165354334
20
-4.1580964566929133
11
5.510444488188976
21
-4.1564749212598429
0
LINE
8
BLACK
6
CONTINUOUS
10
5.510444488188976
20
-4.1564749212598429
11
5.5133070866141729
21
-4.1559055118110235
0
LINE
8
BLACK
6
CONTINUOUS
10
5.5133070866141729
20
-4.1559055118110235
11
5.5266929133858262
21
-4.1559055118110235
0
LINE
8
BLACK
6
CONTINUOUS
10
5.5266929133858262
20
-4.1559055118110235
11
5.5295555118110231
21
-4.1564749212598429
0
LINE
8
BLACK
6
CONTINUOUS
10
5.7079738976377952
20
-4.1468198425196849
11
5.7105283858267715
21
-4.1485267322834645
0
LINE
8
BLACK
6
CONTINUOUS
10
5.7105283858267715
20
-4.1485267322834645
11
5.712235275590551
21
-4.1510812204724408
0
LINE
8
BLACK
6
CONTINUOUS
10
5.712235275590551
20
-4.1510812204724408
11
5.7128346456692913
21
-4.1540944881889761
0
LINE
8
BLACK
6
CONTINUOUS
10
5.7128346456692913
20
-4.1540944881889761
11
5.7128346456692913
21
-4.1659055118110233
0
LINE
8
BLACK
6
CONTINUOUS
10
5.7128346456692913
20
-4.1659055118110233
11
5.712235275590551
21
-4.1689187795275586
0
LINE
8
BLACK
6
CONTINUOUS
10
5.712235275590551
20
-4.1689187795275586
11
5.7105283858267715
21
-4.1714732677165349
0
LINE
8
BLACK
6
CONTINUOUS
10
5.7105283858267715
20
-4.1714732677165349
11
5.7079738976377952
21
-4.1731801574803145
0
LINE
8
BLACK
6
CONTINUOUS
10
5.7079738976377952
20
-4.1731801574803145
11
5.7049606299212599
21
-4.1737795275590548
0
LINE
8
BLACK
6
CONTINUOUS
10
5.7049606299212599
20
-4.1737795275590548
11
5.6646062992125987
21
-4.1737795275590548
0
LINE
8
BLACK
6
CONTINUOUS
10
5.6646062992125987
20
-4.1737795275590548
11
5.6615930314960625
21
-4.1731801574803145
0
LINE
8
BLACK
6
CONTINUOUS
10
5.6615930314960625
20
-4.1731801574803145
11
5.6590385433070862
21
-4.1714732677165349
0
LINE
8
BLACK
6
CONTINUOUS
10
5.6590385433070862
20
-4.1714732677165349
11
5.6573316535433067
21
-4.1689187795275586
0
LINE
8
BLACK
6
CONTINUOUS
10
5.6573316535433067
20
-4.1689187795275586
11
5.6567322834645664
21
-4.1659055118110233
0
LINE
8
BLACK
6
CONTINUOUS
10
5.6567322834645664
20
-4.1659055118110233
11
5.6567322834645664
21
-4.1540944881889761
0
LINE
8
BLACK
6
CONTINUOUS
10
5.6567322834645664
20
-4.1540944881889761
11
5.6573316535433067
21
-4.1510812204724408
0
LINE
8
BLACK
6
CONTINUOUS
10
5.6573316535433067
20
-4.1510812204724408
11
5.6590385433070862
21
-4.1485267322834645
0
LINE
8
BLACK
6
CONTINUOUS
10
5.6590385433070862
20
-4.1485267322834645
11
5.6615930314960625
21
-4.1468198425196849
0
LINE
8
BLACK
6
CONTINUOUS
10
5.6615930314960625
20
-4.1468198425196849
11
5.6646062992125987
21
-4.1462204724409446
0
LINE
8
BLACK
6
CONTINUOUS
10
5.6646062992125987
20
-4.1462204724409446
11
5.7049606299212599
21
-4.1462204724409446
0
LINE
8
BLACK
6
CONTINUOUS
10
5.7049606299212599
20
-4.1462204724409446
11
5.7079738976377952
21
-4.1468198425196849
0
LINE
8
BLACK
6
CONTINUOUS
10
5.7605555118110239
20
-4.1466796456692911
11
5.7629822834645665
21
-4.1483011811023625
0
LINE
8
BLACK
6
CONTINUOUS
10
5.7629822834645665
20
-4.1483011811023625
11
5.7646038188976378
21
-4.1507279527559051
0
LINE
8
BLACK
6
CONTINUOUS
10
5.7646038188976378
20
-4.1507279527559051
11
5.7651732283464563
21
-4.153590551181102
0
LINE
8
BLACK
6
CONTINUOUS
10
5.7651732283464563
20
-4.153590551181102
11
5.7651732283464563
21
-4.1646141732283466
0
LINE
8
BLACK
6
CONTINUOUS
10
5.7651732283464563
20
-4.1646141732283466
11
5.7646038188976378
21
-4.1674767716535435
0
LINE
8
BLACK
6
CONTINUOUS
10
5.7646038188976378
20
-4.1674767716535435
11
5.7629822834645665
21
-4.1699035433070861
0
LINE
8
BLACK
6
CONTINUOUS
10
5.7629822834645665
20
-4.1699035433070861
11
5.7605555118110239
21
-4.1715250787401574
0
LINE
8
BLACK
6
CONTINUOUS
10
5.7605555118110239
20
-4.1715250787401574
11
5.757692913385827
21
-4.1720944881889759
0
LINE
8
BLACK
6
CONTINUOUS
10
5.757692913385827
20
-4.1720944881889759
11
5.7443070866141728
21
-4.1720944881889759
0
LINE
8
BLACK
6
CONTINUOUS
10
5.7443070866141728
20
-4.1720944881889759
11
5.7414444881889759
21
-4.1715250787401574
0
LINE
8
BLACK
6
CONTINUOUS
10
5.7414444881889759
20
-4.1715250787401574
11
5.7390177165354332
21
-4.1699035433070861
0
LINE
8
BLACK
6
CONTINUOUS
10
5.7390177165354332
20
-4.1699035433070861
11
5.7373961811023619
21
-4.1674767716535435
0
LINE
8
BLACK
6
CONTINUOUS
10
5.7373961811023619
20
-4.1674767716535435
11
5.7368267716535435
21
-4.1646141732283466
0
LINE
8
BLACK
6
CONTINUOUS
10
5.7368267716535435
20
-4.1646141732283466
11
5.7368267716535435
21
-4.153590551181102
0
LINE
8
BLACK
6
CONTINUOUS
10
5.7368267716535435
20
-4.153590551181102
11
5.7373961811023619
21
-4.1507279527559051
0
LINE
8
BLACK
6
CONTINUOUS
10
5.7373961811023619
20
-4.1507279527559051
11
5.7390177165354332
21
-4.1483011811023625
0
LINE
8
BLACK
6
CONTINUOUS
10
5.7390177165354332
20
-4.1483011811023625
11
5.7414444881889759
21
-4.1466796456692911
0
LINE
8
BLACK
6
CONTINUOUS
10
5.7414444881889759
20
-4.1466796456692911
11
5.7443070866141728
21
-4.1461102362204727
0
LINE
8
BLACK
6
CONTINUOUS
10
5.7443070866141728
20
-4.1461102362204727
11
5.757692913385827
21
-4.1461102362204727
0
LINE
8
BLACK
6
CONTINUOUS
10
5.757692913385827
20
-4.1461102362204727
11
5.7605555118110239
21
-4.1466796456692911
0
LINE
8
BLACK
6
CONTINUOUS
10
5.8045555118110235
20
-4.1466796456692911
11
5.806982283464567
21
-4.1483011811023625
0
LINE
8
BLACK
6
CONTINUOUS
10
5.806982283464567
20
-4.1483011811023625
11
5.8086038188976374
21
-4.1507279527559051
0
LINE
8
BLACK
6
CONTINUOUS
10
5.8086038188976374
20
-4.1507279527559051
11
5.8091732283464568
21
-4.153590551181102
0
LINE
8
BLACK
6
CONTINUOUS
10
5.8091732283464568
20
-4.153590551181102
11
5.8091732283464568
21
-4.1646141732283466
0
LINE
8
BLACK
6
CONTINUOUS
10
5.8091732283464568
20
-4.1646141732283466
11
5.8086038188976374
21
-4.1674767716535435
0
LINE
8
BLACK
6
CONTINUOUS
10
5.8086038188976374
20
-4.1674767716535435
11
5.806982283464567
21
-4.1699035433070861
0
LINE
8
BLACK
6
CONTINUOUS
10
5.806982283464567
20
-4.1699035433070861
11
5.8045555118110235
21
-4.1715250787401574
0
LINE
8
BLACK
6
CONTINUOUS
10
5.8045555118110235
20
-4.1715250787401574
11
5.8016929133858266
21
-4.1720944881889759
0
LINE
8
BLACK
6
CONTINUOUS
10
5.8016929133858266
20
-4.1720944881889759
11
5.7883070866141733
21
-4.1720944881889759
0
LINE
8
BLACK
6
CONTINUOUS
10
5.7883070866141733
20
-4.1720944881889759
11
5.7854444881889764
21
-4.1715250787401574
0
LINE
8
BLACK
6
CONTINUOUS
10
5.7854444881889764
20
-4.1715250787401574
11
5.7830177165354328
21
-4.1699035433070861
0
LINE
8
BLACK
6
CONTINUOUS
10
5.7830177165354328
20
-4.1699035433070861
11
5.7813961811023624
21
-4.1674767716535435
0
LINE
8
BLACK
6
CONTINUOUS
10
5.7813961811023624
20
-4.1674767716535435
11
5.7808267716535431
21
-4.1646141732283466
0
LINE
8
BLACK
6
CONTINUOUS
10
5.7808267716535431
20
-4.1646141732283466
11
5.7808267716535431
21
-4.153590551181102
0
LINE
8
BLACK
6
CONTINUOUS
10
5.7808267716535431
20
-4.153590551181102
11
5.7813961811023624
21
-4.1507279527559051
0
LINE
8
BLACK
6
CONTINUOUS
10
5.7813961811023624
20
-4.1507279527559051
11
5.7830177165354328
21
-4.1483011811023625
0
LINE
8
BLACK
6
CONTINUOUS
10
5.7830177165354328
20
-4.1483011811023625
11
5.7854444881889764
21
-4.1466796456692911
0
LINE
8
BLACK
6
CONTINUOUS
10
5.7854444881889764
20
-4.1466796456692911
11
5.7883070866141733
21
-4.1461102362204727
0
LINE
8
BLACK
6
CONTINUOUS
10
5.7883070866141733
20
-4.1461102362204727
11
5.8016929133858266
21
-4.1461102362204727
0
LINE
8
BLACK
6
CONTINUOUS
10
5.8016929133858266
20
-4.1461102362204727
11
5.8045555118110235
21
-4.1466796456692911
0
LINE
8
BLACK
6
CONTINUOUS
10
5.0100707086614173
20
-4.1378772440944882
11
5.0124336614173224
21
-4.139456102362205
0
LINE
8
BLACK
6
CONTINUOUS
10
5.0124336614173224
20
-4.139456102362205
11
5.0140125196850391
21
-4.14181905511811
0
LINE
8
BLACK
6
CONTINUOUS
10
5.0140125196850391
20
-4.14181905511811
11
5.0145669291338582
21
-4.1446062992125983
0
LINE
8
BLACK
6
CONTINUOUS
10
5.0145669291338582
20
-4.1446062992125983
11
5.0145669291338582
21
-4.1552362204724407
0
LINE
8
BLACK
6
CONTINUOUS
10
5.0145669291338582
20
-4.1552362204724407
11
5.0140125196850391
21
-4.158023464566929
0
LINE
8
BLACK
6
CONTINUOUS
10
5.0140125196850391
20
-4.158023464566929
11
5.0124336614173224
21
-4.1603864173228349
0
LINE
8
BLACK
6
CONTINUOUS
10
5.0124336614173224
20
-4.1603864173228349
11
5.0100707086614173
21
-4.1619652755905507
0
LINE
8
BLACK
6
CONTINUOUS
10
5.0100707086614173
20
-4.1619652755905507
11
5.0072834645669291
21
-4.1625196850393698
0
LINE
8
BLACK
6
CONTINUOUS
10
5.0072834645669291
20
-4.1625196850393698
11
4.9927165354330709
21
-4.1625196850393698
0
LINE
8
BLACK
6
CONTINUOUS
10
4.9927165354330709
20
-4.1625196850393698
11
4.9899292913385827
21
-4.1619652755905507
0
LINE
8
BLACK
6
CONTINUOUS
10
4.9899292913385827
20
-4.1619652755905507
11
4.9875663385826767
21
-4.1603864173228349
0
LINE
8
BLACK
6
CONTINUOUS
10
4.9875663385826767
20
-4.1603864173228349
11
4.9859874803149609
21
-4.158023464566929
0
LINE
8
BLACK
6
CONTINUOUS
10
4.9859874803149609
20
-4.158023464566929
11
4.9854330708661418
21
-4.1552362204724407
0
LINE
8
BLACK
6
CONTINUOUS
10
4.9854330708661418
20
-4.1552362204724407
11
4.9854330708661418
21
-4.1446062992125983
0
LINE
8
BLACK
6
CONTINUOUS
10
4.9854330708661418
20
-4.1446062992125983
11
4.9859874803149609
21
-4.14181905511811
0
LINE
8
BLACK
6
CONTINUOUS
10
4.9859874803149609
20
-4.14181905511811
11
4.9875663385826767
21
-4.139456102362205
0
LINE
8
BLACK
6
CONTINUOUS
10
4.9875663385826767
20
-4.139456102362205
11
4.9899292913385827
21
-4.1378772440944882
0
LINE
8
BLACK
6
CONTINUOUS
10
4.9899292913385827
20
-4.1378772440944882
11
4.9927165354330709
21
-4.1373228346456692
0
LINE
8
BLACK
6
CONTINUOUS
10
4.9927165354330709
20
-4.1373228346456692
11
5.0072834645669291
21
-4.1373228346456692
0
LINE
8
BLACK
6
CONTINUOUS
10
5.0072834645669291
20
-4.1373228346456692
11
5.0100707086614173
21
-4.1378772440944882
0
LINE
8
BLACK
6
CONTINUOUS
10
5.0650707086614171
20
-4.1281134645669288
11
5.067433661417323
21
-4.1296923228346456
0
LINE
8
BLACK
6
CONTINUOUS
10
5.067433661417323
20
-4.1296923228346456
11
5.0690125196850389
21
-4.1320552755905515
0
LINE
8
BLACK
6
CONTINUOUS
10
5.0690125196850389
20
-4.1320552755905515
11
5.0695669291338579
21
-4.1348425196850389
0
LINE
8
BLACK
6
CONTINUOUS
10
5.0695669291338579
20
-4.1348425196850389
11
5.0695669291338579
21
-4.1454724409448822
0
LINE
8
BLACK
6
CONTINUOUS
10
5.0695669291338579
20
-4.1454724409448822
11
5.0690125196850389
21
-4.1482596850393696
0
LINE
8
BLACK
6
CONTINUOUS
10
5.0690125196850389
20
-4.1482596850393696
11
5.067433661417323
21
-4.1506226377952755
0
LINE
8
BLACK
6
CONTINUOUS
10
5.067433661417323
20
-4.1506226377952755
11
5.0650707086614171
21
-4.1522014960629923
0
LINE
8
BLACK
6
CONTINUOUS
10
5.0650707086614171
20
-4.1522014960629923
11
5.0622834645669288
21
-4.1527559055118113
0
LINE
8
BLACK
6
CONTINUOUS
10
5.0622834645669288
20
-4.1527559055118113
11
5.0477165354330706
21
-4.1527559055118113
0
LINE
8
BLACK
6
CONTINUOUS
10
5.0477165354330706
20
-4.1527559055118113
11
5.0449292913385824
21
-4.1522014960629923
0
LINE
8
BLACK
6
CONTINUOUS
10
5.0449292913385824
20
-4.1522014960629923
11
5.0425663385826773
21
-4.1506226377952755
0
LINE
8
BLACK
6
CONTINUOUS
10
5.0425663385826773
20
-4.1506226377952755
11
5.0409874803149606
21
-4.1482596850393696
0
LINE
8
BLACK
6
CONTINUOUS
10
5.0409874803149606
20
-4.1482596850393696
11
5.0404330708661416
21
-4.1454724409448822
0
LINE
8
BLACK
6
CONTINUOUS
10
5.0404330708661416
20
-4.1454724409448822
11
5.0404330708661416
21
-4.1348425196850389
0
LINE
8
BLACK
6
CONTINUOUS
10
5.0404330708661416
20
-4.1348425196850389
11
5.0409874803149606
21
-4.1320552755905515
0
LINE
8
BLACK
6
CONTINUOUS
10
5.0409874803149606
20
-4.1320552755905515
11
5.0425663385826773
21
-4.1296923228346456
0
LINE
8
BLACK
6
CONTINUOUS
10
5.0425663385826773
20
-4.1296923228346456
11
5.0449292913385824
21
-4.1281134645669288
0
LINE
8
BLACK
6
CONTINUOUS
10
5.0449292913385824
20
-4.1281134645669288
11
5.0477165354330706
21
-4.1275590551181098
0
LINE
8
BLACK
6
CONTINUOUS
10
5.0477165354330706
20
-4.1275590551181098
11
5.0622834645669288
21
-4.1275590551181098
0
LINE
8
BLACK
6
CONTINUOUS
10
5.0622834645669288
20
-4.1275590551181098
11
5.0650707086614171
21
-4.1281134645669288
0
LINE
8
BLACK
6
CONTINUOUS
10
5.2027611811023622
20
-4.1286931496062991
11
5.2033998031496065
21
-4.1291198818897641
0
LINE
8
BLACK
6
CONTINUOUS
10
5.2033998031496065
20
-4.1291198818897641
11
5.2038265354330706
21
-4.1297585039370075
0
LINE
8
BLACK
6
CONTINUOUS
10
5.2038265354330706
20
-4.1297585039370075
11
5.2039763779527561
21
-4.1305118110236219
0
LINE
8
BLACK
6
CONTINUOUS
10
5.2039763779527561
20
-4.1305118110236219
11
5.2039763779527561
21
-4.1462598425196848
0
LINE
8
BLACK
6
CONTINUOUS
10
5.2039763779527561
20
-4.1462598425196848
11
5.2038265354330706
21
-4.1470131496062992
0
LINE
8
BLACK
6
CONTINUOUS
10
5.2038265354330706
20
-4.1470131496062992
11
5.2033998031496065
21
-4.1476517716535435
0
LINE
8
BLACK
6
CONTINUOUS
10
5.2033998031496065
20
-4.1476517716535435
11
5.2027611811023622
21
-4.1480785039370076
0
LINE
8
BLACK
6
CONTINUOUS
10
5.2027611811023622
20
-4.1480785039370076
11
5.2020078740157478
21
-4.1482283464566931
0
LINE
8
BLACK
6
CONTINUOUS
10
5.2020078740157478
20
-4.1482283464566931
11
5.1587007874015747
21
-4.1482283464566931
0
LINE
8
BLACK
6
CONTINUOUS
10
5.1587007874015747
20
-4.1482283464566931
11
5.1579474803149603
21
-4.1480785039370076
0
LINE
8
BLACK
6
CONTINUOUS
10
5.1579474803149603
20
-4.1480785039370076
11
5.157308858267716
21
-4.1476517716535435
0
LINE
8
BLACK
6
CONTINUOUS
10
5.157308858267716
20
-4.1476517716535435
11
5.1568821259842519
21
-4.1470131496062992
0
LINE
8
BLACK
6
CONTINUOUS
10
5.1568821259842519
20
-4.1470131496062992
11
5.1567322834645672
21
-4.1462598425196848
0
LINE
8
BLACK
6
CONTINUOUS
10
5.1567322834645672
20
-4.1462598425196848
11
5.1567322834645672
21
-4.1305118110236219
0
LINE
8
BLACK
6
CONTINUOUS
10
5.1567322834645672
20
-4.1305118110236219
11
5.1568821259842519
21
-4.1297585039370075
0
LINE
8
BLACK
6
CONTINUOUS
10
5.1568821259842519
20
-4.1297585039370075
11
5.157308858267716
21
-4.1291198818897641
0
LINE
8
BLACK
6
CONTINUOUS
10
5.157308858267716
20
-4.1291198818897641
11
5.1579474803149603
21
-4.1286931496062991
0
LINE
8
BLACK
6
CONTINUOUS
10
5.1579474803149603
20
-4.1286931496062991
11
5.1587007874015747
21
-4.1285433070866144
0
LINE
8
BLACK
6
CONTINUOUS
10
5.1587007874015747
20
-4.1285433070866144
11
5.2020078740157478
21
-4.1285433070866144
0
LINE
8
BLACK
6
CONTINUOUS
10
5.2020078740157478
20
-4.1285433070866144
11
5.2027611811023622
21
-4.1286931496062991
0
LINE
8
BLACK
6
CONTINUOUS
10
5.3720525196850391
20
-4.1286931496062991
11
5.3726911417322833
21
-4.1291198818897641
0
LINE
8
BLACK
6
CONTINUOUS
10
5.3726911417322833
20
-4.1291198818897641
11
5.3731178740157475
21
-4.1297585039370075
0
LINE
8
BLACK
6
CONTINUOUS
10
5.3731178740157475
20
-4.1297585039370075
11
5.373267716535433
21
-4.1305118110236219
0
LINE
8
BLACK
6
CONTINUOUS
10
5.373267716535433
20
-4.1305118110236219
11
5.373267716535433
21
-4.1462598425196848
0
LINE
8
BLACK
6
CONTINUOUS
10
5.373267716535433
20
-4.1462598425196848
11
5.3731178740157475
21
-4.1470131496062992
0
LINE
8
BLACK
6
CONTINUOUS
10
5.3731178740157475
20
-4.1470131496062992
11
5.3726911417322833
21
-4.1476517716535435
0
LINE
8
BLACK
6
CONTINUOUS
10
5.3726911417322833
20
-4.1476517716535435
11
5.3720525196850391
21
-4.1480785039370076
0
LINE
8
BLACK
6
CONTINUOUS
10
5.3720525196850391
20
-4.1480785039370076
11
5.3712992125984247
21
-4.1482283464566931
0
LINE
8
BLACK
6
CONTINUOUS
10
5.3712992125984247
20
-4.1482283464566931
11
5.3279921259842515
21
-4.1482283464566931
0
LINE
8
BLACK
6
CONTINUOUS
10
5.3279921259842515
20
-4.1482283464566931
11
5.3272388188976381
21
-4.1480785039370076
0
LINE
8
BLACK
6
CONTINUOUS
10
5.3272388188976381
20
-4.1480785039370076
11
5.3266001968503938
21
-4.1476517716535435
0
LINE
8
BLACK
6
CONTINUOUS
10
5.3266001968503938
20
-4.1476517716535435
11
5.3261734645669288
21
-4.1470131496062992
0
LINE
8
BLACK
6
CONTINUOUS
10
5.3261734645669288
20
-4.1470131496062992
11
5.3260236220472441
21
-4.1462598425196848
0
LINE
8
BLACK
6
CONTINUOUS
10
5.3260236220472441
20
-4.1462598425196848
11
5.3260236220472441
21
-4.1305118110236219
0
LINE
8
BLACK
6
CONTINUOUS
10
5.3260236220472441
20
-4.1305118110236219
11
5.3261734645669288
21
-4.1297585039370075
0
LINE
8
BLACK
6
CONTINUOUS
10
5.3261734645669288
20
-4.1297585039370075
11
5.3266001968503938
21
-4.1291198818897641
0
LINE
8
BLACK
6
CONTINUOUS
10
5.3266001968503938
20
-4.1291198818897641
11
5.3272388188976381
21
-4.1286931496062991
0
LINE
8
BLACK
6
CONTINUOUS
10
5.3272388188976381
20
-4.1286931496062991
11
5.3279921259842515
21
-4.1285433070866144
0
LINE
8
BLACK
6
CONTINUOUS
10
5.3279921259842515
20
-4.1285433070866144
11
5.3712992125984247
21
-4.1285433070866144
0
LINE
8
BLACK
6
CONTINUOUS
10
5.3712992125984247
20
-4.1285433070866144
11
5.3720525196850391
21
-4.1286931496062991
0
LINE
8
BLACK
6
CONTINUOUS
10
5.4230234645669286
20
-4.1159874803149608
11
5.4253864173228346
21
-4.1175663385826775
0
LINE
8
BLACK
6
CONTINUOUS
10
5.4253864173228346
20
-4.1175663385826775
11
5.4269652755905513
21
-4.1199292913385825
0
LINE
8
BLACK
6
CONTINUOUS
10
5.4269652755905513
20
-4.1199292913385825
11
5.4275196850393703
21
-4.1227165354330708
0
LINE
8
BLACK
6
CONTINUOUS
10
5.4275196850393703
20
-4.1227165354330708
11
5.4275196850393703
21
-4.137283464566929
0
LINE
8
BLACK
6
CONTINUOUS
10
5.4275196850393703
20
-4.137283464566929
11
5.4269652755905513
21
-4.1400707086614172
0
LINE
8
BLACK
6
CONTINUOUS
10
5.4269652755905513
20
-4.1400707086614172
11
5.4253864173228346
21
-4.1424336614173232
0
LINE
8
BLACK
6
CONTINUOUS
10
5.4253864173228346
20
-4.1424336614173232
11
5.4230234645669286
21
-4.144012519685039
0
LINE
8
BLACK
6
CONTINUOUS
10
5.4230234645669286
20
-4.144012519685039
11
5.4202362204724412
21
-4.144566929133858
0
LINE
8
BLACK
6
CONTINUOUS
10
5.4202362204724412
20
-4.144566929133858
11
5.4096062992125979
21
-4.144566929133858
0
LINE
8
BLACK
6
CONTINUOUS
10
5.4096062992125979
20
-4.144566929133858
11
5.4068190551181097
21
-4.144012519685039
0
LINE
8
BLACK
6
CONTINUOUS
10
5.4068190551181097
20
-4.144012519685039
11
5.4044561023622046
21
-4.1424336614173232
0
LINE
8
BLACK
6
CONTINUOUS
10
5.4044561023622046
20
-4.1424336614173232
11
5.4028772440944879
21
-4.1400707086614172
0
LINE
8
BLACK
6
CONTINUOUS
10
5.4028772440944879
20
-4.1400707086614172
11
5.4023228346456689
21
-4.137283464566929
0
LINE
8
BLACK
6
CONTINUOUS
10
5.4023228346456689
20
-4.137283464566929
11
5.4023228346456689
21
-4.1227165354330708
0
LINE
8
BLACK
6
CONTINUOUS
10
5.4023228346456689
20
-4.1227165354330708
11
5.4028772440944879
21
-4.1199292913385825
0
LINE
8
BLACK
6
CONTINUOUS
10
5.4028772440944879
20
-4.1199292913385825
11
5.4044561023622046
21
-4.1175663385826775
0
LINE
8
BLACK
6
CONTINUOUS
10
5.4044561023622046
20
-4.1175663385826775
11
5.4068190551181097
21
-4.1159874803149608
0
LINE
8
BLACK
6
CONTINUOUS
10
5.4068190551181097
20
-4.1159874803149608
11
5.4096062992125979
21
-4.1154330708661417
0
LINE
8
BLACK
6
CONTINUOUS
10
5.4096062992125979
20
-4.1154330708661417
11
5.4202362204724412
21
-4.1154330708661417
0
LINE
8
BLACK
6
CONTINUOUS
10
5.4202362204724412
20
-4.1154330708661417
11
5.4230234645669286
21
-4.1159874803149608
0
LINE
8
BLACK
6
CONTINUOUS
10
5.4631809448818895
20
-4.1159874803149608
11
5.4655438976377955
21
-4.1175663385826775
0
LINE
8
BLACK
6
CONTINUOUS
10
5.4655438976377955
20
-4.1175663385826775
11
5.4671227559055113
21
-4.1199292913385825
0
LINE
8
BLACK
6
CONTINUOUS
10
5.4671227559055113
20
-4.1199292913385825
11
5.4676771653543303
21
-4.1227165354330708
0
LINE
8
BLACK
6
CONTINUOUS
10
5.4676771653543303
20
-4.1227165354330708
11
5.4676771653543303
21
-4.137283464566929
0
LINE
8
BLACK
6
CONTINUOUS
10
5.4676771653543303
20
-4.137283464566929
11
5.4671227559055113
21
-4.1400707086614172
0
LINE
8
BLACK
6
CONTINUOUS
10
5.4671227559055113
20
-4.1400707086614172
11
5.4655438976377955
21
-4.1424336614173232
0
LINE
8
BLACK
6
CONTINUOUS
10
5.4655438976377955
20
-4.1424336614173232
11
5.4631809448818895
21
-4.144012519685039
0
LINE
8
BLACK
6
CONTINUOUS
10
5.4631809448818895
20
-4.144012519685039
11
5.4603937007874013
21
-4.144566929133858
0
LINE
8
BLACK
6
CONTINUOUS
10
5.4603937007874013
20
-4.144566929133858
11
5.4497637795275589
21
-4.144566929133858
0
LINE
8
BLACK
6
CONTINUOUS
10
5.4497637795275589
20
-4.144566929133858
11
5.4469765354330706
21
-4.144012519685039
0
LINE
8
BLACK
6
CONTINUOUS
10
5.4469765354330706
20
-4.144012519685039
11
5.4446135826771656
21
-4.1424336614173232
0
LINE
8
BLACK
6
CONTINUOUS
10
5.4446135826771656
20
-4.1424336614173232
11
5.4430347244094488
21
-4.1400707086614172
0
LINE
8
BLACK
6
CONTINUOUS
10
5.4430347244094488
20
-4.1400707086614172
11
5.4424803149606298
21
-4.137283464566929
0
LINE
8
BLACK
6
CONTINUOUS
10
5.4424803149606298
20
-4.137283464566929
11
5.4424803149606298
21
-4.1227165354330708
0
LINE
8
BLACK
6
CONTINUOUS
10
5.4424803149606298
20
-4.1227165354330708
11
5.4430347244094488
21
-4.1199292913385825
0
LINE
8
BLACK
6
CONTINUOUS
10
5.4430347244094488
20
-4.1199292913385825
11
5.4446135826771656
21
-4.1175663385826775
0
LINE
8
BLACK
6
CONTINUOUS
10
5.4446135826771656
20
-4.1175663385826775
11
5.4469765354330706
21
-4.1159874803149608
0
LINE
8
BLACK
6
CONTINUOUS
10
5.4469765354330706
20
-4.1159874803149608
11
5.4497637795275589
21
-4.1154330708661417
0
LINE
8
BLACK
6
CONTINUOUS
10
5.4497637795275589
20
-4.1154330708661417
11
5.4603937007874013
21
-4.1154330708661417
0
LINE
8
BLACK
6
CONTINUOUS
10
5.4603937007874013
20
-4.1154330708661417
11
5.4631809448818895
21
-4.1159874803149608
0
LINE
8
BLACK
6
CONTINUOUS
10
5.5295555118110231
20
-4.1186796456692916
11
5.5319822834645667
21
-4.120301181102362
0
LINE
8
BLACK
6
CONTINUOUS
10
5.5319822834645667
20
-4.120301181102362
11
5.533603818897638
21
-4.1227279527559055
0
LINE
8
BLACK
6
CONTINUOUS
10
5.533603818897638
20
-4.1227279527559055
11
5.5341732283464564
21
-4.1255905511811024
0
LINE
8
BLACK
6
CONTINUOUS
10
5.5341732283464564
20
-4.1255905511811024
11
5.5341732283464564
21
-4.1366141732283461
0
LINE
8
BLACK
6
CONTINUOUS
10
5.5341732283464564
20
-4.1366141732283461
11
5.533603818897638
21
-4.139476771653543
0
LINE
8
BLACK
6
CONTINUOUS
10
5.533603818897638
20
-4.139476771653543
11
5.5319822834645667
21
-4.1419035433070865
0
LINE
8
BLACK
6
CONTINUOUS
10
5.5319822834645667
20
-4.1419035433070865
11
5.5295555118110231
21
-4.143525078740157
0
LINE
8
BLACK
6
CONTINUOUS
10
5.5295555118110231
20
-4.143525078740157
11
5.5266929133858262
21
-4.1440944881889763
0
LINE
8
BLACK
6
CONTINUOUS
10
5.5266929133858262
20
-4.1440944881889763
11
5.5133070866141729
21
-4.1440944881889763
0
LINE
8
BLACK
6
CONTINUOUS
10
5.5133070866141729
20
-4.1440944881889763
11
5.510444488188976
21
-4.143525078740157
0
LINE
8
BLACK
6
CONTINUOUS
10
5.510444488188976
20
-4.143525078740157
11
5.5080177165354334
21
-4.1419035433070865
0
LINE
8
BLACK
6
CONTINUOUS
10
5.5080177165354334
20
-4.1419035433070865
11
5.5063961811023621
21
-4.139476771653543
0
LINE
8
BLACK
6
CONTINUOUS
10
5.5063961811023621
20
-4.139476771653543
11
5.5058267716535436
21
-4.1366141732283461
0
LINE
8
BLACK
6
CONTINUOUS
10
5.5058267716535436
20
-4.1366141732283461
11
5.5058267716535436
21
-4.1255905511811024
0
LINE
8
BLACK
6
CONTINUOUS
10
5.5058267716535436
20
-4.1255905511811024
11
5.5063961811023621
21
-4.1227279527559055
0
LINE
8
BLACK
6
CONTINUOUS
10
5.5063961811023621
20
-4.1227279527559055
11
5.5080177165354334
21
-4.120301181102362
0
LINE
8
BLACK
6
CONTINUOUS
10
5.5080177165354334
20
-4.120301181102362
11
5.510444488188976
21
-4.1186796456692916
0
LINE
8
BLACK
6
CONTINUOUS
10
5.510444488188976
20
-4.1186796456692916
11
5.5133070866141729
21
-4.1181102362204722
0
LINE
8
BLACK
6
CONTINUOUS
10
5.5133070866141729
20
-4.1181102362204722
11
5.5266929133858262
21
-4.1181102362204722
0
LINE
8
BLACK
6
CONTINUOUS
10
5.5266929133858262
20
-4.1181102362204722
11
5.5295555118110231
21
-4.1186796456692916
0
LINE
8
BLACK
6
CONTINUOUS
10
4.8650707086614169
20
-4.1180347244094486
11
4.8674336614173228
21
-4.1196135826771654
0
LINE
8
BLACK
6
CONTINUOUS
10
4.8674336614173228
20
-4.1196135826771654
11
4.8690125196850396
21
-4.1219765354330704
0
LINE
8
BLACK
6
CONTINUOUS
10
4.8690125196850396
20
-4.1219765354330704
11
4.8695669291338586
21
-4.1247637795275587
0
LINE
8
BLACK
6
CONTINUOUS
10
4.8695669291338586
20
-4.1247637795275587
11
4.8695669291338586
21
-4.1353937007874011
0
LINE
8
BLACK
6
CONTINUOUS
10
4.8695669291338586
20
-4.1353937007874011
11
4.8690125196850396
21
-4.1381809448818894
0
LINE
8
BLACK
6
CONTINUOUS
10
4.8690125196850396
20
-4.1381809448818894
11
4.8674336614173228
21
-4.1405438976377953
0
LINE
8
BLACK
6
CONTINUOUS
10
4.8674336614173228
20
-4.1405438976377953
11
4.8650707086614169
21
-4.142122755905512
0
LINE
8
BLACK
6
CONTINUOUS
10
4.8650707086614169
20
-4.142122755905512
11
4.8622834645669286
21
-4.1426771653543302
0
LINE
8
BLACK
6
CONTINUOUS
10
4.8622834645669286
20
-4.1426771653543302
11
4.8477165354330705
21
-4.1426771653543302
0
LINE
8
BLACK
6
CONTINUOUS
10
4.8477165354330705
20
-4.1426771653543302
11
4.8449292913385822
21
-4.142122755905512
0
LINE
8
BLACK
6
CONTINUOUS
10
4.8449292913385822
20
-4.142122755905512
11
4.8425663385826772
21
-4.1405438976377953
0
LINE
8
BLACK
6
CONTINUOUS
10
4.8425663385826772
20
-4.1405438976377953
11
4.8409874803149604
21
-4.1381809448818894
0
LINE
8
BLACK
6
CONTINUOUS
10
4.8409874803149604
20
-4.1381809448818894
11
4.8404330708661414
21
-4.1353937007874011
0
LINE
8
BLACK
6
CONTINUOUS
10
4.8404330708661414
20
-4.1353937007874011
11
4.8404330708661414
21
-4.1247637795275587
0
LINE
8
BLACK
6
CONTINUOUS
10
4.8404330708661414
20
-4.1247637795275587
11
4.8409874803149604
21
-4.1219765354330704
0
LINE
8
BLACK
6
CONTINUOUS
10
4.8409874803149604
20
-4.1219765354330704
11
4.8425663385826772
21
-4.1196135826771654
0
LINE
8
BLACK
6
CONTINUOUS
10
4.8425663385826772
20
-4.1196135826771654
11
4.8449292913385822
21
-4.1180347244094486
0
LINE
8
BLACK
6
CONTINUOUS
10
4.8449292913385822
20
-4.1180347244094486
11
4.8477165354330705
21
-4.1174803149606296
0
LINE
8
BLACK
6
CONTINUOUS
10
4.8477165354330705
20
-4.1174803149606296
11
4.8622834645669286
21
-4.1174803149606296
0
LINE
8
BLACK
6
CONTINUOUS
10
4.8622834645669286
20
-4.1174803149606296
11
4.8650707086614169
21
-4.1180347244094486
0
LINE
8
BLACK
6
CONTINUOUS
10
5.6184069685039368
20
-4.109418267716535
11
5.6209614566929131
21
-4.1111251574803145
0
LINE
8
BLACK
6
CONTINUOUS
10
5.6209614566929131
20
-4.1111251574803145
11
5.6226683464566927
21
-4.1136796456692917
0
LINE
8
BLACK
6
CONTINUOUS
10
5.6226683464566927
20
-4.1136796456692917
11
5.623267716535433
21
-4.116692913385827
0
LINE
8
BLACK
6
CONTINUOUS
10
5.623267716535433
20
-4.116692913385827
11
5.623267716535433
21
-4.1285039370078742
0
LINE
8
BLACK
6
CONTINUOUS
10
5.623267716535433
20
-4.1285039370078742
11
5.6226683464566927
21
-4.1315172047244095
0
LINE
8
BLACK
6
CONTINUOUS
10
5.6226683464566927
20
-4.1315172047244095
11
5.6209614566929131
21
-4.1340716929133858
0
LINE
8
BLACK
6
CONTINUOUS
10
5.6209614566929131
20
-4.1340716929133858
11
5.6184069685039368
21
-4.1357785826771654
0
LINE
8
BLACK
6
CONTINUOUS
10
5.6184069685039368
20
-4.1357785826771654
11
5.6153937007874015
21
-4.1363779527559057
0
LINE
8
BLACK
6
CONTINUOUS
10
5.6153937007874015
20
-4.1363779527559057
11
5.5750393700787404
21
-4.1363779527559057
0
LINE
8
BLACK
6
CONTINUOUS
10
5.5750393700787404
20
-4.1363779527559057
11
5.5720261023622042
21
-4.1357785826771654
0
LINE
8
BLACK
6
CONTINUOUS
10
5.5720261023622042
20
-4.1357785826771654
11
5.5694716141732279
21
-4.1340716929133858
0
LINE
8
BLACK
6
CONTINUOUS
10
5.5694716141732279
20
-4.1340716929133858
11
5.5677647244094484
21
-4.1315172047244095
0
LINE
8
BLACK
6
CONTINUOUS
10
5.5677647244094484
20
-4.1315172047244095
11
5.5671653543307089
21
-4.1285039370078742
0
LINE
8
BLACK
6
CONTINUOUS
10
5.5671653543307089
20
-4.1285039370078742
11
5.5671653543307089
21
-4.116692913385827
0
LINE
8
BLACK
6
CONTINUOUS
10
5.5671653543307089
20
-4.116692913385827
11
5.5677647244094484
21
-4.1136796456692917
0
LINE
8
BLACK
6
CONTINUOUS
10
5.5677647244094484
20
-4.1136796456692917
11
5.5694716141732279
21
-4.1111251574803145
0
LINE
8
BLACK
6
CONTINUOUS
10
5.5694716141732279
20
-4.1111251574803145
11
5.5720261023622042
21
-4.109418267716535
0
LINE
8
BLACK
6
CONTINUOUS
10
5.5720261023622042
20
-4.109418267716535
11
5.5750393700787404
21
-4.1088188976377955
0
LINE
8
BLACK
6
CONTINUOUS
10
5.5750393700787404
20
-4.1088188976377955
11
5.6153937007874015
21
-4.1088188976377955
0
LINE
8
BLACK
6
CONTINUOUS
10
5.6153937007874015
20
-4.1088188976377955
11
5.6184069685039368
21
-4.109418267716535
0
LINE
8
BLACK
6
CONTINUOUS
10
5.7079738976377952
20
-4.109418267716535
11
5.7105283858267715
21
-4.1111251574803145
0
LINE
8
BLACK
6
CONTINUOUS
10
5.7105283858267715
20
-4.1111251574803145
11
5.712235275590551
21
-4.1136796456692917
0
LINE
8
BLACK
6
CONTINUOUS
10
5.712235275590551
20
-4.1136796456692917
11
5.7128346456692913
21
-4.116692913385827
0
LINE
8
BLACK
6
CONTINUOUS
10
5.7128346456692913
20
-4.116692913385827
11
5.7128346456692913
21
-4.1285039370078742
0
LINE
8
BLACK
6
CONTINUOUS
10
5.7128346456692913
20
-4.1285039370078742
11
5.712235275590551
21
-4.1315172047244095
0
LINE
8
BLACK
6
CONTINUOUS
10
5.712235275590551
20
-4.1315172047244095
11
5.7105283858267715
21
-4.1340716929133858
0
LINE
8
BLACK
6
CONTINUOUS
10
5.7105283858267715
20
-4.1340716929133858
11
5.7079738976377952
21
-4.1357785826771654
0
LINE
8
BLACK
6
CONTINUOUS
10
5.7079738976377952
20
-4.1357785826771654
11
5.7049606299212599
21
-4.1363779527559057
0
LINE
8
BLACK
6
CONTINUOUS
10
5.7049606299212599
20
-4.1363779527559057
11
5.6646062992125987
21
-4.1363779527559057
0
LINE
8
BLACK
6
CONTINUOUS
10
5.6646062992125987
20
-4.1363779527559057
11
5.6615930314960625
21
-4.1357785826771654
0
LINE
8
BLACK
6
CONTINUOUS
10
5.6615930314960625
20
-4.1357785826771654
11
5.6590385433070862
21
-4.1340716929133858
0
LINE
8
BLACK
6
CONTINUOUS
10
5.6590385433070862
20
-4.1340716929133858
11
5.6573316535433067
21
-4.1315172047244095
0
LINE
8
BLACK
6
CONTINUOUS
10
5.6573316535433067
20
-4.1315172047244095
11
5.6567322834645664
21
-4.1285039370078742
0
LINE
8
BLACK
6
CONTINUOUS
10
5.6567322834645664
20
-4.1285039370078742
11
5.6567322834645664
21
-4.116692913385827
0
LINE
8
BLACK
6
CONTINUOUS
10
5.6567322834645664
20
-4.116692913385827
11
5.6573316535433067
21
-4.1136796456692917
0
LINE
8
BLACK
6
CONTINUOUS
10
5.6573316535433067
20
-4.1136796456692917
11
5.6590385433070862
21
-4.1111251574803145
0
LINE
8
BLACK
6
CONTINUOUS
10
5.6590385433070862
20
-4.1111251574803145
11
5.6615930314960625
21
-4.109418267716535
0
LINE
8
BLACK
6
CONTINUOUS
10
5.6615930314960625
20
-4.109418267716535
11
5.6646062992125987
21
-4.1088188976377955
0
LINE
8
BLACK
6
CONTINUOUS
10
5.6646062992125987
20
-4.1088188976377955
11
5.7049606299212599
21
-4.1088188976377955
0
LINE
8
BLACK
6
CONTINUOUS
10
5.7049606299212599
20
-4.1088188976377955
11
5.7079738976377952
21
-4.109418267716535
0
LINE
8
BLACK
6
CONTINUOUS
10
5.2027611811023622
20
-4.1031025984251972
11
5.2033998031496065
21
-4.1035293307086613
0
LINE
8
BLACK
6
CONTINUOUS
10
5.2033998031496065
20
-4.1035293307086613
11
5.2038265354330706
21
-4.1041679527559056
0
LINE
8
BLACK
6
CONTINUOUS
10
5.2038265354330706
20
-4.1041679527559056
11
5.2039763779527561
21
-4.10492125984252
0
LINE
8
BLACK
6
CONTINUOUS
10
5.2039763779527561
20
-4.10492125984252
11
5.2039763779527561
21
-4.120669291338583
0
LINE
8
BLACK
6
CONTINUOUS
10
5.2039763779527561
20
-4.120669291338583
11
5.2038265354330706
21
-4.1214225984251964
0
LINE
8
BLACK
6
CONTINUOUS
10
5.2038265354330706
20
-4.1214225984251964
11
5.2033998031496065
21
-4.1220612204724407
0
LINE
8
BLACK
6
CONTINUOUS
10
5.2033998031496065
20
-4.1220612204724407
11
5.2027611811023622
21
-4.1224879527559057
0
LINE
8
BLACK
6
CONTINUOUS
10
5.2027611811023622
20
-4.1224879527559057
11
5.2020078740157478
21
-4.1226377952755904
0
LINE
8
BLACK
6
CONTINUOUS
10
5.2020078740157478
20
-4.1226377952755904
11
5.1587007874015747
21
-4.1226377952755904
0
LINE
8
BLACK
6
CONTINUOUS
10
5.1587007874015747
20
-4.1226377952755904
11
5.1579474803149603
21
-4.1224879527559057
0
LINE
8
BLACK
6
CONTINUOUS
10
5.1579474803149603
20
-4.1224879527559057
11
5.157308858267716
21
-4.1220612204724407
0
LINE
8
BLACK
6
CONTINUOUS
10
5.157308858267716
20
-4.1220612204724407
11
5.1568821259842519
21
-4.1214225984251964
0
LINE
8
BLACK
6
CONTINUOUS
10
5.1568821259842519
20
-4.1214225984251964
11
5.1567322834645672
21
-4.120669291338583
0
LINE
8
BLACK
6
CONTINUOUS
10
5.1567322834645672
20
-4.120669291338583
11
5.1567322834645672
21
-4.10492125984252
0
LINE
8
BLACK
6
CONTINUOUS
10
5.1567322834645672
20
-4.10492125984252
11
5.1568821259842519
21
-4.1041679527559056
0
LINE
8
BLACK
6
CONTINUOUS
10
5.1568821259842519
20
-4.1041679527559056
11
5.157308858267716
21
-4.1035293307086613
0
LINE
8
BLACK
6
CONTINUOUS
10
5.157308858267716
20
-4.1035293307086613
11
5.1579474803149603
21
-4.1031025984251972
0
LINE
8
BLACK
6
CONTINUOUS
10
5.1579474803149603
20
-4.1031025984251972
11
5.1587007874015747
21
-4.1029527559055117
0
LINE
8
BLACK
6
CONTINUOUS
10
5.1587007874015747
20
-4.1029527559055117
11
5.2020078740157478
21
-4.1029527559055117
0
LINE
8
BLACK
6
CONTINUOUS
10
5.2020078740157478
20
-4.1029527559055117
11
5.2027611811023622
21
-4.1031025984251972
0
LINE
8
BLACK
6
CONTINUOUS
10
5.3720525196850391
20
-4.1031025984251972
11
5.3726911417322833
21
-4.1035293307086613
0
LINE
8
BLACK
6
CONTINUOUS
10
5.3726911417322833
20
-4.1035293307086613
11
5.3731178740157475
21
-4.1041679527559056
0
LINE
8
BLACK
6
CONTINUOUS
10
5.3731178740157475
20
-4.1041679527559056
11
5.373267716535433
21
-4.10492125984252
0
LINE
8
BLACK
6
CONTINUOUS
10
5.373267716535433
20
-4.10492125984252
11
5.373267716535433
21
-4.120669291338583
0
LINE
8
BLACK
6
CONTINUOUS
10
5.373267716535433
20
-4.120669291338583
11
5.3731178740157475
21
-4.1214225984251964
0
LINE
8
BLACK
6
CONTINUOUS
10
5.3731178740157475
20
-4.1214225984251964
11
5.3726911417322833
21
-4.1220612204724407
0
LINE
8
BLACK
6
CONTINUOUS
10
5.3726911417322833
20
-4.1220612204724407
11
5.3720525196850391
21
-4.1224879527559057
0
LINE
8
BLACK
6
CONTINUOUS
10
5.3720525196850391
20
-4.1224879527559057
11
5.3712992125984247
21
-4.1226377952755904
0
LINE
8
BLACK
6
CONTINUOUS
10
5.3712992125984247
20
-4.1226377952755904
11
5.3279921259842515
21
-4.1226377952755904
0
LINE
8
BLACK
6
CONTINUOUS
10
5.3279921259842515
20
-4.1226377952755904
11
5.3272388188976381
21
-4.1224879527559057
0
LINE
8
BLACK
6
CONTINUOUS
10
5.3272388188976381
20
-4.1224879527559057
11
5.3266001968503938
21
-4.1220612204724407
0
LINE
8
BLACK
6
CONTINUOUS
10
5.3266001968503938
20
-4.1220612204724407
11
5.3261734645669288
21
-4.1214225984251964
0
LINE
8
BLACK
6
CONTINUOUS
10
5.3261734645669288
20
-4.1214225984251964
11
5.3260236220472441
21
-4.120669291338583
0
LINE
8
BLACK
6
CONTINUOUS
10
5.3260236220472441
20
-4.120669291338583
11
5.3260236220472441
21
-4.10492125984252
0
LINE
8
BLACK
6
CONTINUOUS
10
5.3260236220472441
20
-4.10492125984252
11
5.3261734645669288
21
-4.1041679527559056
0
LINE
8
BLACK
6
CONTINUOUS
10
5.3261734645669288
20
-4.1041679527559056
11
5.3266001968503938
21
-4.1035293307086613
0
LINE
8
BLACK
6
CONTINUOUS
10
5.3266001968503938
20
-4.1035293307086613
11
5.3272388188976381
21
-4.1031025984251972
0
LINE
8
BLACK
6
CONTINUOUS
10
5.3272388188976381
20
-4.1031025984251972
11
5.3279921259842515
21
-4.1029527559055117
0
LINE
8
BLACK
6
CONTINUOUS
10
5.3279921259842515
20
-4.1029527559055117
11
5.3712992125984247
21
-4.1029527559055117
0
LINE
8
BLACK
6
CONTINUOUS
10
5.3712992125984247
20
-4.1029527559055117
11
5.3720525196850391
21
-4.1031025984251972
0
LINE
8
BLACK
6
CONTINUOUS
10
4.974476771653543
20
-4.091396181102362
11
4.9769035433070865
21
-4.0930177165354333
0
LINE
8
BLACK
6
CONTINUOUS
10
4.9769035433070865
20
-4.0930177165354333
11
4.9785250787401569
21
-4.095444488188976
0
LINE
8
BLACK
6
CONTINUOUS
10
4.9785250787401569
20
-4.095444488188976
11
4.9790944881889763
21
-4.0983070866141729
0
LINE
8
BLACK
6
CONTINUOUS
10
4.9790944881889763
20
-4.0983070866141729
11
4.9790944881889763
21
-4.1116929133858271
0
LINE
8
BLACK
6
CONTINUOUS
10
4.9790944881889763
20
-4.1116929133858271
11
4.9785250787401569
21
-4.114555511811024
0
LINE
8
BLACK
6
CONTINUOUS
10
4.9785250787401569
20
-4.114555511811024
11
4.9769035433070865
21
-4.1169822834645666
0
LINE
8
BLACK
6
CONTINUOUS
10
4.9769035433070865
20
-4.1169822834645666
11
4.974476771653543
21
-4.1186038188976379
0
LINE
8
BLACK
6
CONTINUOUS
10
4.974476771653543
20
-4.1186038188976379
11
4.9716141732283461
21
-4.1191732283464564
0
LINE
8
BLACK
6
CONTINUOUS
10
4.9716141732283461
20
-4.1191732283464564
11
4.9605905511811024
21
-4.1191732283464564
0
LINE
8
BLACK
6
CONTINUOUS
10
4.9605905511811024
20
-4.1191732283464564
11
4.9577279527559055
21
-4.1186038188976379
0
LINE
8
BLACK
6
CONTINUOUS
10
4.9577279527559055
20
-4.1186038188976379
11
4.955301181102362
21
-4.1169822834645666
0
LINE
8
BLACK
6
CONTINUOUS
10
4.955301181102362
20
-4.1169822834645666
11
4.9536796456692915
21
-4.114555511811024
0
LINE
8
BLACK
6
CONTINUOUS
10
4.9536796456692915
20
-4.114555511811024
11
4.9531102362204722
21
-4.1116929133858271
0
LINE
8
BLACK
6
CONTINUOUS
10
4.9531102362204722
20
-4.1116929133858271
11
4.9531102362204722
21
-4.0983070866141729
0
LINE
8
BLACK
6
CONTINUOUS
10
4.9531102362204722
20
-4.0983070866141729
11
4.9536796456692915
21
-4.095444488188976
0
LINE
8
BLACK
6
CONTINUOUS
10
4.9536796456692915
20
-4.095444488188976
11
4.955301181102362
21
-4.0930177165354333
0
LINE
8
BLACK
6
CONTINUOUS
10
4.955301181102362
20
-4.0930177165354333
11
4.9577279527559055
21
-4.091396181102362
0
LINE
8
BLACK
6
CONTINUOUS
10
4.9577279527559055
20
-4.091396181102362
11
4.9605905511811024
21
-4.0908267716535436
0
LINE
8
BLACK
6
CONTINUOUS
10
4.9605905511811024
20
-4.0908267716535436
11
4.9716141732283461
21
-4.0908267716535436
0
LINE
8
BLACK
6
CONTINUOUS
10
4.9716141732283461
20
-4.0908267716535436
11
4.974476771653543
21
-4.091396181102362
0
LINE
8
BLACK
6
CONTINUOUS
10
5.0122720472440943
20
-4.091396181102362
11
5.0146988188976378
21
-4.0930177165354333
0
LINE
8
BLACK
6
CONTINUOUS
10
5.0146988188976378
20
-4.0930177165354333
11
5.0163203543307082
21
-4.095444488188976
0
LINE
8
BLACK
6
CONTINUOUS
10
5.0163203543307082
20
-4.095444488188976
11
5.0168897637795276
21
-4.0983070866141729
0
LINE
8
BLACK
6
CONTINUOUS
10
5.0168897637795276
20
-4.0983070866141729
11
5.0168897637795276
21
-4.1116929133858271
0
LINE
8
BLACK
6
CONTINUOUS
10
5.0168897637795276
20
-4.1116929133858271
11
5.0163203543307082
21
-4.114555511811024
0
LINE
8
BLACK
6
CONTINUOUS
10
5.0163203543307082
20
-4.114555511811024
11
5.0146988188976378
21
-4.1169822834645666
0
LINE
8
BLACK
6
CONTINUOUS
10
5.0146988188976378
20
-4.1169822834645666
11
5.0122720472440943
21
-4.1186038188976379
0
LINE
8
BLACK
6
CONTINUOUS
10
5.0122720472440943
20
-4.1186038188976379
11
5.0094094488188974
21
-4.1191732283464564
0
LINE
8
BLACK
6
CONTINUOUS
10
5.0094094488188974
20
-4.1191732283464564
11
4.9983858267716537
21
-4.1191732283464564
0
LINE
8
BLACK
6
CONTINUOUS
10
4.9983858267716537
20
-4.1191732283464564
11
4.9955232283464568
21
-4.1186038188976379
0
LINE
8
BLACK
6
CONTINUOUS
10
4.9955232283464568
20
-4.1186038188976379
11
4.9930964566929132
21
-4.1169822834645666
0
LINE
8
BLACK
6
CONTINUOUS
10
4.9930964566929132
20
-4.1169822834645666
11
4.9914749212598428
21
-4.114555511811024
0
LINE
8
BLACK
6
CONTINUOUS
10
4.9914749212598428
20
-4.114555511811024
11
4.9909055118110235
21
-4.1116929133858271
0
LINE
8
BLACK
6
CONTINUOUS
10
4.9909055118110235
20
-4.1116929133858271
11
4.9909055118110235
21
-4.0983070866141729
0
LINE
8
BLACK
6
CONTINUOUS
10
4.9909055118110235
20
-4.0983070866141729
11
4.9914749212598428
21
-4.095444488188976
0
LINE
8
BLACK
6
CONTINUOUS
10
4.9914749212598428
20
-4.095444488188976
11
4.9930964566929132
21
-4.0930177165354333
0
LINE
8
BLACK
6
CONTINUOUS
10
4.9930964566929132
20
-4.0930177165354333
11
4.9955232283464568
21
-4.091396181102362
0
LINE
8
BLACK
6
CONTINUOUS
10
4.9955232283464568
20
-4.091396181102362
11
4.9983858267716537
21
-4.0908267716535436
0
LINE
8
BLACK
6
CONTINUOUS
10
4.9983858267716537
20
-4.0908267716535436
11
5.0094094488188974
21
-4.0908267716535436
0
LINE
8
BLACK
6
CONTINUOUS
10
5.0094094488188974
20
-4.0908267716535436
11
5.0122720472440943
21
-4.091396181102362
0
LINE
8
BLACK
6
CONTINUOUS
10
5.9521529527559052
20
-4.0700381496062992
11
5.9561236614173225
21
-4.0717913779527555
0
LINE
8
BLACK
6
CONTINUOUS
10
5.9561236614173225
20
-4.0717913779527555
11
5.9591928740157476
21
-4.0748605905511814
0
LINE
8
BLACK
6
CONTINUOUS
10
5.9591928740157476
20
-4.0748605905511814
11
5.9609461023622048
21
-4.0788312992125979
0
LINE
8
BLACK
6
CONTINUOUS
10
5.9609461023622048
20
-4.0788312992125979
11
5.9612598425196852
21
-4.081535433070866
0
LINE
8
BLACK
6
CONTINUOUS
10
5.9612598425196852
20
-4.081535433070866
11
5.9612598425196852
21
-4.1012204724409447
0
LINE
8
BLACK
6
CONTINUOUS
10
5.9612598425196852
20
-4.1012204724409447
11
5.9609461023622048
21
-4.1039246062992127
0
LINE
8
BLACK
6
CONTINUOUS
10
5.9609461023622048
20
-4.1039246062992127
11
5.9591928740157476
21
-4.1078953149606301
0
LINE
8
BLACK
6
CONTINUOUS
10
5.9591928740157476
20
-4.1078953149606301
11
5.9561236614173225
21
-4.1109645275590552
0
LINE
8
BLACK
6
CONTINUOUS
10
5.9561236614173225
20
-4.1109645275590552
11
5.9521529527559052
21
-4.1127177559055115
0
LINE
8
BLACK
6
CONTINUOUS
10
5.9521529527559052
20
-4.1127177559055115
11
5.949448818897638
21
-4.1130314960629919
0
LINE
8
BLACK
6
CONTINUOUS
10
5.949448818897638
20
-4.1130314960629919
11
5.8628346456692908
21
-4.1130314960629919
0
LINE
8
BLACK
6
CONTINUOUS
10
5.8628346456692908
20
-4.1130314960629919
11
5.8601305118110236
21
-4.1127177559055115
0
LINE
8
BLACK
6
CONTINUOUS
10
5.8601305118110236
20
-4.1127177559055115
11
5.8561598031496063
21
-4.1109645275590552
0
LINE
8
BLACK
6
CONTINUOUS
10
5.8561598031496063
20
-4.1109645275590552
11
5.8530905905511812
21
-4.1078953149606301
0
LINE
8
BLACK
6
CONTINUOUS
10
5.8530905905511812
20
-4.1078953149606301
11
5.851337362204724
21
-4.1039246062992127
0
LINE
8
BLACK
6
CONTINUOUS
10
5.851337362204724
20
-4.1039246062992127
11
5.8510236220472436
21
-4.1012204724409447
0
LINE
8
BLACK
6
CONTINUOUS
10
5.8510236220472436
20
-4.1012204724409447
11
5.8510236220472436
21
-4.081535433070866
0
LINE
8
BLACK
6
CONTINUOUS
10
5.8510236220472436
20
-4.081535433070866
11
5.851337362204724
21
-4.0788312992125979
0
LINE
8
BLACK
6
CONTINUOUS
10
5.851337362204724
20
-4.0788312992125979
11
5.8530905905511812
21
-4.0748605905511814
0
LINE
8
BLACK
6
CONTINUOUS
10
5.8530905905511812
20
-4.0748605905511814
11
5.8561598031496063
21
-4.0717913779527555
0
LINE
8
BLACK
6
CONTINUOUS
10
5.8561598031496063
20
-4.0717913779527555
11
5.8601305118110236
21
-4.0700381496062992
0
LINE
8
BLACK
6
CONTINUOUS
10
5.8601305118110236
20
-4.0700381496062992
11
5.8628346456692908
21
-4.0697244094488187
0
LINE
8
BLACK
6
CONTINUOUS
10
5.8628346456692908
20
-4.0697244094488187
11
5.949448818897638
21
-4.0697244094488187
0
LINE
8
BLACK
6
CONTINUOUS
10
5.949448818897638
20
-4.0697244094488187
11
5.9521529527559052
21
-4.0700381496062992
0
LINE
8
BLACK
6
CONTINUOUS
10
5.0650707086614171
20
-4.0879559842519688
11
5.067433661417323
21
-4.0895348425196847
0
LINE
8
BLACK
6
CONTINUOUS
10
5.067433661417323
20
-4.0895348425196847
11
5.0690125196850389
21
-4.0918977952755906
0
LINE
8
BLACK
6
CONTINUOUS
10
5.0690125196850389
20
-4.0918977952755906
11
5.0695669291338579
21
-4.0946850393700789
0
LINE
8
BLACK
6
CONTINUOUS
10
5.0695669291338579
20
-4.0946850393700789
11
5.0695669291338579
21
-4.1053149606299213
0
LINE
8
BLACK
6
CONTINUOUS
10
5.0695669291338579
20
-4.1053149606299213
11
5.0690125196850389
21
-4.1081022047244096
0
LINE
8
BLACK
6
CONTINUOUS
10
5.0690125196850389
20
-4.1081022047244096
11
5.067433661417323
21
-4.1104651574803146
0
LINE
8
BLACK
6
CONTINUOUS
10
5.067433661417323
20
-4.1104651574803146
11
5.0650707086614171
21
-4.1120440157480314
0
LINE
8
BLACK
6
CONTINUOUS
10
5.0650707086614171
20
-4.1120440157480314
11
5.0622834645669288
21
-4.1125984251968504
0
LINE
8
BLACK
6
CONTINUOUS
10
5.0622834645669288
20
-4.1125984251968504
11
5.0477165354330706
21
-4.1125984251968504
0
LINE
8
BLACK
6
CONTINUOUS
10
5.0477165354330706
20
-4.1125984251968504
11
5.0449292913385824
21
-4.1120440157480314
0
LINE
8
BLACK
6
CONTINUOUS
10
5.0449292913385824
20
-4.1120440157480314
11
5.0425663385826773
21
-4.1104651574803146
0
LINE
8
BLACK
6
CONTINUOUS
10
5.0425663385826773
20
-4.1104651574803146
11
5.0409874803149606
21
-4.1081022047244096
0
LINE
8
BLACK
6
CONTINUOUS
10
5.0409874803149606
20
-4.1081022047244096
11
5.0404330708661416
21
-4.1053149606299213
0
LINE
8
BLACK
6
CONTINUOUS
10
5.0404330708661416
20
-4.1053149606299213
11
5.0404330708661416
21
-4.0946850393700789
0
LINE
8
BLACK
6
CONTINUOUS
10
5.0404330708661416
20
-4.0946850393700789
11
5.0409874803149606
21
-4.0918977952755906
0
LINE
8
BLACK
6
CONTINUOUS
10
5.0409874803149606
20
-4.0918977952755906
11
5.0425663385826773
21
-4.0895348425196847
0
LINE
8
BLACK
6
CONTINUOUS
10
5.0425663385826773
20
-4.0895348425196847
11
5.0449292913385824
21
-4.0879559842519688
0
LINE
8
BLACK
6
CONTINUOUS
10
5.0449292913385824
20
-4.0879559842519688
11
5.0477165354330706
21
-4.0874015748031498
0
LINE
8
BLACK
6
CONTINUOUS
10
5.0477165354330706
20
-4.0874015748031498
11
5.0622834645669288
21
-4.0874015748031498
0
LINE
8
BLACK
6
CONTINUOUS
10
5.0622834645669288
20
-4.0874015748031498
11
5.0650707086614171
21
-4.0879559842519688
0
LINE
8
BLACK
6
CONTINUOUS
10
4.8650707086614169
20
-4.0778772440944877
11
4.8674336614173228
21
-4.0794561023622045
0
LINE
8
BLACK
6
CONTINUOUS
10
4.8674336614173228
20
-4.0794561023622045
11
4.8690125196850396
21
-4.0818190551181104
0
LINE
8
BLACK
6
CONTINUOUS
10
4.8690125196850396
20
-4.0818190551181104
11
4.8695669291338586
21
-4.0846062992125987
0
LINE
8
BLACK
6
CONTINUOUS
10
4.8695669291338586
20
-4.0846062992125987
11
4.8695669291338586
21
-4.0952362204724411
0
LINE
8
BLACK
6
CONTINUOUS
10
4.8695669291338586
20
-4.0952362204724411
11
4.8690125196850396
21
-4.0980234645669293
0
LINE
8
BLACK
6
CONTINUOUS
10
4.8690125196850396
20
-4.0980234645669293
11
4.8674336614173228
21
-4.1003864173228344
0
LINE
8
BLACK
6
CONTINUOUS
10
4.8674336614173228
20
-4.1003864173228344
11
4.8650707086614169
21
-4.1019652755905511
0
LINE
8
BLACK
6
CONTINUOUS
10
4.8650707086614169
20
-4.1019652755905511
11
4.8622834645669286
21
-4.1025196850393701
0
LINE
8
BLACK
6
CONTINUOUS
10
4.8622834645669286
20
-4.1025196850393701
11
4.8477165354330705
21
-4.1025196850393701
0
LINE
8
BLACK
6
CONTINUOUS
10
4.8477165354330705
20
-4.1025196850393701
11
4.8449292913385822
21
-4.1019652755905511
0
LINE
8
BLACK
6
CONTINUOUS
10
4.8449292913385822
20
-4.1019652755905511
11
4.8425663385826772
21
-4.1003864173228344
0
LINE
8
BLACK
6
CONTINUOUS
10
4.8425663385826772
20
-4.1003864173228344
11
4.8409874803149604
21
-4.0980234645669293
0
LINE
8
BLACK
6
CONTINUOUS
10
4.8409874803149604
20
-4.0980234645669293
11
4.8404330708661414
21
-4.0952362204724411
0
LINE
8
BLACK
6
CONTINUOUS
10
4.8404330708661414
20
-4.0952362204724411
11
4.8404330708661414
21
-4.0846062992125987
0
LINE
8
BLACK
6
CONTINUOUS
10
4.8404330708661414
20
-4.0846062992125987
11
4.8409874803149604
21
-4.0818190551181104
0
LINE
8
BLACK
6
CONTINUOUS
10
4.8409874803149604
20
-4.0818190551181104
11
4.8425663385826772
21
-4.0794561023622045
0
LINE
8
BLACK
6
CONTINUOUS
10
4.8425663385826772
20
-4.0794561023622045
11
4.8449292913385822
21
-4.0778772440944877
0
LINE
8
BLACK
6
CONTINUOUS
10
4.8449292913385822
20
-4.0778772440944877
11
4.8477165354330705
21
-4.0773228346456696
0
LINE
8
BLACK
6
CONTINUOUS
10
4.8477165354330705
20
-4.0773228346456696
11
4.8622834645669286
21
-4.0773228346456696
0
LINE
8
BLACK
6
CONTINUOUS
10
4.8622834645669286
20
-4.0773228346456696
11
4.8650707086614169
21
-4.0778772440944877
0
LINE
8
BLACK
6
CONTINUOUS
10
5.4230234645669286
20
-4.0709874803149608
11
5.4253864173228346
21
-4.0725663385826767
0
LINE
8
BLACK
6
CONTINUOUS
10
5.4253864173228346
20
-4.0725663385826767
11
5.4269652755905513
21
-4.0749292913385826
0
LINE
8
BLACK
6
CONTINUOUS
10
5.4269652755905513
20
-4.0749292913385826
11
5.4275196850393703
21
-4.0777165354330709
0
LINE
8
BLACK
6
CONTINUOUS
10
5.4275196850393703
20
-4.0777165354330709
11
5.4275196850393703
21
-4.092283464566929
0
LINE
8
BLACK
6
CONTINUOUS
10
5.4275196850393703
20
-4.092283464566929
11
5.4269652755905513
21
-4.0950707086614173
0
LINE
8
BLACK
6
CONTINUOUS
10
5.4269652755905513
20
-4.0950707086614173
11
5.4253864173228346
21
-4.0974336614173223
0
LINE
8
BLACK
6
CONTINUOUS
10
5.4253864173228346
20
-4.0974336614173223
11
5.4230234645669286
21
-4.0990125196850391
0
LINE
8
BLACK
6
CONTINUOUS
10
5.4230234645669286
20
-4.0990125196850391
11
5.4202362204724412
21
-4.0995669291338581
0
LINE
8
BLACK
6
CONTINUOUS
10
5.4202362204724412
20
-4.0995669291338581
11
5.4096062992125979
21
-4.0995669291338581
0
LINE
8
BLACK
6
CONTINUOUS
10
5.4096062992125979
20
-4.0995669291338581
11
5.4068190551181097
21
-4.0990125196850391
0
LINE
8
BLACK
6
CONTINUOUS
10
5.4068190551181097
20
-4.0990125196850391
11
5.4044561023622046
21
-4.0974336614173223
0
LINE
8
BLACK
6
CONTINUOUS
10
5.4044561023622046
20
-4.0974336614173223
11
5.4028772440944879
21
-4.0950707086614173
0
LINE
8
BLACK
6
CONTINUOUS
10
5.4028772440944879
20
-4.0950707086614173
11
5.4023228346456689
21
-4.092283464566929
0
LINE
8
BLACK
6
CONTINUOUS
10
5.4023228346456689
20
-4.092283464566929
11
5.4023228346456689
21
-4.0777165354330709
0
LINE
8
BLACK
6
CONTINUOUS
10
5.4023228346456689
20
-4.0777165354330709
11
5.4028772440944879
21
-4.0749292913385826
0
LINE
8
BLACK
6
CONTINUOUS
10
5.4028772440944879
20
-4.0749292913385826
11
5.4044561023622046
21
-4.0725663385826767
0
LINE
8
BLACK
6
CONTINUOUS
10
5.4044561023622046
20
-4.0725663385826767
11
5.4068190551181097
21
-4.0709874803149608
0
LINE
8
BLACK
6
CONTINUOUS
10
5.4068190551181097
20
-4.0709874803149608
11
5.4096062992125979
21
-4.0704330708661418
0
LINE
8
BLACK
6
CONTINUOUS
10
5.4096062992125979
20
-4.0704330708661418
11
5.4202362204724412
21
-4.0704330708661418
0
LINE
8
BLACK
6
CONTINUOUS
10
5.4202362204724412
20
-4.0704330708661418
11
5.4230234645669286
21
-4.0709874803149608
0
LINE
8
BLACK
6
CONTINUOUS
10
5.4631809448818895
20
-4.0709874803149608
11
5.4655438976377955
21
-4.0725663385826767
0
LINE
8
BLACK
6
CONTINUOUS
10
5.4655438976377955
20
-4.0725663385826767
11
5.4671227559055113
21
-4.0749292913385826
0
LINE
8
BLACK
6
CONTINUOUS
10
5.4671227559055113
20
-4.0749292913385826
11
5.4676771653543303
21
-4.0777165354330709
0
LINE
8
BLACK
6
CONTINUOUS
10
5.4676771653543303
20
-4.0777165354330709
11
5.4676771653543303
21
-4.092283464566929
0
LINE
8
BLACK
6
CONTINUOUS
10
5.4676771653543303
20
-4.092283464566929
11
5.4671227559055113
21
-4.0950707086614173
0
LINE
8
BLACK
6
CONTINUOUS
10
5.4671227559055113
20
-4.0950707086614173
11
5.4655438976377955
21
-4.0974336614173223
0
LINE
8
BLACK
6
CONTINUOUS
10
5.4655438976377955
20
-4.0974336614173223
11
5.4631809448818895
21
-4.0990125196850391
0
LINE
8
BLACK
6
CONTINUOUS
10
5.4631809448818895
20
-4.0990125196850391
11
5.4603937007874013
21
-4.0995669291338581
0
LINE
8
BLACK
6
CONTINUOUS
10
5.4603937007874013
20
-4.0995669291338581
11
5.4497637795275589
21
-4.0995669291338581
0
LINE
8
BLACK
6
CONTINUOUS
10
5.4497637795275589
20
-4.0995669291338581
11
5.4469765354330706
21
-4.0990125196850391
0
LINE
8
BLACK
6
CONTINUOUS
10
5.4469765354330706
20
-4.0990125196850391
11
5.4446135826771656
21
-4.0974336614173223
0
LINE
8
BLACK
6
CONTINUOUS
10
5.4446135826771656
20
-4.0974336614173223
11
5.4430347244094488
21
-4.0950707086614173
0
LINE
8
BLACK
6
CONTINUOUS
10
5.4430347244094488
20
-4.0950707086614173
11
5.4424803149606298
21
-4.092283464566929
0
LINE
8
BLACK
6
CONTINUOUS
10
5.4424803149606298
20
-4.092283464566929
11
5.4424803149606298
21
-4.0777165354330709
0
LINE
8
BLACK
6
CONTINUOUS
10
5.4424803149606298
20
-4.0777165354330709
11
5.4430347244094488
21
-4.0749292913385826
0
LINE
8
BLACK
6
CONTINUOUS
10
5.4430347244094488
20
-4.0749292913385826
11
5.4446135826771656
21
-4.0725663385826767
0
LINE
8
BLACK
6
CONTINUOUS
10
5.4446135826771656
20
-4.0725663385826767
11
5.4469765354330706
21
-4.0709874803149608
0
LINE
8
BLACK
6
CONTINUOUS
10
5.4469765354330706
20
-4.0709874803149608
11
5.4497637795275589
21
-4.0704330708661418
0
LINE
8
BLACK
6
CONTINUOUS
10
5.4497637795275589
20
-4.0704330708661418
11
5.4603937007874013
21
-4.0704330708661418
0
LINE
8
BLACK
6
CONTINUOUS
10
5.4603937007874013
20
-4.0704330708661418
11
5.4631809448818895
21
-4.0709874803149608
0
LINE
8
BLACK
6
CONTINUOUS
10
5.2027611811023622
20
-4.0775120472440944
11
5.2033998031496065
21
-4.0779387795275586
0
LINE
8
BLACK
6
CONTINUOUS
10
5.2033998031496065
20
-4.0779387795275586
11
5.2038265354330706
21
-4.0785774015748029
0
LINE
8
BLACK
6
CONTINUOUS
10
5.2038265354330706
20
-4.0785774015748029
11
5.2039763779527561
21
-4.0793307086614172
0
LINE
8
BLACK
6
CONTINUOUS
10
5.2039763779527561
20
-4.0793307086614172
11
5.2039763779527561
21
-4.0950787401574802
0
LINE
8
BLACK
6
CONTINUOUS
10
5.2039763779527561
20
-4.0950787401574802
11
5.2038265354330706
21
-4.0958320472440946
0
LINE
8
BLACK
6
CONTINUOUS
10
5.2038265354330706
20
-4.0958320472440946
11
5.2033998031496065
21
-4.0964706692913389
0
LINE
8
BLACK
6
CONTINUOUS
10
5.2033998031496065
20
-4.0964706692913389
11
5.2027611811023622
21
-4.096897401574803
0
LINE
8
BLACK
6
CONTINUOUS
10
5.2027611811023622
20
-4.096897401574803
11
5.2020078740157478
21
-4.0970472440944885
0
LINE
8
BLACK
6
CONTINUOUS
10
5.2020078740157478
20
-4.0970472440944885
11
5.1587007874015747
21
-4.0970472440944885
0
LINE
8
BLACK
6
CONTINUOUS
10
5.1587007874015747
20
-4.0970472440944885
11
5.1579474803149603
21
-4.096897401574803
0
LINE
8
BLACK
6
CONTINUOUS
10
5.1579474803149603
20
-4.096897401574803
11
5.157308858267716
21
-4.0964706692913389
0
LINE
8
BLACK
6
CONTINUOUS
10
5.157308858267716
20
-4.0964706692913389
11
5.1568821259842519
21
-4.0958320472440946
0
LINE
8
BLACK
6
CONTINUOUS
10
5.1568821259842519
20
-4.0958320472440946
11
5.1567322834645672
21
-4.0950787401574802
0
LINE
8
BLACK
6
CONTINUOUS
10
5.1567322834645672
20
-4.0950787401574802
11
5.1567322834645672
21
-4.0793307086614172
0
LINE
8
BLACK
6
CONTINUOUS
10
5.1567322834645672
20
-4.0793307086614172
11
5.1568821259842519
21
-4.0785774015748029
0
LINE
8
BLACK
6
CONTINUOUS
10
5.1568821259842519
20
-4.0785774015748029
11
5.157308858267716
21
-4.0779387795275586
0
LINE
8
BLACK
6
CONTINUOUS
10
5.157308858267716
20
-4.0779387795275586
11
5.1579474803149603
21
-4.0775120472440944
0
LINE
8
BLACK
6
CONTINUOUS
10
5.1579474803149603
20
-4.0775120472440944
11
5.1587007874015747
21
-4.0773622047244098
0
LINE
8
BLACK
6
CONTINUOUS
10
5.1587007874015747
20
-4.0773622047244098
11
5.2020078740157478
21
-4.0773622047244098
0
LINE
8
BLACK
6
CONTINUOUS
10
5.2020078740157478
20
-4.0773622047244098
11
5.2027611811023622
21
-4.0775120472440944
0
LINE
8
BLACK
6
CONTINUOUS
10
5.3720525196850391
20
-4.0775120472440944
11
5.3726911417322833
21
-4.0779387795275586
0
LINE
8
BLACK
6
CONTINUOUS
10
5.3726911417322833
20
-4.0779387795275586
11
5.3731178740157475
21
-4.0785774015748029
0
LINE
8
BLACK
6
CONTINUOUS
10
5.3731178740157475
20
-4.0785774015748029
11
5.373267716535433
21
-4.0793307086614172
0
LINE
8
BLACK
6
CONTINUOUS
10
5.373267716535433
20
-4.0793307086614172
11
5.373267716535433
21
-4.0950787401574802
0
LINE
8
BLACK
6
CONTINUOUS
10
5.373267716535433
20
-4.0950787401574802
11
5.3731178740157475
21
-4.0958320472440946
0
LINE
8
BLACK
6
CONTINUOUS
10
5.3731178740157475
20
-4.0958320472440946
11
5.3726911417322833
21
-4.0964706692913389
0
LINE
8
BLACK
6
CONTINUOUS
10
5.3726911417322833
20
-4.0964706692913389
11
5.3720525196850391
21
-4.096897401574803
0
LINE
8
BLACK
6
CONTINUOUS
10
5.3720525196850391
20
-4.096897401574803
11
5.3712992125984247
21
-4.0970472440944885
0
LINE
8
BLACK
6
CONTINUOUS
10
5.3712992125984247
20
-4.0970472440944885
11
5.3279921259842515
21
-4.0970472440944885
0
LINE
8
BLACK
6
CONTINUOUS
10
5.3279921259842515
20
-4.0970472440944885
11
5.3272388188976381
21
-4.096897401574803
0
LINE
8
BLACK
6
CONTINUOUS
10
5.3272388188976381
20
-4.096897401574803
11
5.3266001968503938
21
-4.0964706692913389
0
LINE
8
BLACK
6
CONTINUOUS
10
5.3266001968503938
20
-4.0964706692913389
11
5.3261734645669288
21
-4.0958320472440946
0
LINE
8
BLACK
6
CONTINUOUS
10
5.3261734645669288
20
-4.0958320472440946
11
5.3260236220472441
21
-4.0950787401574802
0
LINE
8
BLACK
6
CONTINUOUS
10
5.3260236220472441
20
-4.0950787401574802
11
5.3260236220472441
21
-4.0793307086614172
0
LINE
8
BLACK
6
CONTINUOUS
10
5.3260236220472441
20
-4.0793307086614172
11
5.3261734645669288
21
-4.0785774015748029
0
LINE
8
BLACK
6
CONTINUOUS
10
5.3261734645669288
20
-4.0785774015748029
11
5.3266001968503938
21
-4.0779387795275586
0
LINE
8
BLACK
6
CONTINUOUS
10
5.3266001968503938
20
-4.0779387795275586
11
5.3272388188976381
21
-4.0775120472440944
0
LINE
8
BLACK
6
CONTINUOUS
10
5.3272388188976381
20
-4.0775120472440944
11
5.3279921259842515
21
-4.0773622047244098
0
LINE
8
BLACK
6
CONTINUOUS
10
5.3279921259842515
20
-4.0773622047244098
11
5.3712992125984247
21
-4.0773622047244098
0
LINE
8
BLACK
6
CONTINUOUS
10
5.3712992125984247
20
-4.0773622047244098
11
5.3720525196850391
21
-4.0775120472440944
0
LINE
8
BLACK
6
CONTINUOUS
10
5.5295555118110231
20
-4.0664749212598421
11
5.5319822834645667
21
-4.0680964566929134
0
LINE
8
BLACK
6
CONTINUOUS
10
5.5319822834645667
20
-4.0680964566929134
11
5.533603818897638
21
-4.070523228346457
0
LINE
8
BLACK
6
CONTINUOUS
10
5.533603818897638
20
-4.070523228346457
11
5.5341732283464564
21
-4.0733858267716538
0
LINE
8
BLACK
6
CONTINUOUS
10
5.5341732283464564
20
-4.0733858267716538
11
5.5341732283464564
21
-4.0844094488188976
0
LINE
8
BLACK
6
CONTINUOUS
10
5.5341732283464564
20
-4.0844094488188976
11
5.533603818897638
21
-4.0872720472440944
0
LINE
8
BLACK
6
CONTINUOUS
10
5.533603818897638
20
-4.0872720472440944
11
5.5319822834645667
21
-4.089698818897638
0
LINE
8
BLACK
6
CONTINUOUS
10
5.5319822834645667
20
-4.089698818897638
11
5.5295555118110231
21
-4.0913203543307084
0
LINE
8
BLACK
6
CONTINUOUS
10
5.5295555118110231
20
-4.0913203543307084
11
5.5266929133858262
21
-4.0918897637795277
0
LINE
8
BLACK
6
CONTINUOUS
10
5.5266929133858262
20
-4.0918897637795277
11
5.5133070866141729
21
-4.0918897637795277
0
LINE
8
BLACK
6
CONTINUOUS
10
5.5133070866141729
20
-4.0918897637795277
11
5.510444488188976
21
-4.0913203543307084
0
LINE
8
BLACK
6
CONTINUOUS
10
5.510444488188976
20
-4.0913203543307084
11
5.5080177165354334
21
-4.089698818897638
0
LINE
8
BLACK
6
CONTINUOUS
10
5.5080177165354334
20
-4.089698818897638
11
5.5063961811023621
21
-4.0872720472440944
0
LINE
8
BLACK
6
CONTINUOUS
10
5.5063961811023621
20
-4.0872720472440944
11
5.5058267716535436
21
-4.0844094488188976
0
LINE
8
BLACK
6
CONTINUOUS
10
5.5058267716535436
20
-4.0844094488188976
11
5.5058267716535436
21
-4.0733858267716538
0
LINE
8
BLACK
6
CONTINUOUS
10
5.5058267716535436
20
-4.0733858267716538
11
5.5063961811023621
21
-4.070523228346457
0
LINE
8
BLACK
6
CONTINUOUS
10
5.5063961811023621
20
-4.070523228346457
11
5.5080177165354334
21
-4.0680964566929134
0
LINE
8
BLACK
6
CONTINUOUS
10
5.5080177165354334
20
-4.0680964566929134
11
5.510444488188976
21
-4.0664749212598421
0
LINE
8
BLACK
6
CONTINUOUS
10
5.510444488188976
20
-4.0664749212598421
11
5.5133070866141729
21
-4.0659055118110237
0
LINE
8
BLACK
6
CONTINUOUS
10
5.5133070866141729
20
-4.0659055118110237
11
5.5266929133858262
21
-4.0659055118110237
0
LINE
8
BLACK
6
CONTINUOUS
10
5.5266929133858262
20
-4.0659055118110237
11
5.5295555118110231
21
-4.0664749212598421
0
LINE
8
BLACK
6
CONTINUOUS
10
5.5800707086614176
20
-4.0630347244094489
11
5.5824336614173227
21
-4.0646135826771657
0
LINE
8
BLACK
6
CONTINUOUS
10
5.5824336614173227
20
-4.0646135826771657
11
5.5840125196850394
21
-4.0669765354330707
0
LINE
8
BLACK
6
CONTINUOUS
10
5.5840125196850394
20
-4.0669765354330707
11
5.5845669291338584
21
-4.069763779527559
0
LINE
8
BLACK
6
CONTINUOUS
10
5.5845669291338584
20
-4.069763779527559
11
5.5845669291338584
21
-4.0803937007874014
0
LINE
8
BLACK
6
CONTINUOUS
10
5.5845669291338584
20
-4.0803937007874014
11
5.5840125196850394
21
-4.0831809448818897
0
LINE
8
BLACK
6
CONTINUOUS
10
5.5840125196850394
20
-4.0831809448818897
11
5.5824336614173227
21
-4.0855438976377956
0
LINE
8
BLACK
6
CONTINUOUS
10
5.5824336614173227
20
-4.0855438976377956
11
5.5800707086614176
21
-4.0871227559055114
0
LINE
8
BLACK
6
CONTINUOUS
10
5.5800707086614176
20
-4.0871227559055114
11
5.5772834645669294
21
-4.0876771653543305
0
LINE
8
BLACK
6
CONTINUOUS
10
5.5772834645669294
20
-4.0876771653543305
11
5.5627165354330703
21
-4.0876771653543305
0
LINE
8
BLACK
6
CONTINUOUS
10
5.5627165354330703
20
-4.0876771653543305
11
5.5599292913385829
21
-4.0871227559055114
0
LINE
8
BLACK
6
CONTINUOUS
10
5.5599292913385829
20
-4.0871227559055114
11
5.557566338582677
21
-4.0855438976377956
0
LINE
8
BLACK
6
CONTINUOUS
10
5.557566338582677
20
-4.0855438976377956
11
5.5559874803149603
21
-4.0831809448818897
0
LINE
8
BLACK
6
CONTINUOUS
10
5.5559874803149603
20
-4.0831809448818897
11
5.5554330708661412
21
-4.0803937007874014
0
LINE
8
BLACK
6
CONTINUOUS
10
5.5554330708661412
20
-4.0803937007874014
11
5.5554330708661412
21
-4.069763779527559
0
LINE
8
BLACK
6
CONTINUOUS
10
5.5554330708661412
20
-4.069763779527559
11
5.5559874803149603
21
-4.0669765354330707
0
LINE
8
BLACK
6
CONTINUOUS
10
5.5559874803149603
20
-4.0669765354330707
11
5.557566338582677
21
-4.0646135826771657
0
LINE
8
BLACK
6
CONTINUOUS
10
5.557566338582677
20
-4.0646135826771657
11
5.5599292913385829
21
-4.0630347244094489
0
LINE
8
BLACK
6
CONTINUOUS
10
5.5599292913385829
20
-4.0630347244094489
11
5.5627165354330703
21
-4.0624803149606299
0
LINE
8
BLACK
6
CONTINUOUS
10
5.5627165354330703
20
-4.0624803149606299
11
5.5772834645669294
21
-4.0624803149606299
0
LINE
8
BLACK
6
CONTINUOUS
10
5.5772834645669294
20
-4.0624803149606299
11
5.5800707086614176
21
-4.0630347244094489
0
LINE
8
BLACK
6
CONTINUOUS
10
5.6550707086614169
20
-4.0630347244094489
11
5.6574336614173228
21
-4.0646135826771657
0
LINE
8
BLACK
6
CONTINUOUS
10
5.6574336614173228
20
-4.0646135826771657
11
5.6590125196850396
21
-4.0669765354330707
0
LINE
8
BLACK
6
CONTINUOUS
10
5.6590125196850396
20
-4.0669765354330707
11
5.6595669291338577
21
-4.069763779527559
0
LINE
8
BLACK
6
CONTINUOUS
10
5.6595669291338577
20
-4.069763779527559
11
5.6595669291338577
21
-4.0803937007874014
0
LINE
8
BLACK
6
CONTINUOUS
10
5.6595669291338577
20
-4.0803937007874014
11
5.6590125196850396
21
-4.0831809448818897
0
LINE
8
BLACK
6
CONTINUOUS
10
5.6590125196850396
20
-4.0831809448818897
11
5.6574336614173228
21
-4.0855438976377956
0
LINE
8
BLACK
6
CONTINUOUS
10
5.6574336614173228
20
-4.0855438976377956
11
5.6550707086614169
21
-4.0871227559055114
0
LINE
8
BLACK
6
CONTINUOUS
10
5.6550707086614169
20
-4.0871227559055114
11
5.6522834645669287
21
-4.0876771653543305
0
LINE
8
BLACK
6
CONTINUOUS
10
5.6522834645669287
20
-4.0876771653543305
11
5.6377165354330705
21
-4.0876771653543305
0
LINE
8
BLACK
6
CONTINUOUS
10
5.6377165354330705
20
-4.0876771653543305
11
5.6349292913385822
21
-4.0871227559055114
0
LINE
8
BLACK
6
CONTINUOUS
10
5.6349292913385822
20
-4.0871227559055114
11
5.6325663385826772
21
-4.0855438976377956
0
LINE
8
BLACK
6
CONTINUOUS
10
5.6325663385826772
20
-4.0855438976377956
11
5.6309874803149604
21
-4.0831809448818897
0
LINE
8
BLACK
6
CONTINUOUS
10
5.6309874803149604
20
-4.0831809448818897
11
5.6304330708661414
21
-4.0803937007874014
0
LINE
8
BLACK
6
CONTINUOUS
10
5.6304330708661414
20
-4.0803937007874014
11
5.6304330708661414
21
-4.069763779527559
0
LINE
8
BLACK
6
CONTINUOUS
10
5.6304330708661414
20
-4.069763779527559
11
5.6309874803149604
21
-4.0669765354330707
0
LINE
8
BLACK
6
CONTINUOUS
10
5.6309874803149604
20
-4.0669765354330707
11
5.6325663385826772
21
-4.0646135826771657
0
LINE
8
BLACK
6
CONTINUOUS
10
5.6325663385826772
20
-4.0646135826771657
11
5.6349292913385822
21
-4.0630347244094489
0
LINE
8
BLACK
6
CONTINUOUS
10
5.6349292913385822
20
-4.0630347244094489
11
5.6377165354330705
21
-4.0624803149606299
0
LINE
8
BLACK
6
CONTINUOUS
10
5.6377165354330705
20
-4.0624803149606299
11
5.6522834645669287
21
-4.0624803149606299
0
LINE
8
BLACK
6
CONTINUOUS
10
5.6522834645669287
20
-4.0624803149606299
11
5.6550707086614169
21
-4.0630347244094489
0
LINE
8
BLACK
6
CONTINUOUS
10
5.6995555118110239
20
-4.0594749212598424
11
5.7019822834645666
21
-4.0610964566929129
0
LINE
8
BLACK
6
CONTINUOUS
10
5.7019822834645666
20
-4.0610964566929129
11
5.7036038188976379
21
-4.0635232283464564
0
LINE
8
BLACK
6
CONTINUOUS
10
5.7036038188976379
20
-4.0635232283464564
11
5.7041732283464563
21
-4.0663858267716533
0
LINE
8
BLACK
6
CONTINUOUS
10
5.7041732283464563
20
-4.0663858267716533
11
5.7041732283464563
21
-4.0774094488188979
0
LINE
8
BLACK
6
CONTINUOUS
10
5.7041732283464563
20
-4.0774094488188979
11
5.7036038188976379
21
-4.0802720472440948
0
LINE
8
BLACK
6
CONTINUOUS
10
5.7036038188976379
20
-4.0802720472440948
11
5.7019822834645666
21
-4.0826988188976374
0
LINE
8
BLACK
6
CONTINUOUS
10
5.7019822834645666
20
-4.0826988188976374
11
5.6995555118110239
21
-4.0843203543307087
0
LINE
8
BLACK
6
CONTINUOUS
10
5.6995555118110239
20
-4.0843203543307087
11
5.6966929133858271
21
-4.0848897637795272
0
LINE
8
BLACK
6
CONTINUOUS
10
5.6966929133858271
20
-4.0848897637795272
11
5.6833070866141728
21
-4.0848897637795272
0
LINE
8
BLACK
6
CONTINUOUS
10
5.6833070866141728
20
-4.0848897637795272
11
5.680444488188976
21
-4.0843203543307087
0
LINE
8
BLACK
6
CONTINUOUS
10
5.680444488188976
20
-4.0843203543307087
11
5.6780177165354333
21
-4.0826988188976374
0
LINE
8
BLACK
6
CONTINUOUS
10
5.6780177165354333
20
-4.0826988188976374
11
5.676396181102362
21
-4.0802720472440948
0
LINE
8
BLACK
6
CONTINUOUS
10
5.676396181102362
20
-4.0802720472440948
11
5.6758267716535435
21
-4.0774094488188979
0
LINE
8
BLACK
6
CONTINUOUS
10
5.6758267716535435
20
-4.0774094488188979
11
5.6758267716535435
21
-4.0663858267716533
0
LINE
8
BLACK
6
CONTINUOUS
10
5.6758267716535435
20
-4.0663858267716533
11
5.676396181102362
21
-4.0635232283464564
0
LINE
8
BLACK
6
CONTINUOUS
10
5.676396181102362
20
-4.0635232283464564
11
5.6780177165354333
21
-4.0610964566929129
0
LINE
8
BLACK
6
CONTINUOUS
10
5.6780177165354333
20
-4.0610964566929129
11
5.680444488188976
21
-4.0594749212598424
0
LINE
8
BLACK
6
CONTINUOUS
10
5.680444488188976
20
-4.0594749212598424
11
5.6833070866141728
21
-4.0589055118110231
0
LINE
8
BLACK
6
CONTINUOUS
10
5.6833070866141728
20
-4.0589055118110231
11
5.6966929133858271
21
-4.0589055118110231
0
LINE
8
BLACK
6
CONTINUOUS
10
5.6966929133858271
20
-4.0589055118110231
11
5.6995555118110239
21
-4.0594749212598424
0
LINE
8
BLACK
6
CONTINUOUS
10
5.2027611811023622
20
-4.0519214960629917
11
5.2033998031496065
21
-4.0523482283464567
0
LINE
8
BLACK
6
CONTINUOUS
10
5.2033998031496065
20
-4.0523482283464567
11
5.2038265354330706
21
-4.052986850393701
0
LINE
8
BLACK
6
CONTINUOUS
10
5.2038265354330706
20
-4.052986850393701
11
5.2039763779527561
21
-4.0537401574803145
0
LINE
8
BLACK
6
CONTINUOUS
10
5.2039763779527561
20
-4.0537401574803145
11
5.2039763779527561
21
-4.0694881889763774
0
LINE
8
BLACK
6
CONTINUOUS
10
5.2039763779527561
20
-4.0694881889763774
11
5.2038265354330706
21
-4.0702414960629918
0
LINE
8
BLACK
6
CONTINUOUS
10
5.2038265354330706
20
-4.0702414960629918
11
5.2033998031496065
21
-4.0708801181102361
0
LINE
8
BLACK
6
CONTINUOUS
10
5.2033998031496065
20
-4.0708801181102361
11
5.2027611811023622
21
-4.0713068503937011
0
LINE
8
BLACK
6
CONTINUOUS
10
5.2027611811023622
20
-4.0713068503937011
11
5.2020078740157478
21
-4.0714566929133857
0
LINE
8
BLACK
6
CONTINUOUS
10
5.2020078740157478
20
-4.0714566929133857
11
5.1587007874015747
21
-4.0714566929133857
0
LINE
8
BLACK
6
CONTINUOUS
10
5.1587007874015747
20
-4.0714566929133857
11
5.1579474803149603
21
-4.0713068503937011
0
LINE
8
BLACK
6
CONTINUOUS
10
5.1579474803149603
20
-4.0713068503937011
11
5.157308858267716
21
-4.0708801181102361
0
LINE
8
BLACK
6
CONTINUOUS
10
5.157308858267716
20
-4.0708801181102361
11
5.1568821259842519
21
-4.0702414960629918
0
LINE
8
BLACK
6
CONTINUOUS
10
5.1568821259842519
20
-4.0702414960629918
11
5.1567322834645672
21
-4.0694881889763774
0
LINE
8
BLACK
6
CONTINUOUS
10
5.1567322834645672
20
-4.0694881889763774
11
5.1567322834645672
21
-4.0537401574803145
0
LINE
8
BLACK
6
CONTINUOUS
10
5.1567322834645672
20
-4.0537401574803145
11
5.1568821259842519
21
-4.052986850393701
0
LINE
8
BLACK
6
CONTINUOUS
10
5.1568821259842519
20
-4.052986850393701
11
5.157308858267716
21
-4.0523482283464567
0
LINE
8
BLACK
6
CONTINUOUS
10
5.157308858267716
20
-4.0523482283464567
11
5.1579474803149603
21
-4.0519214960629917
0
LINE
8
BLACK
6
CONTINUOUS
10
5.1579474803149603
20
-4.0519214960629917
11
5.1587007874015747
21
-4.051771653543307
0
LINE
8
BLACK
6
CONTINUOUS
10
5.1587007874015747
20
-4.051771653543307
11
5.2020078740157478
21
-4.051771653543307
0
LINE
8
BLACK
6
CONTINUOUS
10
5.2020078740157478
20
-4.051771653543307
11
5.2027611811023622
21
-4.0519214960629917
0
LINE
8
BLACK
6
CONTINUOUS
10
5.3720525196850391
20
-4.0519214960629917
11
5.3726911417322833
21
-4.0523482283464567
0
LINE
8
BLACK
6
CONTINUOUS
10
5.3726911417322833
20
-4.0523482283464567
11
5.3731178740157475
21
-4.052986850393701
0
LINE
8
BLACK
6
CONTINUOUS
10
5.3731178740157475
20
-4.052986850393701
11
5.373267716535433
21
-4.0537401574803145
0
LINE
8
BLACK
6
CONTINUOUS
10
5.373267716535433
20
-4.0537401574803145
11
5.373267716535433
21
-4.0694881889763774
0
LINE
8
BLACK
6
CONTINUOUS
10
5.373267716535433
20
-4.0694881889763774
11
5.3731178740157475
21
-4.0702414960629918
0
LINE
8
BLACK
6
CONTINUOUS
10
5.3731178740157475
20
-4.0702414960629918
11
5.3726911417322833
21
-4.0708801181102361
0
LINE
8
BLACK
6
CONTINUOUS
10
5.3726911417322833
20
-4.0708801181102361
11
5.3720525196850391
21
-4.0713068503937011
0
LINE
8
BLACK
6
CONTINUOUS
10
5.3720525196850391
20
-4.0713068503937011
11
5.3712992125984247
21
-4.0714566929133857
0
LINE
8
BLACK
6
CONTINUOUS
10
5.3712992125984247
20
-4.0714566929133857
11
5.3279921259842515
21
-4.0714566929133857
0
LINE
8
BLACK
6
CONTINUOUS
10
5.3279921259842515
20
-4.0714566929133857
11
5.3272388188976381
21
-4.0713068503937011
0
LINE
8
BLACK
6
CONTINUOUS
10
5.3272388188976381
20
-4.0713068503937011
11
5.3266001968503938
21
-4.0708801181102361
0
LINE
8
BLACK
6
CONTINUOUS
10
5.3266001968503938
20
-4.0708801181102361
11
5.3261734645669288
21
-4.0702414960629918
0
LINE
8
BLACK
6
CONTINUOUS
10
5.3261734645669288
20
-4.0702414960629918
11
5.3260236220472441
21
-4.0694881889763774
0
LINE
8
BLACK
6
CONTINUOUS
10
5.3260236220472441
20
-4.0694881889763774
11
5.3260236220472441
21
-4.0537401574803145
0
LINE
8
BLACK
6
CONTINUOUS
10
5.3260236220472441
20
-4.0537401574803145
11
5.3261734645669288
21
-4.052986850393701
0
LINE
8
BLACK
6
CONTINUOUS
10
5.3261734645669288
20
-4.052986850393701
11
5.3266001968503938
21
-4.0523482283464567
0
LINE
8
BLACK
6
CONTINUOUS
10
5.3266001968503938
20
-4.0523482283464567
11
5.3272388188976381
21
-4.0519214960629917
0
LINE
8
BLACK
6
CONTINUOUS
10
5.3272388188976381
20
-4.0519214960629917
11
5.3279921259842515
21
-4.051771653543307
0
LINE
8
BLACK
6
CONTINUOUS
10
5.3279921259842515
20
-4.051771653543307
11
5.3712992125984247
21
-4.051771653543307
0
LINE
8
BLACK
6
CONTINUOUS
10
5.3712992125984247
20
-4.051771653543307
11
5.3720525196850391
21
-4.0519214960629917
0
LINE
8
BLACK
6
CONTINUOUS
10
4.9344540944881885
20
-3.9842443307086612
11
4.9350927165354328
21
-3.9846710629921258
0
LINE
8
BLACK
6
CONTINUOUS
10
4.9350927165354328
20
-3.9846710629921258
11
4.9355194488188978
21
-3.9853096850393701
0
LINE
8
BLACK
6
CONTINUOUS
10
4.9355194488188978
20
-3.9853096850393701
11
4.9356692913385825
21
-3.986062992125984
0
LINE
8
BLACK
6
CONTINUOUS
10
4.9356692913385825
20
-3.986062992125984
11
4.9356692913385825
21
-4.0648031496062993
0
LINE
8
BLACK
6
CONTINUOUS
10
4.9356692913385825
20
-4.0648031496062993
11
4.9355194488188978
21
-4.0655564566929137
0
LINE
8
BLACK
6
CONTINUOUS
10
4.9355194488188978
20
-4.0655564566929137
11
4.9350927165354328
21
-4.0661950787401571
0
LINE
8
BLACK
6
CONTINUOUS
10
4.9350927165354328
20
-4.0661950787401571
11
4.9344540944881885
21
-4.0666218110236221
0
LINE
8
BLACK
6
CONTINUOUS
10
4.9344540944881885
20
-4.0666218110236221
11
4.933700787401575
21
-4.0667716535433067
0
LINE
8
BLACK
6
CONTINUOUS
10
4.933700787401575
20
-4.0667716535433067
11
4.9140157480314963
21
-4.0667716535433067
0
LINE
8
BLACK
6
CONTINUOUS
10
4.9140157480314963
20
-4.0667716535433067
11
4.913262440944882
21
-4.0666218110236221
0
LINE
8
BLACK
6
CONTINUOUS
10
4.913262440944882
20
-4.0666218110236221
11
4.9126238188976377
21
-4.0661950787401571
0
LINE
8
BLACK
6
CONTINUOUS
10
4.9126238188976377
20
-4.0661950787401571
11
4.9121970866141735
21
-4.0655564566929137
0
LINE
8
BLACK
6
CONTINUOUS
10
4.9121970866141735
20
-4.0655564566929137
11
4.912047244094488
21
-4.0648031496062993
0
LINE
8
BLACK
6
CONTINUOUS
10
4.912047244094488
20
-4.0648031496062993
11
4.912047244094488
21
-3.986062992125984
0
LINE
8
BLACK
6
CONTINUOUS
10
4.912047244094488
20
-3.986062992125984
11
4.9121970866141735
21
-3.9853096850393701
0
LINE
8
BLACK
6
CONTINUOUS
10
4.9121970866141735
20
-3.9853096850393701
11
4.9126238188976377
21
-3.9846710629921258
0
LINE
8
BLACK
6
CONTINUOUS
10
4.9126238188976377
20
-3.9846710629921258
11
4.913262440944882
21
-3.9842443307086612
0
LINE
8
BLACK
6
CONTINUOUS
10
4.913262440944882
20
-3.9842443307086612
11
4.9140157480314963
21
-3.9840944881889762
0
LINE
8
BLACK
6
CONTINUOUS
10
4.9140157480314963
20
-3.9840944881889762
11
4.933700787401575
21
-3.9840944881889762
0
LINE
8
BLACK
6
CONTINUOUS
10
4.933700787401575
20
-3.9840944881889762
11
4.9344540944881885
21
-3.9842443307086612
0
LINE
8
BLACK
6
CONTINUOUS
10
4.9738241732283459
20
-3.9842443307086612
11
4.9744627952755902
21
-3.9846710629921258
0
LINE
8
BLACK
6
CONTINUOUS
10
4.9744627952755902
20
-3.9846710629921258
11
4.9748895275590552
21
-3.9853096850393701
0
LINE
8
BLACK
6
CONTINUOUS
10
4.9748895275590552
20
-3.9853096850393701
11
4.9750393700787399
21
-3.986062992125984
0
LINE
8
BLACK
6
CONTINUOUS
10
4.9750393700787399
20
-3.986062992125984
11
4.9750393700787399
21
-4.0648031496062993
0
LINE
8
BLACK
6
CONTINUOUS
10
4.9750393700787399
20
-4.0648031496062993
11
4.9748895275590552
21
-4.0655564566929137
0
LINE
8
BLACK
6
CONTINUOUS
10
4.9748895275590552
20
-4.0655564566929137
11
4.9744627952755902
21
-4.0661950787401571
0
LINE
8
BLACK
6
CONTINUOUS
10
4.9744627952755902
20
-4.0661950787401571
11
4.9738241732283459
21
-4.0666218110236221
0
LINE
8
BLACK
6
CONTINUOUS
10
4.9738241732283459
20
-4.0666218110236221
11
4.9730708661417324
21
-4.0667716535433067
0
LINE
8
BLACK
6
CONTINUOUS
10
4.9730708661417324
20
-4.0667716535433067
11
4.9533858267716537
21
-4.0667716535433067
0
LINE
8
BLACK
6
CONTINUOUS
10
4.9533858267716537
20
-4.0667716535433067
11
4.9526325196850394
21
-4.0666218110236221
0
LINE
8
BLACK
6
CONTINUOUS
10
4.9526325196850394
20
-4.0666218110236221
11
4.9519938976377951
21
-4.0661950787401571
0
LINE
8
BLACK
6
CONTINUOUS
10
4.9519938976377951
20
-4.0661950787401571
11
4.9515671653543309
21
-4.0655564566929137
0
LINE
8
BLACK
6
CONTINUOUS
10
4.9515671653543309
20
-4.0655564566929137
11
4.9514173228346454
21
-4.0648031496062993
0
LINE
8
BLACK
6
CONTINUOUS
10
4.9514173228346454
20
-4.0648031496062993
11
4.9514173228346454
21
-3.986062992125984
0
LINE
8
BLACK
6
CONTINUOUS
10
4.9514173228346454
20
-3.986062992125984
11
4.9515671653543309
21
-3.9853096850393701
0
LINE
8
BLACK
6
CONTINUOUS
10
4.9515671653543309
20
-3.9853096850393701
11
4.9519938976377951
21
-3.9846710629921258
0
LINE
8
BLACK
6
CONTINUOUS
10
4.9519938976377951
20
-3.9846710629921258
11
4.9526325196850394
21
-3.9842443307086612
0
LINE
8
BLACK
6
CONTINUOUS
10
4.9526325196850394
20
-3.9842443307086612
11
4.9533858267716537
21
-3.9840944881889762
0
LINE
8
BLACK
6
CONTINUOUS
10
4.9533858267716537
20
-3.9840944881889762
11
4.9730708661417324
21
-3.9840944881889762
0
LINE
8
BLACK
6
CONTINUOUS
10
4.9730708661417324
20
-3.9840944881889762
11
4.9738241732283459
21
-3.9842443307086612
0
LINE
8
BLACK
6
CONTINUOUS
10
5.0131942519685042
20
-3.9842443307086612
11
5.0138328740157476
21
-3.9846710629921258
0
LINE
8
BLACK
6
CONTINUOUS
10
5.0138328740157476
20
-3.9846710629921258
11
5.0142596062992126
21
-3.9853096850393701
0
LINE
8
BLACK
6
CONTINUOUS
10
5.0142596062992126
20
-3.9853096850393701
11
5.0144094488188973
21
-3.986062992125984
0
LINE
8
BLACK
6
CONTINUOUS
10
5.0144094488188973
20
-3.986062992125984
11
5.0144094488188973
21
-4.0648031496062993
0
LINE
8
BLACK
6
CONTINUOUS
10
5.0144094488188973
20
-4.0648031496062993
11
5.0142596062992126
21
-4.0655564566929137
0
LINE
8
BLACK
6
CONTINUOUS
10
5.0142596062992126
20
-4.0655564566929137
11
5.0138328740157476
21
-4.0661950787401571
0
LINE
8
BLACK
6
CONTINUOUS
10
5.0138328740157476
20
-4.0661950787401571
11
5.0131942519685042
21
-4.0666218110236221
0
LINE
8
BLACK
6
CONTINUOUS
10
5.0131942519685042
20
-4.0666218110236221
11
5.0124409448818898
21
-4.0667716535433067
0
LINE
8
BLACK
6
CONTINUOUS
10
5.0124409448818898
20
-4.0667716535433067
11
4.9927559055118111
21
-4.0667716535433067
0
LINE
8
BLACK
6
CONTINUOUS
10
4.9927559055118111
20
-4.0667716535433067
11
4.9920025984251968
21
-4.0666218110236221
0
LINE
8
BLACK
6
CONTINUOUS
10
4.9920025984251968
20
-4.0666218110236221
11
4.9913639763779525
21
-4.0661950787401571
0
LINE
8
BLACK
6
CONTINUOUS
10
4.9913639763779525
20
-4.0661950787401571
11
4.9909372440944884
21
-4.0655564566929137
0
LINE
8
BLACK
6
CONTINUOUS
10
4.9909372440944884
20
-4.0655564566929137
11
4.9907874015748028
21
-4.0648031496062993
0
LINE
8
BLACK
6
CONTINUOUS
10
4.9907874015748028
20
-4.0648031496062993
11
4.9907874015748028
21
-3.986062992125984
0
LINE
8
BLACK
6
CONTINUOUS
10
4.9907874015748028
20
-3.986062992125984
11
4.9909372440944884
21
-3.9853096850393701
0
LINE
8
BLACK
6
CONTINUOUS
10
4.9909372440944884
20
-3.9853096850393701
11
4.9913639763779525
21
-3.9846710629921258
0
LINE
8
BLACK
6
CONTINUOUS
10
4.9913639763779525
20
-3.9846710629921258
11
4.9920025984251968
21
-3.9842443307086612
0
LINE
8
BLACK
6
CONTINUOUS
10
4.9920025984251968
20
-3.9842443307086612
11
4.9927559055118111
21
-3.9840944881889762
0
LINE
8
BLACK
6
CONTINUOUS
10
4.9927559055118111
20
-3.9840944881889762
11
5.0124409448818898
21
-3.9840944881889762
0
LINE
8
BLACK
6
CONTINUOUS
10
5.0124409448818898
20
-3.9840944881889762
11
5.0131942519685042
21
-3.9842443307086612
0
LINE
8
BLACK
6
CONTINUOUS
10
5.0525643307086616
20
-3.9842443307086612
11
5.053202952755905
21
-3.9846710629921258
0
LINE
8
BLACK
6
CONTINUOUS
10
5.053202952755905
20
-3.9846710629921258
11
5.05362968503937
21
-3.9853096850393701
0
LINE
8
BLACK
6
CONTINUOUS
10
5.05362968503937
20
-3.9853096850393701
11
5.0537795275590547
21
-3.986062992125984
0
LINE
8
BLACK
6
CONTINUOUS
10
5.0537795275590547
20
-3.986062992125984
11
5.0537795275590547
21
-4.0648031496062993
0
LINE
8
BLACK
6
CONTINUOUS
10
5.0537795275590547
20
-4.0648031496062993
11
5.05362968503937
21
-4.0655564566929137
0
LINE
8
BLACK
6
CONTINUOUS
10
5.05362968503937
20
-4.0655564566929137
11
5.053202952755905
21
-4.0661950787401571
0
LINE
8
BLACK
6
CONTINUOUS
10
5.053202952755905
20
-4.0661950787401571
11
5.0525643307086616
21
-4.0666218110236221
0
LINE
8
BLACK
6
CONTINUOUS
10
5.0525643307086616
20
-4.0666218110236221
11
5.0518110236220473
21
-4.0667716535433067
0
LINE
8
BLACK
6
CONTINUOUS
10
5.0518110236220473
20
-4.0667716535433067
11
5.0321259842519686
21
-4.0667716535433067
0
LINE
8
BLACK
6
CONTINUOUS
10
5.0321259842519686
20
-4.0667716535433067
11
5.0313726771653542
21
-4.0666218110236221
0
LINE
8
BLACK
6
CONTINUOUS
10
5.0313726771653542
20
-4.0666218110236221
11
5.0307340551181099
21
-4.0661950787401571
0
LINE
8
BLACK
6
CONTINUOUS
10
5.0307340551181099
20
-4.0661950787401571
11
5.0303073228346458
21
-4.0655564566929137
0
LINE
8
BLACK
6
CONTINUOUS
10
5.0303073228346458
20
-4.0655564566929137
11
5.0301574803149602
21
-4.0648031496062993
0
LINE
8
BLACK
6
CONTINUOUS
10
5.0301574803149602
20
-4.0648031496062993
11
5.0301574803149602
21
-3.986062992125984
0
LINE
8
BLACK
6
CONTINUOUS
10
5.0301574803149602
20
-3.986062992125984
11
5.0303073228346458
21
-3.9853096850393701
0
LINE
8
BLACK
6
CONTINUOUS
10
5.0303073228346458
20
-3.9853096850393701
11
5.0307340551181099
21
-3.9846710629921258
0
LINE
8
BLACK
6
CONTINUOUS
10
5.0307340551181099
20
-3.9846710629921258
11
5.0313726771653542
21
-3.9842443307086612
0
LINE
8
BLACK
6
CONTINUOUS
10
5.0313726771653542
20
-3.9842443307086612
11
5.0321259842519686
21
-3.9840944881889762
0
LINE
8
BLACK
6
CONTINUOUS
10
5.0321259842519686
20
-3.9840944881889762
11
5.0518110236220473
21
-3.9840944881889762
0
LINE
8
BLACK
6
CONTINUOUS
10
5.0518110236220473
20
-3.9840944881889762
11
5.0525643307086616
21
-3.9842443307086612
0
LINE
8
BLACK
6
CONTINUOUS
10
5.091934409448819
20
-3.9842443307086612
11
5.0925730314960624
21
-3.9846710629921258
0
LINE
8
BLACK
6
CONTINUOUS
10
5.0925730314960624
20
-3.9846710629921258
11
5.0929997637795275
21
-3.9853096850393701
0
LINE
8
BLACK
6
CONTINUOUS
10
5.0929997637795275
20
-3.9853096850393701
11
5.0931496062992121
21
-3.986062992125984
0
LINE
8
BLACK
6
CONTINUOUS
10
5.0931496062992121
20
-3.986062992125984
11
5.0931496062992121
21
-4.0648031496062993
0
LINE
8
BLACK
6
CONTINUOUS
10
5.0931496062992121
20
-4.0648031496062993
11
5.0929997637795275
21
-4.0655564566929137
0
LINE
8
BLACK
6
CONTINUOUS
10
5.0929997637795275
20
-4.0655564566929137
11
5.0925730314960624
21
-4.0661950787401571
0
LINE
8
BLACK
6
CONTINUOUS
10
5.0925730314960624
20
-4.0661950787401571
11
5.091934409448819
21
-4.0666218110236221
0
LINE
8
BLACK
6
CONTINUOUS
10
5.091934409448819
20
-4.0666218110236221
11
5.0911811023622047
21
-4.0667716535433067
0
LINE
8
BLACK
6
CONTINUOUS
10
5.0911811023622047
20
-4.0667716535433067
11
5.071496062992126
21
-4.0667716535433067
0
LINE
8
BLACK
6
CONTINUOUS
10
5.071496062992126
20
-4.0667716535433067
11
5.0707427559055116
21
-4.0666218110236221
0
LINE
8
BLACK
6
CONTINUOUS
10
5.0707427559055116
20
-4.0666218110236221
11
5.0701041338582673
21
-4.0661950787401571
0
LINE
8
BLACK
6
CONTINUOUS
10
5.0701041338582673
20
-4.0661950787401571
11
5.0696774015748032
21
-4.0655564566929137
0
LINE
8
BLACK
6
CONTINUOUS
10
5.0696774015748032
20
-4.0655564566929137
11
5.0695275590551176
21
-4.0648031496062993
0
LINE
8
BLACK
6
CONTINUOUS
10
5.0695275590551176
20
-4.0648031496062993
11
5.0695275590551176
21
-3.986062992125984
0
LINE
8
BLACK
6
CONTINUOUS
10
5.0695275590551176
20
-3.986062992125984
11
5.0696774015748032
21
-3.9853096850393701
0
LINE
8
BLACK
6
CONTINUOUS
10
5.0696774015748032
20
-3.9853096850393701
11
5.0701041338582673
21
-3.9846710629921258
0
LINE
8
BLACK
6
CONTINUOUS
10
5.0701041338582673
20
-3.9846710629921258
11
5.0707427559055116
21
-3.9842443307086612
0
LINE
8
BLACK
6
CONTINUOUS
10
5.0707427559055116
20
-3.9842443307086612
11
5.071496062992126
21
-3.9840944881889762
0
LINE
8
BLACK
6
CONTINUOUS
10
5.071496062992126
20
-3.9840944881889762
11
5.0911811023622047
21
-3.9840944881889762
0
LINE
8
BLACK
6
CONTINUOUS
10
5.0911811023622047
20
-3.9840944881889762
11
5.091934409448819
21
-3.9842443307086612
0
LINE
8
BLACK
6
CONTINUOUS
10
5.5295555118110231
20
-4.0286796456692908
11
5.5319822834645667
21
-4.0303011811023621
0
LINE
8
BLACK
6
CONTINUOUS
10
5.5319822834645667
20
-4.0303011811023621
11
5.533603818897638
21
-4.0327279527559057
0
LINE
8
BLACK
6
CONTINUOUS
10
5.533603818897638
20
-4.0327279527559057
11
5.5341732283464564
21
-4.0355905511811025
0
LINE
8
BLACK
6
CONTINUOUS
10
5.5341732283464564
20
-4.0355905511811025
11
5.5341732283464564
21
-4.0466141732283463
0
LINE
8
BLACK
6
CONTINUOUS
10
5.5341732283464564
20
-4.0466141732283463
11
5.533603818897638
21
-4.0494767716535431
0
LINE
8
BLACK
6
CONTINUOUS
10
5.533603818897638
20
-4.0494767716535431
11
5.5319822834645667
21
-4.0519035433070867
0
LINE
8
BLACK
6
CONTINUOUS
10
5.5319822834645667
20
-4.0519035433070867
11
5.5295555118110231
21
-4.0535250787401571
0
LINE
8
BLACK
6
CONTINUOUS
10
5.5295555118110231
20
-4.0535250787401571
11
5.5266929133858262
21
-4.0540944881889764
0
LINE
8
BLACK
6
CONTINUOUS
10
5.5266929133858262
20
-4.0540944881889764
11
5.5133070866141729
21
-4.0540944881889764
0
LINE
8
BLACK
6
CONTINUOUS
10
5.5133070866141729
20
-4.0540944881889764
11
5.510444488188976
21
-4.0535250787401571
0
LINE
8
BLACK
6
CONTINUOUS
10
5.510444488188976
20
-4.0535250787401571
11
5.5080177165354334
21
-4.0519035433070867
0
LINE
8
BLACK
6
CONTINUOUS
10
5.5080177165354334
20
-4.0519035433070867
11
5.5063961811023621
21
-4.0494767716535431
0
LINE
8
BLACK
6
CONTINUOUS
10
5.5063961811023621
20
-4.0494767716535431
11
5.5058267716535436
21
-4.0466141732283463
0
LINE
8
BLACK
6
CONTINUOUS
10
5.5058267716535436
20
-4.0466141732283463
11
5.5058267716535436
21
-4.0355905511811025
0
LINE
8
BLACK
6
CONTINUOUS
10
5.5058267716535436
20
-4.0355905511811025
11
5.5063961811023621
21
-4.0327279527559057
0
LINE
8
BLACK
6
CONTINUOUS
10
5.5063961811023621
20
-4.0327279527559057
11
5.5080177165354334
21
-4.0303011811023621
0
LINE
8
BLACK
6
CONTINUOUS
10
5.5080177165354334
20
-4.0303011811023621
11
5.510444488188976
21
-4.0286796456692908
0
LINE
8
BLACK
6
CONTINUOUS
10
5.510444488188976
20
-4.0286796456692908
11
5.5133070866141729
21
-4.0281102362204724
0
LINE
8
BLACK
6
CONTINUOUS
10
5.5133070866141729
20
-4.0281102362204724
11
5.5266929133858262
21
-4.0281102362204724
0
LINE
8
BLACK
6
CONTINUOUS
10
5.5266929133858262
20
-4.0281102362204724
11
5.5295555118110231
21
-4.0286796456692908
0
LINE
8
BLACK
6
CONTINUOUS
10
5.4195555118110237
20
-4.0264749212598421
11
5.4219822834645672
21
-4.0280964566929134
0
LINE
8
BLACK
6
CONTINUOUS
10
5.4219822834645672
20
-4.0280964566929134
11
5.4236038188976377
21
-4.0305232283464569
0
LINE
8
BLACK
6
CONTINUOUS
10
5.4236038188976377
20
-4.0305232283464569
11
5.424173228346457
21
-4.0333858267716538
0
LINE
8
BLACK
6
CONTINUOUS
10
5.424173228346457
20
-4.0333858267716538
11
5.424173228346457
21
-4.0444094488188975
0
LINE
8
BLACK
6
CONTINUOUS
10
5.424173228346457
20
-4.0444094488188975
11
5.4236038188976377
21
-4.0472720472440944
0
LINE
8
BLACK
6
CONTINUOUS
10
5.4236038188976377
20
-4.0472720472440944
11
5.4219822834645672
21
-4.0496988188976379
0
LINE
8
BLACK
6
CONTINUOUS
10
5.4219822834645672
20
-4.0496988188976379
11
5.4195555118110237
21
-4.0513203543307084
0
LINE
8
BLACK
6
CONTINUOUS
10
5.4195555118110237
20
-4.0513203543307084
11
5.4166929133858268
21
-4.0518897637795277
0
LINE
8
BLACK
6
CONTINUOUS
10
5.4166929133858268
20
-4.0518897637795277
11
5.4033070866141735
21
-4.0518897637795277
0
LINE
8
BLACK
6
CONTINUOUS
10
5.4033070866141735
20
-4.0518897637795277
11
5.4004444881889766
21
-4.0513203543307084
0
LINE
8
BLACK
6
CONTINUOUS
10
5.4004444881889766
20
-4.0513203543307084
11
5.3980177165354331
21
-4.0496988188976379
0
LINE
8
BLACK
6
CONTINUOUS
10
5.3980177165354331
20
-4.0496988188976379
11
5.3963961811023617
21
-4.0472720472440944
0
LINE
8
BLACK
6
CONTINUOUS
10
5.3963961811023617
20
-4.0472720472440944
11
5.3958267716535433
21
-4.0444094488188975
0
LINE
8
BLACK
6
CONTINUOUS
10
5.3958267716535433
20
-4.0444094488188975
11
5.3958267716535433
21
-4.0333858267716538
0
LINE
8
BLACK
6
CONTINUOUS
10
5.3958267716535433
20
-4.0333858267716538
11
5.3963961811023617
21
-4.0305232283464569
0
LINE
8
BLACK
6
CONTINUOUS
10
5.3963961811023617
20
-4.0305232283464569
11
5.3980177165354331
21
-4.0280964566929134
0
LINE
8
BLACK
6
CONTINUOUS
10
5.3980177165354331
20
-4.0280964566929134
11
5.4004444881889766
21
-4.0264749212598421
0
LINE
8
BLACK
6
CONTINUOUS
10
5.4004444881889766
20
-4.0264749212598421
11
5.4033070866141735
21
-4.0259055118110236
0
LINE
8
BLACK
6
CONTINUOUS
10
5.4033070866141735
20
-4.0259055118110236
11
5.4166929133858268
21
-4.0259055118110236
0
LINE
8
BLACK
6
CONTINUOUS
10
5.4166929133858268
20
-4.0259055118110236
11
5.4195555118110237
21
-4.0264749212598421
0
LINE
8
BLACK
6
CONTINUOUS
10
5.5800707086614176
20
-4.022877244094488
11
5.5824336614173227
21
-4.0244561023622047
0
LINE
8
BLACK
6
CONTINUOUS
10
5.5824336614173227
20
-4.0244561023622047
11
5.5840125196850394
21
-4.0268190551181098
0
LINE
8
BLACK
6
CONTINUOUS
10
5.5840125196850394
20
-4.0268190551181098
11
5.5845669291338584
21
-4.0296062992125981
0
LINE
8
BLACK
6
CONTINUOUS
10
5.5845669291338584
20
-4.0296062992125981
11
5.5845669291338584
21
-4.0402362204724405
0
LINE
8
BLACK
6
CONTINUOUS
10
5.5845669291338584
20
-4.0402362204724405
11
5.5840125196850394
21
-4.0430234645669287
0
LINE
8
BLACK
6
CONTINUOUS
10
5.5840125196850394
20
-4.0430234645669287
11
5.5824336614173227
21
-4.0453864173228347
0
LINE
8
BLACK
6
CONTINUOUS
10
5.5824336614173227
20
-4.0453864173228347
11
5.5800707086614176
21
-4.0469652755905514
0
LINE
8
BLACK
6
CONTINUOUS
10
5.5800707086614176
20
-4.0469652755905514
11
5.5772834645669294
21
-4.0475196850393704
0
LINE
8
BLACK
6
CONTINUOUS
10
5.5772834645669294
20
-4.0475196850393704
11
5.5627165354330703
21
-4.0475196850393704
0
LINE
8
BLACK
6
CONTINUOUS
10
5.5627165354330703
20
-4.0475196850393704
11
5.5599292913385829
21
-4.0469652755905514
0
LINE
8
BLACK
6
CONTINUOUS
10
5.5599292913385829
20
-4.0469652755905514
11
5.557566338582677
21
-4.0453864173228347
0
LINE
8
BLACK
6
CONTINUOUS
10
5.557566338582677
20
-4.0453864173228347
11
5.5559874803149603
21
-4.0430234645669287
0
LINE
8
BLACK
6
CONTINUOUS
10
5.5559874803149603
20
-4.0430234645669287
11
5.5554330708661412
21
-4.0402362204724405
0
LINE
8
BLACK
6
CONTINUOUS
10
5.5554330708661412
20
-4.0402362204724405
11
5.5554330708661412
21
-4.0296062992125981
0
LINE
8
BLACK
6
CONTINUOUS
10
5.5554330708661412
20
-4.0296062992125981
11
5.5559874803149603
21
-4.0268190551181098
0
LINE
8
BLACK
6
CONTINUOUS
10
5.5559874803149603
20
-4.0268190551181098
11
5.557566338582677
21
-4.0244561023622047
0
LINE
8
BLACK
6
CONTINUOUS
10
5.557566338582677
20
-4.0244561023622047
11
5.5599292913385829
21
-4.022877244094488
0
LINE
8
BLACK
6
CONTINUOUS
10
5.5599292913385829
20
-4.022877244094488
11
5.5627165354330703
21
-4.022322834645669
0
LINE
8
BLACK
6
CONTINUOUS
10
5.5627165354330703
20
-4.022322834645669
11
5.5772834645669294
21
-4.022322834645669
0
LINE
8
BLACK
6
CONTINUOUS
10
5.5772834645669294
20
-4.022322834645669
11
5.5800707086614176
21
-4.022877244094488
0
LINE
8
BLACK
6
CONTINUOUS
10
5.6550707086614169
20
-4.022877244094488
11
5.6574336614173228
21
-4.0244561023622047
0
LINE
8
BLACK
6
CONTINUOUS
10
5.6574336614173228
20
-4.0244561023622047
11
5.6590125196850396
21
-4.0268190551181098
0
LINE
8
BLACK
6
CONTINUOUS
10
5.6590125196850396
20
-4.0268190551181098
11
5.6595669291338577
21
-4.0296062992125981
0
LINE
8
BLACK
6
CONTINUOUS
10
5.6595669291338577
20
-4.0296062992125981
11
5.6595669291338577
21
-4.0402362204724405
0
LINE
8
BLACK
6
CONTINUOUS
10
5.6595669291338577
20
-4.0402362204724405
11
5.6590125196850396
21
-4.0430234645669287
0
LINE
8
BLACK
6
CONTINUOUS
10
5.6590125196850396
20
-4.0430234645669287
11
5.6574336614173228
21
-4.0453864173228347
0
LINE
8
BLACK
6
CONTINUOUS
10
5.6574336614173228
20
-4.0453864173228347
11
5.6550707086614169
21
-4.0469652755905514
0
LINE
8
BLACK
6
CONTINUOUS
10
5.6550707086614169
20
-4.0469652755905514
11
5.6522834645669287
21
-4.0475196850393704
0
LINE
8
BLACK
6
CONTINUOUS
10
5.6522834645669287
20
-4.0475196850393704
11
5.6377165354330705
21
-4.0475196850393704
0
LINE
8
BLACK
6
CONTINUOUS
10
5.6377165354330705
20
-4.0475196850393704
11
5.6349292913385822
21
-4.0469652755905514
0
LINE
8
BLACK
6
CONTINUOUS
10
5.6349292913385822
20
-4.0469652755905514
11
5.6325663385826772
21
-4.0453864173228347
0
LINE
8
BLACK
6
CONTINUOUS
10
5.6325663385826772
20
-4.0453864173228347
11
5.6309874803149604
21
-4.0430234645669287
0
LINE
8
BLACK
6
CONTINUOUS
10
5.6309874803149604
20
-4.0430234645669287
11
5.6304330708661414
21
-4.0402362204724405
0
LINE
8
BLACK
6
CONTINUOUS
10
5.6304330708661414
20
-4.0402362204724405
11
5.6304330708661414
21
-4.0296062992125981
0
LINE
8
BLACK
6
CONTINUOUS
10
5.6304330708661414
20
-4.0296062992125981
11
5.6309874803149604
21
-4.0268190551181098
0
LINE
8
BLACK
6
CONTINUOUS
10
5.6309874803149604
20
-4.0268190551181098
11
5.6325663385826772
21
-4.0244561023622047
0
LINE
8
BLACK
6
CONTINUOUS
10
5.6325663385826772
20
-4.0244561023622047
11
5.6349292913385822
21
-4.022877244094488
0
LINE
8
BLACK
6
CONTINUOUS
10
5.6349292913385822
20
-4.022877244094488
11
5.6377165354330705
21
-4.022322834645669
0
LINE
8
BLACK
6
CONTINUOUS
10
5.6377165354330705
20
-4.022322834645669
11
5.6522834645669287
21
-4.022322834645669
0
LINE
8
BLACK
6
CONTINUOUS
10
5.6522834645669287
20
-4.022322834645669
11
5.6550707086614169
21
-4.022877244094488
0
LINE
8
BLACK
6
CONTINUOUS
10
5.6995555118110239
20
-4.0216796456692911
11
5.7019822834645666
21
-4.0233011811023625
0
LINE
8
BLACK
6
CONTINUOUS
10
5.7019822834645666
20
-4.0233011811023625
11
5.7036038188976379
21
-4.0257279527559051
0
LINE
8
BLACK
6
CONTINUOUS
10
5.7036038188976379
20
-4.0257279527559051
11
5.7041732283464563
21
-4.028590551181102
0
LINE
8
BLACK
6
CONTINUOUS
10
5.7041732283464563
20
-4.028590551181102
11
5.7041732283464563
21
-4.0396141732283466
0
LINE
8
BLACK
6
CONTINUOUS
10
5.7041732283464563
20
-4.0396141732283466
11
5.7036038188976379
21
-4.0424767716535435
0
LINE
8
BLACK
6
CONTINUOUS
10
5.7036038188976379
20
-4.0424767716535435
11
5.7019822834645666
21
-4.0449035433070861
0
LINE
8
BLACK
6
CONTINUOUS
10
5.7019822834645666
20
-4.0449035433070861
11
5.6995555118110239
21
-4.0465250787401574
0
LINE
8
BLACK
6
CONTINUOUS
10
5.6995555118110239
20
-4.0465250787401574
11
5.6966929133858271
21
-4.0470944881889759
0
LINE
8
BLACK
6
CONTINUOUS
10
5.6966929133858271
20
-4.0470944881889759
11
5.6833070866141728
21
-4.0470944881889759
0
LINE
8
BLACK
6
CONTINUOUS
10
5.6833070866141728
20
-4.0470944881889759
11
5.680444488188976
21
-4.0465250787401574
0
LINE
8
BLACK
6
CONTINUOUS
10
5.680444488188976
20
-4.0465250787401574
11
5.6780177165354333
21
-4.0449035433070861
0
LINE
8
BLACK
6
CONTINUOUS
10
5.6780177165354333
20
-4.0449035433070861
11
5.676396181102362
21
-4.0424767716535435
0
LINE
8
BLACK
6
CONTINUOUS
10
5.676396181102362
20
-4.0424767716535435
11
5.6758267716535435
21
-4.0396141732283466
0
LINE
8
BLACK
6
CONTINUOUS
10
5.6758267716535435
20
-4.0396141732283466
11
5.6758267716535435
21
-4.028590551181102
0
LINE
8
BLACK
6
CONTINUOUS
10
5.6758267716535435
20
-4.028590551181102
11
5.676396181102362
21
-4.0257279527559051
0
LINE
8
BLACK
6
CONTINUOUS
10
5.676396181102362
20
-4.0257279527559051
11
5.6780177165354333
21
-4.0233011811023625
0
LINE
8
BLACK
6
CONTINUOUS
10
5.6780177165354333
20
-4.0233011811023625
11
5.680444488188976
21
-4.0216796456692911
0
LINE
8
BLACK
6
CONTINUOUS
10
5.680444488188976
20
-4.0216796456692911
11
5.6833070866141728
21
-4.0211102362204727
0
LINE
8
BLACK
6
CONTINUOUS
10
5.6833070866141728
20
-4.0211102362204727
11
5.6966929133858271
21
-4.0211102362204727
0
LINE
8
BLACK
6
CONTINUOUS
10
5.6966929133858271
20
-4.0211102362204727
11
5.6995555118110239
21
-4.0216796456692911
0
LINE
8
BLACK
6
CONTINUOUS
10
5.4650707086614174
20
-4.0080347244094483
11
5.4674336614173225
21
-4.0096135826771651
0
LINE
8
BLACK
6
CONTINUOUS
10
5.4674336614173225
20
-4.0096135826771651
11
5.4690125196850392
21
-4.011976535433071
0
LINE
8
BLACK
6
CONTINUOUS
10
5.4690125196850392
20
-4.011976535433071
11
5.4695669291338582
21
-4.0147637795275593
0
LINE
8
BLACK
6
CONTINUOUS
10
5.4695669291338582
20
-4.0147637795275593
11
5.4695669291338582
21
-4.0253937007874017
0
LINE
8
BLACK
6
CONTINUOUS
10
5.4695669291338582
20
-4.0253937007874017
11
5.4690125196850392
21
-4.0281809448818899
0
LINE
8
BLACK
6
CONTINUOUS
10
5.4690125196850392
20
-4.0281809448818899
11
5.4674336614173225
21
-4.030543897637795
0
LINE
8
BLACK
6
CONTINUOUS
10
5.4674336614173225
20
-4.030543897637795
11
5.4650707086614174
21
-4.0321227559055117
0
LINE
8
BLACK
6
CONTINUOUS
10
5.4650707086614174
20
-4.0321227559055117
11
5.4622834645669291
21
-4.0326771653543307
0
LINE
8
BLACK
6
CONTINUOUS
10
5.4622834645669291
20
-4.0326771653543307
11
5.447716535433071
21
-4.0326771653543307
0
LINE
8
BLACK
6
CONTINUOUS
10
5.447716535433071
20
-4.0326771653543307
11
5.4449292913385827
21
-4.0321227559055117
0
LINE
8
BLACK
6
CONTINUOUS
10
5.4449292913385827
20
-4.0321227559055117
11
5.4425663385826768
21
-4.030543897637795
0
LINE
8
BLACK
6
CONTINUOUS
10
5.4425663385826768
20
-4.030543897637795
11
5.4409874803149609
21
-4.0281809448818899
0
LINE
8
BLACK
6
CONTINUOUS
10
5.4409874803149609
20
-4.0281809448818899
11
5.4404330708661419
21
-4.0253937007874017
0
LINE
8
BLACK
6
CONTINUOUS
10
5.4404330708661419
20
-4.0253937007874017
11
5.4404330708661419
21
-4.0147637795275593
0
LINE
8
BLACK
6
CONTINUOUS
10
5.4404330708661419
20
-4.0147637795275593
11
5.4409874803149609
21
-4.011976535433071
0
LINE
8
BLACK
6
CONTINUOUS
10
5.4409874803149609
20
-4.011976535433071
11
5.4425663385826768
21
-4.0096135826771651
0
LINE
8
BLACK
6
CONTINUOUS
10
5.4425663385826768
20
-4.0096135826771651
11
5.4449292913385827
21
-4.0080347244094483
0
LINE
8
BLACK
6
CONTINUOUS
10
5.4449292913385827
20
-4.0080347244094483
11
5.447716535433071
21
-4.0074803149606302
0
LINE
8
BLACK
6
CONTINUOUS
10
5.447716535433071
20
-4.0074803149606302
11
5.4622834645669291
21
-4.0074803149606302
0
LINE
8
BLACK
6
CONTINUOUS
10
5.4622834645669291
20
-4.0074803149606302
11
5.4650707086614174
21
-4.0080347244094483
0
LINE
8
BLACK
6
CONTINUOUS
10
5.8107298031496057
20
-4.0053631496062989
11
5.8132842913385829
21
-4.0070700393700784
0
LINE
8
BLACK
6
CONTINUOUS
10
5.8132842913385829
20
-4.0070700393700784
11
5.8149911811023625
21
-4.0096245275590547
0
LINE
8
BLACK
6
CONTINUOUS
10
5.8149911811023625
20
-4.0096245275590547
11
5.8155905511811019
21
-4.0126377952755901
0
LINE
8
BLACK
6
CONTINUOUS
10
5.8155905511811019
20
-4.0126377952755901
11
5.8155905511811019
21
-4.0244488188976373
0
LINE
8
BLACK
6
CONTINUOUS
10
5.8155905511811019
20
-4.0244488188976373
11
5.8149911811023625
21
-4.0274620866141735
0
LINE
8
BLACK
6
CONTINUOUS
10
5.8149911811023625
20
-4.0274620866141735
11
5.8132842913385829
21
-4.0300165748031498
0
LINE
8
BLACK
6
CONTINUOUS
10
5.8132842913385829
20
-4.0300165748031498
11
5.8107298031496057
21
-4.0317234645669293
0
LINE
8
BLACK
6
CONTINUOUS
10
5.8107298031496057
20
-4.0317234645669293
11
5.8077165354330704
21
-4.0323228346456688
0
LINE
8
BLACK
6
CONTINUOUS
10
5.8077165354330704
20
-4.0323228346456688
11
5.7525984251968501
21
-4.0323228346456688
0
LINE
8
BLACK
6
CONTINUOUS
10
5.7525984251968501
20
-4.0323228346456688
11
5.7495851574803147
21
-4.0317234645669293
0
LINE
8
BLACK
6
CONTINUOUS
10
5.7495851574803147
20
-4.0317234645669293
11
5.7470306692913384
21
-4.0300165748031498
0
LINE
8
BLACK
6
CONTINUOUS
10
5.7470306692913384
20
-4.0300165748031498
11
5.7453237795275589
21
-4.0274620866141735
0
LINE
8
BLACK
6
CONTINUOUS
10
5.7453237795275589
20
-4.0274620866141735
11
5.7447244094488186
21
-4.0244488188976373
0
LINE
8
BLACK
6
CONTINUOUS
10
5.7447244094488186
20
-4.0244488188976373
11
5.7447244094488186
21
-4.0126377952755901
0
LINE
8
BLACK
6
CONTINUOUS
10
5.7447244094488186
20
-4.0126377952755901
11
5.7453237795275589
21
-4.0096245275590547
0
LINE
8
BLACK
6
CONTINUOUS
10
5.7453237795275589
20
-4.0096245275590547
11
5.7470306692913384
21
-4.0070700393700784
0
LINE
8
BLACK
6
CONTINUOUS
10
5.7470306692913384
20
-4.0070700393700784
11
5.7495851574803147
21
-4.0053631496062989
0
LINE
8
BLACK
6
CONTINUOUS
10
5.7495851574803147
20
-4.0053631496062989
11
5.7525984251968501
21
-4.0047637795275586
0
LINE
8
BLACK
6
CONTINUOUS
10
5.7525984251968501
20
-4.0047637795275586
11
5.8077165354330704
21
-4.0047637795275586
0
LINE
8
BLACK
6
CONTINUOUS
10
5.8077165354330704
20
-4.0047637795275586
11
5.8107298031496057
21
-4.0053631496062989
0
LINE
8
BLACK
6
CONTINUOUS
10
4.8637640551181098
20
-3.9888022440944879
11
4.8681540944881885
21
-3.9910390944881891
0
LINE
8
BLACK
6
CONTINUOUS
10
4.8681540944881885
20
-3.9910390944881891
11
4.8716380708661413
21
-3.9945230708661414
0
LINE
8
BLACK
6
CONTINUOUS
10
4.8716380708661413
20
-3.9945230708661414
11
4.8738749212598425
21
-3.9989131102362205
0
LINE
8
BLACK
6
CONTINUOUS
10
4.8738749212598425
20
-3.9989131102362205
11
4.8746456692913389
21
-4.0037795275590549
0
LINE
8
BLACK
6
CONTINUOUS
10
4.8746456692913389
20
-4.0037795275590549
11
4.8738749212598425
21
-4.0086459448818896
0
LINE
8
BLACK
6
CONTINUOUS
10
4.8738749212598425
20
-4.0086459448818896
11
4.8716380708661413
21
-4.0130359842519683
0
LINE
8
BLACK
6
CONTINUOUS
10
4.8716380708661413
20
-4.0130359842519683
11
4.8681540944881885
21
-4.0165199606299211
0
LINE
8
BLACK
6
CONTINUOUS
10
4.8681540944881885
20
-4.0165199606299211
11
4.8637640551181098
21
-4.0187568110236223
0
LINE
8
BLACK
6
CONTINUOUS
10
4.8637640551181098
20
-4.0187568110236223
11
4.8588976377952751
21
-4.0195275590551178
0
LINE
8
BLACK
6
CONTINUOUS
10
4.8588976377952751
20
-4.0195275590551178
11
4.8540312204724412
21
-4.0187568110236223
0
LINE
8
BLACK
6
CONTINUOUS
10
4.8540312204724412
20
-4.0187568110236223
11
4.8496411811023625
21
-4.0165199606299211
0
LINE
8
BLACK
6
CONTINUOUS
10
4.8496411811023625
20
-4.0165199606299211
11
4.8461572047244097
21
-4.0130359842519683
0
LINE
8
BLACK
6
CONTINUOUS
10
4.8461572047244097
20
-4.0130359842519683
11
4.8439203543307086
21
-4.0086459448818896
0
LINE
8
BLACK
6
CONTINUOUS
10
4.8439203543307086
20
-4.0086459448818896
11
4.8431496062992121
21
-4.0037795275590549
0
LINE
8
BLACK
6
CONTINUOUS
10
4.8431496062992121
20
-4.0037795275590549
11
4.8439203543307086
21
-3.9989131102362205
0
LINE
8
BLACK
6
CONTINUOUS
10
4.8439203543307086
20
-3.9989131102362205
11
4.8461572047244097
21
-3.9945230708661414
0
LINE
8
BLACK
6
CONTINUOUS
10
4.8461572047244097
20
-3.9945230708661414
11
4.8496411811023625
21
-3.9910390944881891
0
LINE
8
BLACK
6
CONTINUOUS
10
4.8496411811023625
20
-3.9910390944881891
11
4.8540312204724412
21
-3.9888022440944879
0
LINE
8
BLACK
6
CONTINUOUS
10
4.8540312204724412
20
-3.9888022440944879
11
4.8588976377952751
21
-3.9880314960629919
0
LINE
8
BLACK
6
CONTINUOUS
10
4.8588976377952751
20
-3.9880314960629919
11
4.8637640551181098
21
-3.9888022440944879
0
LINE
8
BLACK
6
CONTINUOUS
10
5.1511656299212598
20
-3.9888022440944879
11
5.1555556692913385
21
-3.9910390944881891
0
LINE
8
BLACK
6
CONTINUOUS
10
5.1555556692913385
20
-3.9910390944881891
11
5.1590396456692913
21
-3.9945230708661414
0
LINE
8
BLACK
6
CONTINUOUS
10
5.1590396456692913
20
-3.9945230708661414
11
5.1612764960629924
21
-3.9989131102362205
0
LINE
8
BLACK
6
CONTINUOUS
10
5.1612764960629924
20
-3.9989131102362205
11
5.162047244094488
21
-4.0037795275590549
0
LINE
8
BLACK
6
CONTINUOUS
10
5.162047244094488
20
-4.0037795275590549
11
5.1612764960629924
21
-4.0086459448818896
0
LINE
8
BLACK
6
CONTINUOUS
10
5.1612764960629924
20
-4.0086459448818896
11
5.1590396456692913
21
-4.0130359842519683
0
LINE
8
BLACK
6
CONTINUOUS
10
5.1590396456692913
20
-4.0130359842519683
11
5.1555556692913385
21
-4.0165199606299211
0
LINE
8
BLACK
6
CONTINUOUS
10
5.1555556692913385
20
-4.0165199606299211
11
5.1511656299212598
21
-4.0187568110236223
0
LINE
8
BLACK
6
CONTINUOUS
10
5.1511656299212598
20
-4.0187568110236223
11
5.146299212598425
21
-4.0195275590551178
0
LINE
8
BLACK
6
CONTINUOUS
10
5.146299212598425
20
-4.0195275590551178
11
5.1414327952755903
21
-4.0187568110236223
0
LINE
8
BLACK
6
CONTINUOUS
10
5.1414327952755903
20
-4.0187568110236223
11
5.1370427559055116
21
-4.0165199606299211
0
LINE
8
BLACK
6
CONTINUOUS
10
5.1370427559055116
20
-4.0165199606299211
11
5.1335587795275588
21
-4.0130359842519683
0
LINE
8
BLACK
6
CONTINUOUS
10
5.1335587795275588
20
-4.0130359842519683
11
5.1313219291338585
21
-4.0086459448818896
0
LINE
8
BLACK
6
CONTINUOUS
10
5.1313219291338585
20
-4.0086459448818896
11
5.1305511811023621
21
-4.0037795275590549
0
LINE
8
BLACK
6
CONTINUOUS
10
5.1305511811023621
20
-4.0037795275590549
11
5.1313219291338585
21
-3.9989131102362205
0
LINE
8
BLACK
6
CONTINUOUS
10
5.1313219291338585
20
-3.9989131102362205
11
5.1335587795275588
21
-3.9945230708661414
0
LINE
8
BLACK
6
CONTINUOUS
10
5.1335587795275588
20
-3.9945230708661414
11
5.1370427559055116
21
-3.9910390944881891
0
LINE
8
BLACK
6
CONTINUOUS
10
5.1370427559055116
20
-3.9910390944881891
11
5.1414327952755903
21
-3.9888022440944879
0
LINE
8
BLACK
6
CONTINUOUS
10
5.1414327952755903
20
-3.9888022440944879
11
5.146299212598425
21
-3.9880314960629919
0
LINE
8
BLACK
6
CONTINUOUS
10
5.146299212598425
20
-3.9880314960629919
11
5.1511656299212598
21
-3.9888022440944879
0
LINE
8
BLACK
6
CONTINUOUS
10
5.2144767716535432
20
-3.986396181102362
11
5.2169035433070867
21
-3.9880177165354329
0
LINE
8
BLACK
6
CONTINUOUS
10
5.2169035433070867
20
-3.9880177165354329
11
5.2185250787401571
21
-3.9904444881889765
0
LINE
8
BLACK
6
CONTINUOUS
10
5.2185250787401571
20
-3.9904444881889765
11
5.2190944881889765
21
-3.9933070866141733
0
LINE
8
BLACK
6
CONTINUOUS
10
5.2190944881889765
20
-3.9933070866141733
11
5.2190944881889765
21
-4.0066929133858267
0
LINE
8
BLACK
6
CONTINUOUS
10
5.2190944881889765
20
-4.0066929133858267
11
5.2185250787401571
21
-4.0095555118110235
0
LINE
8
BLACK
6
CONTINUOUS
10
5.2185250787401571
20
-4.0095555118110235
11
5.2169035433070867
21
-4.0119822834645671
0
LINE
8
BLACK
6
CONTINUOUS
10
5.2169035433070867
20
-4.0119822834645671
11
5.2144767716535432
21
-4.0136038188976375
0
LINE
8
BLACK
6
CONTINUOUS
10
5.2144767716535432
20
-4.0136038188976375
11
5.2116141732283463
21
-4.0141732283464568
0
LINE
8
BLACK
6
CONTINUOUS
10
5.2116141732283463
20
-4.0141732283464568
11
5.2005905511811026
21
-4.0141732283464568
0
LINE
8
BLACK
6
CONTINUOUS
10
5.2005905511811026
20
-4.0141732283464568
11
5.1977279527559057
21
-4.0136038188976375
0
LINE
8
BLACK
6
CONTINUOUS
10
5.1977279527559057
20
-4.0136038188976375
11
5.1953011811023622
21
-4.0119822834645671
0
LINE
8
BLACK
6
CONTINUOUS
10
5.1953011811023622
20
-4.0119822834645671
11
5.1936796456692909
21
-4.0095555118110235
0
LINE
8
BLACK
6
CONTINUOUS
10
5.1936796456692909
20
-4.0095555118110235
11
5.1931102362204724
21
-4.0066929133858267
0
LINE
8
BLACK
6
CONTINUOUS
10
5.1931102362204724
20
-4.0066929133858267
11
5.1931102362204724
21
-3.9933070866141733
0
LINE
8
BLACK
6
CONTINUOUS
10
5.1931102362204724
20
-3.9933070866141733
11
5.1936796456692909
21
-3.9904444881889765
0
LINE
8
BLACK
6
CONTINUOUS
10
5.1936796456692909
20
-3.9904444881889765
11
5.1953011811023622
21
-3.9880177165354329
0
LINE
8
BLACK
6
CONTINUOUS
10
5.1953011811023622
20
-3.9880177165354329
11
5.1977279527559057
21
-3.986396181102362
0
LINE
8
BLACK
6
CONTINUOUS
10
5.1977279527559057
20
-3.986396181102362
11
5.2005905511811026
21
-3.9858267716535432
0
LINE
8
BLACK
6
CONTINUOUS
10
5.2005905511811026
20
-3.9858267716535432
11
5.2116141732283463
21
-3.9858267716535432
0
LINE
8
BLACK
6
CONTINUOUS
10
5.2116141732283463
20
-3.9858267716535432
11
5.2144767716535432
21
-3.986396181102362
0
LINE
8
BLACK
6
CONTINUOUS
10
5.2522720472440945
20
-3.986396181102362
11
5.254698818897638
21
-3.9880177165354329
0
LINE
8
BLACK
6
CONTINUOUS
10
5.254698818897638
20
-3.9880177165354329
11
5.2563203543307084
21
-3.9904444881889765
0
LINE
8
BLACK
6
CONTINUOUS
10
5.2563203543307084
20
-3.9904444881889765
11
5.2568897637795278
21
-3.9933070866141733
0
LINE
8
BLACK
6
CONTINUOUS
10
5.2568897637795278
20
-3.9933070866141733
11
5.2568897637795278
21
-4.0066929133858267
0
LINE
8
BLACK
6
CONTINUOUS
10
5.2568897637795278
20
-4.0066929133858267
11
5.2563203543307084
21
-4.0095555118110235
0
LINE
8
BLACK
6
CONTINUOUS
10
5.2563203543307084
20
-4.0095555118110235
11
5.254698818897638
21
-4.0119822834645671
0
LINE
8
BLACK
6
CONTINUOUS
10
5.254698818897638
20
-4.0119822834645671
11
5.2522720472440945
21
-4.0136038188976375
0
LINE
8
BLACK
6
CONTINUOUS
10
5.2522720472440945
20
-4.0136038188976375
11
5.2494094488188976
21
-4.0141732283464568
0
LINE
8
BLACK
6
CONTINUOUS
10
5.2494094488188976
20
-4.0141732283464568
11
5.238385826771653
21
-4.0141732283464568
0
LINE
8
BLACK
6
CONTINUOUS
10
5.238385826771653
20
-4.0141732283464568
11
5.235523228346457
21
-4.0136038188976375
0
LINE
8
BLACK
6
CONTINUOUS
10
5.235523228346457
20
-4.0136038188976375
11
5.2330964566929135
21
-4.0119822834645671
0
LINE
8
BLACK
6
CONTINUOUS
10
5.2330964566929135
20
-4.0119822834645671
11
5.2314749212598421
21
-4.0095555118110235
0
LINE
8
BLACK
6
CONTINUOUS
10
5.2314749212598421
20
-4.0095555118110235
11
5.2309055118110237
21
-4.0066929133858267
0
LINE
8
BLACK
6
CONTINUOUS
10
5.2309055118110237
20
-4.0066929133858267
11
5.2309055118110237
21
-3.9933070866141733
0
LINE
8
BLACK
6
CONTINUOUS
10
5.2309055118110237
20
-3.9933070866141733
11
5.2314749212598421
21
-3.9904444881889765
0
LINE
8
BLACK
6
CONTINUOUS
10
5.2314749212598421
20
-3.9904444881889765
11
5.2330964566929135
21
-3.9880177165354329
0
LINE
8
BLACK
6
CONTINUOUS
10
5.2330964566929135
20
-3.9880177165354329
11
5.235523228346457
21
-3.986396181102362
0
LINE
8
BLACK
6
CONTINUOUS
10
5.235523228346457
20
-3.986396181102362
11
5.238385826771653
21
-3.9858267716535432
0
LINE
8
BLACK
6
CONTINUOUS
10
5.238385826771653
20
-3.9858267716535432
11
5.2494094488188976
21
-3.9858267716535432
0
LINE
8
BLACK
6
CONTINUOUS
10
5.2494094488188976
20
-3.9858267716535432
11
5.2522720472440945
21
-3.986396181102362
0
LINE
8
BLACK
6
CONTINUOUS
10
5.4195555118110237
20
-3.9886796456692912
11
5.4219822834645672
21
-3.9903011811023621
0
LINE
8
BLACK
6
CONTINUOUS
10
5.4219822834645672
20
-3.9903011811023621
11
5.4236038188976377
21
-3.9927279527559056
0
LINE
8
BLACK
6
CONTINUOUS
10
5.4236038188976377
20
-3.9927279527559056
11
5.424173228346457
21
-3.9955905511811021
0
LINE
8
BLACK
6
CONTINUOUS
10
5.424173228346457
20
-3.9955905511811021
11
5.424173228346457
21
-4.0066141732283462
0
LINE
8
BLACK
6
CONTINUOUS
10
5.424173228346457
20
-4.0066141732283462
11
5.4236038188976377
21
-4.0094767716535431
0
LINE
8
BLACK
6
CONTINUOUS
10
5.4236038188976377
20
-4.0094767716535431
11
5.4219822834645672
21
-4.0119035433070867
0
LINE
8
BLACK
6
CONTINUOUS
10
5.4219822834645672
20
-4.0119035433070867
11
5.4195555118110237
21
-4.0135250787401571
0
LINE
8
BLACK
6
CONTINUOUS
10
5.4195555118110237
20
-4.0135250787401571
11
5.4166929133858268
21
-4.0140944881889764
0
LINE
8
BLACK
6
CONTINUOUS
10
5.4166929133858268
20
-4.0140944881889764
11
5.4033070866141735
21
-4.0140944881889764
0
LINE
8
BLACK
6
CONTINUOUS
10
5.4033070866141735
20
-4.0140944881889764
11
5.4004444881889766
21
-4.0135250787401571
0
LINE
8
BLACK
6
CONTINUOUS
10
5.4004444881889766
20
-4.0135250787401571
11
5.3980177165354331
21
-4.0119035433070867
0
LINE
8
BLACK
6
CONTINUOUS
10
5.3980177165354331
20
-4.0119035433070867
11
5.3963961811023617
21
-4.0094767716535431
0
LINE
8
BLACK
6
CONTINUOUS
10
5.3963961811023617
20
-4.0094767716535431
11
5.3958267716535433
21
-4.0066141732283462
0
LINE
8
BLACK
6
CONTINUOUS
10
5.3958267716535433
20
-4.0066141732283462
11
5.3958267716535433
21
-3.9955905511811021
0
LINE
8
BLACK
6
CONTINUOUS
10
5.3958267716535433
20
-3.9955905511811021
11
5.3963961811023617
21
-3.9927279527559056
0
LINE
8
BLACK
6
CONTINUOUS
10
5.3963961811023617
20
-3.9927279527559056
11
5.3980177165354331
21
-3.9903011811023621
0
LINE
8
BLACK
6
CONTINUOUS
10
5.3980177165354331
20
-3.9903011811023621
11
5.4004444881889766
21
-3.9886796456692912
0
LINE
8
BLACK
6
CONTINUOUS
10
5.4004444881889766
20
-3.9886796456692912
11
5.4033070866141735
21
-3.9881102362204723
0
LINE
8
BLACK
6
CONTINUOUS
10
5.4033070866141735
20
-3.9881102362204723
11
5.4166929133858268
21
-3.9881102362204723
0
LINE
8
BLACK
6
CONTINUOUS
10
5.4166929133858268
20
-3.9881102362204723
11
5.4195555118110237
21
-3.9886796456692912
0
LINE
8
BLACK
6
CONTINUOUS
10
5.542761181102362
20
-3.9736931496062993
11
5.5433998031496063
21
-3.9741198818897638
0
LINE
8
BLACK
6
CONTINUOUS
10
5.5433998031496063
20
-3.9741198818897638
11
5.5438265354330705
21
-3.9747585039370077
0
LINE
8
BLACK
6
CONTINUOUS
10
5.5438265354330705
20
-3.9747585039370077
11
5.543976377952756
21
-3.9755118110236221
0
LINE
8
BLACK
6
CONTINUOUS
10
5.543976377952756
20
-3.9755118110236221
11
5.543976377952756
21
-3.991259842519685
0
LINE
8
BLACK
6
CONTINUOUS
10
5.543976377952756
20
-3.991259842519685
11
5.5438265354330705
21
-3.9920131496062989
0
LINE
8
BLACK
6
CONTINUOUS
10
5.5438265354330705
20
-3.9920131496062989
11
5.5433998031496063
21
-3.9926517716535432
0
LINE
8
BLACK
6
CONTINUOUS
10
5.5433998031496063
20
-3.9926517716535432
11
5.542761181102362
21
-3.9930785039370078
0
LINE
8
BLACK
6
CONTINUOUS
10
5.542761181102362
20
-3.9930785039370078
11
5.5420078740157477
21
-3.9932283464566929
0
LINE
8
BLACK
6
CONTINUOUS
10
5.5420078740157477
20
-3.9932283464566929
11
5.4987007874015745
21
-3.9932283464566929
0
LINE
8
BLACK
6
CONTINUOUS
10
5.4987007874015745
20
-3.9932283464566929
11
5.4979474803149602
21
-3.9930785039370078
0
LINE
8
BLACK
6
CONTINUOUS
10
5.4979474803149602
20
-3.9930785039370078
11
5.4973088582677168
21
-3.9926517716535432
0
LINE
8
BLACK
6
CONTINUOUS
10
5.4973088582677168
20
-3.9926517716535432
11
5.4968821259842517
21
-3.9920131496062989
0
LINE
8
BLACK
6
CONTINUOUS
10
5.4968821259842517
20
-3.9920131496062989
11
5.4967322834645671
21
-3.991259842519685
0
LINE
8
BLACK
6
CONTINUOUS
10
5.4967322834645671
20
-3.991259842519685
11
5.4967322834645671
21
-3.9755118110236221
0
LINE
8
BLACK
6
CONTINUOUS
10
5.4967322834645671
20
-3.9755118110236221
11
5.4968821259842517
21
-3.9747585039370077
0
LINE
8
BLACK
6
CONTINUOUS
10
5.4968821259842517
20
-3.9747585039370077
11
5.4973088582677168
21
-3.9741198818897638
0
LINE
8
BLACK
6
CONTINUOUS
10
5.4973088582677168
20
-3.9741198818897638
11
5.4979474803149602
21
-3.9736931496062993
0
LINE
8
BLACK
6
CONTINUOUS
10
5.4979474803149602
20
-3.9736931496062993
11
5.4987007874015745
21
-3.9735433070866142
0
LINE
8
BLACK
6
CONTINUOUS
10
5.4987007874015745
20
-3.9735433070866142
11
5.5420078740157477
21
-3.9735433070866142
0
LINE
8
BLACK
6
CONTINUOUS
10
5.5420078740157477
20
-3.9735433070866142
11
5.542761181102362
21
-3.9736931496062993
0
LINE
8
BLACK
6
CONTINUOUS
10
5.7120525196850389
20
-3.9736931496062993
11
5.7126911417322832
21
-3.9741198818897638
0
LINE
8
BLACK
6
CONTINUOUS
10
5.7126911417322832
20
-3.9741198818897638
11
5.7131178740157482
21
-3.9747585039370077
0
LINE
8
BLACK
6
CONTINUOUS
10
5.7131178740157482
20
-3.9747585039370077
11
5.7132677165354329
21
-3.9755118110236221
0
LINE
8
BLACK
6
CONTINUOUS
10
5.7132677165354329
20
-3.9755118110236221
11
5.7132677165354329
21
-3.991259842519685
0
LINE
8
BLACK
6
CONTINUOUS
10
5.7132677165354329
20
-3.991259842519685
11
5.7131178740157482
21
-3.9920131496062989
0
LINE
8
BLACK
6
CONTINUOUS
10
5.7131178740157482
20
-3.9920131496062989
11
5.7126911417322832
21
-3.9926517716535432
0
LINE
8
BLACK
6
CONTINUOUS
10
5.7126911417322832
20
-3.9926517716535432
11
5.7120525196850389
21
-3.9930785039370078
0
LINE
8
BLACK
6
CONTINUOUS
10
5.7120525196850389
20
-3.9930785039370078
11
5.7112992125984254
21
-3.9932283464566929
0
LINE
8
BLACK
6
CONTINUOUS
10
5.7112992125984254
20
-3.9932283464566929
11
5.6679921259842523
21
-3.9932283464566929
0
LINE
8
BLACK
6
CONTINUOUS
10
5.6679921259842523
20
-3.9932283464566929
11
5.6672388188976379
21
-3.9930785039370078
0
LINE
8
BLACK
6
CONTINUOUS
10
5.6672388188976379
20
-3.9930785039370078
11
5.6666001968503936
21
-3.9926517716535432
0
LINE
8
BLACK
6
CONTINUOUS
10
5.6666001968503936
20
-3.9926517716535432
11
5.6661734645669286
21
-3.9920131496062989
0
LINE
8
BLACK
6
CONTINUOUS
10
5.6661734645669286
20
-3.9920131496062989
11
5.666023622047244
21
-3.991259842519685
0
LINE
8
BLACK
6
CONTINUOUS
10
5.666023622047244
20
-3.991259842519685
11
5.666023622047244
21
-3.9755118110236221
0
LINE
8
BLACK
6
CONTINUOUS
10
5.666023622047244
20
-3.9755118110236221
11
5.6661734645669286
21
-3.9747585039370077
0
LINE
8
BLACK
6
CONTINUOUS
10
5.6661734645669286
20
-3.9747585039370077
11
5.6666001968503936
21
-3.9741198818897638
0
LINE
8
BLACK
6
CONTINUOUS
10
5.6666001968503936
20
-3.9741198818897638
11
5.6672388188976379
21
-3.9736931496062993
0
LINE
8
BLACK
6
CONTINUOUS
10
5.6672388188976379
20
-3.9736931496062993
11
5.6679921259842523
21
-3.9735433070866142
0
LINE
8
BLACK
6
CONTINUOUS
10
5.6679921259842523
20
-3.9735433070866142
11
5.7112992125984254
21
-3.9735433070866142
0
LINE
8
BLACK
6
CONTINUOUS
10
5.7112992125984254
20
-3.9735433070866142
11
5.7120525196850389
21
-3.9736931496062993
0
LINE
8
BLACK
6
CONTINUOUS
10
5.4650707086614174
20
-3.9678772440944883
11
5.4674336614173225
21
-3.9694561023622046
0
LINE
8
BLACK
6
CONTINUOUS
10
5.4674336614173225
20
-3.9694561023622046
11
5.4690125196850392
21
-3.9718190551181101
0
LINE
8
BLACK
6
CONTINUOUS
10
5.4690125196850392
20
-3.9718190551181101
11
5.4695669291338582
21
-3.9746062992125983
0
LINE
8
BLACK
6
CONTINUOUS
10
5.4695669291338582
20
-3.9746062992125983
11
5.4695669291338582
21
-3.9852362204724407
0
LINE
8
BLACK
6
CONTINUOUS
10
5.4695669291338582
20
-3.9852362204724407
11
5.4690125196850392
21
-3.988023464566929
0
LINE
8
BLACK
6
CONTINUOUS
10
5.4690125196850392
20
-3.988023464566929
11
5.4674336614173225
21
-3.9903864173228345
0
LINE
8
BLACK
6
CONTINUOUS
10
5.4674336614173225
20
-3.9903864173228345
11
5.4650707086614174
21
-3.9919652755905513
0
LINE
8
BLACK
6
CONTINUOUS
10
5.4650707086614174
20
-3.9919652755905513
11
5.4622834645669291
21
-3.9925196850393698
0
LINE
8
BLACK
6
CONTINUOUS
10
5.4622834645669291
20
-3.9925196850393698
11
5.447716535433071
21
-3.9925196850393698
0
LINE
8
BLACK
6
CONTINUOUS
10
5.447716535433071
20
-3.9925196850393698
11
5.4449292913385827
21
-3.9919652755905513
0
LINE
8
BLACK
6
CONTINUOUS
10
5.4449292913385827
20
-3.9919652755905513
11
5.4425663385826768
21
-3.9903864173228345
0
LINE
8
BLACK
6
CONTINUOUS
10
5.4425663385826768
20
-3.9903864173228345
11
5.4409874803149609
21
-3.988023464566929
0
LINE
8
BLACK
6
CONTINUOUS
10
5.4409874803149609
20
-3.988023464566929
11
5.4404330708661419
21
-3.9852362204724407
0
LINE
8
BLACK
6
CONTINUOUS
10
5.4404330708661419
20
-3.9852362204724407
11
5.4404330708661419
21
-3.9746062992125983
0
LINE
8
BLACK
6
CONTINUOUS
10
5.4404330708661419
20
-3.9746062992125983
11
5.4409874803149609
21
-3.9718190551181101
0
LINE
8
BLACK
6
CONTINUOUS
10
5.4409874803149609
20
-3.9718190551181101
11
5.4425663385826768
21
-3.9694561023622046
0
LINE
8
BLACK
6
CONTINUOUS
10
5.4425663385826768
20
-3.9694561023622046
11
5.4449292913385827
21
-3.9678772440944883
0
LINE
8
BLACK
6
CONTINUOUS
10
5.4449292913385827
20
-3.9678772440944883
11
5.447716535433071
21
-3.9673228346456693
0
LINE
8
BLACK
6
CONTINUOUS
10
5.447716535433071
20
-3.9673228346456693
11
5.4622834645669291
21
-3.9673228346456693
0
LINE
8
BLACK
6
CONTINUOUS
10
5.4622834645669291
20
-3.9673228346456693
11
5.4650707086614174
21
-3.9678772440944883
0
LINE
8
BLACK
6
CONTINUOUS
10
5.8107298031496057
20
-3.9561505511811021
11
5.8132842913385829
21
-3.9578574409448817
0
LINE
8
BLACK
6
CONTINUOUS
10
5.8132842913385829
20
-3.9578574409448817
11
5.8149911811023625
21
-3.960411929133858
0
LINE
8
BLACK
6
CONTINUOUS
10
5.8149911811023625
20
-3.960411929133858
11
5.8155905511811019
21
-3.9634251968503937
0
LINE
8
BLACK
6
CONTINUOUS
10
5.8155905511811019
20
-3.9634251968503937
11
5.8155905511811019
21
-3.975236220472441
0
LINE
8
BLACK
6
CONTINUOUS
10
5.8155905511811019
20
-3.975236220472441
11
5.8149911811023625
21
-3.9782494881889763
0
LINE
8
BLACK
6
CONTINUOUS
10
5.8149911811023625
20
-3.9782494881889763
11
5.8132842913385829
21
-3.9808039763779526
0
LINE
8
BLACK
6
CONTINUOUS
10
5.8132842913385829
20
-3.9808039763779526
11
5.8107298031496057
21
-3.9825108661417321
0
LINE
8
BLACK
6
CONTINUOUS
10
5.8107298031496057
20
-3.9825108661417321
11
5.8077165354330704
21
-3.9831102362204724
0
LINE
8
BLACK
6
CONTINUOUS
10
5.8077165354330704
20
-3.9831102362204724
11
5.7525984251968501
21
-3.9831102362204724
0
LINE
8
BLACK
6
CONTINUOUS
10
5.7525984251968501
20
-3.9831102362204724
11
5.7495851574803147
21
-3.9825108661417321
0
LINE
8
BLACK
6
CONTINUOUS
10
5.7495851574803147
20
-3.9825108661417321
11
5.7470306692913384
21
-3.9808039763779526
0
LINE
8
BLACK
6
CONTINUOUS
10
5.7470306692913384
20
-3.9808039763779526
11
5.7453237795275589
21
-3.9782494881889763
0
LINE
8
BLACK
6
CONTINUOUS
10
5.7453237795275589
20
-3.9782494881889763
11
5.7447244094488186
21
-3.975236220472441
0
LINE
8
BLACK
6
CONTINUOUS
10
5.7447244094488186
20
-3.975236220472441
11
5.7447244094488186
21
-3.9634251968503937
0
LINE
8
BLACK
6
CONTINUOUS
10
5.7447244094488186
20
-3.9634251968503937
11
5.7453237795275589
21
-3.960411929133858
0
LINE
8
BLACK
6
CONTINUOUS
10
5.7453237795275589
20
-3.960411929133858
11
5.7470306692913384
21
-3.9578574409448817
0
LINE
8
BLACK
6
CONTINUOUS
10
5.7470306692913384
20
-3.9578574409448817
11
5.7495851574803147
21
-3.9561505511811021
0
LINE
8
BLACK
6
CONTINUOUS
10
5.7495851574803147
20
-3.9561505511811021
11
5.7525984251968501
21
-3.9555511811023623
0
LINE
8
BLACK
6
CONTINUOUS
10
5.7525984251968501
20
-3.9555511811023623
11
5.8077165354330704
21
-3.9555511811023623
0
LINE
8
BLACK
6
CONTINUOUS
10
5.8077165354330704
20
-3.9555511811023623
11
5.8107298031496057
21
-3.9561505511811021
0
LINE
8
BLACK
6
CONTINUOUS
10
5.0387848031496061
20
-3.9330632283464566
11
5.0394234251968504
21
-3.9334899606299212
0
LINE
8
BLACK
6
CONTINUOUS
10
5.0394234251968504
20
-3.9334899606299212
11
5.0398501574803145
21
-3.9341285826771655
0
LINE
8
BLACK
6
CONTINUOUS
10
5.0398501574803145
20
-3.9341285826771655
11
5.04
21
-3.9348818897637794
0
LINE
8
BLACK
6
CONTINUOUS
10
5.04
20
-3.9348818897637794
11
5.04
21
-3.9703149606299211
0
LINE
8
BLACK
6
CONTINUOUS
10
5.04
20
-3.9703149606299211
11
5.0398501574803145
21
-3.9710682677165354
0
LINE
8
BLACK
6
CONTINUOUS
10
5.0398501574803145
20
-3.9710682677165354
11
5.0394234251968504
21
-3.9717068897637793
0
LINE
8
BLACK
6
CONTINUOUS
10
5.0394234251968504
20
-3.9717068897637793
11
5.0387848031496061
21
-3.9721336220472439
0
LINE
8
BLACK
6
CONTINUOUS
10
5.0387848031496061
20
-3.9721336220472439
11
5.0380314960629917
21
-3.9722834645669289
0
LINE
8
BLACK
6
CONTINUOUS
10
5.0380314960629917
20
-3.9722834645669289
11
4.9671653543307084
21
-3.9722834645669289
0
LINE
8
BLACK
6
CONTINUOUS
10
4.9671653543307084
20
-3.9722834645669289
11
4.966412047244094
21
-3.9721336220472439
0
LINE
8
BLACK
6
CONTINUOUS
10
4.966412047244094
20
-3.9721336220472439
11
4.9657734251968506
21
-3.9717068897637793
0
LINE
8
BLACK
6
CONTINUOUS
10
4.9657734251968506
20
-3.9717068897637793
11
4.9653466929133856
21
-3.9710682677165354
0
LINE
8
BLACK
6
CONTINUOUS
10
4.9653466929133856
20
-3.9710682677165354
11
4.965196850393701
21
-3.9703149606299211
0
LINE
8
BLACK
6
CONTINUOUS
10
4.965196850393701
20
-3.9703149606299211
11
4.965196850393701
21
-3.9348818897637794
0
LINE
8
BLACK
6
CONTINUOUS
10
4.965196850393701
20
-3.9348818897637794
11
4.9653466929133856
21
-3.9341285826771655
0
LINE
8
BLACK
6
CONTINUOUS
10
4.9653466929133856
20
-3.9341285826771655
11
4.9657734251968506
21
-3.9334899606299212
0
LINE
8
BLACK
6
CONTINUOUS
10
4.9657734251968506
20
-3.9334899606299212
11
4.966412047244094
21
-3.9330632283464566
0
LINE
8
BLACK
6
CONTINUOUS
10
4.966412047244094
20
-3.9330632283464566
11
4.9671653543307084
21
-3.9329133858267715
0
LINE
8
BLACK
6
CONTINUOUS
10
4.9671653543307084
20
-3.9329133858267715
11
5.0380314960629917
21
-3.9329133858267715
0
LINE
8
BLACK
6
CONTINUOUS
10
5.0380314960629917
20
-3.9329133858267715
11
5.0387848031496061
21
-3.9330632283464566
0
LINE
8
BLACK
6
CONTINUOUS
10
4.9068950393700783
20
-3.9468427559055117
11
4.9075336614173226
21
-3.9472694881889763
0
LINE
8
BLACK
6
CONTINUOUS
10
4.9075336614173226
20
-3.9472694881889763
11
4.9079603937007876
21
-3.9479081102362206
0
LINE
8
BLACK
6
CONTINUOUS
10
4.9079603937007876
20
-3.9479081102362206
11
4.9081102362204723
21
-3.9486614173228345
0
LINE
8
BLACK
6
CONTINUOUS
10
4.9081102362204723
20
-3.9486614173228345
11
4.9081102362204723
21
-3.9683464566929132
0
LINE
8
BLACK
6
CONTINUOUS
10
4.9081102362204723
20
-3.9683464566929132
11
4.9079603937007876
21
-3.9690997637795276
0
LINE
8
BLACK
6
CONTINUOUS
10
4.9079603937007876
20
-3.9690997637795276
11
4.9075336614173226
21
-3.9697383858267714
0
LINE
8
BLACK
6
CONTINUOUS
10
4.9075336614173226
20
-3.9697383858267714
11
4.9068950393700783
21
-3.970165118110236
0
LINE
8
BLACK
6
CONTINUOUS
10
4.9068950393700783
20
-3.970165118110236
11
4.9061417322834648
21
-3.9703149606299211
0
LINE
8
BLACK
6
CONTINUOUS
10
4.9061417322834648
20
-3.9703149606299211
11
4.8274015748031491
21
-3.9703149606299211
0
LINE
8
BLACK
6
CONTINUOUS
10
4.8274015748031491
20
-3.9703149606299211
11
4.8266482677165357
21
-3.970165118110236
0
LINE
8
BLACK
6
CONTINUOUS
10
4.8266482677165357
20
-3.970165118110236
11
4.8260096456692914
21
-3.9697383858267714
0
LINE
8
BLACK
6
CONTINUOUS
10
4.8260096456692914
20
-3.9697383858267714
11
4.8255829133858263
21
-3.9690997637795276
0
LINE
8
BLACK
6
CONTINUOUS
10
4.8255829133858263
20
-3.9690997637795276
11
4.8254330708661417
21
-3.9683464566929132
0
LINE
8
BLACK
6
CONTINUOUS
10
4.8254330708661417
20
-3.9683464566929132
11
4.8254330708661417
21
-3.9486614173228345
0
LINE
8
BLACK
6
CONTINUOUS
10
4.8254330708661417
20
-3.9486614173228345
11
4.8255829133858263
21
-3.9479081102362206
0
LINE
8
BLACK
6
CONTINUOUS
10
4.8255829133858263
20
-3.9479081102362206
11
4.8260096456692914
21
-3.9472694881889763
0
LINE
8
BLACK
6
CONTINUOUS
10
4.8260096456692914
20
-3.9472694881889763
11
4.8266482677165357
21
-3.9468427559055117
0
LINE
8
BLACK
6
CONTINUOUS
10
4.8266482677165357
20
-3.9468427559055117
11
4.8274015748031491
21
-3.9466929133858266
0
LINE
8
BLACK
6
CONTINUOUS
10
4.8274015748031491
20
-3.9466929133858266
11
4.9061417322834648
21
-3.9466929133858266
0
LINE
8
BLACK
6
CONTINUOUS
10
4.9061417322834648
20
-3.9466929133858266
11
4.9068950393700783
21
-3.9468427559055117
0
LINE
8
BLACK
6
CONTINUOUS
10
5.1785485826771653
20
-3.9468427559055117
11
5.1791872047244096
21
-3.9472694881889763
0
LINE
8
BLACK
6
CONTINUOUS
10
5.1791872047244096
20
-3.9472694881889763
11
5.1796139370078738
21
-3.9479081102362206
0
LINE
8
BLACK
6
CONTINUOUS
10
5.1796139370078738
20
-3.9479081102362206
11
5.1797637795275593
21
-3.9486614173228345
0
LINE
8
BLACK
6
CONTINUOUS
10
5.1797637795275593
20
-3.9486614173228345
11
5.1797637795275593
21
-3.9683464566929132
0
LINE
8
BLACK
6
CONTINUOUS
10
5.1797637795275593
20
-3.9683464566929132
11
5.1796139370078738
21
-3.9690997637795276
0
LINE
8
BLACK
6
CONTINUOUS
10
5.1796139370078738
20
-3.9690997637795276
11
5.1791872047244096
21
-3.9697383858267714
0
LINE
8
BLACK
6
CONTINUOUS
10
5.1791872047244096
20
-3.9697383858267714
11
5.1785485826771653
21
-3.970165118110236
0
LINE
8
BLACK
6
CONTINUOUS
10
5.1785485826771653
20
-3.970165118110236
11
5.177795275590551
21
-3.9703149606299211
0
LINE
8
BLACK
6
CONTINUOUS
10
5.177795275590551
20
-3.9703149606299211
11
5.0990551181102362
21
-3.9703149606299211
0
LINE
8
BLACK
6
CONTINUOUS
10
5.0990551181102362
20
-3.9703149606299211
11
5.0983018110236218
21
-3.970165118110236
0
LINE
8
BLACK
6
CONTINUOUS
10
5.0983018110236218
20
-3.970165118110236
11
5.0976631889763775
21
-3.9697383858267714
0
LINE
8
BLACK
6
CONTINUOUS
10
5.0976631889763775
20
-3.9697383858267714
11
5.0972364566929134
21
-3.9690997637795276
0
LINE
8
BLACK
6
CONTINUOUS
10
5.0972364566929134
20
-3.9690997637795276
11
5.0970866141732278
21
-3.9683464566929132
0
LINE
8
BLACK
6
CONTINUOUS
10
5.0970866141732278
20
-3.9683464566929132
11
5.0970866141732278
21
-3.9486614173228345
0
LINE
8
BLACK
6
CONTINUOUS
10
5.0970866141732278
20
-3.9486614173228345
11
5.0972364566929134
21
-3.9479081102362206
0
LINE
8
BLACK
6
CONTINUOUS
10
5.0972364566929134
20
-3.9479081102362206
11
5.0976631889763775
21
-3.9472694881889763
0
LINE
8
BLACK
6
CONTINUOUS
10
5.0976631889763775
20
-3.9472694881889763
11
5.0983018110236218
21
-3.9468427559055117
0
LINE
8
BLACK
6
CONTINUOUS
10
5.0983018110236218
20
-3.9468427559055117
11
5.0990551181102362
21
-3.9466929133858266
0
LINE
8
BLACK
6
CONTINUOUS
10
5.0990551181102362
20
-3.9466929133858266
11
5.177795275590551
21
-3.9466929133858266
0
LINE
8
BLACK
6
CONTINUOUS
10
5.177795275590551
20
-3.9466929133858266
11
5.1785485826771653
21
-3.9468427559055117
0
LINE
8
BLACK
6
CONTINUOUS
10
5.542761181102362
20
-3.948102598425197
11
5.5433998031496063
21
-3.9485293307086615
0
LINE
8
BLACK
6
CONTINUOUS
10
5.5433998031496063
20
-3.9485293307086615
11
5.5438265354330705
21
-3.9491679527559054
0
LINE
8
BLACK
6
CONTINUOUS
10
5.5438265354330705
20
-3.9491679527559054
11
5.543976377952756
21
-3.9499212598425197
0
LINE
8
BLACK
6
CONTINUOUS
10
5.543976377952756
20
-3.9499212598425197
11
5.543976377952756
21
-3.9656692913385827
0
LINE
8
BLACK
6
CONTINUOUS
10
5.543976377952756
20
-3.9656692913385827
11
5.5438265354330705
21
-3.9664225984251966
0
LINE
8
BLACK
6
CONTINUOUS
10
5.5438265354330705
20
-3.9664225984251966
11
5.5433998031496063
21
-3.9670612204724409
0
LINE
8
BLACK
6
CONTINUOUS
10
5.5433998031496063
20
-3.9670612204724409
11
5.542761181102362
21
-3.9674879527559055
0
LINE
8
BLACK
6
CONTINUOUS
10
5.542761181102362
20
-3.9674879527559055
11
5.5420078740157477
21
-3.9676377952755906
0
LINE
8
BLACK
6
CONTINUOUS
10
5.5420078740157477
20
-3.9676377952755906
11
5.4987007874015745
21
-3.9676377952755906
0
LINE
8
BLACK
6
CONTINUOUS
10
5.4987007874015745
20
-3.9676377952755906
11
5.4979474803149602
21
-3.9674879527559055
0
LINE
8
BLACK
6
CONTINUOUS
10
5.4979474803149602
20
-3.9674879527559055
11
5.4973088582677168
21
-3.9670612204724409
0
LINE
8
BLACK
6
CONTINUOUS
10
5.4973088582677168
20
-3.9670612204724409
11
5.4968821259842517
21
-3.9664225984251966
0
LINE
8
BLACK
6
CONTINUOUS
10
5.4968821259842517
20
-3.9664225984251966
11
5.4967322834645671
21
-3.9656692913385827
0
LINE
8
BLACK
6
CONTINUOUS
10
5.4967322834645671
20
-3.9656692913385827
11
5.4967322834645671
21
-3.9499212598425197
0
LINE
8
BLACK
6
CONTINUOUS
10
5.4967322834645671
20
-3.9499212598425197
11
5.4968821259842517
21
-3.9491679527559054
0
LINE
8
BLACK
6
CONTINUOUS
10
5.4968821259842517
20
-3.9491679527559054
11
5.4973088582677168
21
-3.9485293307086615
0
LINE
8
BLACK
6
CONTINUOUS
10
5.4973088582677168
20
-3.9485293307086615
11
5.4979474803149602
21
-3.948102598425197
0
LINE
8
BLACK
6
CONTINUOUS
10
5.4979474803149602
20
-3.948102598425197
11
5.4987007874015745
21
-3.9479527559055119
0
LINE
8
BLACK
6
CONTINUOUS
10
5.4987007874015745
20
-3.9479527559055119
11
5.5420078740157477
21
-3.9479527559055119
0
LINE
8
BLACK
6
CONTINUOUS
10
5.5420078740157477
20
-3.9479527559055119
11
5.542761181102362
21
-3.948102598425197
0
LINE
8
BLACK
6
CONTINUOUS
10
5.7120525196850389
20
-3.948102598425197
11
5.7126911417322832
21
-3.9485293307086615
0
LINE
8
BLACK
6
CONTINUOUS
10
5.7126911417322832
20
-3.9485293307086615
11
5.7131178740157482
21
-3.9491679527559054
0
LINE
8
BLACK
6
CONTINUOUS
10
5.7131178740157482
20
-3.9491679527559054
11
5.7132677165354329
21
-3.9499212598425197
0
LINE
8
BLACK
6
CONTINUOUS
10
5.7132677165354329
20
-3.9499212598425197
11
5.7132677165354329
21
-3.9656692913385827
0
LINE
8
BLACK
6
CONTINUOUS
10
5.7132677165354329
20
-3.9656692913385827
11
5.7131178740157482
21
-3.9664225984251966
0
LINE
8
BLACK
6
CONTINUOUS
10
5.7131178740157482
20
-3.9664225984251966
11
5.7126911417322832
21
-3.9670612204724409
0
LINE
8
BLACK
6
CONTINUOUS
10
5.7126911417322832
20
-3.9670612204724409
11
5.7120525196850389
21
-3.9674879527559055
0
LINE
8
BLACK
6
CONTINUOUS
10
5.7120525196850389
20
-3.9674879527559055
11
5.7112992125984254
21
-3.9676377952755906
0
LINE
8
BLACK
6
CONTINUOUS
10
5.7112992125984254
20
-3.9676377952755906
11
5.6679921259842523
21
-3.9676377952755906
0
LINE
8
BLACK
6
CONTINUOUS
10
5.6679921259842523
20
-3.9676377952755906
11
5.6672388188976379
21
-3.9674879527559055
0
LINE
8
BLACK
6
CONTINUOUS
10
5.6672388188976379
20
-3.9674879527559055
11
5.6666001968503936
21
-3.9670612204724409
0
LINE
8
BLACK
6
CONTINUOUS
10
5.6666001968503936
20
-3.9670612204724409
11
5.6661734645669286
21
-3.9664225984251966
0
LINE
8
BLACK
6
CONTINUOUS
10
5.6661734645669286
20
-3.9664225984251966
11
5.666023622047244
21
-3.9656692913385827
0
LINE
8
BLACK
6
CONTINUOUS
10
5.666023622047244
20
-3.9656692913385827
11
5.666023622047244
21
-3.9499212598425197
0
LINE
8
BLACK
6
CONTINUOUS
10
5.666023622047244
20
-3.9499212598425197
11
5.6661734645669286
21
-3.9491679527559054
0
LINE
8
BLACK
6
CONTINUOUS
10
5.6661734645669286
20
-3.9491679527559054
11
5.6666001968503936
21
-3.9485293307086615
0
LINE
8
BLACK
6
CONTINUOUS
10
5.6666001968503936
20
-3.9485293307086615
11
5.6672388188976379
21
-3.948102598425197
0
LINE
8
BLACK
6
CONTINUOUS
10
5.6672388188976379
20
-3.948102598425197
11
5.6679921259842523
21
-3.9479527559055119
0
LINE
8
BLACK
6
CONTINUOUS
10
5.6679921259842523
20
-3.9479527559055119
11
5.7112992125984254
21
-3.9479527559055119
0
LINE
8
BLACK
6
CONTINUOUS
10
5.7112992125984254
20
-3.9479527559055119
11
5.7120525196850389
21
-3.948102598425197
0
LINE
8
BLACK
6
CONTINUOUS
10
5.4650707086614174
20
-3.9230347244094488
11
5.4674336614173225
21
-3.9246135826771651
0
LINE
8
BLACK
6
CONTINUOUS
10
5.4674336614173225
20
-3.9246135826771651
11
5.4690125196850392
21
-3.9269765354330706
0
LINE
8
BLACK
6
CONTINUOUS
10
5.4690125196850392
20
-3.9269765354330706
11
5.4695669291338582
21
-3.9297637795275588
0
LINE
8
BLACK
6
CONTINUOUS
10
5.4695669291338582
20
-3.9297637795275588
11
5.4695669291338582
21
-3.9403937007874017
0
LINE
8
BLACK
6
CONTINUOUS
10
5.4695669291338582
20
-3.9403937007874017
11
5.4690125196850392
21
-3.9431809448818895
0
LINE
8
BLACK
6
CONTINUOUS
10
5.4690125196850392
20
-3.9431809448818895
11
5.4674336614173225
21
-3.945543897637795
0
LINE
8
BLACK
6
CONTINUOUS
10
5.4674336614173225
20
-3.945543897637795
11
5.4650707086614174
21
-3.9471227559055118
0
LINE
8
BLACK
6
CONTINUOUS
10
5.4650707086614174
20
-3.9471227559055118
11
5.4622834645669291
21
-3.9476771653543308
0
LINE
8
BLACK
6
CONTINUOUS
10
5.4622834645669291
20
-3.9476771653543308
11
5.447716535433071
21
-3.9476771653543308
0
LINE
8
BLACK
6
CONTINUOUS
10
5.447716535433071
20
-3.9476771653543308
11
5.4449292913385827
21
-3.9471227559055118
0
LINE
8
BLACK
6
CONTINUOUS
10
5.4449292913385827
20
-3.9471227559055118
11
5.4425663385826768
21
-3.945543897637795
0
LINE
8
BLACK
6
CONTINUOUS
10
5.4425663385826768
20
-3.945543897637795
11
5.4409874803149609
21
-3.9431809448818895
0
LINE
8
BLACK
6
CONTINUOUS
10
5.4409874803149609
20
-3.9431809448818895
11
5.4404330708661419
21
-3.9403937007874017
0
LINE
8
BLACK
6
CONTINUOUS
10
5.4404330708661419
20
-3.9403937007874017
11
5.4404330708661419
21
-3.9297637795275588
0
LINE
8
BLACK
6
CONTINUOUS
10
5.4404330708661419
20
-3.9297637795275588
11
5.4409874803149609
21
-3.9269765354330706
0
LINE
8
BLACK
6
CONTINUOUS
10
5.4409874803149609
20
-3.9269765354330706
11
5.4425663385826768
21
-3.9246135826771651
0
LINE
8
BLACK
6
CONTINUOUS
10
5.4425663385826768
20
-3.9246135826771651
11
5.4449292913385827
21
-3.9230347244094488
0
LINE
8
BLACK
6
CONTINUOUS
10
5.4449292913385827
20
-3.9230347244094488
11
5.447716535433071
21
-3.9224803149606298
0
LINE
8
BLACK
6
CONTINUOUS
10
5.447716535433071
20
-3.9224803149606298
11
5.4622834645669291
21
-3.9224803149606298
0
LINE
8
BLACK
6
CONTINUOUS
10
5.4622834645669291
20
-3.9224803149606298
11
5.4650707086614174
21
-3.9230347244094488
0
LINE
8
BLACK
6
CONTINUOUS
10
5.542761181102362
20
-3.9225120472440942
11
5.5433998031496063
21
-3.9229387795275588
0
LINE
8
BLACK
6
CONTINUOUS
10
5.5433998031496063
20
-3.9229387795275588
11
5.5438265354330705
21
-3.9235774015748031
0
LINE
8
BLACK
6
CONTINUOUS
10
5.5438265354330705
20
-3.9235774015748031
11
5.543976377952756
21
-3.9243307086614174
0
LINE
8
BLACK
6
CONTINUOUS
10
5.543976377952756
20
-3.9243307086614174
11
5.543976377952756
21
-3.9400787401574804
0
LINE
8
BLACK
6
CONTINUOUS
10
5.543976377952756
20
-3.9400787401574804
11
5.5438265354330705
21
-3.9408320472440943
0
LINE
8
BLACK
6
CONTINUOUS
10
5.5438265354330705
20
-3.9408320472440943
11
5.5433998031496063
21
-3.9414706692913386
0
LINE
8
BLACK
6
CONTINUOUS
10
5.5433998031496063
20
-3.9414706692913386
11
5.542761181102362
21
-3.9418974015748032
0
LINE
8
BLACK
6
CONTINUOUS
10
5.542761181102362
20
-3.9418974015748032
11
5.5420078740157477
21
-3.9420472440944883
0
LINE
8
BLACK
6
CONTINUOUS
10
5.5420078740157477
20
-3.9420472440944883
11
5.4987007874015745
21
-3.9420472440944883
0
LINE
8
BLACK
6
CONTINUOUS
10
5.4987007874015745
20
-3.9420472440944883
11
5.4979474803149602
21
-3.9418974015748032
0
LINE
8
BLACK
6
CONTINUOUS
10
5.4979474803149602
20
-3.9418974015748032
11
5.4973088582677168
21
-3.9414706692913386
0
LINE
8
BLACK
6
CONTINUOUS
10
5.4973088582677168
20
-3.9414706692913386
11
5.4968821259842517
21
-3.9408320472440943
0
LINE
8
BLACK
6
CONTINUOUS
10
5.4968821259842517
20
-3.9408320472440943
11
5.4967322834645671
21
-3.9400787401574804
0
LINE
8
BLACK
6
CONTINUOUS
10
5.4967322834645671
20
-3.9400787401574804
11
5.4967322834645671
21
-3.9243307086614174
0
LINE
8
BLACK
6
CONTINUOUS
10
5.4967322834645671
20
-3.9243307086614174
11
5.4968821259842517
21
-3.9235774015748031
0
LINE
8
BLACK
6
CONTINUOUS
10
5.4968821259842517
20
-3.9235774015748031
11
5.4973088582677168
21
-3.9229387795275588
0
LINE
8
BLACK
6
CONTINUOUS
10
5.4973088582677168
20
-3.9229387795275588
11
5.4979474803149602
21
-3.9225120472440942
0
LINE
8
BLACK
6
CONTINUOUS
10
5.4979474803149602
20
-3.9225120472440942
11
5.4987007874015745
21
-3.9223622047244096
0
LINE
8
BLACK
6
CONTINUOUS
10
5.4987007874015745
20
-3.9223622047244096
11
5.5420078740157477
21
-3.9223622047244096
0
LINE
8
BLACK
6
CONTINUOUS
10
5.5420078740157477
20
-3.9223622047244096
11
5.542761181102362
21
-3.9225120472440942
0
LINE
8
BLACK
6
CONTINUOUS
10
5.7120525196850389
20
-3.9225120472440942
11
5.7126911417322832
21
-3.9229387795275588
0
LINE
8
BLACK
6
CONTINUOUS
10
5.7126911417322832
20
-3.9229387795275588
11
5.7131178740157482
21
-3.9235774015748031
0
LINE
8
BLACK
6
CONTINUOUS
10
5.7131178740157482
20
-3.9235774015748031
11
5.7132677165354329
21
-3.9243307086614174
0
LINE
8
BLACK
6
CONTINUOUS
10
5.7132677165354329
20
-3.9243307086614174
11
5.7132677165354329
21
-3.9400787401574804
0
LINE
8
BLACK
6
CONTINUOUS
10
5.7132677165354329
20
-3.9400787401574804
11
5.7131178740157482
21
-3.9408320472440943
0
LINE
8
BLACK
6
CONTINUOUS
10
5.7131178740157482
20
-3.9408320472440943
11
5.7126911417322832
21
-3.9414706692913386
0
LINE
8
BLACK
6
CONTINUOUS
10
5.7126911417322832
20
-3.9414706692913386
11
5.7120525196850389
21
-3.9418974015748032
0
LINE
8
BLACK
6
CONTINUOUS
10
5.7120525196850389
20
-3.9418974015748032
11
5.7112992125984254
21
-3.9420472440944883
0
LINE
8
BLACK
6
CONTINUOUS
10
5.7112992125984254
20
-3.9420472440944883
11
5.6679921259842523
21
-3.9420472440944883
0
LINE
8
BLACK
6
CONTINUOUS
10
5.6679921259842523
20
-3.9420472440944883
11
5.6672388188976379
21
-3.9418974015748032
0
LINE
8
BLACK
6
CONTINUOUS
10
5.6672388188976379
20
-3.9418974015748032
11
5.6666001968503936
21
-3.9414706692913386
0
LINE
8
BLACK
6
CONTINUOUS
10
5.6666001968503936
20
-3.9414706692913386
11
5.6661734645669286
21
-3.9408320472440943
0
LINE
8
BLACK
6
CONTINUOUS
10
5.6661734645669286
20
-3.9408320472440943
11
5.666023622047244
21
-3.9400787401574804
0
LINE
8
BLACK
6
CONTINUOUS
10
5.666023622047244
20
-3.9400787401574804
11
5.666023622047244
21
-3.9243307086614174
0
LINE
8
BLACK
6
CONTINUOUS
10
5.666023622047244
20
-3.9243307086614174
11
5.6661734645669286
21
-3.9235774015748031
0
LINE
8
BLACK
6
CONTINUOUS
10
5.6661734645669286
20
-3.9235774015748031
11
5.6666001968503936
21
-3.9229387795275588
0
LINE
8
BLACK
6
CONTINUOUS
10
5.6666001968503936
20
-3.9229387795275588
11
5.6672388188976379
21
-3.9225120472440942
0
LINE
8
BLACK
6
CONTINUOUS
10
5.6672388188976379
20
-3.9225120472440942
11
5.6679921259842523
21
-3.9223622047244096
0
LINE
8
BLACK
6
CONTINUOUS
10
5.6679921259842523
20
-3.9223622047244096
11
5.7112992125984254
21
-3.9223622047244096
0
LINE
8
BLACK
6
CONTINUOUS
10
5.7112992125984254
20
-3.9223622047244096
11
5.7120525196850389
21
-3.9225120472440942
0
LINE
8
BLACK
6
CONTINUOUS
10
5.2741050393700784
20
-3.9115595275590551
11
5.2753823228346457
21
-3.9124129527559055
0
LINE
8
BLACK
6
CONTINUOUS
10
5.2753823228346457
20
-3.9124129527559055
11
5.2762357480314961
21
-3.9136902362204724
0
LINE
8
BLACK
6
CONTINUOUS
10
5.2762357480314961
20
-3.9136902362204724
11
5.2765354330708663
21
-3.9151968503937007
0
LINE
8
BLACK
6
CONTINUOUS
10
5.2765354330708663
20
-3.9151968503937007
11
5.2765354330708663
21
-3.9329133858267715
0
LINE
8
BLACK
6
CONTINUOUS
10
5.2765354330708663
20
-3.9329133858267715
11
5.2762357480314961
21
-3.9344199999999998
0
LINE
8
BLACK
6
CONTINUOUS
10
5.2762357480314961
20
-3.9344199999999998
11
5.2753823228346457
21
-3.9356972834645667
0
LINE
8
BLACK
6
CONTINUOUS
10
5.2753823228346457
20
-3.9356972834645667
11
5.2741050393700784
21
-3.9365507086614171
0
LINE
8
BLACK
6
CONTINUOUS
10
5.2741050393700784
20
-3.9365507086614171
11
5.2725984251968505
21
-3.9368503937007873
0
LINE
8
BLACK
6
CONTINUOUS
10
5.2725984251968505
20
-3.9368503937007873
11
5.2686614173228348
21
-3.9368503937007873
0
LINE
8
BLACK
6
CONTINUOUS
10
5.2686614173228348
20
-3.9368503937007873
11
5.267154803149606
21
-3.9365507086614171
0
LINE
8
BLACK
6
CONTINUOUS
10
5.267154803149606
20
-3.9365507086614171
11
5.2658775196850396
21
-3.9356972834645667
0
LINE
8
BLACK
6
CONTINUOUS
10
5.2658775196850396
20
-3.9356972834645667
11
5.2650240944881892
21
-3.9344199999999998
0
LINE
8
BLACK
6
CONTINUOUS
10
5.2650240944881892
20
-3.9344199999999998
11
5.264724409448819
21
-3.9329133858267715
0
LINE
8
BLACK
6
CONTINUOUS
10
5.264724409448819
20
-3.9329133858267715
11
5.264724409448819
21
-3.9151968503937007
0
LINE
8
BLACK
6
CONTINUOUS
10
5.264724409448819
20
-3.9151968503937007
11
5.2650240944881892
21
-3.9136902362204724
0
LINE
8
BLACK
6
CONTINUOUS
10
5.2650240944881892
20
-3.9136902362204724
11
5.2658775196850396
21
-3.9124129527559055
0
LINE
8
BLACK
6
CONTINUOUS
10
5.2658775196850396
20
-3.9124129527559055
11
5.267154803149606
21
-3.9115595275590551
0
LINE
8
BLACK
6
CONTINUOUS
10
5.267154803149606
20
-3.9115595275590551
11
5.2686614173228348
21
-3.9112598425196849
0
LINE
8
BLACK
6
CONTINUOUS
10
5.2686614173228348
20
-3.9112598425196849
11
5.2725984251968505
21
-3.9112598425196849
0
LINE
8
BLACK
6
CONTINUOUS
10
5.2725984251968505
20
-3.9112598425196849
11
5.2741050393700784
21
-3.9115595275590551
0
LINE
8
BLACK
6
CONTINUOUS
10
5.2898530708661413
20
-3.9115595275590551
11
5.2911303543307087
21
-3.9124129527559055
0
LINE
8
BLACK
6
CONTINUOUS
10
5.2911303543307087
20
-3.9124129527559055
11
5.2919837795275591
21
-3.9136902362204724
0
LINE
8
BLACK
6
CONTINUOUS
10
5.2919837795275591
20
-3.9136902362204724
11
5.2922834645669292
21
-3.9151968503937007
0
LINE
8
BLACK
6
CONTINUOUS
10
5.2922834645669292
20
-3.9151968503937007
11
5.2922834645669292
21
-3.9329133858267715
0
LINE
8
BLACK
6
CONTINUOUS
10
5.2922834645669292
20
-3.9329133858267715
11
5.2919837795275591
21
-3.9344199999999998
0
LINE
8
BLACK
6
CONTINUOUS
10
5.2919837795275591
20
-3.9344199999999998
11
5.2911303543307087
21
-3.9356972834645667
0
LINE
8
BLACK
6
CONTINUOUS
10
5.2911303543307087
20
-3.9356972834645667
11
5.2898530708661413
21
-3.9365507086614171
0
LINE
8
BLACK
6
CONTINUOUS
10
5.2898530708661413
20
-3.9365507086614171
11
5.2883464566929135
21
-3.9368503937007873
0
LINE
8
BLACK
6
CONTINUOUS
10
5.2883464566929135
20
-3.9368503937007873
11
5.2844094488188977
21
-3.9368503937007873
0
LINE
8
BLACK
6
CONTINUOUS
10
5.2844094488188977
20
-3.9368503937007873
11
5.282902834645669
21
-3.9365507086614171
0
LINE
8
BLACK
6
CONTINUOUS
10
5.282902834645669
20
-3.9365507086614171
11
5.2816255511811026
21
-3.9356972834645667
0
LINE
8
BLACK
6
CONTINUOUS
10
5.2816255511811026
20
-3.9356972834645667
11
5.2807721259842522
21
-3.9344199999999998
0
LINE
8
BLACK
6
CONTINUOUS
10
5.2807721259842522
20
-3.9344199999999998
11
5.280472440944882
21
-3.9329133858267715
0
LINE
8
BLACK
6
CONTINUOUS
10
5.280472440944882
20
-3.9329133858267715
11
5.280472440944882
21
-3.9151968503937007
0
LINE
8
BLACK
6
CONTINUOUS
10
5.280472440944882
20
-3.9151968503937007
11
5.2807721259842522
21
-3.9136902362204724
0
LINE
8
BLACK
6
CONTINUOUS
10
5.2807721259842522
20
-3.9136902362204724
11
5.2816255511811026
21
-3.9124129527559055
0
LINE
8
BLACK
6
CONTINUOUS
10
5.2816255511811026
20
-3.9124129527559055
11
5.282902834645669
21
-3.9115595275590551
0
LINE
8
BLACK
6
CONTINUOUS
10
5.282902834645669
20
-3.9115595275590551
11
5.2844094488188977
21
-3.9112598425196849
0
LINE
8
BLACK
6
CONTINUOUS
10
5.2844094488188977
20
-3.9112598425196849
11
5.2883464566929135
21
-3.9112598425196849
0
LINE
8
BLACK
6
CONTINUOUS
10
5.2883464566929135
20
-3.9112598425196849
11
5.2898530708661413
21
-3.9115595275590551
0
LINE
8
BLACK
6
CONTINUOUS
10
5.3056011023622043
20
-3.9115595275590551
11
5.3068783858267716
21
-3.9124129527559055
0
LINE
8
BLACK
6
CONTINUOUS
10
5.3068783858267716
20
-3.9124129527559055
11
5.307731811023622
21
-3.9136902362204724
0
LINE
8
BLACK
6
CONTINUOUS
10
5.307731811023622
20
-3.9136902362204724
11
5.3080314960629922
21
-3.9151968503937007
0
LINE
8
BLACK
6
CONTINUOUS
10
5.3080314960629922
20
-3.9151968503937007
11
5.3080314960629922
21
-3.9329133858267715
0
LINE
8
BLACK
6
CONTINUOUS
10
5.3080314960629922
20
-3.9329133858267715
11
5.307731811023622
21
-3.9344199999999998
0
LINE
8
BLACK
6
CONTINUOUS
10
5.307731811023622
20
-3.9344199999999998
11
5.3068783858267716
21
-3.9356972834645667
0
LINE
8
BLACK
6
CONTINUOUS
10
5.3068783858267716
20
-3.9356972834645667
11
5.3056011023622043
21
-3.9365507086614171
0
LINE
8
BLACK
6
CONTINUOUS
10
5.3056011023622043
20
-3.9365507086614171
11
5.3040944881889764
21
-3.9368503937007873
0
LINE
8
BLACK
6
CONTINUOUS
10
5.3040944881889764
20
-3.9368503937007873
11
5.3001574803149607
21
-3.9368503937007873
0
LINE
8
BLACK
6
CONTINUOUS
10
5.3001574803149607
20
-3.9368503937007873
11
5.298650866141732
21
-3.9365507086614171
0
LINE
8
BLACK
6
CONTINUOUS
10
5.298650866141732
20
-3.9365507086614171
11
5.2973735826771655
21
-3.9356972834645667
0
LINE
8
BLACK
6
CONTINUOUS
10
5.2973735826771655
20
-3.9356972834645667
11
5.2965201574803151
21
-3.9344199999999998
0
LINE
8
BLACK
6
CONTINUOUS
10
5.2965201574803151
20
-3.9344199999999998
11
5.296220472440945
21
-3.9329133858267715
0
LINE
8
BLACK
6
CONTINUOUS
10
5.296220472440945
20
-3.9329133858267715
11
5.296220472440945
21
-3.9151968503937007
0
LINE
8
BLACK
6
CONTINUOUS
10
5.296220472440945
20
-3.9151968503937007
11
5.2965201574803151
21
-3.9136902362204724
0
LINE
8
BLACK
6
CONTINUOUS
10
5.2965201574803151
20
-3.9136902362204724
11
5.2973735826771655
21
-3.9124129527559055
0
LINE
8
BLACK
6
CONTINUOUS
10
5.2973735826771655
20
-3.9124129527559055
11
5.298650866141732
21
-3.9115595275590551
0
LINE
8
BLACK
6
CONTINUOUS
10
5.298650866141732
20
-3.9115595275590551
11
5.3001574803149607
21
-3.9112598425196849
0
LINE
8
BLACK
6
CONTINUOUS
10
5.3001574803149607
20
-3.9112598425196849
11
5.3040944881889764
21
-3.9112598425196849
0
LINE
8
BLACK
6
CONTINUOUS
10
5.3040944881889764
20
-3.9112598425196849
11
5.3056011023622043
21
-3.9115595275590551
0
LINE
8
BLACK
6
CONTINUOUS
10
5.3213491338582672
20
-3.9115595275590551
11
5.3226264173228346
21
-3.9124129527559055
0
LINE
8
BLACK
6
CONTINUOUS
10
5.3226264173228346
20
-3.9124129527559055
11
5.323479842519685
21
-3.9136902362204724
0
LINE
8
BLACK
6
CONTINUOUS
10
5.323479842519685
20
-3.9136902362204724
11
5.3237795275590551
21
-3.9151968503937007
0
LINE
8
BLACK
6
CONTINUOUS
10
5.3237795275590551
20
-3.9151968503937007
11
5.3237795275590551
21
-3.9329133858267715
0
LINE
8
BLACK
6
CONTINUOUS
10
5.3237795275590551
20
-3.9329133858267715
11
5.323479842519685
21
-3.9344199999999998
0
LINE
8
BLACK
6
CONTINUOUS
10
5.323479842519685
20
-3.9344199999999998
11
5.3226264173228346
21
-3.9356972834645667
0
LINE
8
BLACK
6
CONTINUOUS
10
5.3226264173228346
20
-3.9356972834645667
11
5.3213491338582672
21
-3.9365507086614171
0
LINE
8
BLACK
6
CONTINUOUS
10
5.3213491338582672
20
-3.9365507086614171
11
5.3198425196850394
21
-3.9368503937007873
0
LINE
8
BLACK
6
CONTINUOUS
10
5.3198425196850394
20
-3.9368503937007873
11
5.3159055118110237
21
-3.9368503937007873
0
LINE
8
BLACK
6
CONTINUOUS
10
5.3159055118110237
20
-3.9368503937007873
11
5.3143988976377949
21
-3.9365507086614171
0
LINE
8
BLACK
6
CONTINUOUS
10
5.3143988976377949
20
-3.9365507086614171
11
5.3131216141732285
21
-3.9356972834645667
0
LINE
8
BLACK
6
CONTINUOUS
10
5.3131216141732285
20
-3.9356972834645667
11
5.3122681889763781
21
-3.9344199999999998
0
LINE
8
BLACK
6
CONTINUOUS
10
5.3122681889763781
20
-3.9344199999999998
11
5.3119685039370079
21
-3.9329133858267715
0
LINE
8
BLACK
6
CONTINUOUS
10
5.3119685039370079
20
-3.9329133858267715
11
5.3119685039370079
21
-3.9151968503937007
0
LINE
8
BLACK
6
CONTINUOUS
10
5.3119685039370079
20
-3.9151968503937007
11
5.3122681889763781
21
-3.9136902362204724
0
LINE
8
BLACK
6
CONTINUOUS
10
5.3122681889763781
20
-3.9136902362204724
11
5.3131216141732285
21
-3.9124129527559055
0
LINE
8
BLACK
6
CONTINUOUS
10
5.3131216141732285
20
-3.9124129527559055
11
5.3143988976377949
21
-3.9115595275590551
0
LINE
8
BLACK
6
CONTINUOUS
10
5.3143988976377949
20
-3.9115595275590551
11
5.3159055118110237
21
-3.9112598425196849
0
LINE
8
BLACK
6
CONTINUOUS
10
5.3159055118110237
20
-3.9112598425196849
11
5.3198425196850394
21
-3.9112598425196849
0
LINE
8
BLACK
6
CONTINUOUS
10
5.3198425196850394
20
-3.9112598425196849
11
5.3213491338582672
21
-3.9115595275590551
0
LINE
8
BLACK
6
CONTINUOUS
10
5.3370971653543302
20
-3.9115595275590551
11
5.3383744488188976
21
-3.9124129527559055
0
LINE
8
BLACK
6
CONTINUOUS
10
5.3383744488188976
20
-3.9124129527559055
11
5.3392278740157479
21
-3.9136902362204724
0
LINE
8
BLACK
6
CONTINUOUS
10
5.3392278740157479
20
-3.9136902362204724
11
5.3395275590551181
21
-3.9151968503937007
0
LINE
8
BLACK
6
CONTINUOUS
10
5.3395275590551181
20
-3.9151968503937007
11
5.3395275590551181
21
-3.9329133858267715
0
LINE
8
BLACK
6
CONTINUOUS
10
5.3395275590551181
20
-3.9329133858267715
11
5.3392278740157479
21
-3.9344199999999998
0
LINE
8
BLACK
6
CONTINUOUS
10
5.3392278740157479
20
-3.9344199999999998
11
5.3383744488188976
21
-3.9356972834645667
0
LINE
8
BLACK
6
CONTINUOUS
10
5.3383744488188976
20
-3.9356972834645667
11
5.3370971653543302
21
-3.9365507086614171
0
LINE
8
BLACK
6
CONTINUOUS
10
5.3370971653543302
20
-3.9365507086614171
11
5.3355905511811024
21
-3.9368503937007873
0
LINE
8
BLACK
6
CONTINUOUS
10
5.3355905511811024
20
-3.9368503937007873
11
5.3316535433070866
21
-3.9368503937007873
0
LINE
8
BLACK
6
CONTINUOUS
10
5.3316535433070866
20
-3.9368503937007873
11
5.3301469291338579
21
-3.9365507086614171
0
LINE
8
BLACK
6
CONTINUOUS
10
5.3301469291338579
20
-3.9365507086614171
11
5.3288696456692914
21
-3.9356972834645667
0
LINE
8
BLACK
6
CONTINUOUS
10
5.3288696456692914
20
-3.9356972834645667
11
5.3280162204724411
21
-3.9344199999999998
0
LINE
8
BLACK
6
CONTINUOUS
10
5.3280162204724411
20
-3.9344199999999998
11
5.3277165354330709
21
-3.9329133858267715
0
LINE
8
BLACK
6
CONTINUOUS
10
5.3277165354330709
20
-3.9329133858267715
11
5.3277165354330709
21
-3.9151968503937007
0
LINE
8
BLACK
6
CONTINUOUS
10
5.3277165354330709
20
-3.9151968503937007
11
5.3280162204724411
21
-3.9136902362204724
0
LINE
8
BLACK
6
CONTINUOUS
10
5.3280162204724411
20
-3.9136902362204724
11
5.3288696456692914
21
-3.9124129527559055
0
LINE
8
BLACK
6
CONTINUOUS
10
5.3288696456692914
20
-3.9124129527559055
11
5.3301469291338579
21
-3.9115595275590551
0
LINE
8
BLACK
6
CONTINUOUS
10
5.3301469291338579
20
-3.9115595275590551
11
5.3316535433070866
21
-3.9112598425196849
0
LINE
8
BLACK
6
CONTINUOUS
10
5.3316535433070866
20
-3.9112598425196849
11
5.3355905511811024
21
-3.9112598425196849
0
LINE
8
BLACK
6
CONTINUOUS
10
5.3355905511811024
20
-3.9112598425196849
11
5.3370971653543302
21
-3.9115595275590551
0
LINE
8
BLACK
6
CONTINUOUS
10
5.3528451968503932
20
-3.9115595275590551
11
5.3541224803149605
21
-3.9124129527559055
0
LINE
8
BLACK
6
CONTINUOUS
10
5.3541224803149605
20
-3.9124129527559055
11
5.3549759055118109
21
-3.9136902362204724
0
LINE
8
BLACK
6
CONTINUOUS
10
5.3549759055118109
20
-3.9136902362204724
11
5.3552755905511811
21
-3.9151968503937007
0
LINE
8
BLACK
6
CONTINUOUS
10
5.3552755905511811
20
-3.9151968503937007
11
5.3552755905511811
21
-3.9329133858267715
0
LINE
8
BLACK
6
CONTINUOUS
10
5.3552755905511811
20
-3.9329133858267715
11
5.3549759055118109
21
-3.9344199999999998
0
LINE
8
BLACK
6
CONTINUOUS
10
5.3549759055118109
20
-3.9344199999999998
11
5.3541224803149605
21
-3.9356972834645667
0
LINE
8
BLACK
6
CONTINUOUS
10
5.3541224803149605
20
-3.9356972834645667
11
5.3528451968503932
21
-3.9365507086614171
0
LINE
8
BLACK
6
CONTINUOUS
10
5.3528451968503932
20
-3.9365507086614171
11
5.3513385826771653
21
-3.9368503937007873
0
LINE
8
BLACK
6
CONTINUOUS
10
5.3513385826771653
20
-3.9368503937007873
11
5.3474015748031496
21
-3.9368503937007873
0
LINE
8
BLACK
6
CONTINUOUS
10
5.3474015748031496
20
-3.9368503937007873
11
5.3458949606299209
21
-3.9365507086614171
0
LINE
8
BLACK
6
CONTINUOUS
10
5.3458949606299209
20
-3.9365507086614171
11
5.3446176771653544
21
-3.9356972834645667
0
LINE
8
BLACK
6
CONTINUOUS
10
5.3446176771653544
20
-3.9356972834645667
11
5.343764251968504
21
-3.9344199999999998
0
LINE
8
BLACK
6
CONTINUOUS
10
5.343764251968504
20
-3.9344199999999998
11
5.3434645669291339
21
-3.9329133858267715
0
LINE
8
BLACK
6
CONTINUOUS
10
5.3434645669291339
20
-3.9329133858267715
11
5.3434645669291339
21
-3.9151968503937007
0
LINE
8
BLACK
6
CONTINUOUS
10
5.3434645669291339
20
-3.9151968503937007
11
5.343764251968504
21
-3.9136902362204724
0
LINE
8
BLACK
6
CONTINUOUS
10
5.343764251968504
20
-3.9136902362204724
11
5.3446176771653544
21
-3.9124129527559055
0
LINE
8
BLACK
6
CONTINUOUS
10
5.3446176771653544
20
-3.9124129527559055
11
5.3458949606299209
21
-3.9115595275590551
0
LINE
8
BLACK
6
CONTINUOUS
10
5.3458949606299209
20
-3.9115595275590551
11
5.3474015748031496
21
-3.9112598425196849
0
LINE
8
BLACK
6
CONTINUOUS
10
5.3474015748031496
20
-3.9112598425196849
11
5.3513385826771653
21
-3.9112598425196849
0
LINE
8
BLACK
6
CONTINUOUS
10
5.3513385826771653
20
-3.9112598425196849
11
5.3528451968503932
21
-3.9115595275590551
0
LINE
8
BLACK
6
CONTINUOUS
10
5.8107298031496057
20
-3.9069379527559054
11
5.8132842913385829
21
-3.9086448425196849
0
LINE
8
BLACK
6
CONTINUOUS
10
5.8132842913385829
20
-3.9086448425196849
11
5.8149911811023625
21
-3.9111993307086612
0
LINE
8
BLACK
6
CONTINUOUS
10
5.8149911811023625
20
-3.9111993307086612
11
5.8155905511811019
21
-3.914212598425197
0
LINE
8
BLACK
6
CONTINUOUS
10
5.8155905511811019
20
-3.914212598425197
11
5.8155905511811019
21
-3.9260236220472442
0
LINE
8
BLACK
6
CONTINUOUS
10
5.8155905511811019
20
-3.9260236220472442
11
5.8149911811023625
21
-3.9290368897637795
0
LINE
8
BLACK
6
CONTINUOUS
10
5.8149911811023625
20
-3.9290368897637795
11
5.8132842913385829
21
-3.9315913779527558
0
LINE
8
BLACK
6
CONTINUOUS
10
5.8132842913385829
20
-3.9315913779527558
11
5.8107298031496057
21
-3.9332982677165353
0
LINE
8
BLACK
6
CONTINUOUS
10
5.8107298031496057
20
-3.9332982677165353
11
5.8077165354330704
21
-3.9338976377952757
0
LINE
8
BLACK
6
CONTINUOUS
10
5.8077165354330704
20
-3.9338976377952757
11
5.7525984251968501
21
-3.9338976377952757
0
LINE
8
BLACK
6
CONTINUOUS
10
5.7525984251968501
20
-3.9338976377952757
11
5.7495851574803147
21
-3.9332982677165353
0
LINE
8
BLACK
6
CONTINUOUS
10
5.7495851574803147
20
-3.9332982677165353
11
5.7470306692913384
21
-3.9315913779527558
0
LINE
8
BLACK
6
CONTINUOUS
10
5.7470306692913384
20
-3.9315913779527558
11
5.7453237795275589
21
-3.9290368897637795
0
LINE
8
BLACK
6
CONTINUOUS
10
5.7453237795275589
20
-3.9290368897637795
11
5.7447244094488186
21
-3.9260236220472442
0
LINE
8
BLACK
6
CONTINUOUS
10
5.7447244094488186
20
-3.9260236220472442
11
5.7447244094488186
21
-3.914212598425197
0
LINE
8
BLACK
6
CONTINUOUS
10
5.7447244094488186
20
-3.914212598425197
11
5.7453237795275589
21
-3.9111993307086612
0
LINE
8
BLACK
6
CONTINUOUS
10
5.7453237795275589
20
-3.9111993307086612
11
5.7470306692913384
21
-3.9086448425196849
0
LINE
8
BLACK
6
CONTINUOUS
10
5.7470306692913384
20
-3.9086448425196849
11
5.7495851574803147
21
-3.9069379527559054
0
LINE
8
BLACK
6
CONTINUOUS
10
5.7495851574803147
20
-3.9069379527559054
11
5.7525984251968501
21
-3.906338582677165
0
LINE
8
BLACK
6
CONTINUOUS
10
5.7525984251968501
20
-3.906338582677165
11
5.8077165354330704
21
-3.906338582677165
0
LINE
8
BLACK
6
CONTINUOUS
10
5.8077165354330704
20
-3.906338582677165
11
5.8107298031496057
21
-3.9069379527559054
0
LINE
8
BLACK
6
CONTINUOUS
10
4.9068950393700783
20
-3.9074726771653543
11
4.9075336614173226
21
-3.9078994094488189
0
LINE
8
BLACK
6
CONTINUOUS
10
4.9075336614173226
20
-3.9078994094488189
11
4.9079603937007876
21
-3.9085380314960627
0
LINE
8
BLACK
6
CONTINUOUS
10
4.9079603937007876
20
-3.9085380314960627
11
4.9081102362204723
21
-3.9092913385826771
0
LINE
8
BLACK
6
CONTINUOUS
10
4.9081102362204723
20
-3.9092913385826771
11
4.9081102362204723
21
-3.9289763779527558
0
LINE
8
BLACK
6
CONTINUOUS
10
4.9081102362204723
20
-3.9289763779527558
11
4.9079603937007876
21
-3.9297296850393701
0
LINE
8
BLACK
6
CONTINUOUS
10
4.9079603937007876
20
-3.9297296850393701
11
4.9075336614173226
21
-3.930368307086614
0
LINE
8
BLACK
6
CONTINUOUS
10
4.9075336614173226
20
-3.930368307086614
11
4.9068950393700783
21
-3.9307950393700786
0
LINE
8
BLACK
6
CONTINUOUS
10
4.9068950393700783
20
-3.9307950393700786
11
4.9061417322834648
21
-3.9309448818897637
0
LINE
8
BLACK
6
CONTINUOUS
10
4.9061417322834648
20
-3.9309448818897637
11
4.8274015748031491
21
-3.9309448818897637
0
LINE
8
BLACK
6
CONTINUOUS
10
4.8274015748031491
20
-3.9309448818897637
11
4.8266482677165357
21
-3.9307950393700786
0
LINE
8
BLACK
6
CONTINUOUS
10
4.8266482677165357
20
-3.9307950393700786
11
4.8260096456692914
21
-3.930368307086614
0
LINE
8
BLACK
6
CONTINUOUS
10
4.8260096456692914
20
-3.930368307086614
11
4.8255829133858263
21
-3.9297296850393701
0
LINE
8
BLACK
6
CONTINUOUS
10
4.8255829133858263
20
-3.9297296850393701
11
4.8254330708661417
21
-3.9289763779527558
0
LINE
8
BLACK
6
CONTINUOUS
10
4.8254330708661417
20
-3.9289763779527558
11
4.8254330708661417
21
-3.9092913385826771
0
LINE
8
BLACK
6
CONTINUOUS
10
4.8254330708661417
20
-3.9092913385826771
11
4.8255829133858263
21
-3.9085380314960627
0
LINE
8
BLACK
6
CONTINUOUS
10
4.8255829133858263
20
-3.9085380314960627
11
4.8260096456692914
21
-3.9078994094488189
0
LINE
8
BLACK
6
CONTINUOUS
10
4.8260096456692914
20
-3.9078994094488189
11
4.8266482677165357
21
-3.9074726771653543
0
LINE
8
BLACK
6
CONTINUOUS
10
4.8266482677165357
20
-3.9074726771653543
11
4.8274015748031491
21
-3.9073228346456692
0
LINE
8
BLACK
6
CONTINUOUS
10
4.8274015748031491
20
-3.9073228346456692
11
4.9061417322834648
21
-3.9073228346456692
0
LINE
8
BLACK
6
CONTINUOUS
10
4.9061417322834648
20
-3.9073228346456692
11
4.9068950393700783
21
-3.9074726771653543
0
LINE
8
BLACK
6
CONTINUOUS
10
5.1785485826771653
20
-3.9074726771653543
11
5.1791872047244096
21
-3.9078994094488189
0
LINE
8
BLACK
6
CONTINUOUS
10
5.1791872047244096
20
-3.9078994094488189
11
5.1796139370078738
21
-3.9085380314960627
0
LINE
8
BLACK
6
CONTINUOUS
10
5.1796139370078738
20
-3.9085380314960627
11
5.1797637795275593
21
-3.9092913385826771
0
LINE
8
BLACK
6
CONTINUOUS
10
5.1797637795275593
20
-3.9092913385826771
11
5.1797637795275593
21
-3.9289763779527558
0
LINE
8
BLACK
6
CONTINUOUS
10
5.1797637795275593
20
-3.9289763779527558
11
5.1796139370078738
21
-3.9297296850393701
0
LINE
8
BLACK
6
CONTINUOUS
10
5.1796139370078738
20
-3.9297296850393701
11
5.1791872047244096
21
-3.930368307086614
0
LINE
8
BLACK
6
CONTINUOUS
10
5.1791872047244096
20
-3.930368307086614
11
5.1785485826771653
21
-3.9307950393700786
0
LINE
8
BLACK
6
CONTINUOUS
10
5.1785485826771653
20
-3.9307950393700786
11
5.177795275590551
21
-3.9309448818897637
0
LINE
8
BLACK
6
CONTINUOUS
10
5.177795275590551
20
-3.9309448818897637
11
5.0990551181102362
21
-3.9309448818897637
0
LINE
8
BLACK
6
CONTINUOUS
10
5.0990551181102362
20
-3.9309448818897637
11
5.0983018110236218
21
-3.9307950393700786
0
LINE
8
BLACK
6
CONTINUOUS
10
5.0983018110236218
20
-3.9307950393700786
11
5.0976631889763775
21
-3.930368307086614
0
LINE
8
BLACK
6
CONTINUOUS
10
5.0976631889763775
20
-3.930368307086614
11
5.0972364566929134
21
-3.9297296850393701
0
LINE
8
BLACK
6
CONTINUOUS
10
5.0972364566929134
20
-3.9297296850393701
11
5.0970866141732278
21
-3.9289763779527558
0
LINE
8
BLACK
6
CONTINUOUS
10
5.0970866141732278
20
-3.9289763779527558
11
5.0970866141732278
21
-3.9092913385826771
0
LINE
8
BLACK
6
CONTINUOUS
10
5.0970866141732278
20
-3.9092913385826771
11
5.0972364566929134
21
-3.9085380314960627
0
LINE
8
BLACK
6
CONTINUOUS
10
5.0972364566929134
20
-3.9085380314960627
11
5.0976631889763775
21
-3.9078994094488189
0
LINE
8
BLACK
6
CONTINUOUS
10
5.0976631889763775
20
-3.9078994094488189
11
5.0983018110236218
21
-3.9074726771653543
0
LINE
8
BLACK
6
CONTINUOUS
10
5.0983018110236218
20
-3.9074726771653543
11
5.0990551181102362
21
-3.9073228346456692
0
LINE
8
BLACK
6
CONTINUOUS
10
5.0990551181102362
20
-3.9073228346456692
11
5.177795275590551
21
-3.9073228346456692
0
LINE
8
BLACK
6
CONTINUOUS
10
5.177795275590551
20
-3.9073228346456692
11
5.1785485826771653
21
-3.9074726771653543
0
LINE
8
BLACK
6
CONTINUOUS
10
5.542761181102362
20
-3.8969214960629919
11
5.5433998031496063
21
-3.8973482283464564
0
LINE
8
BLACK
6
CONTINUOUS
10
5.5433998031496063
20
-3.8973482283464564
11
5.5438265354330705
21
-3.8979868503937007
0
LINE
8
BLACK
6
CONTINUOUS
10
5.5438265354330705
20
-3.8979868503937007
11
5.543976377952756
21
-3.8987401574803147
0
LINE
8
BLACK
6
CONTINUOUS
10
5.543976377952756
20
-3.8987401574803147
11
5.543976377952756
21
-3.9144881889763781
0
LINE
8
BLACK
6
CONTINUOUS
10
5.543976377952756
20
-3.9144881889763781
11
5.5438265354330705
21
-3.915241496062992
0
LINE
8
BLACK
6
CONTINUOUS
10
5.5438265354330705
20
-3.915241496062992
11
5.5433998031496063
21
-3.9158801181102363
0
LINE
8
BLACK
6
CONTINUOUS
10
5.5433998031496063
20
-3.9158801181102363
11
5.542761181102362
21
-3.9163068503937009
0
LINE
8
BLACK
6
CONTINUOUS
10
5.542761181102362
20
-3.9163068503937009
11
5.5420078740157477
21
-3.9164566929133859
0
LINE
8
BLACK
6
CONTINUOUS
10
5.5420078740157477
20
-3.9164566929133859
11
5.4987007874015745
21
-3.9164566929133859
0
LINE
8
BLACK
6
CONTINUOUS
10
5.4987007874015745
20
-3.9164566929133859
11
5.4979474803149602
21
-3.9163068503937009
0
LINE
8
BLACK
6
CONTINUOUS
10
5.4979474803149602
20
-3.9163068503937009
11
5.4973088582677168
21
-3.9158801181102363
0
LINE
8
BLACK
6
CONTINUOUS
10
5.4973088582677168
20
-3.9158801181102363
11
5.4968821259842517
21
-3.915241496062992
0
LINE
8
BLACK
6
CONTINUOUS
10
5.4968821259842517
20
-3.915241496062992
11
5.4967322834645671
21
-3.9144881889763781
0
LINE
8
BLACK
6
CONTINUOUS
10
5.4967322834645671
20
-3.9144881889763781
11
5.4967322834645671
21
-3.8987401574803147
0
LINE
8
BLACK
6
CONTINUOUS
10
5.4967322834645671
20
-3.8987401574803147
11
5.4968821259842517
21
-3.8979868503937007
0
LINE
8
BLACK
6
CONTINUOUS
10
5.4968821259842517
20
-3.8979868503937007
11
5.4973088582677168
21
-3.8973482283464564
0
LINE
8
BLACK
6
CONTINUOUS
10
5.4973088582677168
20
-3.8973482283464564
11
5.4979474803149602
21
-3.8969214960629919
0
LINE
8
BLACK
6
CONTINUOUS
10
5.4979474803149602
20
-3.8969214960629919
11
5.4987007874015745
21
-3.8967716535433068
0
LINE
8
BLACK
6
CONTINUOUS
10
5.4987007874015745
20
-3.8967716535433068
11
5.5420078740157477
21
-3.8967716535433068
0
LINE
8
BLACK
6
CONTINUOUS
10
5.5420078740157477
20
-3.8967716535433068
11
5.542761181102362
21
-3.8969214960629919
0
LINE
8
BLACK
6
CONTINUOUS
10
5.7120525196850389
20
-3.8969214960629919
11
5.7126911417322832
21
-3.8973482283464564
0
LINE
8
BLACK
6
CONTINUOUS
10
5.7126911417322832
20
-3.8973482283464564
11
5.7131178740157482
21
-3.8979868503937007
0
LINE
8
BLACK
6
CONTINUOUS
10
5.7131178740157482
20
-3.8979868503937007
11
5.7132677165354329
21
-3.8987401574803147
0
LINE
8
BLACK
6
CONTINUOUS
10
5.7132677165354329
20
-3.8987401574803147
11
5.7132677165354329
21
-3.9144881889763781
0
LINE
8
BLACK
6
CONTINUOUS
10
5.7132677165354329
20
-3.9144881889763781
11
5.7131178740157482
21
-3.915241496062992
0
LINE
8
BLACK
6
CONTINUOUS
10
5.7131178740157482
20
-3.915241496062992
11
5.7126911417322832
21
-3.9158801181102363
0
LINE
8
BLACK
6
CONTINUOUS
10
5.7126911417322832
20
-3.9158801181102363
11
5.7120525196850389
21
-3.9163068503937009
0
LINE
8
BLACK
6
CONTINUOUS
10
5.7120525196850389
20
-3.9163068503937009
11
5.7112992125984254
21
-3.9164566929133859
0
LINE
8
BLACK
6
CONTINUOUS
10
5.7112992125984254
20
-3.9164566929133859
11
5.6679921259842523
21
-3.9164566929133859
0
LINE
8
BLACK
6
CONTINUOUS
10
5.6679921259842523
20
-3.9164566929133859
11
5.6672388188976379
21
-3.9163068503937009
0
LINE
8
BLACK
6
CONTINUOUS
10
5.6672388188976379
20
-3.9163068503937009
11
5.6666001968503936
21
-3.9158801181102363
0
LINE
8
BLACK
6
CONTINUOUS
10
5.6666001968503936
20
-3.9158801181102363
11
5.6661734645669286
21
-3.915241496062992
0
LINE
8
BLACK
6
CONTINUOUS
10
5.6661734645669286
20
-3.915241496062992
11
5.666023622047244
21
-3.9144881889763781
0
LINE
8
BLACK
6
CONTINUOUS
10
5.666023622047244
20
-3.9144881889763781
11
5.666023622047244
21
-3.8987401574803147
0
LINE
8
BLACK
6
CONTINUOUS
10
5.666023622047244
20
-3.8987401574803147
11
5.6661734645669286
21
-3.8979868503937007
0
LINE
8
BLACK
6
CONTINUOUS
10
5.6661734645669286
20
-3.8979868503937007
11
5.6666001968503936
21
-3.8973482283464564
0
LINE
8
BLACK
6
CONTINUOUS
10
5.6666001968503936
20
-3.8973482283464564
11
5.6672388188976379
21
-3.8969214960629919
0
LINE
8
BLACK
6
CONTINUOUS
10
5.6672388188976379
20
-3.8969214960629919
11
5.6679921259842523
21
-3.8967716535433068
0
LINE
8
BLACK
6
CONTINUOUS
10
5.6679921259842523
20
-3.8967716535433068
11
5.7112992125984254
21
-3.8967716535433068
0
LINE
8
BLACK
6
CONTINUOUS
10
5.7112992125984254
20
-3.8967716535433068
11
5.7120525196850389
21
-3.8969214960629919
0
LINE
8
BLACK
6
CONTINUOUS
10
5.2613097637795274
20
-3.8987642519685037
11
5.2625870472440948
21
-3.8996176771653541
0
LINE
8
BLACK
6
CONTINUOUS
10
5.2625870472440948
20
-3.8996176771653541
11
5.2634404724409452
21
-3.900894960629921
0
LINE
8
BLACK
6
CONTINUOUS
10
5.2634404724409452
20
-3.900894960629921
11
5.2637401574803144
21
-3.9024015748031493
0
LINE
8
BLACK
6
CONTINUOUS
10
5.2637401574803144
20
-3.9024015748031493
11
5.2637401574803144
21
-3.906338582677165
0
LINE
8
BLACK
6
CONTINUOUS
10
5.2637401574803144
20
-3.906338582677165
11
5.2634404724409452
21
-3.9078451968503938
0
LINE
8
BLACK
6
CONTINUOUS
10
5.2634404724409452
20
-3.9078451968503938
11
5.2625870472440948
21
-3.9091224803149607
0
LINE
8
BLACK
6
CONTINUOUS
10
5.2625870472440948
20
-3.9091224803149607
11
5.2613097637795274
21
-3.9099759055118111
0
LINE
8
BLACK
6
CONTINUOUS
10
5.2613097637795274
20
-3.9099759055118111
11
5.2598031496062987
21
-3.9102755905511812
0
LINE
8
BLACK
6
CONTINUOUS
10
5.2598031496062987
20
-3.9102755905511812
11
5.2420866141732283
21
-3.9102755905511812
0
LINE
8
BLACK
6
CONTINUOUS
10
5.2420866141732283
20
-3.9102755905511812
11
5.2405799999999996
21
-3.9099759055118111
0
LINE
8
BLACK
6
CONTINUOUS
10
5.2405799999999996
20
-3.9099759055118111
11
5.2393027165354331
21
-3.9091224803149607
0
LINE
8
BLACK
6
CONTINUOUS
10
5.2393027165354331
20
-3.9091224803149607
11
5.2384492913385827
21
-3.9078451968503938
0
LINE
8
BLACK
6
CONTINUOUS
10
5.2384492913385827
20
-3.9078451968503938
11
5.2381496062992126
21
-3.906338582677165
0
LINE
8
BLACK
6
CONTINUOUS
10
5.2381496062992126
20
-3.906338582677165
11
5.2381496062992126
21
-3.9024015748031493
0
LINE
8
BLACK
6
CONTINUOUS
10
5.2381496062992126
20
-3.9024015748031493
11
5.2384492913385827
21
-3.900894960629921
0
LINE
8
BLACK
6
CONTINUOUS
10
5.2384492913385827
20
-3.900894960629921
11
5.2393027165354331
21
-3.8996176771653541
0
LINE
8
BLACK
6
CONTINUOUS
10
5.2393027165354331
20
-3.8996176771653541
11
5.2405799999999996
21
-3.8987642519685037
0
LINE
8
BLACK
6
CONTINUOUS
10
5.2405799999999996
20
-3.8987642519685037
11
5.2420866141732283
21
-3.8984645669291336
0
LINE
8
BLACK
6
CONTINUOUS
10
5.2420866141732283
20
-3.8984645669291336
11
5.2598031496062987
21
-3.8984645669291336
0
LINE
8
BLACK
6
CONTINUOUS
10
5.2598031496062987
20
-3.8984645669291336
11
5.2613097637795274
21
-3.8987642519685037
0
LINE
8
BLACK
6
CONTINUOUS
10
5.3794199999999996
20
-3.8987642519685037
11
5.380697283464567
21
-3.8996176771653541
0
LINE
8
BLACK
6
CONTINUOUS
10
5.380697283464567
20
-3.8996176771653541
11
5.3815507086614174
21
-3.900894960629921
0
LINE
8
BLACK
6
CONTINUOUS
10
5.3815507086614174
20
-3.900894960629921
11
5.3818503937007875
21
-3.9024015748031493
0
LINE
8
BLACK
6
CONTINUOUS
10
5.3818503937007875
20
-3.9024015748031493
11
5.3818503937007875
21
-3.906338582677165
0
LINE
8
BLACK
6
CONTINUOUS
10
5.3818503937007875
20
-3.906338582677165
11
5.3815507086614174
21
-3.9078451968503938
0
LINE
8
BLACK
6
CONTINUOUS
10
5.3815507086614174
20
-3.9078451968503938
11
5.380697283464567
21
-3.9091224803149607
0
LINE
8
BLACK
6
CONTINUOUS
10
5.380697283464567
20
-3.9091224803149607
11
5.3794199999999996
21
-3.9099759055118111
0
LINE
8
BLACK
6
CONTINUOUS
10
5.3794199999999996
20
-3.9099759055118111
11
5.3779133858267718
21
-3.9102755905511812
0
LINE
8
BLACK
6
CONTINUOUS
10
5.3779133858267718
20
-3.9102755905511812
11
5.3601968503937005
21
-3.9102755905511812
0
LINE
8
BLACK
6
CONTINUOUS
10
5.3601968503937005
20
-3.9102755905511812
11
5.3586902362204727
21
-3.9099759055118111
0
LINE
8
BLACK
6
CONTINUOUS
10
5.3586902362204727
20
-3.9099759055118111
11
5.3574129527559053
21
-3.9091224803149607
0
LINE
8
BLACK
6
CONTINUOUS
10
5.3574129527559053
20
-3.9091224803149607
11
5.356559527559055
21
-3.9078451968503938
0
LINE
8
BLACK
6
CONTINUOUS
10
5.356559527559055
20
-3.9078451968503938
11
5.3562598425196848
21
-3.906338582677165
0
LINE
8
BLACK
6
CONTINUOUS
10
5.3562598425196848
20
-3.906338582677165
11
5.3562598425196848
21
-3.9024015748031493
0
LINE
8
BLACK
6
CONTINUOUS
10
5.3562598425196848
20
-3.9024015748031493
11
5.356559527559055
21
-3.900894960629921
0
LINE
8
BLACK
6
CONTINUOUS
10
5.356559527559055
20
-3.900894960629921
11
5.3574129527559053
21
-3.8996176771653541
0
LINE
8
BLACK
6
CONTINUOUS
10
5.3574129527559053
20
-3.8996176771653541
11
5.3586902362204727
21
-3.8987642519685037
0
LINE
8
BLACK
6
CONTINUOUS
10
5.3586902362204727
20
-3.8987642519685037
11
5.3601968503937005
21
-3.8984645669291336
0
LINE
8
BLACK
6
CONTINUOUS
10
5.3601968503937005
20
-3.8984645669291336
11
5.3779133858267718
21
-3.8984645669291336
0
LINE
8
BLACK
6
CONTINUOUS
10
5.3779133858267718
20
-3.8984645669291336
11
5.3794199999999996
21
-3.8987642519685037
0
LINE
8
BLACK
6
CONTINUOUS
10
5.4650707086614174
20
-3.8828772440944883
11
5.4674336614173225
21
-3.8844561023622046
0
LINE
8
BLACK
6
CONTINUOUS
10
5.4674336614173225
20
-3.8844561023622046
11
5.4690125196850392
21
-3.8868190551181101
0
LINE
8
BLACK
6
CONTINUOUS
10
5.4690125196850392
20
-3.8868190551181101
11
5.4695669291338582
21
-3.8896062992125984
0
LINE
8
BLACK
6
CONTINUOUS
10
5.4695669291338582
20
-3.8896062992125984
11
5.4695669291338582
21
-3.9002362204724408
0
LINE
8
BLACK
6
CONTINUOUS
10
5.4695669291338582
20
-3.9002362204724408
11
5.4690125196850392
21
-3.9030234645669291
0
LINE
8
BLACK
6
CONTINUOUS
10
5.4690125196850392
20
-3.9030234645669291
11
5.4674336614173225
21
-3.9053864173228345
0
LINE
8
BLACK
6
CONTINUOUS
10
5.4674336614173225
20
-3.9053864173228345
11
5.4650707086614174
21
-3.9069652755905513
0
LINE
8
BLACK
6
CONTINUOUS
10
5.4650707086614174
20
-3.9069652755905513
11
5.4622834645669291
21
-3.9075196850393699
0
LINE
8
BLACK
6
CONTINUOUS
10
5.4622834645669291
20
-3.9075196850393699
11
5.447716535433071
21
-3.9075196850393699
0
LINE
8
BLACK
6
CONTINUOUS
10
5.447716535433071
20
-3.9075196850393699
11
5.4449292913385827
21
-3.9069652755905513
0
LINE
8
BLACK
6
CONTINUOUS
10
5.4449292913385827
20
-3.9069652755905513
11
5.4425663385826768
21
-3.9053864173228345
0
LINE
8
BLACK
6
CONTINUOUS
10
5.4425663385826768
20
-3.9053864173228345
11
5.4409874803149609
21
-3.9030234645669291
0
LINE
8
BLACK
6
CONTINUOUS
10
5.4409874803149609
20
-3.9030234645669291
11
5.4404330708661419
21
-3.9002362204724408
0
LINE
8
BLACK
6
CONTINUOUS
10
5.4404330708661419
20
-3.9002362204724408
11
5.4404330708661419
21
-3.8896062992125984
0
LINE
8
BLACK
6
CONTINUOUS
10
5.4404330708661419
20
-3.8896062992125984
11
5.4409874803149609
21
-3.8868190551181101
0
LINE
8
BLACK
6
CONTINUOUS
10
5.4409874803149609
20
-3.8868190551181101
11
5.4425663385826768
21
-3.8844561023622046
0
LINE
8
BLACK
6
CONTINUOUS
10
5.4425663385826768
20
-3.8844561023622046
11
5.4449292913385827
21
-3.8828772440944883
0
LINE
8
BLACK
6
CONTINUOUS
10
5.4449292913385827
20
-3.8828772440944883
11
5.447716535433071
21
-3.8823228346456693
0
LINE
8
BLACK
6
CONTINUOUS
10
5.447716535433071
20
-3.8823228346456693
11
5.4622834645669291
21
-3.8823228346456693
0
LINE
8
BLACK
6
CONTINUOUS
10
5.4622834645669291
20
-3.8823228346456693
11
5.4650707086614174
21
-3.8828772440944883
0
LINE
8
BLACK
6
CONTINUOUS
10
5.0387848031496061
20
-3.866134094488189
11
5.0394234251968504
21
-3.8665608267716536
0
LINE
8
BLACK
6
CONTINUOUS
10
5.0394234251968504
20
-3.8665608267716536
11
5.0398501574803145
21
-3.8671994488188974
0
LINE
8
BLACK
6
CONTINUOUS
10
5.0398501574803145
20
-3.8671994488188974
11
5.04
21
-3.8679527559055118
0
LINE
8
BLACK
6
CONTINUOUS
10
5.04
20
-3.8679527559055118
11
5.04
21
-3.9033858267716535
0
LINE
8
BLACK
6
CONTINUOUS
10
5.04
20
-3.9033858267716535
11
5.0398501574803145
21
-3.9041391338582678
0
LINE
8
BLACK
6
CONTINUOUS
10
5.0398501574803145
20
-3.9041391338582678
11
5.0394234251968504
21
-3.9047777559055117
0
LINE
8
BLACK
6
CONTINUOUS
10
5.0394234251968504
20
-3.9047777559055117
11
5.0387848031496061
21
-3.9052044881889763
0
LINE
8
BLACK
6
CONTINUOUS
10
5.0387848031496061
20
-3.9052044881889763
11
5.0380314960629917
21
-3.9053543307086613
0
LINE
8
BLACK
6
CONTINUOUS
10
5.0380314960629917
20
-3.9053543307086613
11
4.9671653543307084
21
-3.9053543307086613
0
LINE
8
BLACK
6
CONTINUOUS
10
4.9671653543307084
20
-3.9053543307086613
11
4.966412047244094
21
-3.9052044881889763
0
LINE
8
BLACK
6
CONTINUOUS
10
4.966412047244094
20
-3.9052044881889763
11
4.9657734251968506
21
-3.9047777559055117
0
LINE
8
BLACK
6
CONTINUOUS
10
4.9657734251968506
20
-3.9047777559055117
11
4.9653466929133856
21
-3.9041391338582678
0
LINE
8
BLACK
6
CONTINUOUS
10
4.9653466929133856
20
-3.9041391338582678
11
4.965196850393701
21
-3.9033858267716535
0
LINE
8
BLACK
6
CONTINUOUS
10
4.965196850393701
20
-3.9033858267716535
11
4.965196850393701
21
-3.8679527559055118
0
LINE
8
BLACK
6
CONTINUOUS
10
4.965196850393701
20
-3.8679527559055118
11
4.9653466929133856
21
-3.8671994488188974
0
LINE
8
BLACK
6
CONTINUOUS
10
4.9653466929133856
20
-3.8671994488188974
11
4.9657734251968506
21
-3.8665608267716536
0
LINE
8
BLACK
6
CONTINUOUS
10
4.9657734251968506
20
-3.8665608267716536
11
4.966412047244094
21
-3.866134094488189
0
LINE
8
BLACK
6
CONTINUOUS
10
4.966412047244094
20
-3.866134094488189
11
4.9671653543307084
21
-3.8659842519685039
0
LINE
8
BLACK
6
CONTINUOUS
10
4.9671653543307084
20
-3.8659842519685039
11
5.0380314960629917
21
-3.8659842519685039
0
LINE
8
BLACK
6
CONTINUOUS
10
5.0380314960629917
20
-3.8659842519685039
11
5.0387848031496061
21
-3.866134094488189
0
LINE
8
BLACK
6
CONTINUOUS
10
5.2613097637795274
20
-3.8830162204724408
11
5.2625870472440948
21
-3.8838696456692912
0
LINE
8
BLACK
6
CONTINUOUS
10
5.2625870472440948
20
-3.8838696456692912
11
5.2634404724409452
21
-3.8851469291338581
0
LINE
8
BLACK
6
CONTINUOUS
10
5.2634404724409452
20
-3.8851469291338581
11
5.2637401574803144
21
-3.8866535433070863
0
LINE
8
BLACK
6
CONTINUOUS
10
5.2637401574803144
20
-3.8866535433070863
11
5.2637401574803144
21
-3.8905905511811021
0
LINE
8
BLACK
6
CONTINUOUS
10
5.2637401574803144
20
-3.8905905511811021
11
5.2634404724409452
21
-3.8920971653543308
0
LINE
8
BLACK
6
CONTINUOUS
10
5.2634404724409452
20
-3.8920971653543308
11
5.2625870472440948
21
-3.8933744488188977
0
LINE
8
BLACK
6
CONTINUOUS
10
5.2625870472440948
20
-3.8933744488188977
11
5.2613097637795274
21
-3.8942278740157481
0
LINE
8
BLACK
6
CONTINUOUS
10
5.2613097637795274
20
-3.8942278740157481
11
5.2598031496062987
21
-3.8945275590551178
0
LINE
8
BLACK
6
CONTINUOUS
10
5.2598031496062987
20
-3.8945275590551178
11
5.2420866141732283
21
-3.8945275590551178
0
LINE
8
BLACK
6
CONTINUOUS
10
5.2420866141732283
20
-3.8945275590551178
11
5.2405799999999996
21
-3.8942278740157481
0
LINE
8
BLACK
6
CONTINUOUS
10
5.2405799999999996
20
-3.8942278740157481
11
5.2393027165354331
21
-3.8933744488188977
0
LINE
8
BLACK
6
CONTINUOUS
10
5.2393027165354331
20
-3.8933744488188977
11
5.2384492913385827
21
-3.8920971653543308
0
LINE
8
BLACK
6
CONTINUOUS
10
5.2384492913385827
20
-3.8920971653543308
11
5.2381496062992126
21
-3.8905905511811021
0
LINE
8
BLACK
6
CONTINUOUS
10
5.2381496062992126
20
-3.8905905511811021
11
5.2381496062992126
21
-3.8866535433070863
0
LINE
8
BLACK
6
CONTINUOUS
10
5.2381496062992126
20
-3.8866535433070863
11
5.2384492913385827
21
-3.8851469291338581
0
LINE
8
BLACK
6
CONTINUOUS
10
5.2384492913385827
20
-3.8851469291338581
11
5.2393027165354331
21
-3.8838696456692912
0
LINE
8
BLACK
6
CONTINUOUS
10
5.2393027165354331
20
-3.8838696456692912
11
5.2405799999999996
21
-3.8830162204724408
0
LINE
8
BLACK
6
CONTINUOUS
10
5.2405799999999996
20
-3.8830162204724408
11
5.2420866141732283
21
-3.8827165354330706
0
LINE
8
BLACK
6
CONTINUOUS
10
5.2420866141732283
20
-3.8827165354330706
11
5.2598031496062987
21
-3.8827165354330706
0
LINE
8
BLACK
6
CONTINUOUS
10
5.2598031496062987
20
-3.8827165354330706
11
5.2613097637795274
21
-3.8830162204724408
0
LINE
8
BLACK
6
CONTINUOUS
10
5.3794199999999996
20
-3.8830162204724408
11
5.380697283464567
21
-3.8838696456692912
0
LINE
8
BLACK
6
CONTINUOUS
10
5.380697283464567
20
-3.8838696456692912
11
5.3815507086614174
21
-3.8851469291338581
0
LINE
8
BLACK
6
CONTINUOUS
10
5.3815507086614174
20
-3.8851469291338581
11
5.3818503937007875
21
-3.8866535433070863
0
LINE
8
BLACK
6
CONTINUOUS
10
5.3818503937007875
20
-3.8866535433070863
11
5.3818503937007875
21
-3.8905905511811021
0
LINE
8
BLACK
6
CONTINUOUS
10
5.3818503937007875
20
-3.8905905511811021
11
5.3815507086614174
21
-3.8920971653543308
0
LINE
8
BLACK
6
CONTINUOUS
10
5.3815507086614174
20
-3.8920971653543308
11
5.380697283464567
21
-3.8933744488188977
0
LINE
8
BLACK
6
CONTINUOUS
10
5.380697283464567
20
-3.8933744488188977
11
5.3794199999999996
21
-3.8942278740157481
0
LINE
8
BLACK
6
CONTINUOUS
10
5.3794199999999996
20
-3.8942278740157481
11
5.3779133858267718
21
-3.8945275590551178
0
LINE
8
BLACK
6
CONTINUOUS
10
5.3779133858267718
20
-3.8945275590551178
11
5.3601968503937005
21
-3.8945275590551178
0
LINE
8
BLACK
6
CONTINUOUS
10
5.3601968503937005
20
-3.8945275590551178
11
5.3586902362204727
21
-3.8942278740157481
0
LINE
8
BLACK
6
CONTINUOUS
10
5.3586902362204727
20
-3.8942278740157481
11
5.3574129527559053
21
-3.8933744488188977
0
LINE
8
BLACK
6
CONTINUOUS
10
5.3574129527559053
20
-3.8933744488188977
11
5.356559527559055
21
-3.8920971653543308
0
LINE
8
BLACK
6
CONTINUOUS
10
5.356559527559055
20
-3.8920971653543308
11
5.3562598425196848
21
-3.8905905511811021
0
LINE
8
BLACK
6
CONTINUOUS
10
5.3562598425196848
20
-3.8905905511811021
11
5.3562598425196848
21
-3.8866535433070863
0
LINE
8
BLACK
6
CONTINUOUS
10
5.3562598425196848
20
-3.8866535433070863
11
5.356559527559055
21
-3.8851469291338581
0
LINE
8
BLACK
6
CONTINUOUS
10
5.356559527559055
20
-3.8851469291338581
11
5.3574129527559053
21
-3.8838696456692912
0
LINE
8
BLACK
6
CONTINUOUS
10
5.3574129527559053
20
-3.8838696456692912
11
5.3586902362204727
21
-3.8830162204724408
0
LINE
8
BLACK
6
CONTINUOUS
10
5.3586902362204727
20
-3.8830162204724408
11
5.3601968503937005
21
-3.8827165354330706
0
LINE
8
BLACK
6
CONTINUOUS
10
5.3601968503937005
20
-3.8827165354330706
11
5.3779133858267718
21
-3.8827165354330706
0
LINE
8
BLACK
6
CONTINUOUS
10
5.3779133858267718
20
-3.8827165354330706
11
5.3794199999999996
21
-3.8830162204724408
0
LINE
8
BLACK
6
CONTINUOUS
10
4.9068950393700783
20
-3.8681025984251969
11
4.9075336614173226
21
-3.8685293307086615
0
LINE
8
BLACK
6
CONTINUOUS
10
4.9075336614173226
20
-3.8685293307086615
11
4.9079603937007876
21
-3.8691679527559053
0
LINE
8
BLACK
6
CONTINUOUS
10
4.9079603937007876
20
-3.8691679527559053
11
4.9081102362204723
21
-3.8699212598425197
0
LINE
8
BLACK
6
CONTINUOUS
10
4.9081102362204723
20
-3.8699212598425197
11
4.9081102362204723
21
-3.8896062992125984
0
LINE
8
BLACK
6
CONTINUOUS
10
4.9081102362204723
20
-3.8896062992125984
11
4.9079603937007876
21
-3.8903596062992123
0
LINE
8
BLACK
6
CONTINUOUS
10
4.9079603937007876
20
-3.8903596062992123
11
4.9075336614173226
21
-3.8909982283464566
0
LINE
8
BLACK
6
CONTINUOUS
10
4.9075336614173226
20
-3.8909982283464566
11
4.9068950393700783
21
-3.8914249606299212
0
LINE
8
BLACK
6
CONTINUOUS
10
4.9068950393700783
20
-3.8914249606299212
11
4.9061417322834648
21
-3.8915748031496062
0
LINE
8
BLACK
6
CONTINUOUS
10
4.9061417322834648
20
-3.8915748031496062
11
4.8274015748031491
21
-3.8915748031496062
0
LINE
8
BLACK
6
CONTINUOUS
10
4.8274015748031491
20
-3.8915748031496062
11
4.8266482677165357
21
-3.8914249606299212
0
LINE
8
BLACK
6
CONTINUOUS
10
4.8266482677165357
20
-3.8914249606299212
11
4.8260096456692914
21
-3.8909982283464566
0
LINE
8
BLACK
6
CONTINUOUS
10
4.8260096456692914
20
-3.8909982283464566
11
4.8255829133858263
21
-3.8903596062992123
0
LINE
8
BLACK
6
CONTINUOUS
10
4.8255829133858263
20
-3.8903596062992123
11
4.8254330708661417
21
-3.8896062992125984
0
LINE
8
BLACK
6
CONTINUOUS
10
4.8254330708661417
20
-3.8896062992125984
11
4.8254330708661417
21
-3.8699212598425197
0
LINE
8
BLACK
6
CONTINUOUS
10
4.8254330708661417
20
-3.8699212598425197
11
4.8255829133858263
21
-3.8691679527559053
0
LINE
8
BLACK
6
CONTINUOUS
10
4.8255829133858263
20
-3.8691679527559053
11
4.8260096456692914
21
-3.8685293307086615
0
LINE
8
BLACK
6
CONTINUOUS
10
4.8260096456692914
20
-3.8685293307086615
11
4.8266482677165357
21
-3.8681025984251969
0
LINE
8
BLACK
6
CONTINUOUS
10
4.8266482677165357
20
-3.8681025984251969
11
4.8274015748031491
21
-3.8679527559055118
0
LINE
8
BLACK
6
CONTINUOUS
10
4.8274015748031491
20
-3.8679527559055118
11
4.9061417322834648
21
-3.8679527559055118
0
LINE
8
BLACK
6
CONTINUOUS
10
4.9061417322834648
20
-3.8679527559055118
11
4.9068950393700783
21
-3.8681025984251969
0
LINE
8
BLACK
6
CONTINUOUS
10
5.1785485826771653
20
-3.8681025984251969
11
5.1791872047244096
21
-3.8685293307086615
0
LINE
8
BLACK
6
CONTINUOUS
10
5.1791872047244096
20
-3.8685293307086615
11
5.1796139370078738
21
-3.8691679527559053
0
LINE
8
BLACK
6
CONTINUOUS
10
5.1796139370078738
20
-3.8691679527559053
11
5.1797637795275593
21
-3.8699212598425197
0
LINE
8
BLACK
6
CONTINUOUS
10
5.1797637795275593
20
-3.8699212598425197
11
5.1797637795275593
21
-3.8896062992125984
0
LINE
8
BLACK
6
CONTINUOUS
10
5.1797637795275593
20
-3.8896062992125984
11
5.1796139370078738
21
-3.8903596062992123
0
LINE
8
BLACK
6
CONTINUOUS
10
5.1796139370078738
20
-3.8903596062992123
11
5.1791872047244096
21
-3.8909982283464566
0
LINE
8
BLACK
6
CONTINUOUS
10
5.1791872047244096
20
-3.8909982283464566
11
5.1785485826771653
21
-3.8914249606299212
0
LINE
8
BLACK
6
CONTINUOUS
10
5.1785485826771653
20
-3.8914249606299212
11
5.177795275590551
21
-3.8915748031496062
0
LINE
8
BLACK
6
CONTINUOUS
10
5.177795275590551
20
-3.8915748031496062
11
5.0990551181102362
21
-3.8915748031496062
0
LINE
8
BLACK
6
CONTINUOUS
10
5.0990551181102362
20
-3.8915748031496062
11
5.0983018110236218
21
-3.8914249606299212
0
LINE
8
BLACK
6
CONTINUOUS
10
5.0983018110236218
20
-3.8914249606299212
11
5.0976631889763775
21
-3.8909982283464566
0
LINE
8
BLACK
6
CONTINUOUS
10
5.0976631889763775
20
-3.8909982283464566
11
5.0972364566929134
21
-3.8903596062992123
0
LINE
8
BLACK
6
CONTINUOUS
10
5.0972364566929134
20
-3.8903596062992123
11
5.0970866141732278
21
-3.8896062992125984
0
LINE
8
BLACK
6
CONTINUOUS
10
5.0970866141732278
20
-3.8896062992125984
11
5.0970866141732278
21
-3.8699212598425197
0
LINE
8
BLACK
6
CONTINUOUS
10
5.0970866141732278
20
-3.8699212598425197
11
5.0972364566929134
21
-3.8691679527559053
0
LINE
8
BLACK
6
CONTINUOUS
10
5.0972364566929134
20
-3.8691679527559053
11
5.0976631889763775
21
-3.8685293307086615
0
LINE
8
BLACK
6
CONTINUOUS
10
5.0976631889763775
20
-3.8685293307086615
11
5.0983018110236218
21
-3.8681025984251969
0
LINE
8
BLACK
6
CONTINUOUS
10
5.0983018110236218
20
-3.8681025984251969
11
5.0990551181102362
21
-3.8679527559055118
0
LINE
8
BLACK
6
CONTINUOUS
10
5.0990551181102362
20
-3.8679527559055118
11
5.177795275590551
21
-3.8679527559055118
0
LINE
8
BLACK
6
CONTINUOUS
10
5.177795275590551
20
-3.8679527559055118
11
5.1785485826771653
21
-3.8681025984251969
0
LINE
8
BLACK
6
CONTINUOUS
10
5.8107298031496057
20
-3.8577253543307086
11
5.8132842913385829
21
-3.8594322440944882
0
LINE
8
BLACK
6
CONTINUOUS
10
5.8132842913385829
20
-3.8594322440944882
11
5.8149911811023625
21
-3.8619867322834645
0
LINE
8
BLACK
6
CONTINUOUS
10
5.8149911811023625
20
-3.8619867322834645
11
5.8155905511811019
21
-3.8649999999999998
0
LINE
8
BLACK
6
CONTINUOUS
10
5.8155905511811019
20
-3.8649999999999998
11
5.8155905511811019
21
-3.876811023622047
0
LINE
8
BLACK
6
CONTINUOUS
10
5.8155905511811019
20
-3.876811023622047
11
5.8149911811023625
21
-3.8798242913385828
0
LINE
8
BLACK
6
CONTINUOUS
10
5.8149911811023625
20
-3.8798242913385828
11
5.8132842913385829
21
-3.8823787795275591
0
LINE
8
BLACK
6
CONTINUOUS
10
5.8132842913385829
20
-3.8823787795275591
11
5.8107298031496057
21
-3.8840856692913386
0
LINE
8
BLACK
6
CONTINUOUS
10
5.8107298031496057
20
-3.8840856692913386
11
5.8077165354330704
21
-3.8846850393700785
0
LINE
8
BLACK
6
CONTINUOUS
10
5.8077165354330704
20
-3.8846850393700785
11
5.7525984251968501
21
-3.8846850393700785
0
LINE
8
BLACK
6
CONTINUOUS
10
5.7525984251968501
20
-3.8846850393700785
11
5.7495851574803147
21
-3.8840856692913386
0
LINE
8
BLACK
6
CONTINUOUS
10
5.7495851574803147
20
-3.8840856692913386
11
5.7470306692913384
21
-3.8823787795275591
0
LINE
8
BLACK
6
CONTINUOUS
10
5.7470306692913384
20
-3.8823787795275591
11
5.7453237795275589
21
-3.8798242913385828
0
LINE
8
BLACK
6
CONTINUOUS
10
5.7453237795275589
20
-3.8798242913385828
11
5.7447244094488186
21
-3.876811023622047
0
LINE
8
BLACK
6
CONTINUOUS
10
5.7447244094488186
20
-3.876811023622047
11
5.7447244094488186
21
-3.8649999999999998
0
LINE
8
BLACK
6
CONTINUOUS
10
5.7447244094488186
20
-3.8649999999999998
11
5.7453237795275589
21
-3.8619867322834645
0
LINE
8
BLACK
6
CONTINUOUS
10
5.7453237795275589
20
-3.8619867322834645
11
5.7470306692913384
21
-3.8594322440944882
0
LINE
8
BLACK
6
CONTINUOUS
10
5.7470306692913384
20
-3.8594322440944882
11
5.7495851574803147
21
-3.8577253543307086
0
LINE
8
BLACK
6
CONTINUOUS
10
5.7495851574803147
20
-3.8577253543307086
11
5.7525984251968501
21
-3.8571259842519683
0
LINE
8
BLACK
6
CONTINUOUS
10
5.7525984251968501
20
-3.8571259842519683
11
5.8077165354330704
21
-3.8571259842519683
0
LINE
8
BLACK
6
CONTINUOUS
10
5.8077165354330704
20
-3.8571259842519683
11
5.8107298031496057
21
-3.8577253543307086
0
LINE
8
BLACK
6
CONTINUOUS
10
5.2613097637795274
20
-3.8672681889763778
11
5.2625870472440948
21
-3.8681216141732282
0
LINE
8
BLACK
6
CONTINUOUS
10
5.2625870472440948
20
-3.8681216141732282
11
5.2634404724409452
21
-3.8693988976377951
0
LINE
8
BLACK
6
CONTINUOUS
10
5.2634404724409452
20
-3.8693988976377951
11
5.2637401574803144
21
-3.8709055118110234
0
LINE
8
BLACK
6
CONTINUOUS
10
5.2637401574803144
20
-3.8709055118110234
11
5.2637401574803144
21
-3.8748425196850391
0
LINE
8
BLACK
6
CONTINUOUS
10
5.2637401574803144
20
-3.8748425196850391
11
5.2634404724409452
21
-3.8763491338582678
0
LINE
8
BLACK
6
CONTINUOUS
10
5.2634404724409452
20
-3.8763491338582678
11
5.2625870472440948
21
-3.8776264173228348
0
LINE
8
BLACK
6
CONTINUOUS
10
5.2625870472440948
20
-3.8776264173228348
11
5.2613097637795274
21
-3.8784798425196851
0
LINE
8
BLACK
6
CONTINUOUS
10
5.2613097637795274
20
-3.8784798425196851
11
5.2598031496062987
21
-3.8787795275590549
0
LINE
8
BLACK
6
CONTINUOUS
10
5.2598031496062987
20
-3.8787795275590549
11
5.2420866141732283
21
-3.8787795275590549
0
LINE
8
BLACK
6
CONTINUOUS
10
5.2420866141732283
20
-3.8787795275590549
11
5.2405799999999996
21
-3.8784798425196851
0
LINE
8
BLACK
6
CONTINUOUS
10
5.2405799999999996
20
-3.8784798425196851
11
5.2393027165354331
21
-3.8776264173228348
0
LINE
8
BLACK
6
CONTINUOUS
10
5.2393027165354331
20
-3.8776264173228348
11
5.2384492913385827
21
-3.8763491338582678
0
LINE
8
BLACK
6
CONTINUOUS
10
5.2384492913385827
20
-3.8763491338582678
11
5.2381496062992126
21
-3.8748425196850391
0
LINE
8
BLACK
6
CONTINUOUS
10
5.2381496062992126
20
-3.8748425196850391
11
5.2381496062992126
21
-3.8709055118110234
0
LINE
8
BLACK
6
CONTINUOUS
10
5.2381496062992126
20
-3.8709055118110234
11
5.2384492913385827
21
-3.8693988976377951
0
LINE
8
BLACK
6
CONTINUOUS
10
5.2384492913385827
20
-3.8693988976377951
11
5.2393027165354331
21
-3.8681216141732282
0
LINE
8
BLACK
6
CONTINUOUS
10
5.2393027165354331
20
-3.8681216141732282
11
5.2405799999999996
21
-3.8672681889763778
0
LINE
8
BLACK
6
CONTINUOUS
10
5.2405799999999996
20
-3.8672681889763778
11
5.2420866141732283
21
-3.8669685039370076
0
LINE
8
BLACK
6
CONTINUOUS
10
5.2420866141732283
20
-3.8669685039370076
11
5.2598031496062987
21
-3.8669685039370076
0
LINE
8
BLACK
6
CONTINUOUS
10
5.2598031496062987
20
-3.8669685039370076
11
5.2613097637795274
21
-3.8672681889763778
0
LINE
8
BLACK
6
CONTINUOUS
10
5.3794199999999996
20
-3.8672681889763778
11
5.380697283464567
21
-3.8681216141732282
0
LINE
8
BLACK
6
CONTINUOUS
10
5.380697283464567
20
-3.8681216141732282
11
5.3815507086614174
21
-3.8693988976377951
0
LINE
8
BLACK
6
CONTINUOUS
10
5.3815507086614174
20
-3.8693988976377951
11
5.3818503937007875
21
-3.8709055118110234
0
LINE
8
BLACK
6
CONTINUOUS
10
5.3818503937007875
20
-3.8709055118110234
11
5.3818503937007875
21
-3.8748425196850391
0
LINE
8
BLACK
6
CONTINUOUS
10
5.3818503937007875
20
-3.8748425196850391
11
5.3815507086614174
21
-3.8763491338582678
0
LINE
8
BLACK
6
CONTINUOUS
10
5.3815507086614174
20
-3.8763491338582678
11
5.380697283464567
21
-3.8776264173228348
0
LINE
8
BLACK
6
CONTINUOUS
10
5.380697283464567
20
-3.8776264173228348
11
5.3794199999999996
21
-3.8784798425196851
0
LINE
8
BLACK
6
CONTINUOUS
10
5.3794199999999996
20
-3.8784798425196851
11
5.3779133858267718
21
-3.8787795275590549
0
LINE
8
BLACK
6
CONTINUOUS
10
5.3779133858267718
20
-3.8787795275590549
11
5.3601968503937005
21
-3.8787795275590549
0
LINE
8
BLACK
6
CONTINUOUS
10
5.3601968503937005
20
-3.8787795275590549
11
5.3586902362204727
21
-3.8784798425196851
0
LINE
8
BLACK
6
CONTINUOUS
10
5.3586902362204727
20
-3.8784798425196851
11
5.3574129527559053
21
-3.8776264173228348
0
LINE
8
BLACK
6
CONTINUOUS
10
5.3574129527559053
20
-3.8776264173228348
11
5.356559527559055
21
-3.8763491338582678
0
LINE
8
BLACK
6
CONTINUOUS
10
5.356559527559055
20
-3.8763491338582678
11
5.3562598425196848
21
-3.8748425196850391
0
LINE
8
BLACK
6
CONTINUOUS
10
5.3562598425196848
20
-3.8748425196850391
11
5.3562598425196848
21
-3.8709055118110234
0
LINE
8
BLACK
6
CONTINUOUS
10
5.3562598425196848
20
-3.8709055118110234
11
5.356559527559055
21
-3.8693988976377951
0
LINE
8
BLACK
6
CONTINUOUS
10
5.356559527559055
20
-3.8693988976377951
11
5.3574129527559053
21
-3.8681216141732282
0
LINE
8
BLACK
6
CONTINUOUS
10
5.3574129527559053
20
-3.8681216141732282
11
5.3586902362204727
21
-3.8672681889763778
0
LINE
8
BLACK
6
CONTINUOUS
10
5.3586902362204727
20
-3.8672681889763778
11
5.3601968503937005
21
-3.8669685039370076
0
LINE
8
BLACK
6
CONTINUOUS
10
5.3601968503937005
20
-3.8669685039370076
11
5.3779133858267718
21
-3.8669685039370076
0
LINE
8
BLACK
6
CONTINUOUS
10
5.3779133858267718
20
-3.8669685039370076
11
5.3794199999999996
21
-3.8672681889763778
0
LINE
8
BLACK
6
CONTINUOUS
10
5.2613097637795274
20
-3.8515201574803148
11
5.2625870472440948
21
-3.8523735826771652
0
LINE
8
BLACK
6
CONTINUOUS
10
5.2625870472440948
20
-3.8523735826771652
11
5.2634404724409452
21
-3.8536508661417321
0
LINE
8
BLACK
6
CONTINUOUS
10
5.2634404724409452
20
-3.8536508661417321
11
5.2637401574803144
21
-3.8551574803149604
0
LINE
8
BLACK
6
CONTINUOUS
10
5.2637401574803144
20
-3.8551574803149604
11
5.2637401574803144
21
-3.8590944881889762
0
LINE
8
BLACK
6
CONTINUOUS
10
5.2637401574803144
20
-3.8590944881889762
11
5.2634404724409452
21
-3.8606011023622044
0
LINE
8
BLACK
6
CONTINUOUS
10
5.2634404724409452
20
-3.8606011023622044
11
5.2625870472440948
21
-3.8618783858267718
0
LINE
8
BLACK
6
CONTINUOUS
10
5.2625870472440948
20
-3.8618783858267718
11
5.2613097637795274
21
-3.8627318110236222
0
LINE
8
BLACK
6
CONTINUOUS
10
5.2613097637795274
20
-3.8627318110236222
11
5.2598031496062987
21
-3.8630314960629919
0
LINE
8
BLACK
6
CONTINUOUS
10
5.2598031496062987
20
-3.8630314960629919
11
5.2420866141732283
21
-3.8630314960629919
0
LINE
8
BLACK
6
CONTINUOUS
10
5.2420866141732283
20
-3.8630314960629919
11
5.2405799999999996
21
-3.8627318110236222
0
LINE
8
BLACK
6
CONTINUOUS
10
5.2405799999999996
20
-3.8627318110236222
11
5.2393027165354331
21
-3.8618783858267718
0
LINE
8
BLACK
6
CONTINUOUS
10
5.2393027165354331
20
-3.8618783858267718
11
5.2384492913385827
21
-3.8606011023622044
0
LINE
8
BLACK
6
CONTINUOUS
10
5.2384492913385827
20
-3.8606011023622044
11
5.2381496062992126
21
-3.8590944881889762
0
LINE
8
BLACK
6
CONTINUOUS
10
5.2381496062992126
20
-3.8590944881889762
11
5.2381496062992126
21
-3.8551574803149604
0
LINE
8
BLACK
6
CONTINUOUS
10
5.2381496062992126
20
-3.8551574803149604
11
5.2384492913385827
21
-3.8536508661417321
0
LINE
8
BLACK
6
CONTINUOUS
10
5.2384492913385827
20
-3.8536508661417321
11
5.2393027165354331
21
-3.8523735826771652
0
LINE
8
BLACK
6
CONTINUOUS
10
5.2393027165354331
20
-3.8523735826771652
11
5.2405799999999996
21
-3.8515201574803148
0
LINE
8
BLACK
6
CONTINUOUS
10
5.2405799999999996
20
-3.8515201574803148
11
5.2420866141732283
21
-3.8512204724409447
0
LINE
8
BLACK
6
CONTINUOUS
10
5.2420866141732283
20
-3.8512204724409447
11
5.2598031496062987
21
-3.8512204724409447
0
LINE
8
BLACK
6
CONTINUOUS
10
5.2598031496062987
20
-3.8512204724409447
11
5.2613097637795274
21
-3.8515201574803148
0
LINE
8
BLACK
6
CONTINUOUS
10
5.3794199999999996
20
-3.8515201574803148
11
5.380697283464567
21
-3.8523735826771652
0
LINE
8
BLACK
6
CONTINUOUS
10
5.380697283464567
20
-3.8523735826771652
11
5.3815507086614174
21
-3.8536508661417321
0
LINE
8
BLACK
6
CONTINUOUS
10
5.3815507086614174
20
-3.8536508661417321
11
5.3818503937007875
21
-3.8551574803149604
0
LINE
8
BLACK
6
CONTINUOUS
10
5.3818503937007875
20
-3.8551574803149604
11
5.3818503937007875
21
-3.8590944881889762
0
LINE
8
BLACK
6
CONTINUOUS
10
5.3818503937007875
20
-3.8590944881889762
11
5.3815507086614174
21
-3.8606011023622044
0
LINE
8
BLACK
6
CONTINUOUS
10
5.3815507086614174
20
-3.8606011023622044
11
5.380697283464567
21
-3.8618783858267718
0
LINE
8
BLACK
6
CONTINUOUS
10
5.380697283464567
20
-3.8618783858267718
11
5.3794199999999996
21
-3.8627318110236222
0
LINE
8
BLACK
6
CONTINUOUS
10
5.3794199999999996
20
-3.8627318110236222
11
5.3779133858267718
21
-3.8630314960629919
0
LINE
8
BLACK
6
CONTINUOUS
10
5.3779133858267718
20
-3.8630314960629919
11
5.3601968503937005
21
-3.8630314960629919
0
LINE
8
BLACK
6
CONTINUOUS
10
5.3601968503937005
20
-3.8630314960629919
11
5.3586902362204727
21
-3.8627318110236222
0
LINE
8
BLACK
6
CONTINUOUS
10
5.3586902362204727
20
-3.8627318110236222
11
5.3574129527559053
21
-3.8618783858267718
0
LINE
8
BLACK
6
CONTINUOUS
10
5.3574129527559053
20
-3.8618783858267718
11
5.356559527559055
21
-3.8606011023622044
0
LINE
8
BLACK
6
CONTINUOUS
10
5.356559527559055
20
-3.8606011023622044
11
5.3562598425196848
21
-3.8590944881889762
0
LINE
8
BLACK
6
CONTINUOUS
10
5.3562598425196848
20
-3.8590944881889762
11
5.3562598425196848
21
-3.8551574803149604
0
LINE
8
BLACK
6
CONTINUOUS
10
5.3562598425196848
20
-3.8551574803149604
11
5.356559527559055
21
-3.8536508661417321
0
LINE
8
BLACK
6
CONTINUOUS
10
5.356559527559055
20
-3.8536508661417321
11
5.3574129527559053
21
-3.8523735826771652
0
LINE
8
BLACK
6
CONTINUOUS
10
5.3574129527559053
20
-3.8523735826771652
11
5.3586902362204727
21
-3.8515201574803148
0
LINE
8
BLACK
6
CONTINUOUS
10
5.3586902362204727
20
-3.8515201574803148
11
5.3601968503937005
21
-3.8512204724409447
0
LINE
8
BLACK
6
CONTINUOUS
10
5.3601968503937005
20
-3.8512204724409447
11
5.3779133858267718
21
-3.8512204724409447
0
LINE
8
BLACK
6
CONTINUOUS
10
5.3779133858267718
20
-3.8512204724409447
11
5.3794199999999996
21
-3.8515201574803148
0
LINE
8
BLACK
6
CONTINUOUS
10
5.4920234645669286
20
-3.8339874803149607
11
5.4943864173228345
21
-3.835566338582677
0
LINE
8
BLACK
6
CONTINUOUS
10
5.4943864173228345
20
-3.835566338582677
11
5.4959652755905513
21
-3.8379292913385825
0
LINE
8
BLACK
6
CONTINUOUS
10
5.4959652755905513
20
-3.8379292913385825
11
5.4965196850393703
21
-3.8407165354330708
0
LINE
8
BLACK
6
CONTINUOUS
10
5.4965196850393703
20
-3.8407165354330708
11
5.4965196850393703
21
-3.8552834645669289
0
LINE
8
BLACK
6
CONTINUOUS
10
5.4965196850393703
20
-3.8552834645669289
11
5.4959652755905513
21
-3.8580707086614172
0
LINE
8
BLACK
6
CONTINUOUS
10
5.4959652755905513
20
-3.8580707086614172
11
5.4943864173228345
21
-3.8604336614173227
0
LINE
8
BLACK
6
CONTINUOUS
10
5.4943864173228345
20
-3.8604336614173227
11
5.4920234645669286
21
-3.8620125196850394
0
LINE
8
BLACK
6
CONTINUOUS
10
5.4920234645669286
20
-3.8620125196850394
11
5.4892362204724412
21
-3.862566929133858
0
LINE
8
BLACK
6
CONTINUOUS
10
5.4892362204724412
20
-3.862566929133858
11
5.4786062992125979
21
-3.862566929133858
0
LINE
8
BLACK
6
CONTINUOUS
10
5.4786062992125979
20
-3.862566929133858
11
5.4758190551181105
21
-3.8620125196850394
0
LINE
8
BLACK
6
CONTINUOUS
10
5.4758190551181105
20
-3.8620125196850394
11
5.4734561023622046
21
-3.8604336614173227
0
LINE
8
BLACK
6
CONTINUOUS
10
5.4734561023622046
20
-3.8604336614173227
11
5.4718772440944878
21
-3.8580707086614172
0
LINE
8
BLACK
6
CONTINUOUS
10
5.4718772440944878
20
-3.8580707086614172
11
5.4713228346456688
21
-3.8552834645669289
0
LINE
8
BLACK
6
CONTINUOUS
10
5.4713228346456688
20
-3.8552834645669289
11
5.4713228346456688
21
-3.8407165354330708
0
LINE
8
BLACK
6
CONTINUOUS
10
5.4713228346456688
20
-3.8407165354330708
11
5.4718772440944878
21
-3.8379292913385825
0
LINE
8
BLACK
6
CONTINUOUS
10
5.4718772440944878
20
-3.8379292913385825
11
5.4734561023622046
21
-3.835566338582677
0
LINE
8
BLACK
6
CONTINUOUS
10
5.4734561023622046
20
-3.835566338582677
11
5.4758190551181105
21
-3.8339874803149607
0
LINE
8
BLACK
6
CONTINUOUS
10
5.4758190551181105
20
-3.8339874803149607
11
5.4786062992125979
21
-3.8334330708661417
0
LINE
8
BLACK
6
CONTINUOUS
10
5.4786062992125979
20
-3.8334330708661417
11
5.4892362204724412
21
-3.8334330708661417
0
LINE
8
BLACK
6
CONTINUOUS
10
5.4892362204724412
20
-3.8334330708661417
11
5.4920234645669286
21
-3.8339874803149607
0
LINE
8
BLACK
6
CONTINUOUS
10
5.5321809448818895
20
-3.8339874803149607
11
5.5345438976377954
21
-3.835566338582677
0
LINE
8
BLACK
6
CONTINUOUS
10
5.5345438976377954
20
-3.835566338582677
11
5.5361227559055113
21
-3.8379292913385825
0
LINE
8
BLACK
6
CONTINUOUS
10
5.5361227559055113
20
-3.8379292913385825
11
5.5366771653543303
21
-3.8407165354330708
0
LINE
8
BLACK
6
CONTINUOUS
10
5.5366771653543303
20
-3.8407165354330708
11
5.5366771653543303
21
-3.8552834645669289
0
LINE
8
BLACK
6
CONTINUOUS
10
5.5366771653543303
20
-3.8552834645669289
11
5.5361227559055113
21
-3.8580707086614172
0
LINE
8
BLACK
6
CONTINUOUS
10
5.5361227559055113
20
-3.8580707086614172
11
5.5345438976377954
21
-3.8604336614173227
0
LINE
8
BLACK
6
CONTINUOUS
10
5.5345438976377954
20
-3.8604336614173227
11
5.5321809448818895
21
-3.8620125196850394
0
LINE
8
BLACK
6
CONTINUOUS
10
5.5321809448818895
20
-3.8620125196850394
11
5.5293937007874012
21
-3.862566929133858
0
LINE
8
BLACK
6
CONTINUOUS
10
5.5293937007874012
20
-3.862566929133858
11
5.5187637795275588
21
-3.862566929133858
0
LINE
8
BLACK
6
CONTINUOUS
10
5.5187637795275588
20
-3.862566929133858
11
5.5159765354330705
21
-3.8620125196850394
0
LINE
8
BLACK
6
CONTINUOUS
10
5.5159765354330705
20
-3.8620125196850394
11
5.5136135826771655
21
-3.8604336614173227
0
LINE
8
BLACK
6
CONTINUOUS
10
5.5136135826771655
20
-3.8604336614173227
11
5.5120347244094487
21
-3.8580707086614172
0
LINE
8
BLACK
6
CONTINUOUS
10
5.5120347244094487
20
-3.8580707086614172
11
5.5114803149606297
21
-3.8552834645669289
0
LINE
8
BLACK
6
CONTINUOUS
10
5.5114803149606297
20
-3.8552834645669289
11
5.5114803149606297
21
-3.8407165354330708
0
LINE
8
BLACK
6
CONTINUOUS
10
5.5114803149606297
20
-3.8407165354330708
11
5.5120347244094487
21
-3.8379292913385825
0
LINE
8
BLACK
6
CONTINUOUS
10
5.5120347244094487
20
-3.8379292913385825
11
5.5136135826771655
21
-3.835566338582677
0
LINE
8
BLACK
6
CONTINUOUS
10
5.5136135826771655
20
-3.835566338582677
11
5.5159765354330705
21
-3.8339874803149607
0
LINE
8
BLACK
6
CONTINUOUS
10
5.5159765354330705
20
-3.8339874803149607
11
5.5187637795275588
21
-3.8334330708661417
0
LINE
8
BLACK
6
CONTINUOUS
10
5.5187637795275588
20
-3.8334330708661417
11
5.5293937007874012
21
-3.8334330708661417
0
LINE
8
BLACK
6
CONTINUOUS
10
5.5293937007874012
20
-3.8334330708661417
11
5.5321809448818895
21
-3.8339874803149607
0
LINE
8
BLACK
6
CONTINUOUS
10
5.6030234645669292
20
-3.8319874803149605
11
5.6053864173228343
21
-3.8335663385826773
0
LINE
8
BLACK
6
CONTINUOUS
10
5.6053864173228343
20
-3.8335663385826773
11
5.606965275590551
21
-3.8359292913385827
0
LINE
8
BLACK
6
CONTINUOUS
10
5.606965275590551
20
-3.8359292913385827
11
5.60751968503937
21
-3.8387165354330706
0
LINE
8
BLACK
6
CONTINUOUS
10
5.60751968503937
20
-3.8387165354330706
11
5.60751968503937
21
-3.8532834645669292
0
LINE
8
BLACK
6
CONTINUOUS
10
5.60751968503937
20
-3.8532834645669292
11
5.606965275590551
21
-3.8560707086614174
0
LINE
8
BLACK
6
CONTINUOUS
10
5.606965275590551
20
-3.8560707086614174
11
5.6053864173228343
21
-3.8584336614173229
0
LINE
8
BLACK
6
CONTINUOUS
10
5.6053864173228343
20
-3.8584336614173229
11
5.6030234645669292
21
-3.8600125196850392
0
LINE
8
BLACK
6
CONTINUOUS
10
5.6030234645669292
20
-3.8600125196850392
11
5.600236220472441
21
-3.8605669291338582
0
LINE
8
BLACK
6
CONTINUOUS
10
5.600236220472441
20
-3.8605669291338582
11
5.5896062992125986
21
-3.8605669291338582
0
LINE
8
BLACK
6
CONTINUOUS
10
5.5896062992125986
20
-3.8605669291338582
11
5.5868190551181103
21
-3.8600125196850392
0
LINE
8
BLACK
6
CONTINUOUS
10
5.5868190551181103
20
-3.8600125196850392
11
5.5844561023622044
21
-3.8584336614173229
0
LINE
8
BLACK
6
CONTINUOUS
10
5.5844561023622044
20
-3.8584336614173229
11
5.5828772440944885
21
-3.8560707086614174
0
LINE
8
BLACK
6
CONTINUOUS
10
5.5828772440944885
20
-3.8560707086614174
11
5.5823228346456695
21
-3.8532834645669292
0
LINE
8
BLACK
6
CONTINUOUS
10
5.5823228346456695
20
-3.8532834645669292
11
5.5823228346456695
21
-3.8387165354330706
0
LINE
8
BLACK
6
CONTINUOUS
10
5.5823228346456695
20
-3.8387165354330706
11
5.5828772440944885
21
-3.8359292913385827
0
LINE
8
BLACK
6
CONTINUOUS
10
5.5828772440944885
20
-3.8359292913385827
11
5.5844561023622044
21
-3.8335663385826773
0
LINE
8
BLACK
6
CONTINUOUS
10
5.5844561023622044
20
-3.8335663385826773
11
5.5868190551181103
21
-3.8319874803149605
0
LINE
8
BLACK
6
CONTINUOUS
10
5.5868190551181103
20
-3.8319874803149605
11
5.5896062992125986
21
-3.8314330708661415
0
LINE
8
BLACK
6
CONTINUOUS
10
5.5896062992125986
20
-3.8314330708661415
11
5.600236220472441
21
-3.8314330708661415
0
LINE
8
BLACK
6
CONTINUOUS
10
5.600236220472441
20
-3.8314330708661415
11
5.6030234645669292
21
-3.8319874803149605
0
LINE
8
BLACK
6
CONTINUOUS
10
5.6431809448818893
20
-3.8319874803149605
11
5.6455438976377952
21
-3.8335663385826773
0
LINE
8
BLACK
6
CONTINUOUS
10
5.6455438976377952
20
-3.8335663385826773
11
5.6471227559055119
21
-3.8359292913385827
0
LINE
8
BLACK
6
CONTINUOUS
10
5.6471227559055119
20
-3.8359292913385827
11
5.647677165354331
21
-3.8387165354330706
0
LINE
8
BLACK
6
CONTINUOUS
10
5.647677165354331
20
-3.8387165354330706
11
5.647677165354331
21
-3.8532834645669292
0
LINE
8
BLACK
6
CONTINUOUS
10
5.647677165354331
20
-3.8532834645669292
11
5.6471227559055119
21
-3.8560707086614174
0
LINE
8
BLACK
6
CONTINUOUS
10
5.6471227559055119
20
-3.8560707086614174
11
5.6455438976377952
21
-3.8584336614173229
0
LINE
8
BLACK
6
CONTINUOUS
10
5.6455438976377952
20
-3.8584336614173229
11
5.6431809448818893
21
-3.8600125196850392
0
LINE
8
BLACK
6
CONTINUOUS
10
5.6431809448818893
20
-3.8600125196850392
11
5.6403937007874019
21
-3.8605669291338582
0
LINE
8
BLACK
6
CONTINUOUS
10
5.6403937007874019
20
-3.8605669291338582
11
5.6297637795275586
21
-3.8605669291338582
0
LINE
8
BLACK
6
CONTINUOUS
10
5.6297637795275586
20
-3.8605669291338582
11
5.6269765354330703
21
-3.8600125196850392
0
LINE
8
BLACK
6
CONTINUOUS
10
5.6269765354330703
20
-3.8600125196850392
11
5.6246135826771653
21
-3.8584336614173229
0
LINE
8
BLACK
6
CONTINUOUS
10
5.6246135826771653
20
-3.8584336614173229
11
5.6230347244094485
21
-3.8560707086614174
0
LINE
8
BLACK
6
CONTINUOUS
10
5.6230347244094485
20
-3.8560707086614174
11
5.6224803149606295
21
-3.8532834645669292
0
LINE
8
BLACK
6
CONTINUOUS
10
5.6224803149606295
20
-3.8532834645669292
11
5.6224803149606295
21
-3.8387165354330706
0
LINE
8
BLACK
6
CONTINUOUS
10
5.6224803149606295
20
-3.8387165354330706
11
5.6230347244094485
21
-3.8359292913385827
0
LINE
8
BLACK
6
CONTINUOUS
10
5.6230347244094485
20
-3.8359292913385827
11
5.6246135826771653
21
-3.8335663385826773
0
LINE
8
BLACK
6
CONTINUOUS
10
5.6246135826771653
20
-3.8335663385826773
11
5.6269765354330703
21
-3.8319874803149605
0
LINE
8
BLACK
6
CONTINUOUS
10
5.6269765354330703
20
-3.8319874803149605
11
5.6297637795275586
21
-3.8314330708661415
0
LINE
8
BLACK
6
CONTINUOUS
10
5.6297637795275586
20
-3.8314330708661415
11
5.6403937007874019
21
-3.8314330708661415
0
LINE
8
BLACK
6
CONTINUOUS
10
5.6403937007874019
20
-3.8314330708661415
11
5.6431809448818893
21
-3.8319874803149605
0
LINE
8
BLACK
6
CONTINUOUS
10
5.4335555118110239
20
-3.8304749212598423
11
5.4359822834645666
21
-3.8320964566929132
0
LINE
8
BLACK
6
CONTINUOUS
10
5.4359822834645666
20
-3.8320964566929132
11
5.4376038188976379
21
-3.8345232283464568
0
LINE
8
BLACK
6
CONTINUOUS
10
5.4376038188976379
20
-3.8345232283464568
11
5.4381732283464563
21
-3.8373858267716536
0
LINE
8
BLACK
6
CONTINUOUS
10
5.4381732283464563
20
-3.8373858267716536
11
5.4381732283464563
21
-3.8484094488188973
0
LINE
8
BLACK
6
CONTINUOUS
10
5.4381732283464563
20
-3.8484094488188973
11
5.4376038188976379
21
-3.8512720472440942
0
LINE
8
BLACK
6
CONTINUOUS
10
5.4376038188976379
20
-3.8512720472440942
11
5.4359822834645666
21
-3.8536988188976378
0
LINE
8
BLACK
6
CONTINUOUS
10
5.4359822834645666
20
-3.8536988188976378
11
5.4335555118110239
21
-3.8553203543307086
0
LINE
8
BLACK
6
CONTINUOUS
10
5.4335555118110239
20
-3.8553203543307086
11
5.430692913385827
21
-3.8558897637795275
0
LINE
8
BLACK
6
CONTINUOUS
10
5.430692913385827
20
-3.8558897637795275
11
5.4173070866141728
21
-3.8558897637795275
0
LINE
8
BLACK
6
CONTINUOUS
10
5.4173070866141728
20
-3.8558897637795275
11
5.4144444881889759
21
-3.8553203543307086
0
LINE
8
BLACK
6
CONTINUOUS
10
5.4144444881889759
20
-3.8553203543307086
11
5.4120177165354333
21
-3.8536988188976378
0
LINE
8
BLACK
6
CONTINUOUS
10
5.4120177165354333
20
-3.8536988188976378
11
5.410396181102362
21
-3.8512720472440942
0
LINE
8
BLACK
6
CONTINUOUS
10
5.410396181102362
20
-3.8512720472440942
11
5.4098267716535435
21
-3.8484094488188973
0
LINE
8
BLACK
6
CONTINUOUS
10
5.4098267716535435
20
-3.8484094488188973
11
5.4098267716535435
21
-3.8373858267716536
0
LINE
8
BLACK
6
CONTINUOUS
10
5.4098267716535435
20
-3.8373858267716536
11
5.410396181102362
21
-3.8345232283464568
0
LINE
8
BLACK
6
CONTINUOUS
10
5.410396181102362
20
-3.8345232283464568
11
5.4120177165354333
21
-3.8320964566929132
0
LINE
8
BLACK
6
CONTINUOUS
10
5.4120177165354333
20
-3.8320964566929132
11
5.4144444881889759
21
-3.8304749212598423
0
LINE
8
BLACK
6
CONTINUOUS
10
5.4144444881889759
20
-3.8304749212598423
11
5.4173070866141728
21
-3.8299055118110235
0
LINE
8
BLACK
6
CONTINUOUS
10
5.4173070866141728
20
-3.8299055118110235
11
5.430692913385827
21
-3.8299055118110235
0
LINE
8
BLACK
6
CONTINUOUS
10
5.430692913385827
20
-3.8299055118110235
11
5.4335555118110239
21
-3.8304749212598423
0
LINE
8
BLACK
6
CONTINUOUS
10
4.9344540944881885
20
-3.7716459055118108
11
4.9350927165354328
21
-3.7720726377952754
0
LINE
8
BLACK
6
CONTINUOUS
10
4.9350927165354328
20
-3.7720726377952754
11
4.9355194488188978
21
-3.7727112598425196
0
LINE
8
BLACK
6
CONTINUOUS
10
4.9355194488188978
20
-3.7727112598425196
11
4.9356692913385825
21
-3.7734645669291336
0
LINE
8
BLACK
6
CONTINUOUS
10
4.9356692913385825
20
-3.7734645669291336
11
4.9356692913385825
21
-3.8522047244094488
0
LINE
8
BLACK
6
CONTINUOUS
10
4.9356692913385825
20
-3.8522047244094488
11
4.9355194488188978
21
-3.8529580314960628
0
LINE
8
BLACK
6
CONTINUOUS
10
4.9355194488188978
20
-3.8529580314960628
11
4.9350927165354328
21
-3.853596653543307
0
LINE
8
BLACK
6
CONTINUOUS
10
4.9350927165354328
20
-3.853596653543307
11
4.9344540944881885
21
-3.8540233858267716
0
LINE
8
BLACK
6
CONTINUOUS
10
4.9344540944881885
20
-3.8540233858267716
11
4.933700787401575
21
-3.8541732283464567
0
LINE
8
BLACK
6
CONTINUOUS
10
4.933700787401575
20
-3.8541732283464567
11
4.9140157480314963
21
-3.8541732283464567
0
LINE
8
BLACK
6
CONTINUOUS
10
4.9140157480314963
20
-3.8541732283464567
11
4.913262440944882
21
-3.8540233858267716
0
LINE
8
BLACK
6
CONTINUOUS
10
4.913262440944882
20
-3.8540233858267716
11
4.9126238188976377
21
-3.853596653543307
0
LINE
8
BLACK
6
CONTINUOUS
10
4.9126238188976377
20
-3.853596653543307
11
4.9121970866141735
21
-3.8529580314960628
0
LINE
8
BLACK
6
CONTINUOUS
10
4.9121970866141735
20
-3.8529580314960628
11
4.912047244094488
21
-3.8522047244094488
0
LINE
8
BLACK
6
CONTINUOUS
10
4.912047244094488
20
-3.8522047244094488
11
4.912047244094488
21
-3.7734645669291336
0
LINE
8
BLACK
6
CONTINUOUS
10
4.912047244094488
20
-3.7734645669291336
11
4.9121970866141735
21
-3.7727112598425196
0
LINE
8
BLACK
6
CONTINUOUS
10
4.9121970866141735
20
-3.7727112598425196
11
4.9126238188976377
21
-3.7720726377952754
0
LINE
8
BLACK
6
CONTINUOUS
10
4.9126238188976377
20
-3.7720726377952754
11
4.913262440944882
21
-3.7716459055118108
0
LINE
8
BLACK
6
CONTINUOUS
10
4.913262440944882
20
-3.7716459055118108
11
4.9140157480314963
21
-3.7714960629921257
0
LINE
8
BLACK
6
CONTINUOUS
10
4.9140157480314963
20
-3.7714960629921257
11
4.933700787401575
21
-3.7714960629921257
0
LINE
8
BLACK
6
CONTINUOUS
10
4.933700787401575
20
-3.7714960629921257
11
4.9344540944881885
21
-3.7716459055118108
0
LINE
8
BLACK
6
CONTINUOUS
10
4.9738241732283459
20
-3.7716459055118108
11
4.9744627952755902
21
-3.7720726377952754
0
LINE
8
BLACK
6
CONTINUOUS
10
4.9744627952755902
20
-3.7720726377952754
11
4.9748895275590552
21
-3.7727112598425196
0
LINE
8
BLACK
6
CONTINUOUS
10
4.9748895275590552
20
-3.7727112598425196
11
4.9750393700787399
21
-3.7734645669291336
0
LINE
8
BLACK
6
CONTINUOUS
10
4.9750393700787399
20
-3.7734645669291336
11
4.9750393700787399
21
-3.8522047244094488
0
LINE
8
BLACK
6
CONTINUOUS
10
4.9750393700787399
20
-3.8522047244094488
11
4.9748895275590552
21
-3.8529580314960628
0
LINE
8
BLACK
6
CONTINUOUS
10
4.9748895275590552
20
-3.8529580314960628
11
4.9744627952755902
21
-3.853596653543307
0
LINE
8
BLACK
6
CONTINUOUS
10
4.9744627952755902
20
-3.853596653543307
11
4.9738241732283459
21
-3.8540233858267716
0
LINE
8
BLACK
6
CONTINUOUS
10
4.9738241732283459
20
-3.8540233858267716
11
4.9730708661417324
21
-3.8541732283464567
0
LINE
8
BLACK
6
CONTINUOUS
10
4.9730708661417324
20
-3.8541732283464567
11
4.9533858267716537
21
-3.8541732283464567
0
LINE
8
BLACK
6
CONTINUOUS
10
4.9533858267716537
20
-3.8541732283464567
11
4.9526325196850394
21
-3.8540233858267716
0
LINE
8
BLACK
6
CONTINUOUS
10
4.9526325196850394
20
-3.8540233858267716
11
4.9519938976377951
21
-3.853596653543307
0
LINE
8
BLACK
6
CONTINUOUS
10
4.9519938976377951
20
-3.853596653543307
11
4.9515671653543309
21
-3.8529580314960628
0
LINE
8
BLACK
6
CONTINUOUS
10
4.9515671653543309
20
-3.8529580314960628
11
4.9514173228346454
21
-3.8522047244094488
0
LINE
8
BLACK
6
CONTINUOUS
10
4.9514173228346454
20
-3.8522047244094488
11
4.9514173228346454
21
-3.7734645669291336
0
LINE
8
BLACK
6
CONTINUOUS
10
4.9514173228346454
20
-3.7734645669291336
11
4.9515671653543309
21
-3.7727112598425196
0
LINE
8
BLACK
6
CONTINUOUS
10
4.9515671653543309
20
-3.7727112598425196
11
4.9519938976377951
21
-3.7720726377952754
0
LINE
8
BLACK
6
CONTINUOUS
10
4.9519938976377951
20
-3.7720726377952754
11
4.9526325196850394
21
-3.7716459055118108
0
LINE
8
BLACK
6
CONTINUOUS
10
4.9526325196850394
20
-3.7716459055118108
11
4.9533858267716537
21
-3.7714960629921257
0
LINE
8
BLACK
6
CONTINUOUS
10
4.9533858267716537
20
-3.7714960629921257
11
4.9730708661417324
21
-3.7714960629921257
0
LINE
8
BLACK
6
CONTINUOUS
10
4.9730708661417324
20
-3.7714960629921257
11
4.9738241732283459
21
-3.7716459055118108
0
LINE
8
BLACK
6
CONTINUOUS
10
5.0131942519685042
20
-3.7716459055118108
11
5.0138328740157476
21
-3.7720726377952754
0
LINE
8
BLACK
6
CONTINUOUS
10
5.0138328740157476
20
-3.7720726377952754
11
5.0142596062992126
21
-3.7727112598425196
0
LINE
8
BLACK
6
CONTINUOUS
10
5.0142596062992126
20
-3.7727112598425196
11
5.0144094488188973
21
-3.7734645669291336
0
LINE
8
BLACK
6
CONTINUOUS
10
5.0144094488188973
20
-3.7734645669291336
11
5.0144094488188973
21
-3.8522047244094488
0
LINE
8
BLACK
6
CONTINUOUS
10
5.0144094488188973
20
-3.8522047244094488
11
5.0142596062992126
21
-3.8529580314960628
0
LINE
8
BLACK
6
CONTINUOUS
10
5.0142596062992126
20
-3.8529580314960628
11
5.0138328740157476
21
-3.853596653543307
0
LINE
8
BLACK
6
CONTINUOUS
10
5.0138328740157476
20
-3.853596653543307
11
5.0131942519685042
21
-3.8540233858267716
0
LINE
8
BLACK
6
CONTINUOUS
10
5.0131942519685042
20
-3.8540233858267716
11
5.0124409448818898
21
-3.8541732283464567
0
LINE
8
BLACK
6
CONTINUOUS
10
5.0124409448818898
20
-3.8541732283464567
11
4.9927559055118111
21
-3.8541732283464567
0
LINE
8
BLACK
6
CONTINUOUS
10
4.9927559055118111
20
-3.8541732283464567
11
4.9920025984251968
21
-3.8540233858267716
0
LINE
8
BLACK
6
CONTINUOUS
10
4.9920025984251968
20
-3.8540233858267716
11
4.9913639763779525
21
-3.853596653543307
0
LINE
8
BLACK
6
CONTINUOUS
10
4.9913639763779525
20
-3.853596653543307
11
4.9909372440944884
21
-3.8529580314960628
0
LINE
8
BLACK
6
CONTINUOUS
10
4.9909372440944884
20
-3.8529580314960628
11
4.9907874015748028
21
-3.8522047244094488
0
LINE
8
BLACK
6
CONTINUOUS
10
4.9907874015748028
20
-3.8522047244094488
11
4.9907874015748028
21
-3.7734645669291336
0
LINE
8
BLACK
6
CONTINUOUS
10
4.9907874015748028
20
-3.7734645669291336
11
4.9909372440944884
21
-3.7727112598425196
0
LINE
8
BLACK
6
CONTINUOUS
10
4.9909372440944884
20
-3.7727112598425196
11
4.9913639763779525
21
-3.7720726377952754
0
LINE
8
BLACK
6
CONTINUOUS
10
4.9913639763779525
20
-3.7720726377952754
11
4.9920025984251968
21
-3.7716459055118108
0
LINE
8
BLACK
6
CONTINUOUS
10
4.9920025984251968
20
-3.7716459055118108
11
4.9927559055118111
21
-3.7714960629921257
0
LINE
8
BLACK
6
CONTINUOUS
10
4.9927559055118111
20
-3.7714960629921257
11
5.0124409448818898
21
-3.7714960629921257
0
LINE
8
BLACK
6
CONTINUOUS
10
5.0124409448818898
20
-3.7714960629921257
11
5.0131942519685042
21
-3.7716459055118108
0
LINE
8
BLACK
6
CONTINUOUS
10
5.0525643307086616
20
-3.7716459055118108
11
5.053202952755905
21
-3.7720726377952754
0
LINE
8
BLACK
6
CONTINUOUS
10
5.053202952755905
20
-3.7720726377952754
11
5.05362968503937
21
-3.7727112598425196
0
LINE
8
BLACK
6
CONTINUOUS
10
5.05362968503937
20
-3.7727112598425196
11
5.0537795275590547
21
-3.7734645669291336
0
LINE
8
BLACK
6
CONTINUOUS
10
5.0537795275590547
20
-3.7734645669291336
11
5.0537795275590547
21
-3.8522047244094488
0
LINE
8
BLACK
6
CONTINUOUS
10
5.0537795275590547
20
-3.8522047244094488
11
5.05362968503937
21
-3.8529580314960628
0
LINE
8
BLACK
6
CONTINUOUS
10
5.05362968503937
20
-3.8529580314960628
11
5.053202952755905
21
-3.853596653543307
0
LINE
8
BLACK
6
CONTINUOUS
10
5.053202952755905
20
-3.853596653543307
11
5.0525643307086616
21
-3.8540233858267716
0
LINE
8
BLACK
6
CONTINUOUS
10
5.0525643307086616
20
-3.8540233858267716
11
5.0518110236220473
21
-3.8541732283464567
0
LINE
8
BLACK
6
CONTINUOUS
10
5.0518110236220473
20
-3.8541732283464567
11
5.0321259842519686
21
-3.8541732283464567
0
LINE
8
BLACK
6
CONTINUOUS
10
5.0321259842519686
20
-3.8541732283464567
11
5.0313726771653542
21
-3.8540233858267716
0
LINE
8
BLACK
6
CONTINUOUS
10
5.0313726771653542
20
-3.8540233858267716
11
5.0307340551181099
21
-3.853596653543307
0
LINE
8
BLACK
6
CONTINUOUS
10
5.0307340551181099
20
-3.853596653543307
11
5.0303073228346458
21
-3.8529580314960628
0
LINE
8
BLACK
6
CONTINUOUS
10
5.0303073228346458
20
-3.8529580314960628
11
5.0301574803149602
21
-3.8522047244094488
0
LINE
8
BLACK
6
CONTINUOUS
10
5.0301574803149602
20
-3.8522047244094488
11
5.0301574803149602
21
-3.7734645669291336
0
LINE
8
BLACK
6
CONTINUOUS
10
5.0301574803149602
20
-3.7734645669291336
11
5.0303073228346458
21
-3.7727112598425196
0
LINE
8
BLACK
6
CONTINUOUS
10
5.0303073228346458
20
-3.7727112598425196
11
5.0307340551181099
21
-3.7720726377952754
0
LINE
8
BLACK
6
CONTINUOUS
10
5.0307340551181099
20
-3.7720726377952754
11
5.0313726771653542
21
-3.7716459055118108
0
LINE
8
BLACK
6
CONTINUOUS
10
5.0313726771653542
20
-3.7716459055118108
11
5.0321259842519686
21
-3.7714960629921257
0
LINE
8
BLACK
6
CONTINUOUS
10
5.0321259842519686
20
-3.7714960629921257
11
5.0518110236220473
21
-3.7714960629921257
0
LINE
8
BLACK
6
CONTINUOUS
10
5.0518110236220473
20
-3.7714960629921257
11
5.0525643307086616
21
-3.7716459055118108
0
LINE
8
BLACK
6
CONTINUOUS
10
5.091934409448819
20
-3.7716459055118108
11
5.0925730314960624
21
-3.7720726377952754
0
LINE
8
BLACK
6
CONTINUOUS
10
5.0925730314960624
20
-3.7720726377952754
11
5.0929997637795275
21
-3.7727112598425196
0
LINE
8
BLACK
6
CONTINUOUS
10
5.0929997637795275
20
-3.7727112598425196
11
5.0931496062992121
21
-3.7734645669291336
0
LINE
8
BLACK
6
CONTINUOUS
10
5.0931496062992121
20
-3.7734645669291336
11
5.0931496062992121
21
-3.8522047244094488
0
LINE
8
BLACK
6
CONTINUOUS
10
5.0931496062992121
20
-3.8522047244094488
11
5.0929997637795275
21
-3.8529580314960628
0
LINE
8
BLACK
6
CONTINUOUS
10
5.0929997637795275
20
-3.8529580314960628
11
5.0925730314960624
21
-3.853596653543307
0
LINE
8
BLACK
6
CONTINUOUS
10
5.0925730314960624
20
-3.853596653543307
11
5.091934409448819
21
-3.8540233858267716
0
LINE
8
BLACK
6
CONTINUOUS
10
5.091934409448819
20
-3.8540233858267716
11
5.0911811023622047
21
-3.8541732283464567
0
LINE
8
BLACK
6
CONTINUOUS
10
5.0911811023622047
20
-3.8541732283464567
11
5.071496062992126
21
-3.8541732283464567
0
LINE
8
BLACK
6
CONTINUOUS
10
5.071496062992126
20
-3.8541732283464567
11
5.0707427559055116
21
-3.8540233858267716
0
LINE
8
BLACK
6
CONTINUOUS
10
5.0707427559055116
20
-3.8540233858267716
11
5.0701041338582673
21
-3.853596653543307
0
LINE
8
BLACK
6
CONTINUOUS
10
5.0701041338582673
20
-3.853596653543307
11
5.0696774015748032
21
-3.8529580314960628
0
LINE
8
BLACK
6
CONTINUOUS
10
5.0696774015748032
20
-3.8529580314960628
11
5.0695275590551176
21
-3.8522047244094488
0
LINE
8
BLACK
6
CONTINUOUS
10
5.0695275590551176
20
-3.8522047244094488
11
5.0695275590551176
21
-3.7734645669291336
0
LINE
8
BLACK
6
CONTINUOUS
10
5.0695275590551176
20
-3.7734645669291336
11
5.0696774015748032
21
-3.7727112598425196
0
LINE
8
BLACK
6
CONTINUOUS
10
5.0696774015748032
20
-3.7727112598425196
11
5.0701041338582673
21
-3.7720726377952754
0
LINE
8
BLACK
6
CONTINUOUS
10
5.0701041338582673
20
-3.7720726377952754
11
5.0707427559055116
21
-3.7716459055118108
0
LINE
8
BLACK
6
CONTINUOUS
10
5.0707427559055116
20
-3.7716459055118108
11
5.071496062992126
21
-3.7714960629921257
0
LINE
8
BLACK
6
CONTINUOUS
10
5.071496062992126
20
-3.7714960629921257
11
5.0911811023622047
21
-3.7714960629921257
0
LINE
8
BLACK
6
CONTINUOUS
10
5.0911811023622047
20
-3.7714960629921257
11
5.091934409448819
21
-3.7716459055118108
0
LINE
8
BLACK
6
CONTINUOUS
10
4.8637640551181098
20
-3.819510905511811
11
4.8681540944881885
21
-3.8217477559055117
0
LINE
8
BLACK
6
CONTINUOUS
10
4.8681540944881885
20
-3.8217477559055117
11
4.8716380708661413
21
-3.8252317322834646
0
LINE
8
BLACK
6
CONTINUOUS
10
4.8716380708661413
20
-3.8252317322834646
11
4.8738749212598425
21
-3.8296217716535432
0
LINE
8
BLACK
6
CONTINUOUS
10
4.8738749212598425
20
-3.8296217716535432
11
4.8746456692913389
21
-3.834488188976378
0
LINE
8
BLACK
6
CONTINUOUS
10
4.8746456692913389
20
-3.834488188976378
11
4.8738749212598425
21
-3.8393546062992123
0
LINE
8
BLACK
6
CONTINUOUS
10
4.8738749212598425
20
-3.8393546062992123
11
4.8716380708661413
21
-3.8437446456692914
0
LINE
8
BLACK
6
CONTINUOUS
10
4.8716380708661413
20
-3.8437446456692914
11
4.8681540944881885
21
-3.8472286220472438
0
LINE
8
BLACK
6
CONTINUOUS
10
4.8681540944881885
20
-3.8472286220472438
11
4.8637640551181098
21
-3.8494654724409449
0
LINE
8
BLACK
6
CONTINUOUS
10
4.8637640551181098
20
-3.8494654724409449
11
4.8588976377952751
21
-3.850236220472441
0
LINE
8
BLACK
6
CONTINUOUS
10
4.8588976377952751
20
-3.850236220472441
11
4.8540312204724412
21
-3.8494654724409449
0
LINE
8
BLACK
6
CONTINUOUS
10
4.8540312204724412
20
-3.8494654724409449
11
4.8496411811023625
21
-3.8472286220472438
0
LINE
8
BLACK
6
CONTINUOUS
10
4.8496411811023625
20
-3.8472286220472438
11
4.8461572047244097
21
-3.8437446456692914
0
LINE
8
BLACK
6
CONTINUOUS
10
4.8461572047244097
20
-3.8437446456692914
11
4.8439203543307086
21
-3.8393546062992123
0
LINE
8
BLACK
6
CONTINUOUS
10
4.8439203543307086
20
-3.8393546062992123
11
4.8431496062992121
21
-3.834488188976378
0
LINE
8
BLACK
6
CONTINUOUS
10
4.8431496062992121
20
-3.834488188976378
11
4.8439203543307086
21
-3.8296217716535432
0
LINE
8
BLACK
6
CONTINUOUS
10
4.8439203543307086
20
-3.8296217716535432
11
4.8461572047244097
21
-3.8252317322834646
0
LINE
8
BLACK
6
CONTINUOUS
10
4.8461572047244097
20
-3.8252317322834646
11
4.8496411811023625
21
-3.8217477559055117
0
LINE
8
BLACK
6
CONTINUOUS
10
4.8496411811023625
20
-3.8217477559055117
11
4.8540312204724412
21
-3.819510905511811
0
LINE
8
BLACK
6
CONTINUOUS
10
4.8540312204724412
20
-3.819510905511811
11
4.8588976377952751
21
-3.818740157480315
0
LINE
8
BLACK
6
CONTINUOUS
10
4.8588976377952751
20
-3.818740157480315
11
4.8637640551181098
21
-3.819510905511811
0
LINE
8
BLACK
6
CONTINUOUS
10
5.2613097637795274
20
-3.8357721259842519
11
5.2625870472440948
21
-3.8366255511811023
0
LINE
8
BLACK
6
CONTINUOUS
10
5.2625870472440948
20
-3.8366255511811023
11
5.2634404724409452
21
-3.8379028346456692
0
LINE
8
BLACK
6
CONTINUOUS
10
5.2634404724409452
20
-3.8379028346456692
11
5.2637401574803144
21
-3.8394094488188975
0
LINE
8
BLACK
6
CONTINUOUS
10
5.2637401574803144
20
-3.8394094488188975
11
5.2637401574803144
21
-3.8433464566929132
0
LINE
8
BLACK
6
CONTINUOUS
10
5.2637401574803144
20
-3.8433464566929132
11
5.2634404724409452
21
-3.8448530708661415
0
LINE
8
BLACK
6
CONTINUOUS
10
5.2634404724409452
20
-3.8448530708661415
11
5.2625870472440948
21
-3.8461303543307084
0
LINE
8
BLACK
6
CONTINUOUS
10
5.2625870472440948
20
-3.8461303543307084
11
5.2613097637795274
21
-3.8469837795275588
0
LINE
8
BLACK
6
CONTINUOUS
10
5.2613097637795274
20
-3.8469837795275588
11
5.2598031496062987
21
-3.8472834645669289
0
LINE
8
BLACK
6
CONTINUOUS
10
5.2598031496062987
20
-3.8472834645669289
11
5.2420866141732283
21
-3.8472834645669289
0
LINE
8
BLACK
6
CONTINUOUS
10
5.2420866141732283
20
-3.8472834645669289
11
5.2405799999999996
21
-3.8469837795275588
0
LINE
8
BLACK
6
CONTINUOUS
10
5.2405799999999996
20
-3.8469837795275588
11
5.2393027165354331
21
-3.8461303543307084
0
LINE
8
BLACK
6
CONTINUOUS
10
5.2393027165354331
20
-3.8461303543307084
11
5.2384492913385827
21
-3.8448530708661415
0
LINE
8
BLACK
6
CONTINUOUS
10
5.2384492913385827
20
-3.8448530708661415
11
5.2381496062992126
21
-3.8433464566929132
0
LINE
8
BLACK
6
CONTINUOUS
10
5.2381496062992126
20
-3.8433464566929132
11
5.2381496062992126
21
-3.8394094488188975
0
LINE
8
BLACK
6
CONTINUOUS
10
5.2381496062992126
20
-3.8394094488188975
11
5.2384492913385827
21
-3.8379028346456692
0
LINE
8
BLACK
6
CONTINUOUS
10
5.2384492913385827
20
-3.8379028346456692
11
5.2393027165354331
21
-3.8366255511811023
0
LINE
8
BLACK
6
CONTINUOUS
10
5.2393027165354331
20
-3.8366255511811023
11
5.2405799999999996
21
-3.8357721259842519
0
LINE
8
BLACK
6
CONTINUOUS
10
5.2405799999999996
20
-3.8357721259842519
11
5.2420866141732283
21
-3.8354724409448817
0
LINE
8
BLACK
6
CONTINUOUS
10
5.2420866141732283
20
-3.8354724409448817
11
5.2598031496062987
21
-3.8354724409448817
0
LINE
8
BLACK
6
CONTINUOUS
10
5.2598031496062987
20
-3.8354724409448817
11
5.2613097637795274
21
-3.8357721259842519
0
LINE
8
BLACK
6
CONTINUOUS
10
5.3794199999999996
20
-3.8357721259842519
11
5.380697283464567
21
-3.8366255511811023
0
LINE
8
BLACK
6
CONTINUOUS
10
5.380697283464567
20
-3.8366255511811023
11
5.3815507086614174
21
-3.8379028346456692
0
LINE
8
BLACK
6
CONTINUOUS
10
5.3815507086614174
20
-3.8379028346456692
11
5.3818503937007875
21
-3.8394094488188975
0
LINE
8
BLACK
6
CONTINUOUS
10
5.3818503937007875
20
-3.8394094488188975
11
5.3818503937007875
21
-3.8433464566929132
0
LINE
8
BLACK
6
CONTINUOUS
10
5.3818503937007875
20
-3.8433464566929132
11
5.3815507086614174
21
-3.8448530708661415
0
LINE
8
BLACK
6
CONTINUOUS
10
5.3815507086614174
20
-3.8448530708661415
11
5.380697283464567
21
-3.8461303543307084
0
LINE
8
BLACK
6
CONTINUOUS
10
5.380697283464567
20
-3.8461303543307084
11
5.3794199999999996
21
-3.8469837795275588
0
LINE
8
BLACK
6
CONTINUOUS
10
5.3794199999999996
20
-3.8469837795275588
11
5.3779133858267718
21
-3.8472834645669289
0
LINE
8
BLACK
6
CONTINUOUS
10
5.3779133858267718
20
-3.8472834645669289
11
5.3601968503937005
21
-3.8472834645669289
0
LINE
8
BLACK
6
CONTINUOUS
10
5.3601968503937005
20
-3.8472834645669289
11
5.3586902362204727
21
-3.8469837795275588
0
LINE
8
BLACK
6
CONTINUOUS
10
5.3586902362204727
20
-3.8469837795275588
11
5.3574129527559053
21
-3.8461303543307084
0
LINE
8
BLACK
6
CONTINUOUS
10
5.3574129527559053
20
-3.8461303543307084
11
5.356559527559055
21
-3.8448530708661415
0
LINE
8
BLACK
6
CONTINUOUS
10
5.356559527559055
20
-3.8448530708661415
11
5.3562598425196848
21
-3.8433464566929132
0
LINE
8
BLACK
6
CONTINUOUS
10
5.3562598425196848
20
-3.8433464566929132
11
5.3562598425196848
21
-3.8394094488188975
0
LINE
8
BLACK
6
CONTINUOUS
10
5.3562598425196848
20
-3.8394094488188975
11
5.356559527559055
21
-3.8379028346456692
0
LINE
8
BLACK
6
CONTINUOUS
10
5.356559527559055
20
-3.8379028346456692
11
5.3574129527559053
21
-3.8366255511811023
0
LINE
8
BLACK
6
CONTINUOUS
10
5.3574129527559053
20
-3.8366255511811023
11
5.3586902362204727
21
-3.8357721259842519
0
LINE
8
BLACK
6
CONTINUOUS
10
5.3586902362204727
20
-3.8357721259842519
11
5.3601968503937005
21
-3.8354724409448817
0
LINE
8
BLACK
6
CONTINUOUS
10
5.3601968503937005
20
-3.8354724409448817
11
5.3779133858267718
21
-3.8354724409448817
0
LINE
8
BLACK
6
CONTINUOUS
10
5.3779133858267718
20
-3.8354724409448817
11
5.3794199999999996
21
-3.8357721259842519
0
LINE
8
BLACK
6
CONTINUOUS
10
5.2613097637795274
20
-3.8200240944881889
11
5.2625870472440948
21
-3.8208775196850393
0
LINE
8
BLACK
6
CONTINUOUS
10
5.2625870472440948
20
-3.8208775196850393
11
5.2634404724409452
21
-3.8221548031496062
0
LINE
8
BLACK
6
CONTINUOUS
10
5.2634404724409452
20
-3.8221548031496062
11
5.2637401574803144
21
-3.8236614173228345
0
LINE
8
BLACK
6
CONTINUOUS
10
5.2637401574803144
20
-3.8236614173228345
11
5.2637401574803144
21
-3.8275984251968502
0
LINE
8
BLACK
6
CONTINUOUS
10
5.2637401574803144
20
-3.8275984251968502
11
5.2634404724409452
21
-3.8291050393700785
0
LINE
8
BLACK
6
CONTINUOUS
10
5.2634404724409452
20
-3.8291050393700785
11
5.2625870472440948
21
-3.8303823228346454
0
LINE
8
BLACK
6
CONTINUOUS
10
5.2625870472440948
20
-3.8303823228346454
11
5.2613097637795274
21
-3.8312357480314958
0
LINE
8
BLACK
6
CONTINUOUS
10
5.2613097637795274
20
-3.8312357480314958
11
5.2598031496062987
21
-3.831535433070866
0
LINE
8
BLACK
6
CONTINUOUS
10
5.2598031496062987
20
-3.831535433070866
11
5.2420866141732283
21
-3.831535433070866
0
LINE
8
BLACK
6
CONTINUOUS
10
5.2420866141732283
20
-3.831535433070866
11
5.2405799999999996
21
-3.8312357480314958
0
LINE
8
BLACK
6
CONTINUOUS
10
5.2405799999999996
20
-3.8312357480314958
11
5.2393027165354331
21
-3.8303823228346454
0
LINE
8
BLACK
6
CONTINUOUS
10
5.2393027165354331
20
-3.8303823228346454
11
5.2384492913385827
21
-3.8291050393700785
0
LINE
8
BLACK
6
CONTINUOUS
10
5.2384492913385827
20
-3.8291050393700785
11
5.2381496062992126
21
-3.8275984251968502
0
LINE
8
BLACK
6
CONTINUOUS
10
5.2381496062992126
20
-3.8275984251968502
11
5.2381496062992126
21
-3.8236614173228345
0
LINE
8
BLACK
6
CONTINUOUS
10
5.2381496062992126
20
-3.8236614173228345
11
5.2384492913385827
21
-3.8221548031496062
0
LINE
8
BLACK
6
CONTINUOUS
10
5.2384492913385827
20
-3.8221548031496062
11
5.2393027165354331
21
-3.8208775196850393
0
LINE
8
BLACK
6
CONTINUOUS
10
5.2393027165354331
20
-3.8208775196850393
11
5.2405799999999996
21
-3.8200240944881889
0
LINE
8
BLACK
6
CONTINUOUS
10
5.2405799999999996
20
-3.8200240944881889
11
5.2420866141732283
21
-3.8197244094488187
0
LINE
8
BLACK
6
CONTINUOUS
10
5.2420866141732283
20
-3.8197244094488187
11
5.2598031496062987
21
-3.8197244094488187
0
LINE
8
BLACK
6
CONTINUOUS
10
5.2598031496062987
20
-3.8197244094488187
11
5.2613097637795274
21
-3.8200240944881889
0
LINE
8
BLACK
6
CONTINUOUS
10
5.3794199999999996
20
-3.8200240944881889
11
5.380697283464567
21
-3.8208775196850393
0
LINE
8
BLACK
6
CONTINUOUS
10
5.380697283464567
20
-3.8208775196850393
11
5.3815507086614174
21
-3.8221548031496062
0
LINE
8
BLACK
6
CONTINUOUS
10
5.3815507086614174
20
-3.8221548031496062
11
5.3818503937007875
21
-3.8236614173228345
0
LINE
8
BLACK
6
CONTINUOUS
10
5.3818503937007875
20
-3.8236614173228345
11
5.3818503937007875
21
-3.8275984251968502
0
LINE
8
BLACK
6
CONTINUOUS
10
5.3818503937007875
20
-3.8275984251968502
11
5.3815507086614174
21
-3.8291050393700785
0
LINE
8
BLACK
6
CONTINUOUS
10
5.3815507086614174
20
-3.8291050393700785
11
5.380697283464567
21
-3.8303823228346454
0
LINE
8
BLACK
6
CONTINUOUS
10
5.380697283464567
20
-3.8303823228346454
11
5.3794199999999996
21
-3.8312357480314958
0
LINE
8
BLACK
6
CONTINUOUS
10
5.3794199999999996
20
-3.8312357480314958
11
5.3779133858267718
21
-3.831535433070866
0
LINE
8
BLACK
6
CONTINUOUS
10
5.3779133858267718
20
-3.831535433070866
11
5.3601968503937005
21
-3.831535433070866
0
LINE
8
BLACK
6
CONTINUOUS
10
5.3601968503937005
20
-3.831535433070866
11
5.3586902362204727
21
-3.8312357480314958
0
LINE
8
BLACK
6
CONTINUOUS
10
5.3586902362204727
20
-3.8312357480314958
11
5.3574129527559053
21
-3.8303823228346454
0
LINE
8
BLACK
6
CONTINUOUS
10
5.3574129527559053
20
-3.8303823228346454
11
5.356559527559055
21
-3.8291050393700785
0
LINE
8
BLACK
6
CONTINUOUS
10
5.356559527559055
20
-3.8291050393700785
11
5.3562598425196848
21
-3.8275984251968502
0
LINE
8
BLACK
6
CONTINUOUS
10
5.3562598425196848
20
-3.8275984251968502
11
5.3562598425196848
21
-3.8236614173228345
0
LINE
8
BLACK
6
CONTINUOUS
10
5.3562598425196848
20
-3.8236614173228345
11
5.356559527559055
21
-3.8221548031496062
0
LINE
8
BLACK
6
CONTINUOUS
10
5.356559527559055
20
-3.8221548031496062
11
5.3574129527559053
21
-3.8208775196850393
0
LINE
8
BLACK
6
CONTINUOUS
10
5.3574129527559053
20
-3.8208775196850393
11
5.3586902362204727
21
-3.8200240944881889
0
LINE
8
BLACK
6
CONTINUOUS
10
5.3586902362204727
20
-3.8200240944881889
11
5.3601968503937005
21
-3.8197244094488187
0
LINE
8
BLACK
6
CONTINUOUS
10
5.3601968503937005
20
-3.8197244094488187
11
5.3779133858267718
21
-3.8197244094488187
0
LINE
8
BLACK
6
CONTINUOUS
10
5.3779133858267718
20
-3.8197244094488187
11
5.3794199999999996
21
-3.8200240944881889
0
LINE
8
BLACK
6
CONTINUOUS
10
5.9521529527559052
20
-3.776731062992126
11
5.9561236614173225
21
-3.7784842913385828
0
LINE
8
BLACK
6
CONTINUOUS
10
5.9561236614173225
20
-3.7784842913385828
11
5.9591928740157476
21
-3.7815535039370078
0
LINE
8
BLACK
6
CONTINUOUS
10
5.9591928740157476
20
-3.7815535039370078
11
5.9609461023622048
21
-3.7855242125984252
0
LINE
8
BLACK
6
CONTINUOUS
10
5.9609461023622048
20
-3.7855242125984252
11
5.9612598425196852
21
-3.7882283464566928
0
LINE
8
BLACK
6
CONTINUOUS
10
5.9612598425196852
20
-3.7882283464566928
11
5.9612598425196852
21
-3.8079133858267715
0
LINE
8
BLACK
6
CONTINUOUS
10
5.9612598425196852
20
-3.8079133858267715
11
5.9609461023622048
21
-3.8106175196850391
0
LINE
8
BLACK
6
CONTINUOUS
10
5.9609461023622048
20
-3.8106175196850391
11
5.9591928740157476
21
-3.8145882283464565
0
LINE
8
BLACK
6
CONTINUOUS
10
5.9591928740157476
20
-3.8145882283464565
11
5.9561236614173225
21
-3.817657440944882
0
LINE
8
BLACK
6
CONTINUOUS
10
5.9561236614173225
20
-3.817657440944882
11
5.9521529527559052
21
-3.8194106692913383
0
LINE
8
BLACK
6
CONTINUOUS
10
5.9521529527559052
20
-3.8194106692913383
11
5.949448818897638
21
-3.8197244094488187
0
LINE
8
BLACK
6
CONTINUOUS
10
5.949448818897638
20
-3.8197244094488187
11
5.8628346456692908
21
-3.8197244094488187
0
LINE
8
BLACK
6
CONTINUOUS
10
5.8628346456692908
20
-3.8197244094488187
11
5.8601305118110236
21
-3.8194106692913383
0
LINE
8
BLACK
6
CONTINUOUS
10
5.8601305118110236
20
-3.8194106692913383
11
5.8561598031496063
21
-3.817657440944882
0
LINE
8
BLACK
6
CONTINUOUS
10
5.8561598031496063
20
-3.817657440944882
11
5.8530905905511812
21
-3.8145882283464565
0
LINE
8
BLACK
6
CONTINUOUS
10
5.8530905905511812
20
-3.8145882283464565
11
5.851337362204724
21
-3.8106175196850391
0
LINE
8
BLACK
6
CONTINUOUS
10
5.851337362204724
20
-3.8106175196850391
11
5.8510236220472436
21
-3.8079133858267715
0
LINE
8
BLACK
6
CONTINUOUS
10
5.8510236220472436
20
-3.8079133858267715
11
5.8510236220472436
21
-3.7882283464566928
0
LINE
8
BLACK
6
CONTINUOUS
10
5.8510236220472436
20
-3.7882283464566928
11
5.851337362204724
21
-3.7855242125984252
0
LINE
8
BLACK
6
CONTINUOUS
10
5.851337362204724
20
-3.7855242125984252
11
5.8530905905511812
21
-3.7815535039370078
0
LINE
8
BLACK
6
CONTINUOUS
10
5.8530905905511812
20
-3.7815535039370078
11
5.8561598031496063
21
-3.7784842913385828
0
LINE
8
BLACK
6
CONTINUOUS
10
5.8561598031496063
20
-3.7784842913385828
11
5.8601305118110236
21
-3.776731062992126
0
LINE
8
BLACK
6
CONTINUOUS
10
5.8601305118110236
20
-3.776731062992126
11
5.8628346456692908
21
-3.7764173228346456
0
LINE
8
BLACK
6
CONTINUOUS
10
5.8628346456692908
20
-3.7764173228346456
11
5.949448818897638
21
-3.7764173228346456
0
LINE
8
BLACK
6
CONTINUOUS
10
5.949448818897638
20
-3.7764173228346456
11
5.9521529527559052
21
-3.776731062992126
0
LINE
8
BLACK
6
CONTINUOUS
10
5.2741050393700784
20
-3.7934492913385824
11
5.2753823228346457
21
-3.7943027165354328
0
LINE
8
BLACK
6
CONTINUOUS
10
5.2753823228346457
20
-3.7943027165354328
11
5.2762357480314961
21
-3.7955799999999997
0
LINE
8
BLACK
6
CONTINUOUS
10
5.2762357480314961
20
-3.7955799999999997
11
5.2765354330708663
21
-3.7970866141732285
0
LINE
8
BLACK
6
CONTINUOUS
10
5.2765354330708663
20
-3.7970866141732285
11
5.2765354330708663
21
-3.8148031496062993
0
LINE
8
BLACK
6
CONTINUOUS
10
5.2765354330708663
20
-3.8148031496062993
11
5.2762357480314961
21
-3.8163097637795276
0
LINE
8
BLACK
6
CONTINUOUS
10
5.2762357480314961
20
-3.8163097637795276
11
5.2753823228346457
21
-3.8175870472440945
0
LINE
8
BLACK
6
CONTINUOUS
10
5.2753823228346457
20
-3.8175870472440945
11
5.2741050393700784
21
-3.8184404724409449
0
LINE
8
BLACK
6
CONTINUOUS
10
5.2741050393700784
20
-3.8184404724409449
11
5.2725984251968505
21
-3.818740157480315
0
LINE
8
BLACK
6
CONTINUOUS
10
5.2725984251968505
20
-3.818740157480315
11
5.2686614173228348
21
-3.818740157480315
0
LINE
8
BLACK
6
CONTINUOUS
10
5.2686614173228348
20
-3.818740157480315
11
5.267154803149606
21
-3.8184404724409449
0
LINE
8
BLACK
6
CONTINUOUS
10
5.267154803149606
20
-3.8184404724409449
11
5.2658775196850396
21
-3.8175870472440945
0
LINE
8
BLACK
6
CONTINUOUS
10
5.2658775196850396
20
-3.8175870472440945
11
5.2650240944881892
21
-3.8163097637795276
0
LINE
8
BLACK
6
CONTINUOUS
10
5.2650240944881892
20
-3.8163097637795276
11
5.264724409448819
21
-3.8148031496062993
0
LINE
8
BLACK
6
CONTINUOUS
10
5.264724409448819
20
-3.8148031496062993
11
5.264724409448819
21
-3.7970866141732285
0
LINE
8
BLACK
6
CONTINUOUS
10
5.264724409448819
20
-3.7970866141732285
11
5.2650240944881892
21
-3.7955799999999997
0
LINE
8
BLACK
6
CONTINUOUS
10
5.2650240944881892
20
-3.7955799999999997
11
5.2658775196850396
21
-3.7943027165354328
0
LINE
8
BLACK
6
CONTINUOUS
10
5.2658775196850396
20
-3.7943027165354328
11
5.267154803149606
21
-3.7934492913385824
0
LINE
8
BLACK
6
CONTINUOUS
10
5.267154803149606
20
-3.7934492913385824
11
5.2686614173228348
21
-3.7931496062992127
0
LINE
8
BLACK
6
CONTINUOUS
10
5.2686614173228348
20
-3.7931496062992127
11
5.2725984251968505
21
-3.7931496062992127
0
LINE
8
BLACK
6
CONTINUOUS
10
5.2725984251968505
20
-3.7931496062992127
11
5.2741050393700784
21
-3.7934492913385824
0
LINE
8
BLACK
6
CONTINUOUS
10
5.2898530708661413
20
-3.7934492913385824
11
5.2911303543307087
21
-3.7943027165354328
0
LINE
8
BLACK
6
CONTINUOUS
10
5.2911303543307087
20
-3.7943027165354328
11
5.2919837795275591
21
-3.7955799999999997
0
LINE
8
BLACK
6
CONTINUOUS
10
5.2919837795275591
20
-3.7955799999999997
11
5.2922834645669292
21
-3.7970866141732285
0
LINE
8
BLACK
6
CONTINUOUS
10
5.2922834645669292
20
-3.7970866141732285
11
5.2922834645669292
21
-3.8148031496062993
0
LINE
8
BLACK
6
CONTINUOUS
10
5.2922834645669292
20
-3.8148031496062993
11
5.2919837795275591
21
-3.8163097637795276
0
LINE
8
BLACK
6
CONTINUOUS
10
5.2919837795275591
20
-3.8163097637795276
11
5.2911303543307087
21
-3.8175870472440945
0
LINE
8
BLACK
6
CONTINUOUS
10
5.2911303543307087
20
-3.8175870472440945
11
5.2898530708661413
21
-3.8184404724409449
0
LINE
8
BLACK
6
CONTINUOUS
10
5.2898530708661413
20
-3.8184404724409449
11
5.2883464566929135
21
-3.818740157480315
0
LINE
8
BLACK
6
CONTINUOUS
10
5.2883464566929135
20
-3.818740157480315
11
5.2844094488188977
21
-3.818740157480315
0
LINE
8
BLACK
6
CONTINUOUS
10
5.2844094488188977
20
-3.818740157480315
11
5.282902834645669
21
-3.8184404724409449
0
LINE
8
BLACK
6
CONTINUOUS
10
5.282902834645669
20
-3.8184404724409449
11
5.2816255511811026
21
-3.8175870472440945
0
LINE
8
BLACK
6
CONTINUOUS
10
5.2816255511811026
20
-3.8175870472440945
11
5.2807721259842522
21
-3.8163097637795276
0
LINE
8
BLACK
6
CONTINUOUS
10
5.2807721259842522
20
-3.8163097637795276
11
5.280472440944882
21
-3.8148031496062993
0
LINE
8
BLACK
6
CONTINUOUS
10
5.280472440944882
20
-3.8148031496062993
11
5.280472440944882
21
-3.7970866141732285
0
LINE
8
BLACK
6
CONTINUOUS
10
5.280472440944882
20
-3.7970866141732285
11
5.2807721259842522
21
-3.7955799999999997
0
LINE
8
BLACK
6
CONTINUOUS
10
5.2807721259842522
20
-3.7955799999999997
11
5.2816255511811026
21
-3.7943027165354328
0
LINE
8
BLACK
6
CONTINUOUS
10
5.2816255511811026
20
-3.7943027165354328
11
5.282902834645669
21
-3.7934492913385824
0
LINE
8
BLACK
6
CONTINUOUS
10
5.282902834645669
20
-3.7934492913385824
11
5.2844094488188977
21
-3.7931496062992127
0
LINE
8
BLACK
6
CONTINUOUS
10
5.2844094488188977
20
-3.7931496062992127
11
5.2883464566929135
21
-3.7931496062992127
0
LINE
8
BLACK
6
CONTINUOUS
10
5.2883464566929135
20
-3.7931496062992127
11
5.2898530708661413
21
-3.7934492913385824
0
LINE
8
BLACK
6
CONTINUOUS
10
5.3056011023622043
20
-3.7934492913385824
11
5.3068783858267716
21
-3.7943027165354328
0
LINE
8
BLACK
6
CONTINUOUS
10
5.3068783858267716
20
-3.7943027165354328
11
5.307731811023622
21
-3.7955799999999997
0
LINE
8
BLACK
6
CONTINUOUS
10
5.307731811023622
20
-3.7955799999999997
11
5.3080314960629922
21
-3.7970866141732285
0
LINE
8
BLACK
6
CONTINUOUS
10
5.3080314960629922
20
-3.7970866141732285
11
5.3080314960629922
21
-3.8148031496062993
0
LINE
8
BLACK
6
CONTINUOUS
10
5.3080314960629922
20
-3.8148031496062993
11
5.307731811023622
21
-3.8163097637795276
0
LINE
8
BLACK
6
CONTINUOUS
10
5.307731811023622
20
-3.8163097637795276
11
5.3068783858267716
21
-3.8175870472440945
0
LINE
8
BLACK
6
CONTINUOUS
10
5.3068783858267716
20
-3.8175870472440945
11
5.3056011023622043
21
-3.8184404724409449
0
LINE
8
BLACK
6
CONTINUOUS
10
5.3056011023622043
20
-3.8184404724409449
11
5.3040944881889764
21
-3.818740157480315
0
LINE
8
BLACK
6
CONTINUOUS
10
5.3040944881889764
20
-3.818740157480315
11
5.3001574803149607
21
-3.818740157480315
0
LINE
8
BLACK
6
CONTINUOUS
10
5.3001574803149607
20
-3.818740157480315
11
5.298650866141732
21
-3.8184404724409449
0
LINE
8
BLACK
6
CONTINUOUS
10
5.298650866141732
20
-3.8184404724409449
11
5.2973735826771655
21
-3.8175870472440945
0
LINE
8
BLACK
6
CONTINUOUS
10
5.2973735826771655
20
-3.8175870472440945
11
5.2965201574803151
21
-3.8163097637795276
0
LINE
8
BLACK
6
CONTINUOUS
10
5.2965201574803151
20
-3.8163097637795276
11
5.296220472440945
21
-3.8148031496062993
0
LINE
8
BLACK
6
CONTINUOUS
10
5.296220472440945
20
-3.8148031496062993
11
5.296220472440945
21
-3.7970866141732285
0
LINE
8
BLACK
6
CONTINUOUS
10
5.296220472440945
20
-3.7970866141732285
11
5.2965201574803151
21
-3.7955799999999997
0
LINE
8
BLACK
6
CONTINUOUS
10
5.2965201574803151
20
-3.7955799999999997
11
5.2973735826771655
21
-3.7943027165354328
0
LINE
8
BLACK
6
CONTINUOUS
10
5.2973735826771655
20
-3.7943027165354328
11
5.298650866141732
21
-3.7934492913385824
0
LINE
8
BLACK
6
CONTINUOUS
10
5.298650866141732
20
-3.7934492913385824
11
5.3001574803149607
21
-3.7931496062992127
0
LINE
8
BLACK
6
CONTINUOUS
10
5.3001574803149607
20
-3.7931496062992127
11
5.3040944881889764
21
-3.7931496062992127
0
LINE
8
BLACK
6
CONTINUOUS
10
5.3040944881889764
20
-3.7931496062992127
11
5.3056011023622043
21
-3.7934492913385824
0
LINE
8
BLACK
6
CONTINUOUS
10
5.3213491338582672
20
-3.7934492913385824
11
5.3226264173228346
21
-3.7943027165354328
0
LINE
8
BLACK
6
CONTINUOUS
10
5.3226264173228346
20
-3.7943027165354328
11
5.323479842519685
21
-3.7955799999999997
0
LINE
8
BLACK
6
CONTINUOUS
10
5.323479842519685
20
-3.7955799999999997
11
5.3237795275590551
21
-3.7970866141732285
0
LINE
8
BLACK
6
CONTINUOUS
10
5.3237795275590551
20
-3.7970866141732285
11
5.3237795275590551
21
-3.8148031496062993
0
LINE
8
BLACK
6
CONTINUOUS
10
5.3237795275590551
20
-3.8148031496062993
11
5.323479842519685
21
-3.8163097637795276
0
LINE
8
BLACK
6
CONTINUOUS
10
5.323479842519685
20
-3.8163097637795276
11
5.3226264173228346
21
-3.8175870472440945
0
LINE
8
BLACK
6
CONTINUOUS
10
5.3226264173228346
20
-3.8175870472440945
11
5.3213491338582672
21
-3.8184404724409449
0
LINE
8
BLACK
6
CONTINUOUS
10
5.3213491338582672
20
-3.8184404724409449
11
5.3198425196850394
21
-3.818740157480315
0
LINE
8
BLACK
6
CONTINUOUS
10
5.3198425196850394
20
-3.818740157480315
11
5.3159055118110237
21
-3.818740157480315
0
LINE
8
BLACK
6
CONTINUOUS
10
5.3159055118110237
20
-3.818740157480315
11
5.3143988976377949
21
-3.8184404724409449
0
LINE
8
BLACK
6
CONTINUOUS
10
5.3143988976377949
20
-3.8184404724409449
11
5.3131216141732285
21
-3.8175870472440945
0
LINE
8
BLACK
6
CONTINUOUS
10
5.3131216141732285
20
-3.8175870472440945
11
5.3122681889763781
21
-3.8163097637795276
0
LINE
8
BLACK
6
CONTINUOUS
10
5.3122681889763781
20
-3.8163097637795276
11
5.3119685039370079
21
-3.8148031496062993
0
LINE
8
BLACK
6
CONTINUOUS
10
5.3119685039370079
20
-3.8148031496062993
11
5.3119685039370079
21
-3.7970866141732285
0
LINE
8
BLACK
6
CONTINUOUS
10
5.3119685039370079
20
-3.7970866141732285
11
5.3122681889763781
21
-3.7955799999999997
0
LINE
8
BLACK
6
CONTINUOUS
10
5.3122681889763781
20
-3.7955799999999997
11
5.3131216141732285
21
-3.7943027165354328
0
LINE
8
BLACK
6
CONTINUOUS
10
5.3131216141732285
20
-3.7943027165354328
11
5.3143988976377949
21
-3.7934492913385824
0
LINE
8
BLACK
6
CONTINUOUS
10
5.3143988976377949
20
-3.7934492913385824
11
5.3159055118110237
21
-3.7931496062992127
0
LINE
8
BLACK
6
CONTINUOUS
10
5.3159055118110237
20
-3.7931496062992127
11
5.3198425196850394
21
-3.7931496062992127
0
LINE
8
BLACK
6
CONTINUOUS
10
5.3198425196850394
20
-3.7931496062992127
11
5.3213491338582672
21
-3.7934492913385824
0
LINE
8
BLACK
6
CONTINUOUS
10
5.3370971653543302
20
-3.7934492913385824
11
5.3383744488188976
21
-3.7943027165354328
0
LINE
8
BLACK
6
CONTINUOUS
10
5.3383744488188976
20
-3.7943027165354328
11
5.3392278740157479
21
-3.7955799999999997
0
LINE
8
BLACK
6
CONTINUOUS
10
5.3392278740157479
20
-3.7955799999999997
11
5.3395275590551181
21
-3.7970866141732285
0
LINE
8
BLACK
6
CONTINUOUS
10
5.3395275590551181
20
-3.7970866141732285
11
5.3395275590551181
21
-3.8148031496062993
0
LINE
8
BLACK
6
CONTINUOUS
10
5.3395275590551181
20
-3.8148031496062993
11
5.3392278740157479
21
-3.8163097637795276
0
LINE
8
BLACK
6
CONTINUOUS
10
5.3392278740157479
20
-3.8163097637795276
11
5.3383744488188976
21
-3.8175870472440945
0
LINE
8
BLACK
6
CONTINUOUS
10
5.3383744488188976
20
-3.8175870472440945
11
5.3370971653543302
21
-3.8184404724409449
0
LINE
8
BLACK
6
CONTINUOUS
10
5.3370971653543302
20
-3.8184404724409449
11
5.3355905511811024
21
-3.818740157480315
0
LINE
8
BLACK
6
CONTINUOUS
10
5.3355905511811024
20
-3.818740157480315
11
5.3316535433070866
21
-3.818740157480315
0
LINE
8
BLACK
6
CONTINUOUS
10
5.3316535433070866
20
-3.818740157480315
11
5.3301469291338579
21
-3.8184404724409449
0
LINE
8
BLACK
6
CONTINUOUS
10
5.3301469291338579
20
-3.8184404724409449
11
5.3288696456692914
21
-3.8175870472440945
0
LINE
8
BLACK
6
CONTINUOUS
10
5.3288696456692914
20
-3.8175870472440945
11
5.3280162204724411
21
-3.8163097637795276
0
LINE
8
BLACK
6
CONTINUOUS
10
5.3280162204724411
20
-3.8163097637795276
11
5.3277165354330709
21
-3.8148031496062993
0
LINE
8
BLACK
6
CONTINUOUS
10
5.3277165354330709
20
-3.8148031496062993
11
5.3277165354330709
21
-3.7970866141732285
0
LINE
8
BLACK
6
CONTINUOUS
10
5.3277165354330709
20
-3.7970866141732285
11
5.3280162204724411
21
-3.7955799999999997
0
LINE
8
BLACK
6
CONTINUOUS
10
5.3280162204724411
20
-3.7955799999999997
11
5.3288696456692914
21
-3.7943027165354328
0
LINE
8
BLACK
6
CONTINUOUS
10
5.3288696456692914
20
-3.7943027165354328
11
5.3301469291338579
21
-3.7934492913385824
0
LINE
8
BLACK
6
CONTINUOUS
10
5.3301469291338579
20
-3.7934492913385824
11
5.3316535433070866
21
-3.7931496062992127
0
LINE
8
BLACK
6
CONTINUOUS
10
5.3316535433070866
20
-3.7931496062992127
11
5.3355905511811024
21
-3.7931496062992127
0
LINE
8
BLACK
6
CONTINUOUS
10
5.3355905511811024
20
-3.7931496062992127
11
5.3370971653543302
21
-3.7934492913385824
0
LINE
8
BLACK
6
CONTINUOUS
10
5.3528451968503932
20
-3.7934492913385824
11
5.3541224803149605
21
-3.7943027165354328
0
LINE
8
BLACK
6
CONTINUOUS
10
5.3541224803149605
20
-3.7943027165354328
11
5.3549759055118109
21
-3.7955799999999997
0
LINE
8
BLACK
6
CONTINUOUS
10
5.3549759055118109
20
-3.7955799999999997
11
5.3552755905511811
21
-3.7970866141732285
0
LINE
8
BLACK
6
CONTINUOUS
10
5.3552755905511811
20
-3.7970866141732285
11
5.3552755905511811
21
-3.8148031496062993
0
LINE
8
BLACK
6
CONTINUOUS
10
5.3552755905511811
20
-3.8148031496062993
11
5.3549759055118109
21
-3.8163097637795276
0
LINE
8
BLACK
6
CONTINUOUS
10
5.3549759055118109
20
-3.8163097637795276
11
5.3541224803149605
21
-3.8175870472440945
0
LINE
8
BLACK
6
CONTINUOUS
10
5.3541224803149605
20
-3.8175870472440945
11
5.3528451968503932
21
-3.8184404724409449
0
LINE
8
BLACK
6
CONTINUOUS
10
5.3528451968503932
20
-3.8184404724409449
11
5.3513385826771653
21
-3.818740157480315
0
LINE
8
BLACK
6
CONTINUOUS
10
5.3513385826771653
20
-3.818740157480315
11
5.3474015748031496
21
-3.818740157480315
0
LINE
8
BLACK
6
CONTINUOUS
10
5.3474015748031496
20
-3.818740157480315
11
5.3458949606299209
21
-3.8184404724409449
0
LINE
8
BLACK
6
CONTINUOUS
10
5.3458949606299209
20
-3.8184404724409449
11
5.3446176771653544
21
-3.8175870472440945
0
LINE
8
BLACK
6
CONTINUOUS
10
5.3446176771653544
20
-3.8175870472440945
11
5.343764251968504
21
-3.8163097637795276
0
LINE
8
BLACK
6
CONTINUOUS
10
5.343764251968504
20
-3.8163097637795276
11
5.3434645669291339
21
-3.8148031496062993
0
LINE
8
BLACK
6
CONTINUOUS
10
5.3434645669291339
20
-3.8148031496062993
11
5.3434645669291339
21
-3.7970866141732285
0
LINE
8
BLACK
6
CONTINUOUS
10
5.3434645669291339
20
-3.7970866141732285
11
5.343764251968504
21
-3.7955799999999997
0
LINE
8
BLACK
6
CONTINUOUS
10
5.343764251968504
20
-3.7955799999999997
11
5.3446176771653544
21
-3.7943027165354328
0
LINE
8
BLACK
6
CONTINUOUS
10
5.3446176771653544
20
-3.7943027165354328
11
5.3458949606299209
21
-3.7934492913385824
0
LINE
8
BLACK
6
CONTINUOUS
10
5.3458949606299209
20
-3.7934492913385824
11
5.3474015748031496
21
-3.7931496062992127
0
LINE
8
BLACK
6
CONTINUOUS
10
5.3474015748031496
20
-3.7931496062992127
11
5.3513385826771653
21
-3.7931496062992127
0
LINE
8
BLACK
6
CONTINUOUS
10
5.3513385826771653
20
-3.7931496062992127
11
5.3528451968503932
21
-3.7934492913385824
0
LINE
8
BLACK
6
CONTINUOUS
10
5.4335555118110239
20
-3.7926796456692911
11
5.4359822834645666
21
-3.7943011811023619
0
LINE
8
BLACK
6
CONTINUOUS
10
5.4359822834645666
20
-3.7943011811023619
11
5.4376038188976379
21
-3.7967279527559055
0
LINE
8
BLACK
6
CONTINUOUS
10
5.4376038188976379
20
-3.7967279527559055
11
5.4381732283464563
21
-3.7995905511811023
0
LINE
8
BLACK
6
CONTINUOUS
10
5.4381732283464563
20
-3.7995905511811023
11
5.4381732283464563
21
-3.8106141732283465
0
LINE
8
BLACK
6
CONTINUOUS
10
5.4381732283464563
20
-3.8106141732283465
11
5.4376038188976379
21
-3.8134767716535434
0
LINE
8
BLACK
6
CONTINUOUS
10
5.4376038188976379
20
-3.8134767716535434
11
5.4359822834645666
21
-3.8159035433070865
0
LINE
8
BLACK
6
CONTINUOUS
10
5.4359822834645666
20
-3.8159035433070865
11
5.4335555118110239
21
-3.8175250787401573
0
LINE
8
BLACK
6
CONTINUOUS
10
5.4335555118110239
20
-3.8175250787401573
11
5.430692913385827
21
-3.8180944881889762
0
LINE
8
BLACK
6
CONTINUOUS
10
5.430692913385827
20
-3.8180944881889762
11
5.4173070866141728
21
-3.8180944881889762
0
LINE
8
BLACK
6
CONTINUOUS
10
5.4173070866141728
20
-3.8180944881889762
11
5.4144444881889759
21
-3.8175250787401573
0
LINE
8
BLACK
6
CONTINUOUS
10
5.4144444881889759
20
-3.8175250787401573
11
5.4120177165354333
21
-3.8159035433070865
0
LINE
8
BLACK
6
CONTINUOUS
10
5.4120177165354333
20
-3.8159035433070865
11
5.410396181102362
21
-3.8134767716535434
0
LINE
8
BLACK
6
CONTINUOUS
10
5.410396181102362
20
-3.8134767716535434
11
5.4098267716535435
21
-3.8106141732283465
0
LINE
8
BLACK
6
CONTINUOUS
10
5.4098267716535435
20
-3.8106141732283465
11
5.4098267716535435
21
-3.7995905511811023
0
LINE
8
BLACK
6
CONTINUOUS
10
5.4098267716535435
20
-3.7995905511811023
11
5.410396181102362
21
-3.7967279527559055
0
LINE
8
BLACK
6
CONTINUOUS
10
5.410396181102362
20
-3.7967279527559055
11
5.4120177165354333
21
-3.7943011811023619
0
LINE
8
BLACK
6
CONTINUOUS
10
5.4120177165354333
20
-3.7943011811023619
11
5.4144444881889759
21
-3.7926796456692911
0
LINE
8
BLACK
6
CONTINUOUS
10
5.4144444881889759
20
-3.7926796456692911
11
5.4173070866141728
21
-3.7921102362204722
0
LINE
8
BLACK
6
CONTINUOUS
10
5.4173070866141728
20
-3.7921102362204722
11
5.430692913385827
21
-3.7921102362204722
0
LINE
8
BLACK
6
CONTINUOUS
10
5.430692913385827
20
-3.7921102362204722
11
5.4335555118110239
21
-3.7926796456692911
0
LINE
8
BLACK
6
CONTINUOUS
10
5.7130707086614168
20
-3.7930347244094489
11
5.7154336614173227
21
-3.7946135826771652
0
LINE
8
BLACK
6
CONTINUOUS
10
5.7154336614173227
20
-3.7946135826771652
11
5.7170125196850394
21
-3.7969765354330707
0
LINE
8
BLACK
6
CONTINUOUS
10
5.7170125196850394
20
-3.7969765354330707
11
5.7175669291338584
21
-3.7997637795275589
0
LINE
8
BLACK
6
CONTINUOUS
10
5.7175669291338584
20
-3.7997637795275589
11
5.7175669291338584
21
-3.8103937007874014
0
LINE
8
BLACK
6
CONTINUOUS
10
5.7175669291338584
20
-3.8103937007874014
11
5.7170125196850394
21
-3.8131809448818896
0
LINE
8
BLACK
6
CONTINUOUS
10
5.7170125196850394
20
-3.8131809448818896
11
5.7154336614173227
21
-3.8155438976377951
0
LINE
8
BLACK
6
CONTINUOUS
10
5.7154336614173227
20
-3.8155438976377951
11
5.7130707086614168
21
-3.8171227559055119
0
LINE
8
BLACK
6
CONTINUOUS
10
5.7130707086614168
20
-3.8171227559055119
11
5.7102834645669294
21
-3.8176771653543304
0
LINE
8
BLACK
6
CONTINUOUS
10
5.7102834645669294
20
-3.8176771653543304
11
5.6957165354330703
21
-3.8176771653543304
0
LINE
8
BLACK
6
CONTINUOUS
10
5.6957165354330703
20
-3.8176771653543304
11
5.6929292913385829
21
-3.8171227559055119
0
LINE
8
BLACK
6
CONTINUOUS
10
5.6929292913385829
20
-3.8171227559055119
11
5.690566338582677
21
-3.8155438976377951
0
LINE
8
BLACK
6
CONTINUOUS
10
5.690566338582677
20
-3.8155438976377951
11
5.6889874803149603
21
-3.8131809448818896
0
LINE
8
BLACK
6
CONTINUOUS
10
5.6889874803149603
20
-3.8131809448818896
11
5.6884330708661413
21
-3.8103937007874014
0
LINE
8
BLACK
6
CONTINUOUS
10
5.6884330708661413
20
-3.8103937007874014
11
5.6884330708661413
21
-3.7997637795275589
0
LINE
8
BLACK
6
CONTINUOUS
10
5.6884330708661413
20
-3.7997637795275589
11
5.6889874803149603
21
-3.7969765354330707
0
LINE
8
BLACK
6
CONTINUOUS
10
5.6889874803149603
20
-3.7969765354330707
11
5.690566338582677
21
-3.7946135826771652
0
LINE
8
BLACK
6
CONTINUOUS
10
5.690566338582677
20
-3.7946135826771652
11
5.6929292913385829
21
-3.7930347244094489
0
LINE
8
BLACK
6
CONTINUOUS
10
5.6929292913385829
20
-3.7930347244094489
11
5.6957165354330703
21
-3.7924803149606299
0
LINE
8
BLACK
6
CONTINUOUS
10
5.6957165354330703
20
-3.7924803149606299
11
5.7102834645669294
21
-3.7924803149606299
0
LINE
8
BLACK
6
CONTINUOUS
10
5.7102834645669294
20
-3.7924803149606299
11
5.7130707086614168
21
-3.7930347244094489
0
LINE
8
BLACK
6
CONTINUOUS
10
5.5134069685039373
20
-3.7592214173228347
11
5.5159614566929136
21
-3.7609283070866142
0
LINE
8
BLACK
6
CONTINUOUS
10
5.5159614566929136
20
-3.7609283070866142
11
5.5176683464566931
21
-3.7634827952755905
0
LINE
8
BLACK
6
CONTINUOUS
10
5.5176683464566931
20
-3.7634827952755905
11
5.5182677165354326
21
-3.7664960629921258
0
LINE
8
BLACK
6
CONTINUOUS
10
5.5182677165354326
20
-3.7664960629921258
11
5.5182677165354326
21
-3.778307086614173
0
LINE
8
BLACK
6
CONTINUOUS
10
5.5182677165354326
20
-3.778307086614173
11
5.5176683464566931
21
-3.7813203543307088
0
LINE
8
BLACK
6
CONTINUOUS
10
5.5176683464566931
20
-3.7813203543307088
11
5.5159614566929136
21
-3.7838748425196851
0
LINE
8
BLACK
6
CONTINUOUS
10
5.5159614566929136
20
-3.7838748425196851
11
5.5134069685039373
21
-3.7855817322834646
0
LINE
8
BLACK
6
CONTINUOUS
10
5.5134069685039373
20
-3.7855817322834646
11
5.5103937007874011
21
-3.7861811023622045
0
LINE
8
BLACK
6
CONTINUOUS
10
5.5103937007874011
20
-3.7861811023622045
11
5.47003937007874
21
-3.7861811023622045
0
LINE
8
BLACK
6
CONTINUOUS
10
5.47003937007874
20
-3.7861811023622045
11
5.4670261023622047
21
-3.7855817322834646
0
LINE
8
BLACK
6
CONTINUOUS
10
5.4670261023622047
20
-3.7855817322834646
11
5.4644716141732284
21
-3.7838748425196851
0
LINE
8
BLACK
6
CONTINUOUS
10
5.4644716141732284
20
-3.7838748425196851
11
5.4627647244094488
21
-3.7813203543307088
0
LINE
8
BLACK
6
CONTINUOUS
10
5.4627647244094488
20
-3.7813203543307088
11
5.4621653543307085
21
-3.778307086614173
0
LINE
8
BLACK
6
CONTINUOUS
10
5.4621653543307085
20
-3.778307086614173
11
5.4621653543307085
21
-3.7664960629921258
0
LINE
8
BLACK
6
CONTINUOUS
10
5.4621653543307085
20
-3.7664960629921258
11
5.4627647244094488
21
-3.7634827952755905
0
LINE
8
BLACK
6
CONTINUOUS
10
5.4627647244094488
20
-3.7634827952755905
11
5.4644716141732284
21
-3.7609283070866142
0
LINE
8
BLACK
6
CONTINUOUS
10
5.4644716141732284
20
-3.7609283070866142
11
5.4670261023622047
21
-3.7592214173228347
0
LINE
8
BLACK
6
CONTINUOUS
10
5.4670261023622047
20
-3.7592214173228347
11
5.47003937007874
21
-3.7586220472440943
0
LINE
8
BLACK
6
CONTINUOUS
10
5.47003937007874
20
-3.7586220472440943
11
5.5103937007874011
21
-3.7586220472440943
0
LINE
8
BLACK
6
CONTINUOUS
10
5.5103937007874011
20
-3.7586220472440943
11
5.5134069685039373
21
-3.7592214173228347
0
LINE
8
BLACK
6
CONTINUOUS
10
5.6029738976377947
20
-3.7592214173228347
11
5.6055283858267719
21
-3.7609283070866142
0
LINE
8
BLACK
6
CONTINUOUS
10
5.6055283858267719
20
-3.7609283070866142
11
5.6072352755905515
21
-3.7634827952755905
0
LINE
8
BLACK
6
CONTINUOUS
10
5.6072352755905515
20
-3.7634827952755905
11
5.6078346456692909
21
-3.7664960629921258
0
LINE
8
BLACK
6
CONTINUOUS
10
5.6078346456692909
20
-3.7664960629921258
11
5.6078346456692909
21
-3.778307086614173
0
LINE
8
BLACK
6
CONTINUOUS
10
5.6078346456692909
20
-3.778307086614173
11
5.6072352755905515
21
-3.7813203543307088
0
LINE
8
BLACK
6
CONTINUOUS
10
5.6072352755905515
20
-3.7813203543307088
11
5.6055283858267719
21
-3.7838748425196851
0
LINE
8
BLACK
6
CONTINUOUS
10
5.6055283858267719
20
-3.7838748425196851
11
5.6029738976377947
21
-3.7855817322834646
0
LINE
8
BLACK
6
CONTINUOUS
10
5.6029738976377947
20
-3.7855817322834646
11
5.5999606299212594
21
-3.7861811023622045
0
LINE
8
BLACK
6
CONTINUOUS
10
5.5999606299212594
20
-3.7861811023622045
11
5.5596062992125983
21
-3.7861811023622045
0
LINE
8
BLACK
6
CONTINUOUS
10
5.5596062992125983
20
-3.7861811023622045
11
5.556593031496063
21
-3.7855817322834646
0
LINE
8
BLACK
6
CONTINUOUS
10
5.556593031496063
20
-3.7855817322834646
11
5.5540385433070867
21
-3.7838748425196851
0
LINE
8
BLACK
6
CONTINUOUS
10
5.5540385433070867
20
-3.7838748425196851
11
5.5523316535433072
21
-3.7813203543307088
0
LINE
8
BLACK
6
CONTINUOUS
10
5.5523316535433072
20
-3.7813203543307088
11
5.5517322834645668
21
-3.778307086614173
0
LINE
8
BLACK
6
CONTINUOUS
10
5.5517322834645668
20
-3.778307086614173
11
5.5517322834645668
21
-3.7664960629921258
0
LINE
8
BLACK
6
CONTINUOUS
10
5.5517322834645668
20
-3.7664960629921258
11
5.5523316535433072
21
-3.7634827952755905
0
LINE
8
BLACK
6
CONTINUOUS
10
5.5523316535433072
20
-3.7634827952755905
11
5.5540385433070867
21
-3.7609283070866142
0
LINE
8
BLACK
6
CONTINUOUS
10
5.5540385433070867
20
-3.7609283070866142
11
5.556593031496063
21
-3.7592214173228347
0
LINE
8
BLACK
6
CONTINUOUS
10
5.556593031496063
20
-3.7592214173228347
11
5.5596062992125983
21
-3.7586220472440943
0
LINE
8
BLACK
6
CONTINUOUS
10
5.5596062992125983
20
-3.7586220472440943
11
5.5999606299212594
21
-3.7586220472440943
0
LINE
8
BLACK
6
CONTINUOUS
10
5.5999606299212594
20
-3.7586220472440943
11
5.6029738976377947
21
-3.7592214173228347
0
LINE
8
BLACK
6
CONTINUOUS
10
5.7130707086614168
20
-3.752877244094488
11
5.7154336614173227
21
-3.7544561023622047
0
LINE
8
BLACK
6
CONTINUOUS
10
5.7154336614173227
20
-3.7544561023622047
11
5.7170125196850394
21
-3.7568190551181102
0
LINE
8
BLACK
6
CONTINUOUS
10
5.7170125196850394
20
-3.7568190551181102
11
5.7175669291338584
21
-3.7596062992125985
0
LINE
8
BLACK
6
CONTINUOUS
10
5.7175669291338584
20
-3.7596062992125985
11
5.7175669291338584
21
-3.7702362204724409
0
LINE
8
BLACK
6
CONTINUOUS
10
5.7175669291338584
20
-3.7702362204724409
11
5.7170125196850394
21
-3.7730234645669292
0
LINE
8
BLACK
6
CONTINUOUS
10
5.7170125196850394
20
-3.7730234645669292
11
5.7154336614173227
21
-3.7753864173228346
0
LINE
8
BLACK
6
CONTINUOUS
10
5.7154336614173227
20
-3.7753864173228346
11
5.7130707086614168
21
-3.776965275590551
0
LINE
8
BLACK
6
CONTINUOUS
10
5.7130707086614168
20
-3.776965275590551
11
5.7102834645669294
21
-3.77751968503937
0
LINE
8
BLACK
6
CONTINUOUS
10
5.7102834645669294
20
-3.77751968503937
11
5.6957165354330703
21
-3.77751968503937
0
LINE
8
BLACK
6
CONTINUOUS
10
5.6957165354330703
20
-3.77751968503937
11
5.6929292913385829
21
-3.776965275590551
0
LINE
8
BLACK
6
CONTINUOUS
10
5.6929292913385829
20
-3.776965275590551
11
5.690566338582677
21
-3.7753864173228346
0
LINE
8
BLACK
6
CONTINUOUS
10
5.690566338582677
20
-3.7753864173228346
11
5.6889874803149603
21
-3.7730234645669292
0
LINE
8
BLACK
6
CONTINUOUS
10
5.6889874803149603
20
-3.7730234645669292
11
5.6884330708661413
21
-3.7702362204724409
0
LINE
8
BLACK
6
CONTINUOUS
10
5.6884330708661413
20
-3.7702362204724409
11
5.6884330708661413
21
-3.7596062992125985
0
LINE
8
BLACK
6
CONTINUOUS
10
5.6884330708661413
20
-3.7596062992125985
11
5.6889874803149603
21
-3.7568190551181102
0
LINE
8
BLACK
6
CONTINUOUS
10
5.6889874803149603
20
-3.7568190551181102
11
5.690566338582677
21
-3.7544561023622047
0
LINE
8
BLACK
6
CONTINUOUS
10
5.690566338582677
20
-3.7544561023622047
11
5.6929292913385829
21
-3.752877244094488
0
LINE
8
BLACK
6
CONTINUOUS
10
5.6929292913385829
20
-3.752877244094488
11
5.6957165354330703
21
-3.7523228346456694
0
LINE
8
BLACK
6
CONTINUOUS
10
5.6957165354330703
20
-3.7523228346456694
11
5.7102834645669294
21
-3.7523228346456694
0
LINE
8
BLACK
6
CONTINUOUS
10
5.7102834645669294
20
-3.7523228346456694
11
5.7130707086614168
21
-3.752877244094488
0
LINE
8
BLACK
6
CONTINUOUS
10
5.2444767716535434
20
-3.7413961811023619
11
5.2469035433070861
21
-3.7430177165354328
0
LINE
8
BLACK
6
CONTINUOUS
10
5.2469035433070861
20
-3.7430177165354328
11
5.2485250787401574
21
-3.7454444881889764
0
LINE
8
BLACK
6
CONTINUOUS
10
5.2485250787401574
20
-3.7454444881889764
11
5.2490944881889758
21
-3.7483070866141732
0
LINE
8
BLACK
6
CONTINUOUS
10
5.2490944881889758
20
-3.7483070866141732
11
5.2490944881889758
21
-3.7616929133858266
0
LINE
8
BLACK
6
CONTINUOUS
10
5.2490944881889758
20
-3.7616929133858266
11
5.2485250787401574
21
-3.7645555118110234
0
LINE
8
BLACK
6
CONTINUOUS
10
5.2485250787401574
20
-3.7645555118110234
11
5.2469035433070861
21
-3.766982283464567
0
LINE
8
BLACK
6
CONTINUOUS
10
5.2469035433070861
20
-3.766982283464567
11
5.2444767716535434
21
-3.7686038188976378
0
LINE
8
BLACK
6
CONTINUOUS
10
5.2444767716535434
20
-3.7686038188976378
11
5.2416141732283466
21
-3.7691732283464567
0
LINE
8
BLACK
6
CONTINUOUS
10
5.2416141732283466
20
-3.7691732283464567
11
5.2305905511811019
21
-3.7691732283464567
0
LINE
8
BLACK
6
CONTINUOUS
10
5.2305905511811019
20
-3.7691732283464567
11
5.2277279527559051
21
-3.7686038188976378
0
LINE
8
BLACK
6
CONTINUOUS
10
5.2277279527559051
20
-3.7686038188976378
11
5.2253011811023624
21
-3.766982283464567
0
LINE
8
BLACK
6
CONTINUOUS
10
5.2253011811023624
20
-3.766982283464567
11
5.2236796456692911
21
-3.7645555118110234
0
LINE
8
BLACK
6
CONTINUOUS
10
5.2236796456692911
20
-3.7645555118110234
11
5.2231102362204727
21
-3.7616929133858266
0
LINE
8
BLACK
6
CONTINUOUS
10
5.2231102362204727
20
-3.7616929133858266
11
5.2231102362204727
21
-3.7483070866141732
0
LINE
8
BLACK
6
CONTINUOUS
10
5.2231102362204727
20
-3.7483070866141732
11
5.2236796456692911
21
-3.7454444881889764
0
LINE
8
BLACK
6
CONTINUOUS
10
5.2236796456692911
20
-3.7454444881889764
11
5.2253011811023624
21
-3.7430177165354328
0
LINE
8
BLACK
6
CONTINUOUS
10
5.2253011811023624
20
-3.7430177165354328
11
5.2277279527559051
21
-3.7413961811023619
0
LINE
8
BLACK
6
CONTINUOUS
10
5.2277279527559051
20
-3.7413961811023619
11
5.2305905511811019
21
-3.740826771653543
0
LINE
8
BLACK
6
CONTINUOUS
10
5.2305905511811019
20
-3.740826771653543
11
5.2416141732283466
21
-3.740826771653543
0
LINE
8
BLACK
6
CONTINUOUS
10
5.2416141732283466
20
-3.740826771653543
11
5.2444767716535434
21
-3.7413961811023619
0
LINE
8
BLACK
6
CONTINUOUS
10
5.2822720472440947
20
-3.7413961811023619
11
5.2846988188976374
21
-3.7430177165354328
0
LINE
8
BLACK
6
CONTINUOUS
10
5.2846988188976374
20
-3.7430177165354328
11
5.2863203543307087
21
-3.7454444881889764
0
LINE
8
BLACK
6
CONTINUOUS
10
5.2863203543307087
20
-3.7454444881889764
11
5.2868897637795271
21
-3.7483070866141732
0
LINE
8
BLACK
6
CONTINUOUS
10
5.2868897637795271
20
-3.7483070866141732
11
5.2868897637795271
21
-3.7616929133858266
0
LINE
8
BLACK
6
CONTINUOUS
10
5.2868897637795271
20
-3.7616929133858266
11
5.2863203543307087
21
-3.7645555118110234
0
LINE
8
BLACK
6
CONTINUOUS
10
5.2863203543307087
20
-3.7645555118110234
11
5.2846988188976374
21
-3.766982283464567
0
LINE
8
BLACK
6
CONTINUOUS
10
5.2846988188976374
20
-3.766982283464567
11
5.2822720472440947
21
-3.7686038188976378
0
LINE
8
BLACK
6
CONTINUOUS
10
5.2822720472440947
20
-3.7686038188976378
11
5.2794094488188978
21
-3.7691732283464567
0
LINE
8
BLACK
6
CONTINUOUS
10
5.2794094488188978
20
-3.7691732283464567
11
5.2683858267716532
21
-3.7691732283464567
0
LINE
8
BLACK
6
CONTINUOUS
10
5.2683858267716532
20
-3.7691732283464567
11
5.2655232283464564
21
-3.7686038188976378
0
LINE
8
BLACK
6
CONTINUOUS
10
5.2655232283464564
20
-3.7686038188976378
11
5.2630964566929137
21
-3.766982283464567
0
LINE
8
BLACK
6
CONTINUOUS
10
5.2630964566929137
20
-3.766982283464567
11
5.2614749212598424
21
-3.7645555118110234
0
LINE
8
BLACK
6
CONTINUOUS
10
5.2614749212598424
20
-3.7645555118110234
11
5.2609055118110231
21
-3.7616929133858266
0
LINE
8
BLACK
6
CONTINUOUS
10
5.2609055118110231
20
-3.7616929133858266
11
5.2609055118110231
21
-3.7483070866141732
0
LINE
8
BLACK
6
CONTINUOUS
10
5.2609055118110231
20
-3.7483070866141732
11
5.2614749212598424
21
-3.7454444881889764
0
LINE
8
BLACK
6
CONTINUOUS
10
5.2614749212598424
20
-3.7454444881889764
11
5.2630964566929137
21
-3.7430177165354328
0
LINE
8
BLACK
6
CONTINUOUS
10
5.2630964566929137
20
-3.7430177165354328
11
5.2655232283464564
21
-3.7413961811023619
0
LINE
8
BLACK
6
CONTINUOUS
10
5.2655232283464564
20
-3.7413961811023619
11
5.2683858267716532
21
-3.740826771653543
0
LINE
8
BLACK
6
CONTINUOUS
10
5.2683858267716532
20
-3.740826771653543
11
5.2794094488188978
21
-3.740826771653543
0
LINE
8
BLACK
6
CONTINUOUS
10
5.2794094488188978
20
-3.740826771653543
11
5.2822720472440947
21
-3.7413961811023619
0
LINE
8
BLACK
6
CONTINUOUS
10
5.3524767716535431
20
-3.7393961811023622
11
5.3549035433070866
21
-3.741017716535433
0
LINE
8
BLACK
6
CONTINUOUS
10
5.3549035433070866
20
-3.741017716535433
11
5.356525078740157
21
-3.7434444881889761
0
LINE
8
BLACK
6
CONTINUOUS
10
5.356525078740157
20
-3.7434444881889761
11
5.3570944881889764
21
-3.746307086614173
0
LINE
8
BLACK
6
CONTINUOUS
10
5.3570944881889764
20
-3.746307086614173
11
5.3570944881889764
21
-3.7596929133858268
0
LINE
8
BLACK
6
CONTINUOUS
10
5.3570944881889764
20
-3.7596929133858268
11
5.356525078740157
21
-3.7625555118110237
0
LINE
8
BLACK
6
CONTINUOUS
10
5.356525078740157
20
-3.7625555118110237
11
5.3549035433070866
21
-3.7649822834645668
0
LINE
8
BLACK
6
CONTINUOUS
10
5.3549035433070866
20
-3.7649822834645668
11
5.3524767716535431
21
-3.7666038188976376
0
LINE
8
BLACK
6
CONTINUOUS
10
5.3524767716535431
20
-3.7666038188976376
11
5.3496141732283462
21
-3.7671732283464565
0
LINE
8
BLACK
6
CONTINUOUS
10
5.3496141732283462
20
-3.7671732283464565
11
5.3385905511811025
21
-3.7671732283464565
0
LINE
8
BLACK
6
CONTINUOUS
10
5.3385905511811025
20
-3.7671732283464565
11
5.3357279527559056
21
-3.7666038188976376
0
LINE
8
BLACK
6
CONTINUOUS
10
5.3357279527559056
20
-3.7666038188976376
11
5.3333011811023621
21
-3.7649822834645668
0
LINE
8
BLACK
6
CONTINUOUS
10
5.3333011811023621
20
-3.7649822834645668
11
5.3316796456692916
21
-3.7625555118110237
0
LINE
8
BLACK
6
CONTINUOUS
10
5.3316796456692916
20
-3.7625555118110237
11
5.3311102362204723
21
-3.7596929133858268
0
LINE
8
BLACK
6
CONTINUOUS
10
5.3311102362204723
20
-3.7596929133858268
11
5.3311102362204723
21
-3.746307086614173
0
LINE
8
BLACK
6
CONTINUOUS
10
5.3311102362204723
20
-3.746307086614173
11
5.3316796456692916
21
-3.7434444881889761
0
LINE
8
BLACK
6
CONTINUOUS
10
5.3316796456692916
20
-3.7434444881889761
11
5.3333011811023621
21
-3.741017716535433
0
LINE
8
BLACK
6
CONTINUOUS
10
5.3333011811023621
20
-3.741017716535433
11
5.3357279527559056
21
-3.7393961811023622
0
LINE
8
BLACK
6
CONTINUOUS
10
5.3357279527559056
20
-3.7393961811023622
11
5.3385905511811025
21
-3.7388267716535433
0
LINE
8
BLACK
6
CONTINUOUS
10
5.3385905511811025
20
-3.7388267716535433
11
5.3496141732283462
21
-3.7388267716535433
0
LINE
8
BLACK
6
CONTINUOUS
10
5.3496141732283462
20
-3.7388267716535433
11
5.3524767716535431
21
-3.7393961811023622
0
LINE
8
BLACK
6
CONTINUOUS
10
5.3902720472440944
20
-3.7393961811023622
11
5.3926988188976379
21
-3.741017716535433
0
LINE
8
BLACK
6
CONTINUOUS
10
5.3926988188976379
20
-3.741017716535433
11
5.3943203543307083
21
-3.7434444881889761
0
LINE
8
BLACK
6
CONTINUOUS
10
5.3943203543307083
20
-3.7434444881889761
11
5.3948897637795277
21
-3.746307086614173
0
LINE
8
BLACK
6
CONTINUOUS
10
5.3948897637795277
20
-3.746307086614173
11
5.3948897637795277
21
-3.7596929133858268
0
LINE
8
BLACK
6
CONTINUOUS
10
5.3948897637795277
20
-3.7596929133858268
11
5.3943203543307083
21
-3.7625555118110237
0
LINE
8
BLACK
6
CONTINUOUS
10
5.3943203543307083
20
-3.7625555118110237
11
5.3926988188976379
21
-3.7649822834645668
0
LINE
8
BLACK
6
CONTINUOUS
10
5.3926988188976379
20
-3.7649822834645668
11
5.3902720472440944
21
-3.7666038188976376
0
LINE
8
BLACK
6
CONTINUOUS
10
5.3902720472440944
20
-3.7666038188976376
11
5.3874094488188975
21
-3.7671732283464565
0
LINE
8
BLACK
6
CONTINUOUS
10
5.3874094488188975
20
-3.7671732283464565
11
5.3763858267716538
21
-3.7671732283464565
0
LINE
8
BLACK
6
CONTINUOUS
10
5.3763858267716538
20
-3.7671732283464565
11
5.3735232283464569
21
-3.7666038188976376
0
LINE
8
BLACK
6
CONTINUOUS
10
5.3735232283464569
20
-3.7666038188976376
11
5.3710964566929134
21
-3.7649822834645668
0
LINE
8
BLACK
6
CONTINUOUS
10
5.3710964566929134
20
-3.7649822834645668
11
5.369474921259842
21
-3.7625555118110237
0
LINE
8
BLACK
6
CONTINUOUS
10
5.369474921259842
20
-3.7625555118110237
11
5.3689055118110236
21
-3.7596929133858268
0
LINE
8
BLACK
6
CONTINUOUS
10
5.3689055118110236
20
-3.7596929133858268
11
5.3689055118110236
21
-3.746307086614173
0
LINE
8
BLACK
6
CONTINUOUS
10
5.3689055118110236
20
-3.746307086614173
11
5.369474921259842
21
-3.7434444881889761
0
LINE
8
BLACK
6
CONTINUOUS
10
5.369474921259842
20
-3.7434444881889761
11
5.3710964566929134
21
-3.741017716535433
0
LINE
8
BLACK
6
CONTINUOUS
10
5.3710964566929134
20
-3.741017716535433
11
5.3735232283464569
21
-3.7393961811023622
0
LINE
8
BLACK
6
CONTINUOUS
10
5.3735232283464569
20
-3.7393961811023622
11
5.3763858267716538
21
-3.7388267716535433
0
LINE
8
BLACK
6
CONTINUOUS
10
5.3763858267716538
20
-3.7388267716535433
11
5.3874094488188975
21
-3.7388267716535433
0
LINE
8
BLACK
6
CONTINUOUS
10
5.3874094488188975
20
-3.7388267716535433
11
5.3902720472440944
21
-3.7393961811023622
0
LINE
8
BLACK
6
CONTINUOUS
10
5.4395555118110233
20
-3.7314749212598426
11
5.4419822834645668
21
-3.7330964566929135
0
LINE
8
BLACK
6
CONTINUOUS
10
5.4419822834645668
20
-3.7330964566929135
11
5.4436038188976381
21
-3.7355232283464566
0
LINE
8
BLACK
6
CONTINUOUS
10
5.4436038188976381
20
-3.7355232283464566
11
5.4441732283464566
21
-3.7383858267716534
0
LINE
8
BLACK
6
CONTINUOUS
10
5.4441732283464566
20
-3.7383858267716534
11
5.4441732283464566
21
-3.7494094488188976
0
LINE
8
BLACK
6
CONTINUOUS
10
5.4441732283464566
20
-3.7494094488188976
11
5.4436038188976381
21
-3.7522720472440945
0
LINE
8
BLACK
6
CONTINUOUS
10
5.4436038188976381
20
-3.7522720472440945
11
5.4419822834645668
21
-3.7546988188976376
0
LINE
8
BLACK
6
CONTINUOUS
10
5.4419822834645668
20
-3.7546988188976376
11
5.4395555118110233
21
-3.7563203543307084
0
LINE
8
BLACK
6
CONTINUOUS
10
5.4395555118110233
20
-3.7563203543307084
11
5.4366929133858264
21
-3.7568897637795273
0
LINE
8
BLACK
6
CONTINUOUS
10
5.4366929133858264
20
-3.7568897637795273
11
5.423307086614173
21
-3.7568897637795273
0
LINE
8
BLACK
6
CONTINUOUS
10
5.423307086614173
20
-3.7568897637795273
11
5.4204444881889762
21
-3.7563203543307084
0
LINE
8
BLACK
6
CONTINUOUS
10
5.4204444881889762
20
-3.7563203543307084
11
5.4180177165354326
21
-3.7546988188976376
0
LINE
8
BLACK
6
CONTINUOUS
10
5.4180177165354326
20
-3.7546988188976376
11
5.4163961811023622
21
-3.7522720472440945
0
LINE
8
BLACK
6
CONTINUOUS
10
5.4163961811023622
20
-3.7522720472440945
11
5.4158267716535429
21
-3.7494094488188976
0
LINE
8
BLACK
6
CONTINUOUS
10
5.4158267716535429
20
-3.7494094488188976
11
5.4158267716535429
21
-3.7383858267716534
0
LINE
8
BLACK
6
CONTINUOUS
10
5.4158267716535429
20
-3.7383858267716534
11
5.4163961811023622
21
-3.7355232283464566
0
LINE
8
BLACK
6
CONTINUOUS
10
5.4163961811023622
20
-3.7355232283464566
11
5.4180177165354326
21
-3.7330964566929135
0
LINE
8
BLACK
6
CONTINUOUS
10
5.4180177165354326
20
-3.7330964566929135
11
5.4204444881889762
21
-3.7314749212598426
0
LINE
8
BLACK
6
CONTINUOUS
10
5.4204444881889762
20
-3.7314749212598426
11
5.423307086614173
21
-3.7309055118110237
0
LINE
8
BLACK
6
CONTINUOUS
10
5.423307086614173
20
-3.7309055118110237
11
5.4366929133858264
21
-3.7309055118110237
0
LINE
8
BLACK
6
CONTINUOUS
10
5.4366929133858264
20
-3.7309055118110237
11
5.4395555118110233
21
-3.7314749212598426
0
LINE
8
BLACK
6
CONTINUOUS
10
5.6029738976377947
20
-3.7218198425196851
11
5.6055283858267719
21
-3.7235267322834646
0
LINE
8
BLACK
6
CONTINUOUS
10
5.6055283858267719
20
-3.7235267322834646
11
5.6072352755905515
21
-3.7260812204724409
0
LINE
8
BLACK
6
CONTINUOUS
10
5.6072352755905515
20
-3.7260812204724409
11
5.6078346456692909
21
-3.7290944881889763
0
LINE
8
BLACK
6
CONTINUOUS
10
5.6078346456692909
20
-3.7290944881889763
11
5.6078346456692909
21
-3.7409055118110235
0
LINE
8
BLACK
6
CONTINUOUS
10
5.6078346456692909
20
-3.7409055118110235
11
5.6072352755905515
21
-3.7439187795275588
0
LINE
8
BLACK
6
CONTINUOUS
10
5.6072352755905515
20
-3.7439187795275588
11
5.6055283858267719
21
-3.7464732677165355
0
LINE
8
BLACK
6
CONTINUOUS
10
5.6055283858267719
20
-3.7464732677165355
11
5.6029738976377947
21
-3.7481801574803151
0
LINE
8
BLACK
6
CONTINUOUS
10
5.6029738976377947
20
-3.7481801574803151
11
5.5999606299212594
21
-3.748779527559055
0
LINE
8
BLACK
6
CONTINUOUS
10
5.5999606299212594
20
-3.748779527559055
11
5.5596062992125983
21
-3.748779527559055
0
LINE
8
BLACK
6
CONTINUOUS
10
5.5596062992125983
20
-3.748779527559055
11
5.556593031496063
21
-3.7481801574803151
0
LINE
8
BLACK
6
CONTINUOUS
10
5.556593031496063
20
-3.7481801574803151
11
5.5540385433070867
21
-3.7464732677165355
0
LINE
8
BLACK
6
CONTINUOUS
10
5.5540385433070867
20
-3.7464732677165355
11
5.5523316535433072
21
-3.7439187795275588
0
LINE
8
BLACK
6
CONTINUOUS
10
5.5523316535433072
20
-3.7439187795275588
11
5.5517322834645668
21
-3.7409055118110235
0
LINE
8
BLACK
6
CONTINUOUS
10
5.5517322834645668
20
-3.7409055118110235
11
5.5517322834645668
21
-3.7290944881889763
0
LINE
8
BLACK
6
CONTINUOUS
10
5.5517322834645668
20
-3.7290944881889763
11
5.5523316535433072
21
-3.7260812204724409
0
LINE
8
BLACK
6
CONTINUOUS
10
5.5523316535433072
20
-3.7260812204724409
11
5.5540385433070867
21
-3.7235267322834646
0
LINE
8
BLACK
6
CONTINUOUS
10
5.5540385433070867
20
-3.7235267322834646
11
5.556593031496063
21
-3.7218198425196851
0
LINE
8
BLACK
6
CONTINUOUS
10
5.556593031496063
20
-3.7218198425196851
11
5.5596062992125983
21
-3.7212204724409448
0
LINE
8
BLACK
6
CONTINUOUS
10
5.5596062992125983
20
-3.7212204724409448
11
5.5999606299212594
21
-3.7212204724409448
0
LINE
8
BLACK
6
CONTINUOUS
10
5.5999606299212594
20
-3.7212204724409448
11
5.6029738976377947
21
-3.7218198425196851
0
LINE
8
BLACK
6
CONTINUOUS
10
5.0676807086614168
20
-3.6703864173228347
11
5.0750662598425196
21
-3.672626771653543
0
LINE
8
BLACK
6
CONTINUOUS
10
5.0750662598425196
20
-3.672626771653543
11
5.0818728346456687
21
-3.6762649606299211
0
LINE
8
BLACK
6
CONTINUOUS
10
5.0818728346456687
20
-3.6762649606299211
11
5.0878388582677161
21
-3.6811611417322836
0
LINE
8
BLACK
6
CONTINUOUS
10
5.0878388582677161
20
-3.6811611417322836
11
5.092735039370079
21
-3.6871271653543305
0
LINE
8
BLACK
6
CONTINUOUS
10
5.092735039370079
20
-3.6871271653543305
11
5.0963732283464562
21
-3.6939337401574801
0
LINE
8
BLACK
6
CONTINUOUS
10
5.0963732283464562
20
-3.6939337401574801
11
5.0986135826771655
21
-3.7013192913385824
0
LINE
8
BLACK
6
CONTINUOUS
10
5.0986135826771655
20
-3.7013192913385824
11
5.099370078740157
21
-3.7090000000000001
0
LINE
8
BLACK
6
CONTINUOUS
10
5.099370078740157
20
-3.7090000000000001
11
5.0986135826771655
21
-3.7166807086614173
0
LINE
8
BLACK
6
CONTINUOUS
10
5.0986135826771655
20
-3.7166807086614173
11
5.0963732283464562
21
-3.7240662598425196
0
LINE
8
BLACK
6
CONTINUOUS
10
5.0963732283464562
20
-3.7240662598425196
11
5.092735039370079
21
-3.7308728346456692
0
LINE
8
BLACK
6
CONTINUOUS
10
5.092735039370079
20
-3.7308728346456692
11
5.0878388582677161
21
-3.7368388582677166
0
LINE
8
BLACK
6
CONTINUOUS
10
5.0878388582677161
20
-3.7368388582677166
11
5.0818728346456687
21
-3.7417350393700786
0
LINE
8
BLACK
6
CONTINUOUS
10
5.0818728346456687
20
-3.7417350393700786
11
5.0750662598425196
21
-3.7453732283464567
0
LINE
8
BLACK
6
CONTINUOUS
10
5.0750662598425196
20
-3.7453732283464567
11
5.0676807086614168
21
-3.7476135826771655
0
LINE
8
BLACK
6
CONTINUOUS
10
5.0676807086614168
20
-3.7476135826771655
11
5.0599999999999996
21
-3.7483700787401575
0
LINE
8
BLACK
6
CONTINUOUS
10
5.0599999999999996
20
-3.7483700787401575
11
5.0523192913385824
21
-3.7476135826771655
0
LINE
8
BLACK
6
CONTINUOUS
10
5.0523192913385824
20
-3.7476135826771655
11
5.0449337401574805
21
-3.7453732283464567
0
LINE
8
BLACK
6
CONTINUOUS
10
5.0449337401574805
20
-3.7453732283464567
11
5.0381271653543305
21
-3.7417350393700786
0
LINE
8
BLACK
6
CONTINUOUS
10
5.0381271653543305
20
-3.7417350393700786
11
5.0321611417322831
21
-3.7368388582677166
0
LINE
8
BLACK
6
CONTINUOUS
10
5.0321611417322831
20
-3.7368388582677166
11
5.0272649606299211
21
-3.7308728346456692
0
LINE
8
BLACK
6
CONTINUOUS
10
5.0272649606299211
20
-3.7308728346456692
11
5.023626771653543
21
-3.7240662598425196
0
LINE
8
BLACK
6
CONTINUOUS
10
5.023626771653543
20
-3.7240662598425196
11
5.0213864173228346
21
-3.7166807086614173
0
LINE
8
BLACK
6
CONTINUOUS
10
5.0213864173228346
20
-3.7166807086614173
11
5.0206299212598422
21
-3.7090000000000001
0
LINE
8
BLACK
6
CONTINUOUS
10
5.0206299212598422
20
-3.7090000000000001
11
5.0213864173228346
21
-3.7013192913385824
0
LINE
8
BLACK
6
CONTINUOUS
10
5.0213864173228346
20
-3.7013192913385824
11
5.023626771653543
21
-3.6939337401574801
0
LINE
8
BLACK
6
CONTINUOUS
10
5.023626771653543
20
-3.6939337401574801
11
5.0272649606299211
21
-3.6871271653543305
0
LINE
8
BLACK
6
CONTINUOUS
10
5.0272649606299211
20
-3.6871271653543305
11
5.0321611417322831
21
-3.6811611417322836
0
LINE
8
BLACK
6
CONTINUOUS
10
5.0321611417322831
20
-3.6811611417322836
11
5.0381271653543305
21
-3.6762649606299211
0
LINE
8
BLACK
6
CONTINUOUS
10
5.0381271653543305
20
-3.6762649606299211
11
5.0449337401574805
21
-3.672626771653543
0
LINE
8
BLACK
6
CONTINUOUS
10
5.0449337401574805
20
-3.672626771653543
11
5.0523192913385824
21
-3.6703864173228347
0
LINE
8
BLACK
6
CONTINUOUS
10
5.0523192913385824
20
-3.6703864173228347
11
5.0599999999999996
21
-3.6696299212598422
0
LINE
8
BLACK
6
CONTINUOUS
10
5.0599999999999996
20
-3.6696299212598422
11
5.0676807086614168
21
-3.6703864173228347
0
LINE
8
BLACK
6
CONTINUOUS
10
5.6525555118110233
20
-3.7224749212598423
11
5.6549822834645669
21
-3.7240964566929131
0
LINE
8
BLACK
6
CONTINUOUS
10
5.6549822834645669
20
-3.7240964566929131
11
5.6566038188976373
21
-3.7265232283464567
0
LINE
8
BLACK
6
CONTINUOUS
10
5.6566038188976373
20
-3.7265232283464567
11
5.6571732283464566
21
-3.7293858267716535
0
LINE
8
BLACK
6
CONTINUOUS
10
5.6571732283464566
20
-3.7293858267716535
11
5.6571732283464566
21
-3.7404094488188977
0
LINE
8
BLACK
6
CONTINUOUS
10
5.6571732283464566
20
-3.7404094488188977
11
5.6566038188976373
21
-3.7432720472440946
0
LINE
8
BLACK
6
CONTINUOUS
10
5.6566038188976373
20
-3.7432720472440946
11
5.6549822834645669
21
-3.7456988188976377
0
LINE
8
BLACK
6
CONTINUOUS
10
5.6549822834645669
20
-3.7456988188976377
11
5.6525555118110233
21
-3.7473203543307085
0
LINE
8
BLACK
6
CONTINUOUS
10
5.6525555118110233
20
-3.7473203543307085
11
5.6496929133858265
21
-3.7478897637795274
0
LINE
8
BLACK
6
CONTINUOUS
10
5.6496929133858265
20
-3.7478897637795274
11
5.6363070866141731
21
-3.7478897637795274
0
LINE
8
BLACK
6
CONTINUOUS
10
5.6363070866141731
20
-3.7478897637795274
11
5.6334444881889763
21
-3.7473203543307085
0
LINE
8
BLACK
6
CONTINUOUS
10
5.6334444881889763
20
-3.7473203543307085
11
5.6310177165354327
21
-3.7456988188976377
0
LINE
8
BLACK
6
CONTINUOUS
10
5.6310177165354327
20
-3.7456988188976377
11
5.6293961811023623
21
-3.7432720472440946
0
LINE
8
BLACK
6
CONTINUOUS
10
5.6293961811023623
20
-3.7432720472440946
11
5.6288267716535429
21
-3.7404094488188977
0
LINE
8
BLACK
6
CONTINUOUS
10
5.6288267716535429
20
-3.7404094488188977
11
5.6288267716535429
21
-3.7293858267716535
0
LINE
8
BLACK
6
CONTINUOUS
10
5.6288267716535429
20
-3.7293858267716535
11
5.6293961811023623
21
-3.7265232283464567
0
LINE
8
BLACK
6
CONTINUOUS
10
5.6293961811023623
20
-3.7265232283464567
11
5.6310177165354327
21
-3.7240964566929131
0
LINE
8
BLACK
6
CONTINUOUS
10
5.6310177165354327
20
-3.7240964566929131
11
5.6334444881889763
21
-3.7224749212598423
0
LINE
8
BLACK
6
CONTINUOUS
10
5.6334444881889763
20
-3.7224749212598423
11
5.6363070866141731
21
-3.7219055118110234
0
LINE
8
BLACK
6
CONTINUOUS
10
5.6363070866141731
20
-3.7219055118110234
11
5.6496929133858265
21
-3.7219055118110234
0
LINE
8
BLACK
6
CONTINUOUS
10
5.6496929133858265
20
-3.7219055118110234
11
5.6525555118110233
21
-3.7224749212598423
0
LINE
8
BLACK
6
CONTINUOUS
10
5.7544615354330704
20
-3.6896313779527556
11
5.7582668110236215
21
-3.691311535433071
0
LINE
8
BLACK
6
CONTINUOUS
10
5.7582668110236215
20
-3.691311535433071
11
5.7612081496062988
21
-3.6942528740157479
0
LINE
8
BLACK
6
CONTINUOUS
10
5.7612081496062988
20
-3.6942528740157479
11
5.7628883070866141
21
-3.698058149606299
0
LINE
8
BLACK
6
CONTINUOUS
10
5.7628883070866141
20
-3.698058149606299
11
5.7631889763779522
21
-3.7006496062992125
0
LINE
8
BLACK
6
CONTINUOUS
10
5.7631889763779522
20
-3.7006496062992125
11
5.7631889763779522
21
-3.7193503937007875
0
LINE
8
BLACK
6
CONTINUOUS
10
5.7631889763779522
20
-3.7193503937007875
11
5.7628883070866141
21
-3.7219418503937005
0
LINE
8
BLACK
6
CONTINUOUS
10
5.7628883070866141
20
-3.7219418503937005
11
5.7612081496062988
21
-3.7257471259842521
0
LINE
8
BLACK
6
CONTINUOUS
10
5.7612081496062988
20
-3.7257471259842521
11
5.7582668110236215
21
-3.7286884645669289
0
LINE
8
BLACK
6
CONTINUOUS
10
5.7582668110236215
20
-3.7286884645669289
11
5.7544615354330704
21
-3.7303686220472438
0
LINE
8
BLACK
6
CONTINUOUS
10
5.7544615354330704
20
-3.7303686220472438
11
5.7518700787401578
21
-3.7306692913385824
0
LINE
8
BLACK
6
CONTINUOUS
10
5.7518700787401578
20
-3.7306692913385824
11
5.729232283464567
21
-3.7306692913385824
0
LINE
8
BLACK
6
CONTINUOUS
10
5.729232283464567
20
-3.7306692913385824
11
5.7266408267716535
21
-3.7303686220472438
0
LINE
8
BLACK
6
CONTINUOUS
10
5.7266408267716535
20
-3.7303686220472438
11
5.7228355511811024
21
-3.7286884645669289
0
LINE
8
BLACK
6
CONTINUOUS
10
5.7228355511811024
20
-3.7286884645669289
11
5.7198942125984251
21
-3.7257471259842521
0
LINE
8
BLACK
6
CONTINUOUS
10
5.7198942125984251
20
-3.7257471259842521
11
5.7182140551181098
21
-3.7219418503937005
0
LINE
8
BLACK
6
CONTINUOUS
10
5.7182140551181098
20
-3.7219418503937005
11
5.7179133858267717
21
-3.7193503937007875
0
LINE
8
BLACK
6
CONTINUOUS
10
5.7179133858267717
20
-3.7193503937007875
11
5.7179133858267717
21
-3.7006496062992125
0
LINE
8
BLACK
6
CONTINUOUS
10
5.7179133858267717
20
-3.7006496062992125
11
5.7182140551181098
21
-3.698058149606299
0
LINE
8
BLACK
6
CONTINUOUS
10
5.7182140551181098
20
-3.698058149606299
11
5.7198942125984251
21
-3.6942528740157479
0
LINE
8
BLACK
6
CONTINUOUS
10
5.7198942125984251
20
-3.6942528740157479
11
5.7228355511811024
21
-3.691311535433071
0
LINE
8
BLACK
6
CONTINUOUS
10
5.7228355511811024
20
-3.691311535433071
11
5.7266408267716535
21
-3.6896313779527556
0
LINE
8
BLACK
6
CONTINUOUS
10
5.7266408267716535
20
-3.6896313779527556
11
5.729232283464567
21
-3.6893307086614171
0
LINE
8
BLACK
6
CONTINUOUS
10
5.729232283464567
20
-3.6893307086614171
11
5.7518700787401578
21
-3.6893307086614171
0
LINE
8
BLACK
6
CONTINUOUS
10
5.7518700787401578
20
-3.6893307086614171
11
5.7544615354330704
21
-3.6896313779527556
0
LINE
8
BLACK
6
CONTINUOUS
10
5.8233591732283463
20
-3.6896313779527556
11
5.8271644488188974
21
-3.691311535433071
0
LINE
8
BLACK
6
CONTINUOUS
10
5.8271644488188974
20
-3.691311535433071
11
5.8301057874015747
21
-3.6942528740157479
0
LINE
8
BLACK
6
CONTINUOUS
10
5.8301057874015747
20
-3.6942528740157479
11
5.8317859448818901
21
-3.698058149606299
0
LINE
8
BLACK
6
CONTINUOUS
10
5.8317859448818901
20
-3.698058149606299
11
5.8320866141732282
21
-3.7006496062992125
0
LINE
8
BLACK
6
CONTINUOUS
10
5.8320866141732282
20
-3.7006496062992125
11
5.8320866141732282
21
-3.7193503937007875
0
LINE
8
BLACK
6
CONTINUOUS
10
5.8320866141732282
20
-3.7193503937007875
11
5.8317859448818901
21
-3.7219418503937005
0
LINE
8
BLACK
6
CONTINUOUS
10
5.8317859448818901
20
-3.7219418503937005
11
5.8301057874015747
21
-3.7257471259842521
0
LINE
8
BLACK
6
CONTINUOUS
10
5.8301057874015747
20
-3.7257471259842521
11
5.8271644488188974
21
-3.7286884645669289
0
LINE
8
BLACK
6
CONTINUOUS
10
5.8271644488188974
20
-3.7286884645669289
11
5.8233591732283463
21
-3.7303686220472438
0
LINE
8
BLACK
6
CONTINUOUS
10
5.8233591732283463
20
-3.7303686220472438
11
5.8207677165354328
21
-3.7306692913385824
0
LINE
8
BLACK
6
CONTINUOUS
10
5.8207677165354328
20
-3.7306692913385824
11
5.7981299212598421
21
-3.7306692913385824
0
LINE
8
BLACK
6
CONTINUOUS
10
5.7981299212598421
20
-3.7306692913385824
11
5.7955384645669286
21
-3.7303686220472438
0
LINE
8
BLACK
6
CONTINUOUS
10
5.7955384645669286
20
-3.7303686220472438
11
5.7917331889763775
21
-3.7286884645669289
0
LINE
8
BLACK
6
CONTINUOUS
10
5.7917331889763775
20
-3.7286884645669289
11
5.788791850393701
21
-3.7257471259842521
0
LINE
8
BLACK
6
CONTINUOUS
10
5.788791850393701
20
-3.7257471259842521
11
5.7871116929133857
21
-3.7219418503937005
0
LINE
8
BLACK
6
CONTINUOUS
10
5.7871116929133857
20
-3.7219418503937005
11
5.7868110236220467
21
-3.7193503937007875
0
LINE
8
BLACK
6
CONTINUOUS
10
5.7868110236220467
20
-3.7193503937007875
11
5.7868110236220467
21
-3.7006496062992125
0
LINE
8
BLACK
6
CONTINUOUS
10
5.7868110236220467
20
-3.7006496062992125
11
5.7871116929133857
21
-3.698058149606299
0
LINE
8
BLACK
6
CONTINUOUS
10
5.7871116929133857
20
-3.698058149606299
11
5.788791850393701
21
-3.6942528740157479
0
LINE
8
BLACK
6
CONTINUOUS
10
5.788791850393701
20
-3.6942528740157479
11
5.7917331889763775
21
-3.691311535433071
0
LINE
8
BLACK
6
CONTINUOUS
10
5.7917331889763775
20
-3.691311535433071
11
5.7955384645669286
21
-3.6896313779527556
0
LINE
8
BLACK
6
CONTINUOUS
10
5.7955384645669286
20
-3.6896313779527556
11
5.7981299212598421
21
-3.6893307086614171
0
LINE
8
BLACK
6
CONTINUOUS
10
5.7981299212598421
20
-3.6893307086614171
11
5.8207677165354328
21
-3.6893307086614171
0
LINE
8
BLACK
6
CONTINUOUS
10
5.8207677165354328
20
-3.6893307086614171
11
5.8233591732283463
21
-3.6896313779527556
0
LINE
8
BLACK
6
CONTINUOUS
10
5.8783597244094485
20
-3.6948513385826769
11
5.8809142125984248
21
-3.6965582283464564
0
LINE
8
BLACK
6
CONTINUOUS
10
5.8809142125984248
20
-3.6965582283464564
11
5.8826211023622044
21
-3.6991127165354332
0
LINE
8
BLACK
6
CONTINUOUS
10
5.8826211023622044
20
-3.6991127165354332
11
5.8832204724409447
21
-3.7021259842519685
0
LINE
8
BLACK
6
CONTINUOUS
10
5.8832204724409447
20
-3.7021259842519685
11
5.8832204724409447
21
-3.7178740157480314
0
LINE
8
BLACK
6
CONTINUOUS
10
5.8832204724409447
20
-3.7178740157480314
11
5.8826211023622044
21
-3.7208872834645668
0
LINE
8
BLACK
6
CONTINUOUS
10
5.8826211023622044
20
-3.7208872834645668
11
5.8809142125984248
21
-3.7234417716535431
0
LINE
8
BLACK
6
CONTINUOUS
10
5.8809142125984248
20
-3.7234417716535431
11
5.8783597244094485
21
-3.7251486614173226
0
LINE
8
BLACK
6
CONTINUOUS
10
5.8783597244094485
20
-3.7251486614173226
11
5.8753464566929132
21
-3.7257480314960629
0
LINE
8
BLACK
6
CONTINUOUS
10
5.8753464566929132
20
-3.7257480314960629
11
5.863535433070866
21
-3.7257480314960629
0
LINE
8
BLACK
6
CONTINUOUS
10
5.863535433070866
20
-3.7257480314960629
11
5.8605221653543307
21
-3.7251486614173226
0
LINE
8
BLACK
6
CONTINUOUS
10
5.8605221653543307
20
-3.7251486614173226
11
5.8579676771653544
21
-3.7234417716535431
0
LINE
8
BLACK
6
CONTINUOUS
10
5.8579676771653544
20
-3.7234417716535431
11
5.8562607874015749
21
-3.7208872834645668
0
LINE
8
BLACK
6
CONTINUOUS
10
5.8562607874015749
20
-3.7208872834645668
11
5.8556614173228345
21
-3.7178740157480314
0
LINE
8
BLACK
6
CONTINUOUS
10
5.8556614173228345
20
-3.7178740157480314
11
5.8556614173228345
21
-3.7021259842519685
0
LINE
8
BLACK
6
CONTINUOUS
10
5.8556614173228345
20
-3.7021259842519685
11
5.8562607874015749
21
-3.6991127165354332
0
LINE
8
BLACK
6
CONTINUOUS
10
5.8562607874015749
20
-3.6991127165354332
11
5.8579676771653544
21
-3.6965582283464564
0
LINE
8
BLACK
6
CONTINUOUS
10
5.8579676771653544
20
-3.6965582283464564
11
5.8605221653543307
21
-3.6948513385826769
0
LINE
8
BLACK
6
CONTINUOUS
10
5.8605221653543307
20
-3.6948513385826769
11
5.863535433070866
21
-3.694251968503937
0
LINE
8
BLACK
6
CONTINUOUS
10
5.863535433070866
20
-3.694251968503937
11
5.8753464566929132
21
-3.694251968503937
0
LINE
8
BLACK
6
CONTINUOUS
10
5.8753464566929132
20
-3.694251968503937
11
5.8783597244094485
21
-3.6948513385826769
0
LINE
8
BLACK
6
CONTINUOUS
10
5.9334778346456689
20
-3.6948513385826769
11
5.9360323228346452
21
-3.6965582283464564
0
LINE
8
BLACK
6
CONTINUOUS
10
5.9360323228346452
20
-3.6965582283464564
11
5.9377392125984247
21
-3.6991127165354332
0
LINE
8
BLACK
6
CONTINUOUS
10
5.9377392125984247
20
-3.6991127165354332
11
5.9383385826771651
21
-3.7021259842519685
0
LINE
8
BLACK
6
CONTINUOUS
10
5.9383385826771651
20
-3.7021259842519685
11
5.9383385826771651
21
-3.7178740157480314
0
LINE
8
BLACK
6
CONTINUOUS
10
5.9383385826771651
20
-3.7178740157480314
11
5.9377392125984247
21
-3.7208872834645668
0
LINE
8
BLACK
6
CONTINUOUS
10
5.9377392125984247
20
-3.7208872834645668
11
5.9360323228346452
21
-3.7234417716535431
0
LINE
8
BLACK
6
CONTINUOUS
10
5.9360323228346452
20
-3.7234417716535431
11
5.9334778346456689
21
-3.7251486614173226
0
LINE
8
BLACK
6
CONTINUOUS
10
5.9334778346456689
20
-3.7251486614173226
11
5.9304645669291336
21
-3.7257480314960629
0
LINE
8
BLACK
6
CONTINUOUS
10
5.9304645669291336
20
-3.7257480314960629
11
5.9186535433070864
21
-3.7257480314960629
0
LINE
8
BLACK
6
CONTINUOUS
10
5.9186535433070864
20
-3.7257480314960629
11
5.9156402755905511
21
-3.7251486614173226
0
LINE
8
BLACK
6
CONTINUOUS
10
5.9156402755905511
20
-3.7251486614173226
11
5.9130857874015748
21
-3.7234417716535431
0
LINE
8
BLACK
6
CONTINUOUS
10
5.9130857874015748
20
-3.7234417716535431
11
5.9113788976377952
21
-3.7208872834645668
0
LINE
8
BLACK
6
CONTINUOUS
10
5.9113788976377952
20
-3.7208872834645668
11
5.9107795275590549
21
-3.7178740157480314
0
LINE
8
BLACK
6
CONTINUOUS
10
5.9107795275590549
20
-3.7178740157480314
11
5.9107795275590549
21
-3.7021259842519685
0
LINE
8
BLACK
6
CONTINUOUS
10
5.9107795275590549
20
-3.7021259842519685
11
5.9113788976377952
21
-3.6991127165354332
0
LINE
8
BLACK
6
CONTINUOUS
10
5.9113788976377952
20
-3.6991127165354332
11
5.9130857874015748
21
-3.6965582283464564
0
LINE
8
BLACK
6
CONTINUOUS
10
5.9130857874015748
20
-3.6965582283464564
11
5.9156402755905511
21
-3.6948513385826769
0
LINE
8
BLACK
6
CONTINUOUS
10
5.9156402755905511
20
-3.6948513385826769
11
5.9186535433070864
21
-3.694251968503937
0
LINE
8
BLACK
6
CONTINUOUS
10
5.9186535433070864
20
-3.694251968503937
11
5.9304645669291336
21
-3.694251968503937
0
LINE
8
BLACK
6
CONTINUOUS
10
5.9304645669291336
20
-3.694251968503937
11
5.9334778346456689
21
-3.6948513385826769
0
LINE
8
BLACK
6
CONTINUOUS
10
5.4395555118110233
20
-3.6936796456692913
11
5.4419822834645668
21
-3.6953011811023622
0
LINE
8
BLACK
6
CONTINUOUS
10
5.4419822834645668
20
-3.6953011811023622
11
5.4436038188976381
21
-3.6977279527559053
0
LINE
8
BLACK
6
CONTINUOUS
10
5.4436038188976381
20
-3.6977279527559053
11
5.4441732283464566
21
-3.7005905511811021
0
LINE
8
BLACK
6
CONTINUOUS
10
5.4441732283464566
20
-3.7005905511811021
11
5.4441732283464566
21
-3.7116141732283463
0
LINE
8
BLACK
6
CONTINUOUS
10
5.4441732283464566
20
-3.7116141732283463
11
5.4436038188976381
21
-3.7144767716535432
0
LINE
8
BLACK
6
CONTINUOUS
10
5.4436038188976381
20
-3.7144767716535432
11
5.4419822834645668
21
-3.7169035433070867
0
LINE
8
BLACK
6
CONTINUOUS
10
5.4419822834645668
20
-3.7169035433070867
11
5.4395555118110233
21
-3.7185250787401576
0
LINE
8
BLACK
6
CONTINUOUS
10
5.4395555118110233
20
-3.7185250787401576
11
5.4366929133858264
21
-3.7190944881889765
0
LINE
8
BLACK
6
CONTINUOUS
10
5.4366929133858264
20
-3.7190944881889765
11
5.423307086614173
21
-3.7190944881889765
0
LINE
8
BLACK
6
CONTINUOUS
10
5.423307086614173
20
-3.7190944881889765
11
5.4204444881889762
21
-3.7185250787401576
0
LINE
8
BLACK
6
CONTINUOUS
10
5.4204444881889762
20
-3.7185250787401576
11
5.4180177165354326
21
-3.7169035433070867
0
LINE
8
BLACK
6
CONTINUOUS
10
5.4180177165354326
20
-3.7169035433070867
11
5.4163961811023622
21
-3.7144767716535432
0
LINE
8
BLACK
6
CONTINUOUS
10
5.4163961811023622
20
-3.7144767716535432
11
5.4158267716535429
21
-3.7116141732283463
0
LINE
8
BLACK
6
CONTINUOUS
10
5.4158267716535429
20
-3.7116141732283463
11
5.4158267716535429
21
-3.7005905511811021
0
LINE
8
BLACK
6
CONTINUOUS
10
5.4158267716535429
20
-3.7005905511811021
11
5.4163961811023622
21
-3.6977279527559053
0
LINE
8
BLACK
6
CONTINUOUS
10
5.4163961811023622
20
-3.6977279527559053
11
5.4180177165354326
21
-3.6953011811023622
0
LINE
8
BLACK
6
CONTINUOUS
10
5.4180177165354326
20
-3.6953011811023622
11
5.4204444881889762
21
-3.6936796456692913
0
LINE
8
BLACK
6
CONTINUOUS
10
5.4204444881889762
20
-3.6936796456692913
11
5.423307086614173
21
-3.6931102362204724
0
LINE
8
BLACK
6
CONTINUOUS
10
5.423307086614173
20
-3.6931102362204724
11
5.4366929133858264
21
-3.6931102362204724
0
LINE
8
BLACK
6
CONTINUOUS
10
5.4366929133858264
20
-3.6931102362204724
11
5.4395555118110233
21
-3.6936796456692913
0
LINE
8
BLACK
6
CONTINUOUS
10
5.5134069685039373
20
-3.6844182677165351
11
5.5159614566929136
21
-3.6861251574803147
0
LINE
8
BLACK
6
CONTINUOUS
10
5.5159614566929136
20
-3.6861251574803147
11
5.5176683464566931
21
-3.6886796456692914
0
LINE
8
BLACK
6
CONTINUOUS
10
5.5176683464566931
20
-3.6886796456692914
11
5.5182677165354326
21
-3.6916929133858267
0
LINE
8
BLACK
6
CONTINUOUS
10
5.5182677165354326
20
-3.6916929133858267
11
5.5182677165354326
21
-3.7035039370078739
0
LINE
8
BLACK
6
CONTINUOUS
10
5.5182677165354326
20
-3.7035039370078739
11
5.5176683464566931
21
-3.7065172047244093
0
LINE
8
BLACK
6
CONTINUOUS
10
5.5176683464566931
20
-3.7065172047244093
11
5.5159614566929136
21
-3.7090716929133856
0
LINE
8
BLACK
6
CONTINUOUS
10
5.5159614566929136
20
-3.7090716929133856
11
5.5134069685039373
21
-3.7107785826771651
0
LINE
8
BLACK
6
CONTINUOUS
10
5.5134069685039373
20
-3.7107785826771651
11
5.5103937007874011
21
-3.7113779527559054
0
LINE
8
BLACK
6
CONTINUOUS
10
5.5103937007874011
20
-3.7113779527559054
11
5.47003937007874
21
-3.7113779527559054
0
LINE
8
BLACK
6
CONTINUOUS
10
5.47003937007874
20
-3.7113779527559054
11
5.4670261023622047
21
-3.7107785826771651
0
LINE
8
BLACK
6
CONTINUOUS
10
5.4670261023622047
20
-3.7107785826771651
11
5.4644716141732284
21
-3.7090716929133856
0
LINE
8
BLACK
6
CONTINUOUS
10
5.4644716141732284
20
-3.7090716929133856
11
5.4627647244094488
21
-3.7065172047244093
0
LINE
8
BLACK
6
CONTINUOUS
10
5.4627647244094488
20
-3.7065172047244093
11
5.4621653543307085
21
-3.7035039370078739
0
LINE
8
BLACK
6
CONTINUOUS
10
5.4621653543307085
20
-3.7035039370078739
11
5.4621653543307085
21
-3.6916929133858267
0
LINE
8
BLACK
6
CONTINUOUS
10
5.4621653543307085
20
-3.6916929133858267
11
5.4627647244094488
21
-3.6886796456692914
0
LINE
8
BLACK
6
CONTINUOUS
10
5.4627647244094488
20
-3.6886796456692914
11
5.4644716141732284
21
-3.6861251574803147
0
LINE
8
BLACK
6
CONTINUOUS
10
5.4644716141732284
20
-3.6861251574803147
11
5.4670261023622047
21
-3.6844182677165351
0
LINE
8
BLACK
6
CONTINUOUS
10
5.4670261023622047
20
-3.6844182677165351
11
5.47003937007874
21
-3.6838188976377952
0
LINE
8
BLACK
6
CONTINUOUS
10
5.47003937007874
20
-3.6838188976377952
11
5.5103937007874011
21
-3.6838188976377952
0
LINE
8
BLACK
6
CONTINUOUS
10
5.5103937007874011
20
-3.6838188976377952
11
5.5134069685039373
21
-3.6844182677165351
0
LINE
8
BLACK
6
CONTINUOUS
10
5.6029738976377947
20
-3.6844182677165351
11
5.6055283858267719
21
-3.6861251574803147
0
LINE
8
BLACK
6
CONTINUOUS
10
5.6055283858267719
20
-3.6861251574803147
11
5.6072352755905515
21
-3.6886796456692914
0
LINE
8
BLACK
6
CONTINUOUS
10
5.6072352755905515
20
-3.6886796456692914
11
5.6078346456692909
21
-3.6916929133858267
0
LINE
8
BLACK
6
CONTINUOUS
10
5.6078346456692909
20
-3.6916929133858267
11
5.6078346456692909
21
-3.7035039370078739
0
LINE
8
BLACK
6
CONTINUOUS
10
5.6078346456692909
20
-3.7035039370078739
11
5.6072352755905515
21
-3.7065172047244093
0
LINE
8
BLACK
6
CONTINUOUS
10
5.6072352755905515
20
-3.7065172047244093
11
5.6055283858267719
21
-3.7090716929133856
0
LINE
8
BLACK
6
CONTINUOUS
10
5.6055283858267719
20
-3.7090716929133856
11
5.6029738976377947
21
-3.7107785826771651
0
LINE
8
BLACK
6
CONTINUOUS
10
5.6029738976377947
20
-3.7107785826771651
11
5.5999606299212594
21
-3.7113779527559054
0
LINE
8
BLACK
6
CONTINUOUS
10
5.5999606299212594
20
-3.7113779527559054
11
5.5596062992125983
21
-3.7113779527559054
0
LINE
8
BLACK
6
CONTINUOUS
10
5.5596062992125983
20
-3.7113779527559054
11
5.556593031496063
21
-3.7107785826771651
0
LINE
8
BLACK
6
CONTINUOUS
10
5.556593031496063
20
-3.7107785826771651
11
5.5540385433070867
21
-3.7090716929133856
0
LINE
8
BLACK
6
CONTINUOUS
10
5.5540385433070867
20
-3.7090716929133856
11
5.5523316535433072
21
-3.7065172047244093
0
LINE
8
BLACK
6
CONTINUOUS
10
5.5523316535433072
20
-3.7065172047244093
11
5.5517322834645668
21
-3.7035039370078739
0
LINE
8
BLACK
6
CONTINUOUS
10
5.5517322834645668
20
-3.7035039370078739
11
5.5517322834645668
21
-3.6916929133858267
0
LINE
8
BLACK
6
CONTINUOUS
10
5.5517322834645668
20
-3.6916929133858267
11
5.5523316535433072
21
-3.6886796456692914
0
LINE
8
BLACK
6
CONTINUOUS
10
5.5523316535433072
20
-3.6886796456692914
11
5.5540385433070867
21
-3.6861251574803147
0
LINE
8
BLACK
6
CONTINUOUS
10
5.5540385433070867
20
-3.6861251574803147
11
5.556593031496063
21
-3.6844182677165351
0
LINE
8
BLACK
6
CONTINUOUS
10
5.556593031496063
20
-3.6844182677165351
11
5.5596062992125983
21
-3.6838188976377952
0
LINE
8
BLACK
6
CONTINUOUS
10
5.5596062992125983
20
-3.6838188976377952
11
5.5999606299212594
21
-3.6838188976377952
0
LINE
8
BLACK
6
CONTINUOUS
10
5.5999606299212594
20
-3.6838188976377952
11
5.6029738976377947
21
-3.6844182677165351
0
LINE
8
BLACK
6
CONTINUOUS
10
5.6525555118110233
20
-3.6846796456692914
11
5.6549822834645669
21
-3.6863011811023623
0
LINE
8
BLACK
6
CONTINUOUS
10
5.6549822834645669
20
-3.6863011811023623
11
5.6566038188976373
21
-3.6887279527559054
0
LINE
8
BLACK
6
CONTINUOUS
10
5.6566038188976373
20
-3.6887279527559054
11
5.6571732283464566
21
-3.6915905511811022
0
LINE
8
BLACK
6
CONTINUOUS
10
5.6571732283464566
20
-3.6915905511811022
11
5.6571732283464566
21
-3.7026141732283464
0
LINE
8
BLACK
6
CONTINUOUS
10
5.6571732283464566
20
-3.7026141732283464
11
5.6566038188976373
21
-3.7054767716535433
0
LINE
8
BLACK
6
CONTINUOUS
10
5.6566038188976373
20
-3.7054767716535433
11
5.6549822834645669
21
-3.7079035433070864
0
LINE
8
BLACK
6
CONTINUOUS
10
5.6549822834645669
20
-3.7079035433070864
11
5.6525555118110233
21
-3.7095250787401572
0
LINE
8
BLACK
6
CONTINUOUS
10
5.6525555118110233
20
-3.7095250787401572
11
5.6496929133858265
21
-3.7100944881889761
0
LINE
8
BLACK
6
CONTINUOUS
10
5.6496929133858265
20
-3.7100944881889761
11
5.6363070866141731
21
-3.7100944881889761
0
LINE
8
BLACK
6
CONTINUOUS
10
5.6363070866141731
20
-3.7100944881889761
11
5.6334444881889763
21
-3.7095250787401572
0
LINE
8
BLACK
6
CONTINUOUS
10
5.6334444881889763
20
-3.7095250787401572
11
5.6310177165354327
21
-3.7079035433070864
0
LINE
8
BLACK
6
CONTINUOUS
10
5.6310177165354327
20
-3.7079035433070864
11
5.6293961811023623
21
-3.7054767716535433
0
LINE
8
BLACK
6
CONTINUOUS
10
5.6293961811023623
20
-3.7054767716535433
11
5.6288267716535429
21
-3.7026141732283464
0
LINE
8
BLACK
6
CONTINUOUS
10
5.6288267716535429
20
-3.7026141732283464
11
5.6288267716535429
21
-3.6915905511811022
0
LINE
8
BLACK
6
CONTINUOUS
10
5.6288267716535429
20
-3.6915905511811022
11
5.6293961811023623
21
-3.6887279527559054
0
LINE
8
BLACK
6
CONTINUOUS
10
5.6293961811023623
20
-3.6887279527559054
11
5.6310177165354327
21
-3.6863011811023623
0
LINE
8
BLACK
6
CONTINUOUS
10
5.6310177165354327
20
-3.6863011811023623
11
5.6334444881889763
21
-3.6846796456692914
0
LINE
8
BLACK
6
CONTINUOUS
10
5.6334444881889763
20
-3.6846796456692914
11
5.6363070866141731
21
-3.6841102362204725
0
LINE
8
BLACK
6
CONTINUOUS
10
5.6363070866141731
20
-3.6841102362204725
11
5.6496929133858265
21
-3.6841102362204725
0
LINE
8
BLACK
6
CONTINUOUS
10
5.6496929133858265
20
-3.6841102362204725
11
5.6525555118110233
21
-3.6846796456692914
0
LINE
8
BLACK
6
CONTINUOUS
10
4.9029223622047242
20
-3.5922007874015747
11
4.912147362204724
21
-3.5953677165354332
0
LINE
8
BLACK
6
CONTINUOUS
10
4.912147362204724
20
-3.5953677165354332
11
4.9207252755905513
21
-3.6000098425196851
0
LINE
8
BLACK
6
CONTINUOUS
10
4.9207252755905513
20
-3.6000098425196851
11
4.9284221259842518
21
-3.6060005511811024
0
LINE
8
BLACK
6
CONTINUOUS
10
4.9284221259842518
20
-3.6060005511811024
11
4.9350279921259839
21
-3.6131764173228347
0
LINE
8
BLACK
6
CONTINUOUS
10
4.9350279921259839
20
-3.6131764173228347
11
4.9403626377952756
21
-3.6213416929133859
0
LINE
8
BLACK
6
CONTINUOUS
10
4.9403626377952756
20
-3.6213416929133859
11
4.9442805511811025
21
-3.6302736614173226
0
LINE
8
BLACK
6
CONTINUOUS
10
4.9442805511811025
20
-3.6302736614173226
11
4.9466748818897637
21
-3.6397286614173225
0
LINE
8
BLACK
6
CONTINUOUS
10
4.9466748818897637
20
-3.6397286614173225
11
4.9474803149606297
21
-3.6494488188976377
0
LINE
8
BLACK
6
CONTINUOUS
10
4.9474803149606297
20
-3.6494488188976377
11
4.9466748818897637
21
-3.6591689763779525
0
LINE
8
BLACK
6
CONTINUOUS
10
4.9466748818897637
20
-3.6591689763779525
11
4.9442805511811025
21
-3.6686239763779525
0
LINE
8
BLACK
6
CONTINUOUS
10
4.9442805511811025
20
-3.6686239763779525
11
4.9403626377952756
21
-3.6775559448818895
0
LINE
8
BLACK
6
CONTINUOUS
10
4.9403626377952756
20
-3.6775559448818895
11
4.9350279921259839
21
-3.6857212204724408
0
LINE
8
BLACK
6
CONTINUOUS
10
4.9350279921259839
20
-3.6857212204724408
11
4.9284221259842518
21
-3.692897086614173
0
LINE
8
BLACK
6
CONTINUOUS
10
4.9284221259842518
20
-3.692897086614173
11
4.9207252755905513
21
-3.6988877952755903
0
LINE
8
BLACK
6
CONTINUOUS
10
4.9207252755905513
20
-3.6988877952755903
11
4.912147362204724
21
-3.7035299212598423
0
LINE
8
BLACK
6
CONTINUOUS
10
4.912147362204724
20
-3.7035299212598423
11
4.9029223622047242
21
-3.7066968503937008
0
LINE
8
BLACK
6
CONTINUOUS
10
4.9029223622047242
20
-3.7066968503937008
11
4.893301929133858
21
-3.7083022440944879
0
LINE
8
BLACK
6
CONTINUOUS
10
4.893301929133858
20
-3.7083022440944879
11
4.8835484645669291
21
-3.7083022440944879
0
LINE
8
BLACK
6
CONTINUOUS
10
4.8835484645669291
20
-3.7083022440944879
11
4.8739280314960629
21
-3.7066968503937008
0
LINE
8
BLACK
6
CONTINUOUS
10
4.8739280314960629
20
-3.7066968503937008
11
4.8647030314960631
21
-3.7035299212598423
0
LINE
8
BLACK
6
CONTINUOUS
10
4.8647030314960631
20
-3.7035299212598423
11
4.8561251181102358
21
-3.6988877952755903
0
LINE
8
BLACK
6
CONTINUOUS
10
4.8561251181102358
20
-3.6988877952755903
11
4.8484282677165353
21
-3.692897086614173
0
LINE
8
BLACK
6
CONTINUOUS
10
4.8484282677165353
20
-3.692897086614173
11
4.8418224015748033
21
-3.6857212204724408
0
LINE
8
BLACK
6
CONTINUOUS
10
4.8418224015748033
20
-3.6857212204724408
11
4.8364877559055115
21
-3.6775559448818895
0
LINE
8
BLACK
6
CONTINUOUS
10
4.8364877559055115
20
-3.6775559448818895
11
4.8325698425196846
21
-3.6686239763779525
0
LINE
8
BLACK
6
CONTINUOUS
10
4.8325698425196846
20
-3.6686239763779525
11
4.8301755118110234
21
-3.6591689763779525
0
LINE
8
BLACK
6
CONTINUOUS
10
4.8301755118110234
20
-3.6591689763779525
11
4.8293700787401574
21
-3.6494488188976377
0
LINE
8
BLACK
6
CONTINUOUS
10
4.8293700787401574
20
-3.6494488188976377
11
4.8301755118110234
21
-3.6397286614173225
0
LINE
8
BLACK
6
CONTINUOUS
10
4.8301755118110234
20
-3.6397286614173225
11
4.8325698425196846
21
-3.6302736614173226
0
LINE
8
BLACK
6
CONTINUOUS
10
4.8325698425196846
20
-3.6302736614173226
11
4.8364877559055115
21
-3.6213416929133859
0
LINE
8
BLACK
6
CONTINUOUS
10
4.8364877559055115
20
-3.6213416929133859
11
4.8418224015748033
21
-3.6131764173228347
0
LINE
8
BLACK
6
CONTINUOUS
10
4.8418224015748033
20
-3.6131764173228347
11
4.8484282677165353
21
-3.6060005511811024
0
LINE
8
BLACK
6
CONTINUOUS
10
4.8484282677165353
20
-3.6060005511811024
11
4.8561251181102358
21
-3.6000098425196851
0
LINE
8
BLACK
6
CONTINUOUS
10
4.8561251181102358
20
-3.6000098425196851
11
4.8647030314960631
21
-3.5953677165354332
0
LINE
8
BLACK
6
CONTINUOUS
10
4.8647030314960631
20
-3.5953677165354332
11
4.8739280314960629
21
-3.5922007874015747
0
LINE
8
BLACK
6
CONTINUOUS
10
4.8739280314960629
20
-3.5922007874015747
11
4.8835484645669291
21
-3.5905953937007875
0
LINE
8
BLACK
6
CONTINUOUS
10
4.8835484645669291
20
-3.5905953937007875
11
4.893301929133858
21
-3.5905953937007875
0
LINE
8
BLACK
6
CONTINUOUS
10
4.893301929133858
20
-3.5905953937007875
11
4.9029223622047242
21
-3.5922007874015747
0
LINE
8
BLACK
6
CONTINUOUS
10
5.2966231496062992
20
-3.5922007874015747
11
5.305848149606299
21
-3.5953677165354332
0
LINE
8
BLACK
6
CONTINUOUS
10
5.305848149606299
20
-3.5953677165354332
11
5.3144260629921263
21
-3.6000098425196851
0
LINE
8
BLACK
6
CONTINUOUS
10
5.3144260629921263
20
-3.6000098425196851
11
5.3221229133858268
21
-3.6060005511811024
0
LINE
8
BLACK
6
CONTINUOUS
10
5.3221229133858268
20
-3.6060005511811024
11
5.3287287795275589
21
-3.6131764173228347
0
LINE
8
BLACK
6
CONTINUOUS
10
5.3287287795275589
20
-3.6131764173228347
11
5.3340634251968506
21
-3.6213416929133859
0
LINE
8
BLACK
6
CONTINUOUS
10
5.3340634251968506
20
-3.6213416929133859
11
5.3379813385826766
21
-3.6302736614173226
0
LINE
8
BLACK
6
CONTINUOUS
10
5.3379813385826766
20
-3.6302736614173226
11
5.3403756692913387
21
-3.6397286614173225
0
LINE
8
BLACK
6
CONTINUOUS
10
5.3403756692913387
20
-3.6397286614173225
11
5.3411811023622047
21
-3.6494488188976377
0
LINE
8
BLACK
6
CONTINUOUS
10
5.3411811023622047
20
-3.6494488188976377
11
5.3403756692913387
21
-3.6591689763779525
0
LINE
8
BLACK
6
CONTINUOUS
10
5.3403756692913387
20
-3.6591689763779525
11
5.3379813385826766
21
-3.6686239763779525
0
LINE
8
BLACK
6
CONTINUOUS
10
5.3379813385826766
20
-3.6686239763779525
11
5.3340634251968506
21
-3.6775559448818895
0
LINE
8
BLACK
6
CONTINUOUS
10
5.3340634251968506
20
-3.6775559448818895
11
5.3287287795275589
21
-3.6857212204724408
0
LINE
8
BLACK
6
CONTINUOUS
10
5.3287287795275589
20
-3.6857212204724408
11
5.3221229133858268
21
-3.692897086614173
0
LINE
8
BLACK
6
CONTINUOUS
10
5.3221229133858268
20
-3.692897086614173
11
5.3144260629921263
21
-3.6988877952755903
0
LINE
8
BLACK
6
CONTINUOUS
10
5.3144260629921263
20
-3.6988877952755903
11
5.305848149606299
21
-3.7035299212598423
0
LINE
8
BLACK
6
CONTINUOUS
10
5.305848149606299
20
-3.7035299212598423
11
5.2966231496062992
21
-3.7066968503937008
0
LINE
8
BLACK
6
CONTINUOUS
10
5.2966231496062992
20
-3.7066968503937008
11
5.287002716535433
21
-3.7083022440944879
0
LINE
8
BLACK
6
CONTINUOUS
10
5.287002716535433
20
-3.7083022440944879
11
5.2772492519685041
21
-3.7083022440944879
0
LINE
8
BLACK
6
CONTINUOUS
10
5.2772492519685041
20
-3.7083022440944879
11
5.2676288188976379
21
-3.7066968503937008
0
LINE
8
BLACK
6
CONTINUOUS
10
5.2676288188976379
20
-3.7066968503937008
11
5.2584038188976381
21
-3.7035299212598423
0
LINE
8
BLACK
6
CONTINUOUS
10
5.2584038188976381
20
-3.7035299212598423
11
5.2498259055118108
21
-3.6988877952755903
0
LINE
8
BLACK
6
CONTINUOUS
10
5.2498259055118108
20
-3.6988877952755903
11
5.2421290551181103
21
-3.692897086614173
0
LINE
8
BLACK
6
CONTINUOUS
10
5.2421290551181103
20
-3.692897086614173
11
5.2355231889763783
21
-3.6857212204724408
0
LINE
8
BLACK
6
CONTINUOUS
10
5.2355231889763783
20
-3.6857212204724408
11
5.2301885433070865
21
-3.6775559448818895
0
LINE
8
BLACK
6
CONTINUOUS
10
5.2301885433070865
20
-3.6775559448818895
11
5.2262706299212596
21
-3.6686239763779525
0
LINE
8
BLACK
6
CONTINUOUS
10
5.2262706299212596
20
-3.6686239763779525
11
5.2238762992125984
21
-3.6591689763779525
0
LINE
8
BLACK
6
CONTINUOUS
10
5.2238762992125984
20
-3.6591689763779525
11
5.2230708661417324
21
-3.6494488188976377
0
LINE
8
BLACK
6
CONTINUOUS
10
5.2230708661417324
20
-3.6494488188976377
11
5.2238762992125984
21
-3.6397286614173225
0
LINE
8
BLACK
6
CONTINUOUS
10
5.2238762992125984
20
-3.6397286614173225
11
5.2262706299212596
21
-3.6302736614173226
0
LINE
8
BLACK
6
CONTINUOUS
10
5.2262706299212596
20
-3.6302736614173226
11
5.2301885433070865
21
-3.6213416929133859
0
LINE
8
BLACK
6
CONTINUOUS
10
5.2301885433070865
20
-3.6213416929133859
11
5.2355231889763783
21
-3.6131764173228347
0
LINE
8
BLACK
6
CONTINUOUS
10
5.2355231889763783
20
-3.6131764173228347
11
5.2421290551181103
21
-3.6060005511811024
0
LINE
8
BLACK
6
CONTINUOUS
10
5.2421290551181103
20
-3.6060005511811024
11
5.2498259055118108
21
-3.6000098425196851
0
LINE
8
BLACK
6
CONTINUOUS
10
5.2498259055118108
20
-3.6000098425196851
11
5.2584038188976381
21
-3.5953677165354332
0
LINE
8
BLACK
6
CONTINUOUS
10
5.2584038188976381
20
-3.5953677165354332
11
5.2676288188976379
21
-3.5922007874015747
0
LINE
8
BLACK
6
CONTINUOUS
10
5.2676288188976379
20
-3.5922007874015747
11
5.2772492519685041
21
-3.5905953937007875
0
LINE
8
BLACK
6
CONTINUOUS
10
5.2772492519685041
20
-3.5905953937007875
11
5.287002716535433
21
-3.5905953937007875
0
LINE
8
BLACK
6
CONTINUOUS
10
5.287002716535433
20
-3.5905953937007875
11
5.2966231496062992
21
-3.5922007874015747
  0
ENDSEC
  0
EOF
