  0
SECTION
  2
HEADER
  9
$ANGBASE
  50
0.0
  9
$ANGDIR
  70
1
  9
$MEASUREMENT
  70
0
  0
ENDSEC
  0
SECTION
  2
TABLES
  0
TABLE
  2
LTYPE
  70
4
  0
LTYPE
  5
40F
  2
CONTINUOUS
  70
0
  3
Solid line
  72
65
  73
0
  40
0.0
  0
LTYPE
  5
410
  2
DASHDOT
 70
0
  3
Dash Dot ____ _ ____ _
 72
65
 73
4
 40
2.0
 49
1.25
 49
-0.25
 49
0.25
 49
-0.25
  0
LTYPE
  5
411
  2
DASHED
 70
0
  3
Dashed __ __ __ __ __
 72
65
 73
2
 40
0.75
 49
0.5
 49
-0.25
  0
LTYPE
  5
43B
  2
DOTTED
 70
0
  3
Dotted .  .  .  .
 72
65
 73
2
 40
0.2
 49
0.0
 49
-0.2
  0
ENDTAB
  0
TABLE
  2
STYLE
  70
4
  0
STYLE
  2
KICAD
  70
0
  40
0
  41
1
  42
1
  50
0
  71
0
  3
isocp.shx
  0
STYLE
  2
KICADB
  70
0
  40
0
  41
1
  42
1
  50
0
  71
0
  3
isocp.shx
  0
STYLE
  2
KICADI
  70
0
  40
0
  41
1
  42
1
  50
15
  71
0
  3
isocp.shx
  0
STYLE
  2
KICADBI
  70
0
  40
0
  41
1
  42
1
  50
15
  71
0
  3
isocp.shx
  0
ENDTAB
  0
TABLE
  2
LAYER
  70
1
  0
LAYER
  2
BLACK
  70
0
  62
7
  6
CONTINUOUS
  0
ENDTAB
  0
ENDSEC
  0
SECTION
  2
ENTITIES
0
LINE
8
BLACK
6
CONTINUOUS
10
5.6621766535433071
20
-4.1398335826771655
11
5.6629912992125986
21
-4.140648228346457
0
LINE
8
BLACK
6
CONTINUOUS
10
5.6629912992125986
20
-4.140648228346457
11
5.6634322047244092
21
-4.1417126377952753
0
LINE
8
BLACK
6
CONTINUOUS
10
5.6634322047244092
20
-4.1417126377952753
11
5.6634541338582673
21
-4.1506362598425195
0
LINE
8
BLACK
6
CONTINUOUS
10
5.6634541338582673
20
-4.1506362598425195
11
5.6999062598425194
21
-4.1505845275590554
0
LINE
8
BLACK
6
CONTINUOUS
10
5.6999062598425194
20
-4.1505845275590554
11
5.7004823228346453
21
-4.1506412598425193
0
LINE
8
BLACK
6
CONTINUOUS
10
5.7004823228346453
20
-4.1506412598425193
11
5.7015467322834645
21
-4.1510821653543308
0
LINE
8
BLACK
6
CONTINUOUS
10
5.7015467322834645
20
-4.1510821653543308
11
5.702361377952756
21
-4.1518968110236223
0
LINE
8
BLACK
6
CONTINUOUS
10
5.702361377952756
20
-4.1518968110236223
11
5.7028022834645666
21
-4.1529612204724407
0
LINE
8
BLACK
6
CONTINUOUS
10
5.7028022834645666
20
-4.1529612204724407
11
5.7028022834645666
21
-4.1541133464566924
0
LINE
8
BLACK
6
CONTINUOUS
10
5.7028022834645666
20
-4.1541133464566924
11
5.702361377952756
21
-4.1551777559055116
0
LINE
8
BLACK
6
CONTINUOUS
10
5.702361377952756
20
-4.1551777559055116
11
5.7015467322834645
21
-4.1559924015748031
0
LINE
8
BLACK
6
CONTINUOUS
10
5.7015467322834645
20
-4.1559924015748031
11
5.7004823228346453
21
-4.1564333070866137
0
LINE
8
BLACK
6
CONTINUOUS
10
5.7004823228346453
20
-4.1564333070866137
11
5.6634685039370076
21
-4.1564858661417325
0
LINE
8
BLACK
6
CONTINUOUS
10
5.6634685039370076
20
-4.1564858661417325
11
5.663488937007874
21
-4.1647858661417319
0
LINE
8
BLACK
6
CONTINUOUS
10
5.663488937007874
20
-4.1647858661417319
11
5.6634322047244092
21
-4.1653619291338586
0
LINE
8
BLACK
6
CONTINUOUS
10
5.6634322047244092
20
-4.1653619291338586
11
5.6629912992125986
21
-4.166426338582677
0
LINE
8
BLACK
6
CONTINUOUS
10
5.6629912992125986
20
-4.166426338582677
11
5.6621766535433071
21
-4.1672409842519684
0
LINE
8
BLACK
6
CONTINUOUS
10
5.6621766535433071
20
-4.1672409842519684
11
5.6611122440944879
21
-4.1676818897637791
0
LINE
8
BLACK
6
CONTINUOUS
10
5.6611122440944879
20
-4.1676818897637791
11
5.6599601181102361
21
-4.1676818897637791
0
LINE
8
BLACK
6
CONTINUOUS
10
5.6599601181102361
20
-4.1676818897637791
11
5.6588957086614169
21
-4.1672409842519684
0
LINE
8
BLACK
6
CONTINUOUS
10
5.6588957086614169
20
-4.1672409842519684
11
5.6580810629921254
21
-4.166426338582677
0
LINE
8
BLACK
6
CONTINUOUS
10
5.6580810629921254
20
-4.166426338582677
11
5.6576401574803148
21
-4.1653619291338586
0
LINE
8
BLACK
6
CONTINUOUS
10
5.6576401574803148
20
-4.1653619291338586
11
5.65758342519685
21
-4.1422887007874012
0
LINE
8
BLACK
6
CONTINUOUS
10
5.65758342519685
20
-4.1422887007874012
11
5.6576401574803148
21
-4.1417126377952753
0
LINE
8
BLACK
6
CONTINUOUS
10
5.6576401574803148
20
-4.1417126377952753
11
5.6580810629921254
21
-4.140648228346457
0
LINE
8
BLACK
6
CONTINUOUS
10
5.6580810629921254
20
-4.140648228346457
11
5.6588957086614169
21
-4.1398335826771655
0
LINE
8
BLACK
6
CONTINUOUS
10
5.6588957086614169
20
-4.1398335826771655
11
5.6599601181102361
21
-4.139392677165354
0
LINE
8
BLACK
6
CONTINUOUS
10
5.6599601181102361
20
-4.139392677165354
11
5.6611122440944879
21
-4.139392677165354
0
LINE
8
BLACK
6
CONTINUOUS
10
5.6611122440944879
20
-4.139392677165354
11
5.6621766535433071
21
-4.1398335826771655
0
LINE
8
BLACK
6
CONTINUOUS
10
5.0160220866141731
20
-4.0784475196850396
11
5.0161364566929132
21
-4.0785618897637796
0
LINE
8
BLACK
6
CONTINUOUS
10
5.0161364566929132
20
-4.0785618897637796
11
5.0189869685039366
21
-4.0788426377952751
0
LINE
8
BLACK
6
CONTINUOUS
10
5.0189869685039366
20
-4.0788426377952751
11
5.0245999606299208
21
-4.0805453543307086
0
LINE
8
BLACK
6
CONTINUOUS
10
5.0245999606299208
20
-4.0805453543307086
11
5.0297729527559056
21
-4.0833103543307088
0
LINE
8
BLACK
6
CONTINUOUS
10
5.0297729527559056
20
-4.0833103543307088
11
5.0343071259842516
21
-4.0870314566929133
0
LINE
8
BLACK
6
CONTINUOUS
10
5.0343071259842516
20
-4.0870314566929133
11
5.0380282283464561
21
-4.0915656299212602
0
LINE
8
BLACK
6
CONTINUOUS
10
5.0380282283464561
20
-4.0915656299212602
11
5.0407932283464563
21
-4.0967386220472441
0
LINE
8
BLACK
6
CONTINUOUS
10
5.0407932283464563
20
-4.0967386220472441
11
5.0424959448818898
21
-4.1023516141732284
0
LINE
8
BLACK
6
CONTINUOUS
10
5.0424959448818898
20
-4.1023516141732284
11
5.0430708661417318
21
-4.1081889763779529
0
LINE
8
BLACK
6
CONTINUOUS
10
5.0430708661417318
20
-4.1081889763779529
11
5.0429014960629921
21
-4.1087101574803144
0
LINE
8
BLACK
6
CONTINUOUS
10
5.0429014960629921
20
-4.1087101574803144
11
5.0430708661417318
21
-4.1318110236220473
0
LINE
8
BLACK
6
CONTINUOUS
10
5.0430708661417318
20
-4.1318110236220473
11
5.0424959448818898
21
-4.1376483858267719
0
LINE
8
BLACK
6
CONTINUOUS
10
5.0424959448818898
20
-4.1376483858267719
11
5.0407932283464563
21
-4.1432613779527561
0
LINE
8
BLACK
6
CONTINUOUS
10
5.0407932283464563
20
-4.1432613779527561
11
5.0380282283464561
21
-4.1484343700787401
0
LINE
8
BLACK
6
CONTINUOUS
10
5.0380282283464561
20
-4.1484343700787401
11
5.0343071259842516
21
-4.1529685433070869
0
LINE
8
BLACK
6
CONTINUOUS
10
5.0343071259842516
20
-4.1529685433070869
11
5.0297729527559056
21
-4.1566896456692914
0
LINE
8
BLACK
6
CONTINUOUS
10
5.0297729527559056
20
-4.1566896456692914
11
5.0245999606299208
21
-4.1594546456692916
0
LINE
8
BLACK
6
CONTINUOUS
10
5.0245999606299208
20
-4.1594546456692916
11
5.0189869685039366
21
-4.1611573622047242
0
LINE
8
BLACK
6
CONTINUOUS
10
5.0189869685039366
20
-4.1611573622047242
11
5.0161364566929132
21
-4.1614380708661418
0
LINE
8
BLACK
6
CONTINUOUS
10
5.0161364566929132
20
-4.1614380708661418
11
5.0160220866141731
21
-4.1615524803149606
0
LINE
8
BLACK
6
CONTINUOUS
10
5.0160220866141731
20
-4.1615524803149606
11
5.0149577165354327
21
-4.1615541732283461
0
LINE
8
BLACK
6
CONTINUOUS
10
5.0149577165354327
20
-4.1615541732283461
11
5.0131496062992129
21
-4.1617322834645671
0
LINE
8
BLACK
6
CONTINUOUS
10
5.0131496062992129
20
-4.1617322834645671
11
5.0126131889763776
21
-4.1615579921259842
0
LINE
8
BLACK
6
CONTINUOUS
10
5.0126131889763776
20
-4.1615579921259842
11
4.9068602362204725
21
-4.1617290551181103
0
LINE
8
BLACK
6
CONTINUOUS
10
4.9068602362204725
20
-4.1617290551181103
11
4.906850393700787
21
-4.1617322834645671
0
LINE
8
BLACK
6
CONTINUOUS
10
4.906850393700787
20
-4.1617322834645671
11
4.9068185433070868
21
-4.1617291338582678
0
LINE
8
BLACK
6
CONTINUOUS
10
4.9068185433070868
20
-4.1617291338582678
11
4.9048818897637796
21
-4.1617322834645671
0
LINE
8
BLACK
6
CONTINUOUS
10
4.9048818897637796
20
-4.1617322834645671
11
4.9039779133858268
21
-4.1615524803149606
0
LINE
8
BLACK
6
CONTINUOUS
10
4.9039779133858268
20
-4.1615524803149606
11
4.903863503937008
21
-4.1614380708661418
0
LINE
8
BLACK
6
CONTINUOUS
10
4.903863503937008
20
-4.1614380708661418
11
4.9010130314960625
21
-4.1611573622047242
0
LINE
8
BLACK
6
CONTINUOUS
10
4.9010130314960625
20
-4.1611573622047242
11
4.8954000393700783
21
-4.1594546456692916
0
LINE
8
BLACK
6
CONTINUOUS
10
4.8954000393700783
20
-4.1594546456692916
11
4.8902270472440943
21
-4.1566896456692914
0
LINE
8
BLACK
6
CONTINUOUS
10
4.8902270472440943
20
-4.1566896456692914
11
4.8856928740157475
21
-4.1529685433070869
0
LINE
8
BLACK
6
CONTINUOUS
10
4.8856928740157475
20
-4.1529685433070869
11
4.8819717716535429
21
-4.1484343700787401
0
LINE
8
BLACK
6
CONTINUOUS
10
4.8819717716535429
20
-4.1484343700787401
11
4.8792067716535428
21
-4.1432613779527561
0
LINE
8
BLACK
6
CONTINUOUS
10
4.8792067716535428
20
-4.1432613779527561
11
4.8775040551181101
21
-4.1376483858267719
0
LINE
8
BLACK
6
CONTINUOUS
10
4.8775040551181101
20
-4.1376483858267719
11
4.8769291338582672
21
-4.1318110236220473
0
LINE
8
BLACK
6
CONTINUOUS
10
4.8769291338582672
20
-4.1318110236220473
11
4.8770984645669291
21
-4.1312898031496061
0
LINE
8
BLACK
6
CONTINUOUS
10
4.8770984645669291
20
-4.1312898031496061
11
4.8769291338582672
21
-4.1081889763779529
0
LINE
8
BLACK
6
CONTINUOUS
10
4.8769291338582672
20
-4.1081889763779529
11
4.8775040551181101
21
-4.1023516141732284
0
LINE
8
BLACK
6
CONTINUOUS
10
4.8775040551181101
20
-4.1023516141732284
11
4.8792067716535428
21
-4.0967386220472441
0
LINE
8
BLACK
6
CONTINUOUS
10
4.8792067716535428
20
-4.0967386220472441
11
4.8819717716535429
21
-4.0915656299212602
0
LINE
8
BLACK
6
CONTINUOUS
10
4.8819717716535429
20
-4.0915656299212602
11
4.8856928740157475
21
-4.0870314566929133
0
LINE
8
BLACK
6
CONTINUOUS
10
4.8856928740157475
20
-4.0870314566929133
11
4.8902270472440943
21
-4.0833103543307088
0
LINE
8
BLACK
6
CONTINUOUS
10
4.8902270472440943
20
-4.0833103543307088
11
4.8954000393700783
21
-4.0805453543307086
0
LINE
8
BLACK
6
CONTINUOUS
10
4.8954000393700783
20
-4.0805453543307086
11
4.9010130314960625
21
-4.0788426377952751
0
LINE
8
BLACK
6
CONTINUOUS
10
4.9010130314960625
20
-4.0788426377952751
11
4.903863503937008
21
-4.0785618897637796
0
LINE
8
BLACK
6
CONTINUOUS
10
4.903863503937008
20
-4.0785618897637796
11
4.9039779133858268
21
-4.0784475196850396
0
LINE
8
BLACK
6
CONTINUOUS
10
4.9039779133858268
20
-4.0784475196850396
11
4.9050422440944876
21
-4.0784457874015745
0
LINE
8
BLACK
6
CONTINUOUS
10
4.9050422440944876
20
-4.0784457874015745
11
4.906850393700787
21
-4.0782677165354331
0
LINE
8
BLACK
6
CONTINUOUS
10
4.906850393700787
20
-4.0782677165354331
11
4.9073867716535435
21
-4.0784419685039373
0
LINE
8
BLACK
6
CONTINUOUS
10
4.9073867716535435
20
-4.0784419685039373
11
5.0131397244094487
21
-4.0782709055118112
0
LINE
8
BLACK
6
CONTINUOUS
10
5.0131397244094487
20
-4.0782709055118112
11
5.0131496062992129
21
-4.0782677165354331
0
LINE
8
BLACK
6
CONTINUOUS
10
5.0131496062992129
20
-4.0782677165354331
11
5.0131814173228344
21
-4.0782708267716536
0
LINE
8
BLACK
6
CONTINUOUS
10
5.0131814173228344
20
-4.0782708267716536
11
5.0151181102362203
21
-4.0782677165354331
0
LINE
8
BLACK
6
CONTINUOUS
10
5.0151181102362203
20
-4.0782677165354331
11
5.0160220866141731
21
-4.0784475196850396
0
LINE
8
BLACK
6
CONTINUOUS
10
4.9068602362204725
20
-4.0829888976377955
11
4.906850393700787
21
-4.0829921259842523
0
LINE
8
BLACK
6
CONTINUOUS
10
4.906850393700787
20
-4.0829921259842523
11
4.9040113779527559
21
-4.0829921259842523
0
LINE
8
BLACK
6
CONTINUOUS
10
4.9040113779527559
20
-4.0829921259842523
11
4.8984757480314958
21
-4.084255590551181
0
LINE
8
BLACK
6
CONTINUOUS
10
4.8984757480314958
20
-4.084255590551181
11
4.8933600393700782
21
-4.0867191732283468
0
LINE
8
BLACK
6
CONTINUOUS
10
4.8933600393700782
20
-4.0867191732283468
11
4.8889207874015748
21
-4.0902593700787397
0
LINE
8
BLACK
6
CONTINUOUS
10
4.8889207874015748
20
-4.0902593700787397
11
4.8853805905511809
21
-4.0946986220472441
0
LINE
8
BLACK
6
CONTINUOUS
10
4.8853805905511809
20
-4.0946986220472441
11
4.8829170078740161
21
-4.0998143307086616
0
LINE
8
BLACK
6
CONTINUOUS
10
4.8829170078740161
20
-4.0998143307086616
11
4.8816535433070865
21
-4.1053499606299209
0
LINE
8
BLACK
6
CONTINUOUS
10
4.8816535433070865
20
-4.1053499606299209
11
4.8816535433070865
21
-4.1081889763779529
0
LINE
8
BLACK
6
CONTINUOUS
10
4.8816535433070865
20
-4.1081889763779529
11
4.8814841732283467
21
-4.1087101574803144
0
LINE
8
BLACK
6
CONTINUOUS
10
4.8814841732283467
20
-4.1087101574803144
11
4.8816535433070865
21
-4.1318110236220473
0
LINE
8
BLACK
6
CONTINUOUS
10
4.8816535433070865
20
-4.1318110236220473
11
4.8816535433070865
21
-4.1346500393700785
0
LINE
8
BLACK
6
CONTINUOUS
10
4.8816535433070865
20
-4.1346500393700785
11
4.8829170078740161
21
-4.1401856692913386
0
LINE
8
BLACK
6
CONTINUOUS
10
4.8829170078740161
20
-4.1401856692913386
11
4.8853805905511809
21
-4.1453013779527561
0
LINE
8
BLACK
6
CONTINUOUS
10
4.8853805905511809
20
-4.1453013779527561
11
4.8889207874015748
21
-4.1497406299212596
0
LINE
8
BLACK
6
CONTINUOUS
10
4.8889207874015748
20
-4.1497406299212596
11
4.8933600393700782
21
-4.1532808267716534
0
LINE
8
BLACK
6
CONTINUOUS
10
4.8933600393700782
20
-4.1532808267716534
11
4.8984757480314958
21
-4.1557444094488192
0
LINE
8
BLACK
6
CONTINUOUS
10
4.8984757480314958
20
-4.1557444094488192
11
4.9040113779527559
21
-4.1570078740157479
0
LINE
8
BLACK
6
CONTINUOUS
10
4.9040113779527559
20
-4.1570078740157479
11
4.906850393700787
21
-4.1570078740157479
0
LINE
8
BLACK
6
CONTINUOUS
10
4.906850393700787
20
-4.1570078740157479
11
4.9073867716535435
21
-4.1571821259842521
0
LINE
8
BLACK
6
CONTINUOUS
10
4.9073867716535435
20
-4.1571821259842521
11
5.0131397244094487
21
-4.157011062992126
0
LINE
8
BLACK
6
CONTINUOUS
10
5.0131397244094487
20
-4.157011062992126
11
5.0131496062992129
21
-4.1570078740157479
0
LINE
8
BLACK
6
CONTINUOUS
10
5.0131496062992129
20
-4.1570078740157479
11
5.015988622047244
21
-4.1570078740157479
0
LINE
8
BLACK
6
CONTINUOUS
10
5.015988622047244
20
-4.1570078740157479
11
5.0215242519685042
21
-4.1557444094488192
0
LINE
8
BLACK
6
CONTINUOUS
10
5.0215242519685042
20
-4.1557444094488192
11
5.0266399606299208
21
-4.1532808267716534
0
LINE
8
BLACK
6
CONTINUOUS
10
5.0266399606299208
20
-4.1532808267716534
11
5.0310792125984252
21
-4.1497406299212596
0
LINE
8
BLACK
6
CONTINUOUS
10
5.0310792125984252
20
-4.1497406299212596
11
5.034619409448819
21
-4.1453013779527561
0
LINE
8
BLACK
6
CONTINUOUS
10
5.034619409448819
20
-4.1453013779527561
11
5.0370829921259839
21
-4.1401856692913386
0
LINE
8
BLACK
6
CONTINUOUS
10
5.0370829921259839
20
-4.1401856692913386
11
5.0383464566929135
21
-4.1346500393700785
0
LINE
8
BLACK
6
CONTINUOUS
10
5.0383464566929135
20
-4.1346500393700785
11
5.0383464566929135
21
-4.1318110236220473
0
LINE
8
BLACK
6
CONTINUOUS
10
5.0383464566929135
20
-4.1318110236220473
11
5.0385157874015745
21
-4.1312898031496061
0
LINE
8
BLACK
6
CONTINUOUS
10
5.0385157874015745
20
-4.1312898031496061
11
5.0383464566929135
21
-4.1081889763779529
0
LINE
8
BLACK
6
CONTINUOUS
10
5.0383464566929135
20
-4.1081889763779529
11
5.0383464566929135
21
-4.1053499606299209
0
LINE
8
BLACK
6
CONTINUOUS
10
5.0383464566929135
20
-4.1053499606299209
11
5.0370829921259839
21
-4.0998143307086616
0
LINE
8
BLACK
6
CONTINUOUS
10
5.0370829921259839
20
-4.0998143307086616
11
5.034619409448819
21
-4.0946986220472441
0
LINE
8
BLACK
6
CONTINUOUS
10
5.034619409448819
20
-4.0946986220472441
11
5.0310792125984252
21
-4.0902593700787397
0
LINE
8
BLACK
6
CONTINUOUS
10
5.0310792125984252
20
-4.0902593700787397
11
5.0266399606299208
21
-4.0867191732283468
0
LINE
8
BLACK
6
CONTINUOUS
10
5.0266399606299208
20
-4.0867191732283468
11
5.0215242519685042
21
-4.084255590551181
0
LINE
8
BLACK
6
CONTINUOUS
10
5.0215242519685042
20
-4.084255590551181
11
5.015988622047244
21
-4.0829921259842523
0
LINE
8
BLACK
6
CONTINUOUS
10
5.015988622047244
20
-4.0829921259842523
11
5.0131496062992129
21
-4.0829921259842523
0
LINE
8
BLACK
6
CONTINUOUS
10
5.0131496062992129
20
-4.0829921259842523
11
5.0126131889763776
21
-4.0828178346456694
0
LINE
8
BLACK
6
CONTINUOUS
10
5.0126131889763776
20
-4.0828178346456694
11
4.9068602362204725
21
-4.0829888976377955
0
LINE
8
BLACK
6
CONTINUOUS
10
5.6621766535433071
20
-4.1079625590551183
11
5.6629912992125986
21
-4.1087772047244098
0
LINE
8
BLACK
6
CONTINUOUS
10
5.6629912992125986
20
-4.1087772047244098
11
5.6634322047244092
21
-4.1098416141732281
0
LINE
8
BLACK
6
CONTINUOUS
10
5.6634322047244092
20
-4.1098416141732281
11
5.6634803937007874
21
-4.1262642913385825
0
LINE
8
BLACK
6
CONTINUOUS
10
5.6634803937007874
20
-4.1262642913385825
11
5.6763733070866138
21
-4.12624594488189
0
LINE
8
BLACK
6
CONTINUOUS
10
5.6763733070866138
20
-4.12624594488189
11
5.6763310629921255
21
-4.1160419685039367
0
LINE
8
BLACK
6
CONTINUOUS
10
5.6763310629921255
20
-4.1160419685039367
11
5.6763877952755903
21
-4.1154659055118108
0
LINE
8
BLACK
6
CONTINUOUS
10
5.6763877952755903
20
-4.1154659055118108
11
5.6768287007874019
21
-4.1144014960629924
0
LINE
8
BLACK
6
CONTINUOUS
10
5.6768287007874019
20
-4.1144014960629924
11
5.6776433464566924
21
-4.113586850393701
0
LINE
8
BLACK
6
CONTINUOUS
10
5.6776433464566924
20
-4.113586850393701
11
5.6787077559055117
21
-4.1131459448818894
0
LINE
8
BLACK
6
CONTINUOUS
10
5.6787077559055117
20
-4.1131459448818894
11
5.6798598818897634
21
-4.1131459448818894
0
LINE
8
BLACK
6
CONTINUOUS
10
5.6798598818897634
20
-4.1131459448818894
11
5.6809242913385827
21
-4.113586850393701
0
LINE
8
BLACK
6
CONTINUOUS
10
5.6809242913385827
20
-4.113586850393701
11
5.6817389370078741
21
-4.1144014960629924
0
LINE
8
BLACK
6
CONTINUOUS
10
5.6817389370078741
20
-4.1144014960629924
11
5.6821798425196848
21
-4.1154659055118108
0
LINE
8
BLACK
6
CONTINUOUS
10
5.6821798425196848
20
-4.1154659055118108
11
5.6822244488188973
21
-4.1262376377952759
0
LINE
8
BLACK
6
CONTINUOUS
10
5.6822244488188973
20
-4.1262376377952759
11
5.6999062598425194
21
-4.1262125590551184
0
LINE
8
BLACK
6
CONTINUOUS
10
5.6999062598425194
20
-4.1262125590551184
11
5.7004823228346453
21
-4.1262692913385823
0
LINE
8
BLACK
6
CONTINUOUS
10
5.7004823228346453
20
-4.1262692913385823
11
5.7015467322834645
21
-4.1267101968503939
0
LINE
8
BLACK
6
CONTINUOUS
10
5.7015467322834645
20
-4.1267101968503939
11
5.702361377952756
21
-4.1275248425196853
0
LINE
8
BLACK
6
CONTINUOUS
10
5.702361377952756
20
-4.1275248425196853
11
5.7028022834645666
21
-4.1285892519685037
0
LINE
8
BLACK
6
CONTINUOUS
10
5.7028022834645666
20
-4.1285892519685037
11
5.7028022834645666
21
-4.1297413779527554
0
LINE
8
BLACK
6
CONTINUOUS
10
5.7028022834645666
20
-4.1297413779527554
11
5.702361377952756
21
-4.1308057874015747
0
LINE
8
BLACK
6
CONTINUOUS
10
5.702361377952756
20
-4.1308057874015747
11
5.7015467322834645
21
-4.1316204330708661
0
LINE
8
BLACK
6
CONTINUOUS
10
5.7015467322834645
20
-4.1316204330708661
11
5.7004823228346453
21
-4.1320613385826768
0
LINE
8
BLACK
6
CONTINUOUS
10
5.7004823228346453
20
-4.1320613385826768
11
5.660536181102362
21
-4.1321180708661416
0
LINE
8
BLACK
6
CONTINUOUS
10
5.660536181102362
20
-4.1321180708661416
11
5.6599601181102361
21
-4.1320613385826768
0
LINE
8
BLACK
6
CONTINUOUS
10
5.6599601181102361
20
-4.1320613385826768
11
5.6588957086614169
21
-4.1316204330708661
0
LINE
8
BLACK
6
CONTINUOUS
10
5.6588957086614169
20
-4.1316204330708661
11
5.6580810629921254
21
-4.1308057874015747
0
LINE
8
BLACK
6
CONTINUOUS
10
5.6580810629921254
20
-4.1308057874015747
11
5.6576401574803148
21
-4.1297413779527554
0
LINE
8
BLACK
6
CONTINUOUS
10
5.6576401574803148
20
-4.1297413779527554
11
5.65758342519685
21
-4.110417677165354
0
LINE
8
BLACK
6
CONTINUOUS
10
5.65758342519685
20
-4.110417677165354
11
5.6576401574803148
21
-4.1098416141732281
0
LINE
8
BLACK
6
CONTINUOUS
10
5.6576401574803148
20
-4.1098416141732281
11
5.6580810629921254
21
-4.1087772047244098
0
LINE
8
BLACK
6
CONTINUOUS
10
5.6580810629921254
20
-4.1087772047244098
11
5.6588957086614169
21
-4.1079625590551183
0
LINE
8
BLACK
6
CONTINUOUS
10
5.6588957086614169
20
-4.1079625590551183
11
5.6599601181102361
21
-4.1075216535433068
0
LINE
8
BLACK
6
CONTINUOUS
10
5.6599601181102361
20
-4.1075216535433068
11
5.6611122440944879
21
-4.1075216535433068
0
LINE
8
BLACK
6
CONTINUOUS
10
5.6611122440944879
20
-4.1075216535433068
11
5.6621766535433071
21
-4.1079625590551183
0
LINE
8
BLACK
6
CONTINUOUS
10
5.7006861417322829
20
-4.0719492519685039
11
5.7017166141732281
21
-4.0724644488188977
0
LINE
8
BLACK
6
CONTINUOUS
10
5.7017166141732281
20
-4.0724644488188977
11
5.7024714960629916
21
-4.0733348425196851
0
LINE
8
BLACK
6
CONTINUOUS
10
5.7024714960629916
20
-4.0733348425196851
11
5.7028358267716532
21
-4.074427834645669
0
LINE
8
BLACK
6
CONTINUOUS
10
5.7028358267716532
20
-4.074427834645669
11
5.7027541338582672
21
-4.075577047244094
0
LINE
8
BLACK
6
CONTINUOUS
10
5.7027541338582672
20
-4.075577047244094
11
5.7022388976377956
21
-4.0766074803149603
0
LINE
8
BLACK
6
CONTINUOUS
10
5.7022388976377956
20
-4.0766074803149603
11
5.7013685433070869
21
-4.0773623622047239
0
LINE
8
BLACK
6
CONTINUOUS
10
5.7013685433070869
20
-4.0773623622047239
11
5.6915614960629917
21
-4.080646062992126
0
LINE
8
BLACK
6
CONTINUOUS
10
5.6915614960629917
20
-4.080646062992126
11
5.6916041732283462
21
-4.0951777952755908
0
LINE
8
BLACK
6
CONTINUOUS
10
5.6916041732283462
20
-4.0951777952755908
11
5.7008399999999995
21
-4.0982425984251964
0
LINE
8
BLACK
6
CONTINUOUS
10
5.7008399999999995
20
-4.0982425984251964
11
5.7013685433070869
21
-4.0984785826771652
0
LINE
8
BLACK
6
CONTINUOUS
10
5.7013685433070869
20
-4.0984785826771652
11
5.7022388976377956
21
-4.0992334645669288
0
LINE
8
BLACK
6
CONTINUOUS
10
5.7022388976377956
20
-4.0992334645669288
11
5.7027541338582672
21
-4.1002638976377952
0
LINE
8
BLACK
6
CONTINUOUS
10
5.7027541338582672
20
-4.1002638976377952
11
5.7028358267716532
21
-4.1014131102362201
0
LINE
8
BLACK
6
CONTINUOUS
10
5.7028358267716532
20
-4.1014131102362201
11
5.7024714960629916
21
-4.1025061023622049
0
LINE
8
BLACK
6
CONTINUOUS
10
5.7024714960629916
20
-4.1025061023622049
11
5.7017166141732281
21
-4.1033764960629924
0
LINE
8
BLACK
6
CONTINUOUS
10
5.7017166141732281
20
-4.1033764960629924
11
5.7006861417322829
21
-4.1038916929133853
0
LINE
8
BLACK
6
CONTINUOUS
10
5.7006861417322829
20
-4.1038916929133853
11
5.699536929133858
21
-4.1039733858267713
0
LINE
8
BLACK
6
CONTINUOUS
10
5.699536929133858
20
-4.1039733858267713
11
5.6881364960629917
21
-4.1001903149606296
0
LINE
8
BLACK
6
CONTINUOUS
10
5.6881364960629917
20
-4.1001903149606296
11
5.6880815748031495
21
-4.1001903149606296
0
LINE
8
BLACK
6
CONTINUOUS
10
5.6880815748031495
20
-4.1001903149606296
11
5.6878603543307085
21
-4.1000986614173227
0
LINE
8
BLACK
6
CONTINUOUS
10
5.6878603543307085
20
-4.1000986614173227
11
5.659602440944882
21
-4.0907216929133856
0
LINE
8
BLACK
6
CONTINUOUS
10
5.659602440944882
20
-4.0907216929133856
11
5.6590738582677167
21
-4.0904857086614168
0
LINE
8
BLACK
6
CONTINUOUS
10
5.6590738582677167
20
-4.0904857086614168
11
5.6589144488188978
21
-4.0903474409448819
0
LINE
8
BLACK
6
CONTINUOUS
10
5.6589144488188978
20
-4.0903474409448819
11
5.6587258267716534
21
-4.0902531496062995
0
LINE
8
BLACK
6
CONTINUOUS
10
5.6587258267716534
20
-4.0902531496062995
11
5.658483188976378
21
-4.0899734251968507
0
LINE
8
BLACK
6
CONTINUOUS
10
5.658483188976378
20
-4.0899734251968507
11
5.658203503937008
21
-4.0897308267716532
0
LINE
8
BLACK
6
CONTINUOUS
10
5.658203503937008
20
-4.0897308267716532
11
5.6581091732283459
21
-4.0895421653543309
0
LINE
8
BLACK
6
CONTINUOUS
10
5.6581091732283459
20
-4.0895421653543309
11
5.6579709448818898
21
-4.0893827952755908
0
LINE
8
BLACK
6
CONTINUOUS
10
5.6579709448818898
20
-4.0893827952755908
11
5.6578538188976379
21
-4.0890314566929131
0
LINE
8
BLACK
6
CONTINUOUS
10
5.6578538188976379
20
-4.0890314566929131
11
5.6576883070866142
21
-4.0887003937007877
0
LINE
8
BLACK
6
CONTINUOUS
10
5.6576883070866142
20
-4.0887003937007877
11
5.6576733464566926
21
-4.0884899606299214
0
LINE
8
BLACK
6
CONTINUOUS
10
5.6576733464566926
20
-4.0884899606299214
11
5.6576066141732282
21
-4.0882897637795272
0
LINE
8
BLACK
6
CONTINUOUS
10
5.6576066141732282
20
-4.0882897637795272
11
5.6576328346456695
21
-4.0879204724409446
0
LINE
8
BLACK
6
CONTINUOUS
10
5.6576328346456695
20
-4.0879204724409446
11
5.6576066141732282
21
-4.0875511811023619
0
LINE
8
BLACK
6
CONTINUOUS
10
5.6576066141732282
20
-4.0875511811023619
11
5.6576733464566926
21
-4.0873509448818899
0
LINE
8
BLACK
6
CONTINUOUS
10
5.6576733464566926
20
-4.0873509448818899
11
5.6576883070866142
21
-4.0871405511811023
0
LINE
8
BLACK
6
CONTINUOUS
10
5.6576883070866142
20
-4.0871405511811023
11
5.6578538188976379
21
-4.0868094488188973
0
LINE
8
BLACK
6
CONTINUOUS
10
5.6578538188976379
20
-4.0868094488188973
11
5.6579709448818898
21
-4.0864581496062993
0
LINE
8
BLACK
6
CONTINUOUS
10
5.6579709448818898
20
-4.0864581496062993
11
5.6581091732283459
21
-4.0862987401574804
0
LINE
8
BLACK
6
CONTINUOUS
10
5.6581091732283459
20
-4.0862987401574804
11
5.658203503937008
21
-4.0861101181102359
0
LINE
8
BLACK
6
CONTINUOUS
10
5.658203503937008
20
-4.0861101181102359
11
5.658483188976378
21
-4.0858674803149606
0
LINE
8
BLACK
6
CONTINUOUS
10
5.658483188976378
20
-4.0858674803149606
11
5.6587258267716534
21
-4.0855877952755906
0
LINE
8
BLACK
6
CONTINUOUS
10
5.6587258267716534
20
-4.0855877952755906
11
5.6589144488188978
21
-4.0854934645669294
0
LINE
8
BLACK
6
CONTINUOUS
10
5.6589144488188978
20
-4.0854934645669294
11
5.6590738582677167
21
-4.0853552362204724
0
LINE
8
BLACK
6
CONTINUOUS
10
5.6590738582677167
20
-4.0853552362204724
11
5.6594283464566928
21
-4.0852364960629917
0
LINE
8
BLACK
6
CONTINUOUS
10
5.6594283464566928
20
-4.0852364960629917
11
5.6597562598425197
21
-4.0850725984251968
0
LINE
8
BLACK
6
CONTINUOUS
10
5.6597562598425197
20
-4.0850725984251968
11
5.6599615354330703
21
-4.085057992125984
0
LINE
8
BLACK
6
CONTINUOUS
10
5.6599615354330703
20
-4.085057992125984
11
5.6989725196850394
21
-4.0719959055118107
0
LINE
8
BLACK
6
CONTINUOUS
10
5.6989725196850394
20
-4.0719959055118107
11
5.699536929133858
21
-4.0718675590551179
0
LINE
8
BLACK
6
CONTINUOUS
10
5.699536929133858
20
-4.0718675590551179
11
5.7006861417322829
21
-4.0719492519685039
0
LINE
8
BLACK
6
CONTINUOUS
10
5.6697851181102363
20
-4.0879374803149604
11
5.6857479921259841
21
-4.0932345275590549
0
LINE
8
BLACK
6
CONTINUOUS
10
5.6857479921259841
20
-4.0932345275590549
11
5.6857167716535431
21
-4.0826030314960633
0
LINE
8
BLACK
6
CONTINUOUS
10
5.6857167716535431
20
-4.0826030314960633
11
5.6697851181102363
21
-4.0879374803149604
0
LINE
8
BLACK
6
CONTINUOUS
10
5.0199590944881889
20
-4.0587624803149609
11
5.0212375196850392
21
-4.0600409055118112
0
LINE
8
BLACK
6
CONTINUOUS
10
5.0212375196850392
20
-4.0600409055118112
11
5.0212375196850392
21
-4.0618488582677168
0
LINE
8
BLACK
6
CONTINUOUS
10
5.0212375196850392
20
-4.0618488582677168
11
5.0089144094488187
21
-4.0744262204724411
0
LINE
8
BLACK
6
CONTINUOUS
10
5.0089144094488187
20
-4.0744262204724411
11
5.0081480708661417
21
-4.0749383070866143
0
LINE
8
BLACK
6
CONTINUOUS
10
5.0081480708661417
20
-4.0749383070866143
11
5.006340118110236
21
-4.0749383070866143
0
LINE
8
BLACK
6
CONTINUOUS
10
5.006340118110236
20
-4.0749383070866143
11
4.9937627559055118
21
-4.0626151968503939
0
LINE
8
BLACK
6
CONTINUOUS
10
4.9937627559055118
20
-4.0626151968503939
11
4.9932506692913385
21
-4.0618488582677168
0
LINE
8
BLACK
6
CONTINUOUS
10
4.9932506692913385
20
-4.0618488582677168
11
4.9932506692913385
21
-4.0600409055118112
0
LINE
8
BLACK
6
CONTINUOUS
10
4.9932506692913385
20
-4.0600409055118112
11
4.9945290944881888
21
-4.0587624803149609
0
LINE
8
BLACK
6
CONTINUOUS
10
4.9945290944881888
20
-4.0587624803149609
11
5.0190551181102361
21
-4.0585826771653544
0
LINE
8
BLACK
6
CONTINUOUS
10
5.0190551181102361
20
-4.0585826771653544
11
5.0199590944881889
21
-4.0587624803149609
0
LINE
8
BLACK
6
CONTINUOUS
10
5.0009342519685038
20
-4.0632667322834646
11
5.0073317716535435
21
-4.0695349606299214
0
LINE
8
BLACK
6
CONTINUOUS
10
5.0073317716535435
20
-4.0695349606299214
11
5.013564015748031
21
-4.0631741338582676
0
LINE
8
BLACK
6
CONTINUOUS
10
5.013564015748031
20
-4.0631741338582676
11
5.0009342519685038
21
-4.0632667322834646
0
LINE
8
BLACK
6
CONTINUOUS
10
5.6929832283464563
20
-4.0381553149606297
11
5.6930812204724406
21
-4.0381959055118113
0
LINE
8
BLACK
6
CONTINUOUS
10
5.6930812204724406
20
-4.0381959055118113
11
5.693187047244094
21
-4.0382034251968504
0
LINE
8
BLACK
6
CONTINUOUS
10
5.693187047244094
20
-4.0382034251968504
11
5.6936985826771656
21
-4.0384516141732281
0
LINE
8
BLACK
6
CONTINUOUS
10
5.6936985826771656
20
-4.0384516141732281
11
5.6940476377952756
21
-4.0385962204724413
0
LINE
8
BLACK
6
CONTINUOUS
10
5.6940476377952756
20
-4.0385962204724413
11
5.6940957480314962
21
-4.038644330708661
0
LINE
8
BLACK
6
CONTINUOUS
10
5.6940957480314962
20
-4.038644330708661
11
5.6974772047244091
21
-4.0402850787401574
0
LINE
8
BLACK
6
CONTINUOUS
10
5.6974772047244091
20
-4.0402850787401574
11
5.6977250787401577
21
-4.0404411023622044
0
LINE
8
BLACK
6
CONTINUOUS
10
5.6977250787401577
20
-4.0404411023622044
11
5.6977971259842519
21
-4.0404709448818901
0
LINE
8
BLACK
6
CONTINUOUS
10
5.6977971259842519
20
-4.0404709448818901
11
5.6978432283464562
21
-4.0405154724409451
0
LINE
8
BLACK
6
CONTINUOUS
10
5.6978432283464562
20
-4.0405154724409451
11
5.6979670866141729
21
-4.0405934251968505
0
LINE
8
BLACK
6
CONTINUOUS
10
5.6979670866141729
20
-4.0405934251968505
11
5.698188779527559
21
-4.0408490551181098
0
LINE
8
BLACK
6
CONTINUOUS
10
5.698188779527559
20
-4.0408490551181098
11
5.70011937007874
21
-4.0427129133858264
0
LINE
8
BLACK
6
CONTINUOUS
10
5.70011937007874
20
-4.0427129133858264
11
5.7003051181102364
21
-4.0429392519685035
0
LINE
8
BLACK
6
CONTINUOUS
10
5.7003051181102364
20
-4.0429392519685035
11
5.7003641732283468
21
-4.0429904724409447
0
LINE
8
BLACK
6
CONTINUOUS
10
5.7003641732283468
20
-4.0429904724409447
11
5.7003927952755902
21
-4.0430461023622044
0
LINE
8
BLACK
6
CONTINUOUS
10
5.7003927952755902
20
-4.0430461023622044
11
5.7004866141732284
21
-4.0431603937007869
0
LINE
8
BLACK
6
CONTINUOUS
10
5.7004866141732284
20
-4.0431603937007869
11
5.7006302755905507
21
-4.0435072440944877
0
LINE
8
BLACK
6
CONTINUOUS
10
5.7006302755905507
20
-4.0435072440944877
11
5.7025472834645665
21
-4.0472298818897636
0
LINE
8
BLACK
6
CONTINUOUS
10
5.7025472834645665
20
-4.0472298818897636
11
5.702754173228346
21
-4.0477704724409449
0
LINE
8
BLACK
6
CONTINUOUS
10
5.702754173228346
20
-4.0477704724409449
11
5.702761692913386
21
-4.047876338582677
0
LINE
8
BLACK
6
CONTINUOUS
10
5.702761692913386
20
-4.047876338582677
11
5.7028022834645666
21
-4.0479743307086613
0
LINE
8
BLACK
6
CONTINUOUS
10
5.7028022834645666
20
-4.0479743307086613
11
5.7028051968503934
21
-4.0484888582677163
0
LINE
8
BLACK
6
CONTINUOUS
10
5.7028051968503934
20
-4.0484888582677163
11
5.7028358267716532
21
-4.0489196850393698
0
LINE
8
BLACK
6
CONTINUOUS
10
5.7028358267716532
20
-4.0489196850393698
11
5.7028081102362203
21
-4.0490027165354334
0
LINE
8
BLACK
6
CONTINUOUS
10
5.7028081102362203
20
-4.0490027165354334
11
5.7028590157480314
21
-4.057924212598425
0
LINE
8
BLACK
6
CONTINUOUS
10
5.7028590157480314
20
-4.057924212598425
11
5.7028302755905509
21
-4.0582157874015747
0
LINE
8
BLACK
6
CONTINUOUS
10
5.7028302755905509
20
-4.0582157874015747
11
5.7028358267716532
21
-4.0582935433070864
0
LINE
8
BLACK
6
CONTINUOUS
10
5.7028358267716532
20
-4.0582935433070864
11
5.7028168503937007
21
-4.0583520866141729
0
LINE
8
BLACK
6
CONTINUOUS
10
5.7028168503937007
20
-4.0583520866141729
11
5.7028022834645666
21
-4.0585002755905508
0
LINE
8
BLACK
6
CONTINUOUS
10
5.7028022834645666
20
-4.0585002755905508
11
5.7026496062992127
21
-4.0588687795275593
0
LINE
8
BLACK
6
CONTINUOUS
10
5.7026496062992127
20
-4.0588687795275593
11
5.7008327165354329
21
-4.0644822440944877
0
LINE
8
BLACK
6
CONTINUOUS
10
5.7008327165354329
20
-4.0644822440944877
11
5.7005967322834641
21
-4.0650108267716538
0
LINE
8
BLACK
6
CONTINUOUS
10
5.7005967322834641
20
-4.0650108267716538
11
5.6998418503937005
21
-4.0658811811023625
0
LINE
8
BLACK
6
CONTINUOUS
10
5.6998418503937005
20
-4.0658811811023625
11
5.6988114173228341
21
-4.0663963779527554
0
LINE
8
BLACK
6
CONTINUOUS
10
5.6988114173228341
20
-4.0663963779527554
11
5.6976622047244092
21
-4.0664780708661414
0
LINE
8
BLACK
6
CONTINUOUS
10
5.6976622047244092
20
-4.0664780708661414
11
5.6965691732283465
21
-4.0661137401574798
0
LINE
8
BLACK
6
CONTINUOUS
10
5.6965691732283465
20
-4.0661137401574798
11
5.6956988188976378
21
-4.0653588582677163
0
LINE
8
BLACK
6
CONTINUOUS
10
5.6956988188976378
20
-4.0653588582677163
11
5.695183622047244
21
-4.0643284251968499
0
LINE
8
BLACK
6
CONTINUOUS
10
5.695183622047244
20
-4.0643284251968499
11
5.695101929133858
21
-4.063179212598425
0
LINE
8
BLACK
6
CONTINUOUS
10
5.695101929133858
20
-4.063179212598425
11
5.6970033858267719
21
-4.0573044094488191
0
LINE
8
BLACK
6
CONTINUOUS
10
5.6970033858267719
20
-4.0573044094488191
11
5.6969569685039367
21
-4.0491634251968502
0
LINE
8
BLACK
6
CONTINUOUS
10
5.6969569685039367
20
-4.0491634251968502
11
5.6955631496062988
21
-4.0464567322834641
0
LINE
8
BLACK
6
CONTINUOUS
10
5.6955631496062988
20
-4.0464567322834641
11
5.6943297637795274
21
-4.0452659842519685
0
LINE
8
BLACK
6
CONTINUOUS
10
5.6943297637795274
20
-4.0452659842519685
11
5.691648267716535
21
-4.043964842519685
0
LINE
8
BLACK
6
CONTINUOUS
10
5.691648267716535
20
-4.043964842519685
11
5.6892797244094488
21
-4.0439959055118111
0
LINE
8
BLACK
6
CONTINUOUS
10
5.6892797244094488
20
-4.0439959055118111
11
5.6865639370078735
21
-4.0453944094488188
0
LINE
8
BLACK
6
CONTINUOUS
10
5.6865639370078735
20
-4.0453944094488188
11
5.6853732283464566
21
-4.0466277559055115
0
LINE
8
BLACK
6
CONTINUOUS
10
5.6853732283464566
20
-4.0466277559055115
11
5.683844645669291
21
-4.0497780314960625
0
LINE
8
BLACK
6
CONTINUOUS
10
5.683844645669291
20
-4.0497780314960625
11
5.6821484251968499
21
-4.0567655905511808
0
LINE
8
BLACK
6
CONTINUOUS
10
5.6821484251968499
20
-4.0567655905511808
11
5.6821332283464567
21
-4.0568080708661416
0
LINE
8
BLACK
6
CONTINUOUS
10
5.6821332283464567
20
-4.0568080708661416
11
5.6821317322834641
21
-4.0568293700787397
0
LINE
8
BLACK
6
CONTINUOUS
10
5.6821317322834641
20
-4.0568293700787397
11
5.6821085826771656
21
-4.0568770078740153
0
LINE
8
BLACK
6
CONTINUOUS
10
5.6821085826771656
20
-4.0568770078740153
11
5.6819536614173227
21
-4.0573107086614169
0
LINE
8
BLACK
6
CONTINUOUS
10
5.6819536614173227
20
-4.0573107086614169
11
5.6817929133858263
21
-4.0575276377952756
0
LINE
8
BLACK
6
CONTINUOUS
10
5.6817929133858263
20
-4.0575276377952756
11
5.6800500787401571
21
-4.0611194881889761
0
LINE
8
BLACK
6
CONTINUOUS
10
5.6800500787401571
20
-4.0611194881889761
11
5.6798939763779526
21
-4.0613674803149609
0
LINE
8
BLACK
6
CONTINUOUS
10
5.6798939763779526
20
-4.0613674803149609
11
5.6798641732283466
21
-4.0614394488188976
0
LINE
8
BLACK
6
CONTINUOUS
10
5.6798641732283466
20
-4.0614394488188976
11
5.6798196456692915
21
-4.0614855118110231
0
LINE
8
BLACK
6
CONTINUOUS
10
5.6798196456692915
20
-4.0614855118110231
11
5.679741732283464
21
-4.0616093700787399
0
LINE
8
BLACK
6
CONTINUOUS
10
5.679741732283464
20
-4.0616093700787399
11
5.6794860236220472
21
-4.0618311023622047
0
LINE
8
BLACK
6
CONTINUOUS
10
5.6794860236220472
20
-4.0618311023622047
11
5.6776222047244094
21
-4.063761653543307
0
LINE
8
BLACK
6
CONTINUOUS
10
5.6776222047244094
20
-4.063761653543307
11
5.6773958267716536
21
-4.0639474015748034
0
LINE
8
BLACK
6
CONTINUOUS
10
5.6773958267716536
20
-4.0639474015748034
11
5.6773446850393698
21
-4.064006417322835
0
LINE
8
BLACK
6
CONTINUOUS
10
5.6773446850393698
20
-4.064006417322835
11
5.6772890157480314
21
-4.0640350393700784
0
LINE
8
BLACK
6
CONTINUOUS
10
5.6772890157480314
20
-4.0640350393700784
11
5.6771747637795276
21
-4.0641288582677166
0
LINE
8
BLACK
6
CONTINUOUS
10
5.6771747637795276
20
-4.0641288582677166
11
5.6768279527559056
21
-4.0642724803149601
0
LINE
8
BLACK
6
CONTINUOUS
10
5.6768279527559056
20
-4.0642724803149601
11
5.6731052755905509
21
-4.0661895275590547
0
LINE
8
BLACK
6
CONTINUOUS
10
5.6731052755905509
20
-4.0661895275590547
11
5.6725646456692909
21
-4.0663964173228342
0
LINE
8
BLACK
6
CONTINUOUS
10
5.6725646456692909
20
-4.0663964173228342
11
5.6724588188976375
21
-4.0664038976377954
0
LINE
8
BLACK
6
CONTINUOUS
10
5.6724588188976375
20
-4.0664038976377954
11
5.6723608267716532
21
-4.0664445275590548
0
LINE
8
BLACK
6
CONTINUOUS
10
5.6723608267716532
20
-4.0664445275590548
11
5.6717803543307088
21
-4.0664521259842523
0
LINE
8
BLACK
6
CONTINUOUS
10
5.6717803543307088
20
-4.0664521259842523
11
5.6714154330708659
21
-4.0664780708661414
0
LINE
8
BLACK
6
CONTINUOUS
10
5.6714154330708659
20
-4.0664780708661414
11
5.6713543700787401
21
-4.0664577165354334
0
LINE
8
BLACK
6
CONTINUOUS
10
5.6713543700787401
20
-4.0664577165354334
11
5.6680352362204722
21
-4.0665012598425196
0
LINE
8
BLACK
6
CONTINUOUS
10
5.6680352362204722
20
-4.0665012598425196
11
5.6674591732283464
21
-4.0664445275590548
0
LINE
8
BLACK
6
CONTINUOUS
10
5.6674591732283464
20
-4.0664445275590548
11
5.6673611811023621
21
-4.0664039370078742
0
LINE
8
BLACK
6
CONTINUOUS
10
5.6673611811023621
20
-4.0664039370078742
11
5.66725531496063
21
-4.0663964173228342
0
LINE
8
BLACK
6
CONTINUOUS
10
5.66725531496063
20
-4.0663964173228342
11
5.6667435433070867
21
-4.0661480708661415
0
LINE
8
BLACK
6
CONTINUOUS
10
5.6667435433070867
20
-4.0661480708661415
11
5.6663947637795271
21
-4.0660036220472442
0
LINE
8
BLACK
6
CONTINUOUS
10
5.6663947637795271
20
-4.0660036220472442
11
5.6663466535433074
21
-4.0659555118110235
0
LINE
8
BLACK
6
CONTINUOUS
10
5.6663466535433074
20
-4.0659555118110235
11
5.6629651968503936
21
-4.0643147637795272
0
LINE
8
BLACK
6
CONTINUOUS
10
5.6629651968503936
20
-4.0643147637795272
11
5.6627171653543309
21
-4.0641586614173226
0
LINE
8
BLACK
6
CONTINUOUS
10
5.6627171653543309
20
-4.0641586614173226
11
5.662645236220472
21
-4.0641288582677166
0
LINE
8
BLACK
6
CONTINUOUS
10
5.662645236220472
20
-4.0641288582677166
11
5.6625991338582677
21
-4.0640843307086616
0
LINE
8
BLACK
6
CONTINUOUS
10
5.6625991338582677
20
-4.0640843307086616
11
5.6624753149606297
21
-4.064006417322835
0
LINE
8
BLACK
6
CONTINUOUS
10
5.6624753149606297
20
-4.064006417322835
11
5.6622535433070862
21
-4.0637507086614173
0
LINE
8
BLACK
6
CONTINUOUS
10
5.6622535433070862
20
-4.0637507086614173
11
5.6603230314960626
21
-4.0618868897637794
0
LINE
8
BLACK
6
CONTINUOUS
10
5.6603230314960626
20
-4.0618868897637794
11
5.6601372440944884
21
-4.0616605118110236
0
LINE
8
BLACK
6
CONTINUOUS
10
5.6601372440944884
20
-4.0616605118110236
11
5.6600782677165355
21
-4.0616093700787399
0
LINE
8
BLACK
6
CONTINUOUS
10
5.6600782677165355
20
-4.0616093700787399
11
5.6600496062992125
21
-4.0615537007874014
0
LINE
8
BLACK
6
CONTINUOUS
10
5.6600496062992125
20
-4.0615537007874014
11
5.659955826771653
21
-4.0614394488188976
0
LINE
8
BLACK
6
CONTINUOUS
10
5.659955826771653
20
-4.0614394488188976
11
5.6598121653543307
21
-4.0610926377952756
0
LINE
8
BLACK
6
CONTINUOUS
10
5.6598121653543307
20
-4.0610926377952756
11
5.6578951574803149
21
-4.0573699606299209
0
LINE
8
BLACK
6
CONTINUOUS
10
5.6578951574803149
20
-4.0573699606299209
11
5.6576882677165354
21
-4.0568293307086609
0
LINE
8
BLACK
6
CONTINUOUS
10
5.6576882677165354
20
-4.0568293307086609
11
5.6576807480314963
21
-4.0567235039370075
0
LINE
8
BLACK
6
CONTINUOUS
10
5.6576807480314963
20
-4.0567235039370075
11
5.6576401574803148
21
-4.0566255118110233
0
LINE
8
BLACK
6
CONTINUOUS
10
5.6576401574803148
20
-4.0566255118110233
11
5.6576372047244092
21
-4.0561109055118107
0
LINE
8
BLACK
6
CONTINUOUS
10
5.6576372047244092
20
-4.0561109055118107
11
5.6576066141732282
21
-4.055680118110236
0
LINE
8
BLACK
6
CONTINUOUS
10
5.6576066141732282
20
-4.055680118110236
11
5.6576342913385824
21
-4.0555970472440945
0
LINE
8
BLACK
6
CONTINUOUS
10
5.6576342913385824
20
-4.0555970472440945
11
5.65758342519685
21
-4.0466756299212596
0
LINE
8
BLACK
6
CONTINUOUS
10
5.65758342519685
20
-4.0466756299212596
11
5.6576121259842518
21
-4.0463840551181098
0
LINE
8
BLACK
6
CONTINUOUS
10
5.6576121259842518
20
-4.0463840551181098
11
5.6576066141732282
21
-4.046306338582677
0
LINE
8
BLACK
6
CONTINUOUS
10
5.6576066141732282
20
-4.046306338582677
11
5.657625551181102
21
-4.0462477952755904
0
LINE
8
BLACK
6
CONTINUOUS
10
5.657625551181102
20
-4.0462477952755904
11
5.6576401574803148
21
-4.0460995669291338
0
LINE
8
BLACK
6
CONTINUOUS
10
5.6576401574803148
20
-4.0460995669291338
11
5.6577928346456687
21
-4.0457309055118111
0
LINE
8
BLACK
6
CONTINUOUS
10
5.6577928346456687
20
-4.0457309055118111
11
5.6596097244094485
21
-4.0401175984251969
0
LINE
8
BLACK
6
CONTINUOUS
10
5.6596097244094485
20
-4.0401175984251969
11
5.6598457086614173
21
-4.0395890551181104
0
LINE
8
BLACK
6
CONTINUOUS
10
5.6598457086614173
20
-4.0395890551181104
11
5.6606005905511809
21
-4.0387187007874017
0
LINE
8
BLACK
6
CONTINUOUS
10
5.6606005905511809
20
-4.0387187007874017
11
5.6616310236220473
21
-4.0382034645669291
0
LINE
8
BLACK
6
CONTINUOUS
10
5.6616310236220473
20
-4.0382034645669291
11
5.6627802362204722
21
-4.0381217716535431
0
LINE
8
BLACK
6
CONTINUOUS
10
5.6627802362204722
20
-4.0381217716535431
11
5.6638732283464561
21
-4.0384861023622047
0
LINE
8
BLACK
6
CONTINUOUS
10
5.6638732283464561
20
-4.0384861023622047
11
5.6647436220472436
21
-4.0392409842519683
0
LINE
8
BLACK
6
CONTINUOUS
10
5.6647436220472436
20
-4.0392409842519683
11
5.6652588188976374
21
-4.0402714566929134
0
LINE
8
BLACK
6
CONTINUOUS
10
5.6652588188976374
20
-4.0402714566929134
11
5.6653405118110234
21
-4.0414206692913384
0
LINE
8
BLACK
6
CONTINUOUS
10
5.6653405118110234
20
-4.0414206692913384
11
5.6634390157480317
21
-4.0472953937007876
0
LINE
8
BLACK
6
CONTINUOUS
10
5.6634390157480317
20
-4.0472953937007876
11
5.6634854330708659
21
-4.0554363779527556
0
LINE
8
BLACK
6
CONTINUOUS
10
5.6634854330708659
20
-4.0554363779527556
11
5.6648792519685038
21
-4.0581431102362204
0
LINE
8
BLACK
6
CONTINUOUS
10
5.6648792519685038
20
-4.0581431102362204
11
5.6661126377952753
21
-4.0593338582677161
0
LINE
8
BLACK
6
CONTINUOUS
10
5.6661126377952753
20
-4.0593338582677161
11
5.6687940944881889
21
-4.0606349606299208
0
LINE
8
BLACK
6
CONTINUOUS
10
5.6687940944881889
20
-4.0606349606299208
11
5.6711626377952751
21
-4.0606038976377956
0
LINE
8
BLACK
6
CONTINUOUS
10
5.6711626377952751
20
-4.0606038976377956
11
5.6738784251968504
21
-4.059205393700787
0
LINE
8
BLACK
6
CONTINUOUS
10
5.6738784251968504
20
-4.059205393700787
11
5.675069173228346
21
-4.0579720078740156
0
LINE
8
BLACK
6
CONTINUOUS
10
5.675069173228346
20
-4.0579720078740156
11
5.6765977165354329
21
-4.0548217716535433
0
LINE
8
BLACK
6
CONTINUOUS
10
5.6765977165354329
20
-4.0548217716535433
11
5.6782939763779527
21
-4.0478342519685038
0
LINE
8
BLACK
6
CONTINUOUS
10
5.6782939763779527
20
-4.0478342519685038
11
5.6783091338582672
21
-4.0477917322834642
0
LINE
8
BLACK
6
CONTINUOUS
10
5.6783091338582672
20
-4.0477917322834642
11
5.6783106692913385
21
-4.0477705118110237
0
LINE
8
BLACK
6
CONTINUOUS
10
5.6783106692913385
20
-4.0477705118110237
11
5.6783337007874017
21
-4.0477229527559055
0
LINE
8
BLACK
6
CONTINUOUS
10
5.6783337007874017
20
-4.0477229527559055
11
5.67848874015748
21
-4.0472891338582677
0
LINE
8
BLACK
6
CONTINUOUS
10
5.67848874015748
20
-4.0472891338582677
11
5.6786495275590552
21
-4.0470721259842515
0
LINE
8
BLACK
6
CONTINUOUS
10
5.6786495275590552
20
-4.0470721259842515
11
5.6803923228346456
21
-4.0434803543307085
0
LINE
8
BLACK
6
CONTINUOUS
10
5.6803923228346456
20
-4.0434803543307085
11
5.6805483858267714
21
-4.0432323228346458
0
LINE
8
BLACK
6
CONTINUOUS
10
5.6805483858267714
20
-4.0432323228346458
11
5.680578228346457
21
-4.0431603937007869
0
LINE
8
BLACK
6
CONTINUOUS
10
5.680578228346457
20
-4.0431603937007869
11
5.6806227165354333
21
-4.0431142913385827
0
LINE
8
BLACK
6
CONTINUOUS
10
5.6806227165354333
20
-4.0431142913385827
11
5.6807006692913387
21
-4.0429904724409447
0
LINE
8
BLACK
6
CONTINUOUS
10
5.6807006692913387
20
-4.0429904724409447
11
5.6809563385826767
21
-4.0427687007874011
0
LINE
8
BLACK
6
CONTINUOUS
10
5.6809563385826767
20
-4.0427687007874011
11
5.6828201968503933
21
-4.0408381889763776
0
LINE
8
BLACK
6
CONTINUOUS
10
5.6828201968503933
20
-4.0408381889763776
11
5.6830465354330704
21
-4.0406524015748033
0
LINE
8
BLACK
6
CONTINUOUS
10
5.6830465354330704
20
-4.0406524015748033
11
5.6830977165354328
21
-4.0405934251968505
0
LINE
8
BLACK
6
CONTINUOUS
10
5.6830977165354328
20
-4.0405934251968505
11
5.6831533464566926
21
-4.0405647637795274
0
LINE
8
BLACK
6
CONTINUOUS
10
5.6831533464566926
20
-4.0405647637795274
11
5.6832676377952751
21
-4.0404709842519688
0
LINE
8
BLACK
6
CONTINUOUS
10
5.6832676377952751
20
-4.0404709842519688
11
5.6836144881889759
21
-4.0403272834645669
0
LINE
8
BLACK
6
CONTINUOUS
10
5.6836144881889759
20
-4.0403272834645669
11
5.6873371259842518
21
-4.0384103149606299
0
LINE
8
BLACK
6
CONTINUOUS
10
5.6873371259842518
20
-4.0384103149606299
11
5.6878777165354331
21
-4.0382034251968504
0
LINE
8
BLACK
6
CONTINUOUS
10
5.6878777165354331
20
-4.0382034251968504
11
5.6879835826771652
21
-4.0381958661417325
0
LINE
8
BLACK
6
CONTINUOUS
10
5.6879835826771652
20
-4.0381958661417325
11
5.6880815748031495
21
-4.0381553149606297
0
LINE
8
BLACK
6
CONTINUOUS
10
5.6880815748031495
20
-4.0381553149606297
11
5.6886619291338585
21
-4.0381476771653544
0
LINE
8
BLACK
6
CONTINUOUS
10
5.6886619291338585
20
-4.0381476771653544
11
5.689026929133858
21
-4.0381217716535431
0
LINE
8
BLACK
6
CONTINUOUS
10
5.689026929133858
20
-4.0381217716535431
11
5.6890879527559051
21
-4.0381420866141733
0
LINE
8
BLACK
6
CONTINUOUS
10
5.6890879527559051
20
-4.0381420866141733
11
5.6924071653543304
21
-4.0380985826771649
0
LINE
8
BLACK
6
CONTINUOUS
10
5.6924071653543304
20
-4.0380985826771649
11
5.6929832283464563
21
-4.0381553149606297
0
LINE
8
BLACK
6
CONTINUOUS
10
4.9241863779527559
20
-4.007419645669291
11
4.9250010236220474
21
-4.0082342913385824
0
LINE
8
BLACK
6
CONTINUOUS
10
4.9250010236220474
20
-4.0082342913385824
11
4.925441929133858
21
-4.0092987007874017
0
LINE
8
BLACK
6
CONTINUOUS
10
4.925441929133858
20
-4.0092987007874017
11
4.9254986614173228
21
-4.0379962204724409
0
LINE
8
BLACK
6
CONTINUOUS
10
4.9254986614173228
20
-4.0379962204724409
11
4.9254699212598423
21
-4.0382877952755907
0
LINE
8
BLACK
6
CONTINUOUS
10
4.9254699212598423
20
-4.0382877952755907
11
4.9254754724409446
21
-4.0383655511811023
0
LINE
8
BLACK
6
CONTINUOUS
10
4.9254754724409446
20
-4.0383655511811023
11
4.9254564960629921
21
-4.0384240944881888
0
LINE
8
BLACK
6
CONTINUOUS
10
4.9254564960629921
20
-4.0384240944881888
11
4.925441929133858
21
-4.0385722834645668
0
LINE
8
BLACK
6
CONTINUOUS
10
4.925441929133858
20
-4.0385722834645668
11
4.9252892519685041
21
-4.0389407874015744
0
LINE
8
BLACK
6
CONTINUOUS
10
4.9252892519685041
20
-4.0389407874015744
11
4.9234723622047243
21
-4.0445542519685036
0
LINE
8
BLACK
6
CONTINUOUS
10
4.9234723622047243
20
-4.0445542519685036
11
4.9232363779527555
21
-4.0450828346456689
0
LINE
8
BLACK
6
CONTINUOUS
10
4.9232363779527555
20
-4.0450828346456689
11
4.9231668503937005
21
-4.0451629527559056
0
LINE
8
BLACK
6
CONTINUOUS
10
4.9231668503937005
20
-4.0451629527559056
11
4.9231262992125986
21
-4.0452609448818899
0
LINE
8
BLACK
6
CONTINUOUS
10
4.9231262992125986
20
-4.0452609448818899
11
4.9227427165354332
21
-4.0456519685039369
0
LINE
8
BLACK
6
CONTINUOUS
10
4.9227427165354332
20
-4.0456519685039369
11
4.9224814960629919
21
-4.0459531889763776
0
LINE
8
BLACK
6
CONTINUOUS
10
4.9224814960629919
20
-4.0459531889763776
11
4.9224143700787399
21
-4.0459867322834642
0
LINE
8
BLACK
6
CONTINUOUS
10
4.9224143700787399
20
-4.0459867322834642
11
4.9190095275590551
21
-4.0494579921259843
0
LINE
8
BLACK
6
CONTINUOUS
10
4.9190095275590551
20
-4.0494579921259843
11
4.9185620866141733
21
-4.049825196850394
0
LINE
8
BLACK
6
CONTINUOUS
10
4.9185620866141733
20
-4.049825196850394
11
4.9184640157480315
21
-4.0498657874015747
0
LINE
8
BLACK
6
CONTINUOUS
10
4.9184640157480315
20
-4.0498657874015747
11
4.9183838976377956
21
-4.0499353149606296
0
LINE
8
BLACK
6
CONTINUOUS
10
4.9183838976377956
20
-4.0499353149606296
11
4.9178737401574804
21
-4.0501103149606301
0
LINE
8
BLACK
6
CONTINUOUS
10
4.9178737401574804
20
-4.0501103149606301
11
4.917497677165354
21
-4.0502661023622046
0
LINE
8
BLACK
6
CONTINUOUS
10
4.917497677165354
20
-4.0502661023622046
11
4.9174196456692911
21
-4.0502661023622046
0
LINE
8
BLACK
6
CONTINUOUS
10
4.9174196456692911
20
-4.0502661023622046
11
4.9122310629921255
21
-4.052046062992126
0
LINE
8
BLACK
6
CONTINUOUS
10
4.9122310629921255
20
-4.052046062992126
11
4.9119454724409444
21
-4.0521109842519687
0
LINE
8
BLACK
6
CONTINUOUS
10
4.9119454724409444
20
-4.0521109842519687
11
4.9118733858267714
21
-4.0521408661417322
0
LINE
8
BLACK
6
CONTINUOUS
10
4.9118733858267714
20
-4.0521408661417322
11
4.911810472440945
21
-4.0521416535433072
0
LINE
8
BLACK
6
CONTINUOUS
10
4.911810472440945
20
-4.0521416535433072
11
4.9116666141732281
21
-4.0521744094488188
0
LINE
8
BLACK
6
CONTINUOUS
10
4.9116666141732281
20
-4.0521744094488188
11
4.9113004330708661
21
-4.0521483464566925
0
LINE
8
BLACK
6
CONTINUOUS
10
4.9113004330708661
20
-4.0521483464566925
11
4.9075477952755904
21
-4.052197598425197
0
LINE
8
BLACK
6
CONTINUOUS
10
4.9075477952755904
20
-4.052197598425197
11
4.9069717322834645
21
-4.0521408661417322
0
LINE
8
BLACK
6
CONTINUOUS
10
4.9069717322834645
20
-4.0521408661417322
11
4.9059073228346453
21
-4.0516999606299215
0
LINE
8
BLACK
6
CONTINUOUS
10
4.9059073228346453
20
-4.0516999606299215
11
4.9050926771653538
21
-4.0508853149606301
0
LINE
8
BLACK
6
CONTINUOUS
10
4.9050926771653538
20
-4.0508853149606301
11
4.9046517716535432
21
-4.0498209055118108
0
LINE
8
BLACK
6
CONTINUOUS
10
4.9046517716535432
20
-4.0498209055118108
11
4.9046517716535432
21
-4.0486687795275591
0
LINE
8
BLACK
6
CONTINUOUS
10
4.9046517716535432
20
-4.0486687795275591
11
4.9050926771653538
21
-4.0476043700787399
0
LINE
8
BLACK
6
CONTINUOUS
10
4.9050926771653538
20
-4.0476043700787399
11
4.9059073228346453
21
-4.0467897244094484
0
LINE
8
BLACK
6
CONTINUOUS
10
4.9059073228346453
20
-4.0467897244094484
11
4.9069717322834645
21
-4.0463488188976378
0
LINE
8
BLACK
6
CONTINUOUS
10
4.9069717322834645
20
-4.0463488188976378
11
4.910951377952756
21
-4.0462966141732286
0
LINE
8
BLACK
6
CONTINUOUS
10
4.910951377952756
20
-4.0462966141732286
11
4.9154109055118109
21
-4.0447667716535429
0
LINE
8
BLACK
6
CONTINUOUS
10
4.9154109055118109
20
-4.0447667716535429
11
4.9181572834645664
21
-4.041966811023622
0
LINE
8
BLACK
6
CONTINUOUS
10
4.9181572834645664
20
-4.041966811023622
11
4.9196474803149606
21
-4.0373627559055114
0
LINE
8
BLACK
6
CONTINUOUS
10
4.9196474803149606
20
-4.0373627559055114
11
4.9195931496062988
21
-4.0098747637795276
0
LINE
8
BLACK
6
CONTINUOUS
10
4.9195931496062988
20
-4.0098747637795276
11
4.9196498818897636
21
-4.0092987007874017
0
LINE
8
BLACK
6
CONTINUOUS
10
4.9196498818897636
20
-4.0092987007874017
11
4.9200907874015751
21
-4.0082342913385824
0
LINE
8
BLACK
6
CONTINUOUS
10
4.9200907874015751
20
-4.0082342913385824
11
4.9209054330708657
21
-4.007419645669291
0
LINE
8
BLACK
6
CONTINUOUS
10
4.9209054330708657
20
-4.007419645669291
11
4.9219698425196849
21
-4.0069787401574803
0
LINE
8
BLACK
6
CONTINUOUS
10
4.9219698425196849
20
-4.0069787401574803
11
4.9231219685039367
21
-4.0069787401574803
0
LINE
8
BLACK
6
CONTINUOUS
10
4.9231219685039367
20
-4.0069787401574803
11
4.9241863779527559
21
-4.007419645669291
0
LINE
8
BLACK
6
CONTINUOUS
10
4.9943630708661413
20
-4.0069787401574803
11
4.9944610629921256
21
-4.007019330708661
0
LINE
8
BLACK
6
CONTINUOUS
10
4.9944610629921256
20
-4.007019330708661
11
4.9945668897637798
21
-4.007026850393701
0
LINE
8
BLACK
6
CONTINUOUS
10
4.9945668897637798
20
-4.007026850393701
11
4.9950784251968505
21
-4.0072750393700787
0
LINE
8
BLACK
6
CONTINUOUS
10
4.9950784251968505
20
-4.0072750393700787
11
4.9954274803149605
21
-4.007419645669291
0
LINE
8
BLACK
6
CONTINUOUS
10
4.9954274803149605
20
-4.007419645669291
11
4.9954755905511812
21
-4.0074677559055116
0
LINE
8
BLACK
6
CONTINUOUS
10
4.9954755905511812
20
-4.0074677559055116
11
4.9988570472440941
21
-4.009108503937008
0
LINE
8
BLACK
6
CONTINUOUS
10
4.9988570472440941
20
-4.009108503937008
11
4.9991050393700789
21
-4.0092645669291338
0
LINE
8
BLACK
6
CONTINUOUS
10
4.9991050393700789
20
-4.0092645669291338
11
4.9991770078740156
21
-4.0092944094488185
0
LINE
8
BLACK
6
CONTINUOUS
10
4.9991770078740156
20
-4.0092944094488185
11
4.999223070866142
21
-4.0093388976377948
0
LINE
8
BLACK
6
CONTINUOUS
10
4.999223070866142
20
-4.0093388976377948
11
4.9993469291338579
21
-4.0094168503937011
0
LINE
8
BLACK
6
CONTINUOUS
10
4.9993469291338579
20
-4.0094168503937011
11
4.9995686614173227
21
-4.0096725196850391
0
LINE
8
BLACK
6
CONTINUOUS
10
4.9995686614173227
20
-4.0096725196850391
11
5.001499212598425
21
-4.0115363779527557
0
LINE
8
BLACK
6
CONTINUOUS
10
5.001499212598425
20
-4.0115363779527557
11
5.0016849606299214
21
-4.0117627165354328
0
LINE
8
BLACK
6
CONTINUOUS
10
5.0016849606299214
20
-4.0117627165354328
11
5.001743976377953
21
-4.0118138976377953
0
LINE
8
BLACK
6
CONTINUOUS
10
5.001743976377953
20
-4.0118138976377953
11
5.0017725984251964
21
-4.011869527559055
0
LINE
8
BLACK
6
CONTINUOUS
10
5.0017725984251964
20
-4.011869527559055
11
5.0018664173228347
21
-4.0119838188976376
0
LINE
8
BLACK
6
CONTINUOUS
10
5.0018664173228347
20
-4.0119838188976376
11
5.0020100787401578
21
-4.0123306692913383
0
LINE
8
BLACK
6
CONTINUOUS
10
5.0020100787401578
20
-4.0123306692913383
11
5.0039270866141727
21
-4.0160533070866142
0
LINE
8
BLACK
6
CONTINUOUS
10
5.0039270866141727
20
-4.0160533070866142
11
5.0041339763779522
21
-4.0165938976377955
0
LINE
8
BLACK
6
CONTINUOUS
10
5.0041339763779522
20
-4.0165938976377955
11
5.0041414960629922
21
-4.0166997637795276
0
LINE
8
BLACK
6
CONTINUOUS
10
5.0041414960629922
20
-4.0166997637795276
11
5.0041820866141729
21
-4.0167977559055119
0
LINE
8
BLACK
6
CONTINUOUS
10
5.0041820866141729
20
-4.0167977559055119
11
5.0041896850393703
21
-4.01737811023622
0
LINE
8
BLACK
6
CONTINUOUS
10
5.0041896850393703
20
-4.01737811023622
11
5.0042156299212595
21
-4.0177431102362204
0
LINE
8
BLACK
6
CONTINUOUS
10
5.0042156299212595
20
-4.0177431102362204
11
5.0041952755905514
21
-4.0178041338582675
0
LINE
8
BLACK
6
CONTINUOUS
10
5.0041952755905514
20
-4.0178041338582675
11
5.0042388188976377
21
-4.0211233464566929
0
LINE
8
BLACK
6
CONTINUOUS
10
5.0042388188976377
20
-4.0211233464566929
11
5.0042100787401571
21
-4.0214149212598427
0
LINE
8
BLACK
6
CONTINUOUS
10
5.0042100787401571
20
-4.0214149212598427
11
5.0042156299212595
21
-4.0214926771653543
0
LINE
8
BLACK
6
CONTINUOUS
10
5.0042156299212595
20
-4.0214926771653543
11
5.0041966535433069
21
-4.0215512204724408
0
LINE
8
BLACK
6
CONTINUOUS
10
5.0041966535433069
20
-4.0215512204724408
11
5.0041820866141729
21
-4.0216994094488188
0
LINE
8
BLACK
6
CONTINUOUS
10
5.0041820866141729
20
-4.0216994094488188
11
5.0040294094488189
21
-4.0220679133858264
0
LINE
8
BLACK
6
CONTINUOUS
10
5.0040294094488189
20
-4.0220679133858264
11
5.0022125196850391
21
-4.0276813779527556
0
LINE
8
BLACK
6
CONTINUOUS
10
5.0022125196850391
20
-4.0276813779527556
11
5.0019765354330712
21
-4.0282099606299209
0
LINE
8
BLACK
6
CONTINUOUS
10
5.0019765354330712
20
-4.0282099606299209
11
5.0019070472440941
21
-4.0282900393700789
0
LINE
8
BLACK
6
CONTINUOUS
10
5.0019070472440941
20
-4.0282900393700789
11
5.0018664566929134
21
-4.0283881102362207
0
LINE
8
BLACK
6
CONTINUOUS
10
5.0018664566929134
20
-4.0283881102362207
11
5.0015236614173224
21
-4.0287320866141734
0
LINE
8
BLACK
6
CONTINUOUS
10
5.0015236614173224
20
-4.0287320866141734
11
5.0012216535433067
21
-4.0290803149606296
0
LINE
8
BLACK
6
CONTINUOUS
10
5.0012216535433067
20
-4.0290803149606296
11
5.0011320078740154
21
-4.0291251181102359
0
LINE
8
BLACK
6
CONTINUOUS
10
5.0011320078740154
20
-4.0291251181102359
11
4.9839858661417322
21
-4.0463314173228344
0
LINE
8
BLACK
6
CONTINUOUS
10
4.9839858661417322
20
-4.0463314173228344
11
5.0012860629921256
21
-4.0462920866141729
0
LINE
8
BLACK
6
CONTINUOUS
10
5.0012860629921256
20
-4.0462920866141729
11
5.0018621259842515
21
-4.0463488188976378
0
LINE
8
BLACK
6
CONTINUOUS
10
5.0018621259842515
20
-4.0463488188976378
11
5.0029265354330708
21
-4.0467897244094484
0
LINE
8
BLACK
6
CONTINUOUS
10
5.0029265354330708
20
-4.0467897244094484
11
5.0037411811023622
21
-4.0476043700787399
0
LINE
8
BLACK
6
CONTINUOUS
10
5.0037411811023622
20
-4.0476043700787399
11
5.0041820866141729
21
-4.0486687795275591
0
LINE
8
BLACK
6
CONTINUOUS
10
5.0041820866141729
20
-4.0486687795275591
11
5.0041820866141729
21
-4.0498209055118108
0
LINE
8
BLACK
6
CONTINUOUS
10
5.0041820866141729
20
-4.0498209055118108
11
5.0037411811023622
21
-4.0508853149606301
0
LINE
8
BLACK
6
CONTINUOUS
10
5.0037411811023622
20
-4.0508853149606301
11
5.0029265354330708
21
-4.0516999606299215
0
LINE
8
BLACK
6
CONTINUOUS
10
5.0029265354330708
20
-4.0516999606299215
11
5.0018621259842515
21
-4.0521408661417322
0
LINE
8
BLACK
6
CONTINUOUS
10
5.0018621259842515
20
-4.0521408661417322
11
4.9769141338582674
21
-4.052197598425197
0
LINE
8
BLACK
6
CONTINUOUS
10
4.9769141338582674
20
-4.052197598425197
11
4.9763380708661415
21
-4.0521408661417322
0
LINE
8
BLACK
6
CONTINUOUS
10
4.9763380708661415
20
-4.0521408661417322
11
4.9752736614173223
21
-4.0516999606299215
0
LINE
8
BLACK
6
CONTINUOUS
10
4.9752736614173223
20
-4.0516999606299215
11
4.9744590157480317
21
-4.0508853149606301
0
LINE
8
BLACK
6
CONTINUOUS
10
4.9744590157480317
20
-4.0508853149606301
11
4.9740181102362202
21
-4.0498209055118108
0
LINE
8
BLACK
6
CONTINUOUS
10
4.9740181102362202
20
-4.0498209055118108
11
4.9740181102362202
21
-4.0486687795275591
0
LINE
8
BLACK
6
CONTINUOUS
10
4.9740181102362202
20
-4.0486687795275591
11
4.9744590157480317
21
-4.0476043700787399
0
LINE
8
BLACK
6
CONTINUOUS
10
4.9744590157480317
20
-4.0476043700787399
11
4.9969007086614168
21
-4.0250838582677169
0
LINE
8
BLACK
6
CONTINUOUS
10
4.9969007086614168
20
-4.0250838582677169
11
4.9983746850393702
21
-4.0205298818897637
0
LINE
8
BLACK
6
CONTINUOUS
10
4.9983746850393702
20
-4.0205298818897637
11
4.9983414566929136
21
-4.0179959055118113
0
LINE
8
BLACK
6
CONTINUOUS
10
4.9983414566929136
20
-4.0179959055118113
11
4.9969429527559051
21
-4.015280118110236
0
LINE
8
BLACK
6
CONTINUOUS
10
4.9969429527559051
20
-4.015280118110236
11
4.9957096062992123
21
-4.0140894094488191
0
LINE
8
BLACK
6
CONTINUOUS
10
4.9957096062992123
20
-4.0140894094488191
11
4.9930079527559057
21
-4.0127785039370076
0
LINE
8
BLACK
6
CONTINUOUS
10
4.9930079527559057
20
-4.0127785039370076
11
4.9850262204724407
21
-4.0128240157480315
0
LINE
8
BLACK
6
CONTINUOUS
10
4.9850262204724407
20
-4.0128240157480315
11
4.9823194881889759
21
-4.0142178346456694
0
LINE
8
BLACK
6
CONTINUOUS
10
4.9823194881889759
20
-4.0142178346456694
11
4.9808768110236219
21
-4.0157122047244096
0
LINE
8
BLACK
6
CONTINUOUS
10
4.9808768110236219
20
-4.0157122047244096
11
4.9804293700787401
21
-4.0160794094488192
0
LINE
8
BLACK
6
CONTINUOUS
10
4.9804293700787401
20
-4.0160794094488192
11
4.9793649212598421
21
-4.0165203149606299
0
LINE
8
BLACK
6
CONTINUOUS
10
4.9793649212598421
20
-4.0165203149606299
11
4.9782128740157479
21
-4.0165203149606299
0
LINE
8
BLACK
6
CONTINUOUS
10
4.9782128740157479
20
-4.0165203149606299
11
4.9771484251968499
21
-4.0160794094488192
0
LINE
8
BLACK
6
CONTINUOUS
10
4.9771484251968499
20
-4.0160794094488192
11
4.9763337795275593
21
-4.0152647637795278
0
LINE
8
BLACK
6
CONTINUOUS
10
4.9763337795275593
20
-4.0152647637795278
11
4.9758928740157478
21
-4.0142003149606298
0
LINE
8
BLACK
6
CONTINUOUS
10
4.9758928740157478
20
-4.0142003149606298
11
4.9758928740157478
21
-4.0130482677165356
0
LINE
8
BLACK
6
CONTINUOUS
10
4.9758928740157478
20
-4.0130482677165356
11
4.9763337795275593
21
-4.0119838188976376
0
LINE
8
BLACK
6
CONTINUOUS
10
4.9763337795275593
20
-4.0119838188976376
11
4.9785757480314956
21
-4.0096616141732282
0
LINE
8
BLACK
6
CONTINUOUS
10
4.9785757480314956
20
-4.0096616141732282
11
4.9788020866141727
21
-4.009475826771653
0
LINE
8
BLACK
6
CONTINUOUS
10
4.9788020866141727
20
-4.009475826771653
11
4.9788532677165351
21
-4.0094168503937011
0
LINE
8
BLACK
6
CONTINUOUS
10
4.9788532677165351
20
-4.0094168503937011
11
4.9789088976377949
21
-4.0093881889763781
0
LINE
8
BLACK
6
CONTINUOUS
10
4.9789088976377949
20
-4.0093881889763781
11
4.9790231889763774
21
-4.0092944094488185
0
LINE
8
BLACK
6
CONTINUOUS
10
4.9790231889763774
20
-4.0092944094488185
11
4.979370039370079
21
-4.0091507086614175
0
LINE
8
BLACK
6
CONTINUOUS
10
4.979370039370079
20
-4.0091507086614175
11
4.9830926771653541
21
-4.0072337401574805
0
LINE
8
BLACK
6
CONTINUOUS
10
4.9830926771653541
20
-4.0072337401574805
11
4.9836332677165354
21
-4.007026850393701
0
LINE
8
BLACK
6
CONTINUOUS
10
4.9836332677165354
20
-4.007026850393701
11
4.9837391338582675
21
-4.0070192913385823
0
LINE
8
BLACK
6
CONTINUOUS
10
4.9837391338582675
20
-4.0070192913385823
11
4.9838371259842518
21
-4.0069787401574803
0
LINE
8
BLACK
6
CONTINUOUS
10
4.9838371259842518
20
-4.0069787401574803
11
4.9843516535433068
21
-4.0069757874015748
0
LINE
8
BLACK
6
CONTINUOUS
10
4.9843516535433068
20
-4.0069757874015748
11
4.9847824803149603
21
-4.0069451968503937
0
LINE
8
BLACK
6
CONTINUOUS
10
4.9847824803149603
20
-4.0069451968503937
11
4.9848655118110239
21
-4.006972874015748
0
LINE
8
BLACK
6
CONTINUOUS
10
4.9848655118110239
20
-4.006972874015748
11
4.9937870078740154
21
-4.0069220078740155
0
LINE
8
BLACK
6
CONTINUOUS
10
4.9937870078740154
20
-4.0069220078740155
11
4.9943630708661413
21
-4.0069787401574803
0
LINE
8
BLACK
6
CONTINUOUS
10
4.9568677559055114
20
-4.0069787401574803
11
4.9569657480314957
21
-4.007019330708661
0
LINE
8
BLACK
6
CONTINUOUS
10
4.9569657480314957
20
-4.007019330708661
11
4.9570715748031491
21
-4.007026850393701
0
LINE
8
BLACK
6
CONTINUOUS
10
4.9570715748031491
20
-4.007026850393701
11
4.9575831102362207
21
-4.0072750393700787
0
LINE
8
BLACK
6
CONTINUOUS
10
4.9575831102362207
20
-4.0072750393700787
11
4.9579321653543307
21
-4.007419645669291
0
LINE
8
BLACK
6
CONTINUOUS
10
4.9579321653543307
20
-4.007419645669291
11
4.9579802755905513
21
-4.0074677559055116
0
LINE
8
BLACK
6
CONTINUOUS
10
4.9579802755905513
20
-4.0074677559055116
11
4.9613617322834642
21
-4.009108503937008
0
LINE
8
BLACK
6
CONTINUOUS
10
4.9613617322834642
20
-4.009108503937008
11
4.961609724409449
21
-4.0092645669291338
0
LINE
8
BLACK
6
CONTINUOUS
10
4.961609724409449
20
-4.0092645669291338
11
4.9616816929133858
21
-4.0092944094488185
0
LINE
8
BLACK
6
CONTINUOUS
10
4.9616816929133858
20
-4.0092944094488185
11
4.9617277559055113
21
-4.0093388976377948
0
LINE
8
BLACK
6
CONTINUOUS
10
4.9617277559055113
20
-4.0093388976377948
11
4.9618516141732281
21
-4.0094168503937011
0
LINE
8
BLACK
6
CONTINUOUS
10
4.9618516141732281
20
-4.0094168503937011
11
4.9620733464566928
21
-4.0096725196850391
0
LINE
8
BLACK
6
CONTINUOUS
10
4.9620733464566928
20
-4.0096725196850391
11
4.9640038976377951
21
-4.0115363779527557
0
LINE
8
BLACK
6
CONTINUOUS
10
4.9640038976377951
20
-4.0115363779527557
11
4.9641896456692916
21
-4.0117627165354328
0
LINE
8
BLACK
6
CONTINUOUS
10
4.9641896456692916
20
-4.0117627165354328
11
4.9642486614173231
21
-4.0118138976377953
0
LINE
8
BLACK
6
CONTINUOUS
10
4.9642486614173231
20
-4.0118138976377953
11
4.9642772834645665
21
-4.011869527559055
0
LINE
8
BLACK
6
CONTINUOUS
10
4.9642772834645665
20
-4.011869527559055
11
4.9643711023622048
21
-4.0119838188976376
0
LINE
8
BLACK
6
CONTINUOUS
10
4.9643711023622048
20
-4.0119838188976376
11
4.9645147637795271
21
-4.0123306692913383
0
LINE
8
BLACK
6
CONTINUOUS
10
4.9645147637795271
20
-4.0123306692913383
11
4.9664317716535429
21
-4.0160533070866142
0
LINE
8
BLACK
6
CONTINUOUS
10
4.9664317716535429
20
-4.0160533070866142
11
4.9666386614173224
21
-4.0165938976377955
0
LINE
8
BLACK
6
CONTINUOUS
10
4.9666386614173224
20
-4.0165938976377955
11
4.9666461811023623
21
-4.0166997637795276
0
LINE
8
BLACK
6
CONTINUOUS
10
4.9666461811023623
20
-4.0166997637795276
11
4.966686771653543
21
-4.0167977559055119
0
LINE
8
BLACK
6
CONTINUOUS
10
4.966686771653543
20
-4.0167977559055119
11
4.9666917322834641
21
-4.01734094488189
0
LINE
8
BLACK
6
CONTINUOUS
10
4.9666917322834641
20
-4.01734094488189
11
4.9667203149606296
21
-4.0177431102362204
0
LINE
8
BLACK
6
CONTINUOUS
10
4.9667203149606296
20
-4.0177431102362204
11
4.966696062992126
21
-4.0178157874015747
0
LINE
8
BLACK
6
CONTINUOUS
10
4.966696062992126
20
-4.0178157874015747
11
4.9667435039370078
21
-4.0229981102362204
0
LINE
8
BLACK
6
CONTINUOUS
10
4.9667435039370078
20
-4.0229981102362204
11
4.966686771653543
21
-4.0235741732283463
0
LINE
8
BLACK
6
CONTINUOUS
10
4.966686771653543
20
-4.0235741732283463
11
4.9666461811023623
21
-4.0236721259842518
0
LINE
8
BLACK
6
CONTINUOUS
10
4.9666461811023623
20
-4.0236721259842518
11
4.9666386614173224
21
-4.0237780314960627
0
LINE
8
BLACK
6
CONTINUOUS
10
4.9666386614173224
20
-4.0237780314960627
11
4.9663903149606297
21
-4.0242897637795272
0
LINE
8
BLACK
6
CONTINUOUS
10
4.9663903149606297
20
-4.0242897637795272
11
4.9662458661417324
21
-4.0246385826771656
0
LINE
8
BLACK
6
CONTINUOUS
10
4.9662458661417324
20
-4.0246385826771656
11
4.9661977559055117
21
-4.0246866535433066
0
LINE
8
BLACK
6
CONTINUOUS
10
4.9661977559055117
20
-4.0246866535433066
11
4.9645570078740153
21
-4.0280681496062991
0
LINE
8
BLACK
6
CONTINUOUS
10
4.9645570078740153
20
-4.0280681496062991
11
4.9644009055118108
21
-4.028316141732283
0
LINE
8
BLACK
6
CONTINUOUS
10
4.9644009055118108
20
-4.028316141732283
11
4.9643711023622048
21
-4.0283881102362207
0
LINE
8
BLACK
6
CONTINUOUS
10
4.9643711023622048
20
-4.0283881102362207
11
4.9643265748031498
21
-4.0284341732283462
0
LINE
8
BLACK
6
CONTINUOUS
10
4.9643265748031498
20
-4.0284341732283462
11
4.9642486614173231
21
-4.028558031496063
0
LINE
8
BLACK
6
CONTINUOUS
10
4.9642486614173231
20
-4.028558031496063
11
4.9639929527559055
21
-4.0287797637795277
0
LINE
8
BLACK
6
CONTINUOUS
10
4.9639929527559055
20
-4.0287797637795277
11
4.9621291338582676
21
-4.03071031496063
0
LINE
8
BLACK
6
CONTINUOUS
10
4.9621291338582676
20
-4.03071031496063
11
4.9619027559055118
21
-4.0308960629921256
0
LINE
8
BLACK
6
CONTINUOUS
10
4.9619027559055118
20
-4.0308960629921256
11
4.9618516141732281
21
-4.0309550787401571
0
LINE
8
BLACK
6
CONTINUOUS
10
4.9618516141732281
20
-4.0309550787401571
11
4.9617959448818896
21
-4.0309837007874014
0
LINE
8
BLACK
6
CONTINUOUS
10
4.9617959448818896
20
-4.0309837007874014
11
4.9616816929133858
21
-4.0310775196850397
0
LINE
8
BLACK
6
CONTINUOUS
10
4.9616816929133858
20
-4.0310775196850397
11
4.9613348818897638
21
-4.0312211417322832
0
LINE
8
BLACK
6
CONTINUOUS
10
4.9613348818897638
20
-4.0312211417322832
11
4.9576122047244091
21
-4.0331381889763778
0
LINE
8
BLACK
6
CONTINUOUS
10
4.9576122047244091
20
-4.0331381889763778
11
4.9570715748031491
21
-4.0333450787401572
0
LINE
8
BLACK
6
CONTINUOUS
10
4.9570715748031491
20
-4.0333450787401572
11
4.9569657480314957
21
-4.0333525590551176
0
LINE
8
BLACK
6
CONTINUOUS
10
4.9569657480314957
20
-4.0333525590551176
11
4.9568677559055114
21
-4.0333931889763779
0
LINE
8
BLACK
6
CONTINUOUS
10
4.9568677559055114
20
-4.0333931889763779
11
4.9563688582677168
21
-4.0333949999999996
0
LINE
8
BLACK
6
CONTINUOUS
10
4.9563688582677168
20
-4.0333949999999996
11
4.9559223622047242
21
-4.0334267322834645
0
LINE
8
BLACK
6
CONTINUOUS
10
4.9559223622047242
20
-4.0334267322834645
11
4.9558330314960628
21
-4.0333969291338585
0
LINE
8
BLACK
6
CONTINUOUS
10
4.9558330314960628
20
-4.0333969291338585
11
4.9442238582677165
21
-4.0334392125984255
0
LINE
8
BLACK
6
CONTINUOUS
10
4.9442238582677165
20
-4.0334392125984255
11
4.9442463385826771
21
-4.049244842519685
0
LINE
8
BLACK
6
CONTINUOUS
10
4.9442463385826771
20
-4.049244842519685
11
4.9441896062992123
21
-4.0498209055118108
0
LINE
8
BLACK
6
CONTINUOUS
10
4.9441896062992123
20
-4.0498209055118108
11
4.9437487007874017
21
-4.0508853149606301
0
LINE
8
BLACK
6
CONTINUOUS
10
4.9437487007874017
20
-4.0508853149606301
11
4.9429340551181102
21
-4.0516999606299215
0
LINE
8
BLACK
6
CONTINUOUS
10
4.9429340551181102
20
-4.0516999606299215
11
4.941869645669291
21
-4.0521408661417322
0
LINE
8
BLACK
6
CONTINUOUS
10
4.941869645669291
20
-4.0521408661417322
11
4.9407175196850392
21
-4.0521408661417322
0
LINE
8
BLACK
6
CONTINUOUS
10
4.9407175196850392
20
-4.0521408661417322
11
4.93965311023622
21
-4.0516999606299215
0
LINE
8
BLACK
6
CONTINUOUS
10
4.93965311023622
20
-4.0516999606299215
11
4.9388384645669294
21
-4.0508853149606301
0
LINE
8
BLACK
6
CONTINUOUS
10
4.9388384645669294
20
-4.0508853149606301
11
4.9383975590551179
21
-4.0498209055118108
0
LINE
8
BLACK
6
CONTINUOUS
10
4.9383975590551179
20
-4.0498209055118108
11
4.9383408267716531
21
-4.0098747637795276
0
LINE
8
BLACK
6
CONTINUOUS
10
4.9383408267716531
20
-4.0098747637795276
11
4.9383975590551179
21
-4.0092987007874017
0
LINE
8
BLACK
6
CONTINUOUS
10
4.9383975590551179
20
-4.0092987007874017
11
4.9388384645669294
21
-4.0082342913385824
0
LINE
8
BLACK
6
CONTINUOUS
10
4.9388384645669294
20
-4.0082342913385824
11
4.93965311023622
21
-4.007419645669291
0
LINE
8
BLACK
6
CONTINUOUS
10
4.93965311023622
20
-4.007419645669291
11
4.9407175196850392
21
-4.0069787401574803
0
LINE
8
BLACK
6
CONTINUOUS
10
4.9407175196850392
20
-4.0069787401574803
11
4.9562916929133856
21
-4.0069220078740155
0
LINE
8
BLACK
6
CONTINUOUS
10
4.9562916929133856
20
-4.0069220078740155
11
4.9568677559055114
21
-4.0069787401574803
0
LINE
8
BLACK
6
CONTINUOUS
10
4.9441945669291334
20
-4.0128169291338578
11
4.9442155511811023
21
-4.0275883858267711
0
LINE
8
BLACK
6
CONTINUOUS
10
4.9442155511811023
20
-4.0275883858267711
11
4.9556811023622043
21
-4.0275466141732279
0
LINE
8
BLACK
6
CONTINUOUS
10
4.9556811023622043
20
-4.0275466141732279
11
4.9583853543307086
21
-4.0261540551181101
0
LINE
8
BLACK
6
CONTINUOUS
10
4.9583853543307086
20
-4.0261540551181101
11
4.9595761023622043
21
-4.0249206692913386
0
LINE
8
BLACK
6
CONTINUOUS
10
4.9595761023622043
20
-4.0249206692913386
11
4.9608824015748034
21
-4.0222285039370078
0
LINE
8
BLACK
6
CONTINUOUS
10
4.9608824015748034
20
-4.0222285039370078
11
4.9608436220472436
21
-4.0179910236220469
0
LINE
8
BLACK
6
CONTINUOUS
10
4.9608436220472436
20
-4.0179910236220469
11
4.9594476377952752
21
-4.015280118110236
0
LINE
8
BLACK
6
CONTINUOUS
10
4.9594476377952752
20
-4.015280118110236
11
4.9582142913385825
21
-4.0140894094488191
0
LINE
8
BLACK
6
CONTINUOUS
10
4.9582142913385825
20
-4.0140894094488191
11
4.9555069291338585
21
-4.0127757086614171
0
LINE
8
BLACK
6
CONTINUOUS
10
4.9555069291338585
20
-4.0127757086614171
11
4.9441945669291334
21
-4.0128169291338578
0
LINE
8
BLACK
6
CONTINUOUS
10
5.6742355905511808
20
-3.9987852362204723
11
5.674333582677165
21
-3.9988258267716534
0
LINE
8
BLACK
6
CONTINUOUS
10
5.674333582677165
20
-3.9988258267716534
11
5.6744394094488184
21
-3.998833346456693
0
LINE
8
BLACK
6
CONTINUOUS
10
5.6744394094488184
20
-3.998833346456693
11
5.67495094488189
21
-3.9990815354330707
0
LINE
8
BLACK
6
CONTINUOUS
10
5.67495094488189
20
-3.9990815354330707
11
5.6753
21
-3.9992261417322834
0
LINE
8
BLACK
6
CONTINUOUS
10
5.6753
20
-3.9992261417322834
11
5.6753481102362207
21
-3.9992742519685041
0
LINE
8
BLACK
6
CONTINUOUS
10
5.6753481102362207
20
-3.9992742519685041
11
5.6787295669291336
21
-4.000915
0
LINE
8
BLACK
6
CONTINUOUS
10
5.6787295669291336
20
-4.000915
11
5.6789775590551184
21
-4.0010710629921258
0
LINE
8
BLACK
6
CONTINUOUS
10
5.6789775590551184
20
-4.0010710629921258
11
5.6790495275590551
21
-4.0011009055118105
0
LINE
8
BLACK
6
CONTINUOUS
10
5.6790495275590551
20
-4.0011009055118105
11
5.6790955905511806
21
-4.0011453937007877
0
LINE
8
BLACK
6
CONTINUOUS
10
5.6790955905511806
20
-4.0011453937007877
11
5.6792194488188974
21
-4.0012233464566931
0
LINE
8
BLACK
6
CONTINUOUS
10
5.6792194488188974
20
-4.0012233464566931
11
5.6794411811023622
21
-4.0014790157480311
0
LINE
8
BLACK
6
CONTINUOUS
10
5.6794411811023622
20
-4.0014790157480311
11
5.6813717322834645
21
-4.0033428740157477
0
LINE
8
BLACK
6
CONTINUOUS
10
5.6813717322834645
20
-4.0033428740157477
11
5.6815574803149609
21
-4.0035692125984248
0
LINE
8
BLACK
6
CONTINUOUS
10
5.6815574803149609
20
-4.0035692125984248
11
5.6816164960629916
21
-4.0036203937007873
0
LINE
8
BLACK
6
CONTINUOUS
10
5.6816164960629916
20
-4.0036203937007873
11
5.6816451181102359
21
-4.003676023622047
0
LINE
8
BLACK
6
CONTINUOUS
10
5.6816451181102359
20
-4.003676023622047
11
5.6817389370078741
21
-4.0037903149606295
0
LINE
8
BLACK
6
CONTINUOUS
10
5.6817389370078741
20
-4.0037903149606295
11
5.6818825984251964
21
-4.0041371653543303
0
LINE
8
BLACK
6
CONTINUOUS
10
5.6818825984251964
20
-4.0041371653543303
11
5.6837996062992122
21
-4.0078598031496062
0
LINE
8
BLACK
6
CONTINUOUS
10
5.6837996062992122
20
-4.0078598031496062
11
5.6840064960629917
21
-4.0084003937007875
0
LINE
8
BLACK
6
CONTINUOUS
10
5.6840064960629917
20
-4.0084003937007875
11
5.6840140157480317
21
-4.0085062598425196
0
LINE
8
BLACK
6
CONTINUOUS
10
5.6840140157480317
20
-4.0085062598425196
11
5.6840546062992123
21
-4.0086042519685039
0
LINE
8
BLACK
6
CONTINUOUS
10
5.6840546062992123
20
-4.0086042519685039
11
5.684056417322835
21
-4.0091030708661419
0
LINE
8
BLACK
6
CONTINUOUS
10
5.684056417322835
20
-4.0091030708661419
11
5.6840881496062989
21
-4.0095496062992124
0
LINE
8
BLACK
6
CONTINUOUS
10
5.6840881496062989
20
-4.0095496062992124
11
5.6840583464566929
21
-4.009638897637795
0
LINE
8
BLACK
6
CONTINUOUS
10
5.6840583464566929
20
-4.009638897637795
11
5.68410062992126
21
-4.0212481102362201
0
LINE
8
BLACK
6
CONTINUOUS
10
5.68410062992126
20
-4.0212481102362201
11
5.6999062598425194
21
-4.0212256692913382
0
LINE
8
BLACK
6
CONTINUOUS
10
5.6999062598425194
20
-4.0212256692913382
11
5.7004823228346453
21
-4.021282401574803
0
LINE
8
BLACK
6
CONTINUOUS
10
5.7004823228346453
20
-4.021282401574803
11
5.7015467322834645
21
-4.0217233070866145
0
LINE
8
BLACK
6
CONTINUOUS
10
5.7015467322834645
20
-4.0217233070866145
11
5.702361377952756
21
-4.0225379527559051
0
LINE
8
BLACK
6
CONTINUOUS
10
5.702361377952756
20
-4.0225379527559051
11
5.7028022834645666
21
-4.0236023622047243
0
LINE
8
BLACK
6
CONTINUOUS
10
5.7028022834645666
20
-4.0236023622047243
11
5.7028022834645666
21
-4.0247544881889761
0
LINE
8
BLACK
6
CONTINUOUS
10
5.7028022834645666
20
-4.0247544881889761
11
5.702361377952756
21
-4.0258188976377953
0
LINE
8
BLACK
6
CONTINUOUS
10
5.702361377952756
20
-4.0258188976377953
11
5.7015467322834645
21
-4.0266335433070868
0
LINE
8
BLACK
6
CONTINUOUS
10
5.7015467322834645
20
-4.0266335433070868
11
5.7004823228346453
21
-4.0270744488188974
0
LINE
8
BLACK
6
CONTINUOUS
10
5.7004823228346453
20
-4.0270744488188974
11
5.660536181102362
21
-4.0271311811023622
0
LINE
8
BLACK
6
CONTINUOUS
10
5.660536181102362
20
-4.0271311811023622
11
5.6599601181102361
21
-4.0270744488188974
0
LINE
8
BLACK
6
CONTINUOUS
10
5.6599601181102361
20
-4.0270744488188974
11
5.6588957086614169
21
-4.0266335433070868
0
LINE
8
BLACK
6
CONTINUOUS
10
5.6588957086614169
20
-4.0266335433070868
11
5.6580810629921254
21
-4.0258188976377953
0
LINE
8
BLACK
6
CONTINUOUS
10
5.6580810629921254
20
-4.0258188976377953
11
5.6576401574803148
21
-4.0247544881889761
0
LINE
8
BLACK
6
CONTINUOUS
10
5.6576401574803148
20
-4.0247544881889761
11
5.65758342519685
21
-4.0091803149606298
0
LINE
8
BLACK
6
CONTINUOUS
10
5.65758342519685
20
-4.0091803149606298
11
5.6576401574803148
21
-4.0086042519685039
0
LINE
8
BLACK
6
CONTINUOUS
10
5.6576401574803148
20
-4.0086042519685039
11
5.6576807480314963
21
-4.0085062204724409
0
LINE
8
BLACK
6
CONTINUOUS
10
5.6576807480314963
20
-4.0085062204724409
11
5.6576882677165354
21
-4.0084004330708662
0
LINE
8
BLACK
6
CONTINUOUS
10
5.6576882677165354
20
-4.0084004330708662
11
5.6579364566929131
21
-4.0078888582677168
0
LINE
8
BLACK
6
CONTINUOUS
10
5.6579364566929131
20
-4.0078888582677168
11
5.6580810629921254
21
-4.0075398425196846
0
LINE
8
BLACK
6
CONTINUOUS
10
5.6580810629921254
20
-4.0075398425196846
11
5.6581291732283461
21
-4.0074916929133861
0
LINE
8
BLACK
6
CONTINUOUS
10
5.6581291732283461
20
-4.0074916929133861
11
5.6597699212598425
21
-4.0041102755905511
0
LINE
8
BLACK
6
CONTINUOUS
10
5.6597699212598425
20
-4.0041102755905511
11
5.6599259842519682
21
-4.0038622440944884
0
LINE
8
BLACK
6
CONTINUOUS
10
5.6599259842519682
20
-4.0038622440944884
11
5.659955826771653
21
-4.0037903149606295
0
LINE
8
BLACK
6
CONTINUOUS
10
5.659955826771653
20
-4.0037903149606295
11
5.6600003149606302
21
-4.0037442125984253
0
LINE
8
BLACK
6
CONTINUOUS
10
5.6600003149606302
20
-4.0037442125984253
11
5.6600782677165355
21
-4.0036203937007873
0
LINE
8
BLACK
6
CONTINUOUS
10
5.6600782677165355
20
-4.0036203937007873
11
5.6603339370078736
21
-4.0033986220472437
0
LINE
8
BLACK
6
CONTINUOUS
10
5.6603339370078736
20
-4.0033986220472437
11
5.6621977952755902
21
-4.0014681102362202
0
LINE
8
BLACK
6
CONTINUOUS
10
5.6621977952755902
20
-4.0014681102362202
11
5.6624241338582673
21
-4.0012823228346459
0
LINE
8
BLACK
6
CONTINUOUS
10
5.6624241338582673
20
-4.0012823228346459
11
5.6624753149606297
21
-4.0012233464566931
0
LINE
8
BLACK
6
CONTINUOUS
10
5.6624753149606297
20
-4.0012233464566931
11
5.6625309448818895
21
-4.00119468503937
0
LINE
8
BLACK
6
CONTINUOUS
10
5.6625309448818895
20
-4.00119468503937
11
5.662645236220472
21
-4.0011009055118105
0
LINE
8
BLACK
6
CONTINUOUS
10
5.662645236220472
20
-4.0011009055118105
11
5.6629920866141727
21
-4.0009572047244095
0
LINE
8
BLACK
6
CONTINUOUS
10
5.6629920866141727
20
-4.0009572047244095
11
5.6667147244094487
21
-3.9990402362204724
0
LINE
8
BLACK
6
CONTINUOUS
10
5.6667147244094487
20
-3.9990402362204724
11
5.66725531496063
21
-3.998833346456693
0
LINE
8
BLACK
6
CONTINUOUS
10
5.66725531496063
20
-3.998833346456693
11
5.6673611811023621
21
-3.9988257874015747
0
LINE
8
BLACK
6
CONTINUOUS
10
5.6673611811023621
20
-3.9988257874015747
11
5.6674591732283464
21
-3.9987852362204723
0
LINE
8
BLACK
6
CONTINUOUS
10
5.6674591732283464
20
-3.9987852362204723
11
5.6680023622047244
21
-3.9987802362204725
0
LINE
8
BLACK
6
CONTINUOUS
10
5.6680023622047244
20
-3.9987802362204725
11
5.6684045275590549
21
-3.9987516929133857
0
LINE
8
BLACK
6
CONTINUOUS
10
5.6684045275590549
20
-3.9987516929133857
11
5.6684772047244092
21
-3.9987759055118111
0
LINE
8
BLACK
6
CONTINUOUS
10
5.6684772047244092
20
-3.9987759055118111
11
5.6736595275590549
21
-3.998728503937008
0
LINE
8
BLACK
6
CONTINUOUS
10
5.6736595275590549
20
-3.998728503937008
11
5.6742355905511808
21
-3.9987852362204723
0
LINE
8
BLACK
6
CONTINUOUS
10
5.6686524409448822
20
-4.004628346456693
11
5.6659415354330704
21
-4.0060243307086614
0
LINE
8
BLACK
6
CONTINUOUS
10
5.6659415354330704
20
-4.0060243307086614
11
5.6647508267716535
21
-4.0072576771653541
0
LINE
8
BLACK
6
CONTINUOUS
10
5.6647508267716535
20
-4.0072576771653541
11
5.6634371259842515
21
-4.009965039370079
0
LINE
8
BLACK
6
CONTINUOUS
10
5.6634371259842515
20
-4.009965039370079
11
5.6634783464566931
21
-4.0212774015748032
0
LINE
8
BLACK
6
CONTINUOUS
10
5.6634783464566931
20
-4.0212774015748032
11
5.6782498031496065
21
-4.0212564173228342
0
LINE
8
BLACK
6
CONTINUOUS
10
5.6782498031496065
20
-4.0212564173228342
11
5.6782080314960632
21
-4.0097908661417323
0
LINE
8
BLACK
6
CONTINUOUS
10
5.6782080314960632
20
-4.0097908661417323
11
5.6768154724409445
21
-4.007086614173228
0
LINE
8
BLACK
6
CONTINUOUS
10
5.6768154724409445
20
-4.007086614173228
11
5.6755821259842518
21
-4.0058959055118111
0
LINE
8
BLACK
6
CONTINUOUS
10
5.6755821259842518
20
-4.0058959055118111
11
5.6728899212598423
21
-4.004589566929134
0
LINE
8
BLACK
6
CONTINUOUS
10
5.6728899212598423
20
-4.004589566929134
11
5.6686524409448822
21
-4.004628346456693
0
LINE
8
BLACK
6
CONTINUOUS
10
5.6831338582677162
20
-3.9593683070866139
11
5.6831768897637795
21
-3.9593619291338582
0
LINE
8
BLACK
6
CONTINUOUS
10
5.6831768897637795
20
-3.9593619291338582
11
5.6832505511811027
21
-3.9593798031496061
0
LINE
8
BLACK
6
CONTINUOUS
10
5.6832505511811027
20
-3.9593798031496061
11
5.6836094094488185
21
-3.9594151574803149
0
LINE
8
BLACK
6
CONTINUOUS
10
5.6836094094488185
20
-3.9594151574803149
11
5.683911299212598
21
-3.9595401968503938
0
LINE
8
BLACK
6
CONTINUOUS
10
5.683911299212598
20
-3.9595401968503938
11
5.6912485433070863
21
-3.9613213385826769
0
LINE
8
BLACK
6
CONTINUOUS
10
5.6912485433070863
20
-3.9613213385826769
11
5.6912910236220471
21
-3.9613364960629922
0
LINE
8
BLACK
6
CONTINUOUS
10
5.6912910236220471
20
-3.9613364960629922
11
5.6913122834645664
21
-3.9613380314960631
0
LINE
8
BLACK
6
CONTINUOUS
10
5.6913122834645664
20
-3.9613380314960631
11
5.6913598031496058
21
-3.9613610629921259
0
LINE
8
BLACK
6
CONTINUOUS
10
5.6913598031496058
20
-3.9613610629921259
11
5.6917936614173223
21
-3.9615161023622045
0
LINE
8
BLACK
6
CONTINUOUS
10
5.6917936614173223
20
-3.9615161023622045
11
5.6920106299212598
21
-3.9616768897637793
0
LINE
8
BLACK
6
CONTINUOUS
10
5.6920106299212598
20
-3.9616768897637793
11
5.6956024409448816
21
-3.9634196850393701
0
LINE
8
BLACK
6
CONTINUOUS
10
5.6956024409448816
20
-3.9634196850393701
11
5.6958503149606301
21
-3.9635757086614172
0
LINE
8
BLACK
6
CONTINUOUS
10
5.6958503149606301
20
-3.9635757086614172
11
5.6959223622047244
21
-3.9636055511811024
0
LINE
8
BLACK
6
CONTINUOUS
10
5.6959223622047244
20
-3.9636055511811024
11
5.6959664566929131
21
-3.963648779527559
0
LINE
8
BLACK
6
CONTINUOUS
10
5.6959664566929131
20
-3.963648779527559
11
5.6960923228346454
21
-3.9637280314960628
0
LINE
8
BLACK
6
CONTINUOUS
10
5.6960923228346454
20
-3.9637280314960628
11
5.6963491338582672
21
-3.9640241732283465
0
LINE
8
BLACK
6
CONTINUOUS
10
5.6963491338582672
20
-3.9640241732283465
11
5.7001194094488188
21
-3.9677223228346454
0
LINE
8
BLACK
6
CONTINUOUS
10
5.7001194094488188
20
-3.9677223228346454
11
5.7004866535433072
21
-3.9681697637795277
0
LINE
8
BLACK
6
CONTINUOUS
10
5.7004866535433072
20
-3.9681697637795277
11
5.7005272440944879
21
-3.9682677952755903
0
LINE
8
BLACK
6
CONTINUOUS
10
5.7005272440944879
20
-3.9682677952755903
11
5.7005967322834641
21
-3.9683479133858266
0
LINE
8
BLACK
6
CONTINUOUS
10
5.7005967322834641
20
-3.9683479133858266
11
5.7007717322834646
21
-3.9688580708661418
0
LINE
8
BLACK
6
CONTINUOUS
10
5.7007717322834646
20
-3.9688580708661418
11
5.7009275196850391
21
-3.9692341732283465
0
LINE
8
BLACK
6
CONTINUOUS
10
5.7009275196850391
20
-3.9692341732283465
11
5.7009275196850391
21
-3.9693121259842519
0
LINE
8
BLACK
6
CONTINUOUS
10
5.7009275196850391
20
-3.9693121259842519
11
5.7027074803149604
21
-3.9745007480314958
0
LINE
8
BLACK
6
CONTINUOUS
10
5.7027074803149604
20
-3.9745007480314958
11
5.7027724015748031
21
-3.9747863779527557
0
LINE
8
BLACK
6
CONTINUOUS
10
5.7027724015748031
20
-3.9747863779527557
11
5.7028022834645666
21
-3.9748584645669292
0
LINE
8
BLACK
6
CONTINUOUS
10
5.7028022834645666
20
-3.9748584645669292
11
5.7028025984251967
21
-3.9749191732283462
0
LINE
8
BLACK
6
CONTINUOUS
10
5.7028025984251967
20
-3.9749191732283462
11
5.7028358267716532
21
-3.9750651968503936
0
LINE
8
BLACK
6
CONTINUOUS
10
5.7028358267716532
20
-3.9750651968503936
11
5.7028058267716535
21
-3.9754866535433071
0
LINE
8
BLACK
6
CONTINUOUS
10
5.7028058267716535
20
-3.9754866535433071
11
5.7028590157480314
21
-3.9848083464566928
0
LINE
8
BLACK
6
CONTINUOUS
10
5.7028590157480314
20
-3.9848083464566928
11
5.7028022834645666
21
-3.9853844094488187
0
LINE
8
BLACK
6
CONTINUOUS
10
5.7028022834645666
20
-3.9853844094488187
11
5.702361377952756
21
-3.9864488188976379
0
LINE
8
BLACK
6
CONTINUOUS
10
5.702361377952756
20
-3.9864488188976379
11
5.7015467322834645
21
-3.9872634645669289
0
LINE
8
BLACK
6
CONTINUOUS
10
5.7015467322834645
20
-3.9872634645669289
11
5.7004823228346453
21
-3.98770437007874
0
LINE
8
BLACK
6
CONTINUOUS
10
5.7004823228346453
20
-3.98770437007874
11
5.660536181102362
21
-3.9877611023622048
0
LINE
8
BLACK
6
CONTINUOUS
10
5.660536181102362
20
-3.9877611023622048
11
5.6599601181102361
21
-3.98770437007874
0
LINE
8
BLACK
6
CONTINUOUS
10
5.6599601181102361
20
-3.98770437007874
11
5.6588957086614169
21
-3.9872634645669289
0
LINE
8
BLACK
6
CONTINUOUS
10
5.6588957086614169
20
-3.9872634645669289
11
5.6580810629921254
21
-3.9864488188976379
0
LINE
8
BLACK
6
CONTINUOUS
10
5.6580810629921254
20
-3.9864488188976379
11
5.6576401574803148
21
-3.9853844094488187
0
LINE
8
BLACK
6
CONTINUOUS
10
5.6576401574803148
20
-3.9853844094488187
11
5.65758342519685
21
-3.975434527559055
0
LINE
8
BLACK
6
CONTINUOUS
10
5.65758342519685
20
-3.975434527559055
11
5.6576121259842518
21
-3.9751429527559052
0
LINE
8
BLACK
6
CONTINUOUS
10
5.6576121259842518
20
-3.9751429527559052
11
5.6576066141732282
21
-3.9750652362204724
0
LINE
8
BLACK
6
CONTINUOUS
10
5.6576066141732282
20
-3.9750652362204724
11
5.657625551181102
21
-3.9750066929133858
0
LINE
8
BLACK
6
CONTINUOUS
10
5.657625551181102
20
-3.9750066929133858
11
5.6576401574803148
21
-3.9748584645669292
0
LINE
8
BLACK
6
CONTINUOUS
10
5.6576401574803148
20
-3.9748584645669292
11
5.6577928346456687
21
-3.9744898031496061
0
LINE
8
BLACK
6
CONTINUOUS
10
5.6577928346456687
20
-3.9744898031496061
11
5.6596097244094485
21
-3.9688764960629919
0
LINE
8
BLACK
6
CONTINUOUS
10
5.6596097244094485
20
-3.9688764960629919
11
5.6598457086614173
21
-3.9683479527559054
0
LINE
8
BLACK
6
CONTINUOUS
10
5.6598457086614173
20
-3.9683479527559054
11
5.6599151968503936
21
-3.9682677952755903
0
LINE
8
BLACK
6
CONTINUOUS
10
5.6599151968503936
20
-3.9682677952755903
11
5.659955826771653
21
-3.9681697637795277
0
LINE
8
BLACK
6
CONTINUOUS
10
5.659955826771653
20
-3.9681697637795277
11
5.6603396062992122
21
-3.967778464566929
0
LINE
8
BLACK
6
CONTINUOUS
10
5.6603396062992122
20
-3.967778464566929
11
5.6606005905511809
21
-3.9674775984251966
0
LINE
8
BLACK
6
CONTINUOUS
10
5.6606005905511809
20
-3.9674775984251966
11
5.6606676377952754
21
-3.96744405511811
0
LINE
8
BLACK
6
CONTINUOUS
10
5.6606676377952754
20
-3.96744405511811
11
5.6640725590551178
21
-3.9639727952755903
0
LINE
8
BLACK
6
CONTINUOUS
10
5.6640725590551178
20
-3.9639727952755903
11
5.6642989370078736
21
-3.9637869291338581
0
LINE
8
BLACK
6
CONTINUOUS
10
5.6642989370078736
20
-3.9637869291338581
11
5.6643500787401573
21
-3.9637280314960628
0
LINE
8
BLACK
6
CONTINUOUS
10
5.6643500787401573
20
-3.9637280314960628
11
5.6644055905511808
21
-3.9636994094488189
0
LINE
8
BLACK
6
CONTINUOUS
10
5.6644055905511808
20
-3.9636994094488189
11
5.6645199999999996
21
-3.9636055511811024
0
LINE
8
BLACK
6
CONTINUOUS
10
5.6645199999999996
20
-3.9636055511811024
11
5.6648670472440941
21
-3.9634617716535434
0
LINE
8
BLACK
6
CONTINUOUS
10
5.6648670472440941
20
-3.9634617716535434
11
5.6685894881889762
21
-3.9615449212598426
0
LINE
8
BLACK
6
CONTINUOUS
10
5.6685894881889762
20
-3.9615449212598426
11
5.6686315748031495
21
-3.9615287795275589
0
LINE
8
BLACK
6
CONTINUOUS
10
5.6686315748031495
20
-3.9615287795275589
11
5.6686487401574803
21
-3.9615161023622045
0
LINE
8
BLACK
6
CONTINUOUS
10
5.6686487401574803
20
-3.9615161023622045
11
5.6686976771653539
21
-3.9615035039370077
0
LINE
8
BLACK
6
CONTINUOUS
10
5.6686976771653539
20
-3.9615035039370077
11
5.6691300787401575
21
-3.9613380314960631
0
LINE
8
BLACK
6
CONTINUOUS
10
5.6691300787401575
20
-3.9613380314960631
11
5.6694212992125985
21
-3.9613173228346454
0
LINE
8
BLACK
6
CONTINUOUS
10
5.6694212992125985
20
-3.9613173228346454
11
5.6766929133858266
21
-3.9594465748031493
0
LINE
8
BLACK
6
CONTINUOUS
10
5.6766929133858266
20
-3.9594465748031493
11
5.6767927559055114
21
-3.9594317716535432
0
LINE
8
BLACK
6
CONTINUOUS
10
5.6767927559055114
20
-3.9594317716535432
11
5.6768329921259841
21
-3.9594151574803149
0
LINE
8
BLACK
6
CONTINUOUS
10
5.6768329921259841
20
-3.9594151574803149
11
5.6769101968503932
21
-3.9594144488188974
0
LINE
8
BLACK
6
CONTINUOUS
10
5.6769101968503932
20
-3.9594144488188974
11
5.6772655118110231
21
-3.9593619291338582
0
LINE
8
BLACK
6
CONTINUOUS
10
5.6772655118110231
20
-3.9593619291338582
11
5.6775774409448818
21
-3.9594083070866142
0
LINE
8
BLACK
6
CONTINUOUS
10
5.6775774409448818
20
-3.9594083070866142
11
5.6830333464566927
21
-3.9593584251968501
0
LINE
8
BLACK
6
CONTINUOUS
10
5.6830333464566927
20
-3.9593584251968501
11
5.6831338582677162
21
-3.9593683070866139
0
LINE
8
BLACK
6
CONTINUOUS
10
5.6775765748031493
20
-3.9652624015748033
11
5.6707486220472436
21
-3.9670190157480314
0
LINE
8
BLACK
6
CONTINUOUS
10
5.6707486220472436
20
-3.9670190157480314
11
5.6677905511811026
21
-3.9685422834645667
0
LINE
8
BLACK
6
CONTINUOUS
10
5.6677905511811026
20
-3.9685422834645667
11
5.6649248031496064
21
-3.9714638976377952
0
LINE
8
BLACK
6
CONTINUOUS
10
5.6649248031496064
20
-3.9714638976377952
11
5.6634390157480317
21
-3.9760542913385826
0
LINE
8
BLACK
6
CONTINUOUS
10
5.6634390157480317
20
-3.9760542913385826
11
5.6634723622047245
21
-3.9819073228346458
0
LINE
8
BLACK
6
CONTINUOUS
10
5.6634723622047245
20
-3.9819073228346458
11
5.6969901181102358
21
-3.9818597244094489
0
LINE
8
BLACK
6
CONTINUOUS
10
5.6969901181102358
20
-3.9818597244094489
11
5.6969553937007875
21
-3.9757727952755904
0
LINE
8
BLACK
6
CONTINUOUS
10
5.6969553937007875
20
-3.9757727952755904
11
5.6954281889763783
21
-3.9713209448818896
0
LINE
8
BLACK
6
CONTINUOUS
10
5.6954281889763783
20
-3.9713209448818896
11
5.6924468503937007
21
-3.9683966535433068
0
LINE
8
BLACK
6
CONTINUOUS
10
5.6924468503937007
20
-3.9683966535433068
11
5.6893047244094488
21
-3.9668720078740156
0
LINE
8
BLACK
6
CONTINUOUS
10
5.6893047244094488
20
-3.9668720078740156
11
5.6824888582677167
21
-3.9652174409448819
0
LINE
8
BLACK
6
CONTINUOUS
10
5.6824888582677167
20
-3.9652174409448819
11
5.6775765748031493
21
-3.9652624015748033
0
LINE
8
BLACK
6
CONTINUOUS
10
5.913450826771653
20
-3.9798449212598426
11
5.9145152362204723
21
-3.9802858267716537
0
LINE
8
BLACK
6
CONTINUOUS
10
5.9145152362204723
20
-3.9802858267716537
11
5.9153298818897637
21
-3.9811004724409447
0
LINE
8
BLACK
6
CONTINUOUS
10
5.9153298818897637
20
-3.9811004724409447
11
5.9157707874015744
21
-3.9821648818897635
0
LINE
8
BLACK
6
CONTINUOUS
10
5.9157707874015744
20
-3.9821648818897635
11
5.9157707874015744
21
-3.9833170078740157
0
LINE
8
BLACK
6
CONTINUOUS
10
5.9157707874015744
20
-3.9833170078740157
11
5.9153298818897637
21
-3.9843814173228345
0
LINE
8
BLACK
6
CONTINUOUS
10
5.9153298818897637
20
-3.9843814173228345
11
5.9145152362204723
21
-3.9851960629921259
0
LINE
8
BLACK
6
CONTINUOUS
10
5.9145152362204723
20
-3.9851960629921259
11
5.913450826771653
21
-3.985636968503937
0
LINE
8
BLACK
6
CONTINUOUS
10
5.913450826771653
20
-3.985636968503937
11
5.8735046850393697
21
-3.9856937007874014
0
LINE
8
BLACK
6
CONTINUOUS
10
5.8735046850393697
20
-3.9856937007874014
11
5.8729286220472439
21
-3.985636968503937
0
LINE
8
BLACK
6
CONTINUOUS
10
5.8729286220472439
20
-3.985636968503937
11
5.8718642125984255
21
-3.9851960629921259
0
LINE
8
BLACK
6
CONTINUOUS
10
5.8718642125984255
20
-3.9851960629921259
11
5.871049566929134
21
-3.9843814173228345
0
LINE
8
BLACK
6
CONTINUOUS
10
5.871049566929134
20
-3.9843814173228345
11
5.8706086614173225
21
-3.9833170078740157
0
LINE
8
BLACK
6
CONTINUOUS
10
5.8706086614173225
20
-3.9833170078740157
11
5.8706086614173225
21
-3.9821648818897635
0
LINE
8
BLACK
6
CONTINUOUS
10
5.8706086614173225
20
-3.9821648818897635
11
5.871049566929134
21
-3.9811004724409447
0
LINE
8
BLACK
6
CONTINUOUS
10
5.871049566929134
20
-3.9811004724409447
11
5.8718642125984255
21
-3.9802858267716537
0
LINE
8
BLACK
6
CONTINUOUS
10
5.8718642125984255
20
-3.9802858267716537
11
5.8729286220472439
21
-3.9798449212598426
0
LINE
8
BLACK
6
CONTINUOUS
10
5.8729286220472439
20
-3.9798449212598426
11
5.9128747637795271
21
-3.9797881889763778
0
LINE
8
BLACK
6
CONTINUOUS
10
5.9128747637795271
20
-3.9797881889763778
11
5.913450826771653
21
-3.9798449212598426
0
LINE
8
BLACK
6
CONTINUOUS
10
5.8850448031496061
20
-3.9404468503937009
11
5.8851225590551177
21
-3.9404413385826769
0
LINE
8
BLACK
6
CONTINUOUS
10
5.8851225590551177
20
-3.9404413385826769
11
5.8851810629921255
21
-3.9404602755905511
0
LINE
8
BLACK
6
CONTINUOUS
10
5.8851810629921255
20
-3.9404602755905511
11
5.8853293307086609
21
-3.9404748818897635
0
LINE
8
BLACK
6
CONTINUOUS
10
5.8853293307086609
20
-3.9404748818897635
11
5.8856979527559057
21
-3.9406275590551179
0
LINE
8
BLACK
6
CONTINUOUS
10
5.8856979527559057
20
-3.9406275590551179
11
5.8913112992125987
21
-3.9424444488188977
0
LINE
8
BLACK
6
CONTINUOUS
10
5.8913112992125987
20
-3.9424444488188977
11
5.8918398425196852
21
-3.942680433070866
0
LINE
8
BLACK
6
CONTINUOUS
10
5.8918398425196852
20
-3.942680433070866
11
5.8919199606299211
21
-3.9427499212598422
0
LINE
8
BLACK
6
CONTINUOUS
10
5.8919199606299211
20
-3.9427499212598422
11
5.8920180314960628
21
-3.9427905511811021
0
LINE
8
BLACK
6
CONTINUOUS
10
5.8920180314960628
20
-3.9427905511811021
11
5.8923619685039368
21
-3.9431332677165352
0
LINE
8
BLACK
6
CONTINUOUS
10
5.8923619685039368
20
-3.9431332677165352
11
5.8927101968503939
21
-3.94343531496063
0
LINE
8
BLACK
6
CONTINUOUS
10
5.8927101968503939
20
-3.94343531496063
11
5.8927550000000002
21
-3.943524960629921
0
LINE
8
BLACK
6
CONTINUOUS
10
5.8927550000000002
20
-3.943524960629921
11
5.9099613385826775
21
-3.9606710629921258
0
LINE
8
BLACK
6
CONTINUOUS
10
5.9099613385826775
20
-3.9606710629921258
11
5.909922007874016
21
-3.9433709055118111
0
LINE
8
BLACK
6
CONTINUOUS
10
5.909922007874016
20
-3.9433709055118111
11
5.9099787401574799
21
-3.9427948425196848
0
LINE
8
BLACK
6
CONTINUOUS
10
5.9099787401574799
20
-3.9427948425196848
11
5.9104196456692915
21
-3.941730433070866
0
LINE
8
BLACK
6
CONTINUOUS
10
5.9104196456692915
20
-3.941730433070866
11
5.9112342913385829
21
-3.9409157874015746
0
LINE
8
BLACK
6
CONTINUOUS
10
5.9112342913385829
20
-3.9409157874015746
11
5.9122987007874013
21
-3.9404748818897635
0
LINE
8
BLACK
6
CONTINUOUS
10
5.9122987007874013
20
-3.9404748818897635
11
5.913450826771653
21
-3.9404748818897635
0
LINE
8
BLACK
6
CONTINUOUS
10
5.913450826771653
20
-3.9404748818897635
11
5.9145152362204723
21
-3.9409157874015746
0
LINE
8
BLACK
6
CONTINUOUS
10
5.9145152362204723
20
-3.9409157874015746
11
5.9153298818897637
21
-3.941730433070866
0
LINE
8
BLACK
6
CONTINUOUS
10
5.9153298818897637
20
-3.941730433070866
11
5.9157707874015744
21
-3.9427948425196848
0
LINE
8
BLACK
6
CONTINUOUS
10
5.9157707874015744
20
-3.9427948425196848
11
5.9158275196850392
21
-3.9677428346456693
0
LINE
8
BLACK
6
CONTINUOUS
10
5.9158275196850392
20
-3.9677428346456693
11
5.9157707874015744
21
-3.9683188976377952
0
LINE
8
BLACK
6
CONTINUOUS
10
5.9157707874015744
20
-3.9683188976377952
11
5.9156416535433065
21
-3.9686306299212597
0
LINE
8
BLACK
6
CONTINUOUS
10
5.9156416535433065
20
-3.9686306299212597
11
5.9153299212598425
21
-3.969383307086614
0
LINE
8
BLACK
6
CONTINUOUS
10
5.9153299212598425
20
-3.969383307086614
11
5.9145152362204723
21
-3.9701979527559055
0
LINE
8
BLACK
6
CONTINUOUS
10
5.9145152362204723
20
-3.9701979527559055
11
5.913450826771653
21
-3.9706388582677166
0
LINE
8
BLACK
6
CONTINUOUS
10
5.913450826771653
20
-3.9706388582677166
11
5.91229874015748
21
-3.9706388582677166
0
LINE
8
BLACK
6
CONTINUOUS
10
5.91229874015748
20
-3.9706388582677166
11
5.9122987007874013
21
-3.9706388582677166
0
LINE
8
BLACK
6
CONTINUOUS
10
5.9122987007874013
20
-3.9706388582677166
11
5.9119869291338585
21
-3.9705097244094487
0
LINE
8
BLACK
6
CONTINUOUS
10
5.9119869291338585
20
-3.9705097244094487
11
5.9112342913385829
21
-3.9701979921259842
0
LINE
8
BLACK
6
CONTINUOUS
10
5.9112342913385829
20
-3.9701979921259842
11
5.888713779527559
21
-3.9477562598425195
0
LINE
8
BLACK
6
CONTINUOUS
10
5.888713779527559
20
-3.9477562598425195
11
5.8841598031496058
21
-3.9462822440944882
0
LINE
8
BLACK
6
CONTINUOUS
10
5.8841598031496058
20
-3.9462822440944882
11
5.8816258267716535
21
-3.9463154724409448
0
LINE
8
BLACK
6
CONTINUOUS
10
5.8816258267716535
20
-3.9463154724409448
11
5.8789100393700782
21
-3.9477139763779525
0
LINE
8
BLACK
6
CONTINUOUS
10
5.8789100393700782
20
-3.9477139763779525
11
5.8777193307086613
21
-3.9489473228346457
0
LINE
8
BLACK
6
CONTINUOUS
10
5.8777193307086613
20
-3.9489473228346457
11
5.8764084251968507
21
-3.9516489763779528
0
LINE
8
BLACK
6
CONTINUOUS
10
5.8764084251968507
20
-3.9516489763779528
11
5.8764539370078737
21
-3.9596307086614173
0
LINE
8
BLACK
6
CONTINUOUS
10
5.8764539370078737
20
-3.9596307086614173
11
5.8778477559055116
21
-3.9623374409448817
0
LINE
8
BLACK
6
CONTINUOUS
10
5.8778477559055116
20
-3.9623374409448817
11
5.8793421259842518
21
-3.9637801574803149
0
LINE
8
BLACK
6
CONTINUOUS
10
5.8793421259842518
20
-3.9637801574803149
11
5.8797093307086614
21
-3.9642275984251967
0
LINE
8
BLACK
6
CONTINUOUS
10
5.8797093307086614
20
-3.9642275984251967
11
5.8801502362204721
21
-3.9652920078740155
0
LINE
8
BLACK
6
CONTINUOUS
10
5.8801502362204721
20
-3.9652920078740155
11
5.8801502362204721
21
-3.9664440944881889
0
LINE
8
BLACK
6
CONTINUOUS
10
5.8801502362204721
20
-3.9664440944881889
11
5.8797093307086614
21
-3.9675085039370077
0
LINE
8
BLACK
6
CONTINUOUS
10
5.8797093307086614
20
-3.9675085039370077
11
5.8788946456692912
21
-3.9683231889763779
0
LINE
8
BLACK
6
CONTINUOUS
10
5.8788946456692912
20
-3.9683231889763779
11
5.877830236220472
21
-3.968764094488189
0
LINE
8
BLACK
6
CONTINUOUS
10
5.877830236220472
20
-3.968764094488189
11
5.876678149606299
21
-3.968764094488189
0
LINE
8
BLACK
6
CONTINUOUS
10
5.876678149606299
20
-3.968764094488189
11
5.8756137401574806
21
-3.9683231889763779
0
LINE
8
BLACK
6
CONTINUOUS
10
5.8756137401574806
20
-3.9683231889763779
11
5.8732915354330704
21
-3.9660812204724407
0
LINE
8
BLACK
6
CONTINUOUS
10
5.8732915354330704
20
-3.9660812204724407
11
5.8731057480314961
21
-3.9658548425196849
0
LINE
8
BLACK
6
CONTINUOUS
10
5.8731057480314961
20
-3.9658548425196849
11
5.8730467716535433
21
-3.9658037007874016
0
LINE
8
BLACK
6
CONTINUOUS
10
5.8730467716535433
20
-3.9658037007874016
11
5.8730181102362202
21
-3.9657480314960627
0
LINE
8
BLACK
6
CONTINUOUS
10
5.8730181102362202
20
-3.9657480314960627
11
5.8729243307086616
21
-3.9656337795275589
0
LINE
8
BLACK
6
CONTINUOUS
10
5.8729243307086616
20
-3.9656337795275589
11
5.8727806692913385
21
-3.9652869685039369
0
LINE
8
BLACK
6
CONTINUOUS
10
5.8727806692913385
20
-3.9652869685039369
11
5.8708636614173226
21
-3.9615642913385827
0
LINE
8
BLACK
6
CONTINUOUS
10
5.8708636614173226
20
-3.9615642913385827
11
5.8706567716535432
21
-3.9610236614173226
0
LINE
8
BLACK
6
CONTINUOUS
10
5.8706567716535432
20
-3.9610236614173226
11
5.8706492519685041
21
-3.9609178346456693
0
LINE
8
BLACK
6
CONTINUOUS
10
5.8706492519685041
20
-3.9609178346456693
11
5.8706086614173225
21
-3.960819842519685
0
LINE
8
BLACK
6
CONTINUOUS
10
5.8706086614173225
20
-3.960819842519685
11
5.870605708661417
21
-3.9603052362204725
0
LINE
8
BLACK
6
CONTINUOUS
10
5.870605708661417
20
-3.9603052362204725
11
5.8705751181102359
21
-3.9598744488188977
0
LINE
8
BLACK
6
CONTINUOUS
10
5.8705751181102359
20
-3.9598744488188977
11
5.8706027952755901
21
-3.9597913779527558
0
LINE
8
BLACK
6
CONTINUOUS
10
5.8706027952755901
20
-3.9597913779527558
11
5.8705519291338577
21
-3.9508699606299214
0
LINE
8
BLACK
6
CONTINUOUS
10
5.8705519291338577
20
-3.9508699606299214
11
5.8706086614173225
21
-3.950293897637795
0
LINE
8
BLACK
6
CONTINUOUS
10
5.8706086614173225
20
-3.950293897637795
11
5.8706492519685041
21
-3.950195866141732
0
LINE
8
BLACK
6
CONTINUOUS
10
5.8706492519685041
20
-3.950195866141732
11
5.8706567716535432
21
-3.9500900787401574
0
LINE
8
BLACK
6
CONTINUOUS
10
5.8706567716535432
20
-3.9500900787401574
11
5.8709049606299208
21
-3.9495785039370079
0
LINE
8
BLACK
6
CONTINUOUS
10
5.8709049606299208
20
-3.9495785039370079
11
5.871049566929134
21
-3.9492294881889762
0
LINE
8
BLACK
6
CONTINUOUS
10
5.871049566929134
20
-3.9492294881889762
11
5.8710976771653538
21
-3.9491813385826773
0
LINE
8
BLACK
6
CONTINUOUS
10
5.8710976771653538
20
-3.9491813385826773
11
5.8727384251968502
21
-3.9457999212598422
0
LINE
8
BLACK
6
CONTINUOUS
10
5.8727384251968502
20
-3.9457999212598422
11
5.872894488188976
21
-3.9455518897637796
0
LINE
8
BLACK
6
CONTINUOUS
10
5.872894488188976
20
-3.9455518897637796
11
5.8729243307086616
21
-3.9454799606299211
0
LINE
8
BLACK
6
CONTINUOUS
10
5.8729243307086616
20
-3.9454799606299211
11
5.8729688188976379
21
-3.9454338582677164
0
LINE
8
BLACK
6
CONTINUOUS
10
5.8729688188976379
20
-3.9454338582677164
11
5.8730467716535433
21
-3.9453100393700788
0
LINE
8
BLACK
6
CONTINUOUS
10
5.8730467716535433
20
-3.9453100393700788
11
5.8733024409448822
21
-3.9450882677165353
0
LINE
8
BLACK
6
CONTINUOUS
10
5.8733024409448822
20
-3.9450882677165353
11
5.8751662992125979
21
-3.9431577559055118
0
LINE
8
BLACK
6
CONTINUOUS
10
5.8751662992125979
20
-3.9431577559055118
11
5.8753926377952759
21
-3.9429719685039371
0
LINE
8
BLACK
6
CONTINUOUS
10
5.8753926377952759
20
-3.9429719685039371
11
5.8754438188976374
21
-3.9429129921259842
0
LINE
8
BLACK
6
CONTINUOUS
10
5.8754438188976374
20
-3.9429129921259842
11
5.8754994488188972
21
-3.9428843307086612
0
LINE
8
BLACK
6
CONTINUOUS
10
5.8754994488188972
20
-3.9428843307086612
11
5.8756137401574806
21
-3.9427905511811021
0
LINE
8
BLACK
6
CONTINUOUS
10
5.8756137401574806
20
-3.9427905511811021
11
5.8759605905511814
21
-3.9426468503937007
0
LINE
8
BLACK
6
CONTINUOUS
10
5.8759605905511814
20
-3.9426468503937007
11
5.8796832283464564
21
-3.9407298818897636
0
LINE
8
BLACK
6
CONTINUOUS
10
5.8796832283464564
20
-3.9407298818897636
11
5.8802238188976377
21
-3.9405229921259841
0
LINE
8
BLACK
6
CONTINUOUS
10
5.8802238188976377
20
-3.9405229921259841
11
5.8803296850393698
21
-3.9405154330708663
0
LINE
8
BLACK
6
CONTINUOUS
10
5.8803296850393698
20
-3.9405154330708663
11
5.8804276771653541
21
-3.9404748818897635
0
LINE
8
BLACK
6
CONTINUOUS
10
5.8804276771653541
20
-3.9404748818897635
11
5.8810080314960631
21
-3.9404672440944881
0
LINE
8
BLACK
6
CONTINUOUS
10
5.8810080314960631
20
-3.9404672440944881
11
5.8813730314960626
21
-3.9404413385826769
0
LINE
8
BLACK
6
CONTINUOUS
10
5.8813730314960626
20
-3.9404413385826769
11
5.8814340551181097
21
-3.940461653543307
0
LINE
8
BLACK
6
CONTINUOUS
10
5.8814340551181097
20
-3.940461653543307
11
5.8847532677165351
21
-3.9404181496062991
0
LINE
8
BLACK
6
CONTINUOUS
10
5.8847532677165351
20
-3.9404181496062991
11
5.8850448031496061
21
-3.9404468503937009
0
LINE
8
BLACK
6
CONTINUOUS
10
5.3091300393700784
20
-3.9123715748031493
11
5.3101020472440945
21
-3.9124405511811022
0
LINE
8
BLACK
6
CONTINUOUS
10
5.3101020472440945
20
-3.9124405511811022
11
5.3106124409448814
21
-3.9125662992125982
0
LINE
8
BLACK
6
CONTINUOUS
10
5.3106124409448814
20
-3.9125662992125982
11
5.3107488976377955
21
-3.9127416141732283
0
LINE
8
BLACK
6
CONTINUOUS
10
5.3107488976377955
20
-3.9127416141732283
11
5.3106856692913382
21
-3.9131622834645667
0
LINE
8
BLACK
6
CONTINUOUS
10
5.3106856692913382
20
-3.9131622834645667
11
5.310506141732283
21
-3.9142402755905512
0
LINE
8
BLACK
6
CONTINUOUS
10
5.310506141732283
20
-3.9142402755905512
11
5.3102198425196852
21
-3.9159208267716537
0
LINE
8
BLACK
6
CONTINUOUS
10
5.3102198425196852
20
-3.9159208267716537
11
5.309836220472441
21
-3.9181492519685039
0
LINE
8
BLACK
6
CONTINUOUS
10
5.309836220472441
20
-3.9181492519685039
11
5.3093648031496059
21
-3.9208707480314962
0
LINE
8
BLACK
6
CONTINUOUS
10
5.3093648031496059
20
-3.9208707480314962
11
5.3088151181102363
21
-3.9240306692913385
0
LINE
8
BLACK
6
CONTINUOUS
10
5.3088151181102363
20
-3.9240306692913385
11
5.3081966535433072
21
-3.927574212598425
0
LINE
8
BLACK
6
CONTINUOUS
10
5.3081966535433072
20
-3.927574212598425
11
5.3075189370078739
21
-3.9314466535433068
0
LINE
8
BLACK
6
CONTINUOUS
10
5.3075189370078739
20
-3.9314466535433068
11
5.3067914566929133
21
-3.935593346456693
0
LINE
8
BLACK
6
CONTINUOUS
10
5.3067914566929133
20
-3.935593346456693
11
5.3060237401574799
21
-3.9399594488188976
0
LINE
8
BLACK
6
CONTINUOUS
10
5.3060237401574799
20
-3.9399594488188976
11
5.3057695669291336
21
-3.9414027559055116
0
LINE
8
BLACK
6
CONTINUOUS
10
5.3057695669291336
20
-3.9414027559055116
11
5.300802047244094
21
-3.9696023228346458
0
LINE
8
BLACK
6
CONTINUOUS
10
5.300802047244094
20
-3.9696023228346458
11
5.2900864566929133
21
-3.9698027952755903
0
LINE
8
BLACK
6
CONTINUOUS
10
5.2900864566929133
20
-3.9698027952755903
11
5.2903206299212595
21
-3.9684372047244092
0
LINE
8
BLACK
6
CONTINUOUS
10
5.2903206299212595
20
-3.9684372047244092
11
5.2904197244094489
21
-3.9678680708661416
0
LINE
8
BLACK
6
CONTINUOUS
10
5.2904197244094489
20
-3.9678680708661416
11
5.2906337795275586
21
-3.966644960629921
0
LINE
8
BLACK
6
CONTINUOUS
10
5.2906337795275586
20
-3.966644960629921
11
5.2909525590551176
21
-3.9648259448818899
0
LINE
8
BLACK
6
CONTINUOUS
10
5.2909525590551176
20
-3.9648259448818899
11
5.2913659448818899
21
-3.9624692125984251
0
LINE
8
BLACK
6
CONTINUOUS
10
5.2913659448818899
20
-3.9624692125984251
11
5.2918636614173229
21
-3.9596328740157478
0
LINE
8
BLACK
6
CONTINUOUS
10
5.2918636614173229
20
-3.9596328740157478
11
5.2924355118110231
21
-3.9563750787401575
0
LINE
8
BLACK
6
CONTINUOUS
10
5.2924355118110231
20
-3.9563750787401575
11
5.2930712992125981
21
-3.9527539763779527
0
LINE
8
BLACK
6
CONTINUOUS
10
5.2930712992125981
20
-3.9527539763779527
11
5.2937608661417324
21
-3.9488277165354329
0
LINE
8
BLACK
6
CONTINUOUS
10
5.2937608661417324
20
-3.9488277165354329
11
5.2944939370078741
21
-3.9446544094488187
0
LINE
8
BLACK
6
CONTINUOUS
10
5.2944939370078741
20
-3.9446544094488187
11
5.2952603149606299
21
-3.9402921653543306
0
LINE
8
BLACK
6
CONTINUOUS
10
5.2952603149606299
20
-3.9402921653543306
11
5.2953510629921254
21
-3.9397758661417321
0
LINE
8
BLACK
6
CONTINUOUS
10
5.2953510629921254
20
-3.9397758661417321
11
5.3001472834645664
21
-3.9124801181102362
0
LINE
8
BLACK
6
CONTINUOUS
10
5.3001472834645664
20
-3.9124801181102362
11
5.3054539763779527
21
-3.9123800787401573
0
LINE
8
BLACK
6
CONTINUOUS
10
5.3054539763779527
20
-3.9123800787401573
11
5.3076096062992129
21
-3.9123533858267714
0
LINE
8
BLACK
6
CONTINUOUS
10
5.3076096062992129
20
-3.9123533858267714
11
5.3091300393700784
21
-3.9123715748031493
0
LINE
8
BLACK
6
CONTINUOUS
10
5.2620002362204721
20
-3.9123453543307085
11
5.2637655118110231
21
-3.9123659448818895
0
LINE
8
BLACK
6
CONTINUOUS
10
5.2637655118110231
20
-3.9123659448818895
11
5.2645551181102359
21
-3.9123798031496064
0
LINE
8
BLACK
6
CONTINUOUS
10
5.2645551181102359
20
-3.9123798031496064
11
5.2697877952755903
21
-3.9124801181102362
0
LINE
8
BLACK
6
CONTINUOUS
10
5.2697877952755903
20
-3.9124801181102362
11
5.2653433464566932
21
-3.9377874409448816
0
LINE
8
BLACK
6
CONTINUOUS
10
5.2653433464566932
20
-3.9377874409448816
11
5.2645910236220468
21
-3.942070275590551
0
LINE
8
BLACK
6
CONTINUOUS
10
5.2645910236220468
20
-3.942070275590551
11
5.2638617322834644
21
-3.9462200787401573
0
LINE
8
BLACK
6
CONTINUOUS
10
5.2638617322834644
20
-3.9462200787401573
11
5.2631672440944879
21
-3.9501698818897637
0
LINE
8
BLACK
6
CONTINUOUS
10
5.2631672440944879
20
-3.9501698818897637
11
5.2625193700787403
21
-3.9538527559055119
0
LINE
8
BLACK
6
CONTINUOUS
10
5.2625193700787403
20
-3.9538527559055119
11
5.2619298818897633
21
-3.9572017322834645
0
LINE
8
BLACK
6
CONTINUOUS
10
5.2619298818897633
20
-3.9572017322834645
11
5.261410590551181
21
-3.960149842519685
0
LINE
8
BLACK
6
CONTINUOUS
10
5.261410590551181
20
-3.960149842519685
11
5.2609732283464563
21
-3.9626301574803149
0
LINE
8
BLACK
6
CONTINUOUS
10
5.2609732283464563
20
-3.9626301574803149
11
5.2606296456692911
21
-3.9645757480314958
0
LINE
8
BLACK
6
CONTINUOUS
10
5.2606296456692911
20
-3.9645757480314958
11
5.2603916141732281
21
-3.9659196456692913
0
LINE
8
BLACK
6
CONTINUOUS
10
5.2603916141732281
20
-3.9659196456692913
11
5.2602990551181099
21
-3.9664388976377953
0
LINE
8
BLACK
6
CONTINUOUS
10
5.2602990551181099
20
-3.9664388976377953
11
5.2596991732283467
21
-3.9697831102362202
0
LINE
8
BLACK
6
CONTINUOUS
10
5.2596991732283467
20
-3.9697831102362202
11
5.2544996456692914
21
-3.9697831102362202
0
LINE
8
BLACK
6
CONTINUOUS
10
5.2544996456692914
20
-3.9697831102362202
11
5.2524673228346455
21
-3.9697789370078738
0
LINE
8
BLACK
6
CONTINUOUS
10
5.2524673228346455
20
-3.9697789370078738
11
5.2510481102362201
21
-3.9697556299212597
0
LINE
8
BLACK
6
CONTINUOUS
10
5.2510481102362201
20
-3.9697556299212597
11
5.2501320078740159
21
-3.9696968503937007
0
LINE
8
BLACK
6
CONTINUOUS
10
5.2501320078740159
20
-3.9696968503937007
11
5.2496090944881892
21
-3.9695861811023621
0
LINE
8
BLACK
6
CONTINUOUS
10
5.2496090944881892
20
-3.9695861811023621
11
5.2493693307086611
21
-3.9694073622047243
0
LINE
8
BLACK
6
CONTINUOUS
10
5.2493693307086611
20
-3.9694073622047243
11
5.2493028346456692
21
-3.9691439763779526
0
LINE
8
BLACK
6
CONTINUOUS
10
5.2493028346456692
20
-3.9691439763779526
11
5.2493001181102361
21
-3.9690105905511812
0
LINE
8
BLACK
6
CONTINUOUS
10
5.2493001181102361
20
-3.9690105905511812
11
5.2493607480314957
21
-3.9685511811023622
0
LINE
8
BLACK
6
CONTINUOUS
10
5.2493607480314957
20
-3.9685511811023622
11
5.2495350393700786
21
-3.9674534645669288
0
LINE
8
BLACK
6
CONTINUOUS
10
5.2495350393700786
20
-3.9674534645669288
11
5.2498114960629918
21
-3.9657829133858269
0
LINE
8
BLACK
6
CONTINUOUS
10
5.2498114960629918
20
-3.9657829133858269
11
5.2501786614173227
21
-3.9636052362204723
0
LINE
8
BLACK
6
CONTINUOUS
10
5.2501786614173227
20
-3.9636052362204723
11
5.2506250000000003
21
-3.9609859055118108
0
LINE
8
BLACK
6
CONTINUOUS
10
5.2506250000000003
20
-3.9609859055118108
11
5.2511390944881891
21
-3.957990590551181
0
LINE
8
BLACK
6
CONTINUOUS
10
5.2511390944881891
20
-3.957990590551181
11
5.2517094488188976
21
-3.9546848031496062
0
LINE
8
BLACK
6
CONTINUOUS
10
5.2517094488188976
20
-3.9546848031496062
11
5.2523245669291336
21
-3.9511341732283465
0
LINE
8
BLACK
6
CONTINUOUS
10
5.2523245669291336
20
-3.9511341732283465
11
5.252972952755905
21
-3.947404251968504
0
LINE
8
BLACK
6
CONTINUOUS
10
5.252972952755905
20
-3.947404251968504
11
5.2536431889763779
21
-3.9435606299212598
0
LINE
8
BLACK
6
CONTINUOUS
10
5.2536431889763779
20
-3.9435606299212598
11
5.2543237795275592
21
-3.9396688976377954
0
LINE
8
BLACK
6
CONTINUOUS
10
5.2543237795275592
20
-3.9396688976377954
11
5.255003188976378
21
-3.9357946456692914
0
LINE
8
BLACK
6
CONTINUOUS
10
5.255003188976378
20
-3.9357946456692914
11
5.255670039370079
21
-3.9320034251968501
0
LINE
8
BLACK
6
CONTINUOUS
10
5.255670039370079
20
-3.9320034251968501
11
5.2563127559055118
21
-3.9283607874015747
0
LINE
8
BLACK
6
CONTINUOUS
10
5.2563127559055118
20
-3.9283607874015747
11
5.2569198818897638
21
-3.9249324015748033
0
LINE
8
BLACK
6
CONTINUOUS
10
5.2569198818897638
20
-3.9249324015748033
11
5.2574800000000002
21
-3.921783779527559
0
LINE
8
BLACK
6
CONTINUOUS
10
5.2574800000000002
20
-3.921783779527559
11
5.2579815748031491
21
-3.9189805118110237
0
LINE
8
BLACK
6
CONTINUOUS
10
5.2579815748031491
20
-3.9189805118110237
11
5.2584131496062989
21
-3.9165882283464568
0
LINE
8
BLACK
6
CONTINUOUS
10
5.2584131496062989
20
-3.9165882283464568
11
5.2587632283464565
21
-3.9146724409448819
0
LINE
8
BLACK
6
CONTINUOUS
10
5.2587632283464565
20
-3.9146724409448819
11
5.2590203149606296
21
-3.9132987795275591
0
LINE
8
BLACK
6
CONTINUOUS
10
5.2590203149606296
20
-3.9132987795275591
11
5.2591729921259844
21
-3.9125327952755904
0
LINE
8
BLACK
6
CONTINUOUS
10
5.2591729921259844
20
-3.9125327952755904
11
5.2592096850393704
21
-3.9123922047244095
0
LINE
8
BLACK
6
CONTINUOUS
10
5.2592096850393704
20
-3.9123922047244095
11
5.2595914960629919
21
-3.9123587795275592
0
LINE
8
BLACK
6
CONTINUOUS
10
5.2595914960629919
20
-3.9123587795275592
11
5.260565275590551
21
-3.9123430708661417
0
LINE
8
BLACK
6
CONTINUOUS
10
5.260565275590551
20
-3.9123430708661417
11
5.2620002362204721
21
-3.9123453543307085
0
LINE
8
BLACK
6
CONTINUOUS
10
5.3521674015748033
20
-3.9131127952755906
11
5.3520769685039369
21
-3.9135927559055119
0
LINE
8
BLACK
6
CONTINUOUS
10
5.3520769685039369
20
-3.9135927559055119
11
5.3518723622047242
21
-3.9147279527559053
0
LINE
8
BLACK
6
CONTINUOUS
10
5.3518723622047242
20
-3.9147279527559053
11
5.3515637007874011
21
-3.916461338582677
0
LINE
8
BLACK
6
CONTINUOUS
10
5.3515637007874011
20
-3.916461338582677
11
5.3511610236220468
21
-3.9187358661417324
0
LINE
8
BLACK
6
CONTINUOUS
10
5.3511610236220468
20
-3.9187358661417324
11
5.3506743307086611
21
-3.9214944881889764
0
LINE
8
BLACK
6
CONTINUOUS
10
5.3506743307086611
20
-3.9214944881889764
11
5.3501137401574805
21
-3.9246800787401575
0
LINE
8
BLACK
6
CONTINUOUS
10
5.3501137401574805
20
-3.9246800787401575
11
5.3494892913385828
21
-3.9282356692913383
0
LINE
8
BLACK
6
CONTINUOUS
10
5.3494892913385828
20
-3.9282356692913383
11
5.348811023622047
21
-3.9321041338582678
0
LINE
8
BLACK
6
CONTINUOUS
10
5.348811023622047
20
-3.9321041338582678
11
5.3480889763779524
21
-3.9362284251968505
0
LINE
8
BLACK
6
CONTINUOUS
10
5.3480889763779524
20
-3.9362284251968505
11
5.3473331889763775
21
-3.9405514566929134
0
LINE
8
BLACK
6
CONTINUOUS
10
5.3473331889763775
20
-3.9405514566929134
11
5.3472792125984254
21
-3.9408604724409448
0
LINE
8
BLACK
6
CONTINUOUS
10
5.3472792125984254
20
-3.9408604724409448
11
5.3465205905511812
21
-3.9452008267716536
0
LINE
8
BLACK
6
CONTINUOUS
10
5.3465205905511812
20
-3.9452008267716536
11
5.3457944094488186
21
-3.9493505511811025
0
LINE
8
BLACK
6
CONTINUOUS
10
5.3457944094488186
20
-3.9493505511811025
11
5.3451107874015751
21
-3.9532520472440944
0
LINE
8
BLACK
6
CONTINUOUS
10
5.3451107874015751
20
-3.9532520472440944
11
5.3444798425196849
21
-3.9568477559055117
0
LINE
8
BLACK
6
CONTINUOUS
10
5.3444798425196849
20
-3.9568477559055117
11
5.3439117322834644
21
-3.9600801574803151
0
LINE
8
BLACK
6
CONTINUOUS
10
5.3439117322834644
20
-3.9600801574803151
11
5.3434165354330707
21
-3.9628916141732282
0
LINE
8
BLACK
6
CONTINUOUS
10
5.3434165354330707
20
-3.9628916141732282
11
5.3430044488188972
21
-3.9652246456692914
0
LINE
8
BLACK
6
CONTINUOUS
10
5.3430044488188972
20
-3.9652246456692914
11
5.342685551181102
21
-3.9670216535433069
0
LINE
8
BLACK
6
CONTINUOUS
10
5.342685551181102
20
-3.9670216535433069
11
5.3424699999999996
21
-3.9682250393700786
0
LINE
8
BLACK
6
CONTINUOUS
10
5.3424699999999996
20
-3.9682250393700786
11
5.3423678740157481
21
-3.9687772834645667
0
LINE
8
BLACK
6
CONTINUOUS
10
5.3423678740157481
20
-3.9687772834645667
11
5.3423655118110238
21
-3.9687888582677164
0
LINE
8
BLACK
6
CONTINUOUS
10
5.3423655118110238
20
-3.9687888582677164
11
5.342156614173228
21
-3.9697831102362202
0
LINE
8
BLACK
6
CONTINUOUS
10
5.342156614173228
20
-3.9697831102362202
11
5.3369431102362199
21
-3.9697831102362202
0
LINE
8
BLACK
6
CONTINUOUS
10
5.3369431102362199
20
-3.9697831102362202
11
5.3347725196850391
21
-3.9697665748031494
0
LINE
8
BLACK
6
CONTINUOUS
10
5.3347725196850391
20
-3.9697665748031494
11
5.3332452362204723
21
-3.9697124803149606
0
LINE
8
BLACK
6
CONTINUOUS
10
5.3332452362204723
20
-3.9697124803149606
11
5.3322822047244092
21
-3.9696139370078738
0
LINE
8
BLACK
6
CONTINUOUS
10
5.3322822047244092
20
-3.9696139370078738
11
5.3318043700787401
21
-3.9694641338582675
0
LINE
8
BLACK
6
CONTINUOUS
10
5.3318043700787401
20
-3.9694641338582675
11
5.3317162204724404
21
-3.9693311811023619
0
LINE
8
BLACK
6
CONTINUOUS
10
5.3317162204724404
20
-3.9693311811023619
11
5.3317751968503933
21
-3.9689120866141732
0
LINE
8
BLACK
6
CONTINUOUS
10
5.3317751968503933
20
-3.9689120866141732
11
5.3319501181102362
21
-3.9678355118110233
0
LINE
8
BLACK
6
CONTINUOUS
10
5.3319501181102362
20
-3.9678355118110233
11
5.3322315748031492
21
-3.966156062992126
0
LINE
8
BLACK
6
CONTINUOUS
10
5.3322315748031492
20
-3.966156062992126
11
5.3326101968503936
21
-3.9639283858267715
0
LINE
8
BLACK
6
CONTINUOUS
10
5.3326101968503936
20
-3.9639283858267715
11
5.3330765748031492
21
-3.9612070866141731
0
LINE
8
BLACK
6
CONTINUOUS
10
5.3330765748031492
20
-3.9612070866141731
11
5.3336212992125986
21
-3.9580467716535432
0
LINE
8
BLACK
6
CONTINUOUS
10
5.3336212992125986
20
-3.9580467716535432
11
5.3342349606299209
21
-3.9545020866141734
0
LINE
8
BLACK
6
CONTINUOUS
10
5.3342349606299209
20
-3.9545020866141734
11
5.3349081889763781
21
-3.9506276377952756
0
LINE
8
BLACK
6
CONTINUOUS
10
5.3349081889763781
20
-3.9506276377952756
11
5.3356315748031493
21
-3.9464781102362205
0
LINE
8
BLACK
6
CONTINUOUS
10
5.3356315748031493
20
-3.9464781102362205
11
5.3363957086614171
21
-3.9421080314960628
0
LINE
8
BLACK
6
CONTINUOUS
10
5.3363957086614171
20
-3.9421080314960628
11
5.3366618110236219
21
-3.9405892913385827
0
LINE
8
BLACK
6
CONTINUOUS
10
5.3366618110236219
20
-3.9405892913385827
11
5.3416207480314961
21
-3.9122993700787401
0
LINE
8
BLACK
6
CONTINUOUS
10
5.3416207480314961
20
-3.9122993700787401
11
5.3523507480314958
21
-3.9122993700787401
0
LINE
8
BLACK
6
CONTINUOUS
10
5.3523507480314958
20
-3.9122993700787401
11
5.3521674015748033
21
-3.9131127952755906
0
LINE
8
BLACK
6
CONTINUOUS
10
5.7004823228346453
20
-3.9425422440944882
11
5.7015467322834645
21
-3.9429831496062993
0
LINE
8
BLACK
6
CONTINUOUS
10
5.7015467322834645
20
-3.9429831496062993
11
5.702361377952756
21
-3.9437977952755903
0
LINE
8
BLACK
6
CONTINUOUS
10
5.702361377952756
20
-3.9437977952755903
11
5.7028022834645666
21
-3.9448622047244095
0
LINE
8
BLACK
6
CONTINUOUS
10
5.7028022834645666
20
-3.9448622047244095
11
5.7028022834645666
21
-3.9460143307086613
0
LINE
8
BLACK
6
CONTINUOUS
10
5.7028022834645666
20
-3.9460143307086613
11
5.702361377952756
21
-3.9470787401574801
0
LINE
8
BLACK
6
CONTINUOUS
10
5.702361377952756
20
-3.9470787401574801
11
5.7015467322834645
21
-3.9478933858267715
0
LINE
8
BLACK
6
CONTINUOUS
10
5.7015467322834645
20
-3.9478933858267715
11
5.7004823228346453
21
-3.9483342913385826
0
LINE
8
BLACK
6
CONTINUOUS
10
5.7004823228346453
20
-3.9483342913385826
11
5.660536181102362
21
-3.948391023622047
0
LINE
8
BLACK
6
CONTINUOUS
10
5.660536181102362
20
-3.948391023622047
11
5.6599601181102361
21
-3.9483342913385826
0
LINE
8
BLACK
6
CONTINUOUS
10
5.6599601181102361
20
-3.9483342913385826
11
5.6588957086614169
21
-3.9478933858267715
0
LINE
8
BLACK
6
CONTINUOUS
10
5.6588957086614169
20
-3.9478933858267715
11
5.6580810629921254
21
-3.9470787401574801
0
LINE
8
BLACK
6
CONTINUOUS
10
5.6580810629921254
20
-3.9470787401574801
11
5.6576401574803148
21
-3.9460143307086613
0
LINE
8
BLACK
6
CONTINUOUS
10
5.6576401574803148
20
-3.9460143307086613
11
5.6576401574803148
21
-3.9448622047244095
0
LINE
8
BLACK
6
CONTINUOUS
10
5.6576401574803148
20
-3.9448622047244095
11
5.6580810629921254
21
-3.9437977952755903
0
LINE
8
BLACK
6
CONTINUOUS
10
5.6580810629921254
20
-3.9437977952755903
11
5.6588957086614169
21
-3.9429831496062993
0
LINE
8
BLACK
6
CONTINUOUS
10
5.6588957086614169
20
-3.9429831496062993
11
5.6599601181102361
21
-3.9425422440944882
0
LINE
8
BLACK
6
CONTINUOUS
10
5.6599601181102361
20
-3.9425422440944882
11
5.6999062598425194
21
-3.9424855118110234
0
LINE
8
BLACK
6
CONTINUOUS
10
5.6999062598425194
20
-3.9424855118110234
11
5.7004823228346453
21
-3.9425422440944882
0
LINE
8
BLACK
6
CONTINUOUS
10
5.8788946456692912
20
-3.9015457086614171
11
5.8797093307086614
21
-3.9023603937007874
0
LINE
8
BLACK
6
CONTINUOUS
10
5.8797093307086614
20
-3.9023603937007874
11
5.8801502362204721
21
-3.9034248031496062
0
LINE
8
BLACK
6
CONTINUOUS
10
5.8801502362204721
20
-3.9034248031496062
11
5.8801502362204721
21
-3.9045768897637796
0
LINE
8
BLACK
6
CONTINUOUS
10
5.8801502362204721
20
-3.9045768897637796
11
5.8797093307086614
21
-3.9056412992125984
0
LINE
8
BLACK
6
CONTINUOUS
10
5.8797093307086614
20
-3.9056412992125984
11
5.877896692913386
21
-3.907518779527559
0
LINE
8
BLACK
6
CONTINUOUS
10
5.877896692913386
20
-3.907518779527559
11
5.8764160236220473
21
-3.912093307086614
0
LINE
8
BLACK
6
CONTINUOUS
10
5.8764160236220473
20
-3.912093307086614
11
5.8764528740157482
21
-3.9149034645669292
0
LINE
8
BLACK
6
CONTINUOUS
10
5.8764528740157482
20
-3.9149034645669292
11
5.8779827559055118
21
-3.919362992125984
0
LINE
8
BLACK
6
CONTINUOUS
10
5.8779827559055118
20
-3.919362992125984
11
5.880964015748031
21
-3.9222872834645668
0
LINE
8
BLACK
6
CONTINUOUS
10
5.880964015748031
20
-3.9222872834645668
11
5.8841061417322837
21
-3.9238118897637793
0
LINE
8
BLACK
6
CONTINUOUS
10
5.8841061417322837
20
-3.9238118897637793
11
5.8909220078740159
21
-3.9254664566929134
0
LINE
8
BLACK
6
CONTINUOUS
10
5.8909220078740159
20
-3.9254664566929134
11
5.8958342913385824
21
-3.9254214960629921
0
LINE
8
BLACK
6
CONTINUOUS
10
5.8958342913385824
20
-3.9254214960629921
11
5.902662244094488
21
-3.9236648818897635
0
LINE
8
BLACK
6
CONTINUOUS
10
5.902662244094488
20
-3.9236648818897635
11
5.9056203937007874
21
-3.9221415748031494
0
LINE
8
BLACK
6
CONTINUOUS
10
5.9056203937007874
20
-3.9221415748031494
11
5.9084861417322836
21
-3.9192199999999997
0
LINE
8
BLACK
6
CONTINUOUS
10
5.9084861417322836
20
-3.9192199999999997
11
5.9099633858267717
21
-3.9146559448818898
0
LINE
8
BLACK
6
CONTINUOUS
10
5.9099633858267717
20
-3.9146559448818898
11
5.9099265354330708
21
-3.9118457480314959
0
LINE
8
BLACK
6
CONTINUOUS
10
5.9099265354330708
20
-3.9118457480314959
11
5.9084043307086613
21
-3.9074085039370079
0
LINE
8
BLACK
6
CONTINUOUS
10
5.9084043307086613
20
-3.9074085039370079
11
5.9070373228346451
21
-3.906088779527559
0
LINE
8
BLACK
6
CONTINUOUS
10
5.9070373228346451
20
-3.906088779527559
11
5.9066700787401576
21
-3.9056412992125984
0
LINE
8
BLACK
6
CONTINUOUS
10
5.9066700787401576
20
-3.9056412992125984
11
5.9062291732283461
21
-3.9045768897637796
0
LINE
8
BLACK
6
CONTINUOUS
10
5.9062291732283461
20
-3.9045768897637796
11
5.9062291732283461
21
-3.9034248031496062
0
LINE
8
BLACK
6
CONTINUOUS
10
5.9062291732283461
20
-3.9034248031496062
11
5.9066700393700788
21
-3.9023603937007874
0
LINE
8
BLACK
6
CONTINUOUS
10
5.9066700393700788
20
-3.9023603937007874
11
5.9074847244094491
21
-3.9015457086614171
0
LINE
8
BLACK
6
CONTINUOUS
10
5.9074847244094491
20
-3.9015457086614171
11
5.9085491338582674
21
-3.9011048031496061
0
LINE
8
BLACK
6
CONTINUOUS
10
5.9085491338582674
20
-3.9011048031496061
11
5.9097012204724404
21
-3.9011048031496061
0
LINE
8
BLACK
6
CONTINUOUS
10
5.9097012204724404
20
-3.9011048031496061
11
5.9107656299212596
21
-3.9015456692913384
0
LINE
8
BLACK
6
CONTINUOUS
10
5.9107656299212596
20
-3.9015456692913384
11
5.9130878740157478
21
-3.9037876377952756
0
LINE
8
BLACK
6
CONTINUOUS
10
5.9130878740157478
20
-3.9037876377952756
11
5.9134551181102362
21
-3.9042351181102362
0
LINE
8
BLACK
6
CONTINUOUS
10
5.9134551181102362
20
-3.9042351181102362
11
5.9134956692913381
21
-3.9043330708661417
0
LINE
8
BLACK
6
CONTINUOUS
10
5.9134956692913381
20
-3.9043330708661417
11
5.9135652362204727
21
-3.9044132677165355
0
LINE
8
BLACK
6
CONTINUOUS
10
5.9135652362204727
20
-3.9044132677165355
11
5.9137403149606298
21
-3.9049236220472441
0
LINE
8
BLACK
6
CONTINUOUS
10
5.9137403149606298
20
-3.9049236220472441
11
5.9138960236220468
21
-3.905299527559055
0
LINE
8
BLACK
6
CONTINUOUS
10
5.9138960236220468
20
-3.905299527559055
11
5.9138960236220468
21
-3.9053774803149603
0
LINE
8
BLACK
6
CONTINUOUS
10
5.9138960236220468
20
-3.9053774803149603
11
5.9156759842519682
21
-3.9105661023622047
0
LINE
8
BLACK
6
CONTINUOUS
10
5.9156759842519682
20
-3.9105661023622047
11
5.9157409055118109
21
-3.9108517322834646
0
LINE
8
BLACK
6
CONTINUOUS
10
5.9157409055118109
20
-3.9108517322834646
11
5.9157707874015744
21
-3.9109238188976376
0
LINE
8
BLACK
6
CONTINUOUS
10
5.9157707874015744
20
-3.9109238188976376
11
5.9157715748031494
21
-3.9109866535433069
0
LINE
8
BLACK
6
CONTINUOUS
10
5.9157715748031494
20
-3.9109866535433069
11
5.915804330708661
21
-3.9111305511811021
0
LINE
8
BLACK
6
CONTINUOUS
10
5.915804330708661
20
-3.9111305511811021
11
5.9157782677165356
21
-3.9114966929133859
0
LINE
8
BLACK
6
CONTINUOUS
10
5.9157782677165356
20
-3.9114966929133859
11
5.9158275196850392
21
-3.9152494094488186
0
LINE
8
BLACK
6
CONTINUOUS
10
5.9158275196850392
20
-3.9152494094488186
11
5.9157987795275586
21
-3.9155409842519684
0
LINE
8
BLACK
6
CONTINUOUS
10
5.9157987795275586
20
-3.9155409842519684
11
5.915804330708661
21
-3.91561874015748
0
LINE
8
BLACK
6
CONTINUOUS
10
5.915804330708661
20
-3.91561874015748
11
5.9157853543307084
21
-3.915677283464567
0
LINE
8
BLACK
6
CONTINUOUS
10
5.9157853543307084
20
-3.915677283464567
11
5.9157707874015744
21
-3.9158254724409449
0
LINE
8
BLACK
6
CONTINUOUS
10
5.9157707874015744
20
-3.9158254724409449
11
5.9156181102362204
21
-3.9161939763779525
0
LINE
8
BLACK
6
CONTINUOUS
10
5.9156181102362204
20
-3.9161939763779525
11
5.9138012204724406
21
-3.9218074409448818
0
LINE
8
BLACK
6
CONTINUOUS
10
5.9138012204724406
20
-3.9218074409448818
11
5.9135652362204727
21
-3.922336023622047
0
LINE
8
BLACK
6
CONTINUOUS
10
5.9135652362204727
20
-3.922336023622047
11
5.9134957480314956
21
-3.9224161023622046
0
LINE
8
BLACK
6
CONTINUOUS
10
5.9134957480314956
20
-3.9224161023622046
11
5.9134551574803149
21
-3.9225141732283464
0
LINE
8
BLACK
6
CONTINUOUS
10
5.9134551574803149
20
-3.9225141732283464
11
5.9130713779527557
21
-3.9229053937007872
0
LINE
8
BLACK
6
CONTINUOUS
10
5.9130713779527557
20
-3.9229053937007872
11
5.9128103543307082
21
-3.9232063779527557
0
LINE
8
BLACK
6
CONTINUOUS
10
5.9128103543307082
20
-3.9232063779527557
11
5.912743267716535
21
-3.9232398818897636
0
LINE
8
BLACK
6
CONTINUOUS
10
5.912743267716535
20
-3.9232398818897636
11
5.9093383464566926
21
-3.9267111417322833
0
LINE
8
BLACK
6
CONTINUOUS
10
5.9093383464566926
20
-3.9267111417322833
11
5.9091119685039368
21
-3.9268968897637793
0
LINE
8
BLACK
6
CONTINUOUS
10
5.9091119685039368
20
-3.9268968897637793
11
5.9090608267716531
21
-3.9269559055118108
0
LINE
8
BLACK
6
CONTINUOUS
10
5.9090608267716531
20
-3.9269559055118108
11
5.9090051968503934
21
-3.9269845275590551
0
LINE
8
BLACK
6
CONTINUOUS
10
5.9090051968503934
20
-3.9269845275590551
11
5.9088908661417321
21
-3.9270783858267717
0
LINE
8
BLACK
6
CONTINUOUS
10
5.9088908661417321
20
-3.9270783858267717
11
5.9085439370078738
21
-3.9272220472440944
0
LINE
8
BLACK
6
CONTINUOUS
10
5.9085439370078738
20
-3.9272220472440944
11
5.9048214173228342
21
-3.9291390157480315
0
LINE
8
BLACK
6
CONTINUOUS
10
5.9048214173228342
20
-3.9291390157480315
11
5.9047792913385821
21
-3.929155118110236
0
LINE
8
BLACK
6
CONTINUOUS
10
5.9047792913385821
20
-3.929155118110236
11
5.904762165354331
21
-3.9291678346456691
0
LINE
8
BLACK
6
CONTINUOUS
10
5.904762165354331
20
-3.9291678346456691
11
5.904713149606299
21
-3.929180433070866
0
LINE
8
BLACK
6
CONTINUOUS
10
5.904713149606299
20
-3.929180433070866
11
5.904280787401575
21
-3.929345905511811
0
LINE
8
BLACK
6
CONTINUOUS
10
5.904280787401575
20
-3.929345905511811
11
5.903989566929134
21
-3.9293665748031494
0
LINE
8
BLACK
6
CONTINUOUS
10
5.903989566929134
20
-3.9293665748031494
11
5.8967179921259838
21
-3.9312373622047243
0
LINE
8
BLACK
6
CONTINUOUS
10
5.8967179921259838
20
-3.9312373622047243
11
5.8966181102362203
21
-3.9312521259842517
0
LINE
8
BLACK
6
CONTINUOUS
10
5.8966181102362203
20
-3.9312521259842517
11
5.8965779133858263
21
-3.9312687795275592
0
LINE
8
BLACK
6
CONTINUOUS
10
5.8965779133858263
20
-3.9312687795275592
11
5.8965006692913384
21
-3.9312694488188975
0
LINE
8
BLACK
6
CONTINUOUS
10
5.8965006692913384
20
-3.9312694488188975
11
5.8961453937007873
21
-3.9313220078740159
0
LINE
8
BLACK
6
CONTINUOUS
10
5.8961453937007873
20
-3.9313220078740159
11
5.8958334251968498
21
-3.9312755905511811
0
LINE
8
BLACK
6
CONTINUOUS
10
5.8958334251968498
20
-3.9312755905511811
11
5.8903775590551177
21
-3.9313255118110235
0
LINE
8
BLACK
6
CONTINUOUS
10
5.8903775590551177
20
-3.9313255118110235
11
5.8902770078740154
21
-3.931315590551181
0
LINE
8
BLACK
6
CONTINUOUS
10
5.8902770078740154
20
-3.931315590551181
11
5.8902340157480317
21
-3.9313220078740159
0
LINE
8
BLACK
6
CONTINUOUS
10
5.8902340157480317
20
-3.9313220078740159
11
5.8901603149606299
21
-3.9313040944881887
0
LINE
8
BLACK
6
CONTINUOUS
10
5.8901603149606299
20
-3.9313040944881887
11
5.8898014960629919
21
-3.9312687795275592
0
LINE
8
BLACK
6
CONTINUOUS
10
5.8898014960629919
20
-3.9312687795275592
11
5.8894995669291337
21
-3.9311437007874015
0
LINE
8
BLACK
6
CONTINUOUS
10
5.8894995669291337
20
-3.9311437007874015
11
5.8821623622047241
21
-3.9293625984251968
0
LINE
8
BLACK
6
CONTINUOUS
10
5.8821623622047241
20
-3.9293625984251968
11
5.8821198425196846
21
-3.9293474015748031
0
LINE
8
BLACK
6
CONTINUOUS
10
5.8821198425196846
20
-3.9293474015748031
11
5.8820985826771652
21
-3.929345905511811
0
LINE
8
BLACK
6
CONTINUOUS
10
5.8820985826771652
20
-3.929345905511811
11
5.8820509055118109
21
-3.9293227559055119
0
LINE
8
BLACK
6
CONTINUOUS
10
5.8820509055118109
20
-3.9293227559055119
11
5.8816172440944881
21
-3.9291678346456691
0
LINE
8
BLACK
6
CONTINUOUS
10
5.8816172440944881
20
-3.9291678346456691
11
5.8814002755905515
21
-3.9290070866141731
0
LINE
8
BLACK
6
CONTINUOUS
10
5.8814002755905515
20
-3.9290070866141731
11
5.8778084645669288
21
-3.9272642519685039
0
LINE
8
BLACK
6
CONTINUOUS
10
5.8778084645669288
20
-3.9272642519685039
11
5.8775606299212599
21
-3.9271082283464565
0
LINE
8
BLACK
6
CONTINUOUS
10
5.8775606299212599
20
-3.9271082283464565
11
5.8774885039370082
21
-3.9270783858267717
0
LINE
8
BLACK
6
CONTINUOUS
10
5.8774885039370082
20
-3.9270783858267717
11
5.8774442913385823
21
-3.9270350393700788
0
LINE
8
BLACK
6
CONTINUOUS
10
5.8774442913385823
20
-3.9270350393700788
11
5.877318582677165
21
-3.9269559055118108
0
LINE
8
BLACK
6
CONTINUOUS
10
5.877318582677165
20
-3.9269559055118108
11
5.8770618897637794
21
-3.9266599212598425
0
LINE
8
BLACK
6
CONTINUOUS
10
5.8770618897637794
20
-3.9266599212598425
11
5.8732915354330704
21
-3.9229616141732282
0
LINE
8
BLACK
6
CONTINUOUS
10
5.8732915354330704
20
-3.9229616141732282
11
5.8729243307086616
21
-3.9225141732283464
0
LINE
8
BLACK
6
CONTINUOUS
10
5.8729243307086616
20
-3.9225141732283464
11
5.8728837007874013
21
-3.9224161023622046
0
LINE
8
BLACK
6
CONTINUOUS
10
5.8728837007874013
20
-3.9224161023622046
11
5.8728142125984251
21
-3.9223359842519683
0
LINE
8
BLACK
6
CONTINUOUS
10
5.8728142125984251
20
-3.9223359842519683
11
5.872639133858268
21
-3.9218256692913385
0
LINE
8
BLACK
6
CONTINUOUS
10
5.872639133858268
20
-3.9218256692913385
11
5.8724834251968501
21
-3.9214497244094488
0
LINE
8
BLACK
6
CONTINUOUS
10
5.8724834251968501
20
-3.9214497244094488
11
5.8724834251968501
21
-3.9213717322834647
0
LINE
8
BLACK
6
CONTINUOUS
10
5.8724834251968501
20
-3.9213717322834647
11
5.8707034645669287
21
-3.9161831496062991
0
LINE
8
BLACK
6
CONTINUOUS
10
5.8707034645669287
20
-3.9161831496062991
11
5.8706385039370081
21
-3.9158975590551179
0
LINE
8
BLACK
6
CONTINUOUS
10
5.8706385039370081
20
-3.9158975590551179
11
5.8706086614173225
21
-3.9158254724409449
0
LINE
8
BLACK
6
CONTINUOUS
10
5.8706086614173225
20
-3.9158254724409449
11
5.8706078346456696
21
-3.9157625590551182
0
LINE
8
BLACK
6
CONTINUOUS
10
5.8706078346456696
20
-3.9157625590551182
11
5.8705751181102359
21
-3.9156187007874017
0
LINE
8
BLACK
6
CONTINUOUS
10
5.8705751181102359
20
-3.9156187007874017
11
5.8706011417322834
21
-3.9152525196850392
0
LINE
8
BLACK
6
CONTINUOUS
10
5.8706011417322834
20
-3.9152525196850392
11
5.8705519291338577
21
-3.9114998818897635
0
LINE
8
BLACK
6
CONTINUOUS
10
5.8705519291338577
20
-3.9114998818897635
11
5.8705806299212595
21
-3.9112083070866142
0
LINE
8
BLACK
6
CONTINUOUS
10
5.8705806299212595
20
-3.9112083070866142
11
5.8705751181102359
21
-3.9111305905511808
0
LINE
8
BLACK
6
CONTINUOUS
10
5.8705751181102359
20
-3.9111305905511808
11
5.8705940551181097
21
-3.9110720472440943
0
LINE
8
BLACK
6
CONTINUOUS
10
5.8705940551181097
20
-3.9110720472440943
11
5.8706086614173225
21
-3.9109238188976376
0
LINE
8
BLACK
6
CONTINUOUS
10
5.8706086614173225
20
-3.9109238188976376
11
5.8707613385826773
21
-3.910555157480315
0
LINE
8
BLACK
6
CONTINUOUS
10
5.8707613385826773
20
-3.910555157480315
11
5.8725782283464563
21
-3.9049418503937008
0
LINE
8
BLACK
6
CONTINUOUS
10
5.8725782283464563
20
-3.9049418503937008
11
5.8728142125984251
21
-3.9044133070866143
0
LINE
8
BLACK
6
CONTINUOUS
10
5.8728142125984251
20
-3.9044133070866143
11
5.8728837007874013
21
-3.9043331496062992
0
LINE
8
BLACK
6
CONTINUOUS
10
5.8728837007874013
20
-3.9043331496062992
11
5.8729243307086616
21
-3.9042351181102362
0
LINE
8
BLACK
6
CONTINUOUS
10
5.8729243307086616
20
-3.9042351181102362
11
5.8733614566929129
21
-3.903782283464567
0
LINE
8
BLACK
6
CONTINUOUS
10
5.8733614566929129
20
-3.903782283464567
11
5.8735690944881886
21
-3.9035429527559056
0
LINE
8
BLACK
6
CONTINUOUS
10
5.8735690944881886
20
-3.9035429527559056
11
5.8736144881889762
21
-3.9035202362204724
0
LINE
8
BLACK
6
CONTINUOUS
10
5.8736144881889762
20
-3.9035202362204724
11
5.8751662992125979
21
-3.9019129133858268
0
LINE
8
BLACK
6
CONTINUOUS
10
5.8751662992125979
20
-3.9019129133858268
11
5.8756137401574806
21
-3.9015457086614171
0
LINE
8
BLACK
6
CONTINUOUS
10
5.8756137401574806
20
-3.9015457086614171
11
5.876678149606299
21
-3.9011048031496061
0
LINE
8
BLACK
6
CONTINUOUS
10
5.876678149606299
20
-3.9011048031496061
11
5.877830236220472
21
-3.9011048031496061
0
LINE
8
BLACK
6
CONTINUOUS
10
5.877830236220472
20
-3.9011048031496061
11
5.8788946456692912
21
-3.9015457086614171
0
LINE
8
BLACK
6
CONTINUOUS
10
5.7004823228346453
20
-3.8975479133858268
11
5.7015467322834645
21
-3.8979888188976375
0
LINE
8
BLACK
6
CONTINUOUS
10
5.7015467322834645
20
-3.8979888188976375
11
5.702361377952756
21
-3.8988034645669289
0
LINE
8
BLACK
6
CONTINUOUS
10
5.702361377952756
20
-3.8988034645669289
11
5.7028022834645666
21
-3.8998678740157477
0
LINE
8
BLACK
6
CONTINUOUS
10
5.7028022834645666
20
-3.8998678740157477
11
5.7028022834645666
21
-3.9010199999999999
0
LINE
8
BLACK
6
CONTINUOUS
10
5.7028022834645666
20
-3.9010199999999999
11
5.702361377952756
21
-3.9020844094488187
0
LINE
8
BLACK
6
CONTINUOUS
10
5.702361377952756
20
-3.9020844094488187
11
5.7015467322834645
21
-3.9028990551181102
0
LINE
8
BLACK
6
CONTINUOUS
10
5.7015467322834645
20
-3.9028990551181102
11
5.7004823228346453
21
-3.9033399606299213
0
LINE
8
BLACK
6
CONTINUOUS
10
5.7004823228346453
20
-3.9033399606299213
11
5.6737300787401574
21
-3.9033779527559056
0
LINE
8
BLACK
6
CONTINUOUS
10
5.6737300787401574
20
-3.9033779527559056
11
5.6899063385826771
21
-3.9108915354330707
0
LINE
8
BLACK
6
CONTINUOUS
10
5.6899063385826771
20
-3.9108915354330707
11
5.6901173228346451
21
-3.9110164960629921
0
LINE
8
BLACK
6
CONTINUOUS
10
5.6901173228346451
20
-3.9110164960629921
11
5.6901887007874015
21
-3.9110424803149604
0
LINE
8
BLACK
6
CONTINUOUS
10
5.6901887007874015
20
-3.9110424803149604
11
5.6902391732283464
21
-3.9110887007874013
0
LINE
8
BLACK
6
CONTINUOUS
10
5.6902391732283464
20
-3.9110887007874013
11
5.6904043700787401
21
-3.9111865748031494
0
LINE
8
BLACK
6
CONTINUOUS
10
5.6904043700787401
20
-3.9111865748031494
11
5.6907074015748034
21
-3.9115174803149606
0
LINE
8
BLACK
6
CONTINUOUS
10
5.6907074015748034
20
-3.9115174803149606
11
5.6910383858267712
21
-3.9118205905511809
0
LINE
8
BLACK
6
CONTINUOUS
10
5.6910383858267712
20
-3.9118205905511809
11
5.691093858267716
21
-3.9119394881889762
0
LINE
8
BLACK
6
CONTINUOUS
10
5.691093858267716
20
-3.9119394881889762
11
5.6911824409448819
21
-3.9120362204724408
0
LINE
8
BLACK
6
CONTINUOUS
10
5.6911824409448819
20
-3.9120362204724408
11
5.6913357480314959
21
-3.9124578346456693
0
LINE
8
BLACK
6
CONTINUOUS
10
5.6913357480314959
20
-3.9124578346456693
11
5.6915255905511808
21
-3.9128646062992125
0
LINE
8
BLACK
6
CONTINUOUS
10
5.6915255905511808
20
-3.9128646062992125
11
5.6915313385826769
21
-3.9129956299212596
0
LINE
8
BLACK
6
CONTINUOUS
10
5.6915313385826769
20
-3.9129956299212596
11
5.691576181102362
21
-3.9131189370078738
0
LINE
8
BLACK
6
CONTINUOUS
10
5.691576181102362
20
-3.9131189370078738
11
5.6915564566929131
21
-3.9135672834645669
0
LINE
8
BLACK
6
CONTINUOUS
10
5.6915564566929131
20
-3.9135672834645669
11
5.691576181102362
21
-3.9140156299212596
0
LINE
8
BLACK
6
CONTINUOUS
10
5.691576181102362
20
-3.9140156299212596
11
5.6915313385826769
21
-3.9141388976377951
0
LINE
8
BLACK
6
CONTINUOUS
10
5.6915313385826769
20
-3.9141388976377951
11
5.6915255905511808
21
-3.9142699606299214
0
LINE
8
BLACK
6
CONTINUOUS
10
5.6915255905511808
20
-3.9142699606299214
11
5.6913357480314959
21
-3.9146766929133858
0
LINE
8
BLACK
6
CONTINUOUS
10
5.6913357480314959
20
-3.9146766929133858
11
5.6911824409448819
21
-3.9150983464566926
0
LINE
8
BLACK
6
CONTINUOUS
10
5.6911824409448819
20
-3.9150983464566926
11
5.691093858267716
21
-3.9151950393700785
0
LINE
8
BLACK
6
CONTINUOUS
10
5.691093858267716
20
-3.9151950393700785
11
5.6910383858267712
21
-3.9153139763779525
0
LINE
8
BLACK
6
CONTINUOUS
10
5.6910383858267712
20
-3.9153139763779525
11
5.6907074015748034
21
-3.9156170472440945
0
LINE
8
BLACK
6
CONTINUOUS
10
5.6907074015748034
20
-3.9156170472440945
11
5.6904043700787401
21
-3.9159479921259841
0
LINE
8
BLACK
6
CONTINUOUS
10
5.6904043700787401
20
-3.9159479921259841
11
5.6902848425196852
21
-3.9160040157480314
0
LINE
8
BLACK
6
CONTINUOUS
10
5.6902848425196852
20
-3.9160040157480314
11
5.6901887007874015
21
-3.9160920866141731
0
LINE
8
BLACK
6
CONTINUOUS
10
5.6901887007874015
20
-3.9160920866141731
11
5.6897802755905511
21
-3.916240590551181
0
LINE
8
BLACK
6
CONTINUOUS
10
5.6897802755905511
20
-3.916240590551181
11
5.6737102755905511
21
-3.9237750393700788
0
LINE
8
BLACK
6
CONTINUOUS
10
5.6737102755905511
20
-3.9237750393700788
11
5.6999062598425194
21
-3.9237378740157478
0
LINE
8
BLACK
6
CONTINUOUS
10
5.6999062598425194
20
-3.9237378740157478
11
5.7004823228346453
21
-3.9237946062992126
0
LINE
8
BLACK
6
CONTINUOUS
10
5.7004823228346453
20
-3.9237946062992126
11
5.7015467322834645
21
-3.9242355118110237
0
LINE
8
BLACK
6
CONTINUOUS
10
5.7015467322834645
20
-3.9242355118110237
11
5.702361377952756
21
-3.9250501574803147
0
LINE
8
BLACK
6
CONTINUOUS
10
5.702361377952756
20
-3.9250501574803147
11
5.7028022834645666
21
-3.926114566929134
0
LINE
8
BLACK
6
CONTINUOUS
10
5.7028022834645666
20
-3.926114566929134
11
5.7028022834645666
21
-3.9272666929133857
0
LINE
8
BLACK
6
CONTINUOUS
10
5.7028022834645666
20
-3.9272666929133857
11
5.702361377952756
21
-3.9283311023622045
0
LINE
8
BLACK
6
CONTINUOUS
10
5.702361377952756
20
-3.9283311023622045
11
5.7015467322834645
21
-3.929145748031496
0
LINE
8
BLACK
6
CONTINUOUS
10
5.7015467322834645
20
-3.929145748031496
11
5.7004823228346453
21
-3.9295866535433071
0
LINE
8
BLACK
6
CONTINUOUS
10
5.7004823228346453
20
-3.9295866535433071
11
5.660536181102362
21
-3.9296433858267714
0
LINE
8
BLACK
6
CONTINUOUS
10
5.660536181102362
20
-3.9296433858267714
11
5.6601573622047239
21
-3.9296060629921259
0
LINE
8
BLACK
6
CONTINUOUS
10
5.6601573622047239
20
-3.9296060629921259
11
5.6600878346456689
21
-3.9296091338582677
0
LINE
8
BLACK
6
CONTINUOUS
10
5.6600878346456689
20
-3.9296091338582677
11
5.6600504724409451
21
-3.9295955511811025
0
LINE
8
BLACK
6
CONTINUOUS
10
5.6600504724409451
20
-3.9295955511811025
11
5.6599601181102361
21
-3.9295866535433071
0
LINE
8
BLACK
6
CONTINUOUS
10
5.6599601181102361
20
-3.9295866535433071
11
5.6594866141732281
21
-3.9293905118110235
0
LINE
8
BLACK
6
CONTINUOUS
10
5.6594866141732281
20
-3.9293905118110235
11
5.6590051181102359
21
-3.929215433070866
0
LINE
8
BLACK
6
CONTINUOUS
10
5.6590051181102359
20
-3.929215433070866
11
5.6589565354330711
21
-3.9291709448818897
0
LINE
8
BLACK
6
CONTINUOUS
10
5.6589565354330711
20
-3.9291709448818897
11
5.6588957086614169
21
-3.929145748031496
0
LINE
8
BLACK
6
CONTINUOUS
10
5.6588957086614169
20
-3.929145748031496
11
5.6585332677165354
21
-3.9287833070866141
0
LINE
8
BLACK
6
CONTINUOUS
10
5.6585332677165354
20
-3.9287833070866141
11
5.6581554724409449
21
-3.9284373228346454
0
LINE
8
BLACK
6
CONTINUOUS
10
5.6581554724409449
20
-3.9284373228346454
11
5.6581275984251969
21
-3.9283776377952755
0
LINE
8
BLACK
6
CONTINUOUS
10
5.6581275984251969
20
-3.9283776377952755
11
5.6580810629921254
21
-3.9283311023622045
0
LINE
8
BLACK
6
CONTINUOUS
10
5.6580810629921254
20
-3.9283311023622045
11
5.6578850000000003
21
-3.9278577952755906
0
LINE
8
BLACK
6
CONTINUOUS
10
5.6578850000000003
20
-3.9278577952755906
11
5.6576682283464566
21
-3.9273933070866143
0
LINE
8
BLACK
6
CONTINUOUS
10
5.6576682283464566
20
-3.9273933070866143
11
5.6576653149606297
21
-3.9273274803149607
0
LINE
8
BLACK
6
CONTINUOUS
10
5.6576653149606297
20
-3.9273274803149607
11
5.6576401574803148
21
-3.9272666929133857
0
LINE
8
BLACK
6
CONTINUOUS
10
5.6576401574803148
20
-3.9272666929133857
11
5.6576401574803148
21
-3.9267541338582674
0
LINE
8
BLACK
6
CONTINUOUS
10
5.6576401574803148
20
-3.9267541338582674
11
5.6576176771653541
21
-3.9262422834645667
0
LINE
8
BLACK
6
CONTINUOUS
10
5.6576176771653541
20
-3.9262422834645667
11
5.6576401574803148
21
-3.9261804330708658
0
LINE
8
BLACK
6
CONTINUOUS
10
5.6576401574803148
20
-3.9261804330708658
11
5.6576401574803148
21
-3.926114566929134
0
LINE
8
BLACK
6
CONTINUOUS
10
5.6576401574803148
20
-3.926114566929134
11
5.6578362598425196
21
-3.9256410629921259
0
LINE
8
BLACK
6
CONTINUOUS
10
5.6578362598425196
20
-3.9256410629921259
11
5.6580113779527554
21
-3.9251595669291337
0
LINE
8
BLACK
6
CONTINUOUS
10
5.6580113779527554
20
-3.9251595669291337
11
5.658055826771653
21
-3.9251109842519685
0
LINE
8
BLACK
6
CONTINUOUS
10
5.658055826771653
20
-3.9251109842519685
11
5.6580810629921254
21
-3.9250501574803147
0
LINE
8
BLACK
6
CONTINUOUS
10
5.6580810629921254
20
-3.9250501574803147
11
5.658443464566929
21
-3.9246877165354328
0
LINE
8
BLACK
6
CONTINUOUS
10
5.658443464566929
20
-3.9246877165354328
11
5.658789488188976
21
-3.9243099212598422
0
LINE
8
BLACK
6
CONTINUOUS
10
5.658789488188976
20
-3.9243099212598422
11
5.6588493700787401
21
-3.9242818110236222
0
LINE
8
BLACK
6
CONTINUOUS
10
5.6588493700787401
20
-3.9242818110236222
11
5.6588957086614169
21
-3.9242355118110237
0
LINE
8
BLACK
6
CONTINUOUS
10
5.6588957086614169
20
-3.9242355118110237
11
5.659346141732283
21
-3.9240488976377952
0
LINE
8
BLACK
6
CONTINUOUS
10
5.659346141732283
20
-3.9240488976377952
11
5.6817410236220471
21
-3.913548937007874
0
LINE
8
BLACK
6
CONTINUOUS
10
5.6817410236220471
20
-3.913548937007874
11
5.659287519685039
21
-3.9031196850393699
0
LINE
8
BLACK
6
CONTINUOUS
10
5.659287519685039
20
-3.9031196850393699
11
5.6589601181102358
21
-3.9029257480314961
0
LINE
8
BLACK
6
CONTINUOUS
10
5.6589601181102358
20
-3.9029257480314961
11
5.6588957086614169
21
-3.9028990551181102
0
LINE
8
BLACK
6
CONTINUOUS
10
5.6588957086614169
20
-3.9028990551181102
11
5.6588675196850389
21
-3.9028708661417322
0
LINE
8
BLACK
6
CONTINUOUS
10
5.6588675196850389
20
-3.9028708661417322
11
5.658789488188976
21
-3.9028246456692912
0
LINE
8
BLACK
6
CONTINUOUS
10
5.658789488188976
20
-3.9028246456692912
11
5.658443464566929
21
-3.9024468110236219
0
LINE
8
BLACK
6
CONTINUOUS
10
5.658443464566929
20
-3.9024468110236219
11
5.6580810629921254
21
-3.9020844094488187
0
LINE
8
BLACK
6
CONTINUOUS
10
5.6580810629921254
20
-3.9020844094488187
11
5.658055826771653
21
-3.9020235433070867
0
LINE
8
BLACK
6
CONTINUOUS
10
5.658055826771653
20
-3.9020235433070867
11
5.6580113779527554
21
-3.9019749999999997
0
LINE
8
BLACK
6
CONTINUOUS
10
5.6580113779527554
20
-3.9019749999999997
11
5.6578362598425196
21
-3.9014934645669292
0
LINE
8
BLACK
6
CONTINUOUS
10
5.6578362598425196
20
-3.9014934645669292
11
5.6576401574803148
21
-3.9010199999999999
0
LINE
8
BLACK
6
CONTINUOUS
10
5.6576401574803148
20
-3.9010199999999999
11
5.6576401574803148
21
-3.9009540944881889
0
LINE
8
BLACK
6
CONTINUOUS
10
5.6576401574803148
20
-3.9009540944881889
11
5.6576176771653541
21
-3.9008922834645667
0
LINE
8
BLACK
6
CONTINUOUS
10
5.6576176771653541
20
-3.9008922834645667
11
5.6576401574803148
21
-3.9003803937007873
0
LINE
8
BLACK
6
CONTINUOUS
10
5.6576401574803148
20
-3.9003803937007873
11
5.6576401574803148
21
-3.8998678740157477
0
LINE
8
BLACK
6
CONTINUOUS
10
5.6576401574803148
20
-3.8998678740157477
11
5.6576653149606297
21
-3.8998070472440944
0
LINE
8
BLACK
6
CONTINUOUS
10
5.6576653149606297
20
-3.8998070472440944
11
5.6576682283464566
21
-3.8997412598425196
0
LINE
8
BLACK
6
CONTINUOUS
10
5.6576682283464566
20
-3.8997412598425196
11
5.6578850000000003
21
-3.8992767322834645
0
LINE
8
BLACK
6
CONTINUOUS
10
5.6578850000000003
20
-3.8992767322834645
11
5.6580810629921254
21
-3.8988034645669289
0
LINE
8
BLACK
6
CONTINUOUS
10
5.6580810629921254
20
-3.8988034645669289
11
5.6581275984251969
21
-3.8987568897637797
0
LINE
8
BLACK
6
CONTINUOUS
10
5.6581275984251969
20
-3.8987568897637797
11
5.6581554724409449
21
-3.898697244094488
0
LINE
8
BLACK
6
CONTINUOUS
10
5.6581554724409449
20
-3.898697244094488
11
5.6585332677165354
21
-3.8983512204724406
0
LINE
8
BLACK
6
CONTINUOUS
10
5.6585332677165354
20
-3.8983512204724406
11
5.6588957086614169
21
-3.8979888188976375
0
LINE
8
BLACK
6
CONTINUOUS
10
5.6588957086614169
20
-3.8979888188976375
11
5.6589565354330711
21
-3.8979635826771655
0
LINE
8
BLACK
6
CONTINUOUS
10
5.6589565354330711
20
-3.8979635826771655
11
5.6590051181102359
21
-3.8979191338582675
0
LINE
8
BLACK
6
CONTINUOUS
10
5.6590051181102359
20
-3.8979191338582675
11
5.6594866141732281
21
-3.8977440157480312
0
LINE
8
BLACK
6
CONTINUOUS
10
5.6594866141732281
20
-3.8977440157480312
11
5.6599601181102361
21
-3.8975479133858268
0
LINE
8
BLACK
6
CONTINUOUS
10
5.6599601181102361
20
-3.8975479133858268
11
5.6600262598425193
21
-3.8975477952755906
0
LINE
8
BLACK
6
CONTINUOUS
10
5.6600262598425193
20
-3.8975477952755906
11
5.6600878346456689
21
-3.8975254330708662
0
LINE
8
BLACK
6
CONTINUOUS
10
5.6600878346456689
20
-3.8975254330708662
11
5.6605796456692916
21
-3.8975470078740155
0
LINE
8
BLACK
6
CONTINUOUS
10
5.6605796456692916
20
-3.8975470078740155
11
5.6999062598425194
21
-3.897491181102362
0
LINE
8
BLACK
6
CONTINUOUS
10
5.6999062598425194
20
-3.897491181102362
11
5.7004823228346453
21
-3.8975479133858268
0
LINE
8
BLACK
6
CONTINUOUS
10
5.0056269291338582
20
-3.8580335826771655
11
5.0056357480314961
21
-3.8621123228346455
0
LINE
8
BLACK
6
CONTINUOUS
10
5.0056357480314961
20
-3.8621123228346455
11
5.0056612598425199
21
-3.8658735826771653
0
LINE
8
BLACK
6
CONTINUOUS
10
5.0056612598425199
20
-3.8658735826771653
11
5.0057022440944881
21
-3.8692522440944881
0
LINE
8
BLACK
6
CONTINUOUS
10
5.0057022440944881
20
-3.8692522440944881
11
5.0057574015748028
21
-3.8721830314960628
0
LINE
8
BLACK
6
CONTINUOUS
10
5.0057574015748028
20
-3.8721830314960628
11
5.005825433070866
21
-3.8746007874015747
0
LINE
8
BLACK
6
CONTINUOUS
10
5.005825433070866
20
-3.8746007874015747
11
5.005905039370079
21
-3.8764403543307084
0
LINE
8
BLACK
6
CONTINUOUS
10
5.005905039370079
20
-3.8764403543307084
11
5.0059949999999995
21
-3.8776364566929131
0
LINE
8
BLACK
6
CONTINUOUS
10
5.0059949999999995
20
-3.8776364566929131
11
5.0060161023622047
21
-3.8778070866141729
0
LINE
8
BLACK
6
CONTINUOUS
10
5.0060161023622047
20
-3.8778070866141729
11
5.0066909842519687
21
-3.8811374803149605
0
LINE
8
BLACK
6
CONTINUOUS
10
5.0066909842519687
20
-3.8811374803149605
11
5.0077246062992122
21
-3.8838556692913384
0
LINE
8
BLACK
6
CONTINUOUS
10
5.0077246062992122
20
-3.8838556692913384
11
5.0091523622047243
21
-3.8859962598425195
0
LINE
8
BLACK
6
CONTINUOUS
10
5.0091523622047243
20
-3.8859962598425195
11
5.0110098425196847
21
-3.8875938582677163
0
LINE
8
BLACK
6
CONTINUOUS
10
5.0110098425196847
20
-3.8875938582677163
11
5.0133325196850391
21
-3.8886829921259842
0
LINE
8
BLACK
6
CONTINUOUS
10
5.0133325196850391
20
-3.8886829921259842
11
5.0161559055118108
21
-3.8892983858267716
0
LINE
8
BLACK
6
CONTINUOUS
10
5.0161559055118108
20
-3.8892983858267716
11
5.0179598818897633
21
-3.8894485039370079
0
LINE
8
BLACK
6
CONTINUOUS
10
5.0179598818897633
20
-3.8894485039370079
11
5.0212571259842518
21
-3.889376968503937
0
LINE
8
BLACK
6
CONTINUOUS
10
5.0212571259842518
20
-3.889376968503937
11
5.0240333464566929
21
-3.8888240944881889
0
LINE
8
BLACK
6
CONTINUOUS
10
5.0240333464566929
20
-3.8888240944881889
11
5.0263335826771653
21
-3.8877585039370079
0
LINE
8
BLACK
6
CONTINUOUS
10
5.0263335826771653
20
-3.8877585039370079
11
5.0282027952755906
21
-3.8861488976377951
0
LINE
8
BLACK
6
CONTINUOUS
10
5.0282027952755906
20
-3.8861488976377951
11
5.0296859055118111
21
-3.8839639763779528
0
LINE
8
BLACK
6
CONTINUOUS
10
5.0296859055118111
20
-3.8839639763779528
11
5.0308279133858269
21
-3.8811723622047243
0
LINE
8
BLACK
6
CONTINUOUS
10
5.0308279133858269
20
-3.8811723622047243
11
5.0310852362204725
21
-3.8803046456692911
0
LINE
8
BLACK
6
CONTINUOUS
10
5.0310852362204725
20
-3.8803046456692911
11
5.0312443307086614
21
-3.8796831889763777
0
LINE
8
BLACK
6
CONTINUOUS
10
5.0312443307086614
20
-3.8796831889763777
11
5.0313787401574803
21
-3.8790196456692914
0
LINE
8
BLACK
6
CONTINUOUS
10
5.0313787401574803
20
-3.8790196456692914
11
5.0314911417322836
21
-3.8782468110236219
0
LINE
8
BLACK
6
CONTINUOUS
10
5.0314911417322836
20
-3.8782468110236219
11
5.031584330708661
21
-3.8772976377952757
0
LINE
8
BLACK
6
CONTINUOUS
10
5.031584330708661
20
-3.8772976377952757
11
5.0316609448818896
21
-3.8761050393700787
0
LINE
8
BLACK
6
CONTINUOUS
10
5.0316609448818896
20
-3.8761050393700787
11
5.0317237795275593
21
-3.8746018503937005
0
LINE
8
BLACK
6
CONTINUOUS
10
5.0317237795275593
20
-3.8746018503937005
11
5.0317755118110234
21
-3.8727209842519685
0
LINE
8
BLACK
6
CONTINUOUS
10
5.0317755118110234
20
-3.8727209842519685
11
5.0318188976377956
21
-3.8703953543307086
0
LINE
8
BLACK
6
CONTINUOUS
10
5.0318188976377956
20
-3.8703953543307086
11
5.0318565748031494
21
-3.8675577952755904
0
LINE
8
BLACK
6
CONTINUOUS
10
5.0318565748031494
20
-3.8675577952755904
11
5.0318913385826773
21
-3.8641412598425195
0
LINE
8
BLACK
6
CONTINUOUS
10
5.0318913385826773
20
-3.8641412598425195
11
5.0319259055118106
21
-3.8600785826771653
0
LINE
8
BLACK
6
CONTINUOUS
10
5.0319259055118106
20
-3.8600785826771653
11
5.0319311023622042
21
-3.8594251574803149
0
LINE
8
BLACK
6
CONTINUOUS
10
5.0319311023622042
20
-3.8594251574803149
11
5.0320763779527562
21
-3.8410773622047243
0
LINE
8
BLACK
6
CONTINUOUS
10
5.0320763779527562
20
-3.8410773622047243
11
5.0425425590551178
21
-3.8410773622047243
0
LINE
8
BLACK
6
CONTINUOUS
10
5.0425425590551178
20
-3.8410773622047243
11
5.0424154724409451
21
-3.8610520866141731
0
LINE
8
BLACK
6
CONTINUOUS
10
5.0424154724409451
20
-3.8610520866141731
11
5.0423873228346459
21
-3.8653638582677163
0
LINE
8
BLACK
6
CONTINUOUS
10
5.0423873228346459
20
-3.8653638582677163
11
5.0423604330708658
21
-3.8690166141732281
0
LINE
8
BLACK
6
CONTINUOUS
10
5.0423604330708658
20
-3.8690166141732281
11
5.0423321653543303
21
-3.8720742913385826
0
LINE
8
BLACK
6
CONTINUOUS
10
5.0423321653543303
20
-3.8720742913385826
11
5.042299842519685
21
-3.8746009842519684
0
LINE
8
BLACK
6
CONTINUOUS
10
5.042299842519685
20
-3.8746009842519684
11
5.0422607086614173
21
-3.8766606692913386
0
LINE
8
BLACK
6
CONTINUOUS
10
5.0422607086614173
20
-3.8766606692913386
11
5.0422122047244091
21
-3.8783173622047244
0
LINE
8
BLACK
6
CONTINUOUS
10
5.0422122047244091
20
-3.8783173622047244
11
5.0421515354330708
21
-3.8796350787401575
0
LINE
8
BLACK
6
CONTINUOUS
10
5.0421515354330708
20
-3.8796350787401575
11
5.0420761417322835
21
-3.8806778346456694
0
LINE
8
BLACK
6
CONTINUOUS
10
5.0420761417322835
20
-3.8806778346456694
11
5.0419832677165353
21
-3.8815096062992125
0
LINE
8
BLACK
6
CONTINUOUS
10
5.0419832677165353
20
-3.8815096062992125
11
5.0418702362204719
21
-3.882194409448819
0
LINE
8
BLACK
6
CONTINUOUS
10
5.0418702362204719
20
-3.882194409448819
11
5.0417344094488188
21
-3.8827963385826769
0
LINE
8
BLACK
6
CONTINUOUS
10
5.0417344094488188
20
-3.8827963385826769
11
5.0415731102362207
21
-3.8833792913385827
0
LINE
8
BLACK
6
CONTINUOUS
10
5.0415731102362207
20
-3.8833792913385827
11
5.0414673228346452
21
-3.8837323622047242
0
LINE
8
BLACK
6
CONTINUOUS
10
5.0414673228346452
20
-3.8837323622047242
11
5.0399548818897637
21
-3.8876697637795274
0
LINE
8
BLACK
6
CONTINUOUS
10
5.0399548818897637
20
-3.8876697637795274
11
5.0379735826771652
21
-3.891090748031496
0
LINE
8
BLACK
6
CONTINUOUS
10
5.0379735826771652
20
-3.891090748031496
11
5.0355448031496062
21
-3.893972559055118
0
LINE
8
BLACK
6
CONTINUOUS
10
5.0355448031496062
20
-3.893972559055118
11
5.0326898818897634
21
-3.8962925196850393
0
LINE
8
BLACK
6
CONTINUOUS
10
5.0326898818897634
20
-3.8962925196850393
11
5.0294301968503934
21
-3.8980277559055119
0
LINE
8
BLACK
6
CONTINUOUS
10
5.0294301968503934
20
-3.8980277559055119
11
5.0273659842519685
21
-3.8987563385826771
0
LINE
8
BLACK
6
CONTINUOUS
10
5.0273659842519685
20
-3.8987563385826771
11
5.0259850393700782
21
-3.8990815748031493
0
LINE
8
BLACK
6
CONTINUOUS
10
5.0259850393700782
20
-3.8990815748031493
11
5.0241760629921259
21
-3.8993990157480316
0
LINE
8
BLACK
6
CONTINUOUS
10
5.0241760629921259
20
-3.8993990157480316
11
5.0221966535433067
21
-3.8996744094488189
0
LINE
8
BLACK
6
CONTINUOUS
10
5.0221966535433067
20
-3.8996744094488189
11
5.0203043307086617
21
-3.8998737007874014
0
LINE
8
BLACK
6
CONTINUOUS
10
5.0203043307086617
20
-3.8998737007874014
11
5.0187566141732285
21
-3.8999627165354331
0
LINE
8
BLACK
6
CONTINUOUS
10
5.0187566141732285
20
-3.8999627165354331
11
5.018290078740157
21
-3.8999597244094488
0
LINE
8
BLACK
6
CONTINUOUS
10
5.018290078740157
20
-3.8999597244094488
11
5.0172592125984252
21
-3.8998923622047243
0
LINE
8
BLACK
6
CONTINUOUS
10
5.0172592125984252
20
-3.8998923622047243
11
5.015838700787401
21
-3.8997639763779528
0
LINE
8
BLACK
6
CONTINUOUS
10
5.015838700787401
20
-3.8997639763779528
11
5.0145060629921261
21
-3.8996214173228347
0
LINE
8
BLACK
6
CONTINUOUS
10
5.0145060629921261
20
-3.8996214173228347
11
5.0105566535433068
21
-3.898838622047244
0
LINE
8
BLACK
6
CONTINUOUS
10
5.0105566535433068
20
-3.898838622047244
11
5.0069717322834641
21
-3.8974638976377953
0
LINE
8
BLACK
6
CONTINUOUS
10
5.0069717322834641
20
-3.8974638976377953
11
5.0037937795275589
21
-3.895526062992126
0
LINE
8
BLACK
6
CONTINUOUS
10
5.0037937795275589
20
-3.895526062992126
11
5.0010652755905509
21
-3.8930539370078741
0
LINE
8
BLACK
6
CONTINUOUS
10
5.0010652755905509
20
-3.8930539370078741
11
4.998828700787401
21
-3.8900763779527558
0
LINE
8
BLACK
6
CONTINUOUS
10
4.998828700787401
20
-3.8900763779527558
11
4.9978710629921261
21
-3.8883314173228345
0
LINE
8
BLACK
6
CONTINUOUS
10
4.9978710629921261
20
-3.8883314173228345
11
4.9972289763779525
21
-3.8869418503937005
0
LINE
8
BLACK
6
CONTINUOUS
10
4.9972289763779525
20
-3.8869418503937005
11
4.9966793700787404
21
-3.8855577559055119
0
LINE
8
BLACK
6
CONTINUOUS
10
4.9966793700787404
20
-3.8855577559055119
11
4.9962158267716532
21
-3.8841131102362203
0
LINE
8
BLACK
6
CONTINUOUS
10
4.9962158267716532
20
-3.8841131102362203
11
4.9958319291338578
21
-3.8825419291338581
0
LINE
8
BLACK
6
CONTINUOUS
10
4.9958319291338578
20
-3.8825419291338581
11
4.9955212204724404
21
-3.8807780708661417
0
LINE
8
BLACK
6
CONTINUOUS
10
4.9955212204724404
20
-3.8807780708661417
11
4.9952773228346459
21
-3.8787555905511808
0
LINE
8
BLACK
6
CONTINUOUS
10
4.9952773228346459
20
-3.8787555905511808
11
4.99509374015748
21
-3.8764083858267715
0
LINE
8
BLACK
6
CONTINUOUS
10
4.99509374015748
20
-3.8764083858267715
11
4.994964133858268
21
-3.8736703937007873
0
LINE
8
BLACK
6
CONTINUOUS
10
4.994964133858268
20
-3.8736703937007873
11
4.9948820472440945
21
-3.8704756692913387
0
LINE
8
BLACK
6
CONTINUOUS
10
4.9948820472440945
20
-3.8704756692913387
11
4.9948410629921263
21
-3.8667580708661418
0
LINE
8
BLACK
6
CONTINUOUS
10
4.9948410629921263
20
-3.8667580708661418
11
4.9948347244094489
21
-3.8624516141732284
0
LINE
8
BLACK
6
CONTINUOUS
10
4.9948347244094489
20
-3.8624516141732284
11
4.994856653543307
21
-3.8574902755905511
0
LINE
8
BLACK
6
CONTINUOUS
10
4.994856653543307
20
-3.8574902755905511
11
4.9948575984251971
21
-3.8573463779527559
0
LINE
8
BLACK
6
CONTINUOUS
10
4.9948575984251971
20
-3.8573463779527559
11
4.9949617322834641
21
-3.8412581496062992
0
LINE
8
BLACK
6
CONTINUOUS
10
4.9949617322834641
20
-3.8412581496062992
11
5.0002943307086616
21
-3.8411581102362202
0
LINE
8
BLACK
6
CONTINUOUS
10
5.0002943307086616
20
-3.8411581102362202
11
5.0056269291338582
21
-3.841058031496063
0
LINE
8
BLACK
6
CONTINUOUS
10
5.0056269291338582
20
-3.841058031496063
11
5.0056269291338582
21
-3.8580335826771655
0
LINE
8
BLACK
6
CONTINUOUS
10
5.1232155118110239
20
-3.8411757874015748
11
5.1267136614173223
21
-3.8412277559055119
0
LINE
8
BLACK
6
CONTINUOUS
10
5.1267136614173223
20
-3.8412277559055119
11
5.1295762992125979
21
-3.8412797637795273
0
LINE
8
BLACK
6
CONTINUOUS
10
5.1295762992125979
20
-3.8412797637795273
11
5.1318909448818895
21
-3.8413370078740154
0
LINE
8
BLACK
6
CONTINUOUS
10
5.1318909448818895
20
-3.8413370078740154
11
5.133745196850394
21
-3.8414046850393699
0
LINE
8
BLACK
6
CONTINUOUS
10
5.133745196850394
20
-3.8414046850393699
11
5.1352265354330706
21
-3.8414879527559056
0
LINE
8
BLACK
6
CONTINUOUS
10
5.1352265354330706
20
-3.8414879527559056
11
5.1364224803149607
21
-3.8415920866141731
0
LINE
8
BLACK
6
CONTINUOUS
10
5.1364224803149607
20
-3.8415920866141731
11
5.1374206299212597
21
-3.841722244094488
0
LINE
8
BLACK
6
CONTINUOUS
10
5.1374206299212597
20
-3.841722244094488
11
5.138308503937008
21
-3.8418835826771653
0
LINE
8
BLACK
6
CONTINUOUS
10
5.138308503937008
20
-3.8418835826771653
11
5.1391735826771656
21
-3.8420813779527556
0
LINE
8
BLACK
6
CONTINUOUS
10
5.1391735826771656
20
-3.8420813779527556
11
5.1393940944881891
21
-3.842136496062992
0
LINE
8
BLACK
6
CONTINUOUS
10
5.1393940944881891
20
-3.842136496062992
11
5.1437056692913385
21
-3.843566338582677
0
LINE
8
BLACK
6
CONTINUOUS
10
5.1437056692913385
20
-3.843566338582677
11
5.147560708661417
21
-3.8455468503937009
0
LINE
8
BLACK
6
CONTINUOUS
10
5.147560708661417
20
-3.8455468503937009
11
5.1509361023622047
21
-3.8480551968503938
0
LINE
8
BLACK
6
CONTINUOUS
10
5.1509361023622047
20
-3.8480551968503938
11
5.1538086614173224
21
-3.8510687401574804
0
LINE
8
BLACK
6
CONTINUOUS
10
5.1538086614173224
20
-3.8510687401574804
11
5.1561553149606301
21
-3.8545646456692912
0
LINE
8
BLACK
6
CONTINUOUS
10
5.1561553149606301
20
-3.8545646456692912
11
5.1579529133858264
21
-3.8585202362204725
0
LINE
8
BLACK
6
CONTINUOUS
10
5.1579529133858264
20
-3.8585202362204725
11
5.1587808661417318
21
-3.8611911023622048
0
LINE
8
BLACK
6
CONTINUOUS
10
5.1587808661417318
20
-3.8611911023622048
11
5.1594251574803147
21
-3.8645502755905512
0
LINE
8
BLACK
6
CONTINUOUS
10
5.1594251574803147
20
-3.8645502755905512
11
5.1597474409448818
21
-3.8682669291338581
0
LINE
8
BLACK
6
CONTINUOUS
10
5.1597474409448818
20
-3.8682669291338581
11
5.1597448818897638
21
-3.8720738976377951
0
LINE
8
BLACK
6
CONTINUOUS
10
5.1597448818897638
20
-3.8720738976377951
11
5.1594146850393701
21
-3.8757038582677166
0
LINE
8
BLACK
6
CONTINUOUS
10
5.1594146850393701
20
-3.8757038582677166
11
5.1589575590551178
21
-3.8781198818897638
0
LINE
8
BLACK
6
CONTINUOUS
10
5.1589575590551178
20
-3.8781198818897638
11
5.1575892913385823
21
-3.8823609448818899
0
LINE
8
BLACK
6
CONTINUOUS
10
5.1575892913385823
20
-3.8823609448818899
11
5.1556558267716532
21
-3.8862037401574803
0
LINE
8
BLACK
6
CONTINUOUS
10
5.1556558267716532
20
-3.8862037401574803
11
5.1531916141732284
21
-3.8896041732283462
0
LINE
8
BLACK
6
CONTINUOUS
10
5.1531916141732284
20
-3.8896041732283462
11
5.1502312992125985
21
-3.8925182677165355
0
LINE
8
BLACK
6
CONTINUOUS
10
5.1502312992125985
20
-3.8925182677165355
11
5.1468093700787403
21
-3.8949019291338582
0
LINE
8
BLACK
6
CONTINUOUS
10
5.1468093700787403
20
-3.8949019291338582
11
5.1450707480314959
21
-3.895817283464567
0
LINE
8
BLACK
6
CONTINUOUS
10
5.1450707480314959
20
-3.895817283464567
11
5.1437977559055117
21
-3.896417440944882
0
LINE
8
BLACK
6
CONTINUOUS
10
5.1437977559055117
20
-3.896417440944882
11
5.1426687795275585
21
-3.8969133464566927
0
LINE
8
BLACK
6
CONTINUOUS
10
5.1426687795275585
20
-3.8969133464566927
11
5.1415988976377953
21
-3.8973157480314962
0
LINE
8
BLACK
6
CONTINUOUS
10
5.1415988976377953
20
-3.8973157480314962
11
5.1405031496062987
21
-3.8976353937007873
0
LINE
8
BLACK
6
CONTINUOUS
10
5.1405031496062987
20
-3.8976353937007873
11
5.1392966929133861
21
-3.8978830314960629
0
LINE
8
BLACK
6
CONTINUOUS
10
5.1392966929133861
20
-3.8978830314960629
11
5.1378945275590553
21
-3.8980693700787401
0
LINE
8
BLACK
6
CONTINUOUS
10
5.1378945275590553
20
-3.8980693700787401
11
5.1362118503937007
21
-3.8982051574803149
0
LINE
8
BLACK
6
CONTINUOUS
10
5.1362118503937007
20
-3.8982051574803149
11
5.134163622047244
21
-3.8983011417322833
0
LINE
8
BLACK
6
CONTINUOUS
10
5.134163622047244
20
-3.8983011417322833
11
5.1316650393700787
21
-3.8983680708661415
0
LINE
8
BLACK
6
CONTINUOUS
10
5.1316650393700787
20
-3.8983680708661415
11
5.1286311417322832
21
-3.8984166535433071
0
LINE
8
BLACK
6
CONTINUOUS
10
5.1286311417322832
20
-3.8984166535433071
11
5.1249770078740156
21
-3.8984575984251966
0
LINE
8
BLACK
6
CONTINUOUS
10
5.1249770078740156
20
-3.8984575984251966
11
5.1241193307086617
21
-3.8984662598425195
0
LINE
8
BLACK
6
CONTINUOUS
10
5.1241193307086617
20
-3.8984662598425195
11
5.110109960629921
21
-3.8986070866141733
0
LINE
8
BLACK
6
CONTINUOUS
10
5.110109960629921
20
-3.8986070866141733
11
5.110109960629921
21
-3.8891612598425196
0
LINE
8
BLACK
6
CONTINUOUS
10
5.110109960629921
20
-3.8891612598425196
11
5.110109960629921
21
-3.8409927559055119
0
LINE
8
BLACK
6
CONTINUOUS
10
5.110109960629921
20
-3.8409927559055119
11
5.1232155118110239
21
-3.8411757874015748
0
LINE
8
BLACK
6
CONTINUOUS
10
5.1272649606299208
20
-3.8891612598425196
11
5.1295425196850388
21
-3.8891389763779527
0
LINE
8
BLACK
6
CONTINUOUS
10
5.1295425196850388
20
-3.8891389763779527
11
5.131710157480315
21
-3.8890771653543306
0
LINE
8
BLACK
6
CONTINUOUS
10
5.131710157480315
20
-3.8890771653543306
11
5.133607755905512
21
-3.8889834251968503
0
LINE
8
BLACK
6
CONTINUOUS
10
5.133607755905512
20
-3.8889834251968503
11
5.1350752362204721
21
-3.8888653937007871
0
LINE
8
BLACK
6
CONTINUOUS
10
5.1350752362204721
20
-3.8888653937007871
11
5.1358513779527559
21
-3.8887544488188976
0
LINE
8
BLACK
6
CONTINUOUS
10
5.1358513779527559
20
-3.8887544488188976
11
5.1389285433070864
21
-3.8877529921259844
0
LINE
8
BLACK
6
CONTINUOUS
10
5.1389285433070864
20
-3.8877529921259844
11
5.1416183464566929
21
-3.886154527559055
0
LINE
8
BLACK
6
CONTINUOUS
10
5.1416183464566929
20
-3.886154527559055
11
5.1438909842519687
21
-3.8839904724409449
0
LINE
8
BLACK
6
CONTINUOUS
10
5.1438909842519687
20
-3.8839904724409449
11
5.1457166535433068
21
-3.8812923622047242
0
LINE
8
BLACK
6
CONTINUOUS
10
5.1457166535433068
20
-3.8812923622047242
11
5.1470655118110233
21
-3.8780915748031495
0
LINE
8
BLACK
6
CONTINUOUS
10
5.1470655118110233
20
-3.8780915748031495
11
5.1475212204724405
21
-3.8764438976377953
0
LINE
8
BLACK
6
CONTINUOUS
10
5.1475212204724405
20
-3.8764438976377953
11
5.1478775984251968
21
-3.8742362992125985
0
LINE
8
BLACK
6
CONTINUOUS
10
5.1478775984251968
20
-3.8742362992125985
11
5.1480519685039372
21
-3.8715917716535433
0
LINE
8
BLACK
6
CONTINUOUS
10
5.1480519685039372
20
-3.8715917716535433
11
5.1480472834645665
21
-3.8687723622047243
0
LINE
8
BLACK
6
CONTINUOUS
10
5.1480472834645665
20
-3.8687723622047243
11
5.1478665748031496
21
-3.8660401181102362
0
LINE
8
BLACK
6
CONTINUOUS
10
5.1478665748031496
20
-3.8660401181102362
11
5.1475127165354326
21
-3.8636570866141731
0
LINE
8
BLACK
6
CONTINUOUS
10
5.1475127165354326
20
-3.8636570866141731
11
5.1473701181102358
21
-3.8630372047244093
0
LINE
8
BLACK
6
CONTINUOUS
10
5.1473701181102358
20
-3.8630372047244093
11
5.1466158267716535
21
-3.860534527559055
0
LINE
8
BLACK
6
CONTINUOUS
10
5.1466158267716535
20
-3.860534527559055
11
5.1457139763779525
21
-3.8585153937007872
0
LINE
8
BLACK
6
CONTINUOUS
10
5.1457139763779525
20
-3.8585153937007872
11
5.14453905511811
21
-3.8567406299212599
0
LINE
8
BLACK
6
CONTINUOUS
10
5.14453905511811
20
-3.8567406299212599
11
5.1433465354330705
21
-3.855365866141732
0
LINE
8
BLACK
6
CONTINUOUS
10
5.1433465354330705
20
-3.855365866141732
11
5.1419488976377954
21
-3.8540218897637795
0
LINE
8
BLACK
6
CONTINUOUS
10
5.1419488976377954
20
-3.8540218897637795
11
5.1405150393700785
21
-3.8529616141732284
0
LINE
8
BLACK
6
CONTINUOUS
10
5.1405150393700785
20
-3.8529616141732284
11
5.1389386614173231
21
-3.8521546850393702
0
LINE
8
BLACK
6
CONTINUOUS
10
5.1389386614173231
20
-3.8521546850393702
11
5.1371137007874017
21
-3.8515706692913385
0
LINE
8
BLACK
6
CONTINUOUS
10
5.1371137007874017
20
-3.8515706692913385
11
5.1349338976377954
21
-3.8511791732283465
0
LINE
8
BLACK
6
CONTINUOUS
10
5.1349338976377954
20
-3.8511791732283465
11
5.1322931496062987
21
-3.8509498031496063
0
LINE
8
BLACK
6
CONTINUOUS
10
5.1322931496062987
20
-3.8509498031496063
11
5.1290852362204724
21
-3.8508521259842521
0
LINE
8
BLACK
6
CONTINUOUS
10
5.1290852362204724
20
-3.8508521259842521
11
5.127553897637795
21
-3.8508430708661416
0
LINE
8
BLACK
6
CONTINUOUS
10
5.127553897637795
20
-3.8508430708661416
11
5.1205944094488185
21
-3.8508387795275589
0
LINE
8
BLACK
6
CONTINUOUS
10
5.1205944094488185
20
-3.8508387795275589
11
5.1205944094488185
21
-3.8891612598425196
0
LINE
8
BLACK
6
CONTINUOUS
10
5.1205944094488185
20
-3.8891612598425196
11
5.1272649606299208
21
-3.8891612598425196
0
LINE
8
BLACK
6
CONTINUOUS
10
4.9311511417322835
20
-3.8515618503937006
11
4.9148821653543306
21
-3.8515618503937006
0
LINE
8
BLACK
6
CONTINUOUS
10
4.9148821653543306
20
-3.8515618503937006
11
4.9148821653543306
21
-3.8985611023622044
0
LINE
8
BLACK
6
CONTINUOUS
10
4.9148821653543306
20
-3.8985611023622044
11
4.9043977165354331
21
-3.8985611023622044
0
LINE
8
BLACK
6
CONTINUOUS
10
4.9043977165354331
20
-3.8985611023622044
11
4.9043977165354331
21
-3.8515618503937006
0
LINE
8
BLACK
6
CONTINUOUS
10
4.9043977165354331
20
-3.8515618503937006
11
4.8881287401574802
21
-3.8515618503937006
0
LINE
8
BLACK
6
CONTINUOUS
10
4.8881287401574802
20
-3.8515618503937006
11
4.8881287401574802
21
-3.8410773622047243
0
LINE
8
BLACK
6
CONTINUOUS
10
4.8881287401574802
20
-3.8410773622047243
11
4.9311511417322835
21
-3.8410773622047243
0
LINE
8
BLACK
6
CONTINUOUS
10
4.9311511417322835
20
-3.8410773622047243
11
4.9311511417322835
21
-3.8515618503937006
0
LINE
8
BLACK
6
CONTINUOUS
10
4.9842964960629921
20
-3.8985611023622044
11
4.9734505118110235
21
-3.8985611023622044
0
LINE
8
BLACK
6
CONTINUOUS
10
4.9734505118110235
20
-3.8985611023622044
11
4.9734505118110235
21
-3.8739768897637794
0
LINE
8
BLACK
6
CONTINUOUS
10
4.9734505118110235
20
-3.8739768897637794
11
4.9474201181102364
21
-3.8739768897637794
0
LINE
8
BLACK
6
CONTINUOUS
10
4.9474201181102364
20
-3.8739768897637794
11
4.9474201181102364
21
-3.8985611023622044
0
LINE
8
BLACK
6
CONTINUOUS
10
4.9474201181102364
20
-3.8985611023622044
11
4.9369356692913389
21
-3.8985611023622044
0
LINE
8
BLACK
6
CONTINUOUS
10
4.9369356692913389
20
-3.8985611023622044
11
4.9369356692913389
21
-3.8410773622047243
0
LINE
8
BLACK
6
CONTINUOUS
10
4.9369356692913389
20
-3.8410773622047243
11
4.9474201181102364
21
-3.8410773622047243
0
LINE
8
BLACK
6
CONTINUOUS
10
4.9474201181102364
20
-3.8410773622047243
11
4.9474201181102364
21
-3.8638539370078737
0
LINE
8
BLACK
6
CONTINUOUS
10
4.9474201181102364
20
-3.8638539370078737
11
4.9734401968503938
21
-3.8638539370078737
0
LINE
8
BLACK
6
CONTINUOUS
10
4.9734401968503938
20
-3.8638539370078737
11
4.9735357480314963
21
-3.8525560629921261
0
LINE
8
BLACK
6
CONTINUOUS
10
4.9735357480314963
20
-3.8525560629921261
11
4.9736312598425192
21
-3.8412581496062992
0
LINE
8
BLACK
6
CONTINUOUS
10
4.9736312598425192
20
-3.8412581496062992
11
4.9789638976377955
21
-3.8411581102362202
0
LINE
8
BLACK
6
CONTINUOUS
10
4.9789638976377955
20
-3.8411581102362202
11
4.9842964960629921
21
-3.841058031496063
0
LINE
8
BLACK
6
CONTINUOUS
10
4.9842964960629921
20
-3.841058031496063
11
4.9842964960629921
21
-3.8985611023622044
0
LINE
8
BLACK
6
CONTINUOUS
10
5.0987216535433069
20
-3.8412581496062992
11
5.098814212598425
21
-3.8699096456692912
0
LINE
8
BLACK
6
CONTINUOUS
10
5.098814212598425
20
-3.8699096456692912
11
5.0989067716535432
21
-3.8985611023622044
0
LINE
8
BLACK
6
CONTINUOUS
10
5.0989067716535432
20
-3.8985611023622044
11
5.0898648425196846
21
-3.8985611023622044
0
LINE
8
BLACK
6
CONTINUOUS
10
5.0898648425196846
20
-3.8985611023622044
11
5.0769396456692908
21
-3.879172283464567
0
LINE
8
BLACK
6
CONTINUOUS
10
5.0769396456692908
20
-3.879172283464567
11
5.0640144881889766
21
-3.8597835039370079
0
LINE
8
BLACK
6
CONTINUOUS
10
5.0640144881889766
20
-3.8597835039370079
11
5.0639209842519683
21
-3.879172283464567
0
LINE
8
BLACK
6
CONTINUOUS
10
5.0639209842519683
20
-3.879172283464567
11
5.0638274409448814
21
-3.8985611023622044
0
LINE
8
BLACK
6
CONTINUOUS
10
5.0638274409448814
20
-3.8985611023622044
11
5.0533492913385825
21
-3.8985611023622044
0
LINE
8
BLACK
6
CONTINUOUS
10
5.0533492913385825
20
-3.8985611023622044
11
5.0533492913385825
21
-3.8410773622047243
0
LINE
8
BLACK
6
CONTINUOUS
10
5.0533492913385825
20
-3.8410773622047243
11
5.0585011023622046
21
-3.8410775590551181
0
LINE
8
BLACK
6
CONTINUOUS
10
5.0585011023622046
20
-3.8410775590551181
11
5.0636529527559055
21
-3.8410777559055118
0
LINE
8
BLACK
6
CONTINUOUS
10
5.0636529527559055
20
-3.8410777559055118
11
5.0757643307086617
21
-3.8593883858267715
0
LINE
8
BLACK
6
CONTINUOUS
10
5.0757643307086617
20
-3.8593883858267715
11
5.0878756692913383
21
-3.8776990551181103
0
LINE
8
BLACK
6
CONTINUOUS
10
5.0878756692913383
20
-3.8776990551181103
11
5.0879693700787403
21
-3.8593785826771652
0
LINE
8
BLACK
6
CONTINUOUS
10
5.0879693700787403
20
-3.8593785826771652
11
5.0880630708661414
21
-3.8410580708661417
0
LINE
8
BLACK
6
CONTINUOUS
10
5.0880630708661414
20
-3.8410580708661417
11
5.0987216535433069
21
-3.8412581496062992
0
LINE
8
BLACK
6
CONTINUOUS
10
5.2048315748031495
20
-3.8515618503937006
11
5.1788011811023624
21
-3.8515618503937006
0
LINE
8
BLACK
6
CONTINUOUS
10
5.1788011811023624
20
-3.8515618503937006
11
5.1788011811023624
21
-3.8634809842519684
0
LINE
8
BLACK
6
CONTINUOUS
10
5.1788011811023624
20
-3.8634809842519684
11
5.18883374015748
21
-3.863577086614173
0
LINE
8
BLACK
6
CONTINUOUS
10
5.18883374015748
20
-3.863577086614173
11
5.1988662598425197
21
-3.863673188976378
0
LINE
8
BLACK
6
CONTINUOUS
10
5.1988662598425197
20
-3.863673188976378
11
5.1990668897637793
21
-3.8739768897637794
0
LINE
8
BLACK
6
CONTINUOUS
10
5.1990668897637793
20
-3.8739768897637794
11
5.1788011811023624
21
-3.8739768897637794
0
LINE
8
BLACK
6
CONTINUOUS
10
5.1788011811023624
20
-3.8739768897637794
11
5.1788011811023624
21
-3.8884381889763779
0
LINE
8
BLACK
6
CONTINUOUS
10
5.1788011811023624
20
-3.8884381889763779
11
5.2055546456692916
21
-3.8884381889763779
0
LINE
8
BLACK
6
CONTINUOUS
10
5.2055546456692916
20
-3.8884381889763779
11
5.2055546456692916
21
-3.8985611023622044
0
LINE
8
BLACK
6
CONTINUOUS
10
5.2055546456692916
20
-3.8985611023622044
11
5.1679551968503938
21
-3.8985611023622044
0
LINE
8
BLACK
6
CONTINUOUS
10
5.1679551968503938
20
-3.8985611023622044
11
5.1679551968503938
21
-3.8410773622047243
0
LINE
8
BLACK
6
CONTINUOUS
10
5.1679551968503938
20
-3.8410773622047243
11
5.2048315748031495
21
-3.8410773622047243
0
LINE
8
BLACK
6
CONTINUOUS
10
5.2048315748031495
20
-3.8410773622047243
11
5.2048315748031495
21
-3.8515618503937006
0
LINE
8
BLACK
6
CONTINUOUS
10
5.2263427559055113
20
-3.8412870866141731
11
5.2301306692913387
21
-3.8413028346456692
0
LINE
8
BLACK
6
CONTINUOUS
10
5.2301306692913387
20
-3.8413028346456692
11
5.2332813385826773
21
-3.841337874015748
0
LINE
8
BLACK
6
CONTINUOUS
10
5.2332813385826773
20
-3.841337874015748
11
5.2358805905511812
21
-3.8414021259842519
0
LINE
8
BLACK
6
CONTINUOUS
10
5.2358805905511812
20
-3.8414021259842519
11
5.2380141732283461
21
-3.841505590551181
0
LINE
8
BLACK
6
CONTINUOUS
10
5.2380141732283461
20
-3.841505590551181
11
5.2397679527559058
21
-3.8416581889763779
0
LINE
8
BLACK
6
CONTINUOUS
10
5.2397679527559058
20
-3.8416581889763779
11
5.2412276771653543
21
-3.8418699212598426
0
LINE
8
BLACK
6
CONTINUOUS
10
5.2412276771653543
20
-3.8418699212598426
11
5.2424790944881892
21
-3.8421507086614173
0
LINE
8
BLACK
6
CONTINUOUS
10
5.2424790944881892
20
-3.8421507086614173
11
5.2436080708661414
21
-3.8425105511811024
0
LINE
8
BLACK
6
CONTINUOUS
10
5.2436080708661414
20
-3.8425105511811024
11
5.2447003543307087
21
-3.8429594094488189
0
LINE
8
BLACK
6
CONTINUOUS
10
5.2447003543307087
20
-3.8429594094488189
11
5.2458417716535433
21
-3.843507244094488
0
LINE
8
BLACK
6
CONTINUOUS
10
5.2458417716535433
20
-3.843507244094488
11
5.2459559448818895
21
-3.8435648425196849
0
LINE
8
BLACK
6
CONTINUOUS
10
5.2459559448818895
20
-3.8435648425196849
11
5.2488181889763776
21
-3.8453762598425194
0
LINE
8
BLACK
6
CONTINUOUS
10
5.2488181889763776
20
-3.8453762598425194
11
5.2511020866141731
21
-3.8476205118110234
0
LINE
8
BLACK
6
CONTINUOUS
10
5.2511020866141731
20
-3.8476205118110234
11
5.2528049999999995
21
-3.8502944881889762
0
LINE
8
BLACK
6
CONTINUOUS
10
5.2528049999999995
20
-3.8502944881889762
11
5.2538572440944877
21
-3.8531345669291337
0
LINE
8
BLACK
6
CONTINUOUS
10
5.2538572440944877
20
-3.8531345669291337
11
5.2541940944881889
21
-3.8550185433070867
0
LINE
8
BLACK
6
CONTINUOUS
10
5.2541940944881889
20
-3.8550185433070867
11
5.2543566929133858
21
-3.8573090944881887
0
LINE
8
BLACK
6
CONTINUOUS
10
5.2543566929133858
20
-3.8573090944881887
11
5.2543500787401571
21
-3.8597601181102363
0
LINE
8
BLACK
6
CONTINUOUS
10
5.2543500787401571
20
-3.8597601181102363
11
5.2541792913385823
21
-3.8621254724409448
0
LINE
8
BLACK
6
CONTINUOUS
10
5.2541792913385823
20
-3.8621254724409448
11
5.2538493700787399
21
-3.86415905511811
0
LINE
8
BLACK
6
CONTINUOUS
10
5.2538493700787399
20
-3.86415905511811
11
5.2536143307086611
21
-3.8650103543307086
0
LINE
8
BLACK
6
CONTINUOUS
10
5.2536143307086611
20
-3.8650103543307086
11
5.2522212598425195
21
-3.8680455511811025
0
LINE
8
BLACK
6
CONTINUOUS
10
5.2522212598425195
20
-3.8680455511811025
11
5.2502279921259838
21
-3.8706839370078741
0
LINE
8
BLACK
6
CONTINUOUS
10
5.2502279921259838
20
-3.8706839370078741
11
5.247652913385827
21
-3.8729030314960631
0
LINE
8
BLACK
6
CONTINUOUS
10
5.247652913385827
20
-3.8729030314960631
11
5.246588622047244
21
-3.8735939763779528
0
LINE
8
BLACK
6
CONTINUOUS
10
5.246588622047244
20
-3.8735939763779528
11
5.2457056299212601
21
-3.8741289370078738
0
LINE
8
BLACK
6
CONTINUOUS
10
5.2457056299212601
20
-3.8741289370078738
11
5.2451224409448818
21
-3.8744893700787402
0
LINE
8
BLACK
6
CONTINUOUS
10
5.2451224409448818
20
-3.8744893700787402
11
5.2450121653543302
21
-3.8745616141732282
0
LINE
8
BLACK
6
CONTINUOUS
10
5.2450121653543302
20
-3.8745616141732282
11
5.2451476771653542
21
-3.8748905511811023
0
LINE
8
BLACK
6
CONTINUOUS
10
5.2451476771653542
20
-3.8748905511811023
11
5.2455905905511813
21
-3.8757840944881887
0
LINE
8
BLACK
6
CONTINUOUS
10
5.2455905905511813
20
-3.8757840944881887
11
5.2463037401574804
21
-3.8771711811023621
0
LINE
8
BLACK
6
CONTINUOUS
10
5.2463037401574804
20
-3.8771711811023621
11
5.2472500000000002
21
-3.8789807874015749
0
LINE
8
BLACK
6
CONTINUOUS
10
5.2472500000000002
20
-3.8789807874015749
11
5.2483921653543302
21
-3.881141811023622
0
LINE
8
BLACK
6
CONTINUOUS
10
5.2483921653543302
20
-3.881141811023622
11
5.249693070866142
21
-3.8835832283464566
0
LINE
8
BLACK
6
CONTINUOUS
10
5.249693070866142
20
-3.8835832283464566
11
5.2511155511811021
21
-3.8862339370078738
0
LINE
8
BLACK
6
CONTINUOUS
10
5.2511155511811021
20
-3.8862339370078738
11
5.2511582283464566
21
-3.886313188976378
0
LINE
8
BLACK
6
CONTINUOUS
10
5.2511582283464566
20
-3.886313188976378
11
5.2525937401574803
21
-3.8889805511811022
0
LINE
8
BLACK
6
CONTINUOUS
10
5.2525937401574803
20
-3.8889805511811022
11
5.2539202755905512
21
-3.8914492125984252
0
LINE
8
BLACK
6
CONTINUOUS
10
5.2539202755905512
20
-3.8914492125984252
11
5.2550988976377955
21
-3.8936462992125982
0
LINE
8
BLACK
6
CONTINUOUS
10
5.2550988976377955
20
-3.8936462992125982
11
5.2560906299212595
21
-3.8954990551181101
0
LINE
8
BLACK
6
CONTINUOUS
10
5.2560906299212595
20
-3.8954990551181101
11
5.2568564960629924
21
-3.89693468503937
0
LINE
8
BLACK
6
CONTINUOUS
10
5.2568564960629924
20
-3.89693468503937
11
5.2573575196850388
21
-3.8978803543307086
0
LINE
8
BLACK
6
CONTINUOUS
10
5.2573575196850388
20
-3.8978803543307086
11
5.2575547637795275
21
-3.8982632677165352
0
LINE
8
BLACK
6
CONTINUOUS
10
5.2575547637795275
20
-3.8982632677165352
11
5.2575551181102362
21
-3.8982641338582678
0
LINE
8
BLACK
6
CONTINUOUS
10
5.2575551181102362
20
-3.8982641338582678
11
5.257254960629921
21
-3.8983627559055116
0
LINE
8
BLACK
6
CONTINUOUS
10
5.257254960629921
20
-3.8983627559055116
11
5.2563477559055114
21
-3.8984475196850394
0
LINE
8
BLACK
6
CONTINUOUS
10
5.2563477559055114
20
-3.8984475196850394
11
5.2549494881889762
21
-3.898512559055118
0
LINE
8
BLACK
6
CONTINUOUS
10
5.2549494881889762
20
-3.898512559055118
11
5.253176062992126
21
-3.8985519291338582
0
LINE
8
BLACK
6
CONTINUOUS
10
5.253176062992126
20
-3.8985519291338582
11
5.2517112204724405
21
-3.8985611023622044
0
LINE
8
BLACK
6
CONTINUOUS
10
5.2517112204724405
20
-3.8985611023622044
11
5.2457467716535433
21
-3.8985611023622044
0
LINE
8
BLACK
6
CONTINUOUS
10
5.2457467716535433
20
-3.8985611023622044
11
5.2403588976377948
21
-3.8881670472440946
0
LINE
8
BLACK
6
CONTINUOUS
10
5.2403588976377948
20
-3.8881670472440946
11
5.2349710236220472
21
-3.8777729527559055
0
LINE
8
BLACK
6
CONTINUOUS
10
5.2349710236220472
20
-3.8777729527559055
11
5.2243543307086613
21
-3.877572874015748
0
LINE
8
BLACK
6
CONTINUOUS
10
5.2243543307086613
20
-3.877572874015748
11
5.2243543307086613
21
-3.8985611023622044
0
LINE
8
BLACK
6
CONTINUOUS
10
5.2243543307086613
20
-3.8985611023622044
11
5.2135040157480317
21
-3.8985611023622044
0
LINE
8
BLACK
6
CONTINUOUS
10
5.2135040157480317
20
-3.8985611023622044
11
5.2135965748031499
21
-3.8699096456692912
0
LINE
8
BLACK
6
CONTINUOUS
10
5.2135965748031499
20
-3.8699096456692912
11
5.2136006692913384
21
-3.8686387795275587
0
LINE
8
BLACK
6
CONTINUOUS
10
5.2136006692913384
20
-3.8686387795275587
11
5.2136891338582672
21
-3.8412581496062992
0
LINE
8
BLACK
6
CONTINUOUS
10
5.2136891338582672
20
-3.8412581496062992
11
5.2263427559055113
21
-3.8412870866141731
0
LINE
8
BLACK
6
CONTINUOUS
10
5.2302292519685034
20
-3.8684661023622047
11
5.2328908661417319
21
-3.8683607874015746
0
LINE
8
BLACK
6
CONTINUOUS
10
5.2328908661417319
20
-3.8683607874015746
11
5.2349271259842522
21
-3.8682149212598422
0
LINE
8
BLACK
6
CONTINUOUS
10
5.2349271259842522
20
-3.8682149212598422
11
5.2364350393700789
21
-3.8680184645669291
0
LINE
8
BLACK
6
CONTINUOUS
10
5.2364350393700789
20
-3.8680184645669291
11
5.2375116929133858
21
-3.867761377952756
0
LINE
8
BLACK
6
CONTINUOUS
10
5.2375116929133858
20
-3.867761377952756
11
5.2377062204724405
21
-3.8676935039370077
0
LINE
8
BLACK
6
CONTINUOUS
10
5.2377062204724405
20
-3.8676935039370077
11
5.2399561023622043
21
-3.8665557480314958
0
LINE
8
BLACK
6
CONTINUOUS
10
5.2399561023622043
20
-3.8665557480314958
11
5.2416087007874017
21
-3.8650333858267714
0
LINE
8
BLACK
6
CONTINUOUS
10
5.2416087007874017
20
-3.8650333858267714
11
5.2426877952755904
21
-3.8630910236220473
0
LINE
8
BLACK
6
CONTINUOUS
10
5.2426877952755904
20
-3.8630910236220473
11
5.2432172047244094
21
-3.8606931496062993
0
LINE
8
BLACK
6
CONTINUOUS
10
5.2432172047244094
20
-3.8606931496062993
11
5.2432830314960626
21
-3.8593703543307085
0
LINE
8
BLACK
6
CONTINUOUS
10
5.2432830314960626
20
-3.8593703543307085
11
5.2430146062992122
21
-3.8566800787401574
0
LINE
8
BLACK
6
CONTINUOUS
10
5.2430146062992122
20
-3.8566800787401574
11
5.24219094488189
21
-3.854433897637795
0
LINE
8
BLACK
6
CONTINUOUS
10
5.24219094488189
20
-3.854433897637795
11
5.2408232283464562
21
-3.8526498818897639
0
LINE
8
BLACK
6
CONTINUOUS
10
5.2408232283464562
20
-3.8526498818897639
11
5.2389226377952758
21
-3.8513461023622044
0
LINE
8
BLACK
6
CONTINUOUS
10
5.2389226377952758
20
-3.8513461023622044
11
5.2380874803149604
21
-3.8509893700787399
0
LINE
8
BLACK
6
CONTINUOUS
10
5.2380874803149604
20
-3.8509893700787399
11
5.2371042519685034
21
-3.8507212598425196
0
LINE
8
BLACK
6
CONTINUOUS
10
5.2371042519685034
20
-3.8507212598425196
11
5.2357179133858267
21
-3.8505130314960629
0
LINE
8
BLACK
6
CONTINUOUS
10
5.2357179133858267
20
-3.8505130314960629
11
5.2338323622047245
21
-3.8503548818897637
0
LINE
8
BLACK
6
CONTINUOUS
10
5.2338323622047245
20
-3.8503548818897637
11
5.2313513385826766
21
-3.8502370078740156
0
LINE
8
BLACK
6
CONTINUOUS
10
5.2313513385826766
20
-3.8502370078740156
11
5.23041
21
-3.850206023622047
0
LINE
8
BLACK
6
CONTINUOUS
10
5.23041
20
-3.850206023622047
11
5.2243543307086613
21
-3.8500232283464566
0
LINE
8
BLACK
6
CONTINUOUS
10
5.2243543307086613
20
-3.8500232283464566
11
5.2243543307086613
21
-3.8686387795275587
0
LINE
8
BLACK
6
CONTINUOUS
10
5.2243543307086613
20
-3.8686387795275587
11
5.2302292519685034
21
-3.8684661023622047
0
LINE
8
BLACK
6
CONTINUOUS
10
5.2963979921259838
20
-3.8410839370078738
11
5.2989877165354331
21
-3.8410984251968503
0
LINE
8
BLACK
6
CONTINUOUS
10
5.2989877165354331
20
-3.8410984251968503
11
5.3012556692913382
21
-3.8411208661417322
0
LINE
8
BLACK
6
CONTINUOUS
10
5.3012556692913382
20
-3.8411208661417322
11
5.3031148031496063
21
-3.8411514173228345
0
LINE
8
BLACK
6
CONTINUOUS
10
5.3031148031496063
20
-3.8411514173228345
11
5.3044780708661419
21
-3.8411903937007872
0
LINE
8
BLACK
6
CONTINUOUS
10
5.3044780708661419
20
-3.8411903937007872
11
5.3052583858267717
21
-3.8412380314960628
0
LINE
8
BLACK
6
CONTINUOUS
10
5.3052583858267717
20
-3.8412380314960628
11
5.3054094881889764
21
-3.8412696850393702
0
LINE
8
BLACK
6
CONTINUOUS
10
5.3054094881889764
20
-3.8412696850393702
11
5.3054201181102361
21
-3.8416768897637796
0
LINE
8
BLACK
6
CONTINUOUS
10
5.3054201181102361
20
-3.8416768897637796
11
5.3053144881889764
21
-3.8426578740157478
0
LINE
8
BLACK
6
CONTINUOUS
10
5.3053144881889764
20
-3.8426578740157478
11
5.3051108661417326
21
-3.844075905511811
0
LINE
8
BLACK
6
CONTINUOUS
10
5.3051108661417326
20
-3.844075905511811
11
5.3048273622047244
21
-3.845794251968504
0
LINE
8
BLACK
6
CONTINUOUS
10
5.3048273622047244
20
-3.845794251968504
11
5.304748622047244
21
-3.8462407480314962
0
LINE
8
BLACK
6
CONTINUOUS
10
5.304748622047244
20
-3.8462407480314962
11
5.3044340551181097
21
-3.8480212204724409
0
LINE
8
BLACK
6
CONTINUOUS
10
5.3044340551181097
20
-3.8480212204724409
11
5.304171456692913
21
-3.8495424803149607
0
LINE
8
BLACK
6
CONTINUOUS
10
5.304171456692913
20
-3.8495424803149607
11
5.3039845669291337
21
-3.8506645669291339
0
LINE
8
BLACK
6
CONTINUOUS
10
5.3039845669291337
20
-3.8506645669291339
11
5.3038970866141728
21
-3.8512474409448818
0
LINE
8
BLACK
6
CONTINUOUS
10
5.3038970866141728
20
-3.8512474409448818
11
5.3038935433070868
21
-3.8512906692913385
0
LINE
8
BLACK
6
CONTINUOUS
10
5.3038935433070868
20
-3.8512906692913385
11
5.3035456692913385
21
-3.8513561023622045
0
LINE
8
BLACK
6
CONTINUOUS
10
5.3035456692913385
20
-3.8513561023622045
11
5.302559803149606
21
-3.8514158661417324
0
LINE
8
BLACK
6
CONTINUOUS
10
5.302559803149606
20
-3.8514158661417324
11
5.301020866141732
21
-3.8514679527559053
0
LINE
8
BLACK
6
CONTINUOUS
10
5.301020866141732
20
-3.8514679527559053
11
5.2990139370078735
21
-3.8515104724409448
0
LINE
8
BLACK
6
CONTINUOUS
10
5.2990139370078735
20
-3.8515104724409448
11
5.2966240157480318
21
-3.8515413779527559
0
LINE
8
BLACK
6
CONTINUOUS
10
5.2966240157480318
20
-3.8515413779527559
11
5.2939360629921257
21
-3.85155874015748
0
LINE
8
BLACK
6
CONTINUOUS
10
5.2939360629921257
20
-3.85155874015748
11
5.2921674015748028
21
-3.8515618503937006
0
LINE
8
BLACK
6
CONTINUOUS
10
5.2921674015748028
20
-3.8515618503937006
11
5.2804431889763777
21
-3.8515618503937006
0
LINE
8
BLACK
6
CONTINUOUS
10
5.2804431889763777
20
-3.8515618503937006
11
5.2800669685039372
21
-3.8534598818897638
0
LINE
8
BLACK
6
CONTINUOUS
10
5.2800669685039372
20
-3.8534598818897638
11
5.2798262598425199
21
-3.8547212204724408
0
LINE
8
BLACK
6
CONTINUOUS
10
5.2798262598425199
20
-3.8547212204724408
11
5.2795206692913386
21
-3.8563874409448817
0
LINE
8
BLACK
6
CONTINUOUS
10
5.2795206692913386
20
-3.8563874409448817
11
5.2792064566929131
21
-3.858150590551181
0
LINE
8
BLACK
6
CONTINUOUS
10
5.2792064566929131
20
-3.858150590551181
11
5.2791259842519684
21
-3.8586117322834643
0
LINE
8
BLACK
6
CONTINUOUS
10
5.2791259842519684
20
-3.8586117322834643
11
5.2788535433070862
21
-3.8601598818897638
0
LINE
8
BLACK
6
CONTINUOUS
10
5.2788535433070862
20
-3.8601598818897638
11
5.2786085039370079
21
-3.8615139370078739
0
LINE
8
BLACK
6
CONTINUOUS
10
5.2786085039370079
20
-3.8615139370078739
11
5.2784300787401577
21
-3.8624589370078741
0
LINE
8
BLACK
6
CONTINUOUS
10
5.2784300787401577
20
-3.8624589370078741
11
5.2783850787401576
21
-3.8626789763779525
0
LINE
8
BLACK
6
CONTINUOUS
10
5.2783850787401576
20
-3.8626789763779525
11
5.2782089763779529
21
-3.8634924015748031
0
LINE
8
BLACK
6
CONTINUOUS
10
5.2782089763779529
20
-3.8634924015748031
11
5.2872541732283462
21
-3.8634924015748031
0
LINE
8
BLACK
6
CONTINUOUS
10
5.2872541732283462
20
-3.8634924015748031
11
5.2901792913385828
21
-3.8635004724409447
0
LINE
8
BLACK
6
CONTINUOUS
10
5.2901792913385828
20
-3.8635004724409447
11
5.2924475590551179
21
-3.8635267716535431
0
LINE
8
BLACK
6
CONTINUOUS
10
5.2924475590551179
20
-3.8635267716535431
11
5.2941250000000002
21
-3.8635746456692912
0
LINE
8
BLACK
6
CONTINUOUS
10
5.2941250000000002
20
-3.8635746456692912
11
5.295277755905512
21
-3.8636473622047243
0
LINE
8
BLACK
6
CONTINUOUS
10
5.295277755905512
20
-3.8636473622047243
11
5.295971850393701
21
-3.8637483070866141
0
LINE
8
BLACK
6
CONTINUOUS
10
5.295971850393701
20
-3.8637483070866141
11
5.2962733464566929
21
-3.8638806692913383
0
LINE
8
BLACK
6
CONTINUOUS
10
5.2962733464566929
20
-3.8638806692913383
11
5.2962988188976379
21
-3.8639443307086614
0
LINE
8
BLACK
6
CONTINUOUS
10
5.2962988188976379
20
-3.8639443307086614
11
5.2962364173228345
21
-3.8644421259842519
0
LINE
8
BLACK
6
CONTINUOUS
10
5.2962364173228345
20
-3.8644421259842519
11
5.2960698425196853
21
-3.8654793307086615
0
LINE
8
BLACK
6
CONTINUOUS
10
5.2960698425196853
20
-3.8654793307086615
11
5.2958296062992121
21
-3.8668849606299212
0
LINE
8
BLACK
6
CONTINUOUS
10
5.2958296062992121
20
-3.8668849606299212
11
5.2955461023622048
21
-3.8684880314960628
0
LINE
8
BLACK
6
CONTINUOUS
10
5.2955461023622048
20
-3.8684880314960628
11
5.2952498425196852
21
-3.870117440944882
0
LINE
8
BLACK
6
CONTINUOUS
10
5.2952498425196852
20
-3.870117440944882
11
5.2949712204724406
21
-3.8716022834645667
0
LINE
8
BLACK
6
CONTINUOUS
10
5.2949712204724406
20
-3.8716022834645667
11
5.2947406692913388
21
-3.8727714960629922
0
LINE
8
BLACK
6
CONTINUOUS
10
5.2947406692913388
20
-3.8727714960629922
11
5.2946575590551177
21
-3.8731634251968501
0
LINE
8
BLACK
6
CONTINUOUS
10
5.2946575590551177
20
-3.8731634251968501
11
5.2944779527559058
21
-3.8739768897637794
0
LINE
8
BLACK
6
CONTINUOUS
10
5.2944779527559058
20
-3.8739768897637794
11
5.2764288582677166
21
-3.8739768897637794
0
LINE
8
BLACK
6
CONTINUOUS
10
5.2764288582677166
20
-3.8739768897637794
11
5.2762442913385827
21
-3.87479031496063
0
LINE
8
BLACK
6
CONTINUOUS
10
5.2762442913385827
20
-3.87479031496063
11
5.2761355905511813
21
-3.8753545275590549
0
LINE
8
BLACK
6
CONTINUOUS
10
5.2761355905511813
20
-3.8753545275590549
11
5.2759236220472436
21
-3.8765288188976377
0
LINE
8
BLACK
6
CONTINUOUS
10
5.2759236220472436
20
-3.8765288188976377
11
5.2756263779527561
21
-3.878210433070866
0
LINE
8
BLACK
6
CONTINUOUS
10
5.2756263779527561
20
-3.878210433070866
11
5.2752619291338583
21
-3.880296653543307
0
LINE
8
BLACK
6
CONTINUOUS
10
5.2752619291338583
20
-3.880296653543307
11
5.2748483070866143
21
-3.8826847244094487
0
LINE
8
BLACK
6
CONTINUOUS
10
5.2748483070866143
20
-3.8826847244094487
11
5.274418582677165
21
-3.8851844094488186
0
LINE
8
BLACK
6
CONTINUOUS
10
5.274418582677165
20
-3.8851844094488186
11
5.2739618503937002
21
-3.8878396456692914
0
LINE
8
BLACK
6
CONTINUOUS
10
5.2739618503937002
20
-3.8878396456692914
11
5.2735249606299215
21
-3.8903589763779527
0
LINE
8
BLACK
6
CONTINUOUS
10
5.2735249606299215
20
-3.8903589763779527
11
5.2731286614173225
21
-3.8926243700787402
0
LINE
8
BLACK
6
CONTINUOUS
10
5.2731286614173225
20
-3.8926243700787402
11
5.2727936614173228
21
-3.8945178740157478
0
LINE
8
BLACK
6
CONTINUOUS
10
5.2727936614173228
20
-3.8945178740157478
11
5.2725407086614169
21
-3.895921496062992
0
LINE
8
BLACK
6
CONTINUOUS
10
5.2725407086614169
20
-3.895921496062992
11
5.2724014173228344
21
-3.8966630708661416
0
LINE
8
BLACK
6
CONTINUOUS
10
5.2724014173228344
20
-3.8966630708661416
11
5.2720254330708665
21
-3.8985611023622044
0
LINE
8
BLACK
6
CONTINUOUS
10
5.2720254330708665
20
-3.8985611023622044
11
5.2668088188976379
21
-3.8985611023622044
0
LINE
8
BLACK
6
CONTINUOUS
10
5.2668088188976379
20
-3.8985611023622044
11
5.2647477559055114
21
-3.8985521653543307
0
LINE
8
BLACK
6
CONTINUOUS
10
5.2647477559055114
20
-3.8985521653543307
11
5.2633042125984248
21
-3.898517598425197
0
LINE
8
BLACK
6
CONTINUOUS
10
5.2633042125984248
20
-3.898517598425197
11
5.2623729133858266
21
-3.8984456299212598
0
LINE
8
BLACK
6
CONTINUOUS
10
5.2623729133858266
20
-3.8984456299212598
11
5.2618484645669295
21
-3.898324645669291
0
LINE
8
BLACK
6
CONTINUOUS
10
5.2618484645669295
20
-3.898324645669291
11
5.2616254330708658
21
-3.8981428740157478
0
LINE
8
BLACK
6
CONTINUOUS
10
5.2616254330708658
20
-3.8981428740157478
11
5.261592244094488
21
-3.8979820472440943
0
LINE
8
BLACK
6
CONTINUOUS
10
5.261592244094488
20
-3.8979820472440943
11
5.2616535039370076
21
-3.8975205511811022
0
LINE
8
BLACK
6
CONTINUOUS
10
5.2616535039370076
20
-3.8975205511811022
11
5.2618296062992123
21
-3.8964191732283462
0
LINE
8
BLACK
6
CONTINUOUS
10
5.2618296062992123
20
-3.8964191732283462
11
5.2621088976377948
21
-3.8947437401574803
0
LINE
8
BLACK
6
CONTINUOUS
10
5.2621088976377948
20
-3.8947437401574803
11
5.2624797637795275
21
-3.892560157480315
0
LINE
8
BLACK
6
CONTINUOUS
10
5.2624797637795275
20
-3.892560157480315
11
5.2629305905511812
21
-3.8899342125984253
0
LINE
8
BLACK
6
CONTINUOUS
10
5.2629305905511812
20
-3.8899342125984253
11
5.263449803149606
21
-3.8869318110236222
0
LINE
8
BLACK
6
CONTINUOUS
10
5.263449803149606
20
-3.8869318110236222
11
5.2640257480314956
21
-3.8836187795275592
0
LINE
8
BLACK
6
CONTINUOUS
10
5.2640257480314956
20
-3.8836187795275592
11
5.2646468110236215
21
-3.8800609448818895
0
LINE
8
BLACK
6
CONTINUOUS
10
5.2646468110236215
20
-3.8800609448818895
11
5.265301417322835
21
-3.876324212598425
0
LINE
8
BLACK
6
CONTINUOUS
10
5.265301417322835
20
-3.876324212598425
11
5.2659779133858269
21
-3.8724744094488188
0
LINE
8
BLACK
6
CONTINUOUS
10
5.2659779133858269
20
-3.8724744094488188
11
5.2666646850393697
21
-3.8685773622047241
0
LINE
8
BLACK
6
CONTINUOUS
10
5.2666646850393697
20
-3.8685773622047241
11
5.2673501574803145
21
-3.8646989370078741
0
LINE
8
BLACK
6
CONTINUOUS
10
5.2673501574803145
20
-3.8646989370078741
11
5.2680226377952755
21
-3.8609049999999998
0
LINE
8
BLACK
6
CONTINUOUS
10
5.2680226377952755
20
-3.8609049999999998
11
5.2686706299212593
21
-3.857261377952756
0
LINE
8
BLACK
6
CONTINUOUS
10
5.2686706299212593
20
-3.857261377952756
11
5.2692824015748032
21
-3.8538339370078738
0
LINE
8
BLACK
6
CONTINUOUS
10
5.2692824015748032
20
-3.8538339370078738
11
5.2698464173228343
21
-3.8506885433070863
0
LINE
8
BLACK
6
CONTINUOUS
10
5.2698464173228343
20
-3.8506885433070863
11
5.2703510236220472
21
-3.8478910236220472
0
LINE
8
BLACK
6
CONTINUOUS
10
5.2703510236220472
20
-3.8478910236220472
11
5.2707846456692913
21
-3.8455072440944882
0
LINE
8
BLACK
6
CONTINUOUS
10
5.2707846456692913
20
-3.8455072440944882
11
5.2711356299212593
21
-3.8436030708661417
0
LINE
8
BLACK
6
CONTINUOUS
10
5.2711356299212593
20
-3.8436030708661417
11
5.2713923622047245
21
-3.8422442913385826
0
LINE
8
BLACK
6
CONTINUOUS
10
5.2713923622047245
20
-3.8422442913385826
11
5.2715432677165355
21
-3.8414968110236218
0
LINE
8
BLACK
6
CONTINUOUS
10
5.2715432677165355
20
-3.8414968110236218
11
5.2715764960629921
21
-3.8413707480314958
0
LINE
8
BLACK
6
CONTINUOUS
10
5.2715764960629921
20
-3.8413707480314958
11
5.2719590944881887
21
-3.8413156299212599
0
LINE
8
BLACK
6
CONTINUOUS
10
5.2719590944881887
20
-3.8413156299212599
11
5.272977677165354
21
-3.8412655118110237
0
LINE
8
BLACK
6
CONTINUOUS
10
5.272977677165354
20
-3.8412655118110237
11
5.2745451574803148
21
-3.8412207086614174
0
LINE
8
BLACK
6
CONTINUOUS
10
5.2745451574803148
20
-3.8412207086614174
11
5.2765744881889765
21
-3.8411814566929134
0
LINE
8
BLACK
6
CONTINUOUS
10
5.2765744881889765
20
-3.8411814566929134
11
5.2789786220472443
21
-3.8411479921259843
0
LINE
8
BLACK
6
CONTINUOUS
10
5.2789786220472443
20
-3.8411479921259843
11
5.2816704330708664
21
-3.8411206299212597
0
LINE
8
BLACK
6
CONTINUOUS
10
5.2816704330708664
20
-3.8411206299212597
11
5.2845629133858267
21
-3.8410996062992124
0
LINE
8
BLACK
6
CONTINUOUS
10
5.2845629133858267
20
-3.8410996062992124
11
5.287568976377953
21
-3.8410851181102363
0
LINE
8
BLACK
6
CONTINUOUS
10
5.287568976377953
20
-3.8410851181102363
11
5.2906015748031496
21
-3.8410775196850393
0
LINE
8
BLACK
6
CONTINUOUS
10
5.2906015748031496
20
-3.8410775196850393
11
5.2935735826771655
21
-3.8410770472440943
0
LINE
8
BLACK
6
CONTINUOUS
10
5.2935735826771655
20
-3.8410770472440943
11
5.2963979921259838
21
-3.8410839370078738
0
LINE
8
BLACK
6
CONTINUOUS
10
5.3211788976377949
20
-3.8411485039370077
11
5.3223480708661413
21
-3.8411874015748029
0
LINE
8
BLACK
6
CONTINUOUS
10
5.3223480708661413
20
-3.8411874015748029
11
5.3229784645669289
21
-3.8412513385826772
0
LINE
8
BLACK
6
CONTINUOUS
10
5.3229784645669289
20
-3.8412513385826772
11
5.3230528346456696
21
-3.841288307086614
0
LINE
8
BLACK
6
CONTINUOUS
10
5.3230528346456696
20
-3.841288307086614
11
5.3229917716535429
21
-3.8416994881889761
0
LINE
8
BLACK
6
CONTINUOUS
10
5.3229917716535429
20
-3.8416994881889761
11
5.3228172440944883
21
-3.8427496456692913
0
LINE
8
BLACK
6
CONTINUOUS
10
5.3228172440944883
20
-3.8427496456692913
11
5.3225419685039368
21
-3.8443658661417324
0
LINE
8
BLACK
6
CONTINUOUS
10
5.3225419685039368
20
-3.8443658661417324
11
5.3221788188976378
21
-3.8464751574803149
0
LINE
8
BLACK
6
CONTINUOUS
10
5.3221788188976378
20
-3.8464751574803149
11
5.3217406299212593
21
-3.8490046062992125
0
LINE
8
BLACK
6
CONTINUOUS
10
5.3217406299212593
20
-3.8490046062992125
11
5.3212401968503933
21
-3.8518812598425196
0
LINE
8
BLACK
6
CONTINUOUS
10
5.3212401968503933
20
-3.8518812598425196
11
5.3206903543307087
21
-3.8550321259842519
0
LINE
8
BLACK
6
CONTINUOUS
10
5.3206903543307087
20
-3.8550321259842519
11
5.3201038976377948
21
-3.8583843307086614
0
LINE
8
BLACK
6
CONTINUOUS
10
5.3201038976377948
20
-3.8583843307086614
11
5.319493700787401
21
-3.8618648425196849
0
LINE
8
BLACK
6
CONTINUOUS
10
5.319493700787401
20
-3.8618648425196849
11
5.3188725196850388
21
-3.865400748031496
0
LINE
8
BLACK
6
CONTINUOUS
10
5.3188725196850388
20
-3.865400748031496
11
5.3182532283464568
21
-3.8689190944881888
0
LINE
8
BLACK
6
CONTINUOUS
10
5.3182532283464568
20
-3.8689190944881888
11
5.3176486220472441
21
-3.8723469685039369
0
LINE
8
BLACK
6
CONTINUOUS
10
5.3176486220472441
20
-3.8723469685039369
11
5.3170714960629919
21
-3.8756113385826771
0
LINE
8
BLACK
6
CONTINUOUS
10
5.3170714960629919
20
-3.8756113385826771
11
5.3165347637795275
21
-3.8786393307086615
0
LINE
8
BLACK
6
CONTINUOUS
10
5.3165347637795275
20
-3.8786393307086615
11
5.3160511417322835
21
-3.881357992125984
0
LINE
8
BLACK
6
CONTINUOUS
10
5.3160511417322835
20
-3.881357992125984
11
5.3156335039370077
21
-3.8836942913385828
0
LINE
8
BLACK
6
CONTINUOUS
10
5.3156335039370077
20
-3.8836942913385828
11
5.3152946850393699
21
-3.8855753543307086
0
LINE
8
BLACK
6
CONTINUOUS
10
5.3152946850393699
20
-3.8855753543307086
11
5.3150474803149601
21
-3.8869282283464566
0
LINE
8
BLACK
6
CONTINUOUS
10
5.3150474803149601
20
-3.8869282283464566
11
5.3149047244094483
21
-3.8876799606299213
0
LINE
8
BLACK
6
CONTINUOUS
10
5.3149047244094483
20
-3.8876799606299213
11
5.3148771259842515
21
-3.8878055118110235
0
LINE
8
BLACK
6
CONTINUOUS
10
5.3148771259842515
20
-3.8878055118110235
11
5.3148613779527558
21
-3.8879924409448816
0
LINE
8
BLACK
6
CONTINUOUS
10
5.3148613779527558
20
-3.8879924409448816
11
5.3149900393700786
21
-3.8881385433070865
0
LINE
8
BLACK
6
CONTINUOUS
10
5.3149900393700786
20
-3.8881385433070865
11
5.31534031496063
21
-3.8882488188976376
0
LINE
8
BLACK
6
CONTINUOUS
10
5.31534031496063
20
-3.8882488188976376
11
5.3159893700787402
21
-3.8883282677165352
0
LINE
8
BLACK
6
CONTINUOUS
10
5.3159893700787402
20
-3.8883282677165352
11
5.317014448818898
21
-3.8883818897637794
0
LINE
8
BLACK
6
CONTINUOUS
10
5.317014448818898
20
-3.8883818897637794
11
5.3184927165354328
21
-3.8884146850393702
0
LINE
8
BLACK
6
CONTINUOUS
10
5.3184927165354328
20
-3.8884146850393702
11
5.3205013779527555
21
-3.8884316141732285
0
LINE
8
BLACK
6
CONTINUOUS
10
5.3205013779527555
20
-3.8884316141732285
11
5.3231176771653539
21
-3.8884376771653542
0
LINE
8
BLACK
6
CONTINUOUS
10
5.3231176771653539
20
-3.8884376771653542
11
5.3246622440944877
21
-3.8884381889763779
0
LINE
8
BLACK
6
CONTINUOUS
10
5.3246622440944877
20
-3.8884381889763779
11
5.3346356299212596
21
-3.8884381889763779
0
LINE
8
BLACK
6
CONTINUOUS
10
5.3346356299212596
20
-3.8884381889763779
11
5.3344595275590549
21
-3.8892516535433068
0
LINE
8
BLACK
6
CONTINUOUS
10
5.3344595275590549
20
-3.8892516535433068
11
5.33432
21
-3.8899655511811022
0
LINE
8
BLACK
6
CONTINUOUS
10
5.33432
20
-3.8899655511811022
11
5.3340979527559051
21
-3.8911772047244093
0
LINE
8
BLACK
6
CONTINUOUS
10
5.3340979527559051
20
-3.8911772047244093
11
5.3338324409448816
21
-3.8926714566929133
0
LINE
8
BLACK
6
CONTINUOUS
10
5.3338324409448816
20
-3.8926714566929133
11
5.3337195669291333
21
-3.893318897637795
0
LINE
8
BLACK
6
CONTINUOUS
10
5.3337195669291333
20
-3.893318897637795
11
5.3334432677165351
21
-3.8948964173228346
0
LINE
8
BLACK
6
CONTINUOUS
10
5.3334432677165351
20
-3.8948964173228346
11
5.3331907086614176
21
-3.8963086220472438
0
LINE
8
BLACK
6
CONTINUOUS
10
5.3331907086614176
20
-3.8963086220472438
11
5.3330029921259845
21
-3.8973264566929133
0
LINE
8
BLACK
6
CONTINUOUS
10
5.3330029921259845
20
-3.8973264566929133
11
5.3329562598425193
21
-3.8975668897637794
0
LINE
8
BLACK
6
CONTINUOUS
10
5.3329562598425193
20
-3.8975668897637794
11
5.3327567716535436
21
-3.8985611023622044
0
LINE
8
BLACK
6
CONTINUOUS
10
5.3327567716535436
20
-3.8985611023622044
11
5.3176011023622047
21
-3.8985611023622044
0
LINE
8
BLACK
6
CONTINUOUS
10
5.3176011023622047
20
-3.8985611023622044
11
5.3137379921259837
21
-3.8985567716535434
0
LINE
8
BLACK
6
CONTINUOUS
10
5.3137379921259837
20
-3.8985567716535434
11
5.3105448425196853
21
-3.8985426771653544
0
LINE
8
BLACK
6
CONTINUOUS
10
5.3105448425196853
20
-3.8985426771653544
11
5.3079686614173225
21
-3.8985172440944882
0
LINE
8
BLACK
6
CONTINUOUS
10
5.3079686614173225
20
-3.8985172440944882
11
5.3059564173228342
21
-3.8984789370078738
0
LINE
8
BLACK
6
CONTINUOUS
10
5.3059564173228342
20
-3.8984789370078738
11
5.3044549999999999
21
-3.8984261023622047
0
LINE
8
BLACK
6
CONTINUOUS
10
5.3044549999999999
20
-3.8984261023622047
11
5.3034114566929134
21
-3.8983572047244093
0
LINE
8
BLACK
6
CONTINUOUS
10
5.3034114566929134
20
-3.8983572047244093
11
5.3027727165354328
21
-3.8982706692913385
0
LINE
8
BLACK
6
CONTINUOUS
10
5.3027727165354328
20
-3.8982706692913385
11
5.3024857480314962
21
-3.8981648818897638
0
LINE
8
BLACK
6
CONTINUOUS
10
5.3024857480314962
20
-3.8981648818897638
11
5.3024572440944882
21
-3.8981092125984249
0
LINE
8
BLACK
6
CONTINUOUS
10
5.3024572440944882
20
-3.8981092125984249
11
5.3025204724409445
21
-3.8976900393700786
0
LINE
8
BLACK
6
CONTINUOUS
10
5.3025204724409445
20
-3.8976900393700786
11
5.302699960629921
21
-3.8966135826771651
0
LINE
8
BLACK
6
CONTINUOUS
10
5.302699960629921
20
-3.8966135826771651
11
5.3029862598425197
21
-3.8949344881889765
0
LINE
8
BLACK
6
CONTINUOUS
10
5.3029862598425197
20
-3.8949344881889765
11
5.3033698818897639
21
-3.8927074803149604
0
LINE
8
BLACK
6
CONTINUOUS
10
5.3033698818897639
20
-3.8927074803149604
11
5.3038412598425193
21
-3.8899872440944883
0
LINE
8
BLACK
6
CONTINUOUS
10
5.3038412598425193
20
-3.8899872440944883
11
5.304390905511811
21
-3.8868285433070864
0
LINE
8
BLACK
6
CONTINUOUS
10
5.304390905511811
20
-3.8868285433070864
11
5.3050093307086614
21
-3.8832859842519682
0
LINE
8
BLACK
6
CONTINUOUS
10
5.3050093307086614
20
-3.8832859842519682
11
5.3056870078740159
21
-3.8794143700787402
0
LINE
8
BLACK
6
CONTINUOUS
10
5.3056870078740159
20
-3.8794143700787402
11
5.3064144488188978
21
-3.8752683464566928
0
LINE
8
BLACK
6
CONTINUOUS
10
5.3064144488188978
20
-3.8752683464566928
11
5.3071821259842515
21
-3.8709026377952753
0
LINE
8
BLACK
6
CONTINUOUS
10
5.3071821259842515
20
-3.8709026377952753
11
5.3074365748031491
21
-3.8694577165354329
0
LINE
8
BLACK
6
CONTINUOUS
10
5.3074365748031491
20
-3.8694577165354329
11
5.3124040944881887
21
-3.8412581496062992
0
LINE
8
BLACK
6
CONTINUOUS
10
5.3124040944881887
20
-3.8412581496062992
11
5.3177284645669287
21
-3.8411581102362202
0
LINE
8
BLACK
6
CONTINUOUS
10
5.3177284645669287
20
-3.8411581102362202
11
5.319597007874016
21
-3.841137716535433
0
LINE
8
BLACK
6
CONTINUOUS
10
5.319597007874016
20
-3.841137716535433
11
5.3211788976377949
21
-3.8411485039370077
0
LINE
8
BLACK
6
CONTINUOUS
10
5.3776552755905511
20
-3.8411435433070866
11
5.3785140944881888
21
-3.8411576771653544
0
LINE
8
BLACK
6
CONTINUOUS
10
5.3785140944881888
20
-3.8411576771653544
11
5.3838712992125979
21
-3.8412581496062992
0
LINE
8
BLACK
6
CONTINUOUS
10
5.3838712992125979
20
-3.8412581496062992
11
5.3718331496062994
21
-3.85680405511811
0
LINE
8
BLACK
6
CONTINUOUS
10
5.3718331496062994
20
-3.85680405511811
11
5.369549566929134
21
-3.8597581102362204
0
LINE
8
BLACK
6
CONTINUOUS
10
5.369549566929134
20
-3.8597581102362204
11
5.3673901181102357
21
-3.8625614566929132
0
LINE
8
BLACK
6
CONTINUOUS
10
5.3673901181102357
20
-3.8625614566929132
11
5.3653973228346459
21
-3.865158149606299
0
LINE
8
BLACK
6
CONTINUOUS
10
5.3653973228346459
20
-3.865158149606299
11
5.3636136220472439
21
-3.8674923622047244
0
LINE
8
BLACK
6
CONTINUOUS
10
5.3636136220472439
20
-3.8674923622047244
11
5.3620816535433073
21
-3.8695082283464566
0
LINE
8
BLACK
6
CONTINUOUS
10
5.3620816535433073
20
-3.8695082283464566
11
5.3608438582677165
21
-3.8711498818897638
0
LINE
8
BLACK
6
CONTINUOUS
10
5.3608438582677165
20
-3.8711498818897638
11
5.3599427559055117
21
-3.8723614960629922
0
LINE
8
BLACK
6
CONTINUOUS
10
5.3599427559055117
20
-3.8723614960629922
11
5.3594208661417317
21
-3.8730871259842519
0
LINE
8
BLACK
6
CONTINUOUS
10
5.3594208661417317
20
-3.8730871259842519
11
5.3593135039370079
21
-3.8732538188976378
0
LINE
8
BLACK
6
CONTINUOUS
10
5.3593135039370079
20
-3.8732538188976378
11
5.3591361023622044
21
-3.873822283464567
0
LINE
8
BLACK
6
CONTINUOUS
10
5.3591361023622044
20
-3.873822283464567
11
5.3588582677165357
21
-3.875011220472441
0
LINE
8
BLACK
6
CONTINUOUS
10
5.3588582677165357
20
-3.875011220472441
11
5.3584985826771652
21
-3.8767278346456693
0
LINE
8
BLACK
6
CONTINUOUS
10
5.3584985826771652
20
-3.8767278346456693
11
5.3580754724409445
21
-3.8788793700787401
0
LINE
8
BLACK
6
CONTINUOUS
10
5.3580754724409445
20
-3.8788793700787401
11
5.3576073622047247
21
-3.8813729921259843
0
LINE
8
BLACK
6
CONTINUOUS
10
5.3576073622047247
20
-3.8813729921259843
11
5.3571127952755901
21
-3.8841159842519684
0
LINE
8
BLACK
6
CONTINUOUS
10
5.3571127952755901
20
-3.8841159842519684
11
5.3568310629921259
21
-3.8857266929133858
0
LINE
8
BLACK
6
CONTINUOUS
10
5.3568310629921259
20
-3.8857266929133858
11
5.3563400393700782
21
-3.8885522834645667
0
LINE
8
BLACK
6
CONTINUOUS
10
5.3563400393700782
20
-3.8885522834645667
11
5.3558812598425192
21
-3.8911670472440942
0
LINE
8
BLACK
6
CONTINUOUS
10
5.3558812598425192
20
-3.8911670472440942
11
5.3554708267716533
21
-3.8934811023622045
0
LINE
8
BLACK
6
CONTINUOUS
10
5.3554708267716533
20
-3.8934811023622045
11
5.3551248818897639
21
-3.8954044488188977
0
LINE
8
BLACK
6
CONTINUOUS
10
5.3551248818897639
20
-3.8954044488188977
11
5.3548595275590554
21
-3.8968472047244092
0
LINE
8
BLACK
6
CONTINUOUS
10
5.3548595275590554
20
-3.8968472047244092
11
5.354690905511811
21
-3.8977194094488188
0
LINE
8
BLACK
6
CONTINUOUS
10
5.354690905511811
20
-3.8977194094488188
11
5.3546437795275592
21
-3.8979284251968505
0
LINE
8
BLACK
6
CONTINUOUS
10
5.3546437795275592
20
-3.8979284251968505
11
5.3545026771653541
21
-3.898177834645669
0
LINE
8
BLACK
6
CONTINUOUS
10
5.3545026771653541
20
-3.898177834645669
11
5.3541764566929135
21
-3.8983521653543307
0
LINE
8
BLACK
6
CONTINUOUS
10
5.3541764566929135
20
-3.8983521653543307
11
5.3535534645669287
21
-3.8984646062992123
0
LINE
8
BLACK
6
CONTINUOUS
10
5.3535534645669287
20
-3.8984646062992123
11
5.3525220472440944
21
-3.8985281496062991
0
LINE
8
BLACK
6
CONTINUOUS
10
5.3525220472440944
20
-3.8985281496062991
11
5.3509705118110231
21
-3.8985559055118109
0
LINE
8
BLACK
6
CONTINUOUS
10
5.3509705118110231
20
-3.8985559055118109
11
5.3492396062992125
21
-3.8985611023622044
0
LINE
8
BLACK
6
CONTINUOUS
10
5.3492396062992125
20
-3.8985611023622044
11
5.3473907480314962
21
-3.8985464960629921
0
LINE
8
BLACK
6
CONTINUOUS
10
5.3473907480314962
20
-3.8985464960629921
11
5.3458299606299216
21
-3.8985063385826773
0
LINE
8
BLACK
6
CONTINUOUS
10
5.3458299606299216
20
-3.8985063385826773
11
5.3446846850393701
21
-3.8984461023622048
0
LINE
8
BLACK
6
CONTINUOUS
10
5.3446846850393701
20
-3.8984461023622048
11
5.344082244094488
21
-3.8983712598425195
0
LINE
8
BLACK
6
CONTINUOUS
10
5.344082244094488
20
-3.8983712598425195
11
5.3440217322834647
21
-3.8983372440944879
0
LINE
8
BLACK
6
CONTINUOUS
10
5.3440217322834647
20
-3.8983372440944879
11
5.3440820866141729
21
-3.8979409842519686
0
LINE
8
BLACK
6
CONTINUOUS
10
5.3440820866141729
20
-3.8979409842519686
11
5.3442537007874016
21
-3.8969154330708662
0
LINE
8
BLACK
6
CONTINUOUS
10
5.3442537007874016
20
-3.8969154330708662
11
5.3445222834645669
21
-3.8953433070866139
0
LINE
8
BLACK
6
CONTINUOUS
10
5.3445222834645669
20
-3.8953433070866139
11
5.3448735433070862
21
-3.8933074015748033
0
LINE
8
BLACK
6
CONTINUOUS
10
5.3448735433070862
20
-3.8933074015748033
11
5.3452932283464563
21
-3.8908904724409448
0
LINE
8
BLACK
6
CONTINUOUS
10
5.3452932283464563
20
-3.8908904724409448
11
5.3457670472440943
21
-3.88817531496063
0
LINE
8
BLACK
6
CONTINUOUS
10
5.3457670472440943
20
-3.88817531496063
11
5.3461963779527562
21
-3.8857251968503936
0
LINE
8
BLACK
6
CONTINUOUS
10
5.3461963779527562
20
-3.8857251968503936
11
5.3483710236220467
21
-3.8733370078740155
0
LINE
8
BLACK
6
CONTINUOUS
10
5.3483710236220467
20
-3.8733370078740155
11
5.3416772047244097
21
-3.8573981102362205
0
LINE
8
BLACK
6
CONTINUOUS
10
5.3416772047244097
20
-3.8573981102362205
11
5.3403366141732285
21
-3.8542019291338581
0
LINE
8
BLACK
6
CONTINUOUS
10
5.3403366141732285
20
-3.8542019291338581
11
5.3390855905511811
21
-3.8512114566929134
0
LINE
8
BLACK
6
CONTINUOUS
10
5.3390855905511811
20
-3.8512114566929134
11
5.3379513385826769
21
-3.8484922047244092
0
LINE
8
BLACK
6
CONTINUOUS
10
5.3379513385826769
20
-3.8484922047244092
11
5.3369610236220471
21
-3.8461098425196849
0
LINE
8
BLACK
6
CONTINUOUS
10
5.3369610236220471
20
-3.8461098425196849
11
5.3361418897637796
21
-3.8441298818897636
0
LINE
8
BLACK
6
CONTINUOUS
10
5.3361418897637796
20
-3.8441298818897636
11
5.3355211417322836
21
-3.8426179133858267
0
LINE
8
BLACK
6
CONTINUOUS
10
5.3355211417322836
20
-3.8426179133858267
11
5.3351259448818897
21
-3.8416395669291337
0
LINE
8
BLACK
6
CONTINUOUS
10
5.3351259448818897
20
-3.8416395669291337
11
5.3349835039370079
21
-3.8412603543307084
0
LINE
8
BLACK
6
CONTINUOUS
10
5.3349835039370079
20
-3.8412603543307084
11
5.3349833858267717
21
-3.8412591338582676
0
LINE
8
BLACK
6
CONTINUOUS
10
5.3349833858267717
20
-3.8412591338582676
11
5.3353244094488188
21
-3.8411968110236221
0
LINE
8
BLACK
6
CONTINUOUS
10
5.3353244094488188
20
-3.8411968110236221
11
5.3362658267716538
21
-3.8411551181102364
0
LINE
8
BLACK
6
CONTINUOUS
10
5.3362658267716538
20
-3.8411551181102364
11
5.3376852362204721
21
-3.8411362204724409
0
LINE
8
BLACK
6
CONTINUOUS
10
5.3376852362204721
20
-3.8411362204724409
11
5.3394602362204724
21
-3.8411423228346457
0
LINE
8
BLACK
6
CONTINUOUS
10
5.3394602362204724
20
-3.8411423228346457
11
5.3406296062992125
21
-3.8411585826771653
0
LINE
8
BLACK
6
CONTINUOUS
10
5.3406296062992125
20
-3.8411585826771653
11
5.3462757874015745
21
-3.8412581496062992
0
LINE
8
BLACK
6
CONTINUOUS
10
5.3462757874015745
20
-3.8412581496062992
11
5.3508429133858266
21
-3.8525476771653544
0
LINE
8
BLACK
6
CONTINUOUS
10
5.3508429133858266
20
-3.8525476771653544
11
5.3519307874015745
21
-3.8552240157480315
0
LINE
8
BLACK
6
CONTINUOUS
10
5.3519307874015745
20
-3.8552240157480315
11
5.3529365748031497
21
-3.8576735433070866
0
LINE
8
BLACK
6
CONTINUOUS
10
5.3529365748031497
20
-3.8576735433070866
11
5.3538275984251964
21
-3.8598188976377954
0
LINE
8
BLACK
6
CONTINUOUS
10
5.3538275984251964
20
-3.8598188976377954
11
5.3545713385826774
21
-3.8615825984251968
0
LINE
8
BLACK
6
CONTINUOUS
10
5.3545713385826774
20
-3.8615825984251968
11
5.3551351968503935
21
-3.8628872440944879
0
LINE
8
BLACK
6
CONTINUOUS
10
5.3551351968503935
20
-3.8628872440944879
11
5.3554866535433066
21
-3.8636554330708659
0
LINE
8
BLACK
6
CONTINUOUS
10
5.3554866535433066
20
-3.8636554330708659
11
5.3555907874015745
21
-3.8638330314960627
0
LINE
8
BLACK
6
CONTINUOUS
10
5.3555907874015745
20
-3.8638330314960627
11
5.3558384251968505
21
-3.8635512992125984
0
LINE
8
BLACK
6
CONTINUOUS
10
5.3558384251968505
20
-3.8635512992125984
11
5.3564671653543305
21
-3.8627499606299214
0
LINE
8
BLACK
6
CONTINUOUS
10
5.3564671653543305
20
-3.8627499606299214
11
5.3574295669291336
21
-3.8614917716535433
0
LINE
8
BLACK
6
CONTINUOUS
10
5.3574295669291336
20
-3.8614917716535433
11
5.3586782283464567
21
-3.8598395275590551
0
LINE
8
BLACK
6
CONTINUOUS
10
5.3586782283464567
20
-3.8598395275590551
11
5.360165708661417
21
-3.8578560236220469
0
LINE
8
BLACK
6
CONTINUOUS
10
5.360165708661417
20
-3.8578560236220469
11
5.361844645669291
21
-3.8556040551181101
0
LINE
8
BLACK
6
CONTINUOUS
10
5.361844645669291
20
-3.8556040551181101
11
5.3636675984251969
21
-3.8531464173228347
0
LINE
8
BLACK
6
CONTINUOUS
10
5.3636675984251969
20
-3.8531464173228347
11
5.364078307086614
21
-3.8525911023622048
0
LINE
8
BLACK
6
CONTINUOUS
10
5.364078307086614
20
-3.8525911023622048
11
5.3659348425196853
21
-3.8500888976377952
0
LINE
8
BLACK
6
CONTINUOUS
10
5.3659348425196853
20
-3.8500888976377952
11
5.3676665748031498
21
-3.8477728740157477
0
LINE
8
BLACK
6
CONTINUOUS
10
5.3676665748031498
20
-3.8477728740157477
11
5.3692246850393701
21
-3.8457070078740156
0
LINE
8
BLACK
6
CONTINUOUS
10
5.3692246850393701
20
-3.8457070078740156
11
5.3705603149606294
21
-3.8439552362204723
0
LINE
8
BLACK
6
CONTINUOUS
10
5.3705603149606294
20
-3.8439552362204723
11
5.3716246850393699
21
-3.8425815354330708
0
LINE
8
BLACK
6
CONTINUOUS
10
5.3716246850393699
20
-3.8425815354330708
11
5.372368897637795
21
-3.8416498818897638
0
LINE
8
BLACK
6
CONTINUOUS
10
5.372368897637795
20
-3.8416498818897638
11
5.3727441732283463
21
-3.8412242125984251
0
LINE
8
BLACK
6
CONTINUOUS
10
5.3727441732283463
20
-3.8412242125984251
11
5.372770984251968
21
-3.8412052755905512
0
LINE
8
BLACK
6
CONTINUOUS
10
5.372770984251968
20
-3.8412052755905512
11
5.3732528740157477
21
-3.8411595669291336
0
LINE
8
BLACK
6
CONTINUOUS
10
5.3732528740157477
20
-3.8411595669291336
11
5.3743196062992125
21
-3.8411332677165353
0
LINE
8
BLACK
6
CONTINUOUS
10
5.3743196062992125
20
-3.8411332677165353
11
5.3758330708661415
21
-3.8411275590551179
0
LINE
8
BLACK
6
CONTINUOUS
10
5.3758330708661415
20
-3.8411275590551179
11
5.3776552755905511
21
-3.8411435433070866
0
LINE
8
BLACK
6
CONTINUOUS
10
5.6929832283464563
20
-3.8563030708661414
11
5.6930812204724406
21
-3.8563436614173225
0
LINE
8
BLACK
6
CONTINUOUS
10
5.6930812204724406
20
-3.8563436614173225
11
5.693187047244094
21
-3.8563511811023621
0
LINE
8
BLACK
6
CONTINUOUS
10
5.693187047244094
20
-3.8563511811023621
11
5.6936985826771656
21
-3.8565993700787402
0
LINE
8
BLACK
6
CONTINUOUS
10
5.6936985826771656
20
-3.8565993700787402
11
5.6940476377952756
21
-3.8567439763779525
0
LINE
8
BLACK
6
CONTINUOUS
10
5.6940476377952756
20
-3.8567439763779525
11
5.6940957480314962
21
-3.8567920866141732
0
LINE
8
BLACK
6
CONTINUOUS
10
5.6940957480314962
20
-3.8567920866141732
11
5.6974772047244091
21
-3.8584328346456691
0
LINE
8
BLACK
6
CONTINUOUS
10
5.6974772047244091
20
-3.8584328346456691
11
5.6977250787401577
21
-3.8585888582677166
0
LINE
8
BLACK
6
CONTINUOUS
10
5.6977250787401577
20
-3.8585888582677166
11
5.6977971259842519
21
-3.8586187007874013
0
LINE
8
BLACK
6
CONTINUOUS
10
5.6977971259842519
20
-3.8586187007874013
11
5.6978432283464562
21
-3.8586632283464568
0
LINE
8
BLACK
6
CONTINUOUS
10
5.6978432283464562
20
-3.8586632283464568
11
5.6979670866141729
21
-3.8587411811023622
0
LINE
8
BLACK
6
CONTINUOUS
10
5.6979670866141729
20
-3.8587411811023622
11
5.698188779527559
21
-3.8589968110236219
0
LINE
8
BLACK
6
CONTINUOUS
10
5.698188779527559
20
-3.8589968110236219
11
5.70011937007874
21
-3.8608606692913385
0
LINE
8
BLACK
6
CONTINUOUS
10
5.70011937007874
20
-3.8608606692913385
11
5.7003051181102364
21
-3.8610870078740156
0
LINE
8
BLACK
6
CONTINUOUS
10
5.7003051181102364
20
-3.8610870078740156
11
5.7003641732283468
21
-3.8611382283464568
0
LINE
8
BLACK
6
CONTINUOUS
10
5.7003641732283468
20
-3.8611382283464568
11
5.7003927952755902
21
-3.8611938582677165
0
LINE
8
BLACK
6
CONTINUOUS
10
5.7003927952755902
20
-3.8611938582677165
11
5.7004866141732284
21
-3.8613081496062991
0
LINE
8
BLACK
6
CONTINUOUS
10
5.7004866141732284
20
-3.8613081496062991
11
5.7006302755905507
21
-3.8616549999999998
0
LINE
8
BLACK
6
CONTINUOUS
10
5.7006302755905507
20
-3.8616549999999998
11
5.7025472834645665
21
-3.8653776377952753
0
LINE
8
BLACK
6
CONTINUOUS
10
5.7025472834645665
20
-3.8653776377952753
11
5.702754173228346
21
-3.8659182283464566
0
LINE
8
BLACK
6
CONTINUOUS
10
5.702754173228346
20
-3.8659182283464566
11
5.702761692913386
21
-3.8660240944881887
0
LINE
8
BLACK
6
CONTINUOUS
10
5.702761692913386
20
-3.8660240944881887
11
5.7028022834645666
21
-3.866122086614173
0
LINE
8
BLACK
6
CONTINUOUS
10
5.7028022834645666
20
-3.866122086614173
11
5.7028059448818897
21
-3.8666472440944881
0
LINE
8
BLACK
6
CONTINUOUS
10
5.7028059448818897
20
-3.8666472440944881
11
5.7028358267716532
21
-3.867067440944882
0
LINE
8
BLACK
6
CONTINUOUS
10
5.7028358267716532
20
-3.867067440944882
11
5.7028094488188978
21
-3.8671464566929132
0
LINE
8
BLACK
6
CONTINUOUS
10
5.7028094488188978
20
-3.8671464566929132
11
5.7028590157480314
21
-3.8741972047244095
0
LINE
8
BLACK
6
CONTINUOUS
10
5.7028590157480314
20
-3.8741972047244095
11
5.7028022834645666
21
-3.8747732677165354
0
LINE
8
BLACK
6
CONTINUOUS
10
5.7028022834645666
20
-3.8747732677165354
11
5.702761692913386
21
-3.8748712204724409
0
LINE
8
BLACK
6
CONTINUOUS
10
5.702761692913386
20
-3.8748712204724409
11
5.702754173228346
21
-3.8749771259842518
0
LINE
8
BLACK
6
CONTINUOUS
10
5.702754173228346
20
-3.8749771259842518
11
5.7025058267716533
21
-3.8754888582677163
0
LINE
8
BLACK
6
CONTINUOUS
10
5.7025058267716533
20
-3.8754888582677163
11
5.702361377952756
21
-3.8758376771653542
0
LINE
8
BLACK
6
CONTINUOUS
10
5.702361377952756
20
-3.8758376771653542
11
5.7023132677165353
21
-3.8758857480314961
0
LINE
8
BLACK
6
CONTINUOUS
10
5.7023132677165353
20
-3.8758857480314961
11
5.700672519685039
21
-3.8792672440944882
0
LINE
8
BLACK
6
CONTINUOUS
10
5.700672519685039
20
-3.8792672440944882
11
5.7005164173228344
21
-3.8795152362204726
0
LINE
8
BLACK
6
CONTINUOUS
10
5.7005164173228344
20
-3.8795152362204726
11
5.7004866141732284
21
-3.8795872047244093
0
LINE
8
BLACK
6
CONTINUOUS
10
5.7004866141732284
20
-3.8795872047244093
11
5.7004420866141734
21
-3.8796332677165353
0
LINE
8
BLACK
6
CONTINUOUS
10
5.7004420866141734
20
-3.8796332677165353
11
5.7003641732283468
21
-3.879757125984252
0
LINE
8
BLACK
6
CONTINUOUS
10
5.7003641732283468
20
-3.879757125984252
11
5.7001083858267716
21
-3.8799788976377951
0
LINE
8
BLACK
6
CONTINUOUS
10
5.7001083858267716
20
-3.8799788976377951
11
5.6982445669291337
21
-3.8819094488188974
0
LINE
8
BLACK
6
CONTINUOUS
10
5.6982445669291337
20
-3.8819094488188974
11
5.6980182283464567
21
-3.8820951574803151
0
LINE
8
BLACK
6
CONTINUOUS
10
5.6980182283464567
20
-3.8820951574803151
11
5.6979670866141729
21
-3.8821541732283462
0
LINE
8
BLACK
6
CONTINUOUS
10
5.6979670866141729
20
-3.8821541732283462
11
5.6979114566929132
21
-3.8821827952755905
0
LINE
8
BLACK
6
CONTINUOUS
10
5.6979114566929132
20
-3.8821827952755905
11
5.6977971259842519
21
-3.8822766535433071
0
LINE
8
BLACK
6
CONTINUOUS
10
5.6977971259842519
20
-3.8822766535433071
11
5.6974501968503937
21
-3.8824203149606298
0
LINE
8
BLACK
6
CONTINUOUS
10
5.6974501968503937
20
-3.8824203149606298
11
5.693727677165354
21
-3.8843372834645669
0
LINE
8
BLACK
6
CONTINUOUS
10
5.693727677165354
20
-3.8843372834645669
11
5.693187047244094
21
-3.8845441732283463
0
LINE
8
BLACK
6
CONTINUOUS
10
5.693187047244094
20
-3.8845441732283463
11
5.6930812204724406
21
-3.8845516535433071
0
LINE
8
BLACK
6
CONTINUOUS
10
5.6930812204724406
20
-3.8845516535433071
11
5.6929832283464563
21
-3.884592283464567
0
LINE
8
BLACK
6
CONTINUOUS
10
5.6929832283464563
20
-3.884592283464567
11
5.6924979527559056
21
-3.8845931102362203
0
LINE
8
BLACK
6
CONTINUOUS
10
5.6924979527559056
20
-3.8845931102362203
11
5.692037834645669
21
-3.8846258267716536
0
LINE
8
BLACK
6
CONTINUOUS
10
5.692037834645669
20
-3.8846258267716536
11
5.6919426377952753
21
-3.8845940944881887
0
LINE
8
BLACK
6
CONTINUOUS
10
5.6919426377952753
20
-3.8845940944881887
11
5.660536181102362
21
-3.8846490157480313
0
LINE
8
BLACK
6
CONTINUOUS
10
5.660536181102362
20
-3.8846490157480313
11
5.6599601181102361
21
-3.884592283464567
0
LINE
8
BLACK
6
CONTINUOUS
10
5.6599601181102361
20
-3.884592283464567
11
5.6588957086614169
21
-3.8841513779527559
0
LINE
8
BLACK
6
CONTINUOUS
10
5.6588957086614169
20
-3.8841513779527559
11
5.6580810629921254
21
-3.8833367322834644
0
LINE
8
BLACK
6
CONTINUOUS
10
5.6580810629921254
20
-3.8833367322834644
11
5.6576401574803148
21
-3.8822723228346456
0
LINE
8
BLACK
6
CONTINUOUS
10
5.6576401574803148
20
-3.8822723228346456
11
5.6576401574803148
21
-3.8811201968503934
0
LINE
8
BLACK
6
CONTINUOUS
10
5.6576401574803148
20
-3.8811201968503934
11
5.6580810629921254
21
-3.8800557874015746
0
LINE
8
BLACK
6
CONTINUOUS
10
5.6580810629921254
20
-3.8800557874015746
11
5.6588957086614169
21
-3.8792411417322832
0
LINE
8
BLACK
6
CONTINUOUS
10
5.6588957086614169
20
-3.8792411417322832
11
5.6599601181102361
21
-3.8788002362204725
0
LINE
8
BLACK
6
CONTINUOUS
10
5.6599601181102361
20
-3.8788002362204725
11
5.6917988188976381
21
-3.8787445669291336
0
LINE
8
BLACK
6
CONTINUOUS
10
5.6917988188976381
20
-3.8787445669291336
11
5.6945008267716535
21
-3.8773531102362204
0
LINE
8
BLACK
6
CONTINUOUS
10
5.6945008267716535
20
-3.8773531102362204
11
5.6956916141732279
21
-3.8761197637795273
0
LINE
8
BLACK
6
CONTINUOUS
10
5.6956916141732279
20
-3.8761197637795273
11
5.6970007086614176
21
-3.8734217716535433
0
LINE
8
BLACK
6
CONTINUOUS
10
5.6970007086614176
20
-3.8734217716535433
11
5.6969577952755905
21
-3.8673127559055116
0
LINE
8
BLACK
6
CONTINUOUS
10
5.6969577952755905
20
-3.8673127559055116
11
5.6955631496062988
21
-3.8646044881889763
0
LINE
8
BLACK
6
CONTINUOUS
10
5.6955631496062988
20
-3.8646044881889763
11
5.6943297637795274
21
-3.8634137401574802
0
LINE
8
BLACK
6
CONTINUOUS
10
5.6943297637795274
20
-3.8634137401574802
11
5.6916170866141735
21
-3.8620974803149606
0
LINE
8
BLACK
6
CONTINUOUS
10
5.6916170866141735
20
-3.8620974803149606
11
5.660536181102362
21
-3.8621518503937007
0
LINE
8
BLACK
6
CONTINUOUS
10
5.660536181102362
20
-3.8621518503937007
11
5.6599601181102361
21
-3.8620951181102363
0
LINE
8
BLACK
6
CONTINUOUS
10
5.6599601181102361
20
-3.8620951181102363
11
5.6588957086614169
21
-3.8616542125984252
0
LINE
8
BLACK
6
CONTINUOUS
10
5.6588957086614169
20
-3.8616542125984252
11
5.6580810629921254
21
-3.8608395669291338
0
LINE
8
BLACK
6
CONTINUOUS
10
5.6580810629921254
20
-3.8608395669291338
11
5.6576401574803148
21
-3.859775157480315
0
LINE
8
BLACK
6
CONTINUOUS
10
5.6576401574803148
20
-3.859775157480315
11
5.6576401574803148
21
-3.8586230314960628
0
LINE
8
BLACK
6
CONTINUOUS
10
5.6576401574803148
20
-3.8586230314960628
11
5.6580810629921254
21
-3.857558622047244
0
LINE
8
BLACK
6
CONTINUOUS
10
5.6580810629921254
20
-3.857558622047244
11
5.6588957086614169
21
-3.8567439763779525
0
LINE
8
BLACK
6
CONTINUOUS
10
5.6588957086614169
20
-3.8567439763779525
11
5.6599601181102361
21
-3.8563030708661414
0
LINE
8
BLACK
6
CONTINUOUS
10
5.6599601181102361
20
-3.8563030708661414
11
5.6924071653543304
21
-3.8562463385826771
0
LINE
8
BLACK
6
CONTINUOUS
10
5.6924071653543304
20
-3.8562463385826771
11
5.6929832283464563
21
-3.8563030708661414
0
LINE
8
BLACK
6
CONTINUOUS
10
5.6850086220472438
20
-3.8168861417322835
11
5.6850516535433071
21
-3.8168797637795273
0
LINE
8
BLACK
6
CONTINUOUS
10
5.6850516535433071
20
-3.8168797637795273
11
5.6851253149606302
21
-3.8168976377952757
0
LINE
8
BLACK
6
CONTINUOUS
10
5.6851253149606302
20
-3.8168976377952757
11
5.6854841732283461
21
-3.816932992125984
0
LINE
8
BLACK
6
CONTINUOUS
10
5.6854841732283461
20
-3.816932992125984
11
5.6857860629921255
21
-3.8170580314960629
0
LINE
8
BLACK
6
CONTINUOUS
10
5.6857860629921255
20
-3.8170580314960629
11
5.6931233070866138
21
-3.8188391732283464
0
LINE
8
BLACK
6
CONTINUOUS
10
5.6931233070866138
20
-3.8188391732283464
11
5.6931657874015746
21
-3.8188543307086613
0
LINE
8
BLACK
6
CONTINUOUS
10
5.6931657874015746
20
-3.8188543307086613
11
5.693187047244094
21
-3.8188558661417322
0
LINE
8
BLACK
6
CONTINUOUS
10
5.693187047244094
20
-3.8188558661417322
11
5.6932345669291333
21
-3.818878897637795
0
LINE
8
BLACK
6
CONTINUOUS
10
5.6932345669291333
20
-3.818878897637795
11
5.6936684251968499
21
-3.8190339370078741
0
LINE
8
BLACK
6
CONTINUOUS
10
5.6936684251968499
20
-3.8190339370078741
11
5.6938853937007874
21
-3.8191947244094488
0
LINE
8
BLACK
6
CONTINUOUS
10
5.6938853937007874
20
-3.8191947244094488
11
5.6974772047244091
21
-3.8209375196850393
0
LINE
8
BLACK
6
CONTINUOUS
10
5.6974772047244091
20
-3.8209375196850393
11
5.6977250787401577
21
-3.8210935433070867
0
LINE
8
BLACK
6
CONTINUOUS
10
5.6977250787401577
20
-3.8210935433070867
11
5.6977971259842519
21
-3.8211233858267715
0
LINE
8
BLACK
6
CONTINUOUS
10
5.6977971259842519
20
-3.8211233858267715
11
5.6978432283464562
21
-3.8211679133858265
0
LINE
8
BLACK
6
CONTINUOUS
10
5.6978432283464562
20
-3.8211679133858265
11
5.6979670866141729
21
-3.8212458661417323
0
LINE
8
BLACK
6
CONTINUOUS
10
5.6979670866141729
20
-3.8212458661417323
11
5.698188779527559
21
-3.8215014960629921
0
LINE
8
BLACK
6
CONTINUOUS
10
5.698188779527559
20
-3.8215014960629921
11
5.70011937007874
21
-3.8233653543307087
0
LINE
8
BLACK
6
CONTINUOUS
10
5.70011937007874
20
-3.8233653543307087
11
5.7003051181102364
21
-3.8235916929133857
0
LINE
8
BLACK
6
CONTINUOUS
10
5.7003051181102364
20
-3.8235916929133857
11
5.7003641732283468
21
-3.8236429133858265
0
LINE
8
BLACK
6
CONTINUOUS
10
5.7003641732283468
20
-3.8236429133858265
11
5.7003927952755902
21
-3.8236985433070867
0
LINE
8
BLACK
6
CONTINUOUS
10
5.7003927952755902
20
-3.8236985433070867
11
5.7004866141732284
21
-3.8238128346456692
0
LINE
8
BLACK
6
CONTINUOUS
10
5.7004866141732284
20
-3.8238128346456692
11
5.7006302755905507
21
-3.82415968503937
0
LINE
8
BLACK
6
CONTINUOUS
10
5.7006302755905507
20
-3.82415968503937
11
5.7025472834645665
21
-3.8278823228346455
0
LINE
8
BLACK
6
CONTINUOUS
10
5.7025472834645665
20
-3.8278823228346455
11
5.702754173228346
21
-3.8284229133858267
0
LINE
8
BLACK
6
CONTINUOUS
10
5.702754173228346
20
-3.8284229133858267
11
5.702761692913386
21
-3.8285287795275589
0
LINE
8
BLACK
6
CONTINUOUS
10
5.702761692913386
20
-3.8285287795275589
11
5.7028022834645666
21
-3.8286267716535431
0
LINE
8
BLACK
6
CONTINUOUS
10
5.7028022834645666
20
-3.8286267716535431
11
5.7028098818897632
21
-3.8292071259842517
0
LINE
8
BLACK
6
CONTINUOUS
10
5.7028098818897632
20
-3.8292071259842517
11
5.7028358267716532
21
-3.8295721259842517
0
LINE
8
BLACK
6
CONTINUOUS
10
5.7028358267716532
20
-3.8295721259842517
11
5.7028154724409443
21
-3.8296331496062992
0
LINE
8
BLACK
6
CONTINUOUS
10
5.7028154724409443
20
-3.8296331496062992
11
5.7028590157480314
21
-3.8329523622047241
0
LINE
8
BLACK
6
CONTINUOUS
10
5.7028590157480314
20
-3.8329523622047241
11
5.7028022834645666
21
-3.8335284251968504
0
LINE
8
BLACK
6
CONTINUOUS
10
5.7028022834645666
20
-3.8335284251968504
11
5.702761692913386
21
-3.833626377952756
0
LINE
8
BLACK
6
CONTINUOUS
10
5.702761692913386
20
-3.833626377952756
11
5.702754173228346
21
-3.8337322834645668
0
LINE
8
BLACK
6
CONTINUOUS
10
5.702754173228346
20
-3.8337322834645668
11
5.7025058267716533
21
-3.8342440157480313
0
LINE
8
BLACK
6
CONTINUOUS
10
5.7025058267716533
20
-3.8342440157480313
11
5.702361377952756
21
-3.8345928346456692
0
LINE
8
BLACK
6
CONTINUOUS
10
5.702361377952756
20
-3.8345928346456692
11
5.7023132677165353
21
-3.8346409055118111
0
LINE
8
BLACK
6
CONTINUOUS
10
5.7023132677165353
20
-3.8346409055118111
11
5.700672519685039
21
-3.8380224015748032
0
LINE
8
BLACK
6
CONTINUOUS
10
5.700672519685039
20
-3.8380224015748032
11
5.7005164173228344
21
-3.8382703937007872
0
LINE
8
BLACK
6
CONTINUOUS
10
5.7005164173228344
20
-3.8382703937007872
11
5.7004866141732284
21
-3.8383423622047244
0
LINE
8
BLACK
6
CONTINUOUS
10
5.7004866141732284
20
-3.8383423622047244
11
5.7004420866141734
21
-3.8383884251968503
0
LINE
8
BLACK
6
CONTINUOUS
10
5.7004420866141734
20
-3.8383884251968503
11
5.7003641732283468
21
-3.8385122834645666
0
LINE
8
BLACK
6
CONTINUOUS
10
5.7003641732283468
20
-3.8385122834645666
11
5.7001083858267716
21
-3.8387340551181102
0
LINE
8
BLACK
6
CONTINUOUS
10
5.7001083858267716
20
-3.8387340551181102
11
5.6982445669291337
21
-3.8406646062992125
0
LINE
8
BLACK
6
CONTINUOUS
10
5.6982445669291337
20
-3.8406646062992125
11
5.6980182283464567
21
-3.8408503149606297
0
LINE
8
BLACK
6
CONTINUOUS
10
5.6980182283464567
20
-3.8408503149606297
11
5.6979670866141729
21
-3.8409093307086613
0
LINE
8
BLACK
6
CONTINUOUS
10
5.6979670866141729
20
-3.8409093307086613
11
5.6979114566929132
21
-3.8409379527559055
0
LINE
8
BLACK
6
CONTINUOUS
10
5.6979114566929132
20
-3.8409379527559055
11
5.6977971259842519
21
-3.8410318110236221
0
LINE
8
BLACK
6
CONTINUOUS
10
5.6977971259842519
20
-3.8410318110236221
11
5.6974501968503937
21
-3.8411754724409448
0
LINE
8
BLACK
6
CONTINUOUS
10
5.6974501968503937
20
-3.8411754724409448
11
5.693727677165354
21
-3.8430924409448819
0
LINE
8
BLACK
6
CONTINUOUS
10
5.693727677165354
20
-3.8430924409448819
11
5.693685551181102
21
-3.8431085433070864
0
LINE
8
BLACK
6
CONTINUOUS
10
5.693685551181102
20
-3.8431085433070864
11
5.6936684251968499
21
-3.8431212598425195
0
LINE
8
BLACK
6
CONTINUOUS
10
5.6936684251968499
20
-3.8431212598425195
11
5.6936194094488188
21
-3.8431338582677164
0
LINE
8
BLACK
6
CONTINUOUS
10
5.6936194094488188
20
-3.8431338582677164
11
5.693187047244094
21
-3.8432993307086614
0
LINE
8
BLACK
6
CONTINUOUS
10
5.693187047244094
20
-3.8432993307086614
11
5.6928958267716538
21
-3.8433199999999998
0
LINE
8
BLACK
6
CONTINUOUS
10
5.6928958267716538
20
-3.8433199999999998
11
5.6856242519685036
21
-3.8451907874015747
0
LINE
8
BLACK
6
CONTINUOUS
10
5.6856242519685036
20
-3.8451907874015747
11
5.6855243700787401
21
-3.8452055511811021
0
LINE
8
BLACK
6
CONTINUOUS
10
5.6855243700787401
20
-3.8452055511811021
11
5.6854841732283461
21
-3.8452222047244096
0
LINE
8
BLACK
6
CONTINUOUS
10
5.6854841732283461
20
-3.8452222047244096
11
5.6854087795275587
21
-3.8452225984251966
0
LINE
8
BLACK
6
CONTINUOUS
10
5.6854087795275587
20
-3.8452225984251966
11
5.6850516535433071
21
-3.8452754330708658
0
LINE
8
BLACK
6
CONTINUOUS
10
5.6850516535433071
20
-3.8452754330708658
11
5.6847230708661414
21
-3.8452265354330706
0
LINE
8
BLACK
6
CONTINUOUS
10
5.6847230708661414
20
-3.8452265354330706
11
5.6755342913385824
21
-3.8452789370078739
0
LINE
8
BLACK
6
CONTINUOUS
10
5.6755342913385824
20
-3.8452789370078739
11
5.6754337401574801
21
-3.8452690157480314
0
LINE
8
BLACK
6
CONTINUOUS
10
5.6754337401574801
20
-3.8452690157480314
11
5.6753907480314956
21
-3.8452754330708658
0
LINE
8
BLACK
6
CONTINUOUS
10
5.6753907480314956
20
-3.8452754330708658
11
5.6753170472440946
21
-3.8452575196850391
0
LINE
8
BLACK
6
CONTINUOUS
10
5.6753170472440946
20
-3.8452575196850391
11
5.6749582283464566
21
-3.8452222047244096
0
LINE
8
BLACK
6
CONTINUOUS
10
5.6749582283464566
20
-3.8452222047244096
11
5.6746562992125984
21
-3.8450971259842519
0
LINE
8
BLACK
6
CONTINUOUS
10
5.6746562992125984
20
-3.8450971259842519
11
5.6673190944881888
21
-3.8433160236220472
0
LINE
8
BLACK
6
CONTINUOUS
10
5.6673190944881888
20
-3.8433160236220472
11
5.6672765748031493
21
-3.8433008267716535
0
LINE
8
BLACK
6
CONTINUOUS
10
5.6672765748031493
20
-3.8433008267716535
11
5.66725531496063
21
-3.8432993307086614
0
LINE
8
BLACK
6
CONTINUOUS
10
5.66725531496063
20
-3.8432993307086614
11
5.6672076377952756
21
-3.8432761811023619
0
LINE
8
BLACK
6
CONTINUOUS
10
5.6672076377952756
20
-3.8432761811023619
11
5.6667739763779528
21
-3.8431212598425195
0
LINE
8
BLACK
6
CONTINUOUS
10
5.6667739763779528
20
-3.8431212598425195
11
5.6665570078740153
21
-3.8429605118110235
0
LINE
8
BLACK
6
CONTINUOUS
10
5.6665570078740153
20
-3.8429605118110235
11
5.6629651968503936
21
-3.8412176771653543
0
LINE
8
BLACK
6
CONTINUOUS
10
5.6629651968503936
20
-3.8412176771653543
11
5.6627171653543309
21
-3.8410615748031494
0
LINE
8
BLACK
6
CONTINUOUS
10
5.6627171653543309
20
-3.8410615748031494
11
5.662645236220472
21
-3.8410317716535434
0
LINE
8
BLACK
6
CONTINUOUS
10
5.662645236220472
20
-3.8410317716535434
11
5.6625991338582677
21
-3.8409872440944879
0
LINE
8
BLACK
6
CONTINUOUS
10
5.6625991338582677
20
-3.8409872440944879
11
5.6624753149606297
21
-3.8409093307086613
0
LINE
8
BLACK
6
CONTINUOUS
10
5.6624753149606297
20
-3.8409093307086613
11
5.6622535433070862
21
-3.840653622047244
0
LINE
8
BLACK
6
CONTINUOUS
10
5.6622535433070862
20
-3.840653622047244
11
5.6603230314960626
21
-3.8387898031496062
0
LINE
8
BLACK
6
CONTINUOUS
10
5.6603230314960626
20
-3.8387898031496062
11
5.6601372440944884
21
-3.8385634251968503
0
LINE
8
BLACK
6
CONTINUOUS
10
5.6601372440944884
20
-3.8385634251968503
11
5.6600782677165355
21
-3.8385122834645666
0
LINE
8
BLACK
6
CONTINUOUS
10
5.6600782677165355
20
-3.8385122834645666
11
5.6600496062992125
21
-3.8384566141732281
0
LINE
8
BLACK
6
CONTINUOUS
10
5.6600496062992125
20
-3.8384566141732281
11
5.659955826771653
21
-3.8383423622047244
0
LINE
8
BLACK
6
CONTINUOUS
10
5.659955826771653
20
-3.8383423622047244
11
5.6598121653543307
21
-3.8379955511811024
0
LINE
8
BLACK
6
CONTINUOUS
10
5.6598121653543307
20
-3.8379955511811024
11
5.6578951574803149
21
-3.8342728740157481
0
LINE
8
BLACK
6
CONTINUOUS
10
5.6578951574803149
20
-3.8342728740157481
11
5.6576882677165354
21
-3.8337322440944881
0
LINE
8
BLACK
6
CONTINUOUS
10
5.6576882677165354
20
-3.8337322440944881
11
5.6576807480314963
21
-3.8336264173228347
0
LINE
8
BLACK
6
CONTINUOUS
10
5.6576807480314963
20
-3.8336264173228347
11
5.6576401574803148
21
-3.8335284251968504
0
LINE
8
BLACK
6
CONTINUOUS
10
5.6576401574803148
20
-3.8335284251968504
11
5.6576325196850394
21
-3.8329479527559056
0
LINE
8
BLACK
6
CONTINUOUS
10
5.6576325196850394
20
-3.8329479527559056
11
5.6576066141732282
21
-3.8325830314960627
0
LINE
8
BLACK
6
CONTINUOUS
10
5.6576066141732282
20
-3.8325830314960627
11
5.6576269291338583
21
-3.8325219685039369
0
LINE
8
BLACK
6
CONTINUOUS
10
5.6576269291338583
20
-3.8325219685039369
11
5.65758342519685
21
-3.829202834645669
0
LINE
8
BLACK
6
CONTINUOUS
10
5.65758342519685
20
-3.829202834645669
11
5.6576401574803148
21
-3.8286267716535431
0
LINE
8
BLACK
6
CONTINUOUS
10
5.6576401574803148
20
-3.8286267716535431
11
5.6576807480314963
21
-3.8285287401574801
0
LINE
8
BLACK
6
CONTINUOUS
10
5.6576807480314963
20
-3.8285287401574801
11
5.6576882677165354
21
-3.8284229527559055
0
LINE
8
BLACK
6
CONTINUOUS
10
5.6576882677165354
20
-3.8284229527559055
11
5.6579364566929131
21
-3.8279113779527556
0
LINE
8
BLACK
6
CONTINUOUS
10
5.6579364566929131
20
-3.8279113779527556
11
5.6580810629921254
21
-3.8275623622047243
0
LINE
8
BLACK
6
CONTINUOUS
10
5.6580810629921254
20
-3.8275623622047243
11
5.6581291732283461
21
-3.8275142125984249
0
LINE
8
BLACK
6
CONTINUOUS
10
5.6581291732283461
20
-3.8275142125984249
11
5.6597699212598425
21
-3.8241327952755904
0
LINE
8
BLACK
6
CONTINUOUS
10
5.6597699212598425
20
-3.8241327952755904
11
5.6599259842519682
21
-3.8238847637795277
0
LINE
8
BLACK
6
CONTINUOUS
10
5.6599259842519682
20
-3.8238847637795277
11
5.659955826771653
21
-3.8238128346456692
0
LINE
8
BLACK
6
CONTINUOUS
10
5.659955826771653
20
-3.8238128346456692
11
5.6600003149606302
21
-3.8237667322834645
0
LINE
8
BLACK
6
CONTINUOUS
10
5.6600003149606302
20
-3.8237667322834645
11
5.6600782677165355
21
-3.8236429133858265
0
LINE
8
BLACK
6
CONTINUOUS
10
5.6600782677165355
20
-3.8236429133858265
11
5.6603339370078736
21
-3.8234211417322834
0
LINE
8
BLACK
6
CONTINUOUS
10
5.6603339370078736
20
-3.8234211417322834
11
5.6621977952755902
21
-3.8214906299212599
0
LINE
8
BLACK
6
CONTINUOUS
10
5.6621977952755902
20
-3.8214906299212599
11
5.6624241338582673
21
-3.8213048425196852
0
LINE
8
BLACK
6
CONTINUOUS
10
5.6624241338582673
20
-3.8213048425196852
11
5.6624753149606297
21
-3.8212458661417323
0
LINE
8
BLACK
6
CONTINUOUS
10
5.6624753149606297
20
-3.8212458661417323
11
5.6625309448818895
21
-3.8212172047244093
0
LINE
8
BLACK
6
CONTINUOUS
10
5.6625309448818895
20
-3.8212172047244093
11
5.662645236220472
21
-3.8211234251968502
0
LINE
8
BLACK
6
CONTINUOUS
10
5.662645236220472
20
-3.8211234251968502
11
5.6629920866141727
21
-3.8209797244094488
0
LINE
8
BLACK
6
CONTINUOUS
10
5.6629920866141727
20
-3.8209797244094488
11
5.6667147244094487
21
-3.8190627559055117
0
LINE
8
BLACK
6
CONTINUOUS
10
5.6667147244094487
20
-3.8190627559055117
11
5.6667568110236219
21
-3.8190466141732284
0
LINE
8
BLACK
6
CONTINUOUS
10
5.6667568110236219
20
-3.8190466141732284
11
5.6667739763779528
21
-3.8190339370078741
0
LINE
8
BLACK
6
CONTINUOUS
10
5.6667739763779528
20
-3.8190339370078741
11
5.6668229133858263
21
-3.8190213385826772
0
LINE
8
BLACK
6
CONTINUOUS
10
5.6668229133858263
20
-3.8190213385826772
11
5.66725531496063
21
-3.8188558661417322
0
LINE
8
BLACK
6
CONTINUOUS
10
5.66725531496063
20
-3.8188558661417322
11
5.667546535433071
21
-3.818835157480315
0
LINE
8
BLACK
6
CONTINUOUS
10
5.667546535433071
20
-3.818835157480315
11
5.674818149606299
21
-3.8169644094488189
0
LINE
8
BLACK
6
CONTINUOUS
10
5.674818149606299
20
-3.8169644094488189
11
5.6749179921259838
21
-3.8169496062992123
0
LINE
8
BLACK
6
CONTINUOUS
10
5.6749179921259838
20
-3.8169496062992123
11
5.6749582283464566
21
-3.816932992125984
0
LINE
8
BLACK
6
CONTINUOUS
10
5.6749582283464566
20
-3.816932992125984
11
5.6750335826771652
21
-3.8169325590551182
0
LINE
8
BLACK
6
CONTINUOUS
10
5.6750335826771652
20
-3.8169325590551182
11
5.6753907480314956
21
-3.8168797637795273
0
LINE
8
BLACK
6
CONTINUOUS
10
5.6753907480314956
20
-3.8168797637795273
11
5.6757192913385826
21
-3.8169286220472438
0
LINE
8
BLACK
6
CONTINUOUS
10
5.6757192913385826
20
-3.8169286220472438
11
5.6849081102362202
21
-3.8168762598425197
0
LINE
8
BLACK
6
CONTINUOUS
10
5.6849081102362202
20
-3.8168762598425197
11
5.6850086220472438
21
-3.8168861417322835
0
LINE
8
BLACK
6
CONTINUOUS
10
5.6756995275590549
20
-3.8227808267716537
11
5.6688738582677161
21
-3.8245368503937005
0
LINE
8
BLACK
6
CONTINUOUS
10
5.6688738582677161
20
-3.8245368503937005
11
5.6659415354330704
21
-3.8260468503937006
0
LINE
8
BLACK
6
CONTINUOUS
10
5.6659415354330704
20
-3.8260468503937006
11
5.6647508267716535
21
-3.8272801968503938
0
LINE
8
BLACK
6
CONTINUOUS
10
5.6647508267716535
20
-3.8272801968503938
11
5.6634496850393701
21
-3.8299616929133857
0
LINE
8
BLACK
6
CONTINUOUS
10
5.6634496850393701
20
-3.8299616929133857
11
5.6634807480314961
21
-3.8323302362204723
0
LINE
8
BLACK
6
CONTINUOUS
10
5.6634807480314961
20
-3.8323302362204723
11
5.6648792519685038
21
-3.8350460236220472
0
LINE
8
BLACK
6
CONTINUOUS
10
5.6648792519685038
20
-3.8350460236220472
11
5.6661126377952753
21
-3.8362367716535433
0
LINE
8
BLACK
6
CONTINUOUS
10
5.6661126377952753
20
-3.8362367716535433
11
5.6692628740157476
21
-3.8377653149606297
0
LINE
8
BLACK
6
CONTINUOUS
10
5.6692628740157476
20
-3.8377653149606297
11
5.6760942913385826
21
-3.8394236614173227
0
LINE
8
BLACK
6
CONTINUOUS
10
5.6760942913385826
20
-3.8394236614173227
11
5.684742834645669
21
-3.8393743307086612
0
LINE
8
BLACK
6
CONTINUOUS
10
5.684742834645669
20
-3.8393743307086612
11
5.6915685039370079
21
-3.8376183070866139
0
LINE
8
BLACK
6
CONTINUOUS
10
5.6915685039370079
20
-3.8376183070866139
11
5.6945008267716535
21
-3.8361082677165355
0
LINE
8
BLACK
6
CONTINUOUS
10
5.6945008267716535
20
-3.8361082677165355
11
5.6956916141732279
21
-3.8348749212598423
0
LINE
8
BLACK
6
CONTINUOUS
10
5.6956916141732279
20
-3.8348749212598423
11
5.6969927165354326
21
-3.8321934645669291
0
LINE
8
BLACK
6
CONTINUOUS
10
5.6969927165354326
20
-3.8321934645669291
11
5.6969616535433065
21
-3.8298249212598425
0
LINE
8
BLACK
6
CONTINUOUS
10
5.6969616535433065
20
-3.8298249212598425
11
5.6955631496062988
21
-3.8271091732283464
0
LINE
8
BLACK
6
CONTINUOUS
10
5.6955631496062988
20
-3.8271091732283464
11
5.6943297637795274
21
-3.8259184251968503
0
LINE
8
BLACK
6
CONTINUOUS
10
5.6943297637795274
20
-3.8259184251968503
11
5.6911794881889763
21
-3.8243898425196852
0
LINE
8
BLACK
6
CONTINUOUS
10
5.6911794881889763
20
-3.8243898425196852
11
5.6843480708661414
21
-3.8227314960629921
0
LINE
8
BLACK
6
CONTINUOUS
10
5.6843480708661414
20
-3.8227314960629921
11
5.6756995275590549
21
-3.8227808267716537
0
LINE
8
BLACK
6
CONTINUOUS
10
5.4876483858267715
20
-3.67750405511811
11
5.4932613779527557
21
-3.679206771653543
0
LINE
8
BLACK
6
CONTINUOUS
10
5.4932613779527557
20
-3.679206771653543
11
5.4984343700787397
21
-3.6819717716535432
0
LINE
8
BLACK
6
CONTINUOUS
10
5.4984343700787397
20
-3.6819717716535432
11
5.5029685433070865
21
-3.6856928740157477
0
LINE
8
BLACK
6
CONTINUOUS
10
5.5029685433070865
20
-3.6856928740157477
11
5.5066896456692911
21
-3.6902270472440946
0
LINE
8
BLACK
6
CONTINUOUS
10
5.5066896456692911
20
-3.6902270472440946
11
5.5094546456692912
21
-3.6954000393700785
0
LINE
8
BLACK
6
CONTINUOUS
10
5.5094546456692912
20
-3.6954000393700785
11
5.5111573622047239
21
-3.7010130314960628
0
LINE
8
BLACK
6
CONTINUOUS
10
5.5111573622047239
20
-3.7010130314960628
11
5.5114380708661415
21
-3.7038635039370078
0
LINE
8
BLACK
6
CONTINUOUS
10
5.5114380708661415
20
-3.7038635039370078
11
5.5115524803149603
21
-3.7039779133858266
0
LINE
8
BLACK
6
CONTINUOUS
10
5.5115524803149603
20
-3.7039779133858266
11
5.5115541732283466
21
-3.7050422440944879
0
LINE
8
BLACK
6
CONTINUOUS
10
5.5115541732283466
20
-3.7050422440944879
11
5.5117322834645668
21
-3.7068503937007873
0
LINE
8
BLACK
6
CONTINUOUS
10
5.5117322834645668
20
-3.7068503937007873
11
5.5115579921259839
21
-3.7073867716535434
0
LINE
8
BLACK
6
CONTINUOUS
10
5.5115579921259839
20
-3.7073867716535434
11
5.51172905511811
21
-3.8131397244094489
0
LINE
8
BLACK
6
CONTINUOUS
10
5.51172905511811
20
-3.8131397244094489
11
5.5117322834645668
21
-3.8131496062992123
0
LINE
8
BLACK
6
CONTINUOUS
10
5.5117322834645668
20
-3.8131496062992123
11
5.5117291338582675
21
-3.8131814173228347
0
LINE
8
BLACK
6
CONTINUOUS
10
5.5117291338582675
20
-3.8131814173228347
11
5.5117322834645668
21
-3.8151181102362206
0
LINE
8
BLACK
6
CONTINUOUS
10
5.5117322834645668
20
-3.8151181102362206
11
5.5115524803149603
21
-3.816022086614173
0
LINE
8
BLACK
6
CONTINUOUS
10
5.5115524803149603
20
-3.816022086614173
11
5.5114380708661415
21
-3.8161364566929135
0
LINE
8
BLACK
6
CONTINUOUS
10
5.5114380708661415
20
-3.8161364566929135
11
5.5111573622047239
21
-3.8189869685039368
0
LINE
8
BLACK
6
CONTINUOUS
10
5.5111573622047239
20
-3.8189869685039368
11
5.5094546456692912
21
-3.824599960629921
0
LINE
8
BLACK
6
CONTINUOUS
10
5.5094546456692912
20
-3.824599960629921
11
5.5066896456692911
21
-3.8297729527559055
0
LINE
8
BLACK
6
CONTINUOUS
10
5.5066896456692911
20
-3.8297729527559055
11
5.5029685433070865
21
-3.8343071259842518
0
LINE
8
BLACK
6
CONTINUOUS
10
5.5029685433070865
20
-3.8343071259842518
11
5.4984343700787397
21
-3.8380282283464564
0
LINE
8
BLACK
6
CONTINUOUS
10
5.4984343700787397
20
-3.8380282283464564
11
5.4932613779527557
21
-3.8407932283464565
0
LINE
8
BLACK
6
CONTINUOUS
10
5.4932613779527557
20
-3.8407932283464565
11
5.4876483858267715
21
-3.8424959448818896
0
LINE
8
BLACK
6
CONTINUOUS
10
5.4876483858267715
20
-3.8424959448818896
11
5.481811023622047
21
-3.8430708661417321
0
LINE
8
BLACK
6
CONTINUOUS
10
5.481811023622047
20
-3.8430708661417321
11
5.4812898031496058
21
-3.8429014960629919
0
LINE
8
BLACK
6
CONTINUOUS
10
5.4812898031496058
20
-3.8429014960629919
11
5.4581889763779525
21
-3.8430708661417321
0
LINE
8
BLACK
6
CONTINUOUS
10
5.4581889763779525
20
-3.8430708661417321
11
5.452351614173228
21
-3.8424959448818896
0
LINE
8
BLACK
6
CONTINUOUS
10
5.452351614173228
20
-3.8424959448818896
11
5.4467386220472438
21
-3.8407932283464565
0
LINE
8
BLACK
6
CONTINUOUS
10
5.4467386220472438
20
-3.8407932283464565
11
5.4415656299212598
21
-3.8380282283464564
0
LINE
8
BLACK
6
CONTINUOUS
10
5.4415656299212598
20
-3.8380282283464564
11
5.437031456692913
21
-3.8343071259842518
0
LINE
8
BLACK
6
CONTINUOUS
10
5.437031456692913
20
-3.8343071259842518
11
5.4333103543307084
21
-3.8297729527559055
0
LINE
8
BLACK
6
CONTINUOUS
10
5.4333103543307084
20
-3.8297729527559055
11
5.4305453543307083
21
-3.824599960629921
0
LINE
8
BLACK
6
CONTINUOUS
10
5.4305453543307083
20
-3.824599960629921
11
5.4288426377952756
21
-3.8189869685039368
0
LINE
8
BLACK
6
CONTINUOUS
10
5.4288426377952756
20
-3.8189869685039368
11
5.4285618897637793
21
-3.8161364566929135
0
LINE
8
BLACK
6
CONTINUOUS
10
5.4285618897637793
20
-3.8161364566929135
11
5.4284475196850392
21
-3.816022086614173
0
LINE
8
BLACK
6
CONTINUOUS
10
5.4284475196850392
20
-3.816022086614173
11
5.428445787401575
21
-3.8149577165354329
0
LINE
8
BLACK
6
CONTINUOUS
10
5.428445787401575
20
-3.8149577165354329
11
5.4282677165354327
21
-3.8131496062992123
0
LINE
8
BLACK
6
CONTINUOUS
10
5.4282677165354327
20
-3.8131496062992123
11
5.4284419685039369
21
-3.8126131889763779
0
LINE
8
BLACK
6
CONTINUOUS
10
5.4284419685039369
20
-3.8126131889763779
11
5.4282709055118108
21
-3.7068602362204723
0
LINE
8
BLACK
6
CONTINUOUS
10
5.4282709055118108
20
-3.7068602362204723
11
5.4282677165354327
21
-3.7068503937007873
0
LINE
8
BLACK
6
CONTINUOUS
10
5.4282677165354327
20
-3.7068503937007873
11
5.4282708267716533
21
-3.7068185433070866
0
LINE
8
BLACK
6
CONTINUOUS
10
5.4282708267716533
20
-3.7068185433070866
11
5.4282677165354327
21
-3.7048818897637794
0
LINE
8
BLACK
6
CONTINUOUS
10
5.4282677165354327
20
-3.7048818897637794
11
5.4284475196850392
21
-3.7039779133858266
0
LINE
8
BLACK
6
CONTINUOUS
10
5.4284475196850392
20
-3.7039779133858266
11
5.4285618897637793
21
-3.7038635039370078
0
LINE
8
BLACK
6
CONTINUOUS
10
5.4285618897637793
20
-3.7038635039370078
11
5.4288426377952756
21
-3.7010130314960628
0
LINE
8
BLACK
6
CONTINUOUS
10
5.4288426377952756
20
-3.7010130314960628
11
5.4305453543307083
21
-3.6954000393700785
0
LINE
8
BLACK
6
CONTINUOUS
10
5.4305453543307083
20
-3.6954000393700785
11
5.4333103543307084
21
-3.6902270472440946
0
LINE
8
BLACK
6
CONTINUOUS
10
5.4333103543307084
20
-3.6902270472440946
11
5.437031456692913
21
-3.6856928740157477
0
LINE
8
BLACK
6
CONTINUOUS
10
5.437031456692913
20
-3.6856928740157477
11
5.4415656299212598
21
-3.6819717716535432
0
LINE
8
BLACK
6
CONTINUOUS
10
5.4415656299212598
20
-3.6819717716535432
11
5.4467386220472438
21
-3.679206771653543
0
LINE
8
BLACK
6
CONTINUOUS
10
5.4467386220472438
20
-3.679206771653543
11
5.452351614173228
21
-3.67750405511811
0
LINE
8
BLACK
6
CONTINUOUS
10
5.452351614173228
20
-3.67750405511811
11
5.4581889763779525
21
-3.6769291338582675
0
LINE
8
BLACK
6
CONTINUOUS
10
5.4581889763779525
20
-3.6769291338582675
11
5.458710157480315
21
-3.6770984645669289
0
LINE
8
BLACK
6
CONTINUOUS
10
5.458710157480315
20
-3.6770984645669289
11
5.481811023622047
21
-3.6769291338582675
0
LINE
8
BLACK
6
CONTINUOUS
10
5.481811023622047
20
-3.6769291338582675
11
5.4876483858267715
21
-3.67750405511811
0
LINE
8
BLACK
6
CONTINUOUS
10
5.4581889763779525
20
-3.6816535433070867
11
5.4553499606299214
21
-3.6816535433070867
0
LINE
8
BLACK
6
CONTINUOUS
10
5.4553499606299214
20
-3.6816535433070867
11
5.4498143307086613
21
-3.6829170078740159
0
LINE
8
BLACK
6
CONTINUOUS
10
5.4498143307086613
20
-3.6829170078740159
11
5.4446986220472438
21
-3.6853805905511812
0
LINE
8
BLACK
6
CONTINUOUS
10
5.4446986220472438
20
-3.6853805905511812
11
5.4402593700787403
21
-3.6889207874015746
0
LINE
8
BLACK
6
CONTINUOUS
10
5.4402593700787403
20
-3.6889207874015746
11
5.4367191732283464
21
-3.6933600393700785
0
LINE
8
BLACK
6
CONTINUOUS
10
5.4367191732283464
20
-3.6933600393700785
11
5.4342555905511807
21
-3.698475748031496
0
LINE
8
BLACK
6
CONTINUOUS
10
5.4342555905511807
20
-3.698475748031496
11
5.432992125984252
21
-3.7040113779527557
0
LINE
8
BLACK
6
CONTINUOUS
10
5.432992125984252
20
-3.7040113779527557
11
5.432992125984252
21
-3.7068503937007873
0
LINE
8
BLACK
6
CONTINUOUS
10
5.432992125984252
20
-3.7068503937007873
11
5.432817834645669
21
-3.7073867716535434
0
LINE
8
BLACK
6
CONTINUOUS
10
5.432817834645669
20
-3.7073867716535434
11
5.4329888976377951
21
-3.8131397244094489
0
LINE
8
BLACK
6
CONTINUOUS
10
5.4329888976377951
20
-3.8131397244094489
11
5.432992125984252
21
-3.8131496062992123
0
LINE
8
BLACK
6
CONTINUOUS
10
5.432992125984252
20
-3.8131496062992123
11
5.432992125984252
21
-3.8159886220472439
0
LINE
8
BLACK
6
CONTINUOUS
10
5.432992125984252
20
-3.8159886220472439
11
5.4342555905511807
21
-3.821524251968504
0
LINE
8
BLACK
6
CONTINUOUS
10
5.4342555905511807
20
-3.821524251968504
11
5.4367191732283464
21
-3.8266399606299211
0
LINE
8
BLACK
6
CONTINUOUS
10
5.4367191732283464
20
-3.8266399606299211
11
5.4402593700787403
21
-3.831079212598425
0
LINE
8
BLACK
6
CONTINUOUS
10
5.4402593700787403
20
-3.831079212598425
11
5.4446986220472438
21
-3.8346194094488188
0
LINE
8
BLACK
6
CONTINUOUS
10
5.4446986220472438
20
-3.8346194094488188
11
5.4498143307086613
21
-3.8370829921259841
0
LINE
8
BLACK
6
CONTINUOUS
10
5.4498143307086613
20
-3.8370829921259841
11
5.4553499606299214
21
-3.8383464566929133
0
LINE
8
BLACK
6
CONTINUOUS
10
5.4553499606299214
20
-3.8383464566929133
11
5.4581889763779525
21
-3.8383464566929133
0
LINE
8
BLACK
6
CONTINUOUS
10
5.4581889763779525
20
-3.8383464566929133
11
5.458710157480315
21
-3.8385157874015747
0
LINE
8
BLACK
6
CONTINUOUS
10
5.458710157480315
20
-3.8385157874015747
11
5.481811023622047
21
-3.8383464566929133
0
LINE
8
BLACK
6
CONTINUOUS
10
5.481811023622047
20
-3.8383464566929133
11
5.484650039370079
21
-3.8383464566929133
0
LINE
8
BLACK
6
CONTINUOUS
10
5.484650039370079
20
-3.8383464566929133
11
5.4901856692913382
21
-3.8370829921259841
0
LINE
8
BLACK
6
CONTINUOUS
10
5.4901856692913382
20
-3.8370829921259841
11
5.4953013779527558
21
-3.8346194094488188
0
LINE
8
BLACK
6
CONTINUOUS
10
5.4953013779527558
20
-3.8346194094488188
11
5.4997406299212601
21
-3.831079212598425
0
LINE
8
BLACK
6
CONTINUOUS
10
5.4997406299212601
20
-3.831079212598425
11
5.5032808267716531
21
-3.8266399606299211
0
LINE
8
BLACK
6
CONTINUOUS
10
5.5032808267716531
20
-3.8266399606299211
11
5.5057444094488188
21
-3.821524251968504
0
LINE
8
BLACK
6
CONTINUOUS
10
5.5057444094488188
20
-3.821524251968504
11
5.5070078740157475
21
-3.8159886220472439
0
LINE
8
BLACK
6
CONTINUOUS
10
5.5070078740157475
20
-3.8159886220472439
11
5.5070078740157475
21
-3.8131496062992123
0
LINE
8
BLACK
6
CONTINUOUS
10
5.5070078740157475
20
-3.8131496062992123
11
5.5071821259842517
21
-3.8126131889763779
0
LINE
8
BLACK
6
CONTINUOUS
10
5.5071821259842517
20
-3.8126131889763779
11
5.5070110629921256
21
-3.7068602362204723
0
LINE
8
BLACK
6
CONTINUOUS
10
5.5070110629921256
20
-3.7068602362204723
11
5.5070078740157475
21
-3.7068503937007873
0
LINE
8
BLACK
6
CONTINUOUS
10
5.5070078740157475
20
-3.7068503937007873
11
5.5070078740157475
21
-3.7040113779527557
0
LINE
8
BLACK
6
CONTINUOUS
10
5.5070078740157475
20
-3.7040113779527557
11
5.5057444094488188
21
-3.698475748031496
0
LINE
8
BLACK
6
CONTINUOUS
10
5.5057444094488188
20
-3.698475748031496
11
5.5032808267716531
21
-3.6933600393700785
0
LINE
8
BLACK
6
CONTINUOUS
10
5.5032808267716531
20
-3.6933600393700785
11
5.4997406299212601
21
-3.6889207874015746
0
LINE
8
BLACK
6
CONTINUOUS
10
5.4997406299212601
20
-3.6889207874015746
11
5.4953013779527558
21
-3.6853805905511812
0
LINE
8
BLACK
6
CONTINUOUS
10
5.4953013779527558
20
-3.6853805905511812
11
5.4901856692913382
21
-3.6829170078740159
0
LINE
8
BLACK
6
CONTINUOUS
10
5.4901856692913382
20
-3.6829170078740159
11
5.484650039370079
21
-3.6816535433070867
0
LINE
8
BLACK
6
CONTINUOUS
10
5.484650039370079
20
-3.6816535433070867
11
5.481811023622047
21
-3.6816535433070867
0
LINE
8
BLACK
6
CONTINUOUS
10
5.481811023622047
20
-3.6816535433070867
11
5.4812898031496058
21
-3.6814841732283465
0
LINE
8
BLACK
6
CONTINUOUS
10
5.4812898031496058
20
-3.6814841732283465
11
5.4581889763779525
21
-3.6816535433070867
0
LINE
8
BLACK
6
CONTINUOUS
10
5.3277986220472444
20
-3.7702641732283464
11
5.3295649999999997
21
-3.7702837401574802
0
LINE
8
BLACK
6
CONTINUOUS
10
5.3295649999999997
20
-3.7702837401574802
11
5.3303467322834646
21
-3.7702973622047242
0
LINE
8
BLACK
6
CONTINUOUS
10
5.3303467322834646
20
-3.7702973622047242
11
5.3355720078740152
21
-3.7703976771653545
0
LINE
8
BLACK
6
CONTINUOUS
10
5.3355720078740152
20
-3.7703976771653545
11
5.3309594881889764
21
-3.7966088188976377
0
LINE
8
BLACK
6
CONTINUOUS
10
5.3309594881889764
20
-3.7966088188976377
11
5.3301983070866141
21
-3.80093531496063
0
LINE
8
BLACK
6
CONTINUOUS
10
5.3301983070866141
20
-3.80093531496063
11
5.3294650787401574
21
-3.8051052362204723
0
LINE
8
BLACK
6
CONTINUOUS
10
5.3294650787401574
20
-3.8051052362204723
11
5.3287707874015746
21
-3.8090559448818895
0
LINE
8
BLACK
6
CONTINUOUS
10
5.3287707874015746
20
-3.8090559448818895
11
5.328126456692913
21
-3.8127247637795274
0
LINE
8
BLACK
6
CONTINUOUS
10
5.328126456692913
20
-3.8127247637795274
11
5.3275429921259843
21
-3.8160490157480313
0
LINE
8
BLACK
6
CONTINUOUS
10
5.3275429921259843
20
-3.8160490157480313
11
5.3270314566929136
21
-3.8189660629921258
0
LINE
8
BLACK
6
CONTINUOUS
10
5.3270314566929136
20
-3.8189660629921258
11
5.3266028346456693
21
-3.8214132677165353
0
LINE
8
BLACK
6
CONTINUOUS
10
5.3266028346456693
20
-3.8214132677165353
11
5.3262681102362199
21
-3.8233278740157481
0
LINE
8
BLACK
6
CONTINUOUS
10
5.3262681102362199
20
-3.8233278740157481
11
5.3260383070866144
21
-3.8246472834645671
0
LINE
8
BLACK
6
CONTINUOUS
10
5.3260383070866144
20
-3.8246472834645671
11
5.3259325590551176
21
-3.8252603149606297
0
LINE
8
BLACK
6
CONTINUOUS
10
5.3259325590551176
20
-3.8252603149606297
11
5.3255182283464562
21
-3.8277006692913385
0
LINE
8
BLACK
6
CONTINUOUS
10
5.3255182283464562
20
-3.8277006692913385
11
5.3147237795275588
21
-3.8277006692913385
0
LINE
8
BLACK
6
CONTINUOUS
10
5.3147237795275588
20
-3.8277006692913385
11
5.3149188976377948
21
-3.8268872047244096
0
LINE
8
BLACK
6
CONTINUOUS
10
5.3149188976377948
20
-3.8268872047244096
11
5.3150110629921254
21
-3.8264092913385825
0
LINE
8
BLACK
6
CONTINUOUS
10
5.3150110629921254
20
-3.8264092913385825
11
5.3152179527559058
21
-3.8252752362204725
0
LINE
8
BLACK
6
CONTINUOUS
10
5.3152179527559058
20
-3.8252752362204725
11
5.3155296062992123
21
-3.8235410629921258
0
LINE
8
BLACK
6
CONTINUOUS
10
5.3155296062992123
20
-3.8235410629921258
11
5.3159361811023622
21
-3.8212628740157482
0
LINE
8
BLACK
6
CONTINUOUS
10
5.3159361811023622
20
-3.8212628740157482
11
5.3164276377952753
21
-3.8184967322834646
0
LINE
8
BLACK
6
CONTINUOUS
10
5.3164276377952753
20
-3.8184967322834646
11
5.3169940551181103
21
-3.8152987007874013
0
LINE
8
BLACK
6
CONTINUOUS
10
5.3169940551181103
20
-3.8152987007874013
11
5.3176255118110234
21
-3.811724842519685
0
LINE
8
BLACK
6
CONTINUOUS
10
5.3176255118110234
20
-3.811724842519685
11
5.3183120866141733
21
-3.8078312598425197
0
LINE
8
BLACK
6
CONTINUOUS
10
5.3183120866141733
20
-3.8078312598425197
11
5.3190438188976374
21
-3.8036739763779526
0
LINE
8
BLACK
6
CONTINUOUS
10
5.3190438188976374
20
-3.8036739763779526
11
5.319810708661417
21
-3.7993090944881889
0
LINE
8
BLACK
6
CONTINUOUS
10
5.319810708661417
20
-3.7993090944881889
11
5.3199952362204721
21
-3.7982579133858265
0
LINE
8
BLACK
6
CONTINUOUS
10
5.3199952362204721
20
-3.7982579133858265
11
5.3207659842519686
21
-3.7938727559055119
0
LINE
8
BLACK
6
CONTINUOUS
10
5.3207659842519686
20
-3.7938727559055119
11
5.3215024015748034
21
-3.7896971653543305
0
LINE
8
BLACK
6
CONTINUOUS
10
5.3215024015748034
20
-3.7896971653543305
11
5.3221946850393698
21
-3.785785433070866
0
LINE
8
BLACK
6
CONTINUOUS
10
5.3221946850393698
20
-3.785785433070866
11
5.3228331496062991
21
-3.7821917716535434
0
LINE
8
BLACK
6
CONTINUOUS
10
5.3228331496062991
20
-3.7821917716535434
11
5.323408070866142
21
-3.7789705118110235
0
LINE
8
BLACK
6
CONTINUOUS
10
5.323408070866142
20
-3.7789705118110235
11
5.3239097637795272
21
-3.7761759055118111
0
LINE
8
BLACK
6
CONTINUOUS
10
5.3239097637795272
20
-3.7761759055118111
11
5.3243284251968506
21
-3.7738622047244093
0
LINE
8
BLACK
6
CONTINUOUS
10
5.3243284251968506
20
-3.7738622047244093
11
5.3246544488188974
21
-3.7720836614173225
0
LINE
8
BLACK
6
CONTINUOUS
10
5.3246544488188974
20
-3.7720836614173225
11
5.3248779921259839
21
-3.7708946062992124
0
LINE
8
BLACK
6
CONTINUOUS
10
5.3248779921259839
20
-3.7708946062992124
11
5.3249894488188971
21
-3.7703492519685038
0
LINE
8
BLACK
6
CONTINUOUS
10
5.3249894488188971
20
-3.7703492519685038
11
5.3249988976377951
21
-3.7703195275590549
0
LINE
8
BLACK
6
CONTINUOUS
10
5.3249988976377951
20
-3.7703195275590549
11
5.325384330708661
21
-3.7702825984251969
0
LINE
8
BLACK
6
CONTINUOUS
10
5.325384330708661
20
-3.7702825984251969
11
5.3263613385826769
21
-3.7702639763779526
0
LINE
8
BLACK
6
CONTINUOUS
10
5.3263613385826769
20
-3.7702639763779526
11
5.3277986220472444
21
-3.7702641732283464
0
LINE
8
BLACK
6
CONTINUOUS
10
5.3735399606299215
20
-3.7702345669291337
11
5.3751081102362201
21
-3.7702831102362202
0
LINE
8
BLACK
6
CONTINUOUS
10
5.3751081102362201
20
-3.7702831102362202
11
5.3762624803149608
21
-3.7703559055118108
0
LINE
8
BLACK
6
CONTINUOUS
10
5.3762624803149608
20
-3.7703559055118108
11
5.3768752755905513
21
-3.7704464173228347
0
LINE
8
BLACK
6
CONTINUOUS
10
5.3768752755905513
20
-3.7704464173228347
11
5.3769404330708657
21
-3.7704880708661417
0
LINE
8
BLACK
6
CONTINUOUS
10
5.3769404330708657
20
-3.7704880708661417
11
5.3768825196850392
21
-3.7708782677165353
0
LINE
8
BLACK
6
CONTINUOUS
10
5.3768825196850392
20
-3.7708782677165353
11
5.3767088582677163
21
-3.7719266535433071
0
LINE
8
BLACK
6
CONTINUOUS
10
5.3767088582677163
20
-3.7719266535433071
11
5.3764288188976375
21
-3.7735792125984253
0
LINE
8
BLACK
6
CONTINUOUS
10
5.3764288188976375
20
-3.7735792125984253
11
5.3760517322834644
21
-3.7757819291338581
0
LINE
8
BLACK
6
CONTINUOUS
10
5.3760517322834644
20
-3.7757819291338581
11
5.3755868503937005
21
-3.7784808661417322
0
LINE
8
BLACK
6
CONTINUOUS
10
5.3755868503937005
20
-3.7784808661417322
11
5.375043582677165
21
-3.7816220078740157
0
LINE
8
BLACK
6
CONTINUOUS
10
5.375043582677165
20
-3.7816220078740157
11
5.3744312204724407
21
-3.7851513385826769
0
LINE
8
BLACK
6
CONTINUOUS
10
5.3744312204724407
20
-3.7851513385826769
11
5.3737590944881886
21
-3.7890148818897638
0
LINE
8
BLACK
6
CONTINUOUS
10
5.3737590944881886
20
-3.7890148818897638
11
5.3730365354330711
21
-3.793158622047244
0
LINE
8
BLACK
6
CONTINUOUS
10
5.3730365354330711
20
-3.793158622047244
11
5.3722728740157475
21
-3.7975286220472442
0
LINE
8
BLACK
6
CONTINUOUS
10
5.3722728740157475
20
-3.7975286220472442
11
5.3719751181102362
21
-3.7992299606299214
0
LINE
8
BLACK
6
CONTINUOUS
10
5.3719751181102362
20
-3.7992299606299214
11
5.3669905905511808
21
-3.8277006692913385
0
LINE
8
BLACK
6
CONTINUOUS
10
5.3669905905511808
20
-3.8277006692913385
11
5.3562563779527554
21
-3.8277006692913385
0
LINE
8
BLACK
6
CONTINUOUS
10
5.3562563779527554
20
-3.8277006692913385
11
5.3564643307086612
21
-3.8267064566929134
0
LINE
8
BLACK
6
CONTINUOUS
10
5.3564643307086612
20
-3.8267064566929134
11
5.3565588582677162
21
-3.8261968503937007
0
LINE
8
BLACK
6
CONTINUOUS
10
5.3565588582677162
20
-3.8261968503937007
11
5.356767440944882
21
-3.8250325196850392
0
LINE
8
BLACK
6
CONTINUOUS
10
5.356767440944882
20
-3.8250325196850392
11
5.3570799999999998
21
-3.8232709842519683
0
LINE
8
BLACK
6
CONTINUOUS
10
5.3570799999999998
20
-3.8232709842519683
11
5.357486377952756
21
-3.8209698031496062
0
LINE
8
BLACK
6
CONTINUOUS
10
5.357486377952756
20
-3.8209698031496062
11
5.3579764960629923
21
-3.8181865748031494
0
LINE
8
BLACK
6
CONTINUOUS
10
5.3579764960629923
20
-3.8181865748031494
11
5.3585401968503934
21
-3.8149788188976377
0
LINE
8
BLACK
6
CONTINUOUS
10
5.3585401968503934
20
-3.8149788188976377
11
5.3591673622047242
21
-3.8114041338582676
0
LINE
8
BLACK
6
CONTINUOUS
10
5.3591673622047242
20
-3.8114041338582676
11
5.3598478346456693
21
-3.8075200787401573
0
LINE
8
BLACK
6
CONTINUOUS
10
5.3598478346456693
20
-3.8075200787401573
11
5.3605715354330705
21
-3.803384212598425
0
LINE
8
BLACK
6
CONTINUOUS
10
5.3605715354330705
20
-3.803384212598425
11
5.361328346456693
21
-3.79905405511811
0
LINE
8
BLACK
6
CONTINUOUS
10
5.361328346456693
20
-3.79905405511811
11
5.3613765354330711
21
-3.7987780314960631
0
LINE
8
BLACK
6
CONTINUOUS
10
5.3613765354330711
20
-3.7987780314960631
11
5.3621342125984253
21
-3.7944431889763779
0
LINE
8
BLACK
6
CONTINUOUS
10
5.3621342125984253
20
-3.7944431889763779
11
5.3628589370078741
21
-3.7903030708661416
0
LINE
8
BLACK
6
CONTINUOUS
10
5.3628589370078741
20
-3.7903030708661416
11
5.3635406299212596
21
-3.7864148031496061
0
LINE
8
BLACK
6
CONTINUOUS
10
5.3635406299212596
20
-3.7864148031496061
11
5.3641692519685042
21
-3.7828354330708662
0
LINE
8
BLACK
6
CONTINUOUS
10
5.3641692519685042
20
-3.7828354330708662
11
5.3647347244094483
21
-3.7796220472440942
0
LINE
8
BLACK
6
CONTINUOUS
10
5.3647347244094483
20
-3.7796220472440942
11
5.3652270078740152
21
-3.7768316535433071
0
LINE
8
BLACK
6
CONTINUOUS
10
5.3652270078740152
20
-3.7768316535433071
11
5.3656360629921256
21
-3.774521338582677
0
LINE
8
BLACK
6
CONTINUOUS
10
5.3656360629921256
20
-3.774521338582677
11
5.3659518503937003
21
-3.7727481496062993
0
LINE
8
BLACK
6
CONTINUOUS
10
5.3659518503937003
20
-3.7727481496062993
11
5.3661642519685042
21
-3.7715691732283463
0
LINE
8
BLACK
6
CONTINUOUS
10
5.3661642519685042
20
-3.7715691732283463
11
5.3662632677165352
21
-3.7710414566929131
0
LINE
8
BLACK
6
CONTINUOUS
10
5.3662632677165352
20
-3.7710414566929131
11
5.3662657086614169
21
-3.7710303937007872
0
LINE
8
BLACK
6
CONTINUOUS
10
5.3662657086614169
20
-3.7710303937007872
11
5.3663633464566924
21
-3.7707133070866141
0
LINE
8
BLACK
6
CONTINUOUS
10
5.3663633464566924
20
-3.7707133070866141
11
5.3665637795275591
21
-3.7704915748031493
0
LINE
8
BLACK
6
CONTINUOUS
10
5.3665637795275591
20
-3.7704915748031493
11
5.3669805511811024
21
-3.7703481889763779
0
LINE
8
BLACK
6
CONTINUOUS
10
5.3669805511811024
20
-3.7703481889763779
11
5.3677272834645668
21
-3.7702661023622048
0
LINE
8
BLACK
6
CONTINUOUS
10
5.3677272834645668
20
-3.7702661023622048
11
5.3689176771653546
21
-3.770228188976378
0
LINE
8
BLACK
6
CONTINUOUS
10
5.3689176771653546
20
-3.770228188976378
11
5.3706653149606298
21
-3.7702174409448816
0
LINE
8
BLACK
6
CONTINUOUS
10
5.3706653149606298
20
-3.7702174409448816
11
5.3716858661417319
21
-3.7702169291338583
0
LINE
8
BLACK
6
CONTINUOUS
10
5.3716858661417319
20
-3.7702169291338583
11
5.3735399606299215
21
-3.7702345669291337
0
LINE
8
BLACK
6
CONTINUOUS
10
5.2943251574803147
20
-3.7715628346456693
11
5.2942261417322838
21
-3.7721319291338582
0
LINE
8
BLACK
6
CONTINUOUS
10
5.2942261417322838
20
-3.7721319291338582
11
5.2940120472440944
21
-3.7733550393700788
0
LINE
8
BLACK
6
CONTINUOUS
10
5.2940120472440944
20
-3.7733550393700788
11
5.2936930708661416
21
-3.7751739763779528
0
LINE
8
BLACK
6
CONTINUOUS
10
5.2936930708661416
20
-3.7751739763779528
11
5.2932794488188977
21
-3.7775306692913384
0
LINE
8
BLACK
6
CONTINUOUS
10
5.2932794488188977
20
-3.7775306692913384
11
5.2927813779527559
21
-3.7803669291338582
0
LINE
8
BLACK
6
CONTINUOUS
10
5.2927813779527559
20
-3.7803669291338582
11
5.2922090944881885
21
-3.7836246062992127
0
LINE
8
BLACK
6
CONTINUOUS
10
5.2922090944881885
20
-3.7836246062992127
11
5.2915727559055119
21
-3.7872456299212596
0
LINE
8
BLACK
6
CONTINUOUS
10
5.2915727559055119
20
-3.7872456299212596
11
5.2908826377952751
21
-3.7911718110236219
0
LINE
8
BLACK
6
CONTINUOUS
10
5.2908826377952751
20
-3.7911718110236219
11
5.2901488976377955
21
-3.7953450393700785
0
LINE
8
BLACK
6
CONTINUOUS
10
5.2901488976377955
20
-3.7953450393700785
11
5.2893817716535434
21
-3.7997071653543308
0
LINE
8
BLACK
6
CONTINUOUS
10
5.2893817716535434
20
-3.7997071653543308
11
5.2892908661417319
21
-3.8002241732283464
0
LINE
8
BLACK
6
CONTINUOUS
10
5.2892908661417319
20
-3.8002241732283464
11
5.2844899606299212
21
-3.8275198818897636
0
LINE
8
BLACK
6
CONTINUOUS
10
5.2844899606299212
20
-3.8275198818897636
11
5.2791871653543305
21
-3.8276199606299213
0
LINE
8
BLACK
6
CONTINUOUS
10
5.2791871653543305
20
-3.8276199606299213
11
5.2770323228346454
21
-3.8276466535433071
0
LINE
8
BLACK
6
CONTINUOUS
10
5.2770323228346454
20
-3.8276466535433071
11
5.2755127165354327
21
-3.8276284251968504
0
LINE
8
BLACK
6
CONTINUOUS
10
5.2755127165354327
20
-3.8276284251968504
11
5.2745414173228342
21
-3.8275593307086613
0
LINE
8
BLACK
6
CONTINUOUS
10
5.2745414173228342
20
-3.8275593307086613
11
5.2740316929133861
21
-3.8274334251968503
0
LINE
8
BLACK
6
CONTINUOUS
10
5.2740316929133861
20
-3.8274334251968503
11
5.2738957874015746
21
-3.8272584251968502
0
LINE
8
BLACK
6
CONTINUOUS
10
5.2738957874015746
20
-3.8272584251968502
11
5.2739588976377956
21
-3.826837716535433
0
LINE
8
BLACK
6
CONTINUOUS
10
5.2739588976377956
20
-3.826837716535433
11
5.2741382677165349
21
-3.8257597244094486
0
LINE
8
BLACK
6
CONTINUOUS
10
5.2741382677165349
20
-3.8257597244094486
11
5.2744243307086611
21
-3.8240791338582678
0
LINE
8
BLACK
6
CONTINUOUS
10
5.2744243307086611
20
-3.8240791338582678
11
5.2748076377952753
21
-3.8218506692913383
0
LINE
8
BLACK
6
CONTINUOUS
10
5.2748076377952753
20
-3.8218506692913383
11
5.2752787007874016
21
-3.819129094488189
0
LINE
8
BLACK
6
CONTINUOUS
10
5.2752787007874016
20
-3.819129094488189
11
5.2758279527559058
21
-3.8159691732283463
0
LINE
8
BLACK
6
CONTINUOUS
10
5.2758279527559058
20
-3.8159691732283463
11
5.2764459842519686
21
-3.8124255511811023
0
LINE
8
BLACK
6
CONTINUOUS
10
5.2764459842519686
20
-3.8124255511811023
11
5.2771231889763781
21
-3.8085530314960629
0
LINE
8
BLACK
6
CONTINUOUS
10
5.2771231889763781
20
-3.8085530314960629
11
5.2778501574803149
21
-3.8044062992125984
0
LINE
8
BLACK
6
CONTINUOUS
10
5.2778501574803149
20
-3.8044062992125984
11
5.2786173228346458
21
-3.8000401181102363
0
LINE
8
BLACK
6
CONTINUOUS
10
5.2786173228346458
20
-3.8000401181102363
11
5.2788712204724408
21
-3.7985972440944882
0
LINE
8
BLACK
6
CONTINUOUS
10
5.2788712204724408
20
-3.7985972440944882
11
5.2838352362204724
21
-3.7703976771653545
0
LINE
8
BLACK
6
CONTINUOUS
10
5.2838352362204724
20
-3.7703976771653545
11
5.2945586220472443
21
-3.7701972047244094
0
LINE
8
BLACK
6
CONTINUOUS
10
5.2945586220472443
20
-3.7701972047244094
11
5.2943251574803147
21
-3.7715628346456693
0
LINE
8
BLACK
6
CONTINUOUS
10
5.5299590944881887
20
-3.7932506692913384
11
5.531237519685039
21
-3.7945290944881891
0
LINE
8
BLACK
6
CONTINUOUS
10
5.531237519685039
20
-3.7945290944881891
11
5.5314173228346455
21
-3.8190551181102363
0
LINE
8
BLACK
6
CONTINUOUS
10
5.5314173228346455
20
-3.8190551181102363
11
5.531237519685039
21
-3.8199590944881887
0
LINE
8
BLACK
6
CONTINUOUS
10
5.531237519685039
20
-3.8199590944881887
11
5.5299590944881887
21
-3.8212375196850394
0
LINE
8
BLACK
6
CONTINUOUS
10
5.5299590944881887
20
-3.8212375196850394
11
5.5281511417322831
21
-3.8212375196850394
0
LINE
8
BLACK
6
CONTINUOUS
10
5.5281511417322831
20
-3.8212375196850394
11
5.5155737795275588
21
-3.808914409448819
0
LINE
8
BLACK
6
CONTINUOUS
10
5.5155737795275588
20
-3.808914409448819
11
5.5150616929133855
21
-3.8081480708661415
0
LINE
8
BLACK
6
CONTINUOUS
10
5.5150616929133855
20
-3.8081480708661415
11
5.5150616929133855
21
-3.8063401181102363
0
LINE
8
BLACK
6
CONTINUOUS
10
5.5150616929133855
20
-3.8063401181102363
11
5.527384803149606
21
-3.7937627559055116
0
LINE
8
BLACK
6
CONTINUOUS
10
5.527384803149606
20
-3.7937627559055116
11
5.5281511417322831
21
-3.7932506692913384
0
LINE
8
BLACK
6
CONTINUOUS
10
5.5281511417322831
20
-3.7932506692913384
11
5.5299590944881887
21
-3.7932506692913384
0
LINE
8
BLACK
6
CONTINUOUS
10
5.5204649999999997
20
-3.8073317716535433
11
5.5268258267716535
21
-3.8135640157480313
0
LINE
8
BLACK
6
CONTINUOUS
10
5.5268258267716535
20
-3.8135640157480313
11
5.5267332283464565
21
-3.8009342519685037
0
LINE
8
BLACK
6
CONTINUOUS
10
5.5267332283464565
20
-3.8009342519685037
11
5.5204649999999997
21
-3.8073317716535433
0
LINE
8
BLACK
6
CONTINUOUS
10
5.6720762992125984
20
-3.7794096456692912
11
5.67215405511811
21
-3.7794041338582676
0
LINE
8
BLACK
6
CONTINUOUS
10
5.67215405511811
20
-3.7794041338582676
11
5.6722125590551178
21
-3.7794230708661418
0
LINE
8
BLACK
6
CONTINUOUS
10
5.6722125590551178
20
-3.7794230708661418
11
5.6723608267716532
21
-3.7794376771653542
0
LINE
8
BLACK
6
CONTINUOUS
10
5.6723608267716532
20
-3.7794376771653542
11
5.6727294488188971
21
-3.7795903543307086
0
LINE
8
BLACK
6
CONTINUOUS
10
5.6727294488188971
20
-3.7795903543307086
11
5.67834279527559
21
-3.7814072440944879
0
LINE
8
BLACK
6
CONTINUOUS
10
5.67834279527559
20
-3.7814072440944879
11
5.6788713385826775
21
-3.7816432283464567
0
LINE
8
BLACK
6
CONTINUOUS
10
5.6788713385826775
20
-3.7816432283464567
11
5.6789514566929133
21
-3.7817127165354329
0
LINE
8
BLACK
6
CONTINUOUS
10
5.6789514566929133
20
-3.7817127165354329
11
5.6790495275590551
21
-3.7817533464566928
0
LINE
8
BLACK
6
CONTINUOUS
10
5.6790495275590551
20
-3.7817533464566928
11
5.6793934645669291
21
-3.7820960629921259
0
LINE
8
BLACK
6
CONTINUOUS
10
5.6793934645669291
20
-3.7820960629921259
11
5.6797416929133853
21
-3.7823981102362203
0
LINE
8
BLACK
6
CONTINUOUS
10
5.6797416929133853
20
-3.7823981102362203
11
5.6797864960629916
21
-3.7824877559055117
0
LINE
8
BLACK
6
CONTINUOUS
10
5.6797864960629916
20
-3.7824877559055117
11
5.6969928346456689
21
-3.7996338582677165
0
LINE
8
BLACK
6
CONTINUOUS
10
5.6969928346456689
20
-3.7996338582677165
11
5.6969535039370074
21
-3.7823337007874014
0
LINE
8
BLACK
6
CONTINUOUS
10
5.6969535039370074
20
-3.7823337007874014
11
5.6970102362204722
21
-3.7817576377952755
0
LINE
8
BLACK
6
CONTINUOUS
10
5.6970102362204722
20
-3.7817576377952755
11
5.6974511417322837
21
-3.7806932283464567
0
LINE
8
BLACK
6
CONTINUOUS
10
5.6974511417322837
20
-3.7806932283464567
11
5.6982657874015743
21
-3.7798785826771653
0
LINE
8
BLACK
6
CONTINUOUS
10
5.6982657874015743
20
-3.7798785826771653
11
5.6993301968503935
21
-3.7794376771653542
0
LINE
8
BLACK
6
CONTINUOUS
10
5.6993301968503935
20
-3.7794376771653542
11
5.7004823228346453
21
-3.7794376771653542
0
LINE
8
BLACK
6
CONTINUOUS
10
5.7004823228346453
20
-3.7794376771653542
11
5.7015467322834645
21
-3.7798785826771653
0
LINE
8
BLACK
6
CONTINUOUS
10
5.7015467322834645
20
-3.7798785826771653
11
5.702361377952756
21
-3.7806932283464567
0
LINE
8
BLACK
6
CONTINUOUS
10
5.702361377952756
20
-3.7806932283464567
11
5.7028022834645666
21
-3.7817576377952755
0
LINE
8
BLACK
6
CONTINUOUS
10
5.7028022834645666
20
-3.7817576377952755
11
5.7028590157480314
21
-3.8067056299212596
0
LINE
8
BLACK
6
CONTINUOUS
10
5.7028590157480314
20
-3.8067056299212596
11
5.7028022834645666
21
-3.8072816929133859
0
LINE
8
BLACK
6
CONTINUOUS
10
5.7028022834645666
20
-3.8072816929133859
11
5.7026731496062988
21
-3.8075934251968504
0
LINE
8
BLACK
6
CONTINUOUS
10
5.7026731496062988
20
-3.8075934251968504
11
5.7023614173228347
21
-3.8083461023622047
0
LINE
8
BLACK
6
CONTINUOUS
10
5.7023614173228347
20
-3.8083461023622047
11
5.7015467322834645
21
-3.8091607480314962
0
LINE
8
BLACK
6
CONTINUOUS
10
5.7015467322834645
20
-3.8091607480314962
11
5.7004823228346453
21
-3.8096016535433068
0
LINE
8
BLACK
6
CONTINUOUS
10
5.7004823228346453
20
-3.8096016535433068
11
5.6993302362204723
21
-3.8096016535433068
0
LINE
8
BLACK
6
CONTINUOUS
10
5.6993302362204723
20
-3.8096016535433068
11
5.6993301968503935
21
-3.8096016535433068
0
LINE
8
BLACK
6
CONTINUOUS
10
5.6993301968503935
20
-3.8096016535433068
11
5.6990184251968499
21
-3.8094725196850394
0
LINE
8
BLACK
6
CONTINUOUS
10
5.6990184251968499
20
-3.8094725196850394
11
5.6982657874015743
21
-3.8091607874015749
0
LINE
8
BLACK
6
CONTINUOUS
10
5.6982657874015743
20
-3.8091607874015749
11
5.6757452755905513
21
-3.7867190551181102
0
LINE
8
BLACK
6
CONTINUOUS
10
5.6757452755905513
20
-3.7867190551181102
11
5.6711912992125981
21
-3.7852450393700785
0
LINE
8
BLACK
6
CONTINUOUS
10
5.6711912992125981
20
-3.7852450393700785
11
5.6686573228346457
21
-3.7852782677165355
0
LINE
8
BLACK
6
CONTINUOUS
10
5.6686573228346457
20
-3.7852782677165355
11
5.6659415354330704
21
-3.7866767716535432
0
LINE
8
BLACK
6
CONTINUOUS
10
5.6659415354330704
20
-3.7866767716535432
11
5.6647508267716535
21
-3.7879101181102359
0
LINE
8
BLACK
6
CONTINUOUS
10
5.6647508267716535
20
-3.7879101181102359
11
5.6634399212598421
21
-3.790611771653543
0
LINE
8
BLACK
6
CONTINUOUS
10
5.6634399212598421
20
-3.790611771653543
11
5.6634854330708659
21
-3.798593503937008
0
LINE
8
BLACK
6
CONTINUOUS
10
5.6634854330708659
20
-3.798593503937008
11
5.6648792519685038
21
-3.8013002362204724
0
LINE
8
BLACK
6
CONTINUOUS
10
5.6648792519685038
20
-3.8013002362204724
11
5.666373622047244
21
-3.8027429527559056
0
LINE
8
BLACK
6
CONTINUOUS
10
5.666373622047244
20
-3.8027429527559056
11
5.6667408267716537
21
-3.8031903937007874
0
LINE
8
BLACK
6
CONTINUOUS
10
5.6667408267716537
20
-3.8031903937007874
11
5.6671817322834643
21
-3.8042548031496062
0
LINE
8
BLACK
6
CONTINUOUS
10
5.6671817322834643
20
-3.8042548031496062
11
5.6671817322834643
21
-3.8054068897637796
0
LINE
8
BLACK
6
CONTINUOUS
10
5.6671817322834643
20
-3.8054068897637796
11
5.6667408267716537
21
-3.8064712992125984
0
LINE
8
BLACK
6
CONTINUOUS
10
5.6667408267716537
20
-3.8064712992125984
11
5.6659261417322835
21
-3.8072859842519686
0
LINE
8
BLACK
6
CONTINUOUS
10
5.6659261417322835
20
-3.8072859842519686
11
5.6648617322834642
21
-3.8077268897637793
0
LINE
8
BLACK
6
CONTINUOUS
10
5.6648617322834642
20
-3.8077268897637793
11
5.6637096456692912
21
-3.8077268897637793
0
LINE
8
BLACK
6
CONTINUOUS
10
5.6637096456692912
20
-3.8077268897637793
11
5.662645236220472
21
-3.8072859842519686
0
LINE
8
BLACK
6
CONTINUOUS
10
5.662645236220472
20
-3.8072859842519686
11
5.6603230314960626
21
-3.8050440157480314
0
LINE
8
BLACK
6
CONTINUOUS
10
5.6603230314960626
20
-3.8050440157480314
11
5.6601372440944884
21
-3.8048176377952756
0
LINE
8
BLACK
6
CONTINUOUS
10
5.6601372440944884
20
-3.8048176377952756
11
5.6600782677165355
21
-3.8047664960629919
0
LINE
8
BLACK
6
CONTINUOUS
10
5.6600782677165355
20
-3.8047664960629919
11
5.6600496062992125
21
-3.8047108267716534
0
LINE
8
BLACK
6
CONTINUOUS
10
5.6600496062992125
20
-3.8047108267716534
11
5.659955826771653
21
-3.8045965748031496
0
LINE
8
BLACK
6
CONTINUOUS
10
5.659955826771653
20
-3.8045965748031496
11
5.6598121653543307
21
-3.8042497637795276
0
LINE
8
BLACK
6
CONTINUOUS
10
5.6598121653543307
20
-3.8042497637795276
11
5.6578951574803149
21
-3.8005270866141729
0
LINE
8
BLACK
6
CONTINUOUS
10
5.6578951574803149
20
-3.8005270866141729
11
5.6576882677165354
21
-3.7999864566929134
0
LINE
8
BLACK
6
CONTINUOUS
10
5.6576882677165354
20
-3.7999864566929134
11
5.6576807480314963
21
-3.79988062992126
0
LINE
8
BLACK
6
CONTINUOUS
10
5.6576807480314963
20
-3.79988062992126
11
5.6576401574803148
21
-3.7997826377952757
0
LINE
8
BLACK
6
CONTINUOUS
10
5.6576401574803148
20
-3.7997826377952757
11
5.6576372047244092
21
-3.7992680314960627
0
LINE
8
BLACK
6
CONTINUOUS
10
5.6576372047244092
20
-3.7992680314960627
11
5.6576066141732282
21
-3.798837244094488
0
LINE
8
BLACK
6
CONTINUOUS
10
5.6576066141732282
20
-3.798837244094488
11
5.6576342913385824
21
-3.7987541732283465
0
LINE
8
BLACK
6
CONTINUOUS
10
5.6576342913385824
20
-3.7987541732283465
11
5.65758342519685
21
-3.7898327559055116
0
LINE
8
BLACK
6
CONTINUOUS
10
5.65758342519685
20
-3.7898327559055116
11
5.6576401574803148
21
-3.7892566929133857
0
LINE
8
BLACK
6
CONTINUOUS
10
5.6576401574803148
20
-3.7892566929133857
11
5.6576807480314963
21
-3.7891586614173227
0
LINE
8
BLACK
6
CONTINUOUS
10
5.6576807480314963
20
-3.7891586614173227
11
5.6576882677165354
21
-3.7890528740157481
0
LINE
8
BLACK
6
CONTINUOUS
10
5.6576882677165354
20
-3.7890528740157481
11
5.6579364566929131
21
-3.7885412992125982
0
LINE
8
BLACK
6
CONTINUOUS
10
5.6579364566929131
20
-3.7885412992125982
11
5.6580810629921254
21
-3.7881922834645669
0
LINE
8
BLACK
6
CONTINUOUS
10
5.6580810629921254
20
-3.7881922834645669
11
5.6581291732283461
21
-3.7881441338582675
0
LINE
8
BLACK
6
CONTINUOUS
10
5.6581291732283461
20
-3.7881441338582675
11
5.6597699212598425
21
-3.7847627165354329
0
LINE
8
BLACK
6
CONTINUOUS
10
5.6597699212598425
20
-3.7847627165354329
11
5.6599259842519682
21
-3.7845146850393698
0
LINE
8
BLACK
6
CONTINUOUS
10
5.6599259842519682
20
-3.7845146850393698
11
5.659955826771653
21
-3.7844427559055118
0
LINE
8
BLACK
6
CONTINUOUS
10
5.659955826771653
20
-3.7844427559055118
11
5.6600003149606302
21
-3.7843966535433071
0
LINE
8
BLACK
6
CONTINUOUS
10
5.6600003149606302
20
-3.7843966535433071
11
5.6600782677165355
21
-3.7842728346456691
0
LINE
8
BLACK
6
CONTINUOUS
10
5.6600782677165355
20
-3.7842728346456691
11
5.6603339370078736
21
-3.784051062992126
0
LINE
8
BLACK
6
CONTINUOUS
10
5.6603339370078736
20
-3.784051062992126
11
5.6621977952755902
21
-3.7821205511811025
0
LINE
8
BLACK
6
CONTINUOUS
10
5.6621977952755902
20
-3.7821205511811025
11
5.6624241338582673
21
-3.7819347637795273
0
LINE
8
BLACK
6
CONTINUOUS
10
5.6624241338582673
20
-3.7819347637795273
11
5.6624753149606297
21
-3.7818757874015749
0
LINE
8
BLACK
6
CONTINUOUS
10
5.6624753149606297
20
-3.7818757874015749
11
5.6625309448818895
21
-3.7818471259842519
0
LINE
8
BLACK
6
CONTINUOUS
10
5.6625309448818895
20
-3.7818471259842519
11
5.662645236220472
21
-3.7817533464566928
0
LINE
8
BLACK
6
CONTINUOUS
10
5.662645236220472
20
-3.7817533464566928
11
5.6629920866141727
21
-3.7816096456692914
0
LINE
8
BLACK
6
CONTINUOUS
10
5.6629920866141727
20
-3.7816096456692914
11
5.6667147244094487
21
-3.7796926771653543
0
LINE
8
BLACK
6
CONTINUOUS
10
5.6667147244094487
20
-3.7796926771653543
11
5.66725531496063
21
-3.7794857874015748
0
LINE
8
BLACK
6
CONTINUOUS
10
5.66725531496063
20
-3.7794857874015748
11
5.6673611811023621
21
-3.7794782283464565
0
LINE
8
BLACK
6
CONTINUOUS
10
5.6673611811023621
20
-3.7794782283464565
11
5.6674591732283464
21
-3.7794376771653542
0
LINE
8
BLACK
6
CONTINUOUS
10
5.6674591732283464
20
-3.7794376771653542
11
5.6680395275590554
21
-3.7794300393700788
0
LINE
8
BLACK
6
CONTINUOUS
10
5.6680395275590554
20
-3.7794300393700788
11
5.6684045275590549
21
-3.7794041338582676
0
LINE
8
BLACK
6
CONTINUOUS
10
5.6684045275590549
20
-3.7794041338582676
11
5.668465551181102
21
-3.7794244488188977
0
LINE
8
BLACK
6
CONTINUOUS
10
5.668465551181102
20
-3.7794244488188977
11
5.6717847637795273
21
-3.7793809448818898
0
LINE
8
BLACK
6
CONTINUOUS
10
5.6717847637795273
20
-3.7793809448818898
11
5.6720762992125984
21
-3.7794096456692912
0
LINE
8
BLACK
6
CONTINUOUS
10
5.568602716535433
20
-3.7816953543307084
11
5.5686804724409447
21
-3.7816898425196848
0
LINE
8
BLACK
6
CONTINUOUS
10
5.5686804724409447
20
-3.7816898425196848
11
5.5687389763779525
21
-3.781708779527559
0
LINE
8
BLACK
6
CONTINUOUS
10
5.5687389763779525
20
-3.781708779527559
11
5.5688872440944879
21
-3.7817233858267714
0
LINE
8
BLACK
6
CONTINUOUS
10
5.5688872440944879
20
-3.7817233858267714
11
5.5692558661417317
21
-3.7818760629921258
0
LINE
8
BLACK
6
CONTINUOUS
10
5.5692558661417317
20
-3.7818760629921258
11
5.5748692125984247
21
-3.7836929527559056
0
LINE
8
BLACK
6
CONTINUOUS
10
5.5748692125984247
20
-3.7836929527559056
11
5.5753977559055121
21
-3.7839289370078739
0
LINE
8
BLACK
6
CONTINUOUS
10
5.5753977559055121
20
-3.7839289370078739
11
5.5754778346456693
21
-3.7839983858267714
0
LINE
8
BLACK
6
CONTINUOUS
10
5.5754778346456693
20
-3.7839983858267714
11
5.575575905511811
21
-3.7840390157480313
0
LINE
8
BLACK
6
CONTINUOUS
10
5.575575905511811
20
-3.7840390157480313
11
5.5759672440944881
21
-3.7844228346456692
0
LINE
8
BLACK
6
CONTINUOUS
10
5.5759672440944881
20
-3.7844228346456692
11
5.5762681102362199
21
-3.7846838188976375
0
LINE
8
BLACK
6
CONTINUOUS
10
5.5762681102362199
20
-3.7846838188976375
11
5.5763016141732278
21
-3.7847508267716536
0
LINE
8
BLACK
6
CONTINUOUS
10
5.5763016141732278
20
-3.7847508267716536
11
5.5797729527559055
21
-3.7881557874015748
0
LINE
8
BLACK
6
CONTINUOUS
10
5.5797729527559055
20
-3.7881557874015748
11
5.5801401968503939
21
-3.7886032283464566
0
LINE
8
BLACK
6
CONTINUOUS
10
5.5801401968503939
20
-3.7886032283464566
11
5.5801807874015745
21
-3.7887012598425196
0
LINE
8
BLACK
6
CONTINUOUS
10
5.5801807874015745
20
-3.7887012598425196
11
5.5802502755905508
21
-3.7887813779527559
0
LINE
8
BLACK
6
CONTINUOUS
10
5.5802502755905508
20
-3.7887813779527559
11
5.5804252755905512
21
-3.7892915354330707
0
LINE
8
BLACK
6
CONTINUOUS
10
5.5804252755905512
20
-3.7892915354330707
11
5.5805810629921258
21
-3.7896676377952754
0
LINE
8
BLACK
6
CONTINUOUS
10
5.5805810629921258
20
-3.7896676377952754
11
5.5805810629921258
21
-3.7897455905511812
0
LINE
8
BLACK
6
CONTINUOUS
10
5.5805810629921258
20
-3.7897455905511812
11
5.5823610236220471
21
-3.7949342125984251
0
LINE
8
BLACK
6
CONTINUOUS
10
5.5823610236220471
20
-3.7949342125984251
11
5.5824259448818898
21
-3.795219842519685
0
LINE
8
BLACK
6
CONTINUOUS
10
5.5824259448818898
20
-3.795219842519685
11
5.5824558267716533
21
-3.795291929133858
0
LINE
8
BLACK
6
CONTINUOUS
10
5.5824558267716533
20
-3.795291929133858
11
5.5824566141732284
21
-3.7953547637795273
0
LINE
8
BLACK
6
CONTINUOUS
10
5.5824566141732284
20
-3.7953547637795273
11
5.5824893700787399
21
-3.7954986614173229
0
LINE
8
BLACK
6
CONTINUOUS
10
5.5824893700787399
20
-3.7954986614173229
11
5.5824633070866136
21
-3.7958648031496063
0
LINE
8
BLACK
6
CONTINUOUS
10
5.5824633070866136
20
-3.7958648031496063
11
5.5825125590551181
21
-3.7996175196850395
0
LINE
8
BLACK
6
CONTINUOUS
10
5.5825125590551181
20
-3.7996175196850395
11
5.5824558267716533
21
-3.8001935826771653
0
LINE
8
BLACK
6
CONTINUOUS
10
5.5824558267716533
20
-3.8001935826771653
11
5.5820149212598427
21
-3.8012579921259841
0
LINE
8
BLACK
6
CONTINUOUS
10
5.5820149212598427
20
-3.8012579921259841
11
5.5812002755905512
21
-3.8020726377952756
0
LINE
8
BLACK
6
CONTINUOUS
10
5.5812002755905512
20
-3.8020726377952756
11
5.580135866141732
21
-3.8025135433070867
0
LINE
8
BLACK
6
CONTINUOUS
10
5.580135866141732
20
-3.8025135433070867
11
5.5789837401574802
21
-3.8025135433070867
0
LINE
8
BLACK
6
CONTINUOUS
10
5.5789837401574802
20
-3.8025135433070867
11
5.577919330708661
21
-3.8020726377952756
0
LINE
8
BLACK
6
CONTINUOUS
10
5.577919330708661
20
-3.8020726377952756
11
5.5771046850393695
21
-3.8012579921259841
0
LINE
8
BLACK
6
CONTINUOUS
10
5.5771046850393695
20
-3.8012579921259841
11
5.5766637795275589
21
-3.8001935826771653
0
LINE
8
BLACK
6
CONTINUOUS
10
5.5766637795275589
20
-3.8001935826771653
11
5.5766115748031497
21
-3.7962138582677163
0
LINE
8
BLACK
6
CONTINUOUS
10
5.5766115748031497
20
-3.7962138582677163
11
5.575081732283464
21
-3.7917544094488189
0
LINE
8
BLACK
6
CONTINUOUS
10
5.575081732283464
20
-3.7917544094488189
11
5.5722818110236219
21
-3.789008031496063
0
LINE
8
BLACK
6
CONTINUOUS
10
5.5722818110236219
20
-3.789008031496063
11
5.5676777165354325
21
-3.7875177952755905
0
LINE
8
BLACK
6
CONTINUOUS
10
5.5676777165354325
20
-3.7875177952755905
11
5.5401897244094487
21
-3.7875721653543306
0
LINE
8
BLACK
6
CONTINUOUS
10
5.5401897244094487
20
-3.7875721653543306
11
5.5396136614173228
21
-3.7875154330708662
0
LINE
8
BLACK
6
CONTINUOUS
10
5.5396136614173228
20
-3.7875154330708662
11
5.5385492519685036
21
-3.7870745275590552
0
LINE
8
BLACK
6
CONTINUOUS
10
5.5385492519685036
20
-3.7870745275590552
11
5.5377346062992121
21
-3.7862598818897637
0
LINE
8
BLACK
6
CONTINUOUS
10
5.5377346062992121
20
-3.7862598818897637
11
5.5372937007874015
21
-3.7851954724409449
0
LINE
8
BLACK
6
CONTINUOUS
10
5.5372937007874015
20
-3.7851954724409449
11
5.5372937007874015
21
-3.7840433464566927
0
LINE
8
BLACK
6
CONTINUOUS
10
5.5372937007874015
20
-3.7840433464566927
11
5.5377346062992121
21
-3.7829789370078739
0
LINE
8
BLACK
6
CONTINUOUS
10
5.5377346062992121
20
-3.7829789370078739
11
5.5385492519685036
21
-3.7821642913385825
0
LINE
8
BLACK
6
CONTINUOUS
10
5.5385492519685036
20
-3.7821642913385825
11
5.5396136614173228
21
-3.7817233858267714
0
LINE
8
BLACK
6
CONTINUOUS
10
5.5396136614173228
20
-3.7817233858267714
11
5.568311181102362
21
-3.781666653543307
0
LINE
8
BLACK
6
CONTINUOUS
10
5.568311181102362
20
-3.781666653543307
11
5.568602716535433
21
-3.7816953543307084
0
LINE
8
BLACK
6
CONTINUOUS
10
5.5538891338582674
20
-3.7404785433070864
11
5.5539871259842517
21
-3.7405191338582675
0
LINE
8
BLACK
6
CONTINUOUS
10
5.5539871259842517
20
-3.7405191338582675
11
5.5540929527559051
21
-3.740526653543307
0
LINE
8
BLACK
6
CONTINUOUS
10
5.5540929527559051
20
-3.740526653543307
11
5.5546044881889767
21
-3.7407748425196852
0
LINE
8
BLACK
6
CONTINUOUS
10
5.5546044881889767
20
-3.7407748425196852
11
5.5549535433070867
21
-3.7409194488188975
0
LINE
8
BLACK
6
CONTINUOUS
10
5.5549535433070867
20
-3.7409194488188975
11
5.5550016535433073
21
-3.7409675590551181
0
LINE
8
BLACK
6
CONTINUOUS
10
5.5550016535433073
20
-3.7409675590551181
11
5.5583831102362202
21
-3.7426083070866141
0
LINE
8
BLACK
6
CONTINUOUS
10
5.5583831102362202
20
-3.7426083070866141
11
5.558631102362205
21
-3.7427643700787399
0
LINE
8
BLACK
6
CONTINUOUS
10
5.558631102362205
20
-3.7427643700787399
11
5.5587030708661418
21
-3.742794212598425
0
LINE
8
BLACK
6
CONTINUOUS
10
5.5587030708661418
20
-3.742794212598425
11
5.5587491338582673
21
-3.7428387007874013
0
LINE
8
BLACK
6
CONTINUOUS
10
5.5587491338582673
20
-3.7428387007874013
11
5.5588729921259841
21
-3.7429166535433072
0
LINE
8
BLACK
6
CONTINUOUS
10
5.5588729921259841
20
-3.7429166535433072
11
5.5590947244094489
21
-3.7431723228346456
0
LINE
8
BLACK
6
CONTINUOUS
10
5.5590947244094489
20
-3.7431723228346456
11
5.5610252755905512
21
-3.7450361811023622
0
LINE
8
BLACK
6
CONTINUOUS
10
5.5610252755905512
20
-3.7450361811023622
11
5.5612110236220476
21
-3.7452625196850393
0
LINE
8
BLACK
6
CONTINUOUS
10
5.5612110236220476
20
-3.7452625196850393
11
5.5612700393700782
21
-3.7453137007874013
0
LINE
8
BLACK
6
CONTINUOUS
10
5.5612700393700782
20
-3.7453137007874013
11
5.5612986614173225
21
-3.7453693307086615
0
LINE
8
BLACK
6
CONTINUOUS
10
5.5612986614173225
20
-3.7453693307086615
11
5.5613924803149608
21
-3.7454836220472441
0
LINE
8
BLACK
6
CONTINUOUS
10
5.5613924803149608
20
-3.7454836220472441
11
5.5615361417322831
21
-3.7458304724409448
0
LINE
8
BLACK
6
CONTINUOUS
10
5.5615361417322831
20
-3.7458304724409448
11
5.5634531496062989
21
-3.7495531102362203
0
LINE
8
BLACK
6
CONTINUOUS
10
5.5634531496062989
20
-3.7495531102362203
11
5.5636600393700784
21
-3.7500937007874016
0
LINE
8
BLACK
6
CONTINUOUS
10
5.5636600393700784
20
-3.7500937007874016
11
5.5636675590551183
21
-3.7501995669291337
0
LINE
8
BLACK
6
CONTINUOUS
10
5.5636675590551183
20
-3.7501995669291337
11
5.563708149606299
21
-3.750297559055118
0
LINE
8
BLACK
6
CONTINUOUS
10
5.563708149606299
20
-3.750297559055118
11
5.5637099606299207
21
-3.750796377952756
0
LINE
8
BLACK
6
CONTINUOUS
10
5.5637099606299207
20
-3.750796377952756
11
5.5637416929133856
21
-3.7512429133858265
0
LINE
8
BLACK
6
CONTINUOUS
10
5.5637416929133856
20
-3.7512429133858265
11
5.5637118897637796
21
-3.7513322047244095
0
LINE
8
BLACK
6
CONTINUOUS
10
5.5637118897637796
20
-3.7513322047244095
11
5.5637541732283466
21
-3.7629414173228346
0
LINE
8
BLACK
6
CONTINUOUS
10
5.5637541732283466
20
-3.7629414173228346
11
5.5795598031496061
21
-3.7629189763779527
0
LINE
8
BLACK
6
CONTINUOUS
10
5.5795598031496061
20
-3.7629189763779527
11
5.580135866141732
21
-3.7629757086614171
0
LINE
8
BLACK
6
CONTINUOUS
10
5.580135866141732
20
-3.7629757086614171
11
5.5812002755905512
21
-3.7634166141732281
0
LINE
8
BLACK
6
CONTINUOUS
10
5.5812002755905512
20
-3.7634166141732281
11
5.5820149212598427
21
-3.7642312598425196
0
LINE
8
BLACK
6
CONTINUOUS
10
5.5820149212598427
20
-3.7642312598425196
11
5.5824558267716533
21
-3.7652956692913384
0
LINE
8
BLACK
6
CONTINUOUS
10
5.5824558267716533
20
-3.7652956692913384
11
5.5824558267716533
21
-3.7664477952755906
0
LINE
8
BLACK
6
CONTINUOUS
10
5.5824558267716533
20
-3.7664477952755906
11
5.5820149212598427
21
-3.7675122047244094
0
LINE
8
BLACK
6
CONTINUOUS
10
5.5820149212598427
20
-3.7675122047244094
11
5.5812002755905512
21
-3.7683268503937009
0
LINE
8
BLACK
6
CONTINUOUS
10
5.5812002755905512
20
-3.7683268503937009
11
5.580135866141732
21
-3.7687677559055119
0
LINE
8
BLACK
6
CONTINUOUS
10
5.580135866141732
20
-3.7687677559055119
11
5.5401897244094487
21
-3.7688244881889763
0
LINE
8
BLACK
6
CONTINUOUS
10
5.5401897244094487
20
-3.7688244881889763
11
5.5396136614173228
21
-3.7687677559055119
0
LINE
8
BLACK
6
CONTINUOUS
10
5.5396136614173228
20
-3.7687677559055119
11
5.5385492519685036
21
-3.7683268503937009
0
LINE
8
BLACK
6
CONTINUOUS
10
5.5385492519685036
20
-3.7683268503937009
11
5.5377346062992121
21
-3.7675122047244094
0
LINE
8
BLACK
6
CONTINUOUS
10
5.5377346062992121
20
-3.7675122047244094
11
5.5372937007874015
21
-3.7664477952755906
0
LINE
8
BLACK
6
CONTINUOUS
10
5.5372937007874015
20
-3.7664477952755906
11
5.5372369685039367
21
-3.7508736220472438
0
LINE
8
BLACK
6
CONTINUOUS
10
5.5372369685039367
20
-3.7508736220472438
11
5.5372937007874015
21
-3.750297559055118
0
LINE
8
BLACK
6
CONTINUOUS
10
5.5372937007874015
20
-3.750297559055118
11
5.5373342913385821
21
-3.7501995275590549
0
LINE
8
BLACK
6
CONTINUOUS
10
5.5373342913385821
20
-3.7501995275590549
11
5.5373418110236221
21
-3.7500937401574803
0
LINE
8
BLACK
6
CONTINUOUS
10
5.5373418110236221
20
-3.7500937401574803
11
5.5375899999999998
21
-3.7495821653543304
0
LINE
8
BLACK
6
CONTINUOUS
10
5.5375899999999998
20
-3.7495821653543304
11
5.5377346062992121
21
-3.7492331496062992
0
LINE
8
BLACK
6
CONTINUOUS
10
5.5377346062992121
20
-3.7492331496062992
11
5.5377827165354327
21
-3.7491849999999998
0
LINE
8
BLACK
6
CONTINUOUS
10
5.5377827165354327
20
-3.7491849999999998
11
5.5394234645669291
21
-3.7458035826771652
0
LINE
8
BLACK
6
CONTINUOUS
10
5.5394234645669291
20
-3.7458035826771652
11
5.5395795275590549
21
-3.7455555511811021
0
LINE
8
BLACK
6
CONTINUOUS
10
5.5395795275590549
20
-3.7455555511811021
11
5.5396093700787397
21
-3.7454836220472441
0
LINE
8
BLACK
6
CONTINUOUS
10
5.5396093700787397
20
-3.7454836220472441
11
5.5396538582677168
21
-3.7454375196850394
0
LINE
8
BLACK
6
CONTINUOUS
10
5.5396538582677168
20
-3.7454375196850394
11
5.5397318110236222
21
-3.7453137007874013
0
LINE
8
BLACK
6
CONTINUOUS
10
5.5397318110236222
20
-3.7453137007874013
11
5.5399874803149602
21
-3.7450919291338582
0
LINE
8
BLACK
6
CONTINUOUS
10
5.5399874803149602
20
-3.7450919291338582
11
5.5418513385826769
21
-3.7431614173228347
0
LINE
8
BLACK
6
CONTINUOUS
10
5.5418513385826769
20
-3.7431614173228347
11
5.5420776771653539
21
-3.7429756299212595
0
LINE
8
BLACK
6
CONTINUOUS
10
5.5420776771653539
20
-3.7429756299212595
11
5.5421288582677164
21
-3.7429166535433072
0
LINE
8
BLACK
6
CONTINUOUS
10
5.5421288582677164
20
-3.7429166535433072
11
5.5421844881889761
21
-3.7428879921259841
0
LINE
8
BLACK
6
CONTINUOUS
10
5.5421844881889761
20
-3.7428879921259841
11
5.5422987795275587
21
-3.742794212598425
0
LINE
8
BLACK
6
CONTINUOUS
10
5.5422987795275587
20
-3.742794212598425
11
5.5426456299212594
21
-3.7426505118110236
0
LINE
8
BLACK
6
CONTINUOUS
10
5.5426456299212594
20
-3.7426505118110236
11
5.5463682677165353
21
-3.7407335433070865
0
LINE
8
BLACK
6
CONTINUOUS
10
5.5463682677165353
20
-3.7407335433070865
11
5.5469088582677166
21
-3.740526653543307
0
LINE
8
BLACK
6
CONTINUOUS
10
5.5469088582677166
20
-3.740526653543307
11
5.5470147244094488
21
-3.7405190944881888
0
LINE
8
BLACK
6
CONTINUOUS
10
5.5470147244094488
20
-3.7405190944881888
11
5.547112716535433
21
-3.7404785433070864
0
LINE
8
BLACK
6
CONTINUOUS
10
5.547112716535433
20
-3.7404785433070864
11
5.5476559055118111
21
-3.7404735433070866
0
LINE
8
BLACK
6
CONTINUOUS
10
5.5476559055118111
20
-3.7404735433070866
11
5.5480580708661416
21
-3.7404449999999998
0
LINE
8
BLACK
6
CONTINUOUS
10
5.5480580708661416
20
-3.7404449999999998
11
5.5481307480314959
21
-3.7404692125984251
0
LINE
8
BLACK
6
CONTINUOUS
10
5.5481307480314959
20
-3.7404692125984251
11
5.5533130708661416
21
-3.740421811023622
0
LINE
8
BLACK
6
CONTINUOUS
10
5.5533130708661416
20
-3.740421811023622
11
5.5538891338582674
21
-3.7404785433070864
0
LINE
8
BLACK
6
CONTINUOUS
10
5.548305984251968
20
-3.746321653543307
11
5.5455950787401571
21
-3.7477176377952754
0
LINE
8
BLACK
6
CONTINUOUS
10
5.5455950787401571
20
-3.7477176377952754
11
5.5444043700787402
21
-3.7489509842519686
0
LINE
8
BLACK
6
CONTINUOUS
10
5.5444043700787402
20
-3.7489509842519686
11
5.5430906692913382
21
-3.751658346456693
0
LINE
8
BLACK
6
CONTINUOUS
10
5.5430906692913382
20
-3.751658346456693
11
5.5431318897637798
21
-3.7629707086614173
0
LINE
8
BLACK
6
CONTINUOUS
10
5.5431318897637798
20
-3.7629707086614173
11
5.5579033464566931
21
-3.7629497244094487
0
LINE
8
BLACK
6
CONTINUOUS
10
5.5579033464566931
20
-3.7629497244094487
11
5.5578615748031499
21
-3.7514841732283464
0
LINE
8
BLACK
6
CONTINUOUS
10
5.5578615748031499
20
-3.7514841732283464
11
5.5564690157480312
21
-3.7487799212598425
0
LINE
8
BLACK
6
CONTINUOUS
10
5.5564690157480312
20
-3.7487799212598425
11
5.5552356692913385
21
-3.7475892125984251
0
LINE
8
BLACK
6
CONTINUOUS
10
5.5552356692913385
20
-3.7475892125984251
11
5.5525434645669289
21
-3.7462828740157481
0
LINE
8
BLACK
6
CONTINUOUS
10
5.5525434645669289
20
-3.7462828740157481
11
5.548305984251968
21
-3.746321653543307
0
LINE
8
BLACK
6
CONTINUOUS
10
5.6929832283464563
20
-3.7400675984251968
11
5.6930812204724406
21
-3.7401081889763779
0
LINE
8
BLACK
6
CONTINUOUS
10
5.6930812204724406
20
-3.7401081889763779
11
5.693187047244094
21
-3.7401157086614174
0
LINE
8
BLACK
6
CONTINUOUS
10
5.693187047244094
20
-3.7401157086614174
11
5.6936985826771656
21
-3.7403638976377951
0
LINE
8
BLACK
6
CONTINUOUS
10
5.6936985826771656
20
-3.7403638976377951
11
5.6940476377952756
21
-3.7405085039370078
0
LINE
8
BLACK
6
CONTINUOUS
10
5.6940476377952756
20
-3.7405085039370078
11
5.6940957480314962
21
-3.740556614173228
0
LINE
8
BLACK
6
CONTINUOUS
10
5.6940957480314962
20
-3.740556614173228
11
5.6974772047244091
21
-3.7421973622047244
0
LINE
8
BLACK
6
CONTINUOUS
10
5.6974772047244091
20
-3.7421973622047244
11
5.6977250787401577
21
-3.7423533858267715
0
LINE
8
BLACK
6
CONTINUOUS
10
5.6977250787401577
20
-3.7423533858267715
11
5.6977971259842519
21
-3.7423832283464566
0
LINE
8
BLACK
6
CONTINUOUS
10
5.6977971259842519
20
-3.7423832283464566
11
5.6978432283464562
21
-3.7424277559055117
0
LINE
8
BLACK
6
CONTINUOUS
10
5.6978432283464562
20
-3.7424277559055117
11
5.6979670866141729
21
-3.7425057086614171
0
LINE
8
BLACK
6
CONTINUOUS
10
5.6979670866141729
20
-3.7425057086614171
11
5.698188779527559
21
-3.7427613385826772
0
LINE
8
BLACK
6
CONTINUOUS
10
5.698188779527559
20
-3.7427613385826772
11
5.70011937007874
21
-3.7446251968503934
0
LINE
8
BLACK
6
CONTINUOUS
10
5.70011937007874
20
-3.7446251968503934
11
5.7003051181102364
21
-3.7448515354330709
0
LINE
8
BLACK
6
CONTINUOUS
10
5.7003051181102364
20
-3.7448515354330709
11
5.7003641732283468
21
-3.7449027559055117
0
LINE
8
BLACK
6
CONTINUOUS
10
5.7003641732283468
20
-3.7449027559055117
11
5.7003927952755902
21
-3.7449583858267714
0
LINE
8
BLACK
6
CONTINUOUS
10
5.7003927952755902
20
-3.7449583858267714
11
5.7004866141732284
21
-3.7450726771653544
0
LINE
8
BLACK
6
CONTINUOUS
10
5.7004866141732284
20
-3.7450726771653544
11
5.7006302755905507
21
-3.7454195275590552
0
LINE
8
BLACK
6
CONTINUOUS
10
5.7006302755905507
20
-3.7454195275590552
11
5.7025472834645665
21
-3.7491421653543306
0
LINE
8
BLACK
6
CONTINUOUS
10
5.7025472834645665
20
-3.7491421653543306
11
5.702754173228346
21
-3.7496827559055119
0
LINE
8
BLACK
6
CONTINUOUS
10
5.702754173228346
20
-3.7496827559055119
11
5.702761692913386
21
-3.7497886220472441
0
LINE
8
BLACK
6
CONTINUOUS
10
5.702761692913386
20
-3.7497886220472441
11
5.7028022834645666
21
-3.7498866141732283
0
LINE
8
BLACK
6
CONTINUOUS
10
5.7028022834645666
20
-3.7498866141732283
11
5.7028040944881893
21
-3.7503854330708659
0
LINE
8
BLACK
6
CONTINUOUS
10
5.7028040944881893
20
-3.7503854330708659
11
5.7028358267716532
21
-3.7508319685039369
0
LINE
8
BLACK
6
CONTINUOUS
10
5.7028358267716532
20
-3.7508319685039369
11
5.7028060236220472
21
-3.7509212598425195
0
LINE
8
BLACK
6
CONTINUOUS
10
5.7028060236220472
20
-3.7509212598425195
11
5.7028590157480314
21
-3.7654607874015746
0
LINE
8
BLACK
6
CONTINUOUS
10
5.7028590157480314
20
-3.7654607874015746
11
5.7028022834645666
21
-3.7660368503937005
0
LINE
8
BLACK
6
CONTINUOUS
10
5.7028022834645666
20
-3.7660368503937005
11
5.702361377952756
21
-3.7671012598425198
0
LINE
8
BLACK
6
CONTINUOUS
10
5.702361377952756
20
-3.7671012598425198
11
5.7015467322834645
21
-3.7679159055118108
0
LINE
8
BLACK
6
CONTINUOUS
10
5.7015467322834645
20
-3.7679159055118108
11
5.7004823228346453
21
-3.7683568110236219
0
LINE
8
BLACK
6
CONTINUOUS
10
5.7004823228346453
20
-3.7683568110236219
11
5.660536181102362
21
-3.7684135433070867
0
LINE
8
BLACK
6
CONTINUOUS
10
5.660536181102362
20
-3.7684135433070867
11
5.6599601181102361
21
-3.7683568110236219
0
LINE
8
BLACK
6
CONTINUOUS
10
5.6599601181102361
20
-3.7683568110236219
11
5.6588957086614169
21
-3.7679159055118108
0
LINE
8
BLACK
6
CONTINUOUS
10
5.6588957086614169
20
-3.7679159055118108
11
5.6580810629921254
21
-3.7671012598425198
0
LINE
8
BLACK
6
CONTINUOUS
10
5.6580810629921254
20
-3.7671012598425198
11
5.6576401574803148
21
-3.7660368503937005
0
LINE
8
BLACK
6
CONTINUOUS
10
5.6576401574803148
20
-3.7660368503937005
11
5.65758342519685
21
-3.7523374409448818
0
LINE
8
BLACK
6
CONTINUOUS
10
5.65758342519685
20
-3.7523374409448818
11
5.6576401574803148
21
-3.7517613779527559
0
LINE
8
BLACK
6
CONTINUOUS
10
5.6576401574803148
20
-3.7517613779527559
11
5.6576807480314963
21
-3.7516633464566929
0
LINE
8
BLACK
6
CONTINUOUS
10
5.6576807480314963
20
-3.7516633464566929
11
5.6576882677165354
21
-3.7515575590551182
0
LINE
8
BLACK
6
CONTINUOUS
10
5.6576882677165354
20
-3.7515575590551182
11
5.6579364566929131
21
-3.7510459842519683
0
LINE
8
BLACK
6
CONTINUOUS
10
5.6579364566929131
20
-3.7510459842519683
11
5.6580810629921254
21
-3.7506969685039371
0
LINE
8
BLACK
6
CONTINUOUS
10
5.6580810629921254
20
-3.7506969685039371
11
5.6581291732283461
21
-3.7506488188976377
0
LINE
8
BLACK
6
CONTINUOUS
10
5.6581291732283461
20
-3.7506488188976377
11
5.6597699212598425
21
-3.7472674015748031
0
LINE
8
BLACK
6
CONTINUOUS
10
5.6597699212598425
20
-3.7472674015748031
11
5.6599259842519682
21
-3.74701937007874
0
LINE
8
BLACK
6
CONTINUOUS
10
5.6599259842519682
20
-3.74701937007874
11
5.659955826771653
21
-3.746947440944882
0
LINE
8
BLACK
6
CONTINUOUS
10
5.659955826771653
20
-3.746947440944882
11
5.6600003149606302
21
-3.7469013385826773
0
LINE
8
BLACK
6
CONTINUOUS
10
5.6600003149606302
20
-3.7469013385826773
11
5.6600782677165355
21
-3.7467775196850392
0
LINE
8
BLACK
6
CONTINUOUS
10
5.6600782677165355
20
-3.7467775196850392
11
5.6603339370078736
21
-3.7465557480314962
0
LINE
8
BLACK
6
CONTINUOUS
10
5.6603339370078736
20
-3.7465557480314962
11
5.6621977952755902
21
-3.7446252362204722
0
LINE
8
BLACK
6
CONTINUOUS
10
5.6621977952755902
20
-3.7446252362204722
11
5.6624241338582673
21
-3.7444394488188975
0
LINE
8
BLACK
6
CONTINUOUS
10
5.6624241338582673
20
-3.7444394488188975
11
5.6624753149606297
21
-3.7443804724409446
0
LINE
8
BLACK
6
CONTINUOUS
10
5.6624753149606297
20
-3.7443804724409446
11
5.6625309448818895
21
-3.744351811023622
0
LINE
8
BLACK
6
CONTINUOUS
10
5.6625309448818895
20
-3.744351811023622
11
5.662645236220472
21
-3.744258031496063
0
LINE
8
BLACK
6
CONTINUOUS
10
5.662645236220472
20
-3.744258031496063
11
5.6629920866141727
21
-3.7441143307086615
0
LINE
8
BLACK
6
CONTINUOUS
10
5.6629920866141727
20
-3.7441143307086615
11
5.6667147244094487
21
-3.7421973622047244
0
LINE
8
BLACK
6
CONTINUOUS
10
5.6667147244094487
20
-3.7421973622047244
11
5.66725531496063
21
-3.741990472440945
0
LINE
8
BLACK
6
CONTINUOUS
10
5.66725531496063
20
-3.741990472440945
11
5.6673611811023621
21
-3.7419829133858267
0
LINE
8
BLACK
6
CONTINUOUS
10
5.6673611811023621
20
-3.7419829133858267
11
5.6674591732283464
21
-3.7419423622047243
0
LINE
8
BLACK
6
CONTINUOUS
10
5.6674591732283464
20
-3.7419423622047243
11
5.6680395275590554
21
-3.7419347244094485
0
LINE
8
BLACK
6
CONTINUOUS
10
5.6680395275590554
20
-3.7419347244094485
11
5.6684045275590549
21
-3.7419088188976377
0
LINE
8
BLACK
6
CONTINUOUS
10
5.6684045275590549
20
-3.7419088188976377
11
5.668465551181102
21
-3.7419291338582674
0
LINE
8
BLACK
6
CONTINUOUS
10
5.668465551181102
20
-3.7419291338582674
11
5.6717847637795273
21
-3.7418856299212599
0
LINE
8
BLACK
6
CONTINUOUS
10
5.6717847637795273
20
-3.7418856299212599
11
5.6723608267716532
21
-3.7419423622047243
0
LINE
8
BLACK
6
CONTINUOUS
10
5.6723608267716532
20
-3.7419423622047243
11
5.6724588188976375
21
-3.7419829527559054
0
LINE
8
BLACK
6
CONTINUOUS
10
5.6724588188976375
20
-3.7419829527559054
11
5.6725646456692909
21
-3.741990472440945
0
LINE
8
BLACK
6
CONTINUOUS
10
5.6725646456692909
20
-3.741990472440945
11
5.6730761811023624
21
-3.7422386614173226
0
LINE
8
BLACK
6
CONTINUOUS
10
5.6730761811023624
20
-3.7422386614173226
11
5.6734252362204725
21
-3.7423832677165354
0
LINE
8
BLACK
6
CONTINUOUS
10
5.6734252362204725
20
-3.7423832677165354
11
5.6734733464566931
21
-3.7424313779527556
0
LINE
8
BLACK
6
CONTINUOUS
10
5.6734733464566931
20
-3.7424313779527556
11
5.676854803149606
21
-3.744072125984252
0
LINE
8
BLACK
6
CONTINUOUS
10
5.676854803149606
20
-3.744072125984252
11
5.6771027952755908
21
-3.7442281889763778
0
LINE
8
BLACK
6
CONTINUOUS
10
5.6771027952755908
20
-3.7442281889763778
11
5.6771747637795276
21
-3.744258031496063
0
LINE
8
BLACK
6
CONTINUOUS
10
5.6771747637795276
20
-3.744258031496063
11
5.6772208267716531
21
-3.7443025196850392
0
LINE
8
BLACK
6
CONTINUOUS
10
5.6772208267716531
20
-3.7443025196850392
11
5.6773446850393698
21
-3.7443804724409446
0
LINE
8
BLACK
6
CONTINUOUS
10
5.6773446850393698
20
-3.7443804724409446
11
5.6775664173228346
21
-3.7446361417322835
0
LINE
8
BLACK
6
CONTINUOUS
10
5.6775664173228346
20
-3.7446361417322835
11
5.6784757874015748
21
-3.7455140944881888
0
LINE
8
BLACK
6
CONTINUOUS
10
5.6784757874015748
20
-3.7455140944881888
11
5.6785933464566929
21
-3.7452508661417321
0
LINE
8
BLACK
6
CONTINUOUS
10
5.6785933464566929
20
-3.7452508661417321
11
5.6786628346456691
21
-3.7451707086614174
0
LINE
8
BLACK
6
CONTINUOUS
10
5.6786628346456691
20
-3.7451707086614174
11
5.6787034645669294
21
-3.7450726771653544
0
LINE
8
BLACK
6
CONTINUOUS
10
5.6787034645669294
20
-3.7450726771653544
11
5.6791405905511807
21
-3.7446198425196848
0
LINE
8
BLACK
6
CONTINUOUS
10
5.6791405905511807
20
-3.7446198425196848
11
5.6793482283464565
21
-3.7443805118110234
0
LINE
8
BLACK
6
CONTINUOUS
10
5.6793482283464565
20
-3.7443805118110234
11
5.6793936220472441
21
-3.7443577952755907
0
LINE
8
BLACK
6
CONTINUOUS
10
5.6793936220472441
20
-3.7443577952755907
11
5.6809454330708657
21
-3.7427504724409446
0
LINE
8
BLACK
6
CONTINUOUS
10
5.6809454330708657
20
-3.7427504724409446
11
5.6811717716535428
21
-3.7425646850393699
0
LINE
8
BLACK
6
CONTINUOUS
10
5.6811717716535428
20
-3.7425646850393699
11
5.6812229527559053
21
-3.7425057086614171
0
LINE
8
BLACK
6
CONTINUOUS
10
5.6812229527559053
20
-3.7425057086614171
11
5.681278582677165
21
-3.7424770472440945
0
LINE
8
BLACK
6
CONTINUOUS
10
5.681278582677165
20
-3.7424770472440945
11
5.6813928740157476
21
-3.7423832677165354
0
LINE
8
BLACK
6
CONTINUOUS
10
5.6813928740157476
20
-3.7423832677165354
11
5.6817397244094483
21
-3.742239566929134
0
LINE
8
BLACK
6
CONTINUOUS
10
5.6817397244094483
20
-3.742239566929134
11
5.6854623622047242
21
-3.7403225984251969
0
LINE
8
BLACK
6
CONTINUOUS
10
5.6854623622047242
20
-3.7403225984251969
11
5.6860029527559055
21
-3.7401157086614174
0
LINE
8
BLACK
6
CONTINUOUS
10
5.6860029527559055
20
-3.7401157086614174
11
5.6861088188976376
21
-3.7401081496062991
0
LINE
8
BLACK
6
CONTINUOUS
10
5.6861088188976376
20
-3.7401081496062991
11
5.6862068110236219
21
-3.7400675984251968
0
LINE
8
BLACK
6
CONTINUOUS
10
5.6862068110236219
20
-3.7400675984251968
11
5.68675
21
-3.7400625984251969
0
LINE
8
BLACK
6
CONTINUOUS
10
5.68675
20
-3.7400625984251969
11
5.6871521653543304
21
-3.7400340551181102
0
LINE
8
BLACK
6
CONTINUOUS
10
5.6871521653543304
20
-3.7400340551181102
11
5.6872248425196847
21
-3.7400582677165355
0
LINE
8
BLACK
6
CONTINUOUS
10
5.6872248425196847
20
-3.7400582677165355
11
5.6924071653543304
21
-3.7400108661417324
0
LINE
8
BLACK
6
CONTINUOUS
10
5.6924071653543304
20
-3.7400108661417324
11
5.6929832283464563
21
-3.7400675984251968
0
LINE
8
BLACK
6
CONTINUOUS
10
5.6686573228346457
20
-3.7477829527559052
11
5.6659415354330704
21
-3.7491814566929134
0
LINE
8
BLACK
6
CONTINUOUS
10
5.6659415354330704
20
-3.7491814566929134
11
5.6647508267716535
21
-3.7504148031496061
0
LINE
8
BLACK
6
CONTINUOUS
10
5.6647508267716535
20
-3.7504148031496061
11
5.6634377952755903
21
-3.7531207874015746
0
LINE
8
BLACK
6
CONTINUOUS
10
5.6634377952755903
20
-3.7531207874015746
11
5.6634768897637793
21
-3.7625597637795276
0
LINE
8
BLACK
6
CONTINUOUS
10
5.6634768897637793
20
-3.7625597637795276
11
5.6763733070866138
21
-3.7625414173228346
0
LINE
8
BLACK
6
CONTINUOUS
10
5.6763733070866138
20
-3.7625414173228346
11
5.6763335826771648
21
-3.7529485826771651
0
LINE
8
BLACK
6
CONTINUOUS
10
5.6763335826771648
20
-3.7529485826771651
11
5.674940708661417
21
-3.7502437401574804
0
LINE
8
BLACK
6
CONTINUOUS
10
5.674940708661417
20
-3.7502437401574804
11
5.6737073622047243
21
-3.7490530314960631
0
LINE
8
BLACK
6
CONTINUOUS
10
5.6737073622047243
20
-3.7490530314960631
11
5.6710258661417319
21
-3.7477518897637796
0
LINE
8
BLACK
6
CONTINUOUS
10
5.6710258661417319
20
-3.7477518897637796
11
5.6686573228346457
21
-3.7477829527559052
0
LINE
8
BLACK
6
CONTINUOUS
10
5.6874000787401577
20
-3.7459107086614174
11
5.684689173228346
21
-3.7473066929133858
0
LINE
8
BLACK
6
CONTINUOUS
10
5.684689173228346
20
-3.7473066929133858
11
5.6836758267716538
21
-3.7483563385826772
0
LINE
8
BLACK
6
CONTINUOUS
10
5.6836758267716538
20
-3.7483563385826772
11
5.6821848031496058
21
-3.7529628740157479
0
LINE
8
BLACK
6
CONTINUOUS
10
5.6821848031496058
20
-3.7529628740157479
11
5.6822244488188973
21
-3.7625331102362205
0
LINE
8
BLACK
6
CONTINUOUS
10
5.6822244488188973
20
-3.7625331102362205
11
5.6969973622047245
21
-3.762512125984252
0
LINE
8
BLACK
6
CONTINUOUS
10
5.6969973622047245
20
-3.762512125984252
11
5.6969557086614175
21
-3.7510732283464567
0
LINE
8
BLACK
6
CONTINUOUS
10
5.6969557086614175
20
-3.7510732283464567
11
5.6955631496062988
21
-3.7483690157480316
0
LINE
8
BLACK
6
CONTINUOUS
10
5.6955631496062988
20
-3.7483690157480316
11
5.6943297637795274
21
-3.7471782677165355
0
LINE
8
BLACK
6
CONTINUOUS
10
5.6943297637795274
20
-3.7471782677165355
11
5.6916375590551178
21
-3.745871929133858
0
LINE
8
BLACK
6
CONTINUOUS
10
5.6916375590551178
20
-3.745871929133858
11
5.6874000787401577
21
-3.7459107086614174
0
LINE
8
BLACK
6
CONTINUOUS
10
5.5812002755905512
20
-3.7034241338582676
11
5.5820149212598427
21
-3.7042387795275591
0
LINE
8
BLACK
6
CONTINUOUS
10
5.5820149212598427
20
-3.7042387795275591
11
5.5824558267716533
21
-3.7053031889763779
0
LINE
8
BLACK
6
CONTINUOUS
10
5.5824558267716533
20
-3.7053031889763779
11
5.5825125590551181
21
-3.7283764173228344
0
LINE
8
BLACK
6
CONTINUOUS
10
5.5825125590551181
20
-3.7283764173228344
11
5.5824558267716533
21
-3.7289524803149607
0
LINE
8
BLACK
6
CONTINUOUS
10
5.5824558267716533
20
-3.7289524803149607
11
5.5820149212598427
21
-3.7300168897637795
0
LINE
8
BLACK
6
CONTINUOUS
10
5.5820149212598427
20
-3.7300168897637795
11
5.5812002755905512
21
-3.730831535433071
0
LINE
8
BLACK
6
CONTINUOUS
10
5.5812002755905512
20
-3.730831535433071
11
5.580135866141732
21
-3.7312724409448816
0
LINE
8
BLACK
6
CONTINUOUS
10
5.580135866141732
20
-3.7312724409448816
11
5.5789837401574802
21
-3.7312724409448816
0
LINE
8
BLACK
6
CONTINUOUS
10
5.5789837401574802
20
-3.7312724409448816
11
5.577919330708661
21
-3.730831535433071
0
LINE
8
BLACK
6
CONTINUOUS
10
5.577919330708661
20
-3.730831535433071
11
5.5771046850393695
21
-3.7300168897637795
0
LINE
8
BLACK
6
CONTINUOUS
10
5.5771046850393695
20
-3.7300168897637795
11
5.5766637795275589
21
-3.7289524803149607
0
LINE
8
BLACK
6
CONTINUOUS
10
5.5766637795275589
20
-3.7289524803149607
11
5.576641811023622
21
-3.7200288188976378
0
LINE
8
BLACK
6
CONTINUOUS
10
5.576641811023622
20
-3.7200288188976378
11
5.5491322047244092
21
-3.720067874015748
0
LINE
8
BLACK
6
CONTINUOUS
10
5.5491322047244092
20
-3.720067874015748
11
5.5516514566929134
21
-3.7225389763779528
0
LINE
8
BLACK
6
CONTINUOUS
10
5.5516514566929134
20
-3.7225389763779528
11
5.5518372834645664
21
-3.7227653543307087
0
LINE
8
BLACK
6
CONTINUOUS
10
5.5518372834645664
20
-3.7227653543307087
11
5.5518962204724405
21
-3.7228164960629919
0
LINE
8
BLACK
6
CONTINUOUS
10
5.5518962204724405
20
-3.7228164960629919
11
5.551924803149606
21
-3.7228720078740158
0
LINE
8
BLACK
6
CONTINUOUS
10
5.551924803149606
20
-3.7228720078740158
11
5.5520187007874018
21
-3.7229864173228346
0
LINE
8
BLACK
6
CONTINUOUS
10
5.5520187007874018
20
-3.7229864173228346
11
5.5521624409448815
21
-3.7233334645669292
0
LINE
8
BLACK
6
CONTINUOUS
10
5.5521624409448815
20
-3.7233334645669292
11
5.5540793307086611
21
-3.7270559055118109
0
LINE
8
BLACK
6
CONTINUOUS
10
5.5540793307086611
20
-3.7270559055118109
11
5.5542862204724406
21
-3.7275964960629921
0
LINE
8
BLACK
6
CONTINUOUS
10
5.5542862204724406
20
-3.7275964960629921
11
5.5543678740157478
21
-3.7287457086614171
0
LINE
8
BLACK
6
CONTINUOUS
10
5.5543678740157478
20
-3.7287457086614171
11
5.5540035433070862
21
-3.7298387007874014
0
LINE
8
BLACK
6
CONTINUOUS
10
5.5540035433070862
20
-3.7298387007874014
11
5.5532487007874014
21
-3.7307090551181101
0
LINE
8
BLACK
6
CONTINUOUS
10
5.5532487007874014
20
-3.7307090551181101
11
5.5522181889763775
21
-3.7312243307086614
0
LINE
8
BLACK
6
CONTINUOUS
10
5.5522181889763775
20
-3.7312243307086614
11
5.5510689763779526
21
-3.7313059842519682
0
LINE
8
BLACK
6
CONTINUOUS
10
5.5510689763779526
20
-3.7313059842519682
11
5.5499760236220474
21
-3.7309416535433071
0
LINE
8
BLACK
6
CONTINUOUS
10
5.5499760236220474
20
-3.7309416535433071
11
5.54910562992126
21
-3.7301868110236218
0
LINE
8
BLACK
6
CONTINUOUS
10
5.54910562992126
20
-3.7301868110236218
11
5.5470819291338582
21
-3.7262569685039368
0
LINE
8
BLACK
6
CONTINUOUS
10
5.5470819291338582
20
-3.7262569685039368
11
5.5437611023622049
21
-3.7229996062992123
0
LINE
8
BLACK
6
CONTINUOUS
10
5.5437611023622049
20
-3.7229996062992123
11
5.5385518110236216
21
-3.7195846850393699
0
LINE
8
BLACK
6
CONTINUOUS
10
5.5385518110236216
20
-3.7195846850393699
11
5.5385501181102361
21
-3.719583307086614
0
LINE
8
BLACK
6
CONTINUOUS
10
5.5385501181102361
20
-3.719583307086614
11
5.5385492519685036
21
-3.7195829527559052
0
LINE
8
BLACK
6
CONTINUOUS
10
5.5385492519685036
20
-3.7195829527559052
11
5.5385472047244093
21
-3.719580905511811
0
LINE
8
BLACK
6
CONTINUOUS
10
5.5385472047244093
20
-3.719580905511811
11
5.5381039763779523
21
-3.7192179133858265
0
LINE
8
BLACK
6
CONTINUOUS
10
5.5381039763779523
20
-3.7192179133858265
11
5.5379412992125987
21
-3.7189749999999999
0
LINE
8
BLACK
6
CONTINUOUS
10
5.5379412992125987
20
-3.7189749999999999
11
5.5377346062992121
21
-3.7187683070866142
0
LINE
8
BLACK
6
CONTINUOUS
10
5.5377346062992121
20
-3.7187683070866142
11
5.5376238582677164
21
-3.7185009842519685
0
LINE
8
BLACK
6
CONTINUOUS
10
5.5376238582677164
20
-3.7185009842519685
11
5.5374629133858271
21
-3.7182606299212599
0
LINE
8
BLACK
6
CONTINUOUS
10
5.5374629133858271
20
-3.7182606299212599
11
5.5374055511811022
21
-3.7179739763779525
0
LINE
8
BLACK
6
CONTINUOUS
10
5.5374055511811022
20
-3.7179739763779525
11
5.5372937007874015
21
-3.7177038976377954
0
LINE
8
BLACK
6
CONTINUOUS
10
5.5372937007874015
20
-3.7177038976377954
11
5.5372937007874015
21
-3.7174145669291336
0
LINE
8
BLACK
6
CONTINUOUS
10
5.5372937007874015
20
-3.7174145669291336
11
5.5372369685039367
21
-3.7171309448818897
0
LINE
8
BLACK
6
CONTINUOUS
10
5.5372369685039367
20
-3.7171309448818897
11
5.5372937007874015
21
-3.7168441338582676
0
LINE
8
BLACK
6
CONTINUOUS
10
5.5372937007874015
20
-3.7168441338582676
11
5.5372937007874015
21
-3.7165517716535432
0
LINE
8
BLACK
6
CONTINUOUS
10
5.5372937007874015
20
-3.7165517716535432
11
5.5374044094488184
21
-3.7162844881889763
0
LINE
8
BLACK
6
CONTINUOUS
10
5.5374044094488184
20
-3.7162844881889763
11
5.5374605511811019
21
-3.7160007086614173
0
LINE
8
BLACK
6
CONTINUOUS
10
5.5374605511811019
20
-3.7160007086614173
11
5.5376227165354326
21
-3.7157574409448819
0
LINE
8
BLACK
6
CONTINUOUS
10
5.5376227165354326
20
-3.7157574409448819
11
5.5377346062992121
21
-3.7154873622047244
0
LINE
8
BLACK
6
CONTINUOUS
10
5.5377346062992121
20
-3.7154873622047244
11
5.5379391338582673
21
-3.7152827952755905
0
LINE
8
BLACK
6
CONTINUOUS
10
5.5379391338582673
20
-3.7152827952755905
11
5.5380996456692912
21
-3.7150420866141731
0
LINE
8
BLACK
6
CONTINUOUS
10
5.5380996456692912
20
-3.7150420866141731
11
5.5383425196850391
21
-3.7148794094488187
0
LINE
8
BLACK
6
CONTINUOUS
10
5.5383425196850391
20
-3.7148794094488187
11
5.5385492519685036
21
-3.714672716535433
0
LINE
8
BLACK
6
CONTINUOUS
10
5.5385492519685036
20
-3.714672716535433
11
5.538816535433071
21
-3.7145619685039368
0
LINE
8
BLACK
6
CONTINUOUS
10
5.538816535433071
20
-3.7145619685039368
11
5.5390569291338583
21
-3.714401023622047
0
LINE
8
BLACK
6
CONTINUOUS
10
5.5390569291338583
20
-3.714401023622047
11
5.5393435433070861
21
-3.7143436614173226
0
LINE
8
BLACK
6
CONTINUOUS
10
5.5393435433070861
20
-3.7143436614173226
11
5.5396136614173228
21
-3.7142318110236219
0
LINE
8
BLACK
6
CONTINUOUS
10
5.5396136614173228
20
-3.7142318110236219
11
5.5399050000000001
21
-3.714231377952756
0
LINE
8
BLACK
6
CONTINUOUS
10
5.5399050000000001
20
-3.714231377952756
11
5.5401866141732281
21
-3.7141750787401575
0
LINE
8
BLACK
6
CONTINUOUS
10
5.5401866141732281
20
-3.7141750787401575
11
5.5404672440944882
21
-3.714230590551181
0
LINE
8
BLACK
6
CONTINUOUS
10
5.5404672440944882
20
-3.714230590551181
11
5.5766274409448817
21
-3.7141792125984252
0
LINE
8
BLACK
6
CONTINUOUS
10
5.5766274409448817
20
-3.7141792125984252
11
5.5766070472440941
21
-3.7058792519685038
0
LINE
8
BLACK
6
CONTINUOUS
10
5.5766070472440941
20
-3.7058792519685038
11
5.5766637795275589
21
-3.7053031889763779
0
LINE
8
BLACK
6
CONTINUOUS
10
5.5766637795275589
20
-3.7053031889763779
11
5.5771046850393695
21
-3.7042387795275591
0
LINE
8
BLACK
6
CONTINUOUS
10
5.5771046850393695
20
-3.7042387795275591
11
5.577919330708661
21
-3.7034241338582676
0
LINE
8
BLACK
6
CONTINUOUS
10
5.577919330708661
20
-3.7034241338582676
11
5.5789837401574802
21
-3.7029832283464565
0
LINE
8
BLACK
6
CONTINUOUS
10
5.5789837401574802
20
-3.7029832283464565
11
5.580135866141732
21
-3.7029832283464565
0
LINE
8
BLACK
6
CONTINUOUS
10
5.580135866141732
20
-3.7029832283464565
11
5.5812002755905512
21
-3.7034241338582676
0
CIRCLE
8
BLACK
10
4.8884251968503936
20
-3.6494488188976377
40
0.0068897637795276
0
CIRCLE
8
BLACK
10
4.8884251968503936
20
-4.2400000000000002
40
0.0068897637795276
0
CIRCLE
8
BLACK
10
5.2821259842519686
20
-4.2400000000000002
40
0.0068897637795276
0
CIRCLE
8
BLACK
10
5.2821259842519686
20
-3.6494488188976377
40
0.0068897637795276
0
CIRCLE
8
BLACK
10
5.146299212598425
20
-4.0037795275590549
40
0.0068897637795276
0
CIRCLE
8
BLACK
10
4.8588976377952751
20
-4.0037795275590549
40
0.0068897637795276
0
CIRCLE
8
BLACK
10
4.8588976377952751
20
-3.834488188976378
40
0.0068897637795276
  0
ENDSEC
  0
EOF
