  0
SECTION
  2
HEADER
  9
$ANGBASE
  50
0.0
  9
$ANGDIR
  70
1
  9
$MEASUREMENT
  70
0
  0
ENDSEC
  0
SECTION
  2
TABLES
  0
TABLE
  2
LTYPE
  70
4
  0
LTYPE
  5
40F
  2
CONTINUOUS
  70
0
  3
Solid line
  72
65
  73
0
  40
0.0
  0
LTYPE
  5
410
  2
DASHDOT
 70
0
  3
Dash Dot ____ _ ____ _
 72
65
 73
4
 40
2.0
 49
1.25
 49
-0.25
 49
0.25
 49
-0.25
  0
LTYPE
  5
411
  2
DASHED
 70
0
  3
Dashed __ __ __ __ __
 72
65
 73
2
 40
0.75
 49
0.5
 49
-0.25
  0
LTYPE
  5
43B
  2
DOTTED
 70
0
  3
Dotted .  .  .  .
 72
65
 73
2
 40
0.2
 49
0.0
 49
-0.2
  0
ENDTAB
  0
TABLE
  2
STYLE
  70
4
  0
STYLE
  2
KICAD
  70
0
  40
0
  41
1
  42
1
  50
0
  71
0
  3
isocp.shx
  0
STYLE
  2
KICADB
  70
0
  40
0
  41
1
  42
1
  50
0
  71
0
  3
isocp.shx
  0
STYLE
  2
KICADI
  70
0
  40
0
  41
1
  42
1
  50
15
  71
0
  3
isocp.shx
  0
STYLE
  2
KICADBI
  70
0
  40
0
  41
1
  42
1
  50
15
  71
0
  3
isocp.shx
  0
ENDTAB
  0
TABLE
  2
LAYER
  70
1
  0
LAYER
  2
BLACK
  70
0
  62
7
  6
CONTINUOUS
  0
ENDTAB
  0
ENDSEC
  0
SECTION
  2
ENTITIES
0
LINE
8
BLACK
6
CONTINUOUS
10
5.6176536614173225
20
-4.1860400787401577
11
5.6195695275590554
21
-4.1873202362204722
0
LINE
8
BLACK
6
CONTINUOUS
10
5.6195695275590554
20
-4.1873202362204722
11
5.6208496850393699
21
-4.1892361023622042
0
LINE
8
BLACK
6
CONTINUOUS
10
5.6208496850393699
20
-4.1892361023622042
11
5.6212992125984247
21
-4.1914960629921261
0
LINE
8
BLACK
6
CONTINUOUS
10
5.6212992125984247
20
-4.1914960629921261
11
5.6212992125984247
21
-4.2033070866141733
0
LINE
8
BLACK
6
CONTINUOUS
10
5.6212992125984247
20
-4.2033070866141733
11
5.6208496850393699
21
-4.2055670472440942
0
LINE
8
BLACK
6
CONTINUOUS
10
5.6208496850393699
20
-4.2055670472440942
11
5.6195695275590554
21
-4.2074829133858263
0
LINE
8
BLACK
6
CONTINUOUS
10
5.6195695275590554
20
-4.2074829133858263
11
5.6176536614173225
21
-4.2087630708661417
0
LINE
8
BLACK
6
CONTINUOUS
10
5.6176536614173225
20
-4.2087630708661417
11
5.6153937007874015
21
-4.2092125984251965
0
LINE
8
BLACK
6
CONTINUOUS
10
5.6153937007874015
20
-4.2092125984251965
11
5.5750393700787404
21
-4.2092125984251965
0
LINE
8
BLACK
6
CONTINUOUS
10
5.5750393700787404
20
-4.2092125984251965
11
5.5727794094488186
21
-4.2087630708661417
0
LINE
8
BLACK
6
CONTINUOUS
10
5.5727794094488186
20
-4.2087630708661417
11
5.5708635433070866
21
-4.2074829133858263
0
LINE
8
BLACK
6
CONTINUOUS
10
5.5708635433070866
20
-4.2074829133858263
11
5.5695833858267711
21
-4.2055670472440942
0
LINE
8
BLACK
6
CONTINUOUS
10
5.5695833858267711
20
-4.2055670472440942
11
5.5691338582677163
21
-4.2033070866141733
0
LINE
8
BLACK
6
CONTINUOUS
10
5.5691338582677163
20
-4.2033070866141733
11
5.5691338582677163
21
-4.1914960629921261
0
LINE
8
BLACK
6
CONTINUOUS
10
5.5691338582677163
20
-4.1914960629921261
11
5.5695833858267711
21
-4.1892361023622042
0
LINE
8
BLACK
6
CONTINUOUS
10
5.5695833858267711
20
-4.1892361023622042
11
5.5708635433070866
21
-4.1873202362204722
0
LINE
8
BLACK
6
CONTINUOUS
10
5.5708635433070866
20
-4.1873202362204722
11
5.5727794094488186
21
-4.1860400787401577
0
LINE
8
BLACK
6
CONTINUOUS
10
5.5727794094488186
20
-4.1860400787401577
11
5.5750393700787404
21
-4.185590551181102
0
LINE
8
BLACK
6
CONTINUOUS
10
5.5750393700787404
20
-4.185590551181102
11
5.6153937007874015
21
-4.185590551181102
0
LINE
8
BLACK
6
CONTINUOUS
10
5.6153937007874015
20
-4.185590551181102
11
5.6176536614173225
21
-4.1860400787401577
0
LINE
8
BLACK
6
CONTINUOUS
10
5.6022205905511813
20
-3.6862369291338584
11
5.6041364566929133
21
-3.6875170866141733
0
LINE
8
BLACK
6
CONTINUOUS
10
5.6041364566929133
20
-3.6875170866141733
11
5.6054166141732278
21
-3.6894329527559053
0
LINE
8
BLACK
6
CONTINUOUS
10
5.6054166141732278
20
-3.6894329527559053
11
5.6058661417322835
21
-3.6916929133858267
0
LINE
8
BLACK
6
CONTINUOUS
10
5.6058661417322835
20
-3.6916929133858267
11
5.6058661417322835
21
-3.6917000393700787
0
LINE
8
BLACK
6
CONTINUOUS
10
5.6058661417322835
20
-3.6917000393700787
11
5.6077007874015745
21
-3.6916929133858267
0
LINE
8
BLACK
6
CONTINUOUS
10
5.6077007874015745
20
-3.6916929133858267
11
5.6083174015748032
21
-3.6917536220472442
0
LINE
8
BLACK
6
CONTINUOUS
10
5.6083174015748032
20
-3.6917536220472442
11
5.6307952755905513
21
-3.6917137007874015
0
LINE
8
BLACK
6
CONTINUOUS
10
5.6307952755905513
20
-3.6917137007874015
11
5.6307952755905513
21
-3.6915905511811022
0
LINE
8
BLACK
6
CONTINUOUS
10
5.6307952755905513
20
-3.6915905511811022
11
5.6312148425196851
21
-3.6894812598425197
0
LINE
8
BLACK
6
CONTINUOUS
10
5.6312148425196851
20
-3.6894812598425197
11
5.6324096456692914
21
-3.6876931102362205
0
LINE
8
BLACK
6
CONTINUOUS
10
5.6324096456692914
20
-3.6876931102362205
11
5.6341977952755906
21
-3.6864983070866142
0
LINE
8
BLACK
6
CONTINUOUS
10
5.6341977952755906
20
-3.6864983070866142
11
5.6363070866141731
21
-3.6860787401574804
0
LINE
8
BLACK
6
CONTINUOUS
10
5.6363070866141731
20
-3.6860787401574804
11
5.6496929133858265
21
-3.6860787401574804
0
LINE
8
BLACK
6
CONTINUOUS
10
5.6496929133858265
20
-3.6860787401574804
11
5.651802204724409
21
-3.6864983070866142
0
LINE
8
BLACK
6
CONTINUOUS
10
5.651802204724409
20
-3.6864983070866142
11
5.6535903543307082
21
-3.6876931102362205
0
LINE
8
BLACK
6
CONTINUOUS
10
5.6535903543307082
20
-3.6876931102362205
11
5.6547851574803145
21
-3.6894812598425197
0
LINE
8
BLACK
6
CONTINUOUS
10
5.6547851574803145
20
-3.6894812598425197
11
5.6552047244094483
21
-3.6915905511811022
0
LINE
8
BLACK
6
CONTINUOUS
10
5.6552047244094483
20
-3.6915905511811022
11
5.6552047244094483
21
-3.694000157480315
0
LINE
8
BLACK
6
CONTINUOUS
10
5.6552047244094483
20
-3.694000157480315
11
5.6752781889763781
21
-3.7139265354330706
0
LINE
8
BLACK
6
CONTINUOUS
10
5.6752781889763781
20
-3.7139265354330706
11
5.6760126377952753
21
-3.7148214566929134
0
LINE
8
BLACK
6
CONTINUOUS
10
5.6760126377952753
20
-3.7148214566929134
11
5.6762985039370077
21
-3.7155116141732281
0
LINE
8
BLACK
6
CONTINUOUS
10
5.6762985039370077
20
-3.7155116141732281
11
5.6768944094488187
21
-3.7169502362204723
0
LINE
8
BLACK
6
CONTINUOUS
10
5.6768944094488187
20
-3.7169502362204723
11
5.6770078740157475
21
-3.7628443307086612
0
LINE
8
BLACK
6
CONTINUOUS
10
5.6770078740157475
20
-3.7628443307086612
11
5.6769153543307089
21
-3.7637833858267715
0
LINE
8
BLACK
6
CONTINUOUS
10
5.6769153543307089
20
-3.7637833858267715
11
5.6770078740157475
21
-3.7730000000000001
0
LINE
8
BLACK
6
CONTINUOUS
10
5.6770078740157475
20
-3.7730000000000001
11
5.6769193307086612
21
-3.7738987795275589
0
LINE
8
BLACK
6
CONTINUOUS
10
5.6769193307086612
20
-3.7738987795275589
11
5.6770031496062989
21
-3.8148938582677165
0
LINE
8
BLACK
6
CONTINUOUS
10
5.6770031496062989
20
-3.8148938582677165
11
5.6933107874015745
21
-3.8310744094488189
0
LINE
8
BLACK
6
CONTINUOUS
10
5.6933107874015745
20
-3.8310744094488189
11
5.7030000000000003
21
-3.8309921259842521
0
LINE
8
BLACK
6
CONTINUOUS
10
5.7030000000000003
20
-3.8309921259842521
11
5.704152125984252
21
-3.8311055905511808
0
LINE
8
BLACK
6
CONTINUOUS
10
5.704152125984252
20
-3.8311055905511808
11
5.7049746456692914
21
-3.8314462992125984
0
LINE
8
BLACK
6
CONTINUOUS
10
5.7049746456692914
20
-3.8314462992125984
11
5.7062809055118109
21
-3.8319873622047242
0
LINE
8
BLACK
6
CONTINUOUS
10
5.7062809055118109
20
-3.8319873622047242
11
5.7395517716535434
21
-3.8651052755905511
0
LINE
8
BLACK
6
CONTINUOUS
10
5.7395517716535434
20
-3.8651052755905511
11
5.7466929133858269
21
-3.8650894881889761
0
LINE
8
BLACK
6
CONTINUOUS
10
5.7466929133858269
20
-3.8650894881889761
11
5.7466929133858269
21
-3.8649999999999998
0
LINE
8
BLACK
6
CONTINUOUS
10
5.7466929133858269
20
-3.8649999999999998
11
5.7471424409448817
21
-3.8627400393700788
0
LINE
8
BLACK
6
CONTINUOUS
10
5.7471424409448817
20
-3.8627400393700788
11
5.7484225984251971
21
-3.8608241732283464
0
LINE
8
BLACK
6
CONTINUOUS
10
5.7484225984251971
20
-3.8608241732283464
11
5.7503384645669291
21
-3.8595440157480314
0
LINE
8
BLACK
6
CONTINUOUS
10
5.7503384645669291
20
-3.8595440157480314
11
5.7525984251968501
21
-3.8590944881889762
0
LINE
8
BLACK
6
CONTINUOUS
10
5.7525984251968501
20
-3.8590944881889762
11
5.7774935039370074
21
-3.8590944881889762
0
LINE
8
BLACK
6
CONTINUOUS
10
5.7774935039370074
20
-3.8590944881889762
11
5.7773228346456689
21
-3.7322834645669292
0
LINE
8
BLACK
6
CONTINUOUS
10
5.7773228346456689
20
-3.7322834645669292
11
5.7775119685039371
21
-3.7303632677165353
0
LINE
8
BLACK
6
CONTINUOUS
10
5.7775119685039371
20
-3.7303632677165353
11
5.7789816141732286
21
-3.7268152362204723
0
LINE
8
BLACK
6
CONTINUOUS
10
5.7789816141732286
20
-3.7268152362204723
11
5.7789850393700783
21
-3.7268117716535434
0
LINE
8
BLACK
6
CONTINUOUS
10
5.7789850393700783
20
-3.7268117716535434
11
5.788779527559055
21
-3.7169058267716535
0
LINE
8
BLACK
6
CONTINUOUS
10
5.788779527559055
20
-3.7169058267716535
11
5.788779527559055
21
-3.7006496062992125
0
LINE
8
BLACK
6
CONTINUOUS
10
5.788779527559055
20
-3.7006496062992125
11
5.7894912992125986
21
-3.697071377952756
0
LINE
8
BLACK
6
CONTINUOUS
10
5.7894912992125986
20
-3.697071377952756
11
5.7915181889763776
21
-3.694037874015748
0
LINE
8
BLACK
6
CONTINUOUS
10
5.7915181889763776
20
-3.694037874015748
11
5.7945516929133856
21
-3.6920109842519686
0
LINE
8
BLACK
6
CONTINUOUS
10
5.7945516929133856
20
-3.6920109842519686
11
5.7981299212598421
21
-3.691299212598425
0
LINE
8
BLACK
6
CONTINUOUS
10
5.7981299212598421
20
-3.691299212598425
11
5.8207677165354328
21
-3.691299212598425
0
LINE
8
BLACK
6
CONTINUOUS
10
5.8207677165354328
20
-3.691299212598425
11
5.8243459448818893
21
-3.6920109842519686
0
LINE
8
BLACK
6
CONTINUOUS
10
5.8243459448818893
20
-3.6920109842519686
11
5.8273794488188972
21
-3.694037874015748
0
LINE
8
BLACK
6
CONTINUOUS
10
5.8273794488188972
20
-3.694037874015748
11
5.8294063385826771
21
-3.697071377952756
0
LINE
8
BLACK
6
CONTINUOUS
10
5.8294063385826771
20
-3.697071377952756
11
5.8300441338582676
21
-3.7002777952755905
0
LINE
8
BLACK
6
CONTINUOUS
10
5.8300441338582676
20
-3.7002777952755905
11
5.8580145275590549
21
-3.7001923622047244
0
LINE
8
BLACK
6
CONTINUOUS
10
5.8580145275590549
20
-3.7001923622047244
11
5.8580794488188976
21
-3.6998660236220471
0
LINE
8
BLACK
6
CONTINUOUS
10
5.8580794488188976
20
-3.6998660236220471
11
5.8593596062992122
21
-3.6979501574803151
0
LINE
8
BLACK
6
CONTINUOUS
10
5.8593596062992122
20
-3.6979501574803151
11
5.861275472440945
21
-3.6966700000000001
0
LINE
8
BLACK
6
CONTINUOUS
10
5.861275472440945
20
-3.6966700000000001
11
5.863535433070866
21
-3.6962204724409449
0
LINE
8
BLACK
6
CONTINUOUS
10
5.863535433070866
20
-3.6962204724409449
11
5.8753464566929132
21
-3.6962204724409449
0
LINE
8
BLACK
6
CONTINUOUS
10
5.8753464566929132
20
-3.6962204724409449
11
5.8776064173228342
21
-3.6966700000000001
0
LINE
8
BLACK
6
CONTINUOUS
10
5.8776064173228342
20
-3.6966700000000001
11
5.8795222834645671
21
-3.6979501574803151
0
LINE
8
BLACK
6
CONTINUOUS
10
5.8795222834645671
20
-3.6979501574803151
11
5.8808024409448816
21
-3.6998660236220471
0
LINE
8
BLACK
6
CONTINUOUS
10
5.8808024409448816
20
-3.6998660236220471
11
5.8812519685039373
21
-3.7021259842519685
0
LINE
8
BLACK
6
CONTINUOUS
10
5.8812519685039373
20
-3.7021259842519685
11
5.8812519685039373
21
-3.7178740157480314
0
LINE
8
BLACK
6
CONTINUOUS
10
5.8812519685039373
20
-3.7178740157480314
11
5.8808024409448816
21
-3.7201339763779528
0
LINE
8
BLACK
6
CONTINUOUS
10
5.8808024409448816
20
-3.7201339763779528
11
5.8795222834645671
21
-3.7220498425196848
0
LINE
8
BLACK
6
CONTINUOUS
10
5.8795222834645671
20
-3.7220498425196848
11
5.8776064173228342
21
-3.7233299999999998
0
LINE
8
BLACK
6
CONTINUOUS
10
5.8776064173228342
20
-3.7233299999999998
11
5.8753464566929132
21
-3.7237795275590551
0
LINE
8
BLACK
6
CONTINUOUS
10
5.8753464566929132
20
-3.7237795275590551
11
5.863535433070866
21
-3.7237795275590551
0
LINE
8
BLACK
6
CONTINUOUS
10
5.863535433070866
20
-3.7237795275590551
11
5.861275472440945
21
-3.7233299999999998
0
LINE
8
BLACK
6
CONTINUOUS
10
5.861275472440945
20
-3.7233299999999998
11
5.8593596062992122
21
-3.7220498425196848
0
LINE
8
BLACK
6
CONTINUOUS
10
5.8593596062992122
20
-3.7220498425196848
11
5.8580794488188976
21
-3.7201339763779528
0
LINE
8
BLACK
6
CONTINUOUS
10
5.8580794488188976
20
-3.7201339763779528
11
5.8579919685039368
21
-3.7196942125984251
0
LINE
8
BLACK
6
CONTINUOUS
10
5.8579919685039368
20
-3.7196942125984251
11
5.8300327165354329
21
-3.7197796062992126
0
LINE
8
BLACK
6
CONTINUOUS
10
5.8300327165354329
20
-3.7197796062992126
11
5.8294063385826771
21
-3.722928622047244
0
LINE
8
BLACK
6
CONTINUOUS
10
5.8294063385826771
20
-3.722928622047244
11
5.8273794488188972
21
-3.7259621259842519
0
LINE
8
BLACK
6
CONTINUOUS
10
5.8273794488188972
20
-3.7259621259842519
11
5.8243459448818893
21
-3.7279890157480313
0
LINE
8
BLACK
6
CONTINUOUS
10
5.8243459448818893
20
-3.7279890157480313
11
5.8207677165354328
21
-3.7287007874015745
0
LINE
8
BLACK
6
CONTINUOUS
10
5.8207677165354328
20
-3.7287007874015745
11
5.804548858267716
21
-3.7287007874015745
0
LINE
8
BLACK
6
CONTINUOUS
10
5.804548858267716
20
-3.7287007874015745
11
5.7968270078740156
21
-3.7365104724409446
0
LINE
8
BLACK
6
CONTINUOUS
10
5.7968270078740156
20
-3.7365104724409446
11
5.7969919685039368
21
-3.8590944881889762
0
LINE
8
BLACK
6
CONTINUOUS
10
5.7969919685039368
20
-3.8590944881889762
11
5.8077165354330704
21
-3.8590944881889762
0
LINE
8
BLACK
6
CONTINUOUS
10
5.8077165354330704
20
-3.8590944881889762
11
5.8099764960629923
21
-3.8595440157480314
0
LINE
8
BLACK
6
CONTINUOUS
10
5.8099764960629923
20
-3.8595440157480314
11
5.8118923622047243
21
-3.8608241732283464
0
LINE
8
BLACK
6
CONTINUOUS
10
5.8118923622047243
20
-3.8608241732283464
11
5.8131725196850397
21
-3.8627400393700788
0
LINE
8
BLACK
6
CONTINUOUS
10
5.8131725196850397
20
-3.8627400393700788
11
5.8136220472440945
21
-3.8649999999999998
0
LINE
8
BLACK
6
CONTINUOUS
10
5.8136220472440945
20
-3.8649999999999998
11
5.8136220472440945
21
-3.8650583858267717
0
LINE
8
BLACK
6
CONTINUOUS
10
5.8136220472440945
20
-3.8650583858267717
11
5.8429055118110238
21
-3.8649999999999998
0
LINE
8
BLACK
6
CONTINUOUS
10
5.8429055118110238
20
-3.8649999999999998
11
5.8440576377952755
21
-3.8651134645669289
0
LINE
8
BLACK
6
CONTINUOUS
10
5.8440576377952755
20
-3.8651134645669289
11
5.844939409448819
21
-3.8654787007874014
0
LINE
8
BLACK
6
CONTINUOUS
10
5.844939409448819
20
-3.8654787007874014
11
5.8461864173228344
21
-3.8659952362204724
0
LINE
8
BLACK
6
CONTINUOUS
10
5.8461864173228344
20
-3.8659952362204724
11
5.8861758267716535
21
-3.9058241732283463
0
LINE
8
BLACK
6
CONTINUOUS
10
5.8861758267716535
20
-3.9058241732283463
11
5.8869102755905507
21
-3.9067190944881891
0
LINE
8
BLACK
6
CONTINUOUS
10
5.8869102755905507
20
-3.9067190944881891
11
5.8872452755905513
21
-3.9075278740157477
0
LINE
8
BLACK
6
CONTINUOUS
10
5.8872452755905513
20
-3.9075278740157477
11
5.8877920472440941
21
-3.908847874015748
0
LINE
8
BLACK
6
CONTINUOUS
10
5.8877920472440941
20
-3.908847874015748
11
5.8879055118110237
21
-4.0090000000000003
0
LINE
8
BLACK
6
CONTINUOUS
10
5.8879055118110237
20
-4.0090000000000003
11
5.8877920472440941
21
-4.0101521259842521
0
LINE
8
BLACK
6
CONTINUOUS
10
5.8877920472440941
20
-4.0101521259842521
11
5.8876105118110234
21
-4.0105903543307084
0
LINE
8
BLACK
6
CONTINUOUS
10
5.8876105118110234
20
-4.0105903543307084
11
5.8869102755905507
21
-4.0122809055118109
0
LINE
8
BLACK
6
CONTINUOUS
10
5.8869102755905507
20
-4.0122809055118109
11
5.8451758267716531
21
-4.0541758267716537
0
LINE
8
BLACK
6
CONTINUOUS
10
5.8451758267716531
20
-4.0541758267716537
11
5.8443743700787403
21
-4.0548335433070868
0
LINE
8
BLACK
6
CONTINUOUS
10
5.8443743700787403
20
-4.0548335433070868
11
5.8327971259842517
21
-4.0665368503937005
0
LINE
8
BLACK
6
CONTINUOUS
10
5.8327971259842517
20
-4.0665368503937005
11
5.8329055118110231
21
-4.1449999999999996
0
LINE
8
BLACK
6
CONTINUOUS
10
5.8329055118110231
20
-4.1449999999999996
11
5.8327920472440944
21
-4.1461521259842522
0
LINE
8
BLACK
6
CONTINUOUS
10
5.8327920472440944
20
-4.1461521259842522
11
5.8325964960629921
21
-4.1466242519685039
0
LINE
8
BLACK
6
CONTINUOUS
10
5.8325964960629921
20
-4.1466242519685039
11
5.831910275590551
21
-4.1482809448818898
0
LINE
8
BLACK
6
CONTINUOUS
10
5.831910275590551
20
-4.1482809448818898
11
5.8170734645669286
21
-4.1632781889763777
0
LINE
8
BLACK
6
CONTINUOUS
10
5.8170734645669286
20
-4.1632781889763777
11
5.8161785433070863
21
-4.1640126377952758
0
LINE
8
BLACK
6
CONTINUOUS
10
5.8161785433070863
20
-4.1640126377952758
11
5.8152453543307088
21
-4.1643991732283467
0
LINE
8
BLACK
6
CONTINUOUS
10
5.8152453543307088
20
-4.1643991732283467
11
5.8140497637795274
21
-4.1648944094488192
0
LINE
8
BLACK
6
CONTINUOUS
10
5.8140497637795274
20
-4.1648944094488192
11
5.8071407874015746
21
-4.1649355511811024
0
LINE
8
BLACK
6
CONTINUOUS
10
5.8071407874015746
20
-4.1649355511811024
11
5.8067851574803147
21
-4.1667234645669291
0
LINE
8
BLACK
6
CONTINUOUS
10
5.8067851574803147
20
-4.1667234645669291
11
5.8055903543307084
21
-4.1685116141732284
0
LINE
8
BLACK
6
CONTINUOUS
10
5.8055903543307084
20
-4.1685116141732284
11
5.8038022047244091
21
-4.1697064173228346
0
LINE
8
BLACK
6
CONTINUOUS
10
5.8038022047244091
20
-4.1697064173228346
11
5.8016929133858266
21
-4.1701259842519685
0
LINE
8
BLACK
6
CONTINUOUS
10
5.8016929133858266
20
-4.1701259842519685
11
5.7892084251968505
21
-4.1701259842519685
0
LINE
8
BLACK
6
CONTINUOUS
10
5.7892084251968505
20
-4.1701259842519685
11
5.7632047244094489
21
-4.1962289370078736
0
LINE
8
BLACK
6
CONTINUOUS
10
5.7632047244094489
20
-4.1962289370078736
11
5.7632047244094489
21
-4.2024094488188979
0
LINE
8
BLACK
6
CONTINUOUS
10
5.7632047244094489
20
-4.2024094488188979
11
5.7627851574803151
21
-4.2045187401574804
0
LINE
8
BLACK
6
CONTINUOUS
10
5.7627851574803151
20
-4.2045187401574804
11
5.7615903543307088
21
-4.2063068897637796
0
LINE
8
BLACK
6
CONTINUOUS
10
5.7615903543307088
20
-4.2063068897637796
11
5.7598022047244095
21
-4.2075016929133859
0
LINE
8
BLACK
6
CONTINUOUS
10
5.7598022047244095
20
-4.2075016929133859
11
5.757692913385827
21
-4.2079212598425197
0
LINE
8
BLACK
6
CONTINUOUS
10
5.757692913385827
20
-4.2079212598425197
11
5.7443070866141728
21
-4.2079212598425197
0
LINE
8
BLACK
6
CONTINUOUS
10
5.7443070866141728
20
-4.2079212598425197
11
5.7421977952755903
21
-4.2075016929133859
0
LINE
8
BLACK
6
CONTINUOUS
10
5.7421977952755903
20
-4.2075016929133859
11
5.740409645669291
21
-4.2063068897637796
0
LINE
8
BLACK
6
CONTINUOUS
10
5.740409645669291
20
-4.2063068897637796
11
5.7392148425196847
21
-4.2045187401574804
0
LINE
8
BLACK
6
CONTINUOUS
10
5.7392148425196847
20
-4.2045187401574804
11
5.7389563779527561
21
-4.2032193307086612
0
LINE
8
BLACK
6
CONTINUOUS
10
5.7389563779527561
20
-4.2032193307086612
11
5.710866141732283
21
-4.203264842519685
0
LINE
8
BLACK
6
CONTINUOUS
10
5.710866141732283
20
-4.203264842519685
11
5.710866141732283
21
-4.2033070866141733
0
LINE
8
BLACK
6
CONTINUOUS
10
5.710866141732283
20
-4.2033070866141733
11
5.7104166141732282
21
-4.2055670472440942
0
LINE
8
BLACK
6
CONTINUOUS
10
5.7104166141732282
20
-4.2055670472440942
11
5.7091364566929137
21
-4.2074829133858263
0
LINE
8
BLACK
6
CONTINUOUS
10
5.7091364566929137
20
-4.2074829133858263
11
5.7072205905511808
21
-4.2087630708661417
0
LINE
8
BLACK
6
CONTINUOUS
10
5.7072205905511808
20
-4.2087630708661417
11
5.7049606299212599
21
-4.2092125984251965
0
LINE
8
BLACK
6
CONTINUOUS
10
5.7049606299212599
20
-4.2092125984251965
11
5.6646062992125987
21
-4.2092125984251965
0
LINE
8
BLACK
6
CONTINUOUS
10
5.6646062992125987
20
-4.2092125984251965
11
5.6623463385826769
21
-4.2087630708661417
0
LINE
8
BLACK
6
CONTINUOUS
10
5.6623463385826769
20
-4.2087630708661417
11
5.6604304724409449
21
-4.2074829133858263
0
LINE
8
BLACK
6
CONTINUOUS
10
5.6604304724409449
20
-4.2074829133858263
11
5.6591503149606295
21
-4.2055670472440942
0
LINE
8
BLACK
6
CONTINUOUS
10
5.6591503149606295
20
-4.2055670472440942
11
5.6587007874015747
21
-4.2033070866141733
0
LINE
8
BLACK
6
CONTINUOUS
10
5.6587007874015747
20
-4.2033070866141733
11
5.6587007874015747
21
-4.1914960629921261
0
LINE
8
BLACK
6
CONTINUOUS
10
5.6587007874015747
20
-4.1914960629921261
11
5.6591503149606295
21
-4.1892361023622042
0
LINE
8
BLACK
6
CONTINUOUS
10
5.6591503149606295
20
-4.1892361023622042
11
5.6604304724409449
21
-4.1873202362204722
0
LINE
8
BLACK
6
CONTINUOUS
10
5.6604304724409449
20
-4.1873202362204722
11
5.6623463385826769
21
-4.1860400787401577
0
LINE
8
BLACK
6
CONTINUOUS
10
5.6623463385826769
20
-4.1860400787401577
11
5.6646062992125987
21
-4.185590551181102
0
LINE
8
BLACK
6
CONTINUOUS
10
5.6646062992125987
20
-4.185590551181102
11
5.7049606299212599
21
-4.185590551181102
0
LINE
8
BLACK
6
CONTINUOUS
10
5.7049606299212599
20
-4.185590551181102
11
5.7072205905511808
21
-4.1860400787401577
0
LINE
8
BLACK
6
CONTINUOUS
10
5.7072205905511808
20
-4.1860400787401577
11
5.7091364566929137
21
-4.1873202362204722
0
LINE
8
BLACK
6
CONTINUOUS
10
5.7091364566929137
20
-4.1873202362204722
11
5.7104166141732282
21
-4.1892361023622042
0
LINE
8
BLACK
6
CONTINUOUS
10
5.7104166141732282
20
-4.1892361023622042
11
5.710866141732283
21
-4.1914960629921261
0
LINE
8
BLACK
6
CONTINUOUS
10
5.710866141732283
20
-4.1914960629921261
11
5.710866141732283
21
-4.1915653937007873
0
LINE
8
BLACK
6
CONTINUOUS
10
5.710866141732283
20
-4.1915653937007873
11
5.7387952755905509
21
-4.1915201968503935
0
LINE
8
BLACK
6
CONTINUOUS
10
5.7387952755905509
20
-4.1915201968503935
11
5.7387952755905509
21
-4.1913858267716533
0
LINE
8
BLACK
6
CONTINUOUS
10
5.7387952755905509
20
-4.1913858267716533
11
5.7392148425196847
21
-4.1892765354330708
0
LINE
8
BLACK
6
CONTINUOUS
10
5.7392148425196847
20
-4.1892765354330708
11
5.740409645669291
21
-4.1874883858267715
0
LINE
8
BLACK
6
CONTINUOUS
10
5.740409645669291
20
-4.1874883858267715
11
5.7421977952755903
21
-4.1862935826771652
0
LINE
8
BLACK
6
CONTINUOUS
10
5.7421977952755903
20
-4.1862935826771652
11
5.7443070866141728
21
-4.1858740157480314
0
LINE
8
BLACK
6
CONTINUOUS
10
5.7443070866141728
20
-4.1858740157480314
11
5.7570057874015745
21
-4.1858740157480314
0
LINE
8
BLACK
6
CONTINUOUS
10
5.7570057874015745
20
-4.1858740157480314
11
5.7827952755905514
21
-4.1599860629921261
0
LINE
8
BLACK
6
CONTINUOUS
10
5.7827952755905514
20
-4.1599860629921261
11
5.7827952755905514
21
-4.153590551181102
0
LINE
8
BLACK
6
CONTINUOUS
10
5.7827952755905514
20
-4.153590551181102
11
5.7827974015748032
21
-4.1535797244094486
0
LINE
8
BLACK
6
CONTINUOUS
10
5.7827974015748032
20
-4.1535797244094486
11
5.7575003937007869
21
-4.1283959448818894
0
LINE
8
BLACK
6
CONTINUOUS
10
5.7575003937007869
20
-4.1283959448818894
11
5.710866141732283
21
-4.128465196850394
0
LINE
8
BLACK
6
CONTINUOUS
10
5.710866141732283
20
-4.128465196850394
11
5.710866141732283
21
-4.1285039370078742
0
LINE
8
BLACK
6
CONTINUOUS
10
5.710866141732283
20
-4.1285039370078742
11
5.7104166141732282
21
-4.1307638976377952
0
LINE
8
BLACK
6
CONTINUOUS
10
5.7104166141732282
20
-4.1307638976377952
11
5.7091364566929137
21
-4.1326797637795272
0
LINE
8
BLACK
6
CONTINUOUS
10
5.7091364566929137
20
-4.1326797637795272
11
5.7072205905511808
21
-4.1339599212598426
0
LINE
8
BLACK
6
CONTINUOUS
10
5.7072205905511808
20
-4.1339599212598426
11
5.7049606299212599
21
-4.1344094488188974
0
LINE
8
BLACK
6
CONTINUOUS
10
5.7049606299212599
20
-4.1344094488188974
11
5.6646062992125987
21
-4.1344094488188974
0
LINE
8
BLACK
6
CONTINUOUS
10
5.6646062992125987
20
-4.1344094488188974
11
5.6623463385826769
21
-4.1339599212598426
0
LINE
8
BLACK
6
CONTINUOUS
10
5.6623463385826769
20
-4.1339599212598426
11
5.6604304724409449
21
-4.1326797637795272
0
LINE
8
BLACK
6
CONTINUOUS
10
5.6604304724409449
20
-4.1326797637795272
11
5.6591503149606295
21
-4.1307638976377952
0
LINE
8
BLACK
6
CONTINUOUS
10
5.6591503149606295
20
-4.1307638976377952
11
5.6587007874015747
21
-4.1285039370078742
0
LINE
8
BLACK
6
CONTINUOUS
10
5.6587007874015747
20
-4.1285039370078742
11
5.6587007874015747
21
-4.116692913385827
0
LINE
8
BLACK
6
CONTINUOUS
10
5.6587007874015747
20
-4.116692913385827
11
5.6591503149606295
21
-4.1144329527559051
0
LINE
8
BLACK
6
CONTINUOUS
10
5.6591503149606295
20
-4.1144329527559051
11
5.6604304724409449
21
-4.1125170866141731
0
LINE
8
BLACK
6
CONTINUOUS
10
5.6604304724409449
20
-4.1125170866141731
11
5.6623463385826769
21
-4.1112369291338577
0
LINE
8
BLACK
6
CONTINUOUS
10
5.6623463385826769
20
-4.1112369291338577
11
5.6646062992125987
21
-4.1107874015748029
0
LINE
8
BLACK
6
CONTINUOUS
10
5.6646062992125987
20
-4.1107874015748029
11
5.7049606299212599
21
-4.1107874015748029
0
LINE
8
BLACK
6
CONTINUOUS
10
5.7049606299212599
20
-4.1107874015748029
11
5.7072205905511808
21
-4.1112369291338577
0
LINE
8
BLACK
6
CONTINUOUS
10
5.7072205905511808
20
-4.1112369291338577
11
5.7091364566929137
21
-4.1125170866141731
0
LINE
8
BLACK
6
CONTINUOUS
10
5.7091364566929137
20
-4.1125170866141731
11
5.7104166141732282
21
-4.1144329527559051
0
LINE
8
BLACK
6
CONTINUOUS
10
5.7104166141732282
20
-4.1144329527559051
11
5.710866141732283
21
-4.116692913385827
0
LINE
8
BLACK
6
CONTINUOUS
10
5.710866141732283
20
-4.116692913385827
11
5.710866141732283
21
-4.1167659055118113
0
LINE
8
BLACK
6
CONTINUOUS
10
5.710866141732283
20
-4.1167659055118113
11
5.7600472440944879
21
-4.116692913385827
0
LINE
8
BLACK
6
CONTINUOUS
10
5.7600472440944879
20
-4.116692913385827
11
5.7611993700787396
21
-4.1168063779527557
0
LINE
8
BLACK
6
CONTINUOUS
10
5.7611993700787396
20
-4.1168063779527557
11
5.7617408267716534
21
-4.1170306692913385
0
LINE
8
BLACK
6
CONTINUOUS
10
5.7617408267716534
20
-4.1170306692913385
11
5.7633281496062994
21
-4.1176881496062991
0
LINE
8
BLACK
6
CONTINUOUS
10
5.7633281496062994
20
-4.1176881496062991
11
5.7938553937007873
21
-4.1480787401574801
0
LINE
8
BLACK
6
CONTINUOUS
10
5.7938553937007873
20
-4.1480787401574801
11
5.8016929133858266
21
-4.1480787401574801
0
LINE
8
BLACK
6
CONTINUOUS
10
5.8016929133858266
20
-4.1480787401574801
11
5.8038022047244091
21
-4.1484983070866139
0
LINE
8
BLACK
6
CONTINUOUS
10
5.8038022047244091
20
-4.1484983070866139
11
5.8055903543307084
21
-4.1496931102362202
0
LINE
8
BLACK
6
CONTINUOUS
10
5.8055903543307084
20
-4.1496931102362202
11
5.8067851574803147
21
-4.1514812598425195
0
LINE
8
BLACK
6
CONTINUOUS
10
5.8067851574803147
20
-4.1514812598425195
11
5.8071332283464567
21
-4.1532311811023623
0
LINE
8
BLACK
6
CONTINUOUS
10
5.8071332283464567
20
-4.1532311811023623
11
5.8105701574803152
21
-4.1532107086614172
0
LINE
8
BLACK
6
CONTINUOUS
10
5.8105701574803152
20
-4.1532107086614172
11
5.8212028346456695
21
-4.1424629921259841
0
LINE
8
BLACK
6
CONTINUOUS
10
5.8212028346456695
20
-4.1424629921259841
11
5.8210944881889759
21
-4.0640000000000001
0
LINE
8
BLACK
6
CONTINUOUS
10
5.8210944881889759
20
-4.0640000000000001
11
5.8212079527559055
21
-4.0628478740157483
0
LINE
8
BLACK
6
CONTINUOUS
10
5.8212079527559055
20
-4.0628478740157483
11
5.8218517716535434
21
-4.0612935826771652
0
LINE
8
BLACK
6
CONTINUOUS
10
5.8218517716535434
20
-4.0612935826771652
11
5.8220897244094489
21
-4.0607190944881886
0
LINE
8
BLACK
6
CONTINUOUS
10
5.8220897244094489
20
-4.0607190944881886
11
5.8368241732283463
21
-4.045824173228346
0
LINE
8
BLACK
6
CONTINUOUS
10
5.8368241732283463
20
-4.045824173228346
11
5.8376850393700783
21
-4.0451175984251968
0
LINE
8
BLACK
6
CONTINUOUS
10
5.8376850393700783
20
-4.0451175984251968
11
5.8762037401574805
21
-4.0064507874015751
0
LINE
8
BLACK
6
CONTINUOUS
10
5.8762037401574805
20
-4.0064507874015751
11
5.8760970866141733
21
-3.9122987795275588
0
LINE
8
BLACK
6
CONTINUOUS
10
5.8760970866141733
20
-3.9122987795275588
11
5.8403598031496058
21
-3.8767049212598423
0
LINE
8
BLACK
6
CONTINUOUS
10
5.8403598031496058
20
-3.8767049212598423
11
5.8136220472440945
21
-3.8767582283464566
0
LINE
8
BLACK
6
CONTINUOUS
10
5.8136220472440945
20
-3.8767582283464566
11
5.8136220472440945
21
-3.876811023622047
0
LINE
8
BLACK
6
CONTINUOUS
10
5.8136220472440945
20
-3.876811023622047
11
5.8131725196850397
21
-3.8790709842519684
0
LINE
8
BLACK
6
CONTINUOUS
10
5.8131725196850397
20
-3.8790709842519684
11
5.8118923622047243
21
-3.8809868503937008
0
LINE
8
BLACK
6
CONTINUOUS
10
5.8118923622047243
20
-3.8809868503937008
11
5.8099764960629923
21
-3.8822670078740158
0
LINE
8
BLACK
6
CONTINUOUS
10
5.8099764960629923
20
-3.8822670078740158
11
5.8077165354330704
21
-3.8827165354330706
0
LINE
8
BLACK
6
CONTINUOUS
10
5.8077165354330704
20
-3.8827165354330706
11
5.7525984251968501
21
-3.8827165354330706
0
LINE
8
BLACK
6
CONTINUOUS
10
5.7525984251968501
20
-3.8827165354330706
11
5.7503384645669291
21
-3.8822670078740158
0
LINE
8
BLACK
6
CONTINUOUS
10
5.7503384645669291
20
-3.8822670078740158
11
5.7484225984251971
21
-3.8809868503937008
0
LINE
8
BLACK
6
CONTINUOUS
10
5.7484225984251971
20
-3.8809868503937008
11
5.7471424409448817
21
-3.8790709842519684
0
LINE
8
BLACK
6
CONTINUOUS
10
5.7471424409448817
20
-3.8790709842519684
11
5.7466929133858269
21
-3.876811023622047
0
LINE
8
BLACK
6
CONTINUOUS
10
5.7466929133858269
20
-3.876811023622047
11
5.7466929133858269
21
-3.8767896062992127
0
LINE
8
BLACK
6
CONTINUOUS
10
5.7466929133858269
20
-3.8767896062992127
11
5.737007874015748
21
-3.876811023622047
0
LINE
8
BLACK
6
CONTINUOUS
10
5.737007874015748
20
-3.876811023622047
11
5.7358557480314962
21
-3.8766975590551178
0
LINE
8
BLACK
6
CONTINUOUS
10
5.7358557480314962
20
-3.8766975590551178
11
5.7347377165354327
21
-3.8762344488188973
0
LINE
8
BLACK
6
CONTINUOUS
10
5.7347377165354327
20
-3.8762344488188973
11
5.7337269685039365
21
-3.8758157874015748
0
LINE
8
BLACK
6
CONTINUOUS
10
5.7337269685039365
20
-3.8758157874015748
11
5.700479173228346
21
-3.842720866141732
0
LINE
8
BLACK
6
CONTINUOUS
10
5.700479173228346
20
-3.842720866141732
11
5.6907953149606296
21
-3.8428031496062993
0
LINE
8
BLACK
6
CONTINUOUS
10
5.6907953149606296
20
-3.8428031496062993
11
5.6896431889763779
21
-3.8426896850393701
0
LINE
8
BLACK
6
CONTINUOUS
10
5.6896431889763779
20
-3.8426896850393701
11
5.6884998818897641
21
-3.8422161023622046
0
LINE
8
BLACK
6
CONTINUOUS
10
5.6884998818897641
20
-3.8422161023622046
11
5.687514409448819
21
-3.8418079133858267
0
LINE
8
BLACK
6
CONTINUOUS
10
5.687514409448819
20
-3.8418079133858267
11
5.6669265354330705
21
-3.8213805118110233
0
LINE
8
BLACK
6
CONTINUOUS
10
5.6669265354330705
20
-3.8213805118110233
11
5.6661920866141733
21
-3.820485590551181
0
LINE
8
BLACK
6
CONTINUOUS
10
5.6661920866141733
20
-3.820485590551181
11
5.6653779133858269
21
-3.8185199606299212
0
LINE
8
BLACK
6
CONTINUOUS
10
5.6653779133858269
20
-3.8185199606299212
11
5.6653103149606299
21
-3.8183568110236221
0
LINE
8
BLACK
6
CONTINUOUS
10
5.6653103149606299
20
-3.8183568110236221
11
5.6652294488188977
21
-3.778800708661417
0
LINE
8
BLACK
6
CONTINUOUS
10
5.6652294488188977
20
-3.778800708661417
11
5.6057533070866139
21
-3.7788741732283464
0
LINE
8
BLACK
6
CONTINUOUS
10
5.6057533070866139
20
-3.7788741732283464
11
5.6054166141732278
21
-3.7805670472440944
0
LINE
8
BLACK
6
CONTINUOUS
10
5.6054166141732278
20
-3.7805670472440944
11
5.6041364566929133
21
-3.7824829133858269
0
LINE
8
BLACK
6
CONTINUOUS
10
5.6041364566929133
20
-3.7824829133858269
11
5.6022205905511813
21
-3.7837630708661418
0
LINE
8
BLACK
6
CONTINUOUS
10
5.6022205905511813
20
-3.7837630708661418
11
5.5999606299212594
21
-3.7842125984251966
0
LINE
8
BLACK
6
CONTINUOUS
10
5.5999606299212594
20
-3.7842125984251966
11
5.5596062992125983
21
-3.7842125984251966
0
LINE
8
BLACK
6
CONTINUOUS
10
5.5596062992125983
20
-3.7842125984251966
11
5.5573463385826773
21
-3.7837630708661418
0
LINE
8
BLACK
6
CONTINUOUS
10
5.5573463385826773
20
-3.7837630708661418
11
5.5554304724409445
21
-3.7824829133858269
0
LINE
8
BLACK
6
CONTINUOUS
10
5.5554304724409445
20
-3.7824829133858269
11
5.5541503149606299
21
-3.7805670472440944
0
LINE
8
BLACK
6
CONTINUOUS
10
5.5541503149606299
20
-3.7805670472440944
11
5.5537007874015742
21
-3.778307086614173
0
LINE
8
BLACK
6
CONTINUOUS
10
5.5537007874015742
20
-3.778307086614173
11
5.5537007874015742
21
-3.7664960629921258
0
LINE
8
BLACK
6
CONTINUOUS
10
5.5537007874015742
20
-3.7664960629921258
11
5.5541503149606299
21
-3.7642361023622048
0
LINE
8
BLACK
6
CONTINUOUS
10
5.5541503149606299
20
-3.7642361023622048
11
5.5554304724409445
21
-3.7623202362204724
0
LINE
8
BLACK
6
CONTINUOUS
10
5.5554304724409445
20
-3.7623202362204724
11
5.5573463385826773
21
-3.7610400787401574
0
LINE
8
BLACK
6
CONTINUOUS
10
5.5573463385826773
20
-3.7610400787401574
11
5.5596062992125983
21
-3.7605905511811022
0
LINE
8
BLACK
6
CONTINUOUS
10
5.5596062992125983
20
-3.7605905511811022
11
5.5999606299212594
21
-3.7605905511811022
0
LINE
8
BLACK
6
CONTINUOUS
10
5.5999606299212594
20
-3.7605905511811022
11
5.6022205905511813
21
-3.7610400787401574
0
LINE
8
BLACK
6
CONTINUOUS
10
5.6022205905511813
20
-3.7610400787401574
11
5.6041364566929133
21
-3.7623202362204724
0
LINE
8
BLACK
6
CONTINUOUS
10
5.6041364566929133
20
-3.7623202362204724
11
5.6054166141732278
21
-3.7642361023622048
0
LINE
8
BLACK
6
CONTINUOUS
10
5.6054166141732278
20
-3.7642361023622048
11
5.6058661417322835
21
-3.7664960629921258
0
LINE
8
BLACK
6
CONTINUOUS
10
5.6058661417322835
20
-3.7664960629921258
11
5.6058661417322835
21
-3.7671750393700787
0
LINE
8
BLACK
6
CONTINUOUS
10
5.6058661417322835
20
-3.7671750393700787
11
5.6652055511811019
21
-3.7671017322834643
0
LINE
8
BLACK
6
CONTINUOUS
10
5.6652055511811019
20
-3.7671017322834643
11
5.6651968503937002
21
-3.7628443307086612
0
LINE
8
BLACK
6
CONTINUOUS
10
5.6651968503937002
20
-3.7628443307086612
11
5.6653047244094488
21
-3.7617486220472438
0
LINE
8
BLACK
6
CONTINUOUS
10
5.6653047244094488
20
-3.7617486220472438
11
5.6652025590551176
21
-3.7204129133858266
0
LINE
8
BLACK
6
CONTINUOUS
10
5.6652025590551176
20
-3.7204129133858266
11
5.6521608267716532
21
-3.7074667716535434
0
LINE
8
BLACK
6
CONTINUOUS
10
5.6521608267716532
20
-3.7074667716535434
11
5.651802204724409
21
-3.7077064173228345
0
LINE
8
BLACK
6
CONTINUOUS
10
5.651802204724409
20
-3.7077064173228345
11
5.6496929133858265
21
-3.7081259842519683
0
LINE
8
BLACK
6
CONTINUOUS
10
5.6496929133858265
20
-3.7081259842519683
11
5.6363070866141731
21
-3.7081259842519683
0
LINE
8
BLACK
6
CONTINUOUS
10
5.6363070866141731
20
-3.7081259842519683
11
5.6341977952755906
21
-3.7077064173228345
0
LINE
8
BLACK
6
CONTINUOUS
10
5.6341977952755906
20
-3.7077064173228345
11
5.6324096456692914
21
-3.7065116141732282
0
LINE
8
BLACK
6
CONTINUOUS
10
5.6324096456692914
20
-3.7065116141732282
11
5.6312148425196851
21
-3.7047234645669289
0
LINE
8
BLACK
6
CONTINUOUS
10
5.6312148425196851
20
-3.7047234645669289
11
5.6309541732283463
21
-3.7034130314960629
0
LINE
8
BLACK
6
CONTINUOUS
10
5.6309541732283463
20
-3.7034130314960629
11
5.6058661417322835
21
-3.7034575984251967
0
LINE
8
BLACK
6
CONTINUOUS
10
5.6058661417322835
20
-3.7034575984251967
11
5.6058661417322835
21
-3.7035039370078739
0
LINE
8
BLACK
6
CONTINUOUS
10
5.6058661417322835
20
-3.7035039370078739
11
5.6054166141732278
21
-3.7057638976377953
0
LINE
8
BLACK
6
CONTINUOUS
10
5.6054166141732278
20
-3.7057638976377953
11
5.6041364566929133
21
-3.7076797637795273
0
LINE
8
BLACK
6
CONTINUOUS
10
5.6041364566929133
20
-3.7076797637795273
11
5.6022205905511813
21
-3.7089599212598423
0
LINE
8
BLACK
6
CONTINUOUS
10
5.6022205905511813
20
-3.7089599212598423
11
5.5999606299212594
21
-3.7094094488188976
0
LINE
8
BLACK
6
CONTINUOUS
10
5.5999606299212594
20
-3.7094094488188976
11
5.5596062992125983
21
-3.7094094488188976
0
LINE
8
BLACK
6
CONTINUOUS
10
5.5596062992125983
20
-3.7094094488188976
11
5.5573463385826773
21
-3.7089599212598423
0
LINE
8
BLACK
6
CONTINUOUS
10
5.5573463385826773
20
-3.7089599212598423
11
5.5554304724409445
21
-3.7076797637795273
0
LINE
8
BLACK
6
CONTINUOUS
10
5.5554304724409445
20
-3.7076797637795273
11
5.5541503149606299
21
-3.7057638976377953
0
LINE
8
BLACK
6
CONTINUOUS
10
5.5541503149606299
20
-3.7057638976377953
11
5.5537007874015742
21
-3.7035039370078739
0
LINE
8
BLACK
6
CONTINUOUS
10
5.5537007874015742
20
-3.7035039370078739
11
5.5537007874015742
21
-3.6916929133858267
0
LINE
8
BLACK
6
CONTINUOUS
10
5.5537007874015742
20
-3.6916929133858267
11
5.5541503149606299
21
-3.6894329527559053
0
LINE
8
BLACK
6
CONTINUOUS
10
5.5541503149606299
20
-3.6894329527559053
11
5.5554304724409445
21
-3.6875170866141733
0
LINE
8
BLACK
6
CONTINUOUS
10
5.5554304724409445
20
-3.6875170866141733
11
5.5573463385826773
21
-3.6862369291338584
0
LINE
8
BLACK
6
CONTINUOUS
10
5.5573463385826773
20
-3.6862369291338584
11
5.5596062992125983
21
-3.6857874015748031
0
LINE
8
BLACK
6
CONTINUOUS
10
5.5596062992125983
20
-3.6857874015748031
11
5.5999606299212594
21
-3.6857874015748031
0
LINE
8
BLACK
6
CONTINUOUS
10
5.5999606299212594
20
-3.6857874015748031
11
5.6022205905511813
21
-3.6862369291338584
0
LINE
8
BLACK
6
CONTINUOUS
10
5.8539215354330709
20
-3.9061250787401574
11
5.8583115748031496
21
-3.908361929133858
0
LINE
8
BLACK
6
CONTINUOUS
10
5.8583115748031496
20
-3.908361929133858
11
5.8617955511811024
21
-3.9118459055118109
0
LINE
8
BLACK
6
CONTINUOUS
10
5.8617955511811024
20
-3.9118459055118109
11
5.8640324015748027
21
-3.9162359448818895
0
LINE
8
BLACK
6
CONTINUOUS
10
5.8640324015748027
20
-3.9162359448818895
11
5.8648031496062991
21
-3.9211023622047243
0
LINE
8
BLACK
6
CONTINUOUS
10
5.8648031496062991
20
-3.9211023622047243
11
5.8640324015748027
21
-3.9259687795275591
0
LINE
8
BLACK
6
CONTINUOUS
10
5.8640324015748027
20
-3.9259687795275591
11
5.8617955511811024
21
-3.9303588188976377
0
LINE
8
BLACK
6
CONTINUOUS
10
5.8617955511811024
20
-3.9303588188976377
11
5.8583115748031496
21
-3.9338427952755906
0
LINE
8
BLACK
6
CONTINUOUS
10
5.8583115748031496
20
-3.9338427952755906
11
5.8539215354330709
21
-3.9360796456692912
0
LINE
8
BLACK
6
CONTINUOUS
10
5.8539215354330709
20
-3.9360796456692912
11
5.8490551181102362
21
-3.9368503937007873
0
LINE
8
BLACK
6
CONTINUOUS
10
5.8490551181102362
20
-3.9368503937007873
11
5.8441887007874014
21
-3.9360796456692912
0
LINE
8
BLACK
6
CONTINUOUS
10
5.8441887007874014
20
-3.9360796456692912
11
5.8397986614173227
21
-3.9338427952755906
0
LINE
8
BLACK
6
CONTINUOUS
10
5.8397986614173227
20
-3.9338427952755906
11
5.8363146850393699
21
-3.9303588188976377
0
LINE
8
BLACK
6
CONTINUOUS
10
5.8363146850393699
20
-3.9303588188976377
11
5.8340778346456688
21
-3.9259687795275591
0
LINE
8
BLACK
6
CONTINUOUS
10
5.8340778346456688
20
-3.9259687795275591
11
5.8340729133858265
21
-3.9259378346456693
0
LINE
8
BLACK
6
CONTINUOUS
10
5.8340729133858265
20
-3.9259378346456693
11
5.8136220472440945
21
-3.9259752362204723
0
LINE
8
BLACK
6
CONTINUOUS
10
5.8136220472440945
20
-3.9259752362204723
11
5.8136220472440945
21
-3.9260236220472442
0
LINE
8
BLACK
6
CONTINUOUS
10
5.8136220472440945
20
-3.9260236220472442
11
5.8131725196850397
21
-3.9282835826771652
0
LINE
8
BLACK
6
CONTINUOUS
10
5.8131725196850397
20
-3.9282835826771652
11
5.8118923622047243
21
-3.9301994488188976
0
LINE
8
BLACK
6
CONTINUOUS
10
5.8118923622047243
20
-3.9301994488188976
11
5.8099764960629923
21
-3.9314796062992126
0
LINE
8
BLACK
6
CONTINUOUS
10
5.8099764960629923
20
-3.9314796062992126
11
5.8077165354330704
21
-3.9319291338582678
0
LINE
8
BLACK
6
CONTINUOUS
10
5.8077165354330704
20
-3.9319291338582678
11
5.7525984251968501
21
-3.9319291338582678
0
LINE
8
BLACK
6
CONTINUOUS
10
5.7525984251968501
20
-3.9319291338582678
11
5.7503384645669291
21
-3.9314796062992126
0
LINE
8
BLACK
6
CONTINUOUS
10
5.7503384645669291
20
-3.9314796062992126
11
5.7484225984251971
21
-3.9301994488188976
0
LINE
8
BLACK
6
CONTINUOUS
10
5.7484225984251971
20
-3.9301994488188976
11
5.7471424409448817
21
-3.9282835826771652
0
LINE
8
BLACK
6
CONTINUOUS
10
5.7471424409448817
20
-3.9282835826771652
11
5.7466929133858269
21
-3.9260236220472442
0
LINE
8
BLACK
6
CONTINUOUS
10
5.7466929133858269
20
-3.9260236220472442
11
5.7466929133858269
21
-3.914212598425197
0
LINE
8
BLACK
6
CONTINUOUS
10
5.7466929133858269
20
-3.914212598425197
11
5.7471424409448817
21
-3.9119526377952756
0
LINE
8
BLACK
6
CONTINUOUS
10
5.7471424409448817
20
-3.9119526377952756
11
5.7484225984251971
21
-3.9100367716535431
0
LINE
8
BLACK
6
CONTINUOUS
10
5.7484225984251971
20
-3.9100367716535431
11
5.7503384645669291
21
-3.9087566141732282
0
LINE
8
BLACK
6
CONTINUOUS
10
5.7503384645669291
20
-3.9087566141732282
11
5.7525984251968501
21
-3.9083070866141729
0
LINE
8
BLACK
6
CONTINUOUS
10
5.7525984251968501
20
-3.9083070866141729
11
5.8077165354330704
21
-3.9083070866141729
0
LINE
8
BLACK
6
CONTINUOUS
10
5.8077165354330704
20
-3.9083070866141729
11
5.8099764960629923
21
-3.9087566141732282
0
LINE
8
BLACK
6
CONTINUOUS
10
5.8099764960629923
20
-3.9087566141732282
11
5.8118923622047243
21
-3.9100367716535431
0
LINE
8
BLACK
6
CONTINUOUS
10
5.8118923622047243
20
-3.9100367716535431
11
5.8131725196850397
21
-3.9119526377952756
0
LINE
8
BLACK
6
CONTINUOUS
10
5.8131725196850397
20
-3.9119526377952756
11
5.8136220472440945
21
-3.914212598425197
0
LINE
8
BLACK
6
CONTINUOUS
10
5.8136220472440945
20
-3.914212598425197
11
5.8136220472440945
21
-3.9142755511811025
0
LINE
8
BLACK
6
CONTINUOUS
10
5.8136220472440945
20
-3.9142755511811025
11
5.8350966929133854
21
-3.9142362992125985
0
LINE
8
BLACK
6
CONTINUOUS
10
5.8350966929133854
20
-3.9142362992125985
11
5.8363146850393699
21
-3.9118459055118109
0
LINE
8
BLACK
6
CONTINUOUS
10
5.8363146850393699
20
-3.9118459055118109
11
5.8397986614173227
21
-3.908361929133858
0
LINE
8
BLACK
6
CONTINUOUS
10
5.8397986614173227
20
-3.908361929133858
11
5.8441887007874014
21
-3.9061250787401574
0
LINE
8
BLACK
6
CONTINUOUS
10
5.8441887007874014
20
-3.9061250787401574
11
5.8490551181102362
21
-3.9053543307086613
0
LINE
8
BLACK
6
CONTINUOUS
10
5.8490551181102362
20
-3.9053543307086613
11
5.8539215354330709
21
-3.9061250787401574
0
LINE
8
BLACK
6
CONTINUOUS
10
5.7677988188976377
20
-3.7323736220472439
11
5.769229251968504
21
-3.734311811023622
0
LINE
8
BLACK
6
CONTINUOUS
10
5.769229251968504
20
-3.734311811023622
11
5.7694291338582673
21
-3.7355439370078738
0
LINE
8
BLACK
6
CONTINUOUS
10
5.7694291338582673
20
-3.7355439370078738
11
5.7694291338582673
21
-3.847303149606299
0
LINE
8
BLACK
6
CONTINUOUS
10
5.7694291338582673
20
-3.847303149606299
11
5.7686847637795271
21
-3.8495941338582678
0
LINE
8
BLACK
6
CONTINUOUS
10
5.7686847637795271
20
-3.8495941338582678
11
5.7667359448818898
21
-3.8510100393700788
0
LINE
8
BLACK
6
CONTINUOUS
10
5.7667359448818898
20
-3.8510100393700788
11
5.7655314960629918
21
-3.8512007874015746
0
LINE
8
BLACK
6
CONTINUOUS
10
5.7655314960629918
20
-3.8512007874015746
11
5.7512889763779524
21
-3.8512007874015746
0
LINE
8
BLACK
6
CONTINUOUS
10
5.7512889763779524
20
-3.8512007874015746
11
5.7499477559055121
21
-3.8513961811023623
0
LINE
8
BLACK
6
CONTINUOUS
10
5.7499477559055121
20
-3.8513961811023623
11
5.7486064566929134
21
-3.8515916141732283
0
LINE
8
BLACK
6
CONTINUOUS
10
5.7486064566929134
20
-3.8515916141732283
11
5.7444690551181097
21
-3.8536142913385825
0
LINE
8
BLACK
6
CONTINUOUS
10
5.7444690551181097
20
-3.8536142913385825
11
5.7442063385826767
21
-3.8538018897637794
0
LINE
8
BLACK
6
CONTINUOUS
10
5.7442063385826767
20
-3.8538018897637794
11
5.7441430708661416
21
-3.8537133070866143
0
LINE
8
BLACK
6
CONTINUOUS
10
5.7441430708661416
20
-3.8537133070866143
11
5.742458464566929
21
-3.8545707874015749
0
LINE
8
BLACK
6
CONTINUOUS
10
5.742458464566929
20
-3.8545707874015749
11
5.7400794094488186
21
-3.8541929133858268
0
LINE
8
BLACK
6
CONTINUOUS
10
5.7400794094488186
20
-3.8541929133858268
11
5.739094330708661
21
-3.853476929133858
0
LINE
8
BLACK
6
CONTINUOUS
10
5.739094330708661
20
-3.853476929133858
11
5.7174964173228346
21
-3.8318790157480316
0
LINE
8
BLACK
6
CONTINUOUS
10
5.7174964173228346
20
-3.8318790157480316
11
5.7164028346456695
21
-3.8297326771653544
0
LINE
8
BLACK
6
CONTINUOUS
10
5.7164028346456695
20
-3.8297326771653544
11
5.7167796456692912
21
-3.8273534645669289
0
LINE
8
BLACK
6
CONTINUOUS
10
5.7167796456692912
20
-3.8273534645669289
11
5.718180039370079
21
-3.8259320078740156
0
LINE
8
BLACK
6
CONTINUOUS
10
5.718180039370079
20
-3.8259320078740156
11
5.7181412598425192
21
-3.8258794881889764
0
LINE
8
BLACK
6
CONTINUOUS
10
5.7181412598425192
20
-3.8258794881889764
11
5.7225300393700786
21
-3.8226403543307086
0
LINE
8
BLACK
6
CONTINUOUS
10
5.7225300393700786
20
-3.8226403543307086
11
5.7225301181102362
21
-3.8226402755905511
0
LINE
8
BLACK
6
CONTINUOUS
10
5.7225301181102362
20
-3.8226402755905511
11
5.7255958661417319
21
-3.8184863779527558
0
LINE
8
BLACK
6
CONTINUOUS
10
5.7255958661417319
20
-3.8184863779527558
11
5.7273009448818897
21
-3.8136135039370078
0
LINE
8
BLACK
6
CONTINUOUS
10
5.7273009448818897
20
-3.8136135039370078
11
5.7274094094488186
21
-3.8124568110236221
0
LINE
8
BLACK
6
CONTINUOUS
10
5.7274094094488186
20
-3.8124568110236221
11
5.7274094488188974
21
-3.8124566929133858
0
LINE
8
BLACK
6
CONTINUOUS
10
5.7274094488188974
20
-3.8124566929133858
11
5.7274094488188974
21
-3.8109842913385825
0
LINE
8
BLACK
6
CONTINUOUS
10
5.7274094488188974
20
-3.8109842913385825
11
5.7274094094488186
21
-3.8109842519685038
0
LINE
8
BLACK
6
CONTINUOUS
10
5.7274094094488186
20
-3.8109842519685038
11
5.7154809448818895
21
-3.8109842519685038
0
LINE
8
BLACK
6
CONTINUOUS
10
5.7154809448818895
20
-3.8109842519685038
11
5.7151938582677166
21
-3.8124276377952757
0
LINE
8
BLACK
6
CONTINUOUS
10
5.7151938582677166
20
-3.8124276377952757
11
5.7140416929133853
21
-3.8141519291338581
0
LINE
8
BLACK
6
CONTINUOUS
10
5.7140416929133853
20
-3.8141519291338581
11
5.7123174015748033
21
-3.8153040944881891
0
LINE
8
BLACK
6
CONTINUOUS
10
5.7123174015748033
20
-3.8153040944881891
11
5.7102834645669294
21
-3.8157086614173226
0
LINE
8
BLACK
6
CONTINUOUS
10
5.7102834645669294
20
-3.8157086614173226
11
5.6957165354330703
21
-3.8157086614173226
0
LINE
8
BLACK
6
CONTINUOUS
10
5.6957165354330703
20
-3.8157086614173226
11
5.6936825984251964
21
-3.8153040944881891
0
LINE
8
BLACK
6
CONTINUOUS
10
5.6936825984251964
20
-3.8153040944881891
11
5.6919583070866144
21
-3.8141519291338581
0
LINE
8
BLACK
6
CONTINUOUS
10
5.6919583070866144
20
-3.8141519291338581
11
5.6908061417322831
21
-3.8124276377952757
0
LINE
8
BLACK
6
CONTINUOUS
10
5.6908061417322831
20
-3.8124276377952757
11
5.6904015748031496
21
-3.8103937007874014
0
LINE
8
BLACK
6
CONTINUOUS
10
5.6904015748031496
20
-3.8103937007874014
11
5.6904015748031496
21
-3.7997637795275589
0
LINE
8
BLACK
6
CONTINUOUS
10
5.6904015748031496
20
-3.7997637795275589
11
5.6908061417322831
21
-3.797729842519685
0
LINE
8
BLACK
6
CONTINUOUS
10
5.6908061417322831
20
-3.797729842519685
11
5.6919583070866144
21
-3.7960055511811022
0
LINE
8
BLACK
6
CONTINUOUS
10
5.6919583070866144
20
-3.7960055511811022
11
5.6936825984251964
21
-3.7948533858267717
0
LINE
8
BLACK
6
CONTINUOUS
10
5.6936825984251964
20
-3.7948533858267717
11
5.6957165354330703
21
-3.7944488188976377
0
LINE
8
BLACK
6
CONTINUOUS
10
5.6957165354330703
20
-3.7944488188976377
11
5.7102834645669294
21
-3.7944488188976377
0
LINE
8
BLACK
6
CONTINUOUS
10
5.7102834645669294
20
-3.7944488188976377
11
5.7123174015748033
21
-3.7948533858267717
0
LINE
8
BLACK
6
CONTINUOUS
10
5.7123174015748033
20
-3.7948533858267717
11
5.7140416929133853
21
-3.7960055511811022
0
LINE
8
BLACK
6
CONTINUOUS
10
5.7140416929133853
20
-3.7960055511811022
11
5.7151938582677166
21
-3.797729842519685
0
LINE
8
BLACK
6
CONTINUOUS
10
5.7151938582677166
20
-3.797729842519685
11
5.7154809448818895
21
-3.7991732283464565
0
LINE
8
BLACK
6
CONTINUOUS
10
5.7154809448818895
20
-3.7991732283464565
11
5.7274094094488186
21
-3.7991732283464565
0
LINE
8
BLACK
6
CONTINUOUS
10
5.7274094094488186
20
-3.7991732283464565
11
5.7274094488188974
21
-3.7991731889763778
0
LINE
8
BLACK
6
CONTINUOUS
10
5.7274094488188974
20
-3.7991731889763778
11
5.7274094488188974
21
-3.7977007874015749
0
LINE
8
BLACK
6
CONTINUOUS
10
5.7274094488188974
20
-3.7977007874015749
11
5.7274094094488186
21
-3.7977006299212599
0
LINE
8
BLACK
6
CONTINUOUS
10
5.7274094094488186
20
-3.7977006299212599
11
5.7273009448818897
21
-3.7965439370078737
0
LINE
8
BLACK
6
CONTINUOUS
10
5.7273009448818897
20
-3.7965439370078737
11
5.7255958661417319
21
-3.7916710629921258
0
LINE
8
BLACK
6
CONTINUOUS
10
5.7255958661417319
20
-3.7916710629921258
11
5.7225301181102362
21
-3.7875171653543305
0
LINE
8
BLACK
6
CONTINUOUS
10
5.7225301181102362
20
-3.7875171653543305
11
5.7225299212598424
21
-3.7875169685039367
0
LINE
8
BLACK
6
CONTINUOUS
10
5.7225299212598424
20
-3.7875169685039367
11
5.7199328740157478
21
-3.7856002755905509
0
LINE
8
BLACK
6
CONTINUOUS
10
5.7199328740157478
20
-3.7856002755905509
11
5.7185315748031496
21
-3.7836409448818897
0
LINE
8
BLACK
6
CONTINUOUS
10
5.7185315748031496
20
-3.7836409448818897
11
5.7185496062992121
21
-3.7812321259842521
0
LINE
8
BLACK
6
CONTINUOUS
10
5.7185496062992121
20
-3.7812321259842521
11
5.7194912598425196
21
-3.7797082677165355
0
LINE
8
BLACK
6
CONTINUOUS
10
5.7194912598425196
20
-3.7797082677165355
11
5.7212702755905509
21
-3.7779292913385825
0
LINE
8
BLACK
6
CONTINUOUS
10
5.7212702755905509
20
-3.7779292913385825
11
5.7232388976377955
21
-3.7737075984251969
0
LINE
8
BLACK
6
CONTINUOUS
10
5.7232388976377955
20
-3.7737075984251969
11
5.7234921259842517
21
-3.7717840944881891
0
LINE
8
BLACK
6
CONTINUOUS
10
5.7234921259842517
20
-3.7717840944881891
11
5.7234921259842517
21
-3.7580584251968503
0
LINE
8
BLACK
6
CONTINUOUS
10
5.7234921259842517
20
-3.7580584251968503
11
5.7232388976377955
21
-3.7561349212598425
0
LINE
8
BLACK
6
CONTINUOUS
10
5.7232388976377955
20
-3.7561349212598425
11
5.7230251574803148
21
-3.7556765748031493
0
LINE
8
BLACK
6
CONTINUOUS
10
5.7230251574803148
20
-3.7556765748031493
11
5.7214323228346453
21
-3.7522607086614173
0
LINE
8
BLACK
6
CONTINUOUS
10
5.7214323228346453
20
-3.7522607086614173
11
5.72113874015748
21
-3.7498698031496063
0
LINE
8
BLACK
6
CONTINUOUS
10
5.72113874015748
20
-3.7498698031496063
11
5.7222087401574804
21
-3.7478574409448817
0
LINE
8
BLACK
6
CONTINUOUS
10
5.7222087401574804
20
-3.7478574409448817
11
5.7270267322834645
21
-3.7430394881889764
0
LINE
8
BLACK
6
CONTINUOUS
10
5.7270267322834645
20
-3.7430394881889764
11
5.7323301574803152
21
-3.7377360629921257
0
LINE
8
BLACK
6
CONTINUOUS
10
5.7323301574803152
20
-3.7377360629921257
11
5.7344764566929136
21
-3.7366424803149605
0
LINE
8
BLACK
6
CONTINUOUS
10
5.7344764566929136
20
-3.7366424803149605
11
5.7350861811023623
21
-3.7365944881889761
0
LINE
8
BLACK
6
CONTINUOUS
10
5.7350861811023623
20
-3.7365944881889761
11
5.7539473228346454
21
-3.7365944881889761
0
LINE
8
BLACK
6
CONTINUOUS
10
5.7539473228346454
20
-3.7365944881889761
11
5.7539474409448816
21
-3.7365944488188974
0
LINE
8
BLACK
6
CONTINUOUS
10
5.7539474409448816
20
-3.7365944488188974
11
5.7551121653543307
21
-3.7364852362204726
0
LINE
8
BLACK
6
CONTINUOUS
10
5.7551121653543307
20
-3.7364852362204726
11
5.7600187007874011
21
-3.734768346456693
0
LINE
8
BLACK
6
CONTINUOUS
10
5.7600187007874011
20
-3.734768346456693
11
5.7632170078740153
21
-3.7324079133858268
0
LINE
8
BLACK
6
CONTINUOUS
10
5.7632170078740153
20
-3.7324079133858268
11
5.7655023228346458
21
-3.7316464173228345
0
LINE
8
BLACK
6
CONTINUOUS
10
5.7655023228346458
20
-3.7316464173228345
11
5.7677988188976377
21
-3.7323736220472439
0
LINE
8
BLACK
6
CONTINUOUS
10
5.7554483070866143
20
-3.6920109842519686
11
5.7584818110236222
21
-3.694037874015748
0
LINE
8
BLACK
6
CONTINUOUS
10
5.7584818110236222
20
-3.694037874015748
11
5.7605087007874012
21
-3.697071377952756
0
LINE
8
BLACK
6
CONTINUOUS
10
5.7605087007874012
20
-3.697071377952756
11
5.7612204724409448
21
-3.7006496062992125
0
LINE
8
BLACK
6
CONTINUOUS
10
5.7612204724409448
20
-3.7006496062992125
11
5.7612204724409448
21
-3.7193503937007875
0
LINE
8
BLACK
6
CONTINUOUS
10
5.7612204724409448
20
-3.7193503937007875
11
5.7605087007874012
21
-3.722928622047244
0
LINE
8
BLACK
6
CONTINUOUS
10
5.7605087007874012
20
-3.722928622047244
11
5.7584818110236222
21
-3.7259621259842519
0
LINE
8
BLACK
6
CONTINUOUS
10
5.7584818110236222
20
-3.7259621259842519
11
5.7554483070866143
21
-3.7279890157480313
0
LINE
8
BLACK
6
CONTINUOUS
10
5.7554483070866143
20
-3.7279890157480313
11
5.7518700787401578
21
-3.7287007874015745
0
LINE
8
BLACK
6
CONTINUOUS
10
5.7518700787401578
20
-3.7287007874015745
11
5.7301059448818901
21
-3.7287007874015745
0
LINE
8
BLACK
6
CONTINUOUS
10
5.7301059448818901
20
-3.7287007874015745
11
5.7088145669291341
21
-3.7500813385826772
0
LINE
8
BLACK
6
CONTINUOUS
10
5.7088145669291341
20
-3.7500813385826772
11
5.708840393700787
21
-3.7542913385826773
0
LINE
8
BLACK
6
CONTINUOUS
10
5.708840393700787
20
-3.7542913385826773
11
5.7102834645669294
21
-3.7542913385826773
0
LINE
8
BLACK
6
CONTINUOUS
10
5.7102834645669294
20
-3.7542913385826773
11
5.7123174015748033
21
-3.7546959055118108
0
LINE
8
BLACK
6
CONTINUOUS
10
5.7123174015748033
20
-3.7546959055118108
11
5.7140416929133853
21
-3.7558480708661417
0
LINE
8
BLACK
6
CONTINUOUS
10
5.7140416929133853
20
-3.7558480708661417
11
5.7151938582677166
21
-3.7575723622047241
0
LINE
8
BLACK
6
CONTINUOUS
10
5.7151938582677166
20
-3.7575723622047241
11
5.7155984251968501
21
-3.7596062992125985
0
LINE
8
BLACK
6
CONTINUOUS
10
5.7155984251968501
20
-3.7596062992125985
11
5.7155984251968501
21
-3.7702362204724409
0
LINE
8
BLACK
6
CONTINUOUS
10
5.7155984251968501
20
-3.7702362204724409
11
5.7151938582677166
21
-3.7722701574803148
0
LINE
8
BLACK
6
CONTINUOUS
10
5.7151938582677166
20
-3.7722701574803148
11
5.7140416929133853
21
-3.7739944488188977
0
LINE
8
BLACK
6
CONTINUOUS
10
5.7140416929133853
20
-3.7739944488188977
11
5.7123174015748033
21
-3.7751466141732282
0
LINE
8
BLACK
6
CONTINUOUS
10
5.7123174015748033
20
-3.7751466141732282
11
5.7102834645669294
21
-3.7755511811023621
0
LINE
8
BLACK
6
CONTINUOUS
10
5.7102834645669294
20
-3.7755511811023621
11
5.6957165354330703
21
-3.7755511811023621
0
LINE
8
BLACK
6
CONTINUOUS
10
5.6957165354330703
20
-3.7755511811023621
11
5.6936825984251964
21
-3.7751466141732282
0
LINE
8
BLACK
6
CONTINUOUS
10
5.6936825984251964
20
-3.7751466141732282
11
5.6919583070866144
21
-3.7739944488188977
0
LINE
8
BLACK
6
CONTINUOUS
10
5.6919583070866144
20
-3.7739944488188977
11
5.6908061417322831
21
-3.7722701574803148
0
LINE
8
BLACK
6
CONTINUOUS
10
5.6908061417322831
20
-3.7722701574803148
11
5.6904015748031496
21
-3.7702362204724409
0
LINE
8
BLACK
6
CONTINUOUS
10
5.6904015748031496
20
-3.7702362204724409
11
5.6904015748031496
21
-3.7596062992125985
0
LINE
8
BLACK
6
CONTINUOUS
10
5.6904015748031496
20
-3.7596062992125985
11
5.6908061417322831
21
-3.7575723622047241
0
LINE
8
BLACK
6
CONTINUOUS
10
5.6908061417322831
20
-3.7575723622047241
11
5.6919583070866144
21
-3.7558480708661417
0
LINE
8
BLACK
6
CONTINUOUS
10
5.6919583070866144
20
-3.7558480708661417
11
5.6936825984251964
21
-3.7546959055118108
0
LINE
8
BLACK
6
CONTINUOUS
10
5.6936825984251964
20
-3.7546959055118108
11
5.6957165354330703
21
-3.7542913385826773
0
LINE
8
BLACK
6
CONTINUOUS
10
5.6957165354330703
20
-3.7542913385826773
11
5.6971357874015744
21
-3.7542913385826773
0
LINE
8
BLACK
6
CONTINUOUS
10
5.6971357874015744
20
-3.7542913385826773
11
5.6970944881889762
21
-3.7475511811023621
0
LINE
8
BLACK
6
CONTINUOUS
10
5.6970944881889762
20
-3.7475511811023621
11
5.697207952755905
21
-3.7463990551181103
0
LINE
8
BLACK
6
CONTINUOUS
10
5.697207952755905
20
-3.7463990551181103
11
5.6980745669291339
21
-3.7443068897637795
0
LINE
8
BLACK
6
CONTINUOUS
10
5.6980745669291339
20
-3.7443068897637795
11
5.6980897244094484
21
-3.744270275590551
0
LINE
8
BLACK
6
CONTINUOUS
10
5.6980897244094484
20
-3.744270275590551
11
5.7203853149606294
21
-3.721881220472441
0
LINE
8
BLACK
6
CONTINUOUS
10
5.7203853149606294
20
-3.721881220472441
11
5.7198818897637791
21
-3.7193503937007875
0
LINE
8
BLACK
6
CONTINUOUS
10
5.7198818897637791
20
-3.7193503937007875
11
5.7198818897637791
21
-3.7006496062992125
0
LINE
8
BLACK
6
CONTINUOUS
10
5.7198818897637791
20
-3.7006496062992125
11
5.7205936614173227
21
-3.697071377952756
0
LINE
8
BLACK
6
CONTINUOUS
10
5.7205936614173227
20
-3.697071377952756
11
5.7226205511811026
21
-3.694037874015748
0
LINE
8
BLACK
6
CONTINUOUS
10
5.7226205511811026
20
-3.694037874015748
11
5.7256540551181105
21
-3.6920109842519686
0
LINE
8
BLACK
6
CONTINUOUS
10
5.7256540551181105
20
-3.6920109842519686
11
5.729232283464567
21
-3.691299212598425
0
LINE
8
BLACK
6
CONTINUOUS
10
5.729232283464567
20
-3.691299212598425
11
5.7518700787401578
21
-3.691299212598425
0
LINE
8
BLACK
6
CONTINUOUS
10
5.7518700787401578
20
-3.691299212598425
11
5.7554483070866143
21
-3.6920109842519686
0
LINE
8
BLACK
6
CONTINUOUS
10
4.933700787401575
20
-4.0648031496062993
11
4.9296911417322837
21
-4.0648031496062993
0
LINE
8
BLACK
6
CONTINUOUS
10
4.9296911417322837
20
-4.0648031496062993
11
4.9297616535433066
21
-4.1415615354330706
0
LINE
8
BLACK
6
CONTINUOUS
10
4.9297616535433066
20
-4.1415615354330706
11
4.9726192913385825
21
-4.1842731889763778
0
LINE
8
BLACK
6
CONTINUOUS
10
4.9726192913385825
20
-4.1842731889763778
11
4.9875099606299216
21
-4.1842188188976381
0
LINE
8
BLACK
6
CONTINUOUS
10
4.9875099606299216
20
-4.1842188188976381
11
4.9878061417322836
21
-4.1827298425196853
0
LINE
8
BLACK
6
CONTINUOUS
10
4.9878061417322836
20
-4.1827298425196853
11
4.9889583070866141
21
-4.1810055511811024
0
LINE
8
BLACK
6
CONTINUOUS
10
4.9889583070866141
20
-4.1810055511811024
11
4.990682598425197
21
-4.1798533858267719
0
LINE
8
BLACK
6
CONTINUOUS
10
4.990682598425197
20
-4.1798533858267719
11
4.9927165354330709
21
-4.1794488188976375
0
LINE
8
BLACK
6
CONTINUOUS
10
4.9927165354330709
20
-4.1794488188976375
11
5.0072834645669291
21
-4.1794488188976375
0
LINE
8
BLACK
6
CONTINUOUS
10
5.0072834645669291
20
-4.1794488188976375
11
5.009317401574803
21
-4.1798533858267719
0
LINE
8
BLACK
6
CONTINUOUS
10
5.009317401574803
20
-4.1798533858267719
11
5.0110416929133859
21
-4.1810055511811024
0
LINE
8
BLACK
6
CONTINUOUS
10
5.0110416929133859
20
-4.1810055511811024
11
5.0121938582677164
21
-4.1827298425196853
0
LINE
8
BLACK
6
CONTINUOUS
10
5.0121938582677164
20
-4.1827298425196853
11
5.0124991732283464
21
-4.1842648818897636
0
LINE
8
BLACK
6
CONTINUOUS
10
5.0124991732283464
20
-4.1842648818897636
11
5.0676377952755907
21
-4.184176889763779
0
LINE
8
BLACK
6
CONTINUOUS
10
5.0676377952755907
20
-4.184176889763779
11
5.1430401574803151
21
-4.1086194488188976
0
LINE
8
BLACK
6
CONTINUOUS
10
5.1430401574803151
20
-4.1086194488188976
11
5.1439350393700787
21
-4.1078849999999996
0
LINE
8
BLACK
6
CONTINUOUS
10
5.1439350393700787
20
-4.1078849999999996
11
5.1454403543307086
21
-4.1072614960629918
0
LINE
8
BLACK
6
CONTINUOUS
10
5.1454403543307086
20
-4.1072614960629918
11
5.1460638582677163
21
-4.107003228346457
0
LINE
8
BLACK
6
CONTINUOUS
10
5.1460638582677163
20
-4.107003228346457
11
5.1587007874015747
21
-4.1069613779527554
0
LINE
8
BLACK
6
CONTINUOUS
10
5.1587007874015747
20
-4.1069613779527554
11
5.1587007874015747
21
-4.10492125984252
0
LINE
8
BLACK
6
CONTINUOUS
10
5.1587007874015747
20
-4.10492125984252
11
5.2020078740157478
21
-4.10492125984252
0
LINE
8
BLACK
6
CONTINUOUS
10
5.2020078740157478
20
-4.10492125984252
11
5.2020078740157478
21
-4.120669291338583
0
LINE
8
BLACK
6
CONTINUOUS
10
5.2020078740157478
20
-4.120669291338583
11
5.1587007874015747
21
-4.120669291338583
0
LINE
8
BLACK
6
CONTINUOUS
10
5.1587007874015747
20
-4.120669291338583
11
5.1587007874015747
21
-4.118662755905512
0
LINE
8
BLACK
6
CONTINUOUS
10
5.1587007874015747
20
-4.118662755905512
11
5.1495146456692913
21
-4.1186931496062993
0
LINE
8
BLACK
6
CONTINUOUS
10
5.1495146456692913
20
-4.1186931496062993
11
5.0741083464566925
21
-4.1942545669291338
0
LINE
8
BLACK
6
CONTINUOUS
10
5.0741083464566925
20
-4.1942545669291338
11
5.0732134251968501
21
-4.194989015748031
0
LINE
8
BLACK
6
CONTINUOUS
10
5.0732134251968501
20
-4.194989015748031
11
5.0722364173228343
21
-4.1953937007874016
0
LINE
8
BLACK
6
CONTINUOUS
10
5.0722364173228343
20
-4.1953937007874016
11
5.0710846456692913
21
-4.1958707874015744
0
LINE
8
BLACK
6
CONTINUOUS
10
5.0710846456692913
20
-4.1958707874015744
11
5.0124849212598424
21
-4.1959642913385826
0
LINE
8
BLACK
6
CONTINUOUS
10
5.0124849212598424
20
-4.1959642913385826
11
5.0121938582677164
21
-4.1974276377952755
0
LINE
8
BLACK
6
CONTINUOUS
10
5.0121938582677164
20
-4.1974276377952755
11
5.0110416929133859
21
-4.1991519291338584
0
LINE
8
BLACK
6
CONTINUOUS
10
5.0110416929133859
20
-4.1991519291338584
11
5.009317401574803
21
-4.2003040944881889
0
LINE
8
BLACK
6
CONTINUOUS
10
5.009317401574803
20
-4.2003040944881889
11
5.0072834645669291
21
-4.2007086614173224
0
LINE
8
BLACK
6
CONTINUOUS
10
5.0072834645669291
20
-4.2007086614173224
11
4.9927165354330709
21
-4.2007086614173224
0
LINE
8
BLACK
6
CONTINUOUS
10
4.9927165354330709
20
-4.2007086614173224
11
4.990682598425197
21
-4.2003040944881889
0
LINE
8
BLACK
6
CONTINUOUS
10
4.990682598425197
20
-4.2003040944881889
11
4.9889583070866141
21
-4.1991519291338584
0
LINE
8
BLACK
6
CONTINUOUS
10
4.9889583070866141
20
-4.1991519291338584
11
4.9878061417322836
21
-4.1974276377952755
0
LINE
8
BLACK
6
CONTINUOUS
10
4.9878061417322836
20
-4.1974276377952755
11
4.987506377952756
21
-4.1959205905511814
0
LINE
8
BLACK
6
CONTINUOUS
10
4.987506377952756
20
-4.1959205905511814
11
4.9700787401574802
21
-4.195984251968504
0
LINE
8
BLACK
6
CONTINUOUS
10
4.9700787401574802
20
-4.195984251968504
11
4.9689266141732285
21
-4.1958707874015744
0
LINE
8
BLACK
6
CONTINUOUS
10
4.9689266141732285
20
-4.1958707874015744
11
4.9677748425196846
21
-4.1953937007874016
0
LINE
8
BLACK
6
CONTINUOUS
10
4.9677748425196846
20
-4.1953937007874016
11
4.9667978346456696
21
-4.194989015748031
0
LINE
8
BLACK
6
CONTINUOUS
10
4.9667978346456696
20
-4.194989015748031
11
4.9196824409448814
21
-4.1480340944881888
0
LINE
8
BLACK
6
CONTINUOUS
10
4.9196824409448814
20
-4.1480340944881888
11
4.9189479921259842
21
-4.1471391732283465
0
LINE
8
BLACK
6
CONTINUOUS
10
4.9189479921259842
20
-4.1471391732283465
11
4.9183414960629923
21
-4.1456749212598423
0
LINE
8
BLACK
6
CONTINUOUS
10
4.9183414960629923
20
-4.1456749212598423
11
4.9180662204724408
21
-4.1450103937007876
0
LINE
8
BLACK
6
CONTINUOUS
10
4.9180662204724408
20
-4.1450103937007876
11
4.9179925196850389
21
-4.0648031496062993
0
LINE
8
BLACK
6
CONTINUOUS
10
4.9179925196850389
20
-4.0648031496062993
11
4.9140157480314963
21
-4.0648031496062993
0
LINE
8
BLACK
6
CONTINUOUS
10
4.9140157480314963
20
-4.0648031496062993
11
4.9140157480314963
21
-3.986062992125984
0
LINE
8
BLACK
6
CONTINUOUS
10
4.9140157480314963
20
-3.986062992125984
11
4.933700787401575
21
-3.986062992125984
0
LINE
8
BLACK
6
CONTINUOUS
10
4.933700787401575
20
-3.986062992125984
11
4.933700787401575
21
-4.0648031496062993
0
LINE
8
BLACK
6
CONTINUOUS
10
4.9730708661417324
20
-4.0648031496062993
11
4.9690820866141729
21
-4.0648031496062993
0
LINE
8
BLACK
6
CONTINUOUS
10
4.9690820866141729
20
-4.0648031496062993
11
4.9691209055118106
21
-4.092795275590551
0
LINE
8
BLACK
6
CONTINUOUS
10
4.9691209055118106
20
-4.092795275590551
11
4.9716141732283461
21
-4.092795275590551
0
LINE
8
BLACK
6
CONTINUOUS
10
4.9716141732283461
20
-4.092795275590551
11
4.9737234645669286
21
-4.0932148425196848
0
LINE
8
BLACK
6
CONTINUOUS
10
4.9737234645669286
20
-4.0932148425196848
11
4.9755116141732278
21
-4.0944096456692911
0
LINE
8
BLACK
6
CONTINUOUS
10
4.9755116141732278
20
-4.0944096456692911
11
4.9767064173228341
21
-4.0961977952755904
0
LINE
8
BLACK
6
CONTINUOUS
10
4.9767064173228341
20
-4.0961977952755904
11
4.9771259842519679
21
-4.0983070866141729
0
LINE
8
BLACK
6
CONTINUOUS
10
4.9771259842519679
20
-4.0983070866141729
11
4.9771259842519679
21
-4.1116929133858271
0
LINE
8
BLACK
6
CONTINUOUS
10
4.9771259842519679
20
-4.1116929133858271
11
4.9767064173228341
21
-4.1138022047244096
0
LINE
8
BLACK
6
CONTINUOUS
10
4.9767064173228341
20
-4.1138022047244096
11
4.9755116141732278
21
-4.1155903543307089
0
LINE
8
BLACK
6
CONTINUOUS
10
4.9755116141732278
20
-4.1155903543307089
11
4.9737234645669286
21
-4.1167851574803151
0
LINE
8
BLACK
6
CONTINUOUS
10
4.9737234645669286
20
-4.1167851574803151
11
4.9719831496062987
21
-4.1171312992125983
0
LINE
8
BLACK
6
CONTINUOUS
10
4.9719831496062987
20
-4.1171312992125983
11
4.9719924015748029
21
-4.1185116535433073
0
LINE
8
BLACK
6
CONTINUOUS
10
4.9719924015748029
20
-4.1185116535433073
11
4.9928838582677164
21
-4.1392913385826775
0
LINE
8
BLACK
6
CONTINUOUS
10
4.9928838582677164
20
-4.1392913385826775
11
5.0072834645669291
21
-4.1392913385826775
0
LINE
8
BLACK
6
CONTINUOUS
10
5.0072834645669291
20
-4.1392913385826775
11
5.009317401574803
21
-4.139695905511811
0
LINE
8
BLACK
6
CONTINUOUS
10
5.009317401574803
20
-4.139695905511811
11
5.0110416929133859
21
-4.1408480708661415
0
LINE
8
BLACK
6
CONTINUOUS
10
5.0110416929133859
20
-4.1408480708661415
11
5.0121938582677164
21
-4.1425723622047244
0
LINE
8
BLACK
6
CONTINUOUS
10
5.0121938582677164
20
-4.1425723622047244
11
5.0124901181102359
21
-4.1440617716535435
0
LINE
8
BLACK
6
CONTINUOUS
10
5.0124901181102359
20
-4.1440617716535435
11
5.0194744488188974
21
-4.1440272834645668
0
LINE
8
BLACK
6
CONTINUOUS
10
5.0194744488188974
20
-4.1440272834645668
11
5.0273989763779525
21
-4.1359816535433067
0
LINE
8
BLACK
6
CONTINUOUS
10
5.0273989763779525
20
-4.1359816535433067
11
5.0282938976377949
21
-4.1352472047244095
0
LINE
8
BLACK
6
CONTINUOUS
10
5.0282938976377949
20
-4.1352472047244095
11
5.0295409055118112
21
-4.1347306692913381
0
LINE
8
BLACK
6
CONTINUOUS
10
5.0295409055118112
20
-4.1347306692913381
11
5.0304226771653546
21
-4.1343654330708661
0
LINE
8
BLACK
6
CONTINUOUS
10
5.0304226771653546
20
-4.1343654330708661
11
5.0425075590551183
21
-4.1343096062992126
0
LINE
8
BLACK
6
CONTINUOUS
10
5.0425075590551183
20
-4.1343096062992126
11
5.0428061417322834
21
-4.132808582677165
0
LINE
8
BLACK
6
CONTINUOUS
10
5.0428061417322834
20
-4.132808582677165
11
5.0439583070866139
21
-4.131084291338583
0
LINE
8
BLACK
6
CONTINUOUS
10
5.0439583070866139
20
-4.131084291338583
11
5.0456825984251967
21
-4.1299321259842516
0
LINE
8
BLACK
6
CONTINUOUS
10
5.0456825984251967
20
-4.1299321259842516
11
5.0477165354330706
21
-4.1295275590551181
0
LINE
8
BLACK
6
CONTINUOUS
10
5.0477165354330706
20
-4.1295275590551181
11
5.0622834645669288
21
-4.1295275590551181
0
LINE
8
BLACK
6
CONTINUOUS
10
5.0622834645669288
20
-4.1295275590551181
11
5.0643174015748027
21
-4.1299321259842516
0
LINE
8
BLACK
6
CONTINUOUS
10
5.0643174015748027
20
-4.1299321259842516
11
5.0660416929133856
21
-4.131084291338583
0
LINE
8
BLACK
6
CONTINUOUS
10
5.0660416929133856
20
-4.131084291338583
11
5.0671938582677161
21
-4.132808582677165
0
LINE
8
BLACK
6
CONTINUOUS
10
5.0671938582677161
20
-4.132808582677165
11
5.0674908267716532
21
-4.1343016535433073
0
LINE
8
BLACK
6
CONTINUOUS
10
5.0674908267716532
20
-4.1343016535433073
11
5.0758076377952754
21
-4.1342627559055121
0
LINE
8
BLACK
6
CONTINUOUS
10
5.0758076377952754
20
-4.1342627559055121
11
5.0847822440944883
21
-4.1252219685039373
0
LINE
8
BLACK
6
CONTINUOUS
10
5.0847822440944883
20
-4.1252219685039373
11
5.0841631102362204
21
-4.1240068110236221
0
LINE
8
BLACK
6
CONTINUOUS
10
5.0841631102362204
20
-4.1240068110236221
11
5.0833923622047239
21
-4.1191403937007873
0
LINE
8
BLACK
6
CONTINUOUS
10
5.0833923622047239
20
-4.1191403937007873
11
5.0841631102362204
21
-4.1142739763779526
0
LINE
8
BLACK
6
CONTINUOUS
10
5.0841631102362204
20
-4.1142739763779526
11
5.0863999606299215
21
-4.1098839370078739
0
LINE
8
BLACK
6
CONTINUOUS
10
5.0863999606299215
20
-4.1098839370078739
11
5.0898839370078743
21
-4.1063999606299211
0
LINE
8
BLACK
6
CONTINUOUS
10
5.0898839370078743
20
-4.1063999606299211
11
5.094273976377953
21
-4.1041631102362199
0
LINE
8
BLACK
6
CONTINUOUS
10
5.094273976377953
20
-4.1041631102362199
11
5.0991403937007869
21
-4.1033923622047244
0
LINE
8
BLACK
6
CONTINUOUS
10
5.0991403937007869
20
-4.1033923622047244
11
5.1040068110236216
21
-4.1041631102362199
0
LINE
8
BLACK
6
CONTINUOUS
10
5.1040068110236216
20
-4.1041631102362199
11
5.1083968503937003
21
-4.1063999606299211
0
LINE
8
BLACK
6
CONTINUOUS
10
5.1083968503937003
20
-4.1063999606299211
11
5.1118808267716531
21
-4.1098839370078739
0
LINE
8
BLACK
6
CONTINUOUS
10
5.1118808267716531
20
-4.1098839370078739
11
5.1141176771653543
21
-4.1142739763779526
0
LINE
8
BLACK
6
CONTINUOUS
10
5.1141176771653543
20
-4.1142739763779526
11
5.1148884251968507
21
-4.1191403937007873
0
LINE
8
BLACK
6
CONTINUOUS
10
5.1148884251968507
20
-4.1191403937007873
11
5.1141176771653543
21
-4.1240068110236221
0
LINE
8
BLACK
6
CONTINUOUS
10
5.1141176771653543
20
-4.1240068110236221
11
5.1118808267716531
21
-4.1283968503937007
0
LINE
8
BLACK
6
CONTINUOUS
10
5.1118808267716531
20
-4.1283968503937007
11
5.1083968503937003
21
-4.1318808267716536
0
LINE
8
BLACK
6
CONTINUOUS
10
5.1083968503937003
20
-4.1318808267716536
11
5.1040068110236216
21
-4.1341176771653538
0
LINE
8
BLACK
6
CONTINUOUS
10
5.1040068110236216
20
-4.1341176771653538
11
5.0991403937007869
21
-4.1348884251968503
0
LINE
8
BLACK
6
CONTINUOUS
10
5.0991403937007869
20
-4.1348884251968503
11
5.094273976377953
21
-4.1341176771653538
0
LINE
8
BLACK
6
CONTINUOUS
10
5.094273976377953
20
-4.1341176771653538
11
5.0930559842519685
21
-4.1334970866141729
0
LINE
8
BLACK
6
CONTINUOUS
10
5.0930559842519685
20
-4.1334970866141729
11
5.0822991338582675
21
-4.1443333070866144
0
LINE
8
BLACK
6
CONTINUOUS
10
5.0822991338582675
20
-4.1443333070866144
11
5.0814042125984251
21
-4.1450677559055116
0
LINE
8
BLACK
6
CONTINUOUS
10
5.0814042125984251
20
-4.1450677559055116
11
5.0804272047244092
21
-4.1454724409448822
0
LINE
8
BLACK
6
CONTINUOUS
10
5.0804272047244092
20
-4.1454724409448822
11
5.0792754330708663
21
-4.145949527559055
0
LINE
8
BLACK
6
CONTINUOUS
10
5.0792754330708663
20
-4.145949527559055
11
5.0674925590551183
21
-4.1460045669291334
0
LINE
8
BLACK
6
CONTINUOUS
10
5.0674925590551183
20
-4.1460045669291334
11
5.0671938582677161
21
-4.1475063779527561
0
LINE
8
BLACK
6
CONTINUOUS
10
5.0671938582677161
20
-4.1475063779527561
11
5.0660416929133856
21
-4.1492306692913381
0
LINE
8
BLACK
6
CONTINUOUS
10
5.0660416929133856
20
-4.1492306692913381
11
5.0643174015748027
21
-4.1503828346456695
0
LINE
8
BLACK
6
CONTINUOUS
10
5.0643174015748027
20
-4.1503828346456695
11
5.0622834645669288
21
-4.150787401574803
0
LINE
8
BLACK
6
CONTINUOUS
10
5.0622834645669288
20
-4.150787401574803
11
5.0477165354330706
21
-4.150787401574803
0
LINE
8
BLACK
6
CONTINUOUS
10
5.0477165354330706
20
-4.150787401574803
11
5.0456825984251967
21
-4.1503828346456695
0
LINE
8
BLACK
6
CONTINUOUS
10
5.0456825984251967
20
-4.1503828346456695
11
5.0439583070866139
21
-4.1492306692913381
0
LINE
8
BLACK
6
CONTINUOUS
10
5.0439583070866139
20
-4.1492306692913381
11
5.0428061417322834
21
-4.1475063779527561
0
LINE
8
BLACK
6
CONTINUOUS
10
5.0428061417322834
20
-4.1475063779527561
11
5.0425089763779525
21
-4.1460124803149609
0
LINE
8
BLACK
6
CONTINUOUS
10
5.0425089763779525
20
-4.1460124803149609
11
5.033910590551181
21
-4.1460522047244091
0
LINE
8
BLACK
6
CONTINUOUS
10
5.033910590551181
20
-4.1460522047244091
11
5.0259868503937009
21
-4.1540970866141729
0
LINE
8
BLACK
6
CONTINUOUS
10
5.0259868503937009
20
-4.1540970866141729
11
5.0250919291338585
21
-4.1548315354330709
0
LINE
8
BLACK
6
CONTINUOUS
10
5.0250919291338585
20
-4.1548315354330709
11
5.0242024409448813
21
-4.155199960629921
0
LINE
8
BLACK
6
CONTINUOUS
10
5.0242024409448813
20
-4.155199960629921
11
5.0229631496062987
21
-4.1557133070866143
0
LINE
8
BLACK
6
CONTINUOUS
10
5.0229631496062987
20
-4.1557133070866143
11
5.0124932283464565
21
-4.1557650393700785
0
LINE
8
BLACK
6
CONTINUOUS
10
5.0124932283464565
20
-4.1557650393700785
11
5.0121938582677164
21
-4.1572701574803146
0
LINE
8
BLACK
6
CONTINUOUS
10
5.0121938582677164
20
-4.1572701574803146
11
5.0110416929133859
21
-4.1589944488188975
0
LINE
8
BLACK
6
CONTINUOUS
10
5.0110416929133859
20
-4.1589944488188975
11
5.009317401574803
21
-4.160146614173228
0
LINE
8
BLACK
6
CONTINUOUS
10
5.009317401574803
20
-4.160146614173228
11
5.0072834645669291
21
-4.1605511811023623
0
LINE
8
BLACK
6
CONTINUOUS
10
5.0072834645669291
20
-4.1605511811023623
11
4.9927165354330709
21
-4.1605511811023623
0
LINE
8
BLACK
6
CONTINUOUS
10
4.9927165354330709
20
-4.1605511811023623
11
4.990682598425197
21
-4.160146614173228
0
LINE
8
BLACK
6
CONTINUOUS
10
4.990682598425197
20
-4.160146614173228
11
4.9889583070866141
21
-4.1589944488188975
0
LINE
8
BLACK
6
CONTINUOUS
10
4.9889583070866141
20
-4.1589944488188975
11
4.9878061417322836
21
-4.1572701574803146
0
LINE
8
BLACK
6
CONTINUOUS
10
4.9878061417322836
20
-4.1572701574803146
11
4.9874015748031493
21
-4.1552362204724407
0
LINE
8
BLACK
6
CONTINUOUS
10
4.9874015748031493
20
-4.1552362204724407
11
4.9874015748031493
21
-4.1503412992125988
0
LINE
8
BLACK
6
CONTINUOUS
10
4.9874015748031493
20
-4.1503412992125988
11
4.9619265354330704
21
-4.1250025984251968
0
LINE
8
BLACK
6
CONTINUOUS
10
4.9619265354330704
20
-4.1250025984251968
11
4.9611920866141732
21
-4.1241076771653544
0
LINE
8
BLACK
6
CONTINUOUS
10
4.9611920866141732
20
-4.1241076771653544
11
4.9606755511811018
21
-4.1228606692913381
0
LINE
8
BLACK
6
CONTINUOUS
10
4.9606755511811018
20
-4.1228606692913381
11
4.9603103149606298
21
-4.1219788976377956
0
LINE
8
BLACK
6
CONTINUOUS
10
4.9603103149606298
20
-4.1219788976377956
11
4.9602779921259845
21
-4.1171425196850393
0
LINE
8
BLACK
6
CONTINUOUS
10
4.9602779921259845
20
-4.1171425196850393
11
4.9584812598425199
21
-4.1167851574803151
0
LINE
8
BLACK
6
CONTINUOUS
10
4.9584812598425199
20
-4.1167851574803151
11
4.9566931102362206
21
-4.1155903543307089
0
LINE
8
BLACK
6
CONTINUOUS
10
4.9566931102362206
20
-4.1155903543307089
11
4.9554983070866143
21
-4.1138022047244096
0
LINE
8
BLACK
6
CONTINUOUS
10
4.9554983070866143
20
-4.1138022047244096
11
4.9550787401574805
21
-4.1116929133858271
0
LINE
8
BLACK
6
CONTINUOUS
10
4.9550787401574805
20
-4.1116929133858271
11
4.9550787401574805
21
-4.0983070866141729
0
LINE
8
BLACK
6
CONTINUOUS
10
4.9550787401574805
20
-4.0983070866141729
11
4.9554983070866143
21
-4.0961977952755904
0
LINE
8
BLACK
6
CONTINUOUS
10
4.9554983070866143
20
-4.0961977952755904
11
4.9566931102362206
21
-4.0944096456692911
0
LINE
8
BLACK
6
CONTINUOUS
10
4.9566931102362206
20
-4.0944096456692911
11
4.9574233070866143
21
-4.0939217322834649
0
LINE
8
BLACK
6
CONTINUOUS
10
4.9574233070866143
20
-4.0939217322834649
11
4.9573829133858265
21
-4.0648031496062993
0
LINE
8
BLACK
6
CONTINUOUS
10
4.9573829133858265
20
-4.0648031496062993
11
4.9533858267716537
21
-4.0648031496062993
0
LINE
8
BLACK
6
CONTINUOUS
10
4.9533858267716537
20
-4.0648031496062993
11
4.9533858267716537
21
-3.986062992125984
0
LINE
8
BLACK
6
CONTINUOUS
10
4.9533858267716537
20
-3.986062992125984
11
4.9730708661417324
21
-3.986062992125984
0
LINE
8
BLACK
6
CONTINUOUS
10
4.9730708661417324
20
-3.986062992125984
11
4.9730708661417324
21
-4.0648031496062993
0
LINE
8
BLACK
6
CONTINUOUS
10
5.2020078740157478
20
-4.1462598425196848
11
5.1587007874015747
21
-4.1462598425196848
0
LINE
8
BLACK
6
CONTINUOUS
10
5.1587007874015747
20
-4.1462598425196848
11
5.1587007874015747
21
-4.1305118110236219
0
LINE
8
BLACK
6
CONTINUOUS
10
5.1587007874015747
20
-4.1305118110236219
11
5.2020078740157478
21
-4.1305118110236219
0
LINE
8
BLACK
6
CONTINUOUS
10
5.2020078740157478
20
-4.1305118110236219
11
5.2020078740157478
21
-4.1462598425196848
0
LINE
8
BLACK
6
CONTINUOUS
10
4.8992168110236216
20
-4.1039187007874016
11
4.9036068503937003
21
-4.1061555511811019
0
LINE
8
BLACK
6
CONTINUOUS
10
4.9036068503937003
20
-4.1061555511811019
11
4.9070908267716531
21
-4.1096395275590547
0
LINE
8
BLACK
6
CONTINUOUS
10
4.9070908267716531
20
-4.1096395275590547
11
4.9093276771653542
21
-4.1140295669291334
0
LINE
8
BLACK
6
CONTINUOUS
10
4.9093276771653542
20
-4.1140295669291334
11
4.9100984251968507
21
-4.1188959842519681
0
LINE
8
BLACK
6
CONTINUOUS
10
4.9100984251968507
20
-4.1188959842519681
11
4.9093276771653542
21
-4.1237624015748029
0
LINE
8
BLACK
6
CONTINUOUS
10
4.9093276771653542
20
-4.1237624015748029
11
4.9070908267716531
21
-4.1281524409448815
0
LINE
8
BLACK
6
CONTINUOUS
10
4.9070908267716531
20
-4.1281524409448815
11
4.9036068503937003
21
-4.1316364173228344
0
LINE
8
BLACK
6
CONTINUOUS
10
4.9036068503937003
20
-4.1316364173228344
11
4.8992168110236216
21
-4.1338732677165355
0
LINE
8
BLACK
6
CONTINUOUS
10
4.8992168110236216
20
-4.1338732677165355
11
4.8943503937007877
21
-4.1346440157480311
0
LINE
8
BLACK
6
CONTINUOUS
10
4.8943503937007877
20
-4.1346440157480311
11
4.889483976377953
21
-4.1338732677165355
0
LINE
8
BLACK
6
CONTINUOUS
10
4.889483976377953
20
-4.1338732677165355
11
4.8883099212598422
21
-4.133275039370079
0
LINE
8
BLACK
6
CONTINUOUS
10
4.8883099212598422
20
-4.133275039370079
11
4.8873434645669294
21
-4.1342545669291342
0
LINE
8
BLACK
6
CONTINUOUS
10
4.8873434645669294
20
-4.1342545669291342
11
4.8864485433070861
21
-4.1349890157480313
0
LINE
8
BLACK
6
CONTINUOUS
10
4.8864485433070861
20
-4.1349890157480313
11
4.8855218897637798
21
-4.1353728346456693
0
LINE
8
BLACK
6
CONTINUOUS
10
4.8855218897637798
20
-4.1353728346456693
11
4.8843197637795273
21
-4.1358707874015748
0
LINE
8
BLACK
6
CONTINUOUS
10
4.8843197637795273
20
-4.1358707874015748
11
4.8674905511811026
21
-4.1359359055118112
0
LINE
8
BLACK
6
CONTINUOUS
10
4.8674905511811026
20
-4.1359359055118112
11
4.8671938582677168
21
-4.1374276377952759
0
LINE
8
BLACK
6
CONTINUOUS
10
4.8671938582677168
20
-4.1374276377952759
11
4.8660416929133854
21
-4.1391519291338579
0
LINE
8
BLACK
6
CONTINUOUS
10
4.8660416929133854
20
-4.1391519291338579
11
4.8643174015748034
21
-4.1403040944881893
0
LINE
8
BLACK
6
CONTINUOUS
10
4.8643174015748034
20
-4.1403040944881893
11
4.8622834645669286
21
-4.1407086614173227
0
LINE
8
BLACK
6
CONTINUOUS
10
4.8622834645669286
20
-4.1407086614173227
11
4.8477165354330705
21
-4.1407086614173227
0
LINE
8
BLACK
6
CONTINUOUS
10
4.8477165354330705
20
-4.1407086614173227
11
4.8456825984251966
21
-4.1403040944881893
0
LINE
8
BLACK
6
CONTINUOUS
10
4.8456825984251966
20
-4.1403040944881893
11
4.8439583070866137
21
-4.1391519291338579
0
LINE
8
BLACK
6
CONTINUOUS
10
4.8439583070866137
20
-4.1391519291338579
11
4.8428061417322832
21
-4.1374276377952759
0
LINE
8
BLACK
6
CONTINUOUS
10
4.8428061417322832
20
-4.1374276377952759
11
4.8424015748031497
21
-4.1353937007874011
0
LINE
8
BLACK
6
CONTINUOUS
10
4.8424015748031497
20
-4.1353937007874011
11
4.8424015748031497
21
-4.1247637795275587
0
LINE
8
BLACK
6
CONTINUOUS
10
4.8424015748031497
20
-4.1247637795275587
11
4.8428061417322832
21
-4.1227298425196848
0
LINE
8
BLACK
6
CONTINUOUS
10
4.8428061417322832
20
-4.1227298425196848
11
4.8439583070866137
21
-4.1210055511811019
0
LINE
8
BLACK
6
CONTINUOUS
10
4.8439583070866137
20
-4.1210055511811019
11
4.8456825984251966
21
-4.1198533858267714
0
LINE
8
BLACK
6
CONTINUOUS
10
4.8456825984251966
20
-4.1198533858267714
11
4.8477165354330705
21
-4.1194488188976379
0
LINE
8
BLACK
6
CONTINUOUS
10
4.8477165354330705
20
-4.1194488188976379
11
4.8622834645669286
21
-4.1194488188976379
0
LINE
8
BLACK
6
CONTINUOUS
10
4.8622834645669286
20
-4.1194488188976379
11
4.8643174015748034
21
-4.1198533858267714
0
LINE
8
BLACK
6
CONTINUOUS
10
4.8643174015748034
20
-4.1198533858267714
11
4.8660416929133854
21
-4.1210055511811019
0
LINE
8
BLACK
6
CONTINUOUS
10
4.8660416929133854
20
-4.1210055511811019
11
4.8671938582677168
21
-4.1227298425196848
0
LINE
8
BLACK
6
CONTINUOUS
10
4.8671938582677168
20
-4.1227298425196848
11
4.8674929921259844
21
-4.1242338582677167
0
LINE
8
BLACK
6
CONTINUOUS
10
4.8674929921259844
20
-4.1242338582677167
11
4.8795894881889765
21
-4.124187047244094
0
LINE
8
BLACK
6
CONTINUOUS
10
4.8795894881889765
20
-4.124187047244094
11
4.8793731102362203
21
-4.1237624015748029
0
LINE
8
BLACK
6
CONTINUOUS
10
4.8793731102362203
20
-4.1237624015748029
11
4.8786023622047239
21
-4.1188959842519681
0
LINE
8
BLACK
6
CONTINUOUS
10
4.8786023622047239
20
-4.1188959842519681
11
4.8793731102362203
21
-4.1140295669291334
0
LINE
8
BLACK
6
CONTINUOUS
10
4.8793731102362203
20
-4.1140295669291334
11
4.8816099606299215
21
-4.1096395275590547
0
LINE
8
BLACK
6
CONTINUOUS
10
4.8816099606299215
20
-4.1096395275590547
11
4.8850939370078743
21
-4.1061555511811019
0
LINE
8
BLACK
6
CONTINUOUS
10
4.8850939370078743
20
-4.1061555511811019
11
4.889483976377953
21
-4.1039187007874016
0
LINE
8
BLACK
6
CONTINUOUS
10
4.889483976377953
20
-4.1039187007874016
11
4.8943503937007877
21
-4.1031479527559052
0
LINE
8
BLACK
6
CONTINUOUS
10
4.8943503937007877
20
-4.1031479527559052
11
4.8992168110236216
21
-4.1039187007874016
0
LINE
8
BLACK
6
CONTINUOUS
10
5.0518110236220473
20
-4.0648031496062993
11
5.0478362598425193
21
-4.0648031496062993
0
LINE
8
BLACK
6
CONTINUOUS
10
5.0478362598425193
20
-4.0648031496062993
11
5.0478700393700784
21
-4.0846509055118112
0
LINE
8
BLACK
6
CONTINUOUS
10
5.0478700393700784
20
-4.0846509055118112
11
5.0526451968503938
21
-4.0893700787401572
0
LINE
8
BLACK
6
CONTINUOUS
10
5.0526451968503938
20
-4.0893700787401572
11
5.0622834645669288
21
-4.0893700787401572
0
LINE
8
BLACK
6
CONTINUOUS
10
5.0622834645669288
20
-4.0893700787401572
11
5.0643174015748027
21
-4.0897746456692916
0
LINE
8
BLACK
6
CONTINUOUS
10
5.0643174015748027
20
-4.0897746456692916
11
5.0660416929133856
21
-4.0909268110236221
0
LINE
8
BLACK
6
CONTINUOUS
10
5.0660416929133856
20
-4.0909268110236221
11
5.0671938582677161
21
-4.092651102362205
0
LINE
8
BLACK
6
CONTINUOUS
10
5.0671938582677161
20
-4.092651102362205
11
5.0674862992125984
21
-4.0941214173228344
0
LINE
8
BLACK
6
CONTINUOUS
10
5.0674862992125984
20
-4.0941214173228344
11
5.0694012204724412
21
-4.0941092519685043
0
LINE
8
BLACK
6
CONTINUOUS
10
5.0694012204724412
20
-4.0941092519685043
11
5.0803517322834644
21
-4.0830288976377949
0
LINE
8
BLACK
6
CONTINUOUS
10
5.0803517322834644
20
-4.0830288976377949
11
5.081246614173228
21
-4.0822944488188977
0
LINE
8
BLACK
6
CONTINUOUS
10
5.081246614173228
20
-4.0822944488188977
11
5.0830790944881885
21
-4.081535433070866
0
LINE
8
BLACK
6
CONTINUOUS
10
5.0830790944881885
20
-4.081535433070866
11
5.0833754330708656
21
-4.0814126771653543
0
LINE
8
BLACK
6
CONTINUOUS
10
5.0833754330708656
20
-4.0814126771653543
11
5.1120866141732284
21
-4.0812992125984255
0
LINE
8
BLACK
6
CONTINUOUS
10
5.1120866141732284
20
-4.0812992125984255
11
5.113201102362205
21
-4.0814089370078737
0
LINE
8
BLACK
6
CONTINUOUS
10
5.113201102362205
20
-4.0814089370078737
11
5.1587007874015747
21
-4.0813345669291339
0
LINE
8
BLACK
6
CONTINUOUS
10
5.1587007874015747
20
-4.0813345669291339
11
5.1587007874015747
21
-4.0793307086614172
0
LINE
8
BLACK
6
CONTINUOUS
10
5.1587007874015747
20
-4.0793307086614172
11
5.2020078740157478
21
-4.0793307086614172
0
LINE
8
BLACK
6
CONTINUOUS
10
5.2020078740157478
20
-4.0793307086614172
11
5.2020078740157478
21
-4.0950787401574802
0
LINE
8
BLACK
6
CONTINUOUS
10
5.2020078740157478
20
-4.0950787401574802
11
5.1587007874015747
21
-4.0950787401574802
0
LINE
8
BLACK
6
CONTINUOUS
10
5.1587007874015747
20
-4.0950787401574802
11
5.1587007874015747
21
-4.0930340157480316
0
LINE
8
BLACK
6
CONTINUOUS
10
5.1587007874015747
20
-4.0930340157480316
11
5.1120866141732284
21
-4.0931102362204728
0
LINE
8
BLACK
6
CONTINUOUS
10
5.1120866141732284
20
-4.0931102362204728
11
5.1110233858267717
21
-4.0930055118110236
0
LINE
8
BLACK
6
CONTINUOUS
10
5.1110233858267717
20
-4.0930055118110236
11
5.0868530708661419
21
-4.0931010236220473
0
LINE
8
BLACK
6
CONTINUOUS
10
5.0868530708661419
20
-4.0931010236220473
11
5.0759081102362202
21
-4.1041758267716535
0
LINE
8
BLACK
6
CONTINUOUS
10
5.0759081102362202
20
-4.1041758267716535
11
5.0750131889763779
21
-4.1049102755905507
0
LINE
8
BLACK
6
CONTINUOUS
10
5.0750131889763779
20
-4.1049102755905507
11
5.074055078740157
21
-4.1053071259842522
0
LINE
8
BLACK
6
CONTINUOUS
10
5.074055078740157
20
-4.1053071259842522
11
5.072884409448819
21
-4.1057920472440941
0
LINE
8
BLACK
6
CONTINUOUS
10
5.072884409448819
20
-4.1057920472440941
11
5.0674966929133856
21
-4.1058262204724407
0
LINE
8
BLACK
6
CONTINUOUS
10
5.0674966929133856
20
-4.1058262204724407
11
5.0671938582677161
21
-4.1073488976377952
0
LINE
8
BLACK
6
CONTINUOUS
10
5.0671938582677161
20
-4.1073488976377952
11
5.0660416929133856
21
-4.1090731889763781
0
LINE
8
BLACK
6
CONTINUOUS
10
5.0660416929133856
20
-4.1090731889763781
11
5.0643174015748027
21
-4.1102253543307086
0
LINE
8
BLACK
6
CONTINUOUS
10
5.0643174015748027
20
-4.1102253543307086
11
5.0622834645669288
21
-4.1106299212598421
0
LINE
8
BLACK
6
CONTINUOUS
10
5.0622834645669288
20
-4.1106299212598421
11
5.0477165354330706
21
-4.1106299212598421
0
LINE
8
BLACK
6
CONTINUOUS
10
5.0477165354330706
20
-4.1106299212598421
11
5.0456825984251967
21
-4.1102253543307086
0
LINE
8
BLACK
6
CONTINUOUS
10
5.0456825984251967
20
-4.1102253543307086
11
5.0439583070866139
21
-4.1090731889763781
0
LINE
8
BLACK
6
CONTINUOUS
10
5.0439583070866139
20
-4.1090731889763781
11
5.0428061417322834
21
-4.1073488976377952
0
LINE
8
BLACK
6
CONTINUOUS
10
5.0428061417322834
20
-4.1073488976377952
11
5.0424015748031499
21
-4.1053149606299213
0
LINE
8
BLACK
6
CONTINUOUS
10
5.0424015748031499
20
-4.1053149606299213
11
5.0424015748031499
21
-4.0957019685039366
0
LINE
8
BLACK
6
CONTINUOUS
10
5.0424015748031499
20
-4.0957019685039366
11
5.0380288976377949
21
-4.0913805511811026
0
LINE
8
BLACK
6
CONTINUOUS
10
5.0380288976377949
20
-4.0913805511811026
11
5.0379359055118105
21
-4.0912672440944879
0
LINE
8
BLACK
6
CONTINUOUS
10
5.0379359055118105
20
-4.0912672440944879
11
5.0377926771653545
21
-4.0911443307086612
0
LINE
8
BLACK
6
CONTINUOUS
10
5.0377926771653545
20
-4.0911443307086612
11
5.0370582283464564
21
-4.0902494094488189
0
LINE
8
BLACK
6
CONTINUOUS
10
5.0370582283464564
20
-4.0902494094488189
11
5.0364331889763783
21
-4.0887404330708659
0
LINE
8
BLACK
6
CONTINUOUS
10
5.0364331889763783
20
-4.0887404330708659
11
5.036176456692913
21
-4.08812062992126
0
LINE
8
BLACK
6
CONTINUOUS
10
5.036176456692913
20
-4.08812062992126
11
5.036136732283464
21
-4.0648031496062993
0
LINE
8
BLACK
6
CONTINUOUS
10
5.036136732283464
20
-4.0648031496062993
11
5.0321259842519686
21
-4.0648031496062993
0
LINE
8
BLACK
6
CONTINUOUS
10
5.0321259842519686
20
-4.0648031496062993
11
5.0321259842519686
21
-3.986062992125984
0
LINE
8
BLACK
6
CONTINUOUS
10
5.0321259842519686
20
-3.986062992125984
11
5.0518110236220473
21
-3.986062992125984
0
LINE
8
BLACK
6
CONTINUOUS
10
5.0518110236220473
20
-3.986062992125984
11
5.0518110236220473
21
-4.0648031496062993
0
LINE
8
BLACK
6
CONTINUOUS
10
5.2137234645669288
20
-3.9882148425196848
11
5.2155116141732281
21
-3.9894096456692911
0
LINE
8
BLACK
6
CONTINUOUS
10
5.2155116141732281
20
-3.9894096456692911
11
5.2167064173228344
21
-3.9911977952755904
0
LINE
8
BLACK
6
CONTINUOUS
10
5.2167064173228344
20
-3.9911977952755904
11
5.2171259842519682
21
-3.9933070866141733
0
LINE
8
BLACK
6
CONTINUOUS
10
5.2171259842519682
20
-3.9933070866141733
11
5.2171259842519682
21
-4.0066929133858267
0
LINE
8
BLACK
6
CONTINUOUS
10
5.2171259842519682
20
-4.0066929133858267
11
5.2167064173228344
21
-4.0088022047244092
0
LINE
8
BLACK
6
CONTINUOUS
10
5.2167064173228344
20
-4.0088022047244092
11
5.2155116141732281
21
-4.0105903543307084
0
LINE
8
BLACK
6
CONTINUOUS
10
5.2155116141732281
20
-4.0105903543307084
11
5.2137234645669288
21
-4.0117851574803147
0
LINE
8
BLACK
6
CONTINUOUS
10
5.2137234645669288
20
-4.0117851574803147
11
5.2119228346456694
21
-4.0121433070866139
0
LINE
8
BLACK
6
CONTINUOUS
10
5.2119228346456694
20
-4.0121433070866139
11
5.2120078740157476
21
-4.0518976377952756
0
LINE
8
BLACK
6
CONTINUOUS
10
5.2120078740157476
20
-4.0518976377952756
11
5.2118944094488189
21
-4.0530497637795273
0
LINE
8
BLACK
6
CONTINUOUS
10
5.2118944094488189
20
-4.0530497637795273
11
5.2116191338582674
21
-4.0537143307086616
0
LINE
8
BLACK
6
CONTINUOUS
10
5.2116191338582674
20
-4.0537143307086616
11
5.2110126377952755
21
-4.0551785433070862
0
LINE
8
BLACK
6
CONTINUOUS
10
5.2110126377952755
20
-4.0551785433070862
11
5.2020078740157478
21
-4.0643215354330708
0
LINE
8
BLACK
6
CONTINUOUS
10
5.2020078740157478
20
-4.0643215354330708
11
5.2020078740157478
21
-4.0694881889763774
0
LINE
8
BLACK
6
CONTINUOUS
10
5.2020078740157478
20
-4.0694881889763774
11
5.1587007874015747
21
-4.0694881889763774
0
LINE
8
BLACK
6
CONTINUOUS
10
5.1587007874015747
20
-4.0694881889763774
11
5.1587007874015747
21
-4.0674553937007873
0
LINE
8
BLACK
6
CONTINUOUS
10
5.1587007874015747
20
-4.0674553937007873
11
5.1371918897637796
21
-4.0675018110236216
0
LINE
8
BLACK
6
CONTINUOUS
10
5.1371918897637796
20
-4.0675018110236216
11
5.1342564566929134
21
-4.0704372834645666
0
LINE
8
BLACK
6
CONTINUOUS
10
5.1342564566929134
20
-4.0704372834645666
11
5.1298664173228348
21
-4.0726741338582677
0
LINE
8
BLACK
6
CONTINUOUS
10
5.1298664173228348
20
-4.0726741338582677
11
5.125
21
-4.0734448818897633
0
LINE
8
BLACK
6
CONTINUOUS
10
5.125
20
-4.0734448818897633
11
5.1201335826771652
21
-4.0726741338582677
0
LINE
8
BLACK
6
CONTINUOUS
10
5.1201335826771652
20
-4.0726741338582677
11
5.1157435433070866
21
-4.0704372834645666
0
LINE
8
BLACK
6
CONTINUOUS
10
5.1157435433070866
20
-4.0704372834645666
11
5.1122595669291337
21
-4.0669533070866137
0
LINE
8
BLACK
6
CONTINUOUS
10
5.1122595669291337
20
-4.0669533070866137
11
5.1100227165354326
21
-4.0625632677165351
0
LINE
8
BLACK
6
CONTINUOUS
10
5.1100227165354326
20
-4.0625632677165351
11
5.109251968503937
21
-4.0576968503937003
0
LINE
8
BLACK
6
CONTINUOUS
10
5.109251968503937
20
-4.0576968503937003
11
5.1100227165354326
21
-4.0528304330708664
0
LINE
8
BLACK
6
CONTINUOUS
10
5.1100227165354326
20
-4.0528304330708664
11
5.1122595669291337
21
-4.0484403937007869
0
LINE
8
BLACK
6
CONTINUOUS
10
5.1122595669291337
20
-4.0484403937007869
11
5.1157435433070866
21
-4.044956417322835
0
LINE
8
BLACK
6
CONTINUOUS
10
5.1157435433070866
20
-4.044956417322835
11
5.1201335826771652
21
-4.0427195669291338
0
LINE
8
BLACK
6
CONTINUOUS
10
5.1201335826771652
20
-4.0427195669291338
11
5.125
21
-4.0419488188976374
0
LINE
8
BLACK
6
CONTINUOUS
10
5.125
20
-4.0419488188976374
11
5.1298664173228348
21
-4.0427195669291338
0
LINE
8
BLACK
6
CONTINUOUS
10
5.1298664173228348
20
-4.0427195669291338
11
5.1342564566929134
21
-4.044956417322835
0
LINE
8
BLACK
6
CONTINUOUS
10
5.1342564566929134
20
-4.044956417322835
11
5.1377404330708663
21
-4.0484403937007869
0
LINE
8
BLACK
6
CONTINUOUS
10
5.1377404330708663
20
-4.0484403937007869
11
5.1399772834645665
21
-4.0528304330708664
0
LINE
8
BLACK
6
CONTINUOUS
10
5.1399772834645665
20
-4.0528304330708664
11
5.1404467716535436
21
-4.0557947637795273
0
LINE
8
BLACK
6
CONTINUOUS
10
5.1404467716535436
20
-4.0557947637795273
11
5.1587007874015747
21
-4.0557553543307083
0
LINE
8
BLACK
6
CONTINUOUS
10
5.1587007874015747
20
-4.0557553543307083
11
5.1587007874015747
21
-4.0537401574803145
0
LINE
8
BLACK
6
CONTINUOUS
10
5.1587007874015747
20
-4.0537401574803145
11
5.1959992125984247
21
-4.0537401574803145
0
LINE
8
BLACK
6
CONTINUOUS
10
5.1959992125984247
20
-4.0537401574803145
11
5.2003024409448821
21
-4.0493708267716535
0
LINE
8
BLACK
6
CONTINUOUS
10
5.2003024409448821
20
-4.0493708267716535
11
5.2002227952755904
21
-4.0121315354330704
0
LINE
8
BLACK
6
CONTINUOUS
10
5.2002227952755904
20
-4.0121315354330704
11
5.1984812598425192
21
-4.0117851574803147
0
LINE
8
BLACK
6
CONTINUOUS
10
5.1984812598425192
20
-4.0117851574803147
11
5.1966931102362199
21
-4.0105903543307084
0
LINE
8
BLACK
6
CONTINUOUS
10
5.1966931102362199
20
-4.0105903543307084
11
5.1954983070866136
21
-4.0088022047244092
0
LINE
8
BLACK
6
CONTINUOUS
10
5.1954983070866136
20
-4.0088022047244092
11
5.1950787401574798
21
-4.0066929133858267
0
LINE
8
BLACK
6
CONTINUOUS
10
5.1950787401574798
20
-4.0066929133858267
11
5.1950787401574798
21
-3.9933070866141733
0
LINE
8
BLACK
6
CONTINUOUS
10
5.1950787401574798
20
-3.9933070866141733
11
5.1954983070866136
21
-3.9911977952755904
0
LINE
8
BLACK
6
CONTINUOUS
10
5.1954983070866136
20
-3.9911977952755904
11
5.1966931102362199
21
-3.9894096456692911
0
LINE
8
BLACK
6
CONTINUOUS
10
5.1966931102362199
20
-3.9894096456692911
11
5.1984812598425192
21
-3.9882148425196848
0
LINE
8
BLACK
6
CONTINUOUS
10
5.1984812598425192
20
-3.9882148425196848
11
5.2005905511811026
21
-3.987795275590551
0
LINE
8
BLACK
6
CONTINUOUS
10
5.2005905511811026
20
-3.987795275590551
11
5.2116141732283463
21
-3.987795275590551
0
LINE
8
BLACK
6
CONTINUOUS
10
5.2116141732283463
20
-3.987795275590551
11
5.2137234645669288
21
-3.9882148425196848
0
LINE
8
BLACK
6
CONTINUOUS
10
4.9061417322834648
20
-3.9683464566929132
11
4.8958061811023619
21
-3.9683464566929132
0
LINE
8
BLACK
6
CONTINUOUS
10
4.8958061811023619
20
-3.9683464566929132
11
4.8959055118110237
21
-4.0350000000000001
0
LINE
8
BLACK
6
CONTINUOUS
10
4.8959055118110237
20
-4.0350000000000001
11
4.8957920472440941
21
-4.0361521259842519
0
LINE
8
BLACK
6
CONTINUOUS
10
4.8957920472440941
20
-4.0361521259842519
11
4.8956655905511806
21
-4.0364574015748031
0
LINE
8
BLACK
6
CONTINUOUS
10
4.8956655905511806
20
-4.0364574015748031
11
4.8949102755905507
21
-4.0382809448818895
0
LINE
8
BLACK
6
CONTINUOUS
10
4.8949102755905507
20
-4.0382809448818895
11
4.889348464566929
21
-4.0438994488188973
0
LINE
8
BLACK
6
CONTINUOUS
10
4.889348464566929
20
-4.0438994488188973
11
4.8899772834645665
21
-4.0451335826771651
0
LINE
8
BLACK
6
CONTINUOUS
10
4.8899772834645665
20
-4.0451335826771651
11
4.890748031496063
21
-4.0499999999999998
0
LINE
8
BLACK
6
CONTINUOUS
10
4.890748031496063
20
-4.0499999999999998
11
4.8899772834645665
21
-4.0548664173228346
0
LINE
8
BLACK
6
CONTINUOUS
10
4.8899772834645665
20
-4.0548664173228346
11
4.8877404330708663
21
-4.0592564566929132
0
LINE
8
BLACK
6
CONTINUOUS
10
4.8877404330708663
20
-4.0592564566929132
11
4.8842564566929134
21
-4.0627404330708661
0
LINE
8
BLACK
6
CONTINUOUS
10
4.8842564566929134
20
-4.0627404330708661
11
4.8798664173228348
21
-4.0649772834645672
0
LINE
8
BLACK
6
CONTINUOUS
10
4.8798664173228348
20
-4.0649772834645672
11
4.875
21
-4.0657480314960628
0
LINE
8
BLACK
6
CONTINUOUS
10
4.875
20
-4.0657480314960628
11
4.8701335826771652
21
-4.0649772834645672
0
LINE
8
BLACK
6
CONTINUOUS
10
4.8701335826771652
20
-4.0649772834645672
11
4.8657435433070866
21
-4.0627404330708661
0
LINE
8
BLACK
6
CONTINUOUS
10
4.8657435433070866
20
-4.0627404330708661
11
4.8622595669291337
21
-4.0592564566929132
0
LINE
8
BLACK
6
CONTINUOUS
10
4.8622595669291337
20
-4.0592564566929132
11
4.8600227165354326
21
-4.0548664173228346
0
LINE
8
BLACK
6
CONTINUOUS
10
4.8600227165354326
20
-4.0548664173228346
11
4.859251968503937
21
-4.0499999999999998
0
LINE
8
BLACK
6
CONTINUOUS
10
4.859251968503937
20
-4.0499999999999998
11
4.8600227165354326
21
-4.0451335826771651
0
LINE
8
BLACK
6
CONTINUOUS
10
4.8600227165354326
20
-4.0451335826771651
11
4.8622595669291337
21
-4.0407435433070864
0
LINE
8
BLACK
6
CONTINUOUS
10
4.8622595669291337
20
-4.0407435433070864
11
4.8657435433070866
21
-4.0372595669291336
0
LINE
8
BLACK
6
CONTINUOUS
10
4.8657435433070866
20
-4.0372595669291336
11
4.8701335826771652
21
-4.0350227165354333
0
LINE
8
BLACK
6
CONTINUOUS
10
4.8701335826771652
20
-4.0350227165354333
11
4.875
21
-4.0342519685039369
0
LINE
8
BLACK
6
CONTINUOUS
10
4.875
20
-4.0342519685039369
11
4.8798664173228348
21
-4.0350227165354333
0
LINE
8
BLACK
6
CONTINUOUS
10
4.8798664173228348
20
-4.0350227165354333
11
4.8810639763779529
21
-4.0356328740157483
0
LINE
8
BLACK
6
CONTINUOUS
10
4.8810639763779529
20
-4.0356328740157483
11
4.8842024409448817
21
-4.0324624015748034
0
LINE
8
BLACK
6
CONTINUOUS
10
4.8842024409448817
20
-4.0324624015748034
11
4.8841069291338579
21
-3.9683464566929132
0
LINE
8
BLACK
6
CONTINUOUS
10
4.8841069291338579
20
-3.9683464566929132
11
4.8274015748031491
21
-3.9683464566929132
0
LINE
8
BLACK
6
CONTINUOUS
10
4.8274015748031491
20
-3.9683464566929132
11
4.8274015748031491
21
-3.9486614173228345
0
LINE
8
BLACK
6
CONTINUOUS
10
4.8274015748031491
20
-3.9486614173228345
11
4.9061417322834648
21
-3.9486614173228345
0
LINE
8
BLACK
6
CONTINUOUS
10
4.9061417322834648
20
-3.9486614173228345
11
4.9061417322834648
21
-3.9683464566929132
0
LINE
8
BLACK
6
CONTINUOUS
10
5.0911811023622047
20
-4.0648031496062993
11
5.071496062992126
21
-4.0648031496062993
0
LINE
8
BLACK
6
CONTINUOUS
10
5.071496062992126
20
-4.0648031496062993
11
5.071496062992126
21
-3.986062992125984
0
LINE
8
BLACK
6
CONTINUOUS
10
5.071496062992126
20
-3.986062992125984
11
5.0911811023622047
21
-3.986062992125984
0
LINE
8
BLACK
6
CONTINUOUS
10
5.0911811023622047
20
-3.986062992125984
11
5.0911811023622047
21
-4.0648031496062993
0
LINE
8
BLACK
6
CONTINUOUS
10
5.9091774803149608
20
-4.1570938582677162
11
5.9138909448818895
21
-4.1601230314960631
0
LINE
8
BLACK
6
CONTINUOUS
10
5.9138909448818895
20
-4.1601230314960631
11
5.9175601181102362
21
-4.1643574803149601
0
LINE
8
BLACK
6
CONTINUOUS
10
5.9175601181102362
20
-4.1643574803149601
11
5.9198876377952754
21
-4.1694540944881888
0
LINE
8
BLACK
6
CONTINUOUS
10
5.9198876377952754
20
-4.1694540944881888
11
5.9206850393700785
21
-4.1749999999999998
0
LINE
8
BLACK
6
CONTINUOUS
10
5.9206850393700785
20
-4.1749999999999998
11
5.9198876377952754
21
-4.1805459055118108
0
LINE
8
BLACK
6
CONTINUOUS
10
5.9198876377952754
20
-4.1805459055118108
11
5.9175601181102362
21
-4.1856425196850395
0
LINE
8
BLACK
6
CONTINUOUS
10
5.9175601181102362
20
-4.1856425196850395
11
5.9138909448818895
21
-4.1898769685039365
0
LINE
8
BLACK
6
CONTINUOUS
10
5.9138909448818895
20
-4.1898769685039365
11
5.9091774803149608
21
-4.1929061417322835
0
LINE
8
BLACK
6
CONTINUOUS
10
5.9091774803149608
20
-4.1929061417322835
11
5.9038014566929133
21
-4.1944846850393702
0
LINE
8
BLACK
6
CONTINUOUS
10
5.9038014566929133
20
-4.1944846850393702
11
5.8981985433070863
21
-4.1944846850393702
0
LINE
8
BLACK
6
CONTINUOUS
10
5.8981985433070863
20
-4.1944846850393702
11
5.8928225196850397
21
-4.1929061417322835
0
LINE
8
BLACK
6
CONTINUOUS
10
5.8928225196850397
20
-4.1929061417322835
11
5.8881090551181101
21
-4.1898769685039365
0
LINE
8
BLACK
6
CONTINUOUS
10
5.8881090551181101
20
-4.1898769685039365
11
5.8844398818897634
21
-4.1856425196850395
0
LINE
8
BLACK
6
CONTINUOUS
10
5.8844398818897634
20
-4.1856425196850395
11
5.8821123622047242
21
-4.1805459055118108
0
LINE
8
BLACK
6
CONTINUOUS
10
5.8821123622047242
20
-4.1805459055118108
11
5.8813149606299211
21
-4.1749999999999998
0
LINE
8
BLACK
6
CONTINUOUS
10
5.8813149606299211
20
-4.1749999999999998
11
5.8821123622047242
21
-4.1694540944881888
0
LINE
8
BLACK
6
CONTINUOUS
10
5.8821123622047242
20
-4.1694540944881888
11
5.8844398818897634
21
-4.1643574803149601
0
LINE
8
BLACK
6
CONTINUOUS
10
5.8844398818897634
20
-4.1643574803149601
11
5.8881090551181101
21
-4.1601230314960631
0
LINE
8
BLACK
6
CONTINUOUS
10
5.8881090551181101
20
-4.1601230314960631
11
5.8928225196850397
21
-4.1570938582677162
0
LINE
8
BLACK
6
CONTINUOUS
10
5.8928225196850397
20
-4.1570938582677162
11
5.8981985433070863
21
-4.1555153149606294
0
LINE
8
BLACK
6
CONTINUOUS
10
5.8981985433070863
20
-4.1555153149606294
11
5.9038014566929133
21
-4.1555153149606294
0
LINE
8
BLACK
6
CONTINUOUS
10
5.9038014566929133
20
-4.1555153149606294
11
5.9091774803149608
21
-4.1570938582677162
0
LINE
8
BLACK
6
CONTINUOUS
10
5.2856516141732284
20
-4.0825383858267719
11
5.290041653543307
21
-4.0847752362204721
0
LINE
8
BLACK
6
CONTINUOUS
10
5.290041653543307
20
-4.0847752362204721
11
5.2935256299212599
21
-4.088259212598425
0
LINE
8
BLACK
6
CONTINUOUS
10
5.2935256299212599
20
-4.088259212598425
11
5.2957624803149601
21
-4.0926492519685036
0
LINE
8
BLACK
6
CONTINUOUS
10
5.2957624803149601
20
-4.0926492519685036
11
5.2965332283464566
21
-4.0975156692913384
0
LINE
8
BLACK
6
CONTINUOUS
10
5.2965332283464566
20
-4.0975156692913384
11
5.2957624803149601
21
-4.1023820866141731
0
LINE
8
BLACK
6
CONTINUOUS
10
5.2957624803149601
20
-4.1023820866141731
11
5.2951516141732284
21
-4.1035809055118113
0
LINE
8
BLACK
6
CONTINUOUS
10
5.2951516141732284
20
-4.1035809055118113
11
5.2986004724409446
21
-4.106995551181102
0
LINE
8
BLACK
6
CONTINUOUS
10
5.2986004724409446
20
-4.106995551181102
11
5.3279921259842515
21
-4.1069346456692912
0
LINE
8
BLACK
6
CONTINUOUS
10
5.3279921259842515
20
-4.1069346456692912
11
5.3279921259842515
21
-4.10492125984252
0
LINE
8
BLACK
6
CONTINUOUS
10
5.3279921259842515
20
-4.10492125984252
11
5.3712992125984247
21
-4.10492125984252
0
LINE
8
BLACK
6
CONTINUOUS
10
5.3712992125984247
20
-4.10492125984252
11
5.3712992125984247
21
-4.1069506299212595
0
LINE
8
BLACK
6
CONTINUOUS
10
5.3712992125984247
20
-4.1069506299212595
11
5.3977165354330712
21
-4.1068897637795274
0
LINE
8
BLACK
6
CONTINUOUS
10
5.3977165354330712
20
-4.1068897637795274
11
5.3988686614173229
21
-4.107003228346457
0
LINE
8
BLACK
6
CONTINUOUS
10
5.3988686614173229
20
-4.107003228346457
11
5.3997031496062995
21
-4.1073488976377952
0
LINE
8
BLACK
6
CONTINUOUS
10
5.3997031496062995
20
-4.1073488976377952
11
5.4009974409448818
21
-4.1078849999999996
0
LINE
8
BLACK
6
CONTINUOUS
10
5.4009974409448818
20
-4.1078849999999996
11
5.410599133858268
21
-4.1174015748031492
0
LINE
8
BLACK
6
CONTINUOUS
10
5.410599133858268
20
-4.1174015748031492
11
5.4202362204724412
21
-4.1174015748031492
0
LINE
8
BLACK
6
CONTINUOUS
10
5.4202362204724412
20
-4.1174015748031492
11
5.4222701574803152
21
-4.1178061417322835
0
LINE
8
BLACK
6
CONTINUOUS
10
5.4222701574803152
20
-4.1178061417322835
11
5.4239944488188971
21
-4.118958307086614
0
LINE
8
BLACK
6
CONTINUOUS
10
5.4239944488188971
20
-4.118958307086614
11
5.4251466141732285
21
-4.1206825984251969
0
LINE
8
BLACK
6
CONTINUOUS
10
5.4251466141732285
20
-4.1206825984251969
11
5.425551181102362
21
-4.1227165354330708
0
LINE
8
BLACK
6
CONTINUOUS
10
5.425551181102362
20
-4.1227165354330708
11
5.425551181102362
21
-4.137283464566929
0
LINE
8
BLACK
6
CONTINUOUS
10
5.425551181102362
20
-4.137283464566929
11
5.4251466141732285
21
-4.1393174015748029
0
LINE
8
BLACK
6
CONTINUOUS
10
5.4251466141732285
20
-4.1393174015748029
11
5.4239944488188971
21
-4.1410416929133858
0
LINE
8
BLACK
6
CONTINUOUS
10
5.4239944488188971
20
-4.1410416929133858
11
5.4222701574803152
21
-4.1421938582677162
0
LINE
8
BLACK
6
CONTINUOUS
10
5.4222701574803152
20
-4.1421938582677162
11
5.4202362204724412
21
-4.1425984251968506
0
LINE
8
BLACK
6
CONTINUOUS
10
5.4202362204724412
20
-4.1425984251968506
11
5.4096062992125979
21
-4.1425984251968506
0
LINE
8
BLACK
6
CONTINUOUS
10
5.4096062992125979
20
-4.1425984251968506
11
5.407572362204724
21
-4.1421938582677162
0
LINE
8
BLACK
6
CONTINUOUS
10
5.407572362204724
20
-4.1421938582677162
11
5.4058480708661421
21
-4.1410416929133858
0
LINE
8
BLACK
6
CONTINUOUS
10
5.4058480708661421
20
-4.1410416929133858
11
5.4046959055118107
21
-4.1393174015748029
0
LINE
8
BLACK
6
CONTINUOUS
10
5.4046959055118107
20
-4.1393174015748029
11
5.4042913385826772
21
-4.137283464566929
0
LINE
8
BLACK
6
CONTINUOUS
10
5.4042913385826772
20
-4.137283464566929
11
5.4042913385826772
21
-4.1276264173228343
0
LINE
8
BLACK
6
CONTINUOUS
10
5.4042913385826772
20
-4.1276264173228343
11
5.3951799606299211
21
-4.1185957874015751
0
LINE
8
BLACK
6
CONTINUOUS
10
5.3951799606299211
20
-4.1185957874015751
11
5.3712992125984247
21
-4.1186508661417323
0
LINE
8
BLACK
6
CONTINUOUS
10
5.3712992125984247
20
-4.1186508661417323
11
5.3712992125984247
21
-4.120669291338583
0
LINE
8
BLACK
6
CONTINUOUS
10
5.3712992125984247
20
-4.120669291338583
11
5.3279921259842515
21
-4.120669291338583
0
LINE
8
BLACK
6
CONTINUOUS
10
5.3279921259842515
20
-4.120669291338583
11
5.3279921259842515
21
-4.118634566929134
0
LINE
8
BLACK
6
CONTINUOUS
10
5.3279921259842515
20
-4.118634566929134
11
5.2960648031496058
21
-4.1187007874015746
0
LINE
8
BLACK
6
CONTINUOUS
10
5.2960648031496058
20
-4.1187007874015746
11
5.2949126771653541
21
-4.1185873228346459
0
LINE
8
BLACK
6
CONTINUOUS
10
5.2949126771653541
20
-4.1185873228346459
11
5.2938972047244093
21
-4.1181666929133858
0
LINE
8
BLACK
6
CONTINUOUS
10
5.2938972047244093
20
-4.1181666929133858
11
5.2927838976377952
21
-4.1177055511811025
0
LINE
8
BLACK
6
CONTINUOUS
10
5.2927838976377952
20
-4.1177055511811025
11
5.2868845275590548
21
-4.1118647244094486
0
LINE
8
BLACK
6
CONTINUOUS
10
5.2868845275590548
20
-4.1118647244094486
11
5.2856516141732284
21
-4.1124929527559058
0
LINE
8
BLACK
6
CONTINUOUS
10
5.2856516141732284
20
-4.1124929527559058
11
5.2807851968503936
21
-4.1132637007874013
0
LINE
8
BLACK
6
CONTINUOUS
10
5.2807851968503936
20
-4.1132637007874013
11
5.2759187795275588
21
-4.1124929527559058
0
LINE
8
BLACK
6
CONTINUOUS
10
5.2759187795275588
20
-4.1124929527559058
11
5.2715287401574802
21
-4.1102561023622046
0
LINE
8
BLACK
6
CONTINUOUS
10
5.2715287401574802
20
-4.1102561023622046
11
5.2680447637795274
21
-4.1067721259842518
0
LINE
8
BLACK
6
CONTINUOUS
10
5.2680447637795274
20
-4.1067721259842518
11
5.2658079133858262
21
-4.1023820866141731
0
LINE
8
BLACK
6
CONTINUOUS
10
5.2658079133858262
20
-4.1023820866141731
11
5.2650371653543306
21
-4.0975156692913384
0
LINE
8
BLACK
6
CONTINUOUS
10
5.2650371653543306
20
-4.0975156692913384
11
5.2658079133858262
21
-4.0926492519685036
0
LINE
8
BLACK
6
CONTINUOUS
10
5.2658079133858262
20
-4.0926492519685036
11
5.2680447637795274
21
-4.088259212598425
0
LINE
8
BLACK
6
CONTINUOUS
10
5.2680447637795274
20
-4.088259212598425
11
5.2715287401574802
21
-4.0847752362204721
0
LINE
8
BLACK
6
CONTINUOUS
10
5.2715287401574802
20
-4.0847752362204721
11
5.2759187795275588
21
-4.0825383858267719
0
LINE
8
BLACK
6
CONTINUOUS
10
5.2759187795275588
20
-4.0825383858267719
11
5.2807851968503936
21
-4.0817676377952754
0
LINE
8
BLACK
6
CONTINUOUS
10
5.2807851968503936
20
-4.0817676377952754
11
5.2856516141732284
21
-4.0825383858267719
0
LINE
8
BLACK
6
CONTINUOUS
10
5.5725019291338578
20
-3.8678466929133859
11
5.5768919685039373
21
-3.8700835433070866
0
LINE
8
BLACK
6
CONTINUOUS
10
5.5768919685039373
20
-3.8700835433070866
11
5.5803759448818893
21
-3.8735675196850394
0
LINE
8
BLACK
6
CONTINUOUS
10
5.5803759448818893
20
-3.8735675196850394
11
5.5821068503937008
21
-3.8769646062992127
0
LINE
8
BLACK
6
CONTINUOUS
10
5.5821068503937008
20
-3.8769646062992127
11
5.5928239763779528
21
-3.8769184645669292
0
LINE
8
BLACK
6
CONTINUOUS
10
5.5928239763779528
20
-3.8769184645669292
11
5.5939761023622045
21
-3.877031929133858
0
LINE
8
BLACK
6
CONTINUOUS
10
5.5939761023622045
20
-3.877031929133858
11
5.594857874015748
21
-3.8773971653543304
0
LINE
8
BLACK
6
CONTINUOUS
10
5.594857874015748
20
-3.8773971653543304
11
5.5961048818897634
21
-3.8779137007874014
0
LINE
8
BLACK
6
CONTINUOUS
10
5.5961048818897634
20
-3.8779137007874014
11
5.6091758267716534
21
-3.8908241732283462
0
LINE
8
BLACK
6
CONTINUOUS
10
5.6091758267716534
20
-3.8908241732283462
11
5.6099102755905514
21
-3.8917190551181102
0
LINE
8
BLACK
6
CONTINUOUS
10
5.6099102755905514
20
-3.8917190551181102
11
5.6105337401574804
21
-3.8932243700787401
0
LINE
8
BLACK
6
CONTINUOUS
10
5.6105337401574804
20
-3.8932243700787401
11
5.610792047244094
21
-3.8938478740157478
0
LINE
8
BLACK
6
CONTINUOUS
10
5.610792047244094
20
-3.8938478740157478
11
5.6109055118110236
21
-3.9305135433070864
0
LINE
8
BLACK
6
CONTINUOUS
10
5.6109055118110236
20
-3.9305135433070864
11
5.610792047244094
21
-3.9316656299212598
0
LINE
8
BLACK
6
CONTINUOUS
10
5.610792047244094
20
-3.9316656299212598
11
5.6099102755905514
21
-3.9337944881889761
0
LINE
8
BLACK
6
CONTINUOUS
10
5.6099102755905514
20
-3.9337944881889761
11
5.5813301968503932
21
-3.9625258267716537
0
LINE
8
BLACK
6
CONTINUOUS
10
5.5813301968503932
20
-3.9625258267716537
11
5.5812251181102361
21
-3.9635930708661418
0
LINE
8
BLACK
6
CONTINUOUS
10
5.5812251181102361
20
-3.9635930708661418
11
5.5810740944881889
21
-3.9639576377952754
0
LINE
8
BLACK
6
CONTINUOUS
10
5.5810740944881889
20
-3.9639576377952754
11
5.5803433464566927
21
-3.9657218503937006
0
LINE
8
BLACK
6
CONTINUOUS
10
5.5803433464566927
20
-3.9657218503937006
11
5.5586640157480316
21
-3.9875616535433069
0
LINE
8
BLACK
6
CONTINUOUS
10
5.5586640157480316
20
-3.9875616535433069
11
5.5577690944881892
21
-3.9882961023622046
0
LINE
8
BLACK
6
CONTINUOUS
10
5.5577690944881892
20
-3.9882961023622046
11
5.5565220866141729
21
-3.9888125984251968
0
LINE
8
BLACK
6
CONTINUOUS
10
5.5565220866141729
20
-3.9888125984251968
11
5.5556403149606295
21
-3.989177874015748
0
LINE
8
BLACK
6
CONTINUOUS
10
5.5556403149606295
20
-3.989177874015748
11
5.5420078740157477
21
-3.9892216929133859
0
LINE
8
BLACK
6
CONTINUOUS
10
5.5420078740157477
20
-3.9892216929133859
11
5.5420078740157477
21
-3.991259842519685
0
LINE
8
BLACK
6
CONTINUOUS
10
5.5420078740157477
20
-3.991259842519685
11
5.5261737401574802
21
-3.991259842519685
0
LINE
8
BLACK
6
CONTINUOUS
10
5.5261737401574802
20
-3.991259842519685
11
5.5262598425196847
21
-4.0196456692913385
0
LINE
8
BLACK
6
CONTINUOUS
10
5.5262598425196847
20
-4.0196456692913385
11
5.5261575196850394
21
-4.0206843700787402
0
LINE
8
BLACK
6
CONTINUOUS
10
5.5261575196850394
20
-4.0206843700787402
11
5.5262054330708663
21
-4.0300787401574798
0
LINE
8
BLACK
6
CONTINUOUS
10
5.5262054330708663
20
-4.0300787401574798
11
5.5266929133858262
21
-4.0300787401574798
0
LINE
8
BLACK
6
CONTINUOUS
10
5.5266929133858262
20
-4.0300787401574798
11
5.5288022047244096
21
-4.0304983070866145
0
LINE
8
BLACK
6
CONTINUOUS
10
5.5288022047244096
20
-4.0304983070866145
11
5.5305903543307089
21
-4.0316931102362208
0
LINE
8
BLACK
6
CONTINUOUS
10
5.5305903543307089
20
-4.0316931102362208
11
5.5317851574803152
21
-4.0334812598425192
0
LINE
8
BLACK
6
CONTINUOUS
10
5.5317851574803152
20
-4.0334812598425192
11
5.532204724409449
21
-4.0355905511811025
0
LINE
8
BLACK
6
CONTINUOUS
10
5.532204724409449
20
-4.0355905511811025
11
5.532204724409449
21
-4.0466141732283463
0
LINE
8
BLACK
6
CONTINUOUS
10
5.532204724409449
20
-4.0466141732283463
11
5.5317851574803152
21
-4.0487234645669288
0
LINE
8
BLACK
6
CONTINUOUS
10
5.5317851574803152
20
-4.0487234645669288
11
5.5305903543307089
21
-4.050511614173228
0
LINE
8
BLACK
6
CONTINUOUS
10
5.5305903543307089
20
-4.050511614173228
11
5.5288022047244096
21
-4.0517064173228343
0
LINE
8
BLACK
6
CONTINUOUS
10
5.5288022047244096
20
-4.0517064173228343
11
5.5266929133858262
21
-4.0521259842519681
0
LINE
8
BLACK
6
CONTINUOUS
10
5.5266929133858262
20
-4.0521259842519681
11
5.5133070866141729
21
-4.0521259842519681
0
LINE
8
BLACK
6
CONTINUOUS
10
5.5133070866141729
20
-4.0521259842519681
11
5.5111977952755904
21
-4.0517064173228343
0
LINE
8
BLACK
6
CONTINUOUS
10
5.5111977952755904
20
-4.0517064173228343
11
5.5094096456692911
21
-4.050511614173228
0
LINE
8
BLACK
6
CONTINUOUS
10
5.5094096456692911
20
-4.050511614173228
11
5.5082148425196849
21
-4.0487234645669288
0
LINE
8
BLACK
6
CONTINUOUS
10
5.5082148425196849
20
-4.0487234645669288
11
5.5078655511811023
21
-4.0469675590551182
0
LINE
8
BLACK
6
CONTINUOUS
10
5.5078655511811023
20
-4.0469675590551182
11
5.5005511811023622
21
-4.0470078740157476
0
LINE
8
BLACK
6
CONTINUOUS
10
5.5005511811023622
20
-4.0470078740157476
11
5.4993990551181104
21
-4.0468944094488188
0
LINE
8
BLACK
6
CONTINUOUS
10
5.4993990551181104
20
-4.0468944094488188
11
5.4981788582677167
21
-4.046388976377953
0
LINE
8
BLACK
6
CONTINUOUS
10
5.4981788582677167
20
-4.046388976377953
11
5.4972702755905507
21
-4.0460126377952754
0
LINE
8
BLACK
6
CONTINUOUS
10
5.4972702755905507
20
-4.0460126377952754
11
5.4769962598425197
21
-4.025887047244094
0
LINE
8
BLACK
6
CONTINUOUS
10
5.4769962598425197
20
-4.025887047244094
11
5.4674919291338577
21
-4.0259290551181097
0
LINE
8
BLACK
6
CONTINUOUS
10
5.4674919291338577
20
-4.0259290551181097
11
5.4671938582677164
21
-4.0274276377952756
0
LINE
8
BLACK
6
CONTINUOUS
10
5.4671938582677164
20
-4.0274276377952756
11
5.4660416929133859
21
-4.0291519291338584
0
LINE
8
BLACK
6
CONTINUOUS
10
5.4660416929133859
20
-4.0291519291338584
11
5.4643174015748031
21
-4.0303040944881889
0
LINE
8
BLACK
6
CONTINUOUS
10
5.4643174015748031
20
-4.0303040944881889
11
5.4622834645669291
21
-4.0307086614173224
0
LINE
8
BLACK
6
CONTINUOUS
10
5.4622834645669291
20
-4.0307086614173224
11
5.4608334251968502
21
-4.0307086614173224
0
LINE
8
BLACK
6
CONTINUOUS
10
5.4608334251968502
20
-4.0307086614173224
11
5.4608405905511805
21
-4.0327514173228343
0
LINE
8
BLACK
6
CONTINUOUS
10
5.4608405905511805
20
-4.0327514173228343
11
5.4608707874015749
21
-4.0328242519685036
0
LINE
8
BLACK
6
CONTINUOUS
10
5.4608707874015749
20
-4.0328242519685036
11
5.4609842519685037
21
-4.0394881889763781
0
LINE
8
BLACK
6
CONTINUOUS
10
5.4609842519685037
20
-4.0394881889763781
11
5.4608892913385825
21
-4.0404522047244091
0
LINE
8
BLACK
6
CONTINUOUS
10
5.4608892913385825
20
-4.0404522047244091
11
5.4609842519685037
21
-4.0512992125984253
0
LINE
8
BLACK
6
CONTINUOUS
10
5.4609842519685037
20
-4.0512992125984253
11
5.4608780314960628
21
-4.0523775984251964
0
LINE
8
BLACK
6
CONTINUOUS
10
5.4608780314960628
20
-4.0523775984251964
11
5.4609435826771655
21
-4.0725109448818895
0
LINE
8
BLACK
6
CONTINUOUS
10
5.4609435826771655
20
-4.0725109448818895
11
5.4624276377952752
21
-4.0728061417322836
0
LINE
8
BLACK
6
CONTINUOUS
10
5.4624276377952752
20
-4.0728061417322836
11
5.4641519291338581
21
-4.0739583070866141
0
LINE
8
BLACK
6
CONTINUOUS
10
5.4641519291338581
20
-4.0739583070866141
11
5.4653040944881885
21
-4.075682598425197
0
LINE
8
BLACK
6
CONTINUOUS
10
5.4653040944881885
20
-4.075682598425197
11
5.4657086614173229
21
-4.0777165354330709
0
LINE
8
BLACK
6
CONTINUOUS
10
5.4657086614173229
20
-4.0777165354330709
11
5.4657086614173229
21
-4.092283464566929
0
LINE
8
BLACK
6
CONTINUOUS
10
5.4657086614173229
20
-4.092283464566929
11
5.4653040944881885
21
-4.094317401574803
0
LINE
8
BLACK
6
CONTINUOUS
10
5.4653040944881885
20
-4.094317401574803
11
5.4641519291338581
21
-4.0960416929133858
0
LINE
8
BLACK
6
CONTINUOUS
10
5.4641519291338581
20
-4.0960416929133858
11
5.4624276377952752
21
-4.0971938582677163
0
LINE
8
BLACK
6
CONTINUOUS
10
5.4624276377952752
20
-4.0971938582677163
11
5.4609043307086615
21
-4.0974968503937008
0
LINE
8
BLACK
6
CONTINUOUS
10
5.4609043307086615
20
-4.0974968503937008
11
5.4609535433070864
21
-4.117512913385827
0
LINE
8
BLACK
6
CONTINUOUS
10
5.4609535433070864
20
-4.117512913385827
11
5.4624276377952752
21
-4.1178061417322835
0
LINE
8
BLACK
6
CONTINUOUS
10
5.4624276377952752
20
-4.1178061417322835
11
5.4641519291338581
21
-4.118958307086614
0
LINE
8
BLACK
6
CONTINUOUS
10
5.4641519291338581
20
-4.118958307086614
11
5.4653040944881885
21
-4.1206825984251969
0
LINE
8
BLACK
6
CONTINUOUS
10
5.4653040944881885
20
-4.1206825984251969
11
5.4657086614173229
21
-4.1227165354330708
0
LINE
8
BLACK
6
CONTINUOUS
10
5.4657086614173229
20
-4.1227165354330708
11
5.4657086614173229
21
-4.137283464566929
0
LINE
8
BLACK
6
CONTINUOUS
10
5.4657086614173229
20
-4.137283464566929
11
5.4653040944881885
21
-4.1393174015748029
0
LINE
8
BLACK
6
CONTINUOUS
10
5.4653040944881885
20
-4.1393174015748029
11
5.4641519291338581
21
-4.1410416929133858
0
LINE
8
BLACK
6
CONTINUOUS
10
5.4641519291338581
20
-4.1410416929133858
11
5.4624276377952752
21
-4.1421938582677162
0
LINE
8
BLACK
6
CONTINUOUS
10
5.4624276377952752
20
-4.1421938582677162
11
5.4603937007874013
21
-4.1425984251968506
0
LINE
8
BLACK
6
CONTINUOUS
10
5.4603937007874013
20
-4.1425984251968506
11
5.4497637795275589
21
-4.1425984251968506
0
LINE
8
BLACK
6
CONTINUOUS
10
5.4497637795275589
20
-4.1425984251968506
11
5.447729842519685
21
-4.1421938582677162
0
LINE
8
BLACK
6
CONTINUOUS
10
5.447729842519685
20
-4.1421938582677162
11
5.4460055511811021
21
-4.1410416929133858
0
LINE
8
BLACK
6
CONTINUOUS
10
5.4460055511811021
20
-4.1410416929133858
11
5.4448533858267716
21
-4.1393174015748029
0
LINE
8
BLACK
6
CONTINUOUS
10
5.4448533858267716
20
-4.1393174015748029
11
5.4444488188976381
21
-4.137283464566929
0
LINE
8
BLACK
6
CONTINUOUS
10
5.4444488188976381
20
-4.137283464566929
11
5.4444488188976381
21
-4.1227165354330708
0
LINE
8
BLACK
6
CONTINUOUS
10
5.4444488188976381
20
-4.1227165354330708
11
5.4448533858267716
21
-4.1206825984251969
0
LINE
8
BLACK
6
CONTINUOUS
10
5.4448533858267716
20
-4.1206825984251969
11
5.4460055511811021
21
-4.118958307086614
0
LINE
8
BLACK
6
CONTINUOUS
10
5.4460055511811021
20
-4.118958307086614
11
5.447729842519685
21
-4.1178061417322835
0
LINE
8
BLACK
6
CONTINUOUS
10
5.447729842519685
20
-4.1178061417322835
11
5.4492531102362207
21
-4.1175031102362203
0
LINE
8
BLACK
6
CONTINUOUS
10
5.4492531102362207
20
-4.1175031102362203
11
5.449203897637795
21
-4.0974870472440941
0
LINE
8
BLACK
6
CONTINUOUS
10
5.449203897637795
20
-4.0974870472440941
11
5.447729842519685
21
-4.0971938582677163
0
LINE
8
BLACK
6
CONTINUOUS
10
5.447729842519685
20
-4.0971938582677163
11
5.4460055511811021
21
-4.0960416929133858
0
LINE
8
BLACK
6
CONTINUOUS
10
5.4460055511811021
20
-4.0960416929133858
11
5.4448533858267716
21
-4.094317401574803
0
LINE
8
BLACK
6
CONTINUOUS
10
5.4448533858267716
20
-4.094317401574803
11
5.4444488188976381
21
-4.092283464566929
0
LINE
8
BLACK
6
CONTINUOUS
10
5.4444488188976381
20
-4.092283464566929
11
5.4444488188976381
21
-4.0777165354330709
0
LINE
8
BLACK
6
CONTINUOUS
10
5.4444488188976381
20
-4.0777165354330709
11
5.4448533858267716
21
-4.075682598425197
0
LINE
8
BLACK
6
CONTINUOUS
10
5.4448533858267716
20
-4.075682598425197
11
5.4460055511811021
21
-4.0739583070866141
0
LINE
8
BLACK
6
CONTINUOUS
10
5.4460055511811021
20
-4.0739583070866141
11
5.447729842519685
21
-4.0728061417322836
0
LINE
8
BLACK
6
CONTINUOUS
10
5.447729842519685
20
-4.0728061417322836
11
5.4492422440944877
21
-4.0725052755905509
0
LINE
8
BLACK
6
CONTINUOUS
10
5.4492422440944877
20
-4.0725052755905509
11
5.4491732283464565
21
-4.0512992125984253
0
LINE
8
BLACK
6
CONTINUOUS
10
5.4491732283464565
20
-4.0512992125984253
11
5.4492031102362199
21
-4.050995708661417
0
LINE
8
BLACK
6
CONTINUOUS
10
5.4492031102362199
20
-4.050995708661417
11
5.4491318503937007
21
-4.0307086614173224
0
LINE
8
BLACK
6
CONTINUOUS
10
5.4491318503937007
20
-4.0307086614173224
11
5.447716535433071
21
-4.0307086614173224
0
LINE
8
BLACK
6
CONTINUOUS
10
5.447716535433071
20
-4.0307086614173224
11
5.4456825984251971
21
-4.0303040944881889
0
LINE
8
BLACK
6
CONTINUOUS
10
5.4456825984251971
20
-4.0303040944881889
11
5.4439583070866142
21
-4.0291519291338584
0
LINE
8
BLACK
6
CONTINUOUS
10
5.4439583070866142
20
-4.0291519291338584
11
5.4428061417322837
21
-4.0274276377952756
0
LINE
8
BLACK
6
CONTINUOUS
10
5.4428061417322837
20
-4.0274276377952756
11
5.4425097244094491
21
-4.0259374015748026
0
LINE
8
BLACK
6
CONTINUOUS
10
5.4425097244094491
20
-4.0259374015748026
11
5.4352394881889765
21
-4.0259729133858269
0
LINE
8
BLACK
6
CONTINUOUS
10
5.4352394881889765
20
-4.0259729133858269
11
5.4222047244094487
21
-4.0391146850393698
0
LINE
8
BLACK
6
CONTINUOUS
10
5.4222047244094487
20
-4.0391146850393698
11
5.4222047244094487
21
-4.0444094488188975
0
LINE
8
BLACK
6
CONTINUOUS
10
5.4222047244094487
20
-4.0444094488188975
11
5.4217851574803149
21
-4.04651874015748
0
LINE
8
BLACK
6
CONTINUOUS
10
5.4217851574803149
20
-4.04651874015748
11
5.4205903543307086
21
-4.0483068897637793
0
LINE
8
BLACK
6
CONTINUOUS
10
5.4205903543307086
20
-4.0483068897637793
11
5.4188022047244093
21
-4.0495016929133856
0
LINE
8
BLACK
6
CONTINUOUS
10
5.4188022047244093
20
-4.0495016929133856
11
5.4166929133858268
21
-4.0499212598425194
0
LINE
8
BLACK
6
CONTINUOUS
10
5.4166929133858268
20
-4.0499212598425194
11
5.4072201968503935
21
-4.0499212598425194
0
LINE
8
BLACK
6
CONTINUOUS
10
5.4072201968503935
20
-4.0499212598425194
11
5.3914592913385828
21
-4.0657899999999998
0
LINE
8
BLACK
6
CONTINUOUS
10
5.3914592913385828
20
-4.0657899999999998
11
5.3905643700787405
21
-4.0665244488188979
0
LINE
8
BLACK
6
CONTINUOUS
10
5.3905643700787405
20
-4.0665244488188979
11
5.3893173622047241
21
-4.0670409448818896
0
LINE
8
BLACK
6
CONTINUOUS
10
5.3893173622047241
20
-4.0670409448818896
11
5.3884355905511807
21
-4.0674062204724413
0
LINE
8
BLACK
6
CONTINUOUS
10
5.3884355905511807
20
-4.0674062204724413
11
5.3712992125984247
21
-4.0674563385826774
0
LINE
8
BLACK
6
CONTINUOUS
10
5.3712992125984247
20
-4.0674563385826774
11
5.3712992125984247
21
-4.0694881889763774
0
LINE
8
BLACK
6
CONTINUOUS
10
5.3712992125984247
20
-4.0694881889763774
11
5.3279921259842515
21
-4.0694881889763774
0
LINE
8
BLACK
6
CONTINUOUS
10
5.3279921259842515
20
-4.0694881889763774
11
5.3279921259842515
21
-4.0655257086614176
0
LINE
8
BLACK
6
CONTINUOUS
10
5.3279921259842515
20
-4.0655257086614176
11
5.3166141732283467
21
-4.0655511811023617
0
LINE
8
BLACK
6
CONTINUOUS
10
5.3166141732283467
20
-4.0655511811023617
11
5.3158461023622046
21
-4.0654755511811027
0
LINE
8
BLACK
6
CONTINUOUS
10
5.3158461023622046
20
-4.0654755511811027
11
5.3144268897637792
21
-4.0648876771653546
0
LINE
8
BLACK
6
CONTINUOUS
10
5.3144268897637792
20
-4.0648876771653546
11
5.303279527559055
21
-4.0538473228346454
0
LINE
8
BLACK
6
CONTINUOUS
10
5.303279527559055
20
-4.0538473228346454
11
5.3027899212598424
21
-4.0532507086614169
0
LINE
8
BLACK
6
CONTINUOUS
10
5.3027899212598424
20
-4.0532507086614169
11
5.3022020472440943
21
-4.0518314960629924
0
LINE
8
BLACK
6
CONTINUOUS
10
5.3022020472440943
20
-4.0518314960629924
11
5.3021281496062995
21
-3.9853859055118108
0
LINE
8
BLACK
6
CONTINUOUS
10
5.3021281496062995
20
-3.9853859055118108
11
5.2993420866141729
21
-3.9826655905511812
0
LINE
8
BLACK
6
CONTINUOUS
10
5.2993420866141729
20
-3.9826655905511812
11
5.2988524803149604
21
-3.9820689763779527
0
LINE
8
BLACK
6
CONTINUOUS
10
5.2988524803149604
20
-3.9820689763779527
11
5.2982646062992123
21
-3.9806497637795273
0
LINE
8
BLACK
6
CONTINUOUS
10
5.2982646062992123
20
-3.9806497637795273
11
5.2982008661417321
21
-3.9329732677165352
0
LINE
8
BLACK
6
CONTINUOUS
10
5.2982008661417321
20
-3.9329732677165352
11
5.2981889763779524
21
-3.9329133858267715
0
LINE
8
BLACK
6
CONTINUOUS
10
5.2981889763779524
20
-3.9329133858267715
11
5.2981889763779524
21
-3.9151968503937007
0
LINE
8
BLACK
6
CONTINUOUS
10
5.2981889763779524
20
-3.9151968503937007
11
5.2983388188976379
21
-3.9144435433070863
0
LINE
8
BLACK
6
CONTINUOUS
10
5.2983388188976379
20
-3.9144435433070863
11
5.298765551181102
21
-3.9138049212598425
0
LINE
8
BLACK
6
CONTINUOUS
10
5.298765551181102
20
-3.9138049212598425
11
5.2994041732283463
21
-3.9133781889763779
0
LINE
8
BLACK
6
CONTINUOUS
10
5.2994041732283463
20
-3.9133781889763779
11
5.3001574803149607
21
-3.9132283464566928
0
LINE
8
BLACK
6
CONTINUOUS
10
5.3001574803149607
20
-3.9132283464566928
11
5.3040944881889764
21
-3.9132283464566928
0
LINE
8
BLACK
6
CONTINUOUS
10
5.3040944881889764
20
-3.9132283464566928
11
5.3048477952755908
21
-3.9133781889763779
0
LINE
8
BLACK
6
CONTINUOUS
10
5.3048477952755908
20
-3.9133781889763779
11
5.3054864173228342
21
-3.9138049212598425
0
LINE
8
BLACK
6
CONTINUOUS
10
5.3054864173228342
20
-3.9138049212598425
11
5.3059131496062992
21
-3.9144435433070863
0
LINE
8
BLACK
6
CONTINUOUS
10
5.3059131496062992
20
-3.9144435433070863
11
5.3060629921259839
21
-3.9151968503937007
0
LINE
8
BLACK
6
CONTINUOUS
10
5.3060629921259839
20
-3.9151968503937007
11
5.3060629921259839
21
-3.9329133858267715
0
LINE
8
BLACK
6
CONTINUOUS
10
5.3060629921259839
20
-3.9329133858267715
11
5.3060006299212601
21
-3.9332268110236219
0
LINE
8
BLACK
6
CONTINUOUS
10
5.3060006299212601
20
-3.9332268110236219
11
5.3060608661417321
21
-3.978314566929134
0
LINE
8
BLACK
6
CONTINUOUS
10
5.3060608661417321
20
-3.978314566929134
11
5.3088473228346453
21
-3.9810352362204724
0
LINE
8
BLACK
6
CONTINUOUS
10
5.3088473228346453
20
-3.9810352362204724
11
5.3093369291338579
21
-3.9816318503937005
0
LINE
8
BLACK
6
CONTINUOUS
10
5.3093369291338579
20
-3.9816318503937005
11
5.309924803149606
21
-3.9830510629921259
0
LINE
8
BLACK
6
CONTINUOUS
10
5.309924803149606
20
-3.9830510629921259
11
5.3099987007874017
21
-4.0495211417322832
0
LINE
8
BLACK
6
CONTINUOUS
10
5.3099987007874017
20
-4.0495211417322832
11
5.3183045275590546
21
-4.0577472834645665
0
LINE
8
BLACK
6
CONTINUOUS
10
5.3183045275590546
20
-4.0577472834645665
11
5.3279921259842515
21
-4.0577255905511809
0
LINE
8
BLACK
6
CONTINUOUS
10
5.3279921259842515
20
-4.0577255905511809
11
5.3279921259842515
21
-4.0537401574803145
0
LINE
8
BLACK
6
CONTINUOUS
10
5.3279921259842515
20
-4.0537401574803145
11
5.3712992125984247
21
-4.0537401574803145
0
LINE
8
BLACK
6
CONTINUOUS
10
5.3712992125984247
20
-4.0537401574803145
11
5.3712992125984247
21
-4.0557553937007871
0
LINE
8
BLACK
6
CONTINUOUS
10
5.3712992125984247
20
-4.0557553937007871
11
5.3849732283464569
21
-4.0557153937007877
0
LINE
8
BLACK
6
CONTINUOUS
10
5.3849732283464569
20
-4.0557153937007877
11
5.3977952755905507
21
-4.0428056299212596
0
LINE
8
BLACK
6
CONTINUOUS
10
5.3977952755905507
20
-4.0428056299212596
11
5.3977952755905507
21
-4.0333858267716538
0
LINE
8
BLACK
6
CONTINUOUS
10
5.3977952755905507
20
-4.0333858267716538
11
5.3982148425196845
21
-4.0312765354330704
0
LINE
8
BLACK
6
CONTINUOUS
10
5.3982148425196845
20
-4.0312765354330704
11
5.3994096456692908
21
-4.0294883858267712
0
LINE
8
BLACK
6
CONTINUOUS
10
5.3994096456692908
20
-4.0294883858267712
11
5.4011977952755901
21
-4.0282935826771649
0
LINE
8
BLACK
6
CONTINUOUS
10
5.4011977952755901
20
-4.0282935826771649
11
5.4033070866141735
21
-4.0278740157480311
0
LINE
8
BLACK
6
CONTINUOUS
10
5.4033070866141735
20
-4.0278740157480311
11
5.4166929133858268
21
-4.0278740157480311
0
LINE
8
BLACK
6
CONTINUOUS
10
5.4166929133858268
20
-4.0278740157480311
11
5.4168422834645664
21
-4.0279037007874017
0
LINE
8
BLACK
6
CONTINUOUS
10
5.4168422834645664
20
-4.0279037007874017
11
5.4287454330708664
21
-4.0159029133858271
0
LINE
8
BLACK
6
CONTINUOUS
10
5.4287454330708664
20
-4.0159029133858271
11
5.4296403543307088
21
-4.015168464566929
0
LINE
8
BLACK
6
CONTINUOUS
10
5.4296403543307088
20
-4.015168464566929
11
5.4312526771653546
21
-4.01450062992126
0
LINE
8
BLACK
6
CONTINUOUS
10
5.4312526771653546
20
-4.01450062992126
11
5.4317691338582677
21
-4.0142866929133856
0
LINE
8
BLACK
6
CONTINUOUS
10
5.4317691338582677
20
-4.0142866929133856
11
5.4425068897637798
21
-4.0142342125984252
0
LINE
8
BLACK
6
CONTINUOUS
10
5.4425068897637798
20
-4.0142342125984252
11
5.4428061417322837
21
-4.0127298425196853
0
LINE
8
BLACK
6
CONTINUOUS
10
5.4428061417322837
20
-4.0127298425196853
11
5.4439583070866142
21
-4.0110055511811025
0
LINE
8
BLACK
6
CONTINUOUS
10
5.4439583070866142
20
-4.0110055511811025
11
5.4456825984251971
21
-4.009853385826772
0
LINE
8
BLACK
6
CONTINUOUS
10
5.4456825984251971
20
-4.009853385826772
11
5.447716535433071
21
-4.0094488188976376
0
LINE
8
BLACK
6
CONTINUOUS
10
5.447716535433071
20
-4.0094488188976376
11
5.4622834645669291
21
-4.0094488188976376
0
LINE
8
BLACK
6
CONTINUOUS
10
5.4622834645669291
20
-4.0094488188976376
11
5.4643174015748031
21
-4.009853385826772
0
LINE
8
BLACK
6
CONTINUOUS
10
5.4643174015748031
20
-4.009853385826772
11
5.4660416929133859
21
-4.0110055511811025
0
LINE
8
BLACK
6
CONTINUOUS
10
5.4660416929133859
20
-4.0110055511811025
11
5.4671938582677164
21
-4.0127298425196853
0
LINE
8
BLACK
6
CONTINUOUS
10
5.4671938582677164
20
-4.0127298425196853
11
5.4674831496062994
21
-4.014184409448819
0
LINE
8
BLACK
6
CONTINUOUS
10
5.4674831496062994
20
-4.014184409448819
11
5.4689763779527558
21
-4.0141732283464568
0
LINE
8
BLACK
6
CONTINUOUS
10
5.4689763779527558
20
-4.0141732283464568
11
5.4694294094488187
21
-4.0142178346456694
0
LINE
8
BLACK
6
CONTINUOUS
10
5.4694294094488187
20
-4.0142178346456694
11
5.4795275590551178
21
-4.0141732283464568
0
LINE
8
BLACK
6
CONTINUOUS
10
5.4795275590551178
20
-4.0141732283464568
11
5.4806796850393695
21
-4.0142866929133856
0
LINE
8
BLACK
6
CONTINUOUS
10
5.4806796850393695
20
-4.0142866929133856
11
5.4811961417322834
21
-4.01450062992126
0
LINE
8
BLACK
6
CONTINUOUS
10
5.4811961417322834
20
-4.01450062992126
11
5.4828084645669293
21
-4.015168464566929
0
LINE
8
BLACK
6
CONTINUOUS
10
5.4828084645669293
20
-4.015168464566929
11
5.5030784251968505
21
-4.0352900393700786
0
LINE
8
BLACK
6
CONTINUOUS
10
5.5030784251968505
20
-4.0352900393700786
11
5.5078602755905512
21
-4.035263700787401
0
LINE
8
BLACK
6
CONTINUOUS
10
5.5078602755905512
20
-4.035263700787401
11
5.5082148425196849
21
-4.0334812598425192
0
LINE
8
BLACK
6
CONTINUOUS
10
5.5082148425196849
20
-4.0334812598425192
11
5.5094096456692911
21
-4.0316931102362208
0
LINE
8
BLACK
6
CONTINUOUS
10
5.5094096456692911
20
-4.0316931102362208
11
5.5111977952755904
21
-4.0304983070866145
0
LINE
8
BLACK
6
CONTINUOUS
10
5.5111977952755904
20
-4.0304983070866145
11
5.5133070866141729
21
-4.0300787401574798
0
LINE
8
BLACK
6
CONTINUOUS
10
5.5133070866141729
20
-4.0300787401574798
11
5.5141843307086615
21
-4.0300787401574798
0
LINE
8
BLACK
6
CONTINUOUS
10
5.5141843307086615
20
-4.0300787401574798
11
5.5141673622047245
21
-4.021322913385827
0
LINE
8
BLACK
6
CONTINUOUS
10
5.5141673622047245
20
-4.021322913385827
11
5.5141292125984247
21
-4.0212308267716539
0
LINE
8
BLACK
6
CONTINUOUS
10
5.5141292125984247
20
-4.0212308267716539
11
5.5141292125984247
21
-4.018926653543307
0
LINE
8
BLACK
6
CONTINUOUS
10
5.5141292125984247
20
-4.018926653543307
11
5.5141625590551184
21
-4.0188461023622049
0
LINE
8
BLACK
6
CONTINUOUS
10
5.5141625590551184
20
-4.0188461023622049
11
5.5141090551181104
21
-3.991259842519685
0
LINE
8
BLACK
6
CONTINUOUS
10
5.5141090551181104
20
-3.991259842519685
11
5.4987007874015745
21
-3.991259842519685
0
LINE
8
BLACK
6
CONTINUOUS
10
5.4987007874015745
20
-3.991259842519685
11
5.4987007874015745
21
-3.9755118110236221
0
LINE
8
BLACK
6
CONTINUOUS
10
5.4987007874015745
20
-3.9755118110236221
11
5.5420078740157477
21
-3.9755118110236221
0
LINE
8
BLACK
6
CONTINUOUS
10
5.5420078740157477
20
-3.9755118110236221
11
5.5420078740157477
21
-3.977520433070866
0
LINE
8
BLACK
6
CONTINUOUS
10
5.5420078740157477
20
-3.977520433070866
11
5.552175826771653
21
-3.9774877165354328
0
LINE
8
BLACK
6
CONTINUOUS
10
5.552175826771653
20
-3.9774877165354328
11
5.5695355118110239
21
-3.9599995669291337
0
LINE
8
BLACK
6
CONTINUOUS
10
5.5695355118110239
20
-3.9599995669291337
11
5.5696410236220473
21
-3.9589283464566929
0
LINE
8
BLACK
6
CONTINUOUS
10
5.5696410236220473
20
-3.9589283464566929
11
5.5702940551181097
21
-3.9573518110236221
0
LINE
8
BLACK
6
CONTINUOUS
10
5.5702940551181097
20
-3.9573518110236221
11
5.5705227952755907
21
-3.9567995669291336
0
LINE
8
BLACK
6
CONTINUOUS
10
5.5705227952755907
20
-3.9567995669291336
11
5.5991964960629916
21
-3.9279739763779529
0
LINE
8
BLACK
6
CONTINUOUS
10
5.5991964960629916
20
-3.9279739763779529
11
5.5991016535433067
21
-3.8973249999999999
0
LINE
8
BLACK
6
CONTINUOUS
10
5.5991016535433067
20
-3.8973249999999999
11
5.5903004724409451
21
-3.8886318503937005
0
LINE
8
BLACK
6
CONTINUOUS
10
5.5903004724409451
20
-3.8886318503937005
11
5.5821151181102362
21
-3.888667086614173
0
LINE
8
BLACK
6
CONTINUOUS
10
5.5821151181102362
20
-3.888667086614173
11
5.5803759448818893
21
-3.8920804330708663
0
LINE
8
BLACK
6
CONTINUOUS
10
5.5803759448818893
20
-3.8920804330708663
11
5.5768919685039373
21
-3.8955644094488187
0
LINE
8
BLACK
6
CONTINUOUS
10
5.5768919685039373
20
-3.8955644094488187
11
5.5725019291338578
21
-3.8978012598425198
0
LINE
8
BLACK
6
CONTINUOUS
10
5.5725019291338578
20
-3.8978012598425198
11
5.5676355118110239
21
-3.8985720078740158
0
LINE
8
BLACK
6
CONTINUOUS
10
5.5676355118110239
20
-3.8985720078740158
11
5.5627690944881891
21
-3.8978012598425198
0
LINE
8
BLACK
6
CONTINUOUS
10
5.5627690944881891
20
-3.8978012598425198
11
5.5583790551181105
21
-3.8955644094488187
0
LINE
8
BLACK
6
CONTINUOUS
10
5.5583790551181105
20
-3.8955644094488187
11
5.5548950787401576
21
-3.8920804330708663
0
LINE
8
BLACK
6
CONTINUOUS
10
5.5548950787401576
20
-3.8920804330708663
11
5.5532298031496063
21
-3.8888121653543308
0
LINE
8
BLACK
6
CONTINUOUS
10
5.5532298031496063
20
-3.8888121653543308
11
5.4818410629921255
21
-3.8889025590551181
0
LINE
8
BLACK
6
CONTINUOUS
10
5.4818410629921255
20
-3.8889025590551181
11
5.471774212598425
21
-3.899097086614173
0
LINE
8
BLACK
6
CONTINUOUS
10
5.471774212598425
20
-3.899097086614173
11
5.4708792913385826
21
-3.8998315354330706
0
LINE
8
BLACK
6
CONTINUOUS
10
5.4708792913385826
20
-3.8998315354330706
11
5.470331220472441
21
-3.9000585433070865
0
LINE
8
BLACK
6
CONTINUOUS
10
5.470331220472441
20
-3.9000585433070865
11
5.4687505118110238
21
-3.900713307086614
0
LINE
8
BLACK
6
CONTINUOUS
10
5.4687505118110238
20
-3.900713307086614
11
5.4675014566929132
21
-3.9007235826771653
0
LINE
8
BLACK
6
CONTINUOUS
10
5.4675014566929132
20
-3.9007235826771653
11
5.4671938582677164
21
-3.9022701574803147
0
LINE
8
BLACK
6
CONTINUOUS
10
5.4671938582677164
20
-3.9022701574803147
11
5.4660416929133859
21
-3.9039944488188976
0
LINE
8
BLACK
6
CONTINUOUS
10
5.4660416929133859
20
-3.9039944488188976
11
5.4643174015748031
21
-3.9051466141732281
0
LINE
8
BLACK
6
CONTINUOUS
10
5.4643174015748031
20
-3.9051466141732281
11
5.4622834645669291
21
-3.905551181102362
0
LINE
8
BLACK
6
CONTINUOUS
10
5.4622834645669291
20
-3.905551181102362
11
5.447716535433071
21
-3.905551181102362
0
LINE
8
BLACK
6
CONTINUOUS
10
5.447716535433071
20
-3.905551181102362
11
5.4456825984251971
21
-3.9051466141732281
0
LINE
8
BLACK
6
CONTINUOUS
10
5.4456825984251971
20
-3.9051466141732281
11
5.4439583070866142
21
-3.9039944488188976
0
LINE
8
BLACK
6
CONTINUOUS
10
5.4439583070866142
20
-3.9039944488188976
11
5.4428061417322837
21
-3.9022701574803147
0
LINE
8
BLACK
6
CONTINUOUS
10
5.4428061417322837
20
-3.9022701574803147
11
5.4424015748031493
21
-3.9002362204724408
0
LINE
8
BLACK
6
CONTINUOUS
10
5.4424015748031493
20
-3.9002362204724408
11
5.4424015748031493
21
-3.8896062992125984
0
LINE
8
BLACK
6
CONTINUOUS
10
5.4424015748031493
20
-3.8896062992125984
11
5.4428061417322837
21
-3.8875723622047245
0
LINE
8
BLACK
6
CONTINUOUS
10
5.4428061417322837
20
-3.8875723622047245
11
5.4439583070866142
21
-3.8858480708661416
0
LINE
8
BLACK
6
CONTINUOUS
10
5.4439583070866142
20
-3.8858480708661416
11
5.4456825984251971
21
-3.8846959055118111
0
LINE
8
BLACK
6
CONTINUOUS
10
5.4456825984251971
20
-3.8846959055118111
11
5.447716535433071
21
-3.8842913385826772
0
LINE
8
BLACK
6
CONTINUOUS
10
5.447716535433071
20
-3.8842913385826772
11
5.4622834645669291
21
-3.8842913385826772
0
LINE
8
BLACK
6
CONTINUOUS
10
5.4622834645669291
20
-3.8842913385826772
11
5.4643174015748031
21
-3.8846959055118111
0
LINE
8
BLACK
6
CONTINUOUS
10
5.4643174015748031
20
-3.8846959055118111
11
5.4660416929133859
21
-3.8858480708661416
0
LINE
8
BLACK
6
CONTINUOUS
10
5.4660416929133859
20
-3.8858480708661416
11
5.4669966141732278
21
-3.8872771653543308
0
LINE
8
BLACK
6
CONTINUOUS
10
5.4669966141732278
20
-3.8872771653543308
11
5.4753438188976373
21
-3.8788241732283462
0
LINE
8
BLACK
6
CONTINUOUS
10
5.4753438188976373
20
-3.8788241732283462
11
5.4762387401574806
21
-3.8780897244094485
0
LINE
8
BLACK
6
CONTINUOUS
10
5.4762387401574806
20
-3.8780897244094485
11
5.4775880708661413
21
-3.8775308267716535
0
LINE
8
BLACK
6
CONTINUOUS
10
5.4775880708661413
20
-3.8775308267716535
11
5.4783675196850394
21
-3.8772079527559056
0
LINE
8
BLACK
6
CONTINUOUS
10
5.4783675196850394
20
-3.8772079527559056
11
5.5530883464566925
21
-3.8771133464566927
0
LINE
8
BLACK
6
CONTINUOUS
10
5.5530883464566925
20
-3.8771133464566927
11
5.5548950787401576
21
-3.8735675196850394
0
LINE
8
BLACK
6
CONTINUOUS
10
5.5548950787401576
20
-3.8735675196850394
11
5.5583790551181105
21
-3.8700835433070866
0
LINE
8
BLACK
6
CONTINUOUS
10
5.5583790551181105
20
-3.8700835433070866
11
5.5627690944881891
21
-3.8678466929133859
0
LINE
8
BLACK
6
CONTINUOUS
10
5.5627690944881891
20
-3.8678466929133859
11
5.5676355118110239
21
-3.8670759448818899
0
LINE
8
BLACK
6
CONTINUOUS
10
5.5676355118110239
20
-3.8670759448818899
11
5.5725019291338578
21
-3.8678466929133859
0
LINE
8
BLACK
6
CONTINUOUS
10
5.5583192125984251
20
-4.1025700000000001
11
5.5627092519685037
21
-4.1048068503937003
0
LINE
8
BLACK
6
CONTINUOUS
10
5.5627092519685037
20
-4.1048068503937003
11
5.5661932283464566
21
-4.1082908267716531
0
LINE
8
BLACK
6
CONTINUOUS
10
5.5661932283464566
20
-4.1082908267716531
11
5.5684300787401577
21
-4.1126808661417318
0
LINE
8
BLACK
6
CONTINUOUS
10
5.5684300787401577
20
-4.1126808661417318
11
5.568770275590551
21
-4.1148290157480316
0
LINE
8
BLACK
6
CONTINUOUS
10
5.568770275590551
20
-4.1148290157480316
11
5.5695051574803145
21
-4.1148261023622048
0
LINE
8
BLACK
6
CONTINUOUS
10
5.5695051574803145
20
-4.1148261023622048
11
5.5695833858267711
21
-4.1144329527559051
0
LINE
8
BLACK
6
CONTINUOUS
10
5.5695833858267711
20
-4.1144329527559051
11
5.5708635433070866
21
-4.1125170866141731
0
LINE
8
BLACK
6
CONTINUOUS
10
5.5708635433070866
20
-4.1125170866141731
11
5.5727794094488186
21
-4.1112369291338577
0
LINE
8
BLACK
6
CONTINUOUS
10
5.5727794094488186
20
-4.1112369291338577
11
5.5750393700787404
21
-4.1107874015748029
0
LINE
8
BLACK
6
CONTINUOUS
10
5.5750393700787404
20
-4.1107874015748029
11
5.6153937007874015
21
-4.1107874015748029
0
LINE
8
BLACK
6
CONTINUOUS
10
5.6153937007874015
20
-4.1107874015748029
11
5.6176536614173225
21
-4.1112369291338577
0
LINE
8
BLACK
6
CONTINUOUS
10
5.6176536614173225
20
-4.1112369291338577
11
5.6195695275590554
21
-4.1125170866141731
0
LINE
8
BLACK
6
CONTINUOUS
10
5.6195695275590554
20
-4.1125170866141731
11
5.6208496850393699
21
-4.1144329527559051
0
LINE
8
BLACK
6
CONTINUOUS
10
5.6208496850393699
20
-4.1144329527559051
11
5.6212992125984247
21
-4.116692913385827
0
LINE
8
BLACK
6
CONTINUOUS
10
5.6212992125984247
20
-4.116692913385827
11
5.6212992125984247
21
-4.1285039370078742
0
LINE
8
BLACK
6
CONTINUOUS
10
5.6212992125984247
20
-4.1285039370078742
11
5.6208496850393699
21
-4.1307638976377952
0
LINE
8
BLACK
6
CONTINUOUS
10
5.6208496850393699
20
-4.1307638976377952
11
5.6195695275590554
21
-4.1326797637795272
0
LINE
8
BLACK
6
CONTINUOUS
10
5.6195695275590554
20
-4.1326797637795272
11
5.6176536614173225
21
-4.1339599212598426
0
LINE
8
BLACK
6
CONTINUOUS
10
5.6176536614173225
20
-4.1339599212598426
11
5.6153937007874015
21
-4.1344094488188974
0
LINE
8
BLACK
6
CONTINUOUS
10
5.6153937007874015
20
-4.1344094488188974
11
5.5750393700787404
21
-4.1344094488188974
0
LINE
8
BLACK
6
CONTINUOUS
10
5.5750393700787404
20
-4.1344094488188974
11
5.5727794094488186
21
-4.1339599212598426
0
LINE
8
BLACK
6
CONTINUOUS
10
5.5727794094488186
20
-4.1339599212598426
11
5.5708635433070866
21
-4.1326797637795272
0
LINE
8
BLACK
6
CONTINUOUS
10
5.5708635433070866
20
-4.1326797637795272
11
5.5695833858267711
21
-4.1307638976377952
0
LINE
8
BLACK
6
CONTINUOUS
10
5.5695833858267711
20
-4.1307638976377952
11
5.5695167322834642
21
-4.1304288582677167
0
LINE
8
BLACK
6
CONTINUOUS
10
5.5695167322834642
20
-4.1304288582677167
11
5.5623767716535433
21
-4.1304570866141734
0
LINE
8
BLACK
6
CONTINUOUS
10
5.5623767716535433
20
-4.1304570866141734
11
5.5583192125984251
21
-4.1325245669291339
0
LINE
8
BLACK
6
CONTINUOUS
10
5.5583192125984251
20
-4.1325245669291339
11
5.5534527952755903
21
-4.1332953149606295
0
LINE
8
BLACK
6
CONTINUOUS
10
5.5534527952755903
20
-4.1332953149606295
11
5.5494206692913384
21
-4.1326566929133861
0
LINE
8
BLACK
6
CONTINUOUS
10
5.5494206692913384
20
-4.1326566929133861
11
5.5454654724409451
21
-4.1366701181102359
0
LINE
8
BLACK
6
CONTINUOUS
10
5.5454654724409451
20
-4.1366701181102359
11
5.5442722834645668
21
-4.1376493700787398
0
LINE
8
BLACK
6
CONTINUOUS
10
5.5442722834645668
20
-4.1376493700787398
11
5.5414338582677161
21
-4.1388250787401573
0
LINE
8
BLACK
6
CONTINUOUS
10
5.5414338582677161
20
-4.1388250787401573
11
5.5316711811023618
21
-4.1388939763779531
0
LINE
8
BLACK
6
CONTINUOUS
10
5.5316711811023618
20
-4.1388939763779531
11
5.5305903543307089
21
-4.1405116141732279
0
LINE
8
BLACK
6
CONTINUOUS
10
5.5305903543307089
20
-4.1405116141732279
11
5.5288022047244096
21
-4.1417064173228342
0
LINE
8
BLACK
6
CONTINUOUS
10
5.5288022047244096
20
-4.1417064173228342
11
5.5266929133858262
21
-4.142125984251968
0
LINE
8
BLACK
6
CONTINUOUS
10
5.5266929133858262
20
-4.142125984251968
11
5.5133070866141729
21
-4.142125984251968
0
LINE
8
BLACK
6
CONTINUOUS
10
5.5133070866141729
20
-4.142125984251968
11
5.5111977952755904
21
-4.1417064173228342
0
LINE
8
BLACK
6
CONTINUOUS
10
5.5111977952755904
20
-4.1417064173228342
11
5.5094096456692911
21
-4.1405116141732279
0
LINE
8
BLACK
6
CONTINUOUS
10
5.5094096456692911
20
-4.1405116141732279
11
5.5082148425196849
21
-4.1387234645669286
0
LINE
8
BLACK
6
CONTINUOUS
10
5.5082148425196849
20
-4.1387234645669286
11
5.507795275590551
21
-4.1366141732283461
0
LINE
8
BLACK
6
CONTINUOUS
10
5.507795275590551
20
-4.1366141732283461
11
5.507795275590551
21
-4.1255905511811024
0
LINE
8
BLACK
6
CONTINUOUS
10
5.507795275590551
20
-4.1255905511811024
11
5.5082148425196849
21
-4.1234812598425199
0
LINE
8
BLACK
6
CONTINUOUS
10
5.5082148425196849
20
-4.1234812598425199
11
5.5094096456692911
21
-4.1216931102362206
0
LINE
8
BLACK
6
CONTINUOUS
10
5.5094096456692911
20
-4.1216931102362206
11
5.5111977952755904
21
-4.1204983070866144
0
LINE
8
BLACK
6
CONTINUOUS
10
5.5111977952755904
20
-4.1204983070866144
11
5.5133070866141729
21
-4.1200787401574805
0
LINE
8
BLACK
6
CONTINUOUS
10
5.5133070866141729
20
-4.1200787401574805
11
5.5266929133858262
21
-4.1200787401574805
0
LINE
8
BLACK
6
CONTINUOUS
10
5.5266929133858262
20
-4.1200787401574805
11
5.5288022047244096
21
-4.1204983070866144
0
LINE
8
BLACK
6
CONTINUOUS
10
5.5288022047244096
20
-4.1204983070866144
11
5.5305903543307089
21
-4.1216931102362206
0
LINE
8
BLACK
6
CONTINUOUS
10
5.5305903543307089
20
-4.1216931102362206
11
5.5316550393700785
21
-4.1232864960629918
0
LINE
8
BLACK
6
CONTINUOUS
10
5.5316550393700785
20
-4.1232864960629918
11
5.5367776771653539
21
-4.1232503543307084
0
LINE
8
BLACK
6
CONTINUOUS
10
5.5367776771653539
20
-4.1232503543307084
11
5.5383545669291339
21
-4.1216502362204723
0
LINE
8
BLACK
6
CONTINUOUS
10
5.5383545669291339
20
-4.1216502362204723
11
5.5377047637795274
21
-4.1175472834645666
0
LINE
8
BLACK
6
CONTINUOUS
10
5.5377047637795274
20
-4.1175472834645666
11
5.5384755118110238
21
-4.1126808661417318
0
LINE
8
BLACK
6
CONTINUOUS
10
5.5384755118110238
20
-4.1126808661417318
11
5.5407123622047241
21
-4.1082908267716531
0
LINE
8
BLACK
6
CONTINUOUS
10
5.5407123622047241
20
-4.1082908267716531
11
5.5441963385826769
21
-4.1048068503937003
0
LINE
8
BLACK
6
CONTINUOUS
10
5.5441963385826769
20
-4.1048068503937003
11
5.5485863779527556
21
-4.1025700000000001
0
LINE
8
BLACK
6
CONTINUOUS
10
5.5485863779527556
20
-4.1025700000000001
11
5.5534527952755903
21
-4.1017992519685036
0
LINE
8
BLACK
6
CONTINUOUS
10
5.5534527952755903
20
-4.1017992519685036
11
5.5583192125984251
21
-4.1025700000000001
0
LINE
8
BLACK
6
CONTINUOUS
10
5.2698664173228345
20
-4.0450227165354331
11
5.2742564566929131
21
-4.0472595669291334
0
LINE
8
BLACK
6
CONTINUOUS
10
5.2742564566929131
20
-4.0472595669291334
11
5.2777404330708659
21
-4.0507435433070862
0
LINE
8
BLACK
6
CONTINUOUS
10
5.2777404330708659
20
-4.0507435433070862
11
5.2794629527559058
21
-4.0541241732283462
0
LINE
8
BLACK
6
CONTINUOUS
10
5.2794629527559058
20
-4.0541241732283462
11
5.2850000000000001
21
-4.0540944881889764
0
LINE
8
BLACK
6
CONTINUOUS
10
5.2850000000000001
20
-4.0540944881889764
11
5.2861521259842519
21
-4.0542079527559052
0
LINE
8
BLACK
6
CONTINUOUS
10
5.2861521259842519
20
-4.0542079527559052
11
5.2868605905511812
21
-4.0545014173228342
0
LINE
8
BLACK
6
CONTINUOUS
10
5.2868605905511812
20
-4.0545014173228342
11
5.2882809055118107
21
-4.0550897244094486
0
LINE
8
BLACK
6
CONTINUOUS
10
5.2882809055118107
20
-4.0550897244094486
11
5.314744094488189
21
-4.0814018110236221
0
LINE
8
BLACK
6
CONTINUOUS
10
5.314744094488189
20
-4.0814018110236221
11
5.3279921259842515
21
-4.0813628740157482
0
LINE
8
BLACK
6
CONTINUOUS
10
5.3279921259842515
20
-4.0813628740157482
11
5.3279921259842515
21
-4.0793307086614172
0
LINE
8
BLACK
6
CONTINUOUS
10
5.3279921259842515
20
-4.0793307086614172
11
5.3712992125984247
21
-4.0793307086614172
0
LINE
8
BLACK
6
CONTINUOUS
10
5.3712992125984247
20
-4.0793307086614172
11
5.3712992125984247
21
-4.081372362204724
0
LINE
8
BLACK
6
CONTINUOUS
10
5.3712992125984247
20
-4.081372362204724
11
5.4042913385826772
21
-4.0813140944881887
0
LINE
8
BLACK
6
CONTINUOUS
10
5.4042913385826772
20
-4.0813140944881887
11
5.4042913385826772
21
-4.0777165354330709
0
LINE
8
BLACK
6
CONTINUOUS
10
5.4042913385826772
20
-4.0777165354330709
11
5.4046959055118107
21
-4.075682598425197
0
LINE
8
BLACK
6
CONTINUOUS
10
5.4046959055118107
20
-4.075682598425197
11
5.4058480708661421
21
-4.0739583070866141
0
LINE
8
BLACK
6
CONTINUOUS
10
5.4058480708661421
20
-4.0739583070866141
11
5.407572362204724
21
-4.0728061417322836
0
LINE
8
BLACK
6
CONTINUOUS
10
5.407572362204724
20
-4.0728061417322836
11
5.4096062992125979
21
-4.0724015748031492
0
LINE
8
BLACK
6
CONTINUOUS
10
5.4096062992125979
20
-4.0724015748031492
11
5.4202362204724412
21
-4.0724015748031492
0
LINE
8
BLACK
6
CONTINUOUS
10
5.4202362204724412
20
-4.0724015748031492
11
5.4222701574803152
21
-4.0728061417322836
0
LINE
8
BLACK
6
CONTINUOUS
10
5.4222701574803152
20
-4.0728061417322836
11
5.4239944488188971
21
-4.0739583070866141
0
LINE
8
BLACK
6
CONTINUOUS
10
5.4239944488188971
20
-4.0739583070866141
11
5.4251466141732285
21
-4.075682598425197
0
LINE
8
BLACK
6
CONTINUOUS
10
5.4251466141732285
20
-4.075682598425197
11
5.425551181102362
21
-4.0777165354330709
0
LINE
8
BLACK
6
CONTINUOUS
10
5.425551181102362
20
-4.0777165354330709
11
5.425551181102362
21
-4.092283464566929
0
LINE
8
BLACK
6
CONTINUOUS
10
5.425551181102362
20
-4.092283464566929
11
5.4251466141732285
21
-4.094317401574803
0
LINE
8
BLACK
6
CONTINUOUS
10
5.4251466141732285
20
-4.094317401574803
11
5.4239944488188971
21
-4.0960416929133858
0
LINE
8
BLACK
6
CONTINUOUS
10
5.4239944488188971
20
-4.0960416929133858
11
5.4222701574803152
21
-4.0971938582677163
0
LINE
8
BLACK
6
CONTINUOUS
10
5.4222701574803152
20
-4.0971938582677163
11
5.4202362204724412
21
-4.0975984251968507
0
LINE
8
BLACK
6
CONTINUOUS
10
5.4202362204724412
20
-4.0975984251968507
11
5.4096062992125979
21
-4.0975984251968507
0
LINE
8
BLACK
6
CONTINUOUS
10
5.4096062992125979
20
-4.0975984251968507
11
5.407572362204724
21
-4.0971938582677163
0
LINE
8
BLACK
6
CONTINUOUS
10
5.407572362204724
20
-4.0971938582677163
11
5.4058480708661421
21
-4.0960416929133858
0
LINE
8
BLACK
6
CONTINUOUS
10
5.4058480708661421
20
-4.0960416929133858
11
5.4046959055118107
21
-4.094317401574803
0
LINE
8
BLACK
6
CONTINUOUS
10
5.4046959055118107
20
-4.094317401574803
11
5.4044365354330708
21
-4.0930134251968502
0
LINE
8
BLACK
6
CONTINUOUS
10
5.4044365354330708
20
-4.0930134251968502
11
5.3712992125984247
21
-4.0930719685039367
0
LINE
8
BLACK
6
CONTINUOUS
10
5.3712992125984247
20
-4.0930719685039367
11
5.3712992125984247
21
-4.0950787401574802
0
LINE
8
BLACK
6
CONTINUOUS
10
5.3712992125984247
20
-4.0950787401574802
11
5.3279921259842515
21
-4.0950787401574802
0
LINE
8
BLACK
6
CONTINUOUS
10
5.3279921259842515
20
-4.0950787401574802
11
5.3279921259842515
21
-4.0930638188976376
0
LINE
8
BLACK
6
CONTINUOUS
10
5.3279921259842515
20
-4.0930638188976376
11
5.3122047244094484
21
-4.0931102362204728
0
LINE
8
BLACK
6
CONTINUOUS
10
5.3122047244094484
20
-4.0931102362204728
11
5.3110525984251966
21
-4.0929967716535431
0
LINE
8
BLACK
6
CONTINUOUS
10
5.3110525984251966
20
-4.0929967716535431
11
5.3101077559055119
21
-4.0926053937007874
0
LINE
8
BLACK
6
CONTINUOUS
10
5.3101077559055119
20
-4.0926053937007874
11
5.3089238188976378
21
-4.0921149999999997
0
LINE
8
BLACK
6
CONTINUOUS
10
5.3089238188976378
20
-4.0921149999999997
11
5.282469527559055
21
-4.0658117716535429
0
LINE
8
BLACK
6
CONTINUOUS
10
5.282469527559055
20
-4.0658117716535429
11
5.2794874015748032
21
-4.0658277952755908
0
LINE
8
BLACK
6
CONTINUOUS
10
5.2794874015748032
20
-4.0658277952755908
11
5.2777404330708659
21
-4.069256456692913
0
LINE
8
BLACK
6
CONTINUOUS
10
5.2777404330708659
20
-4.069256456692913
11
5.2742564566929131
21
-4.0727404330708659
0
LINE
8
BLACK
6
CONTINUOUS
10
5.2742564566929131
20
-4.0727404330708659
11
5.2698664173228345
21
-4.074977283464567
0
LINE
8
BLACK
6
CONTINUOUS
10
5.2698664173228345
20
-4.074977283464567
11
5.2649999999999997
21
-4.0757480314960626
0
LINE
8
BLACK
6
CONTINUOUS
10
5.2649999999999997
20
-4.0757480314960626
11
5.2601335826771649
21
-4.074977283464567
0
LINE
8
BLACK
6
CONTINUOUS
10
5.2601335826771649
20
-4.074977283464567
11
5.2557435433070863
21
-4.0727404330708659
0
LINE
8
BLACK
6
CONTINUOUS
10
5.2557435433070863
20
-4.0727404330708659
11
5.2522595669291334
21
-4.069256456692913
0
LINE
8
BLACK
6
CONTINUOUS
10
5.2522595669291334
20
-4.069256456692913
11
5.2500227165354332
21
-4.0648664173228344
0
LINE
8
BLACK
6
CONTINUOUS
10
5.2500227165354332
20
-4.0648664173228344
11
5.2492519685039367
21
-4.0599999999999996
0
LINE
8
BLACK
6
CONTINUOUS
10
5.2492519685039367
20
-4.0599999999999996
11
5.2500227165354332
21
-4.0551335826771648
0
LINE
8
BLACK
6
CONTINUOUS
10
5.2500227165354332
20
-4.0551335826771648
11
5.2522595669291334
21
-4.0507435433070862
0
LINE
8
BLACK
6
CONTINUOUS
10
5.2522595669291334
20
-4.0507435433070862
11
5.2557435433070863
21
-4.0472595669291334
0
LINE
8
BLACK
6
CONTINUOUS
10
5.2557435433070863
20
-4.0472595669291334
11
5.2601335826771649
21
-4.0450227165354331
0
LINE
8
BLACK
6
CONTINUOUS
10
5.2601335826771649
20
-4.0450227165354331
11
5.2649999999999997
21
-4.0442519685039366
0
LINE
8
BLACK
6
CONTINUOUS
10
5.2649999999999997
20
-4.0442519685039366
11
5.2698664173228345
21
-4.0450227165354331
0
LINE
8
BLACK
6
CONTINUOUS
10
5.6139743307086611
20
-4.061130393700787
11
5.6183643700787398
21
-4.0633672440944881
0
LINE
8
BLACK
6
CONTINUOUS
10
5.6183643700787398
20
-4.0633672440944881
11
5.6218483464566926
21
-4.066851220472441
0
LINE
8
BLACK
6
CONTINUOUS
10
5.6218483464566926
20
-4.066851220472441
11
5.6230666535433071
21
-4.0692423228346453
0
LINE
8
BLACK
6
CONTINUOUS
10
5.6230666535433071
20
-4.0692423228346453
11
5.6325111811023625
21
-4.069212559055118
0
LINE
8
BLACK
6
CONTINUOUS
10
5.6325111811023625
20
-4.069212559055118
11
5.6328061417322832
21
-4.0677298425196851
0
LINE
8
BLACK
6
CONTINUOUS
10
5.6328061417322832
20
-4.0677298425196851
11
5.6339583070866137
21
-4.0660055511811022
0
LINE
8
BLACK
6
CONTINUOUS
10
5.6339583070866137
20
-4.0660055511811022
11
5.6356825984251966
21
-4.0648533858267717
0
LINE
8
BLACK
6
CONTINUOUS
10
5.6356825984251966
20
-4.0648533858267717
11
5.6377165354330705
21
-4.0644488188976373
0
LINE
8
BLACK
6
CONTINUOUS
10
5.6377165354330705
20
-4.0644488188976373
11
5.6522834645669287
21
-4.0644488188976373
0
LINE
8
BLACK
6
CONTINUOUS
10
5.6522834645669287
20
-4.0644488188976373
11
5.6543174015748034
21
-4.0648533858267717
0
LINE
8
BLACK
6
CONTINUOUS
10
5.6543174015748034
20
-4.0648533858267717
11
5.6560416929133854
21
-4.0660055511811022
0
LINE
8
BLACK
6
CONTINUOUS
10
5.6560416929133854
20
-4.0660055511811022
11
5.6571938582677168
21
-4.0677298425196851
0
LINE
8
BLACK
6
CONTINUOUS
10
5.6571938582677168
20
-4.0677298425196851
11
5.6575984251968503
21
-4.069763779527559
0
LINE
8
BLACK
6
CONTINUOUS
10
5.6575984251968503
20
-4.069763779527559
11
5.6575984251968503
21
-4.0803937007874014
0
LINE
8
BLACK
6
CONTINUOUS
10
5.6575984251968503
20
-4.0803937007874014
11
5.6571938582677168
21
-4.0824276377952753
0
LINE
8
BLACK
6
CONTINUOUS
10
5.6571938582677168
20
-4.0824276377952753
11
5.6560416929133854
21
-4.0841519291338582
0
LINE
8
BLACK
6
CONTINUOUS
10
5.6560416929133854
20
-4.0841519291338582
11
5.6543174015748034
21
-4.0853040944881887
0
LINE
8
BLACK
6
CONTINUOUS
10
5.6543174015748034
20
-4.0853040944881887
11
5.6522834645669287
21
-4.085708661417323
0
LINE
8
BLACK
6
CONTINUOUS
10
5.6522834645669287
20
-4.085708661417323
11
5.6377165354330705
21
-4.085708661417323
0
LINE
8
BLACK
6
CONTINUOUS
10
5.6377165354330705
20
-4.085708661417323
11
5.6356825984251966
21
-4.0853040944881887
0
LINE
8
BLACK
6
CONTINUOUS
10
5.6356825984251966
20
-4.0853040944881887
11
5.6339583070866137
21
-4.0841519291338582
0
LINE
8
BLACK
6
CONTINUOUS
10
5.6339583070866137
20
-4.0841519291338582
11
5.6328061417322832
21
-4.0824276377952753
0
LINE
8
BLACK
6
CONTINUOUS
10
5.6328061417322832
20
-4.0824276377952753
11
5.6325050000000001
21
-4.0809137795275587
0
LINE
8
BLACK
6
CONTINUOUS
10
5.6325050000000001
20
-4.0809137795275587
11
5.6240905118110236
21
-4.0809402755905513
0
LINE
8
BLACK
6
CONTINUOUS
10
5.6240905118110236
20
-4.0809402755905513
11
5.6240851968503938
21
-4.0809740944881892
0
LINE
8
BLACK
6
CONTINUOUS
10
5.6240851968503938
20
-4.0809740944881892
11
5.6218483464566926
21
-4.0853641338582678
0
LINE
8
BLACK
6
CONTINUOUS
10
5.6218483464566926
20
-4.0853641338582678
11
5.6183643700787398
21
-4.0888481102362206
0
LINE
8
BLACK
6
CONTINUOUS
10
5.6183643700787398
20
-4.0888481102362206
11
5.6139743307086611
21
-4.0910849606299209
0
LINE
8
BLACK
6
CONTINUOUS
10
5.6139743307086611
20
-4.0910849606299209
11
5.6091079133858264
21
-4.0918557086614173
0
LINE
8
BLACK
6
CONTINUOUS
10
5.6091079133858264
20
-4.0918557086614173
11
5.6042414960629916
21
-4.0910849606299209
0
LINE
8
BLACK
6
CONTINUOUS
10
5.6042414960629916
20
-4.0910849606299209
11
5.599851456692913
21
-4.0888481102362206
0
LINE
8
BLACK
6
CONTINUOUS
10
5.599851456692913
20
-4.0888481102362206
11
5.5963674803149601
21
-4.0853641338582678
0
LINE
8
BLACK
6
CONTINUOUS
10
5.5963674803149601
20
-4.0853641338582678
11
5.5941306299212599
21
-4.0809740944881892
0
LINE
8
BLACK
6
CONTINUOUS
10
5.5941306299212599
20
-4.0809740944881892
11
5.5941211811023619
21
-4.0809144881889763
0
LINE
8
BLACK
6
CONTINUOUS
10
5.5941211811023619
20
-4.0809144881889763
11
5.5824881102362207
21
-4.0809481102362204
0
LINE
8
BLACK
6
CONTINUOUS
10
5.5824881102362207
20
-4.0809481102362204
11
5.5821938582677166
21
-4.0824276377952753
0
LINE
8
BLACK
6
CONTINUOUS
10
5.5821938582677166
20
-4.0824276377952753
11
5.5810416929133861
21
-4.0841519291338582
0
LINE
8
BLACK
6
CONTINUOUS
10
5.5810416929133861
20
-4.0841519291338582
11
5.5793174015748033
21
-4.0853040944881887
0
LINE
8
BLACK
6
CONTINUOUS
10
5.5793174015748033
20
-4.0853040944881887
11
5.5772834645669294
21
-4.085708661417323
0
LINE
8
BLACK
6
CONTINUOUS
10
5.5772834645669294
20
-4.085708661417323
11
5.5627165354330703
21
-4.085708661417323
0
LINE
8
BLACK
6
CONTINUOUS
10
5.5627165354330703
20
-4.085708661417323
11
5.5606825984251964
21
-4.0853040944881887
0
LINE
8
BLACK
6
CONTINUOUS
10
5.5606825984251964
20
-4.0853040944881887
11
5.5589583070866144
21
-4.0841519291338582
0
LINE
8
BLACK
6
CONTINUOUS
10
5.5589583070866144
20
-4.0841519291338582
11
5.557806141732283
21
-4.0824276377952753
0
LINE
8
BLACK
6
CONTINUOUS
10
5.557806141732283
20
-4.0824276377952753
11
5.5574015748031496
21
-4.0803937007874014
0
LINE
8
BLACK
6
CONTINUOUS
10
5.5574015748031496
20
-4.0803937007874014
11
5.5574015748031496
21
-4.069763779527559
0
LINE
8
BLACK
6
CONTINUOUS
10
5.5574015748031496
20
-4.069763779527559
11
5.557806141732283
21
-4.0677298425196851
0
LINE
8
BLACK
6
CONTINUOUS
10
5.557806141732283
20
-4.0677298425196851
11
5.5589583070866144
21
-4.0660055511811022
0
LINE
8
BLACK
6
CONTINUOUS
10
5.5589583070866144
20
-4.0660055511811022
11
5.5606825984251964
21
-4.0648533858267717
0
LINE
8
BLACK
6
CONTINUOUS
10
5.5606825984251964
20
-4.0648533858267717
11
5.5627165354330703
21
-4.0644488188976373
0
LINE
8
BLACK
6
CONTINUOUS
10
5.5627165354330703
20
-4.0644488188976373
11
5.5772834645669294
21
-4.0644488188976373
0
LINE
8
BLACK
6
CONTINUOUS
10
5.5772834645669294
20
-4.0644488188976373
11
5.5793174015748033
21
-4.0648533858267717
0
LINE
8
BLACK
6
CONTINUOUS
10
5.5793174015748033
20
-4.0648533858267717
11
5.5810416929133861
21
-4.0660055511811022
0
LINE
8
BLACK
6
CONTINUOUS
10
5.5810416929133861
20
-4.0660055511811022
11
5.5821938582677166
21
-4.0677298425196851
0
LINE
8
BLACK
6
CONTINUOUS
10
5.5821938582677166
20
-4.0677298425196851
11
5.5824956692913386
21
-4.0692472047244097
0
LINE
8
BLACK
6
CONTINUOUS
10
5.5824956692913386
20
-4.0692472047244097
11
5.5951653149606297
21
-4.0692105511811025
0
LINE
8
BLACK
6
CONTINUOUS
10
5.5951653149606297
20
-4.0692105511811025
11
5.5963674803149601
21
-4.066851220472441
0
LINE
8
BLACK
6
CONTINUOUS
10
5.5963674803149601
20
-4.066851220472441
11
5.599851456692913
21
-4.0633672440944881
0
LINE
8
BLACK
6
CONTINUOUS
10
5.599851456692913
20
-4.0633672440944881
11
5.6042414960629916
21
-4.061130393700787
0
LINE
8
BLACK
6
CONTINUOUS
10
5.6042414960629916
20
-4.061130393700787
11
5.6091079133858264
21
-4.0603596456692914
0
LINE
8
BLACK
6
CONTINUOUS
10
5.6091079133858264
20
-4.0603596456692914
11
5.6139743307086611
21
-4.061130393700787
0
LINE
8
BLACK
6
CONTINUOUS
10
5.6254527952755904
20
-3.9199678346456692
11
5.6487318110236222
21
-3.9432468503937006
0
LINE
8
BLACK
6
CONTINUOUS
10
5.6487318110236222
20
-3.9432468503937006
11
5.650578031496063
21
-3.9443127559055116
0
LINE
8
BLACK
6
CONTINUOUS
10
5.650578031496063
20
-3.9443127559055116
11
5.6515715748031496
21
-3.9448863779527557
0
LINE
8
BLACK
6
CONTINUOUS
10
5.6515715748031496
20
-3.9448863779527557
11
5.6531834251968505
21
-3.9466765748031496
0
LINE
8
BLACK
6
CONTINUOUS
10
5.6531834251968505
20
-3.9466765748031496
11
5.653435157480315
21
-3.9490722440944883
0
LINE
8
BLACK
6
CONTINUOUS
10
5.653435157480315
20
-3.9490722440944883
11
5.6523787401574799
21
-3.951017874015748
0
LINE
8
BLACK
6
CONTINUOUS
10
5.6523787401574799
20
-3.951017874015748
11
5.636231023622047
21
-3.9671655511811021
0
LINE
8
BLACK
6
CONTINUOUS
10
5.636231023622047
20
-3.9671655511811021
11
5.6340847244094485
21
-3.9682591338582678
0
LINE
8
BLACK
6
CONTINUOUS
10
5.6340847244094485
20
-3.9682591338582678
11
5.6334749999999998
21
-3.9683071259842517
0
LINE
8
BLACK
6
CONTINUOUS
10
5.6334749999999998
20
-3.9683071259842517
11
5.6288310236220473
21
-3.9683071259842517
0
LINE
8
BLACK
6
CONTINUOUS
10
5.6288310236220473
20
-3.9683071259842517
11
5.6285826771653538
21
-3.9683464566929132
0
LINE
8
BLACK
6
CONTINUOUS
10
5.6285826771653538
20
-3.9683464566929132
11
5.6283343307086611
21
-3.9683071259842517
0
LINE
8
BLACK
6
CONTINUOUS
10
5.6283343307086611
20
-3.9683071259842517
11
5.6140017322834641
21
-3.9683071259842517
0
LINE
8
BLACK
6
CONTINUOUS
10
5.6140017322834641
20
-3.9683071259842517
11
5.6103683464566929
21
-3.9683071259842517
0
LINE
8
BLACK
6
CONTINUOUS
10
5.6103683464566929
20
-3.9683071259842517
11
5.6073199606299209
21
-3.9691239370078741
0
LINE
8
BLACK
6
CONTINUOUS
10
5.6073199606299209
20
-3.9691239370078741
11
5.6068587401574801
21
-3.9692475196850392
0
LINE
8
BLACK
6
CONTINUOUS
10
5.6068587401574801
20
-3.9692475196850392
11
5.6037121259842522
21
-3.9710642125984252
0
LINE
8
BLACK
6
CONTINUOUS
10
5.6037121259842522
20
-3.9710642125984252
11
5.5589577559055119
21
-4.0158185826771655
0
LINE
8
BLACK
6
CONTINUOUS
10
5.5589577559055119
20
-4.0158185826771655
11
5.5588087007874014
21
-4.0160767716535428
0
LINE
8
BLACK
6
CONTINUOUS
10
5.5588087007874014
20
-4.0160767716535428
11
5.5570806299212601
21
-4.0176601574803152
0
LINE
8
BLACK
6
CONTINUOUS
10
5.5570806299212601
20
-4.0176601574803152
11
5.5550235826771655
21
-4.0186193700787403
0
LINE
8
BLACK
6
CONTINUOUS
10
5.5550235826771655
20
-4.0186193700787403
11
5.5517296456692913
21
-4.0219133070866144
0
LINE
8
BLACK
6
CONTINUOUS
10
5.5517296456692913
20
-4.0219133070866144
11
5.5497611023622042
21
-4.0261348031496063
0
LINE
8
BLACK
6
CONTINUOUS
10
5.5497611023622042
20
-4.0261348031496063
11
5.5497611023622042
21
-4.026134842519685
0
LINE
8
BLACK
6
CONTINUOUS
10
5.5497611023622042
20
-4.026134842519685
11
5.5496515748031499
21
-4.0269667716535436
0
LINE
8
BLACK
6
CONTINUOUS
10
5.5496515748031499
20
-4.0269667716535436
11
5.5495446062992126
21
-4.0277795669291336
0
LINE
8
BLACK
6
CONTINUOUS
10
5.5495446062992126
20
-4.0277795669291336
11
5.549507874015748
21
-4.0280584645669286
0
LINE
8
BLACK
6
CONTINUOUS
10
5.549507874015748
20
-4.0280584645669286
11
5.549507874015748
21
-4.0417840157480311
0
LINE
8
BLACK
6
CONTINUOUS
10
5.549507874015748
20
-4.0417840157480311
11
5.5497611023622042
21
-4.0437076377952756
0
LINE
8
BLACK
6
CONTINUOUS
10
5.5497611023622042
20
-4.0437076377952756
11
5.5497611023622042
21
-4.0437076771653544
0
LINE
8
BLACK
6
CONTINUOUS
10
5.5497611023622042
20
-4.0437076771653544
11
5.5517296456692913
21
-4.0479291732283462
0
LINE
8
BLACK
6
CONTINUOUS
10
5.5517296456692913
20
-4.0479291732283462
11
5.55172968503937
21
-4.047929212598425
0
LINE
8
BLACK
6
CONTINUOUS
10
5.55172968503937
20
-4.047929212598425
11
5.5517297244094488
21
-4.0479292913385825
0
LINE
8
BLACK
6
CONTINUOUS
10
5.5517297244094488
20
-4.0479292913385825
11
5.5550234645669292
21
-4.0512230314960629
0
LINE
8
BLACK
6
CONTINUOUS
10
5.5550234645669292
20
-4.0512230314960629
11
5.5550235039370079
21
-4.0512230314960629
0
LINE
8
BLACK
6
CONTINUOUS
10
5.5550235039370079
20
-4.0512230314960629
11
5.5550235433070867
21
-4.0512230708661416
0
LINE
8
BLACK
6
CONTINUOUS
10
5.5550235433070867
20
-4.0512230708661416
11
5.5555478346456688
21
-4.0514675590551184
0
LINE
8
BLACK
6
CONTINUOUS
10
5.5555478346456688
20
-4.0514675590551184
11
5.5573095669291339
21
-4.0531104330708665
0
LINE
8
BLACK
6
CONTINUOUS
10
5.5573095669291339
20
-4.0531104330708665
11
5.5577691732283467
21
-4.0554750393700782
0
LINE
8
BLACK
6
CONTINUOUS
10
5.5577691732283467
20
-4.0554750393700782
11
5.5567511023622043
21
-4.0576581889763776
0
LINE
8
BLACK
6
CONTINUOUS
10
5.5567511023622043
20
-4.0576581889763776
11
5.5555478346456688
21
-4.058532440944882
0
LINE
8
BLACK
6
CONTINUOUS
10
5.5555478346456688
20
-4.058532440944882
11
5.5550235433070867
21
-4.058776889763779
0
LINE
8
BLACK
6
CONTINUOUS
10
5.5550235433070867
20
-4.058776889763779
11
5.5517296456692913
21
-4.0620707874015745
0
LINE
8
BLACK
6
CONTINUOUS
10
5.5517296456692913
20
-4.0620707874015745
11
5.5496970078740153
21
-4.066429763779527
0
LINE
8
BLACK
6
CONTINUOUS
10
5.5496970078740153
20
-4.066429763779527
11
5.5480541338582672
21
-4.0681914960629921
0
LINE
8
BLACK
6
CONTINUOUS
10
5.5480541338582672
20
-4.0681914960629921
11
5.5456895275590554
21
-4.068651102362205
0
LINE
8
BLACK
6
CONTINUOUS
10
5.5456895275590554
20
-4.068651102362205
11
5.5435063385826773
21
-4.0676330314960625
0
LINE
8
BLACK
6
CONTINUOUS
10
5.5435063385826773
20
-4.0676330314960625
11
5.5424856299212601
21
-4.0660697637795273
0
LINE
8
BLACK
6
CONTINUOUS
10
5.5424856299212601
20
-4.0660697637795273
11
5.5421812598425193
21
-4.0651999212598424
0
LINE
8
BLACK
6
CONTINUOUS
10
5.5421812598425193
20
-4.0651999212598424
11
5.5390803543307081
21
-4.0609984251968507
0
LINE
8
BLACK
6
CONTINUOUS
10
5.5390803543307081
20
-4.0609984251968507
11
5.5390802755905515
21
-4.0609983464566932
0
LINE
8
BLACK
6
CONTINUOUS
10
5.5390802755905515
20
-4.0609983464566932
11
5.5382288976377954
21
-4.0603699999999998
0
LINE
8
BLACK
6
CONTINUOUS
10
5.5382288976377954
20
-4.0603699999999998
11
5.5368276377952759
21
-4.0584106299212594
0
LINE
8
BLACK
6
CONTINUOUS
10
5.5368276377952759
20
-4.0584106299212594
11
5.5368456692913384
21
-4.0560018110236218
0
LINE
8
BLACK
6
CONTINUOUS
10
5.5368456692913384
20
-4.0560018110236218
11
5.5376489763779526
21
-4.0547019685039372
0
LINE
8
BLACK
6
CONTINUOUS
10
5.5376489763779526
20
-4.0547019685039372
11
5.5376478740157475
21
-4.0547012204724409
0
LINE
8
BLACK
6
CONTINUOUS
10
5.5376478740157475
20
-4.0547012204724409
11
5.5376612992125986
21
-4.054681968503937
0
LINE
8
BLACK
6
CONTINUOUS
10
5.5376612992125986
20
-4.054681968503937
11
5.5377874803149609
21
-4.0544778346456694
0
LINE
8
BLACK
6
CONTINUOUS
10
5.5377874803149609
20
-4.0544778346456694
11
5.5378434645669294
21
-4.0544218897637796
0
LINE
8
BLACK
6
CONTINUOUS
10
5.5378434645669294
20
-4.0544218897637796
11
5.5398414173228341
21
-4.0501372834645668
0
LINE
8
BLACK
6
CONTINUOUS
10
5.5398414173228341
20
-4.0501372834645668
11
5.5400984251968506
21
-4.0481850787401576
0
LINE
8
BLACK
6
CONTINUOUS
10
5.5400984251968506
20
-4.0481850787401576
11
5.5400983858267718
21
-4.0340196850393699
0
LINE
8
BLACK
6
CONTINUOUS
10
5.5400983858267718
20
-4.0340196850393699
11
5.5398414173228341
21
-4.032067440944882
0
LINE
8
BLACK
6
CONTINUOUS
10
5.5398414173228341
20
-4.032067440944882
11
5.5398414173228341
21
-4.0320673622047245
0
LINE
8
BLACK
6
CONTINUOUS
10
5.5398414173228341
20
-4.0320673622047245
11
5.5378435039370073
21
-4.0277829133858267
0
LINE
8
BLACK
6
CONTINUOUS
10
5.5378435039370073
20
-4.0277829133858267
11
5.5378434645669294
21
-4.027782874015748
0
LINE
8
BLACK
6
CONTINUOUS
10
5.5378434645669294
20
-4.027782874015748
11
5.5378434645669294
21
-4.0277828346456692
0
LINE
8
BLACK
6
CONTINUOUS
10
5.5378434645669294
20
-4.0277828346456692
11
5.5352950393700784
21
-4.0252344094488191
0
LINE
8
BLACK
6
CONTINUOUS
10
5.5352950393700784
20
-4.0252344094488191
11
5.5342015354330707
21
-4.0230881889763781
0
LINE
8
BLACK
6
CONTINUOUS
10
5.5342015354330707
20
-4.0230881889763781
11
5.5341535433070863
21
-4.0224784645669294
0
LINE
8
BLACK
6
CONTINUOUS
10
5.5341535433070863
20
-4.0224784645669294
11
5.5341535433070863
21
-4.0030511811023617
0
LINE
8
BLACK
6
CONTINUOUS
10
5.5341535433070863
20
-4.0030511811023617
11
5.5348979133858265
21
-4.0007601968503934
0
LINE
8
BLACK
6
CONTINUOUS
10
5.5348979133858265
20
-4.0007601968503934
11
5.5368467322834647
21
-3.9993442913385824
0
LINE
8
BLACK
6
CONTINUOUS
10
5.5368467322834647
20
-3.9993442913385824
11
5.5380511811023618
21
-3.9991535433070866
0
LINE
8
BLACK
6
CONTINUOUS
10
5.5380511811023618
20
-3.9991535433070866
11
5.5427853149606294
21
-3.9991535433070866
0
LINE
8
BLACK
6
CONTINUOUS
10
5.5427853149606294
20
-3.9991535433070866
11
5.5427853543307082
21
-3.9991535433070866
0
LINE
8
BLACK
6
CONTINUOUS
10
5.5427853543307082
20
-3.9991535433070866
11
5.5450878346456696
21
-3.9986955511811022
0
LINE
8
BLACK
6
CONTINUOUS
10
5.5450878346456696
20
-3.9986955511811022
11
5.5463653543307085
21
-3.9978419291338581
0
LINE
8
BLACK
6
CONTINUOUS
10
5.5463653543307085
20
-3.9978419291338581
11
5.5485307874015746
21
-3.9971850393700787
0
LINE
8
BLACK
6
CONTINUOUS
10
5.5485307874015746
20
-3.9971850393700787
11
5.5563048031496063
21
-3.9971850393700787
0
LINE
8
BLACK
6
CONTINUOUS
10
5.5563048031496063
20
-3.9971850393700787
11
5.5563048818897638
21
-3.9971850393700787
0
LINE
8
BLACK
6
CONTINUOUS
10
5.5563048818897638
20
-3.9971850393700787
11
5.5598144881889766
21
-3.9962446456692913
0
LINE
8
BLACK
6
CONTINUOUS
10
5.5598144881889766
20
-3.9962446456692913
11
5.5603232283464568
21
-3.995950905511811
0
LINE
8
BLACK
6
CONTINUOUS
10
5.5603232283464568
20
-3.995950905511811
11
5.5604019685039372
21
-3.9959054724409446
0
LINE
8
BLACK
6
CONTINUOUS
10
5.5604019685039372
20
-3.9959054724409446
11
5.5611699212598422
21
-3.995462086614173
0
LINE
8
BLACK
6
CONTINUOUS
10
5.5611699212598422
20
-3.995462086614173
11
5.5629611023622045
21
-3.9944279527559052
0
LINE
8
BLACK
6
CONTINUOUS
10
5.5629611023622045
20
-3.9944279527559052
11
5.5864751968503938
21
-3.9709138582677164
0
LINE
8
BLACK
6
CONTINUOUS
10
5.5864751968503938
20
-3.9709138582677164
11
5.588291889763779
21
-3.967767244094488
0
LINE
8
BLACK
6
CONTINUOUS
10
5.588291889763779
20
-3.967767244094488
11
5.5883987795275587
21
-3.9673681889763777
0
LINE
8
BLACK
6
CONTINUOUS
10
5.5883987795275587
20
-3.9673681889763777
11
5.5894074803149607
21
-3.9656209842519683
0
LINE
8
BLACK
6
CONTINUOUS
10
5.5894074803149607
20
-3.9656209842519683
11
5.6160420866141729
21
-3.9389864566929131
0
LINE
8
BLACK
6
CONTINUOUS
10
5.6160420866141729
20
-3.9389864566929131
11
5.6178588188976377
21
-3.9358398425196848
0
LINE
8
BLACK
6
CONTINUOUS
10
5.6178588188976377
20
-3.9358398425196848
11
5.6187992125984252
21
-3.9323302362204724
0
LINE
8
BLACK
6
CONTINUOUS
10
5.6187992125984252
20
-3.9323302362204724
11
5.6187992125984252
21
-3.9227239763779527
0
LINE
8
BLACK
6
CONTINUOUS
10
5.6187992125984252
20
-3.9227239763779527
11
5.6195435826771654
21
-3.920432992125984
0
LINE
8
BLACK
6
CONTINUOUS
10
5.6195435826771654
20
-3.920432992125984
11
5.6214924015748027
21
-3.9190170866141729
0
LINE
8
BLACK
6
CONTINUOUS
10
5.6214924015748027
20
-3.9190170866141729
11
5.6239012992125987
21
-3.9190170866141729
0
LINE
8
BLACK
6
CONTINUOUS
10
5.6239012992125987
20
-3.9190170866141729
11
5.6254527952755904
21
-3.9199678346456692
0
LINE
8
BLACK
6
CONTINUOUS
10
5.7112992125984254
20
-3.991259842519685
11
5.6954575984251967
21
-3.991259842519685
0
LINE
8
BLACK
6
CONTINUOUS
10
5.6954575984251967
20
-3.991259842519685
11
5.6955276771653542
21
-4.0230787401574801
0
LINE
8
BLACK
6
CONTINUOUS
10
5.6955276771653542
20
-4.0230787401574801
11
5.6966929133858271
21
-4.0230787401574801
0
LINE
8
BLACK
6
CONTINUOUS
10
5.6966929133858271
20
-4.0230787401574801
11
5.6988022047244096
21
-4.0234983070866139
0
LINE
8
BLACK
6
CONTINUOUS
10
5.6988022047244096
20
-4.0234983070866139
11
5.7005903543307088
21
-4.0246931102362202
0
LINE
8
BLACK
6
CONTINUOUS
10
5.7005903543307088
20
-4.0246931102362202
11
5.7017851574803151
21
-4.0264812598425195
0
LINE
8
BLACK
6
CONTINUOUS
10
5.7017851574803151
20
-4.0264812598425195
11
5.7022047244094489
21
-4.028590551181102
0
LINE
8
BLACK
6
CONTINUOUS
10
5.7022047244094489
20
-4.028590551181102
11
5.7022047244094489
21
-4.0396141732283466
0
LINE
8
BLACK
6
CONTINUOUS
10
5.7022047244094489
20
-4.0396141732283466
11
5.7017851574803151
21
-4.0417234645669291
0
LINE
8
BLACK
6
CONTINUOUS
10
5.7017851574803151
20
-4.0417234645669291
11
5.7005903543307088
21
-4.0435116141732284
0
LINE
8
BLACK
6
CONTINUOUS
10
5.7005903543307088
20
-4.0435116141732284
11
5.6988022047244096
21
-4.0447064173228346
0
LINE
8
BLACK
6
CONTINUOUS
10
5.6988022047244096
20
-4.0447064173228346
11
5.6966929133858271
21
-4.0451259842519685
0
LINE
8
BLACK
6
CONTINUOUS
10
5.6966929133858271
20
-4.0451259842519685
11
5.6833070866141728
21
-4.0451259842519685
0
LINE
8
BLACK
6
CONTINUOUS
10
5.6833070866141728
20
-4.0451259842519685
11
5.6811977952755903
21
-4.0447064173228346
0
LINE
8
BLACK
6
CONTINUOUS
10
5.6811977952755903
20
-4.0447064173228346
11
5.6794096456692911
21
-4.0435116141732284
0
LINE
8
BLACK
6
CONTINUOUS
10
5.6794096456692911
20
-4.0435116141732284
11
5.6788561023622046
21
-4.0426832283464567
0
LINE
8
BLACK
6
CONTINUOUS
10
5.6788561023622046
20
-4.0426832283464567
11
5.6568692125984255
21
-4.0427559842519685
0
LINE
8
BLACK
6
CONTINUOUS
10
5.6568692125984255
20
-4.0427559842519685
11
5.6560416929133854
21
-4.0439944488188972
0
LINE
8
BLACK
6
CONTINUOUS
10
5.6560416929133854
20
-4.0439944488188972
11
5.6543174015748034
21
-4.0451466141732286
0
LINE
8
BLACK
6
CONTINUOUS
10
5.6543174015748034
20
-4.0451466141732286
11
5.6522834645669287
21
-4.0455511811023621
0
LINE
8
BLACK
6
CONTINUOUS
10
5.6522834645669287
20
-4.0455511811023621
11
5.6377165354330705
21
-4.0455511811023621
0
LINE
8
BLACK
6
CONTINUOUS
10
5.6377165354330705
20
-4.0455511811023621
11
5.6356825984251966
21
-4.0451466141732286
0
LINE
8
BLACK
6
CONTINUOUS
10
5.6356825984251966
20
-4.0451466141732286
11
5.6339583070866137
21
-4.0439944488188972
0
LINE
8
BLACK
6
CONTINUOUS
10
5.6339583070866137
20
-4.0439944488188972
11
5.6330900393700789
21
-4.0426950000000001
0
LINE
8
BLACK
6
CONTINUOUS
10
5.6330900393700789
20
-4.0426950000000001
11
5.6194512992125984
21
-4.0427468110236218
0
LINE
8
BLACK
6
CONTINUOUS
10
5.6194512992125984
20
-4.0427468110236218
11
5.6189608661417321
21
-4.0437094094488186
0
LINE
8
BLACK
6
CONTINUOUS
10
5.6189608661417321
20
-4.0437094094488186
11
5.6154768897637792
21
-4.0471933858267715
0
LINE
8
BLACK
6
CONTINUOUS
10
5.6154768897637792
20
-4.0471933858267715
11
5.6110868503937006
21
-4.0494302362204726
0
LINE
8
BLACK
6
CONTINUOUS
10
5.6110868503937006
20
-4.0494302362204726
11
5.6062204330708658
21
-4.0502009842519682
0
LINE
8
BLACK
6
CONTINUOUS
10
5.6062204330708658
20
-4.0502009842519682
11
5.601354015748031
21
-4.0494302362204726
0
LINE
8
BLACK
6
CONTINUOUS
10
5.601354015748031
20
-4.0494302362204726
11
5.5969639763779524
21
-4.0471933858267715
0
LINE
8
BLACK
6
CONTINUOUS
10
5.5969639763779524
20
-4.0471933858267715
11
5.5934799999999996
21
-4.0437094094488186
0
LINE
8
BLACK
6
CONTINUOUS
10
5.5934799999999996
20
-4.0437094094488186
11
5.5912431496062993
21
-4.03931937007874
0
LINE
8
BLACK
6
CONTINUOUS
10
5.5912431496062993
20
-4.03931937007874
11
5.5904724015748029
21
-4.0344529527559052
0
LINE
8
BLACK
6
CONTINUOUS
10
5.5904724015748029
20
-4.0344529527559052
11
5.5912431496062993
21
-4.0295865354330704
0
LINE
8
BLACK
6
CONTINUOUS
10
5.5912431496062993
20
-4.0295865354330704
11
5.5934799999999996
21
-4.0251964960629918
0
LINE
8
BLACK
6
CONTINUOUS
10
5.5934799999999996
20
-4.0251964960629918
11
5.5969639763779524
21
-4.021712519685039
0
LINE
8
BLACK
6
CONTINUOUS
10
5.5969639763779524
20
-4.021712519685039
11
5.601354015748031
21
-4.0194756692913387
0
LINE
8
BLACK
6
CONTINUOUS
10
5.601354015748031
20
-4.0194756692913387
11
5.6062204330708658
21
-4.0187049212598422
0
LINE
8
BLACK
6
CONTINUOUS
10
5.6062204330708658
20
-4.0187049212598422
11
5.6110868503937006
21
-4.0194756692913387
0
LINE
8
BLACK
6
CONTINUOUS
10
5.6110868503937006
20
-4.0194756692913387
11
5.6154768897637792
21
-4.021712519685039
0
LINE
8
BLACK
6
CONTINUOUS
10
5.6154768897637792
20
-4.021712519685039
11
5.6189608661417321
21
-4.0251964960629918
0
LINE
8
BLACK
6
CONTINUOUS
10
5.6189608661417321
20
-4.0251964960629918
11
5.6199523228346457
21
-4.0271423228346457
0
LINE
8
BLACK
6
CONTINUOUS
10
5.6199523228346457
20
-4.0271423228346457
11
5.6331268897637798
21
-4.0270923228346458
0
LINE
8
BLACK
6
CONTINUOUS
10
5.6331268897637798
20
-4.0270923228346458
11
5.6339583070866137
21
-4.0258480708661413
0
LINE
8
BLACK
6
CONTINUOUS
10
5.6339583070866137
20
-4.0258480708661413
11
5.6356825984251966
21
-4.0246959055118108
0
LINE
8
BLACK
6
CONTINUOUS
10
5.6356825984251966
20
-4.0246959055118108
11
5.6377165354330705
21
-4.0242913385826773
0
LINE
8
BLACK
6
CONTINUOUS
10
5.6377165354330705
20
-4.0242913385826773
11
5.6522834645669287
21
-4.0242913385826773
0
LINE
8
BLACK
6
CONTINUOUS
10
5.6522834645669287
20
-4.0242913385826773
11
5.6543174015748034
21
-4.0246959055118108
0
LINE
8
BLACK
6
CONTINUOUS
10
5.6543174015748034
20
-4.0246959055118108
11
5.6560416929133854
21
-4.0258480708661413
0
LINE
8
BLACK
6
CONTINUOUS
10
5.6560416929133854
20
-4.0258480708661413
11
5.6569142913385821
21
-4.0271540157480317
0
LINE
8
BLACK
6
CONTINUOUS
10
5.6569142913385821
20
-4.0271540157480317
11
5.6780949606299211
21
-4.0270838976377954
0
LINE
8
BLACK
6
CONTINUOUS
10
5.6780949606299211
20
-4.0270838976377954
11
5.6782148425196848
21
-4.0264812598425195
0
LINE
8
BLACK
6
CONTINUOUS
10
5.6782148425196848
20
-4.0264812598425195
11
5.6794096456692911
21
-4.0246931102362202
0
LINE
8
BLACK
6
CONTINUOUS
10
5.6794096456692911
20
-4.0246931102362202
11
5.6811977952755903
21
-4.0234983070866139
0
LINE
8
BLACK
6
CONTINUOUS
10
5.6811977952755903
20
-4.0234983070866139
11
5.6833070866141728
21
-4.0230787401574801
0
LINE
8
BLACK
6
CONTINUOUS
10
5.6833070866141728
20
-4.0230787401574801
11
5.6838275984251965
21
-4.0230787401574801
0
LINE
8
BLACK
6
CONTINUOUS
10
5.6838275984251965
20
-4.0230787401574801
11
5.683757519685039
21
-3.991259842519685
0
LINE
8
BLACK
6
CONTINUOUS
10
5.683757519685039
20
-3.991259842519685
11
5.6679921259842523
21
-3.991259842519685
0
LINE
8
BLACK
6
CONTINUOUS
10
5.6679921259842523
20
-3.991259842519685
11
5.6679921259842523
21
-3.9755118110236221
0
LINE
8
BLACK
6
CONTINUOUS
10
5.6679921259842523
20
-3.9755118110236221
11
5.7112992125984254
21
-3.9755118110236221
0
LINE
8
BLACK
6
CONTINUOUS
10
5.7112992125984254
20
-3.9755118110236221
11
5.7112992125984254
21
-3.991259842519685
0
LINE
8
BLACK
6
CONTINUOUS
10
5.4022949212598421
20
-3.8382049999999999
11
5.4037108267716532
21
-3.8401538188976376
0
LINE
8
BLACK
6
CONTINUOUS
10
5.4037108267716532
20
-3.8401538188976376
11
5.4039015748031494
21
-3.8413582677165352
0
LINE
8
BLACK
6
CONTINUOUS
10
5.4039015748031494
20
-3.8413582677165352
11
5.4039015748031494
21
-3.8499801181102362
0
LINE
8
BLACK
6
CONTINUOUS
10
5.4039015748031494
20
-3.8499801181102362
11
5.4039016141732281
21
-3.8499805905511808
0
LINE
8
BLACK
6
CONTINUOUS
10
5.4039016141732281
20
-3.8499805905511808
11
5.4041585433070862
21
-3.8519325196850391
0
LINE
8
BLACK
6
CONTINUOUS
10
5.4041585433070862
20
-3.8519325196850391
11
5.4041585433070862
21
-3.8519325984251966
0
LINE
8
BLACK
6
CONTINUOUS
10
5.4041585433070862
20
-3.8519325984251966
11
5.406156456692913
21
-3.8562170472440944
0
LINE
8
BLACK
6
CONTINUOUS
10
5.406156456692913
20
-3.8562170472440944
11
5.4061564960629918
21
-3.8562170866141732
0
LINE
8
BLACK
6
CONTINUOUS
10
5.4061564960629918
20
-3.8562170866141732
11
5.4061565354330705
21
-3.8562171653543307
0
LINE
8
BLACK
6
CONTINUOUS
10
5.4061565354330705
20
-3.8562171653543307
11
5.4094993700787404
21
-3.8595600000000001
0
LINE
8
BLACK
6
CONTINUOUS
10
5.4094993700787404
20
-3.8595600000000001
11
5.4137839763779523
21
-3.8615579527559056
0
LINE
8
BLACK
6
CONTINUOUS
10
5.4137839763779523
20
-3.8615579527559056
11
5.4157361811023623
21
-3.8618149606299212
0
LINE
8
BLACK
6
CONTINUOUS
10
5.4157361811023623
20
-3.8618149606299212
11
5.4251305905511806
21
-3.8618149212598425
0
LINE
8
BLACK
6
CONTINUOUS
10
5.4251305905511806
20
-3.8618149212598425
11
5.427421535433071
21
-3.8625592913385827
0
LINE
8
BLACK
6
CONTINUOUS
10
5.427421535433071
20
-3.8625592913385827
11
5.4288374409448821
21
-3.8645081102362204
0
LINE
8
BLACK
6
CONTINUOUS
10
5.4288374409448821
20
-3.8645081102362204
11
5.4289948818897633
21
-3.8652037401574804
0
LINE
8
BLACK
6
CONTINUOUS
10
5.4289948818897633
20
-3.8652037401574804
11
5.4292104724409445
21
-3.8668411023622045
0
LINE
8
BLACK
6
CONTINUOUS
10
5.4292104724409445
20
-3.8668411023622045
11
5.4315925984251967
21
-3.8725920866141732
0
LINE
8
BLACK
6
CONTINUOUS
10
5.4315925984251967
20
-3.8725920866141732
11
5.4315925984251967
21
-3.872592125984252
0
LINE
8
BLACK
6
CONTINUOUS
10
5.4315925984251967
20
-3.872592125984252
11
5.434065078740157
21
-3.8758143307086614
0
LINE
8
BLACK
6
CONTINUOUS
10
5.434065078740157
20
-3.8758143307086614
11
5.4353822047244096
21
-3.8775308267716535
0
LINE
8
BLACK
6
CONTINUOUS
10
5.4353822047244096
20
-3.8775308267716535
11
5.435397677165354
21
-3.8775427165354328
0
LINE
8
BLACK
6
CONTINUOUS
10
5.435397677165354
20
-3.8775427165354328
11
5.4354055511811019
21
-3.8775541338582675
0
LINE
8
BLACK
6
CONTINUOUS
10
5.4354055511811019
20
-3.8775541338582675
11
5.4355628740157478
21
-3.8777114566929134
0
LINE
8
BLACK
6
CONTINUOUS
10
5.4355628740157478
20
-3.8777114566929134
11
5.4355337007874018
21
-3.877740590551181
0
LINE
8
BLACK
6
CONTINUOUS
10
5.4355337007874018
20
-3.877740590551181
11
5.4367622047244097
21
-3.8795277952755907
0
LINE
8
BLACK
6
CONTINUOUS
10
5.4367622047244097
20
-3.8795277952755907
11
5.4366993307086613
21
-3.881935866141732
0
LINE
8
BLACK
6
CONTINUOUS
10
5.4366993307086613
20
-3.881935866141732
11
5.4365576377952758
21
-3.8822822440944882
0
LINE
8
BLACK
6
CONTINUOUS
10
5.4365576377952758
20
-3.8822822440944882
11
5.4357762598425197
21
-3.8839579133858266
0
LINE
8
BLACK
6
CONTINUOUS
10
5.4357762598425197
20
-3.8839579133858266
11
5.4347611023622049
21
-3.8861349212598424
0
LINE
8
BLACK
6
CONTINUOUS
10
5.4347611023622049
20
-3.8861349212598424
11
5.4345078740157478
21
-3.8880584251968502
0
LINE
8
BLACK
6
CONTINUOUS
10
5.4345078740157478
20
-3.8880584251968502
11
5.4345078740157478
21
-3.901784094488189
0
LINE
8
BLACK
6
CONTINUOUS
10
5.4345078740157478
20
-3.901784094488189
11
5.4347611023622049
21
-3.9037075984251968
0
LINE
8
BLACK
6
CONTINUOUS
10
5.4347611023622049
20
-3.9037075984251968
11
5.4359787795275594
21
-3.9063188976377954
0
LINE
8
BLACK
6
CONTINUOUS
10
5.4359787795275594
20
-3.9063188976377954
11
5.4360214960629918
21
-3.9064104724409447
0
LINE
8
BLACK
6
CONTINUOUS
10
5.4360214960629918
20
-3.9064104724409447
11
5.4363150393700783
21
-3.9088013779527557
0
LINE
8
BLACK
6
CONTINUOUS
10
5.4363150393700783
20
-3.9088013779527557
11
5.4351472047244096
21
-3.9109082283464565
0
LINE
8
BLACK
6
CONTINUOUS
10
5.4351472047244096
20
-3.9109082283464565
11
5.4329640157480314
21
-3.9119262598425197
0
LINE
8
BLACK
6
CONTINUOUS
10
5.4329640157480314
20
-3.9119262598425197
11
5.4305994094488188
21
-3.9114666141732282
0
LINE
8
BLACK
6
CONTINUOUS
10
5.4305994094488188
20
-3.9114666141732282
11
5.4301162992125986
21
-3.9111498818897639
0
LINE
8
BLACK
6
CONTINUOUS
10
5.4301162992125986
20
-3.9111498818897639
11
5.4272228740157482
21
-3.9089296850393698
0
LINE
8
BLACK
6
CONTINUOUS
10
5.4272228740157482
20
-3.9089296850393698
11
5.426922874015748
21
-3.9086994881889763
0
LINE
8
BLACK
6
CONTINUOUS
10
5.426922874015748
20
-3.9086994881889763
11
5.4269228346456693
21
-3.9086994488188975
0
LINE
8
BLACK
6
CONTINUOUS
10
5.4269228346456693
20
-3.9086994488188975
11
5.4269227559055118
21
-3.9086994094488188
0
LINE
8
BLACK
6
CONTINUOUS
10
5.4269227559055118
20
-3.9086994094488188
11
5.4211718897637793
21
-3.9063173228346457
0
LINE
8
BLACK
6
CONTINUOUS
10
5.4211718897637793
20
-3.9063173228346457
11
5.4211715748031493
21
-3.9063172440944882
0
LINE
8
BLACK
6
CONTINUOUS
10
5.4211715748031493
20
-3.9063172440944882
11
5.4158387795275589
21
-3.9056151574803151
0
LINE
8
BLACK
6
CONTINUOUS
10
5.4158387795275589
20
-3.9056151574803151
11
5.415
21
-3.9057480314960631
0
LINE
8
BLACK
6
CONTINUOUS
10
5.415
20
-3.9057480314960631
11
5.4141611811023624
21
-3.9056151574803151
0
LINE
8
BLACK
6
CONTINUOUS
10
5.4141611811023624
20
-3.9056151574803151
11
5.4088283858267712
21
-3.9063172440944882
0
LINE
8
BLACK
6
CONTINUOUS
10
5.4088283858267712
20
-3.9063172440944882
11
5.408828070866142
21
-3.9063173228346457
0
LINE
8
BLACK
6
CONTINUOUS
10
5.408828070866142
20
-3.9063173228346457
11
5.4030772047244096
21
-3.9086994094488188
0
LINE
8
BLACK
6
CONTINUOUS
10
5.4030772047244096
20
-3.9086994094488188
11
5.4030771653543308
21
-3.9086994094488188
0
LINE
8
BLACK
6
CONTINUOUS
10
5.4030771653543308
20
-3.9086994094488188
11
5.3981383858267717
21
-3.91248905511811
0
LINE
8
BLACK
6
CONTINUOUS
10
5.3981383858267717
20
-3.91248905511811
11
5.3980741338582678
21
-3.9125533464566926
0
LINE
8
BLACK
6
CONTINUOUS
10
5.3980741338582678
20
-3.9125533464566926
11
5.3980161811023617
21
-3.912582834645669
0
LINE
8
BLACK
6
CONTINUOUS
10
5.3980161811023617
20
-3.912582834645669
11
5.3979358267716533
21
-3.9126445275590549
0
LINE
8
BLACK
6
CONTINUOUS
10
5.3979358267716533
20
-3.9126445275590549
11
5.3979243700787398
21
-3.9126296062992125
0
LINE
8
BLACK
6
CONTINUOUS
10
5.3979243700787398
20
-3.9126296062992125
11
5.3959277165354331
21
-3.9136467716535432
0
LINE
8
BLACK
6
CONTINUOUS
10
5.3959277165354331
20
-3.9136467716535432
11
5.3935485433070864
21
-3.9132697637795273
0
LINE
8
BLACK
6
CONTINUOUS
10
5.3935485433070864
20
-3.9132697637795273
11
5.3918453543307088
21
-3.9115662992125984
0
LINE
8
BLACK
6
CONTINUOUS
10
5.3918453543307088
20
-3.9115662992125984
11
5.3914614173228346
21
-3.9092350787401573
0
LINE
8
BLACK
6
CONTINUOUS
10
5.3914614173228346
20
-3.9092350787401573
11
5.3915966535433073
21
-3.9083070866141729
0
LINE
8
BLACK
6
CONTINUOUS
10
5.3915966535433073
20
-3.9083070866141729
11
5.3729921653543302
21
-3.9083070866141729
0
LINE
8
BLACK
6
CONTINUOUS
10
5.3729921653543302
20
-3.9083070866141729
11
5.3729921259842515
21
-3.9083071259842517
0
LINE
8
BLACK
6
CONTINUOUS
10
5.3729921259842515
20
-3.9083071259842517
11
5.3729921259842515
21
-3.9201180314960631
0
LINE
8
BLACK
6
CONTINUOUS
10
5.3729921259842515
20
-3.9201180314960631
11
5.3729921653543302
21
-3.9201180708661418
0
LINE
8
BLACK
6
CONTINUOUS
10
5.3729921653543302
20
-3.9201180708661418
11
5.379220984251968
21
-3.9201180708661418
0
LINE
8
BLACK
6
CONTINUOUS
10
5.379220984251968
20
-3.9201180708661418
11
5.3792211023622043
21
-3.9201180314960631
0
LINE
8
BLACK
6
CONTINUOUS
10
5.3792211023622043
20
-3.9201180314960631
11
5.3818996062992124
21
-3.919727834645669
0
LINE
8
BLACK
6
CONTINUOUS
10
5.3818996062992124
20
-3.919727834645669
11
5.3860310236220474
21
-3.9177080708661416
0
LINE
8
BLACK
6
CONTINUOUS
10
5.3860310236220474
20
-3.9177080708661416
11
5.3861765748031498
21
-3.917562559055118
0
LINE
8
BLACK
6
CONTINUOUS
10
5.3861765748031498
20
-3.917562559055118
11
5.3883228346456695
21
-3.9164688582677165
0
LINE
8
BLACK
6
CONTINUOUS
10
5.3883228346456695
20
-3.9164688582677165
11
5.3907020472440941
21
-3.9168455511811024
0
LINE
8
BLACK
6
CONTINUOUS
10
5.3907020472440941
20
-3.9168455511811024
11
5.3924054724409451
21
-3.9185487795275589
0
LINE
8
BLACK
6
CONTINUOUS
10
5.3924054724409451
20
-3.9185487795275589
11
5.3927824409448819
21
-3.9209279921259843
0
LINE
8
BLACK
6
CONTINUOUS
10
5.3927824409448819
20
-3.9209279921259843
11
5.3925337401574804
21
-3.921809960629921
0
LINE
8
BLACK
6
CONTINUOUS
10
5.3925337401574804
20
-3.921809960629921
11
5.3919667716535429
21
-3.9231787007874015
0
LINE
8
BLACK
6
CONTINUOUS
10
5.3919667716535429
20
-3.9231787007874015
11
5.3919667322834641
21
-3.9231788976377953
0
LINE
8
BLACK
6
CONTINUOUS
10
5.3919667322834641
20
-3.9231788976377953
11
5.3911542519685041
21
-3.9293504724409449
0
LINE
8
BLACK
6
CONTINUOUS
10
5.3911542519685041
20
-3.9293504724409449
11
5.3911542519685041
21
-3.9293505118110237
0
LINE
8
BLACK
6
CONTINUOUS
10
5.3911542519685041
20
-3.9293505118110237
11
5.3919667322834641
21
-3.9355220866141734
0
LINE
8
BLACK
6
CONTINUOUS
10
5.3919667322834641
20
-3.9355220866141734
11
5.3919668110236216
21
-3.9355224015748029
0
LINE
8
BLACK
6
CONTINUOUS
10
5.3919668110236216
20
-3.9355224015748029
11
5.3943488976377951
21
-3.9412732677165354
0
LINE
8
BLACK
6
CONTINUOUS
10
5.3943488976377951
20
-3.9412732677165354
11
5.3943488976377951
21
-3.9412733070866142
0
LINE
8
BLACK
6
CONTINUOUS
10
5.3943488976377951
20
-3.9412733070866142
11
5.3980941732283467
21
-3.9461542519685038
0
LINE
8
BLACK
6
CONTINUOUS
10
5.3980941732283467
20
-3.9461542519685038
11
5.398138503937008
21
-3.9462120078740157
0
LINE
8
BLACK
6
CONTINUOUS
10
5.398138503937008
20
-3.9462120078740157
11
5.398138661417323
21
-3.946212125984252
0
LINE
8
BLACK
6
CONTINUOUS
10
5.398138661417323
20
-3.946212125984252
11
5.3981387007874018
21
-3.9462121653543307
0
LINE
8
BLACK
6
CONTINUOUS
10
5.3981387007874018
20
-3.9462121653543307
11
5.4030770472440945
21
-3.9500014960629919
0
LINE
8
BLACK
6
CONTINUOUS
10
5.4030770472440945
20
-3.9500014960629919
11
5.4032984251968506
21
-3.9501292913385826
0
LINE
8
BLACK
6
CONTINUOUS
10
5.4032984251968506
20
-3.9501292913385826
11
5.4032582283464565
21
-3.9501988582677163
0
LINE
8
BLACK
6
CONTINUOUS
10
5.4032582283464565
20
-3.9501988582677163
11
5.4048118897637796
21
-3.9515258267716535
0
LINE
8
BLACK
6
CONTINUOUS
10
5.4048118897637796
20
-3.9515258267716535
11
5.405374251968504
21
-3.9538681102362205
0
LINE
8
BLACK
6
CONTINUOUS
10
5.405374251968504
20
-3.9538681102362205
11
5.4050072047244093
21
-3.9550517716535434
0
LINE
8
BLACK
6
CONTINUOUS
10
5.4050072047244093
20
-3.9550517716535434
11
5.4050746850393701
21
-3.9550797244094489
0
LINE
8
BLACK
6
CONTINUOUS
10
5.4050746850393701
20
-3.9550797244094489
11
5.4049769291338583
21
-3.9553156692913385
0
LINE
8
BLACK
6
CONTINUOUS
10
5.4049769291338583
20
-3.9553156692913385
11
5.4049769291338583
21
-3.9553157086614172
0
LINE
8
BLACK
6
CONTINUOUS
10
5.4049769291338583
20
-3.9553157086614172
11
5.4032713385826767
21
-3.9594333464566929
0
LINE
8
BLACK
6
CONTINUOUS
10
5.4032713385826767
20
-3.9594333464566929
11
5.4025947637795273
21
-3.961066771653543
0
LINE
8
BLACK
6
CONTINUOUS
10
5.4025947637795273
20
-3.961066771653543
11
5.4025946850393698
21
-3.9610669685039368
0
LINE
8
BLACK
6
CONTINUOUS
10
5.4025946850393698
20
-3.9610669685039368
11
5.4024033464566932
21
-3.9625204330708659
0
LINE
8
BLACK
6
CONTINUOUS
10
5.4024033464566932
20
-3.9625204330708659
11
5.4017822047244097
21
-3.9672385826771652
0
LINE
8
BLACK
6
CONTINUOUS
10
5.4017822047244097
20
-3.9672385826771652
11
5.4025849606299214
21
-3.9733362992125985
0
LINE
8
BLACK
6
CONTINUOUS
10
5.4025849606299214
20
-3.9733362992125985
11
5.4025947244094485
21
-3.9734102755905512
0
LINE
8
BLACK
6
CONTINUOUS
10
5.4025947244094485
20
-3.9734102755905512
11
5.402657440944882
21
-3.9736443700787403
0
LINE
8
BLACK
6
CONTINUOUS
10
5.402657440944882
20
-3.9736443700787403
11
5.4025313385826772
21
-3.9760499606299211
0
LINE
8
BLACK
6
CONTINUOUS
10
5.4025313385826772
20
-3.9760499606299211
11
5.4010153543307089
21
-3.9779219685039369
0
LINE
8
BLACK
6
CONTINUOUS
10
5.4010153543307089
20
-3.9779219685039369
11
5.4001799212598423
21
-3.9783320078740156
0
LINE
8
BLACK
6
CONTINUOUS
10
5.4001799212598423
20
-3.9783320078740156
11
5.3951212204724408
21
-3.9801021259842519
0
LINE
8
BLACK
6
CONTINUOUS
10
5.3951212204724408
20
-3.9801021259842519
11
5.3909196850393704
21
-3.9832030708661414
0
LINE
8
BLACK
6
CONTINUOUS
10
5.3909196850393704
20
-3.9832030708661414
11
5.3909196062992129
21
-3.983203149606299
0
LINE
8
BLACK
6
CONTINUOUS
10
5.3909196062992129
20
-3.983203149606299
11
5.3878186614173229
21
-3.9874046850393698
0
LINE
8
BLACK
6
CONTINUOUS
10
5.3878186614173229
20
-3.9874046850393698
11
5.3860939763779525
21
-3.9923335433070863
0
LINE
8
BLACK
6
CONTINUOUS
10
5.3860939763779525
20
-3.9923335433070863
11
5.3859842519685035
21
-3.9935038976377952
0
LINE
8
BLACK
6
CONTINUOUS
10
5.3859842519685035
20
-3.9935038976377952
11
5.3859842519685035
21
-3.995196811023622
0
LINE
8
BLACK
6
CONTINUOUS
10
5.3859842519685035
20
-3.995196811023622
11
5.3859842913385823
21
-3.9951968503937008
0
LINE
8
BLACK
6
CONTINUOUS
10
5.3859842913385823
20
-3.9951968503937008
11
5.3978735826771649
21
-3.9951968503937008
0
LINE
8
BLACK
6
CONTINUOUS
10
5.3978735826771649
20
-3.9951968503937008
11
5.3982148425196845
21
-3.9934812598425196
0
LINE
8
BLACK
6
CONTINUOUS
10
5.3982148425196845
20
-3.9934812598425196
11
5.3994096456692908
21
-3.9916931102362203
0
LINE
8
BLACK
6
CONTINUOUS
10
5.3994096456692908
20
-3.9916931102362203
11
5.4011977952755901
21
-3.990498307086614
0
LINE
8
BLACK
6
CONTINUOUS
10
5.4011977952755901
20
-3.990498307086614
11
5.4033070866141735
21
-3.9900787401574802
0
LINE
8
BLACK
6
CONTINUOUS
10
5.4033070866141735
20
-3.9900787401574802
11
5.4166929133858268
21
-3.9900787401574802
0
LINE
8
BLACK
6
CONTINUOUS
10
5.4166929133858268
20
-3.9900787401574802
11
5.4188022047244093
21
-3.990498307086614
0
LINE
8
BLACK
6
CONTINUOUS
10
5.4188022047244093
20
-3.990498307086614
11
5.4205903543307086
21
-3.9916931102362203
0
LINE
8
BLACK
6
CONTINUOUS
10
5.4205903543307086
20
-3.9916931102362203
11
5.4217851574803149
21
-3.9934812598425196
0
LINE
8
BLACK
6
CONTINUOUS
10
5.4217851574803149
20
-3.9934812598425196
11
5.4221264173228345
21
-3.9951968503937008
0
LINE
8
BLACK
6
CONTINUOUS
10
5.4221264173228345
20
-3.9951968503937008
11
5.4342709842519685
21
-3.9951968503937008
0
LINE
8
BLACK
6
CONTINUOUS
10
5.4342709842519685
20
-3.9951968503937008
11
5.4358967716535433
21
-3.9943685039370078
0
LINE
8
BLACK
6
CONTINUOUS
10
5.4358967716535433
20
-3.9943685039370078
11
5.4382759842519688
21
-3.99474531496063
0
LINE
8
BLACK
6
CONTINUOUS
10
5.4382759842519688
20
-3.99474531496063
11
5.439262401574803
21
-3.9954619685039368
0
LINE
8
BLACK
6
CONTINUOUS
10
5.439262401574803
20
-3.9954619685039368
11
5.440023464566929
21
-3.9962230314960627
0
LINE
8
BLACK
6
CONTINUOUS
10
5.440023464566929
20
-3.9962230314960627
11
5.4400235039370077
21
-3.9962230314960627
0
LINE
8
BLACK
6
CONTINUOUS
10
5.4400235039370077
20
-3.9962230314960627
11
5.4400235433070865
21
-3.9962230708661415
0
LINE
8
BLACK
6
CONTINUOUS
10
5.4400235433070865
20
-3.9962230708661415
11
5.4405478346456695
21
-3.9964675590551182
0
LINE
8
BLACK
6
CONTINUOUS
10
5.4405478346456695
20
-3.9964675590551182
11
5.4423095669291337
21
-3.9981104330708659
0
LINE
8
BLACK
6
CONTINUOUS
10
5.4423095669291337
20
-3.9981104330708659
11
5.4427691732283465
21
-4.0004750393700785
0
LINE
8
BLACK
6
CONTINUOUS
10
5.4427691732283465
20
-4.0004750393700785
11
5.4417511023622049
21
-4.0026581889763779
0
LINE
8
BLACK
6
CONTINUOUS
10
5.4417511023622049
20
-4.0026581889763779
11
5.4405478346456695
21
-4.0035324409448814
0
LINE
8
BLACK
6
CONTINUOUS
10
5.4405478346456695
20
-4.0035324409448814
11
5.440023464566929
21
-4.0037769291338581
0
LINE
8
BLACK
6
CONTINUOUS
10
5.440023464566929
20
-4.0037769291338581
11
5.4386624409448814
21
-4.0051379527559057
0
LINE
8
BLACK
6
CONTINUOUS
10
5.4386624409448814
20
-4.0051379527559057
11
5.4365161023622042
21
-4.0062315354330709
0
LINE
8
BLACK
6
CONTINUOUS
10
5.4365161023622042
20
-4.0062315354330709
11
5.4359064173228342
21
-4.0062795275590553
0
LINE
8
BLACK
6
CONTINUOUS
10
5.4359064173228342
20
-4.0062795275590553
11
5.4311045669291333
21
-4.0062795275590553
0
LINE
8
BLACK
6
CONTINUOUS
10
5.4311045669291333
20
-4.0062795275590553
11
5.4288818897637796
21
-4.0068750787401575
0
LINE
8
BLACK
6
CONTINUOUS
10
5.4288818897637796
20
-4.0068750787401575
11
5.4278731889763776
21
-4.0070078740157475
0
LINE
8
BLACK
6
CONTINUOUS
10
5.4278731889763776
20
-4.0070078740157475
11
5.4221264173228345
21
-4.0070078740157475
0
LINE
8
BLACK
6
CONTINUOUS
10
5.4221264173228345
20
-4.0070078740157475
11
5.4217851574803149
21
-4.0087234645669287
0
LINE
8
BLACK
6
CONTINUOUS
10
5.4217851574803149
20
-4.0087234645669287
11
5.4205903543307086
21
-4.010511614173228
0
LINE
8
BLACK
6
CONTINUOUS
10
5.4205903543307086
20
-4.010511614173228
11
5.4188022047244093
21
-4.0117064173228343
0
LINE
8
BLACK
6
CONTINUOUS
10
5.4188022047244093
20
-4.0117064173228343
11
5.4166929133858268
21
-4.0121259842519681
0
LINE
8
BLACK
6
CONTINUOUS
10
5.4166929133858268
20
-4.0121259842519681
11
5.4033070866141735
21
-4.0121259842519681
0
LINE
8
BLACK
6
CONTINUOUS
10
5.4033070866141735
20
-4.0121259842519681
11
5.4011977952755901
21
-4.0117064173228343
0
LINE
8
BLACK
6
CONTINUOUS
10
5.4011977952755901
20
-4.0117064173228343
11
5.3994096456692908
21
-4.010511614173228
0
LINE
8
BLACK
6
CONTINUOUS
10
5.3994096456692908
20
-4.010511614173228
11
5.3982148425196845
21
-4.0087234645669287
0
LINE
8
BLACK
6
CONTINUOUS
10
5.3982148425196845
20
-4.0087234645669287
11
5.3978735826771649
21
-4.0070078740157475
0
LINE
8
BLACK
6
CONTINUOUS
10
5.3978735826771649
20
-4.0070078740157475
11
5.385984330708661
21
-4.0070078740157475
0
LINE
8
BLACK
6
CONTINUOUS
10
5.385984330708661
20
-4.0070078740157475
11
5.3859842913385823
21
-4.0070079133858263
0
LINE
8
BLACK
6
CONTINUOUS
10
5.3859842913385823
20
-4.0070079133858263
11
5.3859842913385823
21
-4.0087009055118106
0
LINE
8
BLACK
6
CONTINUOUS
10
5.3859842913385823
20
-4.0087009055118106
11
5.3860939370078738
21
-4.0098709055118107
0
LINE
8
BLACK
6
CONTINUOUS
10
5.3860939370078738
20
-4.0098709055118107
11
5.3860939763779525
21
-4.0098711023622045
0
LINE
8
BLACK
6
CONTINUOUS
10
5.3860939763779525
20
-4.0098711023622045
11
5.3878186614173229
21
-4.0148000000000001
0
LINE
8
BLACK
6
CONTINUOUS
10
5.3878186614173229
20
-4.0148000000000001
11
5.3909196062992129
21
-4.0190015354330706
0
LINE
8
BLACK
6
CONTINUOUS
10
5.3909196062992129
20
-4.0190015354330706
11
5.3909198031496066
21
-4.0190017322834644
0
LINE
8
BLACK
6
CONTINUOUS
10
5.3909198031496066
20
-4.0190017322834644
11
5.3917710236220469
21
-4.0196299606299215
0
LINE
8
BLACK
6
CONTINUOUS
10
5.3917710236220469
20
-4.0196299606299215
11
5.393172322834646
21
-4.0215892913385822
0
LINE
8
BLACK
6
CONTINUOUS
10
5.393172322834646
20
-4.0215892913385822
11
5.3931542913385826
21
-4.0239981102362208
0
LINE
8
BLACK
6
CONTINUOUS
10
5.3931542913385826
20
-4.0239981102362208
11
5.3923510236220471
21
-4.0252979921259842
0
LINE
8
BLACK
6
CONTINUOUS
10
5.3923510236220471
20
-4.0252979921259842
11
5.3923521259842522
21
-4.0252987795275592
0
LINE
8
BLACK
6
CONTINUOUS
10
5.3923521259842522
20
-4.0252987795275592
11
5.3923390551181098
21
-4.0253173622047242
0
LINE
8
BLACK
6
CONTINUOUS
10
5.3923390551181098
20
-4.0253173622047242
11
5.3922127559055113
21
-4.0255218503937007
0
LINE
8
BLACK
6
CONTINUOUS
10
5.3922127559055113
20
-4.0255218503937007
11
5.3921565748031499
21
-4.0255779921259842
0
LINE
8
BLACK
6
CONTINUOUS
10
5.3921565748031499
20
-4.0255779921259842
11
5.3921564566929137
21
-4.025578188976378
0
LINE
8
BLACK
6
CONTINUOUS
10
5.3921564566929137
20
-4.025578188976378
11
5.3901586220472444
21
-4.029862598425197
0
LINE
8
BLACK
6
CONTINUOUS
10
5.3901586220472444
20
-4.029862598425197
11
5.3901585826771656
21
-4.0298626377952758
0
LINE
8
BLACK
6
CONTINUOUS
10
5.3901585826771656
20
-4.0298626377952758
11
5.3899015748031491
21
-4.0318149606299212
0
LINE
8
BLACK
6
CONTINUOUS
10
5.3899015748031491
20
-4.0318149606299212
11
5.3899015748031491
21
-4.0378665354330705
0
LINE
8
BLACK
6
CONTINUOUS
10
5.3899015748031491
20
-4.0378665354330705
11
5.389157204724409
21
-4.0401575196850397
0
LINE
8
BLACK
6
CONTINUOUS
10
5.389157204724409
20
-4.0401575196850397
11
5.3887599999999996
21
-4.0406225590551177
0
LINE
8
BLACK
6
CONTINUOUS
10
5.3887599999999996
20
-4.0406225590551177
11
5.382709251968504
21
-4.0466733464566929
0
LINE
8
BLACK
6
CONTINUOUS
10
5.382709251968504
20
-4.0466733464566929
11
5.3805629133858268
21
-4.0477669685039368
0
LINE
8
BLACK
6
CONTINUOUS
10
5.3805629133858268
20
-4.0477669685039368
11
5.3799531889763781
21
-4.0478149606299212
0
LINE
8
BLACK
6
CONTINUOUS
10
5.3799531889763781
20
-4.0478149606299212
11
5.3778221259842516
21
-4.0478149606299212
0
LINE
8
BLACK
6
CONTINUOUS
10
5.3778221259842516
20
-4.0478149606299212
11
5.3756566929133855
21
-4.0471580708661419
0
LINE
8
BLACK
6
CONTINUOUS
10
5.3756566929133855
20
-4.0471580708661419
11
5.3743792519685041
21
-4.0463044881889765
0
LINE
8
BLACK
6
CONTINUOUS
10
5.3743792519685041
20
-4.0463044881889765
11
5.3743791732283466
21
-4.0463044488188977
0
LINE
8
BLACK
6
CONTINUOUS
10
5.3743791732283466
20
-4.0463044488188977
11
5.3743790551181103
21
-4.046304409448819
0
LINE
8
BLACK
6
CONTINUOUS
10
5.3743790551181103
20
-4.046304409448819
11
5.3743790157480316
21
-4.046304409448819
0
LINE
8
BLACK
6
CONTINUOUS
10
5.3743790157480316
20
-4.046304409448819
11
5.3720770866141727
21
-4.0458464960629916
0
LINE
8
BLACK
6
CONTINUOUS
10
5.3720770866141727
20
-4.0458464960629916
11
5.3720766929133861
21
-4.0458464566929129
0
LINE
8
BLACK
6
CONTINUOUS
10
5.3720766929133861
20
-4.0458464566929129
11
5.3720766535433073
21
-4.0458464566929129
0
LINE
8
BLACK
6
CONTINUOUS
10
5.3720766535433073
20
-4.0458464566929129
11
5.3584618503937005
21
-4.0458464566929129
0
LINE
8
BLACK
6
CONTINUOUS
10
5.3584618503937005
20
-4.0458464566929129
11
5.3561708661417322
21
-4.0451020866141727
0
LINE
8
BLACK
6
CONTINUOUS
10
5.3561708661417322
20
-4.0451020866141727
11
5.3547549606299212
21
-4.0431532677165354
0
LINE
8
BLACK
6
CONTINUOUS
10
5.3547549606299212
20
-4.0431532677165354
11
5.3547549606299212
21
-4.0407443700787402
0
LINE
8
BLACK
6
CONTINUOUS
10
5.3547549606299212
20
-4.0407443700787402
11
5.3548609055118108
21
-4.0404572440944877
0
LINE
8
BLACK
6
CONTINUOUS
10
5.3548609055118108
20
-4.0404572440944877
11
5.3554257480314957
21
-4.0390935826771655
0
LINE
8
BLACK
6
CONTINUOUS
10
5.3554257480314957
20
-4.0390935826771655
11
5.3566360236220474
21
-4.0361717322834645
0
LINE
8
BLACK
6
CONTINUOUS
10
5.3566360236220474
20
-4.0361717322834645
11
5.3574485433070862
21
-4.0300000000000002
0
LINE
8
BLACK
6
CONTINUOUS
10
5.3574485433070862
20
-4.0300000000000002
11
5.3566360236220474
21
-4.0238282677165351
0
LINE
8
BLACK
6
CONTINUOUS
10
5.3566360236220474
20
-4.0238282677165351
11
5.3550155511811024
21
-4.0199161023622043
0
LINE
8
BLACK
6
CONTINUOUS
10
5.3550155511811024
20
-4.0199161023622043
11
5.3542538582677164
21
-4.0180772047244098
0
LINE
8
BLACK
6
CONTINUOUS
10
5.3542538582677164
20
-4.0180772047244098
11
5.3542538582677164
21
-4.018077165354331
0
LINE
8
BLACK
6
CONTINUOUS
10
5.3542538582677164
20
-4.018077165354331
11
5.3504644488188973
21
-4.0131387007874011
0
LINE
8
BLACK
6
CONTINUOUS
10
5.3504644488188973
20
-4.0131387007874011
11
5.3504644094488185
21
-4.0131386614173223
0
LINE
8
BLACK
6
CONTINUOUS
10
5.3504644094488185
20
-4.0131386614173223
11
5.3504642913385823
21
-4.0131385039370082
0
LINE
8
BLACK
6
CONTINUOUS
10
5.3504642913385823
20
-4.0131385039370082
11
5.3504640944881885
21
-4.0131383464566932
0
LINE
8
BLACK
6
CONTINUOUS
10
5.3504640944881885
20
-4.0131383464566932
11
5.3504640551181097
21
-4.0131383070866145
0
LINE
8
BLACK
6
CONTINUOUS
10
5.3504640551181097
20
-4.0131383070866145
11
5.3470302362204727
21
-4.0105034645669289
0
LINE
8
BLACK
6
CONTINUOUS
10
5.3470302362204727
20
-4.0105034645669289
11
5.3455256692913382
21
-4.0093489763779528
0
LINE
8
BLACK
6
CONTINUOUS
10
5.3455256692913382
20
-4.0093489763779528
11
5.3455256299212595
21
-4.0093489370078741
0
LINE
8
BLACK
6
CONTINUOUS
10
5.3455256299212595
20
-4.0093489370078741
11
5.345525551181102
21
-4.0093488976377953
0
LINE
8
BLACK
6
CONTINUOUS
10
5.345525551181102
20
-4.0093488976377953
11
5.3397745275590554
21
-4.0069667716535431
0
LINE
8
BLACK
6
CONTINUOUS
10
5.3397745275590554
20
-4.0069667716535431
11
5.337012125984252
21
-4.0066030708661415
0
LINE
8
BLACK
6
CONTINUOUS
10
5.337012125984252
20
-4.0066030708661415
11
5.3348379133858268
21
-4.0055659842519686
0
LINE
8
BLACK
6
CONTINUOUS
10
5.3348379133858268
20
-4.0055659842519686
11
5.3336885433070869
21
-4.0034490157480311
0
LINE
8
BLACK
6
CONTINUOUS
10
5.3336885433070869
20
-4.0034490157480311
11
5.3336232677165354
21
-4.0027387795275589
0
LINE
8
BLACK
6
CONTINUOUS
10
5.3336232677165354
20
-4.0027387795275589
11
5.3336232677165354
21
-3.9652349606299211
0
LINE
8
BLACK
6
CONTINUOUS
10
5.3336232677165354
20
-3.9652349606299211
11
5.3336232283464566
21
-3.9652348818897636
0
LINE
8
BLACK
6
CONTINUOUS
10
5.3336232283464566
20
-3.9652348818897636
11
5.3334020472440944
21
-3.9644094881889762
0
LINE
8
BLACK
6
CONTINUOUS
10
5.3334020472440944
20
-3.9644094881889762
11
5.3328170078740156
21
-3.962226062992126
0
LINE
8
BLACK
6
CONTINUOUS
10
5.3328170078740156
20
-3.962226062992126
11
5.3327533070866142
21
-3.9621157480314961
0
LINE
8
BLACK
6
CONTINUOUS
10
5.3327533070866142
20
-3.9621157480314961
11
5.3312594488188978
21
-3.9595283070866141
0
LINE
8
BLACK
6
CONTINUOUS
10
5.3312594488188978
20
-3.9595283070866141
11
5.3308462204724405
21
-3.9591150393700785
0
LINE
8
BLACK
6
CONTINUOUS
10
5.3308462204724405
20
-3.9591150393700785
11
5.3297526771653541
21
-3.9569687007874017
0
LINE
8
BLACK
6
CONTINUOUS
10
5.3297526771653541
20
-3.9569687007874017
11
5.3297047244094484
21
-3.9563590944881888
0
LINE
8
BLACK
6
CONTINUOUS
10
5.3297047244094484
20
-3.9563590944881888
11
5.3297047244094484
21
-3.9330123228346454
0
LINE
8
BLACK
6
CONTINUOUS
10
5.3297047244094484
20
-3.9330123228346454
11
5.3296850393700783
21
-3.9329133858267715
0
LINE
8
BLACK
6
CONTINUOUS
10
5.3296850393700783
20
-3.9329133858267715
11
5.3296850393700783
21
-3.9151968503937007
0
LINE
8
BLACK
6
CONTINUOUS
10
5.3296850393700783
20
-3.9151968503937007
11
5.3298348818897638
21
-3.9144435433070863
0
LINE
8
BLACK
6
CONTINUOUS
10
5.3298348818897638
20
-3.9144435433070863
11
5.330261614173228
21
-3.9138049212598425
0
LINE
8
BLACK
6
CONTINUOUS
10
5.330261614173228
20
-3.9138049212598425
11
5.3309002362204723
21
-3.9133781889763779
0
LINE
8
BLACK
6
CONTINUOUS
10
5.3309002362204723
20
-3.9133781889763779
11
5.3316535433070866
21
-3.9132283464566928
0
LINE
8
BLACK
6
CONTINUOUS
10
5.3316535433070866
20
-3.9132283464566928
11
5.3355905511811024
21
-3.9132283464566928
0
LINE
8
BLACK
6
CONTINUOUS
10
5.3355905511811024
20
-3.9132283464566928
11
5.3363438582677167
21
-3.9133781889763779
0
LINE
8
BLACK
6
CONTINUOUS
10
5.3363438582677167
20
-3.9133781889763779
11
5.3369824803149601
21
-3.9138049212598425
0
LINE
8
BLACK
6
CONTINUOUS
10
5.3369824803149601
20
-3.9138049212598425
11
5.3374092125984252
21
-3.9144435433070863
0
LINE
8
BLACK
6
CONTINUOUS
10
5.3374092125984252
20
-3.9144435433070863
11
5.3375590551181098
21
-3.9151968503937007
0
LINE
8
BLACK
6
CONTINUOUS
10
5.3375590551181098
20
-3.9151968503937007
11
5.3375590551181098
21
-3.9329133858267715
0
LINE
8
BLACK
6
CONTINUOUS
10
5.3375590551181098
20
-3.9329133858267715
11
5.3375393700787397
21
-3.9330123228346454
0
LINE
8
BLACK
6
CONTINUOUS
10
5.3375393700787397
20
-3.9330123228346454
11
5.3375393700787397
21
-3.9338846456692913
0
LINE
8
BLACK
6
CONTINUOUS
10
5.3375393700787397
20
-3.9338846456692913
11
5.337540275590551
21
-3.9338938582677163
0
LINE
8
BLACK
6
CONTINUOUS
10
5.337540275590551
20
-3.9338938582677163
11
5.3375590551181098
21
-3.9342761023622046
0
LINE
8
BLACK
6
CONTINUOUS
10
5.3375590551181098
20
-3.9342761023622046
11
5.3375590551181098
21
-3.9465965748031495
0
LINE
8
BLACK
6
CONTINUOUS
10
5.3375590551181098
20
-3.9465965748031495
11
5.3395768503937004
21
-3.9463025984251967
0
LINE
8
BLACK
6
CONTINUOUS
10
5.3395768503937004
20
-3.9463025984251967
11
5.343708188976378
21
-3.9442829133858268
0
LINE
8
BLACK
6
CONTINUOUS
10
5.343708188976378
20
-3.9442829133858268
11
5.3437082283464568
21
-3.9442828740157481
0
LINE
8
BLACK
6
CONTINUOUS
10
5.3437082283464568
20
-3.9442828740157481
11
5.3440738582677163
21
-3.9439172834645668
0
LINE
8
BLACK
6
CONTINUOUS
10
5.3440738582677163
20
-3.9439172834645668
11
5.3462201574803148
21
-3.9428235826771654
0
LINE
8
BLACK
6
CONTINUOUS
10
5.3462201574803148
20
-3.9428235826771654
11
5.3468299999999997
21
-3.942775590551181
0
LINE
8
BLACK
6
CONTINUOUS
10
5.3468299999999997
20
-3.942775590551181
11
5.3523099606299214
21
-3.942775590551181
0
LINE
8
BLACK
6
CONTINUOUS
10
5.3523099606299214
20
-3.942775590551181
11
5.3523100000000001
21
-3.942775590551181
0
LINE
8
BLACK
6
CONTINUOUS
10
5.3523100000000001
20
-3.942775590551181
11
5.3551866141732285
21
-3.9422033858267715
0
LINE
8
BLACK
6
CONTINUOUS
10
5.3551866141732285
20
-3.9422033858267715
11
5.3584488582677166
21
-3.9400236614173227
0
LINE
8
BLACK
6
CONTINUOUS
10
5.3584488582677166
20
-3.9400236614173227
11
5.3606285826771654
21
-3.9367614173228347
0
LINE
8
BLACK
6
CONTINUOUS
10
5.3606285826771654
20
-3.9367614173228347
11
5.3612007874015744
21
-3.9338848031496063
0
LINE
8
BLACK
6
CONTINUOUS
10
5.3612007874015744
20
-3.9338848031496063
11
5.3612007874015744
21
-3.9240157086614174
0
LINE
8
BLACK
6
CONTINUOUS
10
5.3612007874015744
20
-3.9240157086614174
11
5.3619451574803145
21
-3.9217247244094486
0
LINE
8
BLACK
6
CONTINUOUS
10
5.3619451574803145
20
-3.9217247244094486
11
5.3638939763779527
21
-3.9203088188976376
0
LINE
8
BLACK
6
CONTINUOUS
10
5.3638939763779527
20
-3.9203088188976376
11
5.3650984251968499
21
-3.9201180708661418
0
LINE
8
BLACK
6
CONTINUOUS
10
5.3650984251968499
20
-3.9201180708661418
11
5.3651180708661412
21
-3.9201180708661418
0
LINE
8
BLACK
6
CONTINUOUS
10
5.3651180708661412
20
-3.9201180708661418
11
5.36511811023622
21
-3.9201180314960631
0
LINE
8
BLACK
6
CONTINUOUS
10
5.36511811023622
20
-3.9201180314960631
11
5.36511811023622
21
-3.9083070866141729
0
LINE
8
BLACK
6
CONTINUOUS
10
5.36511811023622
20
-3.9083070866141729
11
5.3601968503937005
21
-3.9083070866141729
0
LINE
8
BLACK
6
CONTINUOUS
10
5.3601968503937005
20
-3.9083070866141729
11
5.3594435433070862
21
-3.9081572440944883
0
LINE
8
BLACK
6
CONTINUOUS
10
5.3594435433070862
20
-3.9081572440944883
11
5.3588049212598428
21
-3.9077305118110237
0
LINE
8
BLACK
6
CONTINUOUS
10
5.3588049212598428
20
-3.9077305118110237
11
5.3583781889763777
21
-3.9070918897637794
0
LINE
8
BLACK
6
CONTINUOUS
10
5.3583781889763777
20
-3.9070918897637794
11
5.3582283464566931
21
-3.906338582677165
0
LINE
8
BLACK
6
CONTINUOUS
10
5.3582283464566931
20
-3.906338582677165
11
5.3582283464566931
21
-3.9024015748031493
0
LINE
8
BLACK
6
CONTINUOUS
10
5.3582283464566931
20
-3.9024015748031493
11
5.3583781889763777
21
-3.9016482677165354
0
LINE
8
BLACK
6
CONTINUOUS
10
5.3583781889763777
20
-3.9016482677165354
11
5.3588049212598428
21
-3.9010096456692911
0
LINE
8
BLACK
6
CONTINUOUS
10
5.3588049212598428
20
-3.9010096456692911
11
5.3594435433070862
21
-3.9005829133858265
0
LINE
8
BLACK
6
CONTINUOUS
10
5.3594435433070862
20
-3.9005829133858265
11
5.3601968503937005
21
-3.9004330708661414
0
LINE
8
BLACK
6
CONTINUOUS
10
5.3601968503937005
20
-3.9004330708661414
11
5.3779133858267718
21
-3.9004330708661414
0
LINE
8
BLACK
6
CONTINUOUS
10
5.3779133858267718
20
-3.9004330708661414
11
5.378012362204724
21
-3.9004527559055115
0
LINE
8
BLACK
6
CONTINUOUS
10
5.378012362204724
20
-3.9004527559055115
11
5.3788846456692916
21
-3.9004527559055115
0
LINE
8
BLACK
6
CONTINUOUS
10
5.3788846456692916
20
-3.9004527559055115
11
5.3788848031496066
21
-3.9004527559055115
0
LINE
8
BLACK
6
CONTINUOUS
10
5.3788848031496066
20
-3.9004527559055115
11
5.378884921259842
21
-3.9004527165354328
0
LINE
8
BLACK
6
CONTINUOUS
10
5.378884921259842
20
-3.9004527165354328
11
5.3788942519685037
21
-3.9004518110236219
0
LINE
8
BLACK
6
CONTINUOUS
10
5.3788942519685037
20
-3.9004518110236219
11
5.3792761811023624
21
-3.9004330708661414
0
LINE
8
BLACK
6
CONTINUOUS
10
5.3792761811023624
20
-3.9004330708661414
11
5.3915965748031498
21
-3.9004330708661414
0
LINE
8
BLACK
6
CONTINUOUS
10
5.3915965748031498
20
-3.9004330708661414
11
5.3913026377952757
21
-3.89841531496063
0
LINE
8
BLACK
6
CONTINUOUS
10
5.3913026377952757
20
-3.89841531496063
11
5.3892828740157483
21
-3.8942838582677166
0
LINE
8
BLACK
6
CONTINUOUS
10
5.3892828740157483
20
-3.8942838582677166
11
5.3892827952755908
21
-3.8942837795275591
0
LINE
8
BLACK
6
CONTINUOUS
10
5.3892827952755908
20
-3.8942837795275591
11
5.3889170866141729
21
-3.8939180314960629
0
LINE
8
BLACK
6
CONTINUOUS
10
5.3889170866141729
20
-3.8939180314960629
11
5.3878235433070865
21
-3.8917716929133856
0
LINE
8
BLACK
6
CONTINUOUS
10
5.3878235433070865
20
-3.8917716929133856
11
5.3877755905511808
21
-3.8911620866141732
0
LINE
8
BLACK
6
CONTINUOUS
10
5.3877755905511808
20
-3.8911620866141732
11
5.3877755905511808
21
-3.8856821653543308
0
LINE
8
BLACK
6
CONTINUOUS
10
5.3877755905511808
20
-3.8856821653543308
11
5.3877755118110233
21
-3.8856816929133857
0
LINE
8
BLACK
6
CONTINUOUS
10
5.3877755118110233
20
-3.8856816929133857
11
5.3873940944881893
21
-3.8837642913385828
0
LINE
8
BLACK
6
CONTINUOUS
10
5.3873940944881893
20
-3.8837642913385828
11
5.3872033858267718
21
-3.8828055118110236
0
LINE
8
BLACK
6
CONTINUOUS
10
5.3872033858267718
20
-3.8828055118110236
11
5.3872032283464568
21
-3.8828053149606299
0
LINE
8
BLACK
6
CONTINUOUS
10
5.3872032283464568
20
-3.8828053149606299
11
5.3870564173228344
21
-3.8824507086614171
0
LINE
8
BLACK
6
CONTINUOUS
10
5.3870564173228344
20
-3.8824507086614171
11
5.3871357480314961
21
-3.8824178346456693
0
LINE
8
BLACK
6
CONTINUOUS
10
5.3871357480314961
20
-3.8824178346456693
11
5.3866216141732286
21
-3.8805952755905513
0
LINE
8
BLACK
6
CONTINUOUS
10
5.3866216141732286
20
-3.8805952755905513
11
5.3871170472440948
21
-3.8790704330708659
0
LINE
8
BLACK
6
CONTINUOUS
10
5.3871170472440948
20
-3.8790704330708659
11
5.3870564173228344
21
-3.8790453543307084
0
LINE
8
BLACK
6
CONTINUOUS
10
5.3870564173228344
20
-3.8790453543307084
11
5.3872031889763781
21
-3.8786907874015748
0
LINE
8
BLACK
6
CONTINUOUS
10
5.3872031889763781
20
-3.8786907874015748
11
5.3872033858267718
21
-3.8786905511811023
0
LINE
8
BLACK
6
CONTINUOUS
10
5.3872033858267718
20
-3.8786905511811023
11
5.3877755905511808
21
-3.8758139370078739
0
LINE
8
BLACK
6
CONTINUOUS
10
5.3877755905511808
20
-3.8758139370078739
11
5.3877755905511808
21
-3.869934094488189
0
LINE
8
BLACK
6
CONTINUOUS
10
5.3877755905511808
20
-3.869934094488189
11
5.3872033858267718
21
-3.8670574803149607
0
LINE
8
BLACK
6
CONTINUOUS
10
5.3872033858267718
20
-3.8670574803149607
11
5.3872032283464568
21
-3.8670572834645669
0
LINE
8
BLACK
6
CONTINUOUS
10
5.3872032283464568
20
-3.8670572834645669
11
5.3870564173228344
21
-3.8667026771653541
0
LINE
8
BLACK
6
CONTINUOUS
10
5.3870564173228344
20
-3.8667026771653541
11
5.3871357480314961
21
-3.8666698031496063
0
LINE
8
BLACK
6
CONTINUOUS
10
5.3871357480314961
20
-3.8666698031496063
11
5.3866216141732286
21
-3.8648472440944883
0
LINE
8
BLACK
6
CONTINUOUS
10
5.3866216141732286
20
-3.8648472440944883
11
5.3871170472440948
21
-3.8633224015748029
0
LINE
8
BLACK
6
CONTINUOUS
10
5.3871170472440948
20
-3.8633224015748029
11
5.3870564173228344
21
-3.8632973228346454
0
LINE
8
BLACK
6
CONTINUOUS
10
5.3870564173228344
20
-3.8632973228346454
11
5.3872031889763781
21
-3.8629427559055118
0
LINE
8
BLACK
6
CONTINUOUS
10
5.3872031889763781
20
-3.8629427559055118
11
5.3872033858267718
21
-3.8629425196850393
0
LINE
8
BLACK
6
CONTINUOUS
10
5.3872033858267718
20
-3.8629425196850393
11
5.3877755905511808
21
-3.8600659055118109
0
LINE
8
BLACK
6
CONTINUOUS
10
5.3877755905511808
20
-3.8600659055118109
11
5.3877755905511808
21
-3.8541860629921261
0
LINE
8
BLACK
6
CONTINUOUS
10
5.3877755905511808
20
-3.8541860629921261
11
5.3872033858267718
21
-3.8513094488188977
0
LINE
8
BLACK
6
CONTINUOUS
10
5.3872033858267718
20
-3.8513094488188977
11
5.3872032283464568
21
-3.8513092519685039
0
LINE
8
BLACK
6
CONTINUOUS
10
5.3872032283464568
20
-3.8513092519685039
11
5.3870564173228344
21
-3.8509546456692911
0
LINE
8
BLACK
6
CONTINUOUS
10
5.3870564173228344
20
-3.8509546456692911
11
5.3871357480314961
21
-3.8509217716535433
0
LINE
8
BLACK
6
CONTINUOUS
10
5.3871357480314961
20
-3.8509217716535433
11
5.3866216141732286
21
-3.8490992125984249
0
LINE
8
BLACK
6
CONTINUOUS
10
5.3866216141732286
20
-3.8490992125984249
11
5.3871170472440948
21
-3.8475743700787399
0
LINE
8
BLACK
6
CONTINUOUS
10
5.3871170472440948
20
-3.8475743700787399
11
5.3870564173228344
21
-3.8475492913385825
0
LINE
8
BLACK
6
CONTINUOUS
10
5.3870564173228344
20
-3.8475492913385825
11
5.3872031889763781
21
-3.8471947244094489
0
LINE
8
BLACK
6
CONTINUOUS
10
5.3872031889763781
20
-3.8471947244094489
11
5.3872033858267718
21
-3.8471944881889764
0
LINE
8
BLACK
6
CONTINUOUS
10
5.3872033858267718
20
-3.8471944881889764
11
5.3877755905511808
21
-3.844317874015748
0
LINE
8
BLACK
6
CONTINUOUS
10
5.3877755905511808
20
-3.844317874015748
11
5.3877755905511808
21
-3.8413582677165352
0
LINE
8
BLACK
6
CONTINUOUS
10
5.3877755905511808
20
-3.8413582677165352
11
5.388519960629921
21
-3.8390672834645669
0
LINE
8
BLACK
6
CONTINUOUS
10
5.388519960629921
20
-3.8390672834645669
11
5.3904687795275592
21
-3.8376513779527559
0
LINE
8
BLACK
6
CONTINUOUS
10
5.3904687795275592
20
-3.8376513779527559
11
5.3916732283464563
21
-3.8374606299212597
0
LINE
8
BLACK
6
CONTINUOUS
10
5.3916732283464563
20
-3.8374606299212597
11
5.4000039370078738
21
-3.8374606299212597
0
LINE
8
BLACK
6
CONTINUOUS
10
5.4000039370078738
20
-3.8374606299212597
11
5.4022949212598421
21
-3.8382049999999999
0
LINE
8
BLACK
6
CONTINUOUS
10
5.3205958267716538
20
-3.9133781889763779
11
5.3212344488188972
21
-3.9138049212598425
0
LINE
8
BLACK
6
CONTINUOUS
10
5.3212344488188972
20
-3.9138049212598425
11
5.3216611811023622
21
-3.9144435433070863
0
LINE
8
BLACK
6
CONTINUOUS
10
5.3216611811023622
20
-3.9144435433070863
11
5.3218110236220468
21
-3.9151968503937007
0
LINE
8
BLACK
6
CONTINUOUS
10
5.3218110236220468
20
-3.9151968503937007
11
5.3218110236220468
21
-3.9329133858267715
0
LINE
8
BLACK
6
CONTINUOUS
10
5.3218110236220468
20
-3.9329133858267715
11
5.3217542913385829
21
-3.9331983858267714
0
LINE
8
BLACK
6
CONTINUOUS
10
5.3217542913385829
20
-3.9331983858267714
11
5.3218079921259838
21
-3.9613058267716537
0
LINE
8
BLACK
6
CONTINUOUS
10
5.3218079921259838
20
-3.9613058267716537
11
5.3245764566929132
21
-3.9640086614173229
0
LINE
8
BLACK
6
CONTINUOUS
10
5.3245764566929132
20
-3.9640086614173229
11
5.3250660629921258
21
-3.964605275590551
0
LINE
8
BLACK
6
CONTINUOUS
10
5.3250660629921258
20
-3.964605275590551
11
5.3256539370078739
21
-3.9660244881889763
0
LINE
8
BLACK
6
CONTINUOUS
10
5.3256539370078739
20
-3.9660244881889763
11
5.3257271653543308
21
-4.0165559448818895
0
LINE
8
BLACK
6
CONTINUOUS
10
5.3257271653543308
20
-4.0165559448818895
11
5.3287363779527555
21
-4.0150227165354329
0
LINE
8
BLACK
6
CONTINUOUS
10
5.3287363779527555
20
-4.0150227165354329
11
5.3336027952755902
21
-4.0142519685039373
0
LINE
8
BLACK
6
CONTINUOUS
10
5.3336027952755902
20
-4.0142519685039373
11
5.338469212598425
21
-4.0150227165354329
0
LINE
8
BLACK
6
CONTINUOUS
10
5.338469212598425
20
-4.0150227165354329
11
5.3428592519685036
21
-4.017259566929134
0
LINE
8
BLACK
6
CONTINUOUS
10
5.3428592519685036
20
-4.017259566929134
11
5.3463432283464565
21
-4.0207435433070868
0
LINE
8
BLACK
6
CONTINUOUS
10
5.3463432283464565
20
-4.0207435433070868
11
5.3485800787401576
21
-4.0251335826771655
0
LINE
8
BLACK
6
CONTINUOUS
10
5.3485800787401576
20
-4.0251335826771655
11
5.3493508267716532
21
-4.0300000000000002
0
LINE
8
BLACK
6
CONTINUOUS
10
5.3493508267716532
20
-4.0300000000000002
11
5.3485800787401576
21
-4.0348664173228341
0
LINE
8
BLACK
6
CONTINUOUS
10
5.3485800787401576
20
-4.0348664173228341
11
5.3463432283464565
21
-4.0392564566929137
0
LINE
8
BLACK
6
CONTINUOUS
10
5.3463432283464565
20
-4.0392564566929137
11
5.3428592519685036
21
-4.0427404330708656
0
LINE
8
BLACK
6
CONTINUOUS
10
5.3428592519685036
20
-4.0427404330708656
11
5.338469212598425
21
-4.0449772834645668
0
LINE
8
BLACK
6
CONTINUOUS
10
5.338469212598425
20
-4.0449772834645668
11
5.3336027952755902
21
-4.0457480314960632
0
LINE
8
BLACK
6
CONTINUOUS
10
5.3336027952755902
20
-4.0457480314960632
11
5.3287363779527555
21
-4.0449772834645668
0
LINE
8
BLACK
6
CONTINUOUS
10
5.3287363779527555
20
-4.0449772834645668
11
5.3243463385826768
21
-4.0427404330708656
0
LINE
8
BLACK
6
CONTINUOUS
10
5.3243463385826768
20
-4.0427404330708656
11
5.320862362204724
21
-4.0392564566929137
0
LINE
8
BLACK
6
CONTINUOUS
10
5.320862362204724
20
-4.0392564566929137
11
5.3186255118110237
21
-4.0348664173228341
0
LINE
8
BLACK
6
CONTINUOUS
10
5.3186255118110237
20
-4.0348664173228341
11
5.3178547637795273
21
-4.0300000000000002
0
LINE
8
BLACK
6
CONTINUOUS
10
5.3178547637795273
20
-4.0300000000000002
11
5.3186255118110237
21
-4.0251335826771655
0
LINE
8
BLACK
6
CONTINUOUS
10
5.3186255118110237
20
-4.0251335826771655
11
5.320162322834646
21
-4.0221173622047246
0
LINE
8
BLACK
6
CONTINUOUS
10
5.320162322834646
20
-4.0221173622047246
11
5.3190086614173229
21
-4.0209736614173224
0
LINE
8
BLACK
6
CONTINUOUS
10
5.3190086614173229
20
-4.0209736614173224
11
5.3185190551181103
21
-4.0203770472440947
0
LINE
8
BLACK
6
CONTINUOUS
10
5.3185190551181103
20
-4.0203770472440947
11
5.3179311811023622
21
-4.0189578346456694
0
LINE
8
BLACK
6
CONTINUOUS
10
5.3179311811023622
20
-4.0189578346456694
11
5.3178577952755903
21
-3.9683600000000001
0
LINE
8
BLACK
6
CONTINUOUS
10
5.3178577952755903
20
-3.9683600000000001
11
5.3150901181102359
21
-3.9656579133858267
0
LINE
8
BLACK
6
CONTINUOUS
10
5.3150901181102359
20
-3.9656579133858267
11
5.3146005118110233
21
-3.9650612992125982
0
LINE
8
BLACK
6
CONTINUOUS
10
5.3146005118110233
20
-3.9650612992125982
11
5.3140126377952752
21
-3.9636420866141733
0
LINE
8
BLACK
6
CONTINUOUS
10
5.3140126377952752
20
-3.9636420866141733
11
5.3139540944881887
21
-3.932999251968504
0
LINE
8
BLACK
6
CONTINUOUS
10
5.3139540944881887
20
-3.932999251968504
11
5.3139370078740154
21
-3.9329133858267715
0
LINE
8
BLACK
6
CONTINUOUS
10
5.3139370078740154
20
-3.9329133858267715
11
5.3139370078740154
21
-3.9151968503937007
0
LINE
8
BLACK
6
CONTINUOUS
10
5.3139370078740154
20
-3.9151968503937007
11
5.3140868503937009
21
-3.9144435433070863
0
LINE
8
BLACK
6
CONTINUOUS
10
5.3140868503937009
20
-3.9144435433070863
11
5.314513582677165
21
-3.9138049212598425
0
LINE
8
BLACK
6
CONTINUOUS
10
5.314513582677165
20
-3.9138049212598425
11
5.3151522047244093
21
-3.9133781889763779
0
LINE
8
BLACK
6
CONTINUOUS
10
5.3151522047244093
20
-3.9133781889763779
11
5.3159055118110237
21
-3.9132283464566928
0
LINE
8
BLACK
6
CONTINUOUS
10
5.3159055118110237
20
-3.9132283464566928
11
5.3198425196850394
21
-3.9132283464566928
0
LINE
8
BLACK
6
CONTINUOUS
10
5.3198425196850394
20
-3.9132283464566928
11
5.3205958267716538
21
-3.9133781889763779
0
LINE
8
BLACK
6
CONTINUOUS
10
5.7112992125984254
20
-3.9656692913385827
11
5.6679921259842523
21
-3.9656692913385827
0
LINE
8
BLACK
6
CONTINUOUS
10
5.6679921259842523
20
-3.9656692913385827
11
5.6679921259842523
21
-3.9636880708661417
0
LINE
8
BLACK
6
CONTINUOUS
10
5.6679921259842523
20
-3.9636880708661417
11
5.6674289370078741
21
-3.9636905511811023
0
LINE
8
BLACK
6
CONTINUOUS
10
5.6674289370078741
20
-3.9636905511811023
11
5.6449811417322833
21
-3.9862821653543308
0
LINE
8
BLACK
6
CONTINUOUS
10
5.6449811417322833
20
-3.9862821653543308
11
5.6440862204724409
21
-3.9870166141732284
0
LINE
8
BLACK
6
CONTINUOUS
10
5.6440862204724409
20
-3.9870166141732284
11
5.6428392125984255
21
-3.9875331102362206
0
LINE
8
BLACK
6
CONTINUOUS
10
5.6428392125984255
20
-3.9875331102362206
11
5.6419574409448821
21
-3.9878983858267714
0
LINE
8
BLACK
6
CONTINUOUS
10
5.6419574409448821
20
-3.9878983858267714
11
5.6144892125984249
21
-3.9880030314960631
0
LINE
8
BLACK
6
CONTINUOUS
10
5.6144892125984249
20
-3.9880030314960631
11
5.5781620078740159
21
-4.0244660629921256
0
LINE
8
BLACK
6
CONTINUOUS
10
5.5781620078740159
20
-4.0244660629921256
11
5.5793174015748033
21
-4.0246959055118108
0
LINE
8
BLACK
6
CONTINUOUS
10
5.5793174015748033
20
-4.0246959055118108
11
5.5810416929133861
21
-4.0258480708661413
0
LINE
8
BLACK
6
CONTINUOUS
10
5.5810416929133861
20
-4.0258480708661413
11
5.5821938582677166
21
-4.0275723622047241
0
LINE
8
BLACK
6
CONTINUOUS
10
5.5821938582677166
20
-4.0275723622047241
11
5.5825984251968501
21
-4.0296062992125981
0
LINE
8
BLACK
6
CONTINUOUS
10
5.5825984251968501
20
-4.0296062992125981
11
5.5825984251968501
21
-4.0402362204724405
0
LINE
8
BLACK
6
CONTINUOUS
10
5.5825984251968501
20
-4.0402362204724405
11
5.5821938582677166
21
-4.0422701574803153
0
LINE
8
BLACK
6
CONTINUOUS
10
5.5821938582677166
20
-4.0422701574803153
11
5.5810416929133861
21
-4.0439944488188972
0
LINE
8
BLACK
6
CONTINUOUS
10
5.5810416929133861
20
-4.0439944488188972
11
5.5793174015748033
21
-4.0451466141732286
0
LINE
8
BLACK
6
CONTINUOUS
10
5.5793174015748033
20
-4.0451466141732286
11
5.5772834645669294
21
-4.0455511811023621
0
LINE
8
BLACK
6
CONTINUOUS
10
5.5772834645669294
20
-4.0455511811023621
11
5.5627165354330703
21
-4.0455511811023621
0
LINE
8
BLACK
6
CONTINUOUS
10
5.5627165354330703
20
-4.0455511811023621
11
5.5606825984251964
21
-4.0451466141732286
0
LINE
8
BLACK
6
CONTINUOUS
10
5.5606825984251964
20
-4.0451466141732286
11
5.5589583070866144
21
-4.0439944488188972
0
LINE
8
BLACK
6
CONTINUOUS
10
5.5589583070866144
20
-4.0439944488188972
11
5.557806141732283
21
-4.0422701574803153
0
LINE
8
BLACK
6
CONTINUOUS
10
5.557806141732283
20
-4.0422701574803153
11
5.5574015748031496
21
-4.0402362204724405
0
LINE
8
BLACK
6
CONTINUOUS
10
5.5574015748031496
20
-4.0402362204724405
11
5.5574015748031496
21
-4.0296062992125981
0
LINE
8
BLACK
6
CONTINUOUS
10
5.5574015748031496
20
-4.0296062992125981
11
5.557806141732283
21
-4.0275723622047241
0
LINE
8
BLACK
6
CONTINUOUS
10
5.557806141732283
20
-4.0275723622047241
11
5.5589583070866144
21
-4.0258480708661413
0
LINE
8
BLACK
6
CONTINUOUS
10
5.5589583070866144
20
-4.0258480708661413
11
5.5606825984251964
21
-4.0246959055118108
0
LINE
8
BLACK
6
CONTINUOUS
10
5.5606825984251964
20
-4.0246959055118108
11
5.5627165354330703
21
-4.0242913385826773
0
LINE
8
BLACK
6
CONTINUOUS
10
5.5627165354330703
20
-4.0242913385826773
11
5.5640944881889762
21
-4.0242913385826773
0
LINE
8
BLACK
6
CONTINUOUS
10
5.5640944881889762
20
-4.0242913385826773
11
5.564207952755905
21
-4.0231392519685034
0
LINE
8
BLACK
6
CONTINUOUS
10
5.564207952755905
20
-4.0231392519685034
11
5.5646586614173223
21
-4.0220511417322831
0
LINE
8
BLACK
6
CONTINUOUS
10
5.5646586614173223
20
-4.0220511417322831
11
5.5650897244094484
21
-4.0210104724409446
0
LINE
8
BLACK
6
CONTINUOUS
10
5.5650897244094484
20
-4.0210104724409446
11
5.6080092125984251
21
-3.9779305118110235
0
LINE
8
BLACK
6
CONTINUOUS
10
5.6080092125984251
20
-3.9779305118110235
11
5.6089041338582675
21
-3.9771960629921259
0
LINE
8
BLACK
6
CONTINUOUS
10
5.6089041338582675
20
-3.9771960629921259
11
5.6102457480314962
21
-3.9766403543307085
0
LINE
8
BLACK
6
CONTINUOUS
10
5.6102457480314962
20
-3.9766403543307085
11
5.6110329133858263
21
-3.9763142913385825
0
LINE
8
BLACK
6
CONTINUOUS
10
5.6110329133858263
20
-3.9763142913385825
11
5.638494173228346
21
-3.9762096062992125
0
LINE
8
BLACK
6
CONTINUOUS
10
5.638494173228346
20
-3.9762096062992125
11
5.6609405511811026
21
-3.9536194488188974
0
LINE
8
BLACK
6
CONTINUOUS
10
5.6609405511811026
20
-3.9536194488188974
11
5.6618354330708662
21
-3.9528849999999998
0
LINE
8
BLACK
6
CONTINUOUS
10
5.6618354330708662
20
-3.9528849999999998
11
5.6633412204724412
21
-3.9522612992125983
0
LINE
8
BLACK
6
CONTINUOUS
10
5.6633412204724412
20
-3.9522612992125983
11
5.6639642519685038
21
-3.9520032283464568
0
LINE
8
BLACK
6
CONTINUOUS
10
5.6639642519685038
20
-3.9520032283464568
11
5.6679921259842523
21
-3.9519853937007872
0
LINE
8
BLACK
6
CONTINUOUS
10
5.6679921259842523
20
-3.9519853937007872
11
5.6679921259842523
21
-3.9499212598425197
0
LINE
8
BLACK
6
CONTINUOUS
10
5.6679921259842523
20
-3.9499212598425197
11
5.7112992125984254
21
-3.9499212598425197
0
LINE
8
BLACK
6
CONTINUOUS
10
5.7112992125984254
20
-3.9499212598425197
11
5.7112992125984254
21
-3.9656692913385827
0
LINE
8
BLACK
6
CONTINUOUS
10
5.2890997637795278
20
-3.9133781889763779
11
5.2897383858267712
21
-3.9138049212598425
0
LINE
8
BLACK
6
CONTINUOUS
10
5.2897383858267712
20
-3.9138049212598425
11
5.2901651181102363
21
-3.9144435433070863
0
LINE
8
BLACK
6
CONTINUOUS
10
5.2901651181102363
20
-3.9144435433070863
11
5.2903149606299209
21
-3.9151968503937007
0
LINE
8
BLACK
6
CONTINUOUS
10
5.2903149606299209
20
-3.9151968503937007
11
5.2903149606299209
21
-3.9329133858267715
0
LINE
8
BLACK
6
CONTINUOUS
10
5.2903149606299209
20
-3.9329133858267715
11
5.2902511023622045
21
-3.9332343700787402
0
LINE
8
BLACK
6
CONTINUOUS
10
5.2902511023622045
20
-3.9332343700787402
11
5.2903121653543304
21
-3.9847912204724407
0
LINE
8
BLACK
6
CONTINUOUS
10
5.2903121653543304
20
-3.9847912204724407
11
5.2912644881889763
21
-3.9857435433070867
0
LINE
8
BLACK
6
CONTINUOUS
10
5.2912644881889763
20
-3.9857435433070867
11
5.2935013385826775
21
-3.9901335826771653
0
LINE
8
BLACK
6
CONTINUOUS
10
5.2935013385826775
20
-3.9901335826771653
11
5.294272086614173
21
-3.9950000000000001
0
LINE
8
BLACK
6
CONTINUOUS
10
5.294272086614173
20
-3.9950000000000001
11
5.2935013385826775
21
-3.9998664173228344
0
LINE
8
BLACK
6
CONTINUOUS
10
5.2935013385826775
20
-3.9998664173228344
11
5.2912644881889763
21
-4.0042564566929135
0
LINE
8
BLACK
6
CONTINUOUS
10
5.2912644881889763
20
-4.0042564566929135
11
5.2877805118110235
21
-4.0077404330708664
0
LINE
8
BLACK
6
CONTINUOUS
10
5.2877805118110235
20
-4.0077404330708664
11
5.2833904724409448
21
-4.0099772834645666
0
LINE
8
BLACK
6
CONTINUOUS
10
5.2833904724409448
20
-4.0099772834645666
11
5.2785240551181101
21
-4.0107480314960631
0
LINE
8
BLACK
6
CONTINUOUS
10
5.2785240551181101
20
-4.0107480314960631
11
5.2736576377952753
21
-4.0099772834645666
0
LINE
8
BLACK
6
CONTINUOUS
10
5.2736576377952753
20
-4.0099772834645666
11
5.2692675984251967
21
-4.0077404330708664
0
LINE
8
BLACK
6
CONTINUOUS
10
5.2692675984251967
20
-4.0077404330708664
11
5.2657836220472438
21
-4.0042564566929135
0
LINE
8
BLACK
6
CONTINUOUS
10
5.2657836220472438
20
-4.0042564566929135
11
5.2635467716535436
21
-3.9998664173228344
0
LINE
8
BLACK
6
CONTINUOUS
10
5.2635467716535436
20
-3.9998664173228344
11
5.2627760236220471
21
-3.9950000000000001
0
LINE
8
BLACK
6
CONTINUOUS
10
5.2627760236220471
20
-3.9950000000000001
11
5.2635467716535436
21
-3.9901335826771653
0
LINE
8
BLACK
6
CONTINUOUS
10
5.2635467716535436
20
-3.9901335826771653
11
5.2657836220472438
21
-3.9857435433070867
0
LINE
8
BLACK
6
CONTINUOUS
10
5.2657836220472438
20
-3.9857435433070867
11
5.2692675984251967
21
-3.9822595669291339
0
LINE
8
BLACK
6
CONTINUOUS
10
5.2692675984251967
20
-3.9822595669291339
11
5.2736576377952753
21
-3.9800227165354332
0
LINE
8
BLACK
6
CONTINUOUS
10
5.2736576377952753
20
-3.9800227165354332
11
5.2785240551181101
21
-3.9792519685039367
0
LINE
8
BLACK
6
CONTINUOUS
10
5.2785240551181101
20
-3.9792519685039367
11
5.2825070472440947
21
-3.9798827952755906
0
LINE
8
BLACK
6
CONTINUOUS
10
5.2825070472440947
20
-3.9798827952755906
11
5.2824514960629916
21
-3.9329664173228345
0
LINE
8
BLACK
6
CONTINUOUS
10
5.2824514960629916
20
-3.9329664173228345
11
5.2824409448818894
21
-3.9329133858267715
0
LINE
8
BLACK
6
CONTINUOUS
10
5.2824409448818894
20
-3.9329133858267715
11
5.2824409448818894
21
-3.9151968503937007
0
LINE
8
BLACK
6
CONTINUOUS
10
5.2824409448818894
20
-3.9151968503937007
11
5.2825907874015749
21
-3.9144435433070863
0
LINE
8
BLACK
6
CONTINUOUS
10
5.2825907874015749
20
-3.9144435433070863
11
5.2830175196850391
21
-3.9138049212598425
0
LINE
8
BLACK
6
CONTINUOUS
10
5.2830175196850391
20
-3.9138049212598425
11
5.2836561417322834
21
-3.9133781889763779
0
LINE
8
BLACK
6
CONTINUOUS
10
5.2836561417322834
20
-3.9133781889763779
11
5.2844094488188977
21
-3.9132283464566928
0
LINE
8
BLACK
6
CONTINUOUS
10
5.2844094488188977
20
-3.9132283464566928
11
5.2883464566929135
21
-3.9132283464566928
0
LINE
8
BLACK
6
CONTINUOUS
10
5.2883464566929135
20
-3.9132283464566928
11
5.2890997637795278
21
-3.9133781889763779
0
LINE
8
BLACK
6
CONTINUOUS
10
5.5420078740157477
20
-3.9656692913385827
11
5.4987007874015745
21
-3.9656692913385827
0
LINE
8
BLACK
6
CONTINUOUS
10
5.4987007874015745
20
-3.9656692913385827
11
5.4987007874015745
21
-3.9636455905511809
0
LINE
8
BLACK
6
CONTINUOUS
10
5.4987007874015745
20
-3.9636455905511809
11
5.4794357874015747
21
-3.9636948818897637
0
LINE
8
BLACK
6
CONTINUOUS
10
5.4794357874015747
20
-3.9636948818897637
11
5.4675984251968499
21
-3.9756153543307087
0
LINE
8
BLACK
6
CONTINUOUS
10
5.4675984251968499
20
-3.9756153543307087
11
5.4675984251968499
21
-3.9852362204724407
0
LINE
8
BLACK
6
CONTINUOUS
10
5.4675984251968499
20
-3.9852362204724407
11
5.4671938582677164
21
-3.9872701574803147
0
LINE
8
BLACK
6
CONTINUOUS
10
5.4671938582677164
20
-3.9872701574803147
11
5.4660416929133859
21
-3.9889944488188975
0
LINE
8
BLACK
6
CONTINUOUS
10
5.4660416929133859
20
-3.9889944488188975
11
5.4643174015748031
21
-3.9901466141732285
0
LINE
8
BLACK
6
CONTINUOUS
10
5.4643174015748031
20
-3.9901466141732285
11
5.4622834645669291
21
-3.990551181102362
0
LINE
8
BLACK
6
CONTINUOUS
10
5.4622834645669291
20
-3.990551181102362
11
5.447716535433071
21
-3.990551181102362
0
LINE
8
BLACK
6
CONTINUOUS
10
5.447716535433071
20
-3.990551181102362
11
5.4456825984251971
21
-3.9901466141732285
0
LINE
8
BLACK
6
CONTINUOUS
10
5.4456825984251971
20
-3.9901466141732285
11
5.4439583070866142
21
-3.9889944488188975
0
LINE
8
BLACK
6
CONTINUOUS
10
5.4439583070866142
20
-3.9889944488188975
11
5.4428061417322837
21
-3.9872701574803147
0
LINE
8
BLACK
6
CONTINUOUS
10
5.4428061417322837
20
-3.9872701574803147
11
5.4424015748031493
21
-3.9852362204724407
0
LINE
8
BLACK
6
CONTINUOUS
10
5.4424015748031493
20
-3.9852362204724407
11
5.4424015748031493
21
-3.9756241338582674
0
LINE
8
BLACK
6
CONTINUOUS
10
5.4424015748031493
20
-3.9756241338582674
11
5.440014173228346
21
-3.9732649606299213
0
LINE
8
BLACK
6
CONTINUOUS
10
5.440014173228346
20
-3.9732649606299213
11
5.438368385826772
21
-3.9764950393700786
0
LINE
8
BLACK
6
CONTINUOUS
10
5.438368385826772
20
-3.9764950393700786
11
5.4348844094488191
21
-3.9799790157480315
0
LINE
8
BLACK
6
CONTINUOUS
10
5.4348844094488191
20
-3.9799790157480315
11
5.4304943700787405
21
-3.9822158661417322
0
LINE
8
BLACK
6
CONTINUOUS
10
5.4304943700787405
20
-3.9822158661417322
11
5.4256279527559057
21
-3.9829866141732282
0
LINE
8
BLACK
6
CONTINUOUS
10
5.4256279527559057
20
-3.9829866141732282
11
5.4207615354330709
21
-3.9822158661417322
0
LINE
8
BLACK
6
CONTINUOUS
10
5.4207615354330709
20
-3.9822158661417322
11
5.4163714960629923
21
-3.9799790157480315
0
LINE
8
BLACK
6
CONTINUOUS
10
5.4163714960629923
20
-3.9799790157480315
11
5.4128875196850395
21
-3.9764950393700786
0
LINE
8
BLACK
6
CONTINUOUS
10
5.4128875196850395
20
-3.9764950393700786
11
5.4106506692913383
21
-3.972105
0
LINE
8
BLACK
6
CONTINUOUS
10
5.4106506692913383
20
-3.972105
11
5.4098799212598427
21
-3.9672385826771652
0
LINE
8
BLACK
6
CONTINUOUS
10
5.4098799212598427
20
-3.9672385826771652
11
5.4106506692913383
21
-3.9623721653543305
0
LINE
8
BLACK
6
CONTINUOUS
10
5.4106506692913383
20
-3.9623721653543305
11
5.4128875196850395
21
-3.9579821259842518
0
LINE
8
BLACK
6
CONTINUOUS
10
5.4128875196850395
20
-3.9579821259842518
11
5.4163714960629923
21
-3.954498149606299
0
LINE
8
BLACK
6
CONTINUOUS
10
5.4163714960629923
20
-3.954498149606299
11
5.4207615354330709
21
-3.9522612992125983
0
LINE
8
BLACK
6
CONTINUOUS
10
5.4207615354330709
20
-3.9522612992125983
11
5.4256279527559057
21
-3.9514905511811023
0
LINE
8
BLACK
6
CONTINUOUS
10
5.4256279527559057
20
-3.9514905511811023
11
5.4304943700787405
21
-3.9522612992125983
0
LINE
8
BLACK
6
CONTINUOUS
10
5.4304943700787405
20
-3.9522612992125983
11
5.4348844094488191
21
-3.954498149606299
0
LINE
8
BLACK
6
CONTINUOUS
10
5.4348844094488191
20
-3.954498149606299
11
5.438368385826772
21
-3.9579821259842518
0
LINE
8
BLACK
6
CONTINUOUS
10
5.438368385826772
20
-3.9579821259842518
11
5.4400829921259843
21
-3.9613472440944881
0
LINE
8
BLACK
6
CONTINUOUS
10
5.4400829921259843
20
-3.9613472440944881
11
5.4423173228346453
21
-3.9613330708661416
0
LINE
8
BLACK
6
CONTINUOUS
10
5.4423173228346453
20
-3.9613330708661416
11
5.4434694488188979
21
-3.9614465354330708
0
LINE
8
BLACK
6
CONTINUOUS
10
5.4434694488188979
20
-3.9614465354330708
11
5.4442861811023624
21
-3.9617848425196849
0
LINE
8
BLACK
6
CONTINUOUS
10
5.4442861811023624
20
-3.9617848425196849
11
5.4455982283464568
21
-3.9623283070866142
0
LINE
8
BLACK
6
CONTINUOUS
10
5.4455982283464568
20
-3.9623283070866142
11
5.4526445275590554
21
-3.9692913385826771
0
LINE
8
BLACK
6
CONTINUOUS
10
5.4526445275590554
20
-3.9692913385826771
11
5.4573875196850397
21
-3.9692913385826771
0
LINE
8
BLACK
6
CONTINUOUS
10
5.4573875196850397
20
-3.9692913385826771
11
5.472950157480315
21
-3.9536194488188974
0
LINE
8
BLACK
6
CONTINUOUS
10
5.472950157480315
20
-3.9536194488188974
11
5.4738450787401574
21
-3.9528849999999998
0
LINE
8
BLACK
6
CONTINUOUS
10
5.4738450787401574
20
-3.9528849999999998
11
5.4750920866141728
21
-3.9523684645669293
0
LINE
8
BLACK
6
CONTINUOUS
10
5.4750920866141728
20
-3.9523684645669293
11
5.4759738582677162
21
-3.9520032283464568
0
LINE
8
BLACK
6
CONTINUOUS
10
5.4759738582677162
20
-3.9520032283464568
11
5.4987007874015745
21
-3.9519451181102361
0
LINE
8
BLACK
6
CONTINUOUS
10
5.4987007874015745
20
-3.9519451181102361
11
5.4987007874015745
21
-3.9499212598425197
0
LINE
8
BLACK
6
CONTINUOUS
10
5.4987007874015745
20
-3.9499212598425197
11
5.5420078740157477
21
-3.9499212598425197
0
LINE
8
BLACK
6
CONTINUOUS
10
5.5420078740157477
20
-3.9499212598425197
11
5.5420078740157477
21
-3.9656692913385827
0
LINE
8
BLACK
6
CONTINUOUS
10
5.7398664173228342
20
-3.9550227165354328
11
5.7442564566929128
21
-3.9572595669291339
0
LINE
8
BLACK
6
CONTINUOUS
10
5.7442564566929128
20
-3.9572595669291339
11
5.7475508661417321
21
-3.9605539763779527
0
LINE
8
BLACK
6
CONTINUOUS
10
5.7475508661417321
20
-3.9605539763779527
11
5.7484225984251971
21
-3.9592493700787399
0
LINE
8
BLACK
6
CONTINUOUS
10
5.7484225984251971
20
-3.9592493700787399
11
5.7503384645669291
21
-3.9579692125984249
0
LINE
8
BLACK
6
CONTINUOUS
10
5.7503384645669291
20
-3.9579692125984249
11
5.7525984251968501
21
-3.9575196850393701
0
LINE
8
BLACK
6
CONTINUOUS
10
5.7525984251968501
20
-3.9575196850393701
11
5.8077165354330704
21
-3.9575196850393701
0
LINE
8
BLACK
6
CONTINUOUS
10
5.8077165354330704
20
-3.9575196850393701
11
5.8099764960629923
21
-3.9579692125984249
0
LINE
8
BLACK
6
CONTINUOUS
10
5.8099764960629923
20
-3.9579692125984249
11
5.8118923622047243
21
-3.9592493700787399
0
LINE
8
BLACK
6
CONTINUOUS
10
5.8118923622047243
20
-3.9592493700787399
11
5.8131725196850397
21
-3.9611652362204723
0
LINE
8
BLACK
6
CONTINUOUS
10
5.8131725196850397
20
-3.9611652362204723
11
5.8136220472440945
21
-3.9634251968503937
0
LINE
8
BLACK
6
CONTINUOUS
10
5.8136220472440945
20
-3.9634251968503937
11
5.8136220472440945
21
-3.975236220472441
0
LINE
8
BLACK
6
CONTINUOUS
10
5.8136220472440945
20
-3.975236220472441
11
5.8131725196850397
21
-3.9774961811023619
0
LINE
8
BLACK
6
CONTINUOUS
10
5.8131725196850397
20
-3.9774961811023619
11
5.8118923622047243
21
-3.9794120472440944
0
LINE
8
BLACK
6
CONTINUOUS
10
5.8118923622047243
20
-3.9794120472440944
11
5.8099764960629923
21
-3.9806922047244093
0
LINE
8
BLACK
6
CONTINUOUS
10
5.8099764960629923
20
-3.9806922047244093
11
5.8077165354330704
21
-3.9811417322834646
0
LINE
8
BLACK
6
CONTINUOUS
10
5.8077165354330704
20
-3.9811417322834646
11
5.7525984251968501
21
-3.9811417322834646
0
LINE
8
BLACK
6
CONTINUOUS
10
5.7525984251968501
20
-3.9811417322834646
11
5.7503384645669291
21
-3.9806922047244093
0
LINE
8
BLACK
6
CONTINUOUS
10
5.7503384645669291
20
-3.9806922047244093
11
5.7484225984251971
21
-3.9794120472440944
0
LINE
8
BLACK
6
CONTINUOUS
10
5.7484225984251971
20
-3.9794120472440944
11
5.7479905511811022
21
-3.9787654724409447
0
LINE
8
BLACK
6
CONTINUOUS
10
5.7479905511811022
20
-3.9787654724409447
11
5.7477404330708657
21
-3.9792564566929132
0
LINE
8
BLACK
6
CONTINUOUS
10
5.7477404330708657
20
-3.9792564566929132
11
5.7442564566929128
21
-3.982740433070866
0
LINE
8
BLACK
6
CONTINUOUS
10
5.7442564566929128
20
-3.982740433070866
11
5.7398664173228342
21
-3.9849772834645667
0
LINE
8
BLACK
6
CONTINUOUS
10
5.7398664173228342
20
-3.9849772834645667
11
5.7349999999999994
21
-3.9857480314960627
0
LINE
8
BLACK
6
CONTINUOUS
10
5.7349999999999994
20
-3.9857480314960627
11
5.7301335826771655
21
-3.9849772834645667
0
LINE
8
BLACK
6
CONTINUOUS
10
5.7301335826771655
20
-3.9849772834645667
11
5.7257435433070869
21
-3.982740433070866
0
LINE
8
BLACK
6
CONTINUOUS
10
5.7257435433070869
20
-3.982740433070866
11
5.7222595669291341
21
-3.9792564566929132
0
LINE
8
BLACK
6
CONTINUOUS
10
5.7222595669291341
20
-3.9792564566929132
11
5.7200227165354329
21
-3.9748664173228345
0
LINE
8
BLACK
6
CONTINUOUS
10
5.7200227165354329
20
-3.9748664173228345
11
5.7192519685039365
21
-3.9699999999999998
0
LINE
8
BLACK
6
CONTINUOUS
10
5.7192519685039365
20
-3.9699999999999998
11
5.7200227165354329
21
-3.9651335826771654
0
LINE
8
BLACK
6
CONTINUOUS
10
5.7200227165354329
20
-3.9651335826771654
11
5.7222595669291341
21
-3.9607435433070863
0
LINE
8
BLACK
6
CONTINUOUS
10
5.7222595669291341
20
-3.9607435433070863
11
5.7257435433070869
21
-3.9572595669291339
0
LINE
8
BLACK
6
CONTINUOUS
10
5.7257435433070869
20
-3.9572595669291339
11
5.7301335826771655
21
-3.9550227165354328
0
LINE
8
BLACK
6
CONTINUOUS
10
5.7301335826771655
20
-3.9550227165354328
11
5.7349999999999994
21
-3.9542519685039368
0
LINE
8
BLACK
6
CONTINUOUS
10
5.7349999999999994
20
-3.9542519685039368
11
5.7398664173228342
21
-3.9550227165354328
0
LINE
8
BLACK
6
CONTINUOUS
10
5.5890726377952751
20
-3.8989185826771653
11
5.5907759842519686
21
-3.900621929133858
0
LINE
8
BLACK
6
CONTINUOUS
10
5.5907759842519686
20
-3.900621929133858
11
5.5912007874015748
21
-3.9023914173228347
0
LINE
8
BLACK
6
CONTINUOUS
10
5.5912007874015748
20
-3.9023914173228347
11
5.5912007874015748
21
-3.9231832283464567
0
LINE
8
BLACK
6
CONTINUOUS
10
5.5912007874015748
20
-3.9231832283464567
11
5.5904564173228346
21
-3.925474212598425
0
LINE
8
BLACK
6
CONTINUOUS
10
5.5904564173228346
20
-3.925474212598425
11
5.5900592125984252
21
-3.9259392913385827
0
LINE
8
BLACK
6
CONTINUOUS
10
5.5900592125984252
20
-3.9259392913385827
11
5.5643908661417321
21
-3.9516076377952754
0
LINE
8
BLACK
6
CONTINUOUS
10
5.5643908661417321
20
-3.9516076377952754
11
5.5628230314960625
21
-3.9543232283464564
0
LINE
8
BLACK
6
CONTINUOUS
10
5.5628230314960625
20
-3.9543232283464564
11
5.5628230314960625
21
-3.9543232677165352
0
LINE
8
BLACK
6
CONTINUOUS
10
5.5628230314960625
20
-3.9543232677165352
11
5.5625742913385823
21
-3.95475405511811
0
LINE
8
BLACK
6
CONTINUOUS
10
5.5625742913385823
20
-3.95475405511811
11
5.5625742519685035
21
-3.9547541338582675
0
LINE
8
BLACK
6
CONTINUOUS
10
5.5625742519685035
20
-3.9547541338582675
11
5.5625742519685035
21
-3.9547541732283462
0
LINE
8
BLACK
6
CONTINUOUS
10
5.5625742519685035
20
-3.9547541732283462
11
5.562499527559055
21
-3.9550330314960629
0
LINE
8
BLACK
6
CONTINUOUS
10
5.562499527559055
20
-3.9550330314960629
11
5.5624672834645672
21
-3.9551533464566928
0
LINE
8
BLACK
6
CONTINUOUS
10
5.5624672834645672
20
-3.9551533464566928
11
5.5614585826771652
21
-3.9569002755905509
0
LINE
8
BLACK
6
CONTINUOUS
10
5.5614585826771652
20
-3.9569002755905509
11
5.5565552755905507
21
-3.9618036220472441
0
LINE
8
BLACK
6
CONTINUOUS
10
5.5565552755905507
20
-3.9618036220472441
11
5.5544089370078735
21
-3.9628972440944881
0
LINE
8
BLACK
6
CONTINUOUS
10
5.5544089370078735
20
-3.9628972440944881
11
5.552029724409449
21
-3.9625204330708659
0
LINE
8
BLACK
6
CONTINUOUS
10
5.552029724409449
20
-3.9625204330708659
11
5.5503264173228342
21
-3.9608170866141732
0
LINE
8
BLACK
6
CONTINUOUS
10
5.5503264173228342
20
-3.9608170866141732
11
5.5499015748031493
21
-3.9590475984251969
0
LINE
8
BLACK
6
CONTINUOUS
10
5.5499015748031493
20
-3.9590475984251969
11
5.5499015748031493
21
-3.9491438188976375
0
LINE
8
BLACK
6
CONTINUOUS
10
5.5499015748031493
20
-3.9491438188976375
11
5.5499015748031493
21
-3.9491437795275588
0
LINE
8
BLACK
6
CONTINUOUS
10
5.5499015748031493
20
-3.9491437795275588
11
5.5494435826771653
21
-3.9468412992125983
0
LINE
8
BLACK
6
CONTINUOUS
10
5.5494435826771653
20
-3.9468412992125983
11
5.5494434645669291
21
-3.9468411417322833
0
LINE
8
BLACK
6
CONTINUOUS
10
5.5494434645669291
20
-3.9468411417322833
11
5.5492987007874017
21
-3.9464916141732282
0
LINE
8
BLACK
6
CONTINUOUS
10
5.5492987007874017
20
-3.9464916141732282
11
5.5491096850393697
21
-3.9440901574803147
0
LINE
8
BLACK
6
CONTINUOUS
10
5.5491096850393697
20
-3.9440901574803147
11
5.5492987007874017
21
-3.9435083858267714
0
LINE
8
BLACK
6
CONTINUOUS
10
5.5492987007874017
20
-3.9435083858267714
11
5.5494434251968503
21
-3.9431588976377951
0
LINE
8
BLACK
6
CONTINUOUS
10
5.5494434251968503
20
-3.9431588976377951
11
5.5494435826771653
21
-3.9431587007874014
0
LINE
8
BLACK
6
CONTINUOUS
10
5.5494435826771653
20
-3.9431587007874014
11
5.5499015748031493
21
-3.9408562204724409
0
LINE
8
BLACK
6
CONTINUOUS
10
5.5499015748031493
20
-3.9408562204724409
11
5.5499015748031493
21
-3.9249122440944881
0
LINE
8
BLACK
6
CONTINUOUS
10
5.5499015748031493
20
-3.9249122440944881
11
5.5506459448818894
21
-3.9226212598425194
0
LINE
8
BLACK
6
CONTINUOUS
10
5.5506459448818894
20
-3.9226212598425194
11
5.5510432283464564
21
-3.9221561417322834
0
LINE
8
BLACK
6
CONTINUOUS
10
5.5510432283464564
20
-3.9221561417322834
11
5.5519207086614175
21
-3.9212786614173227
0
LINE
8
BLACK
6
CONTINUOUS
10
5.5519207086614175
20
-3.9212786614173227
11
5.5537043307086611
21
-3.91723905511811
0
LINE
8
BLACK
6
CONTINUOUS
10
5.5537043307086611
20
-3.91723905511811
11
5.5538188582677162
21
-3.9162518503937007
0
LINE
8
BLACK
6
CONTINUOUS
10
5.5538188582677162
20
-3.9162518503937007
11
5.5538188976377949
21
-3.9162517716535432
0
LINE
8
BLACK
6
CONTINUOUS
10
5.5538188976377949
20
-3.9162517716535432
11
5.5538188976377949
21
-3.912519724409449
0
LINE
8
BLACK
6
CONTINUOUS
10
5.5538188976377949
20
-3.912519724409449
11
5.5538188582677162
21
-3.9125196850393702
0
LINE
8
BLACK
6
CONTINUOUS
10
5.5538188582677162
20
-3.9125196850393702
11
5.5420078740157477
21
-3.9125196850393702
0
LINE
8
BLACK
6
CONTINUOUS
10
5.5420078740157477
20
-3.9125196850393702
11
5.5420078740157477
21
-3.9144881889763781
0
LINE
8
BLACK
6
CONTINUOUS
10
5.5420078740157477
20
-3.9144881889763781
11
5.4987007874015745
21
-3.9144881889763781
0
LINE
8
BLACK
6
CONTINUOUS
10
5.4987007874015745
20
-3.9144881889763781
11
5.4987007874015745
21
-3.9125196850393702
0
LINE
8
BLACK
6
CONTINUOUS
10
5.4987007874015745
20
-3.9125196850393702
11
5.4868898425196848
21
-3.9125196850393702
0
LINE
8
BLACK
6
CONTINUOUS
10
5.4868898425196848
20
-3.9125196850393702
11
5.4868898031496061
21
-3.912519724409449
0
LINE
8
BLACK
6
CONTINUOUS
10
5.4868898031496061
20
-3.912519724409449
11
5.4868898031496061
21
-3.9162515354330707
0
LINE
8
BLACK
6
CONTINUOUS
10
5.4868898031496061
20
-3.9162515354330707
11
5.4869688188976378
21
-3.9169328740157479
0
LINE
8
BLACK
6
CONTINUOUS
10
5.4869688188976378
20
-3.9169328740157479
11
5.4864933070866142
21
-3.9192943307086612
0
LINE
8
BLACK
6
CONTINUOUS
10
5.4864933070866142
20
-3.9192943307086612
11
5.4847205905511807
21
-3.92092531496063
0
LINE
8
BLACK
6
CONTINUOUS
10
5.4847205905511807
20
-3.92092531496063
11
5.4830971259842523
21
-3.9212795275590548
0
LINE
8
BLACK
6
CONTINUOUS
10
5.4830971259842523
20
-3.9212795275590548
11
5.4740935826771651
21
-3.9212795275590548
0
LINE
8
BLACK
6
CONTINUOUS
10
5.4740935826771651
20
-3.9212795275590548
11
5.4718025984251968
21
-3.9205351574803147
0
LINE
8
BLACK
6
CONTINUOUS
10
5.4718025984251968
20
-3.9205351574803147
11
5.4713375590551179
21
-3.9201379527559053
0
LINE
8
BLACK
6
CONTINUOUS
10
5.4713375590551179
20
-3.9201379527559053
11
5.4699765354330712
21
-3.9187769685039369
0
LINE
8
BLACK
6
CONTINUOUS
10
5.4699765354330712
20
-3.9187769685039369
11
5.4696821259842521
21
-3.9186396850393699
0
LINE
8
BLACK
6
CONTINUOUS
10
5.4696821259842521
20
-3.9186396850393699
11
5.4694521653543307
21
-3.9185324409448818
0
LINE
8
BLACK
6
CONTINUOUS
10
5.4694521653543307
20
-3.9185324409448818
11
5.4676904330708664
21
-3.9168896456692912
0
LINE
8
BLACK
6
CONTINUOUS
10
5.4676904330708664
20
-3.9168896456692912
11
5.4672307874015749
21
-3.9145250393700786
0
LINE
8
BLACK
6
CONTINUOUS
10
5.4672307874015749
20
-3.9145250393700786
11
5.4682487795275589
21
-3.9123418503937009
0
LINE
8
BLACK
6
CONTINUOUS
10
5.4682487795275589
20
-3.9123418503937009
11
5.4694521259842519
21
-3.9114675196850395
0
LINE
8
BLACK
6
CONTINUOUS
10
5.4694521259842519
20
-3.9114675196850395
11
5.4699765354330712
21
-3.9112230314960628
0
LINE
8
BLACK
6
CONTINUOUS
10
5.4699765354330712
20
-3.9112230314960628
11
5.4732702755905507
21
-3.9079292913385828
0
LINE
8
BLACK
6
CONTINUOUS
10
5.4732702755905507
20
-3.9079292913385828
11
5.4732702755905507
21
-3.9079291732283465
0
LINE
8
BLACK
6
CONTINUOUS
10
5.4732702755905507
20
-3.9079291732283465
11
5.4735114173228343
21
-3.9076881102362204
0
LINE
8
BLACK
6
CONTINUOUS
10
5.4735114173228343
20
-3.9076881102362204
11
5.4735448818897634
21
-3.9077215748031495
0
LINE
8
BLACK
6
CONTINUOUS
10
5.4735448818897634
20
-3.9077215748031495
11
5.4744285039370073
21
-3.9069117716535433
0
LINE
8
BLACK
6
CONTINUOUS
10
5.4744285039370073
20
-3.9069117716535433
11
5.4760712992125979
21
-3.9059633858267717
0
LINE
8
BLACK
6
CONTINUOUS
10
5.4760712992125979
20
-3.9059633858267717
11
5.4813518897637792
21
-3.9006827559055117
0
LINE
8
BLACK
6
CONTINUOUS
10
5.4813518897637792
20
-3.9006827559055117
11
5.4834981496062989
21
-3.8995892125984253
0
LINE
8
BLACK
6
CONTINUOUS
10
5.4834981496062989
20
-3.8995892125984253
11
5.4858773622047243
21
-3.899966023622047
0
LINE
8
BLACK
6
CONTINUOUS
10
5.4858773622047243
20
-3.899966023622047
11
5.4868639370078736
21
-3.9006827952755905
0
LINE
8
BLACK
6
CONTINUOUS
10
5.4868639370078736
20
-3.9006827952755905
11
5.4868898031496061
21
-3.9007086614173225
0
LINE
8
BLACK
6
CONTINUOUS
10
5.4868898031496061
20
-3.9007086614173225
11
5.4987007874015745
21
-3.9007086614173225
0
LINE
8
BLACK
6
CONTINUOUS
10
5.4987007874015745
20
-3.9007086614173225
11
5.4987007874015745
21
-3.8987401574803147
0
LINE
8
BLACK
6
CONTINUOUS
10
5.4987007874015745
20
-3.8987401574803147
11
5.5420078740157477
21
-3.8987401574803147
0
LINE
8
BLACK
6
CONTINUOUS
10
5.5420078740157477
20
-3.8987401574803147
11
5.5420078740157477
21
-3.9007086614173225
0
LINE
8
BLACK
6
CONTINUOUS
10
5.5420078740157477
20
-3.9007086614173225
11
5.550784409448819
21
-3.9007086614173225
0
LINE
8
BLACK
6
CONTINUOUS
10
5.550784409448819
20
-3.9007086614173225
11
5.5530753937007873
21
-3.9014530314960627
0
LINE
8
BLACK
6
CONTINUOUS
10
5.5530753937007873
20
-3.9014530314960627
11
5.5531557874015745
21
-3.9015130708661419
0
LINE
8
BLACK
6
CONTINUOUS
10
5.5531557874015745
20
-3.9015130708661419
11
5.555712637795275
21
-3.9034749999999998
0
LINE
8
BLACK
6
CONTINUOUS
10
5.555712637795275
20
-3.9034749999999998
11
5.5557126771653538
21
-3.9034749999999998
0
LINE
8
BLACK
6
CONTINUOUS
10
5.5557126771653538
20
-3.9034749999999998
11
5.5557127165354325
21
-3.9034750393700786
0
LINE
8
BLACK
6
CONTINUOUS
10
5.5557127165354325
20
-3.9034750393700786
11
5.559755
21
-3.9051494094488186
0
LINE
8
BLACK
6
CONTINUOUS
10
5.559755
20
-3.9051494094488186
11
5.5614637795275588
21
-3.9058572047244096
0
LINE
8
BLACK
6
CONTINUOUS
10
5.5614637795275588
20
-3.9058572047244096
11
5.565666299212598
21
-3.9064104724409447
0
LINE
8
BLACK
6
CONTINUOUS
10
5.565666299212598
20
-3.9064104724409447
11
5.5676354724409451
21
-3.9066697244094488
0
LINE
8
BLACK
6
CONTINUOUS
10
5.5676354724409451
20
-3.9066697244094488
11
5.5676355118110239
21
-3.9066697244094488
0
LINE
8
BLACK
6
CONTINUOUS
10
5.5676355118110239
20
-3.9066697244094488
11
5.5676355511811026
21
-3.9066697244094488
0
LINE
8
BLACK
6
CONTINUOUS
10
5.5676355511811026
20
-3.9066697244094488
11
5.5696047244094489
21
-3.9064104724409447
0
LINE
8
BLACK
6
CONTINUOUS
10
5.5696047244094489
20
-3.9064104724409447
11
5.5738072440944881
21
-3.9058572047244096
0
LINE
8
BLACK
6
CONTINUOUS
10
5.5738072440944881
20
-3.9058572047244096
11
5.5795583858267719
21
-3.9034749999999998
0
LINE
8
BLACK
6
CONTINUOUS
10
5.5795583858267719
20
-3.9034749999999998
11
5.5844970078740159
21
-3.8996854724409449
0
LINE
8
BLACK
6
CONTINUOUS
10
5.5844970078740159
20
-3.8996854724409449
11
5.5844972440944884
21
-3.8996851181102361
0
LINE
8
BLACK
6
CONTINUOUS
10
5.5844972440944884
20
-3.8996851181102361
11
5.5845470866141733
21
-3.8996353543307087
0
LINE
8
BLACK
6
CONTINUOUS
10
5.5845470866141733
20
-3.8996353543307087
11
5.5845924409448822
21
-3.8996122047244093
0
LINE
8
BLACK
6
CONTINUOUS
10
5.5845924409448822
20
-3.8996122047244093
11
5.5846996850393698
21
-3.8995299606299212
0
LINE
8
BLACK
6
CONTINUOUS
10
5.5846996850393698
20
-3.8995299606299212
11
5.5847149212598426
21
-3.8995498031496063
0
LINE
8
BLACK
6
CONTINUOUS
10
5.5847149212598426
20
-3.8995498031496063
11
5.5866934251968505
21
-3.8985417716535431
0
LINE
8
BLACK
6
CONTINUOUS
10
5.5866934251968505
20
-3.8985417716535431
11
5.5890726377952751
21
-3.8989185826771653
0
LINE
8
BLACK
6
CONTINUOUS
10
5.2733517322834649
20
-3.9133781889763779
11
5.2739903543307083
21
-3.9138049212598425
0
LINE
8
BLACK
6
CONTINUOUS
10
5.2739903543307083
20
-3.9138049212598425
11
5.2744170866141733
21
-3.9144435433070863
0
LINE
8
BLACK
6
CONTINUOUS
10
5.2744170866141733
20
-3.9144435433070863
11
5.2745669291338579
21
-3.9151968503937007
0
LINE
8
BLACK
6
CONTINUOUS
10
5.2745669291338579
20
-3.9151968503937007
11
5.2745669291338579
21
-3.9329133858267715
0
LINE
8
BLACK
6
CONTINUOUS
10
5.2745669291338579
20
-3.9329133858267715
11
5.2744170866141733
21
-3.9336666929133859
0
LINE
8
BLACK
6
CONTINUOUS
10
5.2744170866141733
20
-3.9336666929133859
11
5.2739903543307083
21
-3.9343053149606297
0
LINE
8
BLACK
6
CONTINUOUS
10
5.2739903543307083
20
-3.9343053149606297
11
5.2733720078740154
21
-3.9347184645669291
0
LINE
8
BLACK
6
CONTINUOUS
10
5.2733720078740154
20
-3.9347184645669291
11
5.2728172047244097
21
-3.9352733070866139
0
LINE
8
BLACK
6
CONTINUOUS
10
5.2728172047244097
20
-3.9352733070866139
11
5.2713979921259844
21
-3.935861181102362
0
LINE
8
BLACK
6
CONTINUOUS
10
5.2713979921259844
20
-3.935861181102362
11
5.2591308661417324
21
-3.9358950393700787
0
LINE
8
BLACK
6
CONTINUOUS
10
5.2591308661417324
20
-3.9358950393700787
11
5.2589770866141734
21
-3.9368662204724409
0
LINE
8
BLACK
6
CONTINUOUS
10
5.2589770866141734
20
-3.9368662204724409
11
5.2567402362204723
21
-3.9412562598425196
0
LINE
8
BLACK
6
CONTINUOUS
10
5.2567402362204723
20
-3.9412562598425196
11
5.2532562598425194
21
-3.9447402362204724
0
LINE
8
BLACK
6
CONTINUOUS
10
5.2532562598425194
20
-3.9447402362204724
11
5.2488662204724408
21
-3.9469770866141731
0
LINE
8
BLACK
6
CONTINUOUS
10
5.2488662204724408
20
-3.9469770866141731
11
5.243999803149606
21
-3.9477478346456691
0
LINE
8
BLACK
6
CONTINUOUS
10
5.243999803149606
20
-3.9477478346456691
11
5.2391333858267712
21
-3.9469770866141731
0
LINE
8
BLACK
6
CONTINUOUS
10
5.2391333858267712
20
-3.9469770866141731
11
5.2347433464566926
21
-3.9447402362204724
0
LINE
8
BLACK
6
CONTINUOUS
10
5.2347433464566926
20
-3.9447402362204724
11
5.2312593700787398
21
-3.9412562598425196
0
LINE
8
BLACK
6
CONTINUOUS
10
5.2312593700787398
20
-3.9412562598425196
11
5.2290225196850395
21
-3.9368662204724409
0
LINE
8
BLACK
6
CONTINUOUS
10
5.2290225196850395
20
-3.9368662204724409
11
5.228251771653543
21
-3.9319998031496062
0
LINE
8
BLACK
6
CONTINUOUS
10
5.228251771653543
20
-3.9319998031496062
11
5.2290225196850395
21
-3.9271333858267714
0
LINE
8
BLACK
6
CONTINUOUS
10
5.2290225196850395
20
-3.9271333858267714
11
5.2312593700787398
21
-3.9227433464566928
0
LINE
8
BLACK
6
CONTINUOUS
10
5.2312593700787398
20
-3.9227433464566928
11
5.2347433464566926
21
-3.9192593700787399
0
LINE
8
BLACK
6
CONTINUOUS
10
5.2347433464566926
20
-3.9192593700787399
11
5.2391333858267712
21
-3.9170225196850392
0
LINE
8
BLACK
6
CONTINUOUS
10
5.2391333858267712
20
-3.9170225196850392
11
5.243999803149606
21
-3.9162517716535432
0
LINE
8
BLACK
6
CONTINUOUS
10
5.243999803149606
20
-3.9162517716535432
11
5.2488662204724408
21
-3.9170225196850392
0
LINE
8
BLACK
6
CONTINUOUS
10
5.2488662204724408
20
-3.9170225196850392
11
5.2532562598425194
21
-3.9192593700787399
0
LINE
8
BLACK
6
CONTINUOUS
10
5.2532562598425194
20
-3.9192593700787399
11
5.2567402362204723
21
-3.9227433464566928
0
LINE
8
BLACK
6
CONTINUOUS
10
5.2567402362204723
20
-3.9227433464566928
11
5.2589770866141734
21
-3.9271333858267714
0
LINE
8
BLACK
6
CONTINUOUS
10
5.2589770866141734
20
-3.9271333858267714
11
5.2591292913385823
21
-3.9280945275590549
0
LINE
8
BLACK
6
CONTINUOUS
10
5.2591292913385823
20
-3.9280945275590549
11
5.2666929133858265
21
-3.9280736614173226
0
LINE
8
BLACK
6
CONTINUOUS
10
5.2666929133858265
20
-3.9280736614173226
11
5.2666929133858265
21
-3.9151968503937007
0
LINE
8
BLACK
6
CONTINUOUS
10
5.2666929133858265
20
-3.9151968503937007
11
5.266842755905512
21
-3.9144435433070863
0
LINE
8
BLACK
6
CONTINUOUS
10
5.266842755905512
20
-3.9144435433070863
11
5.2672694881889761
21
-3.9138049212598425
0
LINE
8
BLACK
6
CONTINUOUS
10
5.2672694881889761
20
-3.9138049212598425
11
5.2679081102362204
21
-3.9133781889763779
0
LINE
8
BLACK
6
CONTINUOUS
10
5.2679081102362204
20
-3.9133781889763779
11
5.2686614173228348
21
-3.9132283464566928
0
LINE
8
BLACK
6
CONTINUOUS
10
5.2686614173228348
20
-3.9132283464566928
11
5.2725984251968505
21
-3.9132283464566928
0
LINE
8
BLACK
6
CONTINUOUS
10
5.2725984251968505
20
-3.9132283464566928
11
5.2733517322834649
21
-3.9133781889763779
0
LINE
8
BLACK
6
CONTINUOUS
10
5.4198664173228348
20
-3.9143732283464567
11
5.4242564566929135
21
-3.9166100787401574
0
LINE
8
BLACK
6
CONTINUOUS
10
5.4242564566929135
20
-3.9166100787401574
11
5.4277404330708663
21
-3.9200940551181103
0
LINE
8
BLACK
6
CONTINUOUS
10
5.4277404330708663
20
-3.9200940551181103
11
5.4299772834645665
21
-3.9244840944881889
0
LINE
8
BLACK
6
CONTINUOUS
10
5.4299772834645665
20
-3.9244840944881889
11
5.4307322440944876
21
-3.9292509448818898
0
LINE
8
BLACK
6
CONTINUOUS
10
5.4307322440944876
20
-3.9292509448818898
11
5.4425110629921258
21
-3.9292132283464567
0
LINE
8
BLACK
6
CONTINUOUS
10
5.4425110629921258
20
-3.9292132283464567
11
5.4428061417322837
21
-3.9277298425196849
0
LINE
8
BLACK
6
CONTINUOUS
10
5.4428061417322837
20
-3.9277298425196849
11
5.4439583070866142
21
-3.9260055511811021
0
LINE
8
BLACK
6
CONTINUOUS
10
5.4439583070866142
20
-3.9260055511811021
11
5.4456825984251971
21
-3.9248533858267716
0
LINE
8
BLACK
6
CONTINUOUS
10
5.4456825984251971
20
-3.9248533858267716
11
5.447716535433071
21
-3.9244488188976376
0
LINE
8
BLACK
6
CONTINUOUS
10
5.447716535433071
20
-3.9244488188976376
11
5.4622834645669291
21
-3.9244488188976376
0
LINE
8
BLACK
6
CONTINUOUS
10
5.4622834645669291
20
-3.9244488188976376
11
5.4643174015748031
21
-3.9248533858267716
0
LINE
8
BLACK
6
CONTINUOUS
10
5.4643174015748031
20
-3.9248533858267716
11
5.4660416929133859
21
-3.9260055511811021
0
LINE
8
BLACK
6
CONTINUOUS
10
5.4660416929133859
20
-3.9260055511811021
11
5.4671938582677164
21
-3.9277298425196849
0
LINE
8
BLACK
6
CONTINUOUS
10
5.4671938582677164
20
-3.9277298425196849
11
5.4674986614173227
21
-3.9292623228346457
0
LINE
8
BLACK
6
CONTINUOUS
10
5.4674986614173227
20
-3.9292623228346457
11
5.4987007874015745
21
-3.9292066929133855
0
LINE
8
BLACK
6
CONTINUOUS
10
5.4987007874015745
20
-3.9292066929133855
11
5.4987007874015745
21
-3.9243307086614174
0
LINE
8
BLACK
6
CONTINUOUS
10
5.4987007874015745
20
-3.9243307086614174
11
5.5420078740157477
21
-3.9243307086614174
0
LINE
8
BLACK
6
CONTINUOUS
10
5.5420078740157477
20
-3.9243307086614174
11
5.5420078740157477
21
-3.9400787401574804
0
LINE
8
BLACK
6
CONTINUOUS
10
5.5420078740157477
20
-3.9400787401574804
11
5.5205446062992127
21
-3.9400787401574804
0
LINE
8
BLACK
6
CONTINUOUS
10
5.5205446062992127
20
-3.9400787401574804
11
5.5197842125984247
21
-3.9403937007874017
0
LINE
8
BLACK
6
CONTINUOUS
10
5.5197842125984247
20
-3.9403937007874017
11
5.5186324409448817
21
-3.9408707874015749
0
LINE
8
BLACK
6
CONTINUOUS
10
5.5186324409448817
20
-3.9408707874015749
11
5.4674853543307087
21
-3.9409619685039368
0
LINE
8
BLACK
6
CONTINUOUS
10
5.4674853543307087
20
-3.9409619685039368
11
5.4671938582677164
21
-3.9424276377952756
0
LINE
8
BLACK
6
CONTINUOUS
10
5.4671938582677164
20
-3.9424276377952756
11
5.4660416929133859
21
-3.944151929133858
0
LINE
8
BLACK
6
CONTINUOUS
10
5.4660416929133859
20
-3.944151929133858
11
5.4643174015748031
21
-3.945304094488189
0
LINE
8
BLACK
6
CONTINUOUS
10
5.4643174015748031
20
-3.945304094488189
11
5.4622834645669291
21
-3.9457086614173229
0
LINE
8
BLACK
6
CONTINUOUS
10
5.4622834645669291
20
-3.9457086614173229
11
5.447716535433071
21
-3.9457086614173229
0
LINE
8
BLACK
6
CONTINUOUS
10
5.447716535433071
20
-3.9457086614173229
11
5.4456825984251971
21
-3.945304094488189
0
LINE
8
BLACK
6
CONTINUOUS
10
5.4456825984251971
20
-3.945304094488189
11
5.4439583070866142
21
-3.944151929133858
0
LINE
8
BLACK
6
CONTINUOUS
10
5.4439583070866142
20
-3.944151929133858
11
5.4428061417322837
21
-3.9424276377952756
0
LINE
8
BLACK
6
CONTINUOUS
10
5.4428061417322837
20
-3.9424276377952756
11
5.4425051574803147
21
-3.9409144881889762
0
LINE
8
BLACK
6
CONTINUOUS
10
5.4425051574803147
20
-3.9409144881889762
11
5.4253780314960629
21
-3.9409693307086613
0
LINE
8
BLACK
6
CONTINUOUS
10
5.4253780314960629
20
-3.9409693307086613
11
5.4242564566929135
21
-3.9420909448818895
0
LINE
8
BLACK
6
CONTINUOUS
10
5.4242564566929135
20
-3.9420909448818895
11
5.4198664173228348
21
-3.9443277952755906
0
LINE
8
BLACK
6
CONTINUOUS
10
5.4198664173228348
20
-3.9443277952755906
11
5.415
21
-3.9450985433070866
0
LINE
8
BLACK
6
CONTINUOUS
10
5.415
20
-3.9450985433070866
11
5.4101335826771653
21
-3.9443277952755906
0
LINE
8
BLACK
6
CONTINUOUS
10
5.4101335826771653
20
-3.9443277952755906
11
5.4057435433070866
21
-3.9420909448818895
0
LINE
8
BLACK
6
CONTINUOUS
10
5.4057435433070866
20
-3.9420909448818895
11
5.4022595669291338
21
-3.9386069685039371
0
LINE
8
BLACK
6
CONTINUOUS
10
5.4022595669291338
20
-3.9386069685039371
11
5.4000227165354326
21
-3.934216929133858
0
LINE
8
BLACK
6
CONTINUOUS
10
5.4000227165354326
20
-3.934216929133858
11
5.3992519685039371
21
-3.9293505118110237
0
LINE
8
BLACK
6
CONTINUOUS
10
5.3992519685039371
20
-3.9293505118110237
11
5.4000227165354326
21
-3.9244840944881889
0
LINE
8
BLACK
6
CONTINUOUS
10
5.4000227165354326
20
-3.9244840944881889
11
5.4022595669291338
21
-3.9200940551181103
0
LINE
8
BLACK
6
CONTINUOUS
10
5.4022595669291338
20
-3.9200940551181103
11
5.4057435433070866
21
-3.9166100787401574
0
LINE
8
BLACK
6
CONTINUOUS
10
5.4057435433070866
20
-3.9166100787401574
11
5.4101335826771653
21
-3.9143732283464567
0
LINE
8
BLACK
6
CONTINUOUS
10
5.4101335826771653
20
-3.9143732283464567
11
5.415
21
-3.9136024803149607
0
LINE
8
BLACK
6
CONTINUOUS
10
5.415
20
-3.9136024803149607
11
5.4198664173228348
21
-3.9143732283464567
0
LINE
8
BLACK
6
CONTINUOUS
10
5.6424276377952758
20
-3.8338061417322833
11
5.6441519291338578
21
-3.8349583070866142
0
LINE
8
BLACK
6
CONTINUOUS
10
5.6441519291338578
20
-3.8349583070866142
11
5.6453040944881892
21
-3.8366825984251967
0
LINE
8
BLACK
6
CONTINUOUS
10
5.6453040944881892
20
-3.8366825984251967
11
5.6457086614173226
21
-3.8387165354330706
0
LINE
8
BLACK
6
CONTINUOUS
10
5.6457086614173226
20
-3.8387165354330706
11
5.6457086614173226
21
-3.8532834645669292
0
LINE
8
BLACK
6
CONTINUOUS
10
5.6457086614173226
20
-3.8532834645669292
11
5.6453040944881892
21
-3.8553174015748031
0
LINE
8
BLACK
6
CONTINUOUS
10
5.6453040944881892
20
-3.8553174015748031
11
5.6441519291338578
21
-3.8570416929133859
0
LINE
8
BLACK
6
CONTINUOUS
10
5.6441519291338578
20
-3.8570416929133859
11
5.6424276377952758
21
-3.8581938582677164
0
LINE
8
BLACK
6
CONTINUOUS
10
5.6424276377952758
20
-3.8581938582677164
11
5.6408945275590554
21
-3.8584987795275589
0
LINE
8
BLACK
6
CONTINUOUS
10
5.6408945275590554
20
-3.8584987795275589
11
5.6409802362204724
21
-3.9077707874015748
0
LINE
8
BLACK
6
CONTINUOUS
10
5.6409802362204724
20
-3.9077707874015748
11
5.6597404330708656
21
-3.9264001968503934
0
LINE
8
BLACK
6
CONTINUOUS
10
5.6597404330708656
20
-3.9264001968503934
11
5.6679921259842523
21
-3.9263723228346454
0
LINE
8
BLACK
6
CONTINUOUS
10
5.6679921259842523
20
-3.9263723228346454
11
5.6679921259842523
21
-3.9243307086614174
0
LINE
8
BLACK
6
CONTINUOUS
10
5.6679921259842523
20
-3.9243307086614174
11
5.7112992125984254
21
-3.9243307086614174
0
LINE
8
BLACK
6
CONTINUOUS
10
5.7112992125984254
20
-3.9243307086614174
11
5.7112992125984254
21
-3.9400787401574804
0
LINE
8
BLACK
6
CONTINUOUS
10
5.7112992125984254
20
-3.9400787401574804
11
5.6679921259842523
21
-3.9400787401574804
0
LINE
8
BLACK
6
CONTINUOUS
10
5.6679921259842523
20
-3.9400787401574804
11
5.6679921259842523
21
-3.9380737795275591
0
LINE
8
BLACK
6
CONTINUOUS
10
5.6679921259842523
20
-3.9380737795275591
11
5.657204724409449
21
-3.9381102362204725
0
LINE
8
BLACK
6
CONTINUOUS
10
5.657204724409449
20
-3.9381102362204725
11
5.6560525984251964
21
-3.9379967716535433
0
LINE
8
BLACK
6
CONTINUOUS
10
5.6560525984251964
20
-3.9379967716535433
11
5.6551457874015743
21
-3.9376211417322833
0
LINE
8
BLACK
6
CONTINUOUS
10
5.6551457874015743
20
-3.9376211417322833
11
5.6539238188976375
21
-3.9371149999999999
0
LINE
8
BLACK
6
CONTINUOUS
10
5.6539238188976375
20
-3.9371149999999999
11
5.6309029133858264
21
-3.914254566929134
0
LINE
8
BLACK
6
CONTINUOUS
10
5.6309029133858264
20
-3.914254566929134
11
5.6301684645669292
21
-3.9133596456692912
0
LINE
8
BLACK
6
CONTINUOUS
10
5.6301684645669292
20
-3.9133596456692912
11
5.6295856692913384
21
-3.9119526377952756
0
LINE
8
BLACK
6
CONTINUOUS
10
5.6295856692913384
20
-3.9119526377952756
11
5.6292866929133858
21
-3.9112308661417323
0
LINE
8
BLACK
6
CONTINUOUS
10
5.6292866929133858
20
-3.9112308661417323
11
5.6291949212598427
21
-3.8584852755905512
0
LINE
8
BLACK
6
CONTINUOUS
10
5.6291949212598427
20
-3.8584852755905512
11
5.6277298425196847
21
-3.8581938582677164
0
LINE
8
BLACK
6
CONTINUOUS
10
5.6277298425196847
20
-3.8581938582677164
11
5.6260055511811018
21
-3.8570416929133859
0
LINE
8
BLACK
6
CONTINUOUS
10
5.6260055511811018
20
-3.8570416929133859
11
5.6248533858267713
21
-3.8553174015748031
0
LINE
8
BLACK
6
CONTINUOUS
10
5.6248533858267713
20
-3.8553174015748031
11
5.6244488188976378
21
-3.8532834645669292
0
LINE
8
BLACK
6
CONTINUOUS
10
5.6244488188976378
20
-3.8532834645669292
11
5.6244488188976378
21
-3.8387165354330706
0
LINE
8
BLACK
6
CONTINUOUS
10
5.6244488188976378
20
-3.8387165354330706
11
5.6248533858267713
21
-3.8366825984251967
0
LINE
8
BLACK
6
CONTINUOUS
10
5.6248533858267713
20
-3.8366825984251967
11
5.6260055511811018
21
-3.8349583070866142
0
LINE
8
BLACK
6
CONTINUOUS
10
5.6260055511811018
20
-3.8349583070866142
11
5.6277298425196847
21
-3.8338061417322833
0
LINE
8
BLACK
6
CONTINUOUS
10
5.6277298425196847
20
-3.8338061417322833
11
5.6297637795275586
21
-3.8334015748031494
0
LINE
8
BLACK
6
CONTINUOUS
10
5.6297637795275586
20
-3.8334015748031494
11
5.6403937007874019
21
-3.8334015748031494
0
LINE
8
BLACK
6
CONTINUOUS
10
5.6403937007874019
20
-3.8334015748031494
11
5.6424276377952758
21
-3.8338061417322833
0
LINE
8
BLACK
6
CONTINUOUS
10
5.3520918897637797
20
-3.9133781889763779
11
5.3527305118110231
21
-3.9138049212598425
0
LINE
8
BLACK
6
CONTINUOUS
10
5.3527305118110231
20
-3.9138049212598425
11
5.3531572440944881
21
-3.9144435433070863
0
LINE
8
BLACK
6
CONTINUOUS
10
5.3531572440944881
20
-3.9144435433070863
11
5.3533070866141728
21
-3.9151968503937007
0
LINE
8
BLACK
6
CONTINUOUS
10
5.3533070866141728
20
-3.9151968503937007
11
5.3533070866141728
21
-3.9329133858267715
0
LINE
8
BLACK
6
CONTINUOUS
10
5.3533070866141728
20
-3.9329133858267715
11
5.3531572440944881
21
-3.9336666929133859
0
LINE
8
BLACK
6
CONTINUOUS
10
5.3531572440944881
20
-3.9336666929133859
11
5.3527305118110231
21
-3.9343053149606297
0
LINE
8
BLACK
6
CONTINUOUS
10
5.3527305118110231
20
-3.9343053149606297
11
5.3520918897637797
21
-3.9347320472440943
0
LINE
8
BLACK
6
CONTINUOUS
10
5.3520918897637797
20
-3.9347320472440943
11
5.3513385826771653
21
-3.9348818897637794
0
LINE
8
BLACK
6
CONTINUOUS
10
5.3513385826771653
20
-3.9348818897637794
11
5.3474015748031496
21
-3.9348818897637794
0
LINE
8
BLACK
6
CONTINUOUS
10
5.3474015748031496
20
-3.9348818897637794
11
5.3466482677165352
21
-3.9347320472440943
0
LINE
8
BLACK
6
CONTINUOUS
10
5.3466482677165352
20
-3.9347320472440943
11
5.3460096456692909
21
-3.9343053149606297
0
LINE
8
BLACK
6
CONTINUOUS
10
5.3460096456692909
20
-3.9343053149606297
11
5.3455829133858268
21
-3.9336666929133859
0
LINE
8
BLACK
6
CONTINUOUS
10
5.3455829133858268
20
-3.9336666929133859
11
5.3454330708661413
21
-3.9329133858267715
0
LINE
8
BLACK
6
CONTINUOUS
10
5.3454330708661413
20
-3.9329133858267715
11
5.3454330708661413
21
-3.9151968503937007
0
LINE
8
BLACK
6
CONTINUOUS
10
5.3454330708661413
20
-3.9151968503937007
11
5.3455829133858268
21
-3.9144435433070863
0
LINE
8
BLACK
6
CONTINUOUS
10
5.3455829133858268
20
-3.9144435433070863
11
5.3460096456692909
21
-3.9138049212598425
0
LINE
8
BLACK
6
CONTINUOUS
10
5.3460096456692909
20
-3.9138049212598425
11
5.3466482677165352
21
-3.9133781889763779
0
LINE
8
BLACK
6
CONTINUOUS
10
5.3466482677165352
20
-3.9133781889763779
11
5.3474015748031496
21
-3.9132283464566928
0
LINE
8
BLACK
6
CONTINUOUS
10
5.3474015748031496
20
-3.9132283464566928
11
5.3513385826771653
21
-3.9132283464566928
0
LINE
8
BLACK
6
CONTINUOUS
10
5.3513385826771653
20
-3.9132283464566928
11
5.3520918897637797
21
-3.9133781889763779
0
LINE
8
BLACK
6
CONTINUOUS
10
5.7112992125984254
20
-3.9144881889763781
11
5.6679921259842523
21
-3.9144881889763781
0
LINE
8
BLACK
6
CONTINUOUS
10
5.6679921259842523
20
-3.9144881889763781
11
5.6679921259842523
21
-3.8987401574803147
0
LINE
8
BLACK
6
CONTINUOUS
10
5.6679921259842523
20
-3.8987401574803147
11
5.7112992125984254
21
-3.8987401574803147
0
LINE
8
BLACK
6
CONTINUOUS
10
5.7112992125984254
20
-3.8987401574803147
11
5.7112992125984254
21
-3.9144881889763781
0
LINE
8
BLACK
6
CONTINUOUS
10
5.2605564566929131
20
-3.9005829133858265
11
5.2611950787401573
21
-3.9010096456692911
0
LINE
8
BLACK
6
CONTINUOUS
10
5.2611950787401573
20
-3.9010096456692911
11
5.2616218110236224
21
-3.9016482677165354
0
LINE
8
BLACK
6
CONTINUOUS
10
5.2616218110236224
20
-3.9016482677165354
11
5.261771653543307
21
-3.9024015748031493
0
LINE
8
BLACK
6
CONTINUOUS
10
5.261771653543307
20
-3.9024015748031493
11
5.261771653543307
21
-3.906338582677165
0
LINE
8
BLACK
6
CONTINUOUS
10
5.261771653543307
20
-3.906338582677165
11
5.2616218110236224
21
-3.9070918897637794
0
LINE
8
BLACK
6
CONTINUOUS
10
5.2616218110236224
20
-3.9070918897637794
11
5.2611950787401573
21
-3.9077305118110237
0
LINE
8
BLACK
6
CONTINUOUS
10
5.2611950787401573
20
-3.9077305118110237
11
5.2605564566929131
21
-3.9081572440944883
0
LINE
8
BLACK
6
CONTINUOUS
10
5.2605564566929131
20
-3.9081572440944883
11
5.2598031496062987
21
-3.9083070866141729
0
LINE
8
BLACK
6
CONTINUOUS
10
5.2598031496062987
20
-3.9083070866141729
11
5.2420866141732283
21
-3.9083070866141729
0
LINE
8
BLACK
6
CONTINUOUS
10
5.2420866141732283
20
-3.9083070866141729
11
5.2413333070866139
21
-3.9081572440944883
0
LINE
8
BLACK
6
CONTINUOUS
10
5.2413333070866139
20
-3.9081572440944883
11
5.2406946850393696
21
-3.9077305118110237
0
LINE
8
BLACK
6
CONTINUOUS
10
5.2406946850393696
20
-3.9077305118110237
11
5.2402679527559055
21
-3.9070918897637794
0
LINE
8
BLACK
6
CONTINUOUS
10
5.2402679527559055
20
-3.9070918897637794
11
5.24011811023622
21
-3.906338582677165
0
LINE
8
BLACK
6
CONTINUOUS
10
5.24011811023622
20
-3.906338582677165
11
5.24011811023622
21
-3.9024015748031493
0
LINE
8
BLACK
6
CONTINUOUS
10
5.24011811023622
20
-3.9024015748031493
11
5.2402679527559055
21
-3.9016482677165354
0
LINE
8
BLACK
6
CONTINUOUS
10
5.2402679527559055
20
-3.9016482677165354
11
5.2406946850393696
21
-3.9010096456692911
0
LINE
8
BLACK
6
CONTINUOUS
10
5.2406946850393696
20
-3.9010096456692911
11
5.2413333070866139
21
-3.9005829133858265
0
LINE
8
BLACK
6
CONTINUOUS
10
5.2413333070866139
20
-3.9005829133858265
11
5.2420866141732283
21
-3.9004330708661414
0
LINE
8
BLACK
6
CONTINUOUS
10
5.2420866141732283
20
-3.9004330708661414
11
5.2598031496062987
21
-3.9004330708661414
0
LINE
8
BLACK
6
CONTINUOUS
10
5.2598031496062987
20
-3.9004330708661414
11
5.2605564566929131
21
-3.9005829133858265
0
LINE
8
BLACK
6
CONTINUOUS
10
5.2605564566929131
20
-3.8848348818897636
11
5.2611950787401573
21
-3.8852616141732281
0
LINE
8
BLACK
6
CONTINUOUS
10
5.2611950787401573
20
-3.8852616141732281
11
5.2616218110236224
21
-3.8859002362204724
0
LINE
8
BLACK
6
CONTINUOUS
10
5.2616218110236224
20
-3.8859002362204724
11
5.261771653543307
21
-3.8866535433070863
0
LINE
8
BLACK
6
CONTINUOUS
10
5.261771653543307
20
-3.8866535433070863
11
5.261771653543307
21
-3.8905905511811021
0
LINE
8
BLACK
6
CONTINUOUS
10
5.261771653543307
20
-3.8905905511811021
11
5.2616218110236224
21
-3.8913438582677164
0
LINE
8
BLACK
6
CONTINUOUS
10
5.2616218110236224
20
-3.8913438582677164
11
5.2611950787401573
21
-3.8919824803149607
0
LINE
8
BLACK
6
CONTINUOUS
10
5.2611950787401573
20
-3.8919824803149607
11
5.2605564566929131
21
-3.8924092125984253
0
LINE
8
BLACK
6
CONTINUOUS
10
5.2605564566929131
20
-3.8924092125984253
11
5.2598031496062987
21
-3.89255905511811
0
LINE
8
BLACK
6
CONTINUOUS
10
5.2598031496062987
20
-3.89255905511811
11
5.2420866141732283
21
-3.89255905511811
0
LINE
8
BLACK
6
CONTINUOUS
10
5.2420866141732283
20
-3.89255905511811
11
5.2413333070866139
21
-3.8924092125984253
0
LINE
8
BLACK
6
CONTINUOUS
10
5.2413333070866139
20
-3.8924092125984253
11
5.2406946850393696
21
-3.8919824803149607
0
LINE
8
BLACK
6
CONTINUOUS
10
5.2406946850393696
20
-3.8919824803149607
11
5.2402679527559055
21
-3.8913438582677164
0
LINE
8
BLACK
6
CONTINUOUS
10
5.2402679527559055
20
-3.8913438582677164
11
5.24011811023622
21
-3.8905905511811021
0
LINE
8
BLACK
6
CONTINUOUS
10
5.24011811023622
20
-3.8905905511811021
11
5.24011811023622
21
-3.8866535433070863
0
LINE
8
BLACK
6
CONTINUOUS
10
5.24011811023622
20
-3.8866535433070863
11
5.2402679527559055
21
-3.8859002362204724
0
LINE
8
BLACK
6
CONTINUOUS
10
5.2402679527559055
20
-3.8859002362204724
11
5.2406946850393696
21
-3.8852616141732281
0
LINE
8
BLACK
6
CONTINUOUS
10
5.2406946850393696
20
-3.8852616141732281
11
5.2413333070866139
21
-3.8848348818897636
0
LINE
8
BLACK
6
CONTINUOUS
10
5.2413333070866139
20
-3.8848348818897636
11
5.2420866141732283
21
-3.8846850393700785
0
LINE
8
BLACK
6
CONTINUOUS
10
5.2420866141732283
20
-3.8846850393700785
11
5.2598031496062987
21
-3.8846850393700785
0
LINE
8
BLACK
6
CONTINUOUS
10
5.2598031496062987
20
-3.8846850393700785
11
5.2605564566929131
21
-3.8848348818897636
0
LINE
8
BLACK
6
CONTINUOUS
10
5.3786666929133853
20
-3.8848348818897636
11
5.3793053149606296
21
-3.8852616141732281
0
LINE
8
BLACK
6
CONTINUOUS
10
5.3793053149606296
20
-3.8852616141732281
11
5.3797320472440946
21
-3.8859002362204724
0
LINE
8
BLACK
6
CONTINUOUS
10
5.3797320472440946
20
-3.8859002362204724
11
5.3798818897637792
21
-3.8866535433070863
0
LINE
8
BLACK
6
CONTINUOUS
10
5.3798818897637792
20
-3.8866535433070863
11
5.3798818897637792
21
-3.8905905511811021
0
LINE
8
BLACK
6
CONTINUOUS
10
5.3798818897637792
20
-3.8905905511811021
11
5.3797320472440946
21
-3.8913438582677164
0
LINE
8
BLACK
6
CONTINUOUS
10
5.3797320472440946
20
-3.8913438582677164
11
5.3793053149606296
21
-3.8919824803149607
0
LINE
8
BLACK
6
CONTINUOUS
10
5.3793053149606296
20
-3.8919824803149607
11
5.3786666929133853
21
-3.8924092125984253
0
LINE
8
BLACK
6
CONTINUOUS
10
5.3786666929133853
20
-3.8924092125984253
11
5.3779133858267718
21
-3.89255905511811
0
LINE
8
BLACK
6
CONTINUOUS
10
5.3779133858267718
20
-3.89255905511811
11
5.3601968503937005
21
-3.89255905511811
0
LINE
8
BLACK
6
CONTINUOUS
10
5.3601968503937005
20
-3.89255905511811
11
5.3594435433070862
21
-3.8924092125984253
0
LINE
8
BLACK
6
CONTINUOUS
10
5.3594435433070862
20
-3.8924092125984253
11
5.3588049212598428
21
-3.8919824803149607
0
LINE
8
BLACK
6
CONTINUOUS
10
5.3588049212598428
20
-3.8919824803149607
11
5.3583781889763777
21
-3.8913438582677164
0
LINE
8
BLACK
6
CONTINUOUS
10
5.3583781889763777
20
-3.8913438582677164
11
5.3582283464566931
21
-3.8905905511811021
0
LINE
8
BLACK
6
CONTINUOUS
10
5.3582283464566931
20
-3.8905905511811021
11
5.3582283464566931
21
-3.8866535433070863
0
LINE
8
BLACK
6
CONTINUOUS
10
5.3582283464566931
20
-3.8866535433070863
11
5.3583781889763777
21
-3.8859002362204724
0
LINE
8
BLACK
6
CONTINUOUS
10
5.3583781889763777
20
-3.8859002362204724
11
5.3588049212598428
21
-3.8852616141732281
0
LINE
8
BLACK
6
CONTINUOUS
10
5.3588049212598428
20
-3.8852616141732281
11
5.3594435433070862
21
-3.8848348818897636
0
LINE
8
BLACK
6
CONTINUOUS
10
5.3594435433070862
20
-3.8848348818897636
11
5.3601968503937005
21
-3.8846850393700785
0
LINE
8
BLACK
6
CONTINUOUS
10
5.3601968503937005
20
-3.8846850393700785
11
5.3779133858267718
21
-3.8846850393700785
0
LINE
8
BLACK
6
CONTINUOUS
10
5.3779133858267718
20
-3.8846850393700785
11
5.3786666929133853
21
-3.8848348818897636
0
LINE
8
BLACK
6
CONTINUOUS
10
5.2605564566929131
20
-3.8690868503937006
11
5.2611950787401573
21
-3.8695135826771652
0
LINE
8
BLACK
6
CONTINUOUS
10
5.2611950787401573
20
-3.8695135826771652
11
5.2616218110236224
21
-3.8701522047244095
0
LINE
8
BLACK
6
CONTINUOUS
10
5.2616218110236224
20
-3.8701522047244095
11
5.261771653543307
21
-3.8709055118110234
0
LINE
8
BLACK
6
CONTINUOUS
10
5.261771653543307
20
-3.8709055118110234
11
5.261771653543307
21
-3.8748425196850391
0
LINE
8
BLACK
6
CONTINUOUS
10
5.261771653543307
20
-3.8748425196850391
11
5.2616218110236224
21
-3.8755958267716535
0
LINE
8
BLACK
6
CONTINUOUS
10
5.2616218110236224
20
-3.8755958267716535
11
5.2611950787401573
21
-3.8762344488188973
0
LINE
8
BLACK
6
CONTINUOUS
10
5.2611950787401573
20
-3.8762344488188973
11
5.2605564566929131
21
-3.8766611811023619
0
LINE
8
BLACK
6
CONTINUOUS
10
5.2605564566929131
20
-3.8766611811023619
11
5.2598031496062987
21
-3.876811023622047
0
LINE
8
BLACK
6
CONTINUOUS
10
5.2598031496062987
20
-3.876811023622047
11
5.2420866141732283
21
-3.876811023622047
0
LINE
8
BLACK
6
CONTINUOUS
10
5.2420866141732283
20
-3.876811023622047
11
5.2413333070866139
21
-3.8766611811023619
0
LINE
8
BLACK
6
CONTINUOUS
10
5.2413333070866139
20
-3.8766611811023619
11
5.2406946850393696
21
-3.8762344488188973
0
LINE
8
BLACK
6
CONTINUOUS
10
5.2406946850393696
20
-3.8762344488188973
11
5.2402679527559055
21
-3.8755958267716535
0
LINE
8
BLACK
6
CONTINUOUS
10
5.2402679527559055
20
-3.8755958267716535
11
5.24011811023622
21
-3.8748425196850391
0
LINE
8
BLACK
6
CONTINUOUS
10
5.24011811023622
20
-3.8748425196850391
11
5.24011811023622
21
-3.8709055118110234
0
LINE
8
BLACK
6
CONTINUOUS
10
5.24011811023622
20
-3.8709055118110234
11
5.2402679527559055
21
-3.8701522047244095
0
LINE
8
BLACK
6
CONTINUOUS
10
5.2402679527559055
20
-3.8701522047244095
11
5.2406946850393696
21
-3.8695135826771652
0
LINE
8
BLACK
6
CONTINUOUS
10
5.2406946850393696
20
-3.8695135826771652
11
5.2413333070866139
21
-3.8690868503937006
0
LINE
8
BLACK
6
CONTINUOUS
10
5.2413333070866139
20
-3.8690868503937006
11
5.2420866141732283
21
-3.8689370078740155
0
LINE
8
BLACK
6
CONTINUOUS
10
5.2420866141732283
20
-3.8689370078740155
11
5.2598031496062987
21
-3.8689370078740155
0
LINE
8
BLACK
6
CONTINUOUS
10
5.2598031496062987
20
-3.8689370078740155
11
5.2605564566929131
21
-3.8690868503937006
0
LINE
8
BLACK
6
CONTINUOUS
10
5.3786666929133853
20
-3.8690868503937006
11
5.3793053149606296
21
-3.8695135826771652
0
LINE
8
BLACK
6
CONTINUOUS
10
5.3793053149606296
20
-3.8695135826771652
11
5.3797320472440946
21
-3.8701522047244095
0
LINE
8
BLACK
6
CONTINUOUS
10
5.3797320472440946
20
-3.8701522047244095
11
5.3798818897637792
21
-3.8709055118110234
0
LINE
8
BLACK
6
CONTINUOUS
10
5.3798818897637792
20
-3.8709055118110234
11
5.3798818897637792
21
-3.8748425196850391
0
LINE
8
BLACK
6
CONTINUOUS
10
5.3798818897637792
20
-3.8748425196850391
11
5.3797320472440946
21
-3.8755958267716535
0
LINE
8
BLACK
6
CONTINUOUS
10
5.3797320472440946
20
-3.8755958267716535
11
5.3793053149606296
21
-3.8762344488188973
0
LINE
8
BLACK
6
CONTINUOUS
10
5.3793053149606296
20
-3.8762344488188973
11
5.3786666929133853
21
-3.8766611811023619
0
LINE
8
BLACK
6
CONTINUOUS
10
5.3786666929133853
20
-3.8766611811023619
11
5.3779133858267718
21
-3.876811023622047
0
LINE
8
BLACK
6
CONTINUOUS
10
5.3779133858267718
20
-3.876811023622047
11
5.3601968503937005
21
-3.876811023622047
0
LINE
8
BLACK
6
CONTINUOUS
10
5.3601968503937005
20
-3.876811023622047
11
5.3594435433070862
21
-3.8766611811023619
0
LINE
8
BLACK
6
CONTINUOUS
10
5.3594435433070862
20
-3.8766611811023619
11
5.3588049212598428
21
-3.8762344488188973
0
LINE
8
BLACK
6
CONTINUOUS
10
5.3588049212598428
20
-3.8762344488188973
11
5.3583781889763777
21
-3.8755958267716535
0
LINE
8
BLACK
6
CONTINUOUS
10
5.3583781889763777
20
-3.8755958267716535
11
5.3582283464566931
21
-3.8748425196850391
0
LINE
8
BLACK
6
CONTINUOUS
10
5.3582283464566931
20
-3.8748425196850391
11
5.3582283464566931
21
-3.8709055118110234
0
LINE
8
BLACK
6
CONTINUOUS
10
5.3582283464566931
20
-3.8709055118110234
11
5.3583781889763777
21
-3.8701522047244095
0
LINE
8
BLACK
6
CONTINUOUS
10
5.3583781889763777
20
-3.8701522047244095
11
5.3588049212598428
21
-3.8695135826771652
0
LINE
8
BLACK
6
CONTINUOUS
10
5.3588049212598428
20
-3.8695135826771652
11
5.3594435433070862
21
-3.8690868503937006
0
LINE
8
BLACK
6
CONTINUOUS
10
5.3594435433070862
20
-3.8690868503937006
11
5.3601968503937005
21
-3.8689370078740155
0
LINE
8
BLACK
6
CONTINUOUS
10
5.3601968503937005
20
-3.8689370078740155
11
5.3779133858267718
21
-3.8689370078740155
0
LINE
8
BLACK
6
CONTINUOUS
10
5.3779133858267718
20
-3.8689370078740155
11
5.3786666929133853
21
-3.8690868503937006
0
LINE
8
BLACK
6
CONTINUOUS
10
5.3781955905511811
20
-3.8217490157480314
11
5.4067322834645672
21
-3.8216929133858266
0
LINE
8
BLACK
6
CONTINUOUS
10
5.4067322834645672
20
-3.8216929133858266
11
5.4075003543307085
21
-3.8217685433070865
0
LINE
8
BLACK
6
CONTINUOUS
10
5.4075003543307085
20
-3.8217685433070865
11
5.4089195669291339
21
-3.8223564173228346
0
LINE
8
BLACK
6
CONTINUOUS
10
5.4089195669291339
20
-3.8223564173228346
11
5.418494527559055
21
-3.8318740157480313
0
LINE
8
BLACK
6
CONTINUOUS
10
5.418494527559055
20
-3.8318740157480313
11
5.430692913385827
21
-3.8318740157480313
0
LINE
8
BLACK
6
CONTINUOUS
10
5.430692913385827
20
-3.8318740157480313
11
5.4328022047244096
21
-3.8322935826771651
0
LINE
8
BLACK
6
CONTINUOUS
10
5.4328022047244096
20
-3.8322935826771651
11
5.4345903543307088
21
-3.8334883858267714
0
LINE
8
BLACK
6
CONTINUOUS
10
5.4345903543307088
20
-3.8334883858267714
11
5.4357851574803151
21
-3.8352765354330707
0
LINE
8
BLACK
6
CONTINUOUS
10
5.4357851574803151
20
-3.8352765354330707
11
5.4362047244094489
21
-3.8373858267716536
0
LINE
8
BLACK
6
CONTINUOUS
10
5.4362047244094489
20
-3.8373858267716536
11
5.4362047244094489
21
-3.8484094488188973
0
LINE
8
BLACK
6
CONTINUOUS
10
5.4362047244094489
20
-3.8484094488188973
11
5.4361579921259837
21
-3.8486443700787403
0
LINE
8
BLACK
6
CONTINUOUS
10
5.4361579921259837
20
-3.8486443700787403
11
5.4393147637795272
21
-3.8517827559055116
0
LINE
8
BLACK
6
CONTINUOUS
10
5.4393147637795272
20
-3.8517827559055116
11
5.4395032677165354
21
-3.8514128740157481
0
LINE
8
BLACK
6
CONTINUOUS
10
5.4395032677165354
20
-3.8514128740157481
11
5.4429872440944882
21
-3.8479288976377952
0
LINE
8
BLACK
6
CONTINUOUS
10
5.4429872440944882
20
-3.8479288976377952
11
5.4473772834645668
21
-3.8456920472440945
0
LINE
8
BLACK
6
CONTINUOUS
10
5.4473772834645668
20
-3.8456920472440945
11
5.4522437007874016
21
-3.8449212992125985
0
LINE
8
BLACK
6
CONTINUOUS
10
5.4522437007874016
20
-3.8449212992125985
11
5.4571101181102364
21
-3.8456920472440945
0
LINE
8
BLACK
6
CONTINUOUS
10
5.4571101181102364
20
-3.8456920472440945
11
5.461500157480315
21
-3.8479288976377952
0
LINE
8
BLACK
6
CONTINUOUS
10
5.461500157480315
20
-3.8479288976377952
11
5.4649841338582679
21
-3.8514128740157481
0
LINE
8
BLACK
6
CONTINUOUS
10
5.4649841338582679
20
-3.8514128740157481
11
5.4672209842519681
21
-3.8558029133858267
0
LINE
8
BLACK
6
CONTINUOUS
10
5.4672209842519681
20
-3.8558029133858267
11
5.4673705118110236
21
-3.8567471653543306
0
LINE
8
BLACK
6
CONTINUOUS
10
5.4673705118110236
20
-3.8567471653543306
11
5.4697081496062987
21
-3.8567381889763777
0
LINE
8
BLACK
6
CONTINUOUS
10
5.4697081496062987
20
-3.8567381889763777
11
5.4732913385826771
21
-3.8531259448818895
0
LINE
8
BLACK
6
CONTINUOUS
10
5.4732913385826771
20
-3.8531259448818895
11
5.4732913385826771
21
-3.8407165354330708
0
LINE
8
BLACK
6
CONTINUOUS
10
5.4732913385826771
20
-3.8407165354330708
11
5.4736959055118106
21
-3.8386825984251969
0
LINE
8
BLACK
6
CONTINUOUS
10
5.4736959055118106
20
-3.8386825984251969
11
5.474848070866142
21
-3.836958307086614
0
LINE
8
BLACK
6
CONTINUOUS
10
5.474848070866142
20
-3.836958307086614
11
5.476572362204724
21
-3.8358061417322835
0
LINE
8
BLACK
6
CONTINUOUS
10
5.476572362204724
20
-3.8358061417322835
11
5.4786062992125979
21
-3.8354015748031496
0
LINE
8
BLACK
6
CONTINUOUS
10
5.4786062992125979
20
-3.8354015748031496
11
5.4892362204724412
21
-3.8354015748031496
0
LINE
8
BLACK
6
CONTINUOUS
10
5.4892362204724412
20
-3.8354015748031496
11
5.4912701574803151
21
-3.8358061417322835
0
LINE
8
BLACK
6
CONTINUOUS
10
5.4912701574803151
20
-3.8358061417322835
11
5.4929944488188971
21
-3.836958307086614
0
LINE
8
BLACK
6
CONTINUOUS
10
5.4929944488188971
20
-3.836958307086614
11
5.4941466141732285
21
-3.8386825984251969
0
LINE
8
BLACK
6
CONTINUOUS
10
5.4941466141732285
20
-3.8386825984251969
11
5.494551181102362
21
-3.8407165354330708
0
LINE
8
BLACK
6
CONTINUOUS
10
5.494551181102362
20
-3.8407165354330708
11
5.494551181102362
21
-3.8552834645669289
0
LINE
8
BLACK
6
CONTINUOUS
10
5.494551181102362
20
-3.8552834645669289
11
5.4941466141732285
21
-3.8573174015748029
0
LINE
8
BLACK
6
CONTINUOUS
10
5.4941466141732285
20
-3.8573174015748029
11
5.4929944488188971
21
-3.8590416929133857
0
LINE
8
BLACK
6
CONTINUOUS
10
5.4929944488188971
20
-3.8590416929133857
11
5.4912701574803151
21
-3.8601938582677167
0
LINE
8
BLACK
6
CONTINUOUS
10
5.4912701574803151
20
-3.8601938582677167
11
5.4892362204724412
21
-3.8605984251968501
0
LINE
8
BLACK
6
CONTINUOUS
10
5.4892362204724412
20
-3.8605984251968501
11
5.4786062992125979
21
-3.8605984251968501
0
LINE
8
BLACK
6
CONTINUOUS
10
5.4786062992125979
20
-3.8605984251968501
11
5.4771540944881885
21
-3.8603095669291339
0
LINE
8
BLACK
6
CONTINUOUS
10
5.4771540944881885
20
-3.8603095669291339
11
5.4740358267716536
21
-3.8634532283464567
0
LINE
8
BLACK
6
CONTINUOUS
10
5.4740358267716536
20
-3.8634532283464567
11
5.473439212598425
21
-3.8639428346456692
0
LINE
8
BLACK
6
CONTINUOUS
10
5.473439212598425
20
-3.8639428346456692
11
5.4720199999999997
21
-3.8645307086614173
0
LINE
8
BLACK
6
CONTINUOUS
10
5.4720199999999997
20
-3.8645307086614173
11
5.4673773228346452
21
-3.8645484251968503
0
LINE
8
BLACK
6
CONTINUOUS
10
5.4673773228346452
20
-3.8645484251968503
11
5.4672209842519681
21
-3.8655357480314958
0
LINE
8
BLACK
6
CONTINUOUS
10
5.4672209842519681
20
-3.8655357480314958
11
5.4649841338582679
21
-3.8699257874015749
0
LINE
8
BLACK
6
CONTINUOUS
10
5.4649841338582679
20
-3.8699257874015749
11
5.461500157480315
21
-3.8734097637795273
0
LINE
8
BLACK
6
CONTINUOUS
10
5.461500157480315
20
-3.8734097637795273
11
5.4571101181102364
21
-3.8756466141732284
0
LINE
8
BLACK
6
CONTINUOUS
10
5.4571101181102364
20
-3.8756466141732284
11
5.4522437007874016
21
-3.8764173622047244
0
LINE
8
BLACK
6
CONTINUOUS
10
5.4522437007874016
20
-3.8764173622047244
11
5.4473772834645668
21
-3.8756466141732284
0
LINE
8
BLACK
6
CONTINUOUS
10
5.4473772834645668
20
-3.8756466141732284
11
5.4429872440944882
21
-3.8734097637795273
0
LINE
8
BLACK
6
CONTINUOUS
10
5.4429872440944882
20
-3.8734097637795273
11
5.4395032677165354
21
-3.8699257874015749
0
LINE
8
BLACK
6
CONTINUOUS
10
5.4395032677165354
20
-3.8699257874015749
11
5.4372664173228342
21
-3.8655357480314958
0
LINE
8
BLACK
6
CONTINUOUS
10
5.4372664173228342
20
-3.8655357480314958
11
5.4364956692913387
21
-3.8606693307086615
0
LINE
8
BLACK
6
CONTINUOUS
10
5.4364956692913387
20
-3.8606693307086615
11
5.4365899999999998
21
-3.860073503937008
0
LINE
8
BLACK
6
CONTINUOUS
10
5.4365899999999998
20
-3.860073503937008
11
5.4304017322834648
21
-3.8539212598425197
0
LINE
8
BLACK
6
CONTINUOUS
10
5.4304017322834648
20
-3.8539212598425197
11
5.4173070866141728
21
-3.8539212598425197
0
LINE
8
BLACK
6
CONTINUOUS
10
5.4173070866141728
20
-3.8539212598425197
11
5.4151977952755903
21
-3.8535016929133858
0
LINE
8
BLACK
6
CONTINUOUS
10
5.4151977952755903
20
-3.8535016929133858
11
5.4134096456692911
21
-3.8523068897637796
0
LINE
8
BLACK
6
CONTINUOUS
10
5.4134096456692911
20
-3.8523068897637796
11
5.4122148425196848
21
-3.8505187401574803
0
LINE
8
BLACK
6
CONTINUOUS
10
5.4122148425196848
20
-3.8505187401574803
11
5.411795275590551
21
-3.8484094488188973
0
LINE
8
BLACK
6
CONTINUOUS
10
5.411795275590551
20
-3.8484094488188973
11
5.411795275590551
21
-3.8373858267716536
0
LINE
8
BLACK
6
CONTINUOUS
10
5.411795275590551
20
-3.8373858267716536
11
5.4119899212598428
21
-3.8364071653543306
0
LINE
8
BLACK
6
CONTINUOUS
10
5.4119899212598428
20
-3.8364071653543306
11
5.4050372047244091
21
-3.8294961417322835
0
LINE
8
BLACK
6
CONTINUOUS
10
5.4050372047244091
20
-3.8294961417322835
11
5.3780018503937006
21
-3.8295492913385827
0
LINE
8
BLACK
6
CONTINUOUS
10
5.3780018503937006
20
-3.8295492913385827
11
5.3779133858267718
21
-3.8295669291338581
0
LINE
8
BLACK
6
CONTINUOUS
10
5.3779133858267718
20
-3.8295669291338581
11
5.3690551181102357
21
-3.8295669291338581
0
LINE
8
BLACK
6
CONTINUOUS
10
5.3690551181102357
20
-3.8295669291338581
11
5.3601968503937005
21
-3.8295669291338581
0
LINE
8
BLACK
6
CONTINUOUS
10
5.3601968503937005
20
-3.8295669291338581
11
5.3594435433070862
21
-3.829417086614173
0
LINE
8
BLACK
6
CONTINUOUS
10
5.3594435433070862
20
-3.829417086614173
11
5.3588049212598428
21
-3.8289903543307084
0
LINE
8
BLACK
6
CONTINUOUS
10
5.3588049212598428
20
-3.8289903543307084
11
5.3583781889763777
21
-3.8283517322834646
0
LINE
8
BLACK
6
CONTINUOUS
10
5.3583781889763777
20
-3.8283517322834646
11
5.3582283464566931
21
-3.8275984251968502
0
LINE
8
BLACK
6
CONTINUOUS
10
5.3582283464566931
20
-3.8275984251968502
11
5.3582283464566931
21
-3.8236614173228345
0
LINE
8
BLACK
6
CONTINUOUS
10
5.3582283464566931
20
-3.8236614173228345
11
5.3583781889763777
21
-3.8229081102362206
0
LINE
8
BLACK
6
CONTINUOUS
10
5.3583781889763777
20
-3.8229081102362206
11
5.3588049212598428
21
-3.8222694881889763
0
LINE
8
BLACK
6
CONTINUOUS
10
5.3588049212598428
20
-3.8222694881889763
11
5.3594435433070862
21
-3.8218427559055117
0
LINE
8
BLACK
6
CONTINUOUS
10
5.3594435433070862
20
-3.8218427559055117
11
5.3601968503937005
21
-3.8216929133858266
0
LINE
8
BLACK
6
CONTINUOUS
10
5.3601968503937005
20
-3.8216929133858266
11
5.3779133858267718
21
-3.8216929133858266
0
LINE
8
BLACK
6
CONTINUOUS
10
5.3779133858267718
20
-3.8216929133858266
11
5.3781955905511811
21
-3.8217490157480314
0
LINE
8
BLACK
6
CONTINUOUS
10
5.2605564566929131
20
-3.8533388188976376
11
5.2611950787401573
21
-3.8537655511811022
0
LINE
8
BLACK
6
CONTINUOUS
10
5.2611950787401573
20
-3.8537655511811022
11
5.2616218110236224
21
-3.8544041732283465
0
LINE
8
BLACK
6
CONTINUOUS
10
5.2616218110236224
20
-3.8544041732283465
11
5.261771653543307
21
-3.8551574803149604
0
LINE
8
BLACK
6
CONTINUOUS
10
5.261771653543307
20
-3.8551574803149604
11
5.261771653543307
21
-3.8590944881889762
0
LINE
8
BLACK
6
CONTINUOUS
10
5.261771653543307
20
-3.8590944881889762
11
5.2616218110236224
21
-3.8598477952755905
0
LINE
8
BLACK
6
CONTINUOUS
10
5.2616218110236224
20
-3.8598477952755905
11
5.2611950787401573
21
-3.8604864173228344
0
LINE
8
BLACK
6
CONTINUOUS
10
5.2611950787401573
20
-3.8604864173228344
11
5.2605564566929131
21
-3.8609131496062989
0
LINE
8
BLACK
6
CONTINUOUS
10
5.2605564566929131
20
-3.8609131496062989
11
5.2598031496062987
21
-3.861062992125984
0
LINE
8
BLACK
6
CONTINUOUS
10
5.2598031496062987
20
-3.861062992125984
11
5.2420866141732283
21
-3.861062992125984
0
LINE
8
BLACK
6
CONTINUOUS
10
5.2420866141732283
20
-3.861062992125984
11
5.2413333070866139
21
-3.8609131496062989
0
LINE
8
BLACK
6
CONTINUOUS
10
5.2413333070866139
20
-3.8609131496062989
11
5.2406946850393696
21
-3.8604864173228344
0
LINE
8
BLACK
6
CONTINUOUS
10
5.2406946850393696
20
-3.8604864173228344
11
5.2402679527559055
21
-3.8598477952755905
0
LINE
8
BLACK
6
CONTINUOUS
10
5.2402679527559055
20
-3.8598477952755905
11
5.24011811023622
21
-3.8590944881889762
0
LINE
8
BLACK
6
CONTINUOUS
10
5.24011811023622
20
-3.8590944881889762
11
5.24011811023622
21
-3.8551574803149604
0
LINE
8
BLACK
6
CONTINUOUS
10
5.24011811023622
20
-3.8551574803149604
11
5.2402679527559055
21
-3.8544041732283465
0
LINE
8
BLACK
6
CONTINUOUS
10
5.2402679527559055
20
-3.8544041732283465
11
5.2406946850393696
21
-3.8537655511811022
0
LINE
8
BLACK
6
CONTINUOUS
10
5.2406946850393696
20
-3.8537655511811022
11
5.2413333070866139
21
-3.8533388188976376
0
LINE
8
BLACK
6
CONTINUOUS
10
5.2413333070866139
20
-3.8533388188976376
11
5.2420866141732283
21
-3.8531889763779525
0
LINE
8
BLACK
6
CONTINUOUS
10
5.2420866141732283
20
-3.8531889763779525
11
5.2598031496062987
21
-3.8531889763779525
0
LINE
8
BLACK
6
CONTINUOUS
10
5.2598031496062987
20
-3.8531889763779525
11
5.2605564566929131
21
-3.8533388188976376
0
LINE
8
BLACK
6
CONTINUOUS
10
5.3786666929133853
20
-3.8533388188976376
11
5.3793053149606296
21
-3.8537655511811022
0
LINE
8
BLACK
6
CONTINUOUS
10
5.3793053149606296
20
-3.8537655511811022
11
5.3797320472440946
21
-3.8544041732283465
0
LINE
8
BLACK
6
CONTINUOUS
10
5.3797320472440946
20
-3.8544041732283465
11
5.3798818897637792
21
-3.8551574803149604
0
LINE
8
BLACK
6
CONTINUOUS
10
5.3798818897637792
20
-3.8551574803149604
11
5.3798818897637792
21
-3.8590944881889762
0
LINE
8
BLACK
6
CONTINUOUS
10
5.3798818897637792
20
-3.8590944881889762
11
5.3797320472440946
21
-3.8598477952755905
0
LINE
8
BLACK
6
CONTINUOUS
10
5.3797320472440946
20
-3.8598477952755905
11
5.3793053149606296
21
-3.8604864173228344
0
LINE
8
BLACK
6
CONTINUOUS
10
5.3793053149606296
20
-3.8604864173228344
11
5.3786666929133853
21
-3.8609131496062989
0
LINE
8
BLACK
6
CONTINUOUS
10
5.3786666929133853
20
-3.8609131496062989
11
5.3779133858267718
21
-3.861062992125984
0
LINE
8
BLACK
6
CONTINUOUS
10
5.3779133858267718
20
-3.861062992125984
11
5.3601968503937005
21
-3.861062992125984
0
LINE
8
BLACK
6
CONTINUOUS
10
5.3601968503937005
20
-3.861062992125984
11
5.3594435433070862
21
-3.8609131496062989
0
LINE
8
BLACK
6
CONTINUOUS
10
5.3594435433070862
20
-3.8609131496062989
11
5.3588049212598428
21
-3.8604864173228344
0
LINE
8
BLACK
6
CONTINUOUS
10
5.3588049212598428
20
-3.8604864173228344
11
5.3583781889763777
21
-3.8598477952755905
0
LINE
8
BLACK
6
CONTINUOUS
10
5.3583781889763777
20
-3.8598477952755905
11
5.3582283464566931
21
-3.8590944881889762
0
LINE
8
BLACK
6
CONTINUOUS
10
5.3582283464566931
20
-3.8590944881889762
11
5.3582283464566931
21
-3.8551574803149604
0
LINE
8
BLACK
6
CONTINUOUS
10
5.3582283464566931
20
-3.8551574803149604
11
5.3583781889763777
21
-3.8544041732283465
0
LINE
8
BLACK
6
CONTINUOUS
10
5.3583781889763777
20
-3.8544041732283465
11
5.3588049212598428
21
-3.8537655511811022
0
LINE
8
BLACK
6
CONTINUOUS
10
5.3588049212598428
20
-3.8537655511811022
11
5.3594435433070862
21
-3.8533388188976376
0
LINE
8
BLACK
6
CONTINUOUS
10
5.3594435433070862
20
-3.8533388188976376
11
5.3601968503937005
21
-3.8531889763779525
0
LINE
8
BLACK
6
CONTINUOUS
10
5.3601968503937005
20
-3.8531889763779525
11
5.3779133858267718
21
-3.8531889763779525
0
LINE
8
BLACK
6
CONTINUOUS
10
5.3779133858267718
20
-3.8531889763779525
11
5.3786666929133853
21
-3.8533388188976376
0
LINE
8
BLACK
6
CONTINUOUS
10
5.5647153543307084
20
-3.8292742913385824
11
5.5691053937007871
21
-3.8315111417322836
0
LINE
8
BLACK
6
CONTINUOUS
10
5.5691053937007871
20
-3.8315111417322836
11
5.5725893700787399
21
-3.834995118110236
0
LINE
8
BLACK
6
CONTINUOUS
10
5.5725893700787399
20
-3.834995118110236
11
5.574826220472441
21
-3.8393851574803151
0
LINE
8
BLACK
6
CONTINUOUS
10
5.574826220472441
20
-3.8393851574803151
11
5.574948937007874
21
-3.8401601968503938
0
LINE
8
BLACK
6
CONTINUOUS
10
5.574948937007874
20
-3.8401601968503938
11
5.5842913385826769
21
-3.8401294488188977
0
LINE
8
BLACK
6
CONTINUOUS
10
5.5842913385826769
20
-3.8401294488188977
11
5.5842913385826769
21
-3.8387165354330706
0
LINE
8
BLACK
6
CONTINUOUS
10
5.5842913385826769
20
-3.8387165354330706
11
5.5846959055118113
21
-3.8366825984251967
0
LINE
8
BLACK
6
CONTINUOUS
10
5.5846959055118113
20
-3.8366825984251967
11
5.5858480708661418
21
-3.8349583070866142
0
LINE
8
BLACK
6
CONTINUOUS
10
5.5858480708661418
20
-3.8349583070866142
11
5.5875723622047246
21
-3.8338061417322833
0
LINE
8
BLACK
6
CONTINUOUS
10
5.5875723622047246
20
-3.8338061417322833
11
5.5896062992125986
21
-3.8334015748031494
0
LINE
8
BLACK
6
CONTINUOUS
10
5.5896062992125986
20
-3.8334015748031494
11
5.600236220472441
21
-3.8334015748031494
0
LINE
8
BLACK
6
CONTINUOUS
10
5.600236220472441
20
-3.8334015748031494
11
5.6022701574803149
21
-3.8338061417322833
0
LINE
8
BLACK
6
CONTINUOUS
10
5.6022701574803149
20
-3.8338061417322833
11
5.6039944488188977
21
-3.8349583070866142
0
LINE
8
BLACK
6
CONTINUOUS
10
5.6039944488188977
20
-3.8349583070866142
11
5.6051466141732282
21
-3.8366825984251967
0
LINE
8
BLACK
6
CONTINUOUS
10
5.6051466141732282
20
-3.8366825984251967
11
5.6055511811023617
21
-3.8387165354330706
0
LINE
8
BLACK
6
CONTINUOUS
10
5.6055511811023617
20
-3.8387165354330706
11
5.6055511811023617
21
-3.8532834645669292
0
LINE
8
BLACK
6
CONTINUOUS
10
5.6055511811023617
20
-3.8532834645669292
11
5.6051466141732282
21
-3.8553174015748031
0
LINE
8
BLACK
6
CONTINUOUS
10
5.6051466141732282
20
-3.8553174015748031
11
5.6039944488188977
21
-3.8570416929133859
0
LINE
8
BLACK
6
CONTINUOUS
10
5.6039944488188977
20
-3.8570416929133859
11
5.6022701574803149
21
-3.8581938582677164
0
LINE
8
BLACK
6
CONTINUOUS
10
5.6022701574803149
20
-3.8581938582677164
11
5.600236220472441
21
-3.8585984251968504
0
LINE
8
BLACK
6
CONTINUOUS
10
5.600236220472441
20
-3.8585984251968504
11
5.5896062992125986
21
-3.8585984251968504
0
LINE
8
BLACK
6
CONTINUOUS
10
5.5896062992125986
20
-3.8585984251968504
11
5.5875723622047246
21
-3.8581938582677164
0
LINE
8
BLACK
6
CONTINUOUS
10
5.5875723622047246
20
-3.8581938582677164
11
5.5858480708661418
21
-3.8570416929133859
0
LINE
8
BLACK
6
CONTINUOUS
10
5.5858480708661418
20
-3.8570416929133859
11
5.5846959055118113
21
-3.8553174015748031
0
LINE
8
BLACK
6
CONTINUOUS
10
5.5846959055118113
20
-3.8553174015748031
11
5.5842913385826769
21
-3.8532834645669292
0
LINE
8
BLACK
6
CONTINUOUS
10
5.5842913385826769
20
-3.8532834645669292
11
5.5842913385826769
21
-3.8518307874015747
0
LINE
8
BLACK
6
CONTINUOUS
10
5.5842913385826769
20
-3.8518307874015747
11
5.573425708661417
21
-3.8518665748031493
0
LINE
8
BLACK
6
CONTINUOUS
10
5.573425708661417
20
-3.8518665748031493
11
5.5725893700787399
21
-3.8535080314960628
0
LINE
8
BLACK
6
CONTINUOUS
10
5.5725893700787399
20
-3.8535080314960628
11
5.5691053937007871
21
-3.8569920078740156
0
LINE
8
BLACK
6
CONTINUOUS
10
5.5691053937007871
20
-3.8569920078740156
11
5.5647153543307084
21
-3.8592288582677163
0
LINE
8
BLACK
6
CONTINUOUS
10
5.5647153543307084
20
-3.8592288582677163
11
5.5598489370078736
21
-3.8599996062992123
0
LINE
8
BLACK
6
CONTINUOUS
10
5.5598489370078736
20
-3.8599996062992123
11
5.5549825196850389
21
-3.8592288582677163
0
LINE
8
BLACK
6
CONTINUOUS
10
5.5549825196850389
20
-3.8592288582677163
11
5.5505924803149602
21
-3.8569920078740156
0
LINE
8
BLACK
6
CONTINUOUS
10
5.5505924803149602
20
-3.8569920078740156
11
5.5471085039370074
21
-3.8535080314960628
0
LINE
8
BLACK
6
CONTINUOUS
10
5.5471085039370074
20
-3.8535080314960628
11
5.5457579133858266
21
-3.8508574015748032
0
LINE
8
BLACK
6
CONTINUOUS
10
5.5457579133858266
20
-3.8508574015748032
11
5.5347086614173229
21
-3.850885866141732
0
LINE
8
BLACK
6
CONTINUOUS
10
5.5347086614173229
20
-3.850885866141732
11
5.5347086614173229
21
-3.8552834645669289
0
LINE
8
BLACK
6
CONTINUOUS
10
5.5347086614173229
20
-3.8552834645669289
11
5.5343040944881885
21
-3.8573174015748029
0
LINE
8
BLACK
6
CONTINUOUS
10
5.5343040944881885
20
-3.8573174015748029
11
5.533151929133858
21
-3.8590416929133857
0
LINE
8
BLACK
6
CONTINUOUS
10
5.533151929133858
20
-3.8590416929133857
11
5.5314276377952751
21
-3.8601938582677167
0
LINE
8
BLACK
6
CONTINUOUS
10
5.5314276377952751
20
-3.8601938582677167
11
5.5293937007874012
21
-3.8605984251968501
0
LINE
8
BLACK
6
CONTINUOUS
10
5.5293937007874012
20
-3.8605984251968501
11
5.5187637795275588
21
-3.8605984251968501
0
LINE
8
BLACK
6
CONTINUOUS
10
5.5187637795275588
20
-3.8605984251968501
11
5.5167298425196849
21
-3.8601938582677167
0
LINE
8
BLACK
6
CONTINUOUS
10
5.5167298425196849
20
-3.8601938582677167
11
5.515005551181102
21
-3.8590416929133857
0
LINE
8
BLACK
6
CONTINUOUS
10
5.515005551181102
20
-3.8590416929133857
11
5.5138533858267715
21
-3.8573174015748029
0
LINE
8
BLACK
6
CONTINUOUS
10
5.5138533858267715
20
-3.8573174015748029
11
5.513448818897638
21
-3.8552834645669289
0
LINE
8
BLACK
6
CONTINUOUS
10
5.513448818897638
20
-3.8552834645669289
11
5.513448818897638
21
-3.8407165354330708
0
LINE
8
BLACK
6
CONTINUOUS
10
5.513448818897638
20
-3.8407165354330708
11
5.5138533858267715
21
-3.8386825984251969
0
LINE
8
BLACK
6
CONTINUOUS
10
5.5138533858267715
20
-3.8386825984251969
11
5.515005551181102
21
-3.836958307086614
0
LINE
8
BLACK
6
CONTINUOUS
10
5.515005551181102
20
-3.836958307086614
11
5.5167298425196849
21
-3.8358061417322835
0
LINE
8
BLACK
6
CONTINUOUS
10
5.5167298425196849
20
-3.8358061417322835
11
5.5187637795275588
21
-3.8354015748031496
0
LINE
8
BLACK
6
CONTINUOUS
10
5.5187637795275588
20
-3.8354015748031496
11
5.5293937007874012
21
-3.8354015748031496
0
LINE
8
BLACK
6
CONTINUOUS
10
5.5293937007874012
20
-3.8354015748031496
11
5.5314276377952751
21
-3.8358061417322835
0
LINE
8
BLACK
6
CONTINUOUS
10
5.5314276377952751
20
-3.8358061417322835
11
5.533151929133858
21
-3.836958307086614
0
LINE
8
BLACK
6
CONTINUOUS
10
5.533151929133858
20
-3.836958307086614
11
5.5343040944881885
21
-3.8386825984251969
0
LINE
8
BLACK
6
CONTINUOUS
10
5.5343040944881885
20
-3.8386825984251969
11
5.5344042125984254
21
-3.8391861023622047
0
LINE
8
BLACK
6
CONTINUOUS
10
5.5344042125984254
20
-3.8391861023622047
11
5.5449869291338585
21
-3.8391588582677163
0
LINE
8
BLACK
6
CONTINUOUS
10
5.5449869291338585
20
-3.8391588582677163
11
5.5471085039370074
21
-3.834995118110236
0
LINE
8
BLACK
6
CONTINUOUS
10
5.5471085039370074
20
-3.834995118110236
11
5.5505924803149602
21
-3.8315111417322836
0
LINE
8
BLACK
6
CONTINUOUS
10
5.5505924803149602
20
-3.8315111417322836
11
5.5549825196850389
21
-3.8292742913385824
0
LINE
8
BLACK
6
CONTINUOUS
10
5.5549825196850389
20
-3.8292742913385824
11
5.5598489370078736
21
-3.8285035433070864
0
LINE
8
BLACK
6
CONTINUOUS
10
5.5598489370078736
20
-3.8285035433070864
11
5.5647153543307084
21
-3.8292742913385824
0
LINE
8
BLACK
6
CONTINUOUS
10
5.2605564566929131
20
-3.8375907874015747
11
5.2611950787401573
21
-3.8380175196850392
0
LINE
8
BLACK
6
CONTINUOUS
10
5.2611950787401573
20
-3.8380175196850392
11
5.2616218110236224
21
-3.8386561417322835
0
LINE
8
BLACK
6
CONTINUOUS
10
5.2616218110236224
20
-3.8386561417322835
11
5.261771653543307
21
-3.8394094488188975
0
LINE
8
BLACK
6
CONTINUOUS
10
5.261771653543307
20
-3.8394094488188975
11
5.261771653543307
21
-3.8433464566929132
0
LINE
8
BLACK
6
CONTINUOUS
10
5.261771653543307
20
-3.8433464566929132
11
5.2616218110236224
21
-3.8440997637795276
0
LINE
8
BLACK
6
CONTINUOUS
10
5.2616218110236224
20
-3.8440997637795276
11
5.2611950787401573
21
-3.8447383858267714
0
LINE
8
BLACK
6
CONTINUOUS
10
5.2611950787401573
20
-3.8447383858267714
11
5.2605564566929131
21
-3.845165118110236
0
LINE
8
BLACK
6
CONTINUOUS
10
5.2605564566929131
20
-3.845165118110236
11
5.2598031496062987
21
-3.8453149606299211
0
LINE
8
BLACK
6
CONTINUOUS
10
5.2598031496062987
20
-3.8453149606299211
11
5.2420866141732283
21
-3.8453149606299211
0
LINE
8
BLACK
6
CONTINUOUS
10
5.2420866141732283
20
-3.8453149606299211
11
5.2413333070866139
21
-3.845165118110236
0
LINE
8
BLACK
6
CONTINUOUS
10
5.2413333070866139
20
-3.845165118110236
11
5.2406946850393696
21
-3.8447383858267714
0
LINE
8
BLACK
6
CONTINUOUS
10
5.2406946850393696
20
-3.8447383858267714
11
5.2402679527559055
21
-3.8440997637795276
0
LINE
8
BLACK
6
CONTINUOUS
10
5.2402679527559055
20
-3.8440997637795276
11
5.24011811023622
21
-3.8433464566929132
0
LINE
8
BLACK
6
CONTINUOUS
10
5.24011811023622
20
-3.8433464566929132
11
5.24011811023622
21
-3.8394094488188975
0
LINE
8
BLACK
6
CONTINUOUS
10
5.24011811023622
20
-3.8394094488188975
11
5.2402679527559055
21
-3.8386561417322835
0
LINE
8
BLACK
6
CONTINUOUS
10
5.2402679527559055
20
-3.8386561417322835
11
5.2406946850393696
21
-3.8380175196850392
0
LINE
8
BLACK
6
CONTINUOUS
10
5.2406946850393696
20
-3.8380175196850392
11
5.2413333070866139
21
-3.8375907874015747
0
LINE
8
BLACK
6
CONTINUOUS
10
5.2413333070866139
20
-3.8375907874015747
11
5.2420866141732283
21
-3.8374409448818896
0
LINE
8
BLACK
6
CONTINUOUS
10
5.2420866141732283
20
-3.8374409448818896
11
5.2598031496062987
21
-3.8374409448818896
0
LINE
8
BLACK
6
CONTINUOUS
10
5.2598031496062987
20
-3.8374409448818896
11
5.2605564566929131
21
-3.8375907874015747
0
LINE
8
BLACK
6
CONTINUOUS
10
5.3786666929133853
20
-3.8375907874015747
11
5.3793053149606296
21
-3.8380175196850392
0
LINE
8
BLACK
6
CONTINUOUS
10
5.3793053149606296
20
-3.8380175196850392
11
5.3797320472440946
21
-3.8386561417322835
0
LINE
8
BLACK
6
CONTINUOUS
10
5.3797320472440946
20
-3.8386561417322835
11
5.3798818897637792
21
-3.8394094488188975
0
LINE
8
BLACK
6
CONTINUOUS
10
5.3798818897637792
20
-3.8394094488188975
11
5.3798818897637792
21
-3.8433464566929132
0
LINE
8
BLACK
6
CONTINUOUS
10
5.3798818897637792
20
-3.8433464566929132
11
5.3797320472440946
21
-3.8440997637795276
0
LINE
8
BLACK
6
CONTINUOUS
10
5.3797320472440946
20
-3.8440997637795276
11
5.3793053149606296
21
-3.8447383858267714
0
LINE
8
BLACK
6
CONTINUOUS
10
5.3793053149606296
20
-3.8447383858267714
11
5.3786666929133853
21
-3.845165118110236
0
LINE
8
BLACK
6
CONTINUOUS
10
5.3786666929133853
20
-3.845165118110236
11
5.3779133858267718
21
-3.8453149606299211
0
LINE
8
BLACK
6
CONTINUOUS
10
5.3779133858267718
20
-3.8453149606299211
11
5.3601968503937005
21
-3.8453149606299211
0
LINE
8
BLACK
6
CONTINUOUS
10
5.3601968503937005
20
-3.8453149606299211
11
5.3594435433070862
21
-3.845165118110236
0
LINE
8
BLACK
6
CONTINUOUS
10
5.3594435433070862
20
-3.845165118110236
11
5.3588049212598428
21
-3.8447383858267714
0
LINE
8
BLACK
6
CONTINUOUS
10
5.3588049212598428
20
-3.8447383858267714
11
5.3583781889763777
21
-3.8440997637795276
0
LINE
8
BLACK
6
CONTINUOUS
10
5.3583781889763777
20
-3.8440997637795276
11
5.3582283464566931
21
-3.8433464566929132
0
LINE
8
BLACK
6
CONTINUOUS
10
5.3582283464566931
20
-3.8433464566929132
11
5.3582283464566931
21
-3.8394094488188975
0
LINE
8
BLACK
6
CONTINUOUS
10
5.3582283464566931
20
-3.8394094488188975
11
5.3583781889763777
21
-3.8386561417322835
0
LINE
8
BLACK
6
CONTINUOUS
10
5.3583781889763777
20
-3.8386561417322835
11
5.3588049212598428
21
-3.8380175196850392
0
LINE
8
BLACK
6
CONTINUOUS
10
5.3588049212598428
20
-3.8380175196850392
11
5.3594435433070862
21
-3.8375907874015747
0
LINE
8
BLACK
6
CONTINUOUS
10
5.3594435433070862
20
-3.8375907874015747
11
5.3601968503937005
21
-3.8374409448818896
0
LINE
8
BLACK
6
CONTINUOUS
10
5.3601968503937005
20
-3.8374409448818896
11
5.3779133858267718
21
-3.8374409448818896
0
LINE
8
BLACK
6
CONTINUOUS
10
5.3779133858267718
20
-3.8374409448818896
11
5.3786666929133853
21
-3.8375907874015747
0
LINE
8
BLACK
6
CONTINUOUS
10
5.2605564566929131
20
-3.8218427559055117
11
5.2611950787401573
21
-3.8222694881889763
0
LINE
8
BLACK
6
CONTINUOUS
10
5.2611950787401573
20
-3.8222694881889763
11
5.2616218110236224
21
-3.8229081102362206
0
LINE
8
BLACK
6
CONTINUOUS
10
5.2616218110236224
20
-3.8229081102362206
11
5.261771653543307
21
-3.8236614173228345
0
LINE
8
BLACK
6
CONTINUOUS
10
5.261771653543307
20
-3.8236614173228345
11
5.261771653543307
21
-3.8275984251968502
0
LINE
8
BLACK
6
CONTINUOUS
10
5.261771653543307
20
-3.8275984251968502
11
5.2616218110236224
21
-3.8283517322834646
0
LINE
8
BLACK
6
CONTINUOUS
10
5.2616218110236224
20
-3.8283517322834646
11
5.2611950787401573
21
-3.8289903543307084
0
LINE
8
BLACK
6
CONTINUOUS
10
5.2611950787401573
20
-3.8289903543307084
11
5.2605564566929131
21
-3.829417086614173
0
LINE
8
BLACK
6
CONTINUOUS
10
5.2605564566929131
20
-3.829417086614173
11
5.2598031496062987
21
-3.8295669291338581
0
LINE
8
BLACK
6
CONTINUOUS
10
5.2598031496062987
20
-3.8295669291338581
11
5.2420866141732283
21
-3.8295669291338581
0
LINE
8
BLACK
6
CONTINUOUS
10
5.2420866141732283
20
-3.8295669291338581
11
5.2413333070866139
21
-3.829417086614173
0
LINE
8
BLACK
6
CONTINUOUS
10
5.2413333070866139
20
-3.829417086614173
11
5.2406946850393696
21
-3.8289903543307084
0
LINE
8
BLACK
6
CONTINUOUS
10
5.2406946850393696
20
-3.8289903543307084
11
5.2402679527559055
21
-3.8283517322834646
0
LINE
8
BLACK
6
CONTINUOUS
10
5.2402679527559055
20
-3.8283517322834646
11
5.24011811023622
21
-3.8275984251968502
0
LINE
8
BLACK
6
CONTINUOUS
10
5.24011811023622
20
-3.8275984251968502
11
5.24011811023622
21
-3.8236614173228345
0
LINE
8
BLACK
6
CONTINUOUS
10
5.24011811023622
20
-3.8236614173228345
11
5.2402679527559055
21
-3.8229081102362206
0
LINE
8
BLACK
6
CONTINUOUS
10
5.2402679527559055
20
-3.8229081102362206
11
5.2406946850393696
21
-3.8222694881889763
0
LINE
8
BLACK
6
CONTINUOUS
10
5.2406946850393696
20
-3.8222694881889763
11
5.2413333070866139
21
-3.8218427559055117
0
LINE
8
BLACK
6
CONTINUOUS
10
5.2413333070866139
20
-3.8218427559055117
11
5.2420866141732283
21
-3.8216929133858266
0
LINE
8
BLACK
6
CONTINUOUS
10
5.2420866141732283
20
-3.8216929133858266
11
5.2598031496062987
21
-3.8216929133858266
0
LINE
8
BLACK
6
CONTINUOUS
10
5.2598031496062987
20
-3.8216929133858266
11
5.2605564566929131
21
-3.8218427559055117
0
LINE
8
BLACK
6
CONTINUOUS
10
5.2018664173228348
20
-3.7910227165354331
11
5.2062564566929135
21
-3.7932595669291338
0
LINE
8
BLACK
6
CONTINUOUS
10
5.2062564566929135
20
-3.7932595669291338
11
5.2097404330708663
21
-3.7967435433070866
0
LINE
8
BLACK
6
CONTINUOUS
10
5.2097404330708663
20
-3.7967435433070866
11
5.2119772834645666
21
-3.8011335826771653
0
LINE
8
BLACK
6
CONTINUOUS
10
5.2119772834645666
20
-3.8011335826771653
11
5.2121251574803145
21
-3.8020673622047245
0
LINE
8
BLACK
6
CONTINUOUS
10
5.2121251574803145
20
-3.8020673622047245
11
5.2666929133858265
21
-3.8020118503937006
0
LINE
8
BLACK
6
CONTINUOUS
10
5.2666929133858265
20
-3.8020118503937006
11
5.2666929133858265
21
-3.7970866141732285
0
LINE
8
BLACK
6
CONTINUOUS
10
5.2666929133858265
20
-3.7970866141732285
11
5.266842755905512
21
-3.7963333070866141
0
LINE
8
BLACK
6
CONTINUOUS
10
5.266842755905512
20
-3.7963333070866141
11
5.2672694881889761
21
-3.7956946850393698
0
LINE
8
BLACK
6
CONTINUOUS
10
5.2672694881889761
20
-3.7956946850393698
11
5.2679081102362204
21
-3.7952679527559052
0
LINE
8
BLACK
6
CONTINUOUS
10
5.2679081102362204
20
-3.7952679527559052
11
5.2686614173228348
21
-3.7951181102362206
0
LINE
8
BLACK
6
CONTINUOUS
10
5.2686614173228348
20
-3.7951181102362206
11
5.2725984251968505
21
-3.7951181102362206
0
LINE
8
BLACK
6
CONTINUOUS
10
5.2725984251968505
20
-3.7951181102362206
11
5.2733517322834649
21
-3.7952679527559052
0
LINE
8
BLACK
6
CONTINUOUS
10
5.2733517322834649
20
-3.7952679527559052
11
5.2739903543307083
21
-3.7956946850393698
0
LINE
8
BLACK
6
CONTINUOUS
10
5.2739903543307083
20
-3.7956946850393698
11
5.2744170866141733
21
-3.7963333070866141
0
LINE
8
BLACK
6
CONTINUOUS
10
5.2744170866141733
20
-3.7963333070866141
11
5.2745669291338579
21
-3.7970866141732285
0
LINE
8
BLACK
6
CONTINUOUS
10
5.2745669291338579
20
-3.7970866141732285
11
5.2745669291338579
21
-3.8148031496062993
0
LINE
8
BLACK
6
CONTINUOUS
10
5.2745669291338579
20
-3.8148031496062993
11
5.2744170866141733
21
-3.8155564566929132
0
LINE
8
BLACK
6
CONTINUOUS
10
5.2744170866141733
20
-3.8155564566929132
11
5.2739903543307083
21
-3.8161950787401575
0
LINE
8
BLACK
6
CONTINUOUS
10
5.2739903543307083
20
-3.8161950787401575
11
5.2733517322834649
21
-3.8166218110236221
0
LINE
8
BLACK
6
CONTINUOUS
10
5.2733517322834649
20
-3.8166218110236221
11
5.2725984251968505
21
-3.8167716535433072
0
LINE
8
BLACK
6
CONTINUOUS
10
5.2725984251968505
20
-3.8167716535433072
11
5.2686614173228348
21
-3.8167716535433072
0
LINE
8
BLACK
6
CONTINUOUS
10
5.2686614173228348
20
-3.8167716535433072
11
5.2679081102362204
21
-3.8166218110236221
0
LINE
8
BLACK
6
CONTINUOUS
10
5.2679081102362204
20
-3.8166218110236221
11
5.2672694881889761
21
-3.8161950787401575
0
LINE
8
BLACK
6
CONTINUOUS
10
5.2672694881889761
20
-3.8161950787401575
11
5.266842755905512
21
-3.8155564566929132
0
LINE
8
BLACK
6
CONTINUOUS
10
5.266842755905512
20
-3.8155564566929132
11
5.2666929133858265
21
-3.8148031496062993
0
LINE
8
BLACK
6
CONTINUOUS
10
5.2666929133858265
20
-3.8148031496062993
11
5.2666929133858265
21
-3.8098110236220473
0
LINE
8
BLACK
6
CONTINUOUS
10
5.2666929133858265
20
-3.8098110236220473
11
5.21213562992126
21
-3.8098665354330707
0
LINE
8
BLACK
6
CONTINUOUS
10
5.21213562992126
20
-3.8098665354330707
11
5.2119772834645666
21
-3.8108664173228344
0
LINE
8
BLACK
6
CONTINUOUS
10
5.2119772834645666
20
-3.8108664173228344
11
5.2097404330708663
21
-3.8152564566929135
0
LINE
8
BLACK
6
CONTINUOUS
10
5.2097404330708663
20
-3.8152564566929135
11
5.2062564566929135
21
-3.8187404330708659
0
LINE
8
BLACK
6
CONTINUOUS
10
5.2062564566929135
20
-3.8187404330708659
11
5.2018664173228348
21
-3.820977283464567
0
LINE
8
BLACK
6
CONTINUOUS
10
5.2018664173228348
20
-3.820977283464567
11
5.1970000000000001
21
-3.821748031496063
0
LINE
8
BLACK
6
CONTINUOUS
10
5.1970000000000001
20
-3.821748031496063
11
5.1921335826771653
21
-3.820977283464567
0
LINE
8
BLACK
6
CONTINUOUS
10
5.1921335826771653
20
-3.820977283464567
11
5.1877435433070866
21
-3.8187404330708659
0
LINE
8
BLACK
6
CONTINUOUS
10
5.1877435433070866
20
-3.8187404330708659
11
5.1842595669291338
21
-3.8152564566929135
0
LINE
8
BLACK
6
CONTINUOUS
10
5.1842595669291338
20
-3.8152564566929135
11
5.1820227165354327
21
-3.8108664173228344
0
LINE
8
BLACK
6
CONTINUOUS
10
5.1820227165354327
20
-3.8108664173228344
11
5.1812519685039371
21
-3.806
0
LINE
8
BLACK
6
CONTINUOUS
10
5.1812519685039371
20
-3.806
11
5.1820227165354327
21
-3.8011335826771653
0
LINE
8
BLACK
6
CONTINUOUS
10
5.1820227165354327
20
-3.8011335826771653
11
5.1842595669291338
21
-3.7967435433070866
0
LINE
8
BLACK
6
CONTINUOUS
10
5.1842595669291338
20
-3.7967435433070866
11
5.1877435433070866
21
-3.7932595669291338
0
LINE
8
BLACK
6
CONTINUOUS
10
5.1877435433070866
20
-3.7932595669291338
11
5.1921335826771653
21
-3.7910227165354331
0
LINE
8
BLACK
6
CONTINUOUS
10
5.1921335826771653
20
-3.7910227165354331
11
5.1970000000000001
21
-3.7902519685039371
0
LINE
8
BLACK
6
CONTINUOUS
10
5.1970000000000001
20
-3.7902519685039371
11
5.2018664173228348
21
-3.7910227165354331
0
LINE
8
BLACK
6
CONTINUOUS
10
5.5126536614173229
20
-3.6862369291338584
11
5.5145695275590549
21
-3.6875170866141733
0
LINE
8
BLACK
6
CONTINUOUS
10
5.5145695275590549
20
-3.6875170866141733
11
5.5158496850393703
21
-3.6894329527559053
0
LINE
8
BLACK
6
CONTINUOUS
10
5.5158496850393703
20
-3.6894329527559053
11
5.5162992125984252
21
-3.6916929133858267
0
LINE
8
BLACK
6
CONTINUOUS
10
5.5162992125984252
20
-3.6916929133858267
11
5.5162992125984252
21
-3.7035039370078739
0
LINE
8
BLACK
6
CONTINUOUS
10
5.5162992125984252
20
-3.7035039370078739
11
5.5158496850393703
21
-3.7057638976377953
0
LINE
8
BLACK
6
CONTINUOUS
10
5.5158496850393703
20
-3.7057638976377953
11
5.5145695275590549
21
-3.7076797637795273
0
LINE
8
BLACK
6
CONTINUOUS
10
5.5145695275590549
20
-3.7076797637795273
11
5.5126536614173229
21
-3.7089599212598423
0
LINE
8
BLACK
6
CONTINUOUS
10
5.5126536614173229
20
-3.7089599212598423
11
5.5103937007874011
21
-3.7094094488188976
0
LINE
8
BLACK
6
CONTINUOUS
10
5.5103937007874011
20
-3.7094094488188976
11
5.47003937007874
21
-3.7094094488188976
0
LINE
8
BLACK
6
CONTINUOUS
10
5.47003937007874
20
-3.7094094488188976
11
5.467779409448819
21
-3.7089599212598423
0
LINE
8
BLACK
6
CONTINUOUS
10
5.467779409448819
20
-3.7089599212598423
11
5.4658635433070861
21
-3.7076797637795273
0
LINE
8
BLACK
6
CONTINUOUS
10
5.4658635433070861
20
-3.7076797637795273
11
5.4645833858267716
21
-3.7057638976377953
0
LINE
8
BLACK
6
CONTINUOUS
10
5.4645833858267716
20
-3.7057638976377953
11
5.4641338582677168
21
-3.7035039370078739
0
LINE
8
BLACK
6
CONTINUOUS
10
5.4641338582677168
20
-3.7035039370078739
11
5.4641338582677168
21
-3.7034488976377951
0
LINE
8
BLACK
6
CONTINUOUS
10
5.4641338582677168
20
-3.7034488976377951
11
5.4422047244094491
21
-3.7034959842519686
0
LINE
8
BLACK
6
CONTINUOUS
10
5.4422047244094491
20
-3.7034959842519686
11
5.4422047244094491
21
-3.7116141732283463
0
LINE
8
BLACK
6
CONTINUOUS
10
5.4422047244094491
20
-3.7116141732283463
11
5.4417851574803144
21
-3.7137234645669293
0
LINE
8
BLACK
6
CONTINUOUS
10
5.4417851574803144
20
-3.7137234645669293
11
5.4405903543307081
21
-3.7155116141732281
0
LINE
8
BLACK
6
CONTINUOUS
10
5.4405903543307081
20
-3.7155116141732281
11
5.4388022047244089
21
-3.7167064173228344
0
LINE
8
BLACK
6
CONTINUOUS
10
5.4388022047244089
20
-3.7167064173228344
11
5.4366929133858264
21
-3.7171259842519686
0
LINE
8
BLACK
6
CONTINUOUS
10
5.4366929133858264
20
-3.7171259842519686
11
5.423307086614173
21
-3.7171259842519686
0
LINE
8
BLACK
6
CONTINUOUS
10
5.423307086614173
20
-3.7171259842519686
11
5.4211977952755905
21
-3.7167064173228344
0
LINE
8
BLACK
6
CONTINUOUS
10
5.4211977952755905
20
-3.7167064173228344
11
5.4194096456692913
21
-3.7155116141732281
0
LINE
8
BLACK
6
CONTINUOUS
10
5.4194096456692913
20
-3.7155116141732281
11
5.418214842519685
21
-3.7137234645669293
0
LINE
8
BLACK
6
CONTINUOUS
10
5.418214842519685
20
-3.7137234645669293
11
5.4177952755905512
21
-3.7116141732283463
0
LINE
8
BLACK
6
CONTINUOUS
10
5.4177952755905512
20
-3.7116141732283463
11
5.4177952755905512
21
-3.7108228740157481
0
LINE
8
BLACK
6
CONTINUOUS
10
5.4177952755905512
20
-3.7108228740157481
11
5.3994663779527556
21
-3.7108690551181103
0
LINE
8
BLACK
6
CONTINUOUS
10
5.3994663779527556
20
-3.7108690551181103
11
5.397740433070866
21
-3.7142564566929135
0
LINE
8
BLACK
6
CONTINUOUS
10
5.397740433070866
20
-3.7142564566929135
11
5.3942564566929132
21
-3.7177404330708659
0
LINE
8
BLACK
6
CONTINUOUS
10
5.3942564566929132
20
-3.7177404330708659
11
5.3898664173228346
21
-3.719977283464567
0
LINE
8
BLACK
6
CONTINUOUS
10
5.3898664173228346
20
-3.719977283464567
11
5.3849999999999998
21
-3.720748031496063
0
LINE
8
BLACK
6
CONTINUOUS
10
5.3849999999999998
20
-3.720748031496063
11
5.380133582677165
21
-3.719977283464567
0
LINE
8
BLACK
6
CONTINUOUS
10
5.380133582677165
20
-3.719977283464567
11
5.3757435433070864
21
-3.7177404330708659
0
LINE
8
BLACK
6
CONTINUOUS
10
5.3757435433070864
20
-3.7177404330708659
11
5.3722595669291335
21
-3.7142564566929135
0
LINE
8
BLACK
6
CONTINUOUS
10
5.3722595669291335
20
-3.7142564566929135
11
5.3705127165354334
21
-3.7108281496062991
0
LINE
8
BLACK
6
CONTINUOUS
10
5.3705127165354334
20
-3.7108281496062991
11
5.3393156299212601
21
-3.7109001574803151
0
LINE
8
BLACK
6
CONTINUOUS
10
5.3393156299212601
20
-3.7109001574803151
11
5.3249768897637795
21
-3.7253747637795276
0
LINE
8
BLACK
6
CONTINUOUS
10
5.3249768897637795
20
-3.7253747637795276
11
5.3240819685039371
21
-3.7261092125984252
0
LINE
8
BLACK
6
CONTINUOUS
10
5.3240819685039371
20
-3.7261092125984252
11
5.3228349606299208
21
-3.7266257086614174
0
LINE
8
BLACK
6
CONTINUOUS
10
5.3228349606299208
20
-3.7266257086614174
11
5.3219531889763783
21
-3.7269909842519686
0
LINE
8
BLACK
6
CONTINUOUS
10
5.3219531889763783
20
-3.7269909842519686
11
5.2941177952755902
21
-3.7270957086614174
0
LINE
8
BLACK
6
CONTINUOUS
10
5.2941177952755902
20
-3.7270957086614174
11
5.2797140944881891
21
-3.7416233858267716
0
LINE
8
BLACK
6
CONTINUOUS
10
5.2797140944881891
20
-3.7416233858267716
11
5.2797223228346457
21
-3.7428574803149606
0
LINE
8
BLACK
6
CONTINUOUS
10
5.2797223228346457
20
-3.7428574803149606
11
5.2815187401574804
21
-3.7432148425196852
0
LINE
8
BLACK
6
CONTINUOUS
10
5.2815187401574804
20
-3.7432148425196852
11
5.2833068897637796
21
-3.7444096456692915
0
LINE
8
BLACK
6
CONTINUOUS
10
5.2833068897637796
20
-3.7444096456692915
11
5.2845016929133859
21
-3.7461977952755903
0
LINE
8
BLACK
6
CONTINUOUS
10
5.2845016929133859
20
-3.7461977952755903
11
5.2849212598425197
21
-3.7483070866141732
0
LINE
8
BLACK
6
CONTINUOUS
10
5.2849212598425197
20
-3.7483070866141732
11
5.2849212598425197
21
-3.7616929133858266
0
LINE
8
BLACK
6
CONTINUOUS
10
5.2849212598425197
20
-3.7616929133858266
11
5.2848057480314958
21
-3.7622736220472439
0
LINE
8
BLACK
6
CONTINUOUS
10
5.2848057480314958
20
-3.7622736220472439
11
5.2891618503937003
21
-3.7665940944881888
0
LINE
8
BLACK
6
CONTINUOUS
10
5.2891618503937003
20
-3.7665940944881888
11
5.2896514566929129
21
-3.7671906692913386
0
LINE
8
BLACK
6
CONTINUOUS
10
5.2896514566929129
20
-3.7671906692913386
11
5.290239330708661
21
-3.7686098818897635
0
LINE
8
BLACK
6
CONTINUOUS
10
5.290239330708661
20
-3.7686098818897635
11
5.2902968110236221
21
-3.7969954724409449
0
LINE
8
BLACK
6
CONTINUOUS
10
5.2902968110236221
20
-3.7969954724409449
11
5.2903149606299209
21
-3.7970866141732285
0
LINE
8
BLACK
6
CONTINUOUS
10
5.2903149606299209
20
-3.7970866141732285
11
5.2903149606299209
21
-3.8148031496062993
0
LINE
8
BLACK
6
CONTINUOUS
10
5.2903149606299209
20
-3.8148031496062993
11
5.2901651181102363
21
-3.8155564566929132
0
LINE
8
BLACK
6
CONTINUOUS
10
5.2901651181102363
20
-3.8155564566929132
11
5.2897383858267712
21
-3.8161950787401575
0
LINE
8
BLACK
6
CONTINUOUS
10
5.2897383858267712
20
-3.8161950787401575
11
5.2890997637795278
21
-3.8166218110236221
0
LINE
8
BLACK
6
CONTINUOUS
10
5.2890997637795278
20
-3.8166218110236221
11
5.2883464566929135
21
-3.8167716535433072
0
LINE
8
BLACK
6
CONTINUOUS
10
5.2883464566929135
20
-3.8167716535433072
11
5.2844094488188977
21
-3.8167716535433072
0
LINE
8
BLACK
6
CONTINUOUS
10
5.2844094488188977
20
-3.8167716535433072
11
5.2836561417322834
21
-3.8166218110236221
0
LINE
8
BLACK
6
CONTINUOUS
10
5.2836561417322834
20
-3.8166218110236221
11
5.2830175196850391
21
-3.8161950787401575
0
LINE
8
BLACK
6
CONTINUOUS
10
5.2830175196850391
20
-3.8161950787401575
11
5.2825907874015749
21
-3.8155564566929132
0
LINE
8
BLACK
6
CONTINUOUS
10
5.2825907874015749
20
-3.8155564566929132
11
5.2824409448818894
21
-3.8148031496062993
0
LINE
8
BLACK
6
CONTINUOUS
10
5.2824409448818894
20
-3.8148031496062993
11
5.2824409448818894
21
-3.7970866141732285
0
LINE
8
BLACK
6
CONTINUOUS
10
5.2824409448818894
20
-3.7970866141732285
11
5.2824964960629917
21
-3.796807244094488
0
LINE
8
BLACK
6
CONTINUOUS
10
5.2824964960629917
20
-3.796807244094488
11
5.28244405511811
21
-3.7709191338582677
0
LINE
8
BLACK
6
CONTINUOUS
10
5.28244405511811
20
-3.7709191338582677
11
5.2786990157480318
21
-3.7672047244094489
0
LINE
8
BLACK
6
CONTINUOUS
10
5.2786990157480318
20
-3.7672047244094489
11
5.2683858267716532
21
-3.7672047244094489
0
LINE
8
BLACK
6
CONTINUOUS
10
5.2683858267716532
20
-3.7672047244094489
11
5.2662765354330707
21
-3.7667851574803151
0
LINE
8
BLACK
6
CONTINUOUS
10
5.2662765354330707
20
-3.7667851574803151
11
5.2644883858267715
21
-3.7655903543307088
0
LINE
8
BLACK
6
CONTINUOUS
10
5.2644883858267715
20
-3.7655903543307088
11
5.2632935826771652
21
-3.7638022047244095
0
LINE
8
BLACK
6
CONTINUOUS
10
5.2632935826771652
20
-3.7638022047244095
11
5.2628740157480314
21
-3.7616929133858266
0
LINE
8
BLACK
6
CONTINUOUS
10
5.2628740157480314
20
-3.7616929133858266
11
5.2628740157480314
21
-3.7483070866141732
0
LINE
8
BLACK
6
CONTINUOUS
10
5.2628740157480314
20
-3.7483070866141732
11
5.2632935826771652
21
-3.7461977952755903
0
LINE
8
BLACK
6
CONTINUOUS
10
5.2632935826771652
20
-3.7461977952755903
11
5.2644883858267715
21
-3.7444096456692915
0
LINE
8
BLACK
6
CONTINUOUS
10
5.2644883858267715
20
-3.7444096456692915
11
5.2662765354330707
21
-3.7432148425196852
0
LINE
8
BLACK
6
CONTINUOUS
10
5.2662765354330707
20
-3.7432148425196852
11
5.2680171653543306
21
-3.7428685826771653
0
LINE
8
BLACK
6
CONTINUOUS
10
5.2680171653543306
20
-3.7428685826771653
11
5.2679921259842519
21
-3.7391023622047244
0
LINE
8
BLACK
6
CONTINUOUS
10
5.2679921259842519
20
-3.7391023622047244
11
5.2681055905511807
21
-3.7379502362204722
0
LINE
8
BLACK
6
CONTINUOUS
10
5.2681055905511807
20
-3.7379502362204722
11
5.2686671653543309
21
-3.7365944881889761
0
LINE
8
BLACK
6
CONTINUOUS
10
5.2686671653543309
20
-3.7365944881889761
11
5.2689873622047241
21
-3.7358214566929133
0
LINE
8
BLACK
6
CONTINUOUS
10
5.2689873622047241
20
-3.7358214566929133
11
5.2876252362204728
21
-3.7170231102362203
0
LINE
8
BLACK
6
CONTINUOUS
10
5.2876252362204728
20
-3.7170231102362203
11
5.2885201181102364
21
-3.7162886614173227
0
LINE
8
BLACK
6
CONTINUOUS
10
5.2885201181102364
20
-3.7162886614173227
11
5.2900254330708663
21
-3.715665157480315
0
LINE
8
BLACK
6
CONTINUOUS
10
5.2900254330708663
20
-3.715665157480315
11
5.290648937007874
21
-3.7154068897637793
0
LINE
8
BLACK
6
CONTINUOUS
10
5.290648937007874
20
-3.7154068897637793
11
5.3184820866141731
21
-3.7153021259842518
0
LINE
8
BLACK
6
CONTINUOUS
10
5.3184820866141731
20
-3.7153021259842518
11
5.3328241732283459
21
-3.7008241732283462
0
LINE
8
BLACK
6
CONTINUOUS
10
5.3328241732283459
20
-3.7008241732283462
11
5.3337190551181104
21
-3.7000897244094486
0
LINE
8
BLACK
6
CONTINUOUS
10
5.3337190551181104
20
-3.7000897244094486
11
5.3352243700787403
21
-3.6994662204724409
0
LINE
8
BLACK
6
CONTINUOUS
10
5.3352243700787403
20
-3.6994662204724409
11
5.335847874015748
21
-3.6992079527559056
0
LINE
8
BLACK
6
CONTINUOUS
10
5.335847874015748
20
-3.6992079527559056
11
5.3705351181102365
21
-3.6991278740157481
0
LINE
8
BLACK
6
CONTINUOUS
10
5.3705351181102365
20
-3.6991278740157481
11
5.3722595669291335
21
-3.6957435433070867
0
LINE
8
BLACK
6
CONTINUOUS
10
5.3722595669291335
20
-3.6957435433070867
11
5.3757435433070864
21
-3.6922595669291338
0
LINE
8
BLACK
6
CONTINUOUS
10
5.3757435433070864
20
-3.6922595669291338
11
5.380133582677165
21
-3.6900227165354331
0
LINE
8
BLACK
6
CONTINUOUS
10
5.380133582677165
20
-3.6900227165354331
11
5.3849999999999998
21
-3.6892519685039371
0
LINE
8
BLACK
6
CONTINUOUS
10
5.3849999999999998
20
-3.6892519685039371
11
5.3898664173228346
21
-3.6900227165354331
0
LINE
8
BLACK
6
CONTINUOUS
10
5.3898664173228346
20
-3.6900227165354331
11
5.3942564566929132
21
-3.6922595669291338
0
LINE
8
BLACK
6
CONTINUOUS
10
5.3942564566929132
20
-3.6922595669291338
11
5.397740433070866
21
-3.6957435433070867
0
LINE
8
BLACK
6
CONTINUOUS
10
5.397740433070866
20
-3.6957435433070867
11
5.399485551181102
21
-3.6991685433070867
0
LINE
8
BLACK
6
CONTINUOUS
10
5.399485551181102
20
-3.6991685433070867
11
5.4180874409448814
21
-3.6991216929133857
0
LINE
8
BLACK
6
CONTINUOUS
10
5.4180874409448814
20
-3.6991216929133857
11
5.418214842519685
21
-3.6984812598425196
0
LINE
8
BLACK
6
CONTINUOUS
10
5.418214842519685
20
-3.6984812598425196
11
5.4194096456692913
21
-3.6966931102362204
0
LINE
8
BLACK
6
CONTINUOUS
10
5.4194096456692913
20
-3.6966931102362204
11
5.4211977952755905
21
-3.6954983070866141
0
LINE
8
BLACK
6
CONTINUOUS
10
5.4211977952755905
20
-3.6954983070866141
11
5.423307086614173
21
-3.6950787401574803
0
LINE
8
BLACK
6
CONTINUOUS
10
5.423307086614173
20
-3.6950787401574803
11
5.4327002362204722
21
-3.6950787401574803
0
LINE
8
BLACK
6
CONTINUOUS
10
5.4327002362204722
20
-3.6950787401574803
11
5.43432811023622
21
-3.6934225984251969
0
LINE
8
BLACK
6
CONTINUOUS
10
5.43432811023622
20
-3.6934225984251969
11
5.4352230314960632
21
-3.6926881496062993
0
LINE
8
BLACK
6
CONTINUOUS
10
5.4352230314960632
20
-3.6926881496062993
11
5.4368578740157476
21
-3.6920109842519686
0
LINE
8
BLACK
6
CONTINUOUS
10
5.4368578740157476
20
-3.6920109842519686
11
5.4373518110236221
21
-3.6918063779527559
0
LINE
8
BLACK
6
CONTINUOUS
10
5.4373518110236221
20
-3.6918063779527559
11
5.4641338582677168
21
-3.6917488582677165
0
LINE
8
BLACK
6
CONTINUOUS
10
5.4641338582677168
20
-3.6917488582677165
11
5.4641338582677168
21
-3.6916929133858267
0
LINE
8
BLACK
6
CONTINUOUS
10
5.4641338582677168
20
-3.6916929133858267
11
5.4645833858267716
21
-3.6894329527559053
0
LINE
8
BLACK
6
CONTINUOUS
10
5.4645833858267716
20
-3.6894329527559053
11
5.4658635433070861
21
-3.6875170866141733
0
LINE
8
BLACK
6
CONTINUOUS
10
5.4658635433070861
20
-3.6875170866141733
11
5.467779409448819
21
-3.6862369291338584
0
LINE
8
BLACK
6
CONTINUOUS
10
5.467779409448819
20
-3.6862369291338584
11
5.47003937007874
21
-3.6857874015748031
0
LINE
8
BLACK
6
CONTINUOUS
10
5.47003937007874
20
-3.6857874015748031
11
5.5103937007874011
21
-3.6857874015748031
0
LINE
8
BLACK
6
CONTINUOUS
10
5.5103937007874011
20
-3.6857874015748031
11
5.5126536614173229
21
-3.6862369291338584
0
LINE
8
BLACK
6
CONTINUOUS
10
5.3133900393700788
20
-3.735729960629921
11
5.3177800787401575
21
-3.7379668110236222
0
LINE
8
BLACK
6
CONTINUOUS
10
5.3177800787401575
20
-3.7379668110236222
11
5.3212640551181103
21
-3.7414507874015746
0
LINE
8
BLACK
6
CONTINUOUS
10
5.3212640551181103
20
-3.7414507874015746
11
5.3235009055118105
21
-3.7458408267716536
0
LINE
8
BLACK
6
CONTINUOUS
10
5.3235009055118105
20
-3.7458408267716536
11
5.324271653543307
21
-3.750707244094488
0
LINE
8
BLACK
6
CONTINUOUS
10
5.324271653543307
20
-3.750707244094488
11
5.3235009055118105
21
-3.7555736614173227
0
LINE
8
BLACK
6
CONTINUOUS
10
5.3235009055118105
20
-3.7555736614173227
11
5.3212640551181103
21
-3.7599637007874014
0
LINE
8
BLACK
6
CONTINUOUS
10
5.3212640551181103
20
-3.7599637007874014
11
5.3177800787401575
21
-3.7634476771653542
0
LINE
8
BLACK
6
CONTINUOUS
10
5.3177800787401575
20
-3.7634476771653542
11
5.3133900393700788
21
-3.7656845275590549
0
LINE
8
BLACK
6
CONTINUOUS
10
5.3133900393700788
20
-3.7656845275590549
11
5.3129247244094486
21
-3.765758188976378
0
LINE
8
BLACK
6
CONTINUOUS
10
5.3129247244094486
20
-3.765758188976378
11
5.3129370078740159
21
-3.7687288976377951
0
LINE
8
BLACK
6
CONTINUOUS
10
5.3129370078740159
20
-3.7687288976377951
11
5.312861377952756
21
-3.7694969685039368
0
LINE
8
BLACK
6
CONTINUOUS
10
5.312861377952756
20
-3.7694969685039368
11
5.3123537795275588
21
-3.7707224015748029
0
LINE
8
BLACK
6
CONTINUOUS
10
5.3123537795275588
20
-3.7707224015748029
11
5.3122735039370079
21
-3.7709161811023622
0
LINE
8
BLACK
6
CONTINUOUS
10
5.3122735039370079
20
-3.7709161811023622
11
5.3059933070866139
21
-3.7772875984251968
0
LINE
8
BLACK
6
CONTINUOUS
10
5.3059933070866139
20
-3.7772875984251968
11
5.306041181102362
21
-3.7969770078740157
0
LINE
8
BLACK
6
CONTINUOUS
10
5.306041181102362
20
-3.7969770078740157
11
5.3060629921259839
21
-3.7970866141732285
0
LINE
8
BLACK
6
CONTINUOUS
10
5.3060629921259839
20
-3.7970866141732285
11
5.3060629921259839
21
-3.8148031496062993
0
LINE
8
BLACK
6
CONTINUOUS
10
5.3060629921259839
20
-3.8148031496062993
11
5.3059131496062992
21
-3.8155564566929132
0
LINE
8
BLACK
6
CONTINUOUS
10
5.3059131496062992
20
-3.8155564566929132
11
5.3054864173228342
21
-3.8161950787401575
0
LINE
8
BLACK
6
CONTINUOUS
10
5.3054864173228342
20
-3.8161950787401575
11
5.3048477952755908
21
-3.8166218110236221
0
LINE
8
BLACK
6
CONTINUOUS
10
5.3048477952755908
20
-3.8166218110236221
11
5.3040944881889764
21
-3.8167716535433072
0
LINE
8
BLACK
6
CONTINUOUS
10
5.3040944881889764
20
-3.8167716535433072
11
5.3001574803149607
21
-3.8167716535433072
0
LINE
8
BLACK
6
CONTINUOUS
10
5.3001574803149607
20
-3.8167716535433072
11
5.2994041732283463
21
-3.8166218110236221
0
LINE
8
BLACK
6
CONTINUOUS
10
5.2994041732283463
20
-3.8166218110236221
11
5.298765551181102
21
-3.8161950787401575
0
LINE
8
BLACK
6
CONTINUOUS
10
5.298765551181102
20
-3.8161950787401575
11
5.2983388188976379
21
-3.8155564566929132
0
LINE
8
BLACK
6
CONTINUOUS
10
5.2983388188976379
20
-3.8155564566929132
11
5.2981889763779524
21
-3.8148031496062993
0
LINE
8
BLACK
6
CONTINUOUS
10
5.2981889763779524
20
-3.8148031496062993
11
5.2981889763779524
21
-3.7970866141732285
0
LINE
8
BLACK
6
CONTINUOUS
10
5.2981889763779524
20
-3.7970866141732285
11
5.2982405511811024
21
-3.7968272047244094
0
LINE
8
BLACK
6
CONTINUOUS
10
5.2982405511811024
20
-3.7968272047244094
11
5.2981889763779524
21
-3.7756029527559054
0
LINE
8
BLACK
6
CONTINUOUS
10
5.2981889763779524
20
-3.7756029527559054
11
5.2982646062992123
21
-3.7748348818897637
0
LINE
8
BLACK
6
CONTINUOUS
10
5.2982646062992123
20
-3.7748348818897637
11
5.2988524803149604
21
-3.7734156692913383
0
LINE
8
BLACK
6
CONTINUOUS
10
5.2988524803149604
20
-3.7734156692913383
11
5.3051285039370075
21
-3.7670484251968501
0
LINE
8
BLACK
6
CONTINUOUS
10
5.3051285039370075
20
-3.7670484251968501
11
5.3051238188976377
21
-3.7659168110236219
0
LINE
8
BLACK
6
CONTINUOUS
10
5.3051238188976377
20
-3.7659168110236219
11
5.3036572047244093
21
-3.7656845275590549
0
LINE
8
BLACK
6
CONTINUOUS
10
5.3036572047244093
20
-3.7656845275590549
11
5.2992671653543306
21
-3.7634476771653542
0
LINE
8
BLACK
6
CONTINUOUS
10
5.2992671653543306
20
-3.7634476771653542
11
5.2957831889763778
21
-3.7599637007874014
0
LINE
8
BLACK
6
CONTINUOUS
10
5.2957831889763778
20
-3.7599637007874014
11
5.2935463385826766
21
-3.7555736614173227
0
LINE
8
BLACK
6
CONTINUOUS
10
5.2935463385826766
20
-3.7555736614173227
11
5.2927755905511811
21
-3.750707244094488
0
LINE
8
BLACK
6
CONTINUOUS
10
5.2927755905511811
20
-3.750707244094488
11
5.2935463385826766
21
-3.7458408267716536
0
LINE
8
BLACK
6
CONTINUOUS
10
5.2935463385826766
20
-3.7458408267716536
11
5.2957831889763778
21
-3.7414507874015746
0
LINE
8
BLACK
6
CONTINUOUS
10
5.2957831889763778
20
-3.7414507874015746
11
5.2992671653543306
21
-3.7379668110236222
0
LINE
8
BLACK
6
CONTINUOUS
10
5.2992671653543306
20
-3.7379668110236222
11
5.3036572047244093
21
-3.735729960629921
0
LINE
8
BLACK
6
CONTINUOUS
10
5.3036572047244093
20
-3.735729960629921
11
5.308523622047244
21
-3.734959212598425
0
LINE
8
BLACK
6
CONTINUOUS
10
5.308523622047244
20
-3.734959212598425
11
5.3133900393700788
21
-3.735729960629921
0
LINE
8
BLACK
6
CONTINUOUS
10
5.3517234645669287
20
-3.7412148425196849
11
5.353511614173228
21
-3.7424096456692912
0
LINE
8
BLACK
6
CONTINUOUS
10
5.353511614173228
20
-3.7424096456692912
11
5.3547064173228343
21
-3.7441977952755905
0
LINE
8
BLACK
6
CONTINUOUS
10
5.3547064173228343
20
-3.7441977952755905
11
5.3551259842519681
21
-3.746307086614173
0
LINE
8
BLACK
6
CONTINUOUS
10
5.3551259842519681
20
-3.746307086614173
11
5.3551259842519681
21
-3.7596929133858268
0
LINE
8
BLACK
6
CONTINUOUS
10
5.3551259842519681
20
-3.7596929133858268
11
5.3547064173228343
21
-3.7618022047244093
0
LINE
8
BLACK
6
CONTINUOUS
10
5.3547064173228343
20
-3.7618022047244093
11
5.353511614173228
21
-3.7635903543307085
0
LINE
8
BLACK
6
CONTINUOUS
10
5.353511614173228
20
-3.7635903543307085
11
5.3517234645669287
21
-3.7647851574803148
0
LINE
8
BLACK
6
CONTINUOUS
10
5.3517234645669287
20
-3.7647851574803148
11
5.3496141732283462
21
-3.7652047244094486
0
LINE
8
BLACK
6
CONTINUOUS
10
5.3496141732283462
20
-3.7652047244094486
11
5.3402844488188972
21
-3.7652047244094486
0
LINE
8
BLACK
6
CONTINUOUS
10
5.3402844488188972
20
-3.7652047244094486
11
5.3217429527559057
21
-3.783820472440945
0
LINE
8
BLACK
6
CONTINUOUS
10
5.3217429527559057
20
-3.783820472440945
11
5.3217833464566926
21
-3.7969474409448818
0
LINE
8
BLACK
6
CONTINUOUS
10
5.3217833464566926
20
-3.7969474409448818
11
5.3218110236220468
21
-3.7970866141732285
0
LINE
8
BLACK
6
CONTINUOUS
10
5.3218110236220468
20
-3.7970866141732285
11
5.3218110236220468
21
-3.8148031496062993
0
LINE
8
BLACK
6
CONTINUOUS
10
5.3218110236220468
20
-3.8148031496062993
11
5.3216611811023622
21
-3.8155564566929132
0
LINE
8
BLACK
6
CONTINUOUS
10
5.3216611811023622
20
-3.8155564566929132
11
5.3212344488188972
21
-3.8161950787401575
0
LINE
8
BLACK
6
CONTINUOUS
10
5.3212344488188972
20
-3.8161950787401575
11
5.3205958267716538
21
-3.8166218110236221
0
LINE
8
BLACK
6
CONTINUOUS
10
5.3205958267716538
20
-3.8166218110236221
11
5.3198425196850394
21
-3.8167716535433072
0
LINE
8
BLACK
6
CONTINUOUS
10
5.3198425196850394
20
-3.8167716535433072
11
5.3159055118110237
21
-3.8167716535433072
0
LINE
8
BLACK
6
CONTINUOUS
10
5.3159055118110237
20
-3.8167716535433072
11
5.3151522047244093
21
-3.8166218110236221
0
LINE
8
BLACK
6
CONTINUOUS
10
5.3151522047244093
20
-3.8166218110236221
11
5.314513582677165
21
-3.8161950787401575
0
LINE
8
BLACK
6
CONTINUOUS
10
5.314513582677165
20
-3.8161950787401575
11
5.3140868503937009
21
-3.8155564566929132
0
LINE
8
BLACK
6
CONTINUOUS
10
5.3140868503937009
20
-3.8155564566929132
11
5.3139370078740154
21
-3.8148031496062993
0
LINE
8
BLACK
6
CONTINUOUS
10
5.3139370078740154
20
-3.8148031496062993
11
5.3139370078740154
21
-3.7970866141732285
0
LINE
8
BLACK
6
CONTINUOUS
10
5.3139370078740154
20
-3.7970866141732285
11
5.3139823228346454
21
-3.7968587795275588
0
LINE
8
BLACK
6
CONTINUOUS
10
5.3139823228346454
20
-3.7968587795275588
11
5.3139370078740154
21
-3.7821259842519686
0
LINE
8
BLACK
6
CONTINUOUS
10
5.3139370078740154
20
-3.7821259842519686
11
5.3140126377952752
21
-3.7813579133858268
0
LINE
8
BLACK
6
CONTINUOUS
10
5.3140126377952752
20
-3.7813579133858268
11
5.3146005118110233
21
-3.7799387007874015
0
LINE
8
BLACK
6
CONTINUOUS
10
5.3146005118110233
20
-3.7799387007874015
11
5.3333595275590548
21
-3.7611045275590551
0
LINE
8
BLACK
6
CONTINUOUS
10
5.3333595275590548
20
-3.7611045275590551
11
5.3330787401574806
21
-3.7596929133858268
0
LINE
8
BLACK
6
CONTINUOUS
10
5.3330787401574806
20
-3.7596929133858268
11
5.3330787401574806
21
-3.746307086614173
0
LINE
8
BLACK
6
CONTINUOUS
10
5.3330787401574806
20
-3.746307086614173
11
5.3334983070866144
21
-3.7441977952755905
0
LINE
8
BLACK
6
CONTINUOUS
10
5.3334983070866144
20
-3.7441977952755905
11
5.3346931102362207
21
-3.7424096456692912
0
LINE
8
BLACK
6
CONTINUOUS
10
5.3346931102362207
20
-3.7424096456692912
11
5.33648125984252
21
-3.7412148425196849
0
LINE
8
BLACK
6
CONTINUOUS
10
5.33648125984252
20
-3.7412148425196849
11
5.3385905511811025
21
-3.7407952755905511
0
LINE
8
BLACK
6
CONTINUOUS
10
5.3385905511811025
20
-3.7407952755905511
11
5.3496141732283462
21
-3.7407952755905511
0
LINE
8
BLACK
6
CONTINUOUS
10
5.3496141732283462
20
-3.7407952755905511
11
5.3517234645669287
21
-3.7412148425196849
0
LINE
8
BLACK
6
CONTINUOUS
10
5.3520918897637797
20
-3.7952679527559052
11
5.3527305118110231
21
-3.7956946850393698
0
LINE
8
BLACK
6
CONTINUOUS
10
5.3527305118110231
20
-3.7956946850393698
11
5.3531572440944881
21
-3.7963333070866141
0
LINE
8
BLACK
6
CONTINUOUS
10
5.3531572440944881
20
-3.7963333070866141
11
5.3533070866141728
21
-3.7970866141732285
0
LINE
8
BLACK
6
CONTINUOUS
10
5.3533070866141728
20
-3.7970866141732285
11
5.3533070866141728
21
-3.8148031496062993
0
LINE
8
BLACK
6
CONTINUOUS
10
5.3533070866141728
20
-3.8148031496062993
11
5.3531572440944881
21
-3.8155564566929132
0
LINE
8
BLACK
6
CONTINUOUS
10
5.3531572440944881
20
-3.8155564566929132
11
5.3527305118110231
21
-3.8161950787401575
0
LINE
8
BLACK
6
CONTINUOUS
10
5.3527305118110231
20
-3.8161950787401575
11
5.3520918897637797
21
-3.8166218110236221
0
LINE
8
BLACK
6
CONTINUOUS
10
5.3520918897637797
20
-3.8166218110236221
11
5.3513385826771653
21
-3.8167716535433072
0
LINE
8
BLACK
6
CONTINUOUS
10
5.3513385826771653
20
-3.8167716535433072
11
5.3474015748031496
21
-3.8167716535433072
0
LINE
8
BLACK
6
CONTINUOUS
10
5.3474015748031496
20
-3.8167716535433072
11
5.3466482677165352
21
-3.8166218110236221
0
LINE
8
BLACK
6
CONTINUOUS
10
5.3466482677165352
20
-3.8166218110236221
11
5.3460096456692909
21
-3.8161950787401575
0
LINE
8
BLACK
6
CONTINUOUS
10
5.3460096456692909
20
-3.8161950787401575
11
5.3455829133858268
21
-3.8155564566929132
0
LINE
8
BLACK
6
CONTINUOUS
10
5.3455829133858268
20
-3.8155564566929132
11
5.3454330708661413
21
-3.8148031496062993
0
LINE
8
BLACK
6
CONTINUOUS
10
5.3454330708661413
20
-3.8148031496062993
11
5.3454330708661413
21
-3.7970866141732285
0
LINE
8
BLACK
6
CONTINUOUS
10
5.3454330708661413
20
-3.7970866141732285
11
5.3455829133858268
21
-3.7963333070866141
0
LINE
8
BLACK
6
CONTINUOUS
10
5.3455829133858268
20
-3.7963333070866141
11
5.3460096456692909
21
-3.7956946850393698
0
LINE
8
BLACK
6
CONTINUOUS
10
5.3460096456692909
20
-3.7956946850393698
11
5.3466482677165352
21
-3.7952679527559052
0
LINE
8
BLACK
6
CONTINUOUS
10
5.3466482677165352
20
-3.7952679527559052
11
5.3474015748031496
21
-3.7951181102362206
0
LINE
8
BLACK
6
CONTINUOUS
10
5.3474015748031496
20
-3.7951181102362206
11
5.3513385826771653
21
-3.7951181102362206
0
LINE
8
BLACK
6
CONTINUOUS
10
5.3513385826771653
20
-3.7951181102362206
11
5.3520918897637797
21
-3.7952679527559052
0
LINE
8
BLACK
6
CONTINUOUS
10
4.933700787401575
20
-3.8522047244094488
11
4.9140157480314963
21
-3.8522047244094488
0
LINE
8
BLACK
6
CONTINUOUS
10
4.9140157480314963
20
-3.8522047244094488
11
4.9140157480314963
21
-3.7734645669291336
0
LINE
8
BLACK
6
CONTINUOUS
10
4.9140157480314963
20
-3.7734645669291336
11
4.933700787401575
21
-3.7734645669291336
0
LINE
8
BLACK
6
CONTINUOUS
10
4.933700787401575
20
-3.7734645669291336
11
4.933700787401575
21
-3.8522047244094488
0
LINE
8
BLACK
6
CONTINUOUS
10
4.9730708661417324
20
-3.8522047244094488
11
4.9533858267716537
21
-3.8522047244094488
0
LINE
8
BLACK
6
CONTINUOUS
10
4.9533858267716537
20
-3.8522047244094488
11
4.9533858267716537
21
-3.7734645669291336
0
LINE
8
BLACK
6
CONTINUOUS
10
4.9533858267716537
20
-3.7734645669291336
11
4.9730708661417324
21
-3.7734645669291336
0
LINE
8
BLACK
6
CONTINUOUS
10
4.9730708661417324
20
-3.7734645669291336
11
4.9730708661417324
21
-3.8522047244094488
0
LINE
8
BLACK
6
CONTINUOUS
10
5.0124409448818898
20
-3.8522047244094488
11
4.9927559055118111
21
-3.8522047244094488
0
LINE
8
BLACK
6
CONTINUOUS
10
4.9927559055118111
20
-3.8522047244094488
11
4.9927559055118111
21
-3.7734645669291336
0
LINE
8
BLACK
6
CONTINUOUS
10
4.9927559055118111
20
-3.7734645669291336
11
5.0124409448818898
21
-3.7734645669291336
0
LINE
8
BLACK
6
CONTINUOUS
10
5.0124409448818898
20
-3.7734645669291336
11
5.0124409448818898
21
-3.8522047244094488
0
LINE
8
BLACK
6
CONTINUOUS
10
5.0518110236220473
20
-3.8522047244094488
11
5.0321259842519686
21
-3.8522047244094488
0
LINE
8
BLACK
6
CONTINUOUS
10
5.0321259842519686
20
-3.8522047244094488
11
5.0321259842519686
21
-3.7734645669291336
0
LINE
8
BLACK
6
CONTINUOUS
10
5.0321259842519686
20
-3.7734645669291336
11
5.0518110236220473
21
-3.7734645669291336
0
LINE
8
BLACK
6
CONTINUOUS
10
5.0518110236220473
20
-3.7734645669291336
11
5.0518110236220473
21
-3.8522047244094488
0
LINE
8
BLACK
6
CONTINUOUS
10
5.0911811023622047
20
-3.8522047244094488
11
5.071496062992126
21
-3.8522047244094488
0
LINE
8
BLACK
6
CONTINUOUS
10
5.071496062992126
20
-3.8522047244094488
11
5.071496062992126
21
-3.7734645669291336
0
LINE
8
BLACK
6
CONTINUOUS
10
5.071496062992126
20
-3.7734645669291336
11
5.0911811023622047
21
-3.7734645669291336
0
LINE
8
BLACK
6
CONTINUOUS
10
5.0911811023622047
20
-3.7734645669291336
11
5.0911811023622047
21
-3.8522047244094488
0
LINE
8
BLACK
6
CONTINUOUS
10
5.5126536614173229
20
-3.7610400787401574
11
5.5145695275590549
21
-3.7623202362204724
0
LINE
8
BLACK
6
CONTINUOUS
10
5.5145695275590549
20
-3.7623202362204724
11
5.5158496850393703
21
-3.7642361023622048
0
LINE
8
BLACK
6
CONTINUOUS
10
5.5158496850393703
20
-3.7642361023622048
11
5.5162992125984252
21
-3.7664960629921258
0
LINE
8
BLACK
6
CONTINUOUS
10
5.5162992125984252
20
-3.7664960629921258
11
5.5162992125984252
21
-3.778307086614173
0
LINE
8
BLACK
6
CONTINUOUS
10
5.5162992125984252
20
-3.778307086614173
11
5.5158496850393703
21
-3.7805670472440944
0
LINE
8
BLACK
6
CONTINUOUS
10
5.5158496850393703
20
-3.7805670472440944
11
5.5145695275590549
21
-3.7824829133858269
0
LINE
8
BLACK
6
CONTINUOUS
10
5.5145695275590549
20
-3.7824829133858269
11
5.5126536614173229
21
-3.7837630708661418
0
LINE
8
BLACK
6
CONTINUOUS
10
5.5126536614173229
20
-3.7837630708661418
11
5.5103937007874011
21
-3.7842125984251966
0
LINE
8
BLACK
6
CONTINUOUS
10
5.5103937007874011
20
-3.7842125984251966
11
5.47003937007874
21
-3.7842125984251966
0
LINE
8
BLACK
6
CONTINUOUS
10
5.47003937007874
20
-3.7842125984251966
11
5.467779409448819
21
-3.7837630708661418
0
LINE
8
BLACK
6
CONTINUOUS
10
5.467779409448819
20
-3.7837630708661418
11
5.4658635433070861
21
-3.7824829133858269
0
LINE
8
BLACK
6
CONTINUOUS
10
5.4658635433070861
20
-3.7824829133858269
11
5.4645833858267716
21
-3.7805670472440944
0
LINE
8
BLACK
6
CONTINUOUS
10
5.4645833858267716
20
-3.7805670472440944
11
5.4641338582677168
21
-3.778307086614173
0
LINE
8
BLACK
6
CONTINUOUS
10
5.4641338582677168
20
-3.778307086614173
11
5.4641338582677168
21
-3.7664960629921258
0
LINE
8
BLACK
6
CONTINUOUS
10
5.4641338582677168
20
-3.7664960629921258
11
5.4645833858267716
21
-3.7642361023622048
0
LINE
8
BLACK
6
CONTINUOUS
10
5.4645833858267716
20
-3.7642361023622048
11
5.4658635433070861
21
-3.7623202362204724
0
LINE
8
BLACK
6
CONTINUOUS
10
5.4658635433070861
20
-3.7623202362204724
11
5.467779409448819
21
-3.7610400787401574
0
LINE
8
BLACK
6
CONTINUOUS
10
5.467779409448819
20
-3.7610400787401574
11
5.47003937007874
21
-3.7605905511811022
0
LINE
8
BLACK
6
CONTINUOUS
10
5.47003937007874
20
-3.7605905511811022
11
5.5103937007874011
21
-3.7605905511811022
0
LINE
8
BLACK
6
CONTINUOUS
10
5.5103937007874011
20
-3.7605905511811022
11
5.5126536614173229
21
-3.7610400787401574
0
LINE
8
BLACK
6
CONTINUOUS
10
5.0681774803149606
20
-3.6910938582677164
11
5.0728909448818893
21
-3.6941230314960629
0
LINE
8
BLACK
6
CONTINUOUS
10
5.0728909448818893
20
-3.6941230314960629
11
5.076560118110236
21
-3.6983574803149604
0
LINE
8
BLACK
6
CONTINUOUS
10
5.076560118110236
20
-3.6983574803149604
11
5.0788876377952752
21
-3.7034540944881891
0
LINE
8
BLACK
6
CONTINUOUS
10
5.0788876377952752
20
-3.7034540944881891
11
5.0796850393700783
21
-3.7090000000000001
0
LINE
8
BLACK
6
CONTINUOUS
10
5.0796850393700783
20
-3.7090000000000001
11
5.0788876377952752
21
-3.7145459055118111
0
LINE
8
BLACK
6
CONTINUOUS
10
5.0788876377952752
20
-3.7145459055118111
11
5.076560118110236
21
-3.7196425196850393
0
LINE
8
BLACK
6
CONTINUOUS
10
5.076560118110236
20
-3.7196425196850393
11
5.0728909448818893
21
-3.7238769685039368
0
LINE
8
BLACK
6
CONTINUOUS
10
5.0728909448818893
20
-3.7238769685039368
11
5.0681774803149606
21
-3.7269061417322833
0
LINE
8
BLACK
6
CONTINUOUS
10
5.0681774803149606
20
-3.7269061417322833
11
5.0628014566929131
21
-3.72848468503937
0
LINE
8
BLACK
6
CONTINUOUS
10
5.0628014566929131
20
-3.72848468503937
11
5.0571985433070861
21
-3.72848468503937
0
LINE
8
BLACK
6
CONTINUOUS
10
5.0571985433070861
20
-3.72848468503937
11
5.0518225196850395
21
-3.7269061417322833
0
LINE
8
BLACK
6
CONTINUOUS
10
5.0518225196850395
20
-3.7269061417322833
11
5.0471090551181099
21
-3.7238769685039368
0
LINE
8
BLACK
6
CONTINUOUS
10
5.0471090551181099
20
-3.7238769685039368
11
5.0434398818897632
21
-3.7196425196850393
0
LINE
8
BLACK
6
CONTINUOUS
10
5.0434398818897632
20
-3.7196425196850393
11
5.041112362204724
21
-3.7145459055118111
0
LINE
8
BLACK
6
CONTINUOUS
10
5.041112362204724
20
-3.7145459055118111
11
5.0403149606299209
21
-3.7090000000000001
0
LINE
8
BLACK
6
CONTINUOUS
10
5.0403149606299209
20
-3.7090000000000001
11
5.041112362204724
21
-3.7034540944881891
0
LINE
8
BLACK
6
CONTINUOUS
10
5.041112362204724
20
-3.7034540944881891
11
5.0434398818897632
21
-3.6983574803149604
0
LINE
8
BLACK
6
CONTINUOUS
10
5.0434398818897632
20
-3.6983574803149604
11
5.0471090551181099
21
-3.6941230314960629
0
LINE
8
BLACK
6
CONTINUOUS
10
5.0471090551181099
20
-3.6941230314960629
11
5.0518225196850395
21
-3.6910938582677164
0
LINE
8
BLACK
6
CONTINUOUS
10
5.0518225196850395
20
-3.6910938582677164
11
5.0571985433070861
21
-3.6895153149606297
0
LINE
8
BLACK
6
CONTINUOUS
10
5.0571985433070861
20
-3.6895153149606297
11
5.0628014566929131
21
-3.6895153149606297
0
LINE
8
BLACK
6
CONTINUOUS
10
5.0628014566929131
20
-3.6895153149606297
11
5.0681774803149606
21
-3.6910938582677164
0
LINE
8
BLACK
6
CONTINUOUS
10
5.9576649999999995
20
-3.6620238976377952
11
5.9590809055118106
21
-3.663972716535433
0
LINE
8
BLACK
6
CONTINUOUS
10
5.9590809055118106
20
-3.663972716535433
11
5.9592716535433068
21
-3.6651771653543306
0
LINE
8
BLACK
6
CONTINUOUS
10
5.9592716535433068
20
-3.6651771653543306
11
5.9592716535433068
21
-3.7631620472440943
0
LINE
8
BLACK
6
CONTINUOUS
10
5.9592716535433068
20
-3.7631620472440943
11
5.9585272834645666
21
-3.765453031496063
0
LINE
8
BLACK
6
CONTINUOUS
10
5.9585272834645666
20
-3.765453031496063
11
5.9565784645669293
21
-3.7668689370078741
0
LINE
8
BLACK
6
CONTINUOUS
10
5.9565784645669293
20
-3.7668689370078741
11
5.9548835039370074
21
-3.766926062992126
0
LINE
8
BLACK
6
CONTINUOUS
10
5.9548835039370074
20
-3.766926062992126
11
5.9548719291338585
21
-3.7670224803149606
0
LINE
8
BLACK
6
CONTINUOUS
10
5.9548719291338585
20
-3.7670224803149606
11
5.9511442519685041
21
-3.7665748031496062
0
LINE
8
BLACK
6
CONTINUOUS
10
5.9511442519685041
20
-3.7665748031496062
11
5.9120472834645668
21
-3.7665748031496062
0
LINE
8
BLACK
6
CONTINUOUS
10
5.9120472834645668
20
-3.7665748031496062
11
5.912047244094488
21
-3.766574842519685
0
LINE
8
BLACK
6
CONTINUOUS
10
5.912047244094488
20
-3.766574842519685
11
5.912047244094488
21
-3.7783858267716535
0
LINE
8
BLACK
6
CONTINUOUS
10
5.912047244094488
20
-3.7783858267716535
11
5.949448818897638
21
-3.7783858267716535
0
LINE
8
BLACK
6
CONTINUOUS
10
5.949448818897638
20
-3.7783858267716535
11
5.9532153937007877
21
-3.7791350393700784
0
LINE
8
BLACK
6
CONTINUOUS
10
5.9532153937007877
20
-3.7791350393700784
11
5.9564085433070861
21
-3.7812686220472438
0
LINE
8
BLACK
6
CONTINUOUS
10
5.9564085433070861
20
-3.7812686220472438
11
5.9585421259842519
21
-3.7844617716535431
0
LINE
8
BLACK
6
CONTINUOUS
10
5.9585421259842519
20
-3.7844617716535431
11
5.9592913385826769
21
-3.7882283464566928
0
LINE
8
BLACK
6
CONTINUOUS
10
5.9592913385826769
20
-3.7882283464566928
11
5.9592913385826769
21
-3.8079133858267715
0
LINE
8
BLACK
6
CONTINUOUS
10
5.9592913385826769
20
-3.8079133858267715
11
5.9585421259842519
21
-3.8116799606299212
0
LINE
8
BLACK
6
CONTINUOUS
10
5.9585421259842519
20
-3.8116799606299212
11
5.9564085433070861
21
-3.8148731102362206
0
LINE
8
BLACK
6
CONTINUOUS
10
5.9564085433070861
20
-3.8148731102362206
11
5.9532153937007877
21
-3.8170066929133859
0
LINE
8
BLACK
6
CONTINUOUS
10
5.9532153937007877
20
-3.8170066929133859
11
5.949448818897638
21
-3.8177559055118109
0
LINE
8
BLACK
6
CONTINUOUS
10
5.949448818897638
20
-3.8177559055118109
11
5.912047244094488
21
-3.8177559055118109
0
LINE
8
BLACK
6
CONTINUOUS
10
5.912047244094488
20
-3.8177559055118109
11
5.912047244094488
21
-3.8295668897637793
0
LINE
8
BLACK
6
CONTINUOUS
10
5.912047244094488
20
-3.8295668897637793
11
5.9120472834645668
21
-3.8295669291338581
0
LINE
8
BLACK
6
CONTINUOUS
10
5.9120472834645668
20
-3.8295669291338581
11
5.9511440157480315
21
-3.8295669291338581
0
LINE
8
BLACK
6
CONTINUOUS
10
5.9511440157480315
20
-3.8295669291338581
11
5.9511442519685041
21
-3.8295668897637793
0
LINE
8
BLACK
6
CONTINUOUS
10
5.9511442519685041
20
-3.8295668897637793
11
5.9548719291338585
21
-3.8291192519685038
0
LINE
8
BLACK
6
CONTINUOUS
10
5.9548719291338585
20
-3.8291192519685038
11
5.954885472440945
21
-3.8292320472440946
0
LINE
8
BLACK
6
CONTINUOUS
10
5.954885472440945
20
-3.8292320472440946
11
5.9568219685039372
21
-3.8293609448818895
0
LINE
8
BLACK
6
CONTINUOUS
10
5.9568219685039372
20
-3.8293609448818895
11
5.9586724409448815
21
-3.8309031102362203
0
LINE
8
BLACK
6
CONTINUOUS
10
5.9586724409448815
20
-3.8309031102362203
11
5.9592716535433068
21
-3.8329796456692913
0
LINE
8
BLACK
6
CONTINUOUS
10
5.9592716535433068
20
-3.8329796456692913
11
5.9592716535433068
21
-4.0564691338582675
0
LINE
8
BLACK
6
CONTINUOUS
10
5.9592716535433068
20
-4.0564691338582675
11
5.9585272834645666
21
-4.0587601181102357
0
LINE
8
BLACK
6
CONTINUOUS
10
5.9585272834645666
20
-4.0587601181102357
11
5.9565784645669293
21
-4.0601760236220468
0
LINE
8
BLACK
6
CONTINUOUS
10
5.9565784645669293
20
-4.0601760236220468
11
5.9548835039370074
21
-4.0602331496062991
0
LINE
8
BLACK
6
CONTINUOUS
10
5.9548835039370074
20
-4.0602331496062991
11
5.9548719291338585
21
-4.0603295669291342
0
LINE
8
BLACK
6
CONTINUOUS
10
5.9548719291338585
20
-4.0603295669291342
11
5.9511442519685041
21
-4.0598818897637798
0
LINE
8
BLACK
6
CONTINUOUS
10
5.9511442519685041
20
-4.0598818897637798
11
5.9120472834645668
21
-4.0598818897637798
0
LINE
8
BLACK
6
CONTINUOUS
10
5.9120472834645668
20
-4.0598818897637798
11
5.912047244094488
21
-4.0598819291338586
0
LINE
8
BLACK
6
CONTINUOUS
10
5.912047244094488
20
-4.0598819291338586
11
5.912047244094488
21
-4.0716929133858271
0
LINE
8
BLACK
6
CONTINUOUS
10
5.912047244094488
20
-4.0716929133858271
11
5.949448818897638
21
-4.0716929133858271
0
LINE
8
BLACK
6
CONTINUOUS
10
5.949448818897638
20
-4.0716929133858271
11
5.9532153937007877
21
-4.072442125984252
0
LINE
8
BLACK
6
CONTINUOUS
10
5.9532153937007877
20
-4.072442125984252
11
5.9564085433070861
21
-4.0745757086614169
0
LINE
8
BLACK
6
CONTINUOUS
10
5.9564085433070861
20
-4.0745757086614169
11
5.9585421259842519
21
-4.0777688582677163
0
LINE
8
BLACK
6
CONTINUOUS
10
5.9585421259842519
20
-4.0777688582677163
11
5.9592913385826769
21
-4.081535433070866
0
LINE
8
BLACK
6
CONTINUOUS
10
5.9592913385826769
20
-4.081535433070866
11
5.9592913385826769
21
-4.1012204724409447
0
LINE
8
BLACK
6
CONTINUOUS
10
5.9592913385826769
20
-4.1012204724409447
11
5.9585421259842519
21
-4.1049870472440944
0
LINE
8
BLACK
6
CONTINUOUS
10
5.9585421259842519
20
-4.1049870472440944
11
5.9564085433070861
21
-4.1081801968503937
0
LINE
8
BLACK
6
CONTINUOUS
10
5.9564085433070861
20
-4.1081801968503937
11
5.9532153937007877
21
-4.1103137795275586
0
LINE
8
BLACK
6
CONTINUOUS
10
5.9532153937007877
20
-4.1103137795275586
11
5.949448818897638
21
-4.1110629921259845
0
LINE
8
BLACK
6
CONTINUOUS
10
5.949448818897638
20
-4.1110629921259845
11
5.912047244094488
21
-4.1110629921259845
0
LINE
8
BLACK
6
CONTINUOUS
10
5.912047244094488
20
-4.1110629921259845
11
5.912047244094488
21
-4.1228739763779529
0
LINE
8
BLACK
6
CONTINUOUS
10
5.912047244094488
20
-4.1228739763779529
11
5.9120472834645668
21
-4.1228740157480317
0
LINE
8
BLACK
6
CONTINUOUS
10
5.9120472834645668
20
-4.1228740157480317
11
5.9511440157480315
21
-4.1228740157480317
0
LINE
8
BLACK
6
CONTINUOUS
10
5.9511440157480315
20
-4.1228740157480317
11
5.9511442519685041
21
-4.1228739763779529
0
LINE
8
BLACK
6
CONTINUOUS
10
5.9511442519685041
20
-4.1228739763779529
11
5.9548719291338585
21
-4.1224263385826774
0
LINE
8
BLACK
6
CONTINUOUS
10
5.9548719291338585
20
-4.1224263385826774
11
5.954885472440945
21
-4.1225391338582673
0
LINE
8
BLACK
6
CONTINUOUS
10
5.954885472440945
20
-4.1225391338582673
11
5.9568219685039372
21
-4.1226680314960626
0
LINE
8
BLACK
6
CONTINUOUS
10
5.9568219685039372
20
-4.1226680314960626
11
5.9586724409448815
21
-4.1242101968503935
0
LINE
8
BLACK
6
CONTINUOUS
10
5.9586724409448815
20
-4.1242101968503935
11
5.9592716535433068
21
-4.1262867322834644
0
LINE
8
BLACK
6
CONTINUOUS
10
5.9592716535433068
20
-4.1262867322834644
11
5.9592716535433068
21
-4.2242716535433074
0
LINE
8
BLACK
6
CONTINUOUS
10
5.9592716535433068
20
-4.2242716535433074
11
5.9585272834645666
21
-4.2265626377952756
0
LINE
8
BLACK
6
CONTINUOUS
10
5.9585272834645666
20
-4.2265626377952756
11
5.9565784645669293
21
-4.2279785433070867
0
LINE
8
BLACK
6
CONTINUOUS
10
5.9565784645669293
20
-4.2279785433070867
11
5.9553740157480313
21
-4.2281692913385829
0
LINE
8
BLACK
6
CONTINUOUS
10
5.9553740157480313
20
-4.2281692913385829
11
4.8057283464566929
21
-4.2281692913385829
0
LINE
8
BLACK
6
CONTINUOUS
10
4.8057283464566929
20
-4.2281692913385829
11
4.8034373622047246
21
-4.2274249212598427
0
LINE
8
BLACK
6
CONTINUOUS
10
4.8034373622047246
20
-4.2274249212598427
11
4.8020214566929136
21
-4.2254761023622045
0
LINE
8
BLACK
6
CONTINUOUS
10
4.8020214566929136
20
-4.2254761023622045
11
4.8018307086614174
21
-4.2242716535433074
0
LINE
8
BLACK
6
CONTINUOUS
10
4.8018307086614174
20
-4.2242716535433074
11
4.8018307086614174
21
-3.9250394094488188
0
LINE
8
BLACK
6
CONTINUOUS
10
4.8018307086614174
20
-3.9250394094488188
11
4.8018307086614174
21
-3.9075276377952757
0
LINE
8
BLACK
6
CONTINUOUS
10
4.8018307086614174
20
-3.9075276377952757
11
4.8018307086614174
21
-3.8681575590551178
0
LINE
8
BLACK
6
CONTINUOUS
10
4.8018307086614174
20
-3.8681575590551178
11
4.8018307086614174
21
-3.7609055511811023
0
LINE
8
BLACK
6
CONTINUOUS
10
4.8018307086614174
20
-3.7609055511811023
11
4.8018307086614174
21
-3.7089998425196851
0
LINE
8
BLACK
6
CONTINUOUS
10
4.8018307086614174
20
-3.7089998425196851
11
4.8018307086614174
21
-3.6651771653543306
0
LINE
8
BLACK
6
CONTINUOUS
10
4.8018307086614174
20
-3.6651771653543306
11
4.8025750787401575
21
-3.6628861811023623
0
LINE
8
BLACK
6
CONTINUOUS
10
4.8025750787401575
20
-3.6628861811023623
11
4.8045238976377949
21
-3.6614702755905513
0
LINE
8
BLACK
6
CONTINUOUS
10
4.8045238976377949
20
-3.6614702755905513
11
4.8057283464566929
21
-3.6612795275590551
0
LINE
8
BLACK
6
CONTINUOUS
10
4.8057283464566929
20
-3.6612795275590551
11
5.9553740157480313
21
-3.6612795275590551
0
LINE
8
BLACK
6
CONTINUOUS
10
5.9553740157480313
20
-3.6612795275590551
11
5.9576649999999995
21
-3.6620238976377952
0
LINE
8
BLACK
6
CONTINUOUS
10
5.8067851574803147
20
-4.2045187401574804
11
5.8055903543307084
21
-4.2063068897637796
0
LINE
8
BLACK
6
CONTINUOUS
10
5.8055903543307084
20
-4.2063068897637796
11
5.8038022047244091
21
-4.2075016929133859
0
LINE
8
BLACK
6
CONTINUOUS
10
5.8038022047244091
20
-4.2075016929133859
11
5.8016929133858266
21
-4.2079212598425197
0
LINE
8
BLACK
6
CONTINUOUS
10
5.8016929133858266
20
-4.2079212598425197
11
5.8009055118110231
21
-4.2079212598425197
0
LINE
8
BLACK
6
CONTINUOUS
10
5.8009055118110231
20
-4.2079212598425197
11
5.8009055118110231
21
-4.2197322047244095
0
LINE
8
BLACK
6
CONTINUOUS
10
5.8009055118110231
20
-4.2197322047244095
11
5.8009055511811018
21
-4.2197322440944882
0
LINE
8
BLACK
6
CONTINUOUS
10
5.8009055511811018
20
-4.2197322440944882
11
5.8037796850393697
21
-4.2197322440944882
0
LINE
8
BLACK
6
CONTINUOUS
10
5.8037796850393697
20
-4.2197322440944882
11
5.8049496456692911
21
-4.219622559055118
0
LINE
8
BLACK
6
CONTINUOUS
10
5.8049496456692911
20
-4.219622559055118
11
5.8049498425196848
21
-4.2196225196850392
0
LINE
8
BLACK
6
CONTINUOUS
10
5.8049498425196848
20
-4.2196225196850392
11
5.8098787401574805
21
-4.2178978346456688
0
LINE
8
BLACK
6
CONTINUOUS
10
5.8098787401574805
20
-4.2178978346456688
11
5.814080275590551
21
-4.2147968897637798
0
LINE
8
BLACK
6
CONTINUOUS
10
5.814080275590551
20
-4.2147968897637798
11
5.8140803543307085
21
-4.2147968110236222
0
LINE
8
BLACK
6
CONTINUOUS
10
5.8140803543307085
20
-4.2147968110236222
11
5.8171812992125984
21
-4.2105952755905509
0
LINE
8
BLACK
6
CONTINUOUS
10
5.8171812992125984
20
-4.2105952755905509
11
5.8189059842519688
21
-4.2056664173228349
0
LINE
8
BLACK
6
CONTINUOUS
10
5.8189059842519688
20
-4.2056664173228349
11
5.8190157480314957
21
-4.204496062992126
0
LINE
8
BLACK
6
CONTINUOUS
10
5.8190157480314957
20
-4.204496062992126
11
5.8190157480314957
21
-4.2028031889763779
0
LINE
8
BLACK
6
CONTINUOUS
10
5.8190157480314957
20
-4.2028031889763779
11
5.8190157086614169
21
-4.2028031496062992
0
LINE
8
BLACK
6
CONTINUOUS
10
5.8190157086614169
20
-4.2028031496062992
11
5.8071264173228343
21
-4.2028031496062992
0
LINE
8
BLACK
6
CONTINUOUS
10
5.8071264173228343
20
-4.2028031496062992
11
5.8067851574803147
21
-4.2045187401574804
0
LINE
8
BLACK
6
CONTINUOUS
10
5.5317851574803152
20
-4.1765187401574799
11
5.5305903543307089
21
-4.1783068897637792
0
LINE
8
BLACK
6
CONTINUOUS
10
5.5305903543307089
20
-4.1783068897637792
11
5.5288022047244096
21
-4.1795016929133855
0
LINE
8
BLACK
6
CONTINUOUS
10
5.5288022047244096
20
-4.1795016929133855
11
5.5266929133858262
21
-4.1799212598425193
0
LINE
8
BLACK
6
CONTINUOUS
10
5.5266929133858262
20
-4.1799212598425193
11
5.5259055118110236
21
-4.1799212598425193
0
LINE
8
BLACK
6
CONTINUOUS
10
5.5259055118110236
20
-4.1799212598425193
11
5.5259055118110236
21
-4.191732204724409
0
LINE
8
BLACK
6
CONTINUOUS
10
5.5259055118110236
20
-4.191732204724409
11
5.5259055511811024
21
-4.1917322440944877
0
LINE
8
BLACK
6
CONTINUOUS
10
5.5259055511811024
20
-4.1917322440944877
11
5.5287796850393702
21
-4.1917322440944877
0
LINE
8
BLACK
6
CONTINUOUS
10
5.5287796850393702
20
-4.1917322440944877
11
5.5299496456692916
21
-4.1916225590551184
0
LINE
8
BLACK
6
CONTINUOUS
10
5.5299496456692916
20
-4.1916225590551184
11
5.5299498425196854
21
-4.1916225196850396
0
LINE
8
BLACK
6
CONTINUOUS
10
5.5299498425196854
20
-4.1916225196850396
11
5.534053464566929
21
-4.1901866141732285
0
LINE
8
BLACK
6
CONTINUOUS
10
5.534053464566929
20
-4.1901866141732285
11
5.5348787401574802
21
-4.1898978346456692
0
LINE
8
BLACK
6
CONTINUOUS
10
5.5348787401574802
20
-4.1898978346456692
11
5.5390802755905515
21
-4.1867968897637793
0
LINE
8
BLACK
6
CONTINUOUS
10
5.5390802755905515
20
-4.1867968897637793
11
5.5390803543307081
21
-4.1867968110236218
0
LINE
8
BLACK
6
CONTINUOUS
10
5.5390803543307081
20
-4.1867968110236218
11
5.5421812992125981
21
-4.1825952755905513
0
LINE
8
BLACK
6
CONTINUOUS
10
5.5421812992125981
20
-4.1825952755905513
11
5.5439059842519685
21
-4.1776664173228344
0
LINE
8
BLACK
6
CONTINUOUS
10
5.5439059842519685
20
-4.1776664173228344
11
5.5440157480314962
21
-4.1764960629921255
0
LINE
8
BLACK
6
CONTINUOUS
10
5.5440157480314962
20
-4.1764960629921255
11
5.5440157480314962
21
-4.1748031889763775
0
LINE
8
BLACK
6
CONTINUOUS
10
5.5440157480314962
20
-4.1748031889763775
11
5.5440157086614175
21
-4.1748031496062987
0
LINE
8
BLACK
6
CONTINUOUS
10
5.5440157086614175
20
-4.1748031496062987
11
5.5321264173228348
21
-4.1748031496062987
0
LINE
8
BLACK
6
CONTINUOUS
10
5.5321264173228348
20
-4.1748031496062987
11
5.5317851574803152
21
-4.1765187401574799
0
LINE
8
BLACK
6
CONTINUOUS
10
5.5612401574803147
20
-4.2046165354330709
11
5.5614318897637798
21
-4.2059325590551184
0
LINE
8
BLACK
6
CONTINUOUS
10
5.5614318897637798
20
-4.2059325590551184
11
5.561630984251968
21
-4.2072990157480312
0
LINE
8
BLACK
6
CONTINUOUS
10
5.561630984251968
20
-4.2072990157480312
11
5.5636535826771656
21
-4.2114362598425199
0
LINE
8
BLACK
6
CONTINUOUS
10
5.5636535826771656
20
-4.2114362598425199
11
5.5636536220472443
21
-4.2114363385826774
0
LINE
8
BLACK
6
CONTINUOUS
10
5.5636536220472443
20
-4.2114363385826774
11
5.5669101181102363
21
-4.2146928346456694
0
LINE
8
BLACK
6
CONTINUOUS
10
5.5669101181102363
20
-4.2146928346456694
11
5.5686796062992121
21
-4.2155578740157482
0
LINE
8
BLACK
6
CONTINUOUS
10
5.5686796062992121
20
-4.2155578740157482
11
5.5710474015748028
21
-4.216715433070866
0
LINE
8
BLACK
6
CONTINUOUS
10
5.5710474015748028
20
-4.216715433070866
11
5.5710474409448816
21
-4.216715433070866
0
LINE
8
BLACK
6
CONTINUOUS
10
5.5710474409448816
20
-4.216715433070866
11
5.5710475196850391
21
-4.2167154724409448
0
LINE
8
BLACK
6
CONTINUOUS
10
5.5710475196850391
20
-4.2167154724409448
11
5.5737299212598428
21
-4.2171062992125981
0
LINE
8
BLACK
6
CONTINUOUS
10
5.5737299212598428
20
-4.2171062992125981
11
5.573730039370079
21
-4.2171062992125981
0
LINE
8
BLACK
6
CONTINUOUS
10
5.573730039370079
20
-4.2171062992125981
11
5.6167030314960629
21
-4.2171062992125981
0
LINE
8
BLACK
6
CONTINUOUS
10
5.6167030314960629
20
-4.2171062992125981
11
5.6167031496062991
21
-4.2171062992125981
0
LINE
8
BLACK
6
CONTINUOUS
10
5.6167031496062991
20
-4.2171062992125981
11
5.6193855511811019
21
-4.2167154724409448
0
LINE
8
BLACK
6
CONTINUOUS
10
5.6193855511811019
20
-4.2167154724409448
11
5.6235229527559056
21
-4.2146928346456694
0
LINE
8
BLACK
6
CONTINUOUS
10
5.6235229527559056
20
-4.2146928346456694
11
5.6267794488188976
21
-4.2114363385826774
0
LINE
8
BLACK
6
CONTINUOUS
10
5.6267794488188976
20
-4.2114363385826774
11
5.628802086614173
21
-4.2072989370078737
0
LINE
8
BLACK
6
CONTINUOUS
10
5.628802086614173
20
-4.2072989370078737
11
5.6291929133858263
21
-4.2046165354330709
0
LINE
8
BLACK
6
CONTINUOUS
10
5.6291929133858263
20
-4.2046165354330709
11
5.6291929133858263
21
-4.1901866141732285
0
LINE
8
BLACK
6
CONTINUOUS
10
5.6291929133858263
20
-4.1901866141732285
11
5.628802086614173
21
-4.1875042125984248
0
LINE
8
BLACK
6
CONTINUOUS
10
5.628802086614173
20
-4.1875042125984248
11
5.6267794488188976
21
-4.183366811023622
0
LINE
8
BLACK
6
CONTINUOUS
10
5.6267794488188976
20
-4.183366811023622
11
5.6235229527559056
21
-4.18011031496063
0
LINE
8
BLACK
6
CONTINUOUS
10
5.6235229527559056
20
-4.18011031496063
11
5.6235228740157481
21
-4.1801102755905513
0
LINE
8
BLACK
6
CONTINUOUS
10
5.6235228740157481
20
-4.1801102755905513
11
5.6193856299212595
21
-4.1780876771653546
0
LINE
8
BLACK
6
CONTINUOUS
10
5.6193856299212595
20
-4.1780876771653546
11
5.6183125590551182
21
-4.1779313385826775
0
LINE
8
BLACK
6
CONTINUOUS
10
5.6183125590551182
20
-4.1779313385826775
11
5.6167031496062991
21
-4.1776968503937004
0
LINE
8
BLACK
6
CONTINUOUS
10
5.6167031496062991
20
-4.1776968503937004
11
5.5737299212598428
21
-4.1776968503937004
0
LINE
8
BLACK
6
CONTINUOUS
10
5.5737299212598428
20
-4.1776968503937004
11
5.5723887007874016
21
-4.1778922440944877
0
LINE
8
BLACK
6
CONTINUOUS
10
5.5723887007874016
20
-4.1778922440944877
11
5.5710474015748028
21
-4.1780876771653546
0
LINE
8
BLACK
6
CONTINUOUS
10
5.5710474015748028
20
-4.1780876771653546
11
5.566910157480315
21
-4.1801102755905513
0
LINE
8
BLACK
6
CONTINUOUS
10
5.566910157480315
20
-4.1801102755905513
11
5.5636535826771656
21
-4.1833668503937007
0
LINE
8
BLACK
6
CONTINUOUS
10
5.5636535826771656
20
-4.1833668503937007
11
5.561630984251968
21
-4.1875040944881885
0
LINE
8
BLACK
6
CONTINUOUS
10
5.561630984251968
20
-4.1875040944881885
11
5.561435551181102
21
-4.1888453937007872
0
LINE
8
BLACK
6
CONTINUOUS
10
5.561435551181102
20
-4.1888453937007872
11
5.5612401574803147
21
-4.1901866141732285
0
LINE
8
BLACK
6
CONTINUOUS
10
5.5612401574803147
20
-4.1901866141732285
11
5.5612401574803147
21
-4.2046165354330709
0
LINE
8
BLACK
6
CONTINUOUS
10
5.541889763779527
20
-3.7290944488188975
11
5.5418898031496058
21
-3.7290944881889763
0
LINE
8
BLACK
6
CONTINUOUS
10
5.5418898031496058
20
-3.7290944881889763
11
5.5537007874015742
21
-3.7290944881889763
0
LINE
8
BLACK
6
CONTINUOUS
10
5.5537007874015742
20
-3.7290944881889763
11
5.5541503149606299
21
-3.7268345275590549
0
LINE
8
BLACK
6
CONTINUOUS
10
5.5541503149606299
20
-3.7268345275590549
11
5.5554304724409445
21
-3.7249186614173229
0
LINE
8
BLACK
6
CONTINUOUS
10
5.5554304724409445
20
-3.7249186614173229
11
5.5573463385826773
21
-3.7236385039370079
0
LINE
8
BLACK
6
CONTINUOUS
10
5.5573463385826773
20
-3.7236385039370079
11
5.5596062992125983
21
-3.7231889763779527
0
LINE
8
BLACK
6
CONTINUOUS
10
5.5596062992125983
20
-3.7231889763779527
11
5.5698141338582676
21
-3.7231889763779527
0
LINE
8
BLACK
6
CONTINUOUS
10
5.5698141338582676
20
-3.7231889763779527
11
5.5707435433070867
21
-3.7222595669291336
0
LINE
8
BLACK
6
CONTINUOUS
10
5.5707435433070867
20
-3.7222595669291336
11
5.5751335826771653
21
-3.7200227165354329
0
LINE
8
BLACK
6
CONTINUOUS
10
5.5751335826771653
20
-3.7200227165354329
11
5.5800000000000001
21
-3.7192519685039369
0
LINE
8
BLACK
6
CONTINUOUS
10
5.5800000000000001
20
-3.7192519685039369
11
5.5848664173228348
21
-3.7200227165354329
0
LINE
8
BLACK
6
CONTINUOUS
10
5.5848664173228348
20
-3.7200227165354329
11
5.5892564566929135
21
-3.7222595669291336
0
LINE
8
BLACK
6
CONTINUOUS
10
5.5892564566929135
20
-3.7222595669291336
11
5.5901858661417325
21
-3.7231889763779527
0
LINE
8
BLACK
6
CONTINUOUS
10
5.5901858661417325
20
-3.7231889763779527
11
5.5999606299212594
21
-3.7231889763779527
0
LINE
8
BLACK
6
CONTINUOUS
10
5.5999606299212594
20
-3.7231889763779527
11
5.6022205905511813
21
-3.7236385039370079
0
LINE
8
BLACK
6
CONTINUOUS
10
5.6022205905511813
20
-3.7236385039370079
11
5.6041364566929133
21
-3.7249186614173229
0
LINE
8
BLACK
6
CONTINUOUS
10
5.6041364566929133
20
-3.7249186614173229
11
5.6054166141732278
21
-3.7268345275590549
0
LINE
8
BLACK
6
CONTINUOUS
10
5.6054166141732278
20
-3.7268345275590549
11
5.6058661417322835
21
-3.7290944881889763
0
LINE
8
BLACK
6
CONTINUOUS
10
5.6058661417322835
20
-3.7290944881889763
11
5.6182917322834642
21
-3.7290944881889763
0
LINE
8
BLACK
6
CONTINUOUS
10
5.6182917322834642
20
-3.7290944881889763
11
5.6183984251968502
21
-3.7290401181102362
0
LINE
8
BLACK
6
CONTINUOUS
10
5.6183984251968502
20
-3.7290401181102362
11
5.6190081496062989
21
-3.7289921259842518
0
LINE
8
BLACK
6
CONTINUOUS
10
5.6190081496062989
20
-3.7289921259842518
11
5.6308735826771654
21
-3.7289921259842518
0
LINE
8
BLACK
6
CONTINUOUS
10
5.6308735826771654
20
-3.7289921259842518
11
5.6312148425196851
21
-3.7272765354330706
0
LINE
8
BLACK
6
CONTINUOUS
10
5.6312148425196851
20
-3.7272765354330706
11
5.6324096456692914
21
-3.7254883858267718
0
LINE
8
BLACK
6
CONTINUOUS
10
5.6324096456692914
20
-3.7254883858267718
11
5.6341977952755906
21
-3.7242935826771655
0
LINE
8
BLACK
6
CONTINUOUS
10
5.6341977952755906
20
-3.7242935826771655
11
5.6363070866141731
21
-3.7238740157480312
0
LINE
8
BLACK
6
CONTINUOUS
10
5.6363070866141731
20
-3.7238740157480312
11
5.6496929133858265
21
-3.7238740157480312
0
LINE
8
BLACK
6
CONTINUOUS
10
5.6496929133858265
20
-3.7238740157480312
11
5.651802204724409
21
-3.7242935826771655
0
LINE
8
BLACK
6
CONTINUOUS
10
5.651802204724409
20
-3.7242935826771655
11
5.6535903543307082
21
-3.7254883858267718
0
LINE
8
BLACK
6
CONTINUOUS
10
5.6535903543307082
20
-3.7254883858267718
11
5.6547851574803145
21
-3.7272765354330706
0
LINE
8
BLACK
6
CONTINUOUS
10
5.6547851574803145
20
-3.7272765354330706
11
5.6552047244094483
21
-3.7293858267716535
0
LINE
8
BLACK
6
CONTINUOUS
10
5.6552047244094483
20
-3.7293858267716535
11
5.6552047244094483
21
-3.7404094488188977
0
LINE
8
BLACK
6
CONTINUOUS
10
5.6552047244094483
20
-3.7404094488188977
11
5.6547851574803145
21
-3.7425187401574802
0
LINE
8
BLACK
6
CONTINUOUS
10
5.6547851574803145
20
-3.7425187401574802
11
5.6535903543307082
21
-3.7443068897637795
0
LINE
8
BLACK
6
CONTINUOUS
10
5.6535903543307082
20
-3.7443068897637795
11
5.651802204724409
21
-3.7455016929133857
0
LINE
8
BLACK
6
CONTINUOUS
10
5.651802204724409
20
-3.7455016929133857
11
5.6496929133858265
21
-3.7459212598425196
0
LINE
8
BLACK
6
CONTINUOUS
10
5.6496929133858265
20
-3.7459212598425196
11
5.6363070866141731
21
-3.7459212598425196
0
LINE
8
BLACK
6
CONTINUOUS
10
5.6363070866141731
20
-3.7459212598425196
11
5.6341977952755906
21
-3.7455016929133857
0
LINE
8
BLACK
6
CONTINUOUS
10
5.6341977952755906
20
-3.7455016929133857
11
5.6324096456692914
21
-3.7443068897637795
0
LINE
8
BLACK
6
CONTINUOUS
10
5.6324096456692914
20
-3.7443068897637795
11
5.6312148425196851
21
-3.7425187401574802
0
LINE
8
BLACK
6
CONTINUOUS
10
5.6312148425196851
20
-3.7425187401574802
11
5.6308759842519684
21
-3.7408153543307088
0
LINE
8
BLACK
6
CONTINUOUS
10
5.6308759842519684
20
-3.7408153543307088
11
5.6183019291338585
21
-3.7408376377952757
0
LINE
8
BLACK
6
CONTINUOUS
10
5.6183019291338585
20
-3.7408376377952757
11
5.6182629921259846
21
-3.7408575196850391
0
LINE
8
BLACK
6
CONTINUOUS
10
5.6182629921259846
20
-3.7408575196850391
11
5.6176532677165349
21
-3.7409055118110235
0
LINE
8
BLACK
6
CONTINUOUS
10
5.6176532677165349
20
-3.7409055118110235
11
5.6058661417322835
21
-3.7409055118110235
0
LINE
8
BLACK
6
CONTINUOUS
10
5.6058661417322835
20
-3.7409055118110235
11
5.6054166141732278
21
-3.7431654724409449
0
LINE
8
BLACK
6
CONTINUOUS
10
5.6054166141732278
20
-3.7431654724409449
11
5.6041364566929133
21
-3.7450813385826769
0
LINE
8
BLACK
6
CONTINUOUS
10
5.6041364566929133
20
-3.7450813385826769
11
5.6022205905511813
21
-3.7463614960629918
0
LINE
8
BLACK
6
CONTINUOUS
10
5.6022205905511813
20
-3.7463614960629918
11
5.5999606299212594
21
-3.7468110236220471
0
LINE
8
BLACK
6
CONTINUOUS
10
5.5999606299212594
20
-3.7468110236220471
11
5.5901858661417325
21
-3.7468110236220471
0
LINE
8
BLACK
6
CONTINUOUS
10
5.5901858661417325
20
-3.7468110236220471
11
5.5892564566929135
21
-3.7477404330708661
0
LINE
8
BLACK
6
CONTINUOUS
10
5.5892564566929135
20
-3.7477404330708661
11
5.5848664173228348
21
-3.7499772834645668
0
LINE
8
BLACK
6
CONTINUOUS
10
5.5848664173228348
20
-3.7499772834645668
11
5.5800000000000001
21
-3.7507480314960628
0
LINE
8
BLACK
6
CONTINUOUS
10
5.5800000000000001
20
-3.7507480314960628
11
5.5751335826771653
21
-3.7499772834645668
0
LINE
8
BLACK
6
CONTINUOUS
10
5.5751335826771653
20
-3.7499772834645668
11
5.5707435433070867
21
-3.7477404330708661
0
LINE
8
BLACK
6
CONTINUOUS
10
5.5707435433070867
20
-3.7477404330708661
11
5.5698141338582676
21
-3.7468110236220471
0
LINE
8
BLACK
6
CONTINUOUS
10
5.5698141338582676
20
-3.7468110236220471
11
5.5596062992125983
21
-3.7468110236220471
0
LINE
8
BLACK
6
CONTINUOUS
10
5.5596062992125983
20
-3.7468110236220471
11
5.5573463385826773
21
-3.7463614960629918
0
LINE
8
BLACK
6
CONTINUOUS
10
5.5573463385826773
20
-3.7463614960629918
11
5.5554304724409445
21
-3.7450813385826769
0
LINE
8
BLACK
6
CONTINUOUS
10
5.5554304724409445
20
-3.7450813385826769
11
5.5541503149606299
21
-3.7431654724409449
0
LINE
8
BLACK
6
CONTINUOUS
10
5.5541503149606299
20
-3.7431654724409449
11
5.5537007874015742
21
-3.7409055118110235
0
LINE
8
BLACK
6
CONTINUOUS
10
5.5537007874015742
20
-3.7409055118110235
11
5.5418898425196845
21
-3.7409055118110235
0
LINE
8
BLACK
6
CONTINUOUS
10
5.5418898425196845
20
-3.7409055118110235
11
5.5418898031496058
21
-3.7409055511811022
0
LINE
8
BLACK
6
CONTINUOUS
10
5.5418898031496058
20
-3.7409055511811022
11
5.5418898031496058
21
-3.7430394881889764
0
LINE
8
BLACK
6
CONTINUOUS
10
5.5418898031496058
20
-3.7430394881889764
11
5.5420019685039366
21
-3.7442362204724406
0
LINE
8
BLACK
6
CONTINUOUS
10
5.5420019685039366
20
-3.7442362204724406
11
5.5420019685039366
21
-3.7442362992125982
0
LINE
8
BLACK
6
CONTINUOUS
10
5.5420019685039366
20
-3.7442362992125982
11
5.5437659055118109
21
-3.7492774409448817
0
LINE
8
BLACK
6
CONTINUOUS
10
5.5437659055118109
20
-3.7492774409448817
11
5.5469372834645672
21
-3.7535744094488188
0
LINE
8
BLACK
6
CONTINUOUS
10
5.5469372834645672
20
-3.7535744094488188
11
5.5469374409448822
21
-3.7535745669291338
0
LINE
8
BLACK
6
CONTINUOUS
10
5.5469374409448822
20
-3.7535745669291338
11
5.5469879527559049
21
-3.7536118503937006
0
LINE
8
BLACK
6
CONTINUOUS
10
5.5469879527559049
20
-3.7536118503937006
11
5.5470211417322837
21
-3.7536582677165353
0
LINE
8
BLACK
6
CONTINUOUS
10
5.5470211417322837
20
-3.7536582677165353
11
5.5471438976377954
21
-3.753781023622047
0
LINE
8
BLACK
6
CONTINUOUS
10
5.5471438976377954
20
-3.753781023622047
11
5.5471235039370077
21
-3.7538013779527559
0
LINE
8
BLACK
6
CONTINUOUS
10
5.5471235039370077
20
-3.7538013779527559
11
5.5483892519685041
21
-3.7555711811023622
0
LINE
8
BLACK
6
CONTINUOUS
10
5.5483892519685041
20
-3.7555711811023622
11
5.5483712992125982
21
-3.7579799999999999
0
LINE
8
BLACK
6
CONTINUOUS
10
5.5483712992125982
20
-3.7579799999999999
11
5.5481751181102359
21
-3.7584597244094486
0
LINE
8
BLACK
6
CONTINUOUS
10
5.5481751181102359
20
-3.7584597244094486
11
5.5461979133858268
21
-3.7625040944881887
0
LINE
8
BLACK
6
CONTINUOUS
10
5.5461979133858268
20
-3.7625040944881887
11
5.5461979133858268
21
-3.7625042125984249
0
LINE
8
BLACK
6
CONTINUOUS
10
5.5461979133858268
20
-3.7625042125984249
11
5.5458070866141735
21
-3.7651866141732282
0
LINE
8
BLACK
6
CONTINUOUS
10
5.5458070866141735
20
-3.7651866141732282
11
5.5458070866141735
21
-3.7796165354330706
0
LINE
8
BLACK
6
CONTINUOUS
10
5.5458070866141735
20
-3.7796165354330706
11
5.5460411417322835
21
-3.7812230314960629
0
LINE
8
BLACK
6
CONTINUOUS
10
5.5460411417322835
20
-3.7812230314960629
11
5.5461979133858268
21
-3.7822990157480314
0
LINE
8
BLACK
6
CONTINUOUS
10
5.5461979133858268
20
-3.7822990157480314
11
5.5476889370078739
21
-3.7853488976377951
0
LINE
8
BLACK
6
CONTINUOUS
10
5.5476889370078739
20
-3.7853488976377951
11
5.5482205511811022
21
-3.7864363385826771
0
LINE
8
BLACK
6
CONTINUOUS
10
5.5482205511811022
20
-3.7864363385826771
11
5.5514770472440942
21
-3.7896928346456691
0
LINE
8
BLACK
6
CONTINUOUS
10
5.5514770472440942
20
-3.7896928346456691
11
5.5535308267716532
21
-3.7906968503937009
0
LINE
8
BLACK
6
CONTINUOUS
10
5.5535308267716532
20
-3.7906968503937009
11
5.5556143307086616
21
-3.7917154330708662
0
LINE
8
BLACK
6
CONTINUOUS
10
5.5556143307086616
20
-3.7917154330708662
11
5.5556143700787404
21
-3.7917154330708662
0
LINE
8
BLACK
6
CONTINUOUS
10
5.5556143700787404
20
-3.7917154330708662
11
5.5556144488188979
21
-3.791715472440945
0
LINE
8
BLACK
6
CONTINUOUS
10
5.5556144488188979
20
-3.791715472440945
11
5.5582968503937007
21
-3.7921062992125982
0
LINE
8
BLACK
6
CONTINUOUS
10
5.5582968503937007
20
-3.7921062992125982
11
5.558296968503937
21
-3.7921062992125982
0
LINE
8
BLACK
6
CONTINUOUS
10
5.558296968503937
20
-3.7921062992125982
11
5.6012699606299208
21
-3.7921062992125982
0
LINE
8
BLACK
6
CONTINUOUS
10
5.6012699606299208
20
-3.7921062992125982
11
5.601270078740157
21
-3.7921062992125982
0
LINE
8
BLACK
6
CONTINUOUS
10
5.601270078740157
20
-3.7921062992125982
11
5.6039524803149607
21
-3.791715472440945
0
LINE
8
BLACK
6
CONTINUOUS
10
5.6039524803149607
20
-3.791715472440945
11
5.6080898818897635
21
-3.7896928346456691
0
LINE
8
BLACK
6
CONTINUOUS
10
5.6080898818897635
20
-3.7896928346456691
11
5.6089659448818896
21
-3.788816771653543
0
LINE
8
BLACK
6
CONTINUOUS
10
5.6089659448818896
20
-3.788816771653543
11
5.6098419685039369
21
-3.7879407874015749
0
LINE
8
BLACK
6
CONTINUOUS
10
5.6098419685039369
20
-3.7879407874015749
11
5.6119883070866141
21
-3.7868472047244093
0
LINE
8
BLACK
6
CONTINUOUS
10
5.6119883070866141
20
-3.7868472047244093
11
5.6125979921259841
21
-3.7867992125984249
0
LINE
8
BLACK
6
CONTINUOUS
10
5.6125979921259841
20
-3.7867992125984249
11
5.6534055118110231
21
-3.7867992125984249
0
LINE
8
BLACK
6
CONTINUOUS
10
5.6534055118110231
20
-3.7867992125984249
11
5.6556964960629923
21
-3.7875435826771651
0
LINE
8
BLACK
6
CONTINUOUS
10
5.6556964960629923
20
-3.7875435826771651
11
5.6571124015748033
21
-3.7894924015748033
0
LINE
8
BLACK
6
CONTINUOUS
10
5.6571124015748033
20
-3.7894924015748033
11
5.6573031496062987
21
-3.7906968503937009
0
LINE
8
BLACK
6
CONTINUOUS
10
5.6573031496062987
20
-3.7906968503937009
11
5.6573031496062987
21
-3.819021377952756
0
LINE
8
BLACK
6
CONTINUOUS
10
5.6573031496062987
20
-3.819021377952756
11
5.6576740944881889
21
-3.8204058267716534
0
LINE
8
BLACK
6
CONTINUOUS
10
5.6576740944881889
20
-3.8204058267716534
11
5.6578918110236218
21
-3.8212183858267714
0
LINE
8
BLACK
6
CONTINUOUS
10
5.6578918110236218
20
-3.8212183858267714
11
5.658078070866142
21
-3.8219134251968505
0
LINE
8
BLACK
6
CONTINUOUS
10
5.658078070866142
20
-3.8219134251968505
11
5.6582435433070861
21
-3.8225309842519684
0
LINE
8
BLACK
6
CONTINUOUS
10
5.6582435433070861
20
-3.8225309842519684
11
5.6600602362204722
21
-3.8256775984251967
0
LINE
8
BLACK
6
CONTINUOUS
10
5.6600602362204722
20
-3.8256775984251967
11
5.6823224015748028
21
-3.8479397637795274
0
LINE
8
BLACK
6
CONTINUOUS
10
5.6823224015748028
20
-3.8479397637795274
11
5.6852757480314962
21
-3.8496448818897635
0
LINE
8
BLACK
6
CONTINUOUS
10
5.6852757480314962
20
-3.8496448818897635
11
5.6854690157480317
21
-3.8497564566929134
0
LINE
8
BLACK
6
CONTINUOUS
10
5.6854690157480317
20
-3.8497564566929134
11
5.6889786220472436
21
-3.8506968503937009
0
LINE
8
BLACK
6
CONTINUOUS
10
5.6889786220472436
20
-3.8506968503937009
11
5.6956696850393698
21
-3.8506968503937009
0
LINE
8
BLACK
6
CONTINUOUS
10
5.6956696850393698
20
-3.8506968503937009
11
5.697960669291338
21
-3.8514412204724406
0
LINE
8
BLACK
6
CONTINUOUS
10
5.697960669291338
20
-3.8514412204724406
11
5.6984257480314957
21
-3.8518384251968505
0
LINE
8
BLACK
6
CONTINUOUS
10
5.6984257480314957
20
-3.8518384251968505
11
5.7285349606299212
21
-3.8819476377952755
0
LINE
8
BLACK
6
CONTINUOUS
10
5.7285349606299212
20
-3.8819476377952755
11
5.731574566929134
21
-3.8837025590551182
0
LINE
8
BLACK
6
CONTINUOUS
10
5.731574566929134
20
-3.8837025590551182
11
5.7316815748031491
21
-3.8837643307086611
0
LINE
8
BLACK
6
CONTINUOUS
10
5.7316815748031491
20
-3.8837643307086611
11
5.7351911811023619
21
-3.8847047244094486
0
LINE
8
BLACK
6
CONTINUOUS
10
5.7351911811023619
20
-3.8847047244094486
11
5.7351912204724407
21
-3.8847047244094486
0
LINE
8
BLACK
6
CONTINUOUS
10
5.7351912204724407
20
-3.8847047244094486
11
5.738824566929134
21
-3.8847047244094486
0
LINE
8
BLACK
6
CONTINUOUS
10
5.738824566929134
20
-3.8847047244094486
11
5.7393626771653539
21
-3.8847047244094486
0
LINE
8
BLACK
6
CONTINUOUS
10
5.7393626771653539
20
-3.8847047244094486
11
5.741653661417323
21
-3.8854490944881888
0
LINE
8
BLACK
6
CONTINUOUS
10
5.741653661417323
20
-3.8854490944881888
11
5.7421184645669294
21
-3.8858460629921261
0
LINE
8
BLACK
6
CONTINUOUS
10
5.7421184645669294
20
-3.8858460629921261
11
5.7444691732283459
21
-3.888196771653543
0
LINE
8
BLACK
6
CONTINUOUS
10
5.7444691732283459
20
-3.888196771653543
11
5.7465860236220472
21
-3.8892316141732284
0
LINE
8
BLACK
6
CONTINUOUS
10
5.7465860236220472
20
-3.8892316141732284
11
5.7486064566929134
21
-3.8902193700787402
0
LINE
8
BLACK
6
CONTINUOUS
10
5.7486064566929134
20
-3.8902193700787402
11
5.7486064960629921
21
-3.8902193700787402
0
LINE
8
BLACK
6
CONTINUOUS
10
5.7486064960629921
20
-3.8902193700787402
11
5.7486065748031496
21
-3.8902194094488189
0
LINE
8
BLACK
6
CONTINUOUS
10
5.7486065748031496
20
-3.8902194094488189
11
5.7512889763779524
21
-3.8906102362204722
0
LINE
8
BLACK
6
CONTINUOUS
10
5.7512889763779524
20
-3.8906102362204722
11
5.7512890944881887
21
-3.8906102362204722
0
LINE
8
BLACK
6
CONTINUOUS
10
5.7512890944881887
20
-3.8906102362204722
11
5.8090258661417318
21
-3.8906102362204722
0
LINE
8
BLACK
6
CONTINUOUS
10
5.8090258661417318
20
-3.8906102362204722
11
5.809025984251968
21
-3.8906102362204722
0
LINE
8
BLACK
6
CONTINUOUS
10
5.809025984251968
20
-3.8906102362204722
11
5.8117083858267717
21
-3.8902194094488189
0
LINE
8
BLACK
6
CONTINUOUS
10
5.8117083858267717
20
-3.8902194094488189
11
5.8158457874015745
21
-3.888196771653543
0
LINE
8
BLACK
6
CONTINUOUS
10
5.8158457874015745
20
-3.888196771653543
11
5.8181962992125982
21
-3.8858462204724407
0
LINE
8
BLACK
6
CONTINUOUS
10
5.8181962992125982
20
-3.8858462204724407
11
5.8203425590551179
21
-3.884752716535433
0
LINE
8
BLACK
6
CONTINUOUS
10
5.8203425590551179
20
-3.884752716535433
11
5.8209522834645666
21
-3.8847047244094486
0
LINE
8
BLACK
6
CONTINUOUS
10
5.8209522834645666
20
-3.8847047244094486
11
5.8355751968503933
21
-3.8847047244094486
0
LINE
8
BLACK
6
CONTINUOUS
10
5.8355751968503933
20
-3.8847047244094486
11
5.8378661811023624
21
-3.8854490944881888
0
LINE
8
BLACK
6
CONTINUOUS
10
5.8378661811023624
20
-3.8854490944881888
11
5.8383312598425192
21
-3.8858462992125982
0
LINE
8
BLACK
6
CONTINUOUS
10
5.8383312598425192
20
-3.8858462992125982
11
5.844182677165354
21
-3.8916977165354329
0
LINE
8
BLACK
6
CONTINUOUS
10
5.844182677165354
20
-3.8916977165354329
11
5.8452762598425192
21
-3.8938440551181102
0
LINE
8
BLACK
6
CONTINUOUS
10
5.8452762598425192
20
-3.8938440551181102
11
5.8448994488188974
21
-3.8962232677165352
0
LINE
8
BLACK
6
CONTINUOUS
10
5.8448994488188974
20
-3.8962232677165352
11
5.8431961023622048
21
-3.8979266141732283
0
LINE
8
BLACK
6
CONTINUOUS
10
5.8431961023622048
20
-3.8979266141732283
11
5.8429181889763777
21
-3.8980547244094486
0
LINE
8
BLACK
6
CONTINUOUS
10
5.8429181889763777
20
-3.8980547244094486
11
5.8428833858267719
21
-3.8980690944881888
0
LINE
8
BLACK
6
CONTINUOUS
10
5.8428833858267719
20
-3.8980690944881888
11
5.8428833858267719
21
-3.8980691338582676
0
LINE
8
BLACK
6
CONTINUOUS
10
5.8428833858267719
20
-3.8980691338582676
11
5.8425701968503931
21
-3.8981988582677163
0
LINE
8
BLACK
6
CONTINUOUS
10
5.8425701968503931
20
-3.8981988582677163
11
5.8371322834645669
21
-3.9004512992125981
0
LINE
8
BLACK
6
CONTINUOUS
10
5.8371322834645669
20
-3.9004512992125981
11
5.8321938188976379
21
-3.9042406692913385
0
LINE
8
BLACK
6
CONTINUOUS
10
5.8321938188976379
20
-3.9042406692913385
11
5.8321935039370079
21
-3.9042409842519685
0
LINE
8
BLACK
6
CONTINUOUS
10
5.8321935039370079
20
-3.9042409842519685
11
5.8317692519685034
21
-3.9047939370078741
0
LINE
8
BLACK
6
CONTINUOUS
10
5.8317692519685034
20
-3.9047939370078741
11
5.8297840551181102
21
-3.9061583858267714
0
LINE
8
BLACK
6
CONTINUOUS
10
5.8297840551181102
20
-3.9061583858267714
11
5.828677007874016
21
-3.9063188976377954
0
LINE
8
BLACK
6
CONTINUOUS
10
5.828677007874016
20
-3.9063188976377954
11
5.8209522834645666
21
-3.9063188976377954
0
LINE
8
BLACK
6
CONTINUOUS
10
5.8209522834645666
20
-3.9063188976377954
11
5.8186612992125983
21
-3.9055745275590552
0
LINE
8
BLACK
6
CONTINUOUS
10
5.8186612992125983
20
-3.9055745275590552
11
5.8181964566929132
21
-3.9051775196850391
0
LINE
8
BLACK
6
CONTINUOUS
10
5.8181964566929132
20
-3.9051775196850391
11
5.8158457874015745
21
-3.9028268503937009
0
LINE
8
BLACK
6
CONTINUOUS
10
5.8158457874015745
20
-3.9028268503937009
11
5.8151788188976381
21
-3.9025007874015749
0
LINE
8
BLACK
6
CONTINUOUS
10
5.8151788188976381
20
-3.9025007874015749
11
5.8117084645669292
21
-3.900804212598425
0
LINE
8
BLACK
6
CONTINUOUS
10
5.8117084645669292
20
-3.900804212598425
11
5.8104572834645669
21
-3.900621929133858
0
LINE
8
BLACK
6
CONTINUOUS
10
5.8104572834645669
20
-3.900621929133858
11
5.809025984251968
21
-3.9004133858267718
0
LINE
8
BLACK
6
CONTINUOUS
10
5.809025984251968
20
-3.9004133858267718
11
5.7512889763779524
21
-3.9004133858267718
0
LINE
8
BLACK
6
CONTINUOUS
10
5.7512889763779524
20
-3.9004133858267718
11
5.7499477559055121
21
-3.900608779527559
0
LINE
8
BLACK
6
CONTINUOUS
10
5.7499477559055121
20
-3.900608779527559
11
5.7486064566929134
21
-3.900804212598425
0
LINE
8
BLACK
6
CONTINUOUS
10
5.7486064566929134
20
-3.900804212598425
11
5.7444692125984247
21
-3.9028268110236222
0
LINE
8
BLACK
6
CONTINUOUS
10
5.7444692125984247
20
-3.9028268110236222
11
5.7412126377952752
21
-3.9060833858267716
0
LINE
8
BLACK
6
CONTINUOUS
10
5.7412126377952752
20
-3.9060833858267716
11
5.7391900393700785
21
-3.9102206299212598
0
LINE
8
BLACK
6
CONTINUOUS
10
5.7391900393700785
20
-3.9102206299212598
11
5.7391900393700785
21
-3.9102207480314961
0
LINE
8
BLACK
6
CONTINUOUS
10
5.7391900393700785
20
-3.9102207480314961
11
5.7387992125984253
21
-3.9129031496062989
0
LINE
8
BLACK
6
CONTINUOUS
10
5.7387992125984253
20
-3.9129031496062989
11
5.7387992125984253
21
-3.9273330708661418
0
LINE
8
BLACK
6
CONTINUOUS
10
5.7387992125984253
20
-3.9273330708661418
11
5.7390597637795278
21
-3.9291213385826769
0
LINE
8
BLACK
6
CONTINUOUS
10
5.7390597637795278
20
-3.9291213385826769
11
5.7391900393700785
21
-3.9300155511811021
0
LINE
8
BLACK
6
CONTINUOUS
10
5.7391900393700785
20
-3.9300155511811021
11
5.7407068503937007
21
-3.933118188976378
0
LINE
8
BLACK
6
CONTINUOUS
10
5.7407068503937007
20
-3.933118188976378
11
5.741212677165354
21
-3.9341528740157479
0
LINE
8
BLACK
6
CONTINUOUS
10
5.741212677165354
20
-3.9341528740157479
11
5.7444691732283459
21
-3.9374093700787403
0
LINE
8
BLACK
6
CONTINUOUS
10
5.7444691732283459
20
-3.9374093700787403
11
5.7465860236220472
21
-3.9384442125984251
0
LINE
8
BLACK
6
CONTINUOUS
10
5.7465860236220472
20
-3.9384442125984251
11
5.7486064566929134
21
-3.939431968503937
0
LINE
8
BLACK
6
CONTINUOUS
10
5.7486064566929134
20
-3.939431968503937
11
5.7486064960629921
21
-3.939431968503937
0
LINE
8
BLACK
6
CONTINUOUS
10
5.7486064960629921
20
-3.939431968503937
11
5.7486065748031496
21
-3.9394320078740157
0
LINE
8
BLACK
6
CONTINUOUS
10
5.7486065748031496
20
-3.9394320078740157
11
5.7512889763779524
21
-3.9398228346456694
0
LINE
8
BLACK
6
CONTINUOUS
10
5.7512889763779524
20
-3.9398228346456694
11
5.7512890944881887
21
-3.9398228346456694
0
LINE
8
BLACK
6
CONTINUOUS
10
5.7512890944881887
20
-3.9398228346456694
11
5.8090258661417318
21
-3.9398228346456694
0
LINE
8
BLACK
6
CONTINUOUS
10
5.8090258661417318
20
-3.9398228346456694
11
5.809025984251968
21
-3.9398228346456694
0
LINE
8
BLACK
6
CONTINUOUS
10
5.809025984251968
20
-3.9398228346456694
11
5.8117083858267717
21
-3.9394320078740157
0
LINE
8
BLACK
6
CONTINUOUS
10
5.8117083858267717
20
-3.9394320078740157
11
5.8158457874015745
21
-3.9374093700787403
0
LINE
8
BLACK
6
CONTINUOUS
10
5.8158457874015745
20
-3.9374093700787403
11
5.8181962992125982
21
-3.9350588188976379
0
LINE
8
BLACK
6
CONTINUOUS
10
5.8181962992125982
20
-3.9350588188976379
11
5.8203425590551179
21
-3.9339653149606297
0
LINE
8
BLACK
6
CONTINUOUS
10
5.8203425590551179
20
-3.9339653149606297
11
5.8209522834645666
21
-3.9339173228346458
0
LINE
8
BLACK
6
CONTINUOUS
10
5.8209522834645666
20
-3.9339173228346458
11
5.8271665354330704
21
-3.9339173228346458
0
LINE
8
BLACK
6
CONTINUOUS
10
5.8271665354330704
20
-3.9339173228346458
11
5.8294575196850396
21
-3.9346616929133855
0
LINE
8
BLACK
6
CONTINUOUS
10
5.8294575196850396
20
-3.9346616929133855
11
5.8302586614173224
21
-3.9354421653543308
0
LINE
8
BLACK
6
CONTINUOUS
10
5.8302586614173224
20
-3.9354421653543308
11
5.8321936220472441
21
-3.9379638582677163
0
LINE
8
BLACK
6
CONTINUOUS
10
5.8321936220472441
20
-3.9379638582677163
11
5.8321937795275591
21
-3.9379639763779526
0
LINE
8
BLACK
6
CONTINUOUS
10
5.8321937795275591
20
-3.9379639763779526
11
5.8321938188976379
21
-3.9379640157480313
0
LINE
8
BLACK
6
CONTINUOUS
10
5.8321938188976379
20
-3.9379640157480313
11
5.8324644881889762
21
-3.9381716929133859
0
LINE
8
BLACK
6
CONTINUOUS
10
5.8324644881889762
20
-3.9381716929133859
11
5.8371322440944882
21
-3.9417533858267717
0
LINE
8
BLACK
6
CONTINUOUS
10
5.8371322440944882
20
-3.9417533858267717
11
5.8371322834645669
21
-3.9417533858267717
0
LINE
8
BLACK
6
CONTINUOUS
10
5.8371322834645669
20
-3.9417533858267717
11
5.8371323228346457
21
-3.9417534251968505
0
LINE
8
BLACK
6
CONTINUOUS
10
5.8371323228346457
20
-3.9417534251968505
11
5.8412202362204724
21
-3.9434466929133856
0
LINE
8
BLACK
6
CONTINUOUS
10
5.8412202362204724
20
-3.9434466929133856
11
5.8428833858267719
21
-3.944135590551181
0
LINE
8
BLACK
6
CONTINUOUS
10
5.8428833858267719
20
-3.944135590551181
11
5.8475121653543303
21
-3.944744960629921
0
LINE
8
BLACK
6
CONTINUOUS
10
5.8475121653543303
20
-3.944744960629921
11
5.8490550787401574
21
-3.9449481102362203
0
LINE
8
BLACK
6
CONTINUOUS
10
5.8490550787401574
20
-3.9449481102362203
11
5.8490551181102362
21
-3.9449481102362203
0
LINE
8
BLACK
6
CONTINUOUS
10
5.8490551181102362
20
-3.9449481102362203
11
5.8490551574803149
21
-3.9449481102362203
0
LINE
8
BLACK
6
CONTINUOUS
10
5.8490551574803149
20
-3.9449481102362203
11
5.8502894488188977
21
-3.9447855905511808
0
LINE
8
BLACK
6
CONTINUOUS
10
5.8502894488188977
20
-3.9447855905511808
11
5.8552268503937004
21
-3.944135590551181
0
LINE
8
BLACK
6
CONTINUOUS
10
5.8552268503937004
20
-3.944135590551181
11
5.8609779921259841
21
-3.9417533858267717
0
LINE
8
BLACK
6
CONTINUOUS
10
5.8609779921259841
20
-3.9417533858267717
11
5.8619304330708664
21
-3.9410225196850392
0
LINE
8
BLACK
6
CONTINUOUS
10
5.8619304330708664
20
-3.9410225196850392
11
5.8642010629921257
21
-3.9402184251968504
0
LINE
8
BLACK
6
CONTINUOUS
10
5.8642010629921257
20
-3.9402184251968504
11
5.8665107480314962
21
-3.9409025590551181
0
LINE
8
BLACK
6
CONTINUOUS
10
5.8665107480314962
20
-3.9409025590551181
11
5.8679772047244096
21
-3.9428136220472441
0
LINE
8
BLACK
6
CONTINUOUS
10
5.8679772047244096
20
-3.9428136220472441
11
5.8682007874015749
21
-3.9441147244094488
0
LINE
8
BLACK
6
CONTINUOUS
10
5.8682007874015749
20
-3.9441147244094488
11
5.8682007874015749
21
-4.0016696850393698
0
LINE
8
BLACK
6
CONTINUOUS
10
5.8682007874015749
20
-4.0016696850393698
11
5.8674564173228347
21
-4.0039606692913381
0
LINE
8
BLACK
6
CONTINUOUS
10
5.8674564173228347
20
-4.0039606692913381
11
5.8670592125984253
21
-4.0044257480314958
0
LINE
8
BLACK
6
CONTINUOUS
10
5.8670592125984253
20
-4.0044257480314958
11
5.830180078740157
21
-4.0413048425196854
0
LINE
8
BLACK
6
CONTINUOUS
10
5.830180078740157
20
-4.0413048425196854
11
5.8301799606299207
21
-4.0413049606299207
0
LINE
8
BLACK
6
CONTINUOUS
10
5.8301799606299207
20
-4.0413049606299207
11
5.830179921259842
21
-4.0413049212598429
0
LINE
8
BLACK
6
CONTINUOUS
10
5.830179921259842
20
-4.0413049212598429
11
5.8159579527559053
21
-4.055526968503937
0
LINE
8
BLACK
6
CONTINUOUS
10
5.8159579527559053
20
-4.055526968503937
11
5.8159578740157478
21
-4.0555270472440945
0
LINE
8
BLACK
6
CONTINUOUS
10
5.8159578740157478
20
-4.0555270472440945
11
5.8159578740157478
21
-4.0555270866141733
0
LINE
8
BLACK
6
CONTINUOUS
10
5.8159578740157478
20
-4.0555270866141733
11
5.8141411811023618
21
-4.0586737007874012
0
LINE
8
BLACK
6
CONTINUOUS
10
5.8141411811023618
20
-4.0586737007874012
11
5.8132309842519687
21
-4.062070708661417
0
LINE
8
BLACK
6
CONTINUOUS
10
5.8132309842519687
20
-4.062070708661417
11
5.8132007874015743
21
-4.0621833464566928
0
LINE
8
BLACK
6
CONTINUOUS
10
5.8132007874015743
20
-4.0621833464566928
11
5.8132007874015743
21
-4.1376696850393699
0
LINE
8
BLACK
6
CONTINUOUS
10
5.8132007874015743
20
-4.1376696850393699
11
5.8124564173228341
21
-4.1399606692913382
0
LINE
8
BLACK
6
CONTINUOUS
10
5.8124564173228341
20
-4.1399606692913382
11
5.8120589763779522
21
-4.1404259448818896
0
LINE
8
BLACK
6
CONTINUOUS
10
5.8120589763779522
20
-4.1404259448818896
11
5.8118013779527562
21
-4.1406835039370078
0
LINE
8
BLACK
6
CONTINUOUS
10
5.8118013779527562
20
-4.1406835039370078
11
5.8096550000000002
21
-4.141776929133858
0
LINE
8
BLACK
6
CONTINUOUS
10
5.8096550000000002
20
-4.141776929133858
11
5.8073983464566927
21
-4.1414596850393703
0
LINE
8
BLACK
6
CONTINUOUS
10
5.8073983464566927
20
-4.1414596850393703
11
5.8052160236220471
21
-4.1404420472440941
0
LINE
8
BLACK
6
CONTINUOUS
10
5.8052160236220471
20
-4.1404420472440941
11
5.8052160629921259
21
-4.1404420472440941
0
LINE
8
BLACK
6
CONTINUOUS
10
5.8052160629921259
20
-4.1404420472440941
11
5.8042399212598426
21
-4.1403135433070863
0
LINE
8
BLACK
6
CONTINUOUS
10
5.8042399212598426
20
-4.1403135433070863
11
5.803263818897638
21
-4.1401850393700785
0
LINE
8
BLACK
6
CONTINUOUS
10
5.803263818897638
20
-4.1401850393700785
11
5.8032637795275592
21
-4.1401850393700785
0
LINE
8
BLACK
6
CONTINUOUS
10
5.8032637795275592
20
-4.1401850393700785
11
5.7987633858267715
21
-4.1401850393700785
0
LINE
8
BLACK
6
CONTINUOUS
10
5.7987633858267715
20
-4.1401850393700785
11
5.7964724015748033
21
-4.1394406692913384
0
LINE
8
BLACK
6
CONTINUOUS
10
5.7964724015748033
20
-4.1394406692913384
11
5.7960073228346456
21
-4.139043464566929
0
LINE
8
BLACK
6
CONTINUOUS
10
5.7960073228346456
20
-4.139043464566929
11
5.782554409448819
21
-4.1255905511811024
0
LINE
8
BLACK
6
CONTINUOUS
10
5.782554409448819
20
-4.1255905511811024
11
5.7685201574803147
21
-4.111556299212598
0
LINE
8
BLACK
6
CONTINUOUS
10
5.7685201574803147
20
-4.111556299212598
11
5.7653735433070867
21
-4.1097396062992129
0
LINE
8
BLACK
6
CONTINUOUS
10
5.7653735433070867
20
-4.1097396062992129
11
5.7618639370078739
21
-4.1087992125984254
0
LINE
8
BLACK
6
CONTINUOUS
10
5.7618639370078739
20
-4.1087992125984254
11
5.7618638582677164
21
-4.1087992125984254
0
LINE
8
BLACK
6
CONTINUOUS
10
5.7618638582677164
20
-4.1087992125984254
11
5.718196377952756
21
-4.1087992125984254
0
LINE
8
BLACK
6
CONTINUOUS
10
5.718196377952756
20
-4.1087992125984254
11
5.7159053937007869
21
-4.1080548425196852
0
LINE
8
BLACK
6
CONTINUOUS
10
5.7159053937007869
20
-4.1080548425196852
11
5.7154405511811026
21
-4.1076578346456696
0
LINE
8
BLACK
6
CONTINUOUS
10
5.7154405511811026
20
-4.1076578346456696
11
5.713089881889764
21
-4.1053071653543309
0
LINE
8
BLACK
6
CONTINUOUS
10
5.713089881889764
20
-4.1053071653543309
11
5.7121380708661418
21
-4.1048418503937008
0
LINE
8
BLACK
6
CONTINUOUS
10
5.7121380708661418
20
-4.1048418503937008
11
5.7089525590551178
21
-4.1032845275590546
0
LINE
8
BLACK
6
CONTINUOUS
10
5.7089525590551178
20
-4.1032845275590546
11
5.7078183858267719
21
-4.103119291338583
0
LINE
8
BLACK
6
CONTINUOUS
10
5.7078183858267719
20
-4.103119291338583
11
5.7062700787401575
21
-4.1028937007874013
0
LINE
8
BLACK
6
CONTINUOUS
10
5.7062700787401575
20
-4.1028937007874013
11
5.6632968503937002
21
-4.1028937007874013
0
LINE
8
BLACK
6
CONTINUOUS
10
5.6632968503937002
20
-4.1028937007874013
11
5.6619556299212599
21
-4.1030890944881886
0
LINE
8
BLACK
6
CONTINUOUS
10
5.6619556299212599
20
-4.1030890944881886
11
5.6606143307086612
21
-4.1032845275590546
0
LINE
8
BLACK
6
CONTINUOUS
10
5.6606143307086612
20
-4.1032845275590546
11
5.6564770866141734
21
-4.1053071259842522
0
LINE
8
BLACK
6
CONTINUOUS
10
5.6564770866141734
20
-4.1053071259842522
11
5.6532205118110239
21
-4.1085637007874016
0
LINE
8
BLACK
6
CONTINUOUS
10
5.6532205118110239
20
-4.1085637007874016
11
5.6511979133858263
21
-4.1127009448818894
0
LINE
8
BLACK
6
CONTINUOUS
10
5.6511979133858263
20
-4.1127009448818894
11
5.6511159055118112
21
-4.1132638188976376
0
LINE
8
BLACK
6
CONTINUOUS
10
5.6511159055118112
20
-4.1132638188976376
11
5.6508070866141731
21
-4.1153834645669294
0
LINE
8
BLACK
6
CONTINUOUS
10
5.6508070866141731
20
-4.1153834645669294
11
5.6508070866141731
21
-4.1298133858267718
0
LINE
8
BLACK
6
CONTINUOUS
10
5.6508070866141731
20
-4.1298133858267718
11
5.6510379133858271
21
-4.1313976377952759
0
LINE
8
BLACK
6
CONTINUOUS
10
5.6510379133858271
20
-4.1313976377952759
11
5.6511979133858263
21
-4.1324958267716534
0
LINE
8
BLACK
6
CONTINUOUS
10
5.6511979133858263
20
-4.1324958267716534
11
5.6512516929133856
21
-4.1326058267716537
0
LINE
8
BLACK
6
CONTINUOUS
10
5.6512516929133856
20
-4.1326058267716537
11
5.6531751181102363
21
-4.1365402755905514
0
LINE
8
BLACK
6
CONTINUOUS
10
5.6531751181102363
20
-4.1365402755905514
11
5.6535125590551178
21
-4.1389253149606295
0
LINE
8
BLACK
6
CONTINUOUS
10
5.6535125590551178
20
-4.1389253149606295
11
5.6523836220472443
21
-4.1410532677165355
0
LINE
8
BLACK
6
CONTINUOUS
10
5.6523836220472443
20
-4.1410532677165355
11
5.6519883070866141
21
-4.141387834645669
0
LINE
8
BLACK
6
CONTINUOUS
10
5.6519883070866141
20
-4.141387834645669
11
5.651937401574803
21
-4.1414253937007874
0
LINE
8
BLACK
6
CONTINUOUS
10
5.651937401574803
20
-4.1414253937007874
11
5.6519372047244092
21
-4.1414255905511812
0
LINE
8
BLACK
6
CONTINUOUS
10
5.6519372047244092
20
-4.1414255905511812
11
5.6487659448818892
21
-4.1457224409448816
0
LINE
8
BLACK
6
CONTINUOUS
10
5.6487659448818892
20
-4.1457224409448816
11
5.647001968503937
21
-4.1507637007874019
0
LINE
8
BLACK
6
CONTINUOUS
10
5.647001968503937
20
-4.1507637007874019
11
5.6468897637795274
21
-4.1519601574803149
0
LINE
8
BLACK
6
CONTINUOUS
10
5.6468897637795274
20
-4.1519601574803149
11
5.6468897637795274
21
-4.1522259842519684
0
LINE
8
BLACK
6
CONTINUOUS
10
5.6468897637795274
20
-4.1522259842519684
11
5.6590788188976378
21
-4.1521938188976373
0
LINE
8
BLACK
6
CONTINUOUS
10
5.6590788188976378
20
-4.1521938188976373
11
5.6591503149606295
21
-4.1518345275590551
0
LINE
8
BLACK
6
CONTINUOUS
10
5.6591503149606295
20
-4.1518345275590551
11
5.6604304724409449
21
-4.1499186614173231
0
LINE
8
BLACK
6
CONTINUOUS
10
5.6604304724409449
20
-4.1499186614173231
11
5.6623463385826769
21
-4.1486385039370077
0
LINE
8
BLACK
6
CONTINUOUS
10
5.6623463385826769
20
-4.1486385039370077
11
5.6646062992125987
21
-4.1481889763779529
0
LINE
8
BLACK
6
CONTINUOUS
10
5.6646062992125987
20
-4.1481889763779529
11
5.7049606299212599
21
-4.1481889763779529
0
LINE
8
BLACK
6
CONTINUOUS
10
5.7049606299212599
20
-4.1481889763779529
11
5.7072205905511808
21
-4.1486385039370077
0
LINE
8
BLACK
6
CONTINUOUS
10
5.7072205905511808
20
-4.1486385039370077
11
5.7091364566929137
21
-4.1499186614173231
0
LINE
8
BLACK
6
CONTINUOUS
10
5.7091364566929137
20
-4.1499186614173231
11
5.7104166141732282
21
-4.1518345275590551
0
LINE
8
BLACK
6
CONTINUOUS
10
5.7104166141732282
20
-4.1518345275590551
11
5.7104885039370075
21
-4.1521959842519687
0
LINE
8
BLACK
6
CONTINUOUS
10
5.7104885039370075
20
-4.1521959842519687
11
5.7315002755905509
21
-4.152133307086614
0
LINE
8
BLACK
6
CONTINUOUS
10
5.7315002755905509
20
-4.152133307086614
11
5.733319842519685
21
-4.1513796456692909
0
LINE
8
BLACK
6
CONTINUOUS
10
5.733319842519685
20
-4.1513796456692909
11
5.7393170078740159
21
-4.1513283070866143
0
LINE
8
BLACK
6
CONTINUOUS
10
5.7393170078740159
20
-4.1513283070866143
11
5.740409645669291
21
-4.1496931102362202
0
LINE
8
BLACK
6
CONTINUOUS
10
5.740409645669291
20
-4.1496931102362202
11
5.7421977952755903
21
-4.1484983070866139
0
LINE
8
BLACK
6
CONTINUOUS
10
5.7421977952755903
20
-4.1484983070866139
11
5.7443070866141728
21
-4.1480787401574801
0
LINE
8
BLACK
6
CONTINUOUS
10
5.7443070866141728
20
-4.1480787401574801
11
5.757692913385827
21
-4.1480787401574801
0
LINE
8
BLACK
6
CONTINUOUS
10
5.757692913385827
20
-4.1480787401574801
11
5.7598022047244095
21
-4.1484983070866139
0
LINE
8
BLACK
6
CONTINUOUS
10
5.7598022047244095
20
-4.1484983070866139
11
5.7615903543307088
21
-4.1496931102362202
0
LINE
8
BLACK
6
CONTINUOUS
10
5.7615903543307088
20
-4.1496931102362202
11
5.7627851574803151
21
-4.1514812598425195
0
LINE
8
BLACK
6
CONTINUOUS
10
5.7627851574803151
20
-4.1514812598425195
11
5.7632047244094489
21
-4.153590551181102
0
LINE
8
BLACK
6
CONTINUOUS
10
5.7632047244094489
20
-4.153590551181102
11
5.7632047244094489
21
-4.1646141732283466
0
LINE
8
BLACK
6
CONTINUOUS
10
5.7632047244094489
20
-4.1646141732283466
11
5.7627851574803151
21
-4.1667234645669291
0
LINE
8
BLACK
6
CONTINUOUS
10
5.7627851574803151
20
-4.1667234645669291
11
5.7615903543307088
21
-4.1685116141732284
0
LINE
8
BLACK
6
CONTINUOUS
10
5.7615903543307088
20
-4.1685116141732284
11
5.7598022047244095
21
-4.1697064173228346
0
LINE
8
BLACK
6
CONTINUOUS
10
5.7598022047244095
20
-4.1697064173228346
11
5.757692913385827
21
-4.1701259842519685
0
LINE
8
BLACK
6
CONTINUOUS
10
5.757692913385827
20
-4.1701259842519685
11
5.7443070866141728
21
-4.1701259842519685
0
LINE
8
BLACK
6
CONTINUOUS
10
5.7443070866141728
20
-4.1701259842519685
11
5.7421977952755903
21
-4.1697064173228346
0
LINE
8
BLACK
6
CONTINUOUS
10
5.7421977952755903
20
-4.1697064173228346
11
5.740409645669291
21
-4.1685116141732284
0
LINE
8
BLACK
6
CONTINUOUS
10
5.740409645669291
20
-4.1685116141732284
11
5.7393580708661416
21
-4.1669378346456689
0
LINE
8
BLACK
6
CONTINUOUS
10
5.7393580708661416
20
-4.1669378346456689
11
5.7374335433070867
21
-4.1669542913385822
0
LINE
8
BLACK
6
CONTINUOUS
10
5.7374335433070867
20
-4.1669542913385822
11
5.7355190944881889
21
-4.1677473228346456
0
LINE
8
BLACK
6
CONTINUOUS
10
5.7355190944881889
20
-4.1677473228346456
11
5.732446811023622
21
-4.1677473228346456
0
LINE
8
BLACK
6
CONTINUOUS
10
5.732446811023622
20
-4.1677473228346456
11
5.7324096062992123
21
-4.1677318897637798
0
LINE
8
BLACK
6
CONTINUOUS
10
5.7324096062992123
20
-4.1677318897637798
11
5.7104898425196851
21
-4.1677972834645667
0
LINE
8
BLACK
6
CONTINUOUS
10
5.7104898425196851
20
-4.1677972834645667
11
5.7104166141732282
21
-4.1681654724409452
0
LINE
8
BLACK
6
CONTINUOUS
10
5.7104166141732282
20
-4.1681654724409452
11
5.7091364566929137
21
-4.1700813385826772
0
LINE
8
BLACK
6
CONTINUOUS
10
5.7091364566929137
20
-4.1700813385826772
11
5.7072205905511808
21
-4.1713614960629917
0
LINE
8
BLACK
6
CONTINUOUS
10
5.7072205905511808
20
-4.1713614960629917
11
5.7049606299212599
21
-4.1718110236220474
0
LINE
8
BLACK
6
CONTINUOUS
10
5.7049606299212599
20
-4.1718110236220474
11
5.6646062992125987
21
-4.1718110236220474
0
LINE
8
BLACK
6
CONTINUOUS
10
5.6646062992125987
20
-4.1718110236220474
11
5.6623463385826769
21
-4.1713614960629917
0
LINE
8
BLACK
6
CONTINUOUS
10
5.6623463385826769
20
-4.1713614960629917
11
5.6604304724409449
21
-4.1700813385826772
0
LINE
8
BLACK
6
CONTINUOUS
10
5.6604304724409449
20
-4.1700813385826772
11
5.6591503149606295
21
-4.1681654724409452
0
LINE
8
BLACK
6
CONTINUOUS
10
5.6591503149606295
20
-4.1681654724409452
11
5.659076535433071
21
-4.1677946062992124
0
LINE
8
BLACK
6
CONTINUOUS
10
5.659076535433071
20
-4.1677946062992124
11
5.6468898031496062
21
-4.1678267716535435
0
LINE
8
BLACK
6
CONTINUOUS
10
5.6468898031496062
20
-4.1678267716535435
11
5.6468898031496062
21
-4.1680394881889766
0
LINE
8
BLACK
6
CONTINUOUS
10
5.6468898031496062
20
-4.1680394881889766
11
5.647001968503937
21
-4.1692362204724409
0
LINE
8
BLACK
6
CONTINUOUS
10
5.647001968503937
20
-4.1692362204724409
11
5.647001968503937
21
-4.1692362992125984
0
LINE
8
BLACK
6
CONTINUOUS
10
5.647001968503937
20
-4.1692362992125984
11
5.6487659055118105
21
-4.1742774409448815
0
LINE
8
BLACK
6
CONTINUOUS
10
5.6487659055118105
20
-4.1742774409448815
11
5.6519372834645667
21
-4.1785744094488191
0
LINE
8
BLACK
6
CONTINUOUS
10
5.6519372834645667
20
-4.1785744094488191
11
5.6519374409448817
21
-4.1785745669291341
0
LINE
8
BLACK
6
CONTINUOUS
10
5.6519374409448817
20
-4.1785745669291341
11
5.6519879527559054
21
-4.1786118503937004
0
LINE
8
BLACK
6
CONTINUOUS
10
5.6519879527559054
20
-4.1786118503937004
11
5.6520211417322832
21
-4.1786582677165356
0
LINE
8
BLACK
6
CONTINUOUS
10
5.6520211417322832
20
-4.1786582677165356
11
5.6521438976377949
21
-4.1787810236220473
0
LINE
8
BLACK
6
CONTINUOUS
10
5.6521438976377949
20
-4.1787810236220473
11
5.6521235039370081
21
-4.1788013779527562
0
LINE
8
BLACK
6
CONTINUOUS
10
5.6521235039370081
20
-4.1788013779527562
11
5.6533892519685036
21
-4.180571181102362
0
LINE
8
BLACK
6
CONTINUOUS
10
5.6533892519685036
20
-4.180571181102362
11
5.6533712992125986
21
-4.1829799999999997
0
LINE
8
BLACK
6
CONTINUOUS
10
5.6533712992125986
20
-4.1829799999999997
11
5.6531751181102363
21
-4.1834597244094489
0
LINE
8
BLACK
6
CONTINUOUS
10
5.6531751181102363
20
-4.1834597244094489
11
5.6511979133858263
21
-4.1875040944881885
0
LINE
8
BLACK
6
CONTINUOUS
10
5.6511979133858263
20
-4.1875040944881885
11
5.6510024803149603
21
-4.1888453937007872
0
LINE
8
BLACK
6
CONTINUOUS
10
5.6510024803149603
20
-4.1888453937007872
11
5.6508070866141731
21
-4.1901866141732285
0
LINE
8
BLACK
6
CONTINUOUS
10
5.6508070866141731
20
-4.1901866141732285
11
5.6508070866141731
21
-4.2046165354330709
0
LINE
8
BLACK
6
CONTINUOUS
10
5.6508070866141731
20
-4.2046165354330709
11
5.6509988188976381
21
-4.2059325590551184
0
LINE
8
BLACK
6
CONTINUOUS
10
5.6509988188976381
20
-4.2059325590551184
11
5.6511979133858263
21
-4.2072990157480312
0
LINE
8
BLACK
6
CONTINUOUS
10
5.6511979133858263
20
-4.2072990157480312
11
5.6532205118110239
21
-4.2114362598425199
0
LINE
8
BLACK
6
CONTINUOUS
10
5.6532205118110239
20
-4.2114362598425199
11
5.6532205511811027
21
-4.2114363385826774
0
LINE
8
BLACK
6
CONTINUOUS
10
5.6532205511811027
20
-4.2114363385826774
11
5.6564770472440946
21
-4.2146928346456694
0
LINE
8
BLACK
6
CONTINUOUS
10
5.6564770472440946
20
-4.2146928346456694
11
5.6582465354330704
21
-4.2155578740157482
0
LINE
8
BLACK
6
CONTINUOUS
10
5.6582465354330704
20
-4.2155578740157482
11
5.6606143307086612
21
-4.216715433070866
0
LINE
8
BLACK
6
CONTINUOUS
10
5.6606143307086612
20
-4.216715433070866
11
5.6606143700787399
21
-4.216715433070866
0
LINE
8
BLACK
6
CONTINUOUS
10
5.6606143700787399
20
-4.216715433070866
11
5.6606144488188974
21
-4.2167154724409448
0
LINE
8
BLACK
6
CONTINUOUS
10
5.6606144488188974
20
-4.2167154724409448
11
5.6632968503937002
21
-4.2171062992125981
0
LINE
8
BLACK
6
CONTINUOUS
10
5.6632968503937002
20
-4.2171062992125981
11
5.6632969685039365
21
-4.2171062992125981
0
LINE
8
BLACK
6
CONTINUOUS
10
5.6632969685039365
20
-4.2171062992125981
11
5.7062699606299212
21
-4.2171062992125981
0
LINE
8
BLACK
6
CONTINUOUS
10
5.7062699606299212
20
-4.2171062992125981
11
5.7062700787401575
21
-4.2171062992125981
0
LINE
8
BLACK
6
CONTINUOUS
10
5.7062700787401575
20
-4.2171062992125981
11
5.7089524803149603
21
-4.2167154724409448
0
LINE
8
BLACK
6
CONTINUOUS
10
5.7089524803149603
20
-4.2167154724409448
11
5.713089881889764
21
-4.2146928346456694
0
LINE
8
BLACK
6
CONTINUOUS
10
5.713089881889764
20
-4.2146928346456694
11
5.7154403937007876
21
-4.212342283464567
0
LINE
8
BLACK
6
CONTINUOUS
10
5.7154403937007876
20
-4.212342283464567
11
5.7175866535433073
21
-4.2112487795275593
0
LINE
8
BLACK
6
CONTINUOUS
10
5.7175866535433073
20
-4.2112487795275593
11
5.718196377952756
21
-4.2112007874015749
0
LINE
8
BLACK
6
CONTINUOUS
10
5.718196377952756
20
-4.2112007874015749
11
5.7325256692913387
21
-4.2112007874015749
0
LINE
8
BLACK
6
CONTINUOUS
10
5.7325256692913387
20
-4.2112007874015749
11
5.7348166535433069
21
-4.2119451574803151
0
LINE
8
BLACK
6
CONTINUOUS
10
5.7348166535433069
20
-4.2119451574803151
11
5.7352816929133859
21
-4.2123423228346457
0
LINE
8
BLACK
6
CONTINUOUS
10
5.7352816929133859
20
-4.2123423228346457
11
5.7364993700787403
21
-4.2135600000000002
0
LINE
8
BLACK
6
CONTINUOUS
10
5.7364993700787403
20
-4.2135600000000002
11
5.7407839763779522
21
-4.2155579527559057
0
LINE
8
BLACK
6
CONTINUOUS
10
5.7407839763779522
20
-4.2155579527559057
11
5.7427361811023623
21
-4.2158149606299213
0
LINE
8
BLACK
6
CONTINUOUS
10
5.7427361811023623
20
-4.2158149606299213
11
5.7592637795275587
21
-4.2158149212598426
0
LINE
8
BLACK
6
CONTINUOUS
10
5.7592637795275587
20
-4.2158149212598426
11
5.7612160236220475
21
-4.2155579527559057
0
LINE
8
BLACK
6
CONTINUOUS
10
5.7612160236220475
20
-4.2155579527559057
11
5.7612160629921263
21
-4.2155579527559057
0
LINE
8
BLACK
6
CONTINUOUS
10
5.7612160629921263
20
-4.2155579527559057
11
5.7649433858267711
21
-4.2138198425196851
0
LINE
8
BLACK
6
CONTINUOUS
10
5.7649433858267711
20
-4.2138198425196851
11
5.7655006299212594
21
-4.2135600000000002
0
LINE
8
BLACK
6
CONTINUOUS
10
5.7655006299212594
20
-4.2135600000000002
11
5.7677675590551178
21
-4.211293031496063
0
LINE
8
BLACK
6
CONTINUOUS
10
5.7677675590551178
20
-4.211293031496063
11
5.7699137795275588
21
-4.2101994881889766
0
LINE
8
BLACK
6
CONTINUOUS
10
5.7699137795275588
20
-4.2101994881889766
11
5.7722929921259842
21
-4.2105762992125984
0
LINE
8
BLACK
6
CONTINUOUS
10
5.7722929921259842
20
-4.2105762992125984
11
5.7736595669291333
21
-4.2117346062992125
0
LINE
8
BLACK
6
CONTINUOUS
10
5.7736595669291333
20
-4.2117346062992125
11
5.7759196062992126
21
-4.2147968110236222
0
LINE
8
BLACK
6
CONTINUOUS
10
5.7759196062992126
20
-4.2147968110236222
11
5.7759196850393701
21
-4.2147968897637798
0
LINE
8
BLACK
6
CONTINUOUS
10
5.7759196850393701
20
-4.2147968897637798
11
5.7801212204724406
21
-4.2178978346456688
0
LINE
8
BLACK
6
CONTINUOUS
10
5.7801212204724406
20
-4.2178978346456688
11
5.7850500787401575
21
-4.2196225196850392
0
LINE
8
BLACK
6
CONTINUOUS
10
5.7850500787401575
20
-4.2196225196850392
11
5.7862204330708664
21
-4.2197322440944882
0
LINE
8
BLACK
6
CONTINUOUS
10
5.7862204330708664
20
-4.2197322440944882
11
5.7890944488188971
21
-4.2197322047244095
0
LINE
8
BLACK
6
CONTINUOUS
10
5.7890944488188971
20
-4.2197322047244095
11
5.7890944881889759
21
-4.2197322047244095
0
LINE
8
BLACK
6
CONTINUOUS
10
5.7890944881889759
20
-4.2197322047244095
11
5.7890944881889759
21
-4.2079212598425197
0
LINE
8
BLACK
6
CONTINUOUS
10
5.7890944881889759
20
-4.2079212598425197
11
5.7883070866141733
21
-4.2079212598425197
0
LINE
8
BLACK
6
CONTINUOUS
10
5.7883070866141733
20
-4.2079212598425197
11
5.7861977952755907
21
-4.2075016929133859
0
LINE
8
BLACK
6
CONTINUOUS
10
5.7861977952755907
20
-4.2075016929133859
11
5.7844096456692915
21
-4.2063068897637796
0
LINE
8
BLACK
6
CONTINUOUS
10
5.7844096456692915
20
-4.2063068897637796
11
5.7832148425196852
21
-4.2045187401574804
0
LINE
8
BLACK
6
CONTINUOUS
10
5.7832148425196852
20
-4.2045187401574804
11
5.7827952755905514
21
-4.2024094488188979
0
LINE
8
BLACK
6
CONTINUOUS
10
5.7827952755905514
20
-4.2024094488188979
11
5.7827952755905514
21
-4.1913858267716533
0
LINE
8
BLACK
6
CONTINUOUS
10
5.7827952755905514
20
-4.1913858267716533
11
5.7832148425196852
21
-4.1892765354330708
0
LINE
8
BLACK
6
CONTINUOUS
10
5.7832148425196852
20
-4.1892765354330708
11
5.7844096456692915
21
-4.1874883858267715
0
LINE
8
BLACK
6
CONTINUOUS
10
5.7844096456692915
20
-4.1874883858267715
11
5.7861977952755907
21
-4.1862935826771652
0
LINE
8
BLACK
6
CONTINUOUS
10
5.7861977952755907
20
-4.1862935826771652
11
5.7883070866141733
21
-4.1858740157480314
0
LINE
8
BLACK
6
CONTINUOUS
10
5.7883070866141733
20
-4.1858740157480314
11
5.8016929133858266
21
-4.1858740157480314
0
LINE
8
BLACK
6
CONTINUOUS
10
5.8016929133858266
20
-4.1858740157480314
11
5.8038022047244091
21
-4.1862935826771652
0
LINE
8
BLACK
6
CONTINUOUS
10
5.8038022047244091
20
-4.1862935826771652
11
5.8055903543307084
21
-4.1874883858267715
0
LINE
8
BLACK
6
CONTINUOUS
10
5.8055903543307084
20
-4.1874883858267715
11
5.8067851574803147
21
-4.1892765354330708
0
LINE
8
BLACK
6
CONTINUOUS
10
5.8067851574803147
20
-4.1892765354330708
11
5.8071264173228343
21
-4.190992125984252
0
LINE
8
BLACK
6
CONTINUOUS
10
5.8071264173228343
20
-4.190992125984252
11
5.8190156692913382
21
-4.190992125984252
0
LINE
8
BLACK
6
CONTINUOUS
10
5.8190156692913382
20
-4.190992125984252
11
5.8190157086614169
21
-4.1909920866141732
0
LINE
8
BLACK
6
CONTINUOUS
10
5.8190157086614169
20
-4.1909920866141732
11
5.8190157086614169
21
-4.1892990551181102
0
LINE
8
BLACK
6
CONTINUOUS
10
5.8190157086614169
20
-4.1892990551181102
11
5.8189060236220467
21
-4.1881290551181101
0
LINE
8
BLACK
6
CONTINUOUS
10
5.8189060236220467
20
-4.1881290551181101
11
5.8189059842519688
21
-4.1881288582677163
0
LINE
8
BLACK
6
CONTINUOUS
10
5.8189059842519688
20
-4.1881288582677163
11
5.8171812992125984
21
-4.1831999606299215
0
LINE
8
BLACK
6
CONTINUOUS
10
5.8171812992125984
20
-4.1831999606299215
11
5.8139068897637793
21
-4.1787633858267714
0
LINE
8
BLACK
6
CONTINUOUS
10
5.8139068897637793
20
-4.1787633858267714
11
5.8139812204724404
21
-4.1787084645669292
0
LINE
8
BLACK
6
CONTINUOUS
10
5.8139812204724404
20
-4.1787084645669292
11
5.8130859055118105
21
-4.1769512204724411
0
LINE
8
BLACK
6
CONTINUOUS
10
5.8130859055118105
20
-4.1769512204724411
11
5.8133949606299211
21
-4.1749998425196848
0
LINE
8
BLACK
6
CONTINUOUS
10
5.8133949606299211
20
-4.1749998425196848
11
5.8134627165354331
21
-4.1745720078740156
0
LINE
8
BLACK
6
CONTINUOUS
10
5.8134627165354331
20
-4.1745720078740156
11
5.8151660629921258
21
-4.1728686614173229
0
LINE
8
BLACK
6
CONTINUOUS
10
5.8151660629921258
20
-4.1728686614173229
11
5.815926456692913
21
-4.1725767716535431
0
LINE
8
BLACK
6
CONTINUOUS
10
5.815926456692913
20
-4.1725767716535431
11
5.8182239370078737
21
-4.171961181102362
0
LINE
8
BLACK
6
CONTINUOUS
10
5.8182239370078737
20
-4.171961181102362
11
5.8192818503937005
21
-4.171350393700787
0
LINE
8
BLACK
6
CONTINUOUS
10
5.8192818503937005
20
-4.171350393700787
11
5.8213705511811025
21
-4.170144488188976
0
LINE
8
BLACK
6
CONTINUOUS
10
5.8213705511811025
20
-4.170144488188976
11
5.8380420866141733
21
-4.1534729133858264
0
LINE
8
BLACK
6
CONTINUOUS
10
5.8380420866141733
20
-4.1534729133858264
11
5.8398588188976372
21
-4.1503262992125984
0
LINE
8
BLACK
6
CONTINUOUS
10
5.8398588188976372
20
-4.1503262992125984
11
5.8401231496062991
21
-4.1493398425196846
0
LINE
8
BLACK
6
CONTINUOUS
10
5.8401231496062991
20
-4.1493398425196846
11
5.8401231889763778
21
-4.1493397637795271
0
LINE
8
BLACK
6
CONTINUOUS
10
5.8401231889763778
20
-4.1493397637795271
11
5.8404240551181097
21
-4.1482168503937009
0
LINE
8
BLACK
6
CONTINUOUS
10
5.8404240551181097
20
-4.1482168503937009
11
5.8407992125984247
21
-4.1468166929133856
0
LINE
8
BLACK
6
CONTINUOUS
10
5.8407992125984247
20
-4.1468166929133856
11
5.8407992125984247
21
-4.1195053937007877
0
LINE
8
BLACK
6
CONTINUOUS
10
5.8407992125984247
20
-4.1195053937007877
11
5.8415435826771649
21
-4.1172144094488186
0
LINE
8
BLACK
6
CONTINUOUS
10
5.8415435826771649
20
-4.1172144094488186
11
5.8434924015748031
21
-4.1157985039370075
0
LINE
8
BLACK
6
CONTINUOUS
10
5.8434924015748031
20
-4.1157985039370075
11
5.8459012992125983
21
-4.1157985039370075
0
LINE
8
BLACK
6
CONTINUOUS
10
5.8459012992125983
20
-4.1157985039370075
11
5.8471361417322836
21
-4.1165551968503937
0
LINE
8
BLACK
6
CONTINUOUS
10
5.8471361417322836
20
-4.1165551968503937
11
5.8471669291338584
21
-4.1165146850393697
0
LINE
8
BLACK
6
CONTINUOUS
10
5.8471669291338584
20
-4.1165146850393697
11
5.8521222047244095
21
-4.1202724015748027
0
LINE
8
BLACK
6
CONTINUOUS
10
5.8521222047244095
20
-4.1202724015748027
11
5.8576596850393701
21
-4.1224561417322834
0
LINE
8
BLACK
6
CONTINUOUS
10
5.8576596850393701
20
-4.1224561417322834
11
5.861139173228346
21
-4.1228739763779529
0
LINE
8
BLACK
6
CONTINUOUS
10
5.861139173228346
20
-4.1228739763779529
11
5.8611394488188973
21
-4.1228740157480317
0
LINE
8
BLACK
6
CONTINUOUS
10
5.8611394488188973
20
-4.1228740157480317
11
5.900236181102362
21
-4.1228740157480317
0
LINE
8
BLACK
6
CONTINUOUS
10
5.900236181102362
20
-4.1228740157480317
11
5.9002362204724408
21
-4.1228739763779529
0
LINE
8
BLACK
6
CONTINUOUS
10
5.9002362204724408
20
-4.1228739763779529
11
5.9002362204724408
21
-4.1110629921259845
0
LINE
8
BLACK
6
CONTINUOUS
10
5.9002362204724408
20
-4.1110629921259845
11
5.8628346456692908
21
-4.1110629921259845
0
LINE
8
BLACK
6
CONTINUOUS
10
5.8628346456692908
20
-4.1110629921259845
11
5.859068070866142
21
-4.1103137795275586
0
LINE
8
BLACK
6
CONTINUOUS
10
5.859068070866142
20
-4.1103137795275586
11
5.8558749212598427
21
-4.1081801968503937
0
LINE
8
BLACK
6
CONTINUOUS
10
5.8558749212598427
20
-4.1081801968503937
11
5.8537413385826769
21
-4.1049870472440944
0
LINE
8
BLACK
6
CONTINUOUS
10
5.8537413385826769
20
-4.1049870472440944
11
5.8529921259842519
21
-4.1012204724409447
0
LINE
8
BLACK
6
CONTINUOUS
10
5.8529921259842519
20
-4.1012204724409447
11
5.8529921259842519
21
-4.081535433070866
0
LINE
8
BLACK
6
CONTINUOUS
10
5.8529921259842519
20
-4.081535433070866
11
5.8537413385826769
21
-4.0777688582677163
0
LINE
8
BLACK
6
CONTINUOUS
10
5.8537413385826769
20
-4.0777688582677163
11
5.8558749212598427
21
-4.0745757086614169
0
LINE
8
BLACK
6
CONTINUOUS
10
5.8558749212598427
20
-4.0745757086614169
11
5.859068070866142
21
-4.072442125984252
0
LINE
8
BLACK
6
CONTINUOUS
10
5.859068070866142
20
-4.072442125984252
11
5.8628346456692908
21
-4.0716929133858271
0
LINE
8
BLACK
6
CONTINUOUS
10
5.8628346456692908
20
-4.0716929133858271
11
5.9002362204724408
21
-4.0716929133858271
0
LINE
8
BLACK
6
CONTINUOUS
10
5.9002362204724408
20
-4.0716929133858271
11
5.9002362204724408
21
-4.0598819291338586
0
LINE
8
BLACK
6
CONTINUOUS
10
5.9002362204724408
20
-4.0598819291338586
11
5.900236181102362
21
-4.0598818897637798
0
LINE
8
BLACK
6
CONTINUOUS
10
5.900236181102362
20
-4.0598818897637798
11
5.8611390551181097
21
-4.0598818897637798
0
LINE
8
BLACK
6
CONTINUOUS
10
5.8611390551181097
20
-4.0598818897637798
11
5.8603897244094485
21
-4.0599718897637791
0
LINE
8
BLACK
6
CONTINUOUS
10
5.8603897244094485
20
-4.0599718897637791
11
5.8580263385826772
21
-4.0595059448818898
0
LINE
8
BLACK
6
CONTINUOUS
10
5.8580263385826772
20
-4.0595059448818898
11
5.8563881889763776
21
-4.0577398031496061
0
LINE
8
BLACK
6
CONTINUOUS
10
5.8563881889763776
20
-4.0577398031496061
11
5.8561010236220472
21
-4.0553481102362205
0
LINE
8
BLACK
6
CONTINUOUS
10
5.8561010236220472
20
-4.0553481102362205
11
5.8571688582677162
21
-4.0533461417322831
0
LINE
8
BLACK
6
CONTINUOUS
10
5.8571688582677162
20
-4.0533461417322831
11
5.8930421259842518
21
-4.0174729133858262
0
LINE
8
BLACK
6
CONTINUOUS
10
5.8930421259842518
20
-4.0174729133858262
11
5.8948588188976379
21
-4.0143262992125983
0
LINE
8
BLACK
6
CONTINUOUS
10
5.8948588188976379
20
-4.0143262992125983
11
5.8949993307086617
21
-4.0138019291338578
0
LINE
8
BLACK
6
CONTINUOUS
10
5.8949993307086617
20
-4.0138019291338578
11
5.8952080314960629
21
-4.0130231102362206
0
LINE
8
BLACK
6
CONTINUOUS
10
5.8952080314960629
20
-4.0130231102362206
11
5.895519251968504
21
-4.0118614960629921
0
LINE
8
BLACK
6
CONTINUOUS
10
5.895519251968504
20
-4.0118614960629921
11
5.8957992125984253
21
-4.0108166929133855
0
LINE
8
BLACK
6
CONTINUOUS
10
5.8957992125984253
20
-4.0108166929133855
11
5.8957992125984253
21
-3.9081833070866141
0
LINE
8
BLACK
6
CONTINUOUS
10
5.8957992125984253
20
-3.9081833070866141
11
5.8948588188976379
21
-3.9046737007874013
0
LINE
8
BLACK
6
CONTINUOUS
10
5.8948588188976379
20
-3.9046737007874013
11
5.8930421259842518
21
-3.9015270866141734
0
LINE
8
BLACK
6
CONTINUOUS
10
5.8930421259842518
20
-3.9015270866141734
11
5.8513784251968506
21
-3.8598633858267717
0
LINE
8
BLACK
6
CONTINUOUS
10
5.8513784251968506
20
-3.8598633858267717
11
5.8482318110236218
21
-3.8580466929133856
0
LINE
8
BLACK
6
CONTINUOUS
10
5.8482318110236218
20
-3.8580466929133856
11
5.8480351968503932
21
-3.8579939763779527
0
LINE
8
BLACK
6
CONTINUOUS
10
5.8480351968503932
20
-3.8579939763779527
11
5.8476684645669286
21
-3.8578957086614172
0
LINE
8
BLACK
6
CONTINUOUS
10
5.8476684645669286
20
-3.8578957086614172
11
5.8476684645669286
21
-3.8578957480314959
0
LINE
8
BLACK
6
CONTINUOUS
10
5.8476684645669286
20
-3.8578957480314959
11
5.844722204724409
21
-3.8571062992125982
0
LINE
8
BLACK
6
CONTINUOUS
10
5.844722204724409
20
-3.8571062992125982
11
5.8447221259842514
21
-3.8571062992125982
0
LINE
8
BLACK
6
CONTINUOUS
10
5.8447221259842514
20
-3.8571062992125982
11
5.8209522834645666
21
-3.8571062992125982
0
LINE
8
BLACK
6
CONTINUOUS
10
5.8209522834645666
20
-3.8571062992125982
11
5.8186612992125983
21
-3.856361929133858
0
LINE
8
BLACK
6
CONTINUOUS
10
5.8186612992125983
20
-3.856361929133858
11
5.8181964566929132
21
-3.8559649212598424
0
LINE
8
BLACK
6
CONTINUOUS
10
5.8181964566929132
20
-3.8559649212598424
11
5.8158457874015745
21
-3.8536142519685037
0
LINE
8
BLACK
6
CONTINUOUS
10
5.8158457874015745
20
-3.8536142519685037
11
5.8155648818897641
21
-3.853476929133858
0
LINE
8
BLACK
6
CONTINUOUS
10
5.8155648818897641
20
-3.853476929133858
11
5.8117084645669292
21
-3.8515916141732283
0
LINE
8
BLACK
6
CONTINUOUS
10
5.8117084645669292
20
-3.8515916141732283
11
5.8106353937007871
21
-3.8514352755905512
0
LINE
8
BLACK
6
CONTINUOUS
10
5.8106353937007871
20
-3.8514352755905512
11
5.809025984251968
21
-3.8512007874015746
0
LINE
8
BLACK
6
CONTINUOUS
10
5.809025984251968
20
-3.8512007874015746
11
5.8090258661417318
21
-3.8512007874015746
0
LINE
8
BLACK
6
CONTINUOUS
10
5.8090258661417318
20
-3.8512007874015746
11
5.8087992125984247
21
-3.8512007874015746
0
LINE
8
BLACK
6
CONTINUOUS
10
5.8087992125984247
20
-3.8512007874015746
11
5.8065082283464564
21
-3.8504564173228344
0
LINE
8
BLACK
6
CONTINUOUS
10
5.8065082283464564
20
-3.8504564173228344
11
5.8050923228346454
21
-3.8485075984251966
0
LINE
8
BLACK
6
CONTINUOUS
10
5.8050923228346454
20
-3.8485075984251966
11
5.8049015748031492
21
-3.847303149606299
0
LINE
8
BLACK
6
CONTINUOUS
10
5.8049015748031492
20
-3.847303149606299
11
5.8049015748031492
21
-3.8039764173228345
0
LINE
8
BLACK
6
CONTINUOUS
10
5.8049015748031492
20
-3.8039764173228345
11
5.8049015748031492
21
-3.786532874015748
0
LINE
8
BLACK
6
CONTINUOUS
10
5.8049015748031492
20
-3.786532874015748
11
5.8049015748031492
21
-3.7412445275590551
0
LINE
8
BLACK
6
CONTINUOUS
10
5.8049015748031492
20
-3.7412445275590551
11
5.8056459448818893
21
-3.7389535433070864
0
LINE
8
BLACK
6
CONTINUOUS
10
5.8056459448818893
20
-3.7389535433070864
11
5.8060431496062987
21
-3.7384884645669292
0
LINE
8
BLACK
6
CONTINUOUS
10
5.8060431496062987
20
-3.7384884645669292
11
5.8067955511811018
21
-3.7377360629921257
0
LINE
8
BLACK
6
CONTINUOUS
10
5.8067955511811018
20
-3.7377360629921257
11
5.808941889763779
21
-3.7366424803149605
0
LINE
8
BLACK
6
CONTINUOUS
10
5.808941889763779
20
-3.7366424803149605
11
5.8095516141732286
21
-3.7365944881889761
0
LINE
8
BLACK
6
CONTINUOUS
10
5.8095516141732286
20
-3.7365944881889761
11
5.8228449606299213
21
-3.7365944881889761
0
LINE
8
BLACK
6
CONTINUOUS
10
5.8228449606299213
20
-3.7365944881889761
11
5.8228450787401576
21
-3.7365944488188974
0
LINE
8
BLACK
6
CONTINUOUS
10
5.8228450787401576
20
-3.7365944488188974
11
5.8240098031496066
21
-3.7364852362204726
0
LINE
8
BLACK
6
CONTINUOUS
10
5.8240098031496066
20
-3.7364852362204726
11
5.828916338582677
21
-3.734768346456693
0
LINE
8
BLACK
6
CONTINUOUS
10
5.828916338582677
20
-3.734768346456693
11
5.8330988582677161
21
-3.7316815354330708
0
LINE
8
BLACK
6
CONTINUOUS
10
5.8330988582677161
20
-3.7316815354330708
11
5.8348422047244091
21
-3.7293193307086612
0
LINE
8
BLACK
6
CONTINUOUS
10
5.8348422047244091
20
-3.7293193307086612
11
5.8368015354330707
21
-3.7279180708661417
0
LINE
8
BLACK
6
CONTINUOUS
10
5.8368015354330707
20
-3.7279180708661417
11
5.837978228346457
21
-3.7277362204724409
0
LINE
8
BLACK
6
CONTINUOUS
10
5.837978228346457
20
-3.7277362204724409
11
5.8522681889763781
21
-3.7277362204724409
0
LINE
8
BLACK
6
CONTINUOUS
10
5.8522681889763781
20
-3.7277362204724409
11
5.8545591732283464
21
-3.7284805905511811
0
LINE
8
BLACK
6
CONTINUOUS
10
5.8545591732283464
20
-3.7284805905511811
11
5.8550239763779528
21
-3.728877559055118
0
LINE
8
BLACK
6
CONTINUOUS
10
5.8550239763779528
20
-3.728877559055118
11
5.8554061811023619
21
-3.7292597637795275
0
LINE
8
BLACK
6
CONTINUOUS
10
5.8554061811023619
20
-3.7292597637795275
11
5.8575230314960631
21
-3.7302946062992124
0
LINE
8
BLACK
6
CONTINUOUS
10
5.8575230314960631
20
-3.7302946062992124
11
5.8595434645669293
21
-3.7312823622047242
0
LINE
8
BLACK
6
CONTINUOUS
10
5.8595434645669293
20
-3.7312823622047242
11
5.8595435039370081
21
-3.7312823622047242
0
LINE
8
BLACK
6
CONTINUOUS
10
5.8595435039370081
20
-3.7312823622047242
11
5.8595435826771656
21
-3.731282401574803
0
LINE
8
BLACK
6
CONTINUOUS
10
5.8595435826771656
20
-3.731282401574803
11
5.8622259842519684
21
-3.7316732283464566
0
LINE
8
BLACK
6
CONTINUOUS
10
5.8622259842519684
20
-3.7316732283464566
11
5.8622261023622046
21
-3.7316732283464566
0
LINE
8
BLACK
6
CONTINUOUS
10
5.8622261023622046
20
-3.7316732283464566
11
5.8766557874015746
21
-3.7316732283464566
0
LINE
8
BLACK
6
CONTINUOUS
10
5.8766557874015746
20
-3.7316732283464566
11
5.8766559055118108
21
-3.7316732283464566
0
LINE
8
BLACK
6
CONTINUOUS
10
5.8766559055118108
20
-3.7316732283464566
11
5.8793383070866136
21
-3.731282401574803
0
LINE
8
BLACK
6
CONTINUOUS
10
5.8793383070866136
20
-3.731282401574803
11
5.8834757086614173
21
-3.7292597637795275
0
LINE
8
BLACK
6
CONTINUOUS
10
5.8834757086614173
20
-3.7292597637795275
11
5.8867322047244093
21
-3.7260032677165356
0
LINE
8
BLACK
6
CONTINUOUS
10
5.8867322047244093
20
-3.7260032677165356
11
5.8887548425196847
21
-3.7218658661417323
0
LINE
8
BLACK
6
CONTINUOUS
10
5.8887548425196847
20
-3.7218658661417323
11
5.8891456692913389
21
-3.7191834645669291
0
LINE
8
BLACK
6
CONTINUOUS
10
5.8891456692913389
20
-3.7191834645669291
11
5.8891456692913389
21
-3.7159055511811023
0
LINE
8
BLACK
6
CONTINUOUS
10
5.8891456692913389
20
-3.7159055511811023
11
5.8891456692913389
21
-3.7008165354330709
0
LINE
8
BLACK
6
CONTINUOUS
10
5.8891456692913389
20
-3.7008165354330709
11
5.8890254724409443
21
-3.6999916535433068
0
LINE
8
BLACK
6
CONTINUOUS
10
5.8890254724409443
20
-3.6999916535433068
11
5.8887548425196847
21
-3.6981341338582676
0
LINE
8
BLACK
6
CONTINUOUS
10
5.8887548425196847
20
-3.6981341338582676
11
5.8883996850393698
21
-3.6974076771653541
0
LINE
8
BLACK
6
CONTINUOUS
10
5.8883996850393698
20
-3.6974076771653541
11
5.8867322047244093
21
-3.6939967716535431
0
LINE
8
BLACK
6
CONTINUOUS
10
5.8867322047244093
20
-3.6939967716535431
11
5.8867322047244093
21
-3.6939967322834644
0
LINE
8
BLACK
6
CONTINUOUS
10
5.8867322047244093
20
-3.6939967322834644
11
5.8834757086614173
21
-3.6907402362204724
0
LINE
8
BLACK
6
CONTINUOUS
10
5.8834757086614173
20
-3.6907402362204724
11
5.8833537795275586
21
-3.6906806299212596
0
LINE
8
BLACK
6
CONTINUOUS
10
5.8833537795275586
20
-3.6906806299212596
11
5.8793383858267712
21
-3.688717598425197
0
LINE
8
BLACK
6
CONTINUOUS
10
5.8793383858267712
20
-3.688717598425197
11
5.8782653149606299
21
-3.6885612598425195
0
LINE
8
BLACK
6
CONTINUOUS
10
5.8782653149606299
20
-3.6885612598425195
11
5.8766559055118108
21
-3.6883267716535433
0
LINE
8
BLACK
6
CONTINUOUS
10
5.8766559055118108
20
-3.6883267716535433
11
5.8622259842519684
21
-3.6883267716535433
0
LINE
8
BLACK
6
CONTINUOUS
10
5.8622259842519684
20
-3.6883267716535433
11
5.8608847637795272
21
-3.6885221653543305
0
LINE
8
BLACK
6
CONTINUOUS
10
5.8608847637795272
20
-3.6885221653543305
11
5.8595434645669293
21
-3.688717598425197
0
LINE
8
BLACK
6
CONTINUOUS
10
5.8595434645669293
20
-3.688717598425197
11
5.8554062204724406
21
-3.6907401968503937
0
LINE
8
BLACK
6
CONTINUOUS
10
5.8554062204724406
20
-3.6907401968503937
11
5.8554061811023619
21
-3.6907401968503937
0
LINE
8
BLACK
6
CONTINUOUS
10
5.8554061811023619
20
-3.6907401968503937
11
5.8554061811023619
21
-3.6907402362204724
0
LINE
8
BLACK
6
CONTINUOUS
10
5.8554061811023619
20
-3.6907402362204724
11
5.8550241338582678
21
-3.6911222440944882
0
LINE
8
BLACK
6
CONTINUOUS
10
5.8550241338582678
20
-3.6911222440944882
11
5.8528779133858269
21
-3.6922157874015746
0
LINE
8
BLACK
6
CONTINUOUS
10
5.8528779133858269
20
-3.6922157874015746
11
5.8522681889763781
21
-3.692263779527559
0
LINE
8
BLACK
6
CONTINUOUS
10
5.8522681889763781
20
-3.692263779527559
11
5.837978228346457
21
-3.692263779527559
0
LINE
8
BLACK
6
CONTINUOUS
10
5.837978228346457
20
-3.692263779527559
11
5.8356872440944878
21
-3.6915194094488188
0
LINE
8
BLACK
6
CONTINUOUS
10
5.8356872440944878
20
-3.6915194094488188
11
5.8348422440944878
21
-3.6906807086614171
0
LINE
8
BLACK
6
CONTINUOUS
10
5.8348422440944878
20
-3.6906807086614171
11
5.8330988582677161
21
-3.6883184645669291
0
LINE
8
BLACK
6
CONTINUOUS
10
5.8330988582677161
20
-3.6883184645669291
11
5.832855236220472
21
-3.6881386614173226
0
LINE
8
BLACK
6
CONTINUOUS
10
5.832855236220472
20
-3.6881386614173226
11
5.8289163779527557
21
-3.685231653543307
0
LINE
8
BLACK
6
CONTINUOUS
10
5.8289163779527557
20
-3.685231653543307
11
5.824009921259842
21
-3.6835148031496061
0
LINE
8
BLACK
6
CONTINUOUS
10
5.824009921259842
20
-3.6835148031496061
11
5.8240098818897632
21
-3.6835147637795274
0
LINE
8
BLACK
6
CONTINUOUS
10
5.8240098818897632
20
-3.6835147637795274
11
5.8240098031496066
21
-3.6835147637795274
0
LINE
8
BLACK
6
CONTINUOUS
10
5.8240098031496066
20
-3.6835147637795274
11
5.8240097244094491
21
-3.6835147244094486
0
LINE
8
BLACK
6
CONTINUOUS
10
5.8240097244094491
20
-3.6835147244094486
11
5.8240096062992128
21
-3.6835147244094486
0
LINE
8
BLACK
6
CONTINUOUS
10
5.8240096062992128
20
-3.6835147244094486
11
5.8228451181102363
21
-3.6834055118110234
0
LINE
8
BLACK
6
CONTINUOUS
10
5.8228451181102363
20
-3.6834055118110234
11
5.8228447244094488
21
-3.6834055118110234
0
LINE
8
BLACK
6
CONTINUOUS
10
5.8228447244094488
20
-3.6834055118110234
11
5.796052913385827
21
-3.6834055118110234
0
LINE
8
BLACK
6
CONTINUOUS
10
5.796052913385827
20
-3.6834055118110234
11
5.7960524803149607
21
-3.6834055118110234
0
LINE
8
BLACK
6
CONTINUOUS
10
5.7960524803149607
20
-3.6834055118110234
11
5.7948879921259842
21
-3.6835147244094486
0
LINE
8
BLACK
6
CONTINUOUS
10
5.7948879921259842
20
-3.6835147244094486
11
5.7948876771653541
21
-3.6835148031496061
0
LINE
8
BLACK
6
CONTINUOUS
10
5.7948876771653541
20
-3.6835148031496061
11
5.7899812204724412
21
-3.685231653543307
0
LINE
8
BLACK
6
CONTINUOUS
10
5.7899812204724412
20
-3.685231653543307
11
5.7857989370078737
21
-3.6883183070866141
0
LINE
8
BLACK
6
CONTINUOUS
10
5.7857989370078737
20
-3.6883183070866141
11
5.7857986220472437
21
-3.6883186220472441
0
LINE
8
BLACK
6
CONTINUOUS
10
5.7857986220472437
20
-3.6883186220472441
11
5.7827119685039365
21
-3.6925009055118108
0
LINE
8
BLACK
6
CONTINUOUS
10
5.7827119685039365
20
-3.6925009055118108
11
5.7809951181102361
21
-3.6974073622047245
0
LINE
8
BLACK
6
CONTINUOUS
10
5.7809951181102361
20
-3.6974073622047245
11
5.7809950393700786
21
-3.6974076771653541
0
LINE
8
BLACK
6
CONTINUOUS
10
5.7809950393700786
20
-3.6974076771653541
11
5.7808858267716534
21
-3.6985721653543306
0
LINE
8
BLACK
6
CONTINUOUS
10
5.7808858267716534
20
-3.6985721653543306
11
5.7808858267716534
21
-3.7118657086614171
0
LINE
8
BLACK
6
CONTINUOUS
10
5.7808858267716534
20
-3.7118657086614171
11
5.7801414566929132
21
-3.7141566929133858
0
LINE
8
BLACK
6
CONTINUOUS
10
5.7801414566929132
20
-3.7141566929133858
11
5.7797442519685038
21
-3.714621771653543
0
LINE
8
BLACK
6
CONTINUOUS
10
5.7797442519685038
20
-3.714621771653543
11
5.7757678740157479
21
-3.718598149606299
0
LINE
8
BLACK
6
CONTINUOUS
10
5.7757678740157479
20
-3.718598149606299
11
5.7736215354330707
21
-3.7196917322834646
0
LINE
8
BLACK
6
CONTINUOUS
10
5.7736215354330707
20
-3.7196917322834646
11
5.7712423228346452
21
-3.7193149212598424
0
LINE
8
BLACK
6
CONTINUOUS
10
5.7712423228346452
20
-3.7193149212598424
11
5.7695389763779525
21
-3.7176115748031497
0
LINE
8
BLACK
6
CONTINUOUS
10
5.7695389763779525
20
-3.7176115748031497
11
5.7691141732283464
21
-3.715842086614173
0
LINE
8
BLACK
6
CONTINUOUS
10
5.7691141732283464
20
-3.715842086614173
11
5.7691141732283464
21
-3.6985723622047244
0
LINE
8
BLACK
6
CONTINUOUS
10
5.7691141732283464
20
-3.6985723622047244
11
5.7691141338582677
21
-3.6985721653543306
0
LINE
8
BLACK
6
CONTINUOUS
10
5.7691141338582677
20
-3.6985721653543306
11
5.7690049212598424
21
-3.6974076771653541
0
LINE
8
BLACK
6
CONTINUOUS
10
5.7690049212598424
20
-3.6974076771653541
11
5.7690049212598424
21
-3.6974075196850391
0
LINE
8
BLACK
6
CONTINUOUS
10
5.7690049212598424
20
-3.6974075196850391
11
5.7672880314960633
21
-3.6925009842519683
0
LINE
8
BLACK
6
CONTINUOUS
10
5.7672880314960633
20
-3.6925009842519683
11
5.7671129527559053
21
-3.692263779527559
0
LINE
8
BLACK
6
CONTINUOUS
10
5.7671129527559053
20
-3.692263779527559
11
5.7642013385826774
21
-3.6883186220472441
0
LINE
8
BLACK
6
CONTINUOUS
10
5.7642013385826774
20
-3.6883186220472441
11
5.7642012992125986
21
-3.6883185826771654
0
LINE
8
BLACK
6
CONTINUOUS
10
5.7642012992125986
20
-3.6883185826771654
11
5.7642012204724411
21
-3.6883184645669291
0
LINE
8
BLACK
6
CONTINUOUS
10
5.7642012204724411
20
-3.6883184645669291
11
5.7639575984251969
21
-3.6881386614173226
0
LINE
8
BLACK
6
CONTINUOUS
10
5.7639575984251969
20
-3.6881386614173226
11
5.7600187401574798
21
-3.685231653543307
0
LINE
8
BLACK
6
CONTINUOUS
10
5.7600187401574798
20
-3.685231653543307
11
5.7551122834645669
21
-3.6835148031496061
0
LINE
8
BLACK
6
CONTINUOUS
10
5.7551122834645669
20
-3.6835148031496061
11
5.7551122440944882
21
-3.6835147637795274
0
LINE
8
BLACK
6
CONTINUOUS
10
5.7551122440944882
20
-3.6835147637795274
11
5.7551121653543307
21
-3.6835147637795274
0
LINE
8
BLACK
6
CONTINUOUS
10
5.7551121653543307
20
-3.6835147637795274
11
5.7551120866141732
21
-3.6835147244094486
0
LINE
8
BLACK
6
CONTINUOUS
10
5.7551120866141732
20
-3.6835147244094486
11
5.7551119685039369
21
-3.6835147244094486
0
LINE
8
BLACK
6
CONTINUOUS
10
5.7551119685039369
20
-3.6835147244094486
11
5.7539474803149604
21
-3.6834055118110234
0
LINE
8
BLACK
6
CONTINUOUS
10
5.7539474803149604
20
-3.6834055118110234
11
5.7539470866141729
21
-3.6834055118110234
0
LINE
8
BLACK
6
CONTINUOUS
10
5.7539470866141729
20
-3.6834055118110234
11
5.727155275590551
21
-3.6834055118110234
0
LINE
8
BLACK
6
CONTINUOUS
10
5.727155275590551
20
-3.6834055118110234
11
5.7271548425196848
21
-3.6834055118110234
0
LINE
8
BLACK
6
CONTINUOUS
10
5.7271548425196848
20
-3.6834055118110234
11
5.7259903543307082
21
-3.6835147244094486
0
LINE
8
BLACK
6
CONTINUOUS
10
5.7259903543307082
20
-3.6835147244094486
11
5.7259900393700782
21
-3.6835148031496061
0
LINE
8
BLACK
6
CONTINUOUS
10
5.7259900393700782
20
-3.6835148031496061
11
5.7210835826771653
21
-3.685231653543307
0
LINE
8
BLACK
6
CONTINUOUS
10
5.7210835826771653
20
-3.685231653543307
11
5.7169012992125987
21
-3.6883183070866141
0
LINE
8
BLACK
6
CONTINUOUS
10
5.7169012992125987
20
-3.6883183070866141
11
5.7169009842519687
21
-3.6883186220472441
0
LINE
8
BLACK
6
CONTINUOUS
10
5.7169009842519687
20
-3.6883186220472441
11
5.7138143307086615
21
-3.6925009055118108
0
LINE
8
BLACK
6
CONTINUOUS
10
5.7138143307086615
20
-3.6925009055118108
11
5.7120974803149602
21
-3.6974073622047245
0
LINE
8
BLACK
6
CONTINUOUS
10
5.7120974803149602
20
-3.6974073622047245
11
5.7120974015748027
21
-3.6974076771653541
0
LINE
8
BLACK
6
CONTINUOUS
10
5.7120974015748027
20
-3.6974076771653541
11
5.7119881889763775
21
-3.6985721653543306
0
LINE
8
BLACK
6
CONTINUOUS
10
5.7119881889763775
20
-3.6985721653543306
11
5.7119881889763775
21
-3.7174334645669291
0
LINE
8
BLACK
6
CONTINUOUS
10
5.7119881889763775
20
-3.7174334645669291
11
5.7112438188976373
21
-3.7197244488188974
0
LINE
8
BLACK
6
CONTINUOUS
10
5.7112438188976373
20
-3.7197244488188974
11
5.7108466141732279
21
-3.7201894881889763
0
LINE
8
BLACK
6
CONTINUOUS
10
5.7108466141732279
20
-3.7201894881889763
11
5.6919578346456694
21
-3.7390782677165353
0
LINE
8
BLACK
6
CONTINUOUS
10
5.6919578346456694
20
-3.7390782677165353
11
5.6918913385826766
21
-3.7391649606299211
0
LINE
8
BLACK
6
CONTINUOUS
10
5.6918913385826766
20
-3.7391649606299211
11
5.6918268897637798
21
-3.7392092125984253
0
LINE
8
BLACK
6
CONTINUOUS
10
5.6918268897637798
20
-3.7392092125984253
11
5.6917772440944878
21
-3.7392588976377952
0
LINE
8
BLACK
6
CONTINUOUS
10
5.6917772440944878
20
-3.7392588976377952
11
5.6917680314960633
21
-3.7392496850393702
0
LINE
8
BLACK
6
CONTINUOUS
10
5.6917680314960633
20
-3.7392496850393702
11
5.6899060629921259
21
-3.7405292913385826
0
LINE
8
BLACK
6
CONTINUOUS
10
5.6899060629921259
20
-3.7405292913385826
11
5.6874980314960633
21
-3.7404661417322833
0
LINE
8
BLACK
6
CONTINUOUS
10
5.6874980314960633
20
-3.7404661417322833
11
5.6855869685039373
21
-3.7389996456692911
0
LINE
8
BLACK
6
CONTINUOUS
10
5.6855869685039373
20
-3.7389996456692911
11
5.6849015748031491
21
-3.7367921259842518
0
LINE
8
BLACK
6
CONTINUOUS
10
5.6849015748031491
20
-3.7367921259842518
11
5.6849015748031491
21
-3.7162857086614172
0
LINE
8
BLACK
6
CONTINUOUS
10
5.6849015748031491
20
-3.7162857086614172
11
5.6848392913385828
21
-3.7160532677165352
0
LINE
8
BLACK
6
CONTINUOUS
10
5.6848392913385828
20
-3.7160532677165352
11
5.6839611811023625
21
-3.712776062992126
0
LINE
8
BLACK
6
CONTINUOUS
10
5.6839611811023625
20
-3.712776062992126
11
5.6833013385826767
21
-3.7116331889763781
0
LINE
8
BLACK
6
CONTINUOUS
10
5.6833013385826767
20
-3.7116331889763781
11
5.6832476377952759
21
-3.7115401968503936
0
LINE
8
BLACK
6
CONTINUOUS
10
5.6832476377952759
20
-3.7115401968503936
11
5.6821444488188977
21
-3.7096294094488189
0
LINE
8
BLACK
6
CONTINUOUS
10
5.6821444488188977
20
-3.7096294094488189
11
5.6641193700787404
21
-3.6916042913385825
0
LINE
8
BLACK
6
CONTINUOUS
10
5.6641193700787404
20
-3.6916042913385825
11
5.6630257874015744
21
-3.689457992125984
0
LINE
8
BLACK
6
CONTINUOUS
10
5.6630257874015744
20
-3.689457992125984
11
5.6630114566929128
21
-3.6893595275590552
0
LINE
8
BLACK
6
CONTINUOUS
10
5.6630114566929128
20
-3.6893595275590552
11
5.6628414173228343
21
-3.6880674409448817
0
LINE
8
BLACK
6
CONTINUOUS
10
5.6628414173228343
20
-3.6880674409448817
11
5.6628413779527556
21
-3.6880673622047242
0
LINE
8
BLACK
6
CONTINUOUS
10
5.6628413779527556
20
-3.6880673622047242
11
5.6628413779527556
21
-3.6880672834645667
0
LINE
8
BLACK
6
CONTINUOUS
10
5.6628413779527556
20
-3.6880672834645667
11
5.6608435039370075
21
-3.6837829133858269
0
LINE
8
BLACK
6
CONTINUOUS
10
5.6608435039370075
20
-3.6837829133858269
11
5.6608434645669288
21
-3.6837828740157481
0
LINE
8
BLACK
6
CONTINUOUS
10
5.6608434645669288
20
-3.6837828740157481
11
5.6608434645669288
21
-3.6837828346456694
0
LINE
8
BLACK
6
CONTINUOUS
10
5.6608434645669288
20
-3.6837828346456694
11
5.6575006299212598
21
-3.6804399999999999
0
LINE
8
BLACK
6
CONTINUOUS
10
5.6575006299212598
20
-3.6804399999999999
11
5.6575005511811023
21
-3.6804399606299212
0
LINE
8
BLACK
6
CONTINUOUS
10
5.6575005511811023
20
-3.6804399606299212
11
5.6575005118110235
21
-3.6804399212598424
0
LINE
8
BLACK
6
CONTINUOUS
10
5.6575005118110235
20
-3.6804399212598424
11
5.6532161023622045
21
-3.6784420866141732
0
LINE
8
BLACK
6
CONTINUOUS
10
5.6532161023622045
20
-3.6784420866141732
11
5.6532160629921258
21
-3.6784420472440944
0
LINE
8
BLACK
6
CONTINUOUS
10
5.6532160629921258
20
-3.6784420472440944
11
5.6525652755905513
21
-3.6783563779527557
0
LINE
8
BLACK
6
CONTINUOUS
10
5.6525652755905513
20
-3.6783563779527557
11
5.6512638188976378
21
-3.6781850393700788
0
LINE
8
BLACK
6
CONTINUOUS
10
5.6512638188976378
20
-3.6781850393700788
11
5.6512637401574803
21
-3.6781850393700788
0
LINE
8
BLACK
6
CONTINUOUS
10
5.6512637401574803
20
-3.6781850393700788
11
5.6347363385826768
21
-3.6781850393700788
0
LINE
8
BLACK
6
CONTINUOUS
10
5.6347363385826768
20
-3.6781850393700788
11
5.6347359055118105
21
-3.6781850787401575
0
LINE
8
BLACK
6
CONTINUOUS
10
5.6347359055118105
20
-3.6781850787401575
11
5.6327839763779526
21
-3.6784420078740157
0
LINE
8
BLACK
6
CONTINUOUS
10
5.6327839763779526
20
-3.6784420078740157
11
5.6327838976377951
21
-3.6784420078740157
0
LINE
8
BLACK
6
CONTINUOUS
10
5.6327838976377951
20
-3.6784420078740157
11
5.6284994488188973
21
-3.6804399212598424
0
LINE
8
BLACK
6
CONTINUOUS
10
5.6284994488188973
20
-3.6804399212598424
11
5.628499330708661
21
-3.6804399999999999
0
LINE
8
BLACK
6
CONTINUOUS
10
5.628499330708661
20
-3.6804399999999999
11
5.6262816929133859
21
-3.6826576377952756
0
LINE
8
BLACK
6
CONTINUOUS
10
5.6262816929133859
20
-3.6826576377952756
11
5.6241353543307087
21
-3.6837512204724407
0
LINE
8
BLACK
6
CONTINUOUS
10
5.6241353543307087
20
-3.6837512204724407
11
5.6235256692913387
21
-3.6837992125984251
0
LINE
8
BLACK
6
CONTINUOUS
10
5.6235256692913387
20
-3.6837992125984251
11
5.6131963779527556
21
-3.6837992125984251
0
LINE
8
BLACK
6
CONTINUOUS
10
5.6131963779527556
20
-3.6837992125984251
11
5.6109053937007873
21
-3.683054842519685
0
LINE
8
BLACK
6
CONTINUOUS
10
5.6109053937007873
20
-3.683054842519685
11
5.6104405511811022
21
-3.6826578346456693
0
LINE
8
BLACK
6
CONTINUOUS
10
5.6104405511811022
20
-3.6826578346456693
11
5.6080898818897635
21
-3.6803071653543307
0
LINE
8
BLACK
6
CONTINUOUS
10
5.6080898818897635
20
-3.6803071653543307
11
5.608089803149606
21
-3.6803071259842519
0
LINE
8
BLACK
6
CONTINUOUS
10
5.608089803149606
20
-3.6803071259842519
11
5.6039525590551182
21
-3.6782845275590552
0
LINE
8
BLACK
6
CONTINUOUS
10
5.6039525590551182
20
-3.6782845275590552
11
5.6028794881889761
21
-3.6781281889763777
0
LINE
8
BLACK
6
CONTINUOUS
10
5.6028794881889761
20
-3.6781281889763777
11
5.601270078740157
21
-3.6778937007874015
0
LINE
8
BLACK
6
CONTINUOUS
10
5.601270078740157
20
-3.6778937007874015
11
5.5582968503937007
21
-3.6778937007874015
0
LINE
8
BLACK
6
CONTINUOUS
10
5.5582968503937007
20
-3.6778937007874015
11
5.5569556299212595
21
-3.6780890944881888
0
LINE
8
BLACK
6
CONTINUOUS
10
5.5569556299212595
20
-3.6780890944881888
11
5.5556143307086616
21
-3.6782845275590552
0
LINE
8
BLACK
6
CONTINUOUS
10
5.5556143307086616
20
-3.6782845275590552
11
5.5514770866141729
21
-3.6803071259842519
0
LINE
8
BLACK
6
CONTINUOUS
10
5.5514770866141729
20
-3.6803071259842519
11
5.5482205118110235
21
-3.6835637007874014
0
LINE
8
BLACK
6
CONTINUOUS
10
5.5482205118110235
20
-3.6835637007874014
11
5.5461979133858268
21
-3.6877009448818896
0
LINE
8
BLACK
6
CONTINUOUS
10
5.5461979133858268
20
-3.6877009448818896
11
5.5461067322834641
21
-3.6883267716535433
0
LINE
8
BLACK
6
CONTINUOUS
10
5.5461067322834641
20
-3.6883267716535433
11
5.5458070866141735
21
-3.6903834645669291
0
LINE
8
BLACK
6
CONTINUOUS
10
5.5458070866141735
20
-3.6903834645669291
11
5.5458070866141735
21
-3.7048133858267716
0
LINE
8
BLACK
6
CONTINUOUS
10
5.5458070866141735
20
-3.7048133858267716
11
5.5460175984251965
21
-3.706258149606299
0
LINE
8
BLACK
6
CONTINUOUS
10
5.5460175984251965
20
-3.706258149606299
11
5.5461979133858268
21
-3.7074958267716536
0
LINE
8
BLACK
6
CONTINUOUS
10
5.5461979133858268
20
-3.7074958267716536
11
5.5465340157480316
21
-3.7081833070866139
0
LINE
8
BLACK
6
CONTINUOUS
10
5.5465340157480316
20
-3.7081833070866139
11
5.5481751181102359
21
-3.7115402755905511
0
LINE
8
BLACK
6
CONTINUOUS
10
5.5481751181102359
20
-3.7115402755905511
11
5.5485125590551183
21
-3.7139253149606297
0
LINE
8
BLACK
6
CONTINUOUS
10
5.5485125590551183
20
-3.7139253149606297
11
5.5473836220472439
21
-3.7160532677165352
0
LINE
8
BLACK
6
CONTINUOUS
10
5.5473836220472439
20
-3.7160532677165352
11
5.5469883070866137
21
-3.7163878346456691
0
LINE
8
BLACK
6
CONTINUOUS
10
5.5469883070866137
20
-3.7163878346456691
11
5.5469374015748034
21
-3.7164253937007872
0
LINE
8
BLACK
6
CONTINUOUS
10
5.5469374015748034
20
-3.7164253937007872
11
5.5469372047244097
21
-3.7164255905511809
0
LINE
8
BLACK
6
CONTINUOUS
10
5.5469372047244097
20
-3.7164255905511809
11
5.5437659448818897
21
-3.7207224409448818
0
LINE
8
BLACK
6
CONTINUOUS
10
5.5437659448818897
20
-3.7207224409448818
11
5.5420019685039366
21
-3.7257637007874016
0
LINE
8
BLACK
6
CONTINUOUS
10
5.5420019685039366
20
-3.7257637007874016
11
5.541889763779527
21
-3.7269601574803151
0
LINE
8
BLACK
6
CONTINUOUS
10
5.541889763779527
20
-3.7269601574803151
11
5.541889763779527
21
-3.7290944488188975
0
LINE
8
BLACK
6
CONTINUOUS
10
4.8155905905511807
20
-3.9307398031496064
11
4.815705078740157
21
-3.9317273228346457
0
LINE
8
BLACK
6
CONTINUOUS
10
4.815705078740157
20
-3.9317273228346457
11
4.8174887007874014
21
-3.9357668110236221
0
LINE
8
BLACK
6
CONTINUOUS
10
4.8174887007874014
20
-3.9357668110236221
11
4.8206430314960631
21
-3.9389211417322834
0
LINE
8
BLACK
6
CONTINUOUS
10
4.8206430314960631
20
-3.9389211417322834
11
4.8217366141732283
21
-3.9410674803149606
0
LINE
8
BLACK
6
CONTINUOUS
10
4.8217366141732283
20
-3.9410674803149606
11
4.8213598031496065
21
-3.9434466929133856
0
LINE
8
BLACK
6
CONTINUOUS
10
4.8213598031496065
20
-3.9434466929133856
11
4.8211277165354334
21
-3.9438426377952753
0
LINE
8
BLACK
6
CONTINUOUS
10
4.8211277165354334
20
-3.9438426377952753
11
4.8199659055118111
21
-3.9455813385826772
0
LINE
8
BLACK
6
CONTINUOUS
10
4.8199659055118111
20
-3.9455813385826772
11
4.8199658267716536
21
-3.9455815748031493
0
LINE
8
BLACK
6
CONTINUOUS
10
4.8199658267716536
20
-3.9455815748031493
11
4.8195079133858263
21
-3.9478835039370077
0
LINE
8
BLACK
6
CONTINUOUS
10
4.8195079133858263
20
-3.9478835039370077
11
4.8195078740157475
21
-3.9478839763779527
0
LINE
8
BLACK
6
CONTINUOUS
10
4.8195078740157475
20
-3.9478839763779527
11
4.8195078740157475
21
-3.9691238582677166
0
LINE
8
BLACK
6
CONTINUOUS
10
4.8195078740157475
20
-3.9691238582677166
11
4.8195079133858263
21
-3.9691243307086612
0
LINE
8
BLACK
6
CONTINUOUS
10
4.8195079133858263
20
-3.9691243307086612
11
4.8199658267716536
21
-3.9714262598425196
0
LINE
8
BLACK
6
CONTINUOUS
10
4.8199658267716536
20
-3.9714262598425196
11
4.8199659055118111
21
-3.9714264960629921
0
LINE
8
BLACK
6
CONTINUOUS
10
4.8199659055118111
20
-3.9714264960629921
11
4.8214478740157478
21
-3.9736443700787403
0
LINE
8
BLACK
6
CONTINUOUS
10
4.8214478740157478
20
-3.9736443700787403
11
4.821710551181102
21
-3.9740374803149607
0
LINE
8
BLACK
6
CONTINUOUS
10
4.821710551181102
20
-3.9740374803149607
11
4.8243216141732281
21
-3.9757821653543308
0
LINE
8
BLACK
6
CONTINUOUS
10
4.8243216141732281
20
-3.9757821653543308
11
4.8258892125984252
21
-3.9760939763779528
0
LINE
8
BLACK
6
CONTINUOUS
10
4.8258892125984252
20
-3.9760939763779528
11
4.8266236614173224
21
-3.9762400787401573
0
LINE
8
BLACK
6
CONTINUOUS
10
4.8266236614173224
20
-3.9762400787401573
11
4.8266238582677161
21
-3.9762400787401573
0
LINE
8
BLACK
6
CONTINUOUS
10
4.8266238582677161
20
-3.9762400787401573
11
4.8266240944881886
21
-3.9762401574803148
0
LINE
8
BLACK
6
CONTINUOUS
10
4.8266240944881886
20
-3.9762401574803148
11
4.8723031496062994
21
-3.9762401574803148
0
LINE
8
BLACK
6
CONTINUOUS
10
4.8723031496062994
20
-3.9762401574803148
11
4.8745941338582677
21
-3.976984527559055
0
LINE
8
BLACK
6
CONTINUOUS
10
4.8745941338582677
20
-3.976984527559055
11
4.8760100393700787
21
-3.9789333464566927
0
LINE
8
BLACK
6
CONTINUOUS
10
4.8760100393700787
20
-3.9789333464566927
11
4.8762007874015749
21
-3.9801377952755903
0
LINE
8
BLACK
6
CONTINUOUS
10
4.8762007874015749
20
-3.9801377952755903
11
4.8762007874015749
21
-4.0225779921259841
0
LINE
8
BLACK
6
CONTINUOUS
10
4.8762007874015749
20
-4.0225779921259841
11
4.8754564173228347
21
-4.0248689763779524
0
LINE
8
BLACK
6
CONTINUOUS
10
4.8754564173228347
20
-4.0248689763779524
11
4.8735075984251965
21
-4.0262848818897634
0
LINE
8
BLACK
6
CONTINUOUS
10
4.8735075984251965
20
-4.0262848818897634
11
4.8728119291338583
21
-4.0264422834645668
0
LINE
8
BLACK
6
CONTINUOUS
10
4.8728119291338583
20
-4.0264422834645668
11
4.8688283464566924
21
-4.0269667322834648
0
LINE
8
BLACK
6
CONTINUOUS
10
4.8688283464566924
20
-4.0269667322834648
11
4.868828070866142
21
-4.0269668110236223
0
LINE
8
BLACK
6
CONTINUOUS
10
4.868828070866142
20
-4.0269668110236223
11
4.8630772047244095
21
-4.0293488976377949
0
LINE
8
BLACK
6
CONTINUOUS
10
4.8630772047244095
20
-4.0293488976377949
11
4.8630771653543308
21
-4.0293488976377949
0
LINE
8
BLACK
6
CONTINUOUS
10
4.8630771653543308
20
-4.0293488976377949
11
4.8581387007874017
21
-4.033138307086614
0
LINE
8
BLACK
6
CONTINUOUS
10
4.8581387007874017
20
-4.033138307086614
11
4.8581383070866142
21
-4.0331387007874016
0
LINE
8
BLACK
6
CONTINUOUS
10
4.8581383070866142
20
-4.0331387007874016
11
4.8543488976377951
21
-4.0380771653543306
0
LINE
8
BLACK
6
CONTINUOUS
10
4.8543488976377951
20
-4.0380771653543306
11
4.8543488976377951
21
-4.0380772047244093
0
LINE
8
BLACK
6
CONTINUOUS
10
4.8543488976377951
20
-4.0380772047244093
11
4.8519668110236216
21
-4.0438280708661418
0
LINE
8
BLACK
6
CONTINUOUS
10
4.8519668110236216
20
-4.0438280708661418
11
4.8519667322834641
21
-4.0438283858267718
0
LINE
8
BLACK
6
CONTINUOUS
10
4.8519667322834641
20
-4.0438283858267718
11
4.851154251968504
21
-4.0499999606299211
0
LINE
8
BLACK
6
CONTINUOUS
10
4.851154251968504
20
-4.0499999606299211
11
4.851154251968504
21
-4.0499999999999998
0
LINE
8
BLACK
6
CONTINUOUS
10
4.851154251968504
20
-4.0499999999999998
11
4.8519443700787397
21
-4.0560018110236218
0
LINE
8
BLACK
6
CONTINUOUS
10
4.8519443700787397
20
-4.0560018110236218
11
4.8519667716535428
21
-4.0561717322834641
0
LINE
8
BLACK
6
CONTINUOUS
10
4.8519667716535428
20
-4.0561717322834641
11
4.8536890157480315
21
-4.0603295669291342
0
LINE
8
BLACK
6
CONTINUOUS
10
4.8536890157480315
20
-4.0603295669291342
11
4.8544186614173226
21
-4.0620911023622046
0
LINE
8
BLACK
6
CONTINUOUS
10
4.8544186614173226
20
-4.0620911023622046
11
4.8546076771653546
21
-4.0644925590551182
0
LINE
8
BLACK
6
CONTINUOUS
10
4.8546076771653546
20
-4.0644925590551182
11
4.853349015748031
21
-4.0665464566929135
0
LINE
8
BLACK
6
CONTINUOUS
10
4.853349015748031
20
-4.0665464566929135
11
4.851123503937008
21
-4.0674683070866138
0
LINE
8
BLACK
6
CONTINUOUS
10
4.851123503937008
20
-4.0674683070866138
11
4.8508177165354329
21
-4.0674803149606298
0
LINE
8
BLACK
6
CONTINUOUS
10
4.8508177165354329
20
-4.0674803149606298
11
4.8456533858267719
21
-4.0674803149606298
0
LINE
8
BLACK
6
CONTINUOUS
10
4.8456533858267719
20
-4.0674803149606298
11
4.8444966929133857
21
-4.0675887795275587
0
LINE
8
BLACK
6
CONTINUOUS
10
4.8444966929133857
20
-4.0675887795275587
11
4.8396238188976373
21
-4.0692938582677165
0
LINE
8
BLACK
6
CONTINUOUS
10
4.8396238188976373
20
-4.0692938582677165
11
4.8354699212598424
21
-4.0723596062992122
0
LINE
8
BLACK
6
CONTINUOUS
10
4.8354699212598424
20
-4.0723596062992122
11
4.8354698425196849
21
-4.0723596850393697
0
LINE
8
BLACK
6
CONTINUOUS
10
4.8354698425196849
20
-4.0723596850393697
11
4.8324040944881892
21
-4.0765135826771655
0
LINE
8
BLACK
6
CONTINUOUS
10
4.8324040944881892
20
-4.0765135826771655
11
4.8306990157480314
21
-4.081386456692913
0
LINE
8
BLACK
6
CONTINUOUS
10
4.8306990157480314
20
-4.081386456692913
11
4.8305905511811025
21
-4.0825431496062992
0
LINE
8
BLACK
6
CONTINUOUS
10
4.8305905511811025
20
-4.0825431496062992
11
4.8305905511811025
21
-4.0840157086614175
0
LINE
8
BLACK
6
CONTINUOUS
10
4.8305905511811025
20
-4.0840157086614175
11
4.8305905905511812
21
-4.0840157480314963
0
LINE
8
BLACK
6
CONTINUOUS
10
4.8305905905511812
20
-4.0840157480314963
11
4.8425190551181103
21
-4.0840157480314963
0
LINE
8
BLACK
6
CONTINUOUS
10
4.8425190551181103
20
-4.0840157480314963
11
4.8428061417322832
21
-4.0825723622047247
0
LINE
8
BLACK
6
CONTINUOUS
10
4.8428061417322832
20
-4.0825723622047247
11
4.8439583070866137
21
-4.0808480708661419
0
LINE
8
BLACK
6
CONTINUOUS
10
4.8439583070866137
20
-4.0808480708661419
11
4.8456825984251966
21
-4.0796959055118105
0
LINE
8
BLACK
6
CONTINUOUS
10
4.8456825984251966
20
-4.0796959055118105
11
4.8477165354330705
21
-4.079291338582677
0
LINE
8
BLACK
6
CONTINUOUS
10
4.8477165354330705
20
-4.079291338582677
11
4.8622834645669286
21
-4.079291338582677
0
LINE
8
BLACK
6
CONTINUOUS
10
4.8622834645669286
20
-4.079291338582677
11
4.8643174015748034
21
-4.0796959055118105
0
LINE
8
BLACK
6
CONTINUOUS
10
4.8643174015748034
20
-4.0796959055118105
11
4.8660416929133854
21
-4.0808480708661419
0
LINE
8
BLACK
6
CONTINUOUS
10
4.8660416929133854
20
-4.0808480708661419
11
4.8671938582677168
21
-4.0825723622047247
0
LINE
8
BLACK
6
CONTINUOUS
10
4.8671938582677168
20
-4.0825723622047247
11
4.8674809448818896
21
-4.0840157480314963
0
LINE
8
BLACK
6
CONTINUOUS
10
4.8674809448818896
20
-4.0840157480314963
11
4.8794094094488187
21
-4.0840157480314963
0
LINE
8
BLACK
6
CONTINUOUS
10
4.8794094094488187
20
-4.0840157480314963
11
4.8794094488188975
21
-4.0840157086614175
0
LINE
8
BLACK
6
CONTINUOUS
10
4.8794094488188975
20
-4.0840157086614175
11
4.8794094488188975
21
-4.0825433070866142
0
LINE
8
BLACK
6
CONTINUOUS
10
4.8794094488188975
20
-4.0825433070866142
11
4.8794094094488187
21
-4.0825431496062992
0
LINE
8
BLACK
6
CONTINUOUS
10
4.8794094094488187
20
-4.0825431496062992
11
4.8793009448818898
21
-4.081386456692913
0
LINE
8
BLACK
6
CONTINUOUS
10
4.8793009448818898
20
-4.081386456692913
11
4.8781727559055117
21
-4.0781622834645672
0
LINE
8
BLACK
6
CONTINUOUS
10
4.8781727559055117
20
-4.0781622834645672
11
4.8781187007874012
21
-4.0757540157480312
0
LINE
8
BLACK
6
CONTINUOUS
10
4.8781187007874012
20
-4.0757540157480312
11
4.8794904724409447
21
-4.0737738976377953
0
LINE
8
BLACK
6
CONTINUOUS
10
4.8794904724409447
20
-4.0737738976377953
11
4.8809451574803147
21
-4.0731747244094487
0
LINE
8
BLACK
6
CONTINUOUS
10
4.8809451574803147
20
-4.0731747244094487
11
4.8809249606299208
21
-4.0730993307086614
0
LINE
8
BLACK
6
CONTINUOUS
10
4.8809249606299208
20
-4.0730993307086614
11
4.881171456692913
21
-4.073033228346457
0
LINE
8
BLACK
6
CONTINUOUS
10
4.881171456692913
20
-4.073033228346457
11
4.8811717322834642
21
-4.073033228346457
0
LINE
8
BLACK
6
CONTINUOUS
10
4.8811717322834642
20
-4.073033228346457
11
4.886922874015748
21
-4.0706510236220472
0
LINE
8
BLACK
6
CONTINUOUS
10
4.886922874015748
20
-4.0706510236220472
11
4.891861496062992
21
-4.0668614960629919
0
LINE
8
BLACK
6
CONTINUOUS
10
4.891861496062992
20
-4.0668614960629919
11
4.8956510236220474
21
-4.0619228740157478
0
LINE
8
BLACK
6
CONTINUOUS
10
4.8956510236220474
20
-4.0619228740157478
11
4.8980332283464563
21
-4.0561717322834641
0
LINE
8
BLACK
6
CONTINUOUS
10
4.8980332283464563
20
-4.0561717322834641
11
4.8983601181102365
21
-4.0536887007874016
0
LINE
8
BLACK
6
CONTINUOUS
10
4.8983601181102365
20
-4.0536887007874016
11
4.8993971653543307
21
-4.0515145275590552
0
LINE
8
BLACK
6
CONTINUOUS
10
4.8993971653543307
20
-4.0515145275590552
11
4.9015141338582673
21
-4.0503651181102365
0
LINE
8
BLACK
6
CONTINUOUS
10
4.9015141338582673
20
-4.0503651181102365
11
4.9039024015748032
21
-4.0506795275590548
0
LINE
8
BLACK
6
CONTINUOUS
10
4.9039024015748032
20
-4.0506795275590548
11
4.9056497244094484
21
-4.0523376771653545
0
LINE
8
BLACK
6
CONTINUOUS
10
4.9056497244094484
20
-4.0523376771653545
11
4.9061220472440947
21
-4.0541974803149605
0
LINE
8
BLACK
6
CONTINUOUS
10
4.9061220472440947
20
-4.0541974803149605
11
4.9061220472440947
21
-4.0655805511811023
0
LINE
8
BLACK
6
CONTINUOUS
10
4.9061220472440947
20
-4.0655805511811023
11
4.9061220866141735
21
-4.0655810236220473
0
LINE
8
BLACK
6
CONTINUOUS
10
4.9061220866141735
20
-4.0655810236220473
11
4.9065799999999999
21
-4.0678829527559053
0
LINE
8
BLACK
6
CONTINUOUS
10
4.9065799999999999
20
-4.0678829527559053
11
4.9065800787401574
21
-4.0678831889763778
0
LINE
8
BLACK
6
CONTINUOUS
10
4.9065800787401574
20
-4.0678831889763778
11
4.9083246062992121
21
-4.0704940157480314
0
LINE
8
BLACK
6
CONTINUOUS
10
4.9083246062992121
20
-4.0704940157480314
11
4.9083247244094483
21
-4.0704941732283464
0
LINE
8
BLACK
6
CONTINUOUS
10
4.9083247244094483
20
-4.0704941732283464
11
4.9083268110236222
21
-4.0704955511811018
0
LINE
8
BLACK
6
CONTINUOUS
10
4.9083268110236222
20
-4.0704955511811018
11
4.9083292913385828
21
-4.0704987007874012
0
LINE
8
BLACK
6
CONTINUOUS
10
4.9083292913385828
20
-4.0704987007874012
11
4.9085961811023617
21
-4.070765590551181
0
LINE
8
BLACK
6
CONTINUOUS
10
4.9085961811023617
20
-4.070765590551181
11
4.908564566929134
21
-4.0707971653543309
0
LINE
8
BLACK
6
CONTINUOUS
10
4.908564566929134
20
-4.0707971653543309
11
4.9098181496062994
21
-4.0723872834645665
0
LINE
8
BLACK
6
CONTINUOUS
10
4.9098181496062994
20
-4.0723872834645665
11
4.9100590551181105
21
-4.0737363385826768
0
LINE
8
BLACK
6
CONTINUOUS
10
4.9100590551181105
20
-4.0737363385826768
11
4.9100590551181105
21
-4.0939798425196852
0
LINE
8
BLACK
6
CONTINUOUS
10
4.9100590551181105
20
-4.0939798425196852
11
4.9093146850393703
21
-4.0962708267716534
0
LINE
8
BLACK
6
CONTINUOUS
10
4.9093146850393703
20
-4.0962708267716534
11
4.9073658661417321
21
-4.0976867322834645
0
LINE
8
BLACK
6
CONTINUOUS
10
4.9073658661417321
20
-4.0976867322834645
11
4.9049569685039369
21
-4.0976867322834645
0
LINE
8
BLACK
6
CONTINUOUS
10
4.9049569685039369
20
-4.0976867322834645
11
4.904669881889764
21
-4.0975807874015748
0
LINE
8
BLACK
6
CONTINUOUS
10
4.904669881889764
20
-4.0975807874015748
11
4.900522283464567
21
-4.0958627952755906
0
LINE
8
BLACK
6
CONTINUOUS
10
4.900522283464567
20
-4.0958627952755906
11
4.900521968503937
21
-4.0958627165354331
0
LINE
8
BLACK
6
CONTINUOUS
10
4.900521968503937
20
-4.0958627165354331
11
4.8943504330708656
21
-4.0950502362204722
0
LINE
8
BLACK
6
CONTINUOUS
10
4.8943504330708656
20
-4.0950502362204722
11
4.894350354330709
21
-4.0950502362204722
0
LINE
8
BLACK
6
CONTINUOUS
10
4.894350354330709
20
-4.0950502362204722
11
4.8881787795275589
21
-4.0958627165354331
0
LINE
8
BLACK
6
CONTINUOUS
10
4.8881787795275589
20
-4.0958627165354331
11
4.8881784251968501
21
-4.0958627952755906
0
LINE
8
BLACK
6
CONTINUOUS
10
4.8881784251968501
20
-4.0958627952755906
11
4.8844093700787399
21
-4.0974240157480315
0
LINE
8
BLACK
6
CONTINUOUS
10
4.8844093700787399
20
-4.0974240157480315
11
4.8820079133858263
21
-4.0976130314960626
0
LINE
8
BLACK
6
CONTINUOUS
10
4.8820079133858263
20
-4.0976130314960626
11
4.880161771653543
21
-4.0965791338582678
0
LINE
8
BLACK
6
CONTINUOUS
10
4.880161771653543
20
-4.0965791338582678
11
4.8794094094488187
21
-4.0958267716535435
0
LINE
8
BLACK
6
CONTINUOUS
10
4.8794094094488187
20
-4.0958267716535435
11
4.8674809448818896
21
-4.0958267716535435
0
LINE
8
BLACK
6
CONTINUOUS
10
4.8674809448818896
20
-4.0958267716535435
11
4.8671938582677168
21
-4.097270157480315
0
LINE
8
BLACK
6
CONTINUOUS
10
4.8671938582677168
20
-4.097270157480315
11
4.8660416929133854
21
-4.0989944488188979
0
LINE
8
BLACK
6
CONTINUOUS
10
4.8660416929133854
20
-4.0989944488188979
11
4.8643174015748034
21
-4.1001466141732283
0
LINE
8
BLACK
6
CONTINUOUS
10
4.8643174015748034
20
-4.1001466141732283
11
4.8622834645669286
21
-4.1005511811023618
0
LINE
8
BLACK
6
CONTINUOUS
10
4.8622834645669286
20
-4.1005511811023618
11
4.8477165354330705
21
-4.1005511811023618
0
LINE
8
BLACK
6
CONTINUOUS
10
4.8477165354330705
20
-4.1005511811023618
11
4.8456825984251966
21
-4.1001466141732283
0
LINE
8
BLACK
6
CONTINUOUS
10
4.8456825984251966
20
-4.1001466141732283
11
4.8439583070866137
21
-4.0989944488188979
0
LINE
8
BLACK
6
CONTINUOUS
10
4.8439583070866137
20
-4.0989944488188979
11
4.8428061417322832
21
-4.097270157480315
0
LINE
8
BLACK
6
CONTINUOUS
10
4.8428061417322832
20
-4.097270157480315
11
4.8425190551181103
21
-4.0958267716535435
0
LINE
8
BLACK
6
CONTINUOUS
10
4.8425190551181103
20
-4.0958267716535435
11
4.8305905905511812
21
-4.0958267716535435
0
LINE
8
BLACK
6
CONTINUOUS
10
4.8305905905511812
20
-4.0958267716535435
11
4.8305905511811025
21
-4.0958268110236222
0
LINE
8
BLACK
6
CONTINUOUS
10
4.8305905511811025
20
-4.0958268110236222
11
4.8305905511811025
21
-4.0972993307086609
0
LINE
8
BLACK
6
CONTINUOUS
10
4.8305905511811025
20
-4.0972993307086609
11
4.8306990157480314
21
-4.0984560236220471
0
LINE
8
BLACK
6
CONTINUOUS
10
4.8306990157480314
20
-4.0984560236220471
11
4.8324040944881892
21
-4.1033288976377955
0
LINE
8
BLACK
6
CONTINUOUS
10
4.8324040944881892
20
-4.1033288976377955
11
4.8354698425196849
21
-4.1074827952755903
0
LINE
8
BLACK
6
CONTINUOUS
10
4.8354698425196849
20
-4.1074827952755903
11
4.8354699999999999
21
-4.1074829527559054
0
LINE
8
BLACK
6
CONTINUOUS
10
4.8354699999999999
20
-4.1074829527559054
11
4.8380670866141733
21
-4.1093996850393699
0
LINE
8
BLACK
6
CONTINUOUS
10
4.8380670866141733
20
-4.1093996850393699
11
4.8394683858267715
21
-4.1113590157480315
0
LINE
8
BLACK
6
CONTINUOUS
10
4.8394683858267715
20
-4.1113590157480315
11
4.8394503543307081
21
-4.1137678346456692
0
LINE
8
BLACK
6
CONTINUOUS
10
4.8394503543307081
20
-4.1137678346456692
11
4.8385086614173227
21
-4.1152917322834641
0
LINE
8
BLACK
6
CONTINUOUS
10
4.8385086614173227
20
-4.1152917322834641
11
4.8367297244094489
21
-4.1170706692913388
0
LINE
8
BLACK
6
CONTINUOUS
10
4.8367297244094489
20
-4.1170706692913388
11
4.8367296456692914
21
-4.1170707874015751
0
LINE
8
BLACK
6
CONTINUOUS
10
4.8367296456692914
20
-4.1170707874015751
11
4.8347611023622044
21
-4.1212922834645669
0
LINE
8
BLACK
6
CONTINUOUS
10
4.8347611023622044
20
-4.1212922834645669
11
4.8347611023622044
21
-4.1212923228346456
0
LINE
8
BLACK
6
CONTINUOUS
10
4.8347611023622044
20
-4.1212923228346456
11
4.8345078740157481
21
-4.1232159448818892
0
LINE
8
BLACK
6
CONTINUOUS
10
4.8345078740157481
20
-4.1232159448818892
11
4.8345078740157481
21
-4.1369414960629918
0
LINE
8
BLACK
6
CONTINUOUS
10
4.8345078740157481
20
-4.1369414960629918
11
4.8347611023622044
21
-4.1388651181102363
0
LINE
8
BLACK
6
CONTINUOUS
10
4.8347611023622044
20
-4.1388651181102363
11
4.8347611023622044
21
-4.138865157480315
0
LINE
8
BLACK
6
CONTINUOUS
10
4.8347611023622044
20
-4.138865157480315
11
4.8367296456692914
21
-4.1430866535433069
0
LINE
8
BLACK
6
CONTINUOUS
10
4.8367296456692914
20
-4.1430866535433069
11
4.8367296850393702
21
-4.1430866929133856
0
LINE
8
BLACK
6
CONTINUOUS
10
4.8367296850393702
20
-4.1430866929133856
11
4.8367297244094489
21
-4.1430867716535431
0
LINE
8
BLACK
6
CONTINUOUS
10
4.8367297244094489
20
-4.1430867716535431
11
4.8400234645669293
21
-4.1463805118110235
0
LINE
8
BLACK
6
CONTINUOUS
10
4.8400234645669293
20
-4.1463805118110235
11
4.8400235039370081
21
-4.1463805118110235
0
LINE
8
BLACK
6
CONTINUOUS
10
4.8400235039370081
20
-4.1463805118110235
11
4.8400235433070868
21
-4.1463805511811023
0
LINE
8
BLACK
6
CONTINUOUS
10
4.8400235433070868
20
-4.1463805511811023
11
4.8442450393700787
21
-4.1483490944881884
0
LINE
8
BLACK
6
CONTINUOUS
10
4.8442450393700787
20
-4.1483490944881884
11
4.8442450787401574
21
-4.1483490944881884
0
LINE
8
BLACK
6
CONTINUOUS
10
4.8442450787401574
20
-4.1483490944881884
11
4.8442451574803149
21
-4.1483491338582672
0
LINE
8
BLACK
6
CONTINUOUS
10
4.8442451574803149
20
-4.1483491338582672
11
4.8461686614173232
21
-4.1486023622047243
0
LINE
8
BLACK
6
CONTINUOUS
10
4.8461686614173232
20
-4.1486023622047243
11
4.846168700787401
21
-4.1486023622047243
0
LINE
8
BLACK
6
CONTINUOUS
10
4.846168700787401
20
-4.1486023622047243
11
4.8638312598425193
21
-4.1486023622047243
0
LINE
8
BLACK
6
CONTINUOUS
10
4.8638312598425193
20
-4.1486023622047243
11
4.8638313385826768
21
-4.1486023622047243
0
LINE
8
BLACK
6
CONTINUOUS
10
4.8638313385826768
20
-4.1486023622047243
11
4.865754842519685
21
-4.1483491338582672
0
LINE
8
BLACK
6
CONTINUOUS
10
4.865754842519685
20
-4.1483491338582672
11
4.8699765354330706
21
-4.1463805118110235
0
LINE
8
BLACK
6
CONTINUOUS
10
4.8699765354330706
20
-4.1463805118110235
11
4.8706821259842519
21
-4.1456749212598423
0
LINE
8
BLACK
6
CONTINUOUS
10
4.8706821259842519
20
-4.1456749212598423
11
4.8713375590551182
21
-4.1450195275590547
0
LINE
8
BLACK
6
CONTINUOUS
10
4.8713375590551182
20
-4.1450195275590547
11
4.8734838976377954
21
-4.1439259448818895
0
LINE
8
BLACK
6
CONTINUOUS
10
4.8734838976377954
20
-4.1439259448818895
11
4.8740935826771654
21
-4.1438779527559051
0
LINE
8
BLACK
6
CONTINUOUS
10
4.8740935826771654
20
-4.1438779527559051
11
4.8849842519685041
21
-4.1438779527559051
0
LINE
8
BLACK
6
CONTINUOUS
10
4.8849842519685041
20
-4.1438779527559051
11
4.8849843307086616
21
-4.1438779527559051
0
LINE
8
BLACK
6
CONTINUOUS
10
4.8849843307086616
20
-4.1438779527559051
11
4.8884939370078735
21
-4.1429375590551176
0
LINE
8
BLACK
6
CONTINUOUS
10
4.8884939370078735
20
-4.1429375590551176
11
4.888711535433071
21
-4.1428118897637791
0
LINE
8
BLACK
6
CONTINUOUS
10
4.888711535433071
20
-4.1428118897637791
11
4.8910676377952758
21
-4.1423108661417318
0
LINE
8
BLACK
6
CONTINUOUS
10
4.8910676377952758
20
-4.1423108661417318
11
4.8911675984251968
21
-4.1423226771653541
0
LINE
8
BLACK
6
CONTINUOUS
10
4.8911675984251968
20
-4.1423226771653541
11
4.8943503937007877
21
-4.1427417322834641
0
LINE
8
BLACK
6
CONTINUOUS
10
4.8943503937007877
20
-4.1427417322834641
11
4.900522125984252
21
-4.1419292125984253
0
LINE
8
BLACK
6
CONTINUOUS
10
4.900522125984252
20
-4.1419292125984253
11
4.9046699212598428
21
-4.1402111023622048
0
LINE
8
BLACK
6
CONTINUOUS
10
4.9046699212598428
20
-4.1402111023622048
11
4.907071299212598
21
-4.1400221259842516
0
LINE
8
BLACK
6
CONTINUOUS
10
4.907071299212598
20
-4.1400221259842516
11
4.9091251968503933
21
-4.1412807480314964
0
LINE
8
BLACK
6
CONTINUOUS
10
4.9091251968503933
20
-4.1412807480314964
11
4.9100470472440945
21
-4.1435062598425194
0
LINE
8
BLACK
6
CONTINUOUS
10
4.9100470472440945
20
-4.1435062598425194
11
4.9100590551181105
21
-4.1438120866141732
0
LINE
8
BLACK
6
CONTINUOUS
10
4.9100590551181105
20
-4.1438120866141732
11
4.9100590551181105
21
-4.145674960629921
0
LINE
8
BLACK
6
CONTINUOUS
10
4.9100590551181105
20
-4.145674960629921
11
4.9108434645669288
21
-4.1486023622047243
0
LINE
8
BLACK
6
CONTINUOUS
10
4.9108434645669288
20
-4.1486023622047243
11
4.9109709842519687
21
-4.1490782677165354
0
LINE
8
BLACK
6
CONTINUOUS
10
4.9109709842519687
20
-4.1490782677165354
11
4.9109710629921262
21
-4.149078661417323
0
LINE
8
BLACK
6
CONTINUOUS
10
4.9109710629921262
20
-4.149078661417323
11
4.9109993307086617
21
-4.1491842913385826
0
LINE
8
BLACK
6
CONTINUOUS
10
4.9109993307086617
20
-4.1491842913385826
11
4.9109995275590554
21
-4.1491847637795276
0
LINE
8
BLACK
6
CONTINUOUS
10
4.9109995275590554
20
-4.1491847637795276
11
4.9125966141732285
21
-4.1519509448818894
0
LINE
8
BLACK
6
CONTINUOUS
10
4.9125966141732285
20
-4.1519509448818894
11
4.9128161417322831
21
-4.1523311811023618
0
LINE
8
BLACK
6
CONTINUOUS
10
4.9128161417322831
20
-4.1523311811023618
11
4.9616058267716534
21
-4.2011208661417321
0
LINE
8
BLACK
6
CONTINUOUS
10
4.9616058267716534
20
-4.2011208661417321
11
4.9632128740157482
21
-4.2020486614173231
0
LINE
8
BLACK
6
CONTINUOUS
10
4.9632128740157482
20
-4.2020486614173231
11
4.9643892913385823
21
-4.2027279133858269
0
LINE
8
BLACK
6
CONTINUOUS
10
4.9643892913385823
20
-4.2027279133858269
11
4.9643892519685036
21
-4.2027279133858269
0
LINE
8
BLACK
6
CONTINUOUS
10
4.9643892519685036
20
-4.2027279133858269
11
4.9645196850393702
21
-4.2028031889763779
0
LINE
8
BLACK
6
CONTINUOUS
10
4.9645196850393702
20
-4.2028031889763779
11
4.9647524409448822
21
-4.2029375590551181
0
LINE
8
BLACK
6
CONTINUOUS
10
4.9647524409448822
20
-4.2029375590551181
11
4.9682620472440941
21
-4.2038779527559056
0
LINE
8
BLACK
6
CONTINUOUS
10
4.9682620472440941
20
-4.2038779527559056
11
4.9682620866141729
21
-4.2038779527559056
0
LINE
8
BLACK
6
CONTINUOUS
10
4.9682620866141729
20
-4.2038779527559056
11
4.9718954330708662
21
-4.2038779527559056
0
LINE
8
BLACK
6
CONTINUOUS
10
4.9718954330708662
20
-4.2038779527559056
11
4.9809064173228341
21
-4.2038779527559056
0
LINE
8
BLACK
6
CONTINUOUS
10
4.9809064173228341
20
-4.2038779527559056
11
4.9831974015748033
21
-4.2046223228346458
0
LINE
8
BLACK
6
CONTINUOUS
10
4.9831974015748033
20
-4.2046223228346458
11
4.9836624409448822
21
-4.2050195275590552
0
LINE
8
BLACK
6
CONTINUOUS
10
4.9836624409448822
20
-4.2050195275590552
11
4.9850234251968502
21
-4.2063804724409444
0
LINE
8
BLACK
6
CONTINUOUS
10
4.9850234251968502
20
-4.2063804724409444
11
4.9850235433070864
21
-4.2063805511811019
0
LINE
8
BLACK
6
CONTINUOUS
10
4.9850235433070864
20
-4.2063805511811019
11
4.9892450393700782
21
-4.2083490944881889
0
LINE
8
BLACK
6
CONTINUOUS
10
4.9892450393700782
20
-4.2083490944881889
11
4.989245078740157
21
-4.2083490944881889
0
LINE
8
BLACK
6
CONTINUOUS
10
4.989245078740157
20
-4.2083490944881889
11
4.9892451574803145
21
-4.2083491338582677
0
LINE
8
BLACK
6
CONTINUOUS
10
4.9892451574803145
20
-4.2083491338582677
11
4.9911686614173227
21
-4.2086023622047239
0
LINE
8
BLACK
6
CONTINUOUS
10
4.9911686614173227
20
-4.2086023622047239
11
4.9911687007874015
21
-4.2086023622047239
0
LINE
8
BLACK
6
CONTINUOUS
10
4.9911687007874015
20
-4.2086023622047239
11
5.0088312598425198
21
-4.2086023622047239
0
LINE
8
BLACK
6
CONTINUOUS
10
5.0088312598425198
20
-4.2086023622047239
11
5.0088313385826773
21
-4.2086023622047239
0
LINE
8
BLACK
6
CONTINUOUS
10
5.0088313385826773
20
-4.2086023622047239
11
5.0107548425196846
21
-4.2083491338582677
0
LINE
8
BLACK
6
CONTINUOUS
10
5.0107548425196846
20
-4.2083491338582677
11
5.0149765354330711
21
-4.2063805118110231
0
LINE
8
BLACK
6
CONTINUOUS
10
5.0149765354330711
20
-4.2063805118110231
11
5.0156906299212594
21
-4.2056664173228349
0
LINE
8
BLACK
6
CONTINUOUS
10
5.0156906299212594
20
-4.2056664173228349
11
5.0163375590551178
21
-4.2050195275590552
0
LINE
8
BLACK
6
CONTINUOUS
10
5.0163375590551178
20
-4.2050195275590552
11
5.018483897637795
21
-4.20392594488189
0
LINE
8
BLACK
6
CONTINUOUS
10
5.018483897637795
20
-4.20392594488189
11
5.019093582677165
21
-4.2038779527559056
0
LINE
8
BLACK
6
CONTINUOUS
10
5.019093582677165
20
-4.2038779527559056
11
5.0717491338582672
21
-4.2038779527559056
0
LINE
8
BLACK
6
CONTINUOUS
10
5.0717491338582672
20
-4.2038779527559056
11
5.0717492125984247
21
-4.2038779527559056
0
LINE
8
BLACK
6
CONTINUOUS
10
5.0717492125984247
20
-4.2038779527559056
11
5.0752588188976375
21
-4.2029375590551181
0
LINE
8
BLACK
6
CONTINUOUS
10
5.0752588188976375
20
-4.2029375590551181
11
5.0752589370078738
21
-4.2029374803149606
0
LINE
8
BLACK
6
CONTINUOUS
10
5.0752589370078738
20
-4.2029374803149606
11
5.0756219685039365
21
-4.2027279133858269
0
LINE
8
BLACK
6
CONTINUOUS
10
5.0756219685039365
20
-4.2027279133858269
11
5.0763677559055118
21
-4.2022972834645671
0
LINE
8
BLACK
6
CONTINUOUS
10
5.0763677559055118
20
-4.2022972834645671
11
5.0784054330708663
21
-4.2011208661417321
0
LINE
8
BLACK
6
CONTINUOUS
10
5.0784054330708663
20
-4.2011208661417321
11
5.1047230708661413
21
-4.1748031889763775
0
LINE
8
BLACK
6
CONTINUOUS
10
5.1047230708661413
20
-4.1748031889763775
11
5.1441533858267716
21
-4.1353728346456693
0
LINE
8
BLACK
6
CONTINUOUS
10
5.1441533858267716
20
-4.1353728346456693
11
5.1462997244094488
21
-4.1342792913385829
0
LINE
8
BLACK
6
CONTINUOUS
10
5.1462997244094488
20
-4.1342792913385829
11
5.1486789370078743
21
-4.1346561023622046
0
LINE
8
BLACK
6
CONTINUOUS
10
5.1486789370078743
20
-4.1346561023622046
11
5.1503822834645669
21
-4.1363594488188973
0
LINE
8
BLACK
6
CONTINUOUS
10
5.1503822834645669
20
-4.1363594488188973
11
5.1508070866141731
21
-4.138128937007874
0
LINE
8
BLACK
6
CONTINUOUS
10
5.1508070866141731
20
-4.138128937007874
11
5.1508070866141731
21
-4.1470372440944878
0
LINE
8
BLACK
6
CONTINUOUS
10
5.1508070866141731
20
-4.1470372440944878
11
5.1508071259842518
21
-4.1470377165354328
0
LINE
8
BLACK
6
CONTINUOUS
10
5.1508071259842518
20
-4.1470377165354328
11
5.1512650393700783
21
-4.1493396456692908
0
LINE
8
BLACK
6
CONTINUOUS
10
5.1512650393700783
20
-4.1493396456692908
11
5.151265078740157
21
-4.1493398031496058
0
LINE
8
BLACK
6
CONTINUOUS
10
5.151265078740157
20
-4.1493398031496058
11
5.1519242125984253
21
-4.1503262598425197
0
LINE
8
BLACK
6
CONTINUOUS
10
5.1519242125984253
20
-4.1503262598425197
11
5.1525077559055115
21
-4.1511996062992127
0
LINE
8
BLACK
6
CONTINUOUS
10
5.1525077559055115
20
-4.1511996062992127
11
5.1530097637795276
21
-4.1519508661417319
0
LINE
8
BLACK
6
CONTINUOUS
10
5.1530097637795276
20
-4.1519508661417319
11
5.1556208267716537
21
-4.1536955511811025
0
LINE
8
BLACK
6
CONTINUOUS
10
5.1556208267716537
20
-4.1536955511811025
11
5.1571749606299209
21
-4.1540046850393697
0
LINE
8
BLACK
6
CONTINUOUS
10
5.1571749606299209
20
-4.1540046850393697
11
5.1579228740157479
21
-4.1541534645669289
0
LINE
8
BLACK
6
CONTINUOUS
10
5.1579228740157479
20
-4.1541534645669289
11
5.1579230708661417
21
-4.1541534645669289
0
LINE
8
BLACK
6
CONTINUOUS
10
5.1579230708661417
20
-4.1541534645669289
11
5.1579233070866142
21
-4.1541535433070864
0
LINE
8
BLACK
6
CONTINUOUS
10
5.1579233070866142
20
-4.1541535433070864
11
5.1579233464566929
21
-4.1541535433070864
0
LINE
8
BLACK
6
CONTINUOUS
10
5.1579233464566929
20
-4.1541535433070864
11
5.2027853149606296
21
-4.1541535433070864
0
LINE
8
BLACK
6
CONTINUOUS
10
5.2027853149606296
20
-4.1541535433070864
11
5.2027853543307083
21
-4.1541535433070864
0
LINE
8
BLACK
6
CONTINUOUS
10
5.2027853543307083
20
-4.1541535433070864
11
5.2050878346456688
21
-4.1536955511811025
0
LINE
8
BLACK
6
CONTINUOUS
10
5.2050878346456688
20
-4.1536955511811025
11
5.2076988976377949
21
-4.1519508661417319
0
LINE
8
BLACK
6
CONTINUOUS
10
5.2076988976377949
20
-4.1519508661417319
11
5.2094435826771655
21
-4.1493398031496058
0
LINE
8
BLACK
6
CONTINUOUS
10
5.2094435826771655
20
-4.1493398031496058
11
5.2099015748031494
21
-4.1470373228346453
0
LINE
8
BLACK
6
CONTINUOUS
10
5.2099015748031494
20
-4.1470373228346453
11
5.2099015748031494
21
-4.1442913779527562
0
LINE
8
BLACK
6
CONTINUOUS
10
5.2099015748031494
20
-4.1442913779527562
11
5.2099015748031494
21
-4.1297343307086614
0
LINE
8
BLACK
6
CONTINUOUS
10
5.2099015748031494
20
-4.1297343307086614
11
5.2094435826771655
21
-4.1274318503937009
0
LINE
8
BLACK
6
CONTINUOUS
10
5.2094435826771655
20
-4.1274318503937009
11
5.2094434645669292
21
-4.1274316929133859
0
LINE
8
BLACK
6
CONTINUOUS
10
5.2094434645669292
20
-4.1274316929133859
11
5.2092987007874019
21
-4.1270821653543308
0
LINE
8
BLACK
6
CONTINUOUS
10
5.2092987007874019
20
-4.1270821653543308
11
5.2091096850393699
21
-4.1246807086614172
0
LINE
8
BLACK
6
CONTINUOUS
10
5.2091096850393699
20
-4.1246807086614172
11
5.2092987007874019
21
-4.124098937007874
0
LINE
8
BLACK
6
CONTINUOUS
10
5.2092987007874019
20
-4.124098937007874
11
5.2094434251968504
21
-4.1237494488188977
0
LINE
8
BLACK
6
CONTINUOUS
10
5.2094434251968504
20
-4.1237494488188977
11
5.2094435826771655
21
-4.1237492519685039
0
LINE
8
BLACK
6
CONTINUOUS
10
5.2094435826771655
20
-4.1237492519685039
11
5.2099015748031494
21
-4.1214467716535435
0
LINE
8
BLACK
6
CONTINUOUS
10
5.2099015748031494
20
-4.1214467716535435
11
5.2099015748031494
21
-4.1041437795275586
0
LINE
8
BLACK
6
CONTINUOUS
10
5.2099015748031494
20
-4.1041437795275586
11
5.2094435826771655
21
-4.1018412992125981
0
LINE
8
BLACK
6
CONTINUOUS
10
5.2094435826771655
20
-4.1018412992125981
11
5.2094434645669292
21
-4.1018411417322831
0
LINE
8
BLACK
6
CONTINUOUS
10
5.2094434645669292
20
-4.1018411417322831
11
5.2092987007874019
21
-4.1014916141732281
0
LINE
8
BLACK
6
CONTINUOUS
10
5.2092987007874019
20
-4.1014916141732281
11
5.2091096850393699
21
-4.0990901574803145
0
LINE
8
BLACK
6
CONTINUOUS
10
5.2091096850393699
20
-4.0990901574803145
11
5.2092987007874019
21
-4.0985083858267712
0
LINE
8
BLACK
6
CONTINUOUS
10
5.2092987007874019
20
-4.0985083858267712
11
5.2094434251968504
21
-4.098158897637795
0
LINE
8
BLACK
6
CONTINUOUS
10
5.2094434251968504
20
-4.098158897637795
11
5.2094435826771655
21
-4.0981587007874012
0
LINE
8
BLACK
6
CONTINUOUS
10
5.2094435826771655
20
-4.0981587007874012
11
5.2099015748031494
21
-4.0958562204724407
0
LINE
8
BLACK
6
CONTINUOUS
10
5.2099015748031494
20
-4.0958562204724407
11
5.2099015748031494
21
-4.0785532283464567
0
LINE
8
BLACK
6
CONTINUOUS
10
5.2099015748031494
20
-4.0785532283464567
11
5.2094435826771655
21
-4.0762507480314962
0
LINE
8
BLACK
6
CONTINUOUS
10
5.2094435826771655
20
-4.0762507480314962
11
5.2094434645669292
21
-4.0762505905511812
0
LINE
8
BLACK
6
CONTINUOUS
10
5.2094434645669292
20
-4.0762505905511812
11
5.2092987007874019
21
-4.0759010629921262
0
LINE
8
BLACK
6
CONTINUOUS
10
5.2092987007874019
20
-4.0759010629921262
11
5.2091096850393699
21
-4.0734996062992126
0
LINE
8
BLACK
6
CONTINUOUS
10
5.2091096850393699
20
-4.0734996062992126
11
5.2092987007874019
21
-4.0729178346456694
0
LINE
8
BLACK
6
CONTINUOUS
10
5.2092987007874019
20
-4.0729178346456694
11
5.2094434251968504
21
-4.0725683464566931
0
LINE
8
BLACK
6
CONTINUOUS
10
5.2094434251968504
20
-4.0725683464566931
11
5.2094435826771655
21
-4.0725681496062993
0
LINE
8
BLACK
6
CONTINUOUS
10
5.2094435826771655
20
-4.0725681496062993
11
5.2099015748031494
21
-4.0702656692913388
0
LINE
8
BLACK
6
CONTINUOUS
10
5.2099015748031494
20
-4.0702656692913388
11
5.2099015748031494
21
-4.0692279133858271
0
LINE
8
BLACK
6
CONTINUOUS
10
5.2099015748031494
20
-4.0692279133858271
11
5.2106459448818896
21
-4.066936929133858
0
LINE
8
BLACK
6
CONTINUOUS
10
5.2106459448818896
20
-4.066936929133858
11
5.2110429133858265
21
-4.0664720866141728
0
LINE
8
BLACK
6
CONTINUOUS
10
5.2110429133858265
20
-4.0664720866141728
11
5.2171444881889766
21
-4.0603705511811023
0
LINE
8
BLACK
6
CONTINUOUS
10
5.2171444881889766
20
-4.0603705511811023
11
5.2189611811023617
21
-4.0572239370078735
0
LINE
8
BLACK
6
CONTINUOUS
10
5.2189611811023617
20
-4.0572239370078735
11
5.2190725590551184
21
-4.0568083464566929
0
LINE
8
BLACK
6
CONTINUOUS
10
5.2190725590551184
20
-4.0568083464566929
11
5.2191426771653546
21
-4.0565466929133853
0
LINE
8
BLACK
6
CONTINUOUS
10
5.2191426771653546
20
-4.0565466929133853
11
5.2194158661417323
21
-4.0555270866141733
0
LINE
8
BLACK
6
CONTINUOUS
10
5.2194158661417323
20
-4.0555270866141733
11
5.2199015748031492
21
-4.0537143307086616
0
LINE
8
BLACK
6
CONTINUOUS
10
5.2199015748031492
20
-4.0537143307086616
11
5.2199015748031492
21
-4.0223014566929134
0
LINE
8
BLACK
6
CONTINUOUS
10
5.2199015748031492
20
-4.0223014566929134
11
5.2206459448818894
21
-4.0200104724409451
0
LINE
8
BLACK
6
CONTINUOUS
10
5.2206459448818894
20
-4.0200104724409451
11
5.2225947637795276
21
-4.0185945669291341
0
LINE
8
BLACK
6
CONTINUOUS
10
5.2225947637795276
20
-4.0185945669291341
11
5.2250036614173228
21
-4.0185945669291341
0
LINE
8
BLACK
6
CONTINUOUS
10
5.2250036614173228
20
-4.0185945669291341
11
5.22611374015748
21
-4.0191654724409451
0
LINE
8
BLACK
6
CONTINUOUS
10
5.22611374015748
20
-4.0191654724409451
11
5.2301998818897637
21
-4.0221812598425197
0
LINE
8
BLACK
6
CONTINUOUS
10
5.2301998818897637
20
-4.0221812598425197
11
5.2351288188976373
21
-4.023905984251968
0
LINE
8
BLACK
6
CONTINUOUS
10
5.2351288188976373
20
-4.023905984251968
11
5.2362991732283461
21
-4.024015708661417
0
LINE
8
BLACK
6
CONTINUOUS
10
5.2362991732283461
20
-4.024015708661417
11
5.2379921259842517
21
-4.0240156692913382
0
LINE
8
BLACK
6
CONTINUOUS
10
5.2379921259842517
20
-4.0240156692913382
11
5.2379921259842517
21
-4.0121263779527556
0
LINE
8
BLACK
6
CONTINUOUS
10
5.2379921259842517
20
-4.0121263779527556
11
5.2362765354330705
21
-4.0117851574803147
0
LINE
8
BLACK
6
CONTINUOUS
10
5.2362765354330705
20
-4.0117851574803147
11
5.2344883858267712
21
-4.0105903543307084
0
LINE
8
BLACK
6
CONTINUOUS
10
5.2344883858267712
20
-4.0105903543307084
11
5.2332935826771649
21
-4.0088022047244092
0
LINE
8
BLACK
6
CONTINUOUS
10
5.2332935826771649
20
-4.0088022047244092
11
5.2328740157480311
21
-4.0066929133858267
0
LINE
8
BLACK
6
CONTINUOUS
10
5.2328740157480311
20
-4.0066929133858267
11
5.2328740157480311
21
-3.9933070866141733
0
LINE
8
BLACK
6
CONTINUOUS
10
5.2328740157480311
20
-3.9933070866141733
11
5.2332935826771649
21
-3.9911977952755904
0
LINE
8
BLACK
6
CONTINUOUS
10
5.2332935826771649
20
-3.9911977952755904
11
5.2344883858267712
21
-3.9894096456692911
0
LINE
8
BLACK
6
CONTINUOUS
10
5.2344883858267712
20
-3.9894096456692911
11
5.2362765354330705
21
-3.9882148425196848
0
LINE
8
BLACK
6
CONTINUOUS
10
5.2362765354330705
20
-3.9882148425196848
11
5.2379921259842517
21
-3.9878735826771652
0
LINE
8
BLACK
6
CONTINUOUS
10
5.2379921259842517
20
-3.9878735826771652
11
5.2379921259842517
21
-3.975984212598425
0
LINE
8
BLACK
6
CONTINUOUS
10
5.2379921259842517
20
-3.975984212598425
11
5.2362990944881886
21
-3.9759842519685038
0
LINE
8
BLACK
6
CONTINUOUS
10
5.2362990944881886
20
-3.9759842519685038
11
5.2351290551181098
21
-3.9760939370078741
0
LINE
8
BLACK
6
CONTINUOUS
10
5.2351290551181098
20
-3.9760939370078741
11
5.235128858267716
21
-3.9760939763779528
0
LINE
8
BLACK
6
CONTINUOUS
10
5.235128858267716
20
-3.9760939763779528
11
5.2301999606299212
21
-3.9778186614173228
0
LINE
8
BLACK
6
CONTINUOUS
10
5.2301999606299212
20
-3.9778186614173228
11
5.2259984251968499
21
-3.9809196062992127
0
LINE
8
BLACK
6
CONTINUOUS
10
5.2259984251968499
20
-3.9809196062992127
11
5.2259982677165358
21
-3.9809197637795273
0
LINE
8
BLACK
6
CONTINUOUS
10
5.2259982677165358
20
-3.9809197637795273
11
5.2253699606299211
21
-3.9817711023622047
0
LINE
8
BLACK
6
CONTINUOUS
10
5.2253699606299211
20
-3.9817711023622047
11
5.223410551181102
21
-3.9831723228346454
0
LINE
8
BLACK
6
CONTINUOUS
10
5.223410551181102
20
-3.9831723228346454
11
5.2210017716535431
21
-3.9831542519685037
0
LINE
8
BLACK
6
CONTINUOUS
10
5.2210017716535431
20
-3.9831542519685037
11
5.2197019685039372
21
-3.982351023622047
0
LINE
8
BLACK
6
CONTINUOUS
10
5.2197019685039372
20
-3.982351023622047
11
5.2197012204724409
21
-3.982352125984252
0
LINE
8
BLACK
6
CONTINUOUS
10
5.2197012204724409
20
-3.982352125984252
11
5.2196825196850396
21
-3.9823390157480314
0
LINE
8
BLACK
6
CONTINUOUS
10
5.2196825196850396
20
-3.9823390157480314
11
5.2194779921259844
21
-3.9822126377952753
0
LINE
8
BLACK
6
CONTINUOUS
10
5.2194779921259844
20
-3.9822126377952753
11
5.2194218897637796
21
-3.9821565354330706
0
LINE
8
BLACK
6
CONTINUOUS
10
5.2194218897637796
20
-3.9821565354330706
11
5.2194218110236221
21
-3.9821564960629918
0
LINE
8
BLACK
6
CONTINUOUS
10
5.2194218110236221
20
-3.9821564960629918
11
5.2194217716535434
21
-3.9821564566929135
0
LINE
8
BLACK
6
CONTINUOUS
10
5.2194217716535434
20
-3.9821564566929135
11
5.2151373622047243
21
-3.9801586220472438
0
LINE
8
BLACK
6
CONTINUOUS
10
5.2151373622047243
20
-3.9801586220472438
11
5.2151373228346456
21
-3.980158582677165
0
LINE
8
BLACK
6
CONTINUOUS
10
5.2151373228346456
20
-3.980158582677165
11
5.2142586614173227
21
-3.9800429133858266
0
LINE
8
BLACK
6
CONTINUOUS
10
5.2142586614173227
20
-3.9800429133858266
11
5.2131850787401577
21
-3.9799015748031494
0
LINE
8
BLACK
6
CONTINUOUS
10
5.2131850787401577
20
-3.9799015748031494
11
5.2131850000000002
21
-3.9799015748031494
0
LINE
8
BLACK
6
CONTINUOUS
10
5.2131850000000002
20
-3.9799015748031494
11
5.199019842519685
21
-3.9799015748031494
0
LINE
8
BLACK
6
CONTINUOUS
10
5.199019842519685
20
-3.9799015748031494
11
5.1990193700787399
21
-3.9799016141732282
0
LINE
8
BLACK
6
CONTINUOUS
10
5.1990193700787399
20
-3.9799016141732282
11
5.197067440944882
21
-3.9801585433070867
0
LINE
8
BLACK
6
CONTINUOUS
10
5.197067440944882
20
-3.9801585433070867
11
5.1970673622047245
21
-3.9801585433070867
0
LINE
8
BLACK
6
CONTINUOUS
10
5.1970673622047245
20
-3.9801585433070867
11
5.1927829133858268
21
-3.9821564566929135
0
LINE
8
BLACK
6
CONTINUOUS
10
5.1927829133858268
20
-3.9821564566929135
11
5.1894399212598428
21
-3.9854994488188975
0
LINE
8
BLACK
6
CONTINUOUS
10
5.1894399212598428
20
-3.9854994488188975
11
5.1874420866141735
21
-3.9897838582677165
0
LINE
8
BLACK
6
CONTINUOUS
10
5.1874420866141735
20
-3.9897838582677165
11
5.1874420472440947
21
-3.9897838976377953
0
LINE
8
BLACK
6
CONTINUOUS
10
5.1874420472440947
20
-3.9897838976377953
11
5.1871850393700782
21
-3.9917362204724407
0
LINE
8
BLACK
6
CONTINUOUS
10
5.1871850393700782
20
-3.9917362204724407
11
5.1871850393700782
21
-4.0082636220472443
0
LINE
8
BLACK
6
CONTINUOUS
10
5.1871850393700782
20
-4.0082636220472443
11
5.187185078740157
21
-4.0082640551181106
0
LINE
8
BLACK
6
CONTINUOUS
10
5.187185078740157
20
-4.0082640551181106
11
5.187442007874016
21
-4.0102159842519685
0
LINE
8
BLACK
6
CONTINUOUS
10
5.187442007874016
20
-4.0102159842519685
11
5.187442007874016
21
-4.010216062992126
0
LINE
8
BLACK
6
CONTINUOUS
10
5.187442007874016
20
-4.010216062992126
11
5.1894399212598428
21
-4.0145005118110237
0
LINE
8
BLACK
6
CONTINUOUS
10
5.1894399212598428
20
-4.0145005118110237
11
5.1894399606299215
21
-4.0145005511811025
0
LINE
8
BLACK
6
CONTINUOUS
10
5.1894399606299215
20
-4.0145005511811025
11
5.1894400000000003
21
-4.01450062992126
0
LINE
8
BLACK
6
CONTINUOUS
10
5.1894400000000003
20
-4.01450062992126
11
5.191161614173228
21
-4.0162222440944877
0
LINE
8
BLACK
6
CONTINUOUS
10
5.191161614173228
20
-4.0162222440944877
11
5.1922551574803144
21
-4.0183685039370074
0
LINE
8
BLACK
6
CONTINUOUS
10
5.1922551574803144
20
-4.0183685039370074
11
5.1923031496062988
21
-4.018978228346457
0
LINE
8
BLACK
6
CONTINUOUS
10
5.1923031496062988
20
-4.018978228346457
11
5.1923031496062988
21
-4.0419488188976374
0
LINE
8
BLACK
6
CONTINUOUS
10
5.1923031496062988
20
-4.0419488188976374
11
5.1915587795275586
21
-4.0442398031496065
0
LINE
8
BLACK
6
CONTINUOUS
10
5.1915587795275586
20
-4.0442398031496065
11
5.1896099606299213
21
-4.0456557086614175
0
LINE
8
BLACK
6
CONTINUOUS
10
5.1896099606299213
20
-4.0456557086614175
11
5.1884055118110233
21
-4.0458464566929129
0
LINE
8
BLACK
6
CONTINUOUS
10
5.1884055118110233
20
-4.0458464566929129
11
5.1579233070866142
21
-4.0458464566929129
0
LINE
8
BLACK
6
CONTINUOUS
10
5.1579233070866142
20
-4.0458464566929129
11
5.1579232677165354
21
-4.0458464566929129
0
LINE
8
BLACK
6
CONTINUOUS
10
5.1579232677165354
20
-4.0458464566929129
11
5.1579228740157479
21
-4.0458464960629916
0
LINE
8
BLACK
6
CONTINUOUS
10
5.1579228740157479
20
-4.0458464960629916
11
5.1556209448818899
21
-4.046304409448819
0
LINE
8
BLACK
6
CONTINUOUS
10
5.1556209448818899
20
-4.046304409448819
11
5.1556207086614174
21
-4.0463044881889765
0
LINE
8
BLACK
6
CONTINUOUS
10
5.1556207086614174
20
-4.0463044881889765
11
5.1543433070866138
21
-4.0471580708661419
0
LINE
8
BLACK
6
CONTINUOUS
10
5.1543433070866138
20
-4.0471580708661419
11
5.1521778740157478
21
-4.0478149606299212
0
LINE
8
BLACK
6
CONTINUOUS
10
5.1521778740157478
20
-4.0478149606299212
11
5.1490796850393696
21
-4.0478149606299212
0
LINE
8
BLACK
6
CONTINUOUS
10
5.1490796850393696
20
-4.0478149606299212
11
5.1467887007874014
21
-4.047070590551181
0
LINE
8
BLACK
6
CONTINUOUS
10
5.1467887007874014
20
-4.047070590551181
11
5.1457042913385829
21
-4.0458662204724405
0
LINE
8
BLACK
6
CONTINUOUS
10
5.1457042913385829
20
-4.0458662204724405
11
5.1456510629921262
21
-4.0457740157480311
0
LINE
8
BLACK
6
CONTINUOUS
10
5.1456510629921262
20
-4.0457740157480311
11
5.141861653543307
21
-4.040835551181102
0
LINE
8
BLACK
6
CONTINUOUS
10
5.141861653543307
20
-4.040835551181102
11
5.1418616141732283
21
-4.0408355118110233
0
LINE
8
BLACK
6
CONTINUOUS
10
5.1418616141732283
20
-4.0408355118110233
11
5.141861496062992
21
-4.0408353543307083
0
LINE
8
BLACK
6
CONTINUOUS
10
5.141861496062992
20
-4.0408353543307083
11
5.1418612992125983
21
-4.0408351968503933
0
LINE
8
BLACK
6
CONTINUOUS
10
5.1418612992125983
20
-4.0408351968503933
11
5.1418612598425195
21
-4.0408351574803145
0
LINE
8
BLACK
6
CONTINUOUS
10
5.1418612598425195
20
-4.0408351574803145
11
5.1377382677165357
21
-4.037671496062992
0
LINE
8
BLACK
6
CONTINUOUS
10
5.1377382677165357
20
-4.037671496062992
11
5.136922874015748
21
-4.0370458267716538
0
LINE
8
BLACK
6
CONTINUOUS
10
5.136922874015748
20
-4.0370458267716538
11
5.1369228346456692
21
-4.037045787401575
0
LINE
8
BLACK
6
CONTINUOUS
10
5.1369228346456692
20
-4.037045787401575
11
5.1369227559055117
21
-4.0370457480314963
0
LINE
8
BLACK
6
CONTINUOUS
10
5.1369227559055117
20
-4.0370457480314963
11
5.1311718897637792
21
-4.0346636614173228
0
LINE
8
BLACK
6
CONTINUOUS
10
5.1311718897637792
20
-4.0346636614173228
11
5.1311715748031492
21
-4.0346635826771653
0
LINE
8
BLACK
6
CONTINUOUS
10
5.1311715748031492
20
-4.0346635826771653
11
5.1250000393700788
21
-4.0338511023622043
0
LINE
8
BLACK
6
CONTINUOUS
10
5.1250000393700788
20
-4.0338511023622043
11
5.1249999606299212
21
-4.0338511023622043
0
LINE
8
BLACK
6
CONTINUOUS
10
5.1249999606299212
20
-4.0338511023622043
11
5.1188283858267711
21
-4.0346635826771653
0
LINE
8
BLACK
6
CONTINUOUS
10
5.1188283858267711
20
-4.0346635826771653
11
5.118828070866142
21
-4.0346636614173228
0
LINE
8
BLACK
6
CONTINUOUS
10
5.118828070866142
20
-4.0346636614173228
11
5.1130772047244095
21
-4.0370457480314963
0
LINE
8
BLACK
6
CONTINUOUS
10
5.1130772047244095
20
-4.0370457480314963
11
5.1130771653543308
21
-4.0370457480314963
0
LINE
8
BLACK
6
CONTINUOUS
10
5.1130771653543308
20
-4.0370457480314963
11
5.1081387007874017
21
-4.0408351574803145
0
LINE
8
BLACK
6
CONTINUOUS
10
5.1081387007874017
20
-4.0408351574803145
11
5.1081384645669292
21
-4.040835393700787
0
LINE
8
BLACK
6
CONTINUOUS
10
5.1081384645669292
20
-4.040835393700787
11
5.1072040944881891
21
-4.0420531102362203
0
LINE
8
BLACK
6
CONTINUOUS
10
5.1072040944881891
20
-4.0420531102362203
11
5.1063712598425193
21
-4.0431385039370076
0
LINE
8
BLACK
6
CONTINUOUS
10
5.1063712598425193
20
-4.0431385039370076
11
5.1060646456692913
21
-4.0435380708661413
0
LINE
8
BLACK
6
CONTINUOUS
10
5.1060646456692913
20
-4.0435380708661413
11
5.1040794094488184
21
-4.0449024409448819
0
LINE
8
BLACK
6
CONTINUOUS
10
5.1040794094488184
20
-4.0449024409448819
11
5.1016713779527558
21
-4.0448393700787397
0
LINE
8
BLACK
6
CONTINUOUS
10
5.1016713779527558
20
-4.0448393700787397
11
5.0997602755905511
21
-4.043372952755905
0
LINE
8
BLACK
6
CONTINUOUS
10
5.0997602755905511
20
-4.043372952755905
11
5.0990748031496063
21
-4.0411653149606295
0
LINE
8
BLACK
6
CONTINUOUS
10
5.0990748031496063
20
-4.0411653149606295
11
5.0990748031496063
21
-3.9852855511811023
0
LINE
8
BLACK
6
CONTINUOUS
10
5.0990748031496063
20
-3.9852855511811023
11
5.0990747637795275
21
-3.9852851968503935
0
LINE
8
BLACK
6
CONTINUOUS
10
5.0990747637795275
20
-3.9852851968503935
11
5.0989813385826768
21
-3.9848155511811023
0
LINE
8
BLACK
6
CONTINUOUS
10
5.0989813385826768
20
-3.9848155511811023
11
5.0992644094488186
21
-3.9824233858267717
0
LINE
8
BLACK
6
CONTINUOUS
10
5.0992644094488186
20
-3.9824233858267717
11
5.1008995275590552
21
-3.9806544488188975
0
LINE
8
BLACK
6
CONTINUOUS
10
5.1008995275590552
20
-3.9806544488188975
11
5.10280405511811
21
-3.9801574409448817
0
LINE
8
BLACK
6
CONTINUOUS
10
5.10280405511811
20
-3.9801574409448817
11
5.1325196456692916
21
-3.9801574409448817
0
LINE
8
BLACK
6
CONTINUOUS
10
5.1325196456692916
20
-3.9801574409448817
11
5.1325196850393704
21
-3.9801574015748029
0
LINE
8
BLACK
6
CONTINUOUS
10
5.1325196850393704
20
-3.9801574015748029
11
5.1325196850393704
21
-3.9683464566929132
0
LINE
8
BLACK
6
CONTINUOUS
10
5.1325196850393704
20
-3.9683464566929132
11
5.0990551181102362
21
-3.9683464566929132
0
LINE
8
BLACK
6
CONTINUOUS
10
5.0990551181102362
20
-3.9683464566929132
11
5.0990551181102362
21
-3.9644094488188975
0
LINE
8
BLACK
6
CONTINUOUS
10
5.0990551181102362
20
-3.9644094488188975
11
5.0872441732283464
21
-3.9644094488188975
0
LINE
8
BLACK
6
CONTINUOUS
10
5.0872441732283464
20
-3.9644094488188975
11
5.0872441338582677
21
-3.9644094881889762
0
LINE
8
BLACK
6
CONTINUOUS
10
5.0872441338582677
20
-3.9644094881889762
11
5.0872441338582677
21
-3.9701098818897638
0
LINE
8
BLACK
6
CONTINUOUS
10
5.0872441338582677
20
-3.9701098818897638
11
5.087358622047244
21
-3.9710974015748031
0
LINE
8
BLACK
6
CONTINUOUS
10
5.087358622047244
20
-3.9710974015748031
11
5.0880650787401578
21
-3.9726973228346454
0
LINE
8
BLACK
6
CONTINUOUS
10
5.0880650787401578
20
-3.9726973228346454
11
5.0883094881889761
21
-3.9750937795275592
0
LINE
8
BLACK
6
CONTINUOUS
10
5.0883094881889761
20
-3.9750937795275592
11
5.0870986220472441
21
-3.977176181102362
0
LINE
8
BLACK
6
CONTINUOUS
10
5.0870986220472441
20
-3.977176181102362
11
5.0848949999999995
21
-3.9781491732283465
0
LINE
8
BLACK
6
CONTINUOUS
10
5.0848949999999995
20
-3.9781491732283465
11
5.0844995275590552
21
-3.9781692913385824
0
LINE
8
BLACK
6
CONTINUOUS
10
5.0844995275590552
20
-3.9781692913385824
11
5.0707185826771655
21
-3.9781692913385824
0
LINE
8
BLACK
6
CONTINUOUS
10
5.0707185826771655
20
-3.9781692913385824
11
5.0707185433070867
21
-3.9781692913385824
0
LINE
8
BLACK
6
CONTINUOUS
10
5.0707185433070867
20
-3.9781692913385824
11
5.0707181496062992
21
-3.9781693307086612
0
LINE
8
BLACK
6
CONTINUOUS
10
5.0707181496062992
20
-3.9781693307086612
11
5.0684162204724412
21
-3.9786272440944881
0
LINE
8
BLACK
6
CONTINUOUS
10
5.0684162204724412
20
-3.9786272440944881
11
5.0684159842519687
21
-3.9786273228346456
0
LINE
8
BLACK
6
CONTINUOUS
10
5.0684159842519687
20
-3.9786273228346456
11
5.0658051574803151
21
-3.9803718503937007
0
LINE
8
BLACK
6
CONTINUOUS
10
5.0658051574803151
20
-3.9803718503937007
11
5.0658049212598426
21
-3.9803720866141732
0
LINE
8
BLACK
6
CONTINUOUS
10
5.0658049212598426
20
-3.9803720866141732
11
5.0648942913385824
21
-3.9817349606299213
0
LINE
8
BLACK
6
CONTINUOUS
10
5.0648942913385824
20
-3.9817349606299213
11
5.063002519685039
21
-3.9832262598425197
0
LINE
8
BLACK
6
CONTINUOUS
10
5.063002519685039
20
-3.9832262598425197
11
5.0605955118110231
21
-3.9833208267716533
0
LINE
8
BLACK
6
CONTINUOUS
10
5.0605955118110231
20
-3.9833208267716533
11
5.0585926377952752
21
-3.9819824803149606
0
LINE
8
BLACK
6
CONTINUOUS
10
5.0585926377952752
20
-3.9819824803149606
11
5.0584127952755908
21
-3.9817349606299213
0
LINE
8
BLACK
6
CONTINUOUS
10
5.0584127952755908
20
-3.9817349606299213
11
5.0575021259842519
21
-3.9803720866141732
0
LINE
8
BLACK
6
CONTINUOUS
10
5.0575021259842519
20
-3.9803720866141732
11
5.0575020472440944
21
-3.9803719685039369
0
LINE
8
BLACK
6
CONTINUOUS
10
5.0575020472440944
20
-3.9803719685039369
11
5.0575018897637793
21
-3.9803718503937007
0
LINE
8
BLACK
6
CONTINUOUS
10
5.0575018897637793
20
-3.9803718503937007
11
5.0548910629921258
21
-3.9786273228346456
0
LINE
8
BLACK
6
CONTINUOUS
10
5.0548910629921258
20
-3.9786273228346456
11
5.0548909842519683
21
-3.9786272834645668
0
LINE
8
BLACK
6
CONTINUOUS
10
5.0548909842519683
20
-3.9786272834645668
11
5.054890866141732
21
-3.9786272440944881
0
LINE
8
BLACK
6
CONTINUOUS
10
5.054890866141732
20
-3.9786272440944881
11
5.0548908267716532
21
-3.9786272440944881
0
LINE
8
BLACK
6
CONTINUOUS
10
5.0548908267716532
20
-3.9786272440944881
11
5.0526548031496059
21
-3.9781824409448818
0
LINE
8
BLACK
6
CONTINUOUS
10
5.0526548031496059
20
-3.9781824409448818
11
5.0505530708661412
21
-3.9770053937007872
0
LINE
8
BLACK
6
CONTINUOUS
10
5.0505530708661412
20
-3.9770053937007872
11
5.0495446062992126
21
-3.9748177952755905
0
LINE
8
BLACK
6
CONTINUOUS
10
5.0495446062992126
20
-3.9748177952755905
11
5.0496543700787404
21
-3.9733362992125985
0
LINE
8
BLACK
6
CONTINUOUS
10
5.0496543700787404
20
-3.9733362992125985
11
5.0497279527559051
21
-3.9730658267716534
0
LINE
8
BLACK
6
CONTINUOUS
10
5.0497279527559051
20
-3.9730658267716534
11
5.0498424803149602
21
-3.9720786220472442
0
LINE
8
BLACK
6
CONTINUOUS
10
5.0498424803149602
20
-3.9720786220472442
11
5.0498425196850389
21
-3.9720785433070867
0
LINE
8
BLACK
6
CONTINUOUS
10
5.0498425196850389
20
-3.9720785433070867
11
5.0498425196850389
21
-3.9585039763779526
0
LINE
8
BLACK
6
CONTINUOUS
10
5.0498425196850389
20
-3.9585039763779526
11
5.0498424803149602
21
-3.9585039370078738
0
LINE
8
BLACK
6
CONTINUOUS
10
5.0498424803149602
20
-3.9585039370078738
11
5.0380314960629917
21
-3.9585039370078738
0
LINE
8
BLACK
6
CONTINUOUS
10
5.0380314960629917
20
-3.9585039370078738
11
5.0380314960629917
21
-3.9703149606299211
0
LINE
8
BLACK
6
CONTINUOUS
10
5.0380314960629917
20
-3.9703149606299211
11
5.0085039370078741
21
-3.9703149606299211
0
LINE
8
BLACK
6
CONTINUOUS
10
5.0085039370078741
20
-3.9703149606299211
11
5.0085039370078741
21
-3.986062992125984
0
LINE
8
BLACK
6
CONTINUOUS
10
5.0085039370078741
20
-3.986062992125984
11
5.0124409448818898
21
-3.986062992125984
0
LINE
8
BLACK
6
CONTINUOUS
10
5.0124409448818898
20
-3.986062992125984
11
5.0124409448818898
21
-4.0648031496062993
0
LINE
8
BLACK
6
CONTINUOUS
10
5.0124409448818898
20
-4.0648031496062993
11
5.0084483464566931
21
-4.0648031496062993
0
LINE
8
BLACK
6
CONTINUOUS
10
5.0084483464566931
20
-4.0648031496062993
11
5.0084883464566925
21
-4.092795275590551
0
LINE
8
BLACK
6
CONTINUOUS
10
5.0084883464566925
20
-4.092795275590551
11
5.0094094488188974
21
-4.092795275590551
0
LINE
8
BLACK
6
CONTINUOUS
10
5.0094094488188974
20
-4.092795275590551
11
5.0115187401574799
21
-4.0932148425196848
0
LINE
8
BLACK
6
CONTINUOUS
10
5.0115187401574799
20
-4.0932148425196848
11
5.0133068897637791
21
-4.0944096456692911
0
LINE
8
BLACK
6
CONTINUOUS
10
5.0133068897637791
20
-4.0944096456692911
11
5.0145016929133854
21
-4.0961977952755904
0
LINE
8
BLACK
6
CONTINUOUS
10
5.0145016929133854
20
-4.0961977952755904
11
5.0149212598425192
21
-4.0983070866141729
0
LINE
8
BLACK
6
CONTINUOUS
10
5.0149212598425192
20
-4.0983070866141729
11
5.0149212598425192
21
-4.0990944881889764
0
LINE
8
BLACK
6
CONTINUOUS
10
5.0149212598425192
20
-4.0990944881889764
11
5.026732204724409
21
-4.0990944881889764
0
LINE
8
BLACK
6
CONTINUOUS
10
5.026732204724409
20
-4.0990944881889764
11
5.0278541732283459
21
-4.0979725196850394
0
LINE
8
BLACK
6
CONTINUOUS
10
5.0278541732283459
20
-4.0979725196850394
11
5.0300005118110231
21
-4.0968789370078742
0
LINE
8
BLACK
6
CONTINUOUS
10
5.0300005118110231
20
-4.0968789370078742
11
5.0323797244094486
21
-4.0972557480314959
0
LINE
8
BLACK
6
CONTINUOUS
10
5.0323797244094486
20
-4.0972557480314959
11
5.0340830708661413
21
-4.0989590944881886
0
LINE
8
BLACK
6
CONTINUOUS
10
5.0340830708661413
20
-4.0989590944881886
11
5.0345078740157483
21
-4.1007285826771653
0
LINE
8
BLACK
6
CONTINUOUS
10
5.0345078740157483
20
-4.1007285826771653
11
5.0345078740157483
21
-4.1068628346456695
0
LINE
8
BLACK
6
CONTINUOUS
10
5.0345078740157483
20
-4.1068628346456695
11
5.0345419291338578
21
-4.1071214566929131
0
LINE
8
BLACK
6
CONTINUOUS
10
5.0345419291338578
20
-4.1071214566929131
11
5.0347611023622045
21
-4.1087863779527556
0
LINE
8
BLACK
6
CONTINUOUS
10
5.0347611023622045
20
-4.1087863779527556
11
5.0347611023622045
21
-4.1087864173228343
0
LINE
8
BLACK
6
CONTINUOUS
10
5.0347611023622045
20
-4.1087864173228343
11
5.0367296456692916
21
-4.1130079133858271
0
LINE
8
BLACK
6
CONTINUOUS
10
5.0367296456692916
20
-4.1130079133858271
11
5.0367296850393704
21
-4.1130079527559058
0
LINE
8
BLACK
6
CONTINUOUS
10
5.0367296850393704
20
-4.1130079527559058
11
5.0367297244094491
21
-4.1130080314960633
0
LINE
8
BLACK
6
CONTINUOUS
10
5.0367297244094491
20
-4.1130080314960633
11
5.0400234645669286
21
-4.1163017716535428
0
LINE
8
BLACK
6
CONTINUOUS
10
5.0400234645669286
20
-4.1163017716535428
11
5.0400235039370074
21
-4.1163017716535428
0
LINE
8
BLACK
6
CONTINUOUS
10
5.0400235039370074
20
-4.1163017716535428
11
5.0400235433070861
21
-4.1163018110236216
0
LINE
8
BLACK
6
CONTINUOUS
10
5.0400235433070861
20
-4.1163018110236216
11
5.0405478346456691
21
-4.1165462992125983
0
LINE
8
BLACK
6
CONTINUOUS
10
5.0405478346456691
20
-4.1165462992125983
11
5.0423095669291333
21
-4.1181891732283464
0
LINE
8
BLACK
6
CONTINUOUS
10
5.0423095669291333
20
-4.1181891732283464
11
5.0427691732283462
21
-4.1205537795275591
0
LINE
8
BLACK
6
CONTINUOUS
10
5.0427691732283462
20
-4.1205537795275591
11
5.0417511023622046
21
-4.1227369291338585
0
LINE
8
BLACK
6
CONTINUOUS
10
5.0417511023622046
20
-4.1227369291338585
11
5.0405478346456691
21
-4.1236111811023619
0
LINE
8
BLACK
6
CONTINUOUS
10
5.0405478346456691
20
-4.1236111811023619
11
5.0400234645669286
21
-4.1238556692913386
0
LINE
8
BLACK
6
CONTINUOUS
10
5.0400234645669286
20
-4.1238556692913386
11
5.0386624409448819
21
-4.1252166929133853
0
LINE
8
BLACK
6
CONTINUOUS
10
5.0386624409448819
20
-4.1252166929133853
11
5.0365161023622047
21
-4.1263102755905514
0
LINE
8
BLACK
6
CONTINUOUS
10
5.0365161023622047
20
-4.1263102755905514
11
5.0359064173228347
21
-4.1263582677165349
0
LINE
8
BLACK
6
CONTINUOUS
10
5.0359064173228347
20
-4.1263582677165349
11
5.0297579921259841
21
-4.1263582677165349
0
LINE
8
BLACK
6
CONTINUOUS
10
5.0297579921259841
20
-4.1263582677165349
11
5.0284980314960626
21
-4.1266958661417323
0
LINE
8
BLACK
6
CONTINUOUS
10
5.0284980314960626
20
-4.1266958661417323
11
5.0260924409448817
21
-4.1265697637795276
0
LINE
8
BLACK
6
CONTINUOUS
10
5.0260924409448817
20
-4.1265697637795276
11
5.024220433070866
21
-4.1250537401574805
0
LINE
8
BLACK
6
CONTINUOUS
10
5.024220433070866
20
-4.1250537401574805
11
5.0235970472440945
21
-4.122726929133858
0
LINE
8
BLACK
6
CONTINUOUS
10
5.0235970472440945
20
-4.122726929133858
11
5.0243533858267719
21
-4.1206163779527554
0
LINE
8
BLACK
6
CONTINUOUS
10
5.0243533858267719
20
-4.1206163779527554
11
5.0248978346456692
21
-4.1198786614173226
0
LINE
8
BLACK
6
CONTINUOUS
10
5.0248978346456692
20
-4.1198786614173226
11
5.0266225196850396
21
-4.1149498818897641
0
LINE
8
BLACK
6
CONTINUOUS
10
5.0266225196850396
20
-4.1149498818897641
11
5.0267322834645665
21
-4.1137795275590552
0
LINE
8
BLACK
6
CONTINUOUS
10
5.0267322834645665
20
-4.1137795275590552
11
5.0267322834645665
21
-4.1109055511811023
0
LINE
8
BLACK
6
CONTINUOUS
10
5.0267322834645665
20
-4.1109055511811023
11
5.0267322440944877
21
-4.1109055118110236
0
LINE
8
BLACK
6
CONTINUOUS
10
5.0267322440944877
20
-4.1109055118110236
11
5.0149212598425192
21
-4.1109055118110236
0
LINE
8
BLACK
6
CONTINUOUS
10
5.0149212598425192
20
-4.1109055118110236
11
5.0149212598425192
21
-4.1116929133858271
0
LINE
8
BLACK
6
CONTINUOUS
10
5.0149212598425192
20
-4.1116929133858271
11
5.0145016929133854
21
-4.1138022047244096
0
LINE
8
BLACK
6
CONTINUOUS
10
5.0145016929133854
20
-4.1138022047244096
11
5.0133068897637791
21
-4.1155903543307089
0
LINE
8
BLACK
6
CONTINUOUS
10
5.0133068897637791
20
-4.1155903543307089
11
5.0115187401574799
21
-4.1167851574803151
0
LINE
8
BLACK
6
CONTINUOUS
10
5.0115187401574799
20
-4.1167851574803151
11
5.0094094488188974
21
-4.117204724409449
0
LINE
8
BLACK
6
CONTINUOUS
10
5.0094094488188974
20
-4.117204724409449
11
4.9983858267716537
21
-4.117204724409449
0
LINE
8
BLACK
6
CONTINUOUS
10
4.9983858267716537
20
-4.117204724409449
11
4.9962765354330712
21
-4.1167851574803151
0
LINE
8
BLACK
6
CONTINUOUS
10
4.9962765354330712
20
-4.1167851574803151
11
4.9944883858267719
21
-4.1155903543307089
0
LINE
8
BLACK
6
CONTINUOUS
10
4.9944883858267719
20
-4.1155903543307089
11
4.9932935826771656
21
-4.1138022047244096
0
LINE
8
BLACK
6
CONTINUOUS
10
4.9932935826771656
20
-4.1138022047244096
11
4.9928740157480318
21
-4.1116929133858271
0
LINE
8
BLACK
6
CONTINUOUS
10
4.9928740157480318
20
-4.1116929133858271
11
4.9928740157480318
21
-4.0983070866141729
0
LINE
8
BLACK
6
CONTINUOUS
10
4.9928740157480318
20
-4.0983070866141729
11
4.9932935826771656
21
-4.0961977952755904
0
LINE
8
BLACK
6
CONTINUOUS
10
4.9932935826771656
20
-4.0961977952755904
11
4.9944883858267719
21
-4.0944096456692911
0
LINE
8
BLACK
6
CONTINUOUS
10
4.9944883858267719
20
-4.0944096456692911
11
4.9962765354330712
21
-4.0932148425196848
0
LINE
8
BLACK
6
CONTINUOUS
10
4.9962765354330712
20
-4.0932148425196848
11
4.9967895669291336
21
-4.093112755905512
0
LINE
8
BLACK
6
CONTINUOUS
10
4.9967895669291336
20
-4.093112755905512
11
4.9967491732283467
21
-4.0648031496062993
0
LINE
8
BLACK
6
CONTINUOUS
10
4.9967491732283467
20
-4.0648031496062993
11
4.9927559055118111
21
-4.0648031496062993
0
LINE
8
BLACK
6
CONTINUOUS
10
4.9927559055118111
20
-4.0648031496062993
11
4.9927559055118111
21
-3.986062992125984
0
LINE
8
BLACK
6
CONTINUOUS
10
4.9927559055118111
20
-3.986062992125984
11
4.9966929133858269
21
-3.986062992125984
0
LINE
8
BLACK
6
CONTINUOUS
10
4.9966929133858269
20
-3.986062992125984
11
4.9966929133858269
21
-3.9703149606299211
0
LINE
8
BLACK
6
CONTINUOUS
10
4.9966929133858269
20
-3.9703149606299211
11
4.9671653543307084
21
-3.9703149606299211
0
LINE
8
BLACK
6
CONTINUOUS
10
4.9671653543307084
20
-3.9703149606299211
11
4.9671653543307084
21
-3.9585039370078738
0
LINE
8
BLACK
6
CONTINUOUS
10
4.9671653543307084
20
-3.9585039370078738
11
4.9553544094488187
21
-3.9585039370078738
0
LINE
8
BLACK
6
CONTINUOUS
10
4.9553544094488187
20
-3.9585039370078738
11
4.9553543700787399
21
-3.9585039763779526
0
LINE
8
BLACK
6
CONTINUOUS
10
4.9553543700787399
20
-3.9585039763779526
11
4.9553543700787399
21
-3.9720783858267716
0
LINE
8
BLACK
6
CONTINUOUS
10
4.9553543700787399
20
-3.9720783858267716
11
4.955468897637795
21
-3.9730661023622047
0
LINE
8
BLACK
6
CONTINUOUS
10
4.955468897637795
20
-3.9730661023622047
11
4.9555425196850393
21
-3.9733367322834643
0
LINE
8
BLACK
6
CONTINUOUS
10
4.9555425196850393
20
-3.9733367322834643
11
4.9554255511811025
21
-3.9757427952755906
0
LINE
8
BLACK
6
CONTINUOUS
10
4.9554255511811025
20
-3.9757427952755906
11
4.953916653543307
21
-3.9776205118110237
0
LINE
8
BLACK
6
CONTINUOUS
10
4.953916653543307
20
-3.9776205118110237
11
4.9525420078740154
21
-3.9781824409448818
0
LINE
8
BLACK
6
CONTINUOUS
10
4.9525420078740154
20
-3.9781824409448818
11
4.9503059842519681
21
-3.9786272440944881
0
LINE
8
BLACK
6
CONTINUOUS
10
4.9503059842519681
20
-3.9786272440944881
11
4.9503057480314956
21
-3.9786273228346456
0
LINE
8
BLACK
6
CONTINUOUS
10
4.9503057480314956
20
-3.9786273228346456
11
4.947694921259842
21
-3.9803718503937007
0
LINE
8
BLACK
6
CONTINUOUS
10
4.947694921259842
20
-3.9803718503937007
11
4.9476946850393704
21
-3.9803720866141732
0
LINE
8
BLACK
6
CONTINUOUS
10
4.9476946850393704
20
-3.9803720866141732
11
4.9467840551181101
21
-3.9817349606299213
0
LINE
8
BLACK
6
CONTINUOUS
10
4.9467840551181101
20
-3.9817349606299213
11
4.9448922834645668
21
-3.9832262598425197
0
LINE
8
BLACK
6
CONTINUOUS
10
4.9448922834645668
20
-3.9832262598425197
11
4.9424852755905508
21
-3.9833208267716533
0
LINE
8
BLACK
6
CONTINUOUS
10
4.9424852755905508
20
-3.9833208267716533
11
4.940482401574803
21
-3.9819824803149606
0
LINE
8
BLACK
6
CONTINUOUS
10
4.940482401574803
20
-3.9819824803149606
11
4.9403025590551177
21
-3.9817349606299213
0
LINE
8
BLACK
6
CONTINUOUS
10
4.9403025590551177
20
-3.9817349606299213
11
4.9393918897637796
21
-3.9803720866141732
0
LINE
8
BLACK
6
CONTINUOUS
10
4.9393918897637796
20
-3.9803720866141732
11
4.9393918110236221
21
-3.9803719685039369
0
LINE
8
BLACK
6
CONTINUOUS
10
4.9393918110236221
20
-3.9803719685039369
11
4.9393916535433071
21
-3.9803718503937007
0
LINE
8
BLACK
6
CONTINUOUS
10
4.9393916535433071
20
-3.9803718503937007
11
4.9367808267716535
21
-3.9786273228346456
0
LINE
8
BLACK
6
CONTINUOUS
10
4.9367808267716535
20
-3.9786273228346456
11
4.936780748031496
21
-3.9786272834645668
0
LINE
8
BLACK
6
CONTINUOUS
10
4.936780748031496
20
-3.9786272834645668
11
4.9367806299212598
21
-3.9786272440944881
0
LINE
8
BLACK
6
CONTINUOUS
10
4.9367806299212598
20
-3.9786272440944881
11
4.936780590551181
21
-3.9786272440944881
0
LINE
8
BLACK
6
CONTINUOUS
10
4.936780590551181
20
-3.9786272440944881
11
4.9344786614173231
21
-3.9781693307086612
0
LINE
8
BLACK
6
CONTINUOUS
10
4.9344786614173231
20
-3.9781693307086612
11
4.9344782677165355
21
-3.9781692913385824
0
LINE
8
BLACK
6
CONTINUOUS
10
4.9344782677165355
20
-3.9781692913385824
11
4.9163639370078736
21
-3.9781692913385824
0
LINE
8
BLACK
6
CONTINUOUS
10
4.9163639370078736
20
-3.9781692913385824
11
4.9140729527559053
21
-3.9774249212598423
0
LINE
8
BLACK
6
CONTINUOUS
10
4.9140729527559053
20
-3.9774249212598423
11
4.9126570472440942
21
-3.9754761023622045
0
LINE
8
BLACK
6
CONTINUOUS
10
4.9126570472440942
20
-3.9754761023622045
11
4.9126570472440942
21
-3.9730672047244093
0
LINE
8
BLACK
6
CONTINUOUS
10
4.9126570472440942
20
-3.9730672047244093
11
4.913123070866142
21
-3.9721063779527559
0
LINE
8
BLACK
6
CONTINUOUS
10
4.913123070866142
20
-3.9721063779527559
11
4.9135774409448816
21
-3.9714264173228346
0
LINE
8
BLACK
6
CONTINUOUS
10
4.9135774409448816
20
-3.9714264173228346
11
4.9140354330708664
21
-3.9691239370078741
0
LINE
8
BLACK
6
CONTINUOUS
10
4.9140354330708664
20
-3.9691239370078741
11
4.9140354330708664
21
-3.947883937007874
0
LINE
8
BLACK
6
CONTINUOUS
10
4.9140354330708664
20
-3.947883937007874
11
4.9138392519685041
21
-3.9468977165354331
0
LINE
8
BLACK
6
CONTINUOUS
10
4.9138392519685041
20
-3.9468977165354331
11
4.9135774409448816
21
-3.9455814566929135
0
LINE
8
BLACK
6
CONTINUOUS
10
4.9135774409448816
20
-3.9455814566929135
11
4.9124154724409443
21
-3.9438425196850391
0
LINE
8
BLACK
6
CONTINUOUS
10
4.9124154724409443
20
-3.9438425196850391
11
4.9117616535433068
21
-3.9415242519685036
0
LINE
8
BLACK
6
CONTINUOUS
10
4.9117616535433068
20
-3.9415242519685036
11
4.9125953937007871
21
-3.9392642519685039
0
LINE
8
BLACK
6
CONTINUOUS
10
4.9125953937007871
20
-3.9392642519685039
11
4.9129002755905509
21
-3.9389211417322834
0
LINE
8
BLACK
6
CONTINUOUS
10
4.9129002755905509
20
-3.9389211417322834
11
4.916054527559055
21
-3.9357668503937009
0
LINE
8
BLACK
6
CONTINUOUS
10
4.916054527559055
20
-3.9357668503937009
11
4.9172240157480314
21
-3.933118188976378
0
LINE
8
BLACK
6
CONTINUOUS
10
4.9172240157480314
20
-3.933118188976378
11
4.9178381889763783
21
-3.9317272440944881
0
LINE
8
BLACK
6
CONTINUOUS
10
4.9178381889763783
20
-3.9317272440944881
11
4.9179527165354333
21
-3.9307400393700784
0
LINE
8
BLACK
6
CONTINUOUS
10
4.9179527165354333
20
-3.9307400393700784
11
4.9179527559055121
21
-3.9307399606299214
0
LINE
8
BLACK
6
CONTINUOUS
10
4.9179527559055121
20
-3.9307399606299214
11
4.9179527559055121
21
-3.9250394094488188
0
LINE
8
BLACK
6
CONTINUOUS
10
4.9179527559055121
20
-3.9250394094488188
11
4.9179527165354333
21
-3.92503937007874
0
LINE
8
BLACK
6
CONTINUOUS
10
4.9179527165354333
20
-3.92503937007874
11
4.9061417322834648
21
-3.92503937007874
0
LINE
8
BLACK
6
CONTINUOUS
10
4.9061417322834648
20
-3.92503937007874
11
4.9061417322834648
21
-3.9289763779527558
0
LINE
8
BLACK
6
CONTINUOUS
10
4.9061417322834648
20
-3.9289763779527558
11
4.8274015748031491
21
-3.9289763779527558
0
LINE
8
BLACK
6
CONTINUOUS
10
4.8274015748031491
20
-3.9289763779527558
11
4.8274015748031491
21
-3.92503937007874
0
LINE
8
BLACK
6
CONTINUOUS
10
4.8274015748031491
20
-3.92503937007874
11
4.8155906299212594
21
-3.92503937007874
0
LINE
8
BLACK
6
CONTINUOUS
10
4.8155906299212594
20
-3.92503937007874
11
4.8155905905511807
21
-3.9250394094488188
0
LINE
8
BLACK
6
CONTINUOUS
10
4.8155905905511807
20
-3.9250394094488188
11
4.8155905905511807
21
-3.9307398031496064
0
LINE
8
BLACK
6
CONTINUOUS
10
5.8614196456692911
20
-4.1750001181102361
11
5.862180078740157
21
-4.1827214960629924
0
LINE
8
BLACK
6
CONTINUOUS
10
5.862180078740157
20
-4.1827214960629924
11
5.8621801181102358
21
-4.1827216141732286
0
LINE
8
BLACK
6
CONTINUOUS
10
5.8621801181102358
20
-4.1827216141732286
11
5.8644325590551176
21
-4.1901468503937007
0
LINE
8
BLACK
6
CONTINUOUS
10
5.8644325590551176
20
-4.1901468503937007
11
5.8644325984251964
21
-4.1901469291338582
0
LINE
8
BLACK
6
CONTINUOUS
10
5.8644325984251964
20
-4.1901469291338582
11
5.8657431496062991
21
-4.1925987795275592
0
LINE
8
BLACK
6
CONTINUOUS
10
5.8657431496062991
20
-4.1925987795275592
11
5.8680901574803146
21
-4.1969896850393704
0
LINE
8
BLACK
6
CONTINUOUS
10
5.8680901574803146
20
-4.1969896850393704
11
5.8680902362204721
21
-4.196989763779527
0
LINE
8
BLACK
6
CONTINUOUS
10
5.8680902362204721
20
-4.196989763779527
11
5.8680902755905509
21
-4.1969898425196845
0
LINE
8
BLACK
6
CONTINUOUS
10
5.8680902755905509
20
-4.1969898425196845
11
5.8730122834645666
21
-4.2029873228346455
0
LINE
8
BLACK
6
CONTINUOUS
10
5.8730122834645666
20
-4.2029873228346455
11
5.8730126377952754
21
-4.2029876771653543
0
LINE
8
BLACK
6
CONTINUOUS
10
5.8730126377952754
20
-4.2029876771653543
11
5.8782660236220474
21
-4.2072990157480312
0
LINE
8
BLACK
6
CONTINUOUS
10
5.8782660236220474
20
-4.2072990157480312
11
5.8790103149606301
21
-4.207909842519685
0
LINE
8
BLACK
6
CONTINUOUS
10
5.8790103149606301
20
-4.207909842519685
11
5.8858532677165352
21
-4.2115674803149608
0
LINE
8
BLACK
6
CONTINUOUS
10
5.8858532677165352
20
-4.2115674803149608
11
5.8932782677165356
21
-4.2138198425196851
0
LINE
8
BLACK
6
CONTINUOUS
10
5.8932782677165356
20
-4.2138198425196851
11
5.8932783464566931
21
-4.2138198425196851
0
LINE
8
BLACK
6
CONTINUOUS
10
5.8932783464566931
20
-4.2138198425196851
11
5.8932784645669294
21
-4.2138198818897639
0
LINE
8
BLACK
6
CONTINUOUS
10
5.8932784645669294
20
-4.2138198818897639
11
5.9009998818897635
21
-4.2145803543307085
0
LINE
8
BLACK
6
CONTINUOUS
10
5.9009998818897635
20
-4.2145803543307085
11
5.9009999999999998
21
-4.2145803543307085
0
LINE
8
BLACK
6
CONTINUOUS
10
5.9009999999999998
20
-4.2145803543307085
11
5.9010001181102361
21
-4.2145803543307085
0
LINE
8
BLACK
6
CONTINUOUS
10
5.9010001181102361
20
-4.2145803543307085
11
5.9087214960629924
21
-4.2138198818897639
0
LINE
8
BLACK
6
CONTINUOUS
10
5.9087214960629924
20
-4.2138198818897639
11
5.9087215354330711
21
-4.2138198425196851
0
LINE
8
BLACK
6
CONTINUOUS
10
5.9087215354330711
20
-4.2138198425196851
11
5.9087217322834649
21
-4.2138198425196851
0
LINE
8
BLACK
6
CONTINUOUS
10
5.9087217322834649
20
-4.2138198425196851
11
5.9161467322834644
21
-4.2115674803149608
0
LINE
8
BLACK
6
CONTINUOUS
10
5.9161467322834644
20
-4.2115674803149608
11
5.9229896850393695
21
-4.207909842519685
0
LINE
8
BLACK
6
CONTINUOUS
10
5.9229896850393695
20
-4.207909842519685
11
5.9289875196850392
21
-4.2029875196850393
0
LINE
8
BLACK
6
CONTINUOUS
10
5.9289875196850392
20
-4.2029875196850393
11
5.933909842519685
21
-4.1969896850393704
0
LINE
8
BLACK
6
CONTINUOUS
10
5.933909842519685
20
-4.1969896850393704
11
5.9375674803149607
21
-4.1901467322834645
0
LINE
8
BLACK
6
CONTINUOUS
10
5.9375674803149607
20
-4.1901467322834645
11
5.9398198425196851
21
-4.1827217322834649
0
LINE
8
BLACK
6
CONTINUOUS
10
5.9398198425196851
20
-4.1827217322834649
11
5.9398323228346452
21
-4.1825952755905513
0
LINE
8
BLACK
6
CONTINUOUS
10
5.9398323228346452
20
-4.1825952755905513
11
5.9405803543307085
21
-4.1750001181102361
0
LINE
8
BLACK
6
CONTINUOUS
10
5.9405803543307085
20
-4.1750001181102361
11
5.9405803543307085
21
-4.1749998425196848
0
LINE
8
BLACK
6
CONTINUOUS
10
5.9405803543307085
20
-4.1749998425196848
11
5.9398198818897638
21
-4.1672784645669294
0
LINE
8
BLACK
6
CONTINUOUS
10
5.9398198818897638
20
-4.1672784645669294
11
5.9398198425196851
21
-4.1672783464566931
0
LINE
8
BLACK
6
CONTINUOUS
10
5.9398198425196851
20
-4.1672783464566931
11
5.9398198425196851
21
-4.1672782677165356
0
LINE
8
BLACK
6
CONTINUOUS
10
5.9398198425196851
20
-4.1672782677165356
11
5.9375674803149607
21
-4.1598532677165352
0
LINE
8
BLACK
6
CONTINUOUS
10
5.9375674803149607
20
-4.1598532677165352
11
5.933909842519685
21
-4.1530103149606301
0
LINE
8
BLACK
6
CONTINUOUS
10
5.933909842519685
20
-4.1530103149606301
11
5.9330404330708664
21
-4.1519509448818894
0
LINE
8
BLACK
6
CONTINUOUS
10
5.9330404330708664
20
-4.1519509448818894
11
5.9289876771653542
21
-4.1470126377952754
0
LINE
8
BLACK
6
CONTINUOUS
10
5.9289876771653542
20
-4.1470126377952754
11
5.9289873228346455
21
-4.1470122834645666
0
LINE
8
BLACK
6
CONTINUOUS
10
5.9289873228346455
20
-4.1470122834645666
11
5.9229898425196845
21
-4.1420902755905509
0
LINE
8
BLACK
6
CONTINUOUS
10
5.9229898425196845
20
-4.1420902755905509
11
5.922989763779527
21
-4.1420902362204721
0
LINE
8
BLACK
6
CONTINUOUS
10
5.922989763779527
20
-4.1420902362204721
11
5.9229896850393695
21
-4.1420901574803146
0
LINE
8
BLACK
6
CONTINUOUS
10
5.9229896850393695
20
-4.1420901574803146
11
5.9198761811023619
21
-4.1404259448818896
0
LINE
8
BLACK
6
CONTINUOUS
10
5.9198761811023619
20
-4.1404259448818896
11
5.9161469291338582
21
-4.1384325984251964
0
LINE
8
BLACK
6
CONTINUOUS
10
5.9161469291338582
20
-4.1384325984251964
11
5.9161468503937007
21
-4.1384325590551176
0
LINE
8
BLACK
6
CONTINUOUS
10
5.9161468503937007
20
-4.1384325590551176
11
5.9087216141732286
21
-4.1361801181102358
0
LINE
8
BLACK
6
CONTINUOUS
10
5.9087216141732286
20
-4.1361801181102358
11
5.9087214960629924
21
-4.136180078740157
0
LINE
8
BLACK
6
CONTINUOUS
10
5.9087214960629924
20
-4.136180078740157
11
5.9010001181102361
21
-4.1354196456692911
0
LINE
8
BLACK
6
CONTINUOUS
10
5.9010001181102361
20
-4.1354196456692911
11
5.9009998818897635
21
-4.1354196456692911
0
LINE
8
BLACK
6
CONTINUOUS
10
5.9009998818897635
20
-4.1354196456692911
11
5.8932784645669294
21
-4.136180078740157
0
LINE
8
BLACK
6
CONTINUOUS
10
5.8932784645669294
20
-4.136180078740157
11
5.8932783464566931
21
-4.1361801181102358
0
LINE
8
BLACK
6
CONTINUOUS
10
5.8932783464566931
20
-4.1361801181102358
11
5.8858531102362202
21
-4.1384325590551176
0
LINE
8
BLACK
6
CONTINUOUS
10
5.8858531102362202
20
-4.1384325590551176
11
5.8858530314960626
21
-4.1384325984251964
0
LINE
8
BLACK
6
CONTINUOUS
10
5.8858530314960626
20
-4.1384325984251964
11
5.8790105118110239
21
-4.1420900393700784
0
LINE
8
BLACK
6
CONTINUOUS
10
5.8790105118110239
20
-4.1420900393700784
11
5.8790101181102363
21
-4.1420902755905509
0
LINE
8
BLACK
6
CONTINUOUS
10
5.8790101181102363
20
-4.1420902755905509
11
5.8730126377952754
21
-4.1470122834645666
0
LINE
8
BLACK
6
CONTINUOUS
10
5.8730126377952754
20
-4.1470122834645666
11
5.8730122834645666
21
-4.1470126377952754
0
LINE
8
BLACK
6
CONTINUOUS
10
5.8730122834645666
20
-4.1470126377952754
11
5.8680902755905509
21
-4.1530101181102363
0
LINE
8
BLACK
6
CONTINUOUS
10
5.8680902755905509
20
-4.1530101181102363
11
5.8680900393700783
21
-4.1530105118110239
0
LINE
8
BLACK
6
CONTINUOUS
10
5.8680900393700783
20
-4.1530105118110239
11
5.8644325984251964
21
-4.1598530314960627
0
LINE
8
BLACK
6
CONTINUOUS
10
5.8644325984251964
20
-4.1598530314960627
11
5.8644325590551176
21
-4.1598531102362202
0
LINE
8
BLACK
6
CONTINUOUS
10
5.8644325590551176
20
-4.1598531102362202
11
5.8621801181102358
21
-4.1672783464566931
0
LINE
8
BLACK
6
CONTINUOUS
10
5.8621801181102358
20
-4.1672783464566931
11
5.862180078740157
21
-4.1672784645669294
0
LINE
8
BLACK
6
CONTINUOUS
10
5.862180078740157
20
-4.1672784645669294
11
5.8614196456692911
21
-4.1749998425196848
0
LINE
8
BLACK
6
CONTINUOUS
10
5.8614196456692911
20
-4.1749998425196848
11
5.8614196456692911
21
-4.1750001181102361
0
LINE
8
BLACK
6
CONTINUOUS
10
5.3712992125984247
20
-4.1462598425196848
11
5.3555511811023617
21
-4.1462598425196848
0
LINE
8
BLACK
6
CONTINUOUS
10
5.3555511811023617
20
-4.1462598425196848
11
5.3555511811023617
21
-4.1580707874015745
0
LINE
8
BLACK
6
CONTINUOUS
10
5.3555511811023617
20
-4.1580707874015745
11
5.3555512204724405
21
-4.1580708267716533
0
LINE
8
BLACK
6
CONTINUOUS
10
5.3555512204724405
20
-4.1580708267716533
11
5.3730625984251965
21
-4.1580708267716533
0
LINE
8
BLACK
6
CONTINUOUS
10
5.3730625984251965
20
-4.1580708267716533
11
5.3730626377952753
21
-4.1580707874015745
0
LINE
8
BLACK
6
CONTINUOUS
10
5.3730626377952753
20
-4.1580707874015745
11
5.3740501574803146
21
-4.1579562992125982
0
LINE
8
BLACK
6
CONTINUOUS
10
5.3740501574803146
20
-4.1579562992125982
11
5.3780896456692915
21
-4.1561726771653547
0
LINE
8
BLACK
6
CONTINUOUS
10
5.3780896456692915
20
-4.1561726771653547
11
5.3812120472440945
21
-4.1530502755905507
0
LINE
8
BLACK
6
CONTINUOUS
10
5.3812120472440945
20
-4.1530502755905507
11
5.3829956692913381
21
-4.1490107086614172
0
LINE
8
BLACK
6
CONTINUOUS
10
5.3829956692913381
20
-4.1490107086614172
11
5.3831101968503932
21
-4.1480235039370079
0
LINE
8
BLACK
6
CONTINUOUS
10
5.3831101968503932
20
-4.1480235039370079
11
5.3831102362204719
21
-4.1480234251968504
0
LINE
8
BLACK
6
CONTINUOUS
10
5.3831102362204719
20
-4.1480234251968504
11
5.3831102362204719
21
-4.1442913779527562
0
LINE
8
BLACK
6
CONTINUOUS
10
5.3831102362204719
20
-4.1442913779527562
11
5.3831101968503932
21
-4.1442913385826774
0
LINE
8
BLACK
6
CONTINUOUS
10
5.3831101968503932
20
-4.1442913385826774
11
5.3712992125984247
21
-4.1442913385826774
0
LINE
8
BLACK
6
CONTINUOUS
10
5.3712992125984247
20
-4.1442913385826774
11
5.3712992125984247
21
-4.1462598425196848
0
LINE
8
BLACK
6
CONTINUOUS
10
5.1731542519685041
20
-3.806
11
5.1739667322834642
21
-3.8121715748031497
0
LINE
8
BLACK
6
CONTINUOUS
10
5.1739667322834642
20
-3.8121715748031497
11
5.1739668110236217
21
-3.8121718897637793
0
LINE
8
BLACK
6
CONTINUOUS
10
5.1739668110236217
20
-3.8121718897637793
11
5.1763488976377952
21
-3.8179227559055118
0
LINE
8
BLACK
6
CONTINUOUS
10
5.1763488976377952
20
-3.8179227559055118
11
5.1763488976377952
21
-3.8179227952755905
0
LINE
8
BLACK
6
CONTINUOUS
10
5.1763488976377952
20
-3.8179227952755905
11
5.1801383070866143
21
-3.8228612598425196
0
LINE
8
BLACK
6
CONTINUOUS
10
5.1801383070866143
20
-3.8228612598425196
11
5.180138503937008
21
-3.8228614960629921
0
LINE
8
BLACK
6
CONTINUOUS
10
5.180138503937008
20
-3.8228614960629921
11
5.180138661417323
21
-3.8228616141732283
0
LINE
8
BLACK
6
CONTINUOUS
10
5.180138661417323
20
-3.8228616141732283
11
5.1801387007874018
21
-3.8228616535433071
0
LINE
8
BLACK
6
CONTINUOUS
10
5.1801387007874018
20
-3.8228616535433071
11
5.180321141732283
21
-3.8230016535433071
0
LINE
8
BLACK
6
CONTINUOUS
10
5.180321141732283
20
-3.8230016535433071
11
5.1850771259842521
21
-3.826651023622047
0
LINE
8
BLACK
6
CONTINUOUS
10
5.1850771259842521
20
-3.826651023622047
11
5.1850771653543308
21
-3.826651023622047
0
LINE
8
BLACK
6
CONTINUOUS
10
5.1850771653543308
20
-3.826651023622047
11
5.1850772047244096
21
-3.8266510629921258
0
LINE
8
BLACK
6
CONTINUOUS
10
5.1850772047244096
20
-3.8266510629921258
11
5.1896880708661417
21
-3.8285609448818896
0
LINE
8
BLACK
6
CONTINUOUS
10
5.1896880708661417
20
-3.8285609448818896
11
5.1908282677165349
21
-3.8290332283464568
0
LINE
8
BLACK
6
CONTINUOUS
10
5.1908282677165349
20
-3.8290332283464568
11
5.1948818503937009
21
-3.8295668897637793
0
LINE
8
BLACK
6
CONTINUOUS
10
5.1948818503937009
20
-3.8295668897637793
11
5.1969999606299213
21
-3.829845748031496
0
LINE
8
BLACK
6
CONTINUOUS
10
5.1969999606299213
20
-3.829845748031496
11
5.1970000000000001
21
-3.829845748031496
0
LINE
8
BLACK
6
CONTINUOUS
10
5.1970000000000001
20
-3.829845748031496
11
5.1970000393700788
21
-3.829845748031496
0
LINE
8
BLACK
6
CONTINUOUS
10
5.1970000393700788
20
-3.829845748031496
11
5.1982343307086616
21
-3.8296832283464566
0
LINE
8
BLACK
6
CONTINUOUS
10
5.1982343307086616
20
-3.8296832283464566
11
5.2031717322834643
21
-3.8290332283464568
0
LINE
8
BLACK
6
CONTINUOUS
10
5.2031717322834643
20
-3.8290332283464568
11
5.2089228740157481
21
-3.826651023622047
0
LINE
8
BLACK
6
CONTINUOUS
10
5.2089228740157481
20
-3.826651023622047
11
5.2138614960629921
21
-3.8228614960629921
0
LINE
8
BLACK
6
CONTINUOUS
10
5.2138614960629921
20
-3.8228614960629921
11
5.2165939370078735
21
-3.8193005118110235
0
LINE
8
BLACK
6
CONTINUOUS
10
5.2165939370078735
20
-3.8193005118110235
11
5.2185791338582677
21
-3.8179361023622045
0
LINE
8
BLACK
6
CONTINUOUS
10
5.2185791338582677
20
-3.8179361023622045
11
5.2196861417322831
21
-3.817775590551181
0
LINE
8
BLACK
6
CONTINUOUS
10
5.2196861417322831
20
-3.817775590551181
11
5.2284526377952751
21
-3.817775590551181
0
LINE
8
BLACK
6
CONTINUOUS
10
5.2284526377952751
20
-3.817775590551181
11
5.2307436220472443
21
-3.8185199606299212
0
LINE
8
BLACK
6
CONTINUOUS
10
5.2307436220472443
20
-3.8185199606299212
11
5.2321595275590553
21
-3.8204687795275589
0
LINE
8
BLACK
6
CONTINUOUS
10
5.2321595275590553
20
-3.8204687795275589
11
5.2322753937007871
21
-3.8224335826771654
0
LINE
8
BLACK
6
CONTINUOUS
10
5.2322753937007871
20
-3.8224335826771654
11
5.2322244094488184
21
-3.8226897637795276
0
LINE
8
BLACK
6
CONTINUOUS
10
5.2322244094488184
20
-3.8226897637795276
11
5.2322244094488184
21
-3.8285697637795275
0
LINE
8
BLACK
6
CONTINUOUS
10
5.2322244094488184
20
-3.8285697637795275
11
5.2322244488188971
21
-3.8285702362204725
0
LINE
8
BLACK
6
CONTINUOUS
10
5.2322244488188971
20
-3.8285702362204725
11
5.2327965748031495
21
-3.8314462992125984
0
LINE
8
BLACK
6
CONTINUOUS
10
5.2327965748031495
20
-3.8314462992125984
11
5.2327966141732283
21
-3.8314464566929134
0
LINE
8
BLACK
6
CONTINUOUS
10
5.2327966141732283
20
-3.8314464566929134
11
5.232796653543307
21
-3.8314465354330709
0
LINE
8
BLACK
6
CONTINUOUS
10
5.232796653543307
20
-3.8314465354330709
11
5.2329435433070861
21
-3.8318011417322833
0
LINE
8
BLACK
6
CONTINUOUS
10
5.2329435433070861
20
-3.8318011417322833
11
5.2328642125984253
21
-3.8318339763779528
0
LINE
8
BLACK
6
CONTINUOUS
10
5.2328642125984253
20
-3.8318339763779528
11
5.2333783858267715
21
-3.8336570078740158
0
LINE
8
BLACK
6
CONTINUOUS
10
5.2333783858267715
20
-3.8336570078740158
11
5.2328829527559053
21
-3.8351816141732282
0
LINE
8
BLACK
6
CONTINUOUS
10
5.2328829527559053
20
-3.8351816141732282
11
5.2329435433070861
21
-3.8352067322834644
0
LINE
8
BLACK
6
CONTINUOUS
10
5.2329435433070861
20
-3.8352067322834644
11
5.2327965748031495
21
-3.835561535433071
0
LINE
8
BLACK
6
CONTINUOUS
10
5.2327965748031495
20
-3.835561535433071
11
5.2322244488188971
21
-3.8384375984251968
0
LINE
8
BLACK
6
CONTINUOUS
10
5.2322244488188971
20
-3.8384375984251968
11
5.2322244094488184
21
-3.8384380708661419
0
LINE
8
BLACK
6
CONTINUOUS
10
5.2322244094488184
20
-3.8384380708661419
11
5.2322244094488184
21
-3.8443177952755905
0
LINE
8
BLACK
6
CONTINUOUS
10
5.2322244094488184
20
-3.8443177952755905
11
5.2322244488188971
21
-3.8443182677165355
0
LINE
8
BLACK
6
CONTINUOUS
10
5.2322244488188971
20
-3.8443182677165355
11
5.2327965748031495
21
-3.8471943307086613
0
LINE
8
BLACK
6
CONTINUOUS
10
5.2327965748031495
20
-3.8471943307086613
11
5.2327966141732283
21
-3.8471944881889764
0
LINE
8
BLACK
6
CONTINUOUS
10
5.2327966141732283
20
-3.8471944881889764
11
5.232796653543307
21
-3.8471945669291339
0
LINE
8
BLACK
6
CONTINUOUS
10
5.232796653543307
20
-3.8471945669291339
11
5.2329435433070861
21
-3.8475491732283462
0
LINE
8
BLACK
6
CONTINUOUS
10
5.2329435433070861
20
-3.8475491732283462
11
5.2328642125984253
21
-3.8475820078740157
0
LINE
8
BLACK
6
CONTINUOUS
10
5.2328642125984253
20
-3.8475820078740157
11
5.2333783858267715
21
-3.8494050393700787
0
LINE
8
BLACK
6
CONTINUOUS
10
5.2333783858267715
20
-3.8494050393700787
11
5.2328829527559053
21
-3.8509296456692912
0
LINE
8
BLACK
6
CONTINUOUS
10
5.2328829527559053
20
-3.8509296456692912
11
5.2329435433070861
21
-3.8509547637795274
0
LINE
8
BLACK
6
CONTINUOUS
10
5.2329435433070861
20
-3.8509547637795274
11
5.2327965748031495
21
-3.851309566929134
0
LINE
8
BLACK
6
CONTINUOUS
10
5.2327965748031495
20
-3.851309566929134
11
5.2322244488188971
21
-3.8541856299212598
0
LINE
8
BLACK
6
CONTINUOUS
10
5.2322244488188971
20
-3.8541856299212598
11
5.2322244094488184
21
-3.8541861023622048
0
LINE
8
BLACK
6
CONTINUOUS
10
5.2322244094488184
20
-3.8541861023622048
11
5.2322244094488184
21
-3.8600658267716534
0
LINE
8
BLACK
6
CONTINUOUS
10
5.2322244094488184
20
-3.8600658267716534
11
5.2322244488188971
21
-3.8600662992125985
0
LINE
8
BLACK
6
CONTINUOUS
10
5.2322244488188971
20
-3.8600662992125985
11
5.232768779527559
21
-3.862802559055118
0
LINE
8
BLACK
6
CONTINUOUS
10
5.232768779527559
20
-3.862802559055118
11
5.2327966141732283
21
-3.8629425196850393
0
LINE
8
BLACK
6
CONTINUOUS
10
5.2327966141732283
20
-3.8629425196850393
11
5.232796653543307
21
-3.8629425984251968
0
LINE
8
BLACK
6
CONTINUOUS
10
5.232796653543307
20
-3.8629425984251968
11
5.2329435433070861
21
-3.8632972047244092
0
LINE
8
BLACK
6
CONTINUOUS
10
5.2329435433070861
20
-3.8632972047244092
11
5.2328642125984253
21
-3.8633300393700787
0
LINE
8
BLACK
6
CONTINUOUS
10
5.2328642125984253
20
-3.8633300393700787
11
5.2333783858267715
21
-3.8651530708661417
0
LINE
8
BLACK
6
CONTINUOUS
10
5.2333783858267715
20
-3.8651530708661417
11
5.2328829527559053
21
-3.8666776771653542
0
LINE
8
BLACK
6
CONTINUOUS
10
5.2328829527559053
20
-3.8666776771653542
11
5.2329435433070861
21
-3.8667027952755904
0
LINE
8
BLACK
6
CONTINUOUS
10
5.2329435433070861
20
-3.8667027952755904
11
5.2327965748031495
21
-3.8670575984251969
0
LINE
8
BLACK
6
CONTINUOUS
10
5.2327965748031495
20
-3.8670575984251969
11
5.2322244488188971
21
-3.8699336614173228
0
LINE
8
BLACK
6
CONTINUOUS
10
5.2322244488188971
20
-3.8699336614173228
11
5.2322244094488184
21
-3.8699341338582678
0
LINE
8
BLACK
6
CONTINUOUS
10
5.2322244094488184
20
-3.8699341338582678
11
5.2322244094488184
21
-3.8758138582677164
0
LINE
8
BLACK
6
CONTINUOUS
10
5.2322244094488184
20
-3.8758138582677164
11
5.2322244488188971
21
-3.8758143307086614
0
LINE
8
BLACK
6
CONTINUOUS
10
5.2322244488188971
20
-3.8758143307086614
11
5.2325682677165357
21
-3.8775426771653541
0
LINE
8
BLACK
6
CONTINUOUS
10
5.2325682677165357
20
-3.8775426771653541
11
5.2327966141732283
21
-3.8786905511811023
0
LINE
8
BLACK
6
CONTINUOUS
10
5.2327966141732283
20
-3.8786905511811023
11
5.232796653543307
21
-3.8786906299212598
0
LINE
8
BLACK
6
CONTINUOUS
10
5.232796653543307
20
-3.8786906299212598
11
5.2329435433070861
21
-3.8790452362204721
0
LINE
8
BLACK
6
CONTINUOUS
10
5.2329435433070861
20
-3.8790452362204721
11
5.2328642125984253
21
-3.8790780708661416
0
LINE
8
BLACK
6
CONTINUOUS
10
5.2328642125984253
20
-3.8790780708661416
11
5.2333783858267715
21
-3.8809011023622046
0
LINE
8
BLACK
6
CONTINUOUS
10
5.2333783858267715
20
-3.8809011023622046
11
5.2328829527559053
21
-3.8824257086614171
0
LINE
8
BLACK
6
CONTINUOUS
10
5.2328829527559053
20
-3.8824257086614171
11
5.2329435433070861
21
-3.8824508267716533
0
LINE
8
BLACK
6
CONTINUOUS
10
5.2329435433070861
20
-3.8824508267716533
11
5.2327965748031495
21
-3.8828056299212599
0
LINE
8
BLACK
6
CONTINUOUS
10
5.2327965748031495
20
-3.8828056299212599
11
5.2322244488188971
21
-3.8856816929133857
0
LINE
8
BLACK
6
CONTINUOUS
10
5.2322244488188971
20
-3.8856816929133857
11
5.2322244094488184
21
-3.8856821653543308
0
LINE
8
BLACK
6
CONTINUOUS
10
5.2322244094488184
20
-3.8856821653543308
11
5.2322244094488184
21
-3.8915618897637794
0
LINE
8
BLACK
6
CONTINUOUS
10
5.2322244094488184
20
-3.8915618897637794
11
5.2322244488188971
21
-3.8915623622047244
0
LINE
8
BLACK
6
CONTINUOUS
10
5.2322244488188971
20
-3.8915623622047244
11
5.2326783464566926
21
-3.8938440551181102
0
LINE
8
BLACK
6
CONTINUOUS
10
5.2326783464566926
20
-3.8938440551181102
11
5.2327966141732283
21
-3.8944385826771653
0
LINE
8
BLACK
6
CONTINUOUS
10
5.2327966141732283
20
-3.8944385826771653
11
5.232796653543307
21
-3.8944386614173228
0
LINE
8
BLACK
6
CONTINUOUS
10
5.232796653543307
20
-3.8944386614173228
11
5.2329435433070861
21
-3.8947932677165356
0
LINE
8
BLACK
6
CONTINUOUS
10
5.2329435433070861
20
-3.8947932677165356
11
5.2328642125984253
21
-3.8948261023622046
0
LINE
8
BLACK
6
CONTINUOUS
10
5.2328642125984253
20
-3.8948261023622046
11
5.2333783858267715
21
-3.8966491338582676
0
LINE
8
BLACK
6
CONTINUOUS
10
5.2333783858267715
20
-3.8966491338582676
11
5.2328829527559053
21
-3.8981737401574801
0
LINE
8
BLACK
6
CONTINUOUS
10
5.2328829527559053
20
-3.8981737401574801
11
5.2329435433070861
21
-3.8981988582677163
0
LINE
8
BLACK
6
CONTINUOUS
10
5.2329435433070861
20
-3.8981988582677163
11
5.2327965748031495
21
-3.8985536614173228
0
LINE
8
BLACK
6
CONTINUOUS
10
5.2327965748031495
20
-3.8985536614173228
11
5.2322244488188971
21
-3.9014297244094487
0
LINE
8
BLACK
6
CONTINUOUS
10
5.2322244488188971
20
-3.9014297244094487
11
5.2322244094488184
21
-3.9014301181102362
0
LINE
8
BLACK
6
CONTINUOUS
10
5.2322244094488184
20
-3.9014301181102362
11
5.2322244094488184
21
-3.901430157480315
0
LINE
8
BLACK
6
CONTINUOUS
10
5.2322244094488184
20
-3.901430157480315
11
5.2322244094488184
21
-3.9073099999999998
0
LINE
8
BLACK
6
CONTINUOUS
10
5.2322244094488184
20
-3.9073099999999998
11
5.2323062598425194
21
-3.9077215748031495
0
LINE
8
BLACK
6
CONTINUOUS
10
5.2323062598425194
20
-3.9077215748031495
11
5.2324290157480311
21
-3.9083385826771653
0
LINE
8
BLACK
6
CONTINUOUS
10
5.2324290157480311
20
-3.9083385826771653
11
5.2321458661417326
21
-3.9107307874015746
0
LINE
8
BLACK
6
CONTINUOUS
10
5.2321458661417326
20
-3.9107307874015746
11
5.2309790157480318
21
-3.9121912204724407
0
LINE
8
BLACK
6
CONTINUOUS
10
5.2309790157480318
20
-3.9121912204724407
11
5.2271383858267715
21
-3.9151382283464566
0
LINE
8
BLACK
6
CONTINUOUS
10
5.2271383858267715
20
-3.9151382283464566
11
5.2271381102362202
21
-3.9151385039370079
0
LINE
8
BLACK
6
CONTINUOUS
10
5.2271381102362202
20
-3.9151385039370079
11
5.2233487007874011
21
-3.9200769685039369
0
LINE
8
BLACK
6
CONTINUOUS
10
5.2233487007874011
20
-3.9200769685039369
11
5.2233487007874011
21
-3.9200770078740157
0
LINE
8
BLACK
6
CONTINUOUS
10
5.2233487007874011
20
-3.9200770078740157
11
5.2209666141732285
21
-3.9258278740157477
0
LINE
8
BLACK
6
CONTINUOUS
10
5.2209666141732285
20
-3.9258278740157477
11
5.220966535433071
21
-3.9258281889763778
0
LINE
8
BLACK
6
CONTINUOUS
10
5.220966535433071
20
-3.9258281889763778
11
5.22015405511811
21
-3.9319997637795274
0
LINE
8
BLACK
6
CONTINUOUS
10
5.22015405511811
20
-3.9319997637795274
11
5.22015405511811
21
-3.9319998031496062
0
LINE
8
BLACK
6
CONTINUOUS
10
5.22015405511811
20
-3.9319998031496062
11
5.220966535433071
21
-3.9381713779527558
0
LINE
8
BLACK
6
CONTINUOUS
10
5.220966535433071
20
-3.9381713779527558
11
5.2209666141732285
21
-3.9381716929133859
0
LINE
8
BLACK
6
CONTINUOUS
10
5.2209666141732285
20
-3.9381716929133859
11
5.2233487007874011
21
-3.9439225590551179
0
LINE
8
BLACK
6
CONTINUOUS
10
5.2233487007874011
20
-3.9439225590551179
11
5.2233487007874011
21
-3.9439225984251967
0
LINE
8
BLACK
6
CONTINUOUS
10
5.2233487007874011
20
-3.9439225984251967
11
5.2263883464566927
21
-3.947883937007874
0
LINE
8
BLACK
6
CONTINUOUS
10
5.2263883464566927
20
-3.947883937007874
11
5.227138307086614
21
-3.9488612992125982
0
LINE
8
BLACK
6
CONTINUOUS
10
5.227138307086614
20
-3.9488612992125982
11
5.227138464566929
21
-3.9488614173228345
0
LINE
8
BLACK
6
CONTINUOUS
10
5.227138464566929
20
-3.9488614173228345
11
5.2271385039370077
21
-3.9488614566929132
0
LINE
8
BLACK
6
CONTINUOUS
10
5.2271385039370077
20
-3.9488614566929132
11
5.2274132283464567
21
-3.9490722440944883
0
LINE
8
BLACK
6
CONTINUOUS
10
5.2274132283464567
20
-3.9490722440944883
11
5.232076929133858
21
-3.9526508267716536
0
LINE
8
BLACK
6
CONTINUOUS
10
5.232076929133858
20
-3.9526508267716536
11
5.2320769685039368
21
-3.9526508267716536
0
LINE
8
BLACK
6
CONTINUOUS
10
5.2320769685039368
20
-3.9526508267716536
11
5.2320770078740155
21
-3.9526508661417323
0
LINE
8
BLACK
6
CONTINUOUS
10
5.2320770078740155
20
-3.9526508661417323
11
5.2362509448818892
21
-3.9543797637795275
0
LINE
8
BLACK
6
CONTINUOUS
10
5.2362509448818892
20
-3.9543797637795275
11
5.2378280708661418
21
-3.9550330314960629
0
LINE
8
BLACK
6
CONTINUOUS
10
5.2378280708661418
20
-3.9550330314960629
11
5.242456850393701
21
-3.9556424015748028
0
LINE
8
BLACK
6
CONTINUOUS
10
5.242456850393701
20
-3.9556424015748028
11
5.2439997637795273
21
-3.9558455511811021
0
LINE
8
BLACK
6
CONTINUOUS
10
5.2439997637795273
20
-3.9558455511811021
11
5.243999803149606
21
-3.9558455511811021
0
LINE
8
BLACK
6
CONTINUOUS
10
5.243999803149606
20
-3.9558455511811021
11
5.2439998425196848
21
-3.9558455511811021
0
LINE
8
BLACK
6
CONTINUOUS
10
5.2439998425196848
20
-3.9558455511811021
11
5.2452341338582675
21
-3.9556830314960627
0
LINE
8
BLACK
6
CONTINUOUS
10
5.2452341338582675
20
-3.9556830314960627
11
5.2501715354330711
21
-3.9550330314960629
0
LINE
8
BLACK
6
CONTINUOUS
10
5.2501715354330711
20
-3.9550330314960629
11
5.255922677165354
21
-3.9526508267716536
0
LINE
8
BLACK
6
CONTINUOUS
10
5.255922677165354
20
-3.9526508267716536
11
5.260861299212598
21
-3.9488612992125982
0
LINE
8
BLACK
6
CONTINUOUS
10
5.260861299212598
20
-3.9488612992125982
11
5.2628941732283465
21
-3.9462120078740157
0
LINE
8
BLACK
6
CONTINUOUS
10
5.2628941732283465
20
-3.9462120078740157
11
5.2635514566929134
21
-3.945355433070866
0
LINE
8
BLACK
6
CONTINUOUS
10
5.2635514566929134
20
-3.945355433070866
11
5.2655366929133853
21
-3.943991023622047
0
LINE
8
BLACK
6
CONTINUOUS
10
5.2655366929133853
20
-3.943991023622047
11
5.2666436614173229
21
-3.9438305118110235
0
LINE
8
BLACK
6
CONTINUOUS
10
5.2666436614173229
20
-3.9438305118110235
11
5.2706496062992123
21
-3.9438305118110235
0
LINE
8
BLACK
6
CONTINUOUS
10
5.2706496062992123
20
-3.9438305118110235
11
5.2729405905511806
21
-3.9445748818897637
0
LINE
8
BLACK
6
CONTINUOUS
10
5.2729405905511806
20
-3.9445748818897637
11
5.2743564960629916
21
-3.9465237007874014
0
LINE
8
BLACK
6
CONTINUOUS
10
5.2743564960629916
20
-3.9465237007874014
11
5.2745472440944878
21
-3.947728149606299
0
LINE
8
BLACK
6
CONTINUOUS
10
5.2745472440944878
20
-3.947728149606299
11
5.2745472440944878
21
-3.9684532677165354
0
LINE
8
BLACK
6
CONTINUOUS
10
5.2745472440944878
20
-3.9684532677165354
11
5.2738028740157477
21
-3.9707442519685037
0
LINE
8
BLACK
6
CONTINUOUS
10
5.2738028740157477
20
-3.9707442519685037
11
5.272141181102362
21
-3.9720542125984251
0
LINE
8
BLACK
6
CONTINUOUS
10
5.272141181102362
20
-3.9720542125984251
11
5.2666012204724408
21
-3.9743489370078739
0
LINE
8
BLACK
6
CONTINUOUS
10
5.2666012204724408
20
-3.9743489370078739
11
5.2622080708661416
21
-3.9777198818897639
0
LINE
8
BLACK
6
CONTINUOUS
10
5.2622080708661416
20
-3.9777198818897639
11
5.2599373622047239
21
-3.9785239763779527
0
LINE
8
BLACK
6
CONTINUOUS
10
5.2599373622047239
20
-3.9785239763779527
11
5.2578758267716532
21
-3.9779133070866139
0
LINE
8
BLACK
6
CONTINUOUS
10
5.2578758267716532
20
-3.9779133070866139
11
5.2578537007874013
21
-3.9779552362204722
0
LINE
8
BLACK
6
CONTINUOUS
10
5.2578537007874013
20
-3.9779552362204722
11
5.2576449212598426
21
-3.9778449212598423
0
LINE
8
BLACK
6
CONTINUOUS
10
5.2576449212598426
20
-3.9778449212598423
11
5.2576276771653543
21
-3.9778398031496063
0
LINE
8
BLACK
6
CONTINUOUS
10
5.2576276771653543
20
-3.9778398031496063
11
5.2576058267716537
21
-3.9778242125984251
0
LINE
8
BLACK
6
CONTINUOUS
10
5.2576058267716537
20
-3.9778242125984251
11
5.2575953543307081
21
-3.9778187007874015
0
LINE
8
BLACK
6
CONTINUOUS
10
5.2575953543307081
20
-3.9778187007874015
11
5.2526664173228346
21
-3.9760939763779528
0
LINE
8
BLACK
6
CONTINUOUS
10
5.2526664173228346
20
-3.9760939763779528
11
5.2514960629921257
21
-3.9759842519685038
0
LINE
8
BLACK
6
CONTINUOUS
10
5.2514960629921257
20
-3.9759842519685038
11
5.2498031889763777
21
-3.9759842519685038
0
LINE
8
BLACK
6
CONTINUOUS
10
5.2498031889763777
20
-3.9759842519685038
11
5.2498031496062989
21
-3.9759842913385826
0
LINE
8
BLACK
6
CONTINUOUS
10
5.2498031496062989
20
-3.9759842913385826
11
5.2498031496062989
21
-3.9878735826771652
0
LINE
8
BLACK
6
CONTINUOUS
10
5.2498031496062989
20
-3.9878735826771652
11
5.2515187401574801
21
-3.9882148425196848
0
LINE
8
BLACK
6
CONTINUOUS
10
5.2515187401574801
20
-3.9882148425196848
11
5.2533068897637794
21
-3.9894096456692911
0
LINE
8
BLACK
6
CONTINUOUS
10
5.2533068897637794
20
-3.9894096456692911
11
5.2545016929133856
21
-3.9911977952755904
0
LINE
8
BLACK
6
CONTINUOUS
10
5.2545016929133856
20
-3.9911977952755904
11
5.2549212598425195
21
-3.9933070866141733
0
LINE
8
BLACK
6
CONTINUOUS
10
5.2549212598425195
20
-3.9933070866141733
11
5.2549212598425195
21
-4.0066929133858267
0
LINE
8
BLACK
6
CONTINUOUS
10
5.2549212598425195
20
-4.0066929133858267
11
5.2545016929133856
21
-4.0088022047244092
0
LINE
8
BLACK
6
CONTINUOUS
10
5.2545016929133856
20
-4.0088022047244092
11
5.2533068897637794
21
-4.0105903543307084
0
LINE
8
BLACK
6
CONTINUOUS
10
5.2533068897637794
20
-4.0105903543307084
11
5.2515187401574801
21
-4.0117851574803147
0
LINE
8
BLACK
6
CONTINUOUS
10
5.2515187401574801
20
-4.0117851574803147
11
5.2498031496062989
21
-4.0121263779527556
0
LINE
8
BLACK
6
CONTINUOUS
10
5.2498031496062989
20
-4.0121263779527556
11
5.2498031496062989
21
-4.0240156692913382
0
LINE
8
BLACK
6
CONTINUOUS
10
5.2498031496062989
20
-4.0240156692913382
11
5.2498031889763777
21
-4.024015708661417
0
LINE
8
BLACK
6
CONTINUOUS
10
5.2498031889763777
20
-4.024015708661417
11
5.2514962204724407
21
-4.024015708661417
0
LINE
8
BLACK
6
CONTINUOUS
10
5.2514962204724407
20
-4.024015708661417
11
5.2526661811023621
21
-4.0239060236220467
0
LINE
8
BLACK
6
CONTINUOUS
10
5.2526661811023621
20
-4.0239060236220467
11
5.2526663779527558
21
-4.023905984251968
0
LINE
8
BLACK
6
CONTINUOUS
10
5.2526663779527558
20
-4.023905984251968
11
5.2575952755905506
21
-4.0221812992125985
0
LINE
8
BLACK
6
CONTINUOUS
10
5.2575952755905506
20
-4.0221812992125985
11
5.261796811023622
21
-4.0190803543307085
0
LINE
8
BLACK
6
CONTINUOUS
10
5.261796811023622
20
-4.0190803543307085
11
5.2617969291338582
21
-4.0190802362204723
0
LINE
8
BLACK
6
CONTINUOUS
10
5.2617969291338582
20
-4.0190802362204723
11
5.2630494488188972
21
-4.0173831496062995
0
LINE
8
BLACK
6
CONTINUOUS
10
5.2630494488188972
20
-4.0173831496062995
11
5.2650088188976376
21
-4.0159818110236216
0
LINE
8
BLACK
6
CONTINUOUS
10
5.2650088188976376
20
-4.0159818110236216
11
5.2674175984251965
21
-4.015999842519685
0
LINE
8
BLACK
6
CONTINUOUS
10
5.2674175984251965
20
-4.015999842519685
11
5.2676764566929135
21
-4.0160964173228342
0
LINE
8
BLACK
6
CONTINUOUS
10
5.2676764566929135
20
-4.0160964173228342
11
5.2723523228346458
21
-4.0180332283464564
0
LINE
8
BLACK
6
CONTINUOUS
10
5.2723523228346458
20
-4.0180332283464564
11
5.2766161417322834
21
-4.0185945669291341
0
LINE
8
BLACK
6
CONTINUOUS
10
5.2766161417322834
20
-4.0185945669291341
11
5.2785240157480313
21
-4.0188457480314961
0
LINE
8
BLACK
6
CONTINUOUS
10
5.2785240157480313
20
-4.0188457480314961
11
5.2785240551181101
21
-4.0188457480314961
0
LINE
8
BLACK
6
CONTINUOUS
10
5.2785240551181101
20
-4.0188457480314961
11
5.2785240944881888
21
-4.0188457480314961
0
LINE
8
BLACK
6
CONTINUOUS
10
5.2785240944881888
20
-4.0188457480314961
11
5.2802426771653543
21
-4.0186194881889765
0
LINE
8
BLACK
6
CONTINUOUS
10
5.2802426771653543
20
-4.0186194881889765
11
5.2846957874015743
21
-4.0180332283464564
0
LINE
8
BLACK
6
CONTINUOUS
10
5.2846957874015743
20
-4.0180332283464564
11
5.2888435826771651
21
-4.0163151181102359
0
LINE
8
BLACK
6
CONTINUOUS
10
5.2888435826771651
20
-4.0163151181102359
11
5.2912449606299212
21
-4.0161261417322835
0
LINE
8
BLACK
6
CONTINUOUS
10
5.2912449606299212
20
-4.0161261417322835
11
5.2932988582677165
21
-4.0173847637795275
0
LINE
8
BLACK
6
CONTINUOUS
10
5.2932988582677165
20
-4.0173847637795275
11
5.2942207086614168
21
-4.0196102755905514
0
LINE
8
BLACK
6
CONTINUOUS
10
5.2942207086614168
20
-4.0196102755905514
11
5.2942327165354328
21
-4.0199161023622043
0
LINE
8
BLACK
6
CONTINUOUS
10
5.2942327165354328
20
-4.0199161023622043
11
5.2942327165354328
21
-4.0431083464566928
0
LINE
8
BLACK
6
CONTINUOUS
10
5.2942327165354328
20
-4.0431083464566928
11
5.2934883464566926
21
-4.0453993307086611
0
LINE
8
BLACK
6
CONTINUOUS
10
5.2934883464566926
20
-4.0453993307086611
11
5.2915395275590553
21
-4.0468152362204721
0
LINE
8
BLACK
6
CONTINUOUS
10
5.2915395275590553
20
-4.0468152362204721
11
5.2893263779527562
21
-4.0468731889763783
0
LINE
8
BLACK
6
CONTINUOUS
10
5.2893263779527562
20
-4.0468731889763783
11
5.2868167716535428
21
-4.0462007874015748
0
LINE
8
BLACK
6
CONTINUOUS
10
5.2868167716535428
20
-4.0462007874015748
11
5.2868166929133853
21
-4.0462007874015748
0
LINE
8
BLACK
6
CONTINUOUS
10
5.2868166929133853
20
-4.0462007874015748
11
5.2861333464566931
21
-4.0462007874015748
0
LINE
8
BLACK
6
CONTINUOUS
10
5.2861333464566931
20
-4.0462007874015748
11
5.2838423622047239
21
-4.0454564173228347
0
LINE
8
BLACK
6
CONTINUOUS
10
5.2838423622047239
20
-4.0454564173228347
11
5.2830411417322836
21
-4.0446758661417324
0
LINE
8
BLACK
6
CONTINUOUS
10
5.2830411417322836
20
-4.0446758661417324
11
5.2825464173228349
21
-4.0440311417322832
0
LINE
8
BLACK
6
CONTINUOUS
10
5.2825464173228349
20
-4.0440311417322832
11
5.2818614960629917
21
-4.0431385039370076
0
LINE
8
BLACK
6
CONTINUOUS
10
5.2818614960629917
20
-4.0431385039370076
11
5.2818612992125979
21
-4.0431383464566926
0
LINE
8
BLACK
6
CONTINUOUS
10
5.2818612992125979
20
-4.0431383464566926
11
5.2818612598425192
21
-4.0431383070866138
0
LINE
8
BLACK
6
CONTINUOUS
10
5.2818612598425192
20
-4.0431383070866138
11
5.2779765748031497
21
-4.0401575196850397
0
LINE
8
BLACK
6
CONTINUOUS
10
5.2779765748031497
20
-4.0401575196850397
11
5.2769228740157477
21
-4.0393489763779531
0
LINE
8
BLACK
6
CONTINUOUS
10
5.2769228740157477
20
-4.0393489763779531
11
5.2769228346456689
21
-4.0393489370078743
0
LINE
8
BLACK
6
CONTINUOUS
10
5.2769228346456689
20
-4.0393489370078743
11
5.2769227559055114
21
-4.0393488976377956
0
LINE
8
BLACK
6
CONTINUOUS
10
5.2769227559055114
20
-4.0393488976377956
11
5.2711718897637798
21
-4.0369668110236221
0
LINE
8
BLACK
6
CONTINUOUS
10
5.2711718897637798
20
-4.0369668110236221
11
5.2711715748031498
21
-4.0369667322834646
0
LINE
8
BLACK
6
CONTINUOUS
10
5.2711715748031498
20
-4.0369667322834646
11
5.2650000393700784
21
-4.0361542519685036
0
LINE
8
BLACK
6
CONTINUOUS
10
5.2650000393700784
20
-4.0361542519685036
11
5.2649999606299209
21
-4.0361542519685036
0
LINE
8
BLACK
6
CONTINUOUS
10
5.2649999606299209
20
-4.0361542519685036
11
5.2588283858267717
21
-4.0369667322834646
0
LINE
8
BLACK
6
CONTINUOUS
10
5.2588283858267717
20
-4.0369667322834646
11
5.2588280708661417
21
-4.0369668110236221
0
LINE
8
BLACK
6
CONTINUOUS
10
5.2588280708661417
20
-4.0369668110236221
11
5.2530772047244092
21
-4.0393488976377956
0
LINE
8
BLACK
6
CONTINUOUS
10
5.2530772047244092
20
-4.0393488976377956
11
5.2530771653543304
21
-4.0393488976377956
0
LINE
8
BLACK
6
CONTINUOUS
10
5.2530771653543304
20
-4.0393488976377956
11
5.2481387007874014
21
-4.0431383070866138
0
LINE
8
BLACK
6
CONTINUOUS
10
5.2481387007874014
20
-4.0431383070866138
11
5.2481383070866139
21
-4.0431387007874013
0
LINE
8
BLACK
6
CONTINUOUS
10
5.2481383070866139
20
-4.0431387007874013
11
5.2443488976377948
21
-4.0480771653543304
0
LINE
8
BLACK
6
CONTINUOUS
10
5.2443488976377948
20
-4.0480771653543304
11
5.2443488976377948
21
-4.0480772047244091
0
LINE
8
BLACK
6
CONTINUOUS
10
5.2443488976377948
20
-4.0480772047244091
11
5.2419668110236222
21
-4.0538280708661416
0
LINE
8
BLACK
6
CONTINUOUS
10
5.2419668110236222
20
-4.0538280708661416
11
5.2419667322834647
21
-4.0538283858267716
0
LINE
8
BLACK
6
CONTINUOUS
10
5.2419667322834647
20
-4.0538283858267716
11
5.2411542519685037
21
-4.0599999606299209
0
LINE
8
BLACK
6
CONTINUOUS
10
5.2411542519685037
20
-4.0599999606299209
11
5.2411542519685037
21
-4.0599999999999996
0
LINE
8
BLACK
6
CONTINUOUS
10
5.2411542519685037
20
-4.0599999999999996
11
5.2419667322834647
21
-4.0661715748031497
0
LINE
8
BLACK
6
CONTINUOUS
10
5.2419667322834647
20
-4.0661715748031497
11
5.2419668110236222
21
-4.0661718897637797
0
LINE
8
BLACK
6
CONTINUOUS
10
5.2419668110236222
20
-4.0661718897637797
11
5.2443488976377948
21
-4.0719227559055113
0
LINE
8
BLACK
6
CONTINUOUS
10
5.2443488976377948
20
-4.0719227559055113
11
5.2443488976377948
21
-4.0719227952755901
0
LINE
8
BLACK
6
CONTINUOUS
10
5.2443488976377948
20
-4.0719227952755901
11
5.2476068897637793
21
-4.0761687007874015
0
LINE
8
BLACK
6
CONTINUOUS
10
5.2476068897637793
20
-4.0761687007874015
11
5.2481385039370076
21
-4.0768614960629916
0
LINE
8
BLACK
6
CONTINUOUS
10
5.2481385039370076
20
-4.0768614960629916
11
5.2530771259842517
21
-4.080651023622047
0
LINE
8
BLACK
6
CONTINUOUS
10
5.2530771259842517
20
-4.080651023622047
11
5.2572468897637794
21
-4.0823781889763779
0
LINE
8
BLACK
6
CONTINUOUS
10
5.2572468897637794
20
-4.0823781889763779
11
5.2590786220472436
21
-4.0839425984251969
0
LINE
8
BLACK
6
CONTINUOUS
10
5.2590786220472436
20
-4.0839425984251969
11
5.259640984251968
21
-4.0862849212598427
0
LINE
8
BLACK
6
CONTINUOUS
10
5.259640984251968
20
-4.0862849212598427
11
5.2593562992125982
21
-4.0874706692913385
0
LINE
8
BLACK
6
CONTINUOUS
10
5.2593562992125982
20
-4.0874706692913385
11
5.2577520078740152
21
-4.0913437007874016
0
LINE
8
BLACK
6
CONTINUOUS
10
5.2577520078740152
20
-4.0913437007874016
11
5.2577519291338586
21
-4.0913440551181104
0
LINE
8
BLACK
6
CONTINUOUS
10
5.2577519291338586
20
-4.0913440551181104
11
5.2569394488188976
21
-4.0975156299212596
0
LINE
8
BLACK
6
CONTINUOUS
10
5.2569394488188976
20
-4.0975156299212596
11
5.2569394488188976
21
-4.0975156692913384
0
LINE
8
BLACK
6
CONTINUOUS
10
5.2569394488188976
20
-4.0975156692913384
11
5.2577519291338586
21
-4.1036872440944885
0
LINE
8
BLACK
6
CONTINUOUS
10
5.2577519291338586
20
-4.1036872440944885
11
5.2577520078740152
21
-4.1036875590551176
0
LINE
8
BLACK
6
CONTINUOUS
10
5.2577520078740152
20
-4.1036875590551176
11
5.2601340944881887
21
-4.1094384251968501
0
LINE
8
BLACK
6
CONTINUOUS
10
5.2601340944881887
20
-4.1094384251968501
11
5.2601340944881887
21
-4.1094384645669289
0
LINE
8
BLACK
6
CONTINUOUS
10
5.2601340944881887
20
-4.1094384645669289
11
5.2639235039370078
21
-4.1143769291338579
0
LINE
8
BLACK
6
CONTINUOUS
10
5.2639235039370078
20
-4.1143769291338579
11
5.2639237007874016
21
-4.1143771653543304
0
LINE
8
BLACK
6
CONTINUOUS
10
5.2639237007874016
20
-4.1143771653543304
11
5.2639238582677166
21
-4.1143772834645667
0
LINE
8
BLACK
6
CONTINUOUS
10
5.2639238582677166
20
-4.1143772834645667
11
5.2639238976377953
21
-4.1143773228346454
0
LINE
8
BLACK
6
CONTINUOUS
10
5.2639238976377953
20
-4.1143773228346454
11
5.2647659842519685
21
-4.1150234645669288
0
LINE
8
BLACK
6
CONTINUOUS
10
5.2647659842519685
20
-4.1150234645669288
11
5.2688623228346456
21
-4.1181666929133858
0
LINE
8
BLACK
6
CONTINUOUS
10
5.2688623228346456
20
-4.1181666929133858
11
5.2688623622047244
21
-4.1181666929133858
0
LINE
8
BLACK
6
CONTINUOUS
10
5.2688623622047244
20
-4.1181666929133858
11
5.2688624015748031
21
-4.1181667322834645
0
LINE
8
BLACK
6
CONTINUOUS
10
5.2688624015748031
20
-4.1181667322834645
11
5.2714659448818892
21
-4.1192451574803153
0
LINE
8
BLACK
6
CONTINUOUS
10
5.2714659448818892
20
-4.1192451574803153
11
5.2746134645669294
21
-4.1205488976377955
0
LINE
8
BLACK
6
CONTINUOUS
10
5.2746134645669294
20
-4.1205488976377955
11
5.2807851968503936
21
-4.1213614173228343
0
LINE
8
BLACK
6
CONTINUOUS
10
5.2807851968503936
20
-4.1213614173228343
11
5.2827064173228342
21
-4.1211084645669294
0
LINE
8
BLACK
6
CONTINUOUS
10
5.2827064173228342
20
-4.1211084645669294
11
5.2850748818897637
21
-4.121547440944882
0
LINE
8
BLACK
6
CONTINUOUS
10
5.2850748818897637
20
-4.121547440944882
11
5.2859711417322837
21
-4.1222166929133861
0
LINE
8
BLACK
6
CONTINUOUS
10
5.2859711417322837
20
-4.1222166929133861
11
5.2869703937007877
21
-4.1232159055118105
0
LINE
8
BLACK
6
CONTINUOUS
10
5.2869703937007877
20
-4.1232159055118105
11
5.287591889763779
21
-4.1238374015748027
0
LINE
8
BLACK
6
CONTINUOUS
10
5.287591889763779
20
-4.1238374015748027
11
5.2907385039370078
21
-4.1256540944881888
0
LINE
8
BLACK
6
CONTINUOUS
10
5.2907385039370078
20
-4.1256540944881888
11
5.2942481102362207
21
-4.1265944881889762
0
LINE
8
BLACK
6
CONTINUOUS
10
5.2942481102362207
20
-4.1265944881889762
11
5.3122834645669288
21
-4.1265944881889762
0
LINE
8
BLACK
6
CONTINUOUS
10
5.3122834645669288
20
-4.1265944881889762
11
5.314574448818898
21
-4.1273388582677164
0
LINE
8
BLACK
6
CONTINUOUS
10
5.314574448818898
20
-4.1273388582677164
11
5.3159903543307081
21
-4.1292876771653546
0
LINE
8
BLACK
6
CONTINUOUS
10
5.3159903543307081
20
-4.1292876771653546
11
5.3161811023622043
21
-4.1304921259842518
0
LINE
8
BLACK
6
CONTINUOUS
10
5.3161811023622043
20
-4.1304921259842518
11
5.3161811023622043
21
-4.1324802755905514
0
LINE
8
BLACK
6
CONTINUOUS
10
5.3161811023622043
20
-4.1324802755905514
11
5.3161811417322831
21
-4.1324803149606302
0
LINE
8
BLACK
6
CONTINUOUS
10
5.3161811417322831
20
-4.1324803149606302
11
5.3279921259842515
21
-4.1324803149606302
0
LINE
8
BLACK
6
CONTINUOUS
10
5.3279921259842515
20
-4.1324803149606302
11
5.3279921259842515
21
-4.1305118110236219
0
LINE
8
BLACK
6
CONTINUOUS
10
5.3279921259842515
20
-4.1305118110236219
11
5.3712992125984247
21
-4.1305118110236219
0
LINE
8
BLACK
6
CONTINUOUS
10
5.3712992125984247
20
-4.1305118110236219
11
5.3712992125984247
21
-4.1324803149606302
0
LINE
8
BLACK
6
CONTINUOUS
10
5.3712992125984247
20
-4.1324803149606302
11
5.3831101574803144
21
-4.1324803149606302
0
LINE
8
BLACK
6
CONTINUOUS
10
5.3831101574803144
20
-4.1324803149606302
11
5.3831101968503932
21
-4.1324802755905514
0
LINE
8
BLACK
6
CONTINUOUS
10
5.3831101968503932
20
-4.1324802755905514
11
5.3831101968503932
21
-4.1304921259842518
0
LINE
8
BLACK
6
CONTINUOUS
10
5.3831101968503932
20
-4.1304921259842518
11
5.3838545669291333
21
-4.1282011417322835
0
LINE
8
BLACK
6
CONTINUOUS
10
5.3838545669291333
20
-4.1282011417322835
11
5.3858033858267715
21
-4.1267852362204724
0
LINE
8
BLACK
6
CONTINUOUS
10
5.3858033858267715
20
-4.1267852362204724
11
5.3870078346456696
21
-4.1265944881889762
0
LINE
8
BLACK
6
CONTINUOUS
10
5.3870078346456696
20
-4.1265944881889762
11
5.3903862598425194
21
-4.1265944881889762
0
LINE
8
BLACK
6
CONTINUOUS
10
5.3903862598425194
20
-4.1265944881889762
11
5.3926772440944877
21
-4.1273388582677164
0
LINE
8
BLACK
6
CONTINUOUS
10
5.3926772440944877
20
-4.1273388582677164
11
5.3931422834645666
21
-4.1277360629921258
0
LINE
8
BLACK
6
CONTINUOUS
10
5.3931422834645666
20
-4.1277360629921258
11
5.3952560236220473
21
-4.1298497637795277
0
LINE
8
BLACK
6
CONTINUOUS
10
5.3952560236220473
20
-4.1298497637795277
11
5.3963496456692912
21
-4.1319960629921262
0
LINE
8
BLACK
6
CONTINUOUS
10
5.3963496456692912
20
-4.1319960629921262
11
5.3963976377952756
21
-4.1326058267716537
0
LINE
8
BLACK
6
CONTINUOUS
10
5.3963976377952756
20
-4.1326058267716537
11
5.3963976377952756
21
-4.1388313385826772
0
LINE
8
BLACK
6
CONTINUOUS
10
5.3963976377952756
20
-4.1388313385826772
11
5.3965241732283467
21
-4.1397925196850389
0
LINE
8
BLACK
6
CONTINUOUS
10
5.3965241732283467
20
-4.1397925196850389
11
5.3966508661417318
21
-4.1407548818897633
0
LINE
8
BLACK
6
CONTINUOUS
10
5.3966508661417318
20
-4.1407548818897633
11
5.3966508661417318
21
-4.140754921259842
0
LINE
8
BLACK
6
CONTINUOUS
10
5.3966508661417318
20
-4.140754921259842
11
5.3986194094488189
21
-4.1449764173228347
0
LINE
8
BLACK
6
CONTINUOUS
10
5.3986194094488189
20
-4.1449764173228347
11
5.3986194488188977
21
-4.1449764566929135
0
LINE
8
BLACK
6
CONTINUOUS
10
5.3986194488188977
20
-4.1449764566929135
11
5.3986194881889764
21
-4.144976535433071
0
LINE
8
BLACK
6
CONTINUOUS
10
5.3986194881889764
20
-4.144976535433071
11
5.4019132283464568
21
-4.1482702755905514
0
LINE
8
BLACK
6
CONTINUOUS
10
5.4019132283464568
20
-4.1482702755905514
11
5.4019132677165356
21
-4.1482702755905514
0
LINE
8
BLACK
6
CONTINUOUS
10
5.4019132677165356
20
-4.1482702755905514
11
5.4019133070866143
21
-4.1482703149606301
0
LINE
8
BLACK
6
CONTINUOUS
10
5.4019133070866143
20
-4.1482703149606301
11
5.4061348031496061
21
-4.1502388582677163
0
LINE
8
BLACK
6
CONTINUOUS
10
5.4061348031496061
20
-4.1502388582677163
11
5.4061348425196849
21
-4.1502388582677163
0
LINE
8
BLACK
6
CONTINUOUS
10
5.4061348425196849
20
-4.1502388582677163
11
5.4061349212598424
21
-4.1502388976377951
0
LINE
8
BLACK
6
CONTINUOUS
10
5.4061349212598424
20
-4.1502388976377951
11
5.4080584251968506
21
-4.1504921259842522
0
LINE
8
BLACK
6
CONTINUOUS
10
5.4080584251968506
20
-4.1504921259842522
11
5.4080584645669294
21
-4.1504921259842522
0
LINE
8
BLACK
6
CONTINUOUS
10
5.4080584645669294
20
-4.1504921259842522
11
5.421784015748031
21
-4.1504921259842522
0
LINE
8
BLACK
6
CONTINUOUS
10
5.421784015748031
20
-4.1504921259842522
11
5.4217840944881885
21
-4.1504921259842522
0
LINE
8
BLACK
6
CONTINUOUS
10
5.4217840944881885
20
-4.1504921259842522
11
5.4237075984251968
21
-4.1502388976377951
0
LINE
8
BLACK
6
CONTINUOUS
10
5.4237075984251968
20
-4.1502388976377951
11
5.4279292913385824
21
-4.1482702755905514
0
LINE
8
BLACK
6
CONTINUOUS
10
5.4279292913385824
20
-4.1482702755905514
11
5.4312230314960628
21
-4.144976535433071
0
LINE
8
BLACK
6
CONTINUOUS
10
5.4312230314960628
20
-4.144976535433071
11
5.4314675196850395
21
-4.1444521653543305
0
LINE
8
BLACK
6
CONTINUOUS
10
5.4314675196850395
20
-4.1444521653543305
11
5.4331103543307089
21
-4.1426904330708663
0
LINE
8
BLACK
6
CONTINUOUS
10
5.4331103543307089
20
-4.1426904330708663
11
5.4354749606299215
21
-4.1422307874015747
0
LINE
8
BLACK
6
CONTINUOUS
10
5.4354749606299215
20
-4.1422307874015747
11
5.4376581496062988
21
-4.1432487795275588
0
LINE
8
BLACK
6
CONTINUOUS
10
5.4376581496062988
20
-4.1432487795275588
11
5.4385324409448819
21
-4.1444521259842517
0
LINE
8
BLACK
6
CONTINUOUS
10
5.4385324409448819
20
-4.1444521259842517
11
5.4387769685039373
21
-4.144976535433071
0
LINE
8
BLACK
6
CONTINUOUS
10
5.4387769685039373
20
-4.144976535433071
11
5.4420707086614168
21
-4.1482702755905514
0
LINE
8
BLACK
6
CONTINUOUS
10
5.4420707086614168
20
-4.1482702755905514
11
5.4420707480314956
21
-4.1482702755905514
0
LINE
8
BLACK
6
CONTINUOUS
10
5.4420707480314956
20
-4.1482702755905514
11
5.4420707874015743
21
-4.1482703149606301
0
LINE
8
BLACK
6
CONTINUOUS
10
5.4420707874015743
20
-4.1482703149606301
11
5.4462922834645671
21
-4.1502388582677163
0
LINE
8
BLACK
6
CONTINUOUS
10
5.4462922834645671
20
-4.1502388582677163
11
5.4462923228346458
21
-4.1502388582677163
0
LINE
8
BLACK
6
CONTINUOUS
10
5.4462923228346458
20
-4.1502388582677163
11
5.4462924015748033
21
-4.1502388976377951
0
LINE
8
BLACK
6
CONTINUOUS
10
5.4462924015748033
20
-4.1502388976377951
11
5.4482159055118107
21
-4.1504921259842522
0
LINE
8
BLACK
6
CONTINUOUS
10
5.4482159055118107
20
-4.1504921259842522
11
5.4482159448818894
21
-4.1504921259842522
0
LINE
8
BLACK
6
CONTINUOUS
10
5.4482159448818894
20
-4.1504921259842522
11
5.461941496062992
21
-4.1504921259842522
0
LINE
8
BLACK
6
CONTINUOUS
10
5.461941496062992
20
-4.1504921259842522
11
5.4619415748031495
21
-4.1504921259842522
0
LINE
8
BLACK
6
CONTINUOUS
10
5.4619415748031495
20
-4.1504921259842522
11
5.4638650787401577
21
-4.1502388976377951
0
LINE
8
BLACK
6
CONTINUOUS
10
5.4638650787401577
20
-4.1502388976377951
11
5.4680867716535433
21
-4.1482702755905514
0
LINE
8
BLACK
6
CONTINUOUS
10
5.4680867716535433
20
-4.1482702755905514
11
5.4713805118110237
21
-4.144976535433071
0
LINE
8
BLACK
6
CONTINUOUS
10
5.4713805118110237
20
-4.144976535433071
11
5.4733491338582674
21
-4.1407548425196845
0
LINE
8
BLACK
6
CONTINUOUS
10
5.4733491338582674
20
-4.1407548425196845
11
5.4736023622047245
21
-4.1388313385826772
0
LINE
8
BLACK
6
CONTINUOUS
10
5.4736023622047245
20
-4.1388313385826772
11
5.4736023622047245
21
-4.1211686614173226
0
LINE
8
BLACK
6
CONTINUOUS
10
5.4736023622047245
20
-4.1211686614173226
11
5.4733491338582674
21
-4.1192451574803153
0
LINE
8
BLACK
6
CONTINUOUS
10
5.4733491338582674
20
-4.1192451574803153
11
5.4733002755905513
21
-4.1191403937007873
0
LINE
8
BLACK
6
CONTINUOUS
10
5.4733002755905513
20
-4.1191403937007873
11
5.4713805511811024
21
-4.1150235433070863
0
LINE
8
BLACK
6
CONTINUOUS
10
5.4713805511811024
20
-4.1150235433070863
11
5.4713804724409449
21
-4.11502342519685
0
LINE
8
BLACK
6
CONTINUOUS
10
5.4713804724409449
20
-4.11502342519685
11
5.4700195275590549
21
-4.1136624409448821
0
LINE
8
BLACK
6
CONTINUOUS
10
5.4700195275590549
20
-4.1136624409448821
11
5.4689259448818897
21
-4.1115161023622049
0
LINE
8
BLACK
6
CONTINUOUS
10
5.4689259448818897
20
-4.1115161023622049
11
5.4688779527559053
21
-4.1109064173228349
0
LINE
8
BLACK
6
CONTINUOUS
10
5.4688779527559053
20
-4.1109064173228349
11
5.4688779527559053
21
-4.1040935433070862
0
LINE
8
BLACK
6
CONTINUOUS
10
5.4688779527559053
20
-4.1040935433070862
11
5.4696223228346454
21
-4.1018025590551179
0
LINE
8
BLACK
6
CONTINUOUS
10
5.4696223228346454
20
-4.1018025590551179
11
5.4700192913385823
21
-4.1013377165354328
0
LINE
8
BLACK
6
CONTINUOUS
10
5.4700192913385823
20
-4.1013377165354328
11
5.4713805118110237
21
-4.0999765354330711
0
LINE
8
BLACK
6
CONTINUOUS
10
5.4713805118110237
20
-4.0999765354330711
11
5.4733491338582674
21
-4.0957548425196846
0
LINE
8
BLACK
6
CONTINUOUS
10
5.4733491338582674
20
-4.0957548425196846
11
5.4736023622047245
21
-4.0938313385826772
0
LINE
8
BLACK
6
CONTINUOUS
10
5.4736023622047245
20
-4.0938313385826772
11
5.4736023622047245
21
-4.0848031889763776
0
LINE
8
BLACK
6
CONTINUOUS
10
5.4736023622047245
20
-4.0848031889763776
11
5.4736023622047245
21
-4.0761686614173227
0
LINE
8
BLACK
6
CONTINUOUS
10
5.4736023622047245
20
-4.0761686614173227
11
5.4733491338582674
21
-4.0742451574803145
0
LINE
8
BLACK
6
CONTINUOUS
10
5.4733491338582674
20
-4.0742451574803145
11
5.4731628740157481
21
-4.0738457480314958
0
LINE
8
BLACK
6
CONTINUOUS
10
5.4731628740157481
20
-4.0738457480314958
11
5.4713805511811024
21
-4.0700235433070864
0
LINE
8
BLACK
6
CONTINUOUS
10
5.4713805511811024
20
-4.0700235433070864
11
5.4713804724409449
21
-4.0700234251968501
0
LINE
8
BLACK
6
CONTINUOUS
10
5.4713804724409449
20
-4.0700234251968501
11
5.4700195275590549
21
-4.0686624409448822
0
LINE
8
BLACK
6
CONTINUOUS
10
5.4700195275590549
20
-4.0686624409448822
11
5.4689259448818897
21
-4.066516102362205
0
LINE
8
BLACK
6
CONTINUOUS
10
5.4689259448818897
20
-4.066516102362205
11
5.4688779527559053
21
-4.065906417322835
0
LINE
8
BLACK
6
CONTINUOUS
10
5.4688779527559053
20
-4.065906417322835
11
5.4688779527559053
21
-4.0390935826771655
0
LINE
8
BLACK
6
CONTINUOUS
10
5.4688779527559053
20
-4.0390935826771655
11
5.4696223228346454
21
-4.0368025984251972
0
LINE
8
BLACK
6
CONTINUOUS
10
5.4696223228346454
20
-4.0368025984251972
11
5.4700194094488186
21
-4.0363376771653545
0
LINE
8
BLACK
6
CONTINUOUS
10
5.4700194094488186
20
-4.0363376771653545
11
5.470389212598425
21
-4.0359678346456693
0
LINE
8
BLACK
6
CONTINUOUS
10
5.470389212598425
20
-4.0359678346456693
11
5.4725354724409447
21
-4.0348741338582679
0
LINE
8
BLACK
6
CONTINUOUS
10
5.4725354724409447
20
-4.0348741338582679
11
5.4749146850393702
21
-4.0352508267716534
0
LINE
8
BLACK
6
CONTINUOUS
10
5.4749146850393702
20
-4.0352508267716534
11
5.4759014173228344
21
-4.0359676771653543
0
LINE
8
BLACK
6
CONTINUOUS
10
5.4759014173228344
20
-4.0359676771653543
11
5.4841735826771654
21
-4.0442398031496065
0
LINE
8
BLACK
6
CONTINUOUS
10
5.4841735826771654
20
-4.0442398031496065
11
5.4920782677165354
21
-4.0521444881889765
0
LINE
8
BLACK
6
CONTINUOUS
10
5.4920782677165354
20
-4.0521444881889765
11
5.4931490157480312
21
-4.0527626771653544
0
LINE
8
BLACK
6
CONTINUOUS
10
5.4931490157480312
20
-4.0527626771653544
11
5.4947973622047241
21
-4.0537143700787404
0
LINE
8
BLACK
6
CONTINUOUS
10
5.4947973622047241
20
-4.0537143700787404
11
5.4947973228346454
21
-4.0537143700787404
0
LINE
8
BLACK
6
CONTINUOUS
10
5.4947973228346454
20
-4.0537143700787404
11
5.4950222047244095
21
-4.0538441732283461
0
LINE
8
BLACK
6
CONTINUOUS
10
5.4950222047244095
20
-4.0538441732283461
11
5.4952248818897633
21
-4.0539611811023617
0
LINE
8
BLACK
6
CONTINUOUS
10
5.4952248818897633
20
-4.0539611811023617
11
5.4987344881889761
21
-4.0549015748031492
0
LINE
8
BLACK
6
CONTINUOUS
10
5.4987344881889761
20
-4.0549015748031492
11
5.4987346062992124
21
-4.0549015748031492
0
LINE
8
BLACK
6
CONTINUOUS
10
5.4987346062992124
20
-4.0549015748031492
11
5.4987935433070865
21
-4.0549173622047245
0
LINE
8
BLACK
6
CONTINUOUS
10
5.4987935433070865
20
-4.0549173622047245
11
5.5008138188976377
21
-4.0562293307086614
0
LINE
8
BLACK
6
CONTINUOUS
10
5.5008138188976377
20
-4.0562293307086614
11
5.5016770866141735
21
-4.0584781889763777
0
LINE
8
BLACK
6
CONTINUOUS
10
5.5016770866141735
20
-4.0584781889763777
11
5.5010536614173224
21
-4.0608050000000002
0
LINE
8
BLACK
6
CONTINUOUS
10
5.5010536614173224
20
-4.0608050000000002
11
5.5009208267716536
21
-4.0609966929133856
0
LINE
8
BLACK
6
CONTINUOUS
10
5.5009208267716536
20
-4.0609966929133856
11
5.4978187007874011
21
-4.0651998818897637
0
LINE
8
BLACK
6
CONTINUOUS
10
5.4978187007874011
20
-4.0651998818897637
11
5.4960939763779528
21
-4.0701288188976381
0
LINE
8
BLACK
6
CONTINUOUS
10
5.4960939763779528
20
-4.0701288188976381
11
5.4959842519685038
21
-4.0712991732283461
0
LINE
8
BLACK
6
CONTINUOUS
10
5.4959842519685038
20
-4.0712991732283461
11
5.4959842519685038
21
-4.0729920866141729
0
LINE
8
BLACK
6
CONTINUOUS
10
5.4959842519685038
20
-4.0729920866141729
11
5.4959842913385826
21
-4.0729921259842516
0
LINE
8
BLACK
6
CONTINUOUS
10
5.4959842913385826
20
-4.0729921259842516
11
5.5078735826771652
21
-4.0729921259842516
0
LINE
8
BLACK
6
CONTINUOUS
10
5.5078735826771652
20
-4.0729921259842516
11
5.5082148425196849
21
-4.0712765354330704
0
LINE
8
BLACK
6
CONTINUOUS
10
5.5082148425196849
20
-4.0712765354330704
11
5.5094096456692911
21
-4.0694883858267712
0
LINE
8
BLACK
6
CONTINUOUS
10
5.5094096456692911
20
-4.0694883858267712
11
5.5111977952755904
21
-4.0682935826771649
0
LINE
8
BLACK
6
CONTINUOUS
10
5.5111977952755904
20
-4.0682935826771649
11
5.5133070866141729
21
-4.0678740157480311
0
LINE
8
BLACK
6
CONTINUOUS
10
5.5133070866141729
20
-4.0678740157480311
11
5.5266929133858262
21
-4.0678740157480311
0
LINE
8
BLACK
6
CONTINUOUS
10
5.5266929133858262
20
-4.0678740157480311
11
5.5288022047244096
21
-4.0682935826771649
0
LINE
8
BLACK
6
CONTINUOUS
10
5.5288022047244096
20
-4.0682935826771649
11
5.5305903543307089
21
-4.0694883858267712
0
LINE
8
BLACK
6
CONTINUOUS
10
5.5305903543307089
20
-4.0694883858267712
11
5.5317851574803152
21
-4.0712765354330704
0
LINE
8
BLACK
6
CONTINUOUS
10
5.5317851574803152
20
-4.0712765354330704
11
5.532204724409449
21
-4.0733858267716538
0
LINE
8
BLACK
6
CONTINUOUS
10
5.532204724409449
20
-4.0733858267716538
11
5.532204724409449
21
-4.0844094488188976
0
LINE
8
BLACK
6
CONTINUOUS
10
5.532204724409449
20
-4.0844094488188976
11
5.5317851574803152
21
-4.0865187401574801
0
LINE
8
BLACK
6
CONTINUOUS
10
5.5317851574803152
20
-4.0865187401574801
11
5.5305903543307089
21
-4.0883068897637793
0
LINE
8
BLACK
6
CONTINUOUS
10
5.5305903543307089
20
-4.0883068897637793
11
5.5288022047244096
21
-4.0895016929133856
0
LINE
8
BLACK
6
CONTINUOUS
10
5.5288022047244096
20
-4.0895016929133856
11
5.5266929133858262
21
-4.0899212598425194
0
LINE
8
BLACK
6
CONTINUOUS
10
5.5266929133858262
20
-4.0899212598425194
11
5.5259055118110236
21
-4.0899212598425194
0
LINE
8
BLACK
6
CONTINUOUS
10
5.5259055118110236
20
-4.0899212598425194
11
5.5259055118110236
21
-4.1017322047244091
0
LINE
8
BLACK
6
CONTINUOUS
10
5.5259055118110236
20
-4.1017322047244091
11
5.5259055511811024
21
-4.1017322440944879
0
LINE
8
BLACK
6
CONTINUOUS
10
5.5259055511811024
20
-4.1017322440944879
11
5.5285807086614174
21
-4.1017322440944879
0
LINE
8
BLACK
6
CONTINUOUS
10
5.5285807086614174
20
-4.1017322440944879
11
5.5308716929133857
21
-4.1024766141732281
0
LINE
8
BLACK
6
CONTINUOUS
10
5.5308716929133857
20
-4.1024766141732281
11
5.5322875984251967
21
-4.1044254330708663
0
LINE
8
BLACK
6
CONTINUOUS
10
5.5322875984251967
20
-4.1044254330708663
11
5.5322875984251967
21
-4.1068343307086614
0
LINE
8
BLACK
6
CONTINUOUS
10
5.5322875984251967
20
-4.1068343307086614
11
5.532181653543307
21
-4.1071214566929131
0
LINE
8
BLACK
6
CONTINUOUS
10
5.532181653543307
20
-4.1071214566929131
11
5.5310808661417319
21
-4.1097789763779531
0
LINE
8
BLACK
6
CONTINUOUS
10
5.5310808661417319
20
-4.1097789763779531
11
5.5295164173228342
21
-4.1116106692913386
0
LINE
8
BLACK
6
CONTINUOUS
10
5.5295164173228342
20
-4.1116106692913386
11
5.5274799212598422
21
-4.112185039370079
0
LINE
8
BLACK
6
CONTINUOUS
10
5.5274799212598422
20
-4.112185039370079
11
5.5117363385826774
21
-4.112185039370079
0
LINE
8
BLACK
6
CONTINUOUS
10
5.5117363385826774
20
-4.112185039370079
11
5.5117359055118111
21
-4.1121850787401577
0
LINE
8
BLACK
6
CONTINUOUS
10
5.5117359055118111
20
-4.1121850787401577
11
5.5097839763779524
21
-4.1124420078740158
0
LINE
8
BLACK
6
CONTINUOUS
10
5.5097839763779524
20
-4.1124420078740158
11
5.5097838976377949
21
-4.1124420078740158
0
LINE
8
BLACK
6
CONTINUOUS
10
5.5097838976377949
20
-4.1124420078740158
11
5.5054994488188971
21
-4.1144399212598426
0
LINE
8
BLACK
6
CONTINUOUS
10
5.5054994488188971
20
-4.1144399212598426
11
5.5021564566929131
21
-4.1177829133858266
0
LINE
8
BLACK
6
CONTINUOUS
10
5.5021564566929131
20
-4.1177829133858266
11
5.5001586220472438
21
-4.1220673228346456
0
LINE
8
BLACK
6
CONTINUOUS
10
5.5001586220472438
20
-4.1220673228346456
11
5.5001585826771651
21
-4.1220673622047244
0
LINE
8
BLACK
6
CONTINUOUS
10
5.5001585826771651
20
-4.1220673622047244
11
5.5000002362204725
21
-4.1232702362204723
0
LINE
8
BLACK
6
CONTINUOUS
10
5.5000002362204725
20
-4.1232702362204723
11
5.4999255905511806
21
-4.1238374015748027
0
LINE
8
BLACK
6
CONTINUOUS
10
5.4999255905511806
20
-4.1238374015748027
11
5.4999015748031495
21
-4.1240196850393698
0
LINE
8
BLACK
6
CONTINUOUS
10
5.4999015748031495
20
-4.1240196850393698
11
5.4999015748031495
21
-4.138184842519685
0
LINE
8
BLACK
6
CONTINUOUS
10
5.4999015748031495
20
-4.138184842519685
11
5.4999016141732282
21
-4.13818531496063
0
LINE
8
BLACK
6
CONTINUOUS
10
5.4999016141732282
20
-4.13818531496063
11
5.5001585433070863
21
-4.1401372440944879
0
LINE
8
BLACK
6
CONTINUOUS
10
5.5001585433070863
20
-4.1401372440944879
11
5.5001585433070863
21
-4.1401373228346454
0
LINE
8
BLACK
6
CONTINUOUS
10
5.5001585433070863
20
-4.1401373228346454
11
5.5021564566929131
21
-4.1444217716535432
0
LINE
8
BLACK
6
CONTINUOUS
10
5.5021564566929131
20
-4.1444217716535432
11
5.5021564960629918
21
-4.1444218110236219
0
LINE
8
BLACK
6
CONTINUOUS
10
5.5021564960629918
20
-4.1444218110236219
11
5.5021565354330706
21
-4.1444218897637795
0
LINE
8
BLACK
6
CONTINUOUS
10
5.5021565354330706
20
-4.1444218897637795
11
5.5022126377952754
21
-4.1444779921259842
0
LINE
8
BLACK
6
CONTINUOUS
10
5.5022126377952754
20
-4.1444779921259842
11
5.5022575590551179
21
-4.1445661811023617
0
LINE
8
BLACK
6
CONTINUOUS
10
5.5022575590551179
20
-4.1445661811023617
11
5.5023521259842516
21
-4.1447012204724407
0
LINE
8
BLACK
6
CONTINUOUS
10
5.5023521259842516
20
-4.1447012204724407
11
5.5023331102362203
21
-4.1447144881889759
0
LINE
8
BLACK
6
CONTINUOUS
10
5.5023331102362203
20
-4.1447144881889759
11
5.5033061811023618
21
-4.1466242519685039
0
LINE
8
BLACK
6
CONTINUOUS
10
5.5033061811023618
20
-4.1466242519685039
11
5.5029293700787401
21
-4.1490034645669294
0
LINE
8
BLACK
6
CONTINUOUS
10
5.5029293700787401
20
-4.1490034645669294
11
5.5017711023622047
21
-4.1503699606299209
0
LINE
8
BLACK
6
CONTINUOUS
10
5.5017711023622047
20
-4.1503699606299209
11
5.5009197637795273
21
-4.1509982677165356
0
LINE
8
BLACK
6
CONTINUOUS
10
5.5009197637795273
20
-4.1509982677165356
11
5.5009196062992123
21
-4.1509984251968506
0
LINE
8
BLACK
6
CONTINUOUS
10
5.5009196062992123
20
-4.1509984251968506
11
5.4978186614173223
21
-4.155199960629921
0
LINE
8
BLACK
6
CONTINUOUS
10
5.4978186614173223
20
-4.155199960629921
11
5.4960939763779528
21
-4.160128818897638
0
LINE
8
BLACK
6
CONTINUOUS
10
5.4960939763779528
20
-4.160128818897638
11
5.4959842519685038
21
-4.161299173228346
0
LINE
8
BLACK
6
CONTINUOUS
10
5.4959842519685038
20
-4.161299173228346
11
5.4959842519685038
21
-4.1629920866141727
0
LINE
8
BLACK
6
CONTINUOUS
10
5.4959842519685038
20
-4.1629920866141727
11
5.4959842913385826
21
-4.1629921259842515
0
LINE
8
BLACK
6
CONTINUOUS
10
5.4959842913385826
20
-4.1629921259842515
11
5.5078735826771652
21
-4.1629921259842515
0
LINE
8
BLACK
6
CONTINUOUS
10
5.5078735826771652
20
-4.1629921259842515
11
5.5082148425196849
21
-4.1612765354330712
0
LINE
8
BLACK
6
CONTINUOUS
10
5.5082148425196849
20
-4.1612765354330712
11
5.5094096456692911
21
-4.1594883858267719
0
LINE
8
BLACK
6
CONTINUOUS
10
5.5094096456692911
20
-4.1594883858267719
11
5.5111977952755904
21
-4.1582935826771656
0
LINE
8
BLACK
6
CONTINUOUS
10
5.5111977952755904
20
-4.1582935826771656
11
5.5133070866141729
21
-4.1578740157480318
0
LINE
8
BLACK
6
CONTINUOUS
10
5.5133070866141729
20
-4.1578740157480318
11
5.5266929133858262
21
-4.1578740157480318
0
LINE
8
BLACK
6
CONTINUOUS
10
5.5266929133858262
20
-4.1578740157480318
11
5.5288022047244096
21
-4.1582935826771656
0
LINE
8
BLACK
6
CONTINUOUS
10
5.5288022047244096
20
-4.1582935826771656
11
5.5305903543307089
21
-4.1594883858267719
0
LINE
8
BLACK
6
CONTINUOUS
10
5.5305903543307089
20
-4.1594883858267719
11
5.5317851574803152
21
-4.1612765354330712
0
LINE
8
BLACK
6
CONTINUOUS
10
5.5317851574803152
20
-4.1612765354330712
11
5.5321264173228348
21
-4.1629921259842515
0
LINE
8
BLACK
6
CONTINUOUS
10
5.5321264173228348
20
-4.1629921259842515
11
5.5440156692913387
21
-4.1629921259842515
0
LINE
8
BLACK
6
CONTINUOUS
10
5.5440156692913387
20
-4.1629921259842515
11
5.5440157086614175
21
-4.1629920866141727
0
LINE
8
BLACK
6
CONTINUOUS
10
5.5440157086614175
20
-4.1629920866141727
11
5.5440157086614175
21
-4.1612990551181097
0
LINE
8
BLACK
6
CONTINUOUS
10
5.5440157086614175
20
-4.1612990551181097
11
5.5439060236220472
21
-4.1601290551181105
0
LINE
8
BLACK
6
CONTINUOUS
10
5.5439060236220472
20
-4.1601290551181105
11
5.5439059842519685
21
-4.1601288582677167
0
LINE
8
BLACK
6
CONTINUOUS
10
5.5439059842519685
20
-4.1601288582677167
11
5.5421812992125981
21
-4.155199960629921
0
LINE
8
BLACK
6
CONTINUOUS
10
5.5421812992125981
20
-4.155199960629921
11
5.5404090157480317
21
-4.1527986614173225
0
LINE
8
BLACK
6
CONTINUOUS
10
5.5404090157480317
20
-4.1527986614173225
11
5.5396475196850394
21
-4.1505133464566928
0
LINE
8
BLACK
6
CONTINUOUS
10
5.5396475196850394
20
-4.1505133464566928
11
5.5403747244094488
21
-4.1482168503937009
0
LINE
8
BLACK
6
CONTINUOUS
10
5.5403747244094488
20
-4.1482168503937009
11
5.5423128740157477
21
-4.1467863779527558
0
LINE
8
BLACK
6
CONTINUOUS
10
5.5423128740157477
20
-4.1467863779527558
11
5.5425355511811025
21
-4.1467194881889764
0
LINE
8
BLACK
6
CONTINUOUS
10
5.5425355511811025
20
-4.1467194881889764
11
5.5459838582677161
21
-4.1457955511811022
0
LINE
8
BLACK
6
CONTINUOUS
10
5.5459838582677161
20
-4.1457955511811022
11
5.5459839370078736
21
-4.1457954724409447
0
LINE
8
BLACK
6
CONTINUOUS
10
5.5459839370078736
20
-4.1457954724409447
11
5.5459840157480311
21
-4.1457954724409447
0
LINE
8
BLACK
6
CONTINUOUS
10
5.5459840157480311
20
-4.1457954724409447
11
5.5495791338582672
21
-4.1437198031496063
0
LINE
8
BLACK
6
CONTINUOUS
10
5.5495791338582672
20
-4.1437198031496063
11
5.5495791338582672
21
-4.1437197637795276
0
LINE
8
BLACK
6
CONTINUOUS
10
5.5495791338582672
20
-4.1437197637795276
11
5.5495793307086609
21
-4.14371968503937
0
LINE
8
BLACK
6
CONTINUOUS
10
5.5495793307086609
20
-4.14371968503937
11
5.5507644094488189
21
-4.1425345669291334
0
LINE
8
BLACK
6
CONTINUOUS
10
5.5507644094488189
20
-4.1425345669291334
11
5.5529106299212598
21
-4.1414410236220469
0
LINE
8
BLACK
6
CONTINUOUS
10
5.5529106299212598
20
-4.1414410236220469
11
5.5533523622047243
21
-4.1414062204724411
0
LINE
8
BLACK
6
CONTINUOUS
10
5.5533523622047243
20
-4.1414062204724411
11
5.5534526377952753
21
-4.1413929921259838
0
LINE
8
BLACK
6
CONTINUOUS
10
5.5534526377952753
20
-4.1413929921259838
11
5.5534527952755903
21
-4.1413930314960625
0
LINE
8
BLACK
6
CONTINUOUS
10
5.5534527952755903
20
-4.1413930314960625
11
5.5596245275590546
21
-4.1405805118110237
0
LINE
8
BLACK
6
CONTINUOUS
10
5.5596245275590546
20
-4.1405805118110237
11
5.5628587401574805
21
-4.1392408267716538
0
LINE
8
BLACK
6
CONTINUOUS
10
5.5628587401574805
20
-4.1392408267716538
11
5.5652599999999994
21
-4.1390518503937006
0
LINE
8
BLACK
6
CONTINUOUS
10
5.5652599999999994
20
-4.1390518503937006
11
5.5665826377952756
21
-4.1397925196850389
0
LINE
8
BLACK
6
CONTINUOUS
10
5.5665826377952756
20
-4.1397925196850389
11
5.5666472834645671
21
-4.1397020078740159
0
LINE
8
BLACK
6
CONTINUOUS
10
5.5666472834645671
20
-4.1397020078740159
11
5.56691
21
-4.139889566929134
0
LINE
8
BLACK
6
CONTINUOUS
10
5.56691
20
-4.139889566929134
11
5.5669101181102363
21
-4.1398896850393703
0
LINE
8
BLACK
6
CONTINUOUS
10
5.5669101181102363
20
-4.1398896850393703
11
5.5686798425196846
21
-4.1407548425196845
0
LINE
8
BLACK
6
CONTINUOUS
10
5.5686798425196846
20
-4.1407548425196845
11
5.5710474015748028
21
-4.141912283464567
0
LINE
8
BLACK
6
CONTINUOUS
10
5.5710474015748028
20
-4.141912283464567
11
5.5710474409448816
21
-4.141912283464567
0
LINE
8
BLACK
6
CONTINUOUS
10
5.5710474409448816
20
-4.141912283464567
11
5.5710475196850391
21
-4.1419123228346457
0
LINE
8
BLACK
6
CONTINUOUS
10
5.5710475196850391
20
-4.1419123228346457
11
5.5737299212598428
21
-4.142303149606299
0
LINE
8
BLACK
6
CONTINUOUS
10
5.5737299212598428
20
-4.142303149606299
11
5.573730039370079
21
-4.142303149606299
0
LINE
8
BLACK
6
CONTINUOUS
10
5.573730039370079
20
-4.142303149606299
11
5.6167030314960629
21
-4.142303149606299
0
LINE
8
BLACK
6
CONTINUOUS
10
5.6167030314960629
20
-4.142303149606299
11
5.6167031496062991
21
-4.142303149606299
0
LINE
8
BLACK
6
CONTINUOUS
10
5.6167031496062991
20
-4.142303149606299
11
5.6193855511811019
21
-4.1419123228346457
0
LINE
8
BLACK
6
CONTINUOUS
10
5.6193855511811019
20
-4.1419123228346457
11
5.6235229527559056
21
-4.1398896850393703
0
LINE
8
BLACK
6
CONTINUOUS
10
5.6235229527559056
20
-4.1398896850393703
11
5.6267794488188976
21
-4.1366331889763774
0
LINE
8
BLACK
6
CONTINUOUS
10
5.6267794488188976
20
-4.1366331889763774
11
5.628802086614173
21
-4.1324957874015746
0
LINE
8
BLACK
6
CONTINUOUS
10
5.628802086614173
20
-4.1324957874015746
11
5.6291929133858263
21
-4.1298133858267718
0
LINE
8
BLACK
6
CONTINUOUS
10
5.6291929133858263
20
-4.1298133858267718
11
5.6291929133858263
21
-4.1153834645669294
0
LINE
8
BLACK
6
CONTINUOUS
10
5.6291929133858263
20
-4.1153834645669294
11
5.628802086614173
21
-4.1127010629921257
0
LINE
8
BLACK
6
CONTINUOUS
10
5.628802086614173
20
-4.1127010629921257
11
5.6286754330708657
21
-4.1124420078740158
0
LINE
8
BLACK
6
CONTINUOUS
10
5.6286754330708657
20
-4.1124420078740158
11
5.6272410236220471
21
-4.1095078740157476
0
LINE
8
BLACK
6
CONTINUOUS
10
5.6272410236220471
20
-4.1095078740157476
11
5.6267794488188976
21
-4.1085636614173229
0
LINE
8
BLACK
6
CONTINUOUS
10
5.6267794488188976
20
-4.1085636614173229
11
5.6235229527559056
21
-4.1053071653543309
0
LINE
8
BLACK
6
CONTINUOUS
10
5.6235229527559056
20
-4.1053071653543309
11
5.6235228740157481
21
-4.1053071259842522
0
LINE
8
BLACK
6
CONTINUOUS
10
5.6235228740157481
20
-4.1053071259842522
11
5.6235228346456694
21
-4.1053070866141734
0
LINE
8
BLACK
6
CONTINUOUS
10
5.6235228346456694
20
-4.1053070866141734
11
5.6235227559055119
21
-4.1053070472440947
0
LINE
8
BLACK
6
CONTINUOUS
10
5.6235227559055119
20
-4.1053070472440947
11
5.6206777559055121
21
-4.1039161811023623
0
LINE
8
BLACK
6
CONTINUOUS
10
5.6206777559055121
20
-4.1039161811023623
11
5.6189464960629918
21
-4.1022412598425193
0
LINE
8
BLACK
6
CONTINUOUS
10
5.6189464960629918
20
-4.1022412598425193
11
5.6185303937007873
21
-4.099868582677165
0
LINE
8
BLACK
6
CONTINUOUS
10
5.6185303937007873
20
-4.099868582677165
11
5.6195883858267717
21
-4.0977044881889766
0
LINE
8
BLACK
6
CONTINUOUS
10
5.6195883858267717
20
-4.0977044881889766
11
5.6208982677165356
21
-4.0968135826771652
0
LINE
8
BLACK
6
CONTINUOUS
10
5.6208982677165356
20
-4.0968135826771652
11
5.6210307874015744
21
-4.0967587007874018
0
LINE
8
BLACK
6
CONTINUOUS
10
5.6210307874015744
20
-4.0967587007874018
11
5.6259694094488184
21
-4.0929691732283464
0
LINE
8
BLACK
6
CONTINUOUS
10
5.6259694094488184
20
-4.0929691732283464
11
5.626030984251968
21
-4.0928888582677168
0
LINE
8
BLACK
6
CONTINUOUS
10
5.626030984251968
20
-4.0928888582677168
11
5.6260906299212596
21
-4.0928478740157477
0
LINE
8
BLACK
6
CONTINUOUS
10
5.6260906299212596
20
-4.0928478740157477
11
5.6261500393700787
21
-4.0927885039370082
0
LINE
8
BLACK
6
CONTINUOUS
10
5.6261500393700787
20
-4.0927885039370082
11
5.6261610236220472
21
-4.0927994881889767
0
LINE
8
BLACK
6
CONTINUOUS
10
5.6261610236220472
20
-4.0927994881889767
11
5.6280160236220471
21
-4.0915243307086611
0
LINE
8
BLACK
6
CONTINUOUS
10
5.6280160236220471
20
-4.0915243307086611
11
5.6304240551181097
21
-4.091587125984252
0
LINE
8
BLACK
6
CONTINUOUS
10
5.6304240551181097
20
-4.091587125984252
11
5.6307701574803151
21
-4.0917287007874013
0
LINE
8
BLACK
6
CONTINUOUS
10
5.6307701574803151
20
-4.0917287007874013
11
5.634245157480315
21
-4.0933491338582675
0
LINE
8
BLACK
6
CONTINUOUS
10
5.634245157480315
20
-4.0933491338582675
11
5.6361686614173223
21
-4.0936023622047246
0
LINE
8
BLACK
6
CONTINUOUS
10
5.6361686614173223
20
-4.0936023622047246
11
5.6361687007874011
21
-4.0936023622047246
0
LINE
8
BLACK
6
CONTINUOUS
10
5.6361687007874011
20
-4.0936023622047246
11
5.6538312598425193
21
-4.0936023622047246
0
LINE
8
BLACK
6
CONTINUOUS
10
5.6538312598425193
20
-4.0936023622047246
11
5.6538313385826768
21
-4.0936023622047246
0
LINE
8
BLACK
6
CONTINUOUS
10
5.6538313385826768
20
-4.0936023622047246
11
5.6557548425196851
21
-4.0933491338582675
0
LINE
8
BLACK
6
CONTINUOUS
10
5.6557548425196851
20
-4.0933491338582675
11
5.6599765354330707
21
-4.0913805118110238
0
LINE
8
BLACK
6
CONTINUOUS
10
5.6599765354330707
20
-4.0913805118110238
11
5.6632702755905511
21
-4.0880867716535434
0
LINE
8
BLACK
6
CONTINUOUS
10
5.6632702755905511
20
-4.0880867716535434
11
5.6632702755905511
21
-4.0880866535433071
0
LINE
8
BLACK
6
CONTINUOUS
10
5.6632702755905511
20
-4.0880866535433071
11
5.6635113779527559
21
-4.0878456299212598
0
LINE
8
BLACK
6
CONTINUOUS
10
5.6635113779527559
20
-4.0878456299212598
11
5.6635452755905513
21
-4.0878795275590551
0
LINE
8
BLACK
6
CONTINUOUS
10
5.6635452755905513
20
-4.0878795275590551
11
5.6651938976377956
21
-4.0866370078740157
0
LINE
8
BLACK
6
CONTINUOUS
10
5.6651938976377956
20
-4.0866370078740157
11
5.6676024015748032
21
-4.0865948031496062
0
LINE
8
BLACK
6
CONTINUOUS
10
5.6676024015748032
20
-4.0865948031496062
11
5.6695757480314963
21
-4.0879763385826768
0
LINE
8
BLACK
6
CONTINUOUS
10
5.6695757480314963
20
-4.0879763385826768
11
5.6695990944881887
21
-4.0880076771653542
0
LINE
8
BLACK
6
CONTINUOUS
10
5.6695990944881887
20
-4.0880076771653542
11
5.6709194488188972
21
-4.0897966535433072
0
LINE
8
BLACK
6
CONTINUOUS
10
5.6709194488188972
20
-4.0897966535433072
11
5.6709196850393697
21
-4.0897968897637798
0
LINE
8
BLACK
6
CONTINUOUS
10
5.6709196850393697
20
-4.0897968897637798
11
5.6751212204724411
21
-4.0928978346456688
0
LINE
8
BLACK
6
CONTINUOUS
10
5.6751212204724411
20
-4.0928978346456688
11
5.6800500787401571
21
-4.0946225196850392
0
LINE
8
BLACK
6
CONTINUOUS
10
5.6800500787401571
20
-4.0946225196850392
11
5.681220433070866
21
-4.0947322440944882
0
LINE
8
BLACK
6
CONTINUOUS
10
5.681220433070866
20
-4.0947322440944882
11
5.6840944488188976
21
-4.0947322047244095
0
LINE
8
BLACK
6
CONTINUOUS
10
5.6840944488188976
20
-4.0947322047244095
11
5.6840944881889763
21
-4.0947322047244095
0
LINE
8
BLACK
6
CONTINUOUS
10
5.6840944881889763
20
-4.0947322047244095
11
5.6840944881889763
21
-4.0829212598425197
0
LINE
8
BLACK
6
CONTINUOUS
10
5.6840944881889763
20
-4.0829212598425197
11
5.6833070866141728
21
-4.0829212598425197
0
LINE
8
BLACK
6
CONTINUOUS
10
5.6833070866141728
20
-4.0829212598425197
11
5.6811977952755903
21
-4.0825016929133859
0
LINE
8
BLACK
6
CONTINUOUS
10
5.6811977952755903
20
-4.0825016929133859
11
5.6794096456692911
21
-4.0813068897637796
0
LINE
8
BLACK
6
CONTINUOUS
10
5.6794096456692911
20
-4.0813068897637796
11
5.6782148425196848
21
-4.0795187401574804
0
LINE
8
BLACK
6
CONTINUOUS
10
5.6782148425196848
20
-4.0795187401574804
11
5.677795275590551
21
-4.0774094488188979
0
LINE
8
BLACK
6
CONTINUOUS
10
5.677795275590551
20
-4.0774094488188979
11
5.677795275590551
21
-4.0663858267716533
0
LINE
8
BLACK
6
CONTINUOUS
10
5.677795275590551
20
-4.0663858267716533
11
5.6782148425196848
21
-4.0642765354330708
0
LINE
8
BLACK
6
CONTINUOUS
10
5.6782148425196848
20
-4.0642765354330708
11
5.6794096456692911
21
-4.0624883858267715
0
LINE
8
BLACK
6
CONTINUOUS
10
5.6794096456692911
20
-4.0624883858267715
11
5.6811977952755903
21
-4.0612935826771652
0
LINE
8
BLACK
6
CONTINUOUS
10
5.6811977952755903
20
-4.0612935826771652
11
5.6833070866141728
21
-4.0608740157480314
0
LINE
8
BLACK
6
CONTINUOUS
10
5.6833070866141728
20
-4.0608740157480314
11
5.6966929133858271
21
-4.0608740157480314
0
LINE
8
BLACK
6
CONTINUOUS
10
5.6966929133858271
20
-4.0608740157480314
11
5.6988022047244096
21
-4.0612935826771652
0
LINE
8
BLACK
6
CONTINUOUS
10
5.6988022047244096
20
-4.0612935826771652
11
5.7005903543307088
21
-4.0624883858267715
0
LINE
8
BLACK
6
CONTINUOUS
10
5.7005903543307088
20
-4.0624883858267715
11
5.7017851574803151
21
-4.0642765354330708
0
LINE
8
BLACK
6
CONTINUOUS
10
5.7017851574803151
20
-4.0642765354330708
11
5.7021264173228348
21
-4.065992125984252
0
LINE
8
BLACK
6
CONTINUOUS
10
5.7021264173228348
20
-4.065992125984252
11
5.7140156692913386
21
-4.065992125984252
0
LINE
8
BLACK
6
CONTINUOUS
10
5.7140156692913386
20
-4.065992125984252
11
5.7140157086614174
21
-4.0659920866141732
0
LINE
8
BLACK
6
CONTINUOUS
10
5.7140157086614174
20
-4.0659920866141732
11
5.7140157086614174
21
-4.0642990551181102
0
LINE
8
BLACK
6
CONTINUOUS
10
5.7140157086614174
20
-4.0642990551181102
11
5.7139060236220471
21
-4.0631290551181101
0
LINE
8
BLACK
6
CONTINUOUS
10
5.7139060236220471
20
-4.0631290551181101
11
5.7139059842519684
21
-4.0631288582677163
0
LINE
8
BLACK
6
CONTINUOUS
10
5.7139059842519684
20
-4.0631288582677163
11
5.712181299212598
21
-4.0581999606299215
0
LINE
8
BLACK
6
CONTINUOUS
10
5.712181299212598
20
-4.0581999606299215
11
5.7090803543307089
21
-4.0539984251968502
0
LINE
8
BLACK
6
CONTINUOUS
10
5.7090803543307089
20
-4.0539984251968502
11
5.7090802755905514
21
-4.0539983464566927
0
LINE
8
BLACK
6
CONTINUOUS
10
5.7090802755905514
20
-4.0539983464566927
11
5.7082288976377953
21
-4.0533700000000001
0
LINE
8
BLACK
6
CONTINUOUS
10
5.7082288976377953
20
-4.0533700000000001
11
5.7068276377952758
21
-4.0514106299212598
0
LINE
8
BLACK
6
CONTINUOUS
10
5.7068276377952758
20
-4.0514106299212598
11
5.7068456692913383
21
-4.0490018110236221
0
LINE
8
BLACK
6
CONTINUOUS
10
5.7068456692913383
20
-4.0490018110236221
11
5.7076489763779525
21
-4.0477019685039366
0
LINE
8
BLACK
6
CONTINUOUS
10
5.7076489763779525
20
-4.0477019685039366
11
5.7076478740157475
21
-4.0477012204724412
0
LINE
8
BLACK
6
CONTINUOUS
10
5.7076478740157475
20
-4.0477012204724412
11
5.7076612992125986
21
-4.0476819685039374
0
LINE
8
BLACK
6
CONTINUOUS
10
5.7076612992125986
20
-4.0476819685039374
11
5.7077874803149609
21
-4.0474778346456688
0
LINE
8
BLACK
6
CONTINUOUS
10
5.7077874803149609
20
-4.0474778346456688
11
5.7078434645669294
21
-4.047421889763779
0
LINE
8
BLACK
6
CONTINUOUS
10
5.7078434645669294
20
-4.047421889763779
11
5.7098414173228349
21
-4.0431372834645671
0
LINE
8
BLACK
6
CONTINUOUS
10
5.7098414173228349
20
-4.0431372834645671
11
5.7100984251968505
21
-4.0411850787401571
0
LINE
8
BLACK
6
CONTINUOUS
10
5.7100984251968505
20
-4.0411850787401571
11
5.7100983858267718
21
-4.0270196850393702
0
LINE
8
BLACK
6
CONTINUOUS
10
5.7100983858267718
20
-4.0270196850393702
11
5.7098414173228349
21
-4.0250674409448814
0
LINE
8
BLACK
6
CONTINUOUS
10
5.7098414173228349
20
-4.0250674409448814
11
5.7098414173228349
21
-4.0250673622047239
0
LINE
8
BLACK
6
CONTINUOUS
10
5.7098414173228349
20
-4.0250673622047239
11
5.7095529921259844
21
-4.024448858267716
0
LINE
8
BLACK
6
CONTINUOUS
10
5.7095529921259844
20
-4.024448858267716
11
5.7078435039370081
21
-4.0207829133858271
0
LINE
8
BLACK
6
CONTINUOUS
10
5.7078435039370081
20
-4.0207829133858271
11
5.7078434645669294
21
-4.0207828740157483
0
LINE
8
BLACK
6
CONTINUOUS
10
5.7078434645669294
20
-4.0207828740157483
11
5.7078434645669294
21
-4.0207828346456695
0
LINE
8
BLACK
6
CONTINUOUS
10
5.7078434645669294
20
-4.0207828346456695
11
5.7045863779527561
21
-4.0175257480314963
0
LINE
8
BLACK
6
CONTINUOUS
10
5.7045863779527561
20
-4.0175257480314963
11
5.7034928740157476
21
-4.0153795275590554
0
LINE
8
BLACK
6
CONTINUOUS
10
5.7034928740157476
20
-4.0153795275590554
11
5.7034448818897641
21
-4.0147698031496066
0
LINE
8
BLACK
6
CONTINUOUS
10
5.7034448818897641
20
-4.0147698031496066
11
5.7034448818897641
21
-4.0030511811023617
0
LINE
8
BLACK
6
CONTINUOUS
10
5.7034448818897641
20
-4.0030511811023617
11
5.7041892519685042
21
-4.0007601968503934
0
LINE
8
BLACK
6
CONTINUOUS
10
5.7041892519685042
20
-4.0007601968503934
11
5.7061380708661416
21
-3.9993442913385824
0
LINE
8
BLACK
6
CONTINUOUS
10
5.7061380708661416
20
-3.9993442913385824
11
5.7073425196850396
21
-3.9991535433070866
0
LINE
8
BLACK
6
CONTINUOUS
10
5.7073425196850396
20
-3.9991535433070866
11
5.7120766535433072
21
-3.9991535433070866
0
LINE
8
BLACK
6
CONTINUOUS
10
5.7120766535433072
20
-3.9991535433070866
11
5.7120766929133859
21
-3.9991535433070866
0
LINE
8
BLACK
6
CONTINUOUS
10
5.7120766929133859
20
-3.9991535433070866
11
5.7143791732283464
21
-3.9986955511811022
0
LINE
8
BLACK
6
CONTINUOUS
10
5.7143791732283464
20
-3.9986955511811022
11
5.7169902362204725
21
-3.9969508661417321
0
LINE
8
BLACK
6
CONTINUOUS
10
5.7169902362204725
20
-3.9969508661417321
11
5.7187349212598422
21
-3.994339803149606
0
LINE
8
BLACK
6
CONTINUOUS
10
5.7187349212598422
20
-3.994339803149606
11
5.7188168110236219
21
-3.993928031496063
0
LINE
8
BLACK
6
CONTINUOUS
10
5.7188168110236219
20
-3.993928031496063
11
5.7199938188976374
21
-3.9918264173228346
0
LINE
8
BLACK
6
CONTINUOUS
10
5.7199938188976374
20
-3.9918264173228346
11
5.7221814173228349
21
-3.9908179133858268
0
LINE
8
BLACK
6
CONTINUOUS
10
5.7221814173228349
20
-3.9908179133858268
11
5.7241311023622048
21
-3.9910875984251968
0
LINE
8
BLACK
6
CONTINUOUS
10
5.7241311023622048
20
-3.9910875984251968
11
5.7288282677165352
21
-3.9930332283464565
0
LINE
8
BLACK
6
CONTINUOUS
10
5.7288282677165352
20
-3.9930332283464565
11
5.7349999999999994
21
-3.9938457480314962
0
LINE
8
BLACK
6
CONTINUOUS
10
5.7349999999999994
20
-3.9938457480314962
11
5.7363773228346453
21
-3.9936644094488187
0
LINE
8
BLACK
6
CONTINUOUS
10
5.7363773228346453
20
-3.9936644094488187
11
5.7387458661417323
21
-3.9941033858267714
0
LINE
8
BLACK
6
CONTINUOUS
10
5.7387458661417323
20
-3.9941033858267714
11
5.7404040551181099
21
-3.9958507086614174
0
LINE
8
BLACK
6
CONTINUOUS
10
5.7404040551181099
20
-3.9958507086614174
11
5.7407184645669291
21
-3.9982389763779524
0
LINE
8
BLACK
6
CONTINUOUS
10
5.7407184645669291
20
-3.9982389763779524
11
5.7400221259842521
21
-3.9998431889763779
0
LINE
8
BLACK
6
CONTINUOUS
10
5.7400221259842521
20
-3.9998431889763779
11
5.7367580708661414
21
-4.0042657480314956
0
LINE
8
BLACK
6
CONTINUOUS
10
5.7367580708661414
20
-4.0042657480314956
11
5.7349940944881892
21
-4.0093070078740158
0
LINE
8
BLACK
6
CONTINUOUS
10
5.7349940944881892
20
-4.0093070078740158
11
5.7348818897637797
21
-4.0105034645669289
0
LINE
8
BLACK
6
CONTINUOUS
10
5.7348818897637797
20
-4.0105034645669289
11
5.7348818897637797
21
-4.0126377559055113
0
LINE
8
BLACK
6
CONTINUOUS
10
5.7348818897637797
20
-4.0126377559055113
11
5.7348819291338584
21
-4.0126377952755901
0
LINE
8
BLACK
6
CONTINUOUS
10
5.7348819291338584
20
-4.0126377952755901
11
5.7466929133858269
21
-4.0126377952755901
0
LINE
8
BLACK
6
CONTINUOUS
10
5.7466929133858269
20
-4.0126377952755901
11
5.7471424409448817
21
-4.0103778346456691
0
LINE
8
BLACK
6
CONTINUOUS
10
5.7471424409448817
20
-4.0103778346456691
11
5.7484225984251971
21
-4.0084619685039371
0
LINE
8
BLACK
6
CONTINUOUS
10
5.7484225984251971
20
-4.0084619685039371
11
5.7503384645669291
21
-4.0071818110236217
0
LINE
8
BLACK
6
CONTINUOUS
10
5.7503384645669291
20
-4.0071818110236217
11
5.7525984251968501
21
-4.0067322834645669
0
LINE
8
BLACK
6
CONTINUOUS
10
5.7525984251968501
20
-4.0067322834645669
11
5.8077165354330704
21
-4.0067322834645669
0
LINE
8
BLACK
6
CONTINUOUS
10
5.8077165354330704
20
-4.0067322834645669
11
5.8099764960629923
21
-4.0071818110236217
0
LINE
8
BLACK
6
CONTINUOUS
10
5.8099764960629923
20
-4.0071818110236217
11
5.8118923622047243
21
-4.0084619685039371
0
LINE
8
BLACK
6
CONTINUOUS
10
5.8118923622047243
20
-4.0084619685039371
11
5.8131725196850397
21
-4.0103778346456691
0
LINE
8
BLACK
6
CONTINUOUS
10
5.8131725196850397
20
-4.0103778346456691
11
5.8136220472440945
21
-4.0126377952755901
0
LINE
8
BLACK
6
CONTINUOUS
10
5.8136220472440945
20
-4.0126377952755901
11
5.8254329921259842
21
-4.0126377952755901
0
LINE
8
BLACK
6
CONTINUOUS
10
5.8254329921259842
20
-4.0126377952755901
11
5.825433031496063
21
-4.0126377559055113
0
LINE
8
BLACK
6
CONTINUOUS
10
5.825433031496063
20
-4.0126377559055113
11
5.825433031496063
21
-4.0105037795275589
0
LINE
8
BLACK
6
CONTINUOUS
10
5.825433031496063
20
-4.0105037795275589
11
5.8253208267716534
21
-4.0093070472440946
0
LINE
8
BLACK
6
CONTINUOUS
10
5.8253208267716534
20
-4.0093070472440946
11
5.8253208267716534
21
-4.0093069685039371
0
LINE
8
BLACK
6
CONTINUOUS
10
5.8253208267716534
20
-4.0093069685039371
11
5.8235568897637791
21
-4.0042658267716531
0
LINE
8
BLACK
6
CONTINUOUS
10
5.8235568897637791
20
-4.0042658267716531
11
5.8203855118110237
21
-3.9999688582677164
0
LINE
8
BLACK
6
CONTINUOUS
10
5.8203855118110237
20
-3.9999688582677164
11
5.8203854330708662
21
-3.9999687795275589
0
LINE
8
BLACK
6
CONTINUOUS
10
5.8203854330708662
20
-3.9999687795275589
11
5.8160883858267711
21
-3.9967973622047244
0
LINE
8
BLACK
6
CONTINUOUS
10
5.8160883858267711
20
-3.9967973622047244
11
5.812623818897638
21
-3.9955850787401572
0
LINE
8
BLACK
6
CONTINUOUS
10
5.812623818897638
20
-3.9955850787401572
11
5.8107072834645672
21
-3.9941258267716533
0
LINE
8
BLACK
6
CONTINUOUS
10
5.8107072834645672
20
-3.9941258267716533
11
5.8100144881889761
21
-3.9918187401574801
0
LINE
8
BLACK
6
CONTINUOUS
10
5.8100144881889761
20
-3.9918187401574801
11
5.8108100787401575
21
-3.9895450393700784
0
LINE
8
BLACK
6
CONTINUOUS
10
5.8108100787401575
20
-3.9895450393700784
11
5.8121992125984248
21
-3.9884046456692914
0
LINE
8
BLACK
6
CONTINUOUS
10
5.8121992125984248
20
-3.9884046456692914
11
5.8158457874015745
21
-3.986621968503937
0
LINE
8
BLACK
6
CONTINUOUS
10
5.8158457874015745
20
-3.986621968503937
11
5.8191022834645665
21
-3.9833654724409446
0
LINE
8
BLACK
6
CONTINUOUS
10
5.8191022834645665
20
-3.9833654724409446
11
5.8211249212598428
21
-3.9792280708661418
0
LINE
8
BLACK
6
CONTINUOUS
10
5.8211249212598428
20
-3.9792280708661418
11
5.8215157480314961
21
-3.9765456692913386
0
LINE
8
BLACK
6
CONTINUOUS
10
5.8215157480314961
20
-3.9765456692913386
11
5.8215157480314961
21
-3.9621157480314961
0
LINE
8
BLACK
6
CONTINUOUS
10
5.8215157480314961
20
-3.9621157480314961
11
5.8211249212598428
21
-3.9594333464566929
0
LINE
8
BLACK
6
CONTINUOUS
10
5.8211249212598428
20
-3.9594333464566929
11
5.8206705511811023
21
-3.9585039370078738
0
LINE
8
BLACK
6
CONTINUOUS
10
5.8206705511811023
20
-3.9585039370078738
11
5.8195256299212597
21
-3.9561619291338581
0
LINE
8
BLACK
6
CONTINUOUS
10
5.8195256299212597
20
-3.9561619291338581
11
5.8191022834645665
21
-3.9552959448818896
0
LINE
8
BLACK
6
CONTINUOUS
10
5.8191022834645665
20
-3.9552959448818896
11
5.8158457874015745
21
-3.9520394488188977
0
LINE
8
BLACK
6
CONTINUOUS
10
5.8158457874015745
20
-3.9520394488188977
11
5.8155202755905506
21
-3.9518803149606296
0
LINE
8
BLACK
6
CONTINUOUS
10
5.8155202755905506
20
-3.9518803149606296
11
5.8117084645669292
21
-3.9500168110236218
0
LINE
8
BLACK
6
CONTINUOUS
10
5.8117084645669292
20
-3.9500168110236218
11
5.8106353937007871
21
-3.9498604724409447
0
LINE
8
BLACK
6
CONTINUOUS
10
5.8106353937007871
20
-3.9498604724409447
11
5.809025984251968
21
-3.9496259842519685
0
LINE
8
BLACK
6
CONTINUOUS
10
5.809025984251968
20
-3.9496259842519685
11
5.7512889763779524
21
-3.9496259842519685
0
LINE
8
BLACK
6
CONTINUOUS
10
5.7512889763779524
20
-3.9496259842519685
11
5.7500477952755906
21
-3.9498068110236217
0
LINE
8
BLACK
6
CONTINUOUS
10
5.7500477952755906
20
-3.9498068110236217
11
5.749524724409449
21
-3.9498830314960629
0
LINE
8
BLACK
6
CONTINUOUS
10
5.749524724409449
20
-3.9498830314960629
11
5.7471503543307083
21
-3.9494766929133855
0
LINE
8
BLACK
6
CONTINUOUS
10
5.7471503543307083
20
-3.9494766929133855
11
5.7470140157480314
21
-3.9494015748031495
0
LINE
8
BLACK
6
CONTINUOUS
10
5.7470140157480314
20
-3.9494015748031495
11
5.7469228346456696
21
-3.949348937007874
0
LINE
8
BLACK
6
CONTINUOUS
10
5.7469228346456696
20
-3.949348937007874
11
5.7411718897637796
21
-3.9469668110236218
0
LINE
8
BLACK
6
CONTINUOUS
10
5.7411718897637796
20
-3.9469668110236218
11
5.7411715748031495
21
-3.9469667322834643
0
LINE
8
BLACK
6
CONTINUOUS
10
5.7411715748031495
20
-3.9469667322834643
11
5.7350000393700782
21
-3.9461542519685038
0
LINE
8
BLACK
6
CONTINUOUS
10
5.7350000393700782
20
-3.9461542519685038
11
5.7349999606299216
21
-3.9461542519685038
0
LINE
8
BLACK
6
CONTINUOUS
10
5.7349999606299216
20
-3.9461542519685038
11
5.7288283858267715
21
-3.9469667322834643
0
LINE
8
BLACK
6
CONTINUOUS
10
5.7288283858267715
20
-3.9469667322834643
11
5.7288280314960627
21
-3.9469668110236218
0
LINE
8
BLACK
6
CONTINUOUS
10
5.7288280314960627
20
-3.9469668110236218
11
5.7238583070866138
21
-3.9490253543307086
0
LINE
8
BLACK
6
CONTINUOUS
10
5.7238583070866138
20
-3.9490253543307086
11
5.7214568503937002
21
-3.9492143307086613
0
LINE
8
BLACK
6
CONTINUOUS
10
5.7214568503937002
20
-3.9492143307086613
11
5.7194029527559058
21
-3.9479557086614174
0
LINE
8
BLACK
6
CONTINUOUS
10
5.7194029527559058
20
-3.9479557086614174
11
5.7187657874015745
21
-3.946915905511811
0
LINE
8
BLACK
6
CONTINUOUS
10
5.7187657874015745
20
-3.946915905511811
11
5.7187349212598422
21
-3.9468414566929133
0
LINE
8
BLACK
6
CONTINUOUS
10
5.7187349212598422
20
-3.9468414566929133
11
5.7187349212598422
21
-3.9468412992125983
0
LINE
8
BLACK
6
CONTINUOUS
10
5.7187349212598422
20
-3.9468412992125983
11
5.7187348031496059
21
-3.9468411417322833
0
LINE
8
BLACK
6
CONTINUOUS
10
5.7187348031496059
20
-3.9468411417322833
11
5.7185899999999998
21
-3.946491496062992
0
LINE
8
BLACK
6
CONTINUOUS
10
5.7185899999999998
20
-3.946491496062992
11
5.7184010629921262
21
-3.9440900393700788
0
LINE
8
BLACK
6
CONTINUOUS
10
5.7184010629921262
20
-3.9440900393700788
11
5.7185900393700786
21
-3.9435083858267714
0
LINE
8
BLACK
6
CONTINUOUS
10
5.7185900393700786
20
-3.9435083858267714
11
5.7187347637795272
21
-3.9431588976377951
0
LINE
8
BLACK
6
CONTINUOUS
10
5.7187347637795272
20
-3.9431588976377951
11
5.7187349212598422
21
-3.9431587007874014
0
LINE
8
BLACK
6
CONTINUOUS
10
5.7187349212598422
20
-3.9431587007874014
11
5.719192913385827
21
-3.9408562204724409
0
LINE
8
BLACK
6
CONTINUOUS
10
5.719192913385827
20
-3.9408562204724409
11
5.719192913385827
21
-3.9235532283464565
0
LINE
8
BLACK
6
CONTINUOUS
10
5.719192913385827
20
-3.9235532283464565
11
5.7187349212598422
21
-3.921250748031496
0
LINE
8
BLACK
6
CONTINUOUS
10
5.7187349212598422
20
-3.921250748031496
11
5.7187348031496059
21
-3.921250590551181
0
LINE
8
BLACK
6
CONTINUOUS
10
5.7187348031496059
20
-3.921250590551181
11
5.7185900393700786
21
-3.9209010629921259
0
LINE
8
BLACK
6
CONTINUOUS
10
5.7185900393700786
20
-3.9209010629921259
11
5.7184010236220475
21
-3.9184996062992123
0
LINE
8
BLACK
6
CONTINUOUS
10
5.7184010236220475
20
-3.9184996062992123
11
5.7185900393700786
21
-3.9179178346456691
0
LINE
8
BLACK
6
CONTINUOUS
10
5.7185900393700786
20
-3.9179178346456691
11
5.7187347637795272
21
-3.9175683464566928
0
LINE
8
BLACK
6
CONTINUOUS
10
5.7187347637795272
20
-3.9175683464566928
11
5.7187349212598422
21
-3.9175681496062991
0
LINE
8
BLACK
6
CONTINUOUS
10
5.7187349212598422
20
-3.9175681496062991
11
5.719192913385827
21
-3.9152656692913386
0
LINE
8
BLACK
6
CONTINUOUS
10
5.719192913385827
20
-3.9152656692913386
11
5.719192913385827
21
-3.8979626771653542
0
LINE
8
BLACK
6
CONTINUOUS
10
5.719192913385827
20
-3.8979626771653542
11
5.719136535433071
21
-3.8976793307086615
0
LINE
8
BLACK
6
CONTINUOUS
10
5.719136535433071
20
-3.8976793307086615
11
5.7189011811023622
21
-3.8964960629921257
0
LINE
8
BLACK
6
CONTINUOUS
10
5.7189011811023622
20
-3.8964960629921257
11
5.7187349212598422
21
-3.8956601968503937
0
LINE
8
BLACK
6
CONTINUOUS
10
5.7187349212598422
20
-3.8956601968503937
11
5.7169902362204725
21
-3.8930491338582676
0
LINE
8
BLACK
6
CONTINUOUS
10
5.7169902362204725
20
-3.8930491338582676
11
5.7169900787401575
21
-3.8930490157480313
0
LINE
8
BLACK
6
CONTINUOUS
10
5.7169900787401575
20
-3.8930490157480313
11
5.7143792519685039
21
-3.8913044881889762
0
LINE
8
BLACK
6
CONTINUOUS
10
5.7143792519685039
20
-3.8913044881889762
11
5.7143791732283464
21
-3.8913044488188975
0
LINE
8
BLACK
6
CONTINUOUS
10
5.7143791732283464
20
-3.8913044488188975
11
5.7143790551181102
21
-3.8913044094488187
0
LINE
8
BLACK
6
CONTINUOUS
10
5.7143790551181102
20
-3.8913044094488187
11
5.7143790157480314
21
-3.8913044094488187
0
LINE
8
BLACK
6
CONTINUOUS
10
5.7143790157480314
20
-3.8913044094488187
11
5.7120770866141735
21
-3.8908464960629918
0
LINE
8
BLACK
6
CONTINUOUS
10
5.7120770866141735
20
-3.8908464960629918
11
5.7120766929133859
21
-3.8908464566929135
0
LINE
8
BLACK
6
CONTINUOUS
10
5.7120766929133859
20
-3.8908464566929135
11
5.6672146456692909
21
-3.8908464566929135
0
LINE
8
BLACK
6
CONTINUOUS
10
5.6672146456692909
20
-3.8908464566929135
11
5.6672146062992121
21
-3.8908464566929135
0
LINE
8
BLACK
6
CONTINUOUS
10
5.6672146062992121
20
-3.8908464566929135
11
5.6672142125984255
21
-3.8908464960629918
0
LINE
8
BLACK
6
CONTINUOUS
10
5.6672142125984255
20
-3.8908464960629918
11
5.6649122834645667
21
-3.8913044094488187
0
LINE
8
BLACK
6
CONTINUOUS
10
5.6649122834645667
20
-3.8913044094488187
11
5.6649120472440941
21
-3.8913044881889762
0
LINE
8
BLACK
6
CONTINUOUS
10
5.6649120472440941
20
-3.8913044881889762
11
5.6623012204724406
21
-3.8930490157480313
0
LINE
8
BLACK
6
CONTINUOUS
10
5.6623012204724406
20
-3.8930490157480313
11
5.662300984251968
21
-3.8930492519685038
0
LINE
8
BLACK
6
CONTINUOUS
10
5.662300984251968
20
-3.8930492519685038
11
5.6605564566929134
21
-3.8956600787401574
0
LINE
8
BLACK
6
CONTINUOUS
10
5.6605564566929134
20
-3.8956600787401574
11
5.6605563779527559
21
-3.8956603149606299
0
LINE
8
BLACK
6
CONTINUOUS
10
5.6605563779527559
20
-3.8956603149606299
11
5.6600984645669294
21
-3.8979622440944879
0
LINE
8
BLACK
6
CONTINUOUS
10
5.6600984645669294
20
-3.8979622440944879
11
5.6600984251968507
21
-3.8979627165354329
0
LINE
8
BLACK
6
CONTINUOUS
10
5.6600984251968507
20
-3.8979627165354329
11
5.6600984251968507
21
-3.9061736220472438
0
LINE
8
BLACK
6
CONTINUOUS
10
5.6600984251968507
20
-3.9061736220472438
11
5.6593540551181105
21
-3.9084646062992126
0
LINE
8
BLACK
6
CONTINUOUS
10
5.6593540551181105
20
-3.9084646062992126
11
5.6574052362204723
21
-3.9098805118110236
0
LINE
8
BLACK
6
CONTINUOUS
10
5.6574052362204723
20
-3.9098805118110236
11
5.6549963385826771
21
-3.9098805118110236
0
LINE
8
BLACK
6
CONTINUOUS
10
5.6549963385826771
20
-3.9098805118110236
11
5.6534447244094483
21
-3.9089296850393698
0
LINE
8
BLACK
6
CONTINUOUS
10
5.6534447244094483
20
-3.9089296850393698
11
5.6500195275590546
21
-3.9055044881889764
0
LINE
8
BLACK
6
CONTINUOUS
10
5.6500195275590546
20
-3.9055044881889764
11
5.6489259448818894
21
-3.9033581496062992
0
LINE
8
BLACK
6
CONTINUOUS
10
5.6489259448818894
20
-3.9033581496062992
11
5.648877952755905
21
-3.9027484251968505
0
LINE
8
BLACK
6
CONTINUOUS
10
5.648877952755905
20
-3.9027484251968505
11
5.648877952755905
21
-3.8650935433070863
0
LINE
8
BLACK
6
CONTINUOUS
10
5.648877952755905
20
-3.8650935433070863
11
5.6496223228346452
21
-3.862802559055118
0
LINE
8
BLACK
6
CONTINUOUS
10
5.6496223228346452
20
-3.862802559055118
11
5.6500192913385829
21
-3.8623377165354329
0
LINE
8
BLACK
6
CONTINUOUS
10
5.6500192913385829
20
-3.8623377165354329
11
5.6513805118110234
21
-3.8609765354330707
0
LINE
8
BLACK
6
CONTINUOUS
10
5.6513805118110234
20
-3.8609765354330707
11
5.653349133858268
21
-3.8567548425196851
0
LINE
8
BLACK
6
CONTINUOUS
10
5.653349133858268
20
-3.8567548425196851
11
5.6536023622047242
21
-3.8548313385826769
0
LINE
8
BLACK
6
CONTINUOUS
10
5.6536023622047242
20
-3.8548313385826769
11
5.6536023622047242
21
-3.8371686614173228
0
LINE
8
BLACK
6
CONTINUOUS
10
5.6536023622047242
20
-3.8371686614173228
11
5.653349133858268
21
-3.835245157480315
0
LINE
8
BLACK
6
CONTINUOUS
10
5.653349133858268
20
-3.835245157480315
11
5.6533194881889761
21
-3.8351816141732282
0
LINE
8
BLACK
6
CONTINUOUS
10
5.6533194881889761
20
-3.8351816141732282
11
5.6513805511811022
21
-3.8310235433070865
0
LINE
8
BLACK
6
CONTINUOUS
10
5.6513805511811022
20
-3.8310235433070865
11
5.6513805118110234
21
-3.8310235039370077
0
LINE
8
BLACK
6
CONTINUOUS
10
5.6513805118110234
20
-3.8310235039370077
11
5.6513805118110234
21
-3.831023464566929
0
LINE
8
BLACK
6
CONTINUOUS
10
5.6513805118110234
20
-3.831023464566929
11
5.648086771653543
21
-3.8277297244094486
0
LINE
8
BLACK
6
CONTINUOUS
10
5.648086771653543
20
-3.8277297244094486
11
5.6480866929133855
21
-3.8277296850393698
0
LINE
8
BLACK
6
CONTINUOUS
10
5.6480866929133855
20
-3.8277296850393698
11
5.6480866535433067
21
-3.8277296456692911
0
LINE
8
BLACK
6
CONTINUOUS
10
5.6480866535433067
20
-3.8277296456692911
11
5.6438651574803149
21
-3.8257611023622045
0
LINE
8
BLACK
6
CONTINUOUS
10
5.6438651574803149
20
-3.8257611023622045
11
5.6425827165354328
21
-3.8255922834645668
0
LINE
8
BLACK
6
CONTINUOUS
10
5.6425827165354328
20
-3.8255922834645668
11
5.6419415748031492
21
-3.8255078740157478
0
LINE
8
BLACK
6
CONTINUOUS
10
5.6419415748031492
20
-3.8255078740157478
11
5.6282159055118113
21
-3.8255078740157478
0
LINE
8
BLACK
6
CONTINUOUS
10
5.6282159055118113
20
-3.8255078740157478
11
5.6275747244094489
21
-3.8255922834645668
0
LINE
8
BLACK
6
CONTINUOUS
10
5.6275747244094489
20
-3.8255922834645668
11
5.6262923228346455
21
-3.8257611023622045
0
LINE
8
BLACK
6
CONTINUOUS
10
5.6262923228346455
20
-3.8257611023622045
11
5.6262922834645668
21
-3.8257611023622045
0
LINE
8
BLACK
6
CONTINUOUS
10
5.6262922834645668
20
-3.8257611023622045
11
5.622070787401575
21
-3.8277296456692911
0
LINE
8
BLACK
6
CONTINUOUS
10
5.622070787401575
20
-3.8277296456692911
11
5.6187768897637795
21
-3.8310235433070865
0
LINE
8
BLACK
6
CONTINUOUS
10
5.6187768897637795
20
-3.8310235433070865
11
5.6185324409448816
21
-3.8315478346456691
0
LINE
8
BLACK
6
CONTINUOUS
10
5.6185324409448816
20
-3.8315478346456691
11
5.6168895669291334
21
-3.8333095669291337
0
LINE
8
BLACK
6
CONTINUOUS
10
5.6168895669291334
20
-3.8333095669291337
11
5.6145249606299208
21
-3.8337691732283465
0
LINE
8
BLACK
6
CONTINUOUS
10
5.6145249606299208
20
-3.8337691732283465
11
5.6123418110236223
21
-3.8327511023622045
0
LINE
8
BLACK
6
CONTINUOUS
10
5.6123418110236223
20
-3.8327511023622045
11
5.611467559055118
21
-3.8315478346456691
0
LINE
8
BLACK
6
CONTINUOUS
10
5.611467559055118
20
-3.8315478346456691
11
5.6112230708661412
21
-3.8310235433070865
0
LINE
8
BLACK
6
CONTINUOUS
10
5.6112230708661412
20
-3.8310235433070865
11
5.6112230314960625
21
-3.8310235039370077
0
LINE
8
BLACK
6
CONTINUOUS
10
5.6112230314960625
20
-3.8310235039370077
11
5.6112230314960625
21
-3.831023464566929
0
LINE
8
BLACK
6
CONTINUOUS
10
5.6112230314960625
20
-3.831023464566929
11
5.607929291338583
21
-3.8277297244094486
0
LINE
8
BLACK
6
CONTINUOUS
10
5.607929291338583
20
-3.8277297244094486
11
5.6079292125984255
21
-3.8277296850393698
0
LINE
8
BLACK
6
CONTINUOUS
10
5.6079292125984255
20
-3.8277296850393698
11
5.6079291732283467
21
-3.8277296456692911
0
LINE
8
BLACK
6
CONTINUOUS
10
5.6079291732283467
20
-3.8277296456692911
11
5.603707677165354
21
-3.8257611023622045
0
LINE
8
BLACK
6
CONTINUOUS
10
5.603707677165354
20
-3.8257611023622045
11
5.6024252362204727
21
-3.8255922834645668
0
LINE
8
BLACK
6
CONTINUOUS
10
5.6024252362204727
20
-3.8255922834645668
11
5.6017840944881891
21
-3.8255078740157478
0
LINE
8
BLACK
6
CONTINUOUS
10
5.6017840944881891
20
-3.8255078740157478
11
5.5880584251968504
21
-3.8255078740157478
0
LINE
8
BLACK
6
CONTINUOUS
10
5.5880584251968504
20
-3.8255078740157478
11
5.587417244094488
21
-3.8255922834645668
0
LINE
8
BLACK
6
CONTINUOUS
10
5.587417244094488
20
-3.8255922834645668
11
5.5861348425196846
21
-3.8257611023622045
0
LINE
8
BLACK
6
CONTINUOUS
10
5.5861348425196846
20
-3.8257611023622045
11
5.5861348031496059
21
-3.8257611023622045
0
LINE
8
BLACK
6
CONTINUOUS
10
5.5861348031496059
20
-3.8257611023622045
11
5.5819131889763778
21
-3.8277296850393698
0
LINE
8
BLACK
6
CONTINUOUS
10
5.5819131889763778
20
-3.8277296850393698
11
5.5817318503937008
21
-3.8278566929133859
0
LINE
8
BLACK
6
CONTINUOUS
10
5.5817318503937008
20
-3.8278566929133859
11
5.5794282283464565
21
-3.8285609448818896
0
LINE
8
BLACK
6
CONTINUOUS
10
5.5794282283464565
20
-3.8285609448818896
11
5.5771505905511809
21
-3.8277766141732283
0
LINE
8
BLACK
6
CONTINUOUS
10
5.5771505905511809
20
-3.8277766141732283
11
5.5767402755905513
21
-3.8274199606299213
0
LINE
8
BLACK
6
CONTINUOUS
10
5.5767402755905513
20
-3.8274199606299213
11
5.5767105118110232
21
-3.8273901968503936
0
LINE
8
BLACK
6
CONTINUOUS
10
5.5767105118110232
20
-3.8273901968503936
11
5.5767104330708657
21
-3.8273900787401574
0
LINE
8
BLACK
6
CONTINUOUS
10
5.5767104330708657
20
-3.8273900787401574
11
5.5767102362204719
21
-3.8273899212598423
0
LINE
8
BLACK
6
CONTINUOUS
10
5.5767102362204719
20
-3.8273899212598423
11
5.5767101968503932
21
-3.8273898818897636
0
LINE
8
BLACK
6
CONTINUOUS
10
5.5767101968503932
20
-3.8273898818897636
11
5.572413779527559
21
-3.8240931496062993
0
LINE
8
BLACK
6
CONTINUOUS
10
5.572413779527559
20
-3.8240931496062993
11
5.5717718110236216
21
-3.8236005511811024
0
LINE
8
BLACK
6
CONTINUOUS
10
5.5717718110236216
20
-3.8236005511811024
11
5.5717717716535429
21
-3.8236005118110237
0
LINE
8
BLACK
6
CONTINUOUS
10
5.5717717716535429
20
-3.8236005118110237
11
5.5717716929133854
21
-3.8236004724409449
0
LINE
8
BLACK
6
CONTINUOUS
10
5.5717716929133854
20
-3.8236004724409449
11
5.5660208267716538
21
-3.8212183858267714
0
LINE
8
BLACK
6
CONTINUOUS
10
5.5660208267716538
20
-3.8212183858267714
11
5.5660205118110238
21
-3.8212183070866139
0
LINE
8
BLACK
6
CONTINUOUS
10
5.5660205118110238
20
-3.8212183070866139
11
5.5598489763779524
21
-3.8204058267716534
0
LINE
8
BLACK
6
CONTINUOUS
10
5.5598489763779524
20
-3.8204058267716534
11
5.5598488976377949
21
-3.8204058267716534
0
LINE
8
BLACK
6
CONTINUOUS
10
5.5598488976377949
20
-3.8204058267716534
11
5.5536773228346457
21
-3.8212183070866139
0
LINE
8
BLACK
6
CONTINUOUS
10
5.5536773228346457
20
-3.8212183070866139
11
5.5536770078740156
21
-3.8212183858267714
0
LINE
8
BLACK
6
CONTINUOUS
10
5.5536770078740156
20
-3.8212183858267714
11
5.5479261417322832
21
-3.8236004724409449
0
LINE
8
BLACK
6
CONTINUOUS
10
5.5479261417322832
20
-3.8236004724409449
11
5.5479261023622044
21
-3.8236004724409449
0
LINE
8
BLACK
6
CONTINUOUS
10
5.5479261023622044
20
-3.8236004724409449
11
5.5429876377952754
21
-3.8273898818897636
0
LINE
8
BLACK
6
CONTINUOUS
10
5.5429876377952754
20
-3.8273898818897636
11
5.5429873228346453
21
-3.8273901968503936
0
LINE
8
BLACK
6
CONTINUOUS
10
5.5429873228346453
20
-3.8273901968503936
11
5.5420145669291339
21
-3.8286579133858267
0
LINE
8
BLACK
6
CONTINUOUS
10
5.5420145669291339
20
-3.8286579133858267
11
5.540029330708661
21
-3.830022283464567
0
LINE
8
BLACK
6
CONTINUOUS
10
5.540029330708661
20
-3.830022283464567
11
5.5376212598425196
21
-3.8299591732283464
0
LINE
8
BLACK
6
CONTINUOUS
10
5.5376212598425196
20
-3.8299591732283464
11
5.5372751968503939
21
-3.8298175984251968
0
LINE
8
BLACK
6
CONTINUOUS
10
5.5372751968503939
20
-3.8298175984251968
11
5.5370867716535432
21
-3.8297297244094488
0
LINE
8
BLACK
6
CONTINUOUS
10
5.5370867716535432
20
-3.8297297244094488
11
5.5328650787401576
21
-3.8277611023622047
0
LINE
8
BLACK
6
CONTINUOUS
10
5.5328650787401576
20
-3.8277611023622047
11
5.5309415748031494
21
-3.827507874015748
0
LINE
8
BLACK
6
CONTINUOUS
10
5.5309415748031494
20
-3.827507874015748
11
5.5172159055118106
21
-3.827507874015748
0
LINE
8
BLACK
6
CONTINUOUS
10
5.5172159055118106
20
-3.827507874015748
11
5.5165747244094483
21
-3.827592283464567
0
LINE
8
BLACK
6
CONTINUOUS
10
5.5165747244094483
20
-3.827592283464567
11
5.5152923228346458
21
-3.8277611023622047
0
LINE
8
BLACK
6
CONTINUOUS
10
5.5152923228346458
20
-3.8277611023622047
11
5.515292283464567
21
-3.8277611023622047
0
LINE
8
BLACK
6
CONTINUOUS
10
5.515292283464567
20
-3.8277611023622047
11
5.5110707874015743
21
-3.8297296456692913
0
LINE
8
BLACK
6
CONTINUOUS
10
5.5110707874015743
20
-3.8297296456692913
11
5.5077768897637798
21
-3.8330235433070867
0
LINE
8
BLACK
6
CONTINUOUS
10
5.5077768897637798
20
-3.8330235433070867
11
5.5075324409448818
21
-3.8335478346456693
0
LINE
8
BLACK
6
CONTINUOUS
10
5.5075324409448818
20
-3.8335478346456693
11
5.5058895669291337
21
-3.8353095669291339
0
LINE
8
BLACK
6
CONTINUOUS
10
5.5058895669291337
20
-3.8353095669291339
11
5.503524960629921
21
-3.8357691732283463
0
LINE
8
BLACK
6
CONTINUOUS
10
5.503524960629921
20
-3.8357691732283463
11
5.5013418110236216
21
-3.8347511023622047
0
LINE
8
BLACK
6
CONTINUOUS
10
5.5013418110236216
20
-3.8347511023622047
11
5.5004675590551182
21
-3.8335478346456693
0
LINE
8
BLACK
6
CONTINUOUS
10
5.5004675590551182
20
-3.8335478346456693
11
5.5002230708661415
21
-3.8330235433070867
0
LINE
8
BLACK
6
CONTINUOUS
10
5.5002230708661415
20
-3.8330235433070867
11
5.5002230314960627
21
-3.833023503937008
0
LINE
8
BLACK
6
CONTINUOUS
10
5.5002230314960627
20
-3.833023503937008
11
5.5002230314960627
21
-3.8330234645669292
0
LINE
8
BLACK
6
CONTINUOUS
10
5.5002230314960627
20
-3.8330234645669292
11
5.4969292913385823
21
-3.8297297244094488
0
LINE
8
BLACK
6
CONTINUOUS
10
5.4969292913385823
20
-3.8297297244094488
11
5.4969292125984248
21
-3.8297296850393701
0
LINE
8
BLACK
6
CONTINUOUS
10
5.4969292125984248
20
-3.8297296850393701
11
5.4969291732283461
21
-3.8297296456692913
0
LINE
8
BLACK
6
CONTINUOUS
10
5.4969291732283461
20
-3.8297296456692913
11
5.4927076771653542
21
-3.8277611023622047
0
LINE
8
BLACK
6
CONTINUOUS
10
5.4927076771653542
20
-3.8277611023622047
11
5.4914252362204721
21
-3.827592283464567
0
LINE
8
BLACK
6
CONTINUOUS
10
5.4914252362204721
20
-3.827592283464567
11
5.4907840944881885
21
-3.827507874015748
0
LINE
8
BLACK
6
CONTINUOUS
10
5.4907840944881885
20
-3.827507874015748
11
5.4770584251968506
21
-3.827507874015748
0
LINE
8
BLACK
6
CONTINUOUS
10
5.4770584251968506
20
-3.827507874015748
11
5.4764172440944883
21
-3.827592283464567
0
LINE
8
BLACK
6
CONTINUOUS
10
5.4764172440944883
20
-3.827592283464567
11
5.4751348425196849
21
-3.8277611023622047
0
LINE
8
BLACK
6
CONTINUOUS
10
5.4751348425196849
20
-3.8277611023622047
11
5.4751348031496061
21
-3.8277611023622047
0
LINE
8
BLACK
6
CONTINUOUS
10
5.4751348031496061
20
-3.8277611023622047
11
5.4709133070866143
21
-3.8297296456692913
0
LINE
8
BLACK
6
CONTINUOUS
10
5.4709133070866143
20
-3.8297296456692913
11
5.4676194094488189
21
-3.8330235433070867
0
LINE
8
BLACK
6
CONTINUOUS
10
5.4676194094488189
20
-3.8330235433070867
11
5.4659036220472439
21
-3.8367031102362206
0
LINE
8
BLACK
6
CONTINUOUS
10
5.4659036220472439
20
-3.8367031102362206
11
5.4642607874015745
21
-3.8384648425196848
0
LINE
8
BLACK
6
CONTINUOUS
10
5.4642607874015745
20
-3.8384648425196848
11
5.4618961811023619
21
-3.8389244488188976
0
LINE
8
BLACK
6
CONTINUOUS
10
5.4618961811023619
20
-3.8389244488188976
11
5.4608796850393704
21
-3.8386568110236219
0
LINE
8
BLACK
6
CONTINUOUS
10
5.4608796850393704
20
-3.8386568110236219
11
5.4584154330708659
21
-3.8376361023622048
0
LINE
8
BLACK
6
CONTINUOUS
10
5.4584154330708659
20
-3.8376361023622048
11
5.4584153149606296
21
-3.837636062992126
0
LINE
8
BLACK
6
CONTINUOUS
10
5.4584153149606296
20
-3.837636062992126
11
5.4584152755905508
21
-3.837636062992126
0
LINE
8
BLACK
6
CONTINUOUS
10
5.4584152755905508
20
-3.837636062992126
11
5.4522437401574804
21
-3.8368235826771651
0
LINE
8
BLACK
6
CONTINUOUS
10
5.4522437401574804
20
-3.8368235826771651
11
5.4522436220472441
21
-3.8368235826771651
0
LINE
8
BLACK
6
CONTINUOUS
10
5.4522436220472441
20
-3.8368235826771651
11
5.4482319685039373
21
-3.8373516929133857
0
LINE
8
BLACK
6
CONTINUOUS
10
5.4482319685039373
20
-3.8373516929133857
11
5.445863464566929
21
-3.8369127165354331
0
LINE
8
BLACK
6
CONTINUOUS
10
5.445863464566929
20
-3.8369127165354331
11
5.4442053149606302
21
-3.8351653543307087
0
LINE
8
BLACK
6
CONTINUOUS
10
5.4442053149606302
20
-3.8351653543307087
11
5.4438589370078736
21
-3.8339959448818899
0
LINE
8
BLACK
6
CONTINUOUS
10
5.4438589370078736
20
-3.8339959448818899
11
5.4438413779527561
21
-3.8338625590551181
0
LINE
8
BLACK
6
CONTINUOUS
10
5.4438413779527561
20
-3.8338625590551181
11
5.4418435039370081
21
-3.8295781889763778
0
LINE
8
BLACK
6
CONTINUOUS
10
5.4418435039370081
20
-3.8295781889763778
11
5.4418434645669294
21
-3.8295781496062991
0
LINE
8
BLACK
6
CONTINUOUS
10
5.4418434645669294
20
-3.8295781496062991
11
5.4418434645669294
21
-3.8295781102362203
0
LINE
8
BLACK
6
CONTINUOUS
10
5.4418434645669294
20
-3.8295781102362203
11
5.4417872834645671
21
-3.829521929133858
0
LINE
8
BLACK
6
CONTINUOUS
10
5.4417872834645671
20
-3.829521929133858
11
5.4417423228346458
21
-3.8294337007874013
0
LINE
8
BLACK
6
CONTINUOUS
10
5.4417423228346458
20
-3.8294337007874013
11
5.4416478740157483
21
-3.829298779527559
0
LINE
8
BLACK
6
CONTINUOUS
10
5.4416478740157483
20
-3.829298779527559
11
5.4416668110236222
21
-3.8292854724409446
0
LINE
8
BLACK
6
CONTINUOUS
10
5.4416668110236222
20
-3.8292854724409446
11
5.4406937795275585
21
-3.8273757086614171
0
LINE
8
BLACK
6
CONTINUOUS
10
5.4406937795275585
20
-3.8273757086614171
11
5.4410705905511811
21
-3.8249964960629921
0
LINE
8
BLACK
6
CONTINUOUS
10
5.4410705905511811
20
-3.8249964960629921
11
5.4422289763779528
21
-3.8236299212598426
0
LINE
8
BLACK
6
CONTINUOUS
10
5.4422289763779528
20
-3.8236299212598426
11
5.4430802362204727
21
-3.8230016535433071
0
LINE
8
BLACK
6
CONTINUOUS
10
5.4430802362204727
20
-3.8230016535433071
11
5.4430803543307089
21
-3.8230015354330709
0
LINE
8
BLACK
6
CONTINUOUS
10
5.4430803543307089
20
-3.8230015354330709
11
5.446181299212598
21
-3.8188
0
LINE
8
BLACK
6
CONTINUOUS
10
5.446181299212598
20
-3.8188
11
5.4479059842519684
21
-3.8138711417322835
0
LINE
8
BLACK
6
CONTINUOUS
10
5.4479059842519684
20
-3.8138711417322835
11
5.4480157480314961
21
-3.8127007874015746
0
LINE
8
BLACK
6
CONTINUOUS
10
5.4480157480314961
20
-3.8127007874015746
11
5.4480157480314961
21
-3.8110079133858266
0
LINE
8
BLACK
6
CONTINUOUS
10
5.4480157480314961
20
-3.8110079133858266
11
5.4480157086614174
21
-3.8110078740157478
0
LINE
8
BLACK
6
CONTINUOUS
10
5.4480157086614174
20
-3.8110078740157478
11
5.4361264173228347
21
-3.8110078740157478
0
LINE
8
BLACK
6
CONTINUOUS
10
5.4361264173228347
20
-3.8110078740157478
11
5.4357851574803151
21
-3.812723464566929
0
LINE
8
BLACK
6
CONTINUOUS
10
5.4357851574803151
20
-3.812723464566929
11
5.4345903543307088
21
-3.8145116141732283
0
LINE
8
BLACK
6
CONTINUOUS
10
5.4345903543307088
20
-3.8145116141732283
11
5.4328022047244096
21
-3.8157064173228346
0
LINE
8
BLACK
6
CONTINUOUS
10
5.4328022047244096
20
-3.8157064173228346
11
5.430692913385827
21
-3.8161259842519684
0
LINE
8
BLACK
6
CONTINUOUS
10
5.430692913385827
20
-3.8161259842519684
11
5.4173070866141728
21
-3.8161259842519684
0
LINE
8
BLACK
6
CONTINUOUS
10
5.4173070866141728
20
-3.8161259842519684
11
5.4151977952755903
21
-3.8157064173228346
0
LINE
8
BLACK
6
CONTINUOUS
10
5.4151977952755903
20
-3.8157064173228346
11
5.4134096456692911
21
-3.8145116141732283
0
LINE
8
BLACK
6
CONTINUOUS
10
5.4134096456692911
20
-3.8145116141732283
11
5.4122148425196848
21
-3.812723464566929
0
LINE
8
BLACK
6
CONTINUOUS
10
5.4122148425196848
20
-3.812723464566929
11
5.4118735826771651
21
-3.8110078740157478
0
LINE
8
BLACK
6
CONTINUOUS
10
5.4118735826771651
20
-3.8110078740157478
11
5.3999843307086612
21
-3.8110078740157478
0
LINE
8
BLACK
6
CONTINUOUS
10
5.3999843307086612
20
-3.8110078740157478
11
5.3994518110236216
21
-3.8115403543307087
0
LINE
8
BLACK
6
CONTINUOUS
10
5.3994518110236216
20
-3.8115403543307087
11
5.3992399212598423
21
-3.8121925590551182
0
LINE
8
BLACK
6
CONTINUOUS
10
5.3992399212598423
20
-3.8121925590551182
11
5.397291102362205
21
-3.8136084645669293
0
LINE
8
BLACK
6
CONTINUOUS
10
5.397291102362205
20
-3.8136084645669293
11
5.396086653543307
21
-3.813799212598425
0
LINE
8
BLACK
6
CONTINUOUS
10
5.396086653543307
20
-3.813799212598425
11
5.3650984251968499
21
-3.813799212598425
0
LINE
8
BLACK
6
CONTINUOUS
10
5.3650984251968499
20
-3.813799212598425
11
5.3628074409448816
21
-3.8130548425196849
0
LINE
8
BLACK
6
CONTINUOUS
10
5.3628074409448816
20
-3.8130548425196849
11
5.3613915354330706
21
-3.8111060236220471
0
LINE
8
BLACK
6
CONTINUOUS
10
5.3613915354330706
20
-3.8111060236220471
11
5.3612007874015744
21
-3.8099015748031495
0
LINE
8
BLACK
6
CONTINUOUS
10
5.3612007874015744
20
-3.8099015748031495
11
5.3612007874015744
21
-3.7975038976377951
0
LINE
8
BLACK
6
CONTINUOUS
10
5.3612007874015744
20
-3.7975038976377951
11
5.3612007874015744
21
-3.7961152362204724
0
LINE
8
BLACK
6
CONTINUOUS
10
5.3612007874015744
20
-3.7961152362204724
11
5.3612007086614168
21
-3.7961147637795274
0
LINE
8
BLACK
6
CONTINUOUS
10
5.3612007086614168
20
-3.7961147637795274
11
5.3607953937007871
21
-3.7940771653543308
0
LINE
8
BLACK
6
CONTINUOUS
10
5.3607953937007871
20
-3.7940771653543308
11
5.3606285826771654
21
-3.7932385826771653
0
LINE
8
BLACK
6
CONTINUOUS
10
5.3606285826771654
20
-3.7932385826771653
11
5.3584488582677166
21
-3.7899763385826772
0
LINE
8
BLACK
6
CONTINUOUS
10
5.3584488582677166
20
-3.7899763385826772
11
5.358448779527559
21
-3.7899762598425197
0
LINE
8
BLACK
6
CONTINUOUS
10
5.358448779527559
20
-3.7899762598425197
11
5.355186692913386
21
-3.7877966535433072
0
LINE
8
BLACK
6
CONTINUOUS
10
5.355186692913386
20
-3.7877966535433072
11
5.3551866141732285
21
-3.7877966141732284
0
LINE
8
BLACK
6
CONTINUOUS
10
5.3551866141732285
20
-3.7877966141732284
11
5.3551864960629922
21
-3.7877965748031497
0
LINE
8
BLACK
6
CONTINUOUS
10
5.3551864960629922
20
-3.7877965748031497
11
5.3551864566929135
21
-3.7877965748031497
0
LINE
8
BLACK
6
CONTINUOUS
10
5.3551864566929135
20
-3.7877965748031497
11
5.3523103937007876
21
-3.7872244488188977
0
LINE
8
BLACK
6
CONTINUOUS
10
5.3523103937007876
20
-3.7872244488188977
11
5.3523100000000001
21
-3.787224409448819
0
LINE
8
BLACK
6
CONTINUOUS
10
5.3523100000000001
20
-3.787224409448819
11
5.349794881889764
21
-3.787224409448819
0
LINE
8
BLACK
6
CONTINUOUS
10
5.349794881889764
20
-3.787224409448819
11
5.3431885826771657
21
-3.7872403543307085
0
LINE
8
BLACK
6
CONTINUOUS
10
5.3431885826771657
20
-3.7872403543307085
11
5.3374954330708659
21
-3.7930050787401575
0
LINE
8
BLACK
6
CONTINUOUS
10
5.3374954330708659
20
-3.7930050787401575
11
5.3375144094488185
21
-3.7968621653543306
0
LINE
8
BLACK
6
CONTINUOUS
10
5.3375144094488185
20
-3.7968621653543306
11
5.3375590551181098
21
-3.7970866141732285
0
LINE
8
BLACK
6
CONTINUOUS
10
5.3375590551181098
20
-3.7970866141732285
11
5.3375590551181098
21
-3.8148031496062993
0
LINE
8
BLACK
6
CONTINUOUS
10
5.3375590551181098
20
-3.8148031496062993
11
5.3374092125984252
21
-3.8155564566929132
0
LINE
8
BLACK
6
CONTINUOUS
10
5.3374092125984252
20
-3.8155564566929132
11
5.3369824803149601
21
-3.8161950787401575
0
LINE
8
BLACK
6
CONTINUOUS
10
5.3369824803149601
20
-3.8161950787401575
11
5.3363438582677167
21
-3.8166218110236221
0
LINE
8
BLACK
6
CONTINUOUS
10
5.3363438582677167
20
-3.8166218110236221
11
5.3355905511811024
21
-3.8167716535433072
0
LINE
8
BLACK
6
CONTINUOUS
10
5.3355905511811024
20
-3.8167716535433072
11
5.3316535433070866
21
-3.8167716535433072
0
LINE
8
BLACK
6
CONTINUOUS
10
5.3316535433070866
20
-3.8167716535433072
11
5.3309002362204723
21
-3.8166218110236221
0
LINE
8
BLACK
6
CONTINUOUS
10
5.3309002362204723
20
-3.8166218110236221
11
5.330261614173228
21
-3.8161950787401575
0
LINE
8
BLACK
6
CONTINUOUS
10
5.330261614173228
20
-3.8161950787401575
11
5.3298348818897638
21
-3.8155564566929132
0
LINE
8
BLACK
6
CONTINUOUS
10
5.3298348818897638
20
-3.8155564566929132
11
5.3296850393700783
21
-3.8148031496062993
0
LINE
8
BLACK
6
CONTINUOUS
10
5.3296850393700783
20
-3.8148031496062993
11
5.3296850393700783
21
-3.7970866141732285
0
LINE
8
BLACK
6
CONTINUOUS
10
5.3296850393700783
20
-3.7970866141732285
11
5.329712637795275
21
-3.7969476377952756
0
LINE
8
BLACK
6
CONTINUOUS
10
5.329712637795275
20
-3.7969476377952756
11
5.3296850393700783
21
-3.7913244094488188
0
LINE
8
BLACK
6
CONTINUOUS
10
5.3296850393700783
20
-3.7913244094488188
11
5.3297606692913382
21
-3.790556338582677
0
LINE
8
BLACK
6
CONTINUOUS
10
5.3297606692913382
20
-3.790556338582677
11
5.3303485433070863
21
-3.7891371259842517
0
LINE
8
BLACK
6
CONTINUOUS
10
5.3303485433070863
20
-3.7891371259842517
11
5.3381702362204724
21
-3.7812170472440942
0
LINE
8
BLACK
6
CONTINUOUS
10
5.3381702362204724
20
-3.7812170472440942
11
5.3379390551181105
21
-3.7798989370078737
0
LINE
8
BLACK
6
CONTINUOUS
10
5.3379390551181105
20
-3.7798989370078737
11
5.3389970078740152
21
-3.7777348425196848
0
LINE
8
BLACK
6
CONTINUOUS
10
5.3389970078740152
20
-3.7777348425196848
11
5.3390422440944878
21
-3.7776888582677164
0
LINE
8
BLACK
6
CONTINUOUS
10
5.3390422440944878
20
-3.7776888582677164
11
5.3424911811023623
21
-3.7742399606299211
0
LINE
8
BLACK
6
CONTINUOUS
10
5.3424911811023623
20
-3.7742399606299211
11
5.3446375196850395
21
-3.7731463779527559
0
LINE
8
BLACK
6
CONTINUOUS
10
5.3446375196850395
20
-3.7731463779527559
11
5.3452472047244095
21
-3.7730983858267715
0
LINE
8
BLACK
6
CONTINUOUS
10
5.3452472047244095
20
-3.7730983858267715
11
5.3511849212598426
21
-3.7730983858267715
0
LINE
8
BLACK
6
CONTINUOUS
10
5.3511849212598426
20
-3.7730983858267715
11
5.3511850393700788
21
-3.7730983858267715
0
LINE
8
BLACK
6
CONTINUOUS
10
5.3511850393700788
20
-3.7730983858267715
11
5.3531372834645667
21
-3.7728414173228346
0
LINE
8
BLACK
6
CONTINUOUS
10
5.3531372834645667
20
-3.7728414173228346
11
5.3531373228346455
21
-3.7728414173228346
0
LINE
8
BLACK
6
CONTINUOUS
10
5.3531373228346455
20
-3.7728414173228346
11
5.3565953149606296
21
-3.771228897637795
0
LINE
8
BLACK
6
CONTINUOUS
10
5.3565953149606296
20
-3.771228897637795
11
5.3574218897637795
21
-3.7708434645669291
0
LINE
8
BLACK
6
CONTINUOUS
10
5.3574218897637795
20
-3.7708434645669291
11
5.3574778346456693
21
-3.7707874803149606
0
LINE
8
BLACK
6
CONTINUOUS
10
5.3574778346456693
20
-3.7707874803149606
11
5.3575658267716531
21
-3.7707426377952755
0
LINE
8
BLACK
6
CONTINUOUS
10
5.3575658267716531
20
-3.7707426377952755
11
5.3577012204724408
21
-3.7706478740157481
0
LINE
8
BLACK
6
CONTINUOUS
10
5.3577012204724408
20
-3.7706478740157481
11
5.3577145275590548
21
-3.7706668897637794
0
LINE
8
BLACK
6
CONTINUOUS
10
5.3577145275590548
20
-3.7706668897637794
11
5.3596240157480315
21
-3.7696938188976379
0
LINE
8
BLACK
6
CONTINUOUS
10
5.3596240157480315
20
-3.7696938188976379
11
5.3620032283464569
21
-3.7700704724409446
0
LINE
8
BLACK
6
CONTINUOUS
10
5.3620032283464569
20
-3.7700704724409446
11
5.3633699999999997
21
-3.771228897637795
0
LINE
8
BLACK
6
CONTINUOUS
10
5.3633699999999997
20
-3.771228897637795
11
5.3639983464566932
21
-3.7720802755905511
0
LINE
8
BLACK
6
CONTINUOUS
10
5.3639983464566932
20
-3.7720802755905511
11
5.3639984251968507
21
-3.7720803543307087
0
LINE
8
BLACK
6
CONTINUOUS
10
5.3639984251968507
20
-3.7720803543307087
11
5.3681999606299211
21
-3.7751812992125982
0
LINE
8
BLACK
6
CONTINUOUS
10
5.3681999606299211
20
-3.7751812992125982
11
5.373128818897638
21
-3.7769059842519686
0
LINE
8
BLACK
6
CONTINUOUS
10
5.373128818897638
20
-3.7769059842519686
11
5.374299173228346
21
-3.7770157086614171
0
LINE
8
BLACK
6
CONTINUOUS
10
5.374299173228346
20
-3.7770157086614171
11
5.3759921259842516
21
-3.7770156692913384
0
LINE
8
BLACK
6
CONTINUOUS
10
5.3759921259842516
20
-3.7770156692913384
11
5.3759921259842516
21
-3.7651263779527557
0
LINE
8
BLACK
6
CONTINUOUS
10
5.3759921259842516
20
-3.7651263779527557
11
5.3742765354330704
21
-3.7647851574803148
0
LINE
8
BLACK
6
CONTINUOUS
10
5.3742765354330704
20
-3.7647851574803148
11
5.3724883858267711
21
-3.7635903543307085
0
LINE
8
BLACK
6
CONTINUOUS
10
5.3724883858267711
20
-3.7635903543307085
11
5.3712935826771648
21
-3.7618022047244093
0
LINE
8
BLACK
6
CONTINUOUS
10
5.3712935826771648
20
-3.7618022047244093
11
5.370874015748031
21
-3.7596929133858268
0
LINE
8
BLACK
6
CONTINUOUS
10
5.370874015748031
20
-3.7596929133858268
11
5.370874015748031
21
-3.746307086614173
0
LINE
8
BLACK
6
CONTINUOUS
10
5.370874015748031
20
-3.746307086614173
11
5.3712935826771648
21
-3.7441977952755905
0
LINE
8
BLACK
6
CONTINUOUS
10
5.3712935826771648
20
-3.7441977952755905
11
5.3724883858267711
21
-3.7424096456692912
0
LINE
8
BLACK
6
CONTINUOUS
10
5.3724883858267711
20
-3.7424096456692912
11
5.3742765354330704
21
-3.7412148425196849
0
LINE
8
BLACK
6
CONTINUOUS
10
5.3742765354330704
20
-3.7412148425196849
11
5.3763858267716538
21
-3.7407952755905511
0
LINE
8
BLACK
6
CONTINUOUS
10
5.3763858267716538
20
-3.7407952755905511
11
5.3874094488188975
21
-3.7407952755905511
0
LINE
8
BLACK
6
CONTINUOUS
10
5.3874094488188975
20
-3.7407952755905511
11
5.38951874015748
21
-3.7412148425196849
0
LINE
8
BLACK
6
CONTINUOUS
10
5.38951874015748
20
-3.7412148425196849
11
5.3913068897637793
21
-3.7424096456692912
0
LINE
8
BLACK
6
CONTINUOUS
10
5.3913068897637793
20
-3.7424096456692912
11
5.3925016929133855
21
-3.7441977952755905
0
LINE
8
BLACK
6
CONTINUOUS
10
5.3925016929133855
20
-3.7441977952755905
11
5.3929212598425194
21
-3.746307086614173
0
LINE
8
BLACK
6
CONTINUOUS
10
5.3929212598425194
20
-3.746307086614173
11
5.3929212598425194
21
-3.7471322440944883
0
LINE
8
BLACK
6
CONTINUOUS
10
5.3929212598425194
20
-3.7471322440944883
11
5.396657874015748
21
-3.7471090157480313
0
LINE
8
BLACK
6
CONTINUOUS
10
5.396657874015748
20
-3.7471090157480313
11
5.4039265354330706
21
-3.7397218110236219
0
LINE
8
BLACK
6
CONTINUOUS
10
5.4039265354330706
20
-3.7397218110236219
11
5.4048214566929129
21
-3.7389873622047243
0
LINE
8
BLACK
6
CONTINUOUS
10
5.4048214566929129
20
-3.7389873622047243
11
5.4062737007874011
21
-3.7383858267716534
0
LINE
8
BLACK
6
CONTINUOUS
10
5.4062737007874011
20
-3.7383858267716534
11
5.4069502362204727
21
-3.7381055905511809
0
LINE
8
BLACK
6
CONTINUOUS
10
5.4069502362204727
20
-3.7381055905511809
11
5.4178616929133856
21
-3.7380518503937008
0
LINE
8
BLACK
6
CONTINUOUS
10
5.4178616929133856
20
-3.7380518503937008
11
5.418214842519685
21
-3.7362765354330709
0
LINE
8
BLACK
6
CONTINUOUS
10
5.418214842519685
20
-3.7362765354330709
11
5.4194096456692913
21
-3.7344883858267717
0
LINE
8
BLACK
6
CONTINUOUS
10
5.4194096456692913
20
-3.7344883858267717
11
5.4211977952755905
21
-3.7332935826771654
0
LINE
8
BLACK
6
CONTINUOUS
10
5.4211977952755905
20
-3.7332935826771654
11
5.423307086614173
21
-3.7328740157480316
0
LINE
8
BLACK
6
CONTINUOUS
10
5.423307086614173
20
-3.7328740157480316
11
5.4366929133858264
21
-3.7328740157480316
0
LINE
8
BLACK
6
CONTINUOUS
10
5.4366929133858264
20
-3.7328740157480316
11
5.4388022047244089
21
-3.7332935826771654
0
LINE
8
BLACK
6
CONTINUOUS
10
5.4388022047244089
20
-3.7332935826771654
11
5.4405903543307081
21
-3.7344883858267717
0
LINE
8
BLACK
6
CONTINUOUS
10
5.4405903543307081
20
-3.7344883858267717
11
5.4417851574803144
21
-3.7362765354330709
0
LINE
8
BLACK
6
CONTINUOUS
10
5.4417851574803144
20
-3.7362765354330709
11
5.4421264173228341
21
-3.7379921259842517
0
LINE
8
BLACK
6
CONTINUOUS
10
5.4421264173228341
20
-3.7379921259842517
11
5.4540156692913389
21
-3.7379921259842517
0
LINE
8
BLACK
6
CONTINUOUS
10
5.4540156692913389
20
-3.7379921259842517
11
5.4540157086614176
21
-3.7379920866141729
0
LINE
8
BLACK
6
CONTINUOUS
10
5.4540157086614176
20
-3.7379920866141729
11
5.4540157086614176
21
-3.7362990551181103
0
LINE
8
BLACK
6
CONTINUOUS
10
5.4540157086614176
20
-3.7362990551181103
11
5.4539060236220473
21
-3.7351290551181102
0
LINE
8
BLACK
6
CONTINUOUS
10
5.4539060236220473
20
-3.7351290551181102
11
5.4539059842519686
21
-3.7351288582677165
0
LINE
8
BLACK
6
CONTINUOUS
10
5.4539059842519686
20
-3.7351288582677165
11
5.4521812992125982
21
-3.7301999606299212
0
LINE
8
BLACK
6
CONTINUOUS
10
5.4521812992125982
20
-3.7301999606299212
11
5.4497901574803151
21
-3.7269601574803151
0
LINE
8
BLACK
6
CONTINUOUS
10
5.4497901574803151
20
-3.7269601574803151
11
5.4490803543307083
21
-3.7259984251968503
0
LINE
8
BLACK
6
CONTINUOUS
10
5.4490803543307083
20
-3.7259984251968503
11
5.4490802755905507
21
-3.7259983464566928
0
LINE
8
BLACK
6
CONTINUOUS
10
5.4490802755905507
20
-3.7259983464566928
11
5.4482288976377955
21
-3.7253699999999998
0
LINE
8
BLACK
6
CONTINUOUS
10
5.4482288976377955
20
-3.7253699999999998
11
5.4468276377952751
21
-3.7234106299212599
0
LINE
8
BLACK
6
CONTINUOUS
10
5.4468276377952751
20
-3.7234106299212599
11
5.4468456692913385
21
-3.7210018110236218
0
LINE
8
BLACK
6
CONTINUOUS
10
5.4468456692913385
20
-3.7210018110236218
11
5.4476489763779528
21
-3.7197019685039368
0
LINE
8
BLACK
6
CONTINUOUS
10
5.4476489763779528
20
-3.7197019685039368
11
5.4476478740157477
21
-3.7197012204724409
0
LINE
8
BLACK
6
CONTINUOUS
10
5.4476478740157477
20
-3.7197012204724409
11
5.4476612992125979
21
-3.7196819685039371
0
LINE
8
BLACK
6
CONTINUOUS
10
5.4476612992125979
20
-3.7196819685039371
11
5.4477874803149602
21
-3.7194778346456694
0
LINE
8
BLACK
6
CONTINUOUS
10
5.4477874803149602
20
-3.7194778346456694
11
5.4478434645669287
21
-3.7194218897637796
0
LINE
8
BLACK
6
CONTINUOUS
10
5.4478434645669287
20
-3.7194218897637796
11
5.4498414173228342
21
-3.7151372834645668
0
LINE
8
BLACK
6
CONTINUOUS
10
5.4498414173228342
20
-3.7151372834645668
11
5.4498875984251969
21
-3.7147863779527559
0
LINE
8
BLACK
6
CONTINUOUS
10
5.4498875984251969
20
-3.7147863779527559
11
5.4509247244094485
21
-3.7126122440944882
0
LINE
8
BLACK
6
CONTINUOUS
10
5.4509247244094485
20
-3.7126122440944882
11
5.4530417322834648
21
-3.7114628740157478
0
LINE
8
BLACK
6
CONTINUOUS
10
5.4530417322834648
20
-3.7114628740157478
11
5.4537518897637796
21
-3.7113976377952755
0
LINE
8
BLACK
6
CONTINUOUS
10
5.4537518897637796
20
-3.7113976377952755
11
5.4568036220472438
21
-3.7113976377952755
0
LINE
8
BLACK
6
CONTINUOUS
10
5.4568036220472438
20
-3.7113976377952755
11
5.4590946062992121
21
-3.7121420078740157
0
LINE
8
BLACK
6
CONTINUOUS
10
5.4590946062992121
20
-3.7121420078740157
11
5.4595594094488185
21
-3.7125389763779526
0
LINE
8
BLACK
6
CONTINUOUS
10
5.4595594094488185
20
-3.7125389763779526
11
5.4619101181102359
21
-3.71488968503937
0
LINE
8
BLACK
6
CONTINUOUS
10
5.4619101181102359
20
-3.71488968503937
11
5.462416771653543
21
-3.7151373622047243
0
LINE
8
BLACK
6
CONTINUOUS
10
5.462416771653543
20
-3.7151373622047243
11
5.4660474015748033
21
-3.7169122834645667
0
LINE
8
BLACK
6
CONTINUOUS
10
5.4660474015748033
20
-3.7169122834645667
11
5.466047440944882
21
-3.7169122834645667
0
LINE
8
BLACK
6
CONTINUOUS
10
5.466047440944882
20
-3.7169122834645667
11
5.4660475196850395
21
-3.7169123228346455
0
LINE
8
BLACK
6
CONTINUOUS
10
5.4660475196850395
20
-3.7169123228346455
11
5.4687299212598424
21
-3.7173031496062992
0
LINE
8
BLACK
6
CONTINUOUS
10
5.4687299212598424
20
-3.7173031496062992
11
5.4687300393700786
21
-3.7173031496062992
0
LINE
8
BLACK
6
CONTINUOUS
10
5.4687300393700786
20
-3.7173031496062992
11
5.5117030314960624
21
-3.7173031496062992
0
LINE
8
BLACK
6
CONTINUOUS
10
5.5117030314960624
20
-3.7173031496062992
11
5.5117031496062987
21
-3.7173031496062992
0
LINE
8
BLACK
6
CONTINUOUS
10
5.5117031496062987
20
-3.7173031496062992
11
5.5143855511811024
21
-3.7169123228346455
0
LINE
8
BLACK
6
CONTINUOUS
10
5.5143855511811024
20
-3.7169123228346455
11
5.5185229527559052
21
-3.71488968503937
0
LINE
8
BLACK
6
CONTINUOUS
10
5.5185229527559052
20
-3.71488968503937
11
5.5217794488188972
21
-3.7116331889763781
0
LINE
8
BLACK
6
CONTINUOUS
10
5.5217794488188972
20
-3.7116331889763781
11
5.5238020866141735
21
-3.7074957874015748
0
LINE
8
BLACK
6
CONTINUOUS
10
5.5238020866141735
20
-3.7074957874015748
11
5.5241929133858267
21
-3.7048133858267716
0
LINE
8
BLACK
6
CONTINUOUS
10
5.5241929133858267
20
-3.7048133858267716
11
5.5241929133858267
21
-3.6903834645669291
0
LINE
8
BLACK
6
CONTINUOUS
10
5.5241929133858267
20
-3.6903834645669291
11
5.5238020866141735
21
-3.6877010629921259
0
LINE
8
BLACK
6
CONTINUOUS
10
5.5238020866141735
20
-3.6877010629921259
11
5.5236754330708662
21
-3.6874420078740155
0
LINE
8
BLACK
6
CONTINUOUS
10
5.5236754330708662
20
-3.6874420078740155
11
5.5223543307086613
21
-3.6847396062992126
0
LINE
8
BLACK
6
CONTINUOUS
10
5.5223543307086613
20
-3.6847396062992126
11
5.5217794488188972
21
-3.6835636614173226
0
LINE
8
BLACK
6
CONTINUOUS
10
5.5217794488188972
20
-3.6835636614173226
11
5.5185229527559052
21
-3.6803071653543307
0
LINE
8
BLACK
6
CONTINUOUS
10
5.5185229527559052
20
-3.6803071653543307
11
5.5185228740157477
21
-3.6803071259842519
0
LINE
8
BLACK
6
CONTINUOUS
10
5.5185228740157477
20
-3.6803071259842519
11
5.5143856299212599
21
-3.6782845275590552
0
LINE
8
BLACK
6
CONTINUOUS
10
5.5143856299212599
20
-3.6782845275590552
11
5.5133125590551177
21
-3.6781281889763777
0
LINE
8
BLACK
6
CONTINUOUS
10
5.5133125590551177
20
-3.6781281889763777
11
5.5117031496062987
21
-3.6778937007874015
0
LINE
8
BLACK
6
CONTINUOUS
10
5.5117031496062987
20
-3.6778937007874015
11
5.4687299212598424
21
-3.6778937007874015
0
LINE
8
BLACK
6
CONTINUOUS
10
5.4687299212598424
20
-3.6778937007874015
11
5.4673887007874011
21
-3.6780890944881888
0
LINE
8
BLACK
6
CONTINUOUS
10
5.4673887007874011
20
-3.6780890944881888
11
5.4660474015748033
21
-3.6782845275590552
0
LINE
8
BLACK
6
CONTINUOUS
10
5.4660474015748033
20
-3.6782845275590552
11
5.4619101574803146
21
-3.6803071259842519
0
LINE
8
BLACK
6
CONTINUOUS
10
5.4619101574803146
20
-3.6803071259842519
11
5.4619101181102359
21
-3.6803071259842519
0
LINE
8
BLACK
6
CONTINUOUS
10
5.4619101181102359
20
-3.6803071259842519
11
5.4619101181102359
21
-3.6803071653543307
0
LINE
8
BLACK
6
CONTINUOUS
10
5.4619101181102359
20
-3.6803071653543307
11
5.4595595669291335
21
-3.6826576771653543
0
LINE
8
BLACK
6
CONTINUOUS
10
5.4595595669291335
20
-3.6826576771653543
11
5.4574133464566925
21
-3.6837512204724407
0
LINE
8
BLACK
6
CONTINUOUS
10
5.4574133464566925
20
-3.6837512204724407
11
5.4568036220472438
21
-3.6837992125984251
0
LINE
8
BLACK
6
CONTINUOUS
10
5.4568036220472438
20
-3.6837992125984251
11
5.4366872440944878
21
-3.6837992125984251
0
LINE
8
BLACK
6
CONTINUOUS
10
5.4366872440944878
20
-3.6837992125984251
11
5.4349324409448814
21
-3.6842694094488189
0
LINE
8
BLACK
6
CONTINUOUS
10
5.4349324409448814
20
-3.6842694094488189
11
5.4331775590551183
21
-3.6847396062992126
0
LINE
8
BLACK
6
CONTINUOUS
10
5.4331775590551183
20
-3.6847396062992126
11
5.429846338582677
21
-3.6866628740157479
0
LINE
8
BLACK
6
CONTINUOUS
10
5.429846338582677
20
-3.6866628740157479
11
5.4278975984251971
21
-3.6871850393700787
0
LINE
8
BLACK
6
CONTINUOUS
10
5.4278975984251971
20
-3.6871850393700787
11
5.4217363779527554
21
-3.6871850393700787
0
LINE
8
BLACK
6
CONTINUOUS
10
5.4217363779527554
20
-3.6871850393700787
11
5.4217359055118113
21
-3.6871850787401574
0
LINE
8
BLACK
6
CONTINUOUS
10
5.4217359055118113
20
-3.6871850787401574
11
5.4197839763779525
21
-3.6874420078740155
0
LINE
8
BLACK
6
CONTINUOUS
10
5.4197839763779525
20
-3.6874420078740155
11
5.419783897637795
21
-3.6874420078740155
0
LINE
8
BLACK
6
CONTINUOUS
10
5.419783897637795
20
-3.6874420078740155
11
5.4154994488188972
21
-3.6894399212598423
0
LINE
8
BLACK
6
CONTINUOUS
10
5.4154994488188972
20
-3.6894399212598423
11
5.4154993700787397
21
-3.6894399606299211
0
LINE
8
BLACK
6
CONTINUOUS
10
5.4154993700787397
20
-3.6894399606299211
11
5.4154993700787397
21
-3.6894399999999998
0
LINE
8
BLACK
6
CONTINUOUS
10
5.4154993700787397
20
-3.6894399999999998
11
5.4148800787401576
21
-3.690059251968504
0
LINE
8
BLACK
6
CONTINUOUS
10
5.4148800787401576
20
-3.690059251968504
11
5.4127338582677167
21
-3.6911527952755905
0
LINE
8
BLACK
6
CONTINUOUS
10
5.4127338582677167
20
-3.6911527952755905
11
5.412124133858268
21
-3.6912007874015749
0
LINE
8
BLACK
6
CONTINUOUS
10
5.412124133858268
20
-3.6912007874015749
11
5.4061333464566932
21
-3.6912007874015749
0
LINE
8
BLACK
6
CONTINUOUS
10
5.4061333464566932
20
-3.6912007874015749
11
5.403842362204724
21
-3.6904564173228347
0
LINE
8
BLACK
6
CONTINUOUS
10
5.403842362204724
20
-3.6904564173228347
11
5.4030411417322837
21
-3.6896758661417324
0
LINE
8
BLACK
6
CONTINUOUS
10
5.4030411417322837
20
-3.6896758661417324
11
5.4028600787401571
21
-3.6894399212598423
0
LINE
8
BLACK
6
CONTINUOUS
10
5.4028600787401571
20
-3.6894399212598423
11
5.4018614960629918
21
-3.6881385039370076
0
LINE
8
BLACK
6
CONTINUOUS
10
5.4018614960629918
20
-3.6881385039370076
11
5.4018612992125981
21
-3.688138346456693
0
LINE
8
BLACK
6
CONTINUOUS
10
5.4018612992125981
20
-3.688138346456693
11
5.4018612598425193
21
-3.6881383070866143
0
LINE
8
BLACK
6
CONTINUOUS
10
5.4018612598425193
20
-3.6881383070866143
11
5.3980731889763778
21
-3.685231653543307
0
LINE
8
BLACK
6
CONTINUOUS
10
5.3980731889763778
20
-3.685231653543307
11
5.3969228740157478
21
-3.6843489763779527
0
LINE
8
BLACK
6
CONTINUOUS
10
5.3969228740157478
20
-3.6843489763779527
11
5.396922834645669
21
-3.6843489370078739
0
LINE
8
BLACK
6
CONTINUOUS
10
5.396922834645669
20
-3.6843489370078739
11
5.3969227559055115
21
-3.6843488976377952
0
LINE
8
BLACK
6
CONTINUOUS
10
5.3969227559055115
20
-3.6843488976377952
11
5.391171889763779
21
-3.6819668110236221
0
LINE
8
BLACK
6
CONTINUOUS
10
5.391171889763779
20
-3.6819668110236221
11
5.3911715748031499
21
-3.6819667322834646
0
LINE
8
BLACK
6
CONTINUOUS
10
5.3911715748031499
20
-3.6819667322834646
11
5.3850000393700785
21
-3.6811542519685037
0
LINE
8
BLACK
6
CONTINUOUS
10
5.3850000393700785
20
-3.6811542519685037
11
5.384999960629921
21
-3.6811542519685037
0
LINE
8
BLACK
6
CONTINUOUS
10
5.384999960629921
20
-3.6811542519685037
11
5.3788283858267718
21
-3.6819667322834646
0
LINE
8
BLACK
6
CONTINUOUS
10
5.3788283858267718
20
-3.6819667322834646
11
5.3788280708661418
21
-3.6819668110236221
0
LINE
8
BLACK
6
CONTINUOUS
10
5.3788280708661418
20
-3.6819668110236221
11
5.3730772047244093
21
-3.6843488976377952
0
LINE
8
BLACK
6
CONTINUOUS
10
5.3730772047244093
20
-3.6843488976377952
11
5.3730771653543306
21
-3.6843488976377952
0
LINE
8
BLACK
6
CONTINUOUS
10
5.3730771653543306
20
-3.6843488976377952
11
5.3681387007874015
21
-3.6881383070866143
0
LINE
8
BLACK
6
CONTINUOUS
10
5.3681387007874015
20
-3.6881383070866143
11
5.3681383464566927
21
-3.6881386614173226
0
LINE
8
BLACK
6
CONTINUOUS
10
5.3681383464566927
20
-3.6881386614173226
11
5.3669588582677168
21
-3.6896758661417324
0
LINE
8
BLACK
6
CONTINUOUS
10
5.3669588582677168
20
-3.6896758661417324
11
5.3649736614173227
21
-3.6910402755905509
0
LINE
8
BLACK
6
CONTINUOUS
10
5.3649736614173227
20
-3.6910402755905509
11
5.3638666535433073
21
-3.6912007874015749
0
LINE
8
BLACK
6
CONTINUOUS
10
5.3638666535433073
20
-3.6912007874015749
11
5.3351833070866137
21
-3.6912007874015749
0
LINE
8
BLACK
6
CONTINUOUS
10
5.3351833070866137
20
-3.6912007874015749
11
5.3346730314960631
21
-3.6913374803149606
0
LINE
8
BLACK
6
CONTINUOUS
10
5.3346730314960631
20
-3.6913374803149606
11
5.3318847637795272
21
-3.6920845669291338
0
LINE
8
BLACK
6
CONTINUOUS
10
5.3318847637795272
20
-3.6920845669291338
11
5.331884803149606
21
-3.6920846062992125
0
LINE
8
BLACK
6
CONTINUOUS
10
5.331884803149606
20
-3.6920846062992125
11
5.331673661417323
21
-3.6921411811023623
0
LINE
8
BLACK
6
CONTINUOUS
10
5.331673661417323
20
-3.6921411811023623
11
5.3285271259842517
21
-3.6939578346456692
0
LINE
8
BLACK
6
CONTINUOUS
10
5.3285271259842517
20
-3.6939578346456692
11
5.3162268110236219
21
-3.706258149606299
0
LINE
8
BLACK
6
CONTINUOUS
10
5.3162268110236219
20
-3.706258149606299
11
5.3140805118110235
21
-3.7073517322834646
0
LINE
8
BLACK
6
CONTINUOUS
10
5.3140805118110235
20
-3.7073517322834646
11
5.3134707874015747
21
-3.7073997244094485
0
LINE
8
BLACK
6
CONTINUOUS
10
5.3134707874015747
20
-3.7073997244094485
11
5.2899843700787397
21
-3.7073997244094485
0
LINE
8
BLACK
6
CONTINUOUS
10
5.2899843700787397
20
-3.7073997244094485
11
5.2870600000000003
21
-3.7081833070866139
0
LINE
8
BLACK
6
CONTINUOUS
10
5.2870600000000003
20
-3.7081833070866139
11
5.2870599606299216
21
-3.7081832677165352
0
LINE
8
BLACK
6
CONTINUOUS
10
5.2870599606299216
20
-3.7081832677165352
11
5.286474724409449
21
-3.708340118110236
0
LINE
8
BLACK
6
CONTINUOUS
10
5.286474724409449
20
-3.708340118110236
11
5.2833282283464564
21
-3.7101567716535433
0
LINE
8
BLACK
6
CONTINUOUS
10
5.2833282283464564
20
-3.7101567716535433
11
5.2628553937007876
21
-3.7306295669291338
0
LINE
8
BLACK
6
CONTINUOUS
10
5.2628553937007876
20
-3.7306295669291338
11
5.2628553543307088
21
-3.7306296062992126
0
LINE
8
BLACK
6
CONTINUOUS
10
5.2628553543307088
20
-3.7306296062992126
11
5.2613953149606294
21
-3.7331584251968501
0
LINE
8
BLACK
6
CONTINUOUS
10
5.2613953149606294
20
-3.7331584251968501
11
5.2613953543307082
21
-3.7331584645669289
0
LINE
8
BLACK
6
CONTINUOUS
10
5.2613953543307082
20
-3.7331584645669289
11
5.2610388582677166
21
-3.7337759448818897
0
LINE
8
BLACK
6
CONTINUOUS
10
5.2610388582677166
20
-3.7337759448818897
11
5.2610387795275591
21
-3.7337761023622047
0
LINE
8
BLACK
6
CONTINUOUS
10
5.2610387795275591
20
-3.7337761023622047
11
5.2608377559055119
21
-3.734526377952756
0
LINE
8
BLACK
6
CONTINUOUS
10
5.2608377559055119
20
-3.734526377952756
11
5.2595257480314963
21
-3.7365465748031497
0
LINE
8
BLACK
6
CONTINUOUS
10
5.2595257480314963
20
-3.7365465748031497
11
5.2572768897637792
21
-3.7374098031496064
0
LINE
8
BLACK
6
CONTINUOUS
10
5.2572768897637792
20
-3.7374098031496064
11
5.2549500787401575
21
-3.7367862992125982
0
LINE
8
BLACK
6
CONTINUOUS
10
5.2549500787401575
20
-3.7367862992125982
11
5.2542280708661417
21
-3.7361061811023619
0
LINE
8
BLACK
6
CONTINUOUS
10
5.2542280708661417
20
-3.7361061811023619
11
5.2542081102362204
21
-3.7361261811023621
0
LINE
8
BLACK
6
CONTINUOUS
10
5.2542081102362204
20
-3.7361261811023621
11
5.2540015354330709
21
-3.7359196062992126
0
LINE
8
BLACK
6
CONTINUOUS
10
5.2540015354330709
20
-3.7359196062992126
11
5.2497999999999996
21
-3.7328186614173227
0
LINE
8
BLACK
6
CONTINUOUS
10
5.2497999999999996
20
-3.7328186614173227
11
5.2448711417322835
21
-3.7310939763779527
0
LINE
8
BLACK
6
CONTINUOUS
10
5.2448711417322835
20
-3.7310939763779527
11
5.2437007874015746
21
-3.7309842519685037
0
LINE
8
BLACK
6
CONTINUOUS
10
5.2437007874015746
20
-3.7309842519685037
11
5.2420079133858266
21
-3.7309842519685037
0
LINE
8
BLACK
6
CONTINUOUS
10
5.2420079133858266
20
-3.7309842519685037
11
5.2420078740157479
21
-3.7309842913385824
0
LINE
8
BLACK
6
CONTINUOUS
10
5.2420078740157479
20
-3.7309842913385824
11
5.2420078740157479
21
-3.7428735826771651
0
LINE
8
BLACK
6
CONTINUOUS
10
5.2420078740157479
20
-3.7428735826771651
11
5.2437234645669291
21
-3.7432148425196852
0
LINE
8
BLACK
6
CONTINUOUS
10
5.2437234645669291
20
-3.7432148425196852
11
5.2455116141732283
21
-3.7444096456692915
0
LINE
8
BLACK
6
CONTINUOUS
10
5.2455116141732283
20
-3.7444096456692915
11
5.2467064173228346
21
-3.7461977952755903
0
LINE
8
BLACK
6
CONTINUOUS
10
5.2467064173228346
20
-3.7461977952755903
11
5.2471259842519684
21
-3.7483070866141732
0
LINE
8
BLACK
6
CONTINUOUS
10
5.2471259842519684
20
-3.7483070866141732
11
5.2471259842519684
21
-3.7616929133858266
0
LINE
8
BLACK
6
CONTINUOUS
10
5.2471259842519684
20
-3.7616929133858266
11
5.2467064173228346
21
-3.7638022047244095
0
LINE
8
BLACK
6
CONTINUOUS
10
5.2467064173228346
20
-3.7638022047244095
11
5.2455116141732283
21
-3.7655903543307088
0
LINE
8
BLACK
6
CONTINUOUS
10
5.2455116141732283
20
-3.7655903543307088
11
5.2437234645669291
21
-3.7667851574803151
0
LINE
8
BLACK
6
CONTINUOUS
10
5.2437234645669291
20
-3.7667851574803151
11
5.2420078740157479
21
-3.767126377952756
0
LINE
8
BLACK
6
CONTINUOUS
10
5.2420078740157479
20
-3.767126377952756
11
5.2420078740157479
21
-3.7790156692913386
0
LINE
8
BLACK
6
CONTINUOUS
10
5.2420078740157479
20
-3.7790156692913386
11
5.2420079133858266
21
-3.7790157086614173
0
LINE
8
BLACK
6
CONTINUOUS
10
5.2420079133858266
20
-3.7790157086614173
11
5.2437009448818896
21
-3.7790157086614173
0
LINE
8
BLACK
6
CONTINUOUS
10
5.2437009448818896
20
-3.7790157086614173
11
5.244870905511811
21
-3.7789060236220471
0
LINE
8
BLACK
6
CONTINUOUS
10
5.244870905511811
20
-3.7789060236220471
11
5.2448711023622048
21
-3.7789059842519683
0
LINE
8
BLACK
6
CONTINUOUS
10
5.2448711023622048
20
-3.7789059842519683
11
5.2497999999999996
21
-3.7771812992125984
0
LINE
8
BLACK
6
CONTINUOUS
10
5.2497999999999996
20
-3.7771812992125984
11
5.2540015354330709
21
-3.7740803543307084
0
LINE
8
BLACK
6
CONTINUOUS
10
5.2540015354330709
20
-3.7740803543307084
11
5.2540016535433072
21
-3.7740802362204722
0
LINE
8
BLACK
6
CONTINUOUS
10
5.2540016535433072
20
-3.7740802362204722
11
5.2546299212598422
21
-3.7732289763779527
0
LINE
8
BLACK
6
CONTINUOUS
10
5.2546299212598422
20
-3.7732289763779527
11
5.2565892519685038
21
-3.7718276771653541
0
LINE
8
BLACK
6
CONTINUOUS
10
5.2565892519685038
20
-3.7718276771653541
11
5.2589980314960627
21
-3.7718456299212599
0
LINE
8
BLACK
6
CONTINUOUS
10
5.2589980314960627
20
-3.7718456299212599
11
5.2602980314960632
21
-3.7726489370078737
0
LINE
8
BLACK
6
CONTINUOUS
10
5.2602980314960632
20
-3.7726489370078737
11
5.2602987795275586
21
-3.7726478740157479
0
LINE
8
BLACK
6
CONTINUOUS
10
5.2602987795275586
20
-3.7726478740157479
11
5.2603172834645671
21
-3.7726608267716535
0
LINE
8
BLACK
6
CONTINUOUS
10
5.2603172834645671
20
-3.7726608267716535
11
5.2605219291338585
21
-3.772787283464567
0
LINE
8
BLACK
6
CONTINUOUS
10
5.2605219291338585
20
-3.772787283464567
11
5.2605781102362208
21
-3.7728434645669289
0
LINE
8
BLACK
6
CONTINUOUS
10
5.2605781102362208
20
-3.7728434645669289
11
5.2648627165354327
21
-3.7748414173228344
0
LINE
8
BLACK
6
CONTINUOUS
10
5.2648627165354327
20
-3.7748414173228344
11
5.2668149212598427
21
-3.7750984251968505
0
LINE
8
BLACK
6
CONTINUOUS
10
5.2668149212598427
20
-3.7750984251968505
11
5.2706496062992123
21
-3.7750983858267717
0
LINE
8
BLACK
6
CONTINUOUS
10
5.2706496062992123
20
-3.7750983858267717
11
5.2729405511811018
21
-3.7758427559055119
0
LINE
8
BLACK
6
CONTINUOUS
10
5.2729405511811018
20
-3.7758427559055119
11
5.2743564566929129
21
-3.7777915354330709
0
LINE
8
BLACK
6
CONTINUOUS
10
5.2743564566929129
20
-3.7777915354330709
11
5.2745472440944878
21
-3.7789960236220472
0
LINE
8
BLACK
6
CONTINUOUS
10
5.2745472440944878
20
-3.7789960236220472
11
5.2745472440944878
21
-3.783326771653543
0
LINE
8
BLACK
6
CONTINUOUS
10
5.2745472440944878
20
-3.783326771653543
11
5.2738028740157477
21
-3.7856177559055117
0
LINE
8
BLACK
6
CONTINUOUS
10
5.2738028740157477
20
-3.7856177559055117
11
5.2718540551181103
21
-3.7870336614173228
0
LINE
8
BLACK
6
CONTINUOUS
10
5.2718540551181103
20
-3.7870336614173228
11
5.2706496062992123
21
-3.787224409448819
0
LINE
8
BLACK
6
CONTINUOUS
10
5.2706496062992123
20
-3.787224409448819
11
5.26769
21
-3.787224409448819
0
LINE
8
BLACK
6
CONTINUOUS
10
5.26769
20
-3.787224409448819
11
5.2676899606299212
21
-3.787224409448819
0
LINE
8
BLACK
6
CONTINUOUS
10
5.2676899606299212
20
-3.787224409448819
11
5.2676895669291337
21
-3.7872244488188977
0
LINE
8
BLACK
6
CONTINUOUS
10
5.2676895669291337
20
-3.7872244488188977
11
5.2648135039370079
21
-3.7877965748031497
0
LINE
8
BLACK
6
CONTINUOUS
10
5.2648135039370079
20
-3.7877965748031497
11
5.2648132677165353
21
-3.7877966535433072
0
LINE
8
BLACK
6
CONTINUOUS
10
5.2648132677165353
20
-3.7877966535433072
11
5.2615511811023623
21
-3.7899762598425197
0
LINE
8
BLACK
6
CONTINUOUS
10
5.2615511811023623
20
-3.7899762598425197
11
5.261551062992126
21
-3.789976377952756
0
LINE
8
BLACK
6
CONTINUOUS
10
5.261551062992126
20
-3.789976377952756
11
5.2599437795275588
21
-3.7923819291338581
0
LINE
8
BLACK
6
CONTINUOUS
10
5.2599437795275588
20
-3.7923819291338581
11
5.2580520472440941
21
-3.7938732677165352
0
LINE
8
BLACK
6
CONTINUOUS
10
5.2580520472440941
20
-3.7938732677165352
11
5.2567029921259838
21
-3.7941141732283463
0
LINE
8
BLACK
6
CONTINUOUS
10
5.2567029921259838
20
-3.7941141732283463
11
5.2196015354330711
21
-3.7941141732283463
0
LINE
8
BLACK
6
CONTINUOUS
10
5.2196015354330711
20
-3.7941141732283463
11
5.217310551181102
21
-3.7933698031496061
0
LINE
8
BLACK
6
CONTINUOUS
10
5.217310551181102
20
-3.7933698031496061
11
5.2165093307086616
21
-3.7925892519685038
0
LINE
8
BLACK
6
CONTINUOUS
10
5.2165093307086616
20
-3.7925892519685038
11
5.2163502362204719
21
-3.7923819291338581
0
LINE
8
BLACK
6
CONTINUOUS
10
5.2163502362204719
20
-3.7923819291338581
11
5.2145044094488187
21
-3.789976377952756
0
LINE
8
BLACK
6
CONTINUOUS
10
5.2145044094488187
20
-3.789976377952756
11
5.2138616535433071
21
-3.7891387007874013
0
LINE
8
BLACK
6
CONTINUOUS
10
5.2138616535433071
20
-3.7891387007874013
11
5.2138616141732284
21
-3.7891386614173226
0
LINE
8
BLACK
6
CONTINUOUS
10
5.2138616141732284
20
-3.7891386614173226
11
5.2138614960629921
21
-3.7891385039370076
0
LINE
8
BLACK
6
CONTINUOUS
10
5.2138614960629921
20
-3.7891385039370076
11
5.2138612992125983
21
-3.789138346456693
0
LINE
8
BLACK
6
CONTINUOUS
10
5.2138612992125983
20
-3.789138346456693
11
5.2138612598425196
21
-3.7891383070866143
0
LINE
8
BLACK
6
CONTINUOUS
10
5.2138612598425196
20
-3.7891383070866143
11
5.2092731496062994
21
-3.7856177559055117
0
LINE
8
BLACK
6
CONTINUOUS
10
5.2092731496062994
20
-3.7856177559055117
11
5.2089228740157481
21
-3.7853489763779526
0
LINE
8
BLACK
6
CONTINUOUS
10
5.2089228740157481
20
-3.7853489763779526
11
5.2089228346456693
21
-3.7853489370078739
0
LINE
8
BLACK
6
CONTINUOUS
10
5.2089228346456693
20
-3.7853489370078739
11
5.2089227559055118
21
-3.7853488976377951
0
LINE
8
BLACK
6
CONTINUOUS
10
5.2089227559055118
20
-3.7853488976377951
11
5.2031718897637793
21
-3.7829668110236221
0
LINE
8
BLACK
6
CONTINUOUS
10
5.2031718897637793
20
-3.7829668110236221
11
5.2031715748031493
21
-3.7829667322834646
0
LINE
8
BLACK
6
CONTINUOUS
10
5.2031715748031493
20
-3.7829667322834646
11
5.1970000393700788
21
-3.7821542519685036
0
LINE
8
BLACK
6
CONTINUOUS
10
5.1970000393700788
20
-3.7821542519685036
11
5.1969999606299213
21
-3.7821542519685036
0
LINE
8
BLACK
6
CONTINUOUS
10
5.1969999606299213
20
-3.7821542519685036
11
5.1908283858267712
21
-3.7829667322834646
0
LINE
8
BLACK
6
CONTINUOUS
10
5.1908283858267712
20
-3.7829667322834646
11
5.1908280708661412
21
-3.7829668110236221
0
LINE
8
BLACK
6
CONTINUOUS
10
5.1908280708661412
20
-3.7829668110236221
11
5.1850772047244096
21
-3.7853488976377951
0
LINE
8
BLACK
6
CONTINUOUS
10
5.1850772047244096
20
-3.7853488976377951
11
5.1850771653543308
21
-3.7853488976377951
0
LINE
8
BLACK
6
CONTINUOUS
10
5.1850771653543308
20
-3.7853488976377951
11
5.1801387007874018
21
-3.7891383070866143
0
LINE
8
BLACK
6
CONTINUOUS
10
5.1801387007874018
20
-3.7891383070866143
11
5.1801383070866143
21
-3.7891387007874013
0
LINE
8
BLACK
6
CONTINUOUS
10
5.1801383070866143
20
-3.7891387007874013
11
5.1763488976377952
21
-3.7940771653543308
0
LINE
8
BLACK
6
CONTINUOUS
10
5.1763488976377952
20
-3.7940771653543308
11
5.1763488976377952
21
-3.7940772047244096
0
LINE
8
BLACK
6
CONTINUOUS
10
5.1763488976377952
20
-3.7940772047244096
11
5.1739668110236217
21
-3.7998280708661416
0
LINE
8
BLACK
6
CONTINUOUS
10
5.1739668110236217
20
-3.7998280708661416
11
5.1739667322834642
21
-3.7998283858267716
0
LINE
8
BLACK
6
CONTINUOUS
10
5.1739667322834642
20
-3.7998283858267716
11
5.1731542519685041
21
-3.8059999606299213
0
LINE
8
BLACK
6
CONTINUOUS
10
5.1731542519685041
20
-3.8059999606299213
11
5.1731542519685041
21
-3.806
0
LINE
8
BLACK
6
CONTINUOUS
10
5.7017851574803151
20
-4.0795187401574804
11
5.7005903543307088
21
-4.0813068897637796
0
LINE
8
BLACK
6
CONTINUOUS
10
5.7005903543307088
20
-4.0813068897637796
11
5.6988022047244096
21
-4.0825016929133859
0
LINE
8
BLACK
6
CONTINUOUS
10
5.6988022047244096
20
-4.0825016929133859
11
5.6966929133858271
21
-4.0829212598425197
0
LINE
8
BLACK
6
CONTINUOUS
10
5.6966929133858271
20
-4.0829212598425197
11
5.6959055118110236
21
-4.0829212598425197
0
LINE
8
BLACK
6
CONTINUOUS
10
5.6959055118110236
20
-4.0829212598425197
11
5.6959055118110236
21
-4.0947322047244095
0
LINE
8
BLACK
6
CONTINUOUS
10
5.6959055118110236
20
-4.0947322047244095
11
5.6959055511811023
21
-4.0947322440944882
0
LINE
8
BLACK
6
CONTINUOUS
10
5.6959055511811023
20
-4.0947322440944882
11
5.6987796850393702
21
-4.0947322440944882
0
LINE
8
BLACK
6
CONTINUOUS
10
5.6987796850393702
20
-4.0947322440944882
11
5.6999496456692915
21
-4.094622559055118
0
LINE
8
BLACK
6
CONTINUOUS
10
5.6999496456692915
20
-4.094622559055118
11
5.6999498425196853
21
-4.0946225196850392
0
LINE
8
BLACK
6
CONTINUOUS
10
5.6999498425196853
20
-4.0946225196850392
11
5.7048787401574801
21
-4.0928978346456688
0
LINE
8
BLACK
6
CONTINUOUS
10
5.7048787401574801
20
-4.0928978346456688
11
5.7090802755905514
21
-4.0897968897637798
0
LINE
8
BLACK
6
CONTINUOUS
10
5.7090802755905514
20
-4.0897968897637798
11
5.7090803543307089
21
-4.0897968110236222
0
LINE
8
BLACK
6
CONTINUOUS
10
5.7090803543307089
20
-4.0897968110236222
11
5.712181299212598
21
-4.0855952755905509
0
LINE
8
BLACK
6
CONTINUOUS
10
5.712181299212598
20
-4.0855952755905509
11
5.7139059842519684
21
-4.0806664173228349
0
LINE
8
BLACK
6
CONTINUOUS
10
5.7139059842519684
20
-4.0806664173228349
11
5.7140157480314961
21
-4.079496062992126
0
LINE
8
BLACK
6
CONTINUOUS
10
5.7140157480314961
20
-4.079496062992126
11
5.7140157480314961
21
-4.0778031889763779
0
LINE
8
BLACK
6
CONTINUOUS
10
5.7140157480314961
20
-4.0778031889763779
11
5.7140157086614174
21
-4.0778031496062992
0
LINE
8
BLACK
6
CONTINUOUS
10
5.7140157086614174
20
-4.0778031496062992
11
5.7021264173228348
21
-4.0778031496062992
0
LINE
8
BLACK
6
CONTINUOUS
10
5.7021264173228348
20
-4.0778031496062992
11
5.7017851574803151
21
-4.0795187401574804
0
LINE
8
BLACK
6
CONTINUOUS
10
5.8131725196850397
20
-4.0267087795275591
11
5.8118923622047243
21
-4.0286246456692911
0
LINE
8
BLACK
6
CONTINUOUS
10
5.8118923622047243
20
-4.0286246456692911
11
5.8099764960629923
21
-4.0299048031496065
0
LINE
8
BLACK
6
CONTINUOUS
10
5.8099764960629923
20
-4.0299048031496065
11
5.8077165354330704
21
-4.0303543307086613
0
LINE
8
BLACK
6
CONTINUOUS
10
5.8077165354330704
20
-4.0303543307086613
11
5.7860629921259843
21
-4.0303543307086613
0
LINE
8
BLACK
6
CONTINUOUS
10
5.7860629921259843
20
-4.0303543307086613
11
5.7860629921259843
21
-4.0421652755905511
0
LINE
8
BLACK
6
CONTINUOUS
10
5.7860629921259843
20
-4.0421652755905511
11
5.786063031496063
21
-4.0421653149606298
0
LINE
8
BLACK
6
CONTINUOUS
10
5.786063031496063
20
-4.0421653149606298
11
5.8098505118110237
21
-4.0421653149606298
0
LINE
8
BLACK
6
CONTINUOUS
10
5.8098505118110237
20
-4.0421653149606298
11
5.811047244094488
21
-4.0420531102362203
0
LINE
8
BLACK
6
CONTINUOUS
10
5.811047244094488
20
-4.0420531102362203
11
5.8110473228346455
21
-4.0420531102362203
0
LINE
8
BLACK
6
CONTINUOUS
10
5.8110473228346455
20
-4.0420531102362203
11
5.8160884645669286
21
-4.0402891732283468
0
LINE
8
BLACK
6
CONTINUOUS
10
5.8160884645669286
20
-4.0402891732283468
11
5.8203854330708662
21
-4.0371177952755906
0
LINE
8
BLACK
6
CONTINUOUS
10
5.8203854330708662
20
-4.0371177952755906
11
5.8203855118110237
21
-4.0371177165354331
0
LINE
8
BLACK
6
CONTINUOUS
10
5.8203855118110237
20
-4.0371177165354331
11
5.8235568897637791
21
-4.0328207480314964
0
LINE
8
BLACK
6
CONTINUOUS
10
5.8235568897637791
20
-4.0328207480314964
11
5.8253208267716534
21
-4.0277795669291336
0
LINE
8
BLACK
6
CONTINUOUS
10
5.8253208267716534
20
-4.0277795669291336
11
5.825433031496063
21
-4.0265831102362206
0
LINE
8
BLACK
6
CONTINUOUS
10
5.825433031496063
20
-4.0265831102362206
11
5.8254330708661417
21
-4.0265830708661419
0
LINE
8
BLACK
6
CONTINUOUS
10
5.8254330708661417
20
-4.0265830708661419
11
5.8254330708661417
21
-4.024448858267716
0
LINE
8
BLACK
6
CONTINUOUS
10
5.8254330708661417
20
-4.024448858267716
11
5.825433031496063
21
-4.0244488188976373
0
LINE
8
BLACK
6
CONTINUOUS
10
5.825433031496063
20
-4.0244488188976373
11
5.8136220472440945
21
-4.0244488188976373
0
LINE
8
BLACK
6
CONTINUOUS
10
5.8136220472440945
20
-4.0244488188976373
11
5.8131725196850397
21
-4.0267087795275591
0
LINE
8
BLACK
6
CONTINUOUS
10
5.177795275590551
20
-3.9683464566929132
11
5.1443307086614176
21
-3.9683464566929132
0
LINE
8
BLACK
6
CONTINUOUS
10
5.1443307086614176
20
-3.9683464566929132
11
5.1443307086614176
21
-3.9801574015748029
0
LINE
8
BLACK
6
CONTINUOUS
10
5.1443307086614176
20
-3.9801574015748029
11
5.1443307480314964
21
-3.9801574409448817
0
LINE
8
BLACK
6
CONTINUOUS
10
5.1443307480314964
20
-3.9801574409448817
11
5.1795586614173228
21
-3.9801574409448817
0
LINE
8
BLACK
6
CONTINUOUS
10
5.1795586614173228
20
-3.9801574409448817
11
5.1795587007874015
21
-3.9801574015748029
0
LINE
8
BLACK
6
CONTINUOUS
10
5.1795587007874015
20
-3.9801574015748029
11
5.1805462204724408
21
-3.9800429133858266
0
LINE
8
BLACK
6
CONTINUOUS
10
5.1805462204724408
20
-3.9800429133858266
11
5.1845857086614169
21
-3.9782592913385826
0
LINE
8
BLACK
6
CONTINUOUS
10
5.1845857086614169
20
-3.9782592913385826
11
5.1877081102362199
21
-3.9751368897637795
0
LINE
8
BLACK
6
CONTINUOUS
10
5.1877081102362199
20
-3.9751368897637795
11
5.1894917322834644
21
-3.9710973228346456
0
LINE
8
BLACK
6
CONTINUOUS
10
5.1894917322834644
20
-3.9710973228346456
11
5.1896062598425194
21
-3.9701101181102363
0
LINE
8
BLACK
6
CONTINUOUS
10
5.1896062598425194
20
-3.9701101181102363
11
5.1896062992125982
21
-3.9701100393700788
0
LINE
8
BLACK
6
CONTINUOUS
10
5.1896062992125982
20
-3.9701100393700788
11
5.1896062992125982
21
-3.9644094881889762
0
LINE
8
BLACK
6
CONTINUOUS
10
5.1896062992125982
20
-3.9644094881889762
11
5.1896062598425194
21
-3.9644094488188975
0
LINE
8
BLACK
6
CONTINUOUS
10
5.1896062598425194
20
-3.9644094488188975
11
5.177795275590551
21
-3.9644094488188975
0
LINE
8
BLACK
6
CONTINUOUS
10
5.177795275590551
20
-3.9644094488188975
11
5.177795275590551
21
-3.9683464566929132
0
LINE
8
BLACK
6
CONTINUOUS
10
5.177795275590551
20
-3.9289763779527558
11
5.1443307086614176
21
-3.9289763779527558
0
LINE
8
BLACK
6
CONTINUOUS
10
5.1443307086614176
20
-3.9289763779527558
11
5.1443307086614176
21
-3.9486614173228345
0
LINE
8
BLACK
6
CONTINUOUS
10
5.1443307086614176
20
-3.9486614173228345
11
5.177795275590551
21
-3.9486614173228345
0
LINE
8
BLACK
6
CONTINUOUS
10
5.177795275590551
20
-3.9486614173228345
11
5.177795275590551
21
-3.9525984251968502
0
LINE
8
BLACK
6
CONTINUOUS
10
5.177795275590551
20
-3.9525984251968502
11
5.1896062204724407
21
-3.9525984251968502
0
LINE
8
BLACK
6
CONTINUOUS
10
5.1896062204724407
20
-3.9525984251968502
11
5.1896062598425194
21
-3.9525983858267715
0
LINE
8
BLACK
6
CONTINUOUS
10
5.1896062598425194
20
-3.9525983858267715
11
5.1896062598425194
21
-3.9468980314960631
0
LINE
8
BLACK
6
CONTINUOUS
10
5.1896062598425194
20
-3.9468980314960631
11
5.1896062204724407
21
-3.9468979527559056
0
LINE
8
BLACK
6
CONTINUOUS
10
5.1896062204724407
20
-3.9468979527559056
11
5.1894917322834644
21
-3.9459104330708659
0
LINE
8
BLACK
6
CONTINUOUS
10
5.1894917322834644
20
-3.9459104330708659
11
5.1877081102362199
21
-3.9418709448818898
0
LINE
8
BLACK
6
CONTINUOUS
10
5.1877081102362199
20
-3.9418709448818898
11
5.1874121259842516
21
-3.9415749606299211
0
LINE
8
BLACK
6
CONTINUOUS
10
5.1874121259842516
20
-3.9415749606299211
11
5.1863185433070864
21
-3.9394286220472439
0
LINE
8
BLACK
6
CONTINUOUS
10
5.1863185433070864
20
-3.9394286220472439
11
5.1866953543307082
21
-3.9370494094488189
0
LINE
8
BLACK
6
CONTINUOUS
10
5.1866953543307082
20
-3.9370494094488189
11
5.1874121259842516
21
-3.9360628346456692
0
LINE
8
BLACK
6
CONTINUOUS
10
5.1874121259842516
20
-3.9360628346456692
11
5.1877081102362199
21
-3.9357668110236221
0
LINE
8
BLACK
6
CONTINUOUS
10
5.1877081102362199
20
-3.9357668110236221
11
5.1894917322834644
21
-3.9317272440944881
0
LINE
8
BLACK
6
CONTINUOUS
10
5.1894917322834644
20
-3.9317272440944881
11
5.1896062598425194
21
-3.9307400393700784
0
LINE
8
BLACK
6
CONTINUOUS
10
5.1896062598425194
20
-3.9307400393700784
11
5.1896062992125982
21
-3.9307399606299214
0
LINE
8
BLACK
6
CONTINUOUS
10
5.1896062992125982
20
-3.9307399606299214
11
5.1896062992125982
21
-3.9250394094488188
0
LINE
8
BLACK
6
CONTINUOUS
10
5.1896062992125982
20
-3.9250394094488188
11
5.1896062598425194
21
-3.92503937007874
0
LINE
8
BLACK
6
CONTINUOUS
10
5.1896062598425194
20
-3.92503937007874
11
5.177795275590551
21
-3.92503937007874
0
LINE
8
BLACK
6
CONTINUOUS
10
5.177795275590551
20
-3.92503937007874
11
5.177795275590551
21
-3.9289763779527558
0
LINE
8
BLACK
6
CONTINUOUS
10
5.0872441338582677
20
-3.9250394094488188
11
5.0872441338582677
21
-3.9307398031496064
0
LINE
8
BLACK
6
CONTINUOUS
10
5.0872441338582677
20
-3.9307398031496064
11
5.087358622047244
21
-3.9317273228346457
0
LINE
8
BLACK
6
CONTINUOUS
10
5.087358622047244
20
-3.9317273228346457
11
5.0891422834645672
21
-3.9357668897637796
0
LINE
8
BLACK
6
CONTINUOUS
10
5.0891422834645672
20
-3.9357668897637796
11
5.0894383070866143
21
-3.9360629527559055
0
LINE
8
BLACK
6
CONTINUOUS
10
5.0894383070866143
20
-3.9360629527559055
11
5.0905318503937007
21
-3.9382092913385827
0
LINE
8
BLACK
6
CONTINUOUS
10
5.0905318503937007
20
-3.9382092913385827
11
5.0901549212598427
21
-3.9405885039370077
0
LINE
8
BLACK
6
CONTINUOUS
10
5.0901549212598427
20
-3.9405885039370077
11
5.0894383070866143
21
-3.9415748425196848
0
LINE
8
BLACK
6
CONTINUOUS
10
5.0894383070866143
20
-3.9415748425196848
11
5.0891422834645672
21
-3.9418708661417323
0
LINE
8
BLACK
6
CONTINUOUS
10
5.0891422834645672
20
-3.9418708661417323
11
5.087358622047244
21
-3.9459105118110234
0
LINE
8
BLACK
6
CONTINUOUS
10
5.087358622047244
20
-3.9459105118110234
11
5.0872440944881889
21
-3.9468977165354331
0
LINE
8
BLACK
6
CONTINUOUS
10
5.0872440944881889
20
-3.9468977165354331
11
5.0872440944881889
21
-3.9525983858267715
0
LINE
8
BLACK
6
CONTINUOUS
10
5.0872440944881889
20
-3.9525983858267715
11
5.0872441338582677
21
-3.9525984251968502
0
LINE
8
BLACK
6
CONTINUOUS
10
5.0872441338582677
20
-3.9525984251968502
11
5.0990551181102362
21
-3.9525984251968502
0
LINE
8
BLACK
6
CONTINUOUS
10
5.0990551181102362
20
-3.9525984251968502
11
5.0990551181102362
21
-3.9486614173228345
0
LINE
8
BLACK
6
CONTINUOUS
10
5.0990551181102362
20
-3.9486614173228345
11
5.1325196850393704
21
-3.9486614173228345
0
LINE
8
BLACK
6
CONTINUOUS
10
5.1325196850393704
20
-3.9486614173228345
11
5.1325196850393704
21
-3.9289763779527558
0
LINE
8
BLACK
6
CONTINUOUS
10
5.1325196850393704
20
-3.9289763779527558
11
5.0990551181102362
21
-3.9289763779527558
0
LINE
8
BLACK
6
CONTINUOUS
10
5.0990551181102362
20
-3.9289763779527558
11
5.0990551181102362
21
-3.92503937007874
0
LINE
8
BLACK
6
CONTINUOUS
10
5.0990551181102362
20
-3.92503937007874
11
5.0872441732283464
21
-3.92503937007874
0
LINE
8
BLACK
6
CONTINUOUS
10
5.0872441732283464
20
-3.92503937007874
11
5.0872441338582677
21
-3.9250394094488188
0
LINE
8
BLACK
6
CONTINUOUS
10
4.9654018503937003
20
-3.9230709055118109
11
4.9644143700787398
21
-3.9231853937007872
0
LINE
8
BLACK
6
CONTINUOUS
10
4.9644143700787398
20
-3.9231853937007872
11
4.9603748818897637
21
-3.9249690157480313
0
LINE
8
BLACK
6
CONTINUOUS
10
4.9603748818897637
20
-3.9249690157480313
11
4.9572524803149607
21
-3.9280914173228347
0
LINE
8
BLACK
6
CONTINUOUS
10
4.9572524803149607
20
-3.9280914173228347
11
4.9554688582677162
21
-3.9321309842519683
0
LINE
8
BLACK
6
CONTINUOUS
10
4.9554688582677162
20
-3.9321309842519683
11
4.9553543307086612
21
-3.933118188976378
0
LINE
8
BLACK
6
CONTINUOUS
10
4.9553543307086612
20
-3.933118188976378
11
4.9553543307086612
21
-3.9466928740157479
0
LINE
8
BLACK
6
CONTINUOUS
10
4.9553543307086612
20
-3.9466928740157479
11
4.9553543700787399
21
-3.9466929133858266
0
LINE
8
BLACK
6
CONTINUOUS
10
4.9553543700787399
20
-3.9466929133858266
11
4.9671653543307084
21
-3.9466929133858266
0
LINE
8
BLACK
6
CONTINUOUS
10
4.9671653543307084
20
-3.9466929133858266
11
4.9671653543307084
21
-3.9348818897637794
0
LINE
8
BLACK
6
CONTINUOUS
10
4.9671653543307084
20
-3.9348818897637794
11
4.9966929133858269
21
-3.9348818897637794
0
LINE
8
BLACK
6
CONTINUOUS
10
4.9966929133858269
20
-3.9348818897637794
11
4.9966929133858269
21
-3.9230709055118109
0
LINE
8
BLACK
6
CONTINUOUS
10
4.9966929133858269
20
-3.9230709055118109
11
4.9966928740157481
21
-3.9230708661417322
0
LINE
8
BLACK
6
CONTINUOUS
10
4.9966928740157481
20
-3.9230708661417322
11
4.9654019685039366
21
-3.9230708661417322
0
LINE
8
BLACK
6
CONTINUOUS
10
4.9654019685039366
20
-3.9230708661417322
11
4.9654018503937003
21
-3.9230709055118109
0
LINE
8
BLACK
6
CONTINUOUS
10
4.9061417322834648
20
-3.8896062992125984
11
4.8726771653543306
21
-3.8896062992125984
0
LINE
8
BLACK
6
CONTINUOUS
10
4.8726771653543306
20
-3.8896062992125984
11
4.8726771653543306
21
-3.9092913385826771
0
LINE
8
BLACK
6
CONTINUOUS
10
4.8726771653543306
20
-3.9092913385826771
11
4.9061417322834648
21
-3.9092913385826771
0
LINE
8
BLACK
6
CONTINUOUS
10
4.9061417322834648
20
-3.9092913385826771
11
4.9061417322834648
21
-3.9132283464566928
0
LINE
8
BLACK
6
CONTINUOUS
10
4.9061417322834648
20
-3.9132283464566928
11
4.9179526771653546
21
-3.9132283464566928
0
LINE
8
BLACK
6
CONTINUOUS
10
4.9179526771653546
20
-3.9132283464566928
11
4.9179527165354333
21
-3.9132283070866141
0
LINE
8
BLACK
6
CONTINUOUS
10
4.9179527165354333
20
-3.9132283070866141
11
4.9179527165354333
21
-3.9075279527559053
0
LINE
8
BLACK
6
CONTINUOUS
10
4.9179527165354333
20
-3.9075279527559053
11
4.9179526771653546
21
-3.9075278740157477
0
LINE
8
BLACK
6
CONTINUOUS
10
4.9179526771653546
20
-3.9075278740157477
11
4.9178381889763783
21
-3.9065403543307085
0
LINE
8
BLACK
6
CONTINUOUS
10
4.9178381889763783
20
-3.9065403543307085
11
4.9160545669291338
21
-3.9025008661417324
0
LINE
8
BLACK
6
CONTINUOUS
10
4.9160545669291338
20
-3.9025008661417324
11
4.9157585826771655
21
-3.9022048818897637
0
LINE
8
BLACK
6
CONTINUOUS
10
4.9157585826771655
20
-3.9022048818897637
11
4.9146650000000003
21
-3.9000585433070865
0
LINE
8
BLACK
6
CONTINUOUS
10
4.9146650000000003
20
-3.9000585433070865
11
4.915041811023622
21
-3.8976793307086615
0
LINE
8
BLACK
6
CONTINUOUS
10
4.915041811023622
20
-3.8976793307086615
11
4.9157585826771655
21
-3.8966927559055118
0
LINE
8
BLACK
6
CONTINUOUS
10
4.9157585826771655
20
-3.8966927559055118
11
4.9160545669291338
21
-3.8963967322834643
0
LINE
8
BLACK
6
CONTINUOUS
10
4.9160545669291338
20
-3.8963967322834643
11
4.9178381889763783
21
-3.8923571653543307
0
LINE
8
BLACK
6
CONTINUOUS
10
4.9178381889763783
20
-3.8923571653543307
11
4.9179289370078738
21
-3.891574842519685
0
LINE
8
BLACK
6
CONTINUOUS
10
4.9179289370078738
20
-3.891574842519685
11
4.9179527165354333
21
-3.891369960629921
0
LINE
8
BLACK
6
CONTINUOUS
10
4.9179527165354333
20
-3.891369960629921
11
4.9179527559055121
21
-3.8913698818897635
0
LINE
8
BLACK
6
CONTINUOUS
10
4.9179527559055121
20
-3.8913698818897635
11
4.9179527559055121
21
-3.8856693307086614
0
LINE
8
BLACK
6
CONTINUOUS
10
4.9179527559055121
20
-3.8856693307086614
11
4.9179527165354333
21
-3.8856692913385826
0
LINE
8
BLACK
6
CONTINUOUS
10
4.9179527165354333
20
-3.8856692913385826
11
4.9061417322834648
21
-3.8856692913385826
0
LINE
8
BLACK
6
CONTINUOUS
10
4.9061417322834648
20
-3.8856692913385826
11
4.9061417322834648
21
-3.8896062992125984
0
LINE
8
BLACK
6
CONTINUOUS
10
5.0380314960629917
20
-3.9033858267716535
11
5.0085039370078741
21
-3.9033858267716535
0
LINE
8
BLACK
6
CONTINUOUS
10
5.0085039370078741
20
-3.9033858267716535
11
5.0085039370078741
21
-3.9151967716535432
0
LINE
8
BLACK
6
CONTINUOUS
10
5.0085039370078741
20
-3.9151967716535432
11
5.0085039763779529
21
-3.9151968110236219
0
LINE
8
BLACK
6
CONTINUOUS
10
5.0085039763779529
20
-3.9151968110236219
11
5.0397948818897635
21
-3.9151968110236219
0
LINE
8
BLACK
6
CONTINUOUS
10
5.0397948818897635
20
-3.9151968110236219
11
5.0397949212598423
21
-3.9151967716535432
0
LINE
8
BLACK
6
CONTINUOUS
10
5.0397949212598423
20
-3.9151967716535432
11
5.0407824409448816
21
-3.9150822834645669
0
LINE
8
BLACK
6
CONTINUOUS
10
5.0407824409448816
20
-3.9150822834645669
11
5.0448219291338585
21
-3.9132986614173229
0
LINE
8
BLACK
6
CONTINUOUS
10
5.0448219291338585
20
-3.9132986614173229
11
5.0479443307086616
21
-3.9101762598425194
0
LINE
8
BLACK
6
CONTINUOUS
10
5.0479443307086616
20
-3.9101762598425194
11
5.0491137795275591
21
-3.9075276377952757
0
LINE
8
BLACK
6
CONTINUOUS
10
5.0491137795275591
20
-3.9075276377952757
11
5.0497279527559051
21
-3.9061366929133858
0
LINE
8
BLACK
6
CONTINUOUS
10
5.0497279527559051
20
-3.9061366929133858
11
5.0498424803149602
21
-3.9051494881889761
0
LINE
8
BLACK
6
CONTINUOUS
10
5.0498424803149602
20
-3.9051494881889761
11
5.0498425196850389
21
-3.9051494094488186
0
LINE
8
BLACK
6
CONTINUOUS
10
5.0498425196850389
20
-3.9051494094488186
11
5.0498425196850389
21
-3.891574842519685
0
LINE
8
BLACK
6
CONTINUOUS
10
5.0498425196850389
20
-3.891574842519685
11
5.0498424803149602
21
-3.8915748031496062
0
LINE
8
BLACK
6
CONTINUOUS
10
5.0498424803149602
20
-3.8915748031496062
11
5.0380314960629917
21
-3.8915748031496062
0
LINE
8
BLACK
6
CONTINUOUS
10
5.0380314960629917
20
-3.8915748031496062
11
5.0380314960629917
21
-3.9033858267716535
0
LINE
8
BLACK
6
CONTINUOUS
10
5.177795275590551
20
-3.8896062992125984
11
5.1443307086614176
21
-3.8896062992125984
0
LINE
8
BLACK
6
CONTINUOUS
10
5.1443307086614176
20
-3.8896062992125984
11
5.1443307086614176
21
-3.9092913385826771
0
LINE
8
BLACK
6
CONTINUOUS
10
5.1443307086614176
20
-3.9092913385826771
11
5.177795275590551
21
-3.9092913385826771
0
LINE
8
BLACK
6
CONTINUOUS
10
5.177795275590551
20
-3.9092913385826771
11
5.177795275590551
21
-3.9132283464566928
0
LINE
8
BLACK
6
CONTINUOUS
10
5.177795275590551
20
-3.9132283464566928
11
5.1896062204724407
21
-3.9132283464566928
0
LINE
8
BLACK
6
CONTINUOUS
10
5.1896062204724407
20
-3.9132283464566928
11
5.1896062598425194
21
-3.9132283070866141
0
LINE
8
BLACK
6
CONTINUOUS
10
5.1896062598425194
20
-3.9132283070866141
11
5.1896062598425194
21
-3.9075279527559053
0
LINE
8
BLACK
6
CONTINUOUS
10
5.1896062598425194
20
-3.9075279527559053
11
5.1896062204724407
21
-3.9075278740157477
0
LINE
8
BLACK
6
CONTINUOUS
10
5.1896062204724407
20
-3.9075278740157477
11
5.1894917322834644
21
-3.9065403543307085
0
LINE
8
BLACK
6
CONTINUOUS
10
5.1894917322834644
20
-3.9065403543307085
11
5.1877081102362199
21
-3.9025008661417324
0
LINE
8
BLACK
6
CONTINUOUS
10
5.1877081102362199
20
-3.9025008661417324
11
5.1874121259842516
21
-3.9022048818897637
0
LINE
8
BLACK
6
CONTINUOUS
10
5.1874121259842516
20
-3.9022048818897637
11
5.1863185433070864
21
-3.9000585433070865
0
LINE
8
BLACK
6
CONTINUOUS
10
5.1863185433070864
20
-3.9000585433070865
11
5.1866953543307082
21
-3.8976793307086615
0
LINE
8
BLACK
6
CONTINUOUS
10
5.1866953543307082
20
-3.8976793307086615
11
5.1874121259842516
21
-3.8966927559055118
0
LINE
8
BLACK
6
CONTINUOUS
10
5.1874121259842516
20
-3.8966927559055118
11
5.1877081102362199
21
-3.8963967322834643
0
LINE
8
BLACK
6
CONTINUOUS
10
5.1877081102362199
20
-3.8963967322834643
11
5.1894917322834644
21
-3.8923571653543307
0
LINE
8
BLACK
6
CONTINUOUS
10
5.1894917322834644
20
-3.8923571653543307
11
5.1896062598425194
21
-3.891369960629921
0
LINE
8
BLACK
6
CONTINUOUS
10
5.1896062598425194
20
-3.891369960629921
11
5.1896062992125982
21
-3.8913698818897635
0
LINE
8
BLACK
6
CONTINUOUS
10
5.1896062992125982
20
-3.8913698818897635
11
5.1896062992125982
21
-3.8856693307086614
0
LINE
8
BLACK
6
CONTINUOUS
10
5.1896062992125982
20
-3.8856693307086614
11
5.1896062598425194
21
-3.8856692913385826
0
LINE
8
BLACK
6
CONTINUOUS
10
5.1896062598425194
20
-3.8856692913385826
11
5.177795275590551
21
-3.8856692913385826
0
LINE
8
BLACK
6
CONTINUOUS
10
5.177795275590551
20
-3.8856692913385826
11
5.177795275590551
21
-3.8896062992125984
0
LINE
8
BLACK
6
CONTINUOUS
10
5.0872441338582677
20
-3.8856693307086614
11
5.0872441338582677
21
-3.8913697244094489
0
LINE
8
BLACK
6
CONTINUOUS
10
5.0872441338582677
20
-3.8913697244094489
11
5.087358622047244
21
-3.8923572440944882
0
LINE
8
BLACK
6
CONTINUOUS
10
5.087358622047244
20
-3.8923572440944882
11
5.0891422834645672
21
-3.8963968110236218
0
LINE
8
BLACK
6
CONTINUOUS
10
5.0891422834645672
20
-3.8963968110236218
11
5.0894383070866143
21
-3.896692874015748
0
LINE
8
BLACK
6
CONTINUOUS
10
5.0894383070866143
20
-3.896692874015748
11
5.0905318503937007
21
-3.8988392125984253
0
LINE
8
BLACK
6
CONTINUOUS
10
5.0905318503937007
20
-3.8988392125984253
11
5.0901549212598427
21
-3.9012184251968502
0
LINE
8
BLACK
6
CONTINUOUS
10
5.0901549212598427
20
-3.9012184251968502
11
5.0894383070866143
21
-3.9022047637795274
0
LINE
8
BLACK
6
CONTINUOUS
10
5.0894383070866143
20
-3.9022047637795274
11
5.0891422834645672
21
-3.9025007874015749
0
LINE
8
BLACK
6
CONTINUOUS
10
5.0891422834645672
20
-3.9025007874015749
11
5.087358622047244
21
-3.906540433070866
0
LINE
8
BLACK
6
CONTINUOUS
10
5.087358622047244
20
-3.906540433070866
11
5.0872440944881889
21
-3.9075276377952757
0
LINE
8
BLACK
6
CONTINUOUS
10
5.0872440944881889
20
-3.9075276377952757
11
5.0872440944881889
21
-3.9132283070866141
0
LINE
8
BLACK
6
CONTINUOUS
10
5.0872440944881889
20
-3.9132283070866141
11
5.0872441338582677
21
-3.9132283464566928
0
LINE
8
BLACK
6
CONTINUOUS
10
5.0872441338582677
20
-3.9132283464566928
11
5.0990551181102362
21
-3.9132283464566928
0
LINE
8
BLACK
6
CONTINUOUS
10
5.0990551181102362
20
-3.9132283464566928
11
5.0990551181102362
21
-3.9092913385826771
0
LINE
8
BLACK
6
CONTINUOUS
10
5.0990551181102362
20
-3.9092913385826771
11
5.1325196850393704
21
-3.9092913385826771
0
LINE
8
BLACK
6
CONTINUOUS
10
5.1325196850393704
20
-3.9092913385826771
11
5.1325196850393704
21
-3.8896062992125984
0
LINE
8
BLACK
6
CONTINUOUS
10
5.1325196850393704
20
-3.8896062992125984
11
5.0990551181102362
21
-3.8896062992125984
0
LINE
8
BLACK
6
CONTINUOUS
10
5.0990551181102362
20
-3.8896062992125984
11
5.0990551181102362
21
-3.8856692913385826
0
LINE
8
BLACK
6
CONTINUOUS
10
5.0990551181102362
20
-3.8856692913385826
11
5.0872441732283464
21
-3.8856692913385826
0
LINE
8
BLACK
6
CONTINUOUS
10
5.0872441732283464
20
-3.8856692913385826
11
5.0872441338582677
21
-3.8856693307086614
0
LINE
8
BLACK
6
CONTINUOUS
10
4.8726771653543306
20
-3.8699212598425197
11
4.9061417322834648
21
-3.8699212598425197
0
LINE
8
BLACK
6
CONTINUOUS
10
4.9061417322834648
20
-3.8699212598425197
11
4.9061417322834648
21
-3.8738582677165354
0
LINE
8
BLACK
6
CONTINUOUS
10
4.9061417322834648
20
-3.8738582677165354
11
4.9179526771653546
21
-3.8738582677165354
0
LINE
8
BLACK
6
CONTINUOUS
10
4.9179526771653546
20
-3.8738582677165354
11
4.9179527165354333
21
-3.8738582283464567
0
LINE
8
BLACK
6
CONTINUOUS
10
4.9179527165354333
20
-3.8738582283464567
11
4.9179527165354333
21
-3.8681578740157478
0
LINE
8
BLACK
6
CONTINUOUS
10
4.9179527165354333
20
-3.8681578740157478
11
4.9179526771653546
21
-3.8681577952755903
0
LINE
8
BLACK
6
CONTINUOUS
10
4.9179526771653546
20
-3.8681577952755903
11
4.9178381889763783
21
-3.867170275590551
0
LINE
8
BLACK
6
CONTINUOUS
10
4.9178381889763783
20
-3.867170275590551
11
4.9171317716535432
21
-3.8655703937007875
0
LINE
8
BLACK
6
CONTINUOUS
10
4.9171317716535432
20
-3.8655703937007875
11
4.916887362204724
21
-3.8631739370078741
0
LINE
8
BLACK
6
CONTINUOUS
10
4.916887362204724
20
-3.8631739370078741
11
4.9180982283464569
21
-3.8610915354330708
0
LINE
8
BLACK
6
CONTINUOUS
10
4.9180982283464569
20
-3.8610915354330708
11
4.9203018503937006
21
-3.8601185433070864
0
LINE
8
BLACK
6
CONTINUOUS
10
4.9203018503937006
20
-3.8601185433070864
11
4.9206973228346458
21
-3.8600984251968504
0
LINE
8
BLACK
6
CONTINUOUS
10
4.9206973228346458
20
-3.8600984251968504
11
4.9344782283464568
21
-3.8600984251968504
0
LINE
8
BLACK
6
CONTINUOUS
10
4.9344782283464568
20
-3.8600984251968504
11
4.9344782677165355
21
-3.8600984251968504
0
LINE
8
BLACK
6
CONTINUOUS
10
4.9344782677165355
20
-3.8600984251968504
11
4.936780748031496
21
-3.859640433070866
0
LINE
8
BLACK
6
CONTINUOUS
10
4.936780748031496
20
-3.859640433070866
11
4.9393918110236221
21
-3.8578957480314959
0
LINE
8
BLACK
6
CONTINUOUS
10
4.9393918110236221
20
-3.8578957480314959
11
4.9403025590551177
21
-3.8565326771653541
0
LINE
8
BLACK
6
CONTINUOUS
10
4.9403025590551177
20
-3.8565326771653541
11
4.9421942913385823
21
-3.8550414173228345
0
LINE
8
BLACK
6
CONTINUOUS
10
4.9421942913385823
20
-3.8550414173228345
11
4.9446012992125983
21
-3.8549468503937008
0
LINE
8
BLACK
6
CONTINUOUS
10
4.9446012992125983
20
-3.8549468503937008
11
4.9466041732283461
21
-3.8562851574803148
0
LINE
8
BLACK
6
CONTINUOUS
10
4.9466041732283461
20
-3.8562851574803148
11
4.9467838582677164
21
-3.856532440944882
0
LINE
8
BLACK
6
CONTINUOUS
10
4.9467838582677164
20
-3.856532440944882
11
4.9476948031496057
21
-3.8578957480314959
0
LINE
8
BLACK
6
CONTINUOUS
10
4.9476948031496057
20
-3.8578957480314959
11
4.9503058661417318
21
-3.859640433070866
0
LINE
8
BLACK
6
CONTINUOUS
10
4.9503058661417318
20
-3.859640433070866
11
4.9525420078740154
21
-3.8600851968503935
0
LINE
8
BLACK
6
CONTINUOUS
10
4.9525420078740154
20
-3.8600851968503935
11
4.9546437007874014
21
-3.8612622440944881
0
LINE
8
BLACK
6
CONTINUOUS
10
4.9546437007874014
20
-3.8612622440944881
11
4.9556522047244096
21
-3.8634498425196848
0
LINE
8
BLACK
6
CONTINUOUS
10
4.9556522047244096
20
-3.8634498425196848
11
4.9555425196850393
21
-3.8649310629921261
0
LINE
8
BLACK
6
CONTINUOUS
10
4.9555425196850393
20
-3.8649310629921261
11
4.955468897637795
21
-3.8652016535433069
0
LINE
8
BLACK
6
CONTINUOUS
10
4.955468897637795
20
-3.8652016535433069
11
4.9553543307086612
21
-3.86618905511811
0
LINE
8
BLACK
6
CONTINUOUS
10
4.9553543307086612
20
-3.86618905511811
11
4.9553543307086612
21
-3.8797637401574803
0
LINE
8
BLACK
6
CONTINUOUS
10
4.9553543307086612
20
-3.8797637401574803
11
4.9553543700787399
21
-3.879763779527559
0
LINE
8
BLACK
6
CONTINUOUS
10
4.9553543700787399
20
-3.879763779527559
11
4.9671653543307084
21
-3.879763779527559
0
LINE
8
BLACK
6
CONTINUOUS
10
4.9671653543307084
20
-3.879763779527559
11
4.9671653543307084
21
-3.8679527559055118
0
LINE
8
BLACK
6
CONTINUOUS
10
4.9671653543307084
20
-3.8679527559055118
11
5.0380314960629917
21
-3.8679527559055118
0
LINE
8
BLACK
6
CONTINUOUS
10
5.0380314960629917
20
-3.8679527559055118
11
5.0380314960629917
21
-3.879763779527559
0
LINE
8
BLACK
6
CONTINUOUS
10
5.0380314960629917
20
-3.879763779527559
11
5.0498424409448814
21
-3.879763779527559
0
LINE
8
BLACK
6
CONTINUOUS
10
5.0498424409448814
20
-3.879763779527559
11
5.0498424803149602
21
-3.8797637401574803
0
LINE
8
BLACK
6
CONTINUOUS
10
5.0498424803149602
20
-3.8797637401574803
11
5.0498424803149602
21
-3.86618937007874
0
LINE
8
BLACK
6
CONTINUOUS
10
5.0498424803149602
20
-3.86618937007874
11
5.0498424409448814
21
-3.8661892913385825
0
LINE
8
BLACK
6
CONTINUOUS
10
5.0498424409448814
20
-3.8661892913385825
11
5.0497279133858264
21
-3.8652016929133857
0
LINE
8
BLACK
6
CONTINUOUS
10
5.0497279133858264
20
-3.8652016929133857
11
5.0496543307086617
21
-3.8649311023622048
0
LINE
8
BLACK
6
CONTINUOUS
10
5.0496543307086617
20
-3.8649311023622048
11
5.049771220472441
21
-3.8625250787401573
0
LINE
8
BLACK
6
CONTINUOUS
10
5.049771220472441
20
-3.8625250787401573
11
5.0512800000000002
21
-3.8606472440944879
0
LINE
8
BLACK
6
CONTINUOUS
10
5.0512800000000002
20
-3.8606472440944879
11
5.0526547244094484
21
-3.8600852362204723
0
LINE
8
BLACK
6
CONTINUOUS
10
5.0526547244094484
20
-3.8600852362204723
11
5.0548909842519683
21
-3.859640433070866
0
LINE
8
BLACK
6
CONTINUOUS
10
5.0548909842519683
20
-3.859640433070866
11
5.0575020472440944
21
-3.8578957480314959
0
LINE
8
BLACK
6
CONTINUOUS
10
5.0575020472440944
20
-3.8578957480314959
11
5.0584127952755908
21
-3.8565326771653541
0
LINE
8
BLACK
6
CONTINUOUS
10
5.0584127952755908
20
-3.8565326771653541
11
5.0603045275590546
21
-3.8550414173228345
0
LINE
8
BLACK
6
CONTINUOUS
10
5.0603045275590546
20
-3.8550414173228345
11
5.0627115354330705
21
-3.8549468503937008
0
LINE
8
BLACK
6
CONTINUOUS
10
5.0627115354330705
20
-3.8549468503937008
11
5.0647144094488183
21
-3.8562851574803148
0
LINE
8
BLACK
6
CONTINUOUS
10
5.0647144094488183
20
-3.8562851574803148
11
5.0648940944881886
21
-3.856532440944882
0
LINE
8
BLACK
6
CONTINUOUS
10
5.0648940944881886
20
-3.856532440944882
11
5.0658050393700789
21
-3.8578957480314959
0
LINE
8
BLACK
6
CONTINUOUS
10
5.0658050393700789
20
-3.8578957480314959
11
5.068416102362205
21
-3.859640433070866
0
LINE
8
BLACK
6
CONTINUOUS
10
5.068416102362205
20
-3.859640433070866
11
5.0701665748031495
21
-3.8599886220472439
0
LINE
8
BLACK
6
CONTINUOUS
10
5.0701665748031495
20
-3.8599886220472439
11
5.0707181496062992
21
-3.8600983464566929
0
LINE
8
BLACK
6
CONTINUOUS
10
5.0707181496062992
20
-3.8600983464566929
11
5.0707183464566929
21
-3.8600983464566929
0
LINE
8
BLACK
6
CONTINUOUS
10
5.0707183464566929
20
-3.8600983464566929
11
5.0707185826771655
21
-3.8600984251968504
0
LINE
8
BLACK
6
CONTINUOUS
10
5.0707185826771655
20
-3.8600984251968504
11
5.0707186220472442
21
-3.8600984251968504
0
LINE
8
BLACK
6
CONTINUOUS
10
5.0707186220472442
20
-3.8600984251968504
11
5.0844995275590552
21
-3.8600984251968504
0
LINE
8
BLACK
6
CONTINUOUS
10
5.0844995275590552
20
-3.8600984251968504
11
5.0867905118110235
21
-3.8608427952755906
0
LINE
8
BLACK
6
CONTINUOUS
10
5.0867905118110235
20
-3.8608427952755906
11
5.0882064173228345
21
-3.8627916141732284
0
LINE
8
BLACK
6
CONTINUOUS
10
5.0882064173228345
20
-3.8627916141732284
11
5.0882064173228345
21
-3.8652005118110235
0
LINE
8
BLACK
6
CONTINUOUS
10
5.0882064173228345
20
-3.8652005118110235
11
5.0880650787401578
21
-3.8655703543307087
0
LINE
8
BLACK
6
CONTINUOUS
10
5.0880650787401578
20
-3.8655703543307087
11
5.0873586614173227
21
-3.8671702362204723
0
LINE
8
BLACK
6
CONTINUOUS
10
5.0873586614173227
20
-3.8671702362204723
11
5.087358622047244
21
-3.8671703543307085
0
LINE
8
BLACK
6
CONTINUOUS
10
5.087358622047244
20
-3.8671703543307085
11
5.0872440944881889
21
-3.8681575590551178
0
LINE
8
BLACK
6
CONTINUOUS
10
5.0872440944881889
20
-3.8681575590551178
11
5.0872440944881889
21
-3.8738582283464567
0
LINE
8
BLACK
6
CONTINUOUS
10
5.0872440944881889
20
-3.8738582283464567
11
5.0872441338582677
21
-3.8738582677165354
0
LINE
8
BLACK
6
CONTINUOUS
10
5.0872441338582677
20
-3.8738582677165354
11
5.0990551181102362
21
-3.8738582677165354
0
LINE
8
BLACK
6
CONTINUOUS
10
5.0990551181102362
20
-3.8738582677165354
11
5.0990551181102362
21
-3.8699212598425197
0
LINE
8
BLACK
6
CONTINUOUS
10
5.0990551181102362
20
-3.8699212598425197
11
5.1325196850393704
21
-3.8699212598425197
0
LINE
8
BLACK
6
CONTINUOUS
10
5.1325196850393704
20
-3.8699212598425197
11
5.1325196850393704
21
-3.8581102755905512
0
LINE
8
BLACK
6
CONTINUOUS
10
5.1325196850393704
20
-3.8581102755905512
11
5.1325196456692916
21
-3.8581102362204724
0
LINE
8
BLACK
6
CONTINUOUS
10
5.1325196456692916
20
-3.8581102362204724
11
5.10280405511811
21
-3.8581102362204724
0
LINE
8
BLACK
6
CONTINUOUS
10
5.10280405511811
20
-3.8581102362204724
11
5.1005130708661417
21
-3.8573658661417323
0
LINE
8
BLACK
6
CONTINUOUS
10
5.1005130708661417
20
-3.8573658661417323
11
5.0990971653543307
21
-3.8554170472440945
0
LINE
8
BLACK
6
CONTINUOUS
10
5.0990971653543307
20
-3.8554170472440945
11
5.0989813385826768
21
-3.853452086614173
0
LINE
8
BLACK
6
CONTINUOUS
10
5.0989813385826768
20
-3.853452086614173
11
5.0990747637795275
21
-3.8529824015748031
0
LINE
8
BLACK
6
CONTINUOUS
10
5.0990747637795275
20
-3.8529824015748031
11
5.0990748031496063
21
-3.8529821259842518
0
LINE
8
BLACK
6
CONTINUOUS
10
5.0990748031496063
20
-3.8529821259842518
11
5.0990748031496063
21
-3.8059999606299213
0
LINE
8
BLACK
6
CONTINUOUS
10
5.0990748031496063
20
-3.8059999606299213
11
5.0990748031496063
21
-3.7726871259842518
0
LINE
8
BLACK
6
CONTINUOUS
10
5.0990748031496063
20
-3.7726871259842518
11
5.0990747244094488
21
-3.7726866535433068
0
LINE
8
BLACK
6
CONTINUOUS
10
5.0990747244094488
20
-3.7726866535433068
11
5.0988951574803147
21
-3.7717840157480316
0
LINE
8
BLACK
6
CONTINUOUS
10
5.0988951574803147
20
-3.7717840157480316
11
5.0986168110236223
21
-3.7703846062992126
0
LINE
8
BLACK
6
CONTINUOUS
10
5.0986168110236223
20
-3.7703846062992126
11
5.0968721259842518
21
-3.7677735433070865
0
LINE
8
BLACK
6
CONTINUOUS
10
5.0968721259842518
20
-3.7677735433070865
11
5.0957481102362205
21
-3.7670224803149606
0
LINE
8
BLACK
6
CONTINUOUS
10
5.0957481102362205
20
-3.7670224803149606
11
5.0942611417322832
21
-3.7660288976377951
0
LINE
8
BLACK
6
CONTINUOUS
10
5.0942611417322832
20
-3.7660288976377951
11
5.0942610629921257
21
-3.7660288582677164
0
LINE
8
BLACK
6
CONTINUOUS
10
5.0942610629921257
20
-3.7660288582677164
11
5.0942609448818894
21
-3.7660288188976376
0
LINE
8
BLACK
6
CONTINUOUS
10
5.0942609448818894
20
-3.7660288188976376
11
5.0942609055118107
21
-3.7660288188976376
0
LINE
8
BLACK
6
CONTINUOUS
10
5.0942609055118107
20
-3.7660288188976376
11
5.0919589763779527
21
-3.7655709055118107
0
LINE
8
BLACK
6
CONTINUOUS
10
5.0919589763779527
20
-3.7655709055118107
11
5.0919585826771652
21
-3.765570866141732
0
LINE
8
BLACK
6
CONTINUOUS
10
5.0919585826771652
20
-3.765570866141732
11
5.0707185826771655
21
-3.765570866141732
0
LINE
8
BLACK
6
CONTINUOUS
10
5.0707185826771655
20
-3.765570866141732
11
5.0707185433070867
21
-3.765570866141732
0
LINE
8
BLACK
6
CONTINUOUS
10
5.0707185433070867
20
-3.765570866141732
11
5.0707181496062992
21
-3.7655709055118107
0
LINE
8
BLACK
6
CONTINUOUS
10
5.0707181496062992
20
-3.7655709055118107
11
5.0684162204724412
21
-3.7660288188976376
0
LINE
8
BLACK
6
CONTINUOUS
10
5.0684162204724412
20
-3.7660288188976376
11
5.0684159842519687
21
-3.7660288976377951
0
LINE
8
BLACK
6
CONTINUOUS
10
5.0684159842519687
20
-3.7660288976377951
11
5.0658051574803151
21
-3.7677734251968502
0
LINE
8
BLACK
6
CONTINUOUS
10
5.0658051574803151
20
-3.7677734251968502
11
5.0658049212598426
21
-3.7677736614173227
0
LINE
8
BLACK
6
CONTINUOUS
10
5.0658049212598426
20
-3.7677736614173227
11
5.0648942913385824
21
-3.7691365354330708
0
LINE
8
BLACK
6
CONTINUOUS
10
5.0648942913385824
20
-3.7691365354330708
11
5.063002519685039
21
-3.7706278346456692
0
LINE
8
BLACK
6
CONTINUOUS
10
5.063002519685039
20
-3.7706278346456692
11
5.0605955118110231
21
-3.7707224015748029
0
LINE
8
BLACK
6
CONTINUOUS
10
5.0605955118110231
20
-3.7707224015748029
11
5.0585926377952752
21
-3.7693840551181101
0
LINE
8
BLACK
6
CONTINUOUS
10
5.0585926377952752
20
-3.7693840551181101
11
5.0584127952755908
21
-3.7691365354330708
0
LINE
8
BLACK
6
CONTINUOUS
10
5.0584127952755908
20
-3.7691365354330708
11
5.0575021259842519
21
-3.7677736614173227
0
LINE
8
BLACK
6
CONTINUOUS
10
5.0575021259842519
20
-3.7677736614173227
11
5.0575020472440944
21
-3.7677735433070865
0
LINE
8
BLACK
6
CONTINUOUS
10
5.0575020472440944
20
-3.7677735433070865
11
5.0563780314960631
21
-3.7670224803149606
0
LINE
8
BLACK
6
CONTINUOUS
10
5.0563780314960631
20
-3.7670224803149606
11
5.0548910629921258
21
-3.7660288976377951
0
LINE
8
BLACK
6
CONTINUOUS
10
5.0548910629921258
20
-3.7660288976377951
11
5.0548909842519683
21
-3.7660288582677164
0
LINE
8
BLACK
6
CONTINUOUS
10
5.0548909842519683
20
-3.7660288582677164
11
5.054890866141732
21
-3.7660288188976376
0
LINE
8
BLACK
6
CONTINUOUS
10
5.054890866141732
20
-3.7660288188976376
11
5.0548908267716532
21
-3.7660288188976376
0
LINE
8
BLACK
6
CONTINUOUS
10
5.0548908267716532
20
-3.7660288188976376
11
5.0525888976377953
21
-3.7655709055118107
0
LINE
8
BLACK
6
CONTINUOUS
10
5.0525888976377953
20
-3.7655709055118107
11
5.0525885039370078
21
-3.765570866141732
0
LINE
8
BLACK
6
CONTINUOUS
10
5.0525885039370078
20
-3.765570866141732
11
5.0313485039370081
21
-3.765570866141732
0
LINE
8
BLACK
6
CONTINUOUS
10
5.0313485039370081
20
-3.765570866141732
11
5.0313484645669293
21
-3.765570866141732
0
LINE
8
BLACK
6
CONTINUOUS
10
5.0313484645669293
20
-3.765570866141732
11
5.0313480708661418
21
-3.7655709055118107
0
LINE
8
BLACK
6
CONTINUOUS
10
5.0313480708661418
20
-3.7655709055118107
11
5.0290461417322829
21
-3.7660288188976376
0
LINE
8
BLACK
6
CONTINUOUS
10
5.0290461417322829
20
-3.7660288188976376
11
5.0290459055118113
21
-3.7660288976377951
0
LINE
8
BLACK
6
CONTINUOUS
10
5.0290459055118113
20
-3.7660288976377951
11
5.0264350787401577
21
-3.7677734251968502
0
LINE
8
BLACK
6
CONTINUOUS
10
5.0264350787401577
20
-3.7677734251968502
11
5.0264348425196852
21
-3.7677736614173227
0
LINE
8
BLACK
6
CONTINUOUS
10
5.0264348425196852
20
-3.7677736614173227
11
5.025524212598425
21
-3.7691365354330708
0
LINE
8
BLACK
6
CONTINUOUS
10
5.025524212598425
20
-3.7691365354330708
11
5.0236324409448816
21
-3.7706278346456692
0
LINE
8
BLACK
6
CONTINUOUS
10
5.0236324409448816
20
-3.7706278346456692
11
5.0212254330708657
21
-3.7707224015748029
0
LINE
8
BLACK
6
CONTINUOUS
10
5.0212254330708657
20
-3.7707224015748029
11
5.0192225590551178
21
-3.7693840551181101
0
LINE
8
BLACK
6
CONTINUOUS
10
5.0192225590551178
20
-3.7693840551181101
11
5.0190427165354325
21
-3.7691365354330708
0
LINE
8
BLACK
6
CONTINUOUS
10
5.0190427165354325
20
-3.7691365354330708
11
5.0181320472440945
21
-3.7677736614173227
0
LINE
8
BLACK
6
CONTINUOUS
10
5.0181320472440945
20
-3.7677736614173227
11
5.0181319685039369
21
-3.7677735433070865
0
LINE
8
BLACK
6
CONTINUOUS
10
5.0181319685039369
20
-3.7677735433070865
11
5.0170079527559057
21
-3.7670224803149606
0
LINE
8
BLACK
6
CONTINUOUS
10
5.0170079527559057
20
-3.7670224803149606
11
5.0155209842519684
21
-3.7660288976377951
0
LINE
8
BLACK
6
CONTINUOUS
10
5.0155209842519684
20
-3.7660288976377951
11
5.0155209055118108
21
-3.7660288582677164
0
LINE
8
BLACK
6
CONTINUOUS
10
5.0155209055118108
20
-3.7660288582677164
11
5.0155207874015746
21
-3.7660288188976376
0
LINE
8
BLACK
6
CONTINUOUS
10
5.0155207874015746
20
-3.7660288188976376
11
5.0155207480314958
21
-3.7660288188976376
0
LINE
8
BLACK
6
CONTINUOUS
10
5.0155207480314958
20
-3.7660288188976376
11
5.0132188188976379
21
-3.7655709055118107
0
LINE
8
BLACK
6
CONTINUOUS
10
5.0132188188976379
20
-3.7655709055118107
11
5.0132184251968503
21
-3.765570866141732
0
LINE
8
BLACK
6
CONTINUOUS
10
5.0132184251968503
20
-3.765570866141732
11
4.9919784251968506
21
-3.765570866141732
0
LINE
8
BLACK
6
CONTINUOUS
10
4.9919784251968506
20
-3.765570866141732
11
4.9919783858267719
21
-3.765570866141732
0
LINE
8
BLACK
6
CONTINUOUS
10
4.9919783858267719
20
-3.765570866141732
11
4.9919779921259844
21
-3.7655709055118107
0
LINE
8
BLACK
6
CONTINUOUS
10
4.9919779921259844
20
-3.7655709055118107
11
4.9896760629921255
21
-3.7660288188976376
0
LINE
8
BLACK
6
CONTINUOUS
10
4.9896760629921255
20
-3.7660288188976376
11
4.989675826771653
21
-3.7660288976377951
0
LINE
8
BLACK
6
CONTINUOUS
10
4.989675826771653
20
-3.7660288976377951
11
4.9870650000000003
21
-3.7677734251968502
0
LINE
8
BLACK
6
CONTINUOUS
10
4.9870650000000003
20
-3.7677734251968502
11
4.9870647637795278
21
-3.7677736614173227
0
LINE
8
BLACK
6
CONTINUOUS
10
4.9870647637795278
20
-3.7677736614173227
11
4.9861541338582676
21
-3.7691365354330708
0
LINE
8
BLACK
6
CONTINUOUS
10
4.9861541338582676
20
-3.7691365354330708
11
4.9842623622047242
21
-3.7706278346456692
0
LINE
8
BLACK
6
CONTINUOUS
10
4.9842623622047242
20
-3.7706278346456692
11
4.9818553543307083
21
-3.7707224015748029
0
LINE
8
BLACK
6
CONTINUOUS
10
4.9818553543307083
20
-3.7707224015748029
11
4.9798524803149604
21
-3.7693840551181101
0
LINE
8
BLACK
6
CONTINUOUS
10
4.9798524803149604
20
-3.7693840551181101
11
4.9796726377952751
21
-3.7691365354330708
0
LINE
8
BLACK
6
CONTINUOUS
10
4.9796726377952751
20
-3.7691365354330708
11
4.978761968503937
21
-3.7677736614173227
0
LINE
8
BLACK
6
CONTINUOUS
10
4.978761968503937
20
-3.7677736614173227
11
4.9787618897637795
21
-3.7677735433070865
0
LINE
8
BLACK
6
CONTINUOUS
10
4.9787618897637795
20
-3.7677735433070865
11
4.9776378740157483
21
-3.7670224803149606
0
LINE
8
BLACK
6
CONTINUOUS
10
4.9776378740157483
20
-3.7670224803149606
11
4.9761509055118109
21
-3.7660288976377951
0
LINE
8
BLACK
6
CONTINUOUS
10
4.9761509055118109
20
-3.7660288976377951
11
4.9761508267716534
21
-3.7660288582677164
0
LINE
8
BLACK
6
CONTINUOUS
10
4.9761508267716534
20
-3.7660288582677164
11
4.9761507086614172
21
-3.7660288188976376
0
LINE
8
BLACK
6
CONTINUOUS
10
4.9761507086614172
20
-3.7660288188976376
11
4.9761506692913384
21
-3.7660288188976376
0
LINE
8
BLACK
6
CONTINUOUS
10
4.9761506692913384
20
-3.7660288188976376
11
4.9738487401574805
21
-3.7655709055118107
0
LINE
8
BLACK
6
CONTINUOUS
10
4.9738487401574805
20
-3.7655709055118107
11
4.9738483464566929
21
-3.765570866141732
0
LINE
8
BLACK
6
CONTINUOUS
10
4.9738483464566929
20
-3.765570866141732
11
4.9526083464566932
21
-3.765570866141732
0
LINE
8
BLACK
6
CONTINUOUS
10
4.9526083464566932
20
-3.765570866141732
11
4.9526083070866145
21
-3.765570866141732
0
LINE
8
BLACK
6
CONTINUOUS
10
4.9526083070866145
20
-3.765570866141732
11
4.952607913385827
21
-3.7655709055118107
0
LINE
8
BLACK
6
CONTINUOUS
10
4.952607913385827
20
-3.7655709055118107
11
4.9503059842519681
21
-3.7660288188976376
0
LINE
8
BLACK
6
CONTINUOUS
10
4.9503059842519681
20
-3.7660288188976376
11
4.9503057480314956
21
-3.7660288976377951
0
LINE
8
BLACK
6
CONTINUOUS
10
4.9503057480314956
20
-3.7660288976377951
11
4.947694921259842
21
-3.7677734251968502
0
LINE
8
BLACK
6
CONTINUOUS
10
4.947694921259842
20
-3.7677734251968502
11
4.9476946850393704
21
-3.7677736614173227
0
LINE
8
BLACK
6
CONTINUOUS
10
4.9476946850393704
20
-3.7677736614173227
11
4.9467840551181101
21
-3.7691365354330708
0
LINE
8
BLACK
6
CONTINUOUS
10
4.9467840551181101
20
-3.7691365354330708
11
4.9448922834645668
21
-3.7706278346456692
0
LINE
8
BLACK
6
CONTINUOUS
10
4.9448922834645668
20
-3.7706278346456692
11
4.9424852755905508
21
-3.7707224015748029
0
LINE
8
BLACK
6
CONTINUOUS
10
4.9424852755905508
20
-3.7707224015748029
11
4.940482401574803
21
-3.7693840551181101
0
LINE
8
BLACK
6
CONTINUOUS
10
4.940482401574803
20
-3.7693840551181101
11
4.9403025590551177
21
-3.7691365354330708
0
LINE
8
BLACK
6
CONTINUOUS
10
4.9403025590551177
20
-3.7691365354330708
11
4.9393918897637796
21
-3.7677736614173227
0
LINE
8
BLACK
6
CONTINUOUS
10
4.9393918897637796
20
-3.7677736614173227
11
4.9393918110236221
21
-3.7677735433070865
0
LINE
8
BLACK
6
CONTINUOUS
10
4.9393918110236221
20
-3.7677735433070865
11
4.93826779527559
21
-3.7670224803149606
0
LINE
8
BLACK
6
CONTINUOUS
10
4.93826779527559
20
-3.7670224803149606
11
4.9367808267716535
21
-3.7660288976377951
0
LINE
8
BLACK
6
CONTINUOUS
10
4.9367808267716535
20
-3.7660288976377951
11
4.936780748031496
21
-3.7660288582677164
0
LINE
8
BLACK
6
CONTINUOUS
10
4.936780748031496
20
-3.7660288582677164
11
4.9367806299212598
21
-3.7660288188976376
0
LINE
8
BLACK
6
CONTINUOUS
10
4.9367806299212598
20
-3.7660288188976376
11
4.936780590551181
21
-3.7660288188976376
0
LINE
8
BLACK
6
CONTINUOUS
10
4.936780590551181
20
-3.7660288188976376
11
4.9344786614173231
21
-3.7655709055118107
0
LINE
8
BLACK
6
CONTINUOUS
10
4.9344786614173231
20
-3.7655709055118107
11
4.9344782677165355
21
-3.765570866141732
0
LINE
8
BLACK
6
CONTINUOUS
10
4.9344782677165355
20
-3.765570866141732
11
4.9132382677165349
21
-3.765570866141732
0
LINE
8
BLACK
6
CONTINUOUS
10
4.9132382677165349
20
-3.765570866141732
11
4.9132382283464562
21
-3.765570866141732
0
LINE
8
BLACK
6
CONTINUOUS
10
4.9132382283464562
20
-3.765570866141732
11
4.9132378346456695
21
-3.7655709055118107
0
LINE
8
BLACK
6
CONTINUOUS
10
4.9132378346456695
20
-3.7655709055118107
11
4.9109359055118107
21
-3.7660288188976376
0
LINE
8
BLACK
6
CONTINUOUS
10
4.9109359055118107
20
-3.7660288188976376
11
4.9109356692913382
21
-3.7660288976377951
0
LINE
8
BLACK
6
CONTINUOUS
10
4.9109356692913382
20
-3.7660288976377951
11
4.9083248425196846
21
-3.7677734251968502
0
LINE
8
BLACK
6
CONTINUOUS
10
4.9083248425196846
20
-3.7677734251968502
11
4.9083246062992121
21
-3.7677736614173227
0
LINE
8
BLACK
6
CONTINUOUS
10
4.9083246062992121
20
-3.7677736614173227
11
4.9065800787401574
21
-3.7703844881889763
0
LINE
8
BLACK
6
CONTINUOUS
10
4.9065800787401574
20
-3.7703844881889763
11
4.9065799999999999
21
-3.7703847244094488
0
LINE
8
BLACK
6
CONTINUOUS
10
4.9065799999999999
20
-3.7703847244094488
11
4.9061220866141735
21
-3.7726866535433068
0
LINE
8
BLACK
6
CONTINUOUS
10
4.9061220866141735
20
-3.7726866535433068
11
4.9061220472440947
21
-3.7726871259842518
0
LINE
8
BLACK
6
CONTINUOUS
10
4.9061220472440947
20
-3.7726871259842518
11
4.9061220472440947
21
-3.8529824015748031
0
LINE
8
BLACK
6
CONTINUOUS
10
4.9061220472440947
20
-3.8529824015748031
11
4.9062155118110233
21
-3.853452086614173
0
LINE
8
BLACK
6
CONTINUOUS
10
4.9062155118110233
20
-3.853452086614173
11
4.9059324803149602
21
-3.8558442519685037
0
LINE
8
BLACK
6
CONTINUOUS
10
4.9059324803149602
20
-3.8558442519685037
11
4.9042973622047246
21
-3.8576132283464566
0
LINE
8
BLACK
6
CONTINUOUS
10
4.9042973622047246
20
-3.8576132283464566
11
4.9023927952755901
21
-3.8581102362204724
0
LINE
8
BLACK
6
CONTINUOUS
10
4.9023927952755901
20
-3.8581102362204724
11
4.8726772047244093
21
-3.8581102362204724
0
LINE
8
BLACK
6
CONTINUOUS
10
4.8726772047244093
20
-3.8581102362204724
11
4.8726771653543306
21
-3.8581102755905512
0
LINE
8
BLACK
6
CONTINUOUS
10
4.8726771653543306
20
-3.8581102755905512
11
4.8726771653543306
21
-3.8699212598425197
0
LINE
8
BLACK
6
CONTINUOUS
10
5.4152203149606297
20
-3.7822677165354328
11
5.4140503149606296
21
-3.7823774015748031
0
LINE
8
BLACK
6
CONTINUOUS
10
5.4140503149606296
20
-3.7823774015748031
11
5.4140501181102358
21
-3.7823774409448818
0
LINE
8
BLACK
6
CONTINUOUS
10
5.4140501181102358
20
-3.7823774409448818
11
5.409121220472441
21
-3.7841021259842518
0
LINE
8
BLACK
6
CONTINUOUS
10
5.409121220472441
20
-3.7841021259842518
11
5.4049196850393697
21
-3.7872030708661417
0
LINE
8
BLACK
6
CONTINUOUS
10
5.4049196850393697
20
-3.7872030708661417
11
5.4049196062992122
21
-3.7872031496062992
0
LINE
8
BLACK
6
CONTINUOUS
10
5.4049196062992122
20
-3.7872031496062992
11
5.4018186614173231
21
-3.7914046850393701
0
LINE
8
BLACK
6
CONTINUOUS
10
5.4018186614173231
20
-3.7914046850393701
11
5.4000939763779527
21
-3.7963335433070866
0
LINE
8
BLACK
6
CONTINUOUS
10
5.4000939763779527
20
-3.7963335433070866
11
5.3999842519685037
21
-3.7975038976377951
0
LINE
8
BLACK
6
CONTINUOUS
10
5.3999842519685037
20
-3.7975038976377951
11
5.3999842519685037
21
-3.7991968110236218
0
LINE
8
BLACK
6
CONTINUOUS
10
5.3999842519685037
20
-3.7991968110236218
11
5.3999842913385825
21
-3.7991968503937006
0
LINE
8
BLACK
6
CONTINUOUS
10
5.3999842913385825
20
-3.7991968503937006
11
5.4118735826771651
21
-3.7991968503937006
0
LINE
8
BLACK
6
CONTINUOUS
10
5.4118735826771651
20
-3.7991968503937006
11
5.4122148425196848
21
-3.7974812598425194
0
LINE
8
BLACK
6
CONTINUOUS
10
5.4122148425196848
20
-3.7974812598425194
11
5.4134096456692911
21
-3.7956931102362206
0
LINE
8
BLACK
6
CONTINUOUS
10
5.4134096456692911
20
-3.7956931102362206
11
5.4151977952755903
21
-3.7944983070866143
0
LINE
8
BLACK
6
CONTINUOUS
10
5.4151977952755903
20
-3.7944983070866143
11
5.4173070866141728
21
-3.79407874015748
0
LINE
8
BLACK
6
CONTINUOUS
10
5.4173070866141728
20
-3.79407874015748
11
5.4180944881889763
21
-3.79407874015748
0
LINE
8
BLACK
6
CONTINUOUS
10
5.4180944881889763
20
-3.79407874015748
11
5.4180944881889763
21
-3.7822677559055116
0
LINE
8
BLACK
6
CONTINUOUS
10
5.4180944881889763
20
-3.7822677559055116
11
5.4180944881889763
21
-3.7822676771653541
0
LINE
8
BLACK
6
CONTINUOUS
10
5.4180944881889763
20
-3.7822676771653541
11
5.4152203149606297
21
-3.7822677165354328
0
LINE
8
BLACK
6
CONTINUOUS
10
5.4417851574803144
20
-3.7515187401574801
11
5.4405903543307081
21
-3.7533068897637794
0
LINE
8
BLACK
6
CONTINUOUS
10
5.4405903543307081
20
-3.7533068897637794
11
5.4388022047244089
21
-3.7545016929133856
0
LINE
8
BLACK
6
CONTINUOUS
10
5.4388022047244089
20
-3.7545016929133856
11
5.4366929133858264
21
-3.7549212598425195
0
LINE
8
BLACK
6
CONTINUOUS
10
5.4366929133858264
20
-3.7549212598425195
11
5.4359055118110238
21
-3.7549212598425195
0
LINE
8
BLACK
6
CONTINUOUS
10
5.4359055118110238
20
-3.7549212598425195
11
5.4359055118110238
21
-3.7667322047244092
0
LINE
8
BLACK
6
CONTINUOUS
10
5.4359055118110238
20
-3.7667322047244092
11
5.4359055511811025
21
-3.7667322440944879
0
LINE
8
BLACK
6
CONTINUOUS
10
5.4359055511811025
20
-3.7667322440944879
11
5.4387796850393704
21
-3.7667322440944879
0
LINE
8
BLACK
6
CONTINUOUS
10
5.4387796850393704
20
-3.7667322440944879
11
5.4399496456692908
21
-3.7666225590551181
0
LINE
8
BLACK
6
CONTINUOUS
10
5.4399496456692908
20
-3.7666225590551181
11
5.4399498425196846
21
-3.7666225196850394
0
LINE
8
BLACK
6
CONTINUOUS
10
5.4399498425196846
20
-3.7666225196850394
11
5.4448787401574803
21
-3.7648978346456694
0
LINE
8
BLACK
6
CONTINUOUS
10
5.4448787401574803
20
-3.7648978346456694
11
5.4490802755905507
21
-3.7617968897637795
0
LINE
8
BLACK
6
CONTINUOUS
10
5.4490802755905507
20
-3.7617968897637795
11
5.4490805118110233
21
-3.7617966535433069
0
LINE
8
BLACK
6
CONTINUOUS
10
5.4490805118110233
20
-3.7617966535433069
11
5.449381377952756
21
-3.7613890157480312
0
LINE
8
BLACK
6
CONTINUOUS
10
5.449381377952756
20
-3.7613890157480312
11
5.4513406692913389
21
-3.7599876771653542
0
LINE
8
BLACK
6
CONTINUOUS
10
5.4513406692913389
20
-3.7599876771653542
11
5.4537494881889765
21
-3.7600056299212596
0
LINE
8
BLACK
6
CONTINUOUS
10
5.4537494881889765
20
-3.7600056299212596
11
5.4556876771653542
21
-3.7614360236220472
0
LINE
8
BLACK
6
CONTINUOUS
10
5.4556876771653542
20
-3.7614360236220472
11
5.456414960629921
21
-3.7637324803149603
0
LINE
8
BLACK
6
CONTINUOUS
10
5.456414960629921
20
-3.7637324803149603
11
5.4563743700787404
21
-3.7642652755905512
0
LINE
8
BLACK
6
CONTINUOUS
10
5.4563743700787404
20
-3.7642652755905512
11
5.4562746850393697
21
-3.7649496456692915
0
LINE
8
BLACK
6
CONTINUOUS
10
5.4562746850393697
20
-3.7649496456692915
11
5.4562401574803152
21
-3.7651866141732282
0
LINE
8
BLACK
6
CONTINUOUS
10
5.4562401574803152
20
-3.7651866141732282
11
5.4562401574803152
21
-3.7796165354330706
0
LINE
8
BLACK
6
CONTINUOUS
10
5.4562401574803152
20
-3.7796165354330706
11
5.4564742125984251
21
-3.7812230314960629
0
LINE
8
BLACK
6
CONTINUOUS
10
5.4564742125984251
20
-3.7812230314960629
11
5.4566309842519685
21
-3.7822990157480314
0
LINE
8
BLACK
6
CONTINUOUS
10
5.4566309842519685
20
-3.7822990157480314
11
5.4581220078740156
21
-3.7853488976377951
0
LINE
8
BLACK
6
CONTINUOUS
10
5.4581220078740156
20
-3.7853488976377951
11
5.4586536220472439
21
-3.7864363385826771
0
LINE
8
BLACK
6
CONTINUOUS
10
5.4586536220472439
20
-3.7864363385826771
11
5.4619101181102359
21
-3.7896928346456691
0
LINE
8
BLACK
6
CONTINUOUS
10
5.4619101181102359
20
-3.7896928346456691
11
5.4639638976377949
21
-3.7906968503937009
0
LINE
8
BLACK
6
CONTINUOUS
10
5.4639638976377949
20
-3.7906968503937009
11
5.4660474015748033
21
-3.7917154330708662
0
LINE
8
BLACK
6
CONTINUOUS
10
5.4660474015748033
20
-3.7917154330708662
11
5.466047440944882
21
-3.7917154330708662
0
LINE
8
BLACK
6
CONTINUOUS
10
5.466047440944882
20
-3.7917154330708662
11
5.4660475196850395
21
-3.791715472440945
0
LINE
8
BLACK
6
CONTINUOUS
10
5.4660475196850395
20
-3.791715472440945
11
5.4687299212598424
21
-3.7921062992125982
0
LINE
8
BLACK
6
CONTINUOUS
10
5.4687299212598424
20
-3.7921062992125982
11
5.4687300393700786
21
-3.7921062992125982
0
LINE
8
BLACK
6
CONTINUOUS
10
5.4687300393700786
20
-3.7921062992125982
11
5.5117030314960624
21
-3.7921062992125982
0
LINE
8
BLACK
6
CONTINUOUS
10
5.5117030314960624
20
-3.7921062992125982
11
5.5117031496062987
21
-3.7921062992125982
0
LINE
8
BLACK
6
CONTINUOUS
10
5.5117031496062987
20
-3.7921062992125982
11
5.5143855511811024
21
-3.791715472440945
0
LINE
8
BLACK
6
CONTINUOUS
10
5.5143855511811024
20
-3.791715472440945
11
5.5185229527559052
21
-3.7896928346456691
0
LINE
8
BLACK
6
CONTINUOUS
10
5.5185229527559052
20
-3.7896928346456691
11
5.5217794488188972
21
-3.7864363385826771
0
LINE
8
BLACK
6
CONTINUOUS
10
5.5217794488188972
20
-3.7864363385826771
11
5.5238020866141735
21
-3.7822989370078739
0
LINE
8
BLACK
6
CONTINUOUS
10
5.5238020866141735
20
-3.7822989370078739
11
5.5241929133858267
21
-3.7796165354330706
0
LINE
8
BLACK
6
CONTINUOUS
10
5.5241929133858267
20
-3.7796165354330706
11
5.5241929133858267
21
-3.7651866141732282
0
LINE
8
BLACK
6
CONTINUOUS
10
5.5241929133858267
20
-3.7651866141732282
11
5.5238020866141735
21
-3.7625042125984249
0
LINE
8
BLACK
6
CONTINUOUS
10
5.5238020866141735
20
-3.7625042125984249
11
5.5234494881889766
21
-3.7617829921259842
0
LINE
8
BLACK
6
CONTINUOUS
10
5.5234494881889766
20
-3.7617829921259842
11
5.5228142913385829
21
-3.7604836614173229
0
LINE
8
BLACK
6
CONTINUOUS
10
5.5228142913385829
20
-3.7604836614173229
11
5.5217794488188972
21
-3.7583668110236221
0
LINE
8
BLACK
6
CONTINUOUS
10
5.5217794488188972
20
-3.7583668110236221
11
5.5185229527559052
21
-3.7551103149606297
0
LINE
8
BLACK
6
CONTINUOUS
10
5.5185229527559052
20
-3.7551103149606297
11
5.5185228740157477
21
-3.755110275590551
0
LINE
8
BLACK
6
CONTINUOUS
10
5.5185228740157477
20
-3.755110275590551
11
5.5143856299212599
21
-3.7530876771653543
0
LINE
8
BLACK
6
CONTINUOUS
10
5.5143856299212599
20
-3.7530876771653543
11
5.5133125590551177
21
-3.7529313385826772
0
LINE
8
BLACK
6
CONTINUOUS
10
5.5133125590551177
20
-3.7529313385826772
11
5.5117031496062987
21
-3.7526968503937006
0
LINE
8
BLACK
6
CONTINUOUS
10
5.5117031496062987
20
-3.7526968503937006
11
5.4687299212598424
21
-3.7526968503937006
0
LINE
8
BLACK
6
CONTINUOUS
10
5.4687299212598424
20
-3.7526968503937006
11
5.4673887007874011
21
-3.7528922440944883
0
LINE
8
BLACK
6
CONTINUOUS
10
5.4673887007874011
20
-3.7528922440944883
11
5.4660474015748033
21
-3.7530876771653543
0
LINE
8
BLACK
6
CONTINUOUS
10
5.4660474015748033
20
-3.7530876771653543
11
5.4619101574803146
21
-3.755110275590551
0
LINE
8
BLACK
6
CONTINUOUS
10
5.4619101574803146
20
-3.755110275590551
11
5.4619100393700784
21
-3.7551103543307085
0
LINE
8
BLACK
6
CONTINUOUS
10
5.4619100393700784
20
-3.7551103543307085
11
5.4603572047244091
21
-3.7566631889763777
0
LINE
8
BLACK
6
CONTINUOUS
10
5.4603572047244091
20
-3.7566631889763777
11
5.4582108661417319
21
-3.7577567716535434
0
LINE
8
BLACK
6
CONTINUOUS
10
5.4582108661417319
20
-3.7577567716535434
11
5.4558316535433073
21
-3.7573799212598424
0
LINE
8
BLACK
6
CONTINUOUS
10
5.4558316535433073
20
-3.7573799212598424
11
5.4541283464566925
21
-3.7556765748031493
0
LINE
8
BLACK
6
CONTINUOUS
10
5.4541283464566925
20
-3.7556765748031493
11
5.4537515354330708
21
-3.7532973622047243
0
LINE
8
BLACK
6
CONTINUOUS
10
5.4537515354330708
20
-3.7532973622047243
11
5.4538763779527555
21
-3.7528020866141731
0
LINE
8
BLACK
6
CONTINUOUS
10
5.4538763779527555
20
-3.7528020866141731
11
5.4539059448818898
21
-3.7526666141732283
0
LINE
8
BLACK
6
CONTINUOUS
10
5.4539059448818898
20
-3.7526666141732283
11
5.4540157480314964
21
-3.7514960629921257
0
LINE
8
BLACK
6
CONTINUOUS
10
5.4540157480314964
20
-3.7514960629921257
11
5.4540157480314964
21
-3.7498031889763777
0
LINE
8
BLACK
6
CONTINUOUS
10
5.4540157480314964
20
-3.7498031889763777
11
5.4540157086614176
21
-3.7498031496062993
0
LINE
8
BLACK
6
CONTINUOUS
10
5.4540157086614176
20
-3.7498031496062993
11
5.4421264173228341
21
-3.7498031496062993
0
LINE
8
BLACK
6
CONTINUOUS
10
5.4421264173228341
20
-3.7498031496062993
11
5.4417851574803144
21
-3.7515187401574801
0
LINE
8
BLACK
6
CONTINUOUS
10
5.4104414566929133
20
-3.7497916141732284
11
5.403175826771653
21
-3.7571758267716535
0
LINE
8
BLACK
6
CONTINUOUS
10
5.403175826771653
20
-3.7571758267716535
11
5.4022809055118106
21
-3.7579102755905511
0
LINE
8
BLACK
6
CONTINUOUS
10
5.4022809055118106
20
-3.7579102755905511
11
5.4011787007874013
21
-3.7583668110236221
0
LINE
8
BLACK
6
CONTINUOUS
10
5.4011787007874013
20
-3.7583668110236221
11
5.4001521259842518
21
-3.7587920472440945
0
LINE
8
BLACK
6
CONTINUOUS
10
5.4001521259842518
20
-3.7587920472440945
11
5.3929212598425194
21
-3.7588369685039371
0
LINE
8
BLACK
6
CONTINUOUS
10
5.3929212598425194
20
-3.7588369685039371
11
5.3929212598425194
21
-3.7596929133858268
0
LINE
8
BLACK
6
CONTINUOUS
10
5.3929212598425194
20
-3.7596929133858268
11
5.3925016929133855
21
-3.7618022047244093
0
LINE
8
BLACK
6
CONTINUOUS
10
5.3925016929133855
20
-3.7618022047244093
11
5.3913068897637793
21
-3.7635903543307085
0
LINE
8
BLACK
6
CONTINUOUS
10
5.3913068897637793
20
-3.7635903543307085
11
5.38951874015748
21
-3.7647851574803148
0
LINE
8
BLACK
6
CONTINUOUS
10
5.38951874015748
20
-3.7647851574803148
11
5.3878031496062988
21
-3.7651263779527557
0
LINE
8
BLACK
6
CONTINUOUS
10
5.3878031496062988
20
-3.7651263779527557
11
5.3878031496062988
21
-3.7770156692913384
0
LINE
8
BLACK
6
CONTINUOUS
10
5.3878031496062988
20
-3.7770156692913384
11
5.3878031889763776
21
-3.7770157086614171
0
LINE
8
BLACK
6
CONTINUOUS
10
5.3878031889763776
20
-3.7770157086614171
11
5.3894962204724406
21
-3.7770157086614171
0
LINE
8
BLACK
6
CONTINUOUS
10
5.3894962204724406
20
-3.7770157086614171
11
5.390666181102362
21
-3.7769060236220473
0
LINE
8
BLACK
6
CONTINUOUS
10
5.390666181102362
20
-3.7769060236220473
11
5.3906663779527557
21
-3.7769059842519686
0
LINE
8
BLACK
6
CONTINUOUS
10
5.3906663779527557
20
-3.7769059842519686
11
5.3955952755905514
21
-3.7751812992125982
0
LINE
8
BLACK
6
CONTINUOUS
10
5.3955952755905514
20
-3.7751812992125982
11
5.3997968110236219
21
-3.7720803543307087
0
LINE
8
BLACK
6
CONTINUOUS
10
5.3997968110236219
20
-3.7720803543307087
11
5.3997968897637794
21
-3.7720802755905511
0
LINE
8
BLACK
6
CONTINUOUS
10
5.3997968897637794
20
-3.7720802755905511
11
5.4028978346456693
21
-3.7678787007874015
0
LINE
8
BLACK
6
CONTINUOUS
10
5.4028978346456693
20
-3.7678787007874015
11
5.4045049606299207
21
-3.7632859055118111
0
LINE
8
BLACK
6
CONTINUOUS
10
5.4045049606299207
20
-3.7632859055118111
11
5.4059642125984251
21
-3.7613693307086615
0
LINE
8
BLACK
6
CONTINUOUS
10
5.4059642125984251
20
-3.7613693307086615
11
5.4082712992125979
21
-3.7606765354330709
0
LINE
8
BLACK
6
CONTINUOUS
10
5.4082712992125979
20
-3.7606765354330709
11
5.4105449999999999
21
-3.7614721259842518
0
LINE
8
BLACK
6
CONTINUOUS
10
5.4105449999999999
20
-3.7614721259842518
11
5.4109008267716536
21
-3.7617829921259842
0
LINE
8
BLACK
6
CONTINUOUS
10
5.4109008267716536
20
-3.7617829921259842
11
5.4151212204724404
21
-3.7648978346456694
0
LINE
8
BLACK
6
CONTINUOUS
10
5.4151212204724404
20
-3.7648978346456694
11
5.4200500787401573
21
-3.7666225196850394
0
LINE
8
BLACK
6
CONTINUOUS
10
5.4200500787401573
20
-3.7666225196850394
11
5.4212204330708662
21
-3.7667322440944879
0
LINE
8
BLACK
6
CONTINUOUS
10
5.4212204330708662
20
-3.7667322440944879
11
5.4240944488188978
21
-3.7667322047244092
0
LINE
8
BLACK
6
CONTINUOUS
10
5.4240944488188978
20
-3.7667322047244092
11
5.4240944881889765
21
-3.7667322047244092
0
LINE
8
BLACK
6
CONTINUOUS
10
5.4240944881889765
20
-3.7667322047244092
11
5.4240944881889765
21
-3.7549212598425195
0
LINE
8
BLACK
6
CONTINUOUS
10
5.4240944881889765
20
-3.7549212598425195
11
5.423307086614173
21
-3.7549212598425195
0
LINE
8
BLACK
6
CONTINUOUS
10
5.423307086614173
20
-3.7549212598425195
11
5.4211977952755905
21
-3.7545016929133856
0
LINE
8
BLACK
6
CONTINUOUS
10
5.4211977952755905
20
-3.7545016929133856
11
5.4194096456692913
21
-3.7533068897637794
0
LINE
8
BLACK
6
CONTINUOUS
10
5.4194096456692913
20
-3.7533068897637794
11
5.418214842519685
21
-3.7515187401574801
0
LINE
8
BLACK
6
CONTINUOUS
10
5.418214842519685
20
-3.7515187401574801
11
5.4178640157480311
21
-3.7497550787401575
0
LINE
8
BLACK
6
CONTINUOUS
10
5.4178640157480311
20
-3.7497550787401575
11
5.4104414566929133
21
-3.7497916141732284
0
LINE
8
BLACK
6
CONTINUOUS
10
5.0522784645669292
20
-3.6701800787401573
11
5.0522783464566929
21
-3.670180118110236
0
LINE
8
BLACK
6
CONTINUOUS
10
5.0522783464566929
20
-3.670180118110236
11
5.04485311023622
21
-3.6724325590551179
0
LINE
8
BLACK
6
CONTINUOUS
10
5.04485311023622
20
-3.6724325590551179
11
5.0448530314960625
21
-3.6724325984251966
0
LINE
8
BLACK
6
CONTINUOUS
10
5.0448530314960625
20
-3.6724325984251966
11
5.0380105118110237
21
-3.6760900393700786
0
LINE
8
BLACK
6
CONTINUOUS
10
5.0380105118110237
20
-3.6760900393700786
11
5.0380101181102361
21
-3.6760902755905511
0
LINE
8
BLACK
6
CONTINUOUS
10
5.0380101181102361
20
-3.6760902755905511
11
5.0320126377952752
21
-3.6810122834645669
0
LINE
8
BLACK
6
CONTINUOUS
10
5.0320126377952752
20
-3.6810122834645669
11
5.0320122834645664
21
-3.6810126377952757
0
LINE
8
BLACK
6
CONTINUOUS
10
5.0320122834645664
20
-3.6810126377952757
11
5.0270902755905507
21
-3.6870101181102362
0
LINE
8
BLACK
6
CONTINUOUS
10
5.0270902755905507
20
-3.6870101181102362
11
5.027090039370079
21
-3.6870105118110237
0
LINE
8
BLACK
6
CONTINUOUS
10
5.027090039370079
20
-3.6870105118110237
11
5.0234325984251971
21
-3.6938530314960629
0
LINE
8
BLACK
6
CONTINUOUS
10
5.0234325984251971
20
-3.6938530314960629
11
5.0234325590551183
21
-3.6938531102362204
0
LINE
8
BLACK
6
CONTINUOUS
10
5.0234325590551183
20
-3.6938531102362204
11
5.0211801181102365
21
-3.701278346456693
0
LINE
8
BLACK
6
CONTINUOUS
10
5.0211801181102365
20
-3.701278346456693
11
5.0211800787401577
21
-3.7012784645669292
0
LINE
8
BLACK
6
CONTINUOUS
10
5.0211800787401577
20
-3.7012784645669292
11
5.0204196456692909
21
-3.7089998425196851
0
LINE
8
BLACK
6
CONTINUOUS
10
5.0204196456692909
20
-3.7089998425196851
11
5.0204196456692909
21
-3.7090001181102363
0
LINE
8
BLACK
6
CONTINUOUS
10
5.0204196456692909
20
-3.7090001181102363
11
5.0211800787401577
21
-3.7167214960629922
0
LINE
8
BLACK
6
CONTINUOUS
10
5.0211800787401577
20
-3.7167214960629922
11
5.0211801181102365
21
-3.7167216141732284
0
LINE
8
BLACK
6
CONTINUOUS
10
5.0211801181102365
20
-3.7167216141732284
11
5.0234325590551183
21
-3.7241468503937005
0
LINE
8
BLACK
6
CONTINUOUS
10
5.0234325590551183
20
-3.7241468503937005
11
5.0234325984251971
21
-3.724146929133858
0
LINE
8
BLACK
6
CONTINUOUS
10
5.0234325984251971
20
-3.724146929133858
11
5.0260771259842523
21
-3.7290944488188975
0
LINE
8
BLACK
6
CONTINUOUS
10
5.0260771259842523
20
-3.7290944488188975
11
5.0270901574803144
21
-3.7309896850393698
0
LINE
8
BLACK
6
CONTINUOUS
10
5.0270901574803144
20
-3.7309896850393698
11
5.0270902362204719
21
-3.7309897637795273
0
LINE
8
BLACK
6
CONTINUOUS
10
5.0270902362204719
20
-3.7309897637795273
11
5.0270902755905507
21
-3.7309898425196848
0
LINE
8
BLACK
6
CONTINUOUS
10
5.0270902755905507
20
-3.7309898425196848
11
5.0320122834645664
21
-3.7369873228346457
0
LINE
8
BLACK
6
CONTINUOUS
10
5.0320122834645664
20
-3.7369873228346457
11
5.0320126377952752
21
-3.7369876771653541
0
LINE
8
BLACK
6
CONTINUOUS
10
5.0320126377952752
20
-3.7369876771653541
11
5.0380101181102361
21
-3.7419096850393698
0
LINE
8
BLACK
6
CONTINUOUS
10
5.0380101181102361
20
-3.7419096850393698
11
5.0380103149606299
21
-3.7419098425196848
0
LINE
8
BLACK
6
CONTINUOUS
10
5.0380103149606299
20
-3.7419098425196848
11
5.044853267716535
21
-3.7455674803149606
0
LINE
8
BLACK
6
CONTINUOUS
10
5.044853267716535
20
-3.7455674803149606
11
5.0522782677165354
21
-3.7478198425196849
0
LINE
8
BLACK
6
CONTINUOUS
10
5.0522782677165354
20
-3.7478198425196849
11
5.0522783464566929
21
-3.7478198425196849
0
LINE
8
BLACK
6
CONTINUOUS
10
5.0522783464566929
20
-3.7478198425196849
11
5.0522784645669292
21
-3.7478198818897637
0
LINE
8
BLACK
6
CONTINUOUS
10
5.0522784645669292
20
-3.7478198818897637
11
5.0599998818897634
21
-3.7485803543307088
0
LINE
8
BLACK
6
CONTINUOUS
10
5.0599998818897634
20
-3.7485803543307088
11
5.0599999999999996
21
-3.7485803543307088
0
LINE
8
BLACK
6
CONTINUOUS
10
5.0599999999999996
20
-3.7485803543307088
11
5.0600001181102359
21
-3.7485803543307088
0
LINE
8
BLACK
6
CONTINUOUS
10
5.0600001181102359
20
-3.7485803543307088
11
5.0677214960629922
21
-3.7478198818897637
0
LINE
8
BLACK
6
CONTINUOUS
10
5.0677214960629922
20
-3.7478198818897637
11
5.0677215354330709
21
-3.7478198425196849
0
LINE
8
BLACK
6
CONTINUOUS
10
5.0677215354330709
20
-3.7478198425196849
11
5.0677217322834647
21
-3.7478198425196849
0
LINE
8
BLACK
6
CONTINUOUS
10
5.0677217322834647
20
-3.7478198425196849
11
5.0729942519685034
21
-3.7462204330708659
0
LINE
8
BLACK
6
CONTINUOUS
10
5.0729942519685034
20
-3.7462204330708659
11
5.0751467322834642
21
-3.7455674803149606
0
LINE
8
BLACK
6
CONTINUOUS
10
5.0751467322834642
20
-3.7455674803149606
11
5.0819896850393702
21
-3.7419098425196848
0
LINE
8
BLACK
6
CONTINUOUS
10
5.0819896850393702
20
-3.7419098425196848
11
5.087987519685039
21
-3.7369875196850395
0
LINE
8
BLACK
6
CONTINUOUS
10
5.087987519685039
20
-3.7369875196850395
11
5.0929098425196848
21
-3.7309896850393698
0
LINE
8
BLACK
6
CONTINUOUS
10
5.0929098425196848
20
-3.7309896850393698
11
5.0965674803149605
21
-3.7241467322834643
0
LINE
8
BLACK
6
CONTINUOUS
10
5.0965674803149605
20
-3.7241467322834643
11
5.0988198425196849
21
-3.7167217322834647
0
LINE
8
BLACK
6
CONTINUOUS
10
5.0988198425196849
20
-3.7167217322834647
11
5.0988490551181105
21
-3.7164253937007872
0
LINE
8
BLACK
6
CONTINUOUS
10
5.0988490551181105
20
-3.7164253937007872
11
5.0995803543307083
21
-3.7090001181102363
0
LINE
8
BLACK
6
CONTINUOUS
10
5.0995803543307083
20
-3.7090001181102363
11
5.0995803543307083
21
-3.7089998425196851
0
LINE
8
BLACK
6
CONTINUOUS
10
5.0995803543307083
20
-3.7089998425196851
11
5.0988198818897636
21
-3.7012784645669292
0
LINE
8
BLACK
6
CONTINUOUS
10
5.0988198818897636
20
-3.7012784645669292
11
5.0988198425196849
21
-3.701278346456693
0
LINE
8
BLACK
6
CONTINUOUS
10
5.0988198425196849
20
-3.701278346456693
11
5.0988198425196849
21
-3.7012782677165355
0
LINE
8
BLACK
6
CONTINUOUS
10
5.0988198425196849
20
-3.7012782677165355
11
5.0965674803149605
21
-3.6938532677165354
0
LINE
8
BLACK
6
CONTINUOUS
10
5.0965674803149605
20
-3.6938532677165354
11
5.0965144094488188
21
-3.6937540157480315
0
LINE
8
BLACK
6
CONTINUOUS
10
5.0965144094488188
20
-3.6937540157480315
11
5.0956220866141733
21
-3.6920845669291338
0
LINE
8
BLACK
6
CONTINUOUS
10
5.0956220866141733
20
-3.6920845669291338
11
5.0929098425196848
21
-3.6870103149606299
0
LINE
8
BLACK
6
CONTINUOUS
10
5.0929098425196848
20
-3.6870103149606299
11
5.0929096850393698
21
-3.6870101181102362
0
LINE
8
BLACK
6
CONTINUOUS
10
5.0929096850393698
20
-3.6870101181102362
11
5.0879876771653541
21
-3.6810126377952757
0
LINE
8
BLACK
6
CONTINUOUS
10
5.0879876771653541
20
-3.6810126377952757
11
5.0879873228346453
21
-3.6810122834645669
0
LINE
8
BLACK
6
CONTINUOUS
10
5.0879873228346453
20
-3.6810122834645669
11
5.0819898425196852
21
-3.6760902755905511
0
LINE
8
BLACK
6
CONTINUOUS
10
5.0819898425196852
20
-3.6760902755905511
11
5.0819897637795277
21
-3.6760902362204724
0
LINE
8
BLACK
6
CONTINUOUS
10
5.0819897637795277
20
-3.6760902362204724
11
5.0819896850393702
21
-3.6760901574803149
0
LINE
8
BLACK
6
CONTINUOUS
10
5.0819896850393702
20
-3.6760901574803149
11
5.0803786614173223
21
-3.6752290551181099
0
LINE
8
BLACK
6
CONTINUOUS
10
5.0803786614173223
20
-3.6752290551181099
11
5.075146929133858
21
-3.6724325984251966
0
LINE
8
BLACK
6
CONTINUOUS
10
5.075146929133858
20
-3.6724325984251966
11
5.0751468503937005
21
-3.6724325590551179
0
LINE
8
BLACK
6
CONTINUOUS
10
5.0751468503937005
20
-3.6724325590551179
11
5.0677216141732284
21
-3.670180118110236
0
LINE
8
BLACK
6
CONTINUOUS
10
5.0677216141732284
20
-3.670180118110236
11
5.0677214960629922
21
-3.6701800787401573
0
LINE
8
BLACK
6
CONTINUOUS
10
5.0677214960629922
20
-3.6701800787401573
11
5.0600001181102359
21
-3.6694196456692914
0
LINE
8
BLACK
6
CONTINUOUS
10
5.0600001181102359
20
-3.6694196456692914
11
5.0599998818897634
21
-3.6694196456692914
0
LINE
8
BLACK
6
CONTINUOUS
10
5.0599998818897634
20
-3.6694196456692914
11
5.0522784645669292
21
-3.6701800787401573
0
LINE
8
BLACK
6
CONTINUOUS
10
5.9363700787401577
20
-3.7178740157480314
11
5.935920551181102
21
-3.7201339763779528
0
LINE
8
BLACK
6
CONTINUOUS
10
5.935920551181102
20
-3.7201339763779528
11
5.9346403937007874
21
-3.7220498425196848
0
LINE
8
BLACK
6
CONTINUOUS
10
5.9346403937007874
20
-3.7220498425196848
11
5.9327245275590546
21
-3.7233299999999998
0
LINE
8
BLACK
6
CONTINUOUS
10
5.9327245275590546
20
-3.7233299999999998
11
5.9304645669291336
21
-3.7237795275590551
0
LINE
8
BLACK
6
CONTINUOUS
10
5.9304645669291336
20
-3.7237795275590551
11
5.9304645669291336
21
-3.7355904724409448
0
LINE
8
BLACK
6
CONTINUOUS
10
5.9304645669291336
20
-3.7355904724409448
11
5.9304646062992123
21
-3.7355905118110235
0
LINE
8
BLACK
6
CONTINUOUS
10
5.9304646062992123
20
-3.7355905118110235
11
5.9325985433070869
21
-3.7355905118110235
0
LINE
8
BLACK
6
CONTINUOUS
10
5.9325985433070869
20
-3.7355905118110235
11
5.9337952755905512
21
-3.735478307086614
0
LINE
8
BLACK
6
CONTINUOUS
10
5.9337952755905512
20
-3.735478307086614
11
5.9337953543307087
21
-3.735478307086614
0
LINE
8
BLACK
6
CONTINUOUS
10
5.9337953543307087
20
-3.735478307086614
11
5.9388364960629918
21
-3.7337143700787401
0
LINE
8
BLACK
6
CONTINUOUS
10
5.9388364960629918
20
-3.7337143700787401
11
5.9431334645669294
21
-3.7305429921259843
0
LINE
8
BLACK
6
CONTINUOUS
10
5.9431334645669294
20
-3.7305429921259843
11
5.9431335433070869
21
-3.7305429133858268
0
LINE
8
BLACK
6
CONTINUOUS
10
5.9431335433070869
20
-3.7305429133858268
11
5.9463049212598422
21
-3.7262459448818896
0
LINE
8
BLACK
6
CONTINUOUS
10
5.9463049212598422
20
-3.7262459448818896
11
5.9480688582677166
21
-3.7212047637795274
0
LINE
8
BLACK
6
CONTINUOUS
10
5.9480688582677166
20
-3.7212047637795274
11
5.9481810629921261
21
-3.7200083070866139
0
LINE
8
BLACK
6
CONTINUOUS
10
5.9481810629921261
20
-3.7200083070866139
11
5.9481811023622049
21
-3.7200082677165351
0
LINE
8
BLACK
6
CONTINUOUS
10
5.9481811023622049
20
-3.7200082677165351
11
5.9481811023622049
21
-3.7159055511811023
0
LINE
8
BLACK
6
CONTINUOUS
10
5.9481811023622049
20
-3.7159055511811023
11
5.9481810629921261
21
-3.7159055118110236
0
LINE
8
BLACK
6
CONTINUOUS
10
5.9481810629921261
20
-3.7159055118110236
11
5.9363700787401577
21
-3.7159055118110236
0
LINE
8
BLACK
6
CONTINUOUS
10
5.9363700787401577
20
-3.7159055118110236
11
5.9363700787401577
21
-3.7178740157480314
0
LINE
8
BLACK
6
CONTINUOUS
10
5.4959842913385826
20
-4.1764961811023618
11
5.4960939370078741
21
-4.1776661811023619
0
LINE
8
BLACK
6
CONTINUOUS
10
5.4960939370078741
20
-4.1776661811023619
11
5.4960939763779528
21
-4.1776663779527556
0
LINE
8
BLACK
6
CONTINUOUS
10
5.4960939763779528
20
-4.1776663779527556
11
5.4978186614173223
21
-4.1825952755905513
0
LINE
8
BLACK
6
CONTINUOUS
10
5.4978186614173223
20
-4.1825952755905513
11
5.5009196062992123
21
-4.1867968110236218
0
LINE
8
BLACK
6
CONTINUOUS
10
5.5009196062992123
20
-4.1867968110236218
11
5.5009196850393698
21
-4.1867968897637793
0
LINE
8
BLACK
6
CONTINUOUS
10
5.5009196850393698
20
-4.1867968897637793
11
5.5051212204724411
21
-4.1898978346456692
0
LINE
8
BLACK
6
CONTINUOUS
10
5.5051212204724411
20
-4.1898978346456692
11
5.5100500787401572
21
-4.1916225196850396
0
LINE
8
BLACK
6
CONTINUOUS
10
5.5100500787401572
20
-4.1916225196850396
11
5.5112204330708661
21
-4.1917322440944877
0
LINE
8
BLACK
6
CONTINUOUS
10
5.5112204330708661
20
-4.1917322440944877
11
5.5140944488188977
21
-4.191732204724409
0
LINE
8
BLACK
6
CONTINUOUS
10
5.5140944488188977
20
-4.191732204724409
11
5.5140944881889764
21
-4.191732204724409
0
LINE
8
BLACK
6
CONTINUOUS
10
5.5140944881889764
20
-4.191732204724409
11
5.5140944881889764
21
-4.1799212598425193
0
LINE
8
BLACK
6
CONTINUOUS
10
5.5140944881889764
20
-4.1799212598425193
11
5.5133070866141729
21
-4.1799212598425193
0
LINE
8
BLACK
6
CONTINUOUS
10
5.5133070866141729
20
-4.1799212598425193
11
5.5111977952755904
21
-4.1795016929133855
0
LINE
8
BLACK
6
CONTINUOUS
10
5.5111977952755904
20
-4.1795016929133855
11
5.5094096456692911
21
-4.1783068897637792
0
LINE
8
BLACK
6
CONTINUOUS
10
5.5094096456692911
20
-4.1783068897637792
11
5.5082148425196849
21
-4.1765187401574799
0
LINE
8
BLACK
6
CONTINUOUS
10
5.5082148425196849
20
-4.1765187401574799
11
5.5078735826771652
21
-4.1748031496062987
0
LINE
8
BLACK
6
CONTINUOUS
10
5.5078735826771652
20
-4.1748031496062987
11
5.4959843307086613
21
-4.1748031496062987
0
LINE
8
BLACK
6
CONTINUOUS
10
5.4959843307086613
20
-4.1748031496062987
11
5.4959842913385826
21
-4.1748031889763775
0
LINE
8
BLACK
6
CONTINUOUS
10
5.4959842913385826
20
-4.1748031889763775
11
5.4959842913385826
21
-4.1764961811023618
0
LINE
8
BLACK
6
CONTINUOUS
10
5.3161811417322831
20
-4.1480232677165354
11
5.3162956299212594
21
-4.1490107874015747
0
LINE
8
BLACK
6
CONTINUOUS
10
5.3162956299212594
20
-4.1490107874015747
11
5.3180792519685038
21
-4.1530502755905507
0
LINE
8
BLACK
6
CONTINUOUS
10
5.3180792519685038
20
-4.1530502755905507
11
5.3212016535433069
21
-4.1561726771653547
0
LINE
8
BLACK
6
CONTINUOUS
10
5.3212016535433069
20
-4.1561726771653547
11
5.3252412204724404
21
-4.1579562992125982
0
LINE
8
BLACK
6
CONTINUOUS
10
5.3252412204724404
20
-4.1579562992125982
11
5.3262284645669293
21
-4.1580708267716533
0
LINE
8
BLACK
6
CONTINUOUS
10
5.3262284645669293
20
-4.1580708267716533
11
5.343740078740157
21
-4.1580708267716533
0
LINE
8
BLACK
6
CONTINUOUS
10
5.343740078740157
20
-4.1580708267716533
11
5.3437401574803145
21
-4.1580707874015745
0
LINE
8
BLACK
6
CONTINUOUS
10
5.3437401574803145
20
-4.1580707874015745
11
5.3437401574803145
21
-4.1462598425196848
0
LINE
8
BLACK
6
CONTINUOUS
10
5.3437401574803145
20
-4.1462598425196848
11
5.3279921259842515
21
-4.1462598425196848
0
LINE
8
BLACK
6
CONTINUOUS
10
5.3279921259842515
20
-4.1462598425196848
11
5.3279921259842515
21
-4.1442913385826774
0
LINE
8
BLACK
6
CONTINUOUS
10
5.3279921259842515
20
-4.1442913385826774
11
5.3161811811023618
21
-4.1442913385826774
0
LINE
8
BLACK
6
CONTINUOUS
10
5.3161811811023618
20
-4.1442913385826774
11
5.3161811417322831
21
-4.1442913779527562
0
LINE
8
BLACK
6
CONTINUOUS
10
5.3161811417322831
20
-4.1442913779527562
11
5.3161811417322831
21
-4.1480232677165354
0
LINE
8
BLACK
6
CONTINUOUS
10
5.4959842913385826
20
-4.0864961811023619
11
5.4960939370078741
21
-4.087666181102362
0
LINE
8
BLACK
6
CONTINUOUS
10
5.4960939370078741
20
-4.087666181102362
11
5.4960939763779528
21
-4.0876663779527558
0
LINE
8
BLACK
6
CONTINUOUS
10
5.4960939763779528
20
-4.0876663779527558
11
5.4973637007874014
21
-4.0912951574803147
0
LINE
8
BLACK
6
CONTINUOUS
10
5.4973637007874014
20
-4.0912951574803147
11
5.4992564566929136
21
-4.0922595669291342
0
LINE
8
BLACK
6
CONTINUOUS
10
5.4992564566929136
20
-4.0922595669291342
11
5.5027404330708656
21
-4.0957435433070861
0
LINE
8
BLACK
6
CONTINUOUS
10
5.5027404330708656
20
-4.0957435433070861
11
5.5046979921259842
21
-4.0995854724409444
0
LINE
8
BLACK
6
CONTINUOUS
10
5.5046979921259842
20
-4.0995854724409444
11
5.5051212204724411
21
-4.0998978346456694
0
LINE
8
BLACK
6
CONTINUOUS
10
5.5051212204724411
20
-4.0998978346456694
11
5.5100500787401572
21
-4.1016225196850389
0
LINE
8
BLACK
6
CONTINUOUS
10
5.5100500787401572
20
-4.1016225196850389
11
5.5112204330708661
21
-4.1017322440944879
0
LINE
8
BLACK
6
CONTINUOUS
10
5.5112204330708661
20
-4.1017322440944879
11
5.5140944488188977
21
-4.1017322047244091
0
LINE
8
BLACK
6
CONTINUOUS
10
5.5140944488188977
20
-4.1017322047244091
11
5.5140944881889764
21
-4.1017322047244091
0
LINE
8
BLACK
6
CONTINUOUS
10
5.5140944881889764
20
-4.1017322047244091
11
5.5140944881889764
21
-4.0899212598425194
0
LINE
8
BLACK
6
CONTINUOUS
10
5.5140944881889764
20
-4.0899212598425194
11
5.5133070866141729
21
-4.0899212598425194
0
LINE
8
BLACK
6
CONTINUOUS
10
5.5133070866141729
20
-4.0899212598425194
11
5.5111977952755904
21
-4.0895016929133856
0
LINE
8
BLACK
6
CONTINUOUS
10
5.5111977952755904
20
-4.0895016929133856
11
5.5094096456692911
21
-4.0883068897637793
0
LINE
8
BLACK
6
CONTINUOUS
10
5.5094096456692911
20
-4.0883068897637793
11
5.5082148425196849
21
-4.0865187401574801
0
LINE
8
BLACK
6
CONTINUOUS
10
5.5082148425196849
20
-4.0865187401574801
11
5.5078735826771652
21
-4.0848031496062989
0
LINE
8
BLACK
6
CONTINUOUS
10
5.5078735826771652
20
-4.0848031496062989
11
5.4959843307086613
21
-4.0848031496062989
0
LINE
8
BLACK
6
CONTINUOUS
10
5.4959843307086613
20
-4.0848031496062989
11
5.4959842913385826
21
-4.0848031889763776
0
LINE
8
BLACK
6
CONTINUOUS
10
5.4959842913385826
20
-4.0848031889763776
11
5.4959842913385826
21
-4.0864961811023619
0
LINE
8
BLACK
6
CONTINUOUS
10
5.7348819291338584
20
-4.0265827952755906
11
5.7349940944881892
21
-4.0277795275590549
0
LINE
8
BLACK
6
CONTINUOUS
10
5.7349940944881892
20
-4.0277795275590549
11
5.7349940944881892
21
-4.0277796062992124
0
LINE
8
BLACK
6
CONTINUOUS
10
5.7349940944881892
20
-4.0277796062992124
11
5.7367580314960627
21
-4.0328207480314964
0
LINE
8
BLACK
6
CONTINUOUS
10
5.7367580314960627
20
-4.0328207480314964
11
5.7399294094488189
21
-4.0371177165354331
0
LINE
8
BLACK
6
CONTINUOUS
10
5.7399294094488189
20
-4.0371177165354331
11
5.7399294881889764
21
-4.0371177952755906
0
LINE
8
BLACK
6
CONTINUOUS
10
5.7399294881889764
20
-4.0371177952755906
11
5.7442264566929131
21
-4.0402891732283468
0
LINE
8
BLACK
6
CONTINUOUS
10
5.7442264566929131
20
-4.0402891732283468
11
5.7492676377952758
21
-4.0420531102362203
0
LINE
8
BLACK
6
CONTINUOUS
10
5.7492676377952758
20
-4.0420531102362203
11
5.7504641338582676
21
-4.0421653149606298
0
LINE
8
BLACK
6
CONTINUOUS
10
5.7504641338582676
20
-4.0421653149606298
11
5.7742518897637796
21
-4.0421653149606298
0
LINE
8
BLACK
6
CONTINUOUS
10
5.7742518897637796
20
-4.0421653149606298
11
5.7742519685039371
21
-4.0421652755905511
0
LINE
8
BLACK
6
CONTINUOUS
10
5.7742519685039371
20
-4.0421652755905511
11
5.7742519685039371
21
-4.0303543307086613
0
LINE
8
BLACK
6
CONTINUOUS
10
5.7742519685039371
20
-4.0303543307086613
11
5.7525984251968501
21
-4.0303543307086613
0
LINE
8
BLACK
6
CONTINUOUS
10
5.7525984251968501
20
-4.0303543307086613
11
5.7503384645669291
21
-4.0299048031496065
0
LINE
8
BLACK
6
CONTINUOUS
10
5.7503384645669291
20
-4.0299048031496065
11
5.7484225984251971
21
-4.0286246456692911
0
LINE
8
BLACK
6
CONTINUOUS
10
5.7484225984251971
20
-4.0286246456692911
11
5.7471424409448817
21
-4.0267087795275591
0
LINE
8
BLACK
6
CONTINUOUS
10
5.7471424409448817
20
-4.0267087795275591
11
5.7466929133858269
21
-4.0244488188976373
0
LINE
8
BLACK
6
CONTINUOUS
10
5.7466929133858269
20
-4.0244488188976373
11
5.7348819685039372
21
-4.0244488188976373
0
LINE
8
BLACK
6
CONTINUOUS
10
5.7348819685039372
20
-4.0244488188976373
11
5.7348819291338584
21
-4.024448858267716
0
LINE
8
BLACK
6
CONTINUOUS
10
5.7348819291338584
20
-4.024448858267716
11
5.7348819291338584
21
-4.0265827952755906
0
LINE
8
BLACK
6
CONTINUOUS
10
5.0085039370078741
20
-3.9348818897637794
11
5.0380314960629917
21
-3.9348818897637794
0
LINE
8
BLACK
6
CONTINUOUS
10
5.0380314960629917
20
-3.9348818897637794
11
5.0380314960629917
21
-3.9466929133858266
0
LINE
8
BLACK
6
CONTINUOUS
10
5.0380314960629917
20
-3.9466929133858266
11
5.0498424409448814
21
-3.9466929133858266
0
LINE
8
BLACK
6
CONTINUOUS
10
5.0498424409448814
20
-3.9466929133858266
11
5.0498424803149602
21
-3.9466928740157479
0
LINE
8
BLACK
6
CONTINUOUS
10
5.0498424803149602
20
-3.9466928740157479
11
5.0498424803149602
21
-3.9331185039370076
0
LINE
8
BLACK
6
CONTINUOUS
10
5.0498424803149602
20
-3.9331185039370076
11
5.0498424409448814
21
-3.9331184251968505
0
LINE
8
BLACK
6
CONTINUOUS
10
5.0498424409448814
20
-3.9331184251968505
11
5.0497279527559051
21
-3.9321309055118108
0
LINE
8
BLACK
6
CONTINUOUS
10
5.0497279527559051
20
-3.9321309055118108
11
5.0479443307086616
21
-3.9280914173228347
0
LINE
8
BLACK
6
CONTINUOUS
10
5.0479443307086616
20
-3.9280914173228347
11
5.0448219291338585
21
-3.9249690157480313
0
LINE
8
BLACK
6
CONTINUOUS
10
5.0448219291338585
20
-3.9249690157480313
11
5.0407823622047241
21
-3.9231853937007872
0
LINE
8
BLACK
6
CONTINUOUS
10
5.0407823622047241
20
-3.9231853937007872
11
5.0397951574803148
21
-3.9230708661417322
0
LINE
8
BLACK
6
CONTINUOUS
10
5.0397951574803148
20
-3.9230708661417322
11
5.0085039763779529
21
-3.9230708661417322
0
LINE
8
BLACK
6
CONTINUOUS
10
5.0085039763779529
20
-3.9230708661417322
11
5.0085039370078741
21
-3.9230709055118109
0
LINE
8
BLACK
6
CONTINUOUS
10
5.0085039370078741
20
-3.9230709055118109
11
5.0085039370078741
21
-3.9348818897637794
0
LINE
8
BLACK
6
CONTINUOUS
10
4.8155905511811019
20
-3.9132283070866141
11
4.8155905905511807
21
-3.9132283464566928
0
LINE
8
BLACK
6
CONTINUOUS
10
4.8155905905511807
20
-3.9132283464566928
11
4.8274015748031491
21
-3.9132283464566928
0
LINE
8
BLACK
6
CONTINUOUS
10
4.8274015748031491
20
-3.9132283464566928
11
4.8274015748031491
21
-3.9092913385826771
0
LINE
8
BLACK
6
CONTINUOUS
10
4.8274015748031491
20
-3.9092913385826771
11
4.8608661417322834
21
-3.9092913385826771
0
LINE
8
BLACK
6
CONTINUOUS
10
4.8608661417322834
20
-3.9092913385826771
11
4.8608661417322834
21
-3.8896062992125984
0
LINE
8
BLACK
6
CONTINUOUS
10
4.8608661417322834
20
-3.8896062992125984
11
4.8274015748031491
21
-3.8896062992125984
0
LINE
8
BLACK
6
CONTINUOUS
10
4.8274015748031491
20
-3.8896062992125984
11
4.8274015748031491
21
-3.8856692913385826
0
LINE
8
BLACK
6
CONTINUOUS
10
4.8274015748031491
20
-3.8856692913385826
11
4.8155906299212594
21
-3.8856692913385826
0
LINE
8
BLACK
6
CONTINUOUS
10
4.8155906299212594
20
-3.8856692913385826
11
4.8155905905511807
21
-3.8856693307086614
0
LINE
8
BLACK
6
CONTINUOUS
10
4.8155905905511807
20
-3.8856693307086614
11
4.8155905905511807
21
-3.8913697244094489
0
LINE
8
BLACK
6
CONTINUOUS
10
4.8155905905511807
20
-3.8913697244094489
11
4.815705078740157
21
-3.8923572440944882
0
LINE
8
BLACK
6
CONTINUOUS
10
4.815705078740157
20
-3.8923572440944882
11
4.8174887401574802
21
-3.8963968110236218
0
LINE
8
BLACK
6
CONTINUOUS
10
4.8174887401574802
20
-3.8963968110236218
11
4.8177847637795272
21
-3.896692874015748
0
LINE
8
BLACK
6
CONTINUOUS
10
4.8177847637795272
20
-3.896692874015748
11
4.8188783070866137
21
-3.8988392125984253
0
LINE
8
BLACK
6
CONTINUOUS
10
4.8188783070866137
20
-3.8988392125984253
11
4.8185013779527557
21
-3.9012184251968502
0
LINE
8
BLACK
6
CONTINUOUS
10
4.8185013779527557
20
-3.9012184251968502
11
4.8177847637795272
21
-3.9022047637795274
0
LINE
8
BLACK
6
CONTINUOUS
10
4.8177847637795272
20
-3.9022047637795274
11
4.8174887401574802
21
-3.9025007874015749
0
LINE
8
BLACK
6
CONTINUOUS
10
4.8174887401574802
20
-3.9025007874015749
11
4.815705078740157
21
-3.906540433070866
0
LINE
8
BLACK
6
CONTINUOUS
10
4.815705078740157
20
-3.906540433070866
11
4.8155905511811019
21
-3.9075276377952757
0
LINE
8
BLACK
6
CONTINUOUS
10
4.8155905511811019
20
-3.9075276377952757
11
4.8155905511811019
21
-3.9132283070866141
0
LINE
8
BLACK
6
CONTINUOUS
10
4.9553543700787399
20
-3.905149251968504
11
4.9554688582677162
21
-3.9061367716535433
0
LINE
8
BLACK
6
CONTINUOUS
10
4.9554688582677162
20
-3.9061367716535433
11
4.9572524803149607
21
-3.9101762598425194
0
LINE
8
BLACK
6
CONTINUOUS
10
4.9572524803149607
20
-3.9101762598425194
11
4.9603748818897637
21
-3.9132986614173229
0
LINE
8
BLACK
6
CONTINUOUS
10
4.9603748818897637
20
-3.9132986614173229
11
4.9644144488188973
21
-3.9150822834645669
0
LINE
8
BLACK
6
CONTINUOUS
10
4.9644144488188973
20
-3.9150822834645669
11
4.9654016929133853
21
-3.9151968110236219
0
LINE
8
BLACK
6
CONTINUOUS
10
4.9654016929133853
20
-3.9151968110236219
11
4.9966928346456694
21
-3.9151968110236219
0
LINE
8
BLACK
6
CONTINUOUS
10
4.9966928346456694
20
-3.9151968110236219
11
4.9966929133858269
21
-3.9151967716535432
0
LINE
8
BLACK
6
CONTINUOUS
10
4.9966929133858269
20
-3.9151967716535432
11
4.9966929133858269
21
-3.9033858267716535
0
LINE
8
BLACK
6
CONTINUOUS
10
4.9966929133858269
20
-3.9033858267716535
11
4.9671653543307084
21
-3.9033858267716535
0
LINE
8
BLACK
6
CONTINUOUS
10
4.9671653543307084
20
-3.9033858267716535
11
4.9671653543307084
21
-3.8915748031496062
0
LINE
8
BLACK
6
CONTINUOUS
10
4.9671653543307084
20
-3.8915748031496062
11
4.9553544094488187
21
-3.8915748031496062
0
LINE
8
BLACK
6
CONTINUOUS
10
4.9553544094488187
20
-3.8915748031496062
11
4.9553543700787399
21
-3.891574842519685
0
LINE
8
BLACK
6
CONTINUOUS
10
4.9553543700787399
20
-3.891574842519685
11
4.9553543700787399
21
-3.905149251968504
0
LINE
8
BLACK
6
CONTINUOUS
10
4.8155905511811019
20
-3.8738582283464567
11
4.8155905905511807
21
-3.8738582677165354
0
LINE
8
BLACK
6
CONTINUOUS
10
4.8155905905511807
20
-3.8738582677165354
11
4.8274015748031491
21
-3.8738582677165354
0
LINE
8
BLACK
6
CONTINUOUS
10
4.8274015748031491
20
-3.8738582677165354
11
4.8274015748031491
21
-3.8699212598425197
0
LINE
8
BLACK
6
CONTINUOUS
10
4.8274015748031491
20
-3.8699212598425197
11
4.8608661417322834
21
-3.8699212598425197
0
LINE
8
BLACK
6
CONTINUOUS
10
4.8608661417322834
20
-3.8699212598425197
11
4.8608661417322834
21
-3.8581102755905512
0
LINE
8
BLACK
6
CONTINUOUS
10
4.8608661417322834
20
-3.8581102755905512
11
4.8608661023622046
21
-3.8581102362204724
0
LINE
8
BLACK
6
CONTINUOUS
10
4.8608661023622046
20
-3.8581102362204724
11
4.8256381889763782
21
-3.8581102362204724
0
LINE
8
BLACK
6
CONTINUOUS
10
4.8256381889763782
20
-3.8581102362204724
11
4.8256381102362207
21
-3.8581102755905512
0
LINE
8
BLACK
6
CONTINUOUS
10
4.8256381102362207
20
-3.8581102755905512
11
4.8246505905511814
21
-3.8582247637795275
0
LINE
8
BLACK
6
CONTINUOUS
10
4.8246505905511814
20
-3.8582247637795275
11
4.8206111023622045
21
-3.8600083858267715
0
LINE
8
BLACK
6
CONTINUOUS
10
4.8206111023622045
20
-3.8600083858267715
11
4.8174887007874014
21
-3.8631307874015746
0
LINE
8
BLACK
6
CONTINUOUS
10
4.8174887007874014
20
-3.8631307874015746
11
4.815705078740157
21
-3.8671703543307085
0
LINE
8
BLACK
6
CONTINUOUS
10
4.815705078740157
20
-3.8671703543307085
11
4.8155905511811019
21
-3.8681575590551178
0
LINE
8
BLACK
6
CONTINUOUS
10
4.8155905511811019
20
-3.8681575590551178
11
4.8155905511811019
21
-3.8738582283464567
0
LINE
8
BLACK
6
CONTINUOUS
10
5.1443307086614176
20
-3.8699212598425197
11
5.177795275590551
21
-3.8699212598425197
0
LINE
8
BLACK
6
CONTINUOUS
10
5.177795275590551
20
-3.8699212598425197
11
5.177795275590551
21
-3.8738582677165354
0
LINE
8
BLACK
6
CONTINUOUS
10
5.177795275590551
20
-3.8738582677165354
11
5.1896062204724407
21
-3.8738582677165354
0
LINE
8
BLACK
6
CONTINUOUS
10
5.1896062204724407
20
-3.8738582677165354
11
5.1896062598425194
21
-3.8738582283464567
0
LINE
8
BLACK
6
CONTINUOUS
10
5.1896062598425194
20
-3.8738582283464567
11
5.1896062598425194
21
-3.8681578740157478
0
LINE
8
BLACK
6
CONTINUOUS
10
5.1896062598425194
20
-3.8681578740157478
11
5.1896062204724407
21
-3.8681577952755903
0
LINE
8
BLACK
6
CONTINUOUS
10
5.1896062204724407
20
-3.8681577952755903
11
5.1894917322834644
21
-3.867170275590551
0
LINE
8
BLACK
6
CONTINUOUS
10
5.1894917322834644
20
-3.867170275590551
11
5.1877081102362199
21
-3.8631307874015746
0
LINE
8
BLACK
6
CONTINUOUS
10
5.1877081102362199
20
-3.8631307874015746
11
5.1845857086614169
21
-3.8600083858267715
0
LINE
8
BLACK
6
CONTINUOUS
10
5.1845857086614169
20
-3.8600083858267715
11
5.1805461417322833
21
-3.8582247637795275
0
LINE
8
BLACK
6
CONTINUOUS
10
5.1805461417322833
20
-3.8582247637795275
11
5.1795589370078741
21
-3.8581102362204724
0
LINE
8
BLACK
6
CONTINUOUS
10
5.1795589370078741
20
-3.8581102362204724
11
5.1443307480314964
21
-3.8581102362204724
0
LINE
8
BLACK
6
CONTINUOUS
10
5.1443307480314964
20
-3.8581102362204724
11
5.1443307086614176
21
-3.8581102755905512
0
LINE
8
BLACK
6
CONTINUOUS
10
5.1443307086614176
20
-3.8581102755905512
11
5.1443307086614176
21
-3.8699212598425197
0
LINE
8
BLACK
6
CONTINUOUS
10
5.8411811023622047
20
-3.8096088188976376
11
5.8415989370078742
21
-3.8130883070866139
0
LINE
8
BLACK
6
CONTINUOUS
10
5.8415989370078742
20
-3.8130883070866139
11
5.843782677165354
21
-3.8186257874015745
0
LINE
8
BLACK
6
CONTINUOUS
10
5.843782677165354
20
-3.8186257874015745
11
5.8473793307086614
21
-3.8233686614173226
0
LINE
8
BLACK
6
CONTINUOUS
10
5.8473793307086614
20
-3.8233686614173226
11
5.8521222047244095
21
-3.82696531496063
0
LINE
8
BLACK
6
CONTINUOUS
10
5.8521222047244095
20
-3.82696531496063
11
5.8576596850393701
21
-3.8291490551181102
0
LINE
8
BLACK
6
CONTINUOUS
10
5.8576596850393701
20
-3.8291490551181102
11
5.861139173228346
21
-3.8295668897637793
0
LINE
8
BLACK
6
CONTINUOUS
10
5.861139173228346
20
-3.8295668897637793
11
5.8611394488188973
21
-3.8295669291338581
0
LINE
8
BLACK
6
CONTINUOUS
10
5.8611394488188973
20
-3.8295669291338581
11
5.900236181102362
21
-3.8295669291338581
0
LINE
8
BLACK
6
CONTINUOUS
10
5.900236181102362
20
-3.8295669291338581
11
5.9002362204724408
21
-3.8295668897637793
0
LINE
8
BLACK
6
CONTINUOUS
10
5.9002362204724408
20
-3.8295668897637793
11
5.9002362204724408
21
-3.8177559055118109
0
LINE
8
BLACK
6
CONTINUOUS
10
5.9002362204724408
20
-3.8177559055118109
11
5.8628346456692908
21
-3.8177559055118109
0
LINE
8
BLACK
6
CONTINUOUS
10
5.8628346456692908
20
-3.8177559055118109
11
5.859068070866142
21
-3.8170066929133859
0
LINE
8
BLACK
6
CONTINUOUS
10
5.859068070866142
20
-3.8170066929133859
11
5.8558749212598427
21
-3.8148731102362206
0
LINE
8
BLACK
6
CONTINUOUS
10
5.8558749212598427
20
-3.8148731102362206
11
5.8537413385826769
21
-3.8116799606299212
0
LINE
8
BLACK
6
CONTINUOUS
10
5.8537413385826769
20
-3.8116799606299212
11
5.8529921259842519
21
-3.8079133858267715
0
LINE
8
BLACK
6
CONTINUOUS
10
5.8529921259842519
20
-3.8079133858267715
11
5.8529921259842519
21
-3.8039763779527558
0
LINE
8
BLACK
6
CONTINUOUS
10
5.8529921259842519
20
-3.8039763779527558
11
5.8411811417322834
21
-3.8039763779527558
0
LINE
8
BLACK
6
CONTINUOUS
10
5.8411811417322834
20
-3.8039763779527558
11
5.8411811023622047
21
-3.8039764173228345
0
LINE
8
BLACK
6
CONTINUOUS
10
5.8411811023622047
20
-3.8039764173228345
11
5.8411811023622047
21
-3.8096088188976376
0
LINE
8
BLACK
6
CONTINUOUS
10
5.8411811023622047
20
-3.7921653149606298
11
5.8411811417322834
21
-3.7921653543307086
0
LINE
8
BLACK
6
CONTINUOUS
10
5.8411811417322834
20
-3.7921653543307086
11
5.8529921259842519
21
-3.7921653543307086
0
LINE
8
BLACK
6
CONTINUOUS
10
5.8529921259842519
20
-3.7921653543307086
11
5.8529921259842519
21
-3.7882283464566928
0
LINE
8
BLACK
6
CONTINUOUS
10
5.8529921259842519
20
-3.7882283464566928
11
5.8537413385826769
21
-3.7844617716535431
0
LINE
8
BLACK
6
CONTINUOUS
10
5.8537413385826769
20
-3.7844617716535431
11
5.8558749212598427
21
-3.7812686220472438
0
LINE
8
BLACK
6
CONTINUOUS
10
5.8558749212598427
20
-3.7812686220472438
11
5.859068070866142
21
-3.7791350393700784
0
LINE
8
BLACK
6
CONTINUOUS
10
5.859068070866142
20
-3.7791350393700784
11
5.8628346456692908
21
-3.7783858267716535
0
LINE
8
BLACK
6
CONTINUOUS
10
5.8628346456692908
20
-3.7783858267716535
11
5.9002362204724408
21
-3.7783858267716535
0
LINE
8
BLACK
6
CONTINUOUS
10
5.9002362204724408
20
-3.7783858267716535
11
5.9002362204724408
21
-3.766574842519685
0
LINE
8
BLACK
6
CONTINUOUS
10
5.9002362204724408
20
-3.766574842519685
11
5.900236181102362
21
-3.7665748031496062
0
LINE
8
BLACK
6
CONTINUOUS
10
5.900236181102362
20
-3.7665748031496062
11
5.861139173228346
21
-3.7665748031496062
0
LINE
8
BLACK
6
CONTINUOUS
10
5.861139173228346
20
-3.7665748031496062
11
5.8576596850393701
21
-3.7669926377952754
0
LINE
8
BLACK
6
CONTINUOUS
10
5.8576596850393701
20
-3.7669926377952754
11
5.8521222047244095
21
-3.7691763779527556
0
LINE
8
BLACK
6
CONTINUOUS
10
5.8521222047244095
20
-3.7691763779527556
11
5.8473793307086614
21
-3.772773031496063
0
LINE
8
BLACK
6
CONTINUOUS
10
5.8473793307086614
20
-3.772773031496063
11
5.843782677165354
21
-3.777515905511811
0
LINE
8
BLACK
6
CONTINUOUS
10
5.843782677165354
20
-3.777515905511811
11
5.8415989370078742
21
-3.7830533858267716
0
LINE
8
BLACK
6
CONTINUOUS
10
5.8415989370078742
20
-3.7830533858267716
11
5.8411811023622047
21
-3.786532874015748
0
LINE
8
BLACK
6
CONTINUOUS
10
5.8411811023622047
20
-3.786532874015748
11
5.8411811023622047
21
-3.7921653149606298
0
LINE
8
BLACK
6
CONTINUOUS
10
5.4299055118110235
20
-3.79407874015748
11
5.430692913385827
21
-3.79407874015748
0
LINE
8
BLACK
6
CONTINUOUS
10
5.430692913385827
20
-3.79407874015748
11
5.4328022047244096
21
-3.7944983070866143
0
LINE
8
BLACK
6
CONTINUOUS
10
5.4328022047244096
20
-3.7944983070866143
11
5.4345903543307088
21
-3.7956931102362206
0
LINE
8
BLACK
6
CONTINUOUS
10
5.4345903543307088
20
-3.7956931102362206
11
5.4357851574803151
21
-3.7974812598425194
0
LINE
8
BLACK
6
CONTINUOUS
10
5.4357851574803151
20
-3.7974812598425194
11
5.4361264173228347
21
-3.7991968503937006
0
LINE
8
BLACK
6
CONTINUOUS
10
5.4361264173228347
20
-3.7991968503937006
11
5.4480156692913386
21
-3.7991968503937006
0
LINE
8
BLACK
6
CONTINUOUS
10
5.4480156692913386
20
-3.7991968503937006
11
5.4480157086614174
21
-3.7991968110236218
0
LINE
8
BLACK
6
CONTINUOUS
10
5.4480157086614174
20
-3.7991968110236218
11
5.4480157086614174
21
-3.7975037795275588
0
LINE
8
BLACK
6
CONTINUOUS
10
5.4480157086614174
20
-3.7975037795275588
11
5.4479060236220471
21
-3.7963337795275591
0
LINE
8
BLACK
6
CONTINUOUS
10
5.4479060236220471
20
-3.7963337795275591
11
5.4479059842519684
21
-3.7963335826771654
0
LINE
8
BLACK
6
CONTINUOUS
10
5.4479059842519684
20
-3.7963335826771654
11
5.446181299212598
21
-3.7914046850393701
0
LINE
8
BLACK
6
CONTINUOUS
10
5.446181299212598
20
-3.7914046850393701
11
5.4430803543307089
21
-3.7872031496062992
0
LINE
8
BLACK
6
CONTINUOUS
10
5.4430803543307089
20
-3.7872031496062992
11
5.4430802755905514
21
-3.7872030708661417
0
LINE
8
BLACK
6
CONTINUOUS
10
5.4430802755905514
20
-3.7872030708661417
11
5.4388787401574801
21
-3.7841021259842518
0
LINE
8
BLACK
6
CONTINUOUS
10
5.4388787401574801
20
-3.7841021259842518
11
5.433949881889764
21
-3.7823774409448818
0
LINE
8
BLACK
6
CONTINUOUS
10
5.433949881889764
20
-3.7823774409448818
11
5.4327795275590551
21
-3.7822677165354328
0
LINE
8
BLACK
6
CONTINUOUS
10
5.4327795275590551
20
-3.7822677165354328
11
5.4299055511811023
21
-3.7822677165354328
0
LINE
8
BLACK
6
CONTINUOUS
10
5.4299055511811023
20
-3.7822677165354328
11
5.4299055118110235
21
-3.7822677559055116
0
LINE
8
BLACK
6
CONTINUOUS
10
5.4299055118110235
20
-3.7822677559055116
11
5.4299055118110235
21
-3.79407874015748
0
LINE
8
BLACK
6
CONTINUOUS
10
5.2132677559055116
20
-3.7637796456692914
11
5.2133774015748031
21
-3.7649496456692915
0
LINE
8
BLACK
6
CONTINUOUS
10
5.2133774015748031
20
-3.7649496456692915
11
5.2133774409448819
21
-3.7649498425196848
0
LINE
8
BLACK
6
CONTINUOUS
10
5.2133774409448819
20
-3.7649498425196848
11
5.2151021259842523
21
-3.76987874015748
0
LINE
8
BLACK
6
CONTINUOUS
10
5.2151021259842523
20
-3.76987874015748
11
5.2182030708661413
21
-3.7740802755905509
0
LINE
8
BLACK
6
CONTINUOUS
10
5.2182030708661413
20
-3.7740802755905509
11
5.2182031496062988
21
-3.7740803543307084
0
LINE
8
BLACK
6
CONTINUOUS
10
5.2182031496062988
20
-3.7740803543307084
11
5.2224046850393702
21
-3.7771812992125984
0
LINE
8
BLACK
6
CONTINUOUS
10
5.2224046850393702
20
-3.7771812992125984
11
5.2273335433070862
21
-3.7789059842519683
0
LINE
8
BLACK
6
CONTINUOUS
10
5.2273335433070862
20
-3.7789059842519683
11
5.2285038976377951
21
-3.7790157086614173
0
LINE
8
BLACK
6
CONTINUOUS
10
5.2285038976377951
20
-3.7790157086614173
11
5.2301968503937006
21
-3.7790156692913386
0
LINE
8
BLACK
6
CONTINUOUS
10
5.2301968503937006
20
-3.7790156692913386
11
5.2301968503937006
21
-3.767126377952756
0
LINE
8
BLACK
6
CONTINUOUS
10
5.2301968503937006
20
-3.767126377952756
11
5.2284812598425194
21
-3.7667851574803151
0
LINE
8
BLACK
6
CONTINUOUS
10
5.2284812598425194
20
-3.7667851574803151
11
5.2266931102362202
21
-3.7655903543307088
0
LINE
8
BLACK
6
CONTINUOUS
10
5.2266931102362202
20
-3.7655903543307088
11
5.2254983070866139
21
-3.7638022047244095
0
LINE
8
BLACK
6
CONTINUOUS
10
5.2254983070866139
20
-3.7638022047244095
11
5.2250787401574801
21
-3.7616929133858266
0
LINE
8
BLACK
6
CONTINUOUS
10
5.2250787401574801
20
-3.7616929133858266
11
5.2250787401574801
21
-3.7609055118110235
0
LINE
8
BLACK
6
CONTINUOUS
10
5.2250787401574801
20
-3.7609055118110235
11
5.2132677952755904
21
-3.7609055118110235
0
LINE
8
BLACK
6
CONTINUOUS
10
5.2132677952755904
20
-3.7609055118110235
11
5.2132677559055116
21
-3.7609055511811023
0
LINE
8
BLACK
6
CONTINUOUS
10
5.2132677559055116
20
-3.7609055511811023
11
5.2132677559055116
21
-3.7637796456692914
0
LINE
8
BLACK
6
CONTINUOUS
10
5.2132677165354329
20
-3.7490944488188975
11
5.2132677559055116
21
-3.7490944881889763
0
LINE
8
BLACK
6
CONTINUOUS
10
5.2132677559055116
20
-3.7490944881889763
11
5.2250787401574801
21
-3.7490944881889763
0
LINE
8
BLACK
6
CONTINUOUS
10
5.2250787401574801
20
-3.7490944881889763
11
5.2250787401574801
21
-3.7483070866141732
0
LINE
8
BLACK
6
CONTINUOUS
10
5.2250787401574801
20
-3.7483070866141732
11
5.2254983070866139
21
-3.7461977952755903
0
LINE
8
BLACK
6
CONTINUOUS
10
5.2254983070866139
20
-3.7461977952755903
11
5.2266931102362202
21
-3.7444096456692915
0
LINE
8
BLACK
6
CONTINUOUS
10
5.2266931102362202
20
-3.7444096456692915
11
5.2284812598425194
21
-3.7432148425196852
0
LINE
8
BLACK
6
CONTINUOUS
10
5.2284812598425194
20
-3.7432148425196852
11
5.2301968503937006
21
-3.7428735826771651
0
LINE
8
BLACK
6
CONTINUOUS
10
5.2301968503937006
20
-3.7428735826771651
11
5.2301968503937006
21
-3.7309842125984249
0
LINE
8
BLACK
6
CONTINUOUS
10
5.2301968503937006
20
-3.7309842125984249
11
5.2285038188976376
21
-3.7309842519685037
0
LINE
8
BLACK
6
CONTINUOUS
10
5.2285038188976376
20
-3.7309842519685037
11
5.2273337795275587
21
-3.731093937007874
0
LINE
8
BLACK
6
CONTINUOUS
10
5.2273337795275587
20
-3.731093937007874
11
5.227333582677165
21
-3.7310939763779527
0
LINE
8
BLACK
6
CONTINUOUS
10
5.227333582677165
20
-3.7310939763779527
11
5.2224046850393702
21
-3.7328186614173227
0
LINE
8
BLACK
6
CONTINUOUS
10
5.2224046850393702
20
-3.7328186614173227
11
5.2182031496062988
21
-3.7359196062992126
0
LINE
8
BLACK
6
CONTINUOUS
10
5.2182031496062988
20
-3.7359196062992126
11
5.2182030708661413
21
-3.7359196850393701
0
LINE
8
BLACK
6
CONTINUOUS
10
5.2182030708661413
20
-3.7359196850393701
11
5.2151021259842523
21
-3.740121220472441
0
LINE
8
BLACK
6
CONTINUOUS
10
5.2151021259842523
20
-3.740121220472441
11
5.2133774409448819
21
-3.7450500787401575
0
LINE
8
BLACK
6
CONTINUOUS
10
5.2133774409448819
20
-3.7450500787401575
11
5.2132677165354329
21
-3.7462204330708659
0
LINE
8
BLACK
6
CONTINUOUS
10
5.2132677165354329
20
-3.7462204330708659
11
5.2132677165354329
21
-3.7490944488188975
0
LINE
8
BLACK
6
CONTINUOUS
10
5.9009370472440947
20
-3.7200079921259843
11
5.9010492125984246
21
-3.7212047244094486
0
LINE
8
BLACK
6
CONTINUOUS
10
5.9010492125984246
20
-3.7212047244094486
11
5.9010492125984246
21
-3.7212048031496061
0
LINE
8
BLACK
6
CONTINUOUS
10
5.9010492125984246
20
-3.7212048031496061
11
5.902813149606299
21
-3.7262459448818896
0
LINE
8
BLACK
6
CONTINUOUS
10
5.902813149606299
20
-3.7262459448818896
11
5.9059845275590552
21
-3.7305429133858268
0
LINE
8
BLACK
6
CONTINUOUS
10
5.9059845275590552
20
-3.7305429133858268
11
5.9059846062992127
21
-3.7305429921259843
0
LINE
8
BLACK
6
CONTINUOUS
10
5.9059846062992127
20
-3.7305429921259843
11
5.9102815748031494
21
-3.7337143700787401
0
LINE
8
BLACK
6
CONTINUOUS
10
5.9102815748031494
20
-3.7337143700787401
11
5.91532279527559
21
-3.735478307086614
0
LINE
8
BLACK
6
CONTINUOUS
10
5.91532279527559
20
-3.735478307086614
11
5.9165192125984252
21
-3.7355905118110235
0
LINE
8
BLACK
6
CONTINUOUS
10
5.9165192125984252
20
-3.7355905118110235
11
5.9186535039370076
21
-3.7355904724409448
0
LINE
8
BLACK
6
CONTINUOUS
10
5.9186535039370076
20
-3.7355904724409448
11
5.9186535433070864
21
-3.7355904724409448
0
LINE
8
BLACK
6
CONTINUOUS
10
5.9186535433070864
20
-3.7355904724409448
11
5.9186535433070864
21
-3.7237795275590551
0
LINE
8
BLACK
6
CONTINUOUS
10
5.9186535433070864
20
-3.7237795275590551
11
5.9163935826771654
21
-3.7233299999999998
0
LINE
8
BLACK
6
CONTINUOUS
10
5.9163935826771654
20
-3.7233299999999998
11
5.9144777165354325
21
-3.7220498425196848
0
LINE
8
BLACK
6
CONTINUOUS
10
5.9144777165354325
20
-3.7220498425196848
11
5.913197559055118
21
-3.7201339763779528
0
LINE
8
BLACK
6
CONTINUOUS
10
5.913197559055118
20
-3.7201339763779528
11
5.9127480314960632
21
-3.7178740157480314
0
LINE
8
BLACK
6
CONTINUOUS
10
5.9127480314960632
20
-3.7178740157480314
11
5.9127480314960632
21
-3.7159055118110236
0
LINE
8
BLACK
6
CONTINUOUS
10
5.9127480314960632
20
-3.7159055118110236
11
5.9009370866141735
21
-3.7159055118110236
0
LINE
8
BLACK
6
CONTINUOUS
10
5.9009370866141735
20
-3.7159055118110236
11
5.9009370472440947
21
-3.7159055511811023
0
LINE
8
BLACK
6
CONTINUOUS
10
5.9009370472440947
20
-3.7159055511811023
11
5.9009370472440947
21
-3.7200079921259843
0
LINE
8
BLACK
6
CONTINUOUS
10
5.900937007874016
20
-3.7040944488188976
11
5.9009370472440947
21
-3.7040944881889764
0
LINE
8
BLACK
6
CONTINUOUS
10
5.9009370472440947
20
-3.7040944881889764
11
5.9127480314960632
21
-3.7040944881889764
0
LINE
8
BLACK
6
CONTINUOUS
10
5.9127480314960632
20
-3.7040944881889764
11
5.9127480314960632
21
-3.7021259842519685
0
LINE
8
BLACK
6
CONTINUOUS
10
5.9127480314960632
20
-3.7021259842519685
11
5.913197559055118
21
-3.6998660236220471
0
LINE
8
BLACK
6
CONTINUOUS
10
5.913197559055118
20
-3.6998660236220471
11
5.9144777165354325
21
-3.6979501574803151
0
LINE
8
BLACK
6
CONTINUOUS
10
5.9144777165354325
20
-3.6979501574803151
11
5.9163935826771654
21
-3.6966700000000001
0
LINE
8
BLACK
6
CONTINUOUS
10
5.9163935826771654
20
-3.6966700000000001
11
5.9186535433070864
21
-3.6962204724409449
0
LINE
8
BLACK
6
CONTINUOUS
10
5.9186535433070864
20
-3.6962204724409449
11
5.9186535433070864
21
-3.6844094881889764
0
LINE
8
BLACK
6
CONTINUOUS
10
5.9186535433070864
20
-3.6844094881889764
11
5.9186535433070864
21
-3.6844094094488189
0
LINE
8
BLACK
6
CONTINUOUS
10
5.9186535433070864
20
-3.6844094094488189
11
5.9165195275590552
21
-3.6844094488188976
0
LINE
8
BLACK
6
CONTINUOUS
10
5.9165195275590552
20
-3.6844094488188976
11
5.91532279527559
21
-3.6845216535433072
0
LINE
8
BLACK
6
CONTINUOUS
10
5.91532279527559
20
-3.6845216535433072
11
5.9153227165354325
21
-3.6845216535433072
0
LINE
8
BLACK
6
CONTINUOUS
10
5.9153227165354325
20
-3.6845216535433072
11
5.9102815748031494
21
-3.6862855905511811
0
LINE
8
BLACK
6
CONTINUOUS
10
5.9102815748031494
20
-3.6862855905511811
11
5.9059846062992127
21
-3.6894569685039369
0
LINE
8
BLACK
6
CONTINUOUS
10
5.9059846062992127
20
-3.6894569685039369
11
5.9059845275590552
21
-3.6894570472440944
0
LINE
8
BLACK
6
CONTINUOUS
10
5.9059845275590552
20
-3.6894570472440944
11
5.902813149606299
21
-3.6937540157480315
0
LINE
8
BLACK
6
CONTINUOUS
10
5.902813149606299
20
-3.6937540157480315
11
5.9010492125984246
21
-3.6987951968503938
0
LINE
8
BLACK
6
CONTINUOUS
10
5.9010492125984246
20
-3.6987951968503938
11
5.900937007874016
21
-3.6999916535433068
0
LINE
8
BLACK
6
CONTINUOUS
10
5.900937007874016
20
-3.6999916535433068
11
5.900937007874016
21
-3.7040944488188976
0
LINE
8
BLACK
6
CONTINUOUS
10
5.9304645669291336
20
-3.6962204724409449
11
5.9327245275590546
21
-3.6966700000000001
0
LINE
8
BLACK
6
CONTINUOUS
10
5.9327245275590546
20
-3.6966700000000001
11
5.9346403937007874
21
-3.6979501574803151
0
LINE
8
BLACK
6
CONTINUOUS
10
5.9346403937007874
20
-3.6979501574803151
11
5.935920551181102
21
-3.6998660236220471
0
LINE
8
BLACK
6
CONTINUOUS
10
5.935920551181102
20
-3.6998660236220471
11
5.9363700787401577
21
-3.7021259842519685
0
LINE
8
BLACK
6
CONTINUOUS
10
5.9363700787401577
20
-3.7021259842519685
11
5.9363700787401577
21
-3.7040944881889764
0
LINE
8
BLACK
6
CONTINUOUS
10
5.9363700787401577
20
-3.7040944881889764
11
5.9481810236220474
21
-3.7040944881889764
0
LINE
8
BLACK
6
CONTINUOUS
10
5.9481810236220474
20
-3.7040944881889764
11
5.9481810629921261
21
-3.7040944488188976
0
LINE
8
BLACK
6
CONTINUOUS
10
5.9481810629921261
20
-3.7040944488188976
11
5.9481810629921261
21
-3.6999919685039369
0
LINE
8
BLACK
6
CONTINUOUS
10
5.9481810629921261
20
-3.6999919685039369
11
5.9480688582677166
21
-3.6987952362204726
0
LINE
8
BLACK
6
CONTINUOUS
10
5.9480688582677166
20
-3.6987952362204726
11
5.9480688582677166
21
-3.6987951574803151
0
LINE
8
BLACK
6
CONTINUOUS
10
5.9480688582677166
20
-3.6987951574803151
11
5.9463049212598422
21
-3.6937540157480315
0
LINE
8
BLACK
6
CONTINUOUS
10
5.9463049212598422
20
-3.6937540157480315
11
5.9431335433070869
21
-3.6894570472440944
0
LINE
8
BLACK
6
CONTINUOUS
10
5.9431335433070869
20
-3.6894570472440944
11
5.9431334645669294
21
-3.6894569685039369
0
LINE
8
BLACK
6
CONTINUOUS
10
5.9431334645669294
20
-3.6894569685039369
11
5.9388364960629918
21
-3.6862855905511811
0
LINE
8
BLACK
6
CONTINUOUS
10
5.9388364960629918
20
-3.6862855905511811
11
5.93379531496063
21
-3.6845216535433072
0
LINE
8
BLACK
6
CONTINUOUS
10
5.93379531496063
20
-3.6845216535433072
11
5.932598858267716
21
-3.6844094488188976
0
LINE
8
BLACK
6
CONTINUOUS
10
5.932598858267716
20
-3.6844094488188976
11
5.9304646062992123
21
-3.6844094488188976
0
LINE
8
BLACK
6
CONTINUOUS
10
5.9304646062992123
20
-3.6844094488188976
11
5.9304645669291336
21
-3.6844094881889764
0
LINE
8
BLACK
6
CONTINUOUS
10
5.9304645669291336
20
-3.6844094881889764
11
5.9304645669291336
21
-3.6962204724409449
0
CIRCLE
8
BLACK
10
4.8884251968503936
20
-3.6494488188976377
40
0.0068897637795276
0
CIRCLE
8
BLACK
10
4.8884251968503936
20
-4.2400000000000002
40
0.0068897637795276
0
CIRCLE
8
BLACK
10
5.2821259842519686
20
-4.2400000000000002
40
0.0068897637795276
0
CIRCLE
8
BLACK
10
5.2821259842519686
20
-3.6494488188976377
40
0.0068897637795276
0
CIRCLE
8
BLACK
10
5.146299212598425
20
-4.0037795275590549
40
0.0068897637795276
0
CIRCLE
8
BLACK
10
4.8588976377952751
20
-4.0037795275590549
40
0.0068897637795276
0
CIRCLE
8
BLACK
10
4.8588976377952751
20
-3.834488188976378
40
0.0068897637795276
0
CIRCLE
8
BLACK
10
5.1399999999999997
20
-3.7799999999999998
40
0.0078740157480315
0
CIRCLE
8
BLACK
10
5.9349999999999996
20
-3.7989999999999999
40
0.0078740157480315
0
CIRCLE
8
BLACK
10
5.6369999999999996
20
-3.8029999999999999
40
0.0078740157480315
0
CIRCLE
8
BLACK
10
5.9329999999999998
20
-3.8529999999999998
40
0.0078740157480315
0
CIRCLE
8
BLACK
10
4.8869999999999996
20
-3.7429999999999999
40
0.0078740157480315
0
CIRCLE
8
BLACK
10
5.9349999999999996
20
-4.0919999999999996
40
0.0078740157480315
0
CIRCLE
8
BLACK
10
5.1200000000000001
20
-4.2000000000000002
40
0.0078740157480315
0
CIRCLE
8
BLACK
10
5.8380000000000001
20
-4.1989999999999998
40
0.0078740157480315
0
CIRCLE
8
BLACK
10
5.8949999999999996
20
-4.04
40
0.0078740157480315
0
CIRCLE
8
BLACK
10
5.57183311023622
20
-3.9219499606299211
40
0.0078740157480315
0
CIRCLE
8
BLACK
10
5.2050000000000001
20
-3.7199999999999998
40
0.0078740157480315
0
CIRCLE
8
BLACK
10
5.375
20
-4.1950000000000003
40
0.0078740157480315
0
CIRCLE
8
BLACK
10
5.2279999999999998
20
-4.0839999999999996
40
0.0078740157480315
0
CIRCLE
8
BLACK
10
5.9349999999999996
20
-3.9499999999999997
40
0.0078740157480315
0
CIRCLE
8
BLACK
10
5.2409999999999997
20
-4.1159999999999997
40
0.0078740157480315
0
CIRCLE
8
BLACK
10
4.8300000000000001
20
-4.0449999999999999
40
0.0078740157480315
0
CIRCLE
8
BLACK
10
5.9349999999999996
20
-3.8999999999999999
40
0.0078740157480315
0
CIRCLE
8
BLACK
10
5.415
20
-3.8900000000000001
40
0.0078740157480315
0
CIRCLE
8
BLACK
10
5.8849999999999998
20
-3.798
40
0.0078740157480315
0
CIRCLE
8
BLACK
10
5.1529999999999996
20
-3.7079999999999997
40
0.0078740157480315
0
CIRCLE
8
BLACK
10
5.6285826771653538
20
-3.9525984251968502
40
0.0078740157480315
0
CIRCLE
8
BLACK
10
5.2050000000000001
20
-4.2000000000000002
40
0.0078740157480315
0
CIRCLE
8
BLACK
10
4.8399999999999999
20
-3.7799999999999998
40
0.0078740157480315
0
CIRCLE
8
BLACK
10
5.6289999999999996
20
-4.1600000000000001
40
0.0078740157480315
0
CIRCLE
8
BLACK
10
5.4799999999999995
20
-4.1950000000000003
40
0.0078740157480315
0
CIRCLE
8
BLACK
10
5.9349999999999996
20
-4.
40
0.0078740157480315
0
CIRCLE
8
BLACK
10
4.8300000000000001
20
-4.1749999999999998
40
0.0078740157480315
0
CIRCLE
8
BLACK
10
5.3838976771653542
20
-3.7950000393700787
40
0.0078740157480315
0
CIRCLE
8
BLACK
10
5.7439999999999998
20
-4.0759999999999996
40
0.0078740157480315
0
CIRCLE
8
BLACK
10
4.9660000000000002
20
-3.7239999999999998
40
0.0078740157480315
0
CIRCLE
8
BLACK
10
5.7489999999999997
20
-3.8260000000000001
40
0.0078740157480315
0
CIRCLE
8
BLACK
10
5.7939999999999996
20
-4.0609999999999999
40
0.0078740157480315
0
CIRCLE
8
BLACK
10
5.4900000000000002
20
-4.1049999999999995
40
0.0078740157480315
0
CIRCLE
8
BLACK
10
5.0659999999999998
20
-3.9179999999999997
40
0.0078740157480315
0
CIRCLE
8
BLACK
10
5.8490000000000002
20
-3.9889999999999999
40
0.0078740157480315
0
CIRCLE
8
BLACK
10
5.8789999999999996
20
-4.0919999999999996
40
0.0078740157480315
0
CIRCLE
8
BLACK
10
5.4299999999999997
20
-4.1950000000000003
40
0.0078740157480315
0
CIRCLE
8
BLACK
10
5.165
20
-4.2000000000000002
40
0.0078740157480315
0
CIRCLE
8
BLACK
10
5.7429999999999994
20
-3.766
40
0.0078740157480315
0
CIRCLE
8
BLACK
10
5.8250000000000002
20
-3.8199999999999998
40
0.0078740157480315
0
CIRCLE
8
BLACK
10
4.9379999999999997
20
-3.9199999999999999
40
0.0078740157480315
0
CIRCLE
8
BLACK
10
5.6797637795275593
20
-3.8699212598425197
40
0.0078740157480315
0
CIRCLE
8
BLACK
10
5.6879999999999997
20
-3.6899999999999999
40
0.0078740157480315
0
CIRCLE
8
BLACK
10
5.3743090944881891
20
-4.0303128740157481
40
0.0078740157480315
0
CIRCLE
8
BLACK
10
5.375
20
-3.9630000000000001
40
0.0078740157480315
0
CIRCLE
8
BLACK
10
5.9349999999999996
20
-4.04
40
0.0078740157480315
0
CIRCLE
8
BLACK
10
5.5632028346456694
20
-4.1616872047244096
40
0.0078740157480315
0
CIRCLE
8
BLACK
10
5.5800000000000001
20
-3.7349999999999999
40
0.0078740157480315
0
CIRCLE
8
BLACK
10
5.5676355118110239
20
-3.8828239763779528
40
0.0078740157480315
0
CIRCLE
8
BLACK
10
5.3849999999999998
20
-3.7050000000000001
40
0.0078740157480315
0
CIRCLE
8
BLACK
10
5.308523622047244
20
-3.750707244094488
40
0.0078740157480315
0
CIRCLE
8
BLACK
10
5.6091079133858264
20
-4.0761076771653544
40
0.0078740157480315
0
CIRCLE
8
BLACK
10
5.8490551181102362
20
-3.9211023622047243
40
0.0078740157480315
0
CIRCLE
8
BLACK
10
5.5598489370078736
20
-3.8442515748031494
40
0.0078740157480315
0
CIRCLE
8
BLACK
10
5.7349999999999994
20
-3.9699999999999998
40
0.0078740157480315
0
CIRCLE
8
BLACK
10
5.415
20
-3.9293505118110237
40
0.0078740157480315
0
CIRCLE
8
BLACK
10
5.243999803149606
20
-3.9319998031496062
40
0.0078740157480315
0
CIRCLE
8
BLACK
10
5.4256279527559057
20
-3.9672385826771652
40
0.0078740157480315
0
CIRCLE
8
BLACK
10
5.2785240551181101
20
-3.9950000000000001
40
0.0078740157480315
0
CIRCLE
8
BLACK
10
4.875
20
-4.0499999999999998
40
0.0078740157480315
0
CIRCLE
8
BLACK
10
4.8943503937007877
20
-4.1188959842519681
40
0.0078740157480315
0
CIRCLE
8
BLACK
10
5.2807851968503936
20
-4.0975156692913384
40
0.0078740157480315
0
CIRCLE
8
BLACK
10
5.3336027952755902
20
-4.0300000000000002
40
0.0078740157480315
0
CIRCLE
8
BLACK
10
5.2649999999999997
20
-4.0599999999999996
40
0.0078740157480315
0
CIRCLE
8
BLACK
10
5.1970000000000001
20
-3.806
40
0.0078740157480315
0
CIRCLE
8
BLACK
10
5.4522437007874016
20
-3.8606693307086615
40
0.0078740157480315
0
CIRCLE
8
BLACK
10
5.6062204330708658
20
-4.0344529527559052
40
0.0078740157480315
0
CIRCLE
8
BLACK
10
5.5534527952755903
20
-4.1175472834645666
40
0.0078740157480315
0
CIRCLE
8
BLACK
10
5.0991403937007869
20
-4.1191403937007873
40
0.0078740157480315
0
CIRCLE
8
BLACK
10
5.125
20
-4.0576968503937003
40
0.0078740157480315
  0
ENDSEC
  0
EOF
