  0
SECTION
  2
HEADER
  9
$ANGBASE
  50
0.0
  9
$ANGDIR
  70
1
  9
$MEASUREMENT
  70
0
  0
ENDSEC
  0
SECTION
  2
TABLES
  0
TABLE
  2
LTYPE
  70
4
  0
LTYPE
  5
40F
  2
CONTINUOUS
  70
0
  3
Solid line
  72
65
  73
0
  40
0.0
  0
LTYPE
  5
410
  2
DASHDOT
 70
0
  3
Dash Dot ____ _ ____ _
 72
65
 73
4
 40
2.0
 49
1.25
 49
-0.25
 49
0.25
 49
-0.25
  0
LTYPE
  5
411
  2
DASHED
 70
0
  3
Dashed __ __ __ __ __
 72
65
 73
2
 40
0.75
 49
0.5
 49
-0.25
  0
LTYPE
  5
43B
  2
DOTTED
 70
0
  3
Dotted .  .  .  .
 72
65
 73
2
 40
0.2
 49
0.0
 49
-0.2
  0
ENDTAB
  0
TABLE
  2
STYLE
  70
4
  0
STYLE
  2
KICAD
  70
0
  40
0
  41
1
  42
1
  50
0
  71
0
  3
isocp.shx
  0
STYLE
  2
KICADB
  70
0
  40
0
  41
1
  42
1
  50
0
  71
0
  3
isocp.shx
  0
STYLE
  2
KICADI
  70
0
  40
0
  41
1
  42
1
  50
15
  71
0
  3
isocp.shx
  0
STYLE
  2
KICADBI
  70
0
  40
0
  41
1
  42
1
  50
15
  71
0
  3
isocp.shx
  0
ENDTAB
  0
TABLE
  2
LAYER
  70
1
  0
LAYER
  2
BLACK
  70
0
  62
7
  6
CONTINUOUS
  0
ENDTAB
  0
ENDSEC
  0
SECTION
  2
ENTITIES
0
LINE
8
BLACK
6
CONTINUOUS
10
6.2073642519685039
20
-3.6465527952755905
11
6.2084286614173223
21
-3.6469937007874016
0
LINE
8
BLACK
6
CONTINUOUS
10
6.2084286614173223
20
-3.6469937007874016
11
6.2092433070866138
21
-3.6478083464566931
0
LINE
8
BLACK
6
CONTINUOUS
10
6.2092433070866138
20
-3.6478083464566931
11
6.2096842125984253
21
-3.6488727559055119
0
LINE
8
BLACK
6
CONTINUOUS
10
6.2096842125984253
20
-3.6488727559055119
11
6.2096842125984253
21
-3.6500248818897636
0
LINE
8
BLACK
6
CONTINUOUS
10
6.2096842125984253
20
-3.6500248818897636
11
6.2092433070866138
21
-3.6510892913385824
0
LINE
8
BLACK
6
CONTINUOUS
10
6.2092433070866138
20
-3.6510892913385824
11
6.2084286614173223
21
-3.6519039370078739
0
LINE
8
BLACK
6
CONTINUOUS
10
6.2084286614173223
20
-3.6519039370078739
11
6.2073642519685039
21
-3.6523448425196849
0
LINE
8
BLACK
6
CONTINUOUS
10
6.2073642519685039
20
-3.6523448425196849
11
6.188482598425197
21
-3.6523497637795277
0
LINE
8
BLACK
6
CONTINUOUS
10
6.188482598425197
20
-3.6523497637795277
11
6.2094073622047246
21
-3.6924359448818898
0
LINE
8
BLACK
6
CONTINUOUS
10
6.2094073622047246
20
-3.6924359448818898
11
6.2096230314960632
21
-3.6929731102362204
0
LINE
8
BLACK
6
CONTINUOUS
10
6.2096230314960632
20
-3.6929731102362204
11
6.2097234251968505
21
-3.6941208267716537
0
LINE
8
BLACK
6
CONTINUOUS
10
6.2097234251968505
20
-3.6941208267716537
11
6.2093769685039373
21
-3.6952196062992124
0
LINE
8
BLACK
6
CONTINUOUS
10
6.2093769685039373
20
-3.6952196062992124
11
6.2086364173228343
21
-3.6961021653543304
0
LINE
8
BLACK
6
CONTINUOUS
10
6.2086364173228343
20
-3.6961021653543304
11
6.2076144881889759
21
-3.6966341732283463
0
LINE
8
BLACK
6
CONTINUOUS
10
6.2076144881889759
20
-3.6966341732283463
11
6.2064667716535435
21
-3.6967345669291336
0
LINE
8
BLACK
6
CONTINUOUS
10
6.2064667716535435
20
-3.6967345669291336
11
6.2053679921259839
21
-3.6963881102362204
0
LINE
8
BLACK
6
CONTINUOUS
10
6.2053679921259839
20
-3.6963881102362204
11
6.2044854330708663
21
-3.6956475590551179
0
LINE
8
BLACK
6
CONTINUOUS
10
6.2044854330708663
20
-3.6956475590551179
11
6.1865979921259839
21
-3.6613800787401574
0
LINE
8
BLACK
6
CONTINUOUS
10
6.1865979921259839
20
-3.6613800787401574
11
6.1866523622047245
21
-4.2280276377952752
0
LINE
8
BLACK
6
CONTINUOUS
10
6.1866523622047245
20
-4.2280276377952752
11
6.2041690944881891
21
-4.1942860236220474
0
LINE
8
BLACK
6
CONTINUOUS
10
6.2041690944881891
20
-4.1942860236220474
11
6.2044854330708663
21
-4.1938012598425196
0
LINE
8
BLACK
6
CONTINUOUS
10
6.2044854330708663
20
-4.1938012598425196
11
6.2053679921259839
21
-4.1930607086614176
0
LINE
8
BLACK
6
CONTINUOUS
10
6.2053679921259839
20
-4.1930607086614176
11
6.2064667716535435
21
-4.1927142519685034
0
LINE
8
BLACK
6
CONTINUOUS
10
6.2064667716535435
20
-4.1927142519685034
11
6.2076144881889759
21
-4.1928146456692916
0
LINE
8
BLACK
6
CONTINUOUS
10
6.2076144881889759
20
-4.1928146456692916
11
6.2086364173228343
21
-4.1933466535433066
0
LINE
8
BLACK
6
CONTINUOUS
10
6.2086364173228343
20
-4.1933466535433066
11
6.2093769685039373
21
-4.1942292125984251
0
LINE
8
BLACK
6
CONTINUOUS
10
6.2093769685039373
20
-4.1942292125984251
11
6.2097234251968505
21
-4.1953279921259838
0
LINE
8
BLACK
6
CONTINUOUS
10
6.2097234251968505
20
-4.1953279921259838
11
6.2096230314960632
21
-4.1964757086614171
0
LINE
8
BLACK
6
CONTINUOUS
10
6.2096230314960632
20
-4.1964757086614171
11
6.1885581496062994
21
-4.2370520078740155
0
LINE
8
BLACK
6
CONTINUOUS
10
6.1885581496062994
20
-4.2370520078740155
11
6.2067881889763781
21
-4.2370472440944882
0
LINE
8
BLACK
6
CONTINUOUS
10
6.2067881889763781
20
-4.2370472440944882
11
6.2073642519685039
21
-4.237103976377953
0
LINE
8
BLACK
6
CONTINUOUS
10
6.2073642519685039
20
-4.237103976377953
11
6.2084286614173223
21
-4.2375448818897636
0
LINE
8
BLACK
6
CONTINUOUS
10
6.2084286614173223
20
-4.2375448818897636
11
6.2092433070866138
21
-4.2383595275590551
0
LINE
8
BLACK
6
CONTINUOUS
10
6.2092433070866138
20
-4.2383595275590551
11
6.2096842125984253
21
-4.2394239370078743
0
LINE
8
BLACK
6
CONTINUOUS
10
6.2096842125984253
20
-4.2394239370078743
11
6.2096842125984253
21
-4.2405760629921261
0
LINE
8
BLACK
6
CONTINUOUS
10
6.2096842125984253
20
-4.2405760629921261
11
6.2092433070866138
21
-4.2416404724409444
0
LINE
8
BLACK
6
CONTINUOUS
10
6.2092433070866138
20
-4.2416404724409444
11
6.2084286614173223
21
-4.2424551181102359
0
LINE
8
BLACK
6
CONTINUOUS
10
6.2084286614173223
20
-4.2424551181102359
11
6.2073642519685039
21
-4.2428960236220474
0
LINE
8
BLACK
6
CONTINUOUS
10
6.2073642519685039
20
-4.2428960236220474
11
6.1841271653543304
21
-4.2429020866141736
0
LINE
8
BLACK
6
CONTINUOUS
10
6.1841271653543304
20
-4.2429020866141736
11
6.1840222440944883
21
-4.2429351968503939
0
LINE
8
BLACK
6
CONTINUOUS
10
6.1840222440944883
20
-4.2429351968503939
11
6.183700787401575
21
-4.2429070472440946
0
LINE
8
BLACK
6
CONTINUOUS
10
6.183700787401575
20
-4.2429070472440946
11
6.1833793307086609
21
-4.2429351968503939
0
LINE
8
BLACK
6
CONTINUOUS
10
6.1833793307086609
20
-4.2429351968503939
11
6.1832750787401576
21
-4.2429023228346452
0
LINE
8
BLACK
6
CONTINUOUS
10
6.1832750787401576
20
-4.2429023228346452
11
5.9907874015748028
21
-4.2429527559055114
0
LINE
8
BLACK
6
CONTINUOUS
10
5.9907874015748028
20
-4.2429527559055114
11
5.990211338582677
21
-4.2428960236220474
0
LINE
8
BLACK
6
CONTINUOUS
10
5.990211338582677
20
-4.2428960236220474
11
5.9891469291338577
21
-4.2424551181102359
0
LINE
8
BLACK
6
CONTINUOUS
10
5.9891469291338577
20
-4.2424551181102359
11
5.9883322834645671
21
-4.2416404724409444
0
LINE
8
BLACK
6
CONTINUOUS
10
5.9883322834645671
20
-4.2416404724409444
11
5.9878913779527556
21
-4.2405760629921261
0
LINE
8
BLACK
6
CONTINUOUS
10
5.9878913779527556
20
-4.2405760629921261
11
5.9878913779527556
21
-4.2394239370078743
0
LINE
8
BLACK
6
CONTINUOUS
10
5.9878913779527556
20
-4.2394239370078743
11
5.9883322834645671
21
-4.2383595275590551
0
LINE
8
BLACK
6
CONTINUOUS
10
5.9883322834645671
20
-4.2383595275590551
11
5.9891469291338577
21
-4.2375448818897636
0
LINE
8
BLACK
6
CONTINUOUS
10
5.9891469291338577
20
-4.2375448818897636
11
5.990211338582677
21
-4.237103976377953
0
LINE
8
BLACK
6
CONTINUOUS
10
5.990211338582677
20
-4.237103976377953
11
6.1788957086614174
21
-4.2370545275590548
0
LINE
8
BLACK
6
CONTINUOUS
10
6.1788957086614174
20
-4.2370545275590548
11
6.1579942125984255
21
-4.1970128740157477
0
LINE
8
BLACK
6
CONTINUOUS
10
6.1579942125984255
20
-4.1970128740157477
11
6.1577785433070868
21
-4.1964757086614171
0
LINE
8
BLACK
6
CONTINUOUS
10
6.1577785433070868
20
-4.1964757086614171
11
6.1576781496062987
21
-4.1953279921259838
0
LINE
8
BLACK
6
CONTINUOUS
10
6.1576781496062987
20
-4.1953279921259838
11
6.158024566929134
21
-4.1942292125984251
0
LINE
8
BLACK
6
CONTINUOUS
10
6.158024566929134
20
-4.1942292125984251
11
6.1587651181102361
21
-4.1933466535433066
0
LINE
8
BLACK
6
CONTINUOUS
10
6.1587651181102361
20
-4.1933466535433066
11
6.1597870866141733
21
-4.1928146456692916
0
LINE
8
BLACK
6
CONTINUOUS
10
6.1597870866141733
20
-4.1928146456692916
11
6.1609348031496065
21
-4.1927142519685034
0
LINE
8
BLACK
6
CONTINUOUS
10
6.1609348031496065
20
-4.1927142519685034
11
6.1620335826771653
21
-4.1930606692913388
0
LINE
8
BLACK
6
CONTINUOUS
10
6.1620335826771653
20
-4.1930606692913388
11
6.1629161417322837
21
-4.1938012204724409
0
LINE
8
BLACK
6
CONTINUOUS
10
6.1629161417322837
20
-4.1938012204724409
11
6.1808035433070865
21
-4.2280687007874018
0
LINE
8
BLACK
6
CONTINUOUS
10
6.1808035433070865
20
-4.2280687007874018
11
6.1807491732283459
21
-3.6614211417322835
0
LINE
8
BLACK
6
CONTINUOUS
10
6.1807491732283459
20
-3.6614211417322835
11
6.1632324803149601
21
-3.6951627952755906
0
LINE
8
BLACK
6
CONTINUOUS
10
6.1632324803149601
20
-3.6951627952755906
11
6.1629161417322837
21
-3.6956475984251966
0
LINE
8
BLACK
6
CONTINUOUS
10
6.1629161417322837
20
-3.6956475984251966
11
6.1620335826771653
21
-3.6963881496062991
0
LINE
8
BLACK
6
CONTINUOUS
10
6.1620335826771653
20
-3.6963881496062991
11
6.1609348031496065
21
-3.6967345669291336
0
LINE
8
BLACK
6
CONTINUOUS
10
6.1609348031496065
20
-3.6967345669291336
11
6.1597870866141733
21
-3.6966341732283463
0
LINE
8
BLACK
6
CONTINUOUS
10
6.1597870866141733
20
-3.6966341732283463
11
6.1587651181102361
21
-3.6961021653543304
0
LINE
8
BLACK
6
CONTINUOUS
10
6.1587651181102361
20
-3.6961021653543304
11
6.158024566929134
21
-3.6952196062992124
0
LINE
8
BLACK
6
CONTINUOUS
10
6.158024566929134
20
-3.6952196062992124
11
6.1576781496062987
21
-3.6941208267716537
0
LINE
8
BLACK
6
CONTINUOUS
10
6.1576781496062987
20
-3.6941208267716537
11
6.1577785433070868
21
-3.6929731102362204
0
LINE
8
BLACK
6
CONTINUOUS
10
6.1577785433070868
20
-3.6929731102362204
11
6.1788664960629918
21
-3.652352283464567
0
LINE
8
BLACK
6
CONTINUOUS
10
6.1788664960629918
20
-3.652352283464567
11
5.9907874015748028
21
-3.6524015748031493
0
LINE
8
BLACK
6
CONTINUOUS
10
5.9907874015748028
20
-3.6524015748031493
11
5.990211338582677
21
-3.6523448425196849
0
LINE
8
BLACK
6
CONTINUOUS
10
5.990211338582677
20
-3.6523448425196849
11
5.9891469291338577
21
-3.6519039370078739
0
LINE
8
BLACK
6
CONTINUOUS
10
5.9891469291338577
20
-3.6519039370078739
11
5.9883322834645671
21
-3.6510892913385824
0
LINE
8
BLACK
6
CONTINUOUS
10
5.9883322834645671
20
-3.6510892913385824
11
5.9878913779527556
21
-3.6500248818897636
0
LINE
8
BLACK
6
CONTINUOUS
10
5.9878913779527556
20
-3.6500248818897636
11
5.9878913779527556
21
-3.6488727559055119
0
LINE
8
BLACK
6
CONTINUOUS
10
5.9878913779527556
20
-3.6488727559055119
11
5.9883322834645671
21
-3.6478083464566931
0
LINE
8
BLACK
6
CONTINUOUS
10
5.9883322834645671
20
-3.6478083464566931
11
5.9891469291338577
21
-3.6469937007874016
0
LINE
8
BLACK
6
CONTINUOUS
10
5.9891469291338577
20
-3.6469937007874016
11
5.990211338582677
21
-3.6465527952755905
0
LINE
8
BLACK
6
CONTINUOUS
10
5.990211338582677
20
-3.6465527952755905
11
6.2067881889763781
21
-3.6464960629921257
0
LINE
8
BLACK
6
CONTINUOUS
10
6.2067881889763781
20
-3.6464960629921257
11
6.2073642519685039
21
-3.6465527952755905
0
LINE
8
BLACK
6
CONTINUOUS
10
6.1579719291338577
20
-4.1016243307086615
11
6.1587865748031492
21
-4.102438976377953
0
LINE
8
BLACK
6
CONTINUOUS
10
6.1587865748031492
20
-4.102438976377953
11
6.1592274803149607
21
-4.1035033858267713
0
LINE
8
BLACK
6
CONTINUOUS
10
6.1592274803149607
20
-4.1035033858267713
11
6.1592842125984246
21
-4.1265766141732279
0
LINE
8
BLACK
6
CONTINUOUS
10
6.1592842125984246
20
-4.1265766141732279
11
6.1592274803149607
21
-4.1271526771653546
0
LINE
8
BLACK
6
CONTINUOUS
10
6.1592274803149607
20
-4.1271526771653546
11
6.1587865748031492
21
-4.128217086614173
0
LINE
8
BLACK
6
CONTINUOUS
10
6.1587865748031492
20
-4.128217086614173
11
6.1579719291338577
21
-4.1290317322834644
0
LINE
8
BLACK
6
CONTINUOUS
10
6.1579719291338577
20
-4.1290317322834644
11
6.1569075196850394
21
-4.1294726377952751
0
LINE
8
BLACK
6
CONTINUOUS
10
6.1569075196850394
20
-4.1294726377952751
11
6.1557553937007876
21
-4.1294726377952751
0
LINE
8
BLACK
6
CONTINUOUS
10
6.1557553937007876
20
-4.1294726377952751
11
6.1546909842519684
21
-4.1290317322834644
0
LINE
8
BLACK
6
CONTINUOUS
10
6.1546909842519684
20
-4.1290317322834644
11
6.1538763385826769
21
-4.128217086614173
0
LINE
8
BLACK
6
CONTINUOUS
10
6.1538763385826769
20
-4.128217086614173
11
6.1534354330708663
21
-4.1271526771653546
0
LINE
8
BLACK
6
CONTINUOUS
10
6.1534354330708663
20
-4.1271526771653546
11
6.1534134645669294
21
-4.1182290157480317
0
LINE
8
BLACK
6
CONTINUOUS
10
6.1534134645669294
20
-4.1182290157480317
11
6.1259038582677166
21
-4.1182680708661419
0
LINE
8
BLACK
6
CONTINUOUS
10
6.1259038582677166
20
-4.1182680708661419
11
6.1284231102362208
21
-4.1207391732283467
0
LINE
8
BLACK
6
CONTINUOUS
10
6.1284231102362208
20
-4.1207391732283467
11
6.1286089370078738
21
-4.1209655511811025
0
LINE
8
BLACK
6
CONTINUOUS
10
6.1286089370078738
20
-4.1209655511811025
11
6.1286678740157479
21
-4.1210166929133853
0
LINE
8
BLACK
6
CONTINUOUS
10
6.1286678740157479
20
-4.1210166929133853
11
6.1286964566929134
21
-4.1210722047244097
0
LINE
8
BLACK
6
CONTINUOUS
10
6.1286964566929134
20
-4.1210722047244097
11
6.1287903543307083
21
-4.1211866141732285
0
LINE
8
BLACK
6
CONTINUOUS
10
6.1287903543307083
20
-4.1211866141732285
11
6.1289340944881889
21
-4.121533661417323
0
LINE
8
BLACK
6
CONTINUOUS
10
6.1289340944881889
20
-4.121533661417323
11
6.1308509842519685
21
-4.1252561023622043
0
LINE
8
BLACK
6
CONTINUOUS
10
6.1308509842519685
20
-4.1252561023622043
11
6.131057874015748
21
-4.1257966929133856
0
LINE
8
BLACK
6
CONTINUOUS
10
6.131057874015748
20
-4.1257966929133856
11
6.1311395275590552
21
-4.1269459055118105
0
LINE
8
BLACK
6
CONTINUOUS
10
6.1311395275590552
20
-4.1269459055118105
11
6.1307751968503936
21
-4.1280388976377953
0
LINE
8
BLACK
6
CONTINUOUS
10
6.1307751968503936
20
-4.1280388976377953
11
6.1300203543307088
21
-4.128909251968504
0
LINE
8
BLACK
6
CONTINUOUS
10
6.1300203543307088
20
-4.128909251968504
11
6.1289898425196849
21
-4.1294245275590553
0
LINE
8
BLACK
6
CONTINUOUS
10
6.1289898425196849
20
-4.1294245275590553
11
6.12784062992126
21
-4.1295061811023617
0
LINE
8
BLACK
6
CONTINUOUS
10
6.12784062992126
20
-4.1295061811023617
11
6.126747677165354
21
-4.129141850393701
0
LINE
8
BLACK
6
CONTINUOUS
10
6.126747677165354
20
-4.129141850393701
11
6.1258772834645665
21
-4.1283870078740152
0
LINE
8
BLACK
6
CONTINUOUS
10
6.1258772834645665
20
-4.1283870078740152
11
6.1238535826771656
21
-4.1244571653543307
0
LINE
8
BLACK
6
CONTINUOUS
10
6.1238535826771656
20
-4.1244571653543307
11
6.1205327559055114
21
-4.1211998031496062
0
LINE
8
BLACK
6
CONTINUOUS
10
6.1205327559055114
20
-4.1211998031496062
11
6.115323464566929
21
-4.1177848818897633
0
LINE
8
BLACK
6
CONTINUOUS
10
6.115323464566929
20
-4.1177848818897633
11
6.1153217716535435
21
-4.1177835039370079
0
LINE
8
BLACK
6
CONTINUOUS
10
6.1153217716535435
20
-4.1177835039370079
11
6.115320905511811
21
-4.1177831496062991
0
LINE
8
BLACK
6
CONTINUOUS
10
6.115320905511811
20
-4.1177831496062991
11
6.1153188582677167
21
-4.1177811023622048
0
LINE
8
BLACK
6
CONTINUOUS
10
6.1153188582677167
20
-4.1177811023622048
11
6.1148756299212597
21
-4.11741811023622
0
LINE
8
BLACK
6
CONTINUOUS
10
6.1148756299212597
20
-4.11741811023622
11
6.1147129527559052
21
-4.1171751968503933
0
LINE
8
BLACK
6
CONTINUOUS
10
6.1147129527559052
20
-4.1171751968503933
11
6.1145062598425195
21
-4.1169685039370076
0
LINE
8
BLACK
6
CONTINUOUS
10
6.1145062598425195
20
-4.1169685039370076
11
6.1143955118110238
21
-4.1167011811023624
0
LINE
8
BLACK
6
CONTINUOUS
10
6.1143955118110238
20
-4.1167011811023624
11
6.1142345669291336
21
-4.1164608267716538
0
LINE
8
BLACK
6
CONTINUOUS
10
6.1142345669291336
20
-4.1164608267716538
11
6.1141772047244096
21
-4.1161741732283463
0
LINE
8
BLACK
6
CONTINUOUS
10
6.1141772047244096
20
-4.1161741732283463
11
6.1140653543307089
21
-4.1159040944881893
0
LINE
8
BLACK
6
CONTINUOUS
10
6.1140653543307089
20
-4.1159040944881893
11
6.1140653543307089
21
-4.1156147637795275
0
LINE
8
BLACK
6
CONTINUOUS
10
6.1140653543307089
20
-4.1156147637795275
11
6.114008622047244
21
-4.1153311417322831
0
LINE
8
BLACK
6
CONTINUOUS
10
6.114008622047244
20
-4.1153311417322831
11
6.1140653543307089
21
-4.1150443307086615
0
LINE
8
BLACK
6
CONTINUOUS
10
6.1140653543307089
20
-4.1150443307086615
11
6.1140653543307089
21
-4.1147519685039367
0
LINE
8
BLACK
6
CONTINUOUS
10
6.1140653543307089
20
-4.1147519685039367
11
6.1141760629921258
21
-4.1144846850393701
0
LINE
8
BLACK
6
CONTINUOUS
10
6.1141760629921258
20
-4.1144846850393701
11
6.1142322047244093
21
-4.1142009055118107
0
LINE
8
BLACK
6
CONTINUOUS
10
6.1142322047244093
20
-4.1142009055118107
11
6.11439437007874
21
-4.1139576377952753
0
LINE
8
BLACK
6
CONTINUOUS
10
6.11439437007874
20
-4.1139576377952753
11
6.1145062598425195
21
-4.1136875590551183
0
LINE
8
BLACK
6
CONTINUOUS
10
6.1145062598425195
20
-4.1136875590551183
11
6.1147107874015747
21
-4.1134829921259843
0
LINE
8
BLACK
6
CONTINUOUS
10
6.1147107874015747
20
-4.1134829921259843
11
6.1148712992125986
21
-4.113242283464567
0
LINE
8
BLACK
6
CONTINUOUS
10
6.1148712992125986
20
-4.113242283464567
11
6.1151141732283465
21
-4.1130796062992125
0
LINE
8
BLACK
6
CONTINUOUS
10
6.1151141732283465
20
-4.1130796062992125
11
6.115320905511811
21
-4.1128729133858268
0
LINE
8
BLACK
6
CONTINUOUS
10
6.115320905511811
20
-4.1128729133858268
11
6.1155881889763775
21
-4.1127621653543303
0
LINE
8
BLACK
6
CONTINUOUS
10
6.1155881889763775
20
-4.1127621653543303
11
6.1158285826771648
21
-4.1126012204724409
0
LINE
8
BLACK
6
CONTINUOUS
10
6.1158285826771648
20
-4.1126012204724409
11
6.1161151968503935
21
-4.1125438582677161
0
LINE
8
BLACK
6
CONTINUOUS
10
6.1161151968503935
20
-4.1125438582677161
11
6.1163853149606302
21
-4.1124320078740153
0
LINE
8
BLACK
6
CONTINUOUS
10
6.1163853149606302
20
-4.1124320078740153
11
6.1166766535433066
21
-4.1124315748031499
0
LINE
8
BLACK
6
CONTINUOUS
10
6.1166766535433066
20
-4.1124315748031499
11
6.1169582677165355
21
-4.1123752755905514
0
LINE
8
BLACK
6
CONTINUOUS
10
6.1169582677165355
20
-4.1123752755905514
11
6.1172388976377947
21
-4.1124307874015749
0
LINE
8
BLACK
6
CONTINUOUS
10
6.1172388976377947
20
-4.1124307874015749
11
6.1533990944881891
21
-4.1123794094488186
0
LINE
8
BLACK
6
CONTINUOUS
10
6.1533990944881891
20
-4.1123794094488186
11
6.1533787007874015
21
-4.1040794488188972
0
LINE
8
BLACK
6
CONTINUOUS
10
6.1533787007874015
20
-4.1040794488188972
11
6.1534354330708663
21
-4.1035033858267713
0
LINE
8
BLACK
6
CONTINUOUS
10
6.1534354330708663
20
-4.1035033858267713
11
6.1538763385826769
21
-4.102438976377953
0
LINE
8
BLACK
6
CONTINUOUS
10
6.1538763385826769
20
-4.102438976377953
11
6.1546909842519684
21
-4.1016243307086615
0
LINE
8
BLACK
6
CONTINUOUS
10
6.1546909842519684
20
-4.1016243307086615
11
6.1557553937007876
21
-4.10118342519685
0
LINE
8
BLACK
6
CONTINUOUS
10
6.1557553937007876
20
-4.10118342519685
11
6.1569075196850394
21
-4.10118342519685
0
LINE
8
BLACK
6
CONTINUOUS
10
6.1569075196850394
20
-4.10118342519685
11
6.1579719291338577
21
-4.1016243307086615
0
LINE
8
BLACK
6
CONTINUOUS
10
6.1494084251968504
20
-4.0636881102362201
11
6.1495064173228347
21
-4.0637287007874017
0
LINE
8
BLACK
6
CONTINUOUS
10
6.1495064173228347
20
-4.0637287007874017
11
6.149612244094488
21
-4.0637362204724408
0
LINE
8
BLACK
6
CONTINUOUS
10
6.149612244094488
20
-4.0637362204724408
11
6.1501237795275587
21
-4.0639844094488184
0
LINE
8
BLACK
6
CONTINUOUS
10
6.1501237795275587
20
-4.0639844094488184
11
6.1504728346456687
21
-4.0641290157480316
0
LINE
8
BLACK
6
CONTINUOUS
10
6.1504728346456687
20
-4.0641290157480316
11
6.1505209448818894
21
-4.0641771259842523
0
LINE
8
BLACK
6
CONTINUOUS
10
6.1505209448818894
20
-4.0641771259842523
11
6.1539024015748032
21
-4.0658178740157478
0
LINE
8
BLACK
6
CONTINUOUS
10
6.1539024015748032
20
-4.0658178740157478
11
6.1541502755905508
21
-4.0659738976377948
0
LINE
8
BLACK
6
CONTINUOUS
10
6.1541502755905508
20
-4.0659738976377948
11
6.1542223228346451
21
-4.0660037401574805
0
LINE
8
BLACK
6
CONTINUOUS
10
6.1542223228346451
20
-4.0660037401574805
11
6.1542684251968502
21
-4.0660482677165355
0
LINE
8
BLACK
6
CONTINUOUS
10
6.1542684251968502
20
-4.0660482677165355
11
6.154392283464567
21
-4.0661262204724409
0
LINE
8
BLACK
6
CONTINUOUS
10
6.154392283464567
20
-4.0661262204724409
11
6.154613976377953
21
-4.066381850393701
0
LINE
8
BLACK
6
CONTINUOUS
10
6.154613976377953
20
-4.066381850393701
11
6.1565445669291341
21
-4.0682457086614177
0
LINE
8
BLACK
6
CONTINUOUS
10
6.1565445669291341
20
-4.0682457086614177
11
6.1567303149606296
21
-4.0684720472440947
0
LINE
8
BLACK
6
CONTINUOUS
10
6.1567303149606296
20
-4.0684720472440947
11
6.1567893700787399
21
-4.0685232677165351
0
LINE
8
BLACK
6
CONTINUOUS
10
6.1567893700787399
20
-4.0685232677165351
11
6.1568179921259842
21
-4.0685788976377948
0
LINE
8
BLACK
6
CONTINUOUS
10
6.1568179921259842
20
-4.0685788976377948
11
6.1569118110236216
21
-4.0686931889763782
0
LINE
8
BLACK
6
CONTINUOUS
10
6.1569118110236216
20
-4.0686931889763782
11
6.1570554724409448
21
-4.069040039370079
0
LINE
8
BLACK
6
CONTINUOUS
10
6.1570554724409448
20
-4.069040039370079
11
6.1589724803149606
21
-4.072762677165354
0
LINE
8
BLACK
6
CONTINUOUS
10
6.1589724803149606
20
-4.072762677165354
11
6.1591793700787401
21
-4.0733032677165353
0
LINE
8
BLACK
6
CONTINUOUS
10
6.1591793700787401
20
-4.0733032677165353
11
6.1591868897637791
21
-4.0734091338582674
0
LINE
8
BLACK
6
CONTINUOUS
10
6.1591868897637791
20
-4.0734091338582674
11
6.1592274803149607
21
-4.0735071259842517
0
LINE
8
BLACK
6
CONTINUOUS
10
6.1592274803149607
20
-4.0735071259842517
11
6.1592303937007875
21
-4.0740216535433067
0
LINE
8
BLACK
6
CONTINUOUS
10
6.1592303937007875
20
-4.0740216535433067
11
6.1592610236220473
21
-4.0744524803149602
0
LINE
8
BLACK
6
CONTINUOUS
10
6.1592610236220473
20
-4.0744524803149602
11
6.1592333070866143
21
-4.0745355118110238
0
LINE
8
BLACK
6
CONTINUOUS
10
6.1592333070866143
20
-4.0745355118110238
11
6.1592842125984246
21
-4.0834570078740153
0
LINE
8
BLACK
6
CONTINUOUS
10
6.1592842125984246
20
-4.0834570078740153
11
6.1592274803149607
21
-4.0840330708661412
0
LINE
8
BLACK
6
CONTINUOUS
10
6.1592274803149607
20
-4.0840330708661412
11
6.1591868897637791
21
-4.0841310236220467
0
LINE
8
BLACK
6
CONTINUOUS
10
6.1591868897637791
20
-4.0841310236220467
11
6.1591793700787401
21
-4.0842369291338585
0
LINE
8
BLACK
6
CONTINUOUS
10
6.1591793700787401
20
-4.0842369291338585
11
6.1589310236220474
21
-4.084748661417323
0
LINE
8
BLACK
6
CONTINUOUS
10
6.1589310236220474
20
-4.084748661417323
11
6.1587865748031492
21
-4.0850974803149604
0
LINE
8
BLACK
6
CONTINUOUS
10
6.1587865748031492
20
-4.0850974803149604
11
6.1587384645669294
21
-4.0851455511811023
0
LINE
8
BLACK
6
CONTINUOUS
10
6.1587384645669294
20
-4.0851455511811023
11
6.157097716535433
21
-4.088527047244094
0
LINE
8
BLACK
6
CONTINUOUS
10
6.157097716535433
20
-4.088527047244094
11
6.1569416141732285
21
-4.0887750393700788
0
LINE
8
BLACK
6
CONTINUOUS
10
6.1569416141732285
20
-4.0887750393700788
11
6.1569118110236216
21
-4.0888470078740156
0
LINE
8
BLACK
6
CONTINUOUS
10
6.1569118110236216
20
-4.0888470078740156
11
6.1568672834645666
21
-4.088893070866142
0
LINE
8
BLACK
6
CONTINUOUS
10
6.1568672834645666
20
-4.088893070866142
11
6.1567893700787399
21
-4.0890169291338578
0
LINE
8
BLACK
6
CONTINUOUS
10
6.1567893700787399
20
-4.0890169291338578
11
6.1565335826771648
21
-4.0892387007874014
0
LINE
8
BLACK
6
CONTINUOUS
10
6.1565335826771648
20
-4.0892387007874014
11
6.1546697637795278
21
-4.0911692519685037
0
LINE
8
BLACK
6
CONTINUOUS
10
6.1546697637795278
20
-4.0911692519685037
11
6.1542223228346451
21
-4.0915364566929133
0
LINE
8
BLACK
6
CONTINUOUS
10
6.1542223228346451
20
-4.0915364566929133
11
6.1531579133858267
21
-4.0919773228346452
0
LINE
8
BLACK
6
CONTINUOUS
10
6.1531579133858267
20
-4.0919773228346452
11
6.1520058267716538
21
-4.0919773228346452
0
LINE
8
BLACK
6
CONTINUOUS
10
6.1520058267716538
20
-4.0919773228346452
11
6.1509414173228345
21
-4.0915364173228346
0
LINE
8
BLACK
6
CONTINUOUS
10
6.1509414173228345
20
-4.0915364173228346
11
6.1501267322834643
21
-4.0907217322834644
0
LINE
8
BLACK
6
CONTINUOUS
10
6.1501267322834643
20
-4.0907217322834644
11
6.1496858661417324
21
-4.089657322834646
0
LINE
8
BLACK
6
CONTINUOUS
10
6.1496858661417324
20
-4.089657322834646
11
6.1496858661417324
21
-4.0885052362204721
0
LINE
8
BLACK
6
CONTINUOUS
10
6.1496858661417324
20
-4.0885052362204721
11
6.150126771653543
21
-4.0874408267716538
0
LINE
8
BLACK
6
CONTINUOUS
10
6.150126771653543
20
-4.0874408267716538
11
6.152116811023622
21
-4.0853795669291335
0
LINE
8
BLACK
6
CONTINUOUS
10
6.152116811023622
20
-4.0853795669291335
11
6.1534276771653538
21
-4.0826779527559056
0
LINE
8
BLACK
6
CONTINUOUS
10
6.1534276771653538
20
-4.0826779527559056
11
6.1533821653543308
21
-4.0746962204724406
0
LINE
8
BLACK
6
CONTINUOUS
10
6.1533821653543308
20
-4.0746962204724406
11
6.1519883464566929
21
-4.0719895275590554
0
LINE
8
BLACK
6
CONTINUOUS
10
6.1519883464566929
20
-4.0719895275590554
11
6.1507549606299214
21
-4.0707987795275589
0
LINE
8
BLACK
6
CONTINUOUS
10
6.1507549606299214
20
-4.0707987795275589
11
6.1480533070866139
21
-4.0694878740157483
0
LINE
8
BLACK
6
CONTINUOUS
10
6.1480533070866139
20
-4.0694878740157483
11
6.1400715748031498
21
-4.0695333858267713
0
LINE
8
BLACK
6
CONTINUOUS
10
6.1400715748031498
20
-4.0695333858267713
11
6.1373648425196849
21
-4.0709272047244092
0
LINE
8
BLACK
6
CONTINUOUS
10
6.1373648425196849
20
-4.0709272047244092
11
6.1361741338582672
21
-4.0721605511811019
0
LINE
8
BLACK
6
CONTINUOUS
10
6.1361741338582672
20
-4.0721605511811019
11
6.1348632283464566
21
-4.0748622047244094
0
LINE
8
BLACK
6
CONTINUOUS
10
6.1348632283464566
20
-4.0748622047244094
11
6.1349087401574804
21
-4.0828439370078735
0
LINE
8
BLACK
6
CONTINUOUS
10
6.1349087401574804
20
-4.0828439370078735
11
6.1363025590551183
21
-4.0855506692913384
0
LINE
8
BLACK
6
CONTINUOUS
10
6.1363025590551183
20
-4.0855506692913384
11
6.1377969291338585
21
-4.086993385826772
0
LINE
8
BLACK
6
CONTINUOUS
10
6.1377969291338585
20
-4.086993385826772
11
6.1381641338582673
21
-4.0874408267716538
0
LINE
8
BLACK
6
CONTINUOUS
10
6.1381641338582673
20
-4.0874408267716538
11
6.1382210236220471
21
-4.0875781496062995
0
LINE
8
BLACK
6
CONTINUOUS
10
6.1382210236220471
20
-4.0875781496062995
11
6.1383151968503933
21
-4.087693267716535
0
LINE
8
BLACK
6
CONTINUOUS
10
6.1383151968503933
20
-4.087693267716535
11
6.1384398818897639
21
-4.088106535433071
0
LINE
8
BLACK
6
CONTINUOUS
10
6.1384398818897639
20
-4.088106535433071
11
6.1386050393700788
21
-4.0885052362204721
0
LINE
8
BLACK
6
CONTINUOUS
10
6.1386050393700788
20
-4.0885052362204721
11
6.1386050393700788
21
-4.0886538976377951
0
LINE
8
BLACK
6
CONTINUOUS
10
6.1386050393700788
20
-4.0886538976377951
11
6.1386479921259838
21
-4.0887962598425194
0
LINE
8
BLACK
6
CONTINUOUS
10
6.1386479921259838
20
-4.0887962598425194
11
6.1386050393700788
21
-4.0892257480314962
0
LINE
8
BLACK
6
CONTINUOUS
10
6.1386050393700788
20
-4.0892257480314962
11
6.1386050393700788
21
-4.089657322834646
0
LINE
8
BLACK
6
CONTINUOUS
10
6.1386050393700788
20
-4.089657322834646
11
6.1385481102362203
21
-4.0897946456692909
0
LINE
8
BLACK
6
CONTINUOUS
10
6.1385481102362203
20
-4.0897946456692909
11
6.1385333464566925
21
-4.0899426771653546
0
LINE
8
BLACK
6
CONTINUOUS
10
6.1385333464566925
20
-4.0899426771653546
11
6.1383292125984248
21
-4.0903231102362207
0
LINE
8
BLACK
6
CONTINUOUS
10
6.1383292125984248
20
-4.0903231102362207
11
6.1381641338582673
21
-4.0907217322834644
0
LINE
8
BLACK
6
CONTINUOUS
10
6.1381641338582673
20
-4.0907217322834644
11
6.1380589763779527
21
-4.0908268503937011
0
LINE
8
BLACK
6
CONTINUOUS
10
6.1380589763779527
20
-4.0908268503937011
11
6.1379887007874014
21
-4.0909579133858269
0
LINE
8
BLACK
6
CONTINUOUS
10
6.1379887007874014
20
-4.0909579133858269
11
6.1376544881889759
21
-4.0912313385826771
0
LINE
8
BLACK
6
CONTINUOUS
10
6.1376544881889759
20
-4.0912313385826771
11
6.1373494488188971
21
-4.0915364173228346
0
LINE
8
BLACK
6
CONTINUOUS
10
6.1373494488188971
20
-4.0915364173228346
11
6.137212165354331
21
-4.0915932677165356
0
LINE
8
BLACK
6
CONTINUOUS
10
6.137212165354331
20
-4.0915932677165356
11
6.1370970472440947
21
-4.0916874803149605
0
LINE
8
BLACK
6
CONTINUOUS
10
6.1370970472440947
20
-4.0916874803149605
11
6.1366836220472436
21
-4.091812204724409
0
LINE
8
BLACK
6
CONTINUOUS
10
6.1366836220472436
20
-4.091812204724409
11
6.1362850393700787
21
-4.0919773228346452
0
LINE
8
BLACK
6
CONTINUOUS
10
6.1362850393700787
20
-4.0919773228346452
11
6.1361364173228345
21
-4.0919773228346452
0
LINE
8
BLACK
6
CONTINUOUS
10
6.1361364173228345
20
-4.0919773228346452
11
6.1359940551181102
21
-4.092020275590551
0
LINE
8
BLACK
6
CONTINUOUS
10
6.1359940551181102
20
-4.092020275590551
11
6.1355514566929132
21
-4.0919773228346452
0
LINE
8
BLACK
6
CONTINUOUS
10
6.1355514566929132
20
-4.0919773228346452
11
6.1351329527559058
21
-4.0919773228346452
0
LINE
8
BLACK
6
CONTINUOUS
10
6.1351329527559058
20
-4.0919773228346452
11
6.1350048818897633
21
-4.0919242519685035
0
LINE
8
BLACK
6
CONTINUOUS
10
6.1350048818897633
20
-4.0919242519685035
11
6.1166675590551183
21
-4.0901446456692909
0
LINE
8
BLACK
6
CONTINUOUS
10
6.1166675590551183
20
-4.0901446456692909
11
6.1164576377952757
21
-4.0901025590551177
0
LINE
8
BLACK
6
CONTINUOUS
10
6.1164576377952757
20
-4.0901025590551177
11
6.1163853149606302
21
-4.0901025590551177
0
LINE
8
BLACK
6
CONTINUOUS
10
6.1163853149606302
20
-4.0901025590551177
11
6.1163174803149607
21
-4.0900744488188971
0
LINE
8
BLACK
6
CONTINUOUS
10
6.1163174803149607
20
-4.0900744488188971
11
6.1160999999999994
21
-4.0900308661417322
0
LINE
8
BLACK
6
CONTINUOUS
10
6.1160999999999994
20
-4.0900308661417322
11
6.1157196850393696
21
-4.089826811023622
0
LINE
8
BLACK
6
CONTINUOUS
10
6.1157196850393696
20
-4.089826811023622
11
6.115320905511811
21
-4.089661653543307
0
LINE
8
BLACK
6
CONTINUOUS
10
6.115320905511811
20
-4.089661653543307
11
6.1152157086614176
21
-4.0895564566929137
0
LINE
8
BLACK
6
CONTINUOUS
10
6.1152157086614176
20
-4.0895564566929137
11
6.1150847637795271
21
-4.0894862204724411
0
LINE
8
BLACK
6
CONTINUOUS
10
6.1150847637795271
20
-4.0894862204724411
11
6.114811496062992
21
-4.0891522440944881
0
LINE
8
BLACK
6
CONTINUOUS
10
6.114811496062992
20
-4.0891522440944881
11
6.1145062598425195
21
-4.0888470078740156
0
LINE
8
BLACK
6
CONTINUOUS
10
6.1145062598425195
20
-4.0888470078740156
11
6.1144493307086609
21
-4.0887096456692911
0
LINE
8
BLACK
6
CONTINUOUS
10
6.1144493307086609
20
-4.0887096456692911
11
6.1143551968503935
21
-4.0885945669291335
0
LINE
8
BLACK
6
CONTINUOUS
10
6.1143551968503935
20
-4.0885945669291335
11
6.1142304724409451
21
-4.0881812598425196
0
LINE
8
BLACK
6
CONTINUOUS
10
6.1142304724409451
20
-4.0881812598425196
11
6.1140653543307089
21
-4.0877825984251972
0
LINE
8
BLACK
6
CONTINUOUS
10
6.1140653543307089
20
-4.0877825984251972
11
6.1140648818897638
21
-4.0876324409448817
0
LINE
8
BLACK
6
CONTINUOUS
10
6.1140648818897638
20
-4.0876324409448817
11
6.114022401574803
21
-4.08749157480315
0
LINE
8
BLACK
6
CONTINUOUS
10
6.114022401574803
20
-4.08749157480315
11
6.114063267716535
21
-4.0870825984251971
0
LINE
8
BLACK
6
CONTINUOUS
10
6.114063267716535
20
-4.0870825984251971
11
6.114008622047244
21
-4.0684588976377949
0
LINE
8
BLACK
6
CONTINUOUS
10
6.114008622047244
20
-4.0684588976377949
11
6.1140653543307089
21
-4.067882834645669
0
LINE
8
BLACK
6
CONTINUOUS
10
6.1140653543307089
20
-4.067882834645669
11
6.1145062598425195
21
-4.0668184251968507
0
LINE
8
BLACK
6
CONTINUOUS
10
6.1145062598425195
20
-4.0668184251968507
11
6.115320905511811
21
-4.0660037795275592
0
LINE
8
BLACK
6
CONTINUOUS
10
6.115320905511811
20
-4.0660037795275592
11
6.1163853149606302
21
-4.0655628740157477
0
LINE
8
BLACK
6
CONTINUOUS
10
6.1163853149606302
20
-4.0655628740157477
11
6.1175374409448819
21
-4.0655628740157477
0
LINE
8
BLACK
6
CONTINUOUS
10
6.1175374409448819
20
-4.0655628740157477
11
6.1186018503937003
21
-4.0660037795275592
0
LINE
8
BLACK
6
CONTINUOUS
10
6.1186018503937003
20
-4.0660037795275592
11
6.1194164960629918
21
-4.0668184251968507
0
LINE
8
BLACK
6
CONTINUOUS
10
6.1194164960629918
20
-4.0668184251968507
11
6.1198574015748033
21
-4.067882834645669
0
LINE
8
BLACK
6
CONTINUOUS
10
6.1198574015748033
20
-4.067882834645669
11
6.1199064173228344
21
-4.0845810236220474
0
LINE
8
BLACK
6
CONTINUOUS
10
6.1199064173228344
20
-4.0845810236220474
11
6.1297070472440947
21
-4.0855321653543308
0
LINE
8
BLACK
6
CONTINUOUS
10
6.1297070472440947
20
-4.0855321653543308
11
6.1293184645669294
21
-4.0847775196850389
0
LINE
8
BLACK
6
CONTINUOUS
10
6.1293184645669294
20
-4.0847775196850389
11
6.1291115748031491
21
-4.0842368897637797
0
LINE
8
BLACK
6
CONTINUOUS
10
6.1291115748031491
20
-4.0842368897637797
11
6.12910405511811
21
-4.0841310629921255
0
LINE
8
BLACK
6
CONTINUOUS
10
6.12910405511811
20
-4.0841310629921255
11
6.1290634645669293
21
-4.0840330708661412
0
LINE
8
BLACK
6
CONTINUOUS
10
6.1290634645669293
20
-4.0840330708661412
11
6.1290605118110237
21
-4.0835184645669287
0
LINE
8
BLACK
6
CONTINUOUS
10
6.1290605118110237
20
-4.0835184645669287
11
6.1290299212598427
21
-4.0830876771653539
0
LINE
8
BLACK
6
CONTINUOUS
10
6.1290299212598427
20
-4.0830876771653539
11
6.1290575984251969
21
-4.0830046062992125
0
LINE
8
BLACK
6
CONTINUOUS
10
6.1290575984251969
20
-4.0830046062992125
11
6.1290067322834645
21
-4.0740831889763776
0
LINE
8
BLACK
6
CONTINUOUS
10
6.1290067322834645
20
-4.0740831889763776
11
6.1290634645669293
21
-4.0735071259842517
0
LINE
8
BLACK
6
CONTINUOUS
10
6.1290634645669293
20
-4.0735071259842517
11
6.12910405511811
21
-4.0734090944881887
0
LINE
8
BLACK
6
CONTINUOUS
10
6.12910405511811
20
-4.0734090944881887
11
6.1291115748031491
21
-4.073303307086614
0
LINE
8
BLACK
6
CONTINUOUS
10
6.1291115748031491
20
-4.073303307086614
11
6.1293597637795276
21
-4.0727917322834646
0
LINE
8
BLACK
6
CONTINUOUS
10
6.1293597637795276
20
-4.0727917322834646
11
6.1295043700787399
21
-4.0724427165354333
0
LINE
8
BLACK
6
CONTINUOUS
10
6.1295043700787399
20
-4.0724427165354333
11
6.1295524803149606
21
-4.0723945669291339
0
LINE
8
BLACK
6
CONTINUOUS
10
6.1295524803149606
20
-4.0723945669291339
11
6.131193228346457
21
-4.0690131496062989
0
LINE
8
BLACK
6
CONTINUOUS
10
6.131193228346457
20
-4.0690131496062989
11
6.1313492913385828
21
-4.0687651181102362
0
LINE
8
BLACK
6
CONTINUOUS
10
6.1313492913385828
20
-4.0687651181102362
11
6.1313791338582675
21
-4.0686931889763782
0
LINE
8
BLACK
6
CONTINUOUS
10
6.1313791338582675
20
-4.0686931889763782
11
6.1314236220472438
21
-4.0686470866141731
0
LINE
8
BLACK
6
CONTINUOUS
10
6.1314236220472438
20
-4.0686470866141731
11
6.1315015748031492
21
-4.0685232677165351
0
LINE
8
BLACK
6
CONTINUOUS
10
6.1315015748031492
20
-4.0685232677165351
11
6.1317572440944881
21
-4.0683014960629924
0
LINE
8
BLACK
6
CONTINUOUS
10
6.1317572440944881
20
-4.0683014960629924
11
6.1336211023622047
21
-4.066370984251968
0
LINE
8
BLACK
6
CONTINUOUS
10
6.1336211023622047
20
-4.066370984251968
11
6.1338474409448818
21
-4.0661851968503937
0
LINE
8
BLACK
6
CONTINUOUS
10
6.1338474409448818
20
-4.0661851968503937
11
6.1338986220472442
21
-4.0661262204724409
0
LINE
8
BLACK
6
CONTINUOUS
10
6.1338986220472442
20
-4.0661262204724409
11
6.133954251968504
21
-4.0660975590551178
0
LINE
8
BLACK
6
CONTINUOUS
10
6.133954251968504
20
-4.0660975590551178
11
6.1340685433070865
21
-4.0660037795275592
0
LINE
8
BLACK
6
CONTINUOUS
10
6.1340685433070865
20
-4.0660037795275592
11
6.1344153937007873
21
-4.0658600787401573
0
LINE
8
BLACK
6
CONTINUOUS
10
6.1344153937007873
20
-4.0658600787401573
11
6.1381380314960632
21
-4.0639431102362202
0
LINE
8
BLACK
6
CONTINUOUS
10
6.1381380314960632
20
-4.0639431102362202
11
6.1386786220472436
21
-4.0637362204724408
0
LINE
8
BLACK
6
CONTINUOUS
10
6.1386786220472436
20
-4.0637362204724408
11
6.1387844881889766
21
-4.0637286614173229
0
LINE
8
BLACK
6
CONTINUOUS
10
6.1387844881889766
20
-4.0637286614173229
11
6.1388824803149609
21
-4.0636881102362201
0
LINE
8
BLACK
6
CONTINUOUS
10
6.1388824803149609
20
-4.0636881102362201
11
6.1393970078740159
21
-4.0636851574803146
0
LINE
8
BLACK
6
CONTINUOUS
10
6.1393970078740159
20
-4.0636851574803146
11
6.1398278346456694
21
-4.0636545669291335
0
LINE
8
BLACK
6
CONTINUOUS
10
6.1398278346456694
20
-4.0636545669291335
11
6.1399108661417321
21
-4.0636822440944877
0
LINE
8
BLACK
6
CONTINUOUS
10
6.1399108661417321
20
-4.0636822440944877
11
6.1488323622047245
21
-4.0636313779527562
0
LINE
8
BLACK
6
CONTINUOUS
10
6.1488323622047245
20
-4.0636313779527562
11
6.1494084251968504
21
-4.0636881102362201
0
LINE
8
BLACK
6
CONTINUOUS
10
6.1560970866141727
20
-4.0453812992125986
11
6.1560971653543302
21
-4.0453813385826773
0
LINE
8
BLACK
6
CONTINUOUS
10
6.1560971653543302
20
-4.0453813385826773
11
6.1584193700787404
21
-4.0476233070866137
0
LINE
8
BLACK
6
CONTINUOUS
10
6.1584193700787404
20
-4.0476233070866137
11
6.1587865748031492
21
-4.0480707480314964
0
LINE
8
BLACK
6
CONTINUOUS
10
6.1587865748031492
20
-4.0480707480314964
11
6.1589281496062993
21
-4.0484125196850389
0
LINE
8
BLACK
6
CONTINUOUS
10
6.1589281496062993
20
-4.0484125196850389
11
6.1592274803149607
21
-4.0491351968503935
0
LINE
8
BLACK
6
CONTINUOUS
10
6.1592274803149607
20
-4.0491351968503935
11
6.1592274803149607
21
-4.0502872834645665
0
LINE
8
BLACK
6
CONTINUOUS
10
6.1592274803149607
20
-4.0502872834645665
11
6.1587865748031492
21
-4.0513516929133857
0
LINE
8
BLACK
6
CONTINUOUS
10
6.1587865748031492
20
-4.0513516929133857
11
6.1565446062992129
21
-4.0536738976377951
0
LINE
8
BLACK
6
CONTINUOUS
10
6.1565446062992129
20
-4.0536738976377951
11
6.1560971653543302
21
-4.0540411023622047
0
LINE
8
BLACK
6
CONTINUOUS
10
6.1560971653543302
20
-4.0540411023622047
11
6.1550327559055118
21
-4.0544820078740154
0
LINE
8
BLACK
6
CONTINUOUS
10
6.1550327559055118
20
-4.0544820078740154
11
6.1538806692913388
21
-4.0544820078740154
0
LINE
8
BLACK
6
CONTINUOUS
10
6.1538806692913388
20
-4.0544820078740154
11
6.1528162598425196
21
-4.0540411417322835
0
LINE
8
BLACK
6
CONTINUOUS
10
6.1528162598425196
20
-4.0540411417322835
11
6.1504940157480315
21
-4.0517991732283463
0
LINE
8
BLACK
6
CONTINUOUS
10
6.1504940157480315
20
-4.0517991732283463
11
6.150126771653543
21
-4.0513516929133857
0
LINE
8
BLACK
6
CONTINUOUS
10
6.150126771653543
20
-4.0513516929133857
11
6.1501267322834643
21
-4.051351653543307
0
LINE
8
BLACK
6
CONTINUOUS
10
6.1501267322834643
20
-4.051351653543307
11
6.1496858661417324
21
-4.0502872440944877
0
LINE
8
BLACK
6
CONTINUOUS
10
6.1496858661417324
20
-4.0502872440944877
11
6.1496858661417324
21
-4.0491351574803147
0
LINE
8
BLACK
6
CONTINUOUS
10
6.1496858661417324
20
-4.0491351574803147
11
6.1499851968503938
21
-4.0484125196850389
0
LINE
8
BLACK
6
CONTINUOUS
10
6.1499851968503938
20
-4.0484125196850389
11
6.1501267322834643
21
-4.0480707874015751
0
LINE
8
BLACK
6
CONTINUOUS
10
6.1501267322834643
20
-4.0480707874015751
11
6.150126771653543
21
-4.0480707480314964
0
LINE
8
BLACK
6
CONTINUOUS
10
6.150126771653543
20
-4.0480707480314964
11
6.152368779527559
21
-4.0457485433070861
0
LINE
8
BLACK
6
CONTINUOUS
10
6.152368779527559
20
-4.0457485433070861
11
6.1528162598425196
21
-4.0453812992125986
0
LINE
8
BLACK
6
CONTINUOUS
10
6.1528162598425196
20
-4.0453812992125986
11
6.1538806692913388
21
-4.0449404330708658
0
LINE
8
BLACK
6
CONTINUOUS
10
6.1538806692913388
20
-4.0449404330708658
11
6.1550327559055118
21
-4.0449404330708658
0
LINE
8
BLACK
6
CONTINUOUS
10
6.1550327559055118
20
-4.0449404330708658
11
6.1560970866141727
21
-4.0453812992125986
0
LINE
8
BLACK
6
CONTINUOUS
10
6.1414338188976378
20
-4.0073983070866142
11
6.1414768503937003
21
-4.007391929133858
0
LINE
8
BLACK
6
CONTINUOUS
10
6.1414768503937003
20
-4.007391929133858
11
6.1415505118110234
21
-4.0074098031496064
0
LINE
8
BLACK
6
CONTINUOUS
10
6.1415505118110234
20
-4.0074098031496064
11
6.1419093700787402
21
-4.0074451574803147
0
LINE
8
BLACK
6
CONTINUOUS
10
6.1419093700787402
20
-4.0074451574803147
11
6.1422112598425196
21
-4.0075701968503932
0
LINE
8
BLACK
6
CONTINUOUS
10
6.1422112598425196
20
-4.0075701968503932
11
6.1495485039370079
21
-4.0093513385826771
0
LINE
8
BLACK
6
CONTINUOUS
10
6.1495485039370079
20
-4.0093513385826771
11
6.1495909842519687
21
-4.0093664960629924
0
LINE
8
BLACK
6
CONTINUOUS
10
6.1495909842519687
20
-4.0093664960629924
11
6.149612244094488
21
-4.0093680314960629
0
LINE
8
BLACK
6
CONTINUOUS
10
6.149612244094488
20
-4.0093680314960629
11
6.1496597637795274
21
-4.0093910629921261
0
LINE
8
BLACK
6
CONTINUOUS
10
6.1496597637795274
20
-4.0093910629921261
11
6.150093622047244
21
-4.0095461023622043
0
LINE
8
BLACK
6
CONTINUOUS
10
6.150093622047244
20
-4.0095461023622043
11
6.1503105905511806
21
-4.0097068897637795
0
LINE
8
BLACK
6
CONTINUOUS
10
6.1503105905511806
20
-4.0097068897637795
11
6.1539024015748032
21
-4.0114496850393699
0
LINE
8
BLACK
6
CONTINUOUS
10
6.1539024015748032
20
-4.0114496850393699
11
6.1541502755905508
21
-4.011605708661417
0
LINE
8
BLACK
6
CONTINUOUS
10
6.1541502755905508
20
-4.011605708661417
11
6.1542223228346451
21
-4.0116355511811026
0
LINE
8
BLACK
6
CONTINUOUS
10
6.1542223228346451
20
-4.0116355511811026
11
6.1542684251968502
21
-4.0116800787401576
0
LINE
8
BLACK
6
CONTINUOUS
10
6.1542684251968502
20
-4.0116800787401576
11
6.154392283464567
21
-4.011758031496063
0
LINE
8
BLACK
6
CONTINUOUS
10
6.154392283464567
20
-4.011758031496063
11
6.154613976377953
21
-4.0120136614173232
0
LINE
8
BLACK
6
CONTINUOUS
10
6.154613976377953
20
-4.0120136614173232
11
6.1565445669291341
21
-4.0138775196850389
0
LINE
8
BLACK
6
CONTINUOUS
10
6.1565445669291341
20
-4.0138775196850389
11
6.1567303149606296
21
-4.0141038582677169
0
LINE
8
BLACK
6
CONTINUOUS
10
6.1567303149606296
20
-4.0141038582677169
11
6.1567893700787399
21
-4.0141550787401572
0
LINE
8
BLACK
6
CONTINUOUS
10
6.1567893700787399
20
-4.0141550787401572
11
6.1568179921259842
21
-4.0142107086614169
0
LINE
8
BLACK
6
CONTINUOUS
10
6.1568179921259842
20
-4.0142107086614169
11
6.1569118110236216
21
-4.0143249999999995
0
LINE
8
BLACK
6
CONTINUOUS
10
6.1569118110236216
20
-4.0143249999999995
11
6.1570554724409448
21
-4.0146718503937011
0
LINE
8
BLACK
6
CONTINUOUS
10
6.1570554724409448
20
-4.0146718503937011
11
6.1589724803149606
21
-4.0183944881889762
0
LINE
8
BLACK
6
CONTINUOUS
10
6.1589724803149606
20
-4.0183944881889762
11
6.1591793700787401
21
-4.0189350787401574
0
LINE
8
BLACK
6
CONTINUOUS
10
6.1591793700787401
20
-4.0189350787401574
11
6.1591868897637791
21
-4.0190409448818896
0
LINE
8
BLACK
6
CONTINUOUS
10
6.1591868897637791
20
-4.0190409448818896
11
6.1592274803149607
21
-4.0191389370078738
0
LINE
8
BLACK
6
CONTINUOUS
10
6.1592274803149607
20
-4.0191389370078738
11
6.1592350787401573
21
-4.0197192913385829
0
LINE
8
BLACK
6
CONTINUOUS
10
6.1592350787401573
20
-4.0197192913385829
11
6.1592610236220473
21
-4.0200842913385824
0
LINE
8
BLACK
6
CONTINUOUS
10
6.1592610236220473
20
-4.0200842913385824
11
6.1592406692913384
21
-4.0201453149606294
0
LINE
8
BLACK
6
CONTINUOUS
10
6.1592406692913384
20
-4.0201453149606294
11
6.1592842125984246
21
-4.0234645275590548
0
LINE
8
BLACK
6
CONTINUOUS
10
6.1592842125984246
20
-4.0234645275590548
11
6.1592274803149607
21
-4.0240405905511807
0
LINE
8
BLACK
6
CONTINUOUS
10
6.1592274803149607
20
-4.0240405905511807
11
6.1591868897637791
21
-4.0241385433070862
0
LINE
8
BLACK
6
CONTINUOUS
10
6.1591868897637791
20
-4.0241385433070862
11
6.1591793700787401
21
-4.024244448818898
0
LINE
8
BLACK
6
CONTINUOUS
10
6.1591793700787401
20
-4.024244448818898
11
6.1589310236220474
21
-4.0247561811023624
0
LINE
8
BLACK
6
CONTINUOUS
10
6.1589310236220474
20
-4.0247561811023624
11
6.1587865748031492
21
-4.0251049999999999
0
LINE
8
BLACK
6
CONTINUOUS
10
6.1587865748031492
20
-4.0251049999999999
11
6.1587384645669294
21
-4.0251530708661418
0
LINE
8
BLACK
6
CONTINUOUS
10
6.1587384645669294
20
-4.0251530708661418
11
6.157097716535433
21
-4.0285345669291335
0
LINE
8
BLACK
6
CONTINUOUS
10
6.157097716535433
20
-4.0285345669291335
11
6.1569416141732285
21
-4.0287825590551183
0
LINE
8
BLACK
6
CONTINUOUS
10
6.1569416141732285
20
-4.0287825590551183
11
6.1569118110236216
21
-4.028854527559055
0
LINE
8
BLACK
6
CONTINUOUS
10
6.1569118110236216
20
-4.028854527559055
11
6.1568672834645666
21
-4.0289005905511814
0
LINE
8
BLACK
6
CONTINUOUS
10
6.1568672834645666
20
-4.0289005905511814
11
6.1567893700787399
21
-4.0290244488188973
0
LINE
8
BLACK
6
CONTINUOUS
10
6.1567893700787399
20
-4.0290244488188973
11
6.1565335826771648
21
-4.0292462204724409
0
LINE
8
BLACK
6
CONTINUOUS
10
6.1565335826771648
20
-4.0292462204724409
11
6.1546697637795278
21
-4.0311767716535432
0
LINE
8
BLACK
6
CONTINUOUS
10
6.1546697637795278
20
-4.0311767716535432
11
6.1544434251968498
21
-4.0313624803149608
0
LINE
8
BLACK
6
CONTINUOUS
10
6.1544434251968498
20
-4.0313624803149608
11
6.154392283464567
21
-4.0314214960629924
0
LINE
8
BLACK
6
CONTINUOUS
10
6.154392283464567
20
-4.0314214960629924
11
6.1543366535433073
21
-4.0314501181102358
0
LINE
8
BLACK
6
CONTINUOUS
10
6.1543366535433073
20
-4.0314501181102358
11
6.1542223228346451
21
-4.0315439763779528
0
LINE
8
BLACK
6
CONTINUOUS
10
6.1542223228346451
20
-4.0315439763779528
11
6.1538753937007868
21
-4.0316876377952751
0
LINE
8
BLACK
6
CONTINUOUS
10
6.1538753937007868
20
-4.0316876377952751
11
6.1501528740157481
21
-4.0336046062992121
0
LINE
8
BLACK
6
CONTINUOUS
10
6.1501528740157481
20
-4.0336046062992121
11
6.150110748031496
21
-4.0336207086614175
0
LINE
8
BLACK
6
CONTINUOUS
10
6.150110748031496
20
-4.0336207086614175
11
6.150093622047244
21
-4.0336334251968502
0
LINE
8
BLACK
6
CONTINUOUS
10
6.150093622047244
20
-4.0336334251968502
11
6.1500446062992129
21
-4.0336460236220475
0
LINE
8
BLACK
6
CONTINUOUS
10
6.1500446062992129
20
-4.0336460236220475
11
6.149612244094488
21
-4.0338114960629916
0
LINE
8
BLACK
6
CONTINUOUS
10
6.149612244094488
20
-4.0338114960629916
11
6.149321023622047
21
-4.0338321653543305
0
LINE
8
BLACK
6
CONTINUOUS
10
6.149321023622047
20
-4.0338321653543305
11
6.1420494488188977
21
-4.0357029527559058
0
LINE
8
BLACK
6
CONTINUOUS
10
6.1420494488188977
20
-4.0357029527559058
11
6.1419495669291333
21
-4.0357177165354328
0
LINE
8
BLACK
6
CONTINUOUS
10
6.1419495669291333
20
-4.0357177165354328
11
6.1419093700787402
21
-4.0357343700787398
0
LINE
8
BLACK
6
CONTINUOUS
10
6.1419093700787402
20
-4.0357343700787398
11
6.1418339763779528
21
-4.0357347637795273
0
LINE
8
BLACK
6
CONTINUOUS
10
6.1418339763779528
20
-4.0357347637795273
11
6.1414768503937003
21
-4.0357875984251965
0
LINE
8
BLACK
6
CONTINUOUS
10
6.1414768503937003
20
-4.0357875984251965
11
6.1411482677165354
21
-4.0357387007874017
0
LINE
8
BLACK
6
CONTINUOUS
10
6.1411482677165354
20
-4.0357387007874017
11
6.1319594881889765
21
-4.0357911023622046
0
LINE
8
BLACK
6
CONTINUOUS
10
6.1319594881889765
20
-4.0357911023622046
11
6.1318589370078742
21
-4.0357811811023625
0
LINE
8
BLACK
6
CONTINUOUS
10
6.1318589370078742
20
-4.0357811811023625
11
6.1318159448818896
21
-4.0357875984251965
0
LINE
8
BLACK
6
CONTINUOUS
10
6.1318159448818896
20
-4.0357875984251965
11
6.1317422440944878
21
-4.0357696850393703
0
LINE
8
BLACK
6
CONTINUOUS
10
6.1317422440944878
20
-4.0357696850393703
11
6.1313834251968506
21
-4.0357343700787398
0
LINE
8
BLACK
6
CONTINUOUS
10
6.1313834251968506
20
-4.0357343700787398
11
6.1310814960629916
21
-4.0356092913385826
0
LINE
8
BLACK
6
CONTINUOUS
10
6.1310814960629916
20
-4.0356092913385826
11
6.1237442913385829
21
-4.0338281889763783
0
LINE
8
BLACK
6
CONTINUOUS
10
6.1237442913385829
20
-4.0338281889763783
11
6.1237017716535433
21
-4.0338129921259842
0
LINE
8
BLACK
6
CONTINUOUS
10
6.1237017716535433
20
-4.0338129921259842
11
6.1236805118110231
21
-4.0338114960629916
0
LINE
8
BLACK
6
CONTINUOUS
10
6.1236805118110231
20
-4.0338114960629916
11
6.1236328346456688
21
-4.033788346456693
0
LINE
8
BLACK
6
CONTINUOUS
10
6.1236328346456688
20
-4.033788346456693
11
6.1231991732283459
21
-4.0336334251968502
0
LINE
8
BLACK
6
CONTINUOUS
10
6.1231991732283459
20
-4.0336334251968502
11
6.1229822047244093
21
-4.0334726771653546
0
LINE
8
BLACK
6
CONTINUOUS
10
6.1229822047244093
20
-4.0334726771653546
11
6.1193903937007876
21
-4.0317298425196846
0
LINE
8
BLACK
6
CONTINUOUS
10
6.1193903937007876
20
-4.0317298425196846
11
6.1191423622047241
21
-4.03157374015748
0
LINE
8
BLACK
6
CONTINUOUS
10
6.1191423622047241
20
-4.03157374015748
11
6.1190704330708661
21
-4.0315439370078741
0
LINE
8
BLACK
6
CONTINUOUS
10
6.1190704330708661
20
-4.0315439370078741
11
6.1190243307086609
21
-4.031499409448819
0
LINE
8
BLACK
6
CONTINUOUS
10
6.1190243307086609
20
-4.031499409448819
11
6.1189005118110238
21
-4.0314214960629924
0
LINE
8
BLACK
6
CONTINUOUS
10
6.1189005118110238
20
-4.0314214960629924
11
6.1186787401574803
21
-4.0311657874015747
0
LINE
8
BLACK
6
CONTINUOUS
10
6.1186787401574803
20
-4.0311657874015747
11
6.1167482283464567
21
-4.0293019685039368
0
LINE
8
BLACK
6
CONTINUOUS
10
6.1167482283464567
20
-4.0293019685039368
11
6.1165624409448816
21
-4.029075590551181
0
LINE
8
BLACK
6
CONTINUOUS
10
6.1165624409448816
20
-4.029075590551181
11
6.1165034645669287
21
-4.0290244488188973
0
LINE
8
BLACK
6
CONTINUOUS
10
6.1165034645669287
20
-4.0290244488188973
11
6.1164748031496066
21
-4.0289687795275588
0
LINE
8
BLACK
6
CONTINUOUS
10
6.1164748031496066
20
-4.0289687795275588
11
6.1163810236220471
21
-4.028854527559055
0
LINE
8
BLACK
6
CONTINUOUS
10
6.1163810236220471
20
-4.028854527559055
11
6.1162373622047239
21
-4.028507716535433
0
LINE
8
BLACK
6
CONTINUOUS
10
6.1162373622047239
20
-4.028507716535433
11
6.1143203543307081
21
-4.0247850393700784
0
LINE
8
BLACK
6
CONTINUOUS
10
6.1143203543307081
20
-4.0247850393700784
11
6.1141134645669286
21
-4.0242444094488192
0
LINE
8
BLACK
6
CONTINUOUS
10
6.1141134645669286
20
-4.0242444094488192
11
6.1141059448818895
21
-4.024138582677165
0
LINE
8
BLACK
6
CONTINUOUS
10
6.1141059448818895
20
-4.024138582677165
11
6.1140653543307089
21
-4.0240405905511807
0
LINE
8
BLACK
6
CONTINUOUS
10
6.1140653543307089
20
-4.0240405905511807
11
6.1140577165354326
21
-4.0234601181102363
0
LINE
8
BLACK
6
CONTINUOUS
10
6.1140577165354326
20
-4.0234601181102363
11
6.1140318110236223
21
-4.0230951968503934
0
LINE
8
BLACK
6
CONTINUOUS
10
6.1140318110236223
20
-4.0230951968503934
11
6.1140521259842515
21
-4.0230341338582676
0
LINE
8
BLACK
6
CONTINUOUS
10
6.1140521259842515
20
-4.0230341338582676
11
6.114008622047244
21
-4.0197149999999997
0
LINE
8
BLACK
6
CONTINUOUS
10
6.114008622047244
20
-4.0197149999999997
11
6.1140653543307089
21
-4.0191389370078738
0
LINE
8
BLACK
6
CONTINUOUS
10
6.1140653543307089
20
-4.0191389370078738
11
6.1141059448818895
21
-4.0190409055118108
0
LINE
8
BLACK
6
CONTINUOUS
10
6.1141059448818895
20
-4.0190409055118108
11
6.1141134645669286
21
-4.0189351181102362
0
LINE
8
BLACK
6
CONTINUOUS
10
6.1141134645669286
20
-4.0189351181102362
11
6.1143616535433072
21
-4.0184235433070867
0
LINE
8
BLACK
6
CONTINUOUS
10
6.1143616535433072
20
-4.0184235433070867
11
6.1145062598425195
21
-4.0180745275590546
0
LINE
8
BLACK
6
CONTINUOUS
10
6.1145062598425195
20
-4.0180745275590546
11
6.1145543700787401
21
-4.0180263779527561
0
LINE
8
BLACK
6
CONTINUOUS
10
6.1145543700787401
20
-4.0180263779527561
11
6.1161951181102356
21
-4.014644960629921
0
LINE
8
BLACK
6
CONTINUOUS
10
6.1161951181102356
20
-4.014644960629921
11
6.1163511811023623
21
-4.0143969291338584
0
LINE
8
BLACK
6
CONTINUOUS
10
6.1163511811023623
20
-4.0143969291338584
11
6.1163810236220471
21
-4.0143249999999995
0
LINE
8
BLACK
6
CONTINUOUS
10
6.1163810236220471
20
-4.0143249999999995
11
6.1164255118110233
21
-4.0142788976377952
0
LINE
8
BLACK
6
CONTINUOUS
10
6.1164255118110233
20
-4.0142788976377952
11
6.1165034645669287
21
-4.0141550787401572
0
LINE
8
BLACK
6
CONTINUOUS
10
6.1165034645669287
20
-4.0141550787401572
11
6.1167591338582676
21
-4.0139333070866137
0
LINE
8
BLACK
6
CONTINUOUS
10
6.1167591338582676
20
-4.0139333070866137
11
6.1186229921259843
21
-4.0120027952755901
0
LINE
8
BLACK
6
CONTINUOUS
10
6.1186229921259843
20
-4.0120027952755901
11
6.1188493307086613
21
-4.0118170078740159
0
LINE
8
BLACK
6
CONTINUOUS
10
6.1188493307086613
20
-4.0118170078740159
11
6.1189005118110238
21
-4.011758031496063
0
LINE
8
BLACK
6
CONTINUOUS
10
6.1189005118110238
20
-4.011758031496063
11
6.1189561417322835
21
-4.01172937007874
0
LINE
8
BLACK
6
CONTINUOUS
10
6.1189561417322835
20
-4.01172937007874
11
6.1190704330708661
21
-4.0116355905511814
0
LINE
8
BLACK
6
CONTINUOUS
10
6.1190704330708661
20
-4.0116355905511814
11
6.1194172834645668
21
-4.0114918897637795
0
LINE
8
BLACK
6
CONTINUOUS
10
6.1194172834645668
20
-4.0114918897637795
11
6.1231399212598427
21
-4.0095749212598424
0
LINE
8
BLACK
6
CONTINUOUS
10
6.1231399212598427
20
-4.0095749212598424
11
6.123182007874016
21
-4.0095587795275591
0
LINE
8
BLACK
6
CONTINUOUS
10
6.123182007874016
20
-4.0095587795275591
11
6.1231991732283459
21
-4.0095461023622043
0
LINE
8
BLACK
6
CONTINUOUS
10
6.1231991732283459
20
-4.0095461023622043
11
6.1232481102362204
21
-4.0095335039370079
0
LINE
8
BLACK
6
CONTINUOUS
10
6.1232481102362204
20
-4.0095335039370079
11
6.1236805118110231
21
-4.0093680314960629
0
LINE
8
BLACK
6
CONTINUOUS
10
6.1236805118110231
20
-4.0093680314960629
11
6.1239717322834641
21
-4.0093473228346452
0
LINE
8
BLACK
6
CONTINUOUS
10
6.1239717322834641
20
-4.0093473228346452
11
6.1312433464566931
21
-4.0074765748031496
0
LINE
8
BLACK
6
CONTINUOUS
10
6.1312433464566931
20
-4.0074765748031496
11
6.1313431889763779
21
-4.007461771653543
0
LINE
8
BLACK
6
CONTINUOUS
10
6.1313431889763779
20
-4.007461771653543
11
6.1313834251968506
21
-4.0074451574803147
0
LINE
8
BLACK
6
CONTINUOUS
10
6.1313834251968506
20
-4.0074451574803147
11
6.1314587795275592
21
-4.0074447244094484
0
LINE
8
BLACK
6
CONTINUOUS
10
6.1314587795275592
20
-4.0074447244094484
11
6.1318159448818896
21
-4.007391929133858
0
LINE
8
BLACK
6
CONTINUOUS
10
6.1318159448818896
20
-4.007391929133858
11
6.1321444881889766
21
-4.0074407874015749
0
LINE
8
BLACK
6
CONTINUOUS
10
6.1321444881889766
20
-4.0074407874015749
11
6.1413333070866143
21
-4.0073884251968499
0
LINE
8
BLACK
6
CONTINUOUS
10
6.1413333070866143
20
-4.0073884251968499
11
6.1414338188976378
21
-4.0073983070866142
0
LINE
8
BLACK
6
CONTINUOUS
10
6.132124724409449
20
-4.0132929921259839
11
6.1252990551181101
21
-4.0150490157480316
0
LINE
8
BLACK
6
CONTINUOUS
10
6.1252990551181101
20
-4.0150490157480316
11
6.1223667322834645
21
-4.0165590157480313
0
LINE
8
BLACK
6
CONTINUOUS
10
6.1223667322834645
20
-4.0165590157480313
11
6.1211760236220467
21
-4.017792362204724
0
LINE
8
BLACK
6
CONTINUOUS
10
6.1211760236220467
20
-4.017792362204724
11
6.1198748818897633
21
-4.0204738582677164
0
LINE
8
BLACK
6
CONTINUOUS
10
6.1198748818897633
20
-4.0204738582677164
11
6.1199059448818893
21
-4.0228424015748034
0
LINE
8
BLACK
6
CONTINUOUS
10
6.1199059448818893
20
-4.0228424015748034
11
6.1213044488188979
21
-4.0255581889763778
0
LINE
8
BLACK
6
CONTINUOUS
10
6.1213044488188979
20
-4.0255581889763778
11
6.1225378346456694
21
-4.0267489370078735
0
LINE
8
BLACK
6
CONTINUOUS
10
6.1225378346456694
20
-4.0267489370078735
11
6.1256880708661416
21
-4.0282774803149604
0
LINE
8
BLACK
6
CONTINUOUS
10
6.1256880708661416
20
-4.0282774803149604
11
6.1325194881889766
21
-4.0299358267716539
0
LINE
8
BLACK
6
CONTINUOUS
10
6.1325194881889766
20
-4.0299358267716539
11
6.1411680314960631
21
-4.0298864960629919
0
LINE
8
BLACK
6
CONTINUOUS
10
6.1411680314960631
20
-4.0298864960629919
11
6.147993700787401
21
-4.028130472440945
0
LINE
8
BLACK
6
CONTINUOUS
10
6.147993700787401
20
-4.028130472440945
11
6.1509260236220475
21
-4.0266204330708657
0
LINE
8
BLACK
6
CONTINUOUS
10
6.1509260236220475
20
-4.0266204330708657
11
6.152116811023622
21
-4.025387086614173
0
LINE
8
BLACK
6
CONTINUOUS
10
6.152116811023622
20
-4.025387086614173
11
6.1534179133858267
21
-4.0227056299212594
0
LINE
8
BLACK
6
CONTINUOUS
10
6.1534179133858267
20
-4.0227056299212594
11
6.1533868503937006
21
-4.0203370866141732
0
LINE
8
BLACK
6
CONTINUOUS
10
6.1533868503937006
20
-4.0203370866141732
11
6.1519883464566929
21
-4.0176213385826767
0
LINE
8
BLACK
6
CONTINUOUS
10
6.1519883464566929
20
-4.0176213385826767
11
6.1507549606299214
21
-4.016430590551181
0
LINE
8
BLACK
6
CONTINUOUS
10
6.1507549606299214
20
-4.016430590551181
11
6.1476046850393695
21
-4.0149020078740154
0
LINE
8
BLACK
6
CONTINUOUS
10
6.1476046850393695
20
-4.0149020078740154
11
6.1407732677165354
21
-4.0132436614173228
0
LINE
8
BLACK
6
CONTINUOUS
10
6.1407732677165354
20
-4.0132436614173228
11
6.132124724409449
21
-4.0132929921259839
0
LINE
8
BLACK
6
CONTINUOUS
10
6.1414338188976378
20
-3.9699029921259843
11
6.1414768503937003
21
-3.9698966141732281
0
LINE
8
BLACK
6
CONTINUOUS
10
6.1414768503937003
20
-3.9698966141732281
11
6.1415505118110234
21
-3.9699144881889761
0
LINE
8
BLACK
6
CONTINUOUS
10
6.1415505118110234
20
-3.9699144881889761
11
6.1419093700787402
21
-3.9699498425196849
0
LINE
8
BLACK
6
CONTINUOUS
10
6.1419093700787402
20
-3.9699498425196849
11
6.1422112598425196
21
-3.9700748818897638
0
LINE
8
BLACK
6
CONTINUOUS
10
6.1422112598425196
20
-3.9700748818897638
11
6.1495485039370079
21
-3.9718560236220473
0
LINE
8
BLACK
6
CONTINUOUS
10
6.1495485039370079
20
-3.9718560236220473
11
6.1495909842519687
21
-3.9718711811023621
0
LINE
8
BLACK
6
CONTINUOUS
10
6.1495909842519687
20
-3.9718711811023621
11
6.149612244094488
21
-3.9718727165354331
0
LINE
8
BLACK
6
CONTINUOUS
10
6.149612244094488
20
-3.9718727165354331
11
6.1496597637795274
21
-3.9718957480314958
0
LINE
8
BLACK
6
CONTINUOUS
10
6.1496597637795274
20
-3.9718957480314958
11
6.150093622047244
21
-3.9720507874015749
0
LINE
8
BLACK
6
CONTINUOUS
10
6.150093622047244
20
-3.9720507874015749
11
6.1503105905511806
21
-3.9722115748031497
0
LINE
8
BLACK
6
CONTINUOUS
10
6.1503105905511806
20
-3.9722115748031497
11
6.1539024015748032
21
-3.9739543700787401
0
LINE
8
BLACK
6
CONTINUOUS
10
6.1539024015748032
20
-3.9739543700787401
11
6.1541502755905508
21
-3.9741103937007871
0
LINE
8
BLACK
6
CONTINUOUS
10
6.1541502755905508
20
-3.9741103937007871
11
6.1542223228346451
21
-3.9741402362204723
0
LINE
8
BLACK
6
CONTINUOUS
10
6.1542223228346451
20
-3.9741402362204723
11
6.1542684251968502
21
-3.9741847637795273
0
LINE
8
BLACK
6
CONTINUOUS
10
6.1542684251968502
20
-3.9741847637795273
11
6.154392283464567
21
-3.9742627165354332
0
LINE
8
BLACK
6
CONTINUOUS
10
6.154392283464567
20
-3.9742627165354332
11
6.154613976377953
21
-3.9745183464566929
0
LINE
8
BLACK
6
CONTINUOUS
10
6.154613976377953
20
-3.9745183464566929
11
6.1565445669291341
21
-3.9763822047244095
0
LINE
8
BLACK
6
CONTINUOUS
10
6.1565445669291341
20
-3.9763822047244095
11
6.1567303149606296
21
-3.9766085433070866
0
LINE
8
BLACK
6
CONTINUOUS
10
6.1567303149606296
20
-3.9766085433070866
11
6.1567893700787399
21
-3.9766597637795273
0
LINE
8
BLACK
6
CONTINUOUS
10
6.1567893700787399
20
-3.9766597637795273
11
6.1568179921259842
21
-3.9767153937007875
0
LINE
8
BLACK
6
CONTINUOUS
10
6.1568179921259842
20
-3.9767153937007875
11
6.1569118110236216
21
-3.9768296850393701
0
LINE
8
BLACK
6
CONTINUOUS
10
6.1569118110236216
20
-3.9768296850393701
11
6.1570554724409448
21
-3.9771765354330708
0
LINE
8
BLACK
6
CONTINUOUS
10
6.1570554724409448
20
-3.9771765354330708
11
6.1589724803149606
21
-3.9808991732283463
0
LINE
8
BLACK
6
CONTINUOUS
10
6.1589724803149606
20
-3.9808991732283463
11
6.1591793700787401
21
-3.9814397637795276
0
LINE
8
BLACK
6
CONTINUOUS
10
6.1591793700787401
20
-3.9814397637795276
11
6.1591868897637791
21
-3.9815456299212597
0
LINE
8
BLACK
6
CONTINUOUS
10
6.1591868897637791
20
-3.9815456299212597
11
6.1592274803149607
21
-3.981643622047244
0
LINE
8
BLACK
6
CONTINUOUS
10
6.1592274803149607
20
-3.981643622047244
11
6.1592350787401573
21
-3.9822239763779526
0
LINE
8
BLACK
6
CONTINUOUS
10
6.1592350787401573
20
-3.9822239763779526
11
6.1592610236220473
21
-3.9825889763779525
0
LINE
8
BLACK
6
CONTINUOUS
10
6.1592610236220473
20
-3.9825889763779525
11
6.1592406692913384
21
-3.98265
0
LINE
8
BLACK
6
CONTINUOUS
10
6.1592406692913384
20
-3.98265
11
6.1592842125984246
21
-3.985969212598425
0
LINE
8
BLACK
6
CONTINUOUS
10
6.1592842125984246
20
-3.985969212598425
11
6.1592274803149607
21
-3.9865452755905513
0
LINE
8
BLACK
6
CONTINUOUS
10
6.1592274803149607
20
-3.9865452755905513
11
6.1591868897637791
21
-3.9866432283464568
0
LINE
8
BLACK
6
CONTINUOUS
10
6.1591868897637791
20
-3.9866432283464568
11
6.1591793700787401
21
-3.9867491338582677
0
LINE
8
BLACK
6
CONTINUOUS
10
6.1591793700787401
20
-3.9867491338582677
11
6.1589310236220474
21
-3.9872608661417321
0
LINE
8
BLACK
6
CONTINUOUS
10
6.1589310236220474
20
-3.9872608661417321
11
6.1587865748031492
21
-3.9876096850393701
0
LINE
8
BLACK
6
CONTINUOUS
10
6.1587865748031492
20
-3.9876096850393701
11
6.1587384645669294
21
-3.9876577559055115
0
LINE
8
BLACK
6
CONTINUOUS
10
6.1587384645669294
20
-3.9876577559055115
11
6.157097716535433
21
-3.9910392519685041
0
LINE
8
BLACK
6
CONTINUOUS
10
6.157097716535433
20
-3.9910392519685041
11
6.1569416141732285
21
-3.991287244094488
0
LINE
8
BLACK
6
CONTINUOUS
10
6.1569416141732285
20
-3.991287244094488
11
6.1569118110236216
21
-3.9913592125984252
0
LINE
8
BLACK
6
CONTINUOUS
10
6.1569118110236216
20
-3.9913592125984252
11
6.1568672834645666
21
-3.9914052755905511
0
LINE
8
BLACK
6
CONTINUOUS
10
6.1568672834645666
20
-3.9914052755905511
11
6.1567893700787399
21
-3.9915291338582675
0
LINE
8
BLACK
6
CONTINUOUS
10
6.1567893700787399
20
-3.9915291338582675
11
6.1565335826771648
21
-3.991750905511811
0
LINE
8
BLACK
6
CONTINUOUS
10
6.1565335826771648
20
-3.991750905511811
11
6.1546697637795278
21
-3.9936814566929133
0
LINE
8
BLACK
6
CONTINUOUS
10
6.1546697637795278
20
-3.9936814566929133
11
6.1544434251968498
21
-3.9938671653543305
0
LINE
8
BLACK
6
CONTINUOUS
10
6.1544434251968498
20
-3.9938671653543305
11
6.154392283464567
21
-3.9939261811023621
0
LINE
8
BLACK
6
CONTINUOUS
10
6.154392283464567
20
-3.9939261811023621
11
6.1543366535433073
21
-3.9939548031496064
0
LINE
8
BLACK
6
CONTINUOUS
10
6.1543366535433073
20
-3.9939548031496064
11
6.1542223228346451
21
-3.994048661417323
0
LINE
8
BLACK
6
CONTINUOUS
10
6.1542223228346451
20
-3.994048661417323
11
6.1538753937007868
21
-3.9941923228346456
0
LINE
8
BLACK
6
CONTINUOUS
10
6.1538753937007868
20
-3.9941923228346456
11
6.1501528740157481
21
-3.9961092913385827
0
LINE
8
BLACK
6
CONTINUOUS
10
6.1501528740157481
20
-3.9961092913385827
11
6.150110748031496
21
-3.9961253937007872
0
LINE
8
BLACK
6
CONTINUOUS
10
6.150110748031496
20
-3.9961253937007872
11
6.150093622047244
21
-3.9961381102362203
0
LINE
8
BLACK
6
CONTINUOUS
10
6.150093622047244
20
-3.9961381102362203
11
6.1500446062992129
21
-3.9961507086614172
0
LINE
8
BLACK
6
CONTINUOUS
10
6.1500446062992129
20
-3.9961507086614172
11
6.149612244094488
21
-3.9963161811023622
0
LINE
8
BLACK
6
CONTINUOUS
10
6.149612244094488
20
-3.9963161811023622
11
6.149321023622047
21
-3.9963368503937007
0
LINE
8
BLACK
6
CONTINUOUS
10
6.149321023622047
20
-3.9963368503937007
11
6.1420494488188977
21
-3.9982076377952755
0
LINE
8
BLACK
6
CONTINUOUS
10
6.1420494488188977
20
-3.9982076377952755
11
6.1419495669291333
21
-3.9982224015748029
0
LINE
8
BLACK
6
CONTINUOUS
10
6.1419495669291333
20
-3.9982224015748029
11
6.1419093700787402
21
-3.99823905511811
0
LINE
8
BLACK
6
CONTINUOUS
10
6.1419093700787402
20
-3.99823905511811
11
6.1418339763779528
21
-3.9982394488188975
0
LINE
8
BLACK
6
CONTINUOUS
10
6.1418339763779528
20
-3.9982394488188975
11
6.1414768503937003
21
-3.9982922834645667
0
LINE
8
BLACK
6
CONTINUOUS
10
6.1414768503937003
20
-3.9982922834645667
11
6.1411482677165354
21
-3.9982433858267714
0
LINE
8
BLACK
6
CONTINUOUS
10
6.1411482677165354
20
-3.9982433858267714
11
6.1319594881889765
21
-3.9982957874015748
0
LINE
8
BLACK
6
CONTINUOUS
10
6.1319594881889765
20
-3.9982957874015748
11
6.1318589370078742
21
-3.9982858661417322
0
LINE
8
BLACK
6
CONTINUOUS
10
6.1318589370078742
20
-3.9982858661417322
11
6.1318159448818896
21
-3.9982922834645667
0
LINE
8
BLACK
6
CONTINUOUS
10
6.1318159448818896
20
-3.9982922834645667
11
6.1317422440944878
21
-3.99827437007874
0
LINE
8
BLACK
6
CONTINUOUS
10
6.1317422440944878
20
-3.99827437007874
11
6.1313834251968506
21
-3.99823905511811
0
LINE
8
BLACK
6
CONTINUOUS
10
6.1313834251968506
20
-3.99823905511811
11
6.1310814960629916
21
-3.9981139763779527
0
LINE
8
BLACK
6
CONTINUOUS
10
6.1310814960629916
20
-3.9981139763779527
11
6.1237442913385829
21
-3.996332874015748
0
LINE
8
BLACK
6
CONTINUOUS
10
6.1237442913385829
20
-3.996332874015748
11
6.1237017716535433
21
-3.9963176771653544
0
LINE
8
BLACK
6
CONTINUOUS
10
6.1237017716535433
20
-3.9963176771653544
11
6.1236805118110231
21
-3.9963161811023622
0
LINE
8
BLACK
6
CONTINUOUS
10
6.1236805118110231
20
-3.9963161811023622
11
6.1236328346456688
21
-3.9962930314960627
0
LINE
8
BLACK
6
CONTINUOUS
10
6.1236328346456688
20
-3.9962930314960627
11
6.1231991732283459
21
-3.9961381102362203
0
LINE
8
BLACK
6
CONTINUOUS
10
6.1231991732283459
20
-3.9961381102362203
11
6.1229822047244093
21
-3.9959773622047243
0
LINE
8
BLACK
6
CONTINUOUS
10
6.1229822047244093
20
-3.9959773622047243
11
6.1193903937007876
21
-3.9942345275590552
0
LINE
8
BLACK
6
CONTINUOUS
10
6.1193903937007876
20
-3.9942345275590552
11
6.1191423622047241
21
-3.9940784251968502
0
LINE
8
BLACK
6
CONTINUOUS
10
6.1191423622047241
20
-3.9940784251968502
11
6.1190704330708661
21
-3.9940486220472442
0
LINE
8
BLACK
6
CONTINUOUS
10
6.1190704330708661
20
-3.9940486220472442
11
6.1190243307086609
21
-3.9940040944881887
0
LINE
8
BLACK
6
CONTINUOUS
10
6.1190243307086609
20
-3.9940040944881887
11
6.1189005118110238
21
-3.9939261811023621
0
LINE
8
BLACK
6
CONTINUOUS
10
6.1189005118110238
20
-3.9939261811023621
11
6.1186787401574803
21
-3.9936704724409449
0
LINE
8
BLACK
6
CONTINUOUS
10
6.1186787401574803
20
-3.9936704724409449
11
6.1167482283464567
21
-3.991806653543307
0
LINE
8
BLACK
6
CONTINUOUS
10
6.1167482283464567
20
-3.991806653543307
11
6.1165624409448816
21
-3.9915802755905512
0
LINE
8
BLACK
6
CONTINUOUS
10
6.1165624409448816
20
-3.9915802755905512
11
6.1165034645669287
21
-3.9915291338582675
0
LINE
8
BLACK
6
CONTINUOUS
10
6.1165034645669287
20
-3.9915291338582675
11
6.1164748031496066
21
-3.991473464566929
0
LINE
8
BLACK
6
CONTINUOUS
10
6.1164748031496066
20
-3.991473464566929
11
6.1163810236220471
21
-3.9913592125984252
0
LINE
8
BLACK
6
CONTINUOUS
10
6.1163810236220471
20
-3.9913592125984252
11
6.1162373622047239
21
-3.9910124015748032
0
LINE
8
BLACK
6
CONTINUOUS
10
6.1162373622047239
20
-3.9910124015748032
11
6.1143203543307081
21
-3.9872897244094485
0
LINE
8
BLACK
6
CONTINUOUS
10
6.1143203543307081
20
-3.9872897244094485
11
6.1141134645669286
21
-3.9867490944881889
0
LINE
8
BLACK
6
CONTINUOUS
10
6.1141134645669286
20
-3.9867490944881889
11
6.1141059448818895
21
-3.9866432677165355
0
LINE
8
BLACK
6
CONTINUOUS
10
6.1141059448818895
20
-3.9866432677165355
11
6.1140653543307089
21
-3.9865452755905513
0
LINE
8
BLACK
6
CONTINUOUS
10
6.1140653543307089
20
-3.9865452755905513
11
6.1140577165354326
21
-3.985964803149606
0
LINE
8
BLACK
6
CONTINUOUS
10
6.1140577165354326
20
-3.985964803149606
11
6.1140318110236223
21
-3.9855998818897636
0
LINE
8
BLACK
6
CONTINUOUS
10
6.1140318110236223
20
-3.9855998818897636
11
6.1140521259842515
21
-3.9855388188976377
0
LINE
8
BLACK
6
CONTINUOUS
10
6.1140521259842515
20
-3.9855388188976377
11
6.114008622047244
21
-3.9822196850393698
0
LINE
8
BLACK
6
CONTINUOUS
10
6.114008622047244
20
-3.9822196850393698
11
6.1140653543307089
21
-3.981643622047244
0
LINE
8
BLACK
6
CONTINUOUS
10
6.1140653543307089
20
-3.981643622047244
11
6.1141059448818895
21
-3.981545590551181
0
LINE
8
BLACK
6
CONTINUOUS
10
6.1141059448818895
20
-3.981545590551181
11
6.1141134645669286
21
-3.9814398031496063
0
LINE
8
BLACK
6
CONTINUOUS
10
6.1141134645669286
20
-3.9814398031496063
11
6.1143616535433072
21
-3.9809282283464564
0
LINE
8
BLACK
6
CONTINUOUS
10
6.1143616535433072
20
-3.9809282283464564
11
6.1145062598425195
21
-3.9805792125984252
0
LINE
8
BLACK
6
CONTINUOUS
10
6.1145062598425195
20
-3.9805792125984252
11
6.1145543700787401
21
-3.9805310629921258
0
LINE
8
BLACK
6
CONTINUOUS
10
6.1145543700787401
20
-3.9805310629921258
11
6.1161951181102356
21
-3.9771496456692912
0
LINE
8
BLACK
6
CONTINUOUS
10
6.1161951181102356
20
-3.9771496456692912
11
6.1163511811023623
21
-3.9769016141732281
0
LINE
8
BLACK
6
CONTINUOUS
10
6.1163511811023623
20
-3.9769016141732281
11
6.1163810236220471
21
-3.9768296850393701
0
LINE
8
BLACK
6
CONTINUOUS
10
6.1163810236220471
20
-3.9768296850393701
11
6.1164255118110233
21
-3.9767835826771654
0
LINE
8
BLACK
6
CONTINUOUS
10
6.1164255118110233
20
-3.9767835826771654
11
6.1165034645669287
21
-3.9766597637795273
0
LINE
8
BLACK
6
CONTINUOUS
10
6.1165034645669287
20
-3.9766597637795273
11
6.1167591338582676
21
-3.9764379921259843
0
LINE
8
BLACK
6
CONTINUOUS
10
6.1167591338582676
20
-3.9764379921259843
11
6.1186229921259843
21
-3.9745074803149607
0
LINE
8
BLACK
6
CONTINUOUS
10
6.1186229921259843
20
-3.9745074803149607
11
6.1188493307086613
21
-3.9743216929133856
0
LINE
8
BLACK
6
CONTINUOUS
10
6.1188493307086613
20
-3.9743216929133856
11
6.1189005118110238
21
-3.9742627165354332
0
LINE
8
BLACK
6
CONTINUOUS
10
6.1189005118110238
20
-3.9742627165354332
11
6.1189561417322835
21
-3.9742340551181101
0
LINE
8
BLACK
6
CONTINUOUS
10
6.1189561417322835
20
-3.9742340551181101
11
6.1190704330708661
21
-3.9741402755905511
0
LINE
8
BLACK
6
CONTINUOUS
10
6.1190704330708661
20
-3.9741402755905511
11
6.1194172834645668
21
-3.9739965748031496
0
LINE
8
BLACK
6
CONTINUOUS
10
6.1194172834645668
20
-3.9739965748031496
11
6.1231399212598427
21
-3.9720796062992125
0
LINE
8
BLACK
6
CONTINUOUS
10
6.1231399212598427
20
-3.9720796062992125
11
6.123182007874016
21
-3.9720634645669288
0
LINE
8
BLACK
6
CONTINUOUS
10
6.123182007874016
20
-3.9720634645669288
11
6.1231991732283459
21
-3.9720507874015749
0
LINE
8
BLACK
6
CONTINUOUS
10
6.1231991732283459
20
-3.9720507874015749
11
6.1232481102362204
21
-3.9720381889763781
0
LINE
8
BLACK
6
CONTINUOUS
10
6.1232481102362204
20
-3.9720381889763781
11
6.1236805118110231
21
-3.9718727165354331
0
LINE
8
BLACK
6
CONTINUOUS
10
6.1236805118110231
20
-3.9718727165354331
11
6.1239717322834641
21
-3.9718520078740158
0
LINE
8
BLACK
6
CONTINUOUS
10
6.1239717322834641
20
-3.9718520078740158
11
6.1312433464566931
21
-3.9699812598425197
0
LINE
8
BLACK
6
CONTINUOUS
10
6.1312433464566931
20
-3.9699812598425197
11
6.1313431889763779
21
-3.9699664566929131
0
LINE
8
BLACK
6
CONTINUOUS
10
6.1313431889763779
20
-3.9699664566929131
11
6.1313834251968506
21
-3.9699498425196849
0
LINE
8
BLACK
6
CONTINUOUS
10
6.1313834251968506
20
-3.9699498425196849
11
6.1314587795275592
21
-3.969949409448819
0
LINE
8
BLACK
6
CONTINUOUS
10
6.1314587795275592
20
-3.969949409448819
11
6.1318159448818896
21
-3.9698966141732281
0
LINE
8
BLACK
6
CONTINUOUS
10
6.1318159448818896
20
-3.9698966141732281
11
6.1321444881889766
21
-3.9699454724409446
0
LINE
8
BLACK
6
CONTINUOUS
10
6.1321444881889766
20
-3.9699454724409446
11
6.1413333070866143
21
-3.9698931102362205
0
LINE
8
BLACK
6
CONTINUOUS
10
6.1413333070866143
20
-3.9698931102362205
11
6.1414338188976378
21
-3.9699029921259843
0
LINE
8
BLACK
6
CONTINUOUS
10
6.132124724409449
20
-3.975797677165354
11
6.1252990551181101
21
-3.9775537007874013
0
LINE
8
BLACK
6
CONTINUOUS
10
6.1252990551181101
20
-3.9775537007874013
11
6.1223667322834645
21
-3.9790637007874015
0
LINE
8
BLACK
6
CONTINUOUS
10
6.1223667322834645
20
-3.9790637007874015
11
6.1211760236220467
21
-3.9802970472440946
0
LINE
8
BLACK
6
CONTINUOUS
10
6.1211760236220467
20
-3.9802970472440946
11
6.1198748818897633
21
-3.9829785433070866
0
LINE
8
BLACK
6
CONTINUOUS
10
6.1198748818897633
20
-3.9829785433070866
11
6.1199059448818893
21
-3.9853470866141731
0
LINE
8
BLACK
6
CONTINUOUS
10
6.1199059448818893
20
-3.9853470866141731
11
6.1213044488188979
21
-3.988062874015748
0
LINE
8
BLACK
6
CONTINUOUS
10
6.1213044488188979
20
-3.988062874015748
11
6.1225378346456694
21
-3.9892536220472441
0
LINE
8
BLACK
6
CONTINUOUS
10
6.1225378346456694
20
-3.9892536220472441
11
6.1256880708661416
21
-3.9907821653543305
0
LINE
8
BLACK
6
CONTINUOUS
10
6.1256880708661416
20
-3.9907821653543305
11
6.1325194881889766
21
-3.9924405118110236
0
LINE
8
BLACK
6
CONTINUOUS
10
6.1325194881889766
20
-3.9924405118110236
11
6.1411680314960631
21
-3.992391181102362
0
LINE
8
BLACK
6
CONTINUOUS
10
6.1411680314960631
20
-3.992391181102362
11
6.147993700787401
21
-3.9906351574803147
0
LINE
8
BLACK
6
CONTINUOUS
10
6.147993700787401
20
-3.9906351574803147
11
6.1509260236220475
21
-3.9891251181102363
0
LINE
8
BLACK
6
CONTINUOUS
10
6.1509260236220475
20
-3.9891251181102363
11
6.152116811023622
21
-3.9878917716535431
0
LINE
8
BLACK
6
CONTINUOUS
10
6.152116811023622
20
-3.9878917716535431
11
6.1534179133858267
21
-3.9852103149606299
0
LINE
8
BLACK
6
CONTINUOUS
10
6.1534179133858267
20
-3.9852103149606299
11
6.1533868503937006
21
-3.9828417716535434
0
LINE
8
BLACK
6
CONTINUOUS
10
6.1533868503937006
20
-3.9828417716535434
11
6.1519883464566929
21
-3.9801260236220473
0
LINE
8
BLACK
6
CONTINUOUS
10
6.1519883464566929
20
-3.9801260236220473
11
6.1507549606299214
21
-3.9789352755905512
0
LINE
8
BLACK
6
CONTINUOUS
10
6.1507549606299214
20
-3.9789352755905512
11
6.1476046850393695
21
-3.9774066929133856
0
LINE
8
BLACK
6
CONTINUOUS
10
6.1476046850393695
20
-3.9774066929133856
11
6.1407732677165354
21
-3.9757483464566929
0
LINE
8
BLACK
6
CONTINUOUS
10
6.1407732677165354
20
-3.9757483464566929
11
6.132124724409449
21
-3.975797677165354
0
LINE
8
BLACK
6
CONTINUOUS
10
4.5382387795275587
20
-3.9329232283464566
11
4.5387972834645671
21
-3.9329232283464566
0
LINE
8
BLACK
6
CONTINUOUS
10
4.5387972834645671
20
-3.9329232283464566
11
4.5388142125984254
21
-3.9329302362204723
0
LINE
8
BLACK
6
CONTINUOUS
10
4.5388142125984254
20
-3.9329302362204723
11
4.5388325196850392
21
-3.9329304724409448
0
LINE
8
BLACK
6
CONTINUOUS
10
4.5388325196850392
20
-3.9329304724409448
11
4.5394068897637796
21
-3.9331757480314962
0
LINE
8
BLACK
6
CONTINUOUS
10
4.5394068897637796
20
-3.9331757480314962
11
4.5398616929133855
21
-3.9333641338582677
0
LINE
8
BLACK
6
CONTINUOUS
10
4.5398616929133855
20
-3.9333641338582677
11
4.539871850393701
21
-3.9333742913385827
0
LINE
8
BLACK
6
CONTINUOUS
10
4.539871850393701
20
-3.9333742913385827
11
4.5787544488188976
21
-3.9499781102362204
0
LINE
8
BLACK
6
CONTINUOUS
10
4.5787544488188976
20
-3.9499781102362204
11
4.5792615748031498
21
-3.9502571653543308
0
LINE
8
BLACK
6
CONTINUOUS
10
4.5792615748031498
20
-3.9502571653543308
11
4.5800662204724407
21
-3.9510817322834644
0
LINE
8
BLACK
6
CONTINUOUS
10
4.5800662204724407
20
-3.9510817322834644
11
4.5804940944881887
21
-3.9521514173228347
0
LINE
8
BLACK
6
CONTINUOUS
10
4.5804940944881887
20
-3.9521514173228347
11
4.5804800787401572
21
-3.9533034251968502
0
LINE
8
BLACK
6
CONTINUOUS
10
4.5804800787401572
20
-3.9533034251968502
11
4.5800262204724405
21
-3.9543624015748029
0
LINE
8
BLACK
6
CONTINUOUS
10
4.5800262204724405
20
-3.9543624015748029
11
4.5792016929133856
21
-3.955167086614173
0
LINE
8
BLACK
6
CONTINUOUS
10
4.5792016929133856
20
-3.955167086614173
11
4.5781320078740153
21
-3.955594960629921
0
LINE
8
BLACK
6
CONTINUOUS
10
4.5781320078740153
20
-3.955594960629921
11
4.5769799606299211
21
-3.9555809055118107
0
LINE
8
BLACK
6
CONTINUOUS
10
4.5769799606299211
20
-3.9555809055118107
11
4.5411278740157481
21
-3.9402711417322833
0
LINE
8
BLACK
6
CONTINUOUS
10
4.5411278740157481
20
-3.9402711417322833
11
4.5411739763779524
21
-3.9620659448818896
0
LINE
8
BLACK
6
CONTINUOUS
10
4.5411739763779524
20
-3.9620659448818896
11
4.5411172440944885
21
-3.9626420078740154
0
LINE
8
BLACK
6
CONTINUOUS
10
4.5411172440944885
20
-3.9626420078740154
11
4.5406763385826769
21
-3.9637064173228347
0
LINE
8
BLACK
6
CONTINUOUS
10
4.5406763385826769
20
-3.9637064173228347
11
4.5398616929133855
21
-3.9645210629921257
0
LINE
8
BLACK
6
CONTINUOUS
10
4.5398616929133855
20
-3.9645210629921257
11
4.5387972834645671
21
-3.9649619685039368
0
LINE
8
BLACK
6
CONTINUOUS
10
4.5387972834645671
20
-3.9649619685039368
11
4.5376451574803145
21
-3.9649619685039368
0
LINE
8
BLACK
6
CONTINUOUS
10
4.5376451574803145
20
-3.9649619685039368
11
4.5365807480314961
21
-3.9645210629921257
0
LINE
8
BLACK
6
CONTINUOUS
10
4.5365807480314961
20
-3.9645210629921257
11
4.5357661023622047
21
-3.9637064173228347
0
LINE
8
BLACK
6
CONTINUOUS
10
4.5357661023622047
20
-3.9637064173228347
11
4.535325196850394
21
-3.9626420078740154
0
LINE
8
BLACK
6
CONTINUOUS
10
4.535325196850394
20
-3.9626420078740154
11
4.5352684645669292
21
-3.9358192519685038
0
LINE
8
BLACK
6
CONTINUOUS
10
4.5352684645669292
20
-3.9358192519685038
11
4.535325196850394
21
-3.9352431889763779
0
LINE
8
BLACK
6
CONTINUOUS
10
4.535325196850394
20
-3.9352431889763779
11
4.5353322047244093
21
-3.9352262204724409
0
LINE
8
BLACK
6
CONTINUOUS
10
4.5353322047244093
20
-3.9352262204724409
11
4.5353324409448819
21
-3.9352079527559054
0
LINE
8
BLACK
6
CONTINUOUS
10
4.5353324409448819
20
-3.9352079527559054
11
4.5355524409448815
21
-3.934694527559055
0
LINE
8
BLACK
6
CONTINUOUS
10
4.5355524409448815
20
-3.934694527559055
11
4.5357661023622047
21
-3.9341787795275591
0
LINE
8
BLACK
6
CONTINUOUS
10
4.5357661023622047
20
-3.9341787795275591
11
4.5357790157480311
21
-3.9341658267716535
0
LINE
8
BLACK
6
CONTINUOUS
10
4.5357790157480311
20
-3.9341658267716535
11
4.5357862598425198
21
-3.9341489763779527
0
LINE
8
BLACK
6
CONTINUOUS
10
4.5357862598425198
20
-3.9341489763779527
11
4.5361862598425198
21
-3.9337585826771653
0
LINE
8
BLACK
6
CONTINUOUS
10
4.5361862598425198
20
-3.9337585826771653
11
4.5365807480314961
21
-3.9333641338582677
0
LINE
8
BLACK
6
CONTINUOUS
10
4.5365807480314961
20
-3.9333641338582677
11
4.5365976771653544
21
-3.9333570866141732
0
LINE
8
BLACK
6
CONTINUOUS
10
4.5365976771653544
20
-3.9333570866141732
11
4.5366108267716534
21
-3.9333442913385825
0
LINE
8
BLACK
6
CONTINUOUS
10
4.5366108267716534
20
-3.9333442913385825
11
4.5371298031496066
21
-3.9331366535433072
0
LINE
8
BLACK
6
CONTINUOUS
10
4.5371298031496066
20
-3.9331366535433072
11
4.5376451574803145
21
-3.9329232283464566
0
LINE
8
BLACK
6
CONTINUOUS
10
4.5376451574803145
20
-3.9329232283464566
11
4.5376635039370079
21
-3.9329232283464566
0
LINE
8
BLACK
6
CONTINUOUS
10
4.5376635039370079
20
-3.9329232283464566
11
4.5376805118110237
21
-3.9329164173228346
0
LINE
8
BLACK
6
CONTINUOUS
10
4.5376805118110237
20
-3.9329164173228346
11
4.5382387795275587
21
-3.9329232283464566
0
LINE
8
BLACK
6
CONTINUOUS
10
6.1414338188976378
20
-3.9324076771653544
11
6.1414768503937003
21
-3.9324012992125983
0
LINE
8
BLACK
6
CONTINUOUS
10
6.1414768503937003
20
-3.9324012992125983
11
6.1415505118110234
21
-3.9324191732283462
0
LINE
8
BLACK
6
CONTINUOUS
10
6.1415505118110234
20
-3.9324191732283462
11
6.1419093700787402
21
-3.932454527559055
0
LINE
8
BLACK
6
CONTINUOUS
10
6.1419093700787402
20
-3.932454527559055
11
6.1422112598425196
21
-3.9325795669291339
0
LINE
8
BLACK
6
CONTINUOUS
10
6.1422112598425196
20
-3.9325795669291339
11
6.1495485039370079
21
-3.9343607086614174
0
LINE
8
BLACK
6
CONTINUOUS
10
6.1495485039370079
20
-3.9343607086614174
11
6.1495909842519687
21
-3.9343758661417323
0
LINE
8
BLACK
6
CONTINUOUS
10
6.1495909842519687
20
-3.9343758661417323
11
6.149612244094488
21
-3.9343774015748032
0
LINE
8
BLACK
6
CONTINUOUS
10
6.149612244094488
20
-3.9343774015748032
11
6.1496597637795274
21
-3.934400433070866
0
LINE
8
BLACK
6
CONTINUOUS
10
6.1496597637795274
20
-3.934400433070866
11
6.150093622047244
21
-3.9345554724409446
0
LINE
8
BLACK
6
CONTINUOUS
10
6.150093622047244
20
-3.9345554724409446
11
6.1503105905511806
21
-3.9347162598425194
0
LINE
8
BLACK
6
CONTINUOUS
10
6.1503105905511806
20
-3.9347162598425194
11
6.1539024015748032
21
-3.9364590551181102
0
LINE
8
BLACK
6
CONTINUOUS
10
6.1539024015748032
20
-3.9364590551181102
11
6.1541502755905508
21
-3.9366150787401573
0
LINE
8
BLACK
6
CONTINUOUS
10
6.1541502755905508
20
-3.9366150787401573
11
6.1542223228346451
21
-3.9366449212598424
0
LINE
8
BLACK
6
CONTINUOUS
10
6.1542223228346451
20
-3.9366449212598424
11
6.1542684251968502
21
-3.9366894488188975
0
LINE
8
BLACK
6
CONTINUOUS
10
6.1542684251968502
20
-3.9366894488188975
11
6.154392283464567
21
-3.9367674015748029
0
LINE
8
BLACK
6
CONTINUOUS
10
6.154392283464567
20
-3.9367674015748029
11
6.154613976377953
21
-3.937023031496063
0
LINE
8
BLACK
6
CONTINUOUS
10
6.154613976377953
20
-3.937023031496063
11
6.1565445669291341
21
-3.9388868897637797
0
LINE
8
BLACK
6
CONTINUOUS
10
6.1565445669291341
20
-3.9388868897637797
11
6.1567303149606296
21
-3.9391132283464567
0
LINE
8
BLACK
6
CONTINUOUS
10
6.1567303149606296
20
-3.9391132283464567
11
6.1567893700787399
21
-3.9391644488188975
0
LINE
8
BLACK
6
CONTINUOUS
10
6.1567893700787399
20
-3.9391644488188975
11
6.1568179921259842
21
-3.9392200787401572
0
LINE
8
BLACK
6
CONTINUOUS
10
6.1568179921259842
20
-3.9392200787401572
11
6.1569118110236216
21
-3.9393343700787402
0
LINE
8
BLACK
6
CONTINUOUS
10
6.1569118110236216
20
-3.9393343700787402
11
6.1570554724409448
21
-3.939681220472441
0
LINE
8
BLACK
6
CONTINUOUS
10
6.1570554724409448
20
-3.939681220472441
11
6.1589724803149606
21
-3.9434038582677164
0
LINE
8
BLACK
6
CONTINUOUS
10
6.1589724803149606
20
-3.9434038582677164
11
6.1591793700787401
21
-3.9439444488188977
0
LINE
8
BLACK
6
CONTINUOUS
10
6.1591793700787401
20
-3.9439444488188977
11
6.1591868897637791
21
-3.9440503149606299
0
LINE
8
BLACK
6
CONTINUOUS
10
6.1591868897637791
20
-3.9440503149606299
11
6.1592274803149607
21
-3.9441483070866141
0
LINE
8
BLACK
6
CONTINUOUS
10
6.1592274803149607
20
-3.9441483070866141
11
6.1592350787401573
21
-3.9447286614173227
0
LINE
8
BLACK
6
CONTINUOUS
10
6.1592350787401573
20
-3.9447286614173227
11
6.1592610236220473
21
-3.9450936614173227
0
LINE
8
BLACK
6
CONTINUOUS
10
6.1592610236220473
20
-3.9450936614173227
11
6.1592406692913384
21
-3.9451546850393702
0
LINE
8
BLACK
6
CONTINUOUS
10
6.1592406692913384
20
-3.9451546850393702
11
6.1592842125984246
21
-3.9484738976377951
0
LINE
8
BLACK
6
CONTINUOUS
10
6.1592842125984246
20
-3.9484738976377951
11
6.1592274803149607
21
-3.949049960629921
0
LINE
8
BLACK
6
CONTINUOUS
10
6.1592274803149607
20
-3.949049960629921
11
6.1591868897637791
21
-3.9491479133858265
0
LINE
8
BLACK
6
CONTINUOUS
10
6.1591868897637791
20
-3.9491479133858265
11
6.1591793700787401
21
-3.9492538188976378
0
LINE
8
BLACK
6
CONTINUOUS
10
6.1591793700787401
20
-3.9492538188976378
11
6.1589310236220474
21
-3.9497655511811023
0
LINE
8
BLACK
6
CONTINUOUS
10
6.1589310236220474
20
-3.9497655511811023
11
6.1587865748031492
21
-3.9501143700787402
0
LINE
8
BLACK
6
CONTINUOUS
10
6.1587865748031492
20
-3.9501143700787402
11
6.1587384645669294
21
-3.9501624409448817
0
LINE
8
BLACK
6
CONTINUOUS
10
6.1587384645669294
20
-3.9501624409448817
11
6.157097716535433
21
-3.9535439370078738
0
LINE
8
BLACK
6
CONTINUOUS
10
6.157097716535433
20
-3.9535439370078738
11
6.1569416141732285
21
-3.9537919291338581
0
LINE
8
BLACK
6
CONTINUOUS
10
6.1569416141732285
20
-3.9537919291338581
11
6.1569118110236216
21
-3.9538638976377953
0
LINE
8
BLACK
6
CONTINUOUS
10
6.1569118110236216
20
-3.9538638976377953
11
6.1568672834645666
21
-3.9539099606299213
0
LINE
8
BLACK
6
CONTINUOUS
10
6.1568672834645666
20
-3.9539099606299213
11
6.1567893700787399
21
-3.9540338188976376
0
LINE
8
BLACK
6
CONTINUOUS
10
6.1567893700787399
20
-3.9540338188976376
11
6.1565335826771648
21
-3.9542555905511811
0
LINE
8
BLACK
6
CONTINUOUS
10
6.1565335826771648
20
-3.9542555905511811
11
6.1546697637795278
21
-3.9561861417322834
0
LINE
8
BLACK
6
CONTINUOUS
10
6.1546697637795278
20
-3.9561861417322834
11
6.1544434251968498
21
-3.9563718503937007
0
LINE
8
BLACK
6
CONTINUOUS
10
6.1544434251968498
20
-3.9563718503937007
11
6.154392283464567
21
-3.9564308661417322
0
LINE
8
BLACK
6
CONTINUOUS
10
6.154392283464567
20
-3.9564308661417322
11
6.1543366535433073
21
-3.9564594881889761
0
LINE
8
BLACK
6
CONTINUOUS
10
6.1543366535433073
20
-3.9564594881889761
11
6.1542223228346451
21
-3.9565533464566927
0
LINE
8
BLACK
6
CONTINUOUS
10
6.1542223228346451
20
-3.9565533464566927
11
6.1538753937007868
21
-3.9566970078740158
0
LINE
8
BLACK
6
CONTINUOUS
10
6.1538753937007868
20
-3.9566970078740158
11
6.1501528740157481
21
-3.9586139763779529
0
LINE
8
BLACK
6
CONTINUOUS
10
6.1501528740157481
20
-3.9586139763779529
11
6.150110748031496
21
-3.9586300787401574
0
LINE
8
BLACK
6
CONTINUOUS
10
6.150110748031496
20
-3.9586300787401574
11
6.150093622047244
21
-3.9586427952755905
0
LINE
8
BLACK
6
CONTINUOUS
10
6.150093622047244
20
-3.9586427952755905
11
6.1500446062992129
21
-3.9586553937007873
0
LINE
8
BLACK
6
CONTINUOUS
10
6.1500446062992129
20
-3.9586553937007873
11
6.149612244094488
21
-3.9588208661417323
0
LINE
8
BLACK
6
CONTINUOUS
10
6.149612244094488
20
-3.9588208661417323
11
6.149321023622047
21
-3.9588415354330708
0
LINE
8
BLACK
6
CONTINUOUS
10
6.149321023622047
20
-3.9588415354330708
11
6.1420494488188977
21
-3.9607123228346457
0
LINE
8
BLACK
6
CONTINUOUS
10
6.1420494488188977
20
-3.9607123228346457
11
6.1419495669291333
21
-3.9607270866141731
0
LINE
8
BLACK
6
CONTINUOUS
10
6.1419495669291333
20
-3.9607270866141731
11
6.1419093700787402
21
-3.9607437401574801
0
LINE
8
BLACK
6
CONTINUOUS
10
6.1419093700787402
20
-3.9607437401574801
11
6.1418339763779528
21
-3.9607441338582676
0
LINE
8
BLACK
6
CONTINUOUS
10
6.1418339763779528
20
-3.9607441338582676
11
6.1414768503937003
21
-3.9607969685039368
0
LINE
8
BLACK
6
CONTINUOUS
10
6.1414768503937003
20
-3.9607969685039368
11
6.1411482677165354
21
-3.9607480708661416
0
LINE
8
BLACK
6
CONTINUOUS
10
6.1411482677165354
20
-3.9607480708661416
11
6.1319594881889765
21
-3.9608004724409449
0
LINE
8
BLACK
6
CONTINUOUS
10
6.1319594881889765
20
-3.9608004724409449
11
6.1318589370078742
21
-3.9607905511811023
0
LINE
8
BLACK
6
CONTINUOUS
10
6.1318589370078742
20
-3.9607905511811023
11
6.1318159448818896
21
-3.9607969685039368
0
LINE
8
BLACK
6
CONTINUOUS
10
6.1318159448818896
20
-3.9607969685039368
11
6.1317422440944878
21
-3.9607790551181101
0
LINE
8
BLACK
6
CONTINUOUS
10
6.1317422440944878
20
-3.9607790551181101
11
6.1313834251968506
21
-3.9607437401574801
0
LINE
8
BLACK
6
CONTINUOUS
10
6.1313834251968506
20
-3.9607437401574801
11
6.1310814960629916
21
-3.9606186614173229
0
LINE
8
BLACK
6
CONTINUOUS
10
6.1310814960629916
20
-3.9606186614173229
11
6.1237442913385829
21
-3.9588375590551181
0
LINE
8
BLACK
6
CONTINUOUS
10
6.1237442913385829
20
-3.9588375590551181
11
6.1237017716535433
21
-3.9588223622047245
0
LINE
8
BLACK
6
CONTINUOUS
10
6.1237017716535433
20
-3.9588223622047245
11
6.1236805118110231
21
-3.9588208661417323
0
LINE
8
BLACK
6
CONTINUOUS
10
6.1236805118110231
20
-3.9588208661417323
11
6.1236328346456688
21
-3.9587977165354329
0
LINE
8
BLACK
6
CONTINUOUS
10
6.1236328346456688
20
-3.9587977165354329
11
6.1231991732283459
21
-3.9586427952755905
0
LINE
8
BLACK
6
CONTINUOUS
10
6.1231991732283459
20
-3.9586427952755905
11
6.1229822047244093
21
-3.9584820472440945
0
LINE
8
BLACK
6
CONTINUOUS
10
6.1229822047244093
20
-3.9584820472440945
11
6.1193903937007876
21
-3.9567392125984253
0
LINE
8
BLACK
6
CONTINUOUS
10
6.1193903937007876
20
-3.9567392125984253
11
6.1191423622047241
21
-3.9565831102362203
0
LINE
8
BLACK
6
CONTINUOUS
10
6.1191423622047241
20
-3.9565831102362203
11
6.1190704330708661
21
-3.9565533070866139
0
LINE
8
BLACK
6
CONTINUOUS
10
6.1190704330708661
20
-3.9565533070866139
11
6.1190243307086609
21
-3.9565087795275589
0
LINE
8
BLACK
6
CONTINUOUS
10
6.1190243307086609
20
-3.9565087795275589
11
6.1189005118110238
21
-3.9564308661417322
0
LINE
8
BLACK
6
CONTINUOUS
10
6.1189005118110238
20
-3.9564308661417322
11
6.1186787401574803
21
-3.956175157480315
0
LINE
8
BLACK
6
CONTINUOUS
10
6.1186787401574803
20
-3.956175157480315
11
6.1167482283464567
21
-3.9543113385826771
0
LINE
8
BLACK
6
CONTINUOUS
10
6.1167482283464567
20
-3.9543113385826771
11
6.1165624409448816
21
-3.9540849606299213
0
LINE
8
BLACK
6
CONTINUOUS
10
6.1165624409448816
20
-3.9540849606299213
11
6.1165034645669287
21
-3.9540338188976376
0
LINE
8
BLACK
6
CONTINUOUS
10
6.1165034645669287
20
-3.9540338188976376
11
6.1164748031496066
21
-3.9539781496062991
0
LINE
8
BLACK
6
CONTINUOUS
10
6.1164748031496066
20
-3.9539781496062991
11
6.1163810236220471
21
-3.9538638976377953
0
LINE
8
BLACK
6
CONTINUOUS
10
6.1163810236220471
20
-3.9538638976377953
11
6.1162373622047239
21
-3.9535170866141733
0
LINE
8
BLACK
6
CONTINUOUS
10
6.1162373622047239
20
-3.9535170866141733
11
6.1143203543307081
21
-3.9497944094488187
0
LINE
8
BLACK
6
CONTINUOUS
10
6.1143203543307081
20
-3.9497944094488187
11
6.1141134645669286
21
-3.9492537795275591
0
LINE
8
BLACK
6
CONTINUOUS
10
6.1141134645669286
20
-3.9492537795275591
11
6.1141059448818895
21
-3.9491479527559052
0
LINE
8
BLACK
6
CONTINUOUS
10
6.1141059448818895
20
-3.9491479527559052
11
6.1140653543307089
21
-3.949049960629921
0
LINE
8
BLACK
6
CONTINUOUS
10
6.1140653543307089
20
-3.949049960629921
11
6.1140577165354326
21
-3.9484694881889761
0
LINE
8
BLACK
6
CONTINUOUS
10
6.1140577165354326
20
-3.9484694881889761
11
6.1140318110236223
21
-3.9481045669291337
0
LINE
8
BLACK
6
CONTINUOUS
10
6.1140318110236223
20
-3.9481045669291337
11
6.1140521259842515
21
-3.9480435039370079
0
LINE
8
BLACK
6
CONTINUOUS
10
6.1140521259842515
20
-3.9480435039370079
11
6.114008622047244
21
-3.94472437007874
0
LINE
8
BLACK
6
CONTINUOUS
10
6.114008622047244
20
-3.94472437007874
11
6.1140653543307089
21
-3.9441483070866141
0
LINE
8
BLACK
6
CONTINUOUS
10
6.1140653543307089
20
-3.9441483070866141
11
6.1141059448818895
21
-3.9440502755905511
0
LINE
8
BLACK
6
CONTINUOUS
10
6.1141059448818895
20
-3.9440502755905511
11
6.1141134645669286
21
-3.9439444881889765
0
LINE
8
BLACK
6
CONTINUOUS
10
6.1141134645669286
20
-3.9439444881889765
11
6.1143616535433072
21
-3.9434329133858266
0
LINE
8
BLACK
6
CONTINUOUS
10
6.1143616535433072
20
-3.9434329133858266
11
6.1145062598425195
21
-3.9430838976377953
0
LINE
8
BLACK
6
CONTINUOUS
10
6.1145062598425195
20
-3.9430838976377953
11
6.1145543700787401
21
-3.9430357480314959
0
LINE
8
BLACK
6
CONTINUOUS
10
6.1145543700787401
20
-3.9430357480314959
11
6.1161951181102356
21
-3.9396543307086613
0
LINE
8
BLACK
6
CONTINUOUS
10
6.1161951181102356
20
-3.9396543307086613
11
6.1163511811023623
21
-3.9394062992125982
0
LINE
8
BLACK
6
CONTINUOUS
10
6.1163511811023623
20
-3.9394062992125982
11
6.1163810236220471
21
-3.9393343700787402
0
LINE
8
BLACK
6
CONTINUOUS
10
6.1163810236220471
20
-3.9393343700787402
11
6.1164255118110233
21
-3.9392882677165355
0
LINE
8
BLACK
6
CONTINUOUS
10
6.1164255118110233
20
-3.9392882677165355
11
6.1165034645669287
21
-3.9391644488188975
0
LINE
8
BLACK
6
CONTINUOUS
10
6.1165034645669287
20
-3.9391644488188975
11
6.1167591338582676
21
-3.9389426771653544
0
LINE
8
BLACK
6
CONTINUOUS
10
6.1167591338582676
20
-3.9389426771653544
11
6.1186229921259843
21
-3.9370121653543304
0
LINE
8
BLACK
6
CONTINUOUS
10
6.1186229921259843
20
-3.9370121653543304
11
6.1188493307086613
21
-3.9368263779527557
0
LINE
8
BLACK
6
CONTINUOUS
10
6.1188493307086613
20
-3.9368263779527557
11
6.1189005118110238
21
-3.9367674015748029
0
LINE
8
BLACK
6
CONTINUOUS
10
6.1189005118110238
20
-3.9367674015748029
11
6.1189561417322835
21
-3.9367387401574803
0
LINE
8
BLACK
6
CONTINUOUS
10
6.1189561417322835
20
-3.9367387401574803
11
6.1190704330708661
21
-3.9366449606299212
0
LINE
8
BLACK
6
CONTINUOUS
10
6.1190704330708661
20
-3.9366449606299212
11
6.1194172834645668
21
-3.9365012598425198
0
LINE
8
BLACK
6
CONTINUOUS
10
6.1194172834645668
20
-3.9365012598425198
11
6.1231399212598427
21
-3.9345842913385827
0
LINE
8
BLACK
6
CONTINUOUS
10
6.1231399212598427
20
-3.9345842913385827
11
6.123182007874016
21
-3.934568149606299
0
LINE
8
BLACK
6
CONTINUOUS
10
6.123182007874016
20
-3.934568149606299
11
6.1231991732283459
21
-3.9345554724409446
0
LINE
8
BLACK
6
CONTINUOUS
10
6.1231991732283459
20
-3.9345554724409446
11
6.1232481102362204
21
-3.9345428740157478
0
LINE
8
BLACK
6
CONTINUOUS
10
6.1232481102362204
20
-3.9345428740157478
11
6.1236805118110231
21
-3.9343774015748032
0
LINE
8
BLACK
6
CONTINUOUS
10
6.1236805118110231
20
-3.9343774015748032
11
6.1239717322834641
21
-3.9343566929133855
0
LINE
8
BLACK
6
CONTINUOUS
10
6.1239717322834641
20
-3.9343566929133855
11
6.1312433464566931
21
-3.9324859448818898
0
LINE
8
BLACK
6
CONTINUOUS
10
6.1312433464566931
20
-3.9324859448818898
11
6.1313431889763779
21
-3.9324711417322833
0
LINE
8
BLACK
6
CONTINUOUS
10
6.1313431889763779
20
-3.9324711417322833
11
6.1313834251968506
21
-3.932454527559055
0
LINE
8
BLACK
6
CONTINUOUS
10
6.1313834251968506
20
-3.932454527559055
11
6.1314587795275592
21
-3.9324540944881887
0
LINE
8
BLACK
6
CONTINUOUS
10
6.1314587795275592
20
-3.9324540944881887
11
6.1318159448818896
21
-3.9324012992125983
0
LINE
8
BLACK
6
CONTINUOUS
10
6.1318159448818896
20
-3.9324012992125983
11
6.1321444881889766
21
-3.9324501574803148
0
LINE
8
BLACK
6
CONTINUOUS
10
6.1321444881889766
20
-3.9324501574803148
11
6.1413333070866143
21
-3.9323977952755906
0
LINE
8
BLACK
6
CONTINUOUS
10
6.1413333070866143
20
-3.9323977952755906
11
6.1414338188976378
21
-3.9324076771653544
0
LINE
8
BLACK
6
CONTINUOUS
10
6.132124724409449
20
-3.9383023622047242
11
6.1252990551181101
21
-3.9400583858267715
0
LINE
8
BLACK
6
CONTINUOUS
10
6.1252990551181101
20
-3.9400583858267715
11
6.1223667322834645
21
-3.9415683858267716
0
LINE
8
BLACK
6
CONTINUOUS
10
6.1223667322834645
20
-3.9415683858267716
11
6.1211760236220467
21
-3.9428017322834643
0
LINE
8
BLACK
6
CONTINUOUS
10
6.1211760236220467
20
-3.9428017322834643
11
6.1198748818897633
21
-3.9454832283464567
0
LINE
8
BLACK
6
CONTINUOUS
10
6.1198748818897633
20
-3.9454832283464567
11
6.1199059448818893
21
-3.9478517716535433
0
LINE
8
BLACK
6
CONTINUOUS
10
6.1199059448818893
20
-3.9478517716535433
11
6.1213044488188979
21
-3.9505675590551181
0
LINE
8
BLACK
6
CONTINUOUS
10
6.1213044488188979
20
-3.9505675590551181
11
6.1225378346456694
21
-3.9517583070866142
0
LINE
8
BLACK
6
CONTINUOUS
10
6.1225378346456694
20
-3.9517583070866142
11
6.1256880708661416
21
-3.9532868503937006
0
LINE
8
BLACK
6
CONTINUOUS
10
6.1256880708661416
20
-3.9532868503937006
11
6.1325194881889766
21
-3.9549451968503937
0
LINE
8
BLACK
6
CONTINUOUS
10
6.1325194881889766
20
-3.9549451968503937
11
6.1411680314960631
21
-3.9548958661417322
0
LINE
8
BLACK
6
CONTINUOUS
10
6.1411680314960631
20
-3.9548958661417322
11
6.147993700787401
21
-3.9531398425196849
0
LINE
8
BLACK
6
CONTINUOUS
10
6.147993700787401
20
-3.9531398425196849
11
6.1509260236220475
21
-3.951629803149606
0
LINE
8
BLACK
6
CONTINUOUS
10
6.1509260236220475
20
-3.951629803149606
11
6.152116811023622
21
-3.9503964566929133
0
LINE
8
BLACK
6
CONTINUOUS
10
6.152116811023622
20
-3.9503964566929133
11
6.1534179133858267
21
-3.9477150000000001
0
LINE
8
BLACK
6
CONTINUOUS
10
6.1534179133858267
20
-3.9477150000000001
11
6.1533868503937006
21
-3.9453464566929135
0
LINE
8
BLACK
6
CONTINUOUS
10
6.1533868503937006
20
-3.9453464566929135
11
6.1519883464566929
21
-3.9426307086614174
0
LINE
8
BLACK
6
CONTINUOUS
10
6.1519883464566929
20
-3.9426307086614174
11
6.1507549606299214
21
-3.9414399606299213
0
LINE
8
BLACK
6
CONTINUOUS
10
6.1507549606299214
20
-3.9414399606299213
11
6.1476046850393695
21
-3.9399113779527557
0
LINE
8
BLACK
6
CONTINUOUS
10
6.1476046850393695
20
-3.9399113779527557
11
6.1407732677165354
21
-3.9382530314960631
0
LINE
8
BLACK
6
CONTINUOUS
10
6.1407732677165354
20
-3.9382530314960631
11
6.132124724409449
21
-3.9383023622047242
0
LINE
8
BLACK
6
CONTINUOUS
10
5.0681351181102361
20
-3.6465527952755905
11
5.0691995275590553
21
-3.6469937007874016
0
LINE
8
BLACK
6
CONTINUOUS
10
5.0691995275590553
20
-3.6469937007874016
11
5.0700141732283459
21
-3.6478083464566931
0
LINE
8
BLACK
6
CONTINUOUS
10
5.0700141732283459
20
-3.6478083464566931
11
5.0704550787401574
21
-3.6488727559055119
0
LINE
8
BLACK
6
CONTINUOUS
10
5.0704550787401574
20
-3.6488727559055119
11
5.0704550787401574
21
-3.6500248818897636
0
LINE
8
BLACK
6
CONTINUOUS
10
5.0704550787401574
20
-3.6500248818897636
11
5.0700141732283459
21
-3.6510892913385824
0
LINE
8
BLACK
6
CONTINUOUS
10
5.0700141732283459
20
-3.6510892913385824
11
5.0691995275590553
21
-3.6519039370078739
0
LINE
8
BLACK
6
CONTINUOUS
10
5.0691995275590553
20
-3.6519039370078739
11
5.0681351181102361
21
-3.6523448425196849
0
LINE
8
BLACK
6
CONTINUOUS
10
5.0681351181102361
20
-3.6523448425196849
11
4.6491377165354333
21
-3.6523980314960629
0
LINE
8
BLACK
6
CONTINUOUS
10
4.6491377165354333
20
-3.6523980314960629
11
4.6700372834645671
21
-3.6924359448818898
0
LINE
8
BLACK
6
CONTINUOUS
10
4.6700372834645671
20
-3.6924359448818898
11
4.6702529527559058
21
-3.6929731102362204
0
LINE
8
BLACK
6
CONTINUOUS
10
4.6702529527559058
20
-3.6929731102362204
11
4.6703533464566931
21
-3.6941208267716537
0
LINE
8
BLACK
6
CONTINUOUS
10
4.6703533464566931
20
-3.6941208267716537
11
4.670006889763779
21
-3.6952196062992124
0
LINE
8
BLACK
6
CONTINUOUS
10
4.670006889763779
20
-3.6952196062992124
11
4.6692663385826769
21
-3.6961021653543304
0
LINE
8
BLACK
6
CONTINUOUS
10
4.6692663385826769
20
-3.6961021653543304
11
4.6682444094488185
21
-3.6966341732283463
0
LINE
8
BLACK
6
CONTINUOUS
10
4.6682444094488185
20
-3.6966341732283463
11
4.6670966929133861
21
-3.6967345669291336
0
LINE
8
BLACK
6
CONTINUOUS
10
4.6670966929133861
20
-3.6967345669291336
11
4.6659979133858265
21
-3.6963881102362204
0
LINE
8
BLACK
6
CONTINUOUS
10
4.6659979133858265
20
-3.6963881102362204
11
4.6651153543307089
21
-3.6956475590551179
0
LINE
8
BLACK
6
CONTINUOUS
10
4.6651153543307089
20
-3.6956475590551179
11
4.6472290944881891
21
-3.6613823622047241
0
LINE
8
BLACK
6
CONTINUOUS
10
4.6472290944881891
20
-3.6613823622047241
11
4.6472811417322832
21
-3.9327542519685039
0
LINE
8
BLACK
6
CONTINUOUS
10
4.6472811417322832
20
-3.9327542519685039
11
4.6647990157480317
21
-3.8990104330708659
0
LINE
8
BLACK
6
CONTINUOUS
10
4.6647990157480317
20
-3.8990104330708659
11
4.6651153543307089
21
-3.8985256692913386
0
LINE
8
BLACK
6
CONTINUOUS
10
4.6651153543307089
20
-3.8985256692913386
11
4.6659979133858265
21
-3.8977851181102361
0
LINE
8
BLACK
6
CONTINUOUS
10
4.6659979133858265
20
-3.8977851181102361
11
4.6670966929133861
21
-3.8974386614173229
0
LINE
8
BLACK
6
CONTINUOUS
10
4.6670966929133861
20
-3.8974386614173229
11
4.6682444094488185
21
-3.8975390551181102
0
LINE
8
BLACK
6
CONTINUOUS
10
4.6682444094488185
20
-3.8975390551181102
11
4.6692663385826769
21
-3.898071062992126
0
LINE
8
BLACK
6
CONTINUOUS
10
4.6692663385826769
20
-3.898071062992126
11
4.670006889763779
21
-3.898953622047244
0
LINE
8
BLACK
6
CONTINUOUS
10
4.670006889763779
20
-3.898953622047244
11
4.6703533464566931
21
-3.9000524015748033
0
LINE
8
BLACK
6
CONTINUOUS
10
4.6703533464566931
20
-3.9000524015748033
11
4.6702529527559058
21
-3.901200118110236
0
LINE
8
BLACK
6
CONTINUOUS
10
4.6702529527559058
20
-3.901200118110236
11
4.6491629527559057
21
-3.9418247637795276
0
LINE
8
BLACK
6
CONTINUOUS
10
4.6491629527559057
20
-3.9418247637795276
11
5.0675590551181102
21
-3.9417716535433072
0
LINE
8
BLACK
6
CONTINUOUS
10
5.0675590551181102
20
-3.9417716535433072
11
5.0681351181102361
21
-3.9418283858267715
0
LINE
8
BLACK
6
CONTINUOUS
10
5.0681351181102361
20
-3.9418283858267715
11
5.0691995275590553
21
-3.9422692913385826
0
LINE
8
BLACK
6
CONTINUOUS
10
5.0691995275590553
20
-3.9422692913385826
11
5.0700141732283459
21
-3.9430839370078741
0
LINE
8
BLACK
6
CONTINUOUS
10
5.0700141732283459
20
-3.9430839370078741
11
5.0704550787401574
21
-3.9441483464566929
0
LINE
8
BLACK
6
CONTINUOUS
10
5.0704550787401574
20
-3.9441483464566929
11
5.0704550787401574
21
-3.9453004724409446
0
LINE
8
BLACK
6
CONTINUOUS
10
5.0704550787401574
20
-3.9453004724409446
11
5.0700141732283459
21
-3.9463648818897639
0
LINE
8
BLACK
6
CONTINUOUS
10
5.0700141732283459
20
-3.9463648818897639
11
5.0691995275590553
21
-3.9471795275590549
0
LINE
8
BLACK
6
CONTINUOUS
10
5.0691995275590553
20
-3.9471795275590549
11
5.0681351181102361
21
-3.947620433070866
0
LINE
8
BLACK
6
CONTINUOUS
10
5.0681351181102361
20
-3.947620433070866
11
4.6212433070866137
21
-3.9476771653543308
0
LINE
8
BLACK
6
CONTINUOUS
10
4.6212433070866137
20
-3.9476771653543308
11
4.6206672440944878
21
-3.947620433070866
0
LINE
8
BLACK
6
CONTINUOUS
10
4.6206672440944878
20
-3.947620433070866
11
4.6196028346456695
21
-3.9471795275590549
0
LINE
8
BLACK
6
CONTINUOUS
10
4.6196028346456695
20
-3.9471795275590549
11
4.618788188976378
21
-3.9463648818897639
0
LINE
8
BLACK
6
CONTINUOUS
10
4.618788188976378
20
-3.9463648818897639
11
4.6183472834645665
21
-3.9453004724409446
0
LINE
8
BLACK
6
CONTINUOUS
10
4.6183472834645665
20
-3.9453004724409446
11
4.6183472834645665
21
-3.9441483464566929
0
LINE
8
BLACK
6
CONTINUOUS
10
4.6183472834645665
20
-3.9441483464566929
11
4.618788188976378
21
-3.9430839370078741
0
LINE
8
BLACK
6
CONTINUOUS
10
4.618788188976378
20
-3.9430839370078741
11
4.6196028346456695
21
-3.9422692913385826
0
LINE
8
BLACK
6
CONTINUOUS
10
4.6196028346456695
20
-3.9422692913385826
11
4.6206672440944878
21
-3.9418283858267715
0
LINE
8
BLACK
6
CONTINUOUS
10
4.6206672440944878
20
-3.9418283858267715
11
4.6395501968503936
21
-3.9418259842519685
0
LINE
8
BLACK
6
CONTINUOUS
10
4.6395501968503936
20
-3.9418259842519685
11
4.6186241338582672
21
-3.9017372834645667
0
LINE
8
BLACK
6
CONTINUOUS
10
4.6186241338582672
20
-3.9017372834645667
11
4.6184084645669294
21
-3.901200118110236
0
LINE
8
BLACK
6
CONTINUOUS
10
4.6184084645669294
20
-3.901200118110236
11
4.6183080708661413
21
-3.9000524015748033
0
LINE
8
BLACK
6
CONTINUOUS
10
4.6183080708661413
20
-3.9000524015748033
11
4.6186544881889766
21
-3.898953622047244
0
LINE
8
BLACK
6
CONTINUOUS
10
4.6186544881889766
20
-3.898953622047244
11
4.6193950393700787
21
-3.898071062992126
0
LINE
8
BLACK
6
CONTINUOUS
10
4.6193950393700787
20
-3.898071062992126
11
4.6204170078740159
21
-3.8975390551181102
0
LINE
8
BLACK
6
CONTINUOUS
10
4.6204170078740159
20
-3.8975390551181102
11
4.6215647244094491
21
-3.8974386614173229
0
LINE
8
BLACK
6
CONTINUOUS
10
4.6215647244094491
20
-3.8974386614173229
11
4.6226635039370079
21
-3.8977850787401573
0
LINE
8
BLACK
6
CONTINUOUS
10
4.6226635039370079
20
-3.8977850787401573
11
4.6235460629921254
21
-3.8985256299212598
0
LINE
8
BLACK
6
CONTINUOUS
10
4.6235460629921254
20
-3.8985256299212598
11
4.6414322834645665
21
-3.9327908267716536
0
LINE
8
BLACK
6
CONTINUOUS
10
4.6414322834645665
20
-3.9327908267716536
11
4.6413802362204724
21
-3.6614189370078738
0
LINE
8
BLACK
6
CONTINUOUS
10
4.6413802362204724
20
-3.6614189370078738
11
4.6238624015748027
21
-3.6951627952755906
0
LINE
8
BLACK
6
CONTINUOUS
10
4.6238624015748027
20
-3.6951627952755906
11
4.6235460629921254
21
-3.6956475984251966
0
LINE
8
BLACK
6
CONTINUOUS
10
4.6235460629921254
20
-3.6956475984251966
11
4.6226635039370079
21
-3.6963881496062991
0
LINE
8
BLACK
6
CONTINUOUS
10
4.6226635039370079
20
-3.6963881496062991
11
4.6215647244094491
21
-3.6967345669291336
0
LINE
8
BLACK
6
CONTINUOUS
10
4.6215647244094491
20
-3.6967345669291336
11
4.6204170078740159
21
-3.6966341732283463
0
LINE
8
BLACK
6
CONTINUOUS
10
4.6204170078740159
20
-3.6966341732283463
11
4.6193950393700787
21
-3.6961021653543304
0
LINE
8
BLACK
6
CONTINUOUS
10
4.6193950393700787
20
-3.6961021653543304
11
4.6186544881889766
21
-3.6952196062992124
0
LINE
8
BLACK
6
CONTINUOUS
10
4.6186544881889766
20
-3.6952196062992124
11
4.6183080708661413
21
-3.6941208267716537
0
LINE
8
BLACK
6
CONTINUOUS
10
4.6183080708661413
20
-3.6941208267716537
11
4.6184084645669294
21
-3.6929731102362204
0
LINE
8
BLACK
6
CONTINUOUS
10
4.6184084645669294
20
-3.6929731102362204
11
4.6394720472440945
21
-3.6523992519685038
0
LINE
8
BLACK
6
CONTINUOUS
10
4.6394720472440945
20
-3.6523992519685038
11
4.6212433070866137
21
-3.6524015748031493
0
LINE
8
BLACK
6
CONTINUOUS
10
4.6212433070866137
20
-3.6524015748031493
11
4.6206672440944878
21
-3.6523448425196849
0
LINE
8
BLACK
6
CONTINUOUS
10
4.6206672440944878
20
-3.6523448425196849
11
4.6196028346456695
21
-3.6519039370078739
0
LINE
8
BLACK
6
CONTINUOUS
10
4.6196028346456695
20
-3.6519039370078739
11
4.618788188976378
21
-3.6510892913385824
0
LINE
8
BLACK
6
CONTINUOUS
10
4.618788188976378
20
-3.6510892913385824
11
4.6183472834645665
21
-3.6500248818897636
0
LINE
8
BLACK
6
CONTINUOUS
10
4.6183472834645665
20
-3.6500248818897636
11
4.6183472834645665
21
-3.6488727559055119
0
LINE
8
BLACK
6
CONTINUOUS
10
4.6183472834645665
20
-3.6488727559055119
11
4.618788188976378
21
-3.6478083464566931
0
LINE
8
BLACK
6
CONTINUOUS
10
4.618788188976378
20
-3.6478083464566931
11
4.6196028346456695
21
-3.6469937007874016
0
LINE
8
BLACK
6
CONTINUOUS
10
4.6196028346456695
20
-3.6469937007874016
11
4.6206672440944878
21
-3.6465527952755905
0
LINE
8
BLACK
6
CONTINUOUS
10
4.6206672440944878
20
-3.6465527952755905
11
4.6438943307086618
21
-3.6465498425196849
0
LINE
8
BLACK
6
CONTINUOUS
10
4.6438943307086618
20
-3.6465498425196849
11
4.6440092519685034
21
-3.6465136220472441
0
LINE
8
BLACK
6
CONTINUOUS
10
4.6440092519685034
20
-3.6465136220472441
11
4.6443307086614176
21
-3.6465417322834646
0
LINE
8
BLACK
6
CONTINUOUS
10
4.6443307086614176
20
-3.6465417322834646
11
4.6446521653543309
21
-3.6465136220472441
0
LINE
8
BLACK
6
CONTINUOUS
10
4.6446521653543309
20
-3.6465136220472441
11
4.644766692913386
21
-3.6465497244094487
0
LINE
8
BLACK
6
CONTINUOUS
10
4.644766692913386
20
-3.6465497244094487
11
5.0675590551181102
21
-3.6464960629921257
0
LINE
8
BLACK
6
CONTINUOUS
10
5.0675590551181102
20
-3.6464960629921257
11
5.0681351181102361
21
-3.6465527952755905
0
LINE
8
BLACK
6
CONTINUOUS
10
4.5773569291338578
20
-3.9164911811023622
11
4.5773570078740153
21
-3.9164912204724409
0
LINE
8
BLACK
6
CONTINUOUS
10
4.5773570078740153
20
-3.9164912204724409
11
4.5796792125984247
21
-3.9187331889763777
0
LINE
8
BLACK
6
CONTINUOUS
10
4.5796792125984247
20
-3.9187331889763777
11
4.5800464173228344
21
-3.9191806299212599
0
LINE
8
BLACK
6
CONTINUOUS
10
4.5800464173228344
20
-3.9191806299212599
11
4.5801879921259845
21
-3.9195224015748029
0
LINE
8
BLACK
6
CONTINUOUS
10
4.5801879921259845
20
-3.9195224015748029
11
4.5804873228346459
21
-3.9202450787401575
0
LINE
8
BLACK
6
CONTINUOUS
10
4.5804873228346459
20
-3.9202450787401575
11
4.5804873228346459
21
-3.9213971653543305
0
LINE
8
BLACK
6
CONTINUOUS
10
4.5804873228346459
20
-3.9213971653543305
11
4.5800464173228344
21
-3.9224615748031497
0
LINE
8
BLACK
6
CONTINUOUS
10
4.5800464173228344
20
-3.9224615748031497
11
4.5778044488188971
21
-3.9247837795275591
0
LINE
8
BLACK
6
CONTINUOUS
10
4.5778044488188971
20
-3.9247837795275591
11
4.5773570078740153
21
-3.9251509842519683
0
LINE
8
BLACK
6
CONTINUOUS
10
4.5773570078740153
20
-3.9251509842519683
11
4.576292598425197
21
-3.9255918897637794
0
LINE
8
BLACK
6
CONTINUOUS
10
4.576292598425197
20
-3.9255918897637794
11
4.5751405118110231
21
-3.9255918897637794
0
LINE
8
BLACK
6
CONTINUOUS
10
4.5751405118110231
20
-3.9255918897637794
11
4.5740761023622047
21
-3.925151023622047
0
LINE
8
BLACK
6
CONTINUOUS
10
4.5740761023622047
20
-3.925151023622047
11
4.5717538582677166
21
-3.9229090551181103
0
LINE
8
BLACK
6
CONTINUOUS
10
4.5717538582677166
20
-3.9229090551181103
11
4.5713866141732282
21
-3.9224615748031497
0
LINE
8
BLACK
6
CONTINUOUS
10
4.5713866141732282
20
-3.9224615748031497
11
4.5713865748031495
21
-3.922461535433071
0
LINE
8
BLACK
6
CONTINUOUS
10
4.5713865748031495
20
-3.922461535433071
11
4.5709457086614176
21
-3.9213971259842517
0
LINE
8
BLACK
6
CONTINUOUS
10
4.5709457086614176
20
-3.9213971259842517
11
4.5709457086614176
21
-3.9202450393700787
0
LINE
8
BLACK
6
CONTINUOUS
10
4.5709457086614176
20
-3.9202450393700787
11
4.571245039370079
21
-3.9195224015748029
0
LINE
8
BLACK
6
CONTINUOUS
10
4.571245039370079
20
-3.9195224015748029
11
4.5713865748031495
21
-3.9191806692913387
0
LINE
8
BLACK
6
CONTINUOUS
10
4.5713865748031495
20
-3.9191806692913387
11
4.5713866141732282
21
-3.9191806299212599
0
LINE
8
BLACK
6
CONTINUOUS
10
4.5713866141732282
20
-3.9191806299212599
11
4.5736286220472442
21
-3.9168584251968501
0
LINE
8
BLACK
6
CONTINUOUS
10
4.5736286220472442
20
-3.9168584251968501
11
4.5740761023622047
21
-3.9164911811023622
0
LINE
8
BLACK
6
CONTINUOUS
10
4.5740761023622047
20
-3.9164911811023622
11
4.5751405118110231
21
-3.9160503149606298
0
LINE
8
BLACK
6
CONTINUOUS
10
4.5751405118110231
20
-3.9160503149606298
11
4.576292598425197
21
-3.9160503149606298
0
LINE
8
BLACK
6
CONTINUOUS
10
4.576292598425197
20
-3.9160503149606298
11
4.5773569291338578
21
-3.9164911811023622
0
LINE
8
BLACK
6
CONTINUOUS
10
6.1414338188976378
20
-3.8949123622047241
11
6.1414768503937003
21
-3.8949059842519684
0
LINE
8
BLACK
6
CONTINUOUS
10
6.1414768503937003
20
-3.8949059842519684
11
6.1415505118110234
21
-3.8949238582677164
0
LINE
8
BLACK
6
CONTINUOUS
10
6.1415505118110234
20
-3.8949238582677164
11
6.1419093700787402
21
-3.8949592125984251
0
LINE
8
BLACK
6
CONTINUOUS
10
6.1419093700787402
20
-3.8949592125984251
11
6.1422112598425196
21
-3.8950842519685041
0
LINE
8
BLACK
6
CONTINUOUS
10
6.1422112598425196
20
-3.8950842519685041
11
6.1495485039370079
21
-3.8968653937007871
0
LINE
8
BLACK
6
CONTINUOUS
10
6.1495485039370079
20
-3.8968653937007871
11
6.1495909842519687
21
-3.8968805511811024
0
LINE
8
BLACK
6
CONTINUOUS
10
6.1495909842519687
20
-3.8968805511811024
11
6.149612244094488
21
-3.8968820866141733
0
LINE
8
BLACK
6
CONTINUOUS
10
6.149612244094488
20
-3.8968820866141733
11
6.1496597637795274
21
-3.8969051181102361
0
LINE
8
BLACK
6
CONTINUOUS
10
6.1496597637795274
20
-3.8969051181102361
11
6.150093622047244
21
-3.8970601574803148
0
LINE
8
BLACK
6
CONTINUOUS
10
6.150093622047244
20
-3.8970601574803148
11
6.1503105905511806
21
-3.8972209448818895
0
LINE
8
BLACK
6
CONTINUOUS
10
6.1503105905511806
20
-3.8972209448818895
11
6.1539024015748032
21
-3.8989637401574804
0
LINE
8
BLACK
6
CONTINUOUS
10
6.1539024015748032
20
-3.8989637401574804
11
6.1541502755905508
21
-3.8991197637795274
0
LINE
8
BLACK
6
CONTINUOUS
10
6.1541502755905508
20
-3.8991197637795274
11
6.1542223228346451
21
-3.8991496062992126
0
LINE
8
BLACK
6
CONTINUOUS
10
6.1542223228346451
20
-3.8991496062992126
11
6.1542684251968502
21
-3.8991941338582676
0
LINE
8
BLACK
6
CONTINUOUS
10
6.1542684251968502
20
-3.8991941338582676
11
6.154392283464567
21
-3.899272086614173
0
LINE
8
BLACK
6
CONTINUOUS
10
6.154392283464567
20
-3.899272086614173
11
6.154613976377953
21
-3.8995277165354332
0
LINE
8
BLACK
6
CONTINUOUS
10
6.154613976377953
20
-3.8995277165354332
11
6.1565445669291341
21
-3.9013915748031494
0
LINE
8
BLACK
6
CONTINUOUS
10
6.1565445669291341
20
-3.9013915748031494
11
6.1567303149606296
21
-3.9016179133858269
0
LINE
8
BLACK
6
CONTINUOUS
10
6.1567303149606296
20
-3.9016179133858269
11
6.1567893700787399
21
-3.9016691338582676
0
LINE
8
BLACK
6
CONTINUOUS
10
6.1567893700787399
20
-3.9016691338582676
11
6.1568179921259842
21
-3.9017247637795274
0
LINE
8
BLACK
6
CONTINUOUS
10
6.1568179921259842
20
-3.9017247637795274
11
6.1569118110236216
21
-3.9018390551181104
0
LINE
8
BLACK
6
CONTINUOUS
10
6.1569118110236216
20
-3.9018390551181104
11
6.1570554724409448
21
-3.9021859055118111
0
LINE
8
BLACK
6
CONTINUOUS
10
6.1570554724409448
20
-3.9021859055118111
11
6.1589724803149606
21
-3.9059085433070866
0
LINE
8
BLACK
6
CONTINUOUS
10
6.1589724803149606
20
-3.9059085433070866
11
6.1591793700787401
21
-3.9064491338582674
0
LINE
8
BLACK
6
CONTINUOUS
10
6.1591793700787401
20
-3.9064491338582674
11
6.1591868897637791
21
-3.906555
0
LINE
8
BLACK
6
CONTINUOUS
10
6.1591868897637791
20
-3.906555
11
6.1592274803149607
21
-3.9066529921259843
0
LINE
8
BLACK
6
CONTINUOUS
10
6.1592274803149607
20
-3.9066529921259843
11
6.1592350787401573
21
-3.9072333464566928
0
LINE
8
BLACK
6
CONTINUOUS
10
6.1592350787401573
20
-3.9072333464566928
11
6.1592610236220473
21
-3.9075983464566928
0
LINE
8
BLACK
6
CONTINUOUS
10
6.1592610236220473
20
-3.9075983464566928
11
6.1592406692913384
21
-3.9076593700787399
0
LINE
8
BLACK
6
CONTINUOUS
10
6.1592406692913384
20
-3.9076593700787399
11
6.1592842125984246
21
-3.9109785826771652
0
LINE
8
BLACK
6
CONTINUOUS
10
6.1592842125984246
20
-3.9109785826771652
11
6.1592274803149607
21
-3.9115546456692911
0
LINE
8
BLACK
6
CONTINUOUS
10
6.1592274803149607
20
-3.9115546456692911
11
6.1591868897637791
21
-3.9116525984251966
0
LINE
8
BLACK
6
CONTINUOUS
10
6.1591868897637791
20
-3.9116525984251966
11
6.1591793700787401
21
-3.911758503937008
0
LINE
8
BLACK
6
CONTINUOUS
10
6.1591793700787401
20
-3.911758503937008
11
6.1589310236220474
21
-3.9122702362204724
0
LINE
8
BLACK
6
CONTINUOUS
10
6.1589310236220474
20
-3.9122702362204724
11
6.1587865748031492
21
-3.9126190551181104
0
LINE
8
BLACK
6
CONTINUOUS
10
6.1587865748031492
20
-3.9126190551181104
11
6.1587384645669294
21
-3.9126671259842518
0
LINE
8
BLACK
6
CONTINUOUS
10
6.1587384645669294
20
-3.9126671259842518
11
6.157097716535433
21
-3.9160486220472439
0
LINE
8
BLACK
6
CONTINUOUS
10
6.157097716535433
20
-3.9160486220472439
11
6.1569416141732285
21
-3.9162966141732283
0
LINE
8
BLACK
6
CONTINUOUS
10
6.1569416141732285
20
-3.9162966141732283
11
6.1569118110236216
21
-3.9163685826771655
0
LINE
8
BLACK
6
CONTINUOUS
10
6.1569118110236216
20
-3.9163685826771655
11
6.1568672834645666
21
-3.9164146456692914
0
LINE
8
BLACK
6
CONTINUOUS
10
6.1568672834645666
20
-3.9164146456692914
11
6.1567893700787399
21
-3.9165385039370078
0
LINE
8
BLACK
6
CONTINUOUS
10
6.1567893700787399
20
-3.9165385039370078
11
6.1565335826771648
21
-3.9167602755905513
0
LINE
8
BLACK
6
CONTINUOUS
10
6.1565335826771648
20
-3.9167602755905513
11
6.1546697637795278
21
-3.9186908267716536
0
LINE
8
BLACK
6
CONTINUOUS
10
6.1546697637795278
20
-3.9186908267716536
11
6.1544434251968498
21
-3.9188765354330708
0
LINE
8
BLACK
6
CONTINUOUS
10
6.1544434251968498
20
-3.9188765354330708
11
6.154392283464567
21
-3.9189355511811024
0
LINE
8
BLACK
6
CONTINUOUS
10
6.154392283464567
20
-3.9189355511811024
11
6.1543366535433073
21
-3.9189641732283462
0
LINE
8
BLACK
6
CONTINUOUS
10
6.1543366535433073
20
-3.9189641732283462
11
6.1542223228346451
21
-3.9190580314960628
0
LINE
8
BLACK
6
CONTINUOUS
10
6.1542223228346451
20
-3.9190580314960628
11
6.1538753937007868
21
-3.9192016929133859
0
LINE
8
BLACK
6
CONTINUOUS
10
6.1538753937007868
20
-3.9192016929133859
11
6.1501528740157481
21
-3.9211186614173226
0
LINE
8
BLACK
6
CONTINUOUS
10
6.1501528740157481
20
-3.9211186614173226
11
6.150110748031496
21
-3.9211347637795275
0
LINE
8
BLACK
6
CONTINUOUS
10
6.150110748031496
20
-3.9211347637795275
11
6.150093622047244
21
-3.9211474803149606
0
LINE
8
BLACK
6
CONTINUOUS
10
6.150093622047244
20
-3.9211474803149606
11
6.1500446062992129
21
-3.9211600787401575
0
LINE
8
BLACK
6
CONTINUOUS
10
6.1500446062992129
20
-3.9211600787401575
11
6.149612244094488
21
-3.9213255511811025
0
LINE
8
BLACK
6
CONTINUOUS
10
6.149612244094488
20
-3.9213255511811025
11
6.149321023622047
21
-3.921346220472441
0
LINE
8
BLACK
6
CONTINUOUS
10
6.149321023622047
20
-3.921346220472441
11
6.1420494488188977
21
-3.9232170078740158
0
LINE
8
BLACK
6
CONTINUOUS
10
6.1420494488188977
20
-3.9232170078740158
11
6.1419495669291333
21
-3.9232317716535432
0
LINE
8
BLACK
6
CONTINUOUS
10
6.1419495669291333
20
-3.9232317716535432
11
6.1419093700787402
21
-3.9232484251968502
0
LINE
8
BLACK
6
CONTINUOUS
10
6.1419093700787402
20
-3.9232484251968502
11
6.1418339763779528
21
-3.9232488188976378
0
LINE
8
BLACK
6
CONTINUOUS
10
6.1418339763779528
20
-3.9232488188976378
11
6.1414768503937003
21
-3.923301653543307
0
LINE
8
BLACK
6
CONTINUOUS
10
6.1414768503937003
20
-3.923301653543307
11
6.1411482677165354
21
-3.9232527559055117
0
LINE
8
BLACK
6
CONTINUOUS
10
6.1411482677165354
20
-3.9232527559055117
11
6.1319594881889765
21
-3.9233051574803151
0
LINE
8
BLACK
6
CONTINUOUS
10
6.1319594881889765
20
-3.9233051574803151
11
6.1318589370078742
21
-3.9232952362204725
0
LINE
8
BLACK
6
CONTINUOUS
10
6.1318589370078742
20
-3.9232952362204725
11
6.1318159448818896
21
-3.923301653543307
0
LINE
8
BLACK
6
CONTINUOUS
10
6.1318159448818896
20
-3.923301653543307
11
6.1317422440944878
21
-3.9232837401574803
0
LINE
8
BLACK
6
CONTINUOUS
10
6.1317422440944878
20
-3.9232837401574803
11
6.1313834251968506
21
-3.9232484251968502
0
LINE
8
BLACK
6
CONTINUOUS
10
6.1313834251968506
20
-3.9232484251968502
11
6.1310814960629916
21
-3.923123346456693
0
LINE
8
BLACK
6
CONTINUOUS
10
6.1310814960629916
20
-3.923123346456693
11
6.1237442913385829
21
-3.9213422440944883
0
LINE
8
BLACK
6
CONTINUOUS
10
6.1237442913385829
20
-3.9213422440944883
11
6.1237017716535433
21
-3.9213270472440942
0
LINE
8
BLACK
6
CONTINUOUS
10
6.1237017716535433
20
-3.9213270472440942
11
6.1236805118110231
21
-3.9213255511811025
0
LINE
8
BLACK
6
CONTINUOUS
10
6.1236805118110231
20
-3.9213255511811025
11
6.1236328346456688
21
-3.921302401574803
0
LINE
8
BLACK
6
CONTINUOUS
10
6.1236328346456688
20
-3.921302401574803
11
6.1231991732283459
21
-3.9211474803149606
0
LINE
8
BLACK
6
CONTINUOUS
10
6.1231991732283459
20
-3.9211474803149606
11
6.1229822047244093
21
-3.9209867322834646
0
LINE
8
BLACK
6
CONTINUOUS
10
6.1229822047244093
20
-3.9209867322834646
11
6.1193903937007876
21
-3.919243897637795
0
LINE
8
BLACK
6
CONTINUOUS
10
6.1193903937007876
20
-3.919243897637795
11
6.1191423622047241
21
-3.9190877952755905
0
LINE
8
BLACK
6
CONTINUOUS
10
6.1191423622047241
20
-3.9190877952755905
11
6.1190704330708661
21
-3.919057992125984
0
LINE
8
BLACK
6
CONTINUOUS
10
6.1190704330708661
20
-3.919057992125984
11
6.1190243307086609
21
-3.919013464566929
0
LINE
8
BLACK
6
CONTINUOUS
10
6.1190243307086609
20
-3.919013464566929
11
6.1189005118110238
21
-3.9189355511811024
0
LINE
8
BLACK
6
CONTINUOUS
10
6.1189005118110238
20
-3.9189355511811024
11
6.1186787401574803
21
-3.9186798425196852
0
LINE
8
BLACK
6
CONTINUOUS
10
6.1186787401574803
20
-3.9186798425196852
11
6.1167482283464567
21
-3.9168160236220473
0
LINE
8
BLACK
6
CONTINUOUS
10
6.1167482283464567
20
-3.9168160236220473
11
6.1165624409448816
21
-3.9165896456692915
0
LINE
8
BLACK
6
CONTINUOUS
10
6.1165624409448816
20
-3.9165896456692915
11
6.1165034645669287
21
-3.9165385039370078
0
LINE
8
BLACK
6
CONTINUOUS
10
6.1165034645669287
20
-3.9165385039370078
11
6.1164748031496066
21
-3.9164828346456693
0
LINE
8
BLACK
6
CONTINUOUS
10
6.1164748031496066
20
-3.9164828346456693
11
6.1163810236220471
21
-3.9163685826771655
0
LINE
8
BLACK
6
CONTINUOUS
10
6.1163810236220471
20
-3.9163685826771655
11
6.1162373622047239
21
-3.916021771653543
0
LINE
8
BLACK
6
CONTINUOUS
10
6.1162373622047239
20
-3.916021771653543
11
6.1143203543307081
21
-3.9122990944881888
0
LINE
8
BLACK
6
CONTINUOUS
10
6.1143203543307081
20
-3.9122990944881888
11
6.1141134645669286
21
-3.9117584645669292
0
LINE
8
BLACK
6
CONTINUOUS
10
6.1141134645669286
20
-3.9117584645669292
11
6.1141059448818895
21
-3.9116526377952754
0
LINE
8
BLACK
6
CONTINUOUS
10
6.1141059448818895
20
-3.9116526377952754
11
6.1140653543307089
21
-3.9115546456692911
0
LINE
8
BLACK
6
CONTINUOUS
10
6.1140653543307089
20
-3.9115546456692911
11
6.1140577165354326
21
-3.9109741732283463
0
LINE
8
BLACK
6
CONTINUOUS
10
6.1140577165354326
20
-3.9109741732283463
11
6.1140318110236223
21
-3.9106092519685038
0
LINE
8
BLACK
6
CONTINUOUS
10
6.1140318110236223
20
-3.9106092519685038
11
6.1140521259842515
21
-3.910548188976378
0
LINE
8
BLACK
6
CONTINUOUS
10
6.1140521259842515
20
-3.910548188976378
11
6.114008622047244
21
-3.9072290551181101
0
LINE
8
BLACK
6
CONTINUOUS
10
6.114008622047244
20
-3.9072290551181101
11
6.1140653543307089
21
-3.9066529921259843
0
LINE
8
BLACK
6
CONTINUOUS
10
6.1140653543307089
20
-3.9066529921259843
11
6.1141059448818895
21
-3.9065549606299212
0
LINE
8
BLACK
6
CONTINUOUS
10
6.1141059448818895
20
-3.9065549606299212
11
6.1141134645669286
21
-3.9064491732283462
0
LINE
8
BLACK
6
CONTINUOUS
10
6.1141134645669286
20
-3.9064491732283462
11
6.1143616535433072
21
-3.9059375984251967
0
LINE
8
BLACK
6
CONTINUOUS
10
6.1143616535433072
20
-3.9059375984251967
11
6.1145062598425195
21
-3.9055885826771655
0
LINE
8
BLACK
6
CONTINUOUS
10
6.1145062598425195
20
-3.9055885826771655
11
6.1145543700787401
21
-3.9055404330708661
0
LINE
8
BLACK
6
CONTINUOUS
10
6.1145543700787401
20
-3.9055404330708661
11
6.1161951181102356
21
-3.9021590157480315
0
LINE
8
BLACK
6
CONTINUOUS
10
6.1161951181102356
20
-3.9021590157480315
11
6.1163511811023623
21
-3.9019109842519684
0
LINE
8
BLACK
6
CONTINUOUS
10
6.1163511811023623
20
-3.9019109842519684
11
6.1163810236220471
21
-3.9018390551181104
0
LINE
8
BLACK
6
CONTINUOUS
10
6.1163810236220471
20
-3.9018390551181104
11
6.1164255118110233
21
-3.9017929527559052
0
LINE
8
BLACK
6
CONTINUOUS
10
6.1164255118110233
20
-3.9017929527559052
11
6.1165034645669287
21
-3.9016691338582676
0
LINE
8
BLACK
6
CONTINUOUS
10
6.1165034645669287
20
-3.9016691338582676
11
6.1167591338582676
21
-3.9014473622047241
0
LINE
8
BLACK
6
CONTINUOUS
10
6.1167591338582676
20
-3.9014473622047241
11
6.1186229921259843
21
-3.8995168503937006
0
LINE
8
BLACK
6
CONTINUOUS
10
6.1186229921259843
20
-3.8995168503937006
11
6.1188493307086613
21
-3.8993310629921258
0
LINE
8
BLACK
6
CONTINUOUS
10
6.1188493307086613
20
-3.8993310629921258
11
6.1189005118110238
21
-3.899272086614173
0
LINE
8
BLACK
6
CONTINUOUS
10
6.1189005118110238
20
-3.899272086614173
11
6.1189561417322835
21
-3.8992434251968504
0
LINE
8
BLACK
6
CONTINUOUS
10
6.1189561417322835
20
-3.8992434251968504
11
6.1190704330708661
21
-3.8991496456692913
0
LINE
8
BLACK
6
CONTINUOUS
10
6.1190704330708661
20
-3.8991496456692913
11
6.1194172834645668
21
-3.8990059448818899
0
LINE
8
BLACK
6
CONTINUOUS
10
6.1194172834645668
20
-3.8990059448818899
11
6.1231399212598427
21
-3.8970889763779528
0
LINE
8
BLACK
6
CONTINUOUS
10
6.1231399212598427
20
-3.8970889763779528
11
6.123182007874016
21
-3.8970728346456691
0
LINE
8
BLACK
6
CONTINUOUS
10
6.123182007874016
20
-3.8970728346456691
11
6.1231991732283459
21
-3.8970601574803148
0
LINE
8
BLACK
6
CONTINUOUS
10
6.1231991732283459
20
-3.8970601574803148
11
6.1232481102362204
21
-3.8970475590551179
0
LINE
8
BLACK
6
CONTINUOUS
10
6.1232481102362204
20
-3.8970475590551179
11
6.1236805118110231
21
-3.8968820866141733
0
LINE
8
BLACK
6
CONTINUOUS
10
6.1236805118110231
20
-3.8968820866141733
11
6.1239717322834641
21
-3.8968613779527557
0
LINE
8
BLACK
6
CONTINUOUS
10
6.1239717322834641
20
-3.8968613779527557
11
6.1312433464566931
21
-3.8949906299212596
0
LINE
8
BLACK
6
CONTINUOUS
10
6.1312433464566931
20
-3.8949906299212596
11
6.1313431889763779
21
-3.8949758267716534
0
LINE
8
BLACK
6
CONTINUOUS
10
6.1313431889763779
20
-3.8949758267716534
11
6.1313834251968506
21
-3.8949592125984251
0
LINE
8
BLACK
6
CONTINUOUS
10
6.1313834251968506
20
-3.8949592125984251
11
6.1314587795275592
21
-3.8949587795275589
0
LINE
8
BLACK
6
CONTINUOUS
10
6.1314587795275592
20
-3.8949587795275589
11
6.1318159448818896
21
-3.8949059842519684
0
LINE
8
BLACK
6
CONTINUOUS
10
6.1318159448818896
20
-3.8949059842519684
11
6.1321444881889766
21
-3.8949548425196849
0
LINE
8
BLACK
6
CONTINUOUS
10
6.1321444881889766
20
-3.8949548425196849
11
6.1413333070866143
21
-3.8949024803149603
0
LINE
8
BLACK
6
CONTINUOUS
10
6.1413333070866143
20
-3.8949024803149603
11
6.1414338188976378
21
-3.8949123622047241
0
LINE
8
BLACK
6
CONTINUOUS
10
6.132124724409449
20
-3.9008070472440943
11
6.1252990551181101
21
-3.9025630708661416
0
LINE
8
BLACK
6
CONTINUOUS
10
6.1252990551181101
20
-3.9025630708661416
11
6.1223667322834645
21
-3.9040730708661417
0
LINE
8
BLACK
6
CONTINUOUS
10
6.1223667322834645
20
-3.9040730708661417
11
6.1211760236220467
21
-3.9053064173228345
0
LINE
8
BLACK
6
CONTINUOUS
10
6.1211760236220467
20
-3.9053064173228345
11
6.1198748818897633
21
-3.9079879133858269
0
LINE
8
BLACK
6
CONTINUOUS
10
6.1198748818897633
20
-3.9079879133858269
11
6.1199059448818893
21
-3.9103564566929134
0
LINE
8
BLACK
6
CONTINUOUS
10
6.1199059448818893
20
-3.9103564566929134
11
6.1213044488188979
21
-3.9130722440944883
0
LINE
8
BLACK
6
CONTINUOUS
10
6.1213044488188979
20
-3.9130722440944883
11
6.1225378346456694
21
-3.9142629921259839
0
LINE
8
BLACK
6
CONTINUOUS
10
6.1225378346456694
20
-3.9142629921259839
11
6.1256880708661416
21
-3.9157915354330708
0
LINE
8
BLACK
6
CONTINUOUS
10
6.1256880708661416
20
-3.9157915354330708
11
6.1325194881889766
21
-3.9174498818897638
0
LINE
8
BLACK
6
CONTINUOUS
10
6.1325194881889766
20
-3.9174498818897638
11
6.1411680314960631
21
-3.9174005511811023
0
LINE
8
BLACK
6
CONTINUOUS
10
6.1411680314960631
20
-3.9174005511811023
11
6.147993700787401
21
-3.915644527559055
0
LINE
8
BLACK
6
CONTINUOUS
10
6.147993700787401
20
-3.915644527559055
11
6.1509260236220475
21
-3.9141344881889761
0
LINE
8
BLACK
6
CONTINUOUS
10
6.1509260236220475
20
-3.9141344881889761
11
6.152116811023622
21
-3.9129011417322834
0
LINE
8
BLACK
6
CONTINUOUS
10
6.152116811023622
20
-3.9129011417322834
11
6.1534179133858267
21
-3.9102196850393698
0
LINE
8
BLACK
6
CONTINUOUS
10
6.1534179133858267
20
-3.9102196850393698
11
6.1533868503937006
21
-3.9078511417322832
0
LINE
8
BLACK
6
CONTINUOUS
10
6.1533868503937006
20
-3.9078511417322832
11
6.1519883464566929
21
-3.9051353937007871
0
LINE
8
BLACK
6
CONTINUOUS
10
6.1519883464566929
20
-3.9051353937007871
11
6.1507549606299214
21
-3.9039446456692914
0
LINE
8
BLACK
6
CONTINUOUS
10
6.1507549606299214
20
-3.9039446456692914
11
6.1476046850393695
21
-3.9024160629921258
0
LINE
8
BLACK
6
CONTINUOUS
10
6.1476046850393695
20
-3.9024160629921258
11
6.1407732677165354
21
-3.9007577165354328
0
LINE
8
BLACK
6
CONTINUOUS
10
6.1407732677165354
20
-3.9007577165354328
11
6.132124724409449
21
-3.9008070472440943
0
LINE
8
BLACK
6
CONTINUOUS
10
4.5706682677165356
20
-3.8785550393700787
11
4.5707662598425198
21
-3.8785956299212598
0
LINE
8
BLACK
6
CONTINUOUS
10
4.5707662598425198
20
-3.8785956299212598
11
4.5708720866141732
21
-3.8786031496062989
0
LINE
8
BLACK
6
CONTINUOUS
10
4.5708720866141732
20
-3.8786031496062989
11
4.5713836220472439
21
-3.8788513385826771
0
LINE
8
BLACK
6
CONTINUOUS
10
4.5713836220472439
20
-3.8788513385826771
11
4.5717326771653539
21
-3.8789959448818898
0
LINE
8
BLACK
6
CONTINUOUS
10
4.5717326771653539
20
-3.8789959448818898
11
4.5717807874015746
21
-3.87904405511811
0
LINE
8
BLACK
6
CONTINUOUS
10
4.5717807874015746
20
-3.87904405511811
11
4.5751622440944884
21
-3.8806848031496064
0
LINE
8
BLACK
6
CONTINUOUS
10
4.5751622440944884
20
-3.8806848031496064
11
4.575410118110236
21
-3.8808408267716534
0
LINE
8
BLACK
6
CONTINUOUS
10
4.575410118110236
20
-3.8808408267716534
11
4.5754821653543303
21
-3.8808706692913386
0
LINE
8
BLACK
6
CONTINUOUS
10
4.5754821653543303
20
-3.8808706692913386
11
4.5755282677165354
21
-3.8809151968503937
0
LINE
8
BLACK
6
CONTINUOUS
10
4.5755282677165354
20
-3.8809151968503937
11
4.5756521259842522
21
-3.880993149606299
0
LINE
8
BLACK
6
CONTINUOUS
10
4.5756521259842522
20
-3.880993149606299
11
4.5758738188976373
21
-3.8812487795275588
0
LINE
8
BLACK
6
CONTINUOUS
10
4.5758738188976373
20
-3.8812487795275588
11
4.5778044094488184
21
-3.8831126377952754
0
LINE
8
BLACK
6
CONTINUOUS
10
4.5778044094488184
20
-3.8831126377952754
11
4.5779901574803148
21
-3.8833389763779529
0
LINE
8
BLACK
6
CONTINUOUS
10
4.5779901574803148
20
-3.8833389763779529
11
4.5780492125984251
21
-3.8833901968503937
0
LINE
8
BLACK
6
CONTINUOUS
10
4.5780492125984251
20
-3.8833901968503937
11
4.5780778346456694
21
-3.8834458267716534
0
LINE
8
BLACK
6
CONTINUOUS
10
4.5780778346456694
20
-3.8834458267716534
11
4.5781716535433068
21
-3.8835601181102359
0
LINE
8
BLACK
6
CONTINUOUS
10
4.5781716535433068
20
-3.8835601181102359
11
4.5783153149606299
21
-3.8839069685039371
0
LINE
8
BLACK
6
CONTINUOUS
10
4.5783153149606299
20
-3.8839069685039371
11
4.5802323228346458
21
-3.8876296062992126
0
LINE
8
BLACK
6
CONTINUOUS
10
4.5802323228346458
20
-3.8876296062992126
11
4.5804392125984252
21
-3.8881701968503934
0
LINE
8
BLACK
6
CONTINUOUS
10
4.5804392125984252
20
-3.8881701968503934
11
4.5804467322834643
21
-3.888276062992126
0
LINE
8
BLACK
6
CONTINUOUS
10
4.5804467322834643
20
-3.888276062992126
11
4.5804873228346459
21
-3.8883740551181103
0
LINE
8
BLACK
6
CONTINUOUS
10
4.5804873228346459
20
-3.8883740551181103
11
4.5804902362204727
21
-3.8888885826771653
0
LINE
8
BLACK
6
CONTINUOUS
10
4.5804902362204727
20
-3.8888885826771653
11
4.5805208661417325
21
-3.8893194094488188
0
LINE
8
BLACK
6
CONTINUOUS
10
4.5805208661417325
20
-3.8893194094488188
11
4.5804931496062995
21
-3.889402440944882
0
LINE
8
BLACK
6
CONTINUOUS
10
4.5804931496062995
20
-3.889402440944882
11
4.5805440551181098
21
-3.8983239370078739
0
LINE
8
BLACK
6
CONTINUOUS
10
4.5805440551181098
20
-3.8983239370078739
11
4.5804873228346459
21
-3.8988999999999998
0
LINE
8
BLACK
6
CONTINUOUS
10
4.5804873228346459
20
-3.8988999999999998
11
4.5804467322834643
21
-3.8989979527559053
0
LINE
8
BLACK
6
CONTINUOUS
10
4.5804467322834643
20
-3.8989979527559053
11
4.5804392125984252
21
-3.8991038582677167
0
LINE
8
BLACK
6
CONTINUOUS
10
4.5804392125984252
20
-3.8991038582677167
11
4.5801908661417325
21
-3.8996155905511811
0
LINE
8
BLACK
6
CONTINUOUS
10
4.5801908661417325
20
-3.8996155905511811
11
4.5800464173228344
21
-3.8999644094488186
0
LINE
8
BLACK
6
CONTINUOUS
10
4.5800464173228344
20
-3.8999644094488186
11
4.5799983070866137
21
-3.9000124803149605
0
LINE
8
BLACK
6
CONTINUOUS
10
4.5799983070866137
20
-3.9000124803149605
11
4.5783575590551182
21
-3.9033939763779526
0
LINE
8
BLACK
6
CONTINUOUS
10
4.5783575590551182
20
-3.9033939763779526
11
4.5782014566929137
21
-3.903641968503937
0
LINE
8
BLACK
6
CONTINUOUS
10
4.5782014566929137
20
-3.903641968503937
11
4.5781716535433068
21
-3.9037139370078737
0
LINE
8
BLACK
6
CONTINUOUS
10
4.5781716535433068
20
-3.9037139370078737
11
4.5781271259842518
21
-3.9037600000000001
0
LINE
8
BLACK
6
CONTINUOUS
10
4.5781271259842518
20
-3.9037600000000001
11
4.5780492125984251
21
-3.9038838582677164
0
LINE
8
BLACK
6
CONTINUOUS
10
4.5780492125984251
20
-3.9038838582677164
11
4.57779342519685
21
-3.9041056299212595
0
LINE
8
BLACK
6
CONTINUOUS
10
4.57779342519685
20
-3.9041056299212595
11
4.5759296062992121
21
-3.9060361811023623
0
LINE
8
BLACK
6
CONTINUOUS
10
4.5759296062992121
20
-3.9060361811023623
11
4.5754821653543303
21
-3.9064033858267715
0
LINE
8
BLACK
6
CONTINUOUS
10
4.5754821653543303
20
-3.9064033858267715
11
4.5744177559055119
21
-3.9068442519685038
0
LINE
8
BLACK
6
CONTINUOUS
10
4.5744177559055119
20
-3.9068442519685038
11
4.573265669291338
21
-3.9068442519685038
0
LINE
8
BLACK
6
CONTINUOUS
10
4.573265669291338
20
-3.9068442519685038
11
4.5722012598425197
21
-3.9064033464566927
0
LINE
8
BLACK
6
CONTINUOUS
10
4.5722012598425197
20
-3.9064033464566927
11
4.5713865748031495
21
-3.9055886614173225
0
LINE
8
BLACK
6
CONTINUOUS
10
4.5713865748031495
20
-3.9055886614173225
11
4.5709457086614176
21
-3.9045242519685037
0
LINE
8
BLACK
6
CONTINUOUS
10
4.5709457086614176
20
-3.9045242519685037
11
4.5709457086614176
21
-3.9033721653543307
0
LINE
8
BLACK
6
CONTINUOUS
10
4.5709457086614176
20
-3.9033721653543307
11
4.5713866141732282
21
-3.9023077559055119
0
LINE
8
BLACK
6
CONTINUOUS
10
4.5713866141732282
20
-3.9023077559055119
11
4.5733766535433071
21
-3.9002464960629921
0
LINE
8
BLACK
6
CONTINUOUS
10
4.5733766535433071
20
-3.9002464960629921
11
4.574687519685039
21
-3.8975448818897638
0
LINE
8
BLACK
6
CONTINUOUS
10
4.574687519685039
20
-3.8975448818897638
11
4.574642007874016
21
-3.8895631496062992
0
LINE
8
BLACK
6
CONTINUOUS
10
4.574642007874016
20
-3.8895631496062992
11
4.5732481889763781
21
-3.8868564566929131
0
LINE
8
BLACK
6
CONTINUOUS
10
4.5732481889763781
20
-3.8868564566929131
11
4.5720148031496066
21
-3.885665708661417
0
LINE
8
BLACK
6
CONTINUOUS
10
4.5720148031496066
20
-3.885665708661417
11
4.5693131496062991
21
-3.884354803149606
0
LINE
8
BLACK
6
CONTINUOUS
10
4.5693131496062991
20
-3.884354803149606
11
4.561331417322835
21
-3.8844003149606299
0
LINE
8
BLACK
6
CONTINUOUS
10
4.561331417322835
20
-3.8844003149606299
11
4.5586246850393701
21
-3.8857941338582678
0
LINE
8
BLACK
6
CONTINUOUS
10
4.5586246850393701
20
-3.8857941338582678
11
4.5574339763779523
21
-3.8870274803149605
0
LINE
8
BLACK
6
CONTINUOUS
10
4.5574339763779523
20
-3.8870274803149605
11
4.5561230708661418
21
-3.8897291338582676
0
LINE
8
BLACK
6
CONTINUOUS
10
4.5561230708661418
20
-3.8897291338582676
11
4.5561685826771656
21
-3.8977108661417321
0
LINE
8
BLACK
6
CONTINUOUS
10
4.5561685826771656
20
-3.8977108661417321
11
4.5575624015748026
21
-3.900417598425197
0
LINE
8
BLACK
6
CONTINUOUS
10
4.5575624015748026
20
-3.900417598425197
11
4.5590567716535428
21
-3.9018603149606297
0
LINE
8
BLACK
6
CONTINUOUS
10
4.5590567716535428
20
-3.9018603149606297
11
4.5594239763779525
21
-3.9023077559055119
0
LINE
8
BLACK
6
CONTINUOUS
10
4.5594239763779525
20
-3.9023077559055119
11
4.5594808661417323
21
-3.9024450787401572
0
LINE
8
BLACK
6
CONTINUOUS
10
4.5594808661417323
20
-3.9024450787401572
11
4.5595750393700785
21
-3.9025601968503936
0
LINE
8
BLACK
6
CONTINUOUS
10
4.5595750393700785
20
-3.9025601968503936
11
4.559699724409449
21
-3.9029734645669292
0
LINE
8
BLACK
6
CONTINUOUS
10
4.559699724409449
20
-3.9029734645669292
11
4.559864881889764
21
-3.9033721653543307
0
LINE
8
BLACK
6
CONTINUOUS
10
4.559864881889764
20
-3.9033721653543307
11
4.559864881889764
21
-3.9035208267716532
0
LINE
8
BLACK
6
CONTINUOUS
10
4.559864881889764
20
-3.9035208267716532
11
4.559907834645669
21
-3.903663188976378
0
LINE
8
BLACK
6
CONTINUOUS
10
4.559907834645669
20
-3.903663188976378
11
4.559864881889764
21
-3.9040926771653544
0
LINE
8
BLACK
6
CONTINUOUS
10
4.559864881889764
20
-3.9040926771653544
11
4.559864881889764
21
-3.9045242519685037
0
LINE
8
BLACK
6
CONTINUOUS
10
4.559864881889764
20
-3.9045242519685037
11
4.5598079527559054
21
-3.9046615748031495
0
LINE
8
BLACK
6
CONTINUOUS
10
4.5598079527559054
20
-3.9046615748031495
11
4.5597931889763776
21
-3.9048096062992124
0
LINE
8
BLACK
6
CONTINUOUS
10
4.5597931889763776
20
-3.9048096062992124
11
4.55958905511811
21
-3.9051900393700785
0
LINE
8
BLACK
6
CONTINUOUS
10
4.55958905511811
20
-3.9051900393700785
11
4.5594239763779525
21
-3.9055886614173225
0
LINE
8
BLACK
6
CONTINUOUS
10
4.5594239763779525
20
-3.9055886614173225
11
4.5593188188976379
21
-3.9056937795275588
0
LINE
8
BLACK
6
CONTINUOUS
10
4.5593188188976379
20
-3.9056937795275588
11
4.5592485433070866
21
-3.9058248425196851
0
LINE
8
BLACK
6
CONTINUOUS
10
4.5592485433070866
20
-3.9058248425196851
11
4.558914330708661
21
-3.9060982677165352
0
LINE
8
BLACK
6
CONTINUOUS
10
4.558914330708661
20
-3.9060982677165352
11
4.5586092913385823
21
-3.9064033464566927
0
LINE
8
BLACK
6
CONTINUOUS
10
4.5586092913385823
20
-3.9064033464566927
11
4.5584720078740153
21
-3.9064601968503938
0
LINE
8
BLACK
6
CONTINUOUS
10
4.5584720078740153
20
-3.9064601968503938
11
4.5583568897637798
21
-3.9065544094488187
0
LINE
8
BLACK
6
CONTINUOUS
10
4.5583568897637798
20
-3.9065544094488187
11
4.5579434645669288
21
-3.9066791338582676
0
LINE
8
BLACK
6
CONTINUOUS
10
4.5579434645669288
20
-3.9066791338582676
11
4.5575448818897639
21
-3.9068442519685038
0
LINE
8
BLACK
6
CONTINUOUS
10
4.5575448818897639
20
-3.9068442519685038
11
4.5573962598425197
21
-3.9068442519685038
0
LINE
8
BLACK
6
CONTINUOUS
10
4.5573962598425197
20
-3.9068442519685038
11
4.5572538976377954
21
-3.9068872047244092
0
LINE
8
BLACK
6
CONTINUOUS
10
4.5572538976377954
20
-3.9068872047244092
11
4.5568112992125984
21
-3.9068442519685038
0
LINE
8
BLACK
6
CONTINUOUS
10
4.5568112992125984
20
-3.9068442519685038
11
4.55639279527559
21
-3.9068442519685038
0
LINE
8
BLACK
6
CONTINUOUS
10
4.55639279527559
20
-3.9068442519685038
11
4.5562647244094485
21
-3.9067911811023621
0
LINE
8
BLACK
6
CONTINUOUS
10
4.5562647244094485
20
-3.9067911811023621
11
4.5379274015748035
21
-3.9050115748031495
0
LINE
8
BLACK
6
CONTINUOUS
10
4.5379274015748035
20
-3.9050115748031495
11
4.5377174803149609
21
-3.9049694881889763
0
LINE
8
BLACK
6
CONTINUOUS
10
4.5377174803149609
20
-3.9049694881889763
11
4.5376451574803145
21
-3.9049694881889763
0
LINE
8
BLACK
6
CONTINUOUS
10
4.5376451574803145
20
-3.9049694881889763
11
4.5375773228346459
21
-3.9049413779527558
0
LINE
8
BLACK
6
CONTINUOUS
10
4.5375773228346459
20
-3.9049413779527558
11
4.5373598425196846
21
-3.9048977952755903
0
LINE
8
BLACK
6
CONTINUOUS
10
4.5373598425196846
20
-3.9048977952755903
11
4.5369795275590548
21
-3.9046937401574802
0
LINE
8
BLACK
6
CONTINUOUS
10
4.5369795275590548
20
-3.9046937401574802
11
4.5365807480314961
21
-3.9045285826771652
0
LINE
8
BLACK
6
CONTINUOUS
10
4.5365807480314961
20
-3.9045285826771652
11
4.5364755511811019
21
-3.9044233858267714
0
LINE
8
BLACK
6
CONTINUOUS
10
4.5364755511811019
20
-3.9044233858267714
11
4.5363446062992123
21
-3.9043531496062993
0
LINE
8
BLACK
6
CONTINUOUS
10
4.5363446062992123
20
-3.9043531496062993
11
4.5360713385826772
21
-3.9040191732283462
0
LINE
8
BLACK
6
CONTINUOUS
10
4.5360713385826772
20
-3.9040191732283462
11
4.5357661023622047
21
-3.9037139370078737
0
LINE
8
BLACK
6
CONTINUOUS
10
4.5357661023622047
20
-3.9037139370078737
11
4.5357091732283461
21
-3.9035765748031497
0
LINE
8
BLACK
6
CONTINUOUS
10
4.5357091732283461
20
-3.9035765748031497
11
4.5356150393700787
21
-3.9034614960629921
0
LINE
8
BLACK
6
CONTINUOUS
10
4.5356150393700787
20
-3.9034614960629921
11
4.5354903149606294
21
-3.9030481889763777
0
LINE
8
BLACK
6
CONTINUOUS
10
4.5354903149606294
20
-3.9030481889763777
11
4.535325196850394
21
-3.9026495275590549
0
LINE
8
BLACK
6
CONTINUOUS
10
4.535325196850394
20
-3.9026495275590549
11
4.535324724409449
21
-3.9024993700787403
0
LINE
8
BLACK
6
CONTINUOUS
10
4.535324724409449
20
-3.9024993700787403
11
4.5352822440944882
21
-3.9023585039370077
0
LINE
8
BLACK
6
CONTINUOUS
10
4.5352822440944882
20
-3.9023585039370077
11
4.5353231102362201
21
-3.9019495275590552
0
LINE
8
BLACK
6
CONTINUOUS
10
4.5353231102362201
20
-3.9019495275590552
11
4.5352684645669292
21
-3.8833258267716535
0
LINE
8
BLACK
6
CONTINUOUS
10
4.5352684645669292
20
-3.8833258267716535
11
4.535325196850394
21
-3.8827497637795276
0
LINE
8
BLACK
6
CONTINUOUS
10
4.535325196850394
20
-3.8827497637795276
11
4.5357661023622047
21
-3.8816853543307084
0
LINE
8
BLACK
6
CONTINUOUS
10
4.5357661023622047
20
-3.8816853543307084
11
4.5365807480314961
21
-3.8808707086614174
0
LINE
8
BLACK
6
CONTINUOUS
10
4.5365807480314961
20
-3.8808707086614174
11
4.5376451574803145
21
-3.8804298031496063
0
LINE
8
BLACK
6
CONTINUOUS
10
4.5376451574803145
20
-3.8804298031496063
11
4.5387972834645671
21
-3.8804298031496063
0
LINE
8
BLACK
6
CONTINUOUS
10
4.5387972834645671
20
-3.8804298031496063
11
4.5398616929133855
21
-3.8808707086614174
0
LINE
8
BLACK
6
CONTINUOUS
10
4.5398616929133855
20
-3.8808707086614174
11
4.5406763385826769
21
-3.8816853543307084
0
LINE
8
BLACK
6
CONTINUOUS
10
4.5406763385826769
20
-3.8816853543307084
11
4.5411172440944885
21
-3.8827497637795276
0
LINE
8
BLACK
6
CONTINUOUS
10
4.5411172440944885
20
-3.8827497637795276
11
4.5411662598425195
21
-3.8994479527559056
0
LINE
8
BLACK
6
CONTINUOUS
10
4.5411662598425195
20
-3.8994479527559056
11
4.5509668897637798
21
-3.900399094488189
0
LINE
8
BLACK
6
CONTINUOUS
10
4.5509668897637798
20
-3.900399094488189
11
4.5505783070866137
21
-3.8996444488188975
0
LINE
8
BLACK
6
CONTINUOUS
10
4.5505783070866137
20
-3.8996444488188975
11
4.5503714173228342
21
-3.8991038188976379
0
LINE
8
BLACK
6
CONTINUOUS
10
4.5503714173228342
20
-3.8991038188976379
11
4.5503638976377951
21
-3.8989979921259841
0
LINE
8
BLACK
6
CONTINUOUS
10
4.5503638976377951
20
-3.8989979921259841
11
4.5503233070866145
21
-3.8988999999999998
0
LINE
8
BLACK
6
CONTINUOUS
10
4.5503233070866145
20
-3.8988999999999998
11
4.5503203543307089
21
-3.8983853937007873
0
LINE
8
BLACK
6
CONTINUOUS
10
4.5503203543307089
20
-3.8983853937007873
11
4.5502897637795279
21
-3.8979546062992125
0
LINE
8
BLACK
6
CONTINUOUS
10
4.5502897637795279
20
-3.8979546062992125
11
4.5503174409448821
21
-3.8978715354330706
0
LINE
8
BLACK
6
CONTINUOUS
10
4.5503174409448821
20
-3.8978715354330706
11
4.5502665748031497
21
-3.8889501181102362
0
LINE
8
BLACK
6
CONTINUOUS
10
4.5502665748031497
20
-3.8889501181102362
11
4.5503233070866145
21
-3.8883740551181103
0
LINE
8
BLACK
6
CONTINUOUS
10
4.5503233070866145
20
-3.8883740551181103
11
4.5503638976377951
21
-3.8882760236220473
0
LINE
8
BLACK
6
CONTINUOUS
10
4.5503638976377951
20
-3.8882760236220473
11
4.5503714173228342
21
-3.8881702362204722
0
LINE
8
BLACK
6
CONTINUOUS
10
4.5503714173228342
20
-3.8881702362204722
11
4.5506196062992128
21
-3.8876586614173227
0
LINE
8
BLACK
6
CONTINUOUS
10
4.5506196062992128
20
-3.8876586614173227
11
4.5507642125984251
21
-3.887309645669291
0
LINE
8
BLACK
6
CONTINUOUS
10
4.5507642125984251
20
-3.887309645669291
11
4.5508123228346458
21
-3.8872614960629921
0
LINE
8
BLACK
6
CONTINUOUS
10
4.5508123228346458
20
-3.8872614960629921
11
4.5524530708661413
21
-3.8838800787401575
0
LINE
8
BLACK
6
CONTINUOUS
10
4.5524530708661413
20
-3.8838800787401575
11
4.5526091338582679
21
-3.8836320472440944
0
LINE
8
BLACK
6
CONTINUOUS
10
4.5526091338582679
20
-3.8836320472440944
11
4.5526389763779527
21
-3.8835601181102359
0
LINE
8
BLACK
6
CONTINUOUS
10
4.5526389763779527
20
-3.8835601181102359
11
4.552683464566929
21
-3.8835140157480312
0
LINE
8
BLACK
6
CONTINUOUS
10
4.552683464566929
20
-3.8835140157480312
11
4.5527614173228343
21
-3.8833901968503937
0
LINE
8
BLACK
6
CONTINUOUS
10
4.5527614173228343
20
-3.8833901968503937
11
4.5530170866141733
21
-3.8831684251968501
0
LINE
8
BLACK
6
CONTINUOUS
10
4.5530170866141733
20
-3.8831684251968501
11
4.5548809448818899
21
-3.8812379133858266
0
LINE
8
BLACK
6
CONTINUOUS
10
4.5548809448818899
20
-3.8812379133858266
11
4.5551072834645669
21
-3.8810521259842519
0
LINE
8
BLACK
6
CONTINUOUS
10
4.5551072834645669
20
-3.8810521259842519
11
4.5551584645669294
21
-3.880993149606299
0
LINE
8
BLACK
6
CONTINUOUS
10
4.5551584645669294
20
-3.880993149606299
11
4.5552140944881891
21
-3.8809644881889764
0
LINE
8
BLACK
6
CONTINUOUS
10
4.5552140944881891
20
-3.8809644881889764
11
4.5553283858267717
21
-3.8808707086614174
0
LINE
8
BLACK
6
CONTINUOUS
10
4.5553283858267717
20
-3.8808707086614174
11
4.5556752362204724
21
-3.8807270078740155
0
LINE
8
BLACK
6
CONTINUOUS
10
4.5556752362204724
20
-3.8807270078740155
11
4.5593978740157484
21
-3.8788100393700788
0
LINE
8
BLACK
6
CONTINUOUS
10
4.5593978740157484
20
-3.8788100393700788
11
4.5599384645669288
21
-3.8786031496062989
0
LINE
8
BLACK
6
CONTINUOUS
10
4.5599384645669288
20
-3.8786031496062989
11
4.5600443307086609
21
-3.8785955905511811
0
LINE
8
BLACK
6
CONTINUOUS
10
4.5600443307086609
20
-3.8785955905511811
11
4.5601423228346452
21
-3.8785550393700787
0
LINE
8
BLACK
6
CONTINUOUS
10
4.5601423228346452
20
-3.8785550393700787
11
4.5606568503937011
21
-3.8785520866141732
0
LINE
8
BLACK
6
CONTINUOUS
10
4.5606568503937011
20
-3.8785520866141732
11
4.5610876771653546
21
-3.8785214960629921
0
LINE
8
BLACK
6
CONTINUOUS
10
4.5610876771653546
20
-3.8785214960629921
11
4.5611707086614173
21
-3.8785491732283464
0
LINE
8
BLACK
6
CONTINUOUS
10
4.5611707086614173
20
-3.8785491732283464
11
4.5700922047244097
21
-3.8784983070866139
0
LINE
8
BLACK
6
CONTINUOUS
10
4.5700922047244097
20
-3.8784983070866139
11
4.5706682677165356
21
-3.8785550393700787
0
LINE
8
BLACK
6
CONTINUOUS
10
4.562693661417323
20
-3.8410128740157479
11
4.5627366929133855
21
-3.8410064960629922
0
LINE
8
BLACK
6
CONTINUOUS
10
4.5627366929133855
20
-3.8410064960629922
11
4.5628103543307086
21
-3.8410243700787401
0
LINE
8
BLACK
6
CONTINUOUS
10
4.5628103543307086
20
-3.8410243700787401
11
4.5631692125984253
21
-3.8410597244094489
0
LINE
8
BLACK
6
CONTINUOUS
10
4.5631692125984253
20
-3.8410597244094489
11
4.5634711023622048
21
-3.8411847637795273
0
LINE
8
BLACK
6
CONTINUOUS
10
4.5634711023622048
20
-3.8411847637795273
11
4.5708083464566931
21
-3.8429659055118108
0
LINE
8
BLACK
6
CONTINUOUS
10
4.5708083464566931
20
-3.8429659055118108
11
4.570850826771653
21
-3.8429810629921257
0
LINE
8
BLACK
6
CONTINUOUS
10
4.570850826771653
20
-3.8429810629921257
11
4.5708720866141732
21
-3.8429825984251966
0
LINE
8
BLACK
6
CONTINUOUS
10
4.5708720866141732
20
-3.8429825984251966
11
4.5709196062992126
21
-3.8430056299212598
0
LINE
8
BLACK
6
CONTINUOUS
10
4.5709196062992126
20
-3.8430056299212598
11
4.5713534645669291
21
-3.8431606692913385
0
LINE
8
BLACK
6
CONTINUOUS
10
4.5713534645669291
20
-3.8431606692913385
11
4.5715704330708657
21
-3.8433214566929133
0
LINE
8
BLACK
6
CONTINUOUS
10
4.5715704330708657
20
-3.8433214566929133
11
4.5751622440944884
21
-3.8450642519685037
0
LINE
8
BLACK
6
CONTINUOUS
10
4.5751622440944884
20
-3.8450642519685037
11
4.575410118110236
21
-3.8452202755905511
0
LINE
8
BLACK
6
CONTINUOUS
10
4.575410118110236
20
-3.8452202755905511
11
4.5754821653543303
21
-3.8452501181102363
0
LINE
8
BLACK
6
CONTINUOUS
10
4.5754821653543303
20
-3.8452501181102363
11
4.5755282677165354
21
-3.8452946456692914
0
LINE
8
BLACK
6
CONTINUOUS
10
4.5755282677165354
20
-3.8452946456692914
11
4.5756521259842522
21
-3.8453725984251967
0
LINE
8
BLACK
6
CONTINUOUS
10
4.5756521259842522
20
-3.8453725984251967
11
4.5758738188976373
21
-3.8456282283464565
0
LINE
8
BLACK
6
CONTINUOUS
10
4.5758738188976373
20
-3.8456282283464565
11
4.5778044094488184
21
-3.8474920866141731
0
LINE
8
BLACK
6
CONTINUOUS
10
4.5778044094488184
20
-3.8474920866141731
11
4.5779901574803148
21
-3.8477184251968501
0
LINE
8
BLACK
6
CONTINUOUS
10
4.5779901574803148
20
-3.8477184251968501
11
4.5780492125984251
21
-3.8477696456692914
0
LINE
8
BLACK
6
CONTINUOUS
10
4.5780492125984251
20
-3.8477696456692914
11
4.5780778346456694
21
-3.8478252755905511
0
LINE
8
BLACK
6
CONTINUOUS
10
4.5780778346456694
20
-3.8478252755905511
11
4.5781716535433068
21
-3.8479395669291336
0
LINE
8
BLACK
6
CONTINUOUS
10
4.5781716535433068
20
-3.8479395669291336
11
4.5783153149606299
21
-3.8482864173228344
0
LINE
8
BLACK
6
CONTINUOUS
10
4.5783153149606299
20
-3.8482864173228344
11
4.5802323228346458
21
-3.8520090551181103
0
LINE
8
BLACK
6
CONTINUOUS
10
4.5802323228346458
20
-3.8520090551181103
11
4.5804392125984252
21
-3.8525496456692911
0
LINE
8
BLACK
6
CONTINUOUS
10
4.5804392125984252
20
-3.8525496456692911
11
4.5804467322834643
21
-3.8526555118110237
0
LINE
8
BLACK
6
CONTINUOUS
10
4.5804467322834643
20
-3.8526555118110237
11
4.5804873228346459
21
-3.852753503937008
0
LINE
8
BLACK
6
CONTINUOUS
10
4.5804873228346459
20
-3.852753503937008
11
4.5804949212598425
21
-3.8533338582677166
0
LINE
8
BLACK
6
CONTINUOUS
10
4.5804949212598425
20
-3.8533338582677166
11
4.5805208661417325
21
-3.8536988582677165
0
LINE
8
BLACK
6
CONTINUOUS
10
4.5805208661417325
20
-3.8536988582677165
11
4.5805005118110236
21
-3.8537598818897636
0
LINE
8
BLACK
6
CONTINUOUS
10
4.5805005118110236
20
-3.8537598818897636
11
4.5805440551181098
21
-3.857079094488189
0
LINE
8
BLACK
6
CONTINUOUS
10
4.5805440551181098
20
-3.857079094488189
11
4.5804873228346459
21
-3.8576551574803148
0
LINE
8
BLACK
6
CONTINUOUS
10
4.5804873228346459
20
-3.8576551574803148
11
4.5804467322834643
21
-3.8577531102362204
0
LINE
8
BLACK
6
CONTINUOUS
10
4.5804467322834643
20
-3.8577531102362204
11
4.5804392125984252
21
-3.8578590157480313
0
LINE
8
BLACK
6
CONTINUOUS
10
4.5804392125984252
20
-3.8578590157480313
11
4.5801908661417325
21
-3.8583707480314962
0
LINE
8
BLACK
6
CONTINUOUS
10
4.5801908661417325
20
-3.8583707480314962
11
4.5800464173228344
21
-3.8587195669291336
0
LINE
8
BLACK
6
CONTINUOUS
10
4.5800464173228344
20
-3.8587195669291336
11
4.5799983070866137
21
-3.8587676377952755
0
LINE
8
BLACK
6
CONTINUOUS
10
4.5799983070866137
20
-3.8587676377952755
11
4.5783575590551182
21
-3.8621491338582676
0
LINE
8
BLACK
6
CONTINUOUS
10
4.5783575590551182
20
-3.8621491338582676
11
4.5782014566929137
21
-3.862397125984252
0
LINE
8
BLACK
6
CONTINUOUS
10
4.5782014566929137
20
-3.862397125984252
11
4.5781716535433068
21
-3.8624690944881888
0
LINE
8
BLACK
6
CONTINUOUS
10
4.5781716535433068
20
-3.8624690944881888
11
4.5781271259842518
21
-3.8625151574803147
0
LINE
8
BLACK
6
CONTINUOUS
10
4.5781271259842518
20
-3.8625151574803147
11
4.5780492125984251
21
-3.8626390157480315
0
LINE
8
BLACK
6
CONTINUOUS
10
4.5780492125984251
20
-3.8626390157480315
11
4.57779342519685
21
-3.8628607874015746
0
LINE
8
BLACK
6
CONTINUOUS
10
4.57779342519685
20
-3.8628607874015746
11
4.5759296062992121
21
-3.8647913385826769
0
LINE
8
BLACK
6
CONTINUOUS
10
4.5759296062992121
20
-3.8647913385826769
11
4.575703267716535
21
-3.8649770472440945
0
LINE
8
BLACK
6
CONTINUOUS
10
4.575703267716535
20
-3.8649770472440945
11
4.5756521259842522
21
-3.8650360629921261
0
LINE
8
BLACK
6
CONTINUOUS
10
4.5756521259842522
20
-3.8650360629921261
11
4.5755964960629925
21
-3.86506468503937
0
LINE
8
BLACK
6
CONTINUOUS
10
4.5755964960629925
20
-3.86506468503937
11
4.5754821653543303
21
-3.8651585433070865
0
LINE
8
BLACK
6
CONTINUOUS
10
4.5754821653543303
20
-3.8651585433070865
11
4.575135236220472
21
-3.8653022047244092
0
LINE
8
BLACK
6
CONTINUOUS
10
4.575135236220472
20
-3.8653022047244092
11
4.5714127165354332
21
-3.8672191732283463
0
LINE
8
BLACK
6
CONTINUOUS
10
4.5714127165354332
20
-3.8672191732283463
11
4.5713705905511812
21
-3.8672352755905512
0
LINE
8
BLACK
6
CONTINUOUS
10
4.5713705905511812
20
-3.8672352755905512
11
4.5713534645669291
21
-3.8672479921259844
0
LINE
8
BLACK
6
CONTINUOUS
10
4.5713534645669291
20
-3.8672479921259844
11
4.5713044488188972
21
-3.8672605905511812
0
LINE
8
BLACK
6
CONTINUOUS
10
4.5713044488188972
20
-3.8672605905511812
11
4.5708720866141732
21
-3.8674260629921258
0
LINE
8
BLACK
6
CONTINUOUS
10
4.5708720866141732
20
-3.8674260629921258
11
4.5705808661417322
21
-3.8674467322834647
0
LINE
8
BLACK
6
CONTINUOUS
10
4.5705808661417322
20
-3.8674467322834647
11
4.5633092913385829
21
-3.8693175196850391
0
LINE
8
BLACK
6
CONTINUOUS
10
4.5633092913385829
20
-3.8693175196850391
11
4.5632094094488185
21
-3.8693322834645669
0
LINE
8
BLACK
6
CONTINUOUS
10
4.5632094094488185
20
-3.8693322834645669
11
4.5631692125984253
21
-3.869348937007874
0
LINE
8
BLACK
6
CONTINUOUS
10
4.5631692125984253
20
-3.869348937007874
11
4.563093818897638
21
-3.8693493307086615
0
LINE
8
BLACK
6
CONTINUOUS
10
4.563093818897638
20
-3.8693493307086615
11
4.5627366929133855
21
-3.8694021653543307
0
LINE
8
BLACK
6
CONTINUOUS
10
4.5627366929133855
20
-3.8694021653543307
11
4.5624081102362206
21
-3.8693532677165354
0
LINE
8
BLACK
6
CONTINUOUS
10
4.5624081102362206
20
-3.8693532677165354
11
4.5532193307086617
21
-3.8694056692913383
0
LINE
8
BLACK
6
CONTINUOUS
10
4.5532193307086617
20
-3.8694056692913383
11
4.5531187795275594
21
-3.8693957480314958
0
LINE
8
BLACK
6
CONTINUOUS
10
4.5531187795275594
20
-3.8693957480314958
11
4.5530757874015748
21
-3.8694021653543307
0
LINE
8
BLACK
6
CONTINUOUS
10
4.5530757874015748
20
-3.8694021653543307
11
4.5530020866141729
21
-3.869384251968504
0
LINE
8
BLACK
6
CONTINUOUS
10
4.5530020866141729
20
-3.869384251968504
11
4.5526432677165349
21
-3.869348937007874
0
LINE
8
BLACK
6
CONTINUOUS
10
4.5526432677165349
20
-3.869348937007874
11
4.5523413385826768
21
-3.8692238582677163
0
LINE
8
BLACK
6
CONTINUOUS
10
4.5523413385826768
20
-3.8692238582677163
11
4.5450041338582672
21
-3.8674427559055116
0
LINE
8
BLACK
6
CONTINUOUS
10
4.5450041338582672
20
-3.8674427559055116
11
4.5449616141732285
21
-3.8674275590551179
0
LINE
8
BLACK
6
CONTINUOUS
10
4.5449616141732285
20
-3.8674275590551179
11
4.5449403543307083
21
-3.8674260629921258
0
LINE
8
BLACK
6
CONTINUOUS
10
4.5449403543307083
20
-3.8674260629921258
11
4.5448926771653539
21
-3.8674029133858268
0
LINE
8
BLACK
6
CONTINUOUS
10
4.5448926771653539
20
-3.8674029133858268
11
4.5444590157480311
21
-3.8672479921259844
0
LINE
8
BLACK
6
CONTINUOUS
10
4.5444590157480311
20
-3.8672479921259844
11
4.5442420472440945
21
-3.8670872440944879
0
LINE
8
BLACK
6
CONTINUOUS
10
4.5442420472440945
20
-3.8670872440944879
11
4.5406502362204719
21
-3.8653444094488187
0
LINE
8
BLACK
6
CONTINUOUS
10
4.5406502362204719
20
-3.8653444094488187
11
4.5404022047244093
21
-3.8651883070866142
0
LINE
8
BLACK
6
CONTINUOUS
10
4.5404022047244093
20
-3.8651883070866142
11
4.5403302755905512
21
-3.8651585039370078
0
LINE
8
BLACK
6
CONTINUOUS
10
4.5403302755905512
20
-3.8651585039370078
11
4.5402841732283461
21
-3.8651139763779527
0
LINE
8
BLACK
6
CONTINUOUS
10
4.5402841732283461
20
-3.8651139763779527
11
4.540160354330709
21
-3.8650360629921261
0
LINE
8
BLACK
6
CONTINUOUS
10
4.540160354330709
20
-3.8650360629921261
11
4.5399385826771654
21
-3.8647803543307084
0
LINE
8
BLACK
6
CONTINUOUS
10
4.5399385826771654
20
-3.8647803543307084
11
4.5380080708661419
21
-3.8629165354330706
0
LINE
8
BLACK
6
CONTINUOUS
10
4.5380080708661419
20
-3.8629165354330706
11
4.5378222834645667
21
-3.8626901574803147
0
LINE
8
BLACK
6
CONTINUOUS
10
4.5378222834645667
20
-3.8626901574803147
11
4.5377633070866139
21
-3.8626390157480315
0
LINE
8
BLACK
6
CONTINUOUS
10
4.5377633070866139
20
-3.8626390157480315
11
4.5377346456692909
21
-3.862583346456693
0
LINE
8
BLACK
6
CONTINUOUS
10
4.5377346456692909
20
-3.862583346456693
11
4.5376408661417322
21
-3.8624690944881888
0
LINE
8
BLACK
6
CONTINUOUS
10
4.5376408661417322
20
-3.8624690944881888
11
4.5374972047244091
21
-3.8621222834645668
0
LINE
8
BLACK
6
CONTINUOUS
10
4.5374972047244091
20
-3.8621222834645668
11
4.5355801968503933
21
-3.8583996062992125
0
LINE
8
BLACK
6
CONTINUOUS
10
4.5355801968503933
20
-3.8583996062992125
11
4.5353733070866138
21
-3.8578589763779525
0
LINE
8
BLACK
6
CONTINUOUS
10
4.5353733070866138
20
-3.8578589763779525
11
4.5353657874015747
21
-3.8577531496062991
0
LINE
8
BLACK
6
CONTINUOUS
10
4.5353657874015747
20
-3.8577531496062991
11
4.535325196850394
21
-3.8576551574803148
0
LINE
8
BLACK
6
CONTINUOUS
10
4.535325196850394
20
-3.8576551574803148
11
4.5353175590551178
21
-3.85707468503937
0
LINE
8
BLACK
6
CONTINUOUS
10
4.5353175590551178
20
-3.85707468503937
11
4.5352916535433065
21
-3.8567097637795276
0
LINE
8
BLACK
6
CONTINUOUS
10
4.5352916535433065
20
-3.8567097637795276
11
4.5353119685039367
21
-3.8566487007874013
0
LINE
8
BLACK
6
CONTINUOUS
10
4.5353119685039367
20
-3.8566487007874013
11
4.5352684645669292
21
-3.8533295669291339
0
LINE
8
BLACK
6
CONTINUOUS
10
4.5352684645669292
20
-3.8533295669291339
11
4.535325196850394
21
-3.852753503937008
0
LINE
8
BLACK
6
CONTINUOUS
10
4.535325196850394
20
-3.852753503937008
11
4.5353657874015747
21
-3.852655472440945
0
LINE
8
BLACK
6
CONTINUOUS
10
4.5353657874015747
20
-3.852655472440945
11
4.5353733070866138
21
-3.8525496850393699
0
LINE
8
BLACK
6
CONTINUOUS
10
4.5353733070866138
20
-3.8525496850393699
11
4.5356214960629924
21
-3.8520381102362204
0
LINE
8
BLACK
6
CONTINUOUS
10
4.5356214960629924
20
-3.8520381102362204
11
4.5357661023622047
21
-3.8516890944881887
0
LINE
8
BLACK
6
CONTINUOUS
10
4.5357661023622047
20
-3.8516890944881887
11
4.5358142125984253
21
-3.8516409448818898
0
LINE
8
BLACK
6
CONTINUOUS
10
4.5358142125984253
20
-3.8516409448818898
11
4.5374549606299208
21
-3.8482595275590552
0
LINE
8
BLACK
6
CONTINUOUS
10
4.5374549606299208
20
-3.8482595275590552
11
4.5376110236220475
21
-3.8480114960629921
0
LINE
8
BLACK
6
CONTINUOUS
10
4.5376110236220475
20
-3.8480114960629921
11
4.5376408661417322
21
-3.8479395669291336
0
LINE
8
BLACK
6
CONTINUOUS
10
4.5376408661417322
20
-3.8479395669291336
11
4.5376853543307085
21
-3.8478934645669289
0
LINE
8
BLACK
6
CONTINUOUS
10
4.5376853543307085
20
-3.8478934645669289
11
4.5377633070866139
21
-3.8477696456692914
0
LINE
8
BLACK
6
CONTINUOUS
10
4.5377633070866139
20
-3.8477696456692914
11
4.5380189763779528
21
-3.8475478740157478
0
LINE
8
BLACK
6
CONTINUOUS
10
4.5380189763779528
20
-3.8475478740157478
11
4.5398828346456694
21
-3.8456173622047243
0
LINE
8
BLACK
6
CONTINUOUS
10
4.5398828346456694
20
-3.8456173622047243
11
4.5401091732283465
21
-3.8454315748031496
0
LINE
8
BLACK
6
CONTINUOUS
10
4.5401091732283465
20
-3.8454315748031496
11
4.540160354330709
21
-3.8453725984251967
0
LINE
8
BLACK
6
CONTINUOUS
10
4.540160354330709
20
-3.8453725984251967
11
4.5402159842519687
21
-3.8453439370078741
0
LINE
8
BLACK
6
CONTINUOUS
10
4.5402159842519687
20
-3.8453439370078741
11
4.5403302755905512
21
-3.8452501574803151
0
LINE
8
BLACK
6
CONTINUOUS
10
4.5403302755905512
20
-3.8452501574803151
11
4.540677125984252
21
-3.8451064566929132
0
LINE
8
BLACK
6
CONTINUOUS
10
4.540677125984252
20
-3.8451064566929132
11
4.544399763779527
21
-3.8431894881889761
0
LINE
8
BLACK
6
CONTINUOUS
10
4.544399763779527
20
-3.8431894881889761
11
4.5444418503937003
21
-3.8431733464566928
0
LINE
8
BLACK
6
CONTINUOUS
10
4.5444418503937003
20
-3.8431733464566928
11
4.5444590157480311
21
-3.8431606692913385
0
LINE
8
BLACK
6
CONTINUOUS
10
4.5444590157480311
20
-3.8431606692913385
11
4.5445079527559056
21
-3.8431480708661416
0
LINE
8
BLACK
6
CONTINUOUS
10
4.5445079527559056
20
-3.8431480708661416
11
4.5449403543307083
21
-3.8429825984251966
0
LINE
8
BLACK
6
CONTINUOUS
10
4.5449403543307083
20
-3.8429825984251966
11
4.5452315748031493
21
-3.8429618897637794
0
LINE
8
BLACK
6
CONTINUOUS
10
4.5452315748031493
20
-3.8429618897637794
11
4.5525031889763783
21
-3.8410911417322833
0
LINE
8
BLACK
6
CONTINUOUS
10
4.5525031889763783
20
-3.8410911417322833
11
4.552603031496063
21
-3.8410763385826772
0
LINE
8
BLACK
6
CONTINUOUS
10
4.552603031496063
20
-3.8410763385826772
11
4.5526432677165349
21
-3.8410597244094489
0
LINE
8
BLACK
6
CONTINUOUS
10
4.5526432677165349
20
-3.8410597244094489
11
4.5527186220472444
21
-3.8410592913385826
0
LINE
8
BLACK
6
CONTINUOUS
10
4.5527186220472444
20
-3.8410592913385826
11
4.5530757874015748
21
-3.8410064960629922
0
LINE
8
BLACK
6
CONTINUOUS
10
4.5530757874015748
20
-3.8410064960629922
11
4.5534043307086609
21
-3.8410553543307087
0
LINE
8
BLACK
6
CONTINUOUS
10
4.5534043307086609
20
-3.8410553543307087
11
4.5625931496062995
21
-3.8410029921259841
0
LINE
8
BLACK
6
CONTINUOUS
10
4.5625931496062995
20
-3.8410029921259841
11
4.562693661417323
21
-3.8410128740157479
0
LINE
8
BLACK
6
CONTINUOUS
10
4.5533845669291342
20
-3.8469075590551181
11
4.5465588976377953
21
-3.8486635826771654
0
LINE
8
BLACK
6
CONTINUOUS
10
4.5465588976377953
20
-3.8486635826771654
11
4.5436265748031497
21
-3.8501735826771655
0
LINE
8
BLACK
6
CONTINUOUS
10
4.5436265748031497
20
-3.8501735826771655
11
4.5424358661417319
21
-3.8514069291338582
0
LINE
8
BLACK
6
CONTINUOUS
10
4.5424358661417319
20
-3.8514069291338582
11
4.5411347244094484
21
-3.8540884251968501
0
LINE
8
BLACK
6
CONTINUOUS
10
4.5411347244094484
20
-3.8540884251968501
11
4.5411657874015745
21
-3.8564569685039367
0
LINE
8
BLACK
6
CONTINUOUS
10
4.5411657874015745
20
-3.8564569685039367
11
4.5425642913385822
21
-3.8591727559055116
0
LINE
8
BLACK
6
CONTINUOUS
10
4.5425642913385822
20
-3.8591727559055116
11
4.5437976771653545
21
-3.8603635039370077
0
LINE
8
BLACK
6
CONTINUOUS
10
4.5437976771653545
20
-3.8603635039370077
11
4.5469479133858268
21
-3.8618920472440945
0
LINE
8
BLACK
6
CONTINUOUS
10
4.5469479133858268
20
-3.8618920472440945
11
4.5537793307086609
21
-3.8635503937007871
0
LINE
8
BLACK
6
CONTINUOUS
10
4.5537793307086609
20
-3.8635503937007871
11
4.5624278740157482
21
-3.863501062992126
0
LINE
8
BLACK
6
CONTINUOUS
10
4.5624278740157482
20
-3.863501062992126
11
4.5692535433070862
21
-3.8617450393700787
0
LINE
8
BLACK
6
CONTINUOUS
10
4.5692535433070862
20
-3.8617450393700787
11
4.5721858661417318
21
-3.8602349999999999
0
LINE
8
BLACK
6
CONTINUOUS
10
4.5721858661417318
20
-3.8602349999999999
11
4.5733766535433071
21
-3.8590016535433072
0
LINE
8
BLACK
6
CONTINUOUS
10
4.5733766535433071
20
-3.8590016535433072
11
4.5746777559055118
21
-3.8563201968503935
0
LINE
8
BLACK
6
CONTINUOUS
10
4.5746777559055118
20
-3.8563201968503935
11
4.5746466929133858
21
-3.8539516535433069
0
LINE
8
BLACK
6
CONTINUOUS
10
4.5746466929133858
20
-3.8539516535433069
11
4.5732481889763781
21
-3.8512359055118108
0
LINE
8
BLACK
6
CONTINUOUS
10
4.5732481889763781
20
-3.8512359055118108
11
4.5720148031496066
21
-3.8500451574803147
0
LINE
8
BLACK
6
CONTINUOUS
10
4.5720148031496066
20
-3.8500451574803147
11
4.5688645275590547
21
-3.8485165748031496
0
LINE
8
BLACK
6
CONTINUOUS
10
4.5688645275590547
20
-3.8485165748031496
11
4.5620331102362206
21
-3.8468582283464565
0
LINE
8
BLACK
6
CONTINUOUS
10
4.5620331102362206
20
-3.8468582283464565
11
4.5533845669291342
21
-3.8469075590551181
0
LINE
8
BLACK
6
CONTINUOUS
10
6.1569075196850394
20
-3.814344251968504
11
6.1579719291338577
21
-3.8147851574803147
0
LINE
8
BLACK
6
CONTINUOUS
10
6.1579719291338577
20
-3.8147851574803147
11
6.1587865748031492
21
-3.8155998031496061
0
LINE
8
BLACK
6
CONTINUOUS
10
6.1587865748031492
20
-3.8155998031496061
11
6.1592274803149607
21
-3.8166642125984249
0
LINE
8
BLACK
6
CONTINUOUS
10
6.1592274803149607
20
-3.8166642125984249
11
6.1592274803149607
21
-3.8178163385826771
0
LINE
8
BLACK
6
CONTINUOUS
10
6.1592274803149607
20
-3.8178163385826771
11
6.1587865748031492
21
-3.8188807480314959
0
LINE
8
BLACK
6
CONTINUOUS
10
6.1587865748031492
20
-3.8188807480314959
11
6.1579719291338577
21
-3.8196953937007874
0
LINE
8
BLACK
6
CONTINUOUS
10
6.1579719291338577
20
-3.8196953937007874
11
6.1569075196850394
21
-3.8201362992125985
0
LINE
8
BLACK
6
CONTINUOUS
10
6.1569075196850394
20
-3.8201362992125985
11
6.1363184251968503
21
-3.8201913779527557
0
LINE
8
BLACK
6
CONTINUOUS
10
6.1363184251968503
20
-3.8201913779527557
11
6.1341122834645665
21
-3.8213274409448816
0
LINE
8
BLACK
6
CONTINUOUS
10
6.1341122834645665
20
-3.8213274409448816
11
6.1329930314960626
21
-3.8236341732283465
0
LINE
8
BLACK
6
CONTINUOUS
10
6.1329930314960626
20
-3.8236341732283465
11
6.1330318110236215
21
-3.8278716535433071
0
LINE
8
BLACK
6
CONTINUOUS
10
6.1330318110236215
20
-3.8278716535433071
11
6.1341718897637794
21
-3.8300855905511808
0
LINE
8
BLACK
6
CONTINUOUS
10
6.1341718897637794
20
-3.8300855905511808
11
6.136496456692913
21
-3.8312135039370077
0
LINE
8
BLACK
6
CONTINUOUS
10
6.136496456692913
20
-3.8312135039370077
11
6.1563314566929135
21
-3.831160433070866
0
LINE
8
BLACK
6
CONTINUOUS
10
6.1563314566929135
20
-3.831160433070866
11
6.1569075196850394
21
-3.8312171653543308
0
LINE
8
BLACK
6
CONTINUOUS
10
6.1569075196850394
20
-3.8312171653543308
11
6.1579719291338577
21
-3.8316580708661419
0
LINE
8
BLACK
6
CONTINUOUS
10
6.1579719291338577
20
-3.8316580708661419
11
6.1587865748031492
21
-3.8324727165354329
0
LINE
8
BLACK
6
CONTINUOUS
10
6.1587865748031492
20
-3.8324727165354329
11
6.1592274803149607
21
-3.8335371259842517
0
LINE
8
BLACK
6
CONTINUOUS
10
6.1592274803149607
20
-3.8335371259842517
11
6.1592274803149607
21
-3.8346892519685039
0
LINE
8
BLACK
6
CONTINUOUS
10
6.1592274803149607
20
-3.8346892519685039
11
6.1587865748031492
21
-3.8357536614173227
0
LINE
8
BLACK
6
CONTINUOUS
10
6.1587865748031492
20
-3.8357536614173227
11
6.1579719291338577
21
-3.8365683070866141
0
LINE
8
BLACK
6
CONTINUOUS
10
6.1579719291338577
20
-3.8365683070866141
11
6.1569075196850394
21
-3.8370092125984252
0
LINE
8
BLACK
6
CONTINUOUS
10
6.1569075196850394
20
-3.8370092125984252
11
6.1363184251968503
21
-3.8370642913385824
0
LINE
8
BLACK
6
CONTINUOUS
10
6.1363184251968503
20
-3.8370642913385824
11
6.1341123228346452
21
-3.8382003543307084
0
LINE
8
BLACK
6
CONTINUOUS
10
6.1341123228346452
20
-3.8382003543307084
11
6.1329930314960626
21
-3.8405070472440945
0
LINE
8
BLACK
6
CONTINUOUS
10
6.1329930314960626
20
-3.8405070472440945
11
6.1330318110236215
21
-3.844744527559055
0
LINE
8
BLACK
6
CONTINUOUS
10
6.1330318110236215
20
-3.844744527559055
11
6.1344277952755908
21
-3.8474554330708659
0
LINE
8
BLACK
6
CONTINUOUS
10
6.1344277952755908
20
-3.8474554330708659
11
6.1350729133858266
21
-3.8480782677165353
0
LINE
8
BLACK
6
CONTINUOUS
10
6.1350729133858266
20
-3.8480782677165353
11
6.1563314566929135
21
-3.848033307086614
0
LINE
8
BLACK
6
CONTINUOUS
10
6.1563314566929135
20
-3.848033307086614
11
6.1569075196850394
21
-3.8480900393700788
0
LINE
8
BLACK
6
CONTINUOUS
10
6.1569075196850394
20
-3.8480900393700788
11
6.1579719291338577
21
-3.8485309448818898
0
LINE
8
BLACK
6
CONTINUOUS
10
6.1579719291338577
20
-3.8485309448818898
11
6.1587865748031492
21
-3.8493455905511809
0
LINE
8
BLACK
6
CONTINUOUS
10
6.1587865748031492
20
-3.8493455905511809
11
6.1592274803149607
21
-3.8504100000000001
0
LINE
8
BLACK
6
CONTINUOUS
10
6.1592274803149607
20
-3.8504100000000001
11
6.1592274803149607
21
-3.8515621259842518
0
LINE
8
BLACK
6
CONTINUOUS
10
6.1592274803149607
20
-3.8515621259842518
11
6.1587865748031492
21
-3.8526265354330707
0
LINE
8
BLACK
6
CONTINUOUS
10
6.1587865748031492
20
-3.8526265354330707
11
6.1579719291338577
21
-3.8534411811023621
0
LINE
8
BLACK
6
CONTINUOUS
10
6.1579719291338577
20
-3.8534411811023621
11
6.1569075196850394
21
-3.8538820866141732
0
LINE
8
BLACK
6
CONTINUOUS
10
6.1569075196850394
20
-3.8538820866141732
11
6.130084724409449
21
-3.8539388188976376
0
LINE
8
BLACK
6
CONTINUOUS
10
6.130084724409449
20
-3.8539388188976376
11
6.1295086614173231
21
-3.8538820866141732
0
LINE
8
BLACK
6
CONTINUOUS
10
6.1295086614173231
20
-3.8538820866141732
11
6.1284442519685038
21
-3.8534411811023621
0
LINE
8
BLACK
6
CONTINUOUS
10
6.1284442519685038
20
-3.8534411811023621
11
6.1276296062992124
21
-3.8526265354330707
0
LINE
8
BLACK
6
CONTINUOUS
10
6.1276296062992124
20
-3.8526265354330707
11
6.1271887007874017
21
-3.8515621259842518
0
LINE
8
BLACK
6
CONTINUOUS
10
6.1271887007874017
20
-3.8515621259842518
11
6.1271887007874017
21
-3.8504100000000001
0
LINE
8
BLACK
6
CONTINUOUS
10
6.1271887007874017
20
-3.8504100000000001
11
6.1276296062992124
21
-3.8493455905511809
0
LINE
8
BLACK
6
CONTINUOUS
10
6.1276296062992124
20
-3.8493455905511809
11
6.1284121653543302
21
-3.8485629921259843
0
LINE
8
BLACK
6
CONTINUOUS
10
6.1284121653543302
20
-3.8485629921259843
11
6.1274437007874019
21
-3.8466822834645669
0
LINE
8
BLACK
6
CONTINUOUS
10
6.1274437007874019
20
-3.8466822834645669
11
6.1272368110236215
21
-3.8461416535433068
0
LINE
8
BLACK
6
CONTINUOUS
10
6.1272368110236215
20
-3.8461416535433068
11
6.1272292913385824
21
-3.8460358267716535
0
LINE
8
BLACK
6
CONTINUOUS
10
6.1272292913385824
20
-3.8460358267716535
11
6.1271887007874017
21
-3.8459378346456692
0
LINE
8
BLACK
6
CONTINUOUS
10
6.1271887007874017
20
-3.8459378346456692
11
6.127183700787401
21
-3.8453945669291336
0
LINE
8
BLACK
6
CONTINUOUS
10
6.127183700787401
20
-3.8453945669291336
11
6.1271551574803151
21
-3.8449924409448819
0
LINE
8
BLACK
6
CONTINUOUS
10
6.1271551574803151
20
-3.8449924409448819
11
6.12717937007874
21
-3.8449197244094488
0
LINE
8
BLACK
6
CONTINUOUS
10
6.12717937007874
20
-3.8449197244094488
11
6.1271319685039369
21
-3.8397374803149606
0
LINE
8
BLACK
6
CONTINUOUS
10
6.1271319685039369
20
-3.8397374803149606
11
6.1271887007874017
21
-3.8391614173228348
0
LINE
8
BLACK
6
CONTINUOUS
10
6.1271887007874017
20
-3.8391614173228348
11
6.1272292913385824
21
-3.8390633858267718
0
LINE
8
BLACK
6
CONTINUOUS
10
6.1272292913385824
20
-3.8390633858267718
11
6.1272368110236215
21
-3.8389575984251967
0
LINE
8
BLACK
6
CONTINUOUS
10
6.1272368110236215
20
-3.8389575984251967
11
6.1274850000000001
21
-3.8384460236220472
0
LINE
8
BLACK
6
CONTINUOUS
10
6.1274850000000001
20
-3.8384460236220472
11
6.1276296062992124
21
-3.8380970078740155
0
LINE
8
BLACK
6
CONTINUOUS
10
6.1276296062992124
20
-3.8380970078740155
11
6.127677716535433
21
-3.8380488582677166
0
LINE
8
BLACK
6
CONTINUOUS
10
6.127677716535433
20
-3.8380488582677166
11
6.1293184645669294
21
-3.834667440944882
0
LINE
8
BLACK
6
CONTINUOUS
10
6.1293184645669294
20
-3.834667440944882
11
6.129379094488189
21
-3.8345710629921257
0
LINE
8
BLACK
6
CONTINUOUS
10
6.129379094488189
20
-3.8345710629921257
11
6.1293942519685034
21
-3.8345256692913385
0
LINE
8
BLACK
6
CONTINUOUS
10
6.1293942519685034
20
-3.8345256692913385
11
6.1294432677165354
21
-3.8344690944881887
0
LINE
8
BLACK
6
CONTINUOUS
10
6.1294432677165354
20
-3.8344690944881887
11
6.1296268110236216
21
-3.8341775590551181
0
LINE
8
BLACK
6
CONTINUOUS
10
6.1296268110236216
20
-3.8341775590551181
11
6.1297010236220473
21
-3.834113188976378
0
LINE
8
BLACK
6
CONTINUOUS
10
6.1297010236220473
20
-3.834113188976378
11
6.1296268110236216
21
-3.8340488188976378
0
LINE
8
BLACK
6
CONTINUOUS
10
6.1296268110236216
20
-3.8340488188976378
11
6.1295254330708664
21
-3.8338519685039367
0
LINE
8
BLACK
6
CONTINUOUS
10
6.1295254330708664
20
-3.8338519685039367
11
6.1293942519685034
21
-3.8337007086614174
0
LINE
8
BLACK
6
CONTINUOUS
10
6.1293942519685034
20
-3.8337007086614174
11
6.1292964173228341
21
-3.8334072047244092
0
LINE
8
BLACK
6
CONTINUOUS
10
6.1292964173228341
20
-3.8334072047244092
11
6.1274437007874019
21
-3.8298094094488189
0
LINE
8
BLACK
6
CONTINUOUS
10
6.1274437007874019
20
-3.8298094094488189
11
6.1272368110236215
21
-3.8292687795275588
0
LINE
8
BLACK
6
CONTINUOUS
10
6.1272368110236215
20
-3.8292687795275588
11
6.1272292913385824
21
-3.8291629527559055
0
LINE
8
BLACK
6
CONTINUOUS
10
6.1272292913385824
20
-3.8291629527559055
11
6.1271887007874017
21
-3.8290649606299212
0
LINE
8
BLACK
6
CONTINUOUS
10
6.1271887007874017
20
-3.8290649606299212
11
6.127183700787401
21
-3.8285216929133856
0
LINE
8
BLACK
6
CONTINUOUS
10
6.127183700787401
20
-3.8285216929133856
11
6.1271551574803151
21
-3.8281195669291339
0
LINE
8
BLACK
6
CONTINUOUS
10
6.1271551574803151
20
-3.8281195669291339
11
6.12717937007874
21
-3.8280468503937009
0
LINE
8
BLACK
6
CONTINUOUS
10
6.12717937007874
20
-3.8280468503937009
11
6.1271319685039369
21
-3.8228646062992127
0
LINE
8
BLACK
6
CONTINUOUS
10
6.1271319685039369
20
-3.8228646062992127
11
6.1271887007874017
21
-3.8222885433070863
0
LINE
8
BLACK
6
CONTINUOUS
10
6.1271887007874017
20
-3.8222885433070863
11
6.1272292913385824
21
-3.8221905118110233
0
LINE
8
BLACK
6
CONTINUOUS
10
6.1272292913385824
20
-3.8221905118110233
11
6.1272368110236215
21
-3.8220847244094487
0
LINE
8
BLACK
6
CONTINUOUS
10
6.1272368110236215
20
-3.8220847244094487
11
6.1274850393700788
21
-3.8215731102362205
0
LINE
8
BLACK
6
CONTINUOUS
10
6.1274850393700788
20
-3.8215731102362205
11
6.1276296062992124
21
-3.8212241338582675
0
LINE
8
BLACK
6
CONTINUOUS
10
6.1276296062992124
20
-3.8212241338582675
11
6.127677716535433
21
-3.8211759842519686
0
LINE
8
BLACK
6
CONTINUOUS
10
6.127677716535433
20
-3.8211759842519686
11
6.1293184645669294
21
-3.8177945275590552
0
LINE
8
BLACK
6
CONTINUOUS
10
6.1293184645669294
20
-3.8177945275590552
11
6.129379094488189
21
-3.8176981889763777
0
LINE
8
BLACK
6
CONTINUOUS
10
6.129379094488189
20
-3.8176981889763777
11
6.1293942519685034
21
-3.8176527559055118
0
LINE
8
BLACK
6
CONTINUOUS
10
6.1293942519685034
20
-3.8176527559055118
11
6.1294433070866141
21
-3.8175961417322832
0
LINE
8
BLACK
6
CONTINUOUS
10
6.1294433070866141
20
-3.8175961417322832
11
6.1296268110236216
21
-3.8173046850393701
0
LINE
8
BLACK
6
CONTINUOUS
10
6.1296268110236216
20
-3.8173046850393701
11
6.1299064173228341
21
-3.8170621653543306
0
LINE
8
BLACK
6
CONTINUOUS
10
6.1299064173228341
20
-3.8170621653543306
11
6.1301490944881891
21
-3.8167823622047243
0
LINE
8
BLACK
6
CONTINUOUS
10
6.1301490944881891
20
-3.8167823622047243
11
6.1303459055118106
21
-3.8166809842519682
0
LINE
8
BLACK
6
CONTINUOUS
10
6.1303459055118106
20
-3.8166809842519682
11
6.1304972047244091
21
-3.8165498031496061
0
LINE
8
BLACK
6
CONTINUOUS
10
6.1304972047244091
20
-3.8165498031496061
11
6.1307906692913381
21
-3.8164519685039369
0
LINE
8
BLACK
6
CONTINUOUS
10
6.1307906692913381
20
-3.8164519685039369
11
6.1343885039370081
21
-3.8145992519685037
0
LINE
8
BLACK
6
CONTINUOUS
10
6.1343885039370081
20
-3.8145992519685037
11
6.1349290944881885
21
-3.8143923622047242
0
LINE
8
BLACK
6
CONTINUOUS
10
6.1349290944881885
20
-3.8143923622047242
11
6.1350349606299215
21
-3.8143848031496064
0
LINE
8
BLACK
6
CONTINUOUS
10
6.1350349606299215
20
-3.8143848031496064
11
6.1351329527559058
21
-3.814344251968504
0
LINE
8
BLACK
6
CONTINUOUS
10
6.1351329527559058
20
-3.814344251968504
11
6.1356247244094488
21
-3.8143429133858269
0
LINE
8
BLACK
6
CONTINUOUS
10
6.1356247244094488
20
-3.8143429133858269
11
6.1360783070866143
21
-3.8143107086614174
0
LINE
8
BLACK
6
CONTINUOUS
10
6.1360783070866143
20
-3.8143107086614174
11
6.1361705905511812
21
-3.8143414566929135
0
LINE
8
BLACK
6
CONTINUOUS
10
6.1361705905511812
20
-3.8143414566929135
11
6.1563314566929135
21
-3.8142875196850392
0
LINE
8
BLACK
6
CONTINUOUS
10
6.1563314566929135
20
-3.8142875196850392
11
6.1569075196850394
21
-3.814344251968504
0
LINE
8
BLACK
6
CONTINUOUS
10
4.562693661417323
20
-3.803517559055118
11
4.5627366929133855
21
-3.8035111811023623
0
LINE
8
BLACK
6
CONTINUOUS
10
4.5627366929133855
20
-3.8035111811023623
11
4.5628103543307086
21
-3.8035290551181102
0
LINE
8
BLACK
6
CONTINUOUS
10
4.5628103543307086
20
-3.8035290551181102
11
4.5631692125984253
21
-3.803564409448819
0
LINE
8
BLACK
6
CONTINUOUS
10
4.5631692125984253
20
-3.803564409448819
11
4.5634711023622048
21
-3.8036894488188975
0
LINE
8
BLACK
6
CONTINUOUS
10
4.5634711023622048
20
-3.8036894488188975
11
4.5708083464566931
21
-3.805470590551181
0
LINE
8
BLACK
6
CONTINUOUS
10
4.5708083464566931
20
-3.805470590551181
11
4.570850826771653
21
-3.8054857480314959
0
LINE
8
BLACK
6
CONTINUOUS
10
4.570850826771653
20
-3.8054857480314959
11
4.5708720866141732
21
-3.8054872834645668
0
LINE
8
BLACK
6
CONTINUOUS
10
4.5708720866141732
20
-3.8054872834645668
11
4.5709196062992126
21
-3.80551031496063
0
LINE
8
BLACK
6
CONTINUOUS
10
4.5709196062992126
20
-3.80551031496063
11
4.5713534645669291
21
-3.8056653543307086
0
LINE
8
BLACK
6
CONTINUOUS
10
4.5713534645669291
20
-3.8056653543307086
11
4.5715704330708657
21
-3.8058261417322834
0
LINE
8
BLACK
6
CONTINUOUS
10
4.5715704330708657
20
-3.8058261417322834
11
4.5751622440944884
21
-3.8075689370078738
0
LINE
8
BLACK
6
CONTINUOUS
10
4.5751622440944884
20
-3.8075689370078738
11
4.575410118110236
21
-3.8077249606299213
0
LINE
8
BLACK
6
CONTINUOUS
10
4.575410118110236
20
-3.8077249606299213
11
4.5754821653543303
21
-3.807754803149606
0
LINE
8
BLACK
6
CONTINUOUS
10
4.5754821653543303
20
-3.807754803149606
11
4.5755282677165354
21
-3.8077993307086615
0
LINE
8
BLACK
6
CONTINUOUS
10
4.5755282677165354
20
-3.8077993307086615
11
4.5756521259842522
21
-3.8078772834645669
0
LINE
8
BLACK
6
CONTINUOUS
10
4.5756521259842522
20
-3.8078772834645669
11
4.5758738188976373
21
-3.8081329133858266
0
LINE
8
BLACK
6
CONTINUOUS
10
4.5758738188976373
20
-3.8081329133858266
11
4.5778044094488184
21
-3.8099967716535432
0
LINE
8
BLACK
6
CONTINUOUS
10
4.5778044094488184
20
-3.8099967716535432
11
4.5779901574803148
21
-3.8102231102362203
0
LINE
8
BLACK
6
CONTINUOUS
10
4.5779901574803148
20
-3.8102231102362203
11
4.5780492125984251
21
-3.8102743307086615
0
LINE
8
BLACK
6
CONTINUOUS
10
4.5780492125984251
20
-3.8102743307086615
11
4.5780778346456694
21
-3.8103299606299212
0
LINE
8
BLACK
6
CONTINUOUS
10
4.5780778346456694
20
-3.8103299606299212
11
4.5781716535433068
21
-3.8104442519685038
0
LINE
8
BLACK
6
CONTINUOUS
10
4.5781716535433068
20
-3.8104442519685038
11
4.5783153149606299
21
-3.8107911023622045
0
LINE
8
BLACK
6
CONTINUOUS
10
4.5783153149606299
20
-3.8107911023622045
11
4.5802323228346458
21
-3.81451374015748
0
LINE
8
BLACK
6
CONTINUOUS
10
4.5802323228346458
20
-3.81451374015748
11
4.5804392125984252
21
-3.8150543307086613
0
LINE
8
BLACK
6
CONTINUOUS
10
4.5804392125984252
20
-3.8150543307086613
11
4.5804467322834643
21
-3.8151601968503934
0
LINE
8
BLACK
6
CONTINUOUS
10
4.5804467322834643
20
-3.8151601968503934
11
4.5804873228346459
21
-3.8152581889763777
0
LINE
8
BLACK
6
CONTINUOUS
10
4.5804873228346459
20
-3.8152581889763777
11
4.5804949212598425
21
-3.8158385433070867
0
LINE
8
BLACK
6
CONTINUOUS
10
4.5804949212598425
20
-3.8158385433070867
11
4.5805208661417325
21
-3.8162035433070867
0
LINE
8
BLACK
6
CONTINUOUS
10
4.5805208661417325
20
-3.8162035433070867
11
4.5805005118110236
21
-3.8162645669291337
0
LINE
8
BLACK
6
CONTINUOUS
10
4.5805005118110236
20
-3.8162645669291337
11
4.5805440551181098
21
-3.8195837795275591
0
LINE
8
BLACK
6
CONTINUOUS
10
4.5805440551181098
20
-3.8195837795275591
11
4.5804873228346459
21
-3.820159842519685
0
LINE
8
BLACK
6
CONTINUOUS
10
4.5804873228346459
20
-3.820159842519685
11
4.5804467322834643
21
-3.8202577952755905
0
LINE
8
BLACK
6
CONTINUOUS
10
4.5804467322834643
20
-3.8202577952755905
11
4.5804392125984252
21
-3.8203637007874014
0
LINE
8
BLACK
6
CONTINUOUS
10
4.5804392125984252
20
-3.8203637007874014
11
4.5801908661417325
21
-3.8208754330708659
0
LINE
8
BLACK
6
CONTINUOUS
10
4.5801908661417325
20
-3.8208754330708659
11
4.5800464173228344
21
-3.8212242519685038
0
LINE
8
BLACK
6
CONTINUOUS
10
4.5800464173228344
20
-3.8212242519685038
11
4.5799983070866137
21
-3.8212723228346457
0
LINE
8
BLACK
6
CONTINUOUS
10
4.5799983070866137
20
-3.8212723228346457
11
4.5783575590551182
21
-3.8246538188976378
0
LINE
8
BLACK
6
CONTINUOUS
10
4.5783575590551182
20
-3.8246538188976378
11
4.5782014566929137
21
-3.8249018110236221
0
LINE
8
BLACK
6
CONTINUOUS
10
4.5782014566929137
20
-3.8249018110236221
11
4.5781716535433068
21
-3.8249737795275589
0
LINE
8
BLACK
6
CONTINUOUS
10
4.5781716535433068
20
-3.8249737795275589
11
4.5781271259842518
21
-3.8250198425196849
0
LINE
8
BLACK
6
CONTINUOUS
10
4.5781271259842518
20
-3.8250198425196849
11
4.5780492125984251
21
-3.8251437007874016
0
LINE
8
BLACK
6
CONTINUOUS
10
4.5780492125984251
20
-3.8251437007874016
11
4.57779342519685
21
-3.8253654724409447
0
LINE
8
BLACK
6
CONTINUOUS
10
4.57779342519685
20
-3.8253654724409447
11
4.5759296062992121
21
-3.827296023622047
0
LINE
8
BLACK
6
CONTINUOUS
10
4.5759296062992121
20
-3.827296023622047
11
4.575703267716535
21
-3.8274817322834647
0
LINE
8
BLACK
6
CONTINUOUS
10
4.575703267716535
20
-3.8274817322834647
11
4.5756521259842522
21
-3.8275407480314958
0
LINE
8
BLACK
6
CONTINUOUS
10
4.5756521259842522
20
-3.8275407480314958
11
4.5755964960629925
21
-3.8275693700787401
0
LINE
8
BLACK
6
CONTINUOUS
10
4.5755964960629925
20
-3.8275693700787401
11
4.5754821653543303
21
-3.8276632283464567
0
LINE
8
BLACK
6
CONTINUOUS
10
4.5754821653543303
20
-3.8276632283464567
11
4.575135236220472
21
-3.8278068897637794
0
LINE
8
BLACK
6
CONTINUOUS
10
4.575135236220472
20
-3.8278068897637794
11
4.5714127165354332
21
-3.8297238582677164
0
LINE
8
BLACK
6
CONTINUOUS
10
4.5714127165354332
20
-3.8297238582677164
11
4.5713705905511812
21
-3.8297399606299214
0
LINE
8
BLACK
6
CONTINUOUS
10
4.5713705905511812
20
-3.8297399606299214
11
4.5713534645669291
21
-3.8297526771653541
0
LINE
8
BLACK
6
CONTINUOUS
10
4.5713534645669291
20
-3.8297526771653541
11
4.5713044488188972
21
-3.8297652755905509
0
LINE
8
BLACK
6
CONTINUOUS
10
4.5713044488188972
20
-3.8297652755905509
11
4.5708720866141732
21
-3.8299307480314959
0
LINE
8
BLACK
6
CONTINUOUS
10
4.5708720866141732
20
-3.8299307480314959
11
4.5705808661417322
21
-3.8299514173228344
0
LINE
8
BLACK
6
CONTINUOUS
10
4.5705808661417322
20
-3.8299514173228344
11
4.5633092913385829
21
-3.8318222047244093
0
LINE
8
BLACK
6
CONTINUOUS
10
4.5633092913385829
20
-3.8318222047244093
11
4.5632094094488185
21
-3.8318369685039371
0
LINE
8
BLACK
6
CONTINUOUS
10
4.5632094094488185
20
-3.8318369685039371
11
4.5631692125984253
21
-3.8318536220472441
0
LINE
8
BLACK
6
CONTINUOUS
10
4.5631692125984253
20
-3.8318536220472441
11
4.563093818897638
21
-3.8318540157480312
0
LINE
8
BLACK
6
CONTINUOUS
10
4.563093818897638
20
-3.8318540157480312
11
4.5627366929133855
21
-3.8319068503937008
0
LINE
8
BLACK
6
CONTINUOUS
10
4.5627366929133855
20
-3.8319068503937008
11
4.5624081102362206
21
-3.8318579527559056
0
LINE
8
BLACK
6
CONTINUOUS
10
4.5624081102362206
20
-3.8318579527559056
11
4.5532193307086617
21
-3.8319103543307085
0
LINE
8
BLACK
6
CONTINUOUS
10
4.5532193307086617
20
-3.8319103543307085
11
4.5531187795275594
21
-3.8319004330708659
0
LINE
8
BLACK
6
CONTINUOUS
10
4.5531187795275594
20
-3.8319004330708659
11
4.5530757874015748
21
-3.8319068503937008
0
LINE
8
BLACK
6
CONTINUOUS
10
4.5530757874015748
20
-3.8319068503937008
11
4.5530020866141729
21
-3.8318889370078741
0
LINE
8
BLACK
6
CONTINUOUS
10
4.5530020866141729
20
-3.8318889370078741
11
4.5526432677165349
21
-3.8318536220472441
0
LINE
8
BLACK
6
CONTINUOUS
10
4.5526432677165349
20
-3.8318536220472441
11
4.5523413385826768
21
-3.8317285433070865
0
LINE
8
BLACK
6
CONTINUOUS
10
4.5523413385826768
20
-3.8317285433070865
11
4.5450041338582672
21
-3.8299474409448817
0
LINE
8
BLACK
6
CONTINUOUS
10
4.5450041338582672
20
-3.8299474409448817
11
4.5449616141732285
21
-3.8299322440944881
0
LINE
8
BLACK
6
CONTINUOUS
10
4.5449616141732285
20
-3.8299322440944881
11
4.5449403543307083
21
-3.8299307480314959
0
LINE
8
BLACK
6
CONTINUOUS
10
4.5449403543307083
20
-3.8299307480314959
11
4.5448926771653539
21
-3.8299075984251969
0
LINE
8
BLACK
6
CONTINUOUS
10
4.5448926771653539
20
-3.8299075984251969
11
4.5444590157480311
21
-3.8297526771653541
0
LINE
8
BLACK
6
CONTINUOUS
10
4.5444590157480311
20
-3.8297526771653541
11
4.5442420472440945
21
-3.829591929133858
0
LINE
8
BLACK
6
CONTINUOUS
10
4.5442420472440945
20
-3.829591929133858
11
4.5406502362204719
21
-3.8278490944881889
0
LINE
8
BLACK
6
CONTINUOUS
10
4.5406502362204719
20
-3.8278490944881889
11
4.5404022047244093
21
-3.8276929921259844
0
LINE
8
BLACK
6
CONTINUOUS
10
4.5404022047244093
20
-3.8276929921259844
11
4.5403302755905512
21
-3.8276631889763779
0
LINE
8
BLACK
6
CONTINUOUS
10
4.5403302755905512
20
-3.8276631889763779
11
4.5402841732283461
21
-3.8276186614173229
0
LINE
8
BLACK
6
CONTINUOUS
10
4.5402841732283461
20
-3.8276186614173229
11
4.540160354330709
21
-3.8275407480314958
0
LINE
8
BLACK
6
CONTINUOUS
10
4.540160354330709
20
-3.8275407480314958
11
4.5399385826771654
21
-3.8272850393700786
0
LINE
8
BLACK
6
CONTINUOUS
10
4.5399385826771654
20
-3.8272850393700786
11
4.5380080708661419
21
-3.8254212204724407
0
LINE
8
BLACK
6
CONTINUOUS
10
4.5380080708661419
20
-3.8254212204724407
11
4.5378222834645667
21
-3.8251948425196849
0
LINE
8
BLACK
6
CONTINUOUS
10
4.5378222834645667
20
-3.8251948425196849
11
4.5377633070866139
21
-3.8251437007874016
0
LINE
8
BLACK
6
CONTINUOUS
10
4.5377633070866139
20
-3.8251437007874016
11
4.5377346456692909
21
-3.8250880314960627
0
LINE
8
BLACK
6
CONTINUOUS
10
4.5377346456692909
20
-3.8250880314960627
11
4.5376408661417322
21
-3.8249737795275589
0
LINE
8
BLACK
6
CONTINUOUS
10
4.5376408661417322
20
-3.8249737795275589
11
4.5374972047244091
21
-3.8246269685039369
0
LINE
8
BLACK
6
CONTINUOUS
10
4.5374972047244091
20
-3.8246269685039369
11
4.5355801968503933
21
-3.8209042913385827
0
LINE
8
BLACK
6
CONTINUOUS
10
4.5355801968503933
20
-3.8209042913385827
11
4.5353733070866138
21
-3.8203636614173226
0
LINE
8
BLACK
6
CONTINUOUS
10
4.5353733070866138
20
-3.8203636614173226
11
4.5353657874015747
21
-3.8202578346456693
0
LINE
8
BLACK
6
CONTINUOUS
10
4.5353657874015747
20
-3.8202578346456693
11
4.535325196850394
21
-3.820159842519685
0
LINE
8
BLACK
6
CONTINUOUS
10
4.535325196850394
20
-3.820159842519685
11
4.5353175590551178
21
-3.8195793700787402
0
LINE
8
BLACK
6
CONTINUOUS
10
4.5353175590551178
20
-3.8195793700787402
11
4.5352916535433065
21
-3.8192144488188977
0
LINE
8
BLACK
6
CONTINUOUS
10
4.5352916535433065
20
-3.8192144488188977
11
4.5353119685039367
21
-3.8191533858267714
0
LINE
8
BLACK
6
CONTINUOUS
10
4.5353119685039367
20
-3.8191533858267714
11
4.5352684645669292
21
-3.815834251968504
0
LINE
8
BLACK
6
CONTINUOUS
10
4.5352684645669292
20
-3.815834251968504
11
4.535325196850394
21
-3.8152581889763777
0
LINE
8
BLACK
6
CONTINUOUS
10
4.535325196850394
20
-3.8152581889763777
11
4.5353657874015747
21
-3.8151601574803147
0
LINE
8
BLACK
6
CONTINUOUS
10
4.5353657874015747
20
-3.8151601574803147
11
4.5353733070866138
21
-3.81505437007874
0
LINE
8
BLACK
6
CONTINUOUS
10
4.5353733070866138
20
-3.81505437007874
11
4.5356214960629924
21
-3.8145427952755906
0
LINE
8
BLACK
6
CONTINUOUS
10
4.5356214960629924
20
-3.8145427952755906
11
4.5357661023622047
21
-3.8141937795275589
0
LINE
8
BLACK
6
CONTINUOUS
10
4.5357661023622047
20
-3.8141937795275589
11
4.5358142125984253
21
-3.8141456299212599
0
LINE
8
BLACK
6
CONTINUOUS
10
4.5358142125984253
20
-3.8141456299212599
11
4.5374549606299208
21
-3.8107642125984249
0
LINE
8
BLACK
6
CONTINUOUS
10
4.5374549606299208
20
-3.8107642125984249
11
4.5376110236220475
21
-3.8105161811023622
0
LINE
8
BLACK
6
CONTINUOUS
10
4.5376110236220475
20
-3.8105161811023622
11
4.5376408661417322
21
-3.8104442519685038
0
LINE
8
BLACK
6
CONTINUOUS
10
4.5376408661417322
20
-3.8104442519685038
11
4.5376853543307085
21
-3.8103981496062991
0
LINE
8
BLACK
6
CONTINUOUS
10
4.5376853543307085
20
-3.8103981496062991
11
4.5377633070866139
21
-3.8102743307086615
0
LINE
8
BLACK
6
CONTINUOUS
10
4.5377633070866139
20
-3.8102743307086615
11
4.5380189763779528
21
-3.810052559055118
0
LINE
8
BLACK
6
CONTINUOUS
10
4.5380189763779528
20
-3.810052559055118
11
4.5398828346456694
21
-3.8081220472440944
0
LINE
8
BLACK
6
CONTINUOUS
10
4.5398828346456694
20
-3.8081220472440944
11
4.5401091732283465
21
-3.8079362598425197
0
LINE
8
BLACK
6
CONTINUOUS
10
4.5401091732283465
20
-3.8079362598425197
11
4.540160354330709
21
-3.8078772834645669
0
LINE
8
BLACK
6
CONTINUOUS
10
4.540160354330709
20
-3.8078772834645669
11
4.5402159842519687
21
-3.8078486220472438
0
LINE
8
BLACK
6
CONTINUOUS
10
4.5402159842519687
20
-3.8078486220472438
11
4.5403302755905512
21
-3.8077548425196848
0
LINE
8
BLACK
6
CONTINUOUS
10
4.5403302755905512
20
-3.8077548425196848
11
4.540677125984252
21
-3.8076111417322833
0
LINE
8
BLACK
6
CONTINUOUS
10
4.540677125984252
20
-3.8076111417322833
11
4.544399763779527
21
-3.8056941732283462
0
LINE
8
BLACK
6
CONTINUOUS
10
4.544399763779527
20
-3.8056941732283462
11
4.5444418503937003
21
-3.805678031496063
0
LINE
8
BLACK
6
CONTINUOUS
10
4.5444418503937003
20
-3.805678031496063
11
4.5444590157480311
21
-3.8056653543307086
0
LINE
8
BLACK
6
CONTINUOUS
10
4.5444590157480311
20
-3.8056653543307086
11
4.5445079527559056
21
-3.8056527559055118
0
LINE
8
BLACK
6
CONTINUOUS
10
4.5445079527559056
20
-3.8056527559055118
11
4.5449403543307083
21
-3.8054872834645668
0
LINE
8
BLACK
6
CONTINUOUS
10
4.5449403543307083
20
-3.8054872834645668
11
4.5452315748031493
21
-3.8054665748031495
0
LINE
8
BLACK
6
CONTINUOUS
10
4.5452315748031493
20
-3.8054665748031495
11
4.5525031889763783
21
-3.8035958267716534
0
LINE
8
BLACK
6
CONTINUOUS
10
4.5525031889763783
20
-3.8035958267716534
11
4.552603031496063
21
-3.8035810236220473
0
LINE
8
BLACK
6
CONTINUOUS
10
4.552603031496063
20
-3.8035810236220473
11
4.5526432677165349
21
-3.803564409448819
0
LINE
8
BLACK
6
CONTINUOUS
10
4.5526432677165349
20
-3.803564409448819
11
4.5527186220472444
21
-3.8035639763779527
0
LINE
8
BLACK
6
CONTINUOUS
10
4.5527186220472444
20
-3.8035639763779527
11
4.5530757874015748
21
-3.8035111811023623
0
LINE
8
BLACK
6
CONTINUOUS
10
4.5530757874015748
20
-3.8035111811023623
11
4.5534043307086609
21
-3.8035600393700788
0
LINE
8
BLACK
6
CONTINUOUS
10
4.5534043307086609
20
-3.8035600393700788
11
4.5625931496062995
21
-3.8035076771653542
0
LINE
8
BLACK
6
CONTINUOUS
10
4.5625931496062995
20
-3.8035076771653542
11
4.562693661417323
21
-3.803517559055118
0
LINE
8
BLACK
6
CONTINUOUS
10
4.5533845669291342
20
-3.8094122440944882
11
4.5465588976377953
21
-3.8111682677165355
0
LINE
8
BLACK
6
CONTINUOUS
10
4.5465588976377953
20
-3.8111682677165355
11
4.5436265748031497
21
-3.8126782677165352
0
LINE
8
BLACK
6
CONTINUOUS
10
4.5436265748031497
20
-3.8126782677165352
11
4.5424358661417319
21
-3.8139116141732283
0
LINE
8
BLACK
6
CONTINUOUS
10
4.5424358661417319
20
-3.8139116141732283
11
4.5411347244094484
21
-3.8165931102362203
0
LINE
8
BLACK
6
CONTINUOUS
10
4.5411347244094484
20
-3.8165931102362203
11
4.5411657874015745
21
-3.8189616535433069
0
LINE
8
BLACK
6
CONTINUOUS
10
4.5411657874015745
20
-3.8189616535433069
11
4.5425642913385822
21
-3.8216774409448817
0
LINE
8
BLACK
6
CONTINUOUS
10
4.5425642913385822
20
-3.8216774409448817
11
4.5437976771653545
21
-3.8228681889763778
0
LINE
8
BLACK
6
CONTINUOUS
10
4.5437976771653545
20
-3.8228681889763778
11
4.5469479133858268
21
-3.8243967322834647
0
LINE
8
BLACK
6
CONTINUOUS
10
4.5469479133858268
20
-3.8243967322834647
11
4.5537793307086609
21
-3.8260550787401573
0
LINE
8
BLACK
6
CONTINUOUS
10
4.5537793307086609
20
-3.8260550787401573
11
4.5624278740157482
21
-3.8260057480314962
0
LINE
8
BLACK
6
CONTINUOUS
10
4.5624278740157482
20
-3.8260057480314962
11
4.5692535433070862
21
-3.8242497244094489
0
LINE
8
BLACK
6
CONTINUOUS
10
4.5692535433070862
20
-3.8242497244094489
11
4.5721858661417318
21
-3.82273968503937
0
LINE
8
BLACK
6
CONTINUOUS
10
4.5721858661417318
20
-3.82273968503937
11
4.5733766535433071
21
-3.8215063385826773
0
LINE
8
BLACK
6
CONTINUOUS
10
4.5733766535433071
20
-3.8215063385826773
11
4.5746777559055118
21
-3.8188248818897637
0
LINE
8
BLACK
6
CONTINUOUS
10
4.5746777559055118
20
-3.8188248818897637
11
4.5746466929133858
21
-3.8164563385826771
0
LINE
8
BLACK
6
CONTINUOUS
10
4.5746466929133858
20
-3.8164563385826771
11
4.5732481889763781
21
-3.813740590551181
0
LINE
8
BLACK
6
CONTINUOUS
10
4.5732481889763781
20
-3.813740590551181
11
4.5720148031496066
21
-3.8125498425196849
0
LINE
8
BLACK
6
CONTINUOUS
10
4.5720148031496066
20
-3.8125498425196849
11
4.5688645275590547
21
-3.8110212598425197
0
LINE
8
BLACK
6
CONTINUOUS
10
4.5688645275590547
20
-3.8110212598425197
11
4.5620331102362206
21
-3.8093629133858267
0
LINE
8
BLACK
6
CONTINUOUS
10
4.5620331102362206
20
-3.8093629133858267
11
4.5533845669291342
21
-3.8094122440944882
0
LINE
8
BLACK
6
CONTINUOUS
10
6.1569075196850394
20
-3.7618508267716533
11
6.1579719291338577
21
-3.7622917322834644
0
LINE
8
BLACK
6
CONTINUOUS
10
6.1579719291338577
20
-3.7622917322834644
11
6.1587865748031492
21
-3.7631063779527558
0
LINE
8
BLACK
6
CONTINUOUS
10
6.1587865748031492
20
-3.7631063779527558
11
6.1592274803149607
21
-3.7641707874015746
0
LINE
8
BLACK
6
CONTINUOUS
10
6.1592274803149607
20
-3.7641707874015746
11
6.1592274803149607
21
-3.7653229133858268
0
LINE
8
BLACK
6
CONTINUOUS
10
6.1592274803149607
20
-3.7653229133858268
11
6.1587865748031492
21
-3.7663873228346456
0
LINE
8
BLACK
6
CONTINUOUS
10
6.1587865748031492
20
-3.7663873228346456
11
6.1579719291338577
21
-3.7672019685039371
0
LINE
8
BLACK
6
CONTINUOUS
10
6.1579719291338577
20
-3.7672019685039371
11
6.1569075196850394
21
-3.7676428740157482
0
LINE
8
BLACK
6
CONTINUOUS
10
6.1569075196850394
20
-3.7676428740157482
11
6.1363184251968503
21
-3.7676979527559054
0
LINE
8
BLACK
6
CONTINUOUS
10
6.1363184251968503
20
-3.7676979527559054
11
6.1341122834645665
21
-3.7688340157480313
0
LINE
8
BLACK
6
CONTINUOUS
10
6.1341122834645665
20
-3.7688340157480313
11
6.1329930314960626
21
-3.7711407480314958
0
LINE
8
BLACK
6
CONTINUOUS
10
6.1329930314960626
20
-3.7711407480314958
11
6.1330318110236215
21
-3.7753782283464568
0
LINE
8
BLACK
6
CONTINUOUS
10
6.1330318110236215
20
-3.7753782283464568
11
6.1341718897637794
21
-3.7775921653543305
0
LINE
8
BLACK
6
CONTINUOUS
10
6.1341718897637794
20
-3.7775921653543305
11
6.136496456692913
21
-3.7787200787401574
0
LINE
8
BLACK
6
CONTINUOUS
10
6.136496456692913
20
-3.7787200787401574
11
6.1563314566929135
21
-3.7786670078740157
0
LINE
8
BLACK
6
CONTINUOUS
10
6.1563314566929135
20
-3.7786670078740157
11
6.1569075196850394
21
-3.77872374015748
0
LINE
8
BLACK
6
CONTINUOUS
10
6.1569075196850394
20
-3.77872374015748
11
6.1579719291338577
21
-3.7791646456692911
0
LINE
8
BLACK
6
CONTINUOUS
10
6.1579719291338577
20
-3.7791646456692911
11
6.1587865748031492
21
-3.7799792913385826
0
LINE
8
BLACK
6
CONTINUOUS
10
6.1587865748031492
20
-3.7799792913385826
11
6.1592274803149607
21
-3.7810437007874014
0
LINE
8
BLACK
6
CONTINUOUS
10
6.1592274803149607
20
-3.7810437007874014
11
6.1592274803149607
21
-3.7821958267716536
0
LINE
8
BLACK
6
CONTINUOUS
10
6.1592274803149607
20
-3.7821958267716536
11
6.1587865748031492
21
-3.7832602362204724
0
LINE
8
BLACK
6
CONTINUOUS
10
6.1587865748031492
20
-3.7832602362204724
11
6.1579719291338577
21
-3.7840748818897638
0
LINE
8
BLACK
6
CONTINUOUS
10
6.1579719291338577
20
-3.7840748818897638
11
6.1569075196850394
21
-3.7845157874015749
0
LINE
8
BLACK
6
CONTINUOUS
10
6.1569075196850394
20
-3.7845157874015749
11
6.1363184251968503
21
-3.7845708661417321
0
LINE
8
BLACK
6
CONTINUOUS
10
6.1363184251968503
20
-3.7845708661417321
11
6.1341123228346452
21
-3.7857069291338581
0
LINE
8
BLACK
6
CONTINUOUS
10
6.1341123228346452
20
-3.7857069291338581
11
6.1329930314960626
21
-3.7880136220472438
0
LINE
8
BLACK
6
CONTINUOUS
10
6.1329930314960626
20
-3.7880136220472438
11
6.1330318110236215
21
-3.7922511023622048
0
LINE
8
BLACK
6
CONTINUOUS
10
6.1330318110236215
20
-3.7922511023622048
11
6.1344277952755908
21
-3.7949620078740156
0
LINE
8
BLACK
6
CONTINUOUS
10
6.1344277952755908
20
-3.7949620078740156
11
6.1350729133858266
21
-3.795584842519685
0
LINE
8
BLACK
6
CONTINUOUS
10
6.1350729133858266
20
-3.795584842519685
11
6.1563314566929135
21
-3.7955398818897637
0
LINE
8
BLACK
6
CONTINUOUS
10
6.1563314566929135
20
-3.7955398818897637
11
6.1569075196850394
21
-3.7955966141732285
0
LINE
8
BLACK
6
CONTINUOUS
10
6.1569075196850394
20
-3.7955966141732285
11
6.1579719291338577
21
-3.7960375196850391
0
LINE
8
BLACK
6
CONTINUOUS
10
6.1579719291338577
20
-3.7960375196850391
11
6.1587865748031492
21
-3.7968521653543306
0
LINE
8
BLACK
6
CONTINUOUS
10
6.1587865748031492
20
-3.7968521653543306
11
6.1592274803149607
21
-3.7979165748031494
0
LINE
8
BLACK
6
CONTINUOUS
10
6.1592274803149607
20
-3.7979165748031494
11
6.1592274803149607
21
-3.7990687007874016
0
LINE
8
BLACK
6
CONTINUOUS
10
6.1592274803149607
20
-3.7990687007874016
11
6.1587865748031492
21
-3.8001331102362204
0
LINE
8
BLACK
6
CONTINUOUS
10
6.1587865748031492
20
-3.8001331102362204
11
6.1579719291338577
21
-3.8009477559055118
0
LINE
8
BLACK
6
CONTINUOUS
10
6.1579719291338577
20
-3.8009477559055118
11
6.1569075196850394
21
-3.8013886614173229
0
LINE
8
BLACK
6
CONTINUOUS
10
6.1569075196850394
20
-3.8013886614173229
11
6.130084724409449
21
-3.8014453937007873
0
LINE
8
BLACK
6
CONTINUOUS
10
6.130084724409449
20
-3.8014453937007873
11
6.1295086614173231
21
-3.8013886614173229
0
LINE
8
BLACK
6
CONTINUOUS
10
6.1295086614173231
20
-3.8013886614173229
11
6.1284442519685038
21
-3.8009477559055118
0
LINE
8
BLACK
6
CONTINUOUS
10
6.1284442519685038
20
-3.8009477559055118
11
6.1276296062992124
21
-3.8001331102362204
0
LINE
8
BLACK
6
CONTINUOUS
10
6.1276296062992124
20
-3.8001331102362204
11
6.1271887007874017
21
-3.7990687007874016
0
LINE
8
BLACK
6
CONTINUOUS
10
6.1271887007874017
20
-3.7990687007874016
11
6.1271887007874017
21
-3.7979165748031494
0
LINE
8
BLACK
6
CONTINUOUS
10
6.1271887007874017
20
-3.7979165748031494
11
6.1276296062992124
21
-3.7968521653543306
0
LINE
8
BLACK
6
CONTINUOUS
10
6.1276296062992124
20
-3.7968521653543306
11
6.1284121653543302
21
-3.7960695669291336
0
LINE
8
BLACK
6
CONTINUOUS
10
6.1284121653543302
20
-3.7960695669291336
11
6.1274437007874019
21
-3.7941888582677166
0
LINE
8
BLACK
6
CONTINUOUS
10
6.1274437007874019
20
-3.7941888582677166
11
6.1272368110236215
21
-3.7936482283464565
0
LINE
8
BLACK
6
CONTINUOUS
10
6.1272368110236215
20
-3.7936482283464565
11
6.1272292913385824
21
-3.7935424015748032
0
LINE
8
BLACK
6
CONTINUOUS
10
6.1272292913385824
20
-3.7935424015748032
11
6.1271887007874017
21
-3.7934444094488189
0
LINE
8
BLACK
6
CONTINUOUS
10
6.1271887007874017
20
-3.7934444094488189
11
6.127183700787401
21
-3.7929011417322833
0
LINE
8
BLACK
6
CONTINUOUS
10
6.127183700787401
20
-3.7929011417322833
11
6.1271551574803151
21
-3.7924990157480316
0
LINE
8
BLACK
6
CONTINUOUS
10
6.1271551574803151
20
-3.7924990157480316
11
6.12717937007874
21
-3.7924262992125986
0
LINE
8
BLACK
6
CONTINUOUS
10
6.12717937007874
20
-3.7924262992125986
11
6.1271319685039369
21
-3.7872440551181104
0
LINE
8
BLACK
6
CONTINUOUS
10
6.1271319685039369
20
-3.7872440551181104
11
6.1271887007874017
21
-3.786667992125984
0
LINE
8
BLACK
6
CONTINUOUS
10
6.1271887007874017
20
-3.786667992125984
11
6.1272292913385824
21
-3.786569960629921
0
LINE
8
BLACK
6
CONTINUOUS
10
6.1272292913385824
20
-3.786569960629921
11
6.1272368110236215
21
-3.7864641732283464
0
LINE
8
BLACK
6
CONTINUOUS
10
6.1272368110236215
20
-3.7864641732283464
11
6.1274850000000001
21
-3.7859525984251969
0
LINE
8
BLACK
6
CONTINUOUS
10
6.1274850000000001
20
-3.7859525984251969
11
6.1276296062992124
21
-3.7856035826771652
0
LINE
8
BLACK
6
CONTINUOUS
10
6.1276296062992124
20
-3.7856035826771652
11
6.127677716535433
21
-3.7855554330708658
0
LINE
8
BLACK
6
CONTINUOUS
10
6.127677716535433
20
-3.7855554330708658
11
6.1293184645669294
21
-3.7821740157480312
0
LINE
8
BLACK
6
CONTINUOUS
10
6.1293184645669294
20
-3.7821740157480312
11
6.129379094488189
21
-3.7820776377952754
0
LINE
8
BLACK
6
CONTINUOUS
10
6.129379094488189
20
-3.7820776377952754
11
6.1293942519685034
21
-3.7820322440944882
0
LINE
8
BLACK
6
CONTINUOUS
10
6.1293942519685034
20
-3.7820322440944882
11
6.1294432677165354
21
-3.7819756692913384
0
LINE
8
BLACK
6
CONTINUOUS
10
6.1294432677165354
20
-3.7819756692913384
11
6.1296268110236216
21
-3.7816841338582678
0
LINE
8
BLACK
6
CONTINUOUS
10
6.1296268110236216
20
-3.7816841338582678
11
6.1297010236220473
21
-3.7816197637795277
0
LINE
8
BLACK
6
CONTINUOUS
10
6.1297010236220473
20
-3.7816197637795277
11
6.1296268110236216
21
-3.7815553937007875
0
LINE
8
BLACK
6
CONTINUOUS
10
6.1296268110236216
20
-3.7815553937007875
11
6.1295254330708664
21
-3.7813585433070864
0
LINE
8
BLACK
6
CONTINUOUS
10
6.1295254330708664
20
-3.7813585433070864
11
6.1293942519685034
21
-3.7812072834645667
0
LINE
8
BLACK
6
CONTINUOUS
10
6.1293942519685034
20
-3.7812072834645667
11
6.1292964173228341
21
-3.7809137795275589
0
LINE
8
BLACK
6
CONTINUOUS
10
6.1292964173228341
20
-3.7809137795275589
11
6.1274437007874019
21
-3.7773159842519686
0
LINE
8
BLACK
6
CONTINUOUS
10
6.1274437007874019
20
-3.7773159842519686
11
6.1272368110236215
21
-3.7767753543307085
0
LINE
8
BLACK
6
CONTINUOUS
10
6.1272368110236215
20
-3.7767753543307085
11
6.1272292913385824
21
-3.7766695275590552
0
LINE
8
BLACK
6
CONTINUOUS
10
6.1272292913385824
20
-3.7766695275590552
11
6.1271887007874017
21
-3.7765715354330709
0
LINE
8
BLACK
6
CONTINUOUS
10
6.1271887007874017
20
-3.7765715354330709
11
6.127183700787401
21
-3.7760282677165353
0
LINE
8
BLACK
6
CONTINUOUS
10
6.127183700787401
20
-3.7760282677165353
11
6.1271551574803151
21
-3.7756261417322832
0
LINE
8
BLACK
6
CONTINUOUS
10
6.1271551574803151
20
-3.7756261417322832
11
6.12717937007874
21
-3.7755534251968501
0
LINE
8
BLACK
6
CONTINUOUS
10
6.12717937007874
20
-3.7755534251968501
11
6.1271319685039369
21
-3.7703711811023619
0
LINE
8
BLACK
6
CONTINUOUS
10
6.1271319685039369
20
-3.7703711811023619
11
6.1271887007874017
21
-3.769795118110236
0
LINE
8
BLACK
6
CONTINUOUS
10
6.1271887007874017
20
-3.769795118110236
11
6.1272292913385824
21
-3.769697086614173
0
LINE
8
BLACK
6
CONTINUOUS
10
6.1272292913385824
20
-3.769697086614173
11
6.1272368110236215
21
-3.7695912992125984
0
LINE
8
BLACK
6
CONTINUOUS
10
6.1272368110236215
20
-3.7695912992125984
11
6.1274850393700788
21
-3.7690796850393702
0
LINE
8
BLACK
6
CONTINUOUS
10
6.1274850393700788
20
-3.7690796850393702
11
6.1276296062992124
21
-3.7687307086614172
0
LINE
8
BLACK
6
CONTINUOUS
10
6.1276296062992124
20
-3.7687307086614172
11
6.127677716535433
21
-3.7686825590551178
0
LINE
8
BLACK
6
CONTINUOUS
10
6.127677716535433
20
-3.7686825590551178
11
6.1293184645669294
21
-3.7653011023622045
0
LINE
8
BLACK
6
CONTINUOUS
10
6.1293184645669294
20
-3.7653011023622045
11
6.129379094488189
21
-3.7652047637795274
0
LINE
8
BLACK
6
CONTINUOUS
10
6.129379094488189
20
-3.7652047637795274
11
6.1293942519685034
21
-3.7651593307086615
0
LINE
8
BLACK
6
CONTINUOUS
10
6.1293942519685034
20
-3.7651593307086615
11
6.1294433070866141
21
-3.7651027165354329
0
LINE
8
BLACK
6
CONTINUOUS
10
6.1294433070866141
20
-3.7651027165354329
11
6.1296268110236216
21
-3.7648112598425194
0
LINE
8
BLACK
6
CONTINUOUS
10
6.1296268110236216
20
-3.7648112598425194
11
6.1299064173228341
21
-3.7645687401574803
0
LINE
8
BLACK
6
CONTINUOUS
10
6.1299064173228341
20
-3.7645687401574803
11
6.1301490944881891
21
-3.764288937007874
0
LINE
8
BLACK
6
CONTINUOUS
10
6.1301490944881891
20
-3.764288937007874
11
6.1303459055118106
21
-3.7641875590551179
0
LINE
8
BLACK
6
CONTINUOUS
10
6.1303459055118106
20
-3.7641875590551179
11
6.1304972047244091
21
-3.7640563779527558
0
LINE
8
BLACK
6
CONTINUOUS
10
6.1304972047244091
20
-3.7640563779527558
11
6.1307906692913381
21
-3.7639585433070866
0
LINE
8
BLACK
6
CONTINUOUS
10
6.1307906692913381
20
-3.7639585433070866
11
6.1343885039370081
21
-3.7621058267716534
0
LINE
8
BLACK
6
CONTINUOUS
10
6.1343885039370081
20
-3.7621058267716534
11
6.1349290944881885
21
-3.7618989370078739
0
LINE
8
BLACK
6
CONTINUOUS
10
6.1349290944881885
20
-3.7618989370078739
11
6.1350349606299215
21
-3.7618913779527556
0
LINE
8
BLACK
6
CONTINUOUS
10
6.1350349606299215
20
-3.7618913779527556
11
6.1351329527559058
21
-3.7618508267716533
0
LINE
8
BLACK
6
CONTINUOUS
10
6.1351329527559058
20
-3.7618508267716533
11
6.1356247244094488
21
-3.7618494881889761
0
LINE
8
BLACK
6
CONTINUOUS
10
6.1356247244094488
20
-3.7618494881889761
11
6.1360783070866143
21
-3.7618172834645667
0
LINE
8
BLACK
6
CONTINUOUS
10
6.1360783070866143
20
-3.7618172834645667
11
6.1361705905511812
21
-3.7618480314960627
0
LINE
8
BLACK
6
CONTINUOUS
10
6.1361705905511812
20
-3.7618480314960627
11
6.1563314566929135
21
-3.7617940944881889
0
LINE
8
BLACK
6
CONTINUOUS
10
6.1563314566929135
20
-3.7617940944881889
11
6.1569075196850394
21
-3.7618508267716533
0
LINE
8
BLACK
6
CONTINUOUS
10
4.562693661417323
20
-3.7660222440944882
11
4.5627366929133855
21
-3.766015866141732
0
LINE
8
BLACK
6
CONTINUOUS
10
4.5627366929133855
20
-3.766015866141732
11
4.5628103543307086
21
-3.7660337401574804
0
LINE
8
BLACK
6
CONTINUOUS
10
4.5628103543307086
20
-3.7660337401574804
11
4.5631692125984253
21
-3.7660690944881887
0
LINE
8
BLACK
6
CONTINUOUS
10
4.5631692125984253
20
-3.7660690944881887
11
4.5634711023622048
21
-3.7661941338582676
0
LINE
8
BLACK
6
CONTINUOUS
10
4.5634711023622048
20
-3.7661941338582676
11
4.5708083464566931
21
-3.7679752755905511
0
LINE
8
BLACK
6
CONTINUOUS
10
4.5708083464566931
20
-3.7679752755905511
11
4.570850826771653
21
-3.767990433070866
0
LINE
8
BLACK
6
CONTINUOUS
10
4.570850826771653
20
-3.767990433070866
11
4.5708720866141732
21
-3.7679919685039369
0
LINE
8
BLACK
6
CONTINUOUS
10
4.5708720866141732
20
-3.7679919685039369
11
4.5709196062992126
21
-3.7680150000000001
0
LINE
8
BLACK
6
CONTINUOUS
10
4.5709196062992126
20
-3.7680150000000001
11
4.5713534645669291
21
-3.7681700393700788
0
LINE
8
BLACK
6
CONTINUOUS
10
4.5713534645669291
20
-3.7681700393700788
11
4.5715704330708657
21
-3.7683308267716535
0
LINE
8
BLACK
6
CONTINUOUS
10
4.5715704330708657
20
-3.7683308267716535
11
4.5751622440944884
21
-3.7700736220472439
0
LINE
8
BLACK
6
CONTINUOUS
10
4.5751622440944884
20
-3.7700736220472439
11
4.575410118110236
21
-3.7702296456692914
0
LINE
8
BLACK
6
CONTINUOUS
10
4.575410118110236
20
-3.7702296456692914
11
4.5754821653543303
21
-3.7702594881889762
0
LINE
8
BLACK
6
CONTINUOUS
10
4.5754821653543303
20
-3.7702594881889762
11
4.5755282677165354
21
-3.7703040157480312
0
LINE
8
BLACK
6
CONTINUOUS
10
4.5755282677165354
20
-3.7703040157480312
11
4.5756521259842522
21
-3.770381968503937
0
LINE
8
BLACK
6
CONTINUOUS
10
4.5756521259842522
20
-3.770381968503937
11
4.5758738188976373
21
-3.7706375984251967
0
LINE
8
BLACK
6
CONTINUOUS
10
4.5758738188976373
20
-3.7706375984251967
11
4.5778044094488184
21
-3.7725014566929134
0
LINE
8
BLACK
6
CONTINUOUS
10
4.5778044094488184
20
-3.7725014566929134
11
4.5779901574803148
21
-3.7727277952755904
0
LINE
8
BLACK
6
CONTINUOUS
10
4.5779901574803148
20
-3.7727277952755904
11
4.5780492125984251
21
-3.7727790157480312
0
LINE
8
BLACK
6
CONTINUOUS
10
4.5780492125984251
20
-3.7727790157480312
11
4.5780778346456694
21
-3.7728346456692914
0
LINE
8
BLACK
6
CONTINUOUS
10
4.5780778346456694
20
-3.7728346456692914
11
4.5781716535433068
21
-3.7729489370078739
0
LINE
8
BLACK
6
CONTINUOUS
10
4.5781716535433068
20
-3.7729489370078739
11
4.5783153149606299
21
-3.7732957874015747
0
LINE
8
BLACK
6
CONTINUOUS
10
4.5783153149606299
20
-3.7732957874015747
11
4.5802323228346458
21
-3.7770184251968502
0
LINE
8
BLACK
6
CONTINUOUS
10
4.5802323228346458
20
-3.7770184251968502
11
4.5804392125984252
21
-3.7775590157480314
0
LINE
8
BLACK
6
CONTINUOUS
10
4.5804392125984252
20
-3.7775590157480314
11
4.5804467322834643
21
-3.7776648818897636
0
LINE
8
BLACK
6
CONTINUOUS
10
4.5804467322834643
20
-3.7776648818897636
11
4.5804873228346459
21
-3.7777628740157478
0
LINE
8
BLACK
6
CONTINUOUS
10
4.5804873228346459
20
-3.7777628740157478
11
4.5804949212598425
21
-3.7783432283464564
0
LINE
8
BLACK
6
CONTINUOUS
10
4.5804949212598425
20
-3.7783432283464564
11
4.5805208661417325
21
-3.7787082283464568
0
LINE
8
BLACK
6
CONTINUOUS
10
4.5805208661417325
20
-3.7787082283464568
11
4.5805005118110236
21
-3.7787692519685039
0
LINE
8
BLACK
6
CONTINUOUS
10
4.5805005118110236
20
-3.7787692519685039
11
4.5805440551181098
21
-3.7820884645669293
0
LINE
8
BLACK
6
CONTINUOUS
10
4.5805440551181098
20
-3.7820884645669293
11
4.5804873228346459
21
-3.7826645275590551
0
LINE
8
BLACK
6
CONTINUOUS
10
4.5804873228346459
20
-3.7826645275590551
11
4.5804467322834643
21
-3.7827624803149607
0
LINE
8
BLACK
6
CONTINUOUS
10
4.5804467322834643
20
-3.7827624803149607
11
4.5804392125984252
21
-3.7828683858267715
0
LINE
8
BLACK
6
CONTINUOUS
10
4.5804392125984252
20
-3.7828683858267715
11
4.5801908661417325
21
-3.783380118110236
0
LINE
8
BLACK
6
CONTINUOUS
10
4.5801908661417325
20
-3.783380118110236
11
4.5800464173228344
21
-3.7837289370078739
0
LINE
8
BLACK
6
CONTINUOUS
10
4.5800464173228344
20
-3.7837289370078739
11
4.5799983070866137
21
-3.7837770078740158
0
LINE
8
BLACK
6
CONTINUOUS
10
4.5799983070866137
20
-3.7837770078740158
11
4.5783575590551182
21
-3.7871585039370079
0
LINE
8
BLACK
6
CONTINUOUS
10
4.5783575590551182
20
-3.7871585039370079
11
4.5782014566929137
21
-3.7874064960629918
0
LINE
8
BLACK
6
CONTINUOUS
10
4.5782014566929137
20
-3.7874064960629918
11
4.5781716535433068
21
-3.787478464566929
0
LINE
8
BLACK
6
CONTINUOUS
10
4.5781716535433068
20
-3.787478464566929
11
4.5781271259842518
21
-3.787524527559055
0
LINE
8
BLACK
6
CONTINUOUS
10
4.5781271259842518
20
-3.787524527559055
11
4.5780492125984251
21
-3.7876483858267718
0
LINE
8
BLACK
6
CONTINUOUS
10
4.5780492125984251
20
-3.7876483858267718
11
4.57779342519685
21
-3.7878701574803149
0
LINE
8
BLACK
6
CONTINUOUS
10
4.57779342519685
20
-3.7878701574803149
11
4.5759296062992121
21
-3.7898007086614172
0
LINE
8
BLACK
6
CONTINUOUS
10
4.5759296062992121
20
-3.7898007086614172
11
4.575703267716535
21
-3.7899864173228344
0
LINE
8
BLACK
6
CONTINUOUS
10
4.575703267716535
20
-3.7899864173228344
11
4.5756521259842522
21
-3.7900454330708659
0
LINE
8
BLACK
6
CONTINUOUS
10
4.5756521259842522
20
-3.7900454330708659
11
4.5755964960629925
21
-3.7900740551181102
0
LINE
8
BLACK
6
CONTINUOUS
10
4.5755964960629925
20
-3.7900740551181102
11
4.5754821653543303
21
-3.7901679133858268
0
LINE
8
BLACK
6
CONTINUOUS
10
4.5754821653543303
20
-3.7901679133858268
11
4.575135236220472
21
-3.7903115748031495
0
LINE
8
BLACK
6
CONTINUOUS
10
4.575135236220472
20
-3.7903115748031495
11
4.5714127165354332
21
-3.7922285433070866
0
LINE
8
BLACK
6
CONTINUOUS
10
4.5714127165354332
20
-3.7922285433070866
11
4.5713705905511812
21
-3.7922446456692911
0
LINE
8
BLACK
6
CONTINUOUS
10
4.5713705905511812
20
-3.7922446456692911
11
4.5713534645669291
21
-3.7922573622047242
0
LINE
8
BLACK
6
CONTINUOUS
10
4.5713534645669291
20
-3.7922573622047242
11
4.5713044488188972
21
-3.7922699606299211
0
LINE
8
BLACK
6
CONTINUOUS
10
4.5713044488188972
20
-3.7922699606299211
11
4.5708720866141732
21
-3.7924354330708661
0
LINE
8
BLACK
6
CONTINUOUS
10
4.5708720866141732
20
-3.7924354330708661
11
4.5705808661417322
21
-3.7924561023622045
0
LINE
8
BLACK
6
CONTINUOUS
10
4.5705808661417322
20
-3.7924561023622045
11
4.5633092913385829
21
-3.7943268897637794
0
LINE
8
BLACK
6
CONTINUOUS
10
4.5633092913385829
20
-3.7943268897637794
11
4.5632094094488185
21
-3.7943416535433072
0
LINE
8
BLACK
6
CONTINUOUS
10
4.5632094094488185
20
-3.7943416535433072
11
4.5631692125984253
21
-3.7943583070866143
0
LINE
8
BLACK
6
CONTINUOUS
10
4.5631692125984253
20
-3.7943583070866143
11
4.563093818897638
21
-3.7943587007874013
0
LINE
8
BLACK
6
CONTINUOUS
10
4.563093818897638
20
-3.7943587007874013
11
4.5627366929133855
21
-3.794411535433071
0
LINE
8
BLACK
6
CONTINUOUS
10
4.5627366929133855
20
-3.794411535433071
11
4.5624081102362206
21
-3.7943626377952757
0
LINE
8
BLACK
6
CONTINUOUS
10
4.5624081102362206
20
-3.7943626377952757
11
4.5532193307086617
21
-3.7944150393700786
0
LINE
8
BLACK
6
CONTINUOUS
10
4.5532193307086617
20
-3.7944150393700786
11
4.5531187795275594
21
-3.7944051181102361
0
LINE
8
BLACK
6
CONTINUOUS
10
4.5531187795275594
20
-3.7944051181102361
11
4.5530757874015748
21
-3.794411535433071
0
LINE
8
BLACK
6
CONTINUOUS
10
4.5530757874015748
20
-3.794411535433071
11
4.5530020866141729
21
-3.7943936220472438
0
LINE
8
BLACK
6
CONTINUOUS
10
4.5530020866141729
20
-3.7943936220472438
11
4.5526432677165349
21
-3.7943583070866143
0
LINE
8
BLACK
6
CONTINUOUS
10
4.5526432677165349
20
-3.7943583070866143
11
4.5523413385826768
21
-3.7942332283464566
0
LINE
8
BLACK
6
CONTINUOUS
10
4.5523413385826768
20
-3.7942332283464566
11
4.5450041338582672
21
-3.7924521259842519
0
LINE
8
BLACK
6
CONTINUOUS
10
4.5450041338582672
20
-3.7924521259842519
11
4.5449616141732285
21
-3.7924369291338582
0
LINE
8
BLACK
6
CONTINUOUS
10
4.5449616141732285
20
-3.7924369291338582
11
4.5449403543307083
21
-3.7924354330708661
0
LINE
8
BLACK
6
CONTINUOUS
10
4.5449403543307083
20
-3.7924354330708661
11
4.5448926771653539
21
-3.792412283464567
0
LINE
8
BLACK
6
CONTINUOUS
10
4.5448926771653539
20
-3.792412283464567
11
4.5444590157480311
21
-3.7922573622047242
0
LINE
8
BLACK
6
CONTINUOUS
10
4.5444590157480311
20
-3.7922573622047242
11
4.5442420472440945
21
-3.7920966141732282
0
LINE
8
BLACK
6
CONTINUOUS
10
4.5442420472440945
20
-3.7920966141732282
11
4.5406502362204719
21
-3.790353779527559
0
LINE
8
BLACK
6
CONTINUOUS
10
4.5406502362204719
20
-3.790353779527559
11
4.5404022047244093
21
-3.7901976771653541
0
LINE
8
BLACK
6
CONTINUOUS
10
4.5404022047244093
20
-3.7901976771653541
11
4.5403302755905512
21
-3.7901678740157481
0
LINE
8
BLACK
6
CONTINUOUS
10
4.5403302755905512
20
-3.7901678740157481
11
4.5402841732283461
21
-3.790123346456693
0
LINE
8
BLACK
6
CONTINUOUS
10
4.5402841732283461
20
-3.790123346456693
11
4.540160354330709
21
-3.7900454330708659
0
LINE
8
BLACK
6
CONTINUOUS
10
4.540160354330709
20
-3.7900454330708659
11
4.5399385826771654
21
-3.7897897244094487
0
LINE
8
BLACK
6
CONTINUOUS
10
4.5399385826771654
20
-3.7897897244094487
11
4.5380080708661419
21
-3.7879259055118109
0
LINE
8
BLACK
6
CONTINUOUS
10
4.5380080708661419
20
-3.7879259055118109
11
4.5378222834645667
21
-3.787699527559055
0
LINE
8
BLACK
6
CONTINUOUS
10
4.5378222834645667
20
-3.787699527559055
11
4.5377633070866139
21
-3.7876483858267718
0
LINE
8
BLACK
6
CONTINUOUS
10
4.5377633070866139
20
-3.7876483858267718
11
4.5377346456692909
21
-3.7875927165354328
0
LINE
8
BLACK
6
CONTINUOUS
10
4.5377346456692909
20
-3.7875927165354328
11
4.5376408661417322
21
-3.787478464566929
0
LINE
8
BLACK
6
CONTINUOUS
10
4.5376408661417322
20
-3.787478464566929
11
4.5374972047244091
21
-3.7871316535433071
0
LINE
8
BLACK
6
CONTINUOUS
10
4.5374972047244091
20
-3.7871316535433071
11
4.5355801968503933
21
-3.7834089763779528
0
LINE
8
BLACK
6
CONTINUOUS
10
4.5355801968503933
20
-3.7834089763779528
11
4.5353733070866138
21
-3.7828683464566928
0
LINE
8
BLACK
6
CONTINUOUS
10
4.5353733070866138
20
-3.7828683464566928
11
4.5353657874015747
21
-3.7827625196850394
0
LINE
8
BLACK
6
CONTINUOUS
10
4.5353657874015747
20
-3.7827625196850394
11
4.535325196850394
21
-3.7826645275590551
0
LINE
8
BLACK
6
CONTINUOUS
10
4.535325196850394
20
-3.7826645275590551
11
4.5353175590551178
21
-3.7820840551181103
0
LINE
8
BLACK
6
CONTINUOUS
10
4.5353175590551178
20
-3.7820840551181103
11
4.5352916535433065
21
-3.7817191338582674
0
LINE
8
BLACK
6
CONTINUOUS
10
4.5352916535433065
20
-3.7817191338582674
11
4.5353119685039367
21
-3.7816580708661416
0
LINE
8
BLACK
6
CONTINUOUS
10
4.5353119685039367
20
-3.7816580708661416
11
4.5352684645669292
21
-3.7783389370078737
0
LINE
8
BLACK
6
CONTINUOUS
10
4.5352684645669292
20
-3.7783389370078737
11
4.535325196850394
21
-3.7777628740157478
0
LINE
8
BLACK
6
CONTINUOUS
10
4.535325196850394
20
-3.7777628740157478
11
4.5353657874015747
21
-3.7776648425196848
0
LINE
8
BLACK
6
CONTINUOUS
10
4.5353657874015747
20
-3.7776648425196848
11
4.5353733070866138
21
-3.7775590551181102
0
LINE
8
BLACK
6
CONTINUOUS
10
4.5353733070866138
20
-3.7775590551181102
11
4.5356214960629924
21
-3.7770474803149607
0
LINE
8
BLACK
6
CONTINUOUS
10
4.5356214960629924
20
-3.7770474803149607
11
4.5357661023622047
21
-3.776698464566929
0
LINE
8
BLACK
6
CONTINUOUS
10
4.5357661023622047
20
-3.776698464566929
11
4.5358142125984253
21
-3.7766503149606296
0
LINE
8
BLACK
6
CONTINUOUS
10
4.5358142125984253
20
-3.7766503149606296
11
4.5374549606299208
21
-3.773268897637795
0
LINE
8
BLACK
6
CONTINUOUS
10
4.5374549606299208
20
-3.773268897637795
11
4.5376110236220475
21
-3.7730208661417324
0
LINE
8
BLACK
6
CONTINUOUS
10
4.5376110236220475
20
-3.7730208661417324
11
4.5376408661417322
21
-3.7729489370078739
0
LINE
8
BLACK
6
CONTINUOUS
10
4.5376408661417322
20
-3.7729489370078739
11
4.5376853543307085
21
-3.7729028346456692
0
LINE
8
BLACK
6
CONTINUOUS
10
4.5376853543307085
20
-3.7729028346456692
11
4.5377633070866139
21
-3.7727790157480312
0
LINE
8
BLACK
6
CONTINUOUS
10
4.5377633070866139
20
-3.7727790157480312
11
4.5380189763779528
21
-3.7725572440944881
0
LINE
8
BLACK
6
CONTINUOUS
10
4.5380189763779528
20
-3.7725572440944881
11
4.5398828346456694
21
-3.7706267322834646
0
LINE
8
BLACK
6
CONTINUOUS
10
4.5398828346456694
20
-3.7706267322834646
11
4.5401091732283465
21
-3.7704409448818899
0
LINE
8
BLACK
6
CONTINUOUS
10
4.5401091732283465
20
-3.7704409448818899
11
4.540160354330709
21
-3.770381968503937
0
LINE
8
BLACK
6
CONTINUOUS
10
4.540160354330709
20
-3.770381968503937
11
4.5402159842519687
21
-3.770353307086614
0
LINE
8
BLACK
6
CONTINUOUS
10
4.5402159842519687
20
-3.770353307086614
11
4.5403302755905512
21
-3.7702595275590549
0
LINE
8
BLACK
6
CONTINUOUS
10
4.5403302755905512
20
-3.7702595275590549
11
4.540677125984252
21
-3.7701158267716535
0
LINE
8
BLACK
6
CONTINUOUS
10
4.540677125984252
20
-3.7701158267716535
11
4.544399763779527
21
-3.7681988582677164
0
LINE
8
BLACK
6
CONTINUOUS
10
4.544399763779527
20
-3.7681988582677164
11
4.5444418503937003
21
-3.7681827165354331
0
LINE
8
BLACK
6
CONTINUOUS
10
4.5444418503937003
20
-3.7681827165354331
11
4.5444590157480311
21
-3.7681700393700788
0
LINE
8
BLACK
6
CONTINUOUS
10
4.5444590157480311
20
-3.7681700393700788
11
4.5445079527559056
21
-3.7681574409448819
0
LINE
8
BLACK
6
CONTINUOUS
10
4.5445079527559056
20
-3.7681574409448819
11
4.5449403543307083
21
-3.7679919685039369
0
LINE
8
BLACK
6
CONTINUOUS
10
4.5449403543307083
20
-3.7679919685039369
11
4.5452315748031493
21
-3.7679712598425197
0
LINE
8
BLACK
6
CONTINUOUS
10
4.5452315748031493
20
-3.7679712598425197
11
4.5525031889763783
21
-3.7661005118110236
0
LINE
8
BLACK
6
CONTINUOUS
10
4.5525031889763783
20
-3.7661005118110236
11
4.552603031496063
21
-3.7660857086614175
0
LINE
8
BLACK
6
CONTINUOUS
10
4.552603031496063
20
-3.7660857086614175
11
4.5526432677165349
21
-3.7660690944881887
0
LINE
8
BLACK
6
CONTINUOUS
10
4.5526432677165349
20
-3.7660690944881887
11
4.5527186220472444
21
-3.7660686614173229
0
LINE
8
BLACK
6
CONTINUOUS
10
4.5527186220472444
20
-3.7660686614173229
11
4.5530757874015748
21
-3.766015866141732
0
LINE
8
BLACK
6
CONTINUOUS
10
4.5530757874015748
20
-3.766015866141732
11
4.5534043307086609
21
-3.7660647244094489
0
LINE
8
BLACK
6
CONTINUOUS
10
4.5534043307086609
20
-3.7660647244094489
11
4.5625931496062995
21
-3.7660123622047244
0
LINE
8
BLACK
6
CONTINUOUS
10
4.5625931496062995
20
-3.7660123622047244
11
4.562693661417323
21
-3.7660222440944882
0
LINE
8
BLACK
6
CONTINUOUS
10
4.5533845669291342
20
-3.7719169291338583
11
4.5465588976377953
21
-3.7736729527559056
0
LINE
8
BLACK
6
CONTINUOUS
10
4.5465588976377953
20
-3.7736729527559056
11
4.5436265748031497
21
-3.7751829527559053
0
LINE
8
BLACK
6
CONTINUOUS
10
4.5436265748031497
20
-3.7751829527559053
11
4.5424358661417319
21
-3.7764162992125985
0
LINE
8
BLACK
6
CONTINUOUS
10
4.5424358661417319
20
-3.7764162992125985
11
4.5411347244094484
21
-3.7790977952755904
0
LINE
8
BLACK
6
CONTINUOUS
10
4.5411347244094484
20
-3.7790977952755904
11
4.5411657874015745
21
-3.781466338582677
0
LINE
8
BLACK
6
CONTINUOUS
10
4.5411657874015745
20
-3.781466338582677
11
4.5425642913385822
21
-3.7841821259842519
0
LINE
8
BLACK
6
CONTINUOUS
10
4.5425642913385822
20
-3.7841821259842519
11
4.5437976771653545
21
-3.785372874015748
0
LINE
8
BLACK
6
CONTINUOUS
10
4.5437976771653545
20
-3.785372874015748
11
4.5469479133858268
21
-3.7869014173228344
0
LINE
8
BLACK
6
CONTINUOUS
10
4.5469479133858268
20
-3.7869014173228344
11
4.5537793307086609
21
-3.7885597637795274
0
LINE
8
BLACK
6
CONTINUOUS
10
4.5537793307086609
20
-3.7885597637795274
11
4.5624278740157482
21
-3.7885104330708659
0
LINE
8
BLACK
6
CONTINUOUS
10
4.5624278740157482
20
-3.7885104330708659
11
4.5692535433070862
21
-3.786754409448819
0
LINE
8
BLACK
6
CONTINUOUS
10
4.5692535433070862
20
-3.786754409448819
11
4.5721858661417318
21
-3.7852443700787402
0
LINE
8
BLACK
6
CONTINUOUS
10
4.5721858661417318
20
-3.7852443700787402
11
4.5733766535433071
21
-3.784011023622047
0
LINE
8
BLACK
6
CONTINUOUS
10
4.5733766535433071
20
-3.784011023622047
11
4.5746777559055118
21
-3.7813295669291338
0
LINE
8
BLACK
6
CONTINUOUS
10
4.5746777559055118
20
-3.7813295669291338
11
4.5746466929133858
21
-3.7789610236220472
0
LINE
8
BLACK
6
CONTINUOUS
10
4.5746466929133858
20
-3.7789610236220472
11
4.5732481889763781
21
-3.7762452755905511
0
LINE
8
BLACK
6
CONTINUOUS
10
4.5732481889763781
20
-3.7762452755905511
11
4.5720148031496066
21
-3.775054527559055
0
LINE
8
BLACK
6
CONTINUOUS
10
4.5720148031496066
20
-3.775054527559055
11
4.5688645275590547
21
-3.7735259448818899
0
LINE
8
BLACK
6
CONTINUOUS
10
4.5688645275590547
20
-3.7735259448818899
11
4.5620331102362206
21
-3.7718675984251968
0
LINE
8
BLACK
6
CONTINUOUS
10
4.5620331102362206
20
-3.7718675984251968
11
4.5533845669291342
21
-3.7719169291338583
0
LINE
8
BLACK
6
CONTINUOUS
10
4.5781673622047245
20
-3.6854541338582676
11
4.5792317716535429
21
-3.6858950393700787
0
LINE
8
BLACK
6
CONTINUOUS
10
4.5792317716535429
20
-3.6858950393700787
11
4.5800464173228344
21
-3.6867096850393701
0
LINE
8
BLACK
6
CONTINUOUS
10
4.5800464173228344
20
-3.6867096850393701
11
4.5804873228346459
21
-3.6877740944881889
0
LINE
8
BLACK
6
CONTINUOUS
10
4.5804873228346459
20
-3.6877740944881889
11
4.5804873228346459
21
-3.6889262204724407
0
LINE
8
BLACK
6
CONTINUOUS
10
4.5804873228346459
20
-3.6889262204724407
11
4.5800464173228344
21
-3.6899906299212599
0
LINE
8
BLACK
6
CONTINUOUS
10
4.5800464173228344
20
-3.6899906299212599
11
4.5792317716535429
21
-3.6908052755905509
0
LINE
8
BLACK
6
CONTINUOUS
10
4.5792317716535429
20
-3.6908052755905509
11
4.5781673622047245
21
-3.691246181102362
0
LINE
8
BLACK
6
CONTINUOUS
10
4.5781673622047245
20
-3.691246181102362
11
4.5575782677165355
21
-3.6913012598425197
0
LINE
8
BLACK
6
CONTINUOUS
10
4.5575782677165355
20
-3.6913012598425197
11
4.5553721259842517
21
-3.6924373228346457
0
LINE
8
BLACK
6
CONTINUOUS
10
4.5553721259842517
20
-3.6924373228346457
11
4.5542528740157477
21
-3.6947440551181101
0
LINE
8
BLACK
6
CONTINUOUS
10
4.5542528740157477
20
-3.6947440551181101
11
4.5542916535433067
21
-3.6989815354330706
0
LINE
8
BLACK
6
CONTINUOUS
10
4.5542916535433067
20
-3.6989815354330706
11
4.5554317322834645
21
-3.7011954724409448
0
LINE
8
BLACK
6
CONTINUOUS
10
4.5554317322834645
20
-3.7011954724409448
11
4.5577562992125982
21
-3.7023233858267717
0
LINE
8
BLACK
6
CONTINUOUS
10
4.5577562992125982
20
-3.7023233858267717
11
4.5775912992125987
21
-3.70227031496063
0
LINE
8
BLACK
6
CONTINUOUS
10
4.5775912992125987
20
-3.70227031496063
11
4.5781673622047245
21
-3.7023270472440943
0
LINE
8
BLACK
6
CONTINUOUS
10
4.5781673622047245
20
-3.7023270472440943
11
4.5792317716535429
21
-3.7027679527559054
0
LINE
8
BLACK
6
CONTINUOUS
10
4.5792317716535429
20
-3.7027679527559054
11
4.5800464173228344
21
-3.7035825984251969
0
LINE
8
BLACK
6
CONTINUOUS
10
4.5800464173228344
20
-3.7035825984251969
11
4.5804873228346459
21
-3.7046470078740157
0
LINE
8
BLACK
6
CONTINUOUS
10
4.5804873228346459
20
-3.7046470078740157
11
4.5804873228346459
21
-3.7057991338582674
0
LINE
8
BLACK
6
CONTINUOUS
10
4.5804873228346459
20
-3.7057991338582674
11
4.5800464173228344
21
-3.7068635433070867
0
LINE
8
BLACK
6
CONTINUOUS
10
4.5800464173228344
20
-3.7068635433070867
11
4.5792317716535429
21
-3.7076781889763777
0
LINE
8
BLACK
6
CONTINUOUS
10
4.5792317716535429
20
-3.7076781889763777
11
4.5781673622047245
21
-3.7081190944881888
0
LINE
8
BLACK
6
CONTINUOUS
10
4.5781673622047245
20
-3.7081190944881888
11
4.5575782677165355
21
-3.7081741732283464
0
LINE
8
BLACK
6
CONTINUOUS
10
4.5575782677165355
20
-3.7081741732283464
11
4.5553721653543304
21
-3.7093102362204724
0
LINE
8
BLACK
6
CONTINUOUS
10
4.5553721653543304
20
-3.7093102362204724
11
4.5542528740157477
21
-3.7116169291338581
0
LINE
8
BLACK
6
CONTINUOUS
10
4.5542528740157477
20
-3.7116169291338581
11
4.5542916535433067
21
-3.7158544094488186
0
LINE
8
BLACK
6
CONTINUOUS
10
4.5542916535433067
20
-3.7158544094488186
11
4.5556876377952751
21
-3.7185653149606299
0
LINE
8
BLACK
6
CONTINUOUS
10
4.5556876377952751
20
-3.7185653149606299
11
4.5563327559055118
21
-3.7191881496062993
0
LINE
8
BLACK
6
CONTINUOUS
10
4.5563327559055118
20
-3.7191881496062993
11
4.5775912992125987
21
-3.719143188976378
0
LINE
8
BLACK
6
CONTINUOUS
10
4.5775912992125987
20
-3.719143188976378
11
4.5781673622047245
21
-3.7191999212598423
0
LINE
8
BLACK
6
CONTINUOUS
10
4.5781673622047245
20
-3.7191999212598423
11
4.5792317716535429
21
-3.7196408267716534
0
LINE
8
BLACK
6
CONTINUOUS
10
4.5792317716535429
20
-3.7196408267716534
11
4.5800464173228344
21
-3.7204554724409449
0
LINE
8
BLACK
6
CONTINUOUS
10
4.5800464173228344
20
-3.7204554724409449
11
4.5804873228346459
21
-3.7215198818897637
0
LINE
8
BLACK
6
CONTINUOUS
10
4.5804873228346459
20
-3.7215198818897637
11
4.5804873228346459
21
-3.7226720078740159
0
LINE
8
BLACK
6
CONTINUOUS
10
4.5804873228346459
20
-3.7226720078740159
11
4.5800464173228344
21
-3.7237364173228347
0
LINE
8
BLACK
6
CONTINUOUS
10
4.5800464173228344
20
-3.7237364173228347
11
4.5792317716535429
21
-3.7245510629921257
0
LINE
8
BLACK
6
CONTINUOUS
10
4.5792317716535429
20
-3.7245510629921257
11
4.5781673622047245
21
-3.7249919685039368
0
LINE
8
BLACK
6
CONTINUOUS
10
4.5781673622047245
20
-3.7249919685039368
11
4.5513445669291341
21
-3.7250487007874016
0
LINE
8
BLACK
6
CONTINUOUS
10
4.5513445669291341
20
-3.7250487007874016
11
4.5507685039370074
21
-3.7249919685039368
0
LINE
8
BLACK
6
CONTINUOUS
10
4.5507685039370074
20
-3.7249919685039368
11
4.549704094488189
21
-3.7245510629921257
0
LINE
8
BLACK
6
CONTINUOUS
10
4.549704094488189
20
-3.7245510629921257
11
4.5488894488188976
21
-3.7237364173228347
0
LINE
8
BLACK
6
CONTINUOUS
10
4.5488894488188976
20
-3.7237364173228347
11
4.5484485433070869
21
-3.7226720078740159
0
LINE
8
BLACK
6
CONTINUOUS
10
4.5484485433070869
20
-3.7226720078740159
11
4.5484485433070869
21
-3.7215198818897637
0
LINE
8
BLACK
6
CONTINUOUS
10
4.5484485433070869
20
-3.7215198818897637
11
4.5488894488188976
21
-3.7204554724409449
0
LINE
8
BLACK
6
CONTINUOUS
10
4.5488894488188976
20
-3.7204554724409449
11
4.5496720078740154
21
-3.7196728740157479
0
LINE
8
BLACK
6
CONTINUOUS
10
4.5496720078740154
20
-3.7196728740157479
11
4.5487035433070862
21
-3.7177921653543304
0
LINE
8
BLACK
6
CONTINUOUS
10
4.5487035433070862
20
-3.7177921653543304
11
4.5484966535433067
21
-3.7172515354330709
0
LINE
8
BLACK
6
CONTINUOUS
10
4.5484966535433067
20
-3.7172515354330709
11
4.5484891338582676
21
-3.717145708661417
0
LINE
8
BLACK
6
CONTINUOUS
10
4.5484891338582676
20
-3.717145708661417
11
4.5484485433070869
21
-3.7170477165354332
0
LINE
8
BLACK
6
CONTINUOUS
10
4.5484485433070869
20
-3.7170477165354332
11
4.5484435433070862
21
-3.7165044488188976
0
LINE
8
BLACK
6
CONTINUOUS
10
4.5484435433070862
20
-3.7165044488188976
11
4.5484150000000003
21
-3.7161023228346455
0
LINE
8
BLACK
6
CONTINUOUS
10
4.5484150000000003
20
-3.7161023228346455
11
4.5484392125984252
21
-3.7160296062992124
0
LINE
8
BLACK
6
CONTINUOUS
10
4.5484392125984252
20
-3.7160296062992124
11
4.5483918110236221
21
-3.7108473622047242
0
LINE
8
BLACK
6
CONTINUOUS
10
4.5483918110236221
20
-3.7108473622047242
11
4.5484485433070869
21
-3.7102712992125984
0
LINE
8
BLACK
6
CONTINUOUS
10
4.5484485433070869
20
-3.7102712992125984
11
4.5484891338582676
21
-3.7101732677165353
0
LINE
8
BLACK
6
CONTINUOUS
10
4.5484891338582676
20
-3.7101732677165353
11
4.5484966535433067
21
-3.7100674803149607
0
LINE
8
BLACK
6
CONTINUOUS
10
4.5484966535433067
20
-3.7100674803149607
11
4.5487448425196852
21
-3.7095559055118108
0
LINE
8
BLACK
6
CONTINUOUS
10
4.5487448425196852
20
-3.7095559055118108
11
4.5488894488188976
21
-3.7092068897637795
0
LINE
8
BLACK
6
CONTINUOUS
10
4.5488894488188976
20
-3.7092068897637795
11
4.5489375590551182
21
-3.7091587401574801
0
LINE
8
BLACK
6
CONTINUOUS
10
4.5489375590551182
20
-3.7091587401574801
11
4.5505783070866137
21
-3.7057773228346456
0
LINE
8
BLACK
6
CONTINUOUS
10
4.5505783070866137
20
-3.7057773228346456
11
4.5506389370078741
21
-3.7056809448818897
0
LINE
8
BLACK
6
CONTINUOUS
10
4.5506389370078741
20
-3.7056809448818897
11
4.5506540944881886
21
-3.7056355511811021
0
LINE
8
BLACK
6
CONTINUOUS
10
4.5506540944881886
20
-3.7056355511811021
11
4.5507031102362205
21
-3.7055789763779527
0
LINE
8
BLACK
6
CONTINUOUS
10
4.5507031102362205
20
-3.7055789763779527
11
4.5508866535433068
21
-3.7052874409448817
0
LINE
8
BLACK
6
CONTINUOUS
10
4.5508866535433068
20
-3.7052874409448817
11
4.5509608661417325
21
-3.7052230708661416
0
LINE
8
BLACK
6
CONTINUOUS
10
4.5509608661417325
20
-3.7052230708661416
11
4.5508866535433068
21
-3.7051587007874014
0
LINE
8
BLACK
6
CONTINUOUS
10
4.5508866535433068
20
-3.7051587007874014
11
4.5507852755905507
21
-3.7049618503937007
0
LINE
8
BLACK
6
CONTINUOUS
10
4.5507852755905507
20
-3.7049618503937007
11
4.5506540944881886
21
-3.704810590551181
0
LINE
8
BLACK
6
CONTINUOUS
10
4.5506540944881886
20
-3.704810590551181
11
4.5505562598425193
21
-3.7045170866141732
0
LINE
8
BLACK
6
CONTINUOUS
10
4.5505562598425193
20
-3.7045170866141732
11
4.5487035433070862
21
-3.7009192913385824
0
LINE
8
BLACK
6
CONTINUOUS
10
4.5487035433070862
20
-3.7009192913385824
11
4.5484966535433067
21
-3.7003786614173229
0
LINE
8
BLACK
6
CONTINUOUS
10
4.5484966535433067
20
-3.7003786614173229
11
4.5484891338582676
21
-3.700272834645669
0
LINE
8
BLACK
6
CONTINUOUS
10
4.5484891338582676
20
-3.700272834645669
11
4.5484485433070869
21
-3.7001748425196848
0
LINE
8
BLACK
6
CONTINUOUS
10
4.5484485433070869
20
-3.7001748425196848
11
4.5484435433070862
21
-3.6996315748031496
0
LINE
8
BLACK
6
CONTINUOUS
10
4.5484435433070862
20
-3.6996315748031496
11
4.5484150000000003
21
-3.6992294488188975
0
LINE
8
BLACK
6
CONTINUOUS
10
4.5484150000000003
20
-3.6992294488188975
11
4.5484392125984252
21
-3.6991567322834644
0
LINE
8
BLACK
6
CONTINUOUS
10
4.5484392125984252
20
-3.6991567322834644
11
4.5483918110236221
21
-3.6939744881889762
0
LINE
8
BLACK
6
CONTINUOUS
10
4.5483918110236221
20
-3.6939744881889762
11
4.5484485433070869
21
-3.6933984251968504
0
LINE
8
BLACK
6
CONTINUOUS
10
4.5484485433070869
20
-3.6933984251968504
11
4.5484891338582676
21
-3.6933003937007873
0
LINE
8
BLACK
6
CONTINUOUS
10
4.5484891338582676
20
-3.6933003937007873
11
4.5484966535433067
21
-3.6931946062992127
0
LINE
8
BLACK
6
CONTINUOUS
10
4.5484966535433067
20
-3.6931946062992127
11
4.548744881889764
21
-3.6926829921259841
0
LINE
8
BLACK
6
CONTINUOUS
10
4.548744881889764
20
-3.6926829921259841
11
4.5488894488188976
21
-3.6923340157480316
0
LINE
8
BLACK
6
CONTINUOUS
10
4.5488894488188976
20
-3.6923340157480316
11
4.5489375590551182
21
-3.6922858661417322
0
LINE
8
BLACK
6
CONTINUOUS
10
4.5489375590551182
20
-3.6922858661417322
11
4.5505783070866137
21
-3.6889044094488188
0
LINE
8
BLACK
6
CONTINUOUS
10
4.5505783070866137
20
-3.6889044094488188
11
4.5506389370078741
21
-3.6888080708661417
0
LINE
8
BLACK
6
CONTINUOUS
10
4.5506389370078741
20
-3.6888080708661417
11
4.5506540944881886
21
-3.6887626377952754
0
LINE
8
BLACK
6
CONTINUOUS
10
4.5506540944881886
20
-3.6887626377952754
11
4.5507031496062993
21
-3.6887060236220472
0
LINE
8
BLACK
6
CONTINUOUS
10
4.5507031496062993
20
-3.6887060236220472
11
4.5508866535433068
21
-3.6884145669291337
0
LINE
8
BLACK
6
CONTINUOUS
10
4.5508866535433068
20
-3.6884145669291337
11
4.5511662598425193
21
-3.6881720472440942
0
LINE
8
BLACK
6
CONTINUOUS
10
4.5511662598425193
20
-3.6881720472440942
11
4.5514089370078743
21
-3.6878922440944879
0
LINE
8
BLACK
6
CONTINUOUS
10
4.5514089370078743
20
-3.6878922440944879
11
4.5516057480314958
21
-3.6877908661417322
0
LINE
8
BLACK
6
CONTINUOUS
10
4.5516057480314958
20
-3.6877908661417322
11
4.5517570472440942
21
-3.6876596850393701
0
LINE
8
BLACK
6
CONTINUOUS
10
4.5517570472440942
20
-3.6876596850393701
11
4.5520505118110233
21
-3.6875618503937009
0
LINE
8
BLACK
6
CONTINUOUS
10
4.5520505118110233
20
-3.6875618503937009
11
4.5556483464566924
21
-3.6857091338582677
0
LINE
8
BLACK
6
CONTINUOUS
10
4.5556483464566924
20
-3.6857091338582677
11
4.5561889370078736
21
-3.6855022440944882
0
LINE
8
BLACK
6
CONTINUOUS
10
4.5561889370078736
20
-3.6855022440944882
11
4.5562948031496058
21
-3.6854946850393699
0
LINE
8
BLACK
6
CONTINUOUS
10
4.5562948031496058
20
-3.6854946850393699
11
4.55639279527559
21
-3.6854541338582676
0
LINE
8
BLACK
6
CONTINUOUS
10
4.55639279527559
20
-3.6854541338582676
11
4.556884566929134
21
-3.6854527952755904
0
LINE
8
BLACK
6
CONTINUOUS
10
4.556884566929134
20
-3.6854527952755904
11
4.5573381496062995
21
-3.685420590551181
0
LINE
8
BLACK
6
CONTINUOUS
10
4.5573381496062995
20
-3.685420590551181
11
4.5574304330708664
21
-3.685451338582677
0
LINE
8
BLACK
6
CONTINUOUS
10
4.5574304330708664
20
-3.685451338582677
11
4.5775912992125987
21
-3.6853974015748032
0
LINE
8
BLACK
6
CONTINUOUS
10
4.5775912992125987
20
-3.6853974015748032
11
4.5781673622047245
21
-3.6854541338582676
0
LINE
8
BLACK
6
CONTINUOUS
10
4.5781673622047245
20
-3.6329607086614173
11
4.5792317716535429
21
-3.6334016141732284
0
LINE
8
BLACK
6
CONTINUOUS
10
4.5792317716535429
20
-3.6334016141732284
11
4.5800464173228344
21
-3.6342162598425194
0
LINE
8
BLACK
6
CONTINUOUS
10
4.5800464173228344
20
-3.6342162598425194
11
4.5804873228346459
21
-3.6352806692913386
0
LINE
8
BLACK
6
CONTINUOUS
10
4.5804873228346459
20
-3.6352806692913386
11
4.5804873228346459
21
-3.6364327952755904
0
LINE
8
BLACK
6
CONTINUOUS
10
4.5804873228346459
20
-3.6364327952755904
11
4.5800464173228344
21
-3.6374972047244092
0
LINE
8
BLACK
6
CONTINUOUS
10
4.5800464173228344
20
-3.6374972047244092
11
4.5792317716535429
21
-3.6383118503937006
0
LINE
8
BLACK
6
CONTINUOUS
10
4.5792317716535429
20
-3.6383118503937006
11
4.5781673622047245
21
-3.6387527559055117
0
LINE
8
BLACK
6
CONTINUOUS
10
4.5781673622047245
20
-3.6387527559055117
11
4.5575782677165355
21
-3.6388078346456694
0
LINE
8
BLACK
6
CONTINUOUS
10
4.5575782677165355
20
-3.6388078346456694
11
4.5553721259842517
21
-3.6399438976377954
0
LINE
8
BLACK
6
CONTINUOUS
10
4.5553721259842517
20
-3.6399438976377954
11
4.5542528740157477
21
-3.6422506299212598
0
LINE
8
BLACK
6
CONTINUOUS
10
4.5542528740157477
20
-3.6422506299212598
11
4.5542916535433067
21
-3.6464881102362203
0
LINE
8
BLACK
6
CONTINUOUS
10
4.5542916535433067
20
-3.6464881102362203
11
4.5554317322834645
21
-3.6487020472440945
0
LINE
8
BLACK
6
CONTINUOUS
10
4.5554317322834645
20
-3.6487020472440945
11
4.5577562992125982
21
-3.6498299606299214
0
LINE
8
BLACK
6
CONTINUOUS
10
4.5577562992125982
20
-3.6498299606299214
11
4.5775912992125987
21
-3.6497768897637792
0
LINE
8
BLACK
6
CONTINUOUS
10
4.5775912992125987
20
-3.6497768897637792
11
4.5781673622047245
21
-3.649833622047244
0
LINE
8
BLACK
6
CONTINUOUS
10
4.5781673622047245
20
-3.649833622047244
11
4.5792317716535429
21
-3.6502745275590551
0
LINE
8
BLACK
6
CONTINUOUS
10
4.5792317716535429
20
-3.6502745275590551
11
4.5800464173228344
21
-3.6510891732283466
0
LINE
8
BLACK
6
CONTINUOUS
10
4.5800464173228344
20
-3.6510891732283466
11
4.5804873228346459
21
-3.6521535826771654
0
LINE
8
BLACK
6
CONTINUOUS
10
4.5804873228346459
20
-3.6521535826771654
11
4.5804873228346459
21
-3.6533057086614171
0
LINE
8
BLACK
6
CONTINUOUS
10
4.5804873228346459
20
-3.6533057086614171
11
4.5800464173228344
21
-3.6543701181102359
0
LINE
8
BLACK
6
CONTINUOUS
10
4.5800464173228344
20
-3.6543701181102359
11
4.5792317716535429
21
-3.6551847637795274
0
LINE
8
BLACK
6
CONTINUOUS
10
4.5792317716535429
20
-3.6551847637795274
11
4.5781673622047245
21
-3.6556256692913385
0
LINE
8
BLACK
6
CONTINUOUS
10
4.5781673622047245
20
-3.6556256692913385
11
4.5575782677165355
21
-3.6556807480314961
0
LINE
8
BLACK
6
CONTINUOUS
10
4.5575782677165355
20
-3.6556807480314961
11
4.5553721653543304
21
-3.6568168110236221
0
LINE
8
BLACK
6
CONTINUOUS
10
4.5553721653543304
20
-3.6568168110236221
11
4.5542528740157477
21
-3.6591235039370078
0
LINE
8
BLACK
6
CONTINUOUS
10
4.5542528740157477
20
-3.6591235039370078
11
4.5542916535433067
21
-3.6633609842519683
0
LINE
8
BLACK
6
CONTINUOUS
10
4.5542916535433067
20
-3.6633609842519683
11
4.5556876377952751
21
-3.6660718897637796
0
LINE
8
BLACK
6
CONTINUOUS
10
4.5556876377952751
20
-3.6660718897637796
11
4.5563327559055118
21
-3.6666947244094485
0
LINE
8
BLACK
6
CONTINUOUS
10
4.5563327559055118
20
-3.6666947244094485
11
4.5775912992125987
21
-3.6666497637795277
0
LINE
8
BLACK
6
CONTINUOUS
10
4.5775912992125987
20
-3.6666497637795277
11
4.5781673622047245
21
-3.666706496062992
0
LINE
8
BLACK
6
CONTINUOUS
10
4.5781673622047245
20
-3.666706496062992
11
4.5792317716535429
21
-3.6671474015748031
0
LINE
8
BLACK
6
CONTINUOUS
10
4.5792317716535429
20
-3.6671474015748031
11
4.5800464173228344
21
-3.6679620472440946
0
LINE
8
BLACK
6
CONTINUOUS
10
4.5800464173228344
20
-3.6679620472440946
11
4.5804873228346459
21
-3.6690264566929134
0
LINE
8
BLACK
6
CONTINUOUS
10
4.5804873228346459
20
-3.6690264566929134
11
4.5804873228346459
21
-3.6701785826771651
0
LINE
8
BLACK
6
CONTINUOUS
10
4.5804873228346459
20
-3.6701785826771651
11
4.5800464173228344
21
-3.6712429921259844
0
LINE
8
BLACK
6
CONTINUOUS
10
4.5800464173228344
20
-3.6712429921259844
11
4.5792317716535429
21
-3.6720576377952754
0
LINE
8
BLACK
6
CONTINUOUS
10
4.5792317716535429
20
-3.6720576377952754
11
4.5781673622047245
21
-3.6724985433070865
0
LINE
8
BLACK
6
CONTINUOUS
10
4.5781673622047245
20
-3.6724985433070865
11
4.5513445669291341
21
-3.6725552755905513
0
LINE
8
BLACK
6
CONTINUOUS
10
4.5513445669291341
20
-3.6725552755905513
11
4.5507685039370074
21
-3.6724985433070865
0
LINE
8
BLACK
6
CONTINUOUS
10
4.5507685039370074
20
-3.6724985433070865
11
4.549704094488189
21
-3.6720576377952754
0
LINE
8
BLACK
6
CONTINUOUS
10
4.549704094488189
20
-3.6720576377952754
11
4.5488894488188976
21
-3.6712429921259844
0
LINE
8
BLACK
6
CONTINUOUS
10
4.5488894488188976
20
-3.6712429921259844
11
4.5484485433070869
21
-3.6701785826771651
0
LINE
8
BLACK
6
CONTINUOUS
10
4.5484485433070869
20
-3.6701785826771651
11
4.5484485433070869
21
-3.6690264566929134
0
LINE
8
BLACK
6
CONTINUOUS
10
4.5484485433070869
20
-3.6690264566929134
11
4.5488894488188976
21
-3.6679620472440946
0
LINE
8
BLACK
6
CONTINUOUS
10
4.5488894488188976
20
-3.6679620472440946
11
4.5496720078740154
21
-3.6671794488188976
0
LINE
8
BLACK
6
CONTINUOUS
10
4.5496720078740154
20
-3.6671794488188976
11
4.5487035433070862
21
-3.6652987401574801
0
LINE
8
BLACK
6
CONTINUOUS
10
4.5487035433070862
20
-3.6652987401574801
11
4.5484966535433067
21
-3.6647581102362206
0
LINE
8
BLACK
6
CONTINUOUS
10
4.5484966535433067
20
-3.6647581102362206
11
4.5484891338582676
21
-3.6646522834645667
0
LINE
8
BLACK
6
CONTINUOUS
10
4.5484891338582676
20
-3.6646522834645667
11
4.5484485433070869
21
-3.6645542913385825
0
LINE
8
BLACK
6
CONTINUOUS
10
4.5484485433070869
20
-3.6645542913385825
11
4.5484435433070862
21
-3.6640110236220473
0
LINE
8
BLACK
6
CONTINUOUS
10
4.5484435433070862
20
-3.6640110236220473
11
4.5484150000000003
21
-3.6636088976377952
0
LINE
8
BLACK
6
CONTINUOUS
10
4.5484150000000003
20
-3.6636088976377952
11
4.5484392125984252
21
-3.6635361811023621
0
LINE
8
BLACK
6
CONTINUOUS
10
4.5484392125984252
20
-3.6635361811023621
11
4.5483918110236221
21
-3.6583539370078739
0
LINE
8
BLACK
6
CONTINUOUS
10
4.5483918110236221
20
-3.6583539370078739
11
4.5484485433070869
21
-3.6577778740157481
0
LINE
8
BLACK
6
CONTINUOUS
10
4.5484485433070869
20
-3.6577778740157481
11
4.5484891338582676
21
-3.657679842519685
0
LINE
8
BLACK
6
CONTINUOUS
10
4.5484891338582676
20
-3.657679842519685
11
4.5484966535433067
21
-3.65757405511811
0
LINE
8
BLACK
6
CONTINUOUS
10
4.5484966535433067
20
-3.65757405511811
11
4.5487448425196852
21
-3.6570624803149605
0
LINE
8
BLACK
6
CONTINUOUS
10
4.5487448425196852
20
-3.6570624803149605
11
4.5488894488188976
21
-3.6567134645669293
0
LINE
8
BLACK
6
CONTINUOUS
10
4.5488894488188976
20
-3.6567134645669293
11
4.5489375590551182
21
-3.6566653149606299
0
LINE
8
BLACK
6
CONTINUOUS
10
4.5489375590551182
20
-3.6566653149606299
11
4.5505783070866137
21
-3.6532838976377953
0
LINE
8
BLACK
6
CONTINUOUS
10
4.5505783070866137
20
-3.6532838976377953
11
4.5506389370078741
21
-3.6531875196850394
0
LINE
8
BLACK
6
CONTINUOUS
10
4.5506389370078741
20
-3.6531875196850394
11
4.5506540944881886
21
-3.6531421259842518
0
LINE
8
BLACK
6
CONTINUOUS
10
4.5506540944881886
20
-3.6531421259842518
11
4.5507031102362205
21
-3.6530855511811025
0
LINE
8
BLACK
6
CONTINUOUS
10
4.5507031102362205
20
-3.6530855511811025
11
4.5508866535433068
21
-3.6527940157480314
0
LINE
8
BLACK
6
CONTINUOUS
10
4.5508866535433068
20
-3.6527940157480314
11
4.5509608661417325
21
-3.6527296456692913
0
LINE
8
BLACK
6
CONTINUOUS
10
4.5509608661417325
20
-3.6527296456692913
11
4.5508866535433068
21
-3.6526652755905511
0
LINE
8
BLACK
6
CONTINUOUS
10
4.5508866535433068
20
-3.6526652755905511
11
4.5507852755905507
21
-3.6524684251968504
0
LINE
8
BLACK
6
CONTINUOUS
10
4.5507852755905507
20
-3.6524684251968504
11
4.5506540944881886
21
-3.6523171653543307
0
LINE
8
BLACK
6
CONTINUOUS
10
4.5506540944881886
20
-3.6523171653543307
11
4.5505562598425193
21
-3.6520236614173229
0
LINE
8
BLACK
6
CONTINUOUS
10
4.5505562598425193
20
-3.6520236614173229
11
4.5487035433070862
21
-3.6484258661417321
0
LINE
8
BLACK
6
CONTINUOUS
10
4.5487035433070862
20
-3.6484258661417321
11
4.5484966535433067
21
-3.6478852362204726
0
LINE
8
BLACK
6
CONTINUOUS
10
4.5484966535433067
20
-3.6478852362204726
11
4.5484891338582676
21
-3.6477794094488187
0
LINE
8
BLACK
6
CONTINUOUS
10
4.5484891338582676
20
-3.6477794094488187
11
4.5484485433070869
21
-3.6476814173228345
0
LINE
8
BLACK
6
CONTINUOUS
10
4.5484485433070869
20
-3.6476814173228345
11
4.5484435433070862
21
-3.6471381496062993
0
LINE
8
BLACK
6
CONTINUOUS
10
4.5484435433070862
20
-3.6471381496062993
11
4.5484150000000003
21
-3.6467360236220472
0
LINE
8
BLACK
6
CONTINUOUS
10
4.5484150000000003
20
-3.6467360236220472
11
4.5484392125984252
21
-3.6466633070866141
0
LINE
8
BLACK
6
CONTINUOUS
10
4.5484392125984252
20
-3.6466633070866141
11
4.5483918110236221
21
-3.6414810629921259
0
LINE
8
BLACK
6
CONTINUOUS
10
4.5483918110236221
20
-3.6414810629921259
11
4.5484485433070869
21
-3.6409050000000001
0
LINE
8
BLACK
6
CONTINUOUS
10
4.5484485433070869
20
-3.6409050000000001
11
4.5484891338582676
21
-3.640806968503937
0
LINE
8
BLACK
6
CONTINUOUS
10
4.5484891338582676
20
-3.640806968503937
11
4.5484966535433067
21
-3.640701181102362
0
LINE
8
BLACK
6
CONTINUOUS
10
4.5484966535433067
20
-3.640701181102362
11
4.548744881889764
21
-3.6401895669291338
0
LINE
8
BLACK
6
CONTINUOUS
10
4.548744881889764
20
-3.6401895669291338
11
4.5488894488188976
21
-3.6398405905511808
0
LINE
8
BLACK
6
CONTINUOUS
10
4.5488894488188976
20
-3.6398405905511808
11
4.5489375590551182
21
-3.6397924409448819
0
LINE
8
BLACK
6
CONTINUOUS
10
4.5489375590551182
20
-3.6397924409448819
11
4.5505783070866137
21
-3.6364109842519685
0
LINE
8
BLACK
6
CONTINUOUS
10
4.5505783070866137
20
-3.6364109842519685
11
4.5506389370078741
21
-3.6363146456692914
0
LINE
8
BLACK
6
CONTINUOUS
10
4.5506389370078741
20
-3.6363146456692914
11
4.5506540944881886
21
-3.6362692125984251
0
LINE
8
BLACK
6
CONTINUOUS
10
4.5506540944881886
20
-3.6362692125984251
11
4.5507031496062993
21
-3.636212598425197
0
LINE
8
BLACK
6
CONTINUOUS
10
4.5507031496062993
20
-3.636212598425197
11
4.5508866535433068
21
-3.6359211417322834
0
LINE
8
BLACK
6
CONTINUOUS
10
4.5508866535433068
20
-3.6359211417322834
11
4.5511662598425193
21
-3.6356786220472439
0
LINE
8
BLACK
6
CONTINUOUS
10
4.5511662598425193
20
-3.6356786220472439
11
4.5514089370078743
21
-3.6353988188976376
0
LINE
8
BLACK
6
CONTINUOUS
10
4.5514089370078743
20
-3.6353988188976376
11
4.5516057480314958
21
-3.6352974409448819
0
LINE
8
BLACK
6
CONTINUOUS
10
4.5516057480314958
20
-3.6352974409448819
11
4.5517570472440942
21
-3.6351662598425194
0
LINE
8
BLACK
6
CONTINUOUS
10
4.5517570472440942
20
-3.6351662598425194
11
4.5520505118110233
21
-3.6350684251968501
0
LINE
8
BLACK
6
CONTINUOUS
10
4.5520505118110233
20
-3.6350684251968501
11
4.5556483464566924
21
-3.6332157086614174
0
LINE
8
BLACK
6
CONTINUOUS
10
4.5556483464566924
20
-3.6332157086614174
11
4.5561889370078736
21
-3.6330088188976375
0
LINE
8
BLACK
6
CONTINUOUS
10
4.5561889370078736
20
-3.6330088188976375
11
4.5562948031496058
21
-3.6330012598425196
0
LINE
8
BLACK
6
CONTINUOUS
10
4.5562948031496058
20
-3.6330012598425196
11
4.55639279527559
21
-3.6329607086614173
0
LINE
8
BLACK
6
CONTINUOUS
10
4.55639279527559
20
-3.6329607086614173
11
4.556884566929134
21
-3.6329593700787401
0
LINE
8
BLACK
6
CONTINUOUS
10
4.556884566929134
20
-3.6329593700787401
11
4.5573381496062995
21
-3.6329271653543307
0
LINE
8
BLACK
6
CONTINUOUS
10
4.5573381496062995
20
-3.6329271653543307
11
4.5574304330708664
21
-3.6329579133858267
0
LINE
8
BLACK
6
CONTINUOUS
10
4.5574304330708664
20
-3.6329579133858267
11
4.5775912992125987
21
-3.6329039763779525
0
LINE
8
BLACK
6
CONTINUOUS
10
4.5775912992125987
20
-3.6329039763779525
11
4.5781673622047245
21
-3.6329607086614173
0
LINE
8
BLACK
6
CONTINUOUS
10
5.9275780708661419
20
-3.5132903543307088
11
5.9681586614173225
21
-3.5343574409448819
0
LINE
8
BLACK
6
CONTINUOUS
10
5.9681586614173225
20
-3.5343574409448819
11
5.9681496062992121
21
-3.5161251968503935
0
LINE
8
BLACK
6
CONTINUOUS
10
5.9681496062992121
20
-3.5161251968503935
11
5.9682063385826769
21
-3.5155491338582676
0
LINE
8
BLACK
6
CONTINUOUS
10
5.9682063385826769
20
-3.5155491338582676
11
5.9686472440944884
21
-3.5144847244094488
0
LINE
8
BLACK
6
CONTINUOUS
10
5.9686472440944884
20
-3.5144847244094488
11
5.969461889763779
21
-3.5136700787401574
0
LINE
8
BLACK
6
CONTINUOUS
10
5.969461889763779
20
-3.5136700787401574
11
5.9705262992125983
21
-3.5132291732283463
0
LINE
8
BLACK
6
CONTINUOUS
10
5.9705262992125983
20
-3.5132291732283463
11
5.97167842519685
21
-3.5132291732283463
0
LINE
8
BLACK
6
CONTINUOUS
10
5.97167842519685
20
-3.5132291732283463
11
5.9727428346456692
21
-3.5136700787401574
0
LINE
8
BLACK
6
CONTINUOUS
10
5.9727428346456692
20
-3.5136700787401574
11
5.9735574803149607
21
-3.5144847244094488
0
LINE
8
BLACK
6
CONTINUOUS
10
5.9735574803149607
20
-3.5144847244094488
11
5.9739983858267713
21
-3.5155491338582676
0
LINE
8
BLACK
6
CONTINUOUS
10
5.9739983858267713
20
-3.5155491338582676
11
5.9740099212598423
21
-3.5388035039370078
0
LINE
8
BLACK
6
CONTINUOUS
10
5.9740099212598423
20
-3.5388035039370078
11
5.9740375590551178
21
-3.5388911417322833
0
LINE
8
BLACK
6
CONTINUOUS
10
5.9740375590551178
20
-3.5388911417322833
11
5.9740101181102361
21
-3.5392046456692912
0
LINE
8
BLACK
6
CONTINUOUS
10
5.9740101181102361
20
-3.5392046456692912
11
5.9740101181102361
21
-3.5392206299212599
0
LINE
8
BLACK
6
CONTINUOUS
10
5.9740101181102361
20
-3.5392206299212599
11
5.9740375590551178
21
-3.5395340551181103
0
LINE
8
BLACK
6
CONTINUOUS
10
5.9740375590551178
20
-3.5395340551181103
11
5.9740103149606298
21
-3.5396203543307085
0
LINE
8
BLACK
6
CONTINUOUS
10
5.9740103149606298
20
-3.5396203543307085
11
5.9740551181102362
21
-3.629763779527559
0
LINE
8
BLACK
6
CONTINUOUS
10
5.9740551181102362
20
-3.629763779527559
11
5.9739983858267713
21
-3.6303398425196849
0
LINE
8
BLACK
6
CONTINUOUS
10
5.9739983858267713
20
-3.6303398425196849
11
5.9735574803149607
21
-3.6314042519685037
0
LINE
8
BLACK
6
CONTINUOUS
10
5.9735574803149607
20
-3.6314042519685037
11
5.9727428346456692
21
-3.6322188976377952
0
LINE
8
BLACK
6
CONTINUOUS
10
5.9727428346456692
20
-3.6322188976377952
11
5.97167842519685
21
-3.6326598031496062
0
LINE
8
BLACK
6
CONTINUOUS
10
5.97167842519685
20
-3.6326598031496062
11
5.9705262992125983
21
-3.6326598031496062
0
LINE
8
BLACK
6
CONTINUOUS
10
5.9705262992125983
20
-3.6326598031496062
11
5.969461889763779
21
-3.6322188976377952
0
LINE
8
BLACK
6
CONTINUOUS
10
5.969461889763779
20
-3.6322188976377952
11
5.9686472440944884
21
-3.6314042519685037
0
LINE
8
BLACK
6
CONTINUOUS
10
5.9686472440944884
20
-3.6314042519685037
11
5.9682063385826769
21
-3.6303398425196849
0
LINE
8
BLACK
6
CONTINUOUS
10
5.9682063385826769
20
-3.6303398425196849
11
5.9681634251968498
21
-3.5440142125984253
0
LINE
8
BLACK
6
CONTINUOUS
10
5.9681634251968498
20
-3.5440142125984253
11
5.9281152362204725
21
-3.5649191732283465
0
LINE
8
BLACK
6
CONTINUOUS
10
5.9281152362204725
20
-3.5649191732283465
11
5.9275780708661419
21
-3.5651348425196852
0
LINE
8
BLACK
6
CONTINUOUS
10
5.9275780708661419
20
-3.5651348425196852
11
5.9264303543307086
21
-3.5652352362204724
0
LINE
8
BLACK
6
CONTINUOUS
10
5.9264303543307086
20
-3.5652352362204724
11
5.9253315748031499
21
-3.5648888188976375
0
LINE
8
BLACK
6
CONTINUOUS
10
5.9253315748031499
20
-3.5648888188976375
11
5.9244490157480314
21
-3.5641482677165355
0
LINE
8
BLACK
6
CONTINUOUS
10
5.9244490157480314
20
-3.5641482677165355
11
5.9239170078740155
21
-3.5631262992125983
0
LINE
8
BLACK
6
CONTINUOUS
10
5.9239170078740155
20
-3.5631262992125983
11
5.9238166141732282
21
-3.5619785826771655
0
LINE
8
BLACK
6
CONTINUOUS
10
5.9238166141732282
20
-3.5619785826771655
11
5.9241630314960627
21
-3.5608798031496063
0
LINE
8
BLACK
6
CONTINUOUS
10
5.9241630314960627
20
-3.5608798031496063
11
5.9249035826771657
21
-3.5599972440944883
0
LINE
8
BLACK
6
CONTINUOUS
10
5.9249035826771657
20
-3.5599972440944883
11
5.9591722047244096
21
-3.542109212598425
0
LINE
8
BLACK
6
CONTINUOUS
10
5.9591722047244096
20
-3.542109212598425
11
4.8019734251968504
21
-3.5421647637795273
0
LINE
8
BLACK
6
CONTINUOUS
10
4.8019734251968504
20
-3.5421647637795273
11
4.8357139763779529
21
-3.559680905511811
0
LINE
8
BLACK
6
CONTINUOUS
10
4.8357139763779529
20
-3.559680905511811
11
4.8361987401574806
21
-3.5599972440944883
0
LINE
8
BLACK
6
CONTINUOUS
10
4.8361987401574806
20
-3.5599972440944883
11
4.8369392913385827
21
-3.5608798031496063
0
LINE
8
BLACK
6
CONTINUOUS
10
4.8369392913385827
20
-3.5608798031496063
11
4.8372857480314959
21
-3.5619785826771655
0
LINE
8
BLACK
6
CONTINUOUS
10
4.8372857480314959
20
-3.5619785826771655
11
4.8371853543307086
21
-3.5631262992125983
0
LINE
8
BLACK
6
CONTINUOUS
10
4.8371853543307086
20
-3.5631262992125983
11
4.8366533464566928
21
-3.5641482283464567
0
LINE
8
BLACK
6
CONTINUOUS
10
4.8366533464566928
20
-3.5641482283464567
11
4.8357707874015743
21
-3.5648887795275588
0
LINE
8
BLACK
6
CONTINUOUS
10
4.8357707874015743
20
-3.5648887795275588
11
4.8346720078740155
21
-3.5652352362204724
0
LINE
8
BLACK
6
CONTINUOUS
10
4.8346720078740155
20
-3.5652352362204724
11
4.8335242913385823
21
-3.5651348425196852
0
LINE
8
BLACK
6
CONTINUOUS
10
4.8335242913385823
20
-3.5651348425196852
11
4.792910157480315
21
-3.5440503149606299
0
LINE
8
BLACK
6
CONTINUOUS
10
4.792910157480315
20
-3.5440503149606299
11
4.7929527559055121
21
-3.629763779527559
0
LINE
8
BLACK
6
CONTINUOUS
10
4.7929527559055121
20
-3.629763779527559
11
4.7928960236220473
21
-3.6303398425196849
0
LINE
8
BLACK
6
CONTINUOUS
10
4.7928960236220473
20
-3.6303398425196849
11
4.7924551181102357
21
-3.6314042519685037
0
LINE
8
BLACK
6
CONTINUOUS
10
4.7924551181102357
20
-3.6314042519685037
11
4.7916404724409452
21
-3.6322188976377952
0
LINE
8
BLACK
6
CONTINUOUS
10
4.7916404724409452
20
-3.6322188976377952
11
4.7905760629921259
21
-3.6326598031496062
0
LINE
8
BLACK
6
CONTINUOUS
10
4.7905760629921259
20
-3.6326598031496062
11
4.7894239370078742
21
-3.6326598031496062
0
LINE
8
BLACK
6
CONTINUOUS
10
4.7894239370078742
20
-3.6326598031496062
11
4.7883595275590549
21
-3.6322188976377952
0
LINE
8
BLACK
6
CONTINUOUS
10
4.7883595275590549
20
-3.6322188976377952
11
4.7875448818897635
21
-3.6314042519685037
0
LINE
8
BLACK
6
CONTINUOUS
10
4.7875448818897635
20
-3.6314042519685037
11
4.7871039763779528
21
-3.6303398425196849
0
LINE
8
BLACK
6
CONTINUOUS
10
4.7871039763779528
20
-3.6303398425196849
11
4.787047244094488
21
-3.5161251968503935
0
LINE
8
BLACK
6
CONTINUOUS
10
4.787047244094488
20
-3.5161251968503935
11
4.7871039763779528
21
-3.5155491338582676
0
LINE
8
BLACK
6
CONTINUOUS
10
4.7871039763779528
20
-3.5155491338582676
11
4.7875448818897635
21
-3.5144847244094488
0
LINE
8
BLACK
6
CONTINUOUS
10
4.7875448818897635
20
-3.5144847244094488
11
4.7883595275590549
21
-3.5136700787401574
0
LINE
8
BLACK
6
CONTINUOUS
10
4.7883595275590549
20
-3.5136700787401574
11
4.7894239370078742
21
-3.5132291732283463
0
LINE
8
BLACK
6
CONTINUOUS
10
4.7894239370078742
20
-3.5132291732283463
11
4.7905760629921259
21
-3.5132291732283463
0
LINE
8
BLACK
6
CONTINUOUS
10
4.7905760629921259
20
-3.5132291732283463
11
4.7916404724409452
21
-3.5136700787401574
0
LINE
8
BLACK
6
CONTINUOUS
10
4.7916404724409452
20
-3.5136700787401574
11
4.7924551181102357
21
-3.5144847244094488
0
LINE
8
BLACK
6
CONTINUOUS
10
4.7924551181102357
20
-3.5144847244094488
11
4.7928960236220473
21
-3.5155491338582676
0
LINE
8
BLACK
6
CONTINUOUS
10
4.7928960236220473
20
-3.5155491338582676
11
4.7929053937007877
21
-3.5344284251968503
0
LINE
8
BLACK
6
CONTINUOUS
10
4.7929053937007877
20
-3.5344284251968503
11
4.8329871259842516
21
-3.513506023622047
0
LINE
8
BLACK
6
CONTINUOUS
10
4.8329871259842516
20
-3.513506023622047
11
4.8335242913385823
21
-3.5132903543307088
0
LINE
8
BLACK
6
CONTINUOUS
10
4.8335242913385823
20
-3.5132903543307088
11
4.8346720078740155
21
-3.5131899606299211
0
LINE
8
BLACK
6
CONTINUOUS
10
4.8346720078740155
20
-3.5131899606299211
11
4.8357707874015743
21
-3.5135364173228347
0
LINE
8
BLACK
6
CONTINUOUS
10
4.8357707874015743
20
-3.5135364173228347
11
4.8366533464566928
21
-3.5142769685039368
0
LINE
8
BLACK
6
CONTINUOUS
10
4.8366533464566928
20
-3.5142769685039368
11
4.8371853543307086
21
-3.5152988976377952
0
LINE
8
BLACK
6
CONTINUOUS
10
4.8371853543307086
20
-3.5152988976377952
11
4.8372857480314959
21
-3.5164466141732285
0
LINE
8
BLACK
6
CONTINUOUS
10
4.8372857480314959
20
-3.5164466141732285
11
4.8369392913385827
21
-3.5175453937007872
0
LINE
8
BLACK
6
CONTINUOUS
10
4.8369392913385827
20
-3.5175453937007872
11
4.8361987401574806
21
-3.5184279527559053
0
LINE
8
BLACK
6
CONTINUOUS
10
4.8361987401574806
20
-3.5184279527559053
11
4.8019301181102358
21
-3.5363159448818897
0
LINE
8
BLACK
6
CONTINUOUS
10
4.8019301181102358
20
-3.5363159448818897
11
5.959128897637795
21
-3.5362603937007875
0
LINE
8
BLACK
6
CONTINUOUS
10
5.959128897637795
20
-3.5362603937007875
11
5.9253883858267713
21
-3.5187442913385825
0
LINE
8
BLACK
6
CONTINUOUS
10
5.9253883858267713
20
-3.5187442913385825
11
5.9249035826771657
21
-3.5184279527559053
0
LINE
8
BLACK
6
CONTINUOUS
10
5.9249035826771657
20
-3.5184279527559053
11
5.9241630314960627
21
-3.5175453937007872
0
LINE
8
BLACK
6
CONTINUOUS
10
5.9241630314960627
20
-3.5175453937007872
11
5.9238166141732282
21
-3.5164466141732285
0
LINE
8
BLACK
6
CONTINUOUS
10
5.9238166141732282
20
-3.5164466141732285
11
5.9239170078740155
21
-3.5152988976377952
0
LINE
8
BLACK
6
CONTINUOUS
10
5.9239170078740155
20
-3.5152988976377952
11
5.9244490157480314
21
-3.514276929133858
0
LINE
8
BLACK
6
CONTINUOUS
10
5.9244490157480314
20
-3.514276929133858
11
5.9253315748031499
21
-3.513536377952756
0
LINE
8
BLACK
6
CONTINUOUS
10
5.9253315748031499
20
-3.513536377952756
11
5.9264303543307086
21
-3.5131899606299211
0
LINE
8
BLACK
6
CONTINUOUS
10
5.9264303543307086
20
-3.5131899606299211
11
5.9275780708661419
21
-3.5132903543307088
0
LINE
8
BLACK
6
CONTINUOUS
10
5.2215007480314961
20
-3.4695504330708662
11
5.2215782283464565
21
-3.4695452755905509
0
LINE
8
BLACK
6
CONTINUOUS
10
5.2215782283464565
20
-3.4695452755905509
11
5.2216315748031494
21
-3.4695633070866143
0
LINE
8
BLACK
6
CONTINUOUS
10
5.2216315748031494
20
-3.4695633070866143
11
5.2217721653543308
21
-3.4695771653543308
0
LINE
8
BLACK
6
CONTINUOUS
10
5.2217721653543308
20
-3.4695771653543308
11
5.2222153543307082
21
-3.4697607480314958
0
LINE
8
BLACK
6
CONTINUOUS
10
5.2222153543307082
20
-3.4697607480314958
11
5.2226696062992124
21
-3.4699143700787403
0
LINE
8
BLACK
6
CONTINUOUS
10
5.2226696062992124
20
-3.4699143700787403
11
5.2227445669291335
21
-3.4699799212598426
0
LINE
8
BLACK
6
CONTINUOUS
10
5.2227445669291335
20
-3.4699799212598426
11
5.2228365748031491
21
-3.4700180708661414
0
LINE
8
BLACK
6
CONTINUOUS
10
5.2228365748031491
20
-3.4700180708661414
11
5.223175551181102
21
-3.4703570472440943
0
LINE
8
BLACK
6
CONTINUOUS
10
5.223175551181102
20
-3.4703570472440943
11
5.2235366929133855
21
-3.4706730314960628
0
LINE
8
BLACK
6
CONTINUOUS
10
5.2235366929133855
20
-3.4706730314960628
11
5.2235808661417318
21
-3.4707623622047241
0
LINE
8
BLACK
6
CONTINUOUS
10
5.2235808661417318
20
-3.4707623622047241
11
5.2236512204724406
21
-3.4708327165354329
0
LINE
8
BLACK
6
CONTINUOUS
10
5.2236512204724406
20
-3.4708327165354329
11
5.2238346850393702
21
-3.4712756299212599
0
LINE
8
BLACK
6
CONTINUOUS
10
5.2238346850393702
20
-3.4712756299212599
11
5.2240474015748033
21
-3.4717057874015746
0
LINE
8
BLACK
6
CONTINUOUS
10
5.2240474015748033
20
-3.4717057874015746
11
5.2240540157480311
21
-3.4718051181102361
0
LINE
8
BLACK
6
CONTINUOUS
10
5.2240540157480311
20
-3.4718051181102361
11
5.2240921259842521
21
-3.4718971259842517
0
LINE
8
BLACK
6
CONTINUOUS
10
5.2240921259842521
20
-3.4718971259842517
11
5.2240921259842521
21
-3.4723768110236222
0
LINE
8
BLACK
6
CONTINUOUS
10
5.2240921259842521
20
-3.4723768110236222
11
5.2241240157480311
21
-3.47285531496063
0
LINE
8
BLACK
6
CONTINUOUS
10
5.2241240157480311
20
-3.47285531496063
11
5.2240921259842521
21
-3.4729496062992125
0
LINE
8
BLACK
6
CONTINUOUS
10
5.2240921259842521
20
-3.4729496062992125
11
5.2240921259842521
21
-3.4730492519685039
0
LINE
8
BLACK
6
CONTINUOUS
10
5.2240921259842521
20
-3.4730492519685039
11
5.2239085039370075
21
-3.4734924409448817
0
LINE
8
BLACK
6
CONTINUOUS
10
5.2239085039370075
20
-3.4734924409448817
11
5.2237549212598422
21
-3.4739466929133855
0
LINE
8
BLACK
6
CONTINUOUS
10
5.2237549212598422
20
-3.4739466929133855
11
5.2236889763779528
21
-3.4740224409448817
0
LINE
8
BLACK
6
CONTINUOUS
10
5.2236889763779528
20
-3.4740224409448817
11
5.2236512204724406
21
-3.4741136614173227
0
LINE
8
BLACK
6
CONTINUOUS
10
5.2236512204724406
20
-3.4741136614173227
11
5.2233310236220474
21
-3.4744338188976376
0
LINE
8
BLACK
6
CONTINUOUS
10
5.2233310236220474
20
-3.4744338188976376
11
5.2144655511811022
21
-3.4846225590551181
0
LINE
8
BLACK
6
CONTINUOUS
10
5.2144655511811022
20
-3.4846225590551181
11
5.2144769291338582
21
-3.4846233858267714
0
LINE
8
BLACK
6
CONTINUOUS
10
5.2144769291338582
20
-3.4846233858267714
11
5.2149884645669289
21
-3.4848715748031496
0
LINE
8
BLACK
6
CONTINUOUS
10
5.2149884645669289
20
-3.4848715748031496
11
5.2153375196850389
21
-3.4850161811023623
0
LINE
8
BLACK
6
CONTINUOUS
10
5.2153375196850389
20
-3.4850161811023623
11
5.2153856299212595
21
-3.4850642913385825
0
LINE
8
BLACK
6
CONTINUOUS
10
5.2153856299212595
20
-3.4850642913385825
11
5.2187670866141733
21
-3.4867050393700785
0
LINE
8
BLACK
6
CONTINUOUS
10
5.2187670866141733
20
-3.4867050393700785
11
5.2190150787401572
21
-3.4868611023622047
0
LINE
8
BLACK
6
CONTINUOUS
10
5.2190150787401572
20
-3.4868611023622047
11
5.219087047244094
21
-3.4868909448818899
0
LINE
8
BLACK
6
CONTINUOUS
10
5.219087047244094
20
-3.4868909448818899
11
5.2191331102362204
21
-3.4869354330708662
0
LINE
8
BLACK
6
CONTINUOUS
10
5.2191331102362204
20
-3.4869354330708662
11
5.2192569685039372
21
-3.4870133858267716
0
LINE
8
BLACK
6
CONTINUOUS
10
5.2192569685039372
20
-3.4870133858267716
11
5.2194787007874011
21
-3.48726905511811
0
LINE
8
BLACK
6
CONTINUOUS
10
5.2194787007874011
20
-3.48726905511811
11
5.2214092519685043
21
-3.4891329133858267
0
LINE
8
BLACK
6
CONTINUOUS
10
5.2214092519685043
20
-3.4891329133858267
11
5.2215949999999998
21
-3.4893592519685037
0
LINE
8
BLACK
6
CONTINUOUS
10
5.2215949999999998
20
-3.4893592519685037
11
5.2216540157480313
21
-3.4894104330708662
0
LINE
8
BLACK
6
CONTINUOUS
10
5.2216540157480313
20
-3.4894104330708662
11
5.2216826377952756
21
-3.4894660629921259
0
LINE
8
BLACK
6
CONTINUOUS
10
5.2216826377952756
20
-3.4894660629921259
11
5.221776456692913
21
-3.4895803543307085
0
LINE
8
BLACK
6
CONTINUOUS
10
5.221776456692913
20
-3.4895803543307085
11
5.2219201181102362
21
-3.4899272047244092
0
LINE
8
BLACK
6
CONTINUOUS
10
5.2219201181102362
20
-3.4899272047244092
11
5.223837125984252
21
-3.4936498425196851
0
LINE
8
BLACK
6
CONTINUOUS
10
5.223837125984252
20
-3.4936498425196851
11
5.2240440157480315
21
-3.494190433070866
0
LINE
8
BLACK
6
CONTINUOUS
10
5.2240440157480315
20
-3.494190433070866
11
5.2240515354330705
21
-3.4942962992125985
0
LINE
8
BLACK
6
CONTINUOUS
10
5.2240515354330705
20
-3.4942962992125985
11
5.2240921259842521
21
-3.4943942913385828
0
LINE
8
BLACK
6
CONTINUOUS
10
5.2240921259842521
20
-3.4943942913385828
11
5.2240950393700789
21
-3.4949088188976378
0
LINE
8
BLACK
6
CONTINUOUS
10
5.2240950393700789
20
-3.4949088188976378
11
5.2241256692913387
21
-3.4953396456692913
0
LINE
8
BLACK
6
CONTINUOUS
10
5.2241256692913387
20
-3.4953396456692913
11
5.2240979527559057
21
-3.495422677165354
0
LINE
8
BLACK
6
CONTINUOUS
10
5.2240979527559057
20
-3.495422677165354
11
5.224148858267716
21
-3.5043441732283465
0
LINE
8
BLACK
6
CONTINUOUS
10
5.224148858267716
20
-3.5043441732283465
11
5.2240921259842521
21
-3.5049202362204723
0
LINE
8
BLACK
6
CONTINUOUS
10
5.2240921259842521
20
-3.5049202362204723
11
5.2240515354330705
21
-3.5050181889763778
0
LINE
8
BLACK
6
CONTINUOUS
10
5.2240515354330705
20
-3.5050181889763778
11
5.2240440157480315
21
-3.5051240944881887
0
LINE
8
BLACK
6
CONTINUOUS
10
5.2240440157480315
20
-3.5051240944881887
11
5.2237956692913388
21
-3.5056358267716536
0
LINE
8
BLACK
6
CONTINUOUS
10
5.2237956692913388
20
-3.5056358267716536
11
5.2236512204724406
21
-3.5059846456692911
0
LINE
8
BLACK
6
CONTINUOUS
10
5.2236512204724406
20
-3.5059846456692911
11
5.2236031102362199
21
-3.506032716535433
0
LINE
8
BLACK
6
CONTINUOUS
10
5.2236031102362199
20
-3.506032716535433
11
5.2219623622047244
21
-3.5094142125984251
0
LINE
8
BLACK
6
CONTINUOUS
10
5.2219623622047244
20
-3.5094142125984251
11
5.2218062992125986
21
-3.5096620866141732
0
LINE
8
BLACK
6
CONTINUOUS
10
5.2218062992125986
20
-3.5096620866141732
11
5.2217764960629918
21
-3.5097341338582675
0
LINE
8
BLACK
6
CONTINUOUS
10
5.2217764960629918
20
-3.5097341338582675
11
5.221731929133858
21
-3.5097802362204722
0
LINE
8
BLACK
6
CONTINUOUS
10
5.221731929133858
20
-3.5097802362204722
11
5.2216540157480313
21
-3.509904094488189
0
LINE
8
BLACK
6
CONTINUOUS
10
5.2216540157480313
20
-3.509904094488189
11
5.2213983464566924
21
-3.5101257874015745
0
LINE
8
BLACK
6
CONTINUOUS
10
5.2213983464566924
20
-3.5101257874015745
11
5.2195345275590546
21
-3.5120563779527556
0
LINE
8
BLACK
6
CONTINUOUS
10
5.2195345275590546
20
-3.5120563779527556
11
5.2193081496062987
21
-3.512242125984252
0
LINE
8
BLACK
6
CONTINUOUS
10
5.2193081496062987
20
-3.512242125984252
11
5.2192569685039372
21
-3.5123011811023623
0
LINE
8
BLACK
6
CONTINUOUS
10
5.2192569685039372
20
-3.5123011811023623
11
5.2192012992125987
21
-3.5123298031496062
0
LINE
8
BLACK
6
CONTINUOUS
10
5.2192012992125987
20
-3.5123298031496062
11
5.219087047244094
21
-3.512423622047244
0
LINE
8
BLACK
6
CONTINUOUS
10
5.219087047244094
20
-3.512423622047244
11
5.2187401574803145
21
-3.5125672834645667
0
LINE
8
BLACK
6
CONTINUOUS
10
5.2187401574803145
20
-3.5125672834645667
11
5.2150175590551182
21
-3.5144842913385825
0
LINE
8
BLACK
6
CONTINUOUS
10
5.2150175590551182
20
-3.5144842913385825
11
5.2144769291338582
21
-3.514691181102362
0
LINE
8
BLACK
6
CONTINUOUS
10
5.2144769291338582
20
-3.514691181102362
11
5.2143711023622048
21
-3.5146986614173228
0
LINE
8
BLACK
6
CONTINUOUS
10
5.2143711023622048
20
-3.5146986614173228
11
5.2142731102362205
21
-3.5147392913385826
0
LINE
8
BLACK
6
CONTINUOUS
10
5.2142731102362205
20
-3.5147392913385826
11
5.2137655118110233
21
-3.5147416929133857
0
LINE
8
BLACK
6
CONTINUOUS
10
5.2137655118110233
20
-3.5147416929133857
11
5.2133277165354333
21
-3.5147728346456693
0
LINE
8
BLACK
6
CONTINUOUS
10
5.2133277165354333
20
-3.5147728346456693
11
5.2132419291338579
21
-3.514744212598425
0
LINE
8
BLACK
6
CONTINUOUS
10
5.2132419291338579
20
-3.514744212598425
11
5.2024484645669293
21
-3.514796023622047
0
LINE
8
BLACK
6
CONTINUOUS
10
5.2024484645669293
20
-3.514796023622047
11
5.2018724015748035
21
-3.5147392913385826
0
LINE
8
BLACK
6
CONTINUOUS
10
5.2018724015748035
20
-3.5147392913385826
11
5.2017744094488192
21
-3.5146987007874015
0
LINE
8
BLACK
6
CONTINUOUS
10
5.2017744094488192
20
-3.5146987007874015
11
5.2016685433070862
21
-3.514691181102362
0
LINE
8
BLACK
6
CONTINUOUS
10
5.2016685433070862
20
-3.514691181102362
11
5.201156771653543
21
-3.5144428346456693
0
LINE
8
BLACK
6
CONTINUOUS
10
5.201156771653543
20
-3.5144428346456693
11
5.2008079921259842
21
-3.5142983858267716
0
LINE
8
BLACK
6
CONTINUOUS
10
5.2008079921259842
20
-3.5142983858267716
11
5.2007598818897636
21
-3.5142502755905509
0
LINE
8
BLACK
6
CONTINUOUS
10
5.2007598818897636
20
-3.5142502755905509
11
5.1973784251968507
21
-3.512609527559055
0
LINE
8
BLACK
6
CONTINUOUS
10
5.1973784251968507
20
-3.512609527559055
11
5.1971303937007871
21
-3.5124534251968504
0
LINE
8
BLACK
6
CONTINUOUS
10
5.1971303937007871
20
-3.5124534251968504
11
5.1970584645669291
21
-3.512423622047244
0
LINE
8
BLACK
6
CONTINUOUS
10
5.1970584645669291
20
-3.512423622047244
11
5.197012362204724
21
-3.512379094488189
0
LINE
8
BLACK
6
CONTINUOUS
10
5.197012362204724
20
-3.512379094488189
11
5.1968885433070868
21
-3.5123011811023623
0
LINE
8
BLACK
6
CONTINUOUS
10
5.1968885433070868
20
-3.5123011811023623
11
5.1966667322834645
21
-3.5120453937007872
0
LINE
8
BLACK
6
CONTINUOUS
10
5.1966667322834645
20
-3.5120453937007872
11
5.194736220472441
21
-3.5101815748031497
0
LINE
8
BLACK
6
CONTINUOUS
10
5.194736220472441
20
-3.5101815748031497
11
5.1943690157480313
21
-3.5097341338582675
0
LINE
8
BLACK
6
CONTINUOUS
10
5.1943690157480313
20
-3.5097341338582675
11
5.1939281496062994
21
-3.5086697244094487
0
LINE
8
BLACK
6
CONTINUOUS
10
5.1939281496062994
20
-3.5086697244094487
11
5.1939281496062994
21
-3.5075176377952757
0
LINE
8
BLACK
6
CONTINUOUS
10
5.1939281496062994
20
-3.5075176377952757
11
5.1943690551181101
21
-3.5064532283464565
0
LINE
8
BLACK
6
CONTINUOUS
10
5.1943690551181101
20
-3.5064532283464565
11
5.1951837401574803
21
-3.5056385433070867
0
LINE
8
BLACK
6
CONTINUOUS
10
5.1951837401574803
20
-3.5056385433070867
11
5.1962481496062987
21
-3.5051976771653544
0
LINE
8
BLACK
6
CONTINUOUS
10
5.1962481496062987
20
-3.5051976771653544
11
5.1974002362204725
21
-3.5051976771653544
0
LINE
8
BLACK
6
CONTINUOUS
10
5.1974002362204725
20
-3.5051976771653544
11
5.1984646456692909
21
-3.5056385826771654
0
LINE
8
BLACK
6
CONTINUOUS
10
5.1984646456692909
20
-3.5056385826771654
11
5.2005258661417324
21
-3.5076286220472439
0
LINE
8
BLACK
6
CONTINUOUS
10
5.2005258661417324
20
-3.5076286220472439
11
5.2032299999999996
21
-3.5089407086614171
0
LINE
8
BLACK
6
CONTINUOUS
10
5.2032299999999996
20
-3.5089407086614171
11
5.213085078740157
21
-3.5088934251968502
0
LINE
8
BLACK
6
CONTINUOUS
10
5.213085078740157
20
-3.5088934251968502
11
5.2157906692913381
21
-3.5075001574803149
0
LINE
8
BLACK
6
CONTINUOUS
10
5.2157906692913381
20
-3.5075001574803149
11
5.2169814566929134
21
-3.5062667322834646
0
LINE
8
BLACK
6
CONTINUOUS
10
5.2169814566929134
20
-3.5062667322834646
11
5.2182923228346452
21
-3.5035651181102363
0
LINE
8
BLACK
6
CONTINUOUS
10
5.2182923228346452
20
-3.5035651181102363
11
5.2182468110236222
21
-3.4955833858267717
0
LINE
8
BLACK
6
CONTINUOUS
10
5.2182468110236222
20
-3.4955833858267717
11
5.2168529921259843
21
-3.4928766535433069
0
LINE
8
BLACK
6
CONTINUOUS
10
5.2168529921259843
20
-3.4928766535433069
11
5.2156196456692916
21
-3.4916859448818895
0
LINE
8
BLACK
6
CONTINUOUS
10
5.2156196456692916
20
-3.4916859448818895
11
5.212927440944882
21
-3.4903796062992125
0
LINE
8
BLACK
6
CONTINUOUS
10
5.212927440944882
20
-3.4903796062992125
11
5.208072755905512
21
-3.49042405511811
0
LINE
8
BLACK
6
CONTINUOUS
10
5.208072755905512
20
-3.49042405511811
11
5.207768070866142
21
-3.4903940157480315
0
LINE
8
BLACK
6
CONTINUOUS
10
5.207768070866142
20
-3.4903940157480315
11
5.2076906299212595
21
-3.4903992125984251
0
LINE
8
BLACK
6
CONTINUOUS
10
5.2076906299212595
20
-3.4903992125984251
11
5.2076372440944878
21
-3.4903811417322834
0
LINE
8
BLACK
6
CONTINUOUS
10
5.2076372440944878
20
-3.4903811417322834
11
5.2074966929133861
21
-3.4903673228346457
0
LINE
8
BLACK
6
CONTINUOUS
10
5.2074966929133861
20
-3.4903673228346457
11
5.2070534645669291
21
-3.4901837007874015
0
LINE
8
BLACK
6
CONTINUOUS
10
5.2070534645669291
20
-3.4901837007874015
11
5.2065992519685036
21
-3.4900301181102362
0
LINE
8
BLACK
6
CONTINUOUS
10
5.2065992519685036
20
-3.4900301181102362
11
5.2065242519685038
21
-3.4899645275590552
0
LINE
8
BLACK
6
CONTINUOUS
10
5.2065242519685038
20
-3.4899645275590552
11
5.2064322834645669
21
-3.4899264173228346
0
LINE
8
BLACK
6
CONTINUOUS
10
5.2064322834645669
20
-3.4899264173228346
11
5.2060932677165352
21
-3.489587401574803
0
LINE
8
BLACK
6
CONTINUOUS
10
5.2060932677165352
20
-3.489587401574803
11
5.2057321653543305
21
-3.4892714566929133
0
LINE
8
BLACK
6
CONTINUOUS
10
5.2057321653543305
20
-3.4892714566929133
11
5.2056879527559055
21
-3.4891820866141732
0
LINE
8
BLACK
6
CONTINUOUS
10
5.2056879527559055
20
-3.4891820866141732
11
5.2056176377952754
21
-3.4891117716535431
0
LINE
8
BLACK
6
CONTINUOUS
10
5.2056176377952754
20
-3.4891117716535431
11
5.2054341338582679
21
-3.4886688188976378
0
LINE
8
BLACK
6
CONTINUOUS
10
5.2054341338582679
20
-3.4886688188976378
11
5.2052214566929136
21
-3.4882387007874014
0
LINE
8
BLACK
6
CONTINUOUS
10
5.2052214566929136
20
-3.4882387007874014
11
5.2052148031496062
21
-3.4881393307086612
0
LINE
8
BLACK
6
CONTINUOUS
10
5.2052148031496062
20
-3.4881393307086612
11
5.2051767322834648
21
-3.4880473622047243
0
LINE
8
BLACK
6
CONTINUOUS
10
5.2051767322834648
20
-3.4880473622047243
11
5.2051767322834648
21
-3.4875676377952756
0
LINE
8
BLACK
6
CONTINUOUS
10
5.2051767322834648
20
-3.4875676377952756
11
5.2051448425196849
21
-3.4870891732283464
0
LINE
8
BLACK
6
CONTINUOUS
10
5.2051448425196849
20
-3.4870891732283464
11
5.2051767322834648
21
-3.4869948425196848
0
LINE
8
BLACK
6
CONTINUOUS
10
5.2051767322834648
20
-3.4869948425196848
11
5.2051767322834648
21
-3.4868952362204721
0
LINE
8
BLACK
6
CONTINUOUS
10
5.2051767322834648
20
-3.4868952362204721
11
5.2053603149606298
21
-3.4864520078740155
0
LINE
8
BLACK
6
CONTINUOUS
10
5.2053603149606298
20
-3.4864520078740155
11
5.2055139370078738
21
-3.4859977952755905
0
LINE
8
BLACK
6
CONTINUOUS
10
5.2055139370078738
20
-3.4859977952755905
11
5.2055798425196853
21
-3.4859220078740156
0
LINE
8
BLACK
6
CONTINUOUS
10
5.2055798425196853
20
-3.4859220078740156
11
5.2056176377952754
21
-3.4858308267716533
0
LINE
8
BLACK
6
CONTINUOUS
10
5.2056176377952754
20
-3.4858308267716533
11
5.2059377952755908
21
-3.4855106299212597
0
LINE
8
BLACK
6
CONTINUOUS
10
5.2059377952755908
20
-3.4855106299212597
11
5.2147482283464566
21
-3.4753851574803147
0
LINE
8
BLACK
6
CONTINUOUS
10
5.2147482283464566
20
-3.4753851574803147
11
5.1968241732283467
21
-3.4754259448818896
0
LINE
8
BLACK
6
CONTINUOUS
10
5.1968241732283467
20
-3.4754259448818896
11
5.1962481102362208
21
-3.4753692125984252
0
LINE
8
BLACK
6
CONTINUOUS
10
5.1962481102362208
20
-3.4753692125984252
11
5.1951837007874015
21
-3.4749283070866142
0
LINE
8
BLACK
6
CONTINUOUS
10
5.1951837007874015
20
-3.4749283070866142
11
5.1943690551181101
21
-3.4741136614173227
0
LINE
8
BLACK
6
CONTINUOUS
10
5.1943690551181101
20
-3.4741136614173227
11
5.1939281496062994
21
-3.4730492519685039
0
LINE
8
BLACK
6
CONTINUOUS
10
5.1939281496062994
20
-3.4730492519685039
11
5.1939281496062994
21
-3.4718971259842517
0
LINE
8
BLACK
6
CONTINUOUS
10
5.1939281496062994
20
-3.4718971259842517
11
5.1943690551181101
21
-3.4708327165354329
0
LINE
8
BLACK
6
CONTINUOUS
10
5.1943690551181101
20
-3.4708327165354329
11
5.1951837007874015
21
-3.4700180708661414
0
LINE
8
BLACK
6
CONTINUOUS
10
5.1951837007874015
20
-3.4700180708661414
11
5.1962481102362208
21
-3.4695771653543308
0
LINE
8
BLACK
6
CONTINUOUS
10
5.1962481102362208
20
-3.4695771653543308
11
5.2211961023622049
21
-3.469520433070866
0
LINE
8
BLACK
6
CONTINUOUS
10
5.2211961023622049
20
-3.469520433070866
11
5.2215007480314961
21
-3.4695504330708662
0
LINE
8
BLACK
6
CONTINUOUS
10
5.2498936614173228
20
-3.4695771653543308
11
5.2499916535433071
21
-3.4696177559055119
0
LINE
8
BLACK
6
CONTINUOUS
10
5.2499916535433071
20
-3.4696177559055119
11
5.2500974803149605
21
-3.469625275590551
0
LINE
8
BLACK
6
CONTINUOUS
10
5.2500974803149605
20
-3.469625275590551
11
5.2506090157480312
21
-3.4698734645669291
0
LINE
8
BLACK
6
CONTINUOUS
10
5.2506090157480312
20
-3.4698734645669291
11
5.2509580708661412
21
-3.4700180708661414
0
LINE
8
BLACK
6
CONTINUOUS
10
5.2509580708661412
20
-3.4700180708661414
11
5.2510061811023618
21
-3.4700661811023621
0
LINE
8
BLACK
6
CONTINUOUS
10
5.2510061811023618
20
-3.4700661811023621
11
5.2543876377952756
21
-3.471706929133858
0
LINE
8
BLACK
6
CONTINUOUS
10
5.2543876377952756
20
-3.471706929133858
11
5.2546356299212595
21
-3.4718629921259843
0
LINE
8
BLACK
6
CONTINUOUS
10
5.2546356299212595
20
-3.4718629921259843
11
5.2547075984251963
21
-3.471892834645669
0
LINE
8
BLACK
6
CONTINUOUS
10
5.2547075984251963
20
-3.471892834645669
11
5.2547536614173227
21
-3.4719373228346457
0
LINE
8
BLACK
6
CONTINUOUS
10
5.2547536614173227
20
-3.4719373228346457
11
5.2548775196850395
21
-3.4720152755905511
0
LINE
8
BLACK
6
CONTINUOUS
10
5.2548775196850395
20
-3.4720152755905511
11
5.2550992519685042
21
-3.4722709448818896
0
LINE
8
BLACK
6
CONTINUOUS
10
5.2550992519685042
20
-3.4722709448818896
11
5.2570298031496066
21
-3.4741348031496062
0
LINE
8
BLACK
6
CONTINUOUS
10
5.2570298031496066
20
-3.4741348031496062
11
5.2572155511811021
21
-3.4743611417322833
0
LINE
8
BLACK
6
CONTINUOUS
10
5.2572155511811021
20
-3.4743611417322833
11
5.2572745669291336
21
-3.4744123228346457
0
LINE
8
BLACK
6
CONTINUOUS
10
5.2572745669291336
20
-3.4744123228346457
11
5.2573031889763779
21
-3.4744679527559055
0
LINE
8
BLACK
6
CONTINUOUS
10
5.2573031889763779
20
-3.4744679527559055
11
5.2573970078740153
21
-3.474582244094488
0
LINE
8
BLACK
6
CONTINUOUS
10
5.2573970078740153
20
-3.474582244094488
11
5.2575406692913385
21
-3.4749290944881888
0
LINE
8
BLACK
6
CONTINUOUS
10
5.2575406692913385
20
-3.4749290944881888
11
5.2594576771653543
21
-3.4786517322834647
0
LINE
8
BLACK
6
CONTINUOUS
10
5.2594576771653543
20
-3.4786517322834647
11
5.2594737795275588
21
-3.4786938188976375
0
LINE
8
BLACK
6
CONTINUOUS
10
5.2594737795275588
20
-3.4786938188976375
11
5.2594864960629923
21
-3.4787109842519683
0
LINE
8
BLACK
6
CONTINUOUS
10
5.2594864960629923
20
-3.4787109842519683
11
5.25949905511811
21
-3.4787599212598423
0
LINE
8
BLACK
6
CONTINUOUS
10
5.25949905511811
20
-3.4787599212598423
11
5.2596645669291338
21
-3.4791923228346455
0
LINE
8
BLACK
6
CONTINUOUS
10
5.2596645669291338
20
-3.4791923228346455
11
5.2596852362204727
21
-3.4794835433070865
0
LINE
8
BLACK
6
CONTINUOUS
10
5.2596852362204727
20
-3.4794835433070865
11
5.2615560236220471
21
-3.4867551574803151
0
LINE
8
BLACK
6
CONTINUOUS
10
5.2615560236220471
20
-3.4867551574803151
11
5.2615707874015749
21
-3.4868549999999998
0
LINE
8
BLACK
6
CONTINUOUS
10
5.2615707874015749
20
-3.4868549999999998
11
5.261587440944882
21
-3.4868952362204721
0
LINE
8
BLACK
6
CONTINUOUS
10
5.261587440944882
20
-3.4868952362204721
11
5.2615878346456695
21
-3.4869705905511812
0
LINE
8
BLACK
6
CONTINUOUS
10
5.2615878346456695
20
-3.4869705905511812
11
5.2616406692913387
21
-3.4873277559055116
0
LINE
8
BLACK
6
CONTINUOUS
10
5.2616406692913387
20
-3.4873277559055116
11
5.261591771653543
21
-3.4876562992125986
0
LINE
8
BLACK
6
CONTINUOUS
10
5.261591771653543
20
-3.4876562992125986
11
5.2616441732283468
21
-3.4968451181102362
0
LINE
8
BLACK
6
CONTINUOUS
10
5.2616441732283468
20
-3.4968451181102362
11
5.2616342519685038
21
-3.4969456299212598
0
LINE
8
BLACK
6
CONTINUOUS
10
5.2616342519685038
20
-3.4969456299212598
11
5.2616406692913387
21
-3.4969886614173227
0
LINE
8
BLACK
6
CONTINUOUS
10
5.2616406692913387
20
-3.4969886614173227
11
5.2616227559055115
21
-3.4970623228346458
0
LINE
8
BLACK
6
CONTINUOUS
10
5.2616227559055115
20
-3.4970623228346458
11
5.261587440944882
21
-3.4974211811023621
0
LINE
8
BLACK
6
CONTINUOUS
10
5.261587440944882
20
-3.4974211811023621
11
5.2614623622047239
21
-3.4977230708661415
0
LINE
8
BLACK
6
CONTINUOUS
10
5.2614623622047239
20
-3.4977230708661415
11
5.2596812598425196
21
-3.5050603149606299
0
LINE
8
BLACK
6
CONTINUOUS
10
5.2596812598425196
20
-3.5050603149606299
11
5.2596660629921255
21
-3.5051027952755907
0
LINE
8
BLACK
6
CONTINUOUS
10
5.2596660629921255
20
-3.5051027952755907
11
5.2596645669291338
21
-3.5051240944881887
0
LINE
8
BLACK
6
CONTINUOUS
10
5.2596645669291338
20
-3.5051240944881887
11
5.2596414173228343
21
-3.5051717322834643
0
LINE
8
BLACK
6
CONTINUOUS
10
5.2596414173228343
20
-3.5051717322834643
11
5.2594864960629923
21
-3.5056054330708659
0
LINE
8
BLACK
6
CONTINUOUS
10
5.2594864960629923
20
-3.5056054330708659
11
5.2593257480314959
21
-3.5058223622047242
0
LINE
8
BLACK
6
CONTINUOUS
10
5.2593257480314959
20
-3.5058223622047242
11
5.2575829133858267
21
-3.5094142125984251
0
LINE
8
BLACK
6
CONTINUOUS
10
5.2575829133858267
20
-3.5094142125984251
11
5.2574268503937009
21
-3.5096620866141732
0
LINE
8
BLACK
6
CONTINUOUS
10
5.2574268503937009
20
-3.5096620866141732
11
5.2573970472440941
21
-3.5097341338582675
0
LINE
8
BLACK
6
CONTINUOUS
10
5.2573970472440941
20
-3.5097341338582675
11
5.2573524803149603
21
-3.5097802362204722
0
LINE
8
BLACK
6
CONTINUOUS
10
5.2573524803149603
20
-3.5097802362204722
11
5.2572745669291336
21
-3.509904094488189
0
LINE
8
BLACK
6
CONTINUOUS
10
5.2572745669291336
20
-3.509904094488189
11
5.2570188976377947
21
-3.5101257874015745
0
LINE
8
BLACK
6
CONTINUOUS
10
5.2570188976377947
20
-3.5101257874015745
11
5.2551550787401577
21
-3.5120563779527556
0
LINE
8
BLACK
6
CONTINUOUS
10
5.2551550787401577
20
-3.5120563779527556
11
5.254928700787401
21
-3.512242125984252
0
LINE
8
BLACK
6
CONTINUOUS
10
5.254928700787401
20
-3.512242125984252
11
5.2548775196850395
21
-3.5123011811023623
0
LINE
8
BLACK
6
CONTINUOUS
10
5.2548775196850395
20
-3.5123011811023623
11
5.254821850393701
21
-3.5123298031496062
0
LINE
8
BLACK
6
CONTINUOUS
10
5.254821850393701
20
-3.5123298031496062
11
5.2547075984251963
21
-3.512423622047244
0
LINE
8
BLACK
6
CONTINUOUS
10
5.2547075984251963
20
-3.512423622047244
11
5.2543607086614168
21
-3.5125672834645667
0
LINE
8
BLACK
6
CONTINUOUS
10
5.2543607086614168
20
-3.5125672834645667
11
5.2506381102362205
21
-3.5144842913385825
0
LINE
8
BLACK
6
CONTINUOUS
10
5.2506381102362205
20
-3.5144842913385825
11
5.2500974803149605
21
-3.514691181102362
0
LINE
8
BLACK
6
CONTINUOUS
10
5.2500974803149605
20
-3.514691181102362
11
5.2499916535433071
21
-3.5146986614173228
0
LINE
8
BLACK
6
CONTINUOUS
10
5.2499916535433071
20
-3.5146986614173228
11
5.2498936614173228
21
-3.5147392913385826
0
LINE
8
BLACK
6
CONTINUOUS
10
5.2498936614173228
20
-3.5147392913385826
11
5.2493131889763776
21
-3.5147468897637792
0
LINE
8
BLACK
6
CONTINUOUS
10
5.2493131889763776
20
-3.5147468897637792
11
5.2489482677165356
21
-3.5147728346456693
0
LINE
8
BLACK
6
CONTINUOUS
10
5.2489482677165356
20
-3.5147728346456693
11
5.2488872047244097
21
-3.5147524803149603
0
LINE
8
BLACK
6
CONTINUOUS
10
5.2488872047244097
20
-3.5147524803149603
11
5.2455680708661419
21
-3.514796023622047
0
LINE
8
BLACK
6
CONTINUOUS
10
5.2455680708661419
20
-3.514796023622047
11
5.244992007874016
21
-3.5147392913385826
0
LINE
8
BLACK
6
CONTINUOUS
10
5.244992007874016
20
-3.5147392913385826
11
5.2448940157480317
21
-3.5146987007874015
0
LINE
8
BLACK
6
CONTINUOUS
10
5.2448940157480317
20
-3.5146987007874015
11
5.2447881496062987
21
-3.514691181102362
0
LINE
8
BLACK
6
CONTINUOUS
10
5.2447881496062987
20
-3.514691181102362
11
5.2442763779527555
21
-3.5144428346456693
0
LINE
8
BLACK
6
CONTINUOUS
10
5.2442763779527555
20
-3.5144428346456693
11
5.2439275984251967
21
-3.5142983858267716
0
LINE
8
BLACK
6
CONTINUOUS
10
5.2439275984251967
20
-3.5142983858267716
11
5.2438794881889761
21
-3.5142502755905509
0
LINE
8
BLACK
6
CONTINUOUS
10
5.2438794881889761
20
-3.5142502755905509
11
5.2404980314960632
21
-3.512609527559055
0
LINE
8
BLACK
6
CONTINUOUS
10
5.2404980314960632
20
-3.512609527559055
11
5.2402499999999996
21
-3.5124534251968504
0
LINE
8
BLACK
6
CONTINUOUS
10
5.2402499999999996
20
-3.5124534251968504
11
5.2401780708661416
21
-3.512423622047244
0
LINE
8
BLACK
6
CONTINUOUS
10
5.2401780708661416
20
-3.512423622047244
11
5.2401319685039365
21
-3.512379094488189
0
LINE
8
BLACK
6
CONTINUOUS
10
5.2401319685039365
20
-3.512379094488189
11
5.2400081496062993
21
-3.5123011811023623
0
LINE
8
BLACK
6
CONTINUOUS
10
5.2400081496062993
20
-3.5123011811023623
11
5.2397863385826771
21
-3.5120453937007872
0
LINE
8
BLACK
6
CONTINUOUS
10
5.2397863385826771
20
-3.5120453937007872
11
5.2378558267716535
21
-3.5101815748031497
0
LINE
8
BLACK
6
CONTINUOUS
10
5.2378558267716535
20
-3.5101815748031497
11
5.2376700787401571
21
-3.5099552362204722
0
LINE
8
BLACK
6
CONTINUOUS
10
5.2376700787401571
20
-3.5099552362204722
11
5.2376111023622043
21
-3.509904094488189
0
LINE
8
BLACK
6
CONTINUOUS
10
5.2376111023622043
20
-3.509904094488189
11
5.2375824409448821
21
-3.5098484645669292
0
LINE
8
BLACK
6
CONTINUOUS
10
5.2375824409448821
20
-3.5098484645669292
11
5.2374886220472439
21
-3.5097341338582675
0
LINE
8
BLACK
6
CONTINUOUS
10
5.2374886220472439
20
-3.5097341338582675
11
5.237344921259842
21
-3.5093872047244092
0
LINE
8
BLACK
6
CONTINUOUS
10
5.237344921259842
20
-3.5093872047244092
11
5.2354279921259845
21
-3.50566468503937
0
LINE
8
BLACK
6
CONTINUOUS
10
5.2354279921259845
20
-3.50566468503937
11
5.2354118503937004
21
-3.505622559055118
0
LINE
8
BLACK
6
CONTINUOUS
10
5.2354118503937004
20
-3.505622559055118
11
5.2353991732283465
21
-3.5056054330708659
0
LINE
8
BLACK
6
CONTINUOUS
10
5.2353991732283465
20
-3.5056054330708659
11
5.2353865354330704
21
-3.5055564173228344
0
LINE
8
BLACK
6
CONTINUOUS
10
5.2353865354330704
20
-3.5055564173228344
11
5.2352211023622042
21
-3.50512405511811
0
LINE
8
BLACK
6
CONTINUOUS
10
5.2352211023622042
20
-3.50512405511811
11
5.2352003937007874
21
-3.5048328346456694
0
LINE
8
BLACK
6
CONTINUOUS
10
5.2352003937007874
20
-3.5048328346456694
11
5.2333296456692908
21
-3.4975612598425196
0
LINE
8
BLACK
6
CONTINUOUS
10
5.2333296456692908
20
-3.4975612598425196
11
5.2333148425196852
21
-3.4974613779527557
0
LINE
8
BLACK
6
CONTINUOUS
10
5.2333148425196852
20
-3.4974613779527557
11
5.2332982283464569
21
-3.4974211811023621
0
LINE
8
BLACK
6
CONTINUOUS
10
5.2332982283464569
20
-3.4974211811023621
11
5.2332977952755906
21
-3.4973457874015748
0
LINE
8
BLACK
6
CONTINUOUS
10
5.2332977952755906
20
-3.4973457874015748
11
5.2332450000000001
21
-3.4969886614173227
0
LINE
8
BLACK
6
CONTINUOUS
10
5.2332450000000001
20
-3.4969886614173227
11
5.2332938582677162
21
-3.4966600787401574
0
LINE
8
BLACK
6
CONTINUOUS
10
5.2332938582677162
20
-3.4966600787401574
11
5.233241496062992
21
-3.4874712992125985
0
LINE
8
BLACK
6
CONTINUOUS
10
5.233241496062992
20
-3.4874712992125985
11
5.2332513779527554
21
-3.4873707480314962
0
LINE
8
BLACK
6
CONTINUOUS
10
5.2332513779527554
20
-3.4873707480314962
11
5.2332450000000001
21
-3.4873277559055116
0
LINE
8
BLACK
6
CONTINUOUS
10
5.2332450000000001
20
-3.4873277559055116
11
5.2332628740157476
21
-3.4872540551181102
0
LINE
8
BLACK
6
CONTINUOUS
10
5.2332628740157476
20
-3.4872540551181102
11
5.2332982283464569
21
-3.4868952362204721
0
LINE
8
BLACK
6
CONTINUOUS
10
5.2332982283464569
20
-3.4868952362204721
11
5.2334232677165353
21
-3.486593307086614
0
LINE
8
BLACK
6
CONTINUOUS
10
5.2334232677165353
20
-3.486593307086614
11
5.2352044094488184
21
-3.4792561023622048
0
LINE
8
BLACK
6
CONTINUOUS
10
5.2352044094488184
20
-3.4792561023622048
11
5.2352195669291337
21
-3.4792135826771653
0
LINE
8
BLACK
6
CONTINUOUS
10
5.2352195669291337
20
-3.4792135826771653
11
5.2352211023622042
21
-3.4791923622047243
0
LINE
8
BLACK
6
CONTINUOUS
10
5.2352211023622042
20
-3.4791923622047243
11
5.2352441338582674
21
-3.4791448031496062
0
LINE
8
BLACK
6
CONTINUOUS
10
5.2352441338582674
20
-3.4791448031496062
11
5.2353991732283465
21
-3.4787109842519683
0
LINE
8
BLACK
6
CONTINUOUS
10
5.2353991732283465
20
-3.4787109842519683
11
5.2355599606299208
21
-3.4784939763779525
0
LINE
8
BLACK
6
CONTINUOUS
10
5.2355599606299208
20
-3.4784939763779525
11
5.2373027559055121
21
-3.4749022047244096
0
LINE
8
BLACK
6
CONTINUOUS
10
5.2373027559055121
20
-3.4749022047244096
11
5.2374588188976379
21
-3.4746541732283465
0
LINE
8
BLACK
6
CONTINUOUS
10
5.2374588188976379
20
-3.4746541732283465
11
5.2374886614173226
21
-3.474582244094488
0
LINE
8
BLACK
6
CONTINUOUS
10
5.2374886614173226
20
-3.474582244094488
11
5.2375331496062989
21
-3.4745361417322833
0
LINE
8
BLACK
6
CONTINUOUS
10
5.2375331496062989
20
-3.4745361417322833
11
5.2376111023622043
21
-3.4744123228346457
0
LINE
8
BLACK
6
CONTINUOUS
10
5.2376111023622043
20
-3.4744123228346457
11
5.2378667716535432
21
-3.4741905511811022
0
LINE
8
BLACK
6
CONTINUOUS
10
5.2378667716535432
20
-3.4741905511811022
11
5.2397306299212598
21
-3.4722600393700787
0
LINE
8
BLACK
6
CONTINUOUS
10
5.2397306299212598
20
-3.4722600393700787
11
5.2399569685039369
21
-3.4720742519685039
0
LINE
8
BLACK
6
CONTINUOUS
10
5.2399569685039369
20
-3.4720742519685039
11
5.2400081496062993
21
-3.4720152755905511
0
LINE
8
BLACK
6
CONTINUOUS
10
5.2400081496062993
20
-3.4720152755905511
11
5.2400637795275591
21
-3.4719866141732281
0
LINE
8
BLACK
6
CONTINUOUS
10
5.2400637795275591
20
-3.4719866141732281
11
5.2401780708661416
21
-3.471892834645669
0
LINE
8
BLACK
6
CONTINUOUS
10
5.2401780708661416
20
-3.471892834645669
11
5.2405249212598424
21
-3.4717491338582676
0
LINE
8
BLACK
6
CONTINUOUS
10
5.2405249212598424
20
-3.4717491338582676
11
5.2442475590551183
21
-3.4698321653543305
0
LINE
8
BLACK
6
CONTINUOUS
10
5.2442475590551183
20
-3.4698321653543305
11
5.2447881496062987
21
-3.469625275590551
0
LINE
8
BLACK
6
CONTINUOUS
10
5.2447881496062987
20
-3.469625275590551
11
5.2448940157480317
21
-3.4696177165354332
0
LINE
8
BLACK
6
CONTINUOUS
10
5.2448940157480317
20
-3.4696177165354332
11
5.244992007874016
21
-3.4695771653543308
0
LINE
8
BLACK
6
CONTINUOUS
10
5.244992007874016
20
-3.4695771653543308
11
5.2455723622047241
21
-3.469569527559055
0
LINE
8
BLACK
6
CONTINUOUS
10
5.2455723622047241
20
-3.469569527559055
11
5.2459373622047245
21
-3.4695436220472442
0
LINE
8
BLACK
6
CONTINUOUS
10
5.2459373622047245
20
-3.4695436220472442
11
5.2459983858267716
21
-3.4695639370078739
0
LINE
8
BLACK
6
CONTINUOUS
10
5.2459983858267716
20
-3.4695639370078739
11
5.249317598425197
21
-3.469520433070866
0
LINE
8
BLACK
6
CONTINUOUS
10
5.249317598425197
20
-3.469520433070866
11
5.2498936614173228
21
-3.4695771653543308
0
LINE
8
BLACK
6
CONTINUOUS
10
5.2461901574803145
20
-3.4754177559055117
11
5.2434743700787401
21
-3.4768162598425194
0
LINE
8
BLACK
6
CONTINUOUS
10
5.2434743700787401
20
-3.4768162598425194
11
5.2422836614173223
21
-3.4780496062992126
0
LINE
8
BLACK
6
CONTINUOUS
10
5.2422836614173223
20
-3.4780496062992126
11
5.2407550787401576
21
-3.4811998818897636
0
LINE
8
BLACK
6
CONTINUOUS
10
5.2407550787401576
20
-3.4811998818897636
11
5.2390967322834641
21
-3.4880312992125981
0
LINE
8
BLACK
6
CONTINUOUS
10
5.2390967322834641
20
-3.4880312992125981
11
5.239146062992126
21
-3.496679842519685
0
LINE
8
BLACK
6
CONTINUOUS
10
5.239146062992126
20
-3.496679842519685
11
5.2409020866141729
21
-3.5035055118110234
0
LINE
8
BLACK
6
CONTINUOUS
10
5.2409020866141729
20
-3.5035055118110234
11
5.2424121259842522
21
-3.506437834645669
0
LINE
8
BLACK
6
CONTINUOUS
10
5.2424121259842522
20
-3.506437834645669
11
5.2436454724409449
21
-3.5076286220472439
0
LINE
8
BLACK
6
CONTINUOUS
10
5.2436454724409449
20
-3.5076286220472439
11
5.2463269291338586
21
-3.5089297244094486
0
LINE
8
BLACK
6
CONTINUOUS
10
5.2463269291338586
20
-3.5089297244094486
11
5.2486954724409447
21
-3.5088986614173225
0
LINE
8
BLACK
6
CONTINUOUS
10
5.2486954724409447
20
-3.5088986614173225
11
5.2514112204724412
21
-3.5075001574803149
0
LINE
8
BLACK
6
CONTINUOUS
10
5.2514112204724412
20
-3.5075001574803149
11
5.2526020078740157
21
-3.5062667322834646
0
LINE
8
BLACK
6
CONTINUOUS
10
5.2526020078740157
20
-3.5062667322834646
11
5.2541305511811025
21
-3.5031164960629919
0
LINE
8
BLACK
6
CONTINUOUS
10
5.2541305511811025
20
-3.5031164960629919
11
5.2557888976377951
21
-3.4962850787401574
0
LINE
8
BLACK
6
CONTINUOUS
10
5.2557888976377951
20
-3.4962850787401574
11
5.255739566929134
21
-3.487636535433071
0
LINE
8
BLACK
6
CONTINUOUS
10
5.255739566929134
20
-3.487636535433071
11
5.2539835433070863
21
-3.4808108661417321
0
LINE
8
BLACK
6
CONTINUOUS
10
5.2539835433070863
20
-3.4808108661417321
11
5.2524735433070866
21
-3.4778785433070865
0
LINE
8
BLACK
6
CONTINUOUS
10
5.2524735433070866
20
-3.4778785433070865
11
5.2512401968503939
21
-3.4766878346456691
0
LINE
8
BLACK
6
CONTINUOUS
10
5.2512401968503939
20
-3.4766878346456691
11
5.2485587007874015
21
-3.4753866929133856
0
LINE
8
BLACK
6
CONTINUOUS
10
5.2485587007874015
20
-3.4753866929133856
11
5.2461901574803145
21
-3.4754177559055117
0
LINE
8
BLACK
6
CONTINUOUS
10
5.3061366141732282
20
-3.4695771653543308
11
5.3062346062992125
21
-3.4696177559055119
0
LINE
8
BLACK
6
CONTINUOUS
10
5.3062346062992125
20
-3.4696177559055119
11
5.3063404330708659
21
-3.469625275590551
0
LINE
8
BLACK
6
CONTINUOUS
10
5.3063404330708659
20
-3.469625275590551
11
5.3068519685039366
21
-3.4698734645669291
0
LINE
8
BLACK
6
CONTINUOUS
10
5.3068519685039366
20
-3.4698734645669291
11
5.3072010236220475
21
-3.4700180708661414
0
LINE
8
BLACK
6
CONTINUOUS
10
5.3072010236220475
20
-3.4700180708661414
11
5.3072491338582672
21
-3.4700661811023621
0
LINE
8
BLACK
6
CONTINUOUS
10
5.3072491338582672
20
-3.4700661811023621
11
5.310630590551181
21
-3.471706929133858
0
LINE
8
BLACK
6
CONTINUOUS
10
5.310630590551181
20
-3.471706929133858
11
5.3108785826771649
21
-3.4718629921259843
0
LINE
8
BLACK
6
CONTINUOUS
10
5.3108785826771649
20
-3.4718629921259843
11
5.3109505511811026
21
-3.471892834645669
0
LINE
8
BLACK
6
CONTINUOUS
10
5.3109505511811026
20
-3.471892834645669
11
5.3109966141732281
21
-3.4719373228346457
0
LINE
8
BLACK
6
CONTINUOUS
10
5.3109966141732281
20
-3.4719373228346457
11
5.3111204724409449
21
-3.4720152755905511
0
LINE
8
BLACK
6
CONTINUOUS
10
5.3111204724409449
20
-3.4720152755905511
11
5.3113422047244097
21
-3.4722709448818896
0
LINE
8
BLACK
6
CONTINUOUS
10
5.3113422047244097
20
-3.4722709448818896
11
5.313272755905512
21
-3.4741348031496062
0
LINE
8
BLACK
6
CONTINUOUS
10
5.313272755905512
20
-3.4741348031496062
11
5.3134585039370075
21
-3.4743611417322833
0
LINE
8
BLACK
6
CONTINUOUS
10
5.3134585039370075
20
-3.4743611417322833
11
5.313517519685039
21
-3.4744123228346457
0
LINE
8
BLACK
6
CONTINUOUS
10
5.313517519685039
20
-3.4744123228346457
11
5.3135461417322833
21
-3.4744679527559055
0
LINE
8
BLACK
6
CONTINUOUS
10
5.3135461417322833
20
-3.4744679527559055
11
5.3136399606299207
21
-3.474582244094488
0
LINE
8
BLACK
6
CONTINUOUS
10
5.3136399606299207
20
-3.474582244094488
11
5.3137836220472439
21
-3.4749290944881888
0
LINE
8
BLACK
6
CONTINUOUS
10
5.3137836220472439
20
-3.4749290944881888
11
5.3157006299212597
21
-3.4786517322834647
0
LINE
8
BLACK
6
CONTINUOUS
10
5.3157006299212597
20
-3.4786517322834647
11
5.3157167322834642
21
-3.4786938188976375
0
LINE
8
BLACK
6
CONTINUOUS
10
5.3157167322834642
20
-3.4786938188976375
11
5.3157294488188978
21
-3.4787109842519683
0
LINE
8
BLACK
6
CONTINUOUS
10
5.3157294488188978
20
-3.4787109842519683
11
5.3157420078740154
21
-3.4787599212598423
0
LINE
8
BLACK
6
CONTINUOUS
10
5.3157420078740154
20
-3.4787599212598423
11
5.3159075196850392
21
-3.4791923228346455
0
LINE
8
BLACK
6
CONTINUOUS
10
5.3159075196850392
20
-3.4791923228346455
11
5.3159281889763781
21
-3.4794835433070865
0
LINE
8
BLACK
6
CONTINUOUS
10
5.3159281889763781
20
-3.4794835433070865
11
5.3177989763779525
21
-3.4867551574803151
0
LINE
8
BLACK
6
CONTINUOUS
10
5.3177989763779525
20
-3.4867551574803151
11
5.3178137401574803
21
-3.4868549999999998
0
LINE
8
BLACK
6
CONTINUOUS
10
5.3178137401574803
20
-3.4868549999999998
11
5.3178303937007874
21
-3.4868952362204721
0
LINE
8
BLACK
6
CONTINUOUS
10
5.3178303937007874
20
-3.4868952362204721
11
5.3178307874015749
21
-3.4869705905511812
0
LINE
8
BLACK
6
CONTINUOUS
10
5.3178307874015749
20
-3.4869705905511812
11
5.3178836220472441
21
-3.4873277559055116
0
LINE
8
BLACK
6
CONTINUOUS
10
5.3178836220472441
20
-3.4873277559055116
11
5.3178347244094484
21
-3.4876562992125986
0
LINE
8
BLACK
6
CONTINUOUS
10
5.3178347244094484
20
-3.4876562992125986
11
5.3178871259842522
21
-3.4968451181102362
0
LINE
8
BLACK
6
CONTINUOUS
10
5.3178871259842522
20
-3.4968451181102362
11
5.3178772047244092
21
-3.4969456299212598
0
LINE
8
BLACK
6
CONTINUOUS
10
5.3178772047244092
20
-3.4969456299212598
11
5.3178836220472441
21
-3.4969886614173227
0
LINE
8
BLACK
6
CONTINUOUS
10
5.3178836220472441
20
-3.4969886614173227
11
5.3178657086614169
21
-3.4970623228346458
0
LINE
8
BLACK
6
CONTINUOUS
10
5.3178657086614169
20
-3.4970623228346458
11
5.3178303937007874
21
-3.4974211811023621
0
LINE
8
BLACK
6
CONTINUOUS
10
5.3178303937007874
20
-3.4974211811023621
11
5.3177053149606301
21
-3.4977230708661415
0
LINE
8
BLACK
6
CONTINUOUS
10
5.3177053149606301
20
-3.4977230708661415
11
5.315924212598425
21
-3.5050603149606299
0
LINE
8
BLACK
6
CONTINUOUS
10
5.315924212598425
20
-3.5050603149606299
11
5.3159090157480318
21
-3.5051027952755907
0
LINE
8
BLACK
6
CONTINUOUS
10
5.3159090157480318
20
-3.5051027952755907
11
5.3159075196850392
21
-3.5051240944881887
0
LINE
8
BLACK
6
CONTINUOUS
10
5.3159075196850392
20
-3.5051240944881887
11
5.3158843700787397
21
-3.5051717322834643
0
LINE
8
BLACK
6
CONTINUOUS
10
5.3158843700787397
20
-3.5051717322834643
11
5.3157294488188978
21
-3.5056054330708659
0
LINE
8
BLACK
6
CONTINUOUS
10
5.3157294488188978
20
-3.5056054330708659
11
5.3155687007874013
21
-3.5058223622047242
0
LINE
8
BLACK
6
CONTINUOUS
10
5.3155687007874013
20
-3.5058223622047242
11
5.3138258661417321
21
-3.5094142125984251
0
LINE
8
BLACK
6
CONTINUOUS
10
5.3138258661417321
20
-3.5094142125984251
11
5.3136698031496064
21
-3.5096620866141732
0
LINE
8
BLACK
6
CONTINUOUS
10
5.3136698031496064
20
-3.5096620866141732
11
5.3136399999999995
21
-3.5097341338582675
0
LINE
8
BLACK
6
CONTINUOUS
10
5.3136399999999995
20
-3.5097341338582675
11
5.3135954330708657
21
-3.5097802362204722
0
LINE
8
BLACK
6
CONTINUOUS
10
5.3135954330708657
20
-3.5097802362204722
11
5.313517519685039
21
-3.509904094488189
0
LINE
8
BLACK
6
CONTINUOUS
10
5.313517519685039
20
-3.509904094488189
11
5.313261850393701
21
-3.5101257874015745
0
LINE
8
BLACK
6
CONTINUOUS
10
5.313261850393701
20
-3.5101257874015745
11
5.3113980314960632
21
-3.5120563779527556
0
LINE
8
BLACK
6
CONTINUOUS
10
5.3113980314960632
20
-3.5120563779527556
11
5.3111716535433073
21
-3.512242125984252
0
LINE
8
BLACK
6
CONTINUOUS
10
5.3111716535433073
20
-3.512242125984252
11
5.3111204724409449
21
-3.5123011811023623
0
LINE
8
BLACK
6
CONTINUOUS
10
5.3111204724409449
20
-3.5123011811023623
11
5.3110648031496064
21
-3.5123298031496062
0
LINE
8
BLACK
6
CONTINUOUS
10
5.3110648031496064
20
-3.5123298031496062
11
5.3109505511811026
21
-3.512423622047244
0
LINE
8
BLACK
6
CONTINUOUS
10
5.3109505511811026
20
-3.512423622047244
11
5.3106036614173231
21
-3.5125672834645667
0
LINE
8
BLACK
6
CONTINUOUS
10
5.3106036614173231
20
-3.5125672834645667
11
5.3068810629921259
21
-3.5144842913385825
0
LINE
8
BLACK
6
CONTINUOUS
10
5.3068810629921259
20
-3.5144842913385825
11
5.3063404330708659
21
-3.514691181102362
0
LINE
8
BLACK
6
CONTINUOUS
10
5.3063404330708659
20
-3.514691181102362
11
5.3062346062992125
21
-3.5146986614173228
0
LINE
8
BLACK
6
CONTINUOUS
10
5.3062346062992125
20
-3.5146986614173228
11
5.3061366141732282
21
-3.5147392913385826
0
LINE
8
BLACK
6
CONTINUOUS
10
5.3061366141732282
20
-3.5147392913385826
11
5.305556141732283
21
-3.5147468897637792
0
LINE
8
BLACK
6
CONTINUOUS
10
5.305556141732283
20
-3.5147468897637792
11
5.305191220472441
21
-3.5147728346456693
0
LINE
8
BLACK
6
CONTINUOUS
10
5.305191220472441
20
-3.5147728346456693
11
5.3051301574803151
21
-3.5147524803149603
0
LINE
8
BLACK
6
CONTINUOUS
10
5.3051301574803151
20
-3.5147524803149603
11
5.3018110236220473
21
-3.514796023622047
0
LINE
8
BLACK
6
CONTINUOUS
10
5.3018110236220473
20
-3.514796023622047
11
5.3012349606299214
21
-3.5147392913385826
0
LINE
8
BLACK
6
CONTINUOUS
10
5.3012349606299214
20
-3.5147392913385826
11
5.3011369685039371
21
-3.5146987007874015
0
LINE
8
BLACK
6
CONTINUOUS
10
5.3011369685039371
20
-3.5146987007874015
11
5.301031102362205
21
-3.514691181102362
0
LINE
8
BLACK
6
CONTINUOUS
10
5.301031102362205
20
-3.514691181102362
11
5.3005193307086609
21
-3.5144428346456693
0
LINE
8
BLACK
6
CONTINUOUS
10
5.3005193307086609
20
-3.5144428346456693
11
5.3001705511811021
21
-3.5142983858267716
0
LINE
8
BLACK
6
CONTINUOUS
10
5.3001705511811021
20
-3.5142983858267716
11
5.3001224409448815
21
-3.5142502755905509
0
LINE
8
BLACK
6
CONTINUOUS
10
5.3001224409448815
20
-3.5142502755905509
11
5.2967409842519686
21
-3.512609527559055
0
LINE
8
BLACK
6
CONTINUOUS
10
5.2967409842519686
20
-3.512609527559055
11
5.296492952755905
21
-3.5124534251968504
0
LINE
8
BLACK
6
CONTINUOUS
10
5.296492952755905
20
-3.5124534251968504
11
5.296421023622047
21
-3.512423622047244
0
LINE
8
BLACK
6
CONTINUOUS
10
5.296421023622047
20
-3.512423622047244
11
5.2963749212598428
21
-3.512379094488189
0
LINE
8
BLACK
6
CONTINUOUS
10
5.2963749212598428
20
-3.512379094488189
11
5.2962511023622048
21
-3.5123011811023623
0
LINE
8
BLACK
6
CONTINUOUS
10
5.2962511023622048
20
-3.5123011811023623
11
5.2960292913385825
21
-3.5120453937007872
0
LINE
8
BLACK
6
CONTINUOUS
10
5.2960292913385825
20
-3.5120453937007872
11
5.2940987795275589
21
-3.5101815748031497
0
LINE
8
BLACK
6
CONTINUOUS
10
5.2940987795275589
20
-3.5101815748031497
11
5.2939130314960625
21
-3.5099552362204722
0
LINE
8
BLACK
6
CONTINUOUS
10
5.2939130314960625
20
-3.5099552362204722
11
5.2938540551181097
21
-3.509904094488189
0
LINE
8
BLACK
6
CONTINUOUS
10
5.2938540551181097
20
-3.509904094488189
11
5.2938253937007875
21
-3.5098484645669292
0
LINE
8
BLACK
6
CONTINUOUS
10
5.2938253937007875
20
-3.5098484645669292
11
5.2937315748031493
21
-3.5097341338582675
0
LINE
8
BLACK
6
CONTINUOUS
10
5.2937315748031493
20
-3.5097341338582675
11
5.2935878740157483
21
-3.5093872047244092
0
LINE
8
BLACK
6
CONTINUOUS
10
5.2935878740157483
20
-3.5093872047244092
11
5.2916709448818899
21
-3.50566468503937
0
LINE
8
BLACK
6
CONTINUOUS
10
5.2916709448818899
20
-3.50566468503937
11
5.2916548031496058
21
-3.505622559055118
0
LINE
8
BLACK
6
CONTINUOUS
10
5.2916548031496058
20
-3.505622559055118
11
5.2916421259842519
21
-3.5056054330708659
0
LINE
8
BLACK
6
CONTINUOUS
10
5.2916421259842519
20
-3.5056054330708659
11
5.2916294881889758
21
-3.5055564173228344
0
LINE
8
BLACK
6
CONTINUOUS
10
5.2916294881889758
20
-3.5055564173228344
11
5.2914640551181105
21
-3.50512405511811
0
LINE
8
BLACK
6
CONTINUOUS
10
5.2914640551181105
20
-3.50512405511811
11
5.2914433464566928
21
-3.5048328346456694
0
LINE
8
BLACK
6
CONTINUOUS
10
5.2914433464566928
20
-3.5048328346456694
11
5.2895725984251971
21
-3.4975612598425196
0
LINE
8
BLACK
6
CONTINUOUS
10
5.2895725984251971
20
-3.4975612598425196
11
5.2895577952755906
21
-3.4974613779527557
0
LINE
8
BLACK
6
CONTINUOUS
10
5.2895577952755906
20
-3.4974613779527557
11
5.2895411811023623
21
-3.4974211811023621
0
LINE
8
BLACK
6
CONTINUOUS
10
5.2895411811023623
20
-3.4974211811023621
11
5.289540748031496
21
-3.4973457874015748
0
LINE
8
BLACK
6
CONTINUOUS
10
5.289540748031496
20
-3.4973457874015748
11
5.2894879527559056
21
-3.4969886614173227
0
LINE
8
BLACK
6
CONTINUOUS
10
5.2894879527559056
20
-3.4969886614173227
11
5.2895368110236216
21
-3.4966600787401574
0
LINE
8
BLACK
6
CONTINUOUS
10
5.2895368110236216
20
-3.4966600787401574
11
5.2894844488188975
21
-3.4874712992125985
0
LINE
8
BLACK
6
CONTINUOUS
10
5.2894844488188975
20
-3.4874712992125985
11
5.2894943307086617
21
-3.4873707480314962
0
LINE
8
BLACK
6
CONTINUOUS
10
5.2894943307086617
20
-3.4873707480314962
11
5.2894879527559056
21
-3.4873277559055116
0
LINE
8
BLACK
6
CONTINUOUS
10
5.2894879527559056
20
-3.4873277559055116
11
5.289505826771653
21
-3.4872540551181102
0
LINE
8
BLACK
6
CONTINUOUS
10
5.289505826771653
20
-3.4872540551181102
11
5.2895411811023623
21
-3.4868952362204721
0
LINE
8
BLACK
6
CONTINUOUS
10
5.2895411811023623
20
-3.4868952362204721
11
5.2896662204724407
21
-3.486593307086614
0
LINE
8
BLACK
6
CONTINUOUS
10
5.2896662204724407
20
-3.486593307086614
11
5.2914473622047247
21
-3.4792561023622048
0
LINE
8
BLACK
6
CONTINUOUS
10
5.2914473622047247
20
-3.4792561023622048
11
5.2914625196850391
21
-3.4792135826771653
0
LINE
8
BLACK
6
CONTINUOUS
10
5.2914625196850391
20
-3.4792135826771653
11
5.2914640551181105
21
-3.4791923622047243
0
LINE
8
BLACK
6
CONTINUOUS
10
5.2914640551181105
20
-3.4791923622047243
11
5.2914870866141728
21
-3.4791448031496062
0
LINE
8
BLACK
6
CONTINUOUS
10
5.2914870866141728
20
-3.4791448031496062
11
5.2916421259842519
21
-3.4787109842519683
0
LINE
8
BLACK
6
CONTINUOUS
10
5.2916421259842519
20
-3.4787109842519683
11
5.2918029133858271
21
-3.4784939763779525
0
LINE
8
BLACK
6
CONTINUOUS
10
5.2918029133858271
20
-3.4784939763779525
11
5.2935457086614175
21
-3.4749022047244096
0
LINE
8
BLACK
6
CONTINUOUS
10
5.2935457086614175
20
-3.4749022047244096
11
5.2937017716535433
21
-3.4746541732283465
0
LINE
8
BLACK
6
CONTINUOUS
10
5.2937017716535433
20
-3.4746541732283465
11
5.293731614173228
21
-3.474582244094488
0
LINE
8
BLACK
6
CONTINUOUS
10
5.293731614173228
20
-3.474582244094488
11
5.2937761023622043
21
-3.4745361417322833
0
LINE
8
BLACK
6
CONTINUOUS
10
5.2937761023622043
20
-3.4745361417322833
11
5.2938540551181097
21
-3.4744123228346457
0
LINE
8
BLACK
6
CONTINUOUS
10
5.2938540551181097
20
-3.4744123228346457
11
5.2941097244094486
21
-3.4741905511811022
0
LINE
8
BLACK
6
CONTINUOUS
10
5.2941097244094486
20
-3.4741905511811022
11
5.2959735826771652
21
-3.4722600393700787
0
LINE
8
BLACK
6
CONTINUOUS
10
5.2959735826771652
20
-3.4722600393700787
11
5.2961999212598423
21
-3.4720742519685039
0
LINE
8
BLACK
6
CONTINUOUS
10
5.2961999212598423
20
-3.4720742519685039
11
5.2962511023622048
21
-3.4720152755905511
0
LINE
8
BLACK
6
CONTINUOUS
10
5.2962511023622048
20
-3.4720152755905511
11
5.2963067322834645
21
-3.4719866141732281
0
LINE
8
BLACK
6
CONTINUOUS
10
5.2963067322834645
20
-3.4719866141732281
11
5.296421023622047
21
-3.471892834645669
0
LINE
8
BLACK
6
CONTINUOUS
10
5.296421023622047
20
-3.471892834645669
11
5.2967678740157478
21
-3.4717491338582676
0
LINE
8
BLACK
6
CONTINUOUS
10
5.2967678740157478
20
-3.4717491338582676
11
5.3004905118110237
21
-3.4698321653543305
0
LINE
8
BLACK
6
CONTINUOUS
10
5.3004905118110237
20
-3.4698321653543305
11
5.301031102362205
21
-3.469625275590551
0
LINE
8
BLACK
6
CONTINUOUS
10
5.301031102362205
20
-3.469625275590551
11
5.3011369685039371
21
-3.4696177165354332
0
LINE
8
BLACK
6
CONTINUOUS
10
5.3011369685039371
20
-3.4696177165354332
11
5.3012349606299214
21
-3.4695771653543308
0
LINE
8
BLACK
6
CONTINUOUS
10
5.3012349606299214
20
-3.4695771653543308
11
5.3018153149606295
21
-3.469569527559055
0
LINE
8
BLACK
6
CONTINUOUS
10
5.3018153149606295
20
-3.469569527559055
11
5.3021803149606299
21
-3.4695436220472442
0
LINE
8
BLACK
6
CONTINUOUS
10
5.3021803149606299
20
-3.4695436220472442
11
5.302241338582677
21
-3.4695639370078739
0
LINE
8
BLACK
6
CONTINUOUS
10
5.302241338582677
20
-3.4695639370078739
11
5.3055605511811024
21
-3.469520433070866
0
LINE
8
BLACK
6
CONTINUOUS
10
5.3055605511811024
20
-3.469520433070866
11
5.3061366141732282
21
-3.4695771653543308
0
LINE
8
BLACK
6
CONTINUOUS
10
5.3024331102362208
20
-3.4754177559055117
11
5.2997173228346455
21
-3.4768162598425194
0
LINE
8
BLACK
6
CONTINUOUS
10
5.2997173228346455
20
-3.4768162598425194
11
5.2985266141732286
21
-3.4780496062992126
0
LINE
8
BLACK
6
CONTINUOUS
10
5.2985266141732286
20
-3.4780496062992126
11
5.296998031496063
21
-3.4811998818897636
0
LINE
8
BLACK
6
CONTINUOUS
10
5.296998031496063
20
-3.4811998818897636
11
5.2953396850393704
21
-3.4880312992125981
0
LINE
8
BLACK
6
CONTINUOUS
10
5.2953396850393704
20
-3.4880312992125981
11
5.2953890157480314
21
-3.496679842519685
0
LINE
8
BLACK
6
CONTINUOUS
10
5.2953890157480314
20
-3.496679842519685
11
5.2971450393700783
21
-3.5035055118110234
0
LINE
8
BLACK
6
CONTINUOUS
10
5.2971450393700783
20
-3.5035055118110234
11
5.2986550787401576
21
-3.506437834645669
0
LINE
8
BLACK
6
CONTINUOUS
10
5.2986550787401576
20
-3.506437834645669
11
5.2998884251968503
21
-3.5076286220472439
0
LINE
8
BLACK
6
CONTINUOUS
10
5.2998884251968503
20
-3.5076286220472439
11
5.302569881889764
21
-3.5089297244094486
0
LINE
8
BLACK
6
CONTINUOUS
10
5.302569881889764
20
-3.5089297244094486
11
5.3049384251968501
21
-3.5088986614173225
0
LINE
8
BLACK
6
CONTINUOUS
10
5.3049384251968501
20
-3.5088986614173225
11
5.3076541732283467
21
-3.5075001574803149
0
LINE
8
BLACK
6
CONTINUOUS
10
5.3076541732283467
20
-3.5075001574803149
11
5.3088449606299211
21
-3.5062667322834646
0
LINE
8
BLACK
6
CONTINUOUS
10
5.3088449606299211
20
-3.5062667322834646
11
5.3103735039370079
21
-3.5031164960629919
0
LINE
8
BLACK
6
CONTINUOUS
10
5.3103735039370079
20
-3.5031164960629919
11
5.3120318503937005
21
-3.4962850787401574
0
LINE
8
BLACK
6
CONTINUOUS
10
5.3120318503937005
20
-3.4962850787401574
11
5.3119825196850394
21
-3.487636535433071
0
LINE
8
BLACK
6
CONTINUOUS
10
5.3119825196850394
20
-3.487636535433071
11
5.3102264960629917
21
-3.4808108661417321
0
LINE
8
BLACK
6
CONTINUOUS
10
5.3102264960629917
20
-3.4808108661417321
11
5.308716496062992
21
-3.4778785433070865
0
LINE
8
BLACK
6
CONTINUOUS
10
5.308716496062992
20
-3.4778785433070865
11
5.3074831496062993
21
-3.4766878346456691
0
LINE
8
BLACK
6
CONTINUOUS
10
5.3074831496062993
20
-3.4766878346456691
11
5.3048016535433069
21
-3.4753866929133856
0
LINE
8
BLACK
6
CONTINUOUS
10
5.3048016535433069
20
-3.4753866929133856
11
5.3024331102362208
21
-3.4754177559055117
0
LINE
8
BLACK
6
CONTINUOUS
10
5.3436319291338581
20
-3.4695771653543308
11
5.3437299212598424
21
-3.4696177559055119
0
LINE
8
BLACK
6
CONTINUOUS
10
5.3437299212598424
20
-3.4696177559055119
11
5.3438357480314957
21
-3.469625275590551
0
LINE
8
BLACK
6
CONTINUOUS
10
5.3438357480314957
20
-3.469625275590551
11
5.3443472834645664
21
-3.4698734645669291
0
LINE
8
BLACK
6
CONTINUOUS
10
5.3443472834645664
20
-3.4698734645669291
11
5.3446963385826773
21
-3.4700180708661414
0
LINE
8
BLACK
6
CONTINUOUS
10
5.3446963385826773
20
-3.4700180708661414
11
5.3447444488188971
21
-3.4700661811023621
0
LINE
8
BLACK
6
CONTINUOUS
10
5.3447444488188971
20
-3.4700661811023621
11
5.3481259055118109
21
-3.471706929133858
0
LINE
8
BLACK
6
CONTINUOUS
10
5.3481259055118109
20
-3.471706929133858
11
5.3483738976377948
21
-3.4718629921259843
0
LINE
8
BLACK
6
CONTINUOUS
10
5.3483738976377948
20
-3.4718629921259843
11
5.3484458661417325
21
-3.471892834645669
0
LINE
8
BLACK
6
CONTINUOUS
10
5.3484458661417325
20
-3.471892834645669
11
5.348491929133858
21
-3.4719373228346457
0
LINE
8
BLACK
6
CONTINUOUS
10
5.348491929133858
20
-3.4719373228346457
11
5.3486157874015747
21
-3.4720152755905511
0
LINE
8
BLACK
6
CONTINUOUS
10
5.3486157874015747
20
-3.4720152755905511
11
5.3488375196850395
21
-3.4722709448818896
0
LINE
8
BLACK
6
CONTINUOUS
10
5.3488375196850395
20
-3.4722709448818896
11
5.3507680708661418
21
-3.4741348031496062
0
LINE
8
BLACK
6
CONTINUOUS
10
5.3507680708661418
20
-3.4741348031496062
11
5.3509538188976373
21
-3.4743611417322833
0
LINE
8
BLACK
6
CONTINUOUS
10
5.3509538188976373
20
-3.4743611417322833
11
5.3510128346456689
21
-3.4744123228346457
0
LINE
8
BLACK
6
CONTINUOUS
10
5.3510128346456689
20
-3.4744123228346457
11
5.3510414566929132
21
-3.4744679527559055
0
LINE
8
BLACK
6
CONTINUOUS
10
5.3510414566929132
20
-3.4744679527559055
11
5.3511352755905515
21
-3.474582244094488
0
LINE
8
BLACK
6
CONTINUOUS
10
5.3511352755905515
20
-3.474582244094488
11
5.3512789370078737
21
-3.4749290944881888
0
LINE
8
BLACK
6
CONTINUOUS
10
5.3512789370078737
20
-3.4749290944881888
11
5.3531959448818895
21
-3.4786517322834647
0
LINE
8
BLACK
6
CONTINUOUS
10
5.3531959448818895
20
-3.4786517322834647
11
5.3532120472440941
21
-3.4786938188976375
0
LINE
8
BLACK
6
CONTINUOUS
10
5.3532120472440941
20
-3.4786938188976375
11
5.3532247637795276
21
-3.4787109842519683
0
LINE
8
BLACK
6
CONTINUOUS
10
5.3532247637795276
20
-3.4787109842519683
11
5.3532373228346453
21
-3.4787599212598423
0
LINE
8
BLACK
6
CONTINUOUS
10
5.3532373228346453
20
-3.4787599212598423
11
5.353402834645669
21
-3.4791923228346455
0
LINE
8
BLACK
6
CONTINUOUS
10
5.353402834645669
20
-3.4791923228346455
11
5.3534235039370079
21
-3.4794835433070865
0
LINE
8
BLACK
6
CONTINUOUS
10
5.3534235039370079
20
-3.4794835433070865
11
5.3552942913385824
21
-3.4867551574803151
0
LINE
8
BLACK
6
CONTINUOUS
10
5.3552942913385824
20
-3.4867551574803151
11
5.3553090551181102
21
-3.4868549999999998
0
LINE
8
BLACK
6
CONTINUOUS
10
5.3553090551181102
20
-3.4868549999999998
11
5.3553257086614172
21
-3.4868952362204721
0
LINE
8
BLACK
6
CONTINUOUS
10
5.3553257086614172
20
-3.4868952362204721
11
5.3553261023622047
21
-3.4869705905511812
0
LINE
8
BLACK
6
CONTINUOUS
10
5.3553261023622047
20
-3.4869705905511812
11
5.3553789370078739
21
-3.4873277559055116
0
LINE
8
BLACK
6
CONTINUOUS
10
5.3553789370078739
20
-3.4873277559055116
11
5.3553300393700782
21
-3.4876562992125986
0
LINE
8
BLACK
6
CONTINUOUS
10
5.3553300393700782
20
-3.4876562992125986
11
5.355382440944882
21
-3.4968451181102362
0
LINE
8
BLACK
6
CONTINUOUS
10
5.355382440944882
20
-3.4968451181102362
11
5.355372519685039
21
-3.4969456299212598
0
LINE
8
BLACK
6
CONTINUOUS
10
5.355372519685039
20
-3.4969456299212598
11
5.3553789370078739
21
-3.4969886614173227
0
LINE
8
BLACK
6
CONTINUOUS
10
5.3553789370078739
20
-3.4969886614173227
11
5.3553610236220468
21
-3.4970623228346458
0
LINE
8
BLACK
6
CONTINUOUS
10
5.3553610236220468
20
-3.4970623228346458
11
5.3553257086614172
21
-3.4974211811023621
0
LINE
8
BLACK
6
CONTINUOUS
10
5.3553257086614172
20
-3.4974211811023621
11
5.35520062992126
21
-3.4977230708661415
0
LINE
8
BLACK
6
CONTINUOUS
10
5.35520062992126
20
-3.4977230708661415
11
5.3534195275590548
21
-3.5050603149606299
0
LINE
8
BLACK
6
CONTINUOUS
10
5.3534195275590548
20
-3.5050603149606299
11
5.3534043307086616
21
-3.5051027952755907
0
LINE
8
BLACK
6
CONTINUOUS
10
5.3534043307086616
20
-3.5051027952755907
11
5.353402834645669
21
-3.5051240944881887
0
LINE
8
BLACK
6
CONTINUOUS
10
5.353402834645669
20
-3.5051240944881887
11
5.3533796850393696
21
-3.5051717322834643
0
LINE
8
BLACK
6
CONTINUOUS
10
5.3533796850393696
20
-3.5051717322834643
11
5.3532247637795276
21
-3.5056054330708659
0
LINE
8
BLACK
6
CONTINUOUS
10
5.3532247637795276
20
-3.5056054330708659
11
5.3530640157480311
21
-3.5058223622047242
0
LINE
8
BLACK
6
CONTINUOUS
10
5.3530640157480311
20
-3.5058223622047242
11
5.351321181102362
21
-3.5094142125984251
0
LINE
8
BLACK
6
CONTINUOUS
10
5.351321181102362
20
-3.5094142125984251
11
5.3511651181102362
21
-3.5096620866141732
0
LINE
8
BLACK
6
CONTINUOUS
10
5.3511651181102362
20
-3.5096620866141732
11
5.3511353149606302
21
-3.5097341338582675
0
LINE
8
BLACK
6
CONTINUOUS
10
5.3511353149606302
20
-3.5097341338582675
11
5.3510907480314955
21
-3.5097802362204722
0
LINE
8
BLACK
6
CONTINUOUS
10
5.3510907480314955
20
-3.5097802362204722
11
5.3510128346456689
21
-3.509904094488189
0
LINE
8
BLACK
6
CONTINUOUS
10
5.3510128346456689
20
-3.509904094488189
11
5.3507571653543309
21
-3.5101257874015745
0
LINE
8
BLACK
6
CONTINUOUS
10
5.3507571653543309
20
-3.5101257874015745
11
5.348893346456693
21
-3.5120563779527556
0
LINE
8
BLACK
6
CONTINUOUS
10
5.348893346456693
20
-3.5120563779527556
11
5.3486669685039372
21
-3.512242125984252
0
LINE
8
BLACK
6
CONTINUOUS
10
5.3486669685039372
20
-3.512242125984252
11
5.3486157874015747
21
-3.5123011811023623
0
LINE
8
BLACK
6
CONTINUOUS
10
5.3486157874015747
20
-3.5123011811023623
11
5.3485601181102362
21
-3.5123298031496062
0
LINE
8
BLACK
6
CONTINUOUS
10
5.3485601181102362
20
-3.5123298031496062
11
5.3484458661417325
21
-3.512423622047244
0
LINE
8
BLACK
6
CONTINUOUS
10
5.3484458661417325
20
-3.512423622047244
11
5.348098976377953
21
-3.5125672834645667
0
LINE
8
BLACK
6
CONTINUOUS
10
5.348098976377953
20
-3.5125672834645667
11
5.3443763779527558
21
-3.5144842913385825
0
LINE
8
BLACK
6
CONTINUOUS
10
5.3443763779527558
20
-3.5144842913385825
11
5.3438357480314957
21
-3.514691181102362
0
LINE
8
BLACK
6
CONTINUOUS
10
5.3438357480314957
20
-3.514691181102362
11
5.3437299212598424
21
-3.5146986614173228
0
LINE
8
BLACK
6
CONTINUOUS
10
5.3437299212598424
20
-3.5146986614173228
11
5.3436319291338581
21
-3.5147392913385826
0
LINE
8
BLACK
6
CONTINUOUS
10
5.3436319291338581
20
-3.5147392913385826
11
5.3430514566929137
21
-3.5147468897637792
0
LINE
8
BLACK
6
CONTINUOUS
10
5.3430514566929137
20
-3.5147468897637792
11
5.3426865354330708
21
-3.5147728346456693
0
LINE
8
BLACK
6
CONTINUOUS
10
5.3426865354330708
20
-3.5147728346456693
11
5.342625472440945
21
-3.5147524803149603
0
LINE
8
BLACK
6
CONTINUOUS
10
5.342625472440945
20
-3.5147524803149603
11
5.3393063385826771
21
-3.514796023622047
0
LINE
8
BLACK
6
CONTINUOUS
10
5.3393063385826771
20
-3.514796023622047
11
5.3387302755905512
21
-3.5147392913385826
0
LINE
8
BLACK
6
CONTINUOUS
10
5.3387302755905512
20
-3.5147392913385826
11
5.338632283464567
21
-3.5146987007874015
0
LINE
8
BLACK
6
CONTINUOUS
10
5.338632283464567
20
-3.5146987007874015
11
5.3385264173228348
21
-3.514691181102362
0
LINE
8
BLACK
6
CONTINUOUS
10
5.3385264173228348
20
-3.514691181102362
11
5.3380146456692916
21
-3.5144428346456693
0
LINE
8
BLACK
6
CONTINUOUS
10
5.3380146456692916
20
-3.5144428346456693
11
5.337665866141732
21
-3.5142983858267716
0
LINE
8
BLACK
6
CONTINUOUS
10
5.337665866141732
20
-3.5142983858267716
11
5.3376177559055114
21
-3.5142502755905509
0
LINE
8
BLACK
6
CONTINUOUS
10
5.3376177559055114
20
-3.5142502755905509
11
5.3342362992125985
21
-3.512609527559055
0
LINE
8
BLACK
6
CONTINUOUS
10
5.3342362992125985
20
-3.512609527559055
11
5.3339882677165349
21
-3.5124534251968504
0
LINE
8
BLACK
6
CONTINUOUS
10
5.3339882677165349
20
-3.5124534251968504
11
5.3339163385826769
21
-3.512423622047244
0
LINE
8
BLACK
6
CONTINUOUS
10
5.3339163385826769
20
-3.512423622047244
11
5.3338702362204726
21
-3.512379094488189
0
LINE
8
BLACK
6
CONTINUOUS
10
5.3338702362204726
20
-3.512379094488189
11
5.3337464173228346
21
-3.5123011811023623
0
LINE
8
BLACK
6
CONTINUOUS
10
5.3337464173228346
20
-3.5123011811023623
11
5.3335246062992123
21
-3.5120453937007872
0
LINE
8
BLACK
6
CONTINUOUS
10
5.3335246062992123
20
-3.5120453937007872
11
5.3315940944881888
21
-3.5101815748031497
0
LINE
8
BLACK
6
CONTINUOUS
10
5.3315940944881888
20
-3.5101815748031497
11
5.3314083464566924
21
-3.5099552362204722
0
LINE
8
BLACK
6
CONTINUOUS
10
5.3314083464566924
20
-3.5099552362204722
11
5.3313493700787404
21
-3.509904094488189
0
LINE
8
BLACK
6
CONTINUOUS
10
5.3313493700787404
20
-3.509904094488189
11
5.3313207086614174
21
-3.5098484645669292
0
LINE
8
BLACK
6
CONTINUOUS
10
5.3313207086614174
20
-3.5098484645669292
11
5.3312268897637791
21
-3.5097341338582675
0
LINE
8
BLACK
6
CONTINUOUS
10
5.3312268897637791
20
-3.5097341338582675
11
5.3310831889763781
21
-3.5093872047244092
0
LINE
8
BLACK
6
CONTINUOUS
10
5.3310831889763781
20
-3.5093872047244092
11
5.3291662598425198
21
-3.50566468503937
0
LINE
8
BLACK
6
CONTINUOUS
10
5.3291662598425198
20
-3.50566468503937
11
5.3291501181102365
21
-3.505622559055118
0
LINE
8
BLACK
6
CONTINUOUS
10
5.3291501181102365
20
-3.505622559055118
11
5.3291374409448817
21
-3.5056054330708659
0
LINE
8
BLACK
6
CONTINUOUS
10
5.3291374409448817
20
-3.5056054330708659
11
5.3291248031496066
21
-3.5055564173228344
0
LINE
8
BLACK
6
CONTINUOUS
10
5.3291248031496066
20
-3.5055564173228344
11
5.3289593700787403
21
-3.50512405511811
0
LINE
8
BLACK
6
CONTINUOUS
10
5.3289593700787403
20
-3.50512405511811
11
5.3289386614173226
21
-3.5048328346456694
0
LINE
8
BLACK
6
CONTINUOUS
10
5.3289386614173226
20
-3.5048328346456694
11
5.327067913385827
21
-3.4975612598425196
0
LINE
8
BLACK
6
CONTINUOUS
10
5.327067913385827
20
-3.4975612598425196
11
5.3270531102362204
21
-3.4974613779527557
0
LINE
8
BLACK
6
CONTINUOUS
10
5.3270531102362204
20
-3.4974613779527557
11
5.3270364960629921
21
-3.4974211811023621
0
LINE
8
BLACK
6
CONTINUOUS
10
5.3270364960629921
20
-3.4974211811023621
11
5.3270360629921258
21
-3.4973457874015748
0
LINE
8
BLACK
6
CONTINUOUS
10
5.3270360629921258
20
-3.4973457874015748
11
5.3269832677165354
21
-3.4969886614173227
0
LINE
8
BLACK
6
CONTINUOUS
10
5.3269832677165354
20
-3.4969886614173227
11
5.3270321259842515
21
-3.4966600787401574
0
LINE
8
BLACK
6
CONTINUOUS
10
5.3270321259842515
20
-3.4966600787401574
11
5.3269797637795273
21
-3.4874712992125985
0
LINE
8
BLACK
6
CONTINUOUS
10
5.3269797637795273
20
-3.4874712992125985
11
5.3269896456692916
21
-3.4873707480314962
0
LINE
8
BLACK
6
CONTINUOUS
10
5.3269896456692916
20
-3.4873707480314962
11
5.3269832677165354
21
-3.4873277559055116
0
LINE
8
BLACK
6
CONTINUOUS
10
5.3269832677165354
20
-3.4873277559055116
11
5.3270011417322838
21
-3.4872540551181102
0
LINE
8
BLACK
6
CONTINUOUS
10
5.3270011417322838
20
-3.4872540551181102
11
5.3270364960629921
21
-3.4868952362204721
0
LINE
8
BLACK
6
CONTINUOUS
10
5.3270364960629921
20
-3.4868952362204721
11
5.3271615354330706
21
-3.486593307086614
0
LINE
8
BLACK
6
CONTINUOUS
10
5.3271615354330706
20
-3.486593307086614
11
5.3289426771653545
21
-3.4792561023622048
0
LINE
8
BLACK
6
CONTINUOUS
10
5.3289426771653545
20
-3.4792561023622048
11
5.328957834645669
21
-3.4792135826771653
0
LINE
8
BLACK
6
CONTINUOUS
10
5.328957834645669
20
-3.4792135826771653
11
5.3289593700787403
21
-3.4791923622047243
0
LINE
8
BLACK
6
CONTINUOUS
10
5.3289593700787403
20
-3.4791923622047243
11
5.3289824015748026
21
-3.4791448031496062
0
LINE
8
BLACK
6
CONTINUOUS
10
5.3289824015748026
20
-3.4791448031496062
11
5.3291374409448817
21
-3.4787109842519683
0
LINE
8
BLACK
6
CONTINUOUS
10
5.3291374409448817
20
-3.4787109842519683
11
5.3292982283464569
21
-3.4784939763779525
0
LINE
8
BLACK
6
CONTINUOUS
10
5.3292982283464569
20
-3.4784939763779525
11
5.3310410236220473
21
-3.4749022047244096
0
LINE
8
BLACK
6
CONTINUOUS
10
5.3310410236220473
20
-3.4749022047244096
11
5.3311970866141731
21
-3.4746541732283465
0
LINE
8
BLACK
6
CONTINUOUS
10
5.3311970866141731
20
-3.4746541732283465
11
5.3312269291338579
21
-3.474582244094488
0
LINE
8
BLACK
6
CONTINUOUS
10
5.3312269291338579
20
-3.474582244094488
11
5.3312714173228342
21
-3.4745361417322833
0
LINE
8
BLACK
6
CONTINUOUS
10
5.3312714173228342
20
-3.4745361417322833
11
5.3313493700787404
21
-3.4744123228346457
0
LINE
8
BLACK
6
CONTINUOUS
10
5.3313493700787404
20
-3.4744123228346457
11
5.3316050393700785
21
-3.4741905511811022
0
LINE
8
BLACK
6
CONTINUOUS
10
5.3316050393700785
20
-3.4741905511811022
11
5.3334688976377951
21
-3.4722600393700787
0
LINE
8
BLACK
6
CONTINUOUS
10
5.3334688976377951
20
-3.4722600393700787
11
5.3336952362204721
21
-3.4720742519685039
0
LINE
8
BLACK
6
CONTINUOUS
10
5.3336952362204721
20
-3.4720742519685039
11
5.3337464173228346
21
-3.4720152755905511
0
LINE
8
BLACK
6
CONTINUOUS
10
5.3337464173228346
20
-3.4720152755905511
11
5.3338020472440943
21
-3.4719866141732281
0
LINE
8
BLACK
6
CONTINUOUS
10
5.3338020472440943
20
-3.4719866141732281
11
5.3339163385826769
21
-3.471892834645669
0
LINE
8
BLACK
6
CONTINUOUS
10
5.3339163385826769
20
-3.471892834645669
11
5.3342631889763776
21
-3.4717491338582676
0
LINE
8
BLACK
6
CONTINUOUS
10
5.3342631889763776
20
-3.4717491338582676
11
5.3379858267716536
21
-3.4698321653543305
0
LINE
8
BLACK
6
CONTINUOUS
10
5.3379858267716536
20
-3.4698321653543305
11
5.3385264173228348
21
-3.469625275590551
0
LINE
8
BLACK
6
CONTINUOUS
10
5.3385264173228348
20
-3.469625275590551
11
5.338632283464567
21
-3.4696177165354332
0
LINE
8
BLACK
6
CONTINUOUS
10
5.338632283464567
20
-3.4696177165354332
11
5.3387302755905512
21
-3.4695771653543308
0
LINE
8
BLACK
6
CONTINUOUS
10
5.3387302755905512
20
-3.4695771653543308
11
5.3393106299212594
21
-3.469569527559055
0
LINE
8
BLACK
6
CONTINUOUS
10
5.3393106299212594
20
-3.469569527559055
11
5.3396756299212598
21
-3.4695436220472442
0
LINE
8
BLACK
6
CONTINUOUS
10
5.3396756299212598
20
-3.4695436220472442
11
5.3397366535433068
21
-3.4695639370078739
0
LINE
8
BLACK
6
CONTINUOUS
10
5.3397366535433068
20
-3.4695639370078739
11
5.3430558661417322
21
-3.469520433070866
0
LINE
8
BLACK
6
CONTINUOUS
10
5.3430558661417322
20
-3.469520433070866
11
5.3436319291338581
21
-3.4695771653543308
0
LINE
8
BLACK
6
CONTINUOUS
10
5.3399284251968506
20
-3.4754177559055117
11
5.3372126377952753
21
-3.4768162598425194
0
LINE
8
BLACK
6
CONTINUOUS
10
5.3372126377952753
20
-3.4768162598425194
11
5.3360219291338584
21
-3.4780496062992126
0
LINE
8
BLACK
6
CONTINUOUS
10
5.3360219291338584
20
-3.4780496062992126
11
5.3344933464566928
21
-3.4811998818897636
0
LINE
8
BLACK
6
CONTINUOUS
10
5.3344933464566928
20
-3.4811998818897636
11
5.3328350000000002
21
-3.4880312992125981
0
LINE
8
BLACK
6
CONTINUOUS
10
5.3328350000000002
20
-3.4880312992125981
11
5.3328843307086613
21
-3.496679842519685
0
LINE
8
BLACK
6
CONTINUOUS
10
5.3328843307086613
20
-3.496679842519685
11
5.3346403543307082
21
-3.5035055118110234
0
LINE
8
BLACK
6
CONTINUOUS
10
5.3346403543307082
20
-3.5035055118110234
11
5.3361503937007875
21
-3.506437834645669
0
LINE
8
BLACK
6
CONTINUOUS
10
5.3361503937007875
20
-3.506437834645669
11
5.3373837401574802
21
-3.5076286220472439
0
LINE
8
BLACK
6
CONTINUOUS
10
5.3373837401574802
20
-3.5076286220472439
11
5.3400651968503938
21
-3.5089297244094486
0
LINE
8
BLACK
6
CONTINUOUS
10
5.3400651968503938
20
-3.5089297244094486
11
5.34243374015748
21
-3.5088986614173225
0
LINE
8
BLACK
6
CONTINUOUS
10
5.34243374015748
20
-3.5088986614173225
11
5.3451494881889765
21
-3.5075001574803149
0
LINE
8
BLACK
6
CONTINUOUS
10
5.3451494881889765
20
-3.5075001574803149
11
5.3463402755905509
21
-3.5062667322834646
0
LINE
8
BLACK
6
CONTINUOUS
10
5.3463402755905509
20
-3.5062667322834646
11
5.3478688188976378
21
-3.5031164960629919
0
LINE
8
BLACK
6
CONTINUOUS
10
5.3478688188976378
20
-3.5031164960629919
11
5.3495271653543304
21
-3.4962850787401574
0
LINE
8
BLACK
6
CONTINUOUS
10
5.3495271653543304
20
-3.4962850787401574
11
5.3494778346456693
21
-3.487636535433071
0
LINE
8
BLACK
6
CONTINUOUS
10
5.3494778346456693
20
-3.487636535433071
11
5.3477218110236215
21
-3.4808108661417321
0
LINE
8
BLACK
6
CONTINUOUS
10
5.3477218110236215
20
-3.4808108661417321
11
5.3462118110236219
21
-3.4778785433070865
0
LINE
8
BLACK
6
CONTINUOUS
10
5.3462118110236219
20
-3.4778785433070865
11
5.3449784645669292
21
-3.4766878346456691
0
LINE
8
BLACK
6
CONTINUOUS
10
5.3449784645669292
20
-3.4766878346456691
11
5.3422969685039368
21
-3.4753866929133856
0
LINE
8
BLACK
6
CONTINUOUS
10
5.3422969685039368
20
-3.4753866929133856
11
5.3399284251968506
21
-3.4754177559055117
0
LINE
8
BLACK
6
CONTINUOUS
10
5.3811272440944879
20
-3.4695771653543308
11
5.3812252362204722
21
-3.4696177559055119
0
LINE
8
BLACK
6
CONTINUOUS
10
5.3812252362204722
20
-3.4696177559055119
11
5.3813310629921256
21
-3.469625275590551
0
LINE
8
BLACK
6
CONTINUOUS
10
5.3813310629921256
20
-3.469625275590551
11
5.3818425984251963
21
-3.4698734645669291
0
LINE
8
BLACK
6
CONTINUOUS
10
5.3818425984251963
20
-3.4698734645669291
11
5.3821916535433072
21
-3.4700180708661414
0
LINE
8
BLACK
6
CONTINUOUS
10
5.3821916535433072
20
-3.4700180708661414
11
5.3822397637795278
21
-3.4700661811023621
0
LINE
8
BLACK
6
CONTINUOUS
10
5.3822397637795278
20
-3.4700661811023621
11
5.3856212204724407
21
-3.471706929133858
0
LINE
8
BLACK
6
CONTINUOUS
10
5.3856212204724407
20
-3.471706929133858
11
5.3858692125984247
21
-3.4718629921259843
0
LINE
8
BLACK
6
CONTINUOUS
10
5.3858692125984247
20
-3.4718629921259843
11
5.3859411811023623
21
-3.471892834645669
0
LINE
8
BLACK
6
CONTINUOUS
10
5.3859411811023623
20
-3.471892834645669
11
5.3859872440944878
21
-3.4719373228346457
0
LINE
8
BLACK
6
CONTINUOUS
10
5.3859872440944878
20
-3.4719373228346457
11
5.3861111023622046
21
-3.4720152755905511
0
LINE
8
BLACK
6
CONTINUOUS
10
5.3861111023622046
20
-3.4720152755905511
11
5.3863328346456694
21
-3.4722709448818896
0
LINE
8
BLACK
6
CONTINUOUS
10
5.3863328346456694
20
-3.4722709448818896
11
5.3882633858267717
21
-3.4741348031496062
0
LINE
8
BLACK
6
CONTINUOUS
10
5.3882633858267717
20
-3.4741348031496062
11
5.3884491338582672
21
-3.4743611417322833
0
LINE
8
BLACK
6
CONTINUOUS
10
5.3884491338582672
20
-3.4743611417322833
11
5.3885081496062988
21
-3.4744123228346457
0
LINE
8
BLACK
6
CONTINUOUS
10
5.3885081496062988
20
-3.4744123228346457
11
5.3885367716535431
21
-3.4744679527559055
0
LINE
8
BLACK
6
CONTINUOUS
10
5.3885367716535431
20
-3.4744679527559055
11
5.3886305905511813
21
-3.474582244094488
0
LINE
8
BLACK
6
CONTINUOUS
10
5.3886305905511813
20
-3.474582244094488
11
5.3887742519685036
21
-3.4749290944881888
0
LINE
8
BLACK
6
CONTINUOUS
10
5.3887742519685036
20
-3.4749290944881888
11
5.3906912598425194
21
-3.4786517322834647
0
LINE
8
BLACK
6
CONTINUOUS
10
5.3906912598425194
20
-3.4786517322834647
11
5.3907073622047239
21
-3.4786938188976375
0
LINE
8
BLACK
6
CONTINUOUS
10
5.3907073622047239
20
-3.4786938188976375
11
5.3907200787401575
21
-3.4787109842519683
0
LINE
8
BLACK
6
CONTINUOUS
10
5.3907200787401575
20
-3.4787109842519683
11
5.3907326377952751
21
-3.4787599212598423
0
LINE
8
BLACK
6
CONTINUOUS
10
5.3907326377952751
20
-3.4787599212598423
11
5.3908981496062989
21
-3.4791923228346455
0
LINE
8
BLACK
6
CONTINUOUS
10
5.3908981496062989
20
-3.4791923228346455
11
5.3909188188976378
21
-3.4794835433070865
0
LINE
8
BLACK
6
CONTINUOUS
10
5.3909188188976378
20
-3.4794835433070865
11
5.3927896062992122
21
-3.4867551574803151
0
LINE
8
BLACK
6
CONTINUOUS
10
5.3927896062992122
20
-3.4867551574803151
11
5.39280437007874
21
-3.4868549999999998
0
LINE
8
BLACK
6
CONTINUOUS
10
5.39280437007874
20
-3.4868549999999998
11
5.3928210236220471
21
-3.4868952362204721
0
LINE
8
BLACK
6
CONTINUOUS
10
5.3928210236220471
20
-3.4868952362204721
11
5.3928214173228346
21
-3.4869705905511812
0
LINE
8
BLACK
6
CONTINUOUS
10
5.3928214173228346
20
-3.4869705905511812
11
5.3928742519685038
21
-3.4873277559055116
0
LINE
8
BLACK
6
CONTINUOUS
10
5.3928742519685038
20
-3.4873277559055116
11
5.392825354330709
21
-3.4876562992125986
0
LINE
8
BLACK
6
CONTINUOUS
10
5.392825354330709
20
-3.4876562992125986
11
5.3928777559055119
21
-3.4968451181102362
0
LINE
8
BLACK
6
CONTINUOUS
10
5.3928777559055119
20
-3.4968451181102362
11
5.3928678346456689
21
-3.4969456299212598
0
LINE
8
BLACK
6
CONTINUOUS
10
5.3928678346456689
20
-3.4969456299212598
11
5.3928742519685038
21
-3.4969886614173227
0
LINE
8
BLACK
6
CONTINUOUS
10
5.3928742519685038
20
-3.4969886614173227
11
5.3928563385826767
21
-3.4970623228346458
0
LINE
8
BLACK
6
CONTINUOUS
10
5.3928563385826767
20
-3.4970623228346458
11
5.3928210236220471
21
-3.4974211811023621
0
LINE
8
BLACK
6
CONTINUOUS
10
5.3928210236220471
20
-3.4974211811023621
11
5.3926959448818899
21
-3.4977230708661415
0
LINE
8
BLACK
6
CONTINUOUS
10
5.3926959448818899
20
-3.4977230708661415
11
5.3909148425196847
21
-3.5050603149606299
0
LINE
8
BLACK
6
CONTINUOUS
10
5.3909148425196847
20
-3.5050603149606299
11
5.3908996456692915
21
-3.5051027952755907
0
LINE
8
BLACK
6
CONTINUOUS
10
5.3908996456692915
20
-3.5051027952755907
11
5.3908981496062989
21
-3.5051240944881887
0
LINE
8
BLACK
6
CONTINUOUS
10
5.3908981496062989
20
-3.5051240944881887
11
5.3908750000000003
21
-3.5051717322834643
0
LINE
8
BLACK
6
CONTINUOUS
10
5.3908750000000003
20
-3.5051717322834643
11
5.3907200787401575
21
-3.5056054330708659
0
LINE
8
BLACK
6
CONTINUOUS
10
5.3907200787401575
20
-3.5056054330708659
11
5.390559330708661
21
-3.5058223622047242
0
LINE
8
BLACK
6
CONTINUOUS
10
5.390559330708661
20
-3.5058223622047242
11
5.3888164960629918
21
-3.5094142125984251
0
LINE
8
BLACK
6
CONTINUOUS
10
5.3888164960629918
20
-3.5094142125984251
11
5.3886604330708661
21
-3.5096620866141732
0
LINE
8
BLACK
6
CONTINUOUS
10
5.3886604330708661
20
-3.5096620866141732
11
5.3886306299212601
21
-3.5097341338582675
0
LINE
8
BLACK
6
CONTINUOUS
10
5.3886306299212601
20
-3.5097341338582675
11
5.3885860629921263
21
-3.5097802362204722
0
LINE
8
BLACK
6
CONTINUOUS
10
5.3885860629921263
20
-3.5097802362204722
11
5.3885081496062988
21
-3.509904094488189
0
LINE
8
BLACK
6
CONTINUOUS
10
5.3885081496062988
20
-3.509904094488189
11
5.3882524803149607
21
-3.5101257874015745
0
LINE
8
BLACK
6
CONTINUOUS
10
5.3882524803149607
20
-3.5101257874015745
11
5.3863886614173229
21
-3.5120563779527556
0
LINE
8
BLACK
6
CONTINUOUS
10
5.3863886614173229
20
-3.5120563779527556
11
5.386162283464567
21
-3.512242125984252
0
LINE
8
BLACK
6
CONTINUOUS
10
5.386162283464567
20
-3.512242125984252
11
5.3861111023622046
21
-3.5123011811023623
0
LINE
8
BLACK
6
CONTINUOUS
10
5.3861111023622046
20
-3.5123011811023623
11
5.3860554330708661
21
-3.5123298031496062
0
LINE
8
BLACK
6
CONTINUOUS
10
5.3860554330708661
20
-3.5123298031496062
11
5.3859411811023623
21
-3.512423622047244
0
LINE
8
BLACK
6
CONTINUOUS
10
5.3859411811023623
20
-3.512423622047244
11
5.3855942913385828
21
-3.5125672834645667
0
LINE
8
BLACK
6
CONTINUOUS
10
5.3855942913385828
20
-3.5125672834645667
11
5.3818716929133856
21
-3.5144842913385825
0
LINE
8
BLACK
6
CONTINUOUS
10
5.3818716929133856
20
-3.5144842913385825
11
5.3813310629921256
21
-3.514691181102362
0
LINE
8
BLACK
6
CONTINUOUS
10
5.3813310629921256
20
-3.514691181102362
11
5.3812252362204722
21
-3.5146986614173228
0
LINE
8
BLACK
6
CONTINUOUS
10
5.3812252362204722
20
-3.5146986614173228
11
5.3811272440944879
21
-3.5147392913385826
0
LINE
8
BLACK
6
CONTINUOUS
10
5.3811272440944879
20
-3.5147392913385826
11
5.3805467716535436
21
-3.5147468897637792
0
LINE
8
BLACK
6
CONTINUOUS
10
5.3805467716535436
20
-3.5147468897637792
11
5.3801818503937007
21
-3.5147728346456693
0
LINE
8
BLACK
6
CONTINUOUS
10
5.3801818503937007
20
-3.5147728346456693
11
5.3801207874015748
21
-3.5147524803149603
0
LINE
8
BLACK
6
CONTINUOUS
10
5.3801207874015748
20
-3.5147524803149603
11
5.376801653543307
21
-3.514796023622047
0
LINE
8
BLACK
6
CONTINUOUS
10
5.376801653543307
20
-3.514796023622047
11
5.3762255905511811
21
-3.5147392913385826
0
LINE
8
BLACK
6
CONTINUOUS
10
5.3762255905511811
20
-3.5147392913385826
11
5.3761275984251968
21
-3.5146987007874015
0
LINE
8
BLACK
6
CONTINUOUS
10
5.3761275984251968
20
-3.5146987007874015
11
5.3760217322834647
21
-3.514691181102362
0
LINE
8
BLACK
6
CONTINUOUS
10
5.3760217322834647
20
-3.514691181102362
11
5.3755099606299215
21
-3.5144428346456693
0
LINE
8
BLACK
6
CONTINUOUS
10
5.3755099606299215
20
-3.5144428346456693
11
5.3751611811023619
21
-3.5142983858267716
0
LINE
8
BLACK
6
CONTINUOUS
10
5.3751611811023619
20
-3.5142983858267716
11
5.3751130708661412
21
-3.5142502755905509
0
LINE
8
BLACK
6
CONTINUOUS
10
5.3751130708661412
20
-3.5142502755905509
11
5.3717316141732283
21
-3.512609527559055
0
LINE
8
BLACK
6
CONTINUOUS
10
5.3717316141732283
20
-3.512609527559055
11
5.3714835826771656
21
-3.5124534251968504
0
LINE
8
BLACK
6
CONTINUOUS
10
5.3714835826771656
20
-3.5124534251968504
11
5.3714116535433067
21
-3.512423622047244
0
LINE
8
BLACK
6
CONTINUOUS
10
5.3714116535433067
20
-3.512423622047244
11
5.3713655511811025
21
-3.512379094488189
0
LINE
8
BLACK
6
CONTINUOUS
10
5.3713655511811025
20
-3.512379094488189
11
5.3712417322834645
21
-3.5123011811023623
0
LINE
8
BLACK
6
CONTINUOUS
10
5.3712417322834645
20
-3.5123011811023623
11
5.3710199212598422
21
-3.5120453937007872
0
LINE
8
BLACK
6
CONTINUOUS
10
5.3710199212598422
20
-3.5120453937007872
11
5.3690894094488186
21
-3.5101815748031497
0
LINE
8
BLACK
6
CONTINUOUS
10
5.3690894094488186
20
-3.5101815748031497
11
5.3689036614173231
21
-3.5099552362204722
0
LINE
8
BLACK
6
CONTINUOUS
10
5.3689036614173231
20
-3.5099552362204722
11
5.3688446850393703
21
-3.509904094488189
0
LINE
8
BLACK
6
CONTINUOUS
10
5.3688446850393703
20
-3.509904094488189
11
5.3688160236220472
21
-3.5098484645669292
0
LINE
8
BLACK
6
CONTINUOUS
10
5.3688160236220472
20
-3.5098484645669292
11
5.368722204724409
21
-3.5097341338582675
0
LINE
8
BLACK
6
CONTINUOUS
10
5.368722204724409
20
-3.5097341338582675
11
5.368578503937008
21
-3.5093872047244092
0
LINE
8
BLACK
6
CONTINUOUS
10
5.368578503937008
20
-3.5093872047244092
11
5.3666615748031496
21
-3.50566468503937
0
LINE
8
BLACK
6
CONTINUOUS
10
5.3666615748031496
20
-3.50566468503937
11
5.3666454330708664
21
-3.505622559055118
0
LINE
8
BLACK
6
CONTINUOUS
10
5.3666454330708664
20
-3.505622559055118
11
5.3666327559055116
21
-3.5056054330708659
0
LINE
8
BLACK
6
CONTINUOUS
10
5.3666327559055116
20
-3.5056054330708659
11
5.3666201181102364
21
-3.5055564173228344
0
LINE
8
BLACK
6
CONTINUOUS
10
5.3666201181102364
20
-3.5055564173228344
11
5.3664546850393702
21
-3.50512405511811
0
LINE
8
BLACK
6
CONTINUOUS
10
5.3664546850393702
20
-3.50512405511811
11
5.3664339763779525
21
-3.5048328346456694
0
LINE
8
BLACK
6
CONTINUOUS
10
5.3664339763779525
20
-3.5048328346456694
11
5.3645632283464568
21
-3.4975612598425196
0
LINE
8
BLACK
6
CONTINUOUS
10
5.3645632283464568
20
-3.4975612598425196
11
5.3645484251968503
21
-3.4974613779527557
0
LINE
8
BLACK
6
CONTINUOUS
10
5.3645484251968503
20
-3.4974613779527557
11
5.364531811023622
21
-3.4974211811023621
0
LINE
8
BLACK
6
CONTINUOUS
10
5.364531811023622
20
-3.4974211811023621
11
5.3645313779527557
21
-3.4973457874015748
0
LINE
8
BLACK
6
CONTINUOUS
10
5.3645313779527557
20
-3.4973457874015748
11
5.3644785826771653
21
-3.4969886614173227
0
LINE
8
BLACK
6
CONTINUOUS
10
5.3644785826771653
20
-3.4969886614173227
11
5.3645274409448822
21
-3.4966600787401574
0
LINE
8
BLACK
6
CONTINUOUS
10
5.3645274409448822
20
-3.4966600787401574
11
5.3644750787401572
21
-3.4874712992125985
0
LINE
8
BLACK
6
CONTINUOUS
10
5.3644750787401572
20
-3.4874712992125985
11
5.3644849606299214
21
-3.4873707480314962
0
LINE
8
BLACK
6
CONTINUOUS
10
5.3644849606299214
20
-3.4873707480314962
11
5.3644785826771653
21
-3.4873277559055116
0
LINE
8
BLACK
6
CONTINUOUS
10
5.3644785826771653
20
-3.4873277559055116
11
5.3644964566929136
21
-3.4872540551181102
0
LINE
8
BLACK
6
CONTINUOUS
10
5.3644964566929136
20
-3.4872540551181102
11
5.364531811023622
21
-3.4868952362204721
0
LINE
8
BLACK
6
CONTINUOUS
10
5.364531811023622
20
-3.4868952362204721
11
5.3646568503937004
21
-3.486593307086614
0
LINE
8
BLACK
6
CONTINUOUS
10
5.3646568503937004
20
-3.486593307086614
11
5.3664379921259844
21
-3.4792561023622048
0
LINE
8
BLACK
6
CONTINUOUS
10
5.3664379921259844
20
-3.4792561023622048
11
5.3664531496062988
21
-3.4792135826771653
0
LINE
8
BLACK
6
CONTINUOUS
10
5.3664531496062988
20
-3.4792135826771653
11
5.3664546850393702
21
-3.4791923622047243
0
LINE
8
BLACK
6
CONTINUOUS
10
5.3664546850393702
20
-3.4791923622047243
11
5.3664777165354334
21
-3.4791448031496062
0
LINE
8
BLACK
6
CONTINUOUS
10
5.3664777165354334
20
-3.4791448031496062
11
5.3666327559055116
21
-3.4787109842519683
0
LINE
8
BLACK
6
CONTINUOUS
10
5.3666327559055116
20
-3.4787109842519683
11
5.3667935433070868
21
-3.4784939763779525
0
LINE
8
BLACK
6
CONTINUOUS
10
5.3667935433070868
20
-3.4784939763779525
11
5.3685363385826772
21
-3.4749022047244096
0
LINE
8
BLACK
6
CONTINUOUS
10
5.3685363385826772
20
-3.4749022047244096
11
5.368692401574803
21
-3.4746541732283465
0
LINE
8
BLACK
6
CONTINUOUS
10
5.368692401574803
20
-3.4746541732283465
11
5.3687222440944877
21
-3.474582244094488
0
LINE
8
BLACK
6
CONTINUOUS
10
5.3687222440944877
20
-3.474582244094488
11
5.368766732283464
21
-3.4745361417322833
0
LINE
8
BLACK
6
CONTINUOUS
10
5.368766732283464
20
-3.4745361417322833
11
5.3688446850393703
21
-3.4744123228346457
0
LINE
8
BLACK
6
CONTINUOUS
10
5.3688446850393703
20
-3.4744123228346457
11
5.3691003543307083
21
-3.4741905511811022
0
LINE
8
BLACK
6
CONTINUOUS
10
5.3691003543307083
20
-3.4741905511811022
11
5.3709642125984249
21
-3.4722600393700787
0
LINE
8
BLACK
6
CONTINUOUS
10
5.3709642125984249
20
-3.4722600393700787
11
5.371190551181102
21
-3.4720742519685039
0
LINE
8
BLACK
6
CONTINUOUS
10
5.371190551181102
20
-3.4720742519685039
11
5.3712417322834645
21
-3.4720152755905511
0
LINE
8
BLACK
6
CONTINUOUS
10
5.3712417322834645
20
-3.4720152755905511
11
5.3712973622047242
21
-3.4719866141732281
0
LINE
8
BLACK
6
CONTINUOUS
10
5.3712973622047242
20
-3.4719866141732281
11
5.3714116535433067
21
-3.471892834645669
0
LINE
8
BLACK
6
CONTINUOUS
10
5.3714116535433067
20
-3.471892834645669
11
5.3717585039370075
21
-3.4717491338582676
0
LINE
8
BLACK
6
CONTINUOUS
10
5.3717585039370075
20
-3.4717491338582676
11
5.3754811417322834
21
-3.4698321653543305
0
LINE
8
BLACK
6
CONTINUOUS
10
5.3754811417322834
20
-3.4698321653543305
11
5.3760217322834647
21
-3.469625275590551
0
LINE
8
BLACK
6
CONTINUOUS
10
5.3760217322834647
20
-3.469625275590551
11
5.3761275984251968
21
-3.4696177165354332
0
LINE
8
BLACK
6
CONTINUOUS
10
5.3761275984251968
20
-3.4696177165354332
11
5.3762255905511811
21
-3.4695771653543308
0
LINE
8
BLACK
6
CONTINUOUS
10
5.3762255905511811
20
-3.4695771653543308
11
5.3768059448818892
21
-3.469569527559055
0
LINE
8
BLACK
6
CONTINUOUS
10
5.3768059448818892
20
-3.469569527559055
11
5.3771709448818896
21
-3.4695436220472442
0
LINE
8
BLACK
6
CONTINUOUS
10
5.3771709448818896
20
-3.4695436220472442
11
5.3772319685039367
21
-3.4695639370078739
0
LINE
8
BLACK
6
CONTINUOUS
10
5.3772319685039367
20
-3.4695639370078739
11
5.3805511811023621
21
-3.469520433070866
0
LINE
8
BLACK
6
CONTINUOUS
10
5.3805511811023621
20
-3.469520433070866
11
5.3811272440944879
21
-3.4695771653543308
0
LINE
8
BLACK
6
CONTINUOUS
10
5.3774237401574805
20
-3.4754177559055117
11
5.3747079527559052
21
-3.4768162598425194
0
LINE
8
BLACK
6
CONTINUOUS
10
5.3747079527559052
20
-3.4768162598425194
11
5.3735172440944883
21
-3.4780496062992126
0
LINE
8
BLACK
6
CONTINUOUS
10
5.3735172440944883
20
-3.4780496062992126
11
5.3719886614173227
21
-3.4811998818897636
0
LINE
8
BLACK
6
CONTINUOUS
10
5.3719886614173227
20
-3.4811998818897636
11
5.3703303149606301
21
-3.4880312992125981
0
LINE
8
BLACK
6
CONTINUOUS
10
5.3703303149606301
20
-3.4880312992125981
11
5.3703796456692912
21
-3.496679842519685
0
LINE
8
BLACK
6
CONTINUOUS
10
5.3703796456692912
20
-3.496679842519685
11
5.3721356692913389
21
-3.5035055118110234
0
LINE
8
BLACK
6
CONTINUOUS
10
5.3721356692913389
20
-3.5035055118110234
11
5.3736457086614173
21
-3.506437834645669
0
LINE
8
BLACK
6
CONTINUOUS
10
5.3736457086614173
20
-3.506437834645669
11
5.37487905511811
21
-3.5076286220472439
0
LINE
8
BLACK
6
CONTINUOUS
10
5.37487905511811
20
-3.5076286220472439
11
5.3775605118110237
21
-3.5089297244094486
0
LINE
8
BLACK
6
CONTINUOUS
10
5.3775605118110237
20
-3.5089297244094486
11
5.3799290551181098
21
-3.5088986614173225
0
LINE
8
BLACK
6
CONTINUOUS
10
5.3799290551181098
20
-3.5088986614173225
11
5.3826448031496064
21
-3.5075001574803149
0
LINE
8
BLACK
6
CONTINUOUS
10
5.3826448031496064
20
-3.5075001574803149
11
5.3838355905511808
21
-3.5062667322834646
0
LINE
8
BLACK
6
CONTINUOUS
10
5.3838355905511808
20
-3.5062667322834646
11
5.3853641338582676
21
-3.5031164960629919
0
LINE
8
BLACK
6
CONTINUOUS
10
5.3853641338582676
20
-3.5031164960629919
11
5.3870224803149602
21
-3.4962850787401574
0
LINE
8
BLACK
6
CONTINUOUS
10
5.3870224803149602
20
-3.4962850787401574
11
5.3869731496062991
21
-3.487636535433071
0
LINE
8
BLACK
6
CONTINUOUS
10
5.3869731496062991
20
-3.487636535433071
11
5.3852171259842523
21
-3.4808108661417321
0
LINE
8
BLACK
6
CONTINUOUS
10
5.3852171259842523
20
-3.4808108661417321
11
5.3837071259842517
21
-3.4778785433070865
0
LINE
8
BLACK
6
CONTINUOUS
10
5.3837071259842517
20
-3.4778785433070865
11
5.382473779527559
21
-3.4766878346456691
0
LINE
8
BLACK
6
CONTINUOUS
10
5.382473779527559
20
-3.4766878346456691
11
5.3797922834645666
21
-3.4753866929133856
0
LINE
8
BLACK
6
CONTINUOUS
10
5.3797922834645666
20
-3.4753866929133856
11
5.3774237401574805
21
-3.4754177559055117
0
LINE
8
BLACK
6
CONTINUOUS
10
5.4186225590551178
20
-3.4695771653543308
11
5.4187205511811021
21
-3.4696177559055119
0
LINE
8
BLACK
6
CONTINUOUS
10
5.4187205511811021
20
-3.4696177559055119
11
5.4188263779527555
21
-3.469625275590551
0
LINE
8
BLACK
6
CONTINUOUS
10
5.4188263779527555
20
-3.469625275590551
11
5.419337913385827
21
-3.4698734645669291
0
LINE
8
BLACK
6
CONTINUOUS
10
5.419337913385827
20
-3.4698734645669291
11
5.4196869685039371
21
-3.4700180708661414
0
LINE
8
BLACK
6
CONTINUOUS
10
5.4196869685039371
20
-3.4700180708661414
11
5.4197350787401577
21
-3.4700661811023621
0
LINE
8
BLACK
6
CONTINUOUS
10
5.4197350787401577
20
-3.4700661811023621
11
5.4231165354330706
21
-3.471706929133858
0
LINE
8
BLACK
6
CONTINUOUS
10
5.4231165354330706
20
-3.471706929133858
11
5.4233645275590554
21
-3.4718629921259843
0
LINE
8
BLACK
6
CONTINUOUS
10
5.4233645275590554
20
-3.4718629921259843
11
5.4234364960629922
21
-3.471892834645669
0
LINE
8
BLACK
6
CONTINUOUS
10
5.4234364960629922
20
-3.471892834645669
11
5.4234825590551177
21
-3.4719373228346457
0
LINE
8
BLACK
6
CONTINUOUS
10
5.4234825590551177
20
-3.4719373228346457
11
5.4236064173228344
21
-3.4720152755905511
0
LINE
8
BLACK
6
CONTINUOUS
10
5.4236064173228344
20
-3.4720152755905511
11
5.4238281496062992
21
-3.4722709448818896
0
LINE
8
BLACK
6
CONTINUOUS
10
5.4238281496062992
20
-3.4722709448818896
11
5.4257587007874015
21
-3.4741348031496062
0
LINE
8
BLACK
6
CONTINUOUS
10
5.4257587007874015
20
-3.4741348031496062
11
5.4259444488188979
21
-3.4743611417322833
0
LINE
8
BLACK
6
CONTINUOUS
10
5.4259444488188979
20
-3.4743611417322833
11
5.4260034645669286
21
-3.4744123228346457
0
LINE
8
BLACK
6
CONTINUOUS
10
5.4260034645669286
20
-3.4744123228346457
11
5.4260320866141729
21
-3.4744679527559055
0
LINE
8
BLACK
6
CONTINUOUS
10
5.4260320866141729
20
-3.4744679527559055
11
5.4261259055118112
21
-3.474582244094488
0
LINE
8
BLACK
6
CONTINUOUS
10
5.4261259055118112
20
-3.474582244094488
11
5.4262695669291334
21
-3.4749290944881888
0
LINE
8
BLACK
6
CONTINUOUS
10
5.4262695669291334
20
-3.4749290944881888
11
5.4281865748031493
21
-3.4786517322834647
0
LINE
8
BLACK
6
CONTINUOUS
10
5.4281865748031493
20
-3.4786517322834647
11
5.4282026771653547
21
-3.4786938188976375
0
LINE
8
BLACK
6
CONTINUOUS
10
5.4282026771653547
20
-3.4786938188976375
11
5.4282153937007873
21
-3.4787109842519683
0
LINE
8
BLACK
6
CONTINUOUS
10
5.4282153937007873
20
-3.4787109842519683
11
5.428227952755905
21
-3.4787599212598423
0
LINE
8
BLACK
6
CONTINUOUS
10
5.428227952755905
20
-3.4787599212598423
11
5.4283934645669287
21
-3.4791923228346455
0
LINE
8
BLACK
6
CONTINUOUS
10
5.4283934645669287
20
-3.4791923228346455
11
5.4284141338582677
21
-3.4794835433070865
0
LINE
8
BLACK
6
CONTINUOUS
10
5.4284141338582677
20
-3.4794835433070865
11
5.4302849212598421
21
-3.4867551574803151
0
LINE
8
BLACK
6
CONTINUOUS
10
5.4302849212598421
20
-3.4867551574803151
11
5.4302996850393699
21
-3.4868549999999998
0
LINE
8
BLACK
6
CONTINUOUS
10
5.4302996850393699
20
-3.4868549999999998
11
5.4303163385826769
21
-3.4868952362204721
0
LINE
8
BLACK
6
CONTINUOUS
10
5.4303163385826769
20
-3.4868952362204721
11
5.4303167322834645
21
-3.4869705905511812
0
LINE
8
BLACK
6
CONTINUOUS
10
5.4303167322834645
20
-3.4869705905511812
11
5.4303695669291336
21
-3.4873277559055116
0
LINE
8
BLACK
6
CONTINUOUS
10
5.4303695669291336
20
-3.4873277559055116
11
5.4303206692913388
21
-3.4876562992125986
0
LINE
8
BLACK
6
CONTINUOUS
10
5.4303206692913388
20
-3.4876562992125986
11
5.4303730708661417
21
-3.4968451181102362
0
LINE
8
BLACK
6
CONTINUOUS
10
5.4303730708661417
20
-3.4968451181102362
11
5.4303631496062987
21
-3.4969456299212598
0
LINE
8
BLACK
6
CONTINUOUS
10
5.4303631496062987
20
-3.4969456299212598
11
5.4303695669291336
21
-3.4969886614173227
0
LINE
8
BLACK
6
CONTINUOUS
10
5.4303695669291336
20
-3.4969886614173227
11
5.4303516535433074
21
-3.4970623228346458
0
LINE
8
BLACK
6
CONTINUOUS
10
5.4303516535433074
20
-3.4970623228346458
11
5.4303163385826769
21
-3.4974211811023621
0
LINE
8
BLACK
6
CONTINUOUS
10
5.4303163385826769
20
-3.4974211811023621
11
5.4301912598425197
21
-3.4977230708661415
0
LINE
8
BLACK
6
CONTINUOUS
10
5.4301912598425197
20
-3.4977230708661415
11
5.4284101574803145
21
-3.5050603149606299
0
LINE
8
BLACK
6
CONTINUOUS
10
5.4284101574803145
20
-3.5050603149606299
11
5.4283949606299213
21
-3.5051027952755907
0
LINE
8
BLACK
6
CONTINUOUS
10
5.4283949606299213
20
-3.5051027952755907
11
5.4283934645669287
21
-3.5051240944881887
0
LINE
8
BLACK
6
CONTINUOUS
10
5.4283934645669287
20
-3.5051240944881887
11
5.4283703149606302
21
-3.5051717322834643
0
LINE
8
BLACK
6
CONTINUOUS
10
5.4283703149606302
20
-3.5051717322834643
11
5.4282153937007873
21
-3.5056054330708659
0
LINE
8
BLACK
6
CONTINUOUS
10
5.4282153937007873
20
-3.5056054330708659
11
5.4280546456692909
21
-3.5058223622047242
0
LINE
8
BLACK
6
CONTINUOUS
10
5.4280546456692909
20
-3.5058223622047242
11
5.4263118110236217
21
-3.5094142125984251
0
LINE
8
BLACK
6
CONTINUOUS
10
5.4263118110236217
20
-3.5094142125984251
11
5.4261557480314959
21
-3.5096620866141732
0
LINE
8
BLACK
6
CONTINUOUS
10
5.4261557480314959
20
-3.5096620866141732
11
5.4261259448818899
21
-3.5097341338582675
0
LINE
8
BLACK
6
CONTINUOUS
10
5.4261259448818899
20
-3.5097341338582675
11
5.4260813779527561
21
-3.5097802362204722
0
LINE
8
BLACK
6
CONTINUOUS
10
5.4260813779527561
20
-3.5097802362204722
11
5.4260034645669286
21
-3.509904094488189
0
LINE
8
BLACK
6
CONTINUOUS
10
5.4260034645669286
20
-3.509904094488189
11
5.4257477952755906
21
-3.5101257874015745
0
LINE
8
BLACK
6
CONTINUOUS
10
5.4257477952755906
20
-3.5101257874015745
11
5.4238839763779527
21
-3.5120563779527556
0
LINE
8
BLACK
6
CONTINUOUS
10
5.4238839763779527
20
-3.5120563779527556
11
5.4236575984251969
21
-3.512242125984252
0
LINE
8
BLACK
6
CONTINUOUS
10
5.4236575984251969
20
-3.512242125984252
11
5.4236064173228344
21
-3.5123011811023623
0
LINE
8
BLACK
6
CONTINUOUS
10
5.4236064173228344
20
-3.5123011811023623
11
5.4235507480314959
21
-3.5123298031496062
0
LINE
8
BLACK
6
CONTINUOUS
10
5.4235507480314959
20
-3.5123298031496062
11
5.4234364960629922
21
-3.512423622047244
0
LINE
8
BLACK
6
CONTINUOUS
10
5.4234364960629922
20
-3.512423622047244
11
5.4230896062992127
21
-3.5125672834645667
0
LINE
8
BLACK
6
CONTINUOUS
10
5.4230896062992127
20
-3.5125672834645667
11
5.4193670078740155
21
-3.5144842913385825
0
LINE
8
BLACK
6
CONTINUOUS
10
5.4193670078740155
20
-3.5144842913385825
11
5.4188263779527555
21
-3.514691181102362
0
LINE
8
BLACK
6
CONTINUOUS
10
5.4188263779527555
20
-3.514691181102362
11
5.4187205511811021
21
-3.5146986614173228
0
LINE
8
BLACK
6
CONTINUOUS
10
5.4187205511811021
20
-3.5146986614173228
11
5.4186225590551178
21
-3.5147392913385826
0
LINE
8
BLACK
6
CONTINUOUS
10
5.4186225590551178
20
-3.5147392913385826
11
5.4180420866141734
21
-3.5147468897637792
0
LINE
8
BLACK
6
CONTINUOUS
10
5.4180420866141734
20
-3.5147468897637792
11
5.4176771653543305
21
-3.5147728346456693
0
LINE
8
BLACK
6
CONTINUOUS
10
5.4176771653543305
20
-3.5147728346456693
11
5.4176161023622047
21
-3.5147524803149603
0
LINE
8
BLACK
6
CONTINUOUS
10
5.4176161023622047
20
-3.5147524803149603
11
5.4142969685039368
21
-3.514796023622047
0
LINE
8
BLACK
6
CONTINUOUS
10
5.4142969685039368
20
-3.514796023622047
11
5.413720905511811
21
-3.5147392913385826
0
LINE
8
BLACK
6
CONTINUOUS
10
5.413720905511811
20
-3.5147392913385826
11
5.4136229133858267
21
-3.5146987007874015
0
LINE
8
BLACK
6
CONTINUOUS
10
5.4136229133858267
20
-3.5146987007874015
11
5.4135170472440945
21
-3.514691181102362
0
LINE
8
BLACK
6
CONTINUOUS
10
5.4135170472440945
20
-3.514691181102362
11
5.4130052755905513
21
-3.5144428346456693
0
LINE
8
BLACK
6
CONTINUOUS
10
5.4130052755905513
20
-3.5144428346456693
11
5.4126564960629917
21
-3.5142983858267716
0
LINE
8
BLACK
6
CONTINUOUS
10
5.4126564960629917
20
-3.5142983858267716
11
5.412608385826772
21
-3.5142502755905509
0
LINE
8
BLACK
6
CONTINUOUS
10
5.412608385826772
20
-3.5142502755905509
11
5.4092269291338582
21
-3.512609527559055
0
LINE
8
BLACK
6
CONTINUOUS
10
5.4092269291338582
20
-3.512609527559055
11
5.4089788976377955
21
-3.5124534251968504
0
LINE
8
BLACK
6
CONTINUOUS
10
5.4089788976377955
20
-3.5124534251968504
11
5.4089069685039366
21
-3.512423622047244
0
LINE
8
BLACK
6
CONTINUOUS
10
5.4089069685039366
20
-3.512423622047244
11
5.4088608661417323
21
-3.512379094488189
0
LINE
8
BLACK
6
CONTINUOUS
10
5.4088608661417323
20
-3.512379094488189
11
5.4087370472440943
21
-3.5123011811023623
0
LINE
8
BLACK
6
CONTINUOUS
10
5.4087370472440943
20
-3.5123011811023623
11
5.408515236220472
21
-3.5120453937007872
0
LINE
8
BLACK
6
CONTINUOUS
10
5.408515236220472
20
-3.5120453937007872
11
5.4065847244094485
21
-3.5101815748031497
0
LINE
8
BLACK
6
CONTINUOUS
10
5.4065847244094485
20
-3.5101815748031497
11
5.406398976377953
21
-3.5099552362204722
0
LINE
8
BLACK
6
CONTINUOUS
10
5.406398976377953
20
-3.5099552362204722
11
5.4063400000000001
21
-3.509904094488189
0
LINE
8
BLACK
6
CONTINUOUS
10
5.4063400000000001
20
-3.509904094488189
11
5.4063113385826771
21
-3.5098484645669292
0
LINE
8
BLACK
6
CONTINUOUS
10
5.4063113385826771
20
-3.5098484645669292
11
5.4062175196850388
21
-3.5097341338582675
0
LINE
8
BLACK
6
CONTINUOUS
10
5.4062175196850388
20
-3.5097341338582675
11
5.4060738188976378
21
-3.5093872047244092
0
LINE
8
BLACK
6
CONTINUOUS
10
5.4060738188976378
20
-3.5093872047244092
11
5.4041568897637795
21
-3.50566468503937
0
LINE
8
BLACK
6
CONTINUOUS
10
5.4041568897637795
20
-3.50566468503937
11
5.4041407480314962
21
-3.505622559055118
0
LINE
8
BLACK
6
CONTINUOUS
10
5.4041407480314962
20
-3.505622559055118
11
5.4041280708661414
21
-3.5056054330708659
0
LINE
8
BLACK
6
CONTINUOUS
10
5.4041280708661414
20
-3.5056054330708659
11
5.4041154330708663
21
-3.5055564173228344
0
LINE
8
BLACK
6
CONTINUOUS
10
5.4041154330708663
20
-3.5055564173228344
11
5.40395
21
-3.50512405511811
0
LINE
8
BLACK
6
CONTINUOUS
10
5.40395
20
-3.50512405511811
11
5.4039292913385824
21
-3.5048328346456694
0
LINE
8
BLACK
6
CONTINUOUS
10
5.4039292913385824
20
-3.5048328346456694
11
5.4020585433070867
21
-3.4975612598425196
0
LINE
8
BLACK
6
CONTINUOUS
10
5.4020585433070867
20
-3.4975612598425196
11
5.4020437401574801
21
-3.4974613779527557
0
LINE
8
BLACK
6
CONTINUOUS
10
5.4020437401574801
20
-3.4974613779527557
11
5.4020271259842518
21
-3.4974211811023621
0
LINE
8
BLACK
6
CONTINUOUS
10
5.4020271259842518
20
-3.4974211811023621
11
5.4020266929133856
21
-3.4973457874015748
0
LINE
8
BLACK
6
CONTINUOUS
10
5.4020266929133856
20
-3.4973457874015748
11
5.4019738976377951
21
-3.4969886614173227
0
LINE
8
BLACK
6
CONTINUOUS
10
5.4019738976377951
20
-3.4969886614173227
11
5.4020227559055121
21
-3.4966600787401574
0
LINE
8
BLACK
6
CONTINUOUS
10
5.4020227559055121
20
-3.4966600787401574
11
5.401970393700787
21
-3.4874712992125985
0
LINE
8
BLACK
6
CONTINUOUS
10
5.401970393700787
20
-3.4874712992125985
11
5.4019802755905513
21
-3.4873707480314962
0
LINE
8
BLACK
6
CONTINUOUS
10
5.4019802755905513
20
-3.4873707480314962
11
5.4019738976377951
21
-3.4873277559055116
0
LINE
8
BLACK
6
CONTINUOUS
10
5.4019738976377951
20
-3.4873277559055116
11
5.4019917716535435
21
-3.4872540551181102
0
LINE
8
BLACK
6
CONTINUOUS
10
5.4019917716535435
20
-3.4872540551181102
11
5.4020271259842518
21
-3.4868952362204721
0
LINE
8
BLACK
6
CONTINUOUS
10
5.4020271259842518
20
-3.4868952362204721
11
5.4021521653543303
21
-3.486593307086614
0
LINE
8
BLACK
6
CONTINUOUS
10
5.4021521653543303
20
-3.486593307086614
11
5.4039333070866142
21
-3.4792561023622048
0
LINE
8
BLACK
6
CONTINUOUS
10
5.4039333070866142
20
-3.4792561023622048
11
5.4039484645669287
21
-3.4792135826771653
0
LINE
8
BLACK
6
CONTINUOUS
10
5.4039484645669287
20
-3.4792135826771653
11
5.40395
21
-3.4791923622047243
0
LINE
8
BLACK
6
CONTINUOUS
10
5.40395
20
-3.4791923622047243
11
5.4039730314960632
21
-3.4791448031496062
0
LINE
8
BLACK
6
CONTINUOUS
10
5.4039730314960632
20
-3.4791448031496062
11
5.4041280708661414
21
-3.4787109842519683
0
LINE
8
BLACK
6
CONTINUOUS
10
5.4041280708661414
20
-3.4787109842519683
11
5.4042888582677167
21
-3.4784939763779525
0
LINE
8
BLACK
6
CONTINUOUS
10
5.4042888582677167
20
-3.4784939763779525
11
5.4060316535433071
21
-3.4749022047244096
0
LINE
8
BLACK
6
CONTINUOUS
10
5.4060316535433071
20
-3.4749022047244096
11
5.4061877165354328
21
-3.4746541732283465
0
LINE
8
BLACK
6
CONTINUOUS
10
5.4061877165354328
20
-3.4746541732283465
11
5.4062175590551176
21
-3.474582244094488
0
LINE
8
BLACK
6
CONTINUOUS
10
5.4062175590551176
20
-3.474582244094488
11
5.4062620472440948
21
-3.4745361417322833
0
LINE
8
BLACK
6
CONTINUOUS
10
5.4062620472440948
20
-3.4745361417322833
11
5.4063400000000001
21
-3.4744123228346457
0
LINE
8
BLACK
6
CONTINUOUS
10
5.4063400000000001
20
-3.4744123228346457
11
5.4065956692913382
21
-3.4741905511811022
0
LINE
8
BLACK
6
CONTINUOUS
10
5.4065956692913382
20
-3.4741905511811022
11
5.4084595275590548
21
-3.4722600393700787
0
LINE
8
BLACK
6
CONTINUOUS
10
5.4084595275590548
20
-3.4722600393700787
11
5.4086858661417319
21
-3.4720742519685039
0
LINE
8
BLACK
6
CONTINUOUS
10
5.4086858661417319
20
-3.4720742519685039
11
5.4087370472440943
21
-3.4720152755905511
0
LINE
8
BLACK
6
CONTINUOUS
10
5.4087370472440943
20
-3.4720152755905511
11
5.4087926771653541
21
-3.4719866141732281
0
LINE
8
BLACK
6
CONTINUOUS
10
5.4087926771653541
20
-3.4719866141732281
11
5.4089069685039366
21
-3.471892834645669
0
LINE
8
BLACK
6
CONTINUOUS
10
5.4089069685039366
20
-3.471892834645669
11
5.4092538188976373
21
-3.4717491338582676
0
LINE
8
BLACK
6
CONTINUOUS
10
5.4092538188976373
20
-3.4717491338582676
11
5.4129764566929133
21
-3.4698321653543305
0
LINE
8
BLACK
6
CONTINUOUS
10
5.4129764566929133
20
-3.4698321653543305
11
5.4135170472440945
21
-3.469625275590551
0
LINE
8
BLACK
6
CONTINUOUS
10
5.4135170472440945
20
-3.469625275590551
11
5.4136229133858267
21
-3.4696177165354332
0
LINE
8
BLACK
6
CONTINUOUS
10
5.4136229133858267
20
-3.4696177165354332
11
5.413720905511811
21
-3.4695771653543308
0
LINE
8
BLACK
6
CONTINUOUS
10
5.413720905511811
20
-3.4695771653543308
11
5.41430125984252
21
-3.469569527559055
0
LINE
8
BLACK
6
CONTINUOUS
10
5.41430125984252
20
-3.469569527559055
11
5.4146662598425195
21
-3.4695436220472442
0
LINE
8
BLACK
6
CONTINUOUS
10
5.4146662598425195
20
-3.4695436220472442
11
5.4147272834645666
21
-3.4695639370078739
0
LINE
8
BLACK
6
CONTINUOUS
10
5.4147272834645666
20
-3.4695639370078739
11
5.4180464960629919
21
-3.469520433070866
0
LINE
8
BLACK
6
CONTINUOUS
10
5.4180464960629919
20
-3.469520433070866
11
5.4186225590551178
21
-3.4695771653543308
0
LINE
8
BLACK
6
CONTINUOUS
10
5.4149190551181103
20
-3.4754177559055117
11
5.412203267716535
21
-3.4768162598425194
0
LINE
8
BLACK
6
CONTINUOUS
10
5.412203267716535
20
-3.4768162598425194
11
5.4110125590551181
21
-3.4780496062992126
0
LINE
8
BLACK
6
CONTINUOUS
10
5.4110125590551181
20
-3.4780496062992126
11
5.4094839763779525
21
-3.4811998818897636
0
LINE
8
BLACK
6
CONTINUOUS
10
5.4094839763779525
20
-3.4811998818897636
11
5.4078256299212599
21
-3.4880312992125981
0
LINE
8
BLACK
6
CONTINUOUS
10
5.4078256299212599
20
-3.4880312992125981
11
5.407874960629921
21
-3.496679842519685
0
LINE
8
BLACK
6
CONTINUOUS
10
5.407874960629921
20
-3.496679842519685
11
5.4096309842519688
21
-3.5035055118110234
0
LINE
8
BLACK
6
CONTINUOUS
10
5.4096309842519688
20
-3.5035055118110234
11
5.4111410236220472
21
-3.506437834645669
0
LINE
8
BLACK
6
CONTINUOUS
10
5.4111410236220472
20
-3.506437834645669
11
5.4123743700787399
21
-3.5076286220472439
0
LINE
8
BLACK
6
CONTINUOUS
10
5.4123743700787399
20
-3.5076286220472439
11
5.4150558267716535
21
-3.5089297244094486
0
LINE
8
BLACK
6
CONTINUOUS
10
5.4150558267716535
20
-3.5089297244094486
11
5.4174243700787397
21
-3.5088986614173225
0
LINE
8
BLACK
6
CONTINUOUS
10
5.4174243700787397
20
-3.5088986614173225
11
5.4201401181102362
21
-3.5075001574803149
0
LINE
8
BLACK
6
CONTINUOUS
10
5.4201401181102362
20
-3.5075001574803149
11
5.4213309055118106
21
-3.5062667322834646
0
LINE
8
BLACK
6
CONTINUOUS
10
5.4213309055118106
20
-3.5062667322834646
11
5.4228594488188975
21
-3.5031164960629919
0
LINE
8
BLACK
6
CONTINUOUS
10
5.4228594488188975
20
-3.5031164960629919
11
5.4245177952755901
21
-3.4962850787401574
0
LINE
8
BLACK
6
CONTINUOUS
10
5.4245177952755901
20
-3.4962850787401574
11
5.424468464566929
21
-3.487636535433071
0
LINE
8
BLACK
6
CONTINUOUS
10
5.424468464566929
20
-3.487636535433071
11
5.4227124409448821
21
-3.4808108661417321
0
LINE
8
BLACK
6
CONTINUOUS
10
5.4227124409448821
20
-3.4808108661417321
11
5.4212024409448816
21
-3.4778785433070865
0
LINE
8
BLACK
6
CONTINUOUS
10
5.4212024409448816
20
-3.4778785433070865
11
5.4199690944881889
21
-3.4766878346456691
0
LINE
8
BLACK
6
CONTINUOUS
10
5.4199690944881889
20
-3.4766878346456691
11
5.4172875984251965
21
-3.4753866929133856
0
LINE
8
BLACK
6
CONTINUOUS
10
5.4172875984251965
20
-3.4753866929133856
11
5.4149190551181103
21
-3.4754177559055117
0
LINE
8
BLACK
6
CONTINUOUS
10
5.2764844488188976
20
-3.5053401968503937
11
5.2772047637795279
21
-3.5056385433070867
0
LINE
8
BLACK
6
CONTINUOUS
10
5.2772047637795279
20
-3.5056385433070867
11
5.2772048031496066
21
-3.5056385826771654
0
LINE
8
BLACK
6
CONTINUOUS
10
5.2772048031496066
20
-3.5056385826771654
11
5.279527007874016
21
-3.507880590551181
0
LINE
8
BLACK
6
CONTINUOUS
10
5.279527007874016
20
-3.507880590551181
11
5.2798942519685035
21
-3.5083280708661415
0
LINE
8
BLACK
6
CONTINUOUS
10
5.2798942519685035
20
-3.5083280708661415
11
5.2803333070866136
21
-3.5093881496062993
0
LINE
8
BLACK
6
CONTINUOUS
10
5.2803333070866136
20
-3.5093881496062993
11
5.2803351181102363
21
-3.5093924803149608
0
LINE
8
BLACK
6
CONTINUOUS
10
5.2803351181102363
20
-3.5093924803149608
11
5.2803351181102363
21
-3.5105445669291337
0
LINE
8
BLACK
6
CONTINUOUS
10
5.2803351181102363
20
-3.5105445669291337
11
5.2798942125984247
21
-3.5116089763779526
0
LINE
8
BLACK
6
CONTINUOUS
10
5.2798942125984247
20
-3.5116089763779526
11
5.2776522440944884
21
-3.5139311811023619
0
LINE
8
BLACK
6
CONTINUOUS
10
5.2776522440944884
20
-3.5139311811023619
11
5.2772048031496066
21
-3.5142983858267716
0
LINE
8
BLACK
6
CONTINUOUS
10
5.2772048031496066
20
-3.5142983858267716
11
5.2761403937007874
21
-3.5147392913385826
0
LINE
8
BLACK
6
CONTINUOUS
10
5.2761403937007874
20
-3.5147392913385826
11
5.2761403543307086
21
-3.5147392913385826
0
LINE
8
BLACK
6
CONTINUOUS
10
5.2761403543307086
20
-3.5147392913385826
11
5.2749883070866144
21
-3.5147392913385826
0
LINE
8
BLACK
6
CONTINUOUS
10
5.2749883070866144
20
-3.5147392913385826
11
5.2749882677165356
21
-3.5147392913385826
0
LINE
8
BLACK
6
CONTINUOUS
10
5.2749882677165356
20
-3.5147392913385826
11
5.2739238582677164
21
-3.5142983858267716
0
LINE
8
BLACK
6
CONTINUOUS
10
5.2739238582677164
20
-3.5142983858267716
11
5.271601653543307
21
-3.5120564173228344
0
LINE
8
BLACK
6
CONTINUOUS
10
5.271601653543307
20
-3.5120564173228344
11
5.2712344488188974
21
-3.5116089763779526
0
LINE
8
BLACK
6
CONTINUOUS
10
5.2712344488188974
20
-3.5116089763779526
11
5.2709918503937008
21
-3.5110232677165354
0
LINE
8
BLACK
6
CONTINUOUS
10
5.2709918503937008
20
-3.5110232677165354
11
5.2707935433070867
21
-3.5105445669291337
0
LINE
8
BLACK
6
CONTINUOUS
10
5.2707935433070867
20
-3.5105445669291337
11
5.2707935433070867
21
-3.5093924803149608
0
LINE
8
BLACK
6
CONTINUOUS
10
5.2707935433070867
20
-3.5093924803149608
11
5.2712344094488186
21
-3.5083280708661415
0
LINE
8
BLACK
6
CONTINUOUS
10
5.2712344094488186
20
-3.5083280708661415
11
5.2734763779527558
21
-3.5060058267716534
0
LINE
8
BLACK
6
CONTINUOUS
10
5.2734763779527558
20
-3.5060058267716534
11
5.2739238582677164
21
-3.5056385826771654
0
LINE
8
BLACK
6
CONTINUOUS
10
5.2739238582677164
20
-3.5056385826771654
11
5.2739238976377951
21
-3.5056385433070867
0
LINE
8
BLACK
6
CONTINUOUS
10
5.2739238976377951
20
-3.5056385433070867
11
5.2746442125984254
21
-3.5053401968503937
0
LINE
8
BLACK
6
CONTINUOUS
10
5.2746442125984254
20
-3.5053401968503937
11
5.2749882677165356
21
-3.5051976771653544
0
LINE
8
BLACK
6
CONTINUOUS
10
5.2749882677165356
20
-3.5051976771653544
11
5.2761403543307086
21
-3.5051976771653544
0
LINE
8
BLACK
6
CONTINUOUS
10
5.2761403543307086
20
-3.5051976771653544
11
5.2761403937007874
21
-3.5051976771653544
0
LINE
8
BLACK
6
CONTINUOUS
10
5.2761403937007874
20
-3.5051976771653544
11
5.2764844488188976
21
-3.5053401968503937
0
LINE
8
BLACK
6
CONTINUOUS
10
5.5029870078740153
20
-3.4827005118110237
11
5.5030849999999996
21
-3.4827411023622048
0
LINE
8
BLACK
6
CONTINUOUS
10
5.5030849999999996
20
-3.4827411023622048
11
5.5031908267716538
21
-3.4827486220472439
0
LINE
8
BLACK
6
CONTINUOUS
10
5.5031908267716538
20
-3.4827486220472439
11
5.5037024015748033
21
-3.4829968503937008
0
LINE
8
BLACK
6
CONTINUOUS
10
5.5037024015748033
20
-3.4829968503937008
11
5.5040514173228345
21
-3.4831414173228348
0
LINE
8
BLACK
6
CONTINUOUS
10
5.5040514173228345
20
-3.4831414173228348
11
5.5040995275590552
21
-3.483189527559055
0
LINE
8
BLACK
6
CONTINUOUS
10
5.5040995275590552
20
-3.483189527559055
11
5.5074810236220468
21
-3.4848302755905509
0
LINE
8
BLACK
6
CONTINUOUS
10
5.5074810236220468
20
-3.4848302755905509
11
5.5075773228346456
21
-3.4848909055118109
0
LINE
8
BLACK
6
CONTINUOUS
10
5.5075773228346456
20
-3.4848909055118109
11
5.5076227952755907
21
-3.4849060629921258
0
LINE
8
BLACK
6
CONTINUOUS
10
5.5076227952755907
20
-3.4849060629921258
11
5.5076793700787396
21
-3.4849551181102361
0
LINE
8
BLACK
6
CONTINUOUS
10
5.5076793700787396
20
-3.4849551181102361
11
5.5079708661417319
21
-3.485138622047244
0
LINE
8
BLACK
6
CONTINUOUS
10
5.5079708661417319
20
-3.485138622047244
11
5.5082133464566931
21
-3.4854182283464565
0
LINE
8
BLACK
6
CONTINUOUS
10
5.5082133464566931
20
-3.4854182283464565
11
5.5084931889763782
21
-3.4856609055118111
0
LINE
8
BLACK
6
CONTINUOUS
10
5.5084931889763782
20
-3.4856609055118111
11
5.5085945275590547
21
-3.485857716535433
0
LINE
8
BLACK
6
CONTINUOUS
10
5.5085945275590547
20
-3.485857716535433
11
5.5087257480314955
21
-3.4860090157480315
0
LINE
8
BLACK
6
CONTINUOUS
10
5.5087257480314955
20
-3.4860090157480315
11
5.5088235433070869
21
-3.4863024803149605
0
LINE
8
BLACK
6
CONTINUOUS
10
5.5088235433070869
20
-3.4863024803149605
11
5.5106762992125979
21
-3.48990031496063
0
LINE
8
BLACK
6
CONTINUOUS
10
5.5106762992125979
20
-3.48990031496063
11
5.5108831889763774
21
-3.4904409055118109
0
LINE
8
BLACK
6
CONTINUOUS
10
5.5108831889763774
20
-3.4904409055118109
11
5.5108907086614174
21
-3.4905467716535434
0
LINE
8
BLACK
6
CONTINUOUS
10
5.5108907086614174
20
-3.4905467716535434
11
5.5109312992125981
21
-3.4906447637795273
0
LINE
8
BLACK
6
CONTINUOUS
10
5.5109312992125981
20
-3.4906447637795273
11
5.5109325984251969
21
-3.4911365354330708
0
LINE
8
BLACK
6
CONTINUOUS
10
5.5109325984251969
20
-3.4911365354330708
11
5.5109648425196847
21
-3.4915901181102362
0
LINE
8
BLACK
6
CONTINUOUS
10
5.5109648425196847
20
-3.4915901181102362
11
5.5109340551181099
21
-3.4916824015748031
0
LINE
8
BLACK
6
CONTINUOUS
10
5.5109340551181099
20
-3.4916824015748031
11
5.5109880314960629
21
-3.5118432677165354
0
LINE
8
BLACK
6
CONTINUOUS
10
5.5109880314960629
20
-3.5118432677165354
11
5.5109312992125981
21
-3.5124193307086613
0
LINE
8
BLACK
6
CONTINUOUS
10
5.5109312992125981
20
-3.5124193307086613
11
5.5104903937007874
21
-3.5134837401574801
0
LINE
8
BLACK
6
CONTINUOUS
10
5.5104903937007874
20
-3.5134837401574801
11
5.509675748031496
21
-3.5142983858267716
0
LINE
8
BLACK
6
CONTINUOUS
10
5.509675748031496
20
-3.5142983858267716
11
5.5086113385826767
21
-3.5147392913385826
0
LINE
8
BLACK
6
CONTINUOUS
10
5.5086113385826767
20
-3.5147392913385826
11
5.507459212598425
21
-3.5147392913385826
0
LINE
8
BLACK
6
CONTINUOUS
10
5.507459212598425
20
-3.5147392913385826
11
5.5063948031496066
21
-3.5142983858267716
0
LINE
8
BLACK
6
CONTINUOUS
10
5.5063948031496066
20
-3.5142983858267716
11
5.5055801574803152
21
-3.5134837401574801
0
LINE
8
BLACK
6
CONTINUOUS
10
5.5055801574803152
20
-3.5134837401574801
11
5.5051392519685036
21
-3.5124193307086613
0
LINE
8
BLACK
6
CONTINUOUS
10
5.5051392519685036
20
-3.5124193307086613
11
5.5050841338582677
21
-3.4918302362204723
0
LINE
8
BLACK
6
CONTINUOUS
10
5.5050841338582677
20
-3.4918302362204723
11
5.5039480708661417
21
-3.4896240944881889
0
LINE
8
BLACK
6
CONTINUOUS
10
5.5039480708661417
20
-3.4896240944881889
11
5.5016413385826768
21
-3.488504842519685
0
LINE
8
BLACK
6
CONTINUOUS
10
5.5016413385826768
20
-3.488504842519685
11
5.4974038582677167
21
-3.4885436220472439
0
LINE
8
BLACK
6
CONTINUOUS
10
5.4974038582677167
20
-3.4885436220472439
11
5.4951899606299213
21
-3.4896837007874013
0
LINE
8
BLACK
6
CONTINUOUS
10
5.4951899606299213
20
-3.4896837007874013
11
5.4940620078740157
21
-3.4920082677165354
0
LINE
8
BLACK
6
CONTINUOUS
10
5.4940620078740157
20
-3.4920082677165354
11
5.4941151181102361
21
-3.5118432677165354
0
LINE
8
BLACK
6
CONTINUOUS
10
5.4941151181102361
20
-3.5118432677165354
11
5.4940583858267713
21
-3.5124193307086613
0
LINE
8
BLACK
6
CONTINUOUS
10
5.4940583858267713
20
-3.5124193307086613
11
5.4936174803149607
21
-3.5134837401574801
0
LINE
8
BLACK
6
CONTINUOUS
10
5.4936174803149607
20
-3.5134837401574801
11
5.4928028346456692
21
-3.5142983858267716
0
LINE
8
BLACK
6
CONTINUOUS
10
5.4928028346456692
20
-3.5142983858267716
11
5.49173842519685
21
-3.5147392913385826
0
LINE
8
BLACK
6
CONTINUOUS
10
5.49173842519685
20
-3.5147392913385826
11
5.4905862992125982
21
-3.5147392913385826
0
LINE
8
BLACK
6
CONTINUOUS
10
5.4905862992125982
20
-3.5147392913385826
11
5.489521889763779
21
-3.5142983858267716
0
LINE
8
BLACK
6
CONTINUOUS
10
5.489521889763779
20
-3.5142983858267716
11
5.4887072440944884
21
-3.5134837401574801
0
LINE
8
BLACK
6
CONTINUOUS
10
5.4887072440944884
20
-3.5134837401574801
11
5.4882663385826769
21
-3.5124193307086613
0
LINE
8
BLACK
6
CONTINUOUS
10
5.4882663385826769
20
-3.5124193307086613
11
5.4882112204724409
21
-3.4918302362204723
0
LINE
8
BLACK
6
CONTINUOUS
10
5.4882112204724409
20
-3.4918302362204723
11
5.4870751574803149
21
-3.4896241338582676
0
LINE
8
BLACK
6
CONTINUOUS
10
5.4870751574803149
20
-3.4896241338582676
11
5.4847684645669288
21
-3.488504842519685
0
LINE
8
BLACK
6
CONTINUOUS
10
5.4847684645669288
20
-3.488504842519685
11
5.4805309842519687
21
-3.4885436220472439
0
LINE
8
BLACK
6
CONTINUOUS
10
5.4805309842519687
20
-3.4885436220472439
11
5.477820078740157
21
-3.4899396062992127
0
LINE
8
BLACK
6
CONTINUOUS
10
5.477820078740157
20
-3.4899396062992127
11
5.477197244094488
21
-3.4905847244094486
0
LINE
8
BLACK
6
CONTINUOUS
10
5.477197244094488
20
-3.4905847244094486
11
5.4772422440944881
21
-3.5118432677165354
0
LINE
8
BLACK
6
CONTINUOUS
10
5.4772422440944881
20
-3.5118432677165354
11
5.4771855118110233
21
-3.5124193307086613
0
LINE
8
BLACK
6
CONTINUOUS
10
5.4771855118110233
20
-3.5124193307086613
11
5.4767446062992127
21
-3.5134837401574801
0
LINE
8
BLACK
6
CONTINUOUS
10
5.4767446062992127
20
-3.5134837401574801
11
5.4759299606299212
21
-3.5142983858267716
0
LINE
8
BLACK
6
CONTINUOUS
10
5.4759299606299212
20
-3.5142983858267716
11
5.474865551181102
21
-3.5147392913385826
0
LINE
8
BLACK
6
CONTINUOUS
10
5.474865551181102
20
-3.5147392913385826
11
5.4737134251968502
21
-3.5147392913385826
0
LINE
8
BLACK
6
CONTINUOUS
10
5.4737134251968502
20
-3.5147392913385826
11
5.472649015748031
21
-3.5142983858267716
0
LINE
8
BLACK
6
CONTINUOUS
10
5.472649015748031
20
-3.5142983858267716
11
5.4718343700787404
21
-3.5134837401574801
0
LINE
8
BLACK
6
CONTINUOUS
10
5.4718343700787404
20
-3.5134837401574801
11
5.4713934645669289
21
-3.5124193307086613
0
LINE
8
BLACK
6
CONTINUOUS
10
5.4713934645669289
20
-3.5124193307086613
11
5.4713367322834641
21
-3.4855965354330709
0
LINE
8
BLACK
6
CONTINUOUS
10
5.4713367322834641
20
-3.4855965354330709
11
5.4713934645669289
21
-3.4850204724409446
0
LINE
8
BLACK
6
CONTINUOUS
10
5.4713934645669289
20
-3.4850204724409446
11
5.4718343700787404
21
-3.4839560629921258
0
LINE
8
BLACK
6
CONTINUOUS
10
5.4718343700787404
20
-3.4839560629921258
11
5.472649015748031
21
-3.4831414173228348
0
LINE
8
BLACK
6
CONTINUOUS
10
5.472649015748031
20
-3.4831414173228348
11
5.4737134251968502
21
-3.4827005118110237
0
LINE
8
BLACK
6
CONTINUOUS
10
5.4737134251968502
20
-3.4827005118110237
11
5.474865551181102
21
-3.4827005118110237
0
LINE
8
BLACK
6
CONTINUOUS
10
5.474865551181102
20
-3.4827005118110237
11
5.4759299606299212
21
-3.4831414173228348
0
LINE
8
BLACK
6
CONTINUOUS
10
5.4759299606299212
20
-3.4831414173228348
11
5.476712519685039
21
-3.4839239763779526
0
LINE
8
BLACK
6
CONTINUOUS
10
5.476712519685039
20
-3.4839239763779526
11
5.4785932677165352
21
-3.4829555118110234
0
LINE
8
BLACK
6
CONTINUOUS
10
5.4785932677165352
20
-3.4829555118110234
11
5.4791338582677165
21
-3.4827486220472439
0
LINE
8
BLACK
6
CONTINUOUS
10
5.4791338582677165
20
-3.4827486220472439
11
5.4792397244094486
21
-3.482741062992126
0
LINE
8
BLACK
6
CONTINUOUS
10
5.4792397244094486
20
-3.482741062992126
11
5.4793377165354329
21
-3.4827005118110237
0
LINE
8
BLACK
6
CONTINUOUS
10
5.4793377165354329
20
-3.4827005118110237
11
5.479880905511811
21
-3.4826955118110234
0
LINE
8
BLACK
6
CONTINUOUS
10
5.479880905511811
20
-3.4826955118110234
11
5.4802830708661414
21
-3.4826669685039371
0
LINE
8
BLACK
6
CONTINUOUS
10
5.4802830708661414
20
-3.4826669685039371
11
5.4803557480314957
21
-3.482691181102362
0
LINE
8
BLACK
6
CONTINUOUS
10
5.4803557480314957
20
-3.482691181102362
11
5.4855380708661414
21
-3.4826437795275589
0
LINE
8
BLACK
6
CONTINUOUS
10
5.4855380708661414
20
-3.4826437795275589
11
5.4861141338582673
21
-3.4827005118110237
0
LINE
8
BLACK
6
CONTINUOUS
10
5.4861141338582673
20
-3.4827005118110237
11
5.4862121259842516
21
-3.4827411023622048
0
LINE
8
BLACK
6
CONTINUOUS
10
5.4862121259842516
20
-3.4827411023622048
11
5.4863179527559049
21
-3.4827486220472439
0
LINE
8
BLACK
6
CONTINUOUS
10
5.4863179527559049
20
-3.4827486220472439
11
5.4868294881889765
21
-3.482996811023622
0
LINE
8
BLACK
6
CONTINUOUS
10
5.4868294881889765
20
-3.482996811023622
11
5.4871785433070865
21
-3.4831414173228348
0
LINE
8
BLACK
6
CONTINUOUS
10
5.4871785433070865
20
-3.4831414173228348
11
5.4872266535433072
21
-3.483189527559055
0
LINE
8
BLACK
6
CONTINUOUS
10
5.4872266535433072
20
-3.483189527559055
11
5.4906081102362201
21
-3.4848302755905509
0
LINE
8
BLACK
6
CONTINUOUS
10
5.4906081102362201
20
-3.4848302755905509
11
5.4907044488188976
21
-3.4848909055118109
0
LINE
8
BLACK
6
CONTINUOUS
10
5.4907044488188976
20
-3.4848909055118109
11
5.490749881889764
21
-3.4849060629921258
0
LINE
8
BLACK
6
CONTINUOUS
10
5.490749881889764
20
-3.4849060629921258
11
5.4908064173228341
21
-3.4849550787401573
0
LINE
8
BLACK
6
CONTINUOUS
10
5.4908064173228341
20
-3.4849550787401573
11
5.4910979921259839
21
-3.485138622047244
0
LINE
8
BLACK
6
CONTINUOUS
10
5.4910979921259839
20
-3.485138622047244
11
5.4911623622047241
21
-3.4852128346456692
0
LINE
8
BLACK
6
CONTINUOUS
10
5.4911623622047241
20
-3.4852128346456692
11
5.4912267322834643
21
-3.485138622047244
0
LINE
8
BLACK
6
CONTINUOUS
10
5.4912267322834643
20
-3.485138622047244
11
5.4914235433070866
21
-3.4850372440944879
0
LINE
8
BLACK
6
CONTINUOUS
10
5.4914235433070866
20
-3.4850372440944879
11
5.4915748425196851
21
-3.4849060629921258
0
LINE
8
BLACK
6
CONTINUOUS
10
5.4915748425196851
20
-3.4849060629921258
11
5.4918683070866141
21
-3.4848082283464565
0
LINE
8
BLACK
6
CONTINUOUS
10
5.4918683070866141
20
-3.4848082283464565
11
5.4954661417322832
21
-3.4829555118110234
0
LINE
8
BLACK
6
CONTINUOUS
10
5.4954661417322832
20
-3.4829555118110234
11
5.4960067322834645
21
-3.4827486220472439
0
LINE
8
BLACK
6
CONTINUOUS
10
5.4960067322834645
20
-3.4827486220472439
11
5.4961125984251966
21
-3.482741062992126
0
LINE
8
BLACK
6
CONTINUOUS
10
5.4961125984251966
20
-3.482741062992126
11
5.4962105905511809
21
-3.4827005118110237
0
LINE
8
BLACK
6
CONTINUOUS
10
5.4962105905511809
20
-3.4827005118110237
11
5.4967537795275589
21
-3.4826955118110234
0
LINE
8
BLACK
6
CONTINUOUS
10
5.4967537795275589
20
-3.4826955118110234
11
5.4971559448818894
21
-3.4826669685039371
0
LINE
8
BLACK
6
CONTINUOUS
10
5.4971559448818894
20
-3.4826669685039371
11
5.4972286220472437
21
-3.482691181102362
0
LINE
8
BLACK
6
CONTINUOUS
10
5.4972286220472437
20
-3.482691181102362
11
5.5024109448818894
21
-3.4826437795275589
0
LINE
8
BLACK
6
CONTINUOUS
10
5.5024109448818894
20
-3.4826437795275589
11
5.5029870078740153
21
-3.4827005118110237
0
LINE
8
BLACK
6
CONTINUOUS
10
5.5554804330708656
20
-3.4827005118110237
11
5.5555784251968499
21
-3.4827411023622048
0
LINE
8
BLACK
6
CONTINUOUS
10
5.5555784251968499
20
-3.4827411023622048
11
5.5556842519685041
21
-3.4827486220472439
0
LINE
8
BLACK
6
CONTINUOUS
10
5.5556842519685041
20
-3.4827486220472439
11
5.5561958267716536
21
-3.4829968503937008
0
LINE
8
BLACK
6
CONTINUOUS
10
5.5561958267716536
20
-3.4829968503937008
11
5.5565448425196848
21
-3.4831414173228348
0
LINE
8
BLACK
6
CONTINUOUS
10
5.5565448425196848
20
-3.4831414173228348
11
5.5565929527559055
21
-3.483189527559055
0
LINE
8
BLACK
6
CONTINUOUS
10
5.5565929527559055
20
-3.483189527559055
11
5.5599744488188971
21
-3.4848302755905509
0
LINE
8
BLACK
6
CONTINUOUS
10
5.5599744488188971
20
-3.4848302755905509
11
5.5600707480314959
21
-3.4848909055118109
0
LINE
8
BLACK
6
CONTINUOUS
10
5.5600707480314959
20
-3.4848909055118109
11
5.560116220472441
21
-3.4849060629921258
0
LINE
8
BLACK
6
CONTINUOUS
10
5.560116220472441
20
-3.4849060629921258
11
5.5601727952755908
21
-3.4849551181102361
0
LINE
8
BLACK
6
CONTINUOUS
10
5.5601727952755908
20
-3.4849551181102361
11
5.5604642913385822
21
-3.485138622047244
0
LINE
8
BLACK
6
CONTINUOUS
10
5.5604642913385822
20
-3.485138622047244
11
5.5607067716535434
21
-3.4854182283464565
0
LINE
8
BLACK
6
CONTINUOUS
10
5.5607067716535434
20
-3.4854182283464565
11
5.5609866141732285
21
-3.4856609055118111
0
LINE
8
BLACK
6
CONTINUOUS
10
5.5609866141732285
20
-3.4856609055118111
11
5.561087952755905
21
-3.485857716535433
0
LINE
8
BLACK
6
CONTINUOUS
10
5.561087952755905
20
-3.485857716535433
11
5.5612191732283467
21
-3.4860090157480315
0
LINE
8
BLACK
6
CONTINUOUS
10
5.5612191732283467
20
-3.4860090157480315
11
5.5613169685039372
21
-3.4863024803149605
0
LINE
8
BLACK
6
CONTINUOUS
10
5.5613169685039372
20
-3.4863024803149605
11
5.5631697244094491
21
-3.48990031496063
0
LINE
8
BLACK
6
CONTINUOUS
10
5.5631697244094491
20
-3.48990031496063
11
5.5633766141732286
21
-3.4904409055118109
0
LINE
8
BLACK
6
CONTINUOUS
10
5.5633766141732286
20
-3.4904409055118109
11
5.5633841338582677
21
-3.4905467716535434
0
LINE
8
BLACK
6
CONTINUOUS
10
5.5633841338582677
20
-3.4905467716535434
11
5.5634247244094484
21
-3.4906447637795273
0
LINE
8
BLACK
6
CONTINUOUS
10
5.5634247244094484
20
-3.4906447637795273
11
5.5634260236220472
21
-3.4911365354330708
0
LINE
8
BLACK
6
CONTINUOUS
10
5.5634260236220472
20
-3.4911365354330708
11
5.563458267716535
21
-3.4915901181102362
0
LINE
8
BLACK
6
CONTINUOUS
10
5.563458267716535
20
-3.4915901181102362
11
5.5634274803149601
21
-3.4916824015748031
0
LINE
8
BLACK
6
CONTINUOUS
10
5.5634274803149601
20
-3.4916824015748031
11
5.5634814566929132
21
-3.5118432677165354
0
LINE
8
BLACK
6
CONTINUOUS
10
5.5634814566929132
20
-3.5118432677165354
11
5.5634247244094484
21
-3.5124193307086613
0
LINE
8
BLACK
6
CONTINUOUS
10
5.5634247244094484
20
-3.5124193307086613
11
5.5629838188976377
21
-3.5134837401574801
0
LINE
8
BLACK
6
CONTINUOUS
10
5.5629838188976377
20
-3.5134837401574801
11
5.5621691732283463
21
-3.5142983858267716
0
LINE
8
BLACK
6
CONTINUOUS
10
5.5621691732283463
20
-3.5142983858267716
11
5.561104763779527
21
-3.5147392913385826
0
LINE
8
BLACK
6
CONTINUOUS
10
5.561104763779527
20
-3.5147392913385826
11
5.5599526377952753
21
-3.5147392913385826
0
LINE
8
BLACK
6
CONTINUOUS
10
5.5599526377952753
20
-3.5147392913385826
11
5.5588882283464569
21
-3.5142983858267716
0
LINE
8
BLACK
6
CONTINUOUS
10
5.5588882283464569
20
-3.5142983858267716
11
5.5580735826771654
21
-3.5134837401574801
0
LINE
8
BLACK
6
CONTINUOUS
10
5.5580735826771654
20
-3.5134837401574801
11
5.5576326771653539
21
-3.5124193307086613
0
LINE
8
BLACK
6
CONTINUOUS
10
5.5576326771653539
20
-3.5124193307086613
11
5.557577559055118
21
-3.4918302362204723
0
LINE
8
BLACK
6
CONTINUOUS
10
5.557577559055118
20
-3.4918302362204723
11
5.556441496062992
21
-3.4896240944881889
0
LINE
8
BLACK
6
CONTINUOUS
10
5.556441496062992
20
-3.4896240944881889
11
5.5541347637795271
21
-3.488504842519685
0
LINE
8
BLACK
6
CONTINUOUS
10
5.5541347637795271
20
-3.488504842519685
11
5.549897283464567
21
-3.4885436220472439
0
LINE
8
BLACK
6
CONTINUOUS
10
5.549897283464567
20
-3.4885436220472439
11
5.5476833858267716
21
-3.4896837007874013
0
LINE
8
BLACK
6
CONTINUOUS
10
5.5476833858267716
20
-3.4896837007874013
11
5.546555433070866
21
-3.4920082677165354
0
LINE
8
BLACK
6
CONTINUOUS
10
5.546555433070866
20
-3.4920082677165354
11
5.5466085433070864
21
-3.5118432677165354
0
LINE
8
BLACK
6
CONTINUOUS
10
5.5466085433070864
20
-3.5118432677165354
11
5.5465518110236216
21
-3.5124193307086613
0
LINE
8
BLACK
6
CONTINUOUS
10
5.5465518110236216
20
-3.5124193307086613
11
5.546110905511811
21
-3.5134837401574801
0
LINE
8
BLACK
6
CONTINUOUS
10
5.546110905511811
20
-3.5134837401574801
11
5.5452962598425195
21
-3.5142983858267716
0
LINE
8
BLACK
6
CONTINUOUS
10
5.5452962598425195
20
-3.5142983858267716
11
5.5442318503937003
21
-3.5147392913385826
0
LINE
8
BLACK
6
CONTINUOUS
10
5.5442318503937003
20
-3.5147392913385826
11
5.5430797244094485
21
-3.5147392913385826
0
LINE
8
BLACK
6
CONTINUOUS
10
5.5430797244094485
20
-3.5147392913385826
11
5.5420153149606302
21
-3.5142983858267716
0
LINE
8
BLACK
6
CONTINUOUS
10
5.5420153149606302
20
-3.5142983858267716
11
5.5412006692913387
21
-3.5134837401574801
0
LINE
8
BLACK
6
CONTINUOUS
10
5.5412006692913387
20
-3.5134837401574801
11
5.5407597637795272
21
-3.5124193307086613
0
LINE
8
BLACK
6
CONTINUOUS
10
5.5407597637795272
20
-3.5124193307086613
11
5.5407046456692912
21
-3.4918302362204723
0
LINE
8
BLACK
6
CONTINUOUS
10
5.5407046456692912
20
-3.4918302362204723
11
5.5395685826771652
21
-3.4896241338582676
0
LINE
8
BLACK
6
CONTINUOUS
10
5.5395685826771652
20
-3.4896241338582676
11
5.5372618897637791
21
-3.488504842519685
0
LINE
8
BLACK
6
CONTINUOUS
10
5.5372618897637791
20
-3.488504842519685
11
5.533024409448819
21
-3.4885436220472439
0
LINE
8
BLACK
6
CONTINUOUS
10
5.533024409448819
20
-3.4885436220472439
11
5.5303135039370082
21
-3.4899396062992127
0
LINE
8
BLACK
6
CONTINUOUS
10
5.5303135039370082
20
-3.4899396062992127
11
5.5296906692913383
21
-3.4905847244094486
0
LINE
8
BLACK
6
CONTINUOUS
10
5.5296906692913383
20
-3.4905847244094486
11
5.5297356692913384
21
-3.5118432677165354
0
LINE
8
BLACK
6
CONTINUOUS
10
5.5297356692913384
20
-3.5118432677165354
11
5.5296789370078736
21
-3.5124193307086613
0
LINE
8
BLACK
6
CONTINUOUS
10
5.5296789370078736
20
-3.5124193307086613
11
5.529238031496063
21
-3.5134837401574801
0
LINE
8
BLACK
6
CONTINUOUS
10
5.529238031496063
20
-3.5134837401574801
11
5.5284233858267715
21
-3.5142983858267716
0
LINE
8
BLACK
6
CONTINUOUS
10
5.5284233858267715
20
-3.5142983858267716
11
5.5273589763779523
21
-3.5147392913385826
0
LINE
8
BLACK
6
CONTINUOUS
10
5.5273589763779523
20
-3.5147392913385826
11
5.5262068503937005
21
-3.5147392913385826
0
LINE
8
BLACK
6
CONTINUOUS
10
5.5262068503937005
20
-3.5147392913385826
11
5.5251424409448822
21
-3.5142983858267716
0
LINE
8
BLACK
6
CONTINUOUS
10
5.5251424409448822
20
-3.5142983858267716
11
5.5243277952755907
21
-3.5134837401574801
0
LINE
8
BLACK
6
CONTINUOUS
10
5.5243277952755907
20
-3.5134837401574801
11
5.5238868897637792
21
-3.5124193307086613
0
LINE
8
BLACK
6
CONTINUOUS
10
5.5238868897637792
20
-3.5124193307086613
11
5.5238301574803153
21
-3.4855965354330709
0
LINE
8
BLACK
6
CONTINUOUS
10
5.5238301574803153
20
-3.4855965354330709
11
5.5238868897637792
21
-3.4850204724409446
0
LINE
8
BLACK
6
CONTINUOUS
10
5.5238868897637792
20
-3.4850204724409446
11
5.5243277952755907
21
-3.4839560629921258
0
LINE
8
BLACK
6
CONTINUOUS
10
5.5243277952755907
20
-3.4839560629921258
11
5.5251424409448822
21
-3.4831414173228348
0
LINE
8
BLACK
6
CONTINUOUS
10
5.5251424409448822
20
-3.4831414173228348
11
5.5262068503937005
21
-3.4827005118110237
0
LINE
8
BLACK
6
CONTINUOUS
10
5.5262068503937005
20
-3.4827005118110237
11
5.5273589763779523
21
-3.4827005118110237
0
LINE
8
BLACK
6
CONTINUOUS
10
5.5273589763779523
20
-3.4827005118110237
11
5.5284233858267715
21
-3.4831414173228348
0
LINE
8
BLACK
6
CONTINUOUS
10
5.5284233858267715
20
-3.4831414173228348
11
5.5292059448818893
21
-3.4839239763779526
0
LINE
8
BLACK
6
CONTINUOUS
10
5.5292059448818893
20
-3.4839239763779526
11
5.5310866929133855
21
-3.4829555118110234
0
LINE
8
BLACK
6
CONTINUOUS
10
5.5310866929133855
20
-3.4829555118110234
11
5.5316272834645668
21
-3.4827486220472439
0
LINE
8
BLACK
6
CONTINUOUS
10
5.5316272834645668
20
-3.4827486220472439
11
5.5317331496062989
21
-3.482741062992126
0
LINE
8
BLACK
6
CONTINUOUS
10
5.5317331496062989
20
-3.482741062992126
11
5.5318311417322832
21
-3.4827005118110237
0
LINE
8
BLACK
6
CONTINUOUS
10
5.5318311417322832
20
-3.4827005118110237
11
5.5323743307086612
21
-3.4826955118110234
0
LINE
8
BLACK
6
CONTINUOUS
10
5.5323743307086612
20
-3.4826955118110234
11
5.5327764960629917
21
-3.4826669685039371
0
LINE
8
BLACK
6
CONTINUOUS
10
5.5327764960629917
20
-3.4826669685039371
11
5.532849173228346
21
-3.482691181102362
0
LINE
8
BLACK
6
CONTINUOUS
10
5.532849173228346
20
-3.482691181102362
11
5.5380314960629917
21
-3.4826437795275589
0
LINE
8
BLACK
6
CONTINUOUS
10
5.5380314960629917
20
-3.4826437795275589
11
5.5386075590551176
21
-3.4827005118110237
0
LINE
8
BLACK
6
CONTINUOUS
10
5.5386075590551176
20
-3.4827005118110237
11
5.5387055511811019
21
-3.4827411023622048
0
LINE
8
BLACK
6
CONTINUOUS
10
5.5387055511811019
20
-3.4827411023622048
11
5.5388113779527561
21
-3.4827486220472439
0
LINE
8
BLACK
6
CONTINUOUS
10
5.5388113779527561
20
-3.4827486220472439
11
5.5393229133858268
21
-3.482996811023622
0
LINE
8
BLACK
6
CONTINUOUS
10
5.5393229133858268
20
-3.482996811023622
11
5.5396719685039368
21
-3.4831414173228348
0
LINE
8
BLACK
6
CONTINUOUS
10
5.5396719685039368
20
-3.4831414173228348
11
5.5397200787401575
21
-3.483189527559055
0
LINE
8
BLACK
6
CONTINUOUS
10
5.5397200787401575
20
-3.483189527559055
11
5.5431015354330704
21
-3.4848302755905509
0
LINE
8
BLACK
6
CONTINUOUS
10
5.5431015354330704
20
-3.4848302755905509
11
5.5431978740157479
21
-3.4848909055118109
0
LINE
8
BLACK
6
CONTINUOUS
10
5.5431978740157479
20
-3.4848909055118109
11
5.5432433070866143
21
-3.4849060629921258
0
LINE
8
BLACK
6
CONTINUOUS
10
5.5432433070866143
20
-3.4849060629921258
11
5.5432998425196853
21
-3.4849550787401573
0
LINE
8
BLACK
6
CONTINUOUS
10
5.5432998425196853
20
-3.4849550787401573
11
5.5435914173228342
21
-3.485138622047244
0
LINE
8
BLACK
6
CONTINUOUS
10
5.5435914173228342
20
-3.485138622047244
11
5.5436557874015744
21
-3.4852128346456692
0
LINE
8
BLACK
6
CONTINUOUS
10
5.5436557874015744
20
-3.4852128346456692
11
5.5437201574803145
21
-3.485138622047244
0
LINE
8
BLACK
6
CONTINUOUS
10
5.5437201574803145
20
-3.485138622047244
11
5.5439169685039369
21
-3.4850372440944879
0
LINE
8
BLACK
6
CONTINUOUS
10
5.5439169685039369
20
-3.4850372440944879
11
5.5440682677165354
21
-3.4849060629921258
0
LINE
8
BLACK
6
CONTINUOUS
10
5.5440682677165354
20
-3.4849060629921258
11
5.5443617322834644
21
-3.4848082283464565
0
LINE
8
BLACK
6
CONTINUOUS
10
5.5443617322834644
20
-3.4848082283464565
11
5.5479595669291335
21
-3.4829555118110234
0
LINE
8
BLACK
6
CONTINUOUS
10
5.5479595669291335
20
-3.4829555118110234
11
5.5485001574803148
21
-3.4827486220472439
0
LINE
8
BLACK
6
CONTINUOUS
10
5.5485001574803148
20
-3.4827486220472439
11
5.5486060236220469
21
-3.482741062992126
0
LINE
8
BLACK
6
CONTINUOUS
10
5.5486060236220469
20
-3.482741062992126
11
5.5487040157480312
21
-3.4827005118110237
0
LINE
8
BLACK
6
CONTINUOUS
10
5.5487040157480312
20
-3.4827005118110237
11
5.5492472047244092
21
-3.4826955118110234
0
LINE
8
BLACK
6
CONTINUOUS
10
5.5492472047244092
20
-3.4826955118110234
11
5.5496493700787397
21
-3.4826669685039371
0
LINE
8
BLACK
6
CONTINUOUS
10
5.5496493700787397
20
-3.4826669685039371
11
5.549722047244094
21
-3.482691181102362
0
LINE
8
BLACK
6
CONTINUOUS
10
5.549722047244094
20
-3.482691181102362
11
5.5549043700787397
21
-3.4826437795275589
0
LINE
8
BLACK
6
CONTINUOUS
10
5.5549043700787397
20
-3.4826437795275589
11
5.5554804330708656
21
-3.4827005118110237
  0
ENDSEC
  0
EOF
