  0
SECTION
  2
HEADER
  9
$ANGBASE
  50
0.0
  9
$ANGDIR
  70
1
  9
$MEASUREMENT
  70
0
  0
ENDSEC
  0
SECTION
  2
TABLES
  0
TABLE
  2
LTYPE
  70
4
  0
LTYPE
  5
40F
  2
CONTINUOUS
  70
0
  3
Solid line
  72
65
  73
0
  40
0.0
  0
LTYPE
  5
410
  2
DASHDOT
 70
0
  3
Dash Dot ____ _ ____ _
 72
65
 73
4
 40
2.0
 49
1.25
 49
-0.25
 49
0.25
 49
-0.25
  0
LTYPE
  5
411
  2
DASHED
 70
0
  3
Dashed __ __ __ __ __
 72
65
 73
2
 40
0.75
 49
0.5
 49
-0.25
  0
LTYPE
  5
43B
  2
DOTTED
 70
0
  3
Dotted .  .  .  .
 72
65
 73
2
 40
0.2
 49
0.0
 49
-0.2
  0
ENDTAB
  0
TABLE
  2
STYLE
  70
4
  0
STYLE
  2
KICAD
  70
0
  40
0
  41
1
  42
1
  50
0
  71
0
  3
isocp.shx
  0
STYLE
  2
KICADB
  70
0
  40
0
  41
1
  42
1
  50
0
  71
0
  3
isocp.shx
  0
STYLE
  2
KICADI
  70
0
  40
0
  41
1
  42
1
  50
15
  71
0
  3
isocp.shx
  0
STYLE
  2
KICADBI
  70
0
  40
0
  41
1
  42
1
  50
15
  71
0
  3
isocp.shx
  0
ENDTAB
  0
TABLE
  2
LAYER
  70
1
  0
LAYER
  2
BLACK
  70
0
  62
7
  6
CONTINUOUS
  0
ENDTAB
  0
ENDSEC
  0
SECTION
  2
ENTITIES
0
LINE
8
BLACK
6
CONTINUOUS
10
5.4571101181102364
20
-3.8456920472440945
11
5.461500157480315
21
-3.8479288976377952
0
LINE
8
BLACK
6
CONTINUOUS
10
5.461500157480315
20
-3.8479288976377952
11
5.4649841338582679
21
-3.8514128740157481
0
LINE
8
BLACK
6
CONTINUOUS
10
5.4649841338582679
20
-3.8514128740157481
11
5.4672209842519681
21
-3.8558029133858267
0
LINE
8
BLACK
6
CONTINUOUS
10
5.4672209842519681
20
-3.8558029133858267
11
5.4679917322834646
21
-3.8606693307086615
0
LINE
8
BLACK
6
CONTINUOUS
10
5.4679917322834646
20
-3.8606693307086615
11
5.4672209842519681
21
-3.8655357480314958
0
LINE
8
BLACK
6
CONTINUOUS
10
5.4672209842519681
20
-3.8655357480314958
11
5.4649841338582679
21
-3.8699257874015749
0
LINE
8
BLACK
6
CONTINUOUS
10
5.4649841338582679
20
-3.8699257874015749
11
5.461500157480315
21
-3.8734097637795273
0
LINE
8
BLACK
6
CONTINUOUS
10
5.461500157480315
20
-3.8734097637795273
11
5.4601177165354331
21
-3.8741141338582676
0
LINE
8
BLACK
6
CONTINUOUS
10
5.4601177165354331
20
-3.8741141338582676
11
5.4601177165354331
21
-3.876373149606299
0
LINE
8
BLACK
6
CONTINUOUS
10
5.4601177165354331
20
-3.876373149606299
11
5.6029650393700789
21
-4.0192204724409448
0
LINE
8
BLACK
6
CONTINUOUS
10
5.6029650393700789
20
-4.0192204724409448
11
5.6062204330708658
21
-4.0187049212598422
0
LINE
8
BLACK
6
CONTINUOUS
10
5.6062204330708658
20
-4.0187049212598422
11
5.6110868503937006
21
-4.0194756692913387
0
LINE
8
BLACK
6
CONTINUOUS
10
5.6110868503937006
20
-4.0194756692913387
11
5.6154768897637792
21
-4.021712519685039
0
LINE
8
BLACK
6
CONTINUOUS
10
5.6154768897637792
20
-4.021712519685039
11
5.6189608661417321
21
-4.0251964960629918
0
LINE
8
BLACK
6
CONTINUOUS
10
5.6189608661417321
20
-4.0251964960629918
11
5.6211977165354332
21
-4.0295865354330704
0
LINE
8
BLACK
6
CONTINUOUS
10
5.6211977165354332
20
-4.0295865354330704
11
5.6219684645669288
21
-4.0344529527559052
0
LINE
8
BLACK
6
CONTINUOUS
10
5.6219684645669288
20
-4.0344529527559052
11
5.6211977165354332
21
-4.03931937007874
0
LINE
8
BLACK
6
CONTINUOUS
10
5.6211977165354332
20
-4.03931937007874
11
5.6189608661417321
21
-4.0437094094488186
0
LINE
8
BLACK
6
CONTINUOUS
10
5.6189608661417321
20
-4.0437094094488186
11
5.6154768897637792
21
-4.0471933858267715
0
LINE
8
BLACK
6
CONTINUOUS
10
5.6154768897637792
20
-4.0471933858267715
11
5.6110868503937006
21
-4.0494302362204726
0
LINE
8
BLACK
6
CONTINUOUS
10
5.6110868503937006
20
-4.0494302362204726
11
5.6062204330708658
21
-4.0502009842519682
0
LINE
8
BLACK
6
CONTINUOUS
10
5.6062204330708658
20
-4.0502009842519682
11
5.602238582677165
21
-4.0495703149606301
0
LINE
8
BLACK
6
CONTINUOUS
10
5.602238582677165
20
-4.0495703149606301
11
5.5613268110236218
21
-4.0904820866141733
0
LINE
8
BLACK
6
CONTINUOUS
10
5.5613268110236218
20
-4.0904820866141733
11
5.5613268110236218
21
-4.1041024409448816
0
LINE
8
BLACK
6
CONTINUOUS
10
5.5613268110236218
20
-4.1041024409448816
11
5.5627092519685037
21
-4.1048068503937003
0
LINE
8
BLACK
6
CONTINUOUS
10
5.5627092519685037
20
-4.1048068503937003
11
5.5661932283464566
21
-4.1082908267716531
0
LINE
8
BLACK
6
CONTINUOUS
10
5.5661932283464566
20
-4.1082908267716531
11
5.5684300787401577
21
-4.1126808661417318
0
LINE
8
BLACK
6
CONTINUOUS
10
5.5684300787401577
20
-4.1126808661417318
11
5.5692008267716533
21
-4.1175472834645666
0
LINE
8
BLACK
6
CONTINUOUS
10
5.5692008267716533
20
-4.1175472834645666
11
5.5684300787401577
21
-4.1224137007874013
0
LINE
8
BLACK
6
CONTINUOUS
10
5.5684300787401577
20
-4.1224137007874013
11
5.5661932283464566
21
-4.12680374015748
0
LINE
8
BLACK
6
CONTINUOUS
10
5.5661932283464566
20
-4.12680374015748
11
5.5627092519685037
21
-4.1302877165354328
0
LINE
8
BLACK
6
CONTINUOUS
10
5.5627092519685037
20
-4.1302877165354328
11
5.5583192125984251
21
-4.1325245669291339
0
LINE
8
BLACK
6
CONTINUOUS
10
5.5583192125984251
20
-4.1325245669291339
11
5.5534527952755903
21
-4.1332953149606295
0
LINE
8
BLACK
6
CONTINUOUS
10
5.5534527952755903
20
-4.1332953149606295
11
5.5494709055118108
21
-4.1326646456692915
0
LINE
8
BLACK
6
CONTINUOUS
10
5.5494709055118108
20
-4.1326646456692915
11
5.5279267322834649
21
-4.1542088582677161
0
LINE
8
BLACK
6
CONTINUOUS
10
5.5279267322834649
20
-4.1542088582677161
11
5.5268082677165351
21
-4.1549116141732281
0
LINE
8
BLACK
6
CONTINUOUS
10
5.5268082677165351
20
-4.1549116141732281
11
5.525775393700787
21
-4.1557353543307087
0
LINE
8
BLACK
6
CONTINUOUS
10
5.525775393700787
20
-4.1557353543307087
11
5.5253387795275586
21
-4.1558349999999997
0
LINE
8
BLACK
6
CONTINUOUS
10
5.5253387795275586
20
-4.1558349999999997
11
5.5249596062992126
21
-4.1560732677165353
0
LINE
8
BLACK
6
CONTINUOUS
10
5.5249596062992126
20
-4.1560732677165353
11
5.5236468897637794
21
-4.1562211417322832
0
LINE
8
BLACK
6
CONTINUOUS
10
5.5236468897637794
20
-4.1562211417322832
11
5.5223589763779524
21
-4.156515118110236
0
LINE
8
BLACK
6
CONTINUOUS
10
5.5223589763779524
20
-4.156515118110236
11
5.1286411023622049
21
-4.156515118110236
0
LINE
8
BLACK
6
CONTINUOUS
10
5.1286411023622049
20
-4.156515118110236
11
5.1273531496062992
21
-4.1562211417322832
0
LINE
8
BLACK
6
CONTINUOUS
10
5.1273531496062992
20
-4.1562211417322832
11
5.1260404724409447
21
-4.1560732677165353
0
LINE
8
BLACK
6
CONTINUOUS
10
5.1260404724409447
20
-4.1560732677165353
11
5.12566125984252
21
-4.1558349999999997
0
LINE
8
BLACK
6
CONTINUOUS
10
5.12566125984252
20
-4.1558349999999997
11
5.1252246850393703
21
-4.1557353543307087
0
LINE
8
BLACK
6
CONTINUOUS
10
5.1252246850393703
20
-4.1557353543307087
11
5.1241919291338585
21
-4.1549117322834643
0
LINE
8
BLACK
6
CONTINUOUS
10
5.1241919291338585
20
-4.1549117322834643
11
5.1230733464566924
21
-4.1542088976377949
0
LINE
8
BLACK
6
CONTINUOUS
10
5.1230733464566924
20
-4.1542088976377949
11
5.1031222440944877
21
-4.1342577559055114
0
LINE
8
BLACK
6
CONTINUOUS
10
5.1031222440944877
20
-4.1342577559055114
11
5.0991403937007869
21
-4.1348884251968503
0
LINE
8
BLACK
6
CONTINUOUS
10
5.0991403937007869
20
-4.1348884251968503
11
5.094273976377953
21
-4.1341176771653538
0
LINE
8
BLACK
6
CONTINUOUS
10
5.094273976377953
20
-4.1341176771653538
11
5.0898839370078743
21
-4.1318808267716536
0
LINE
8
BLACK
6
CONTINUOUS
10
5.0898839370078743
20
-4.1318808267716536
11
5.0863999606299215
21
-4.1283968503937007
0
LINE
8
BLACK
6
CONTINUOUS
10
5.0863999606299215
20
-4.1283968503937007
11
5.0841631102362204
21
-4.1240068110236221
0
LINE
8
BLACK
6
CONTINUOUS
10
5.0841631102362204
20
-4.1240068110236221
11
5.0833923622047239
21
-4.1191403937007873
0
LINE
8
BLACK
6
CONTINUOUS
10
5.0833923622047239
20
-4.1191403937007873
11
5.0841631102362204
21
-4.1142739763779526
0
LINE
8
BLACK
6
CONTINUOUS
10
5.0841631102362204
20
-4.1142739763779526
11
5.0863999606299215
21
-4.1098839370078739
0
LINE
8
BLACK
6
CONTINUOUS
10
5.0863999606299215
20
-4.1098839370078739
11
5.0898839370078743
21
-4.1063999606299211
0
LINE
8
BLACK
6
CONTINUOUS
10
5.0898839370078743
20
-4.1063999606299211
11
5.0912663779527554
21
-4.1056955511811024
0
LINE
8
BLACK
6
CONTINUOUS
10
5.0912663779527554
20
-4.1056955511811024
11
5.0912663779527554
21
-4.0835564566929135
0
LINE
8
BLACK
6
CONTINUOUS
10
5.0912663779527554
20
-4.0835564566929135
11
5.0915603149606294
21
-4.0822685039370077
0
LINE
8
BLACK
6
CONTINUOUS
10
5.0915603149606294
20
-4.0822685039370077
11
5.091708228346457
21
-4.0809558267716532
0
LINE
8
BLACK
6
CONTINUOUS
10
5.091708228346457
20
-4.0809558267716532
11
5.0919464566929129
21
-4.0805766141732285
0
LINE
8
BLACK
6
CONTINUOUS
10
5.0919464566929129
20
-4.0805766141732285
11
5.0920461417322835
21
-4.0801400393700789
0
LINE
8
BLACK
6
CONTINUOUS
10
5.0920461417322835
20
-4.0801400393700789
11
5.0928698425196846
21
-4.079107125984252
0
LINE
8
BLACK
6
CONTINUOUS
10
5.0928698425196846
20
-4.079107125984252
11
5.0935726377952752
21
-4.0779887007874018
0
LINE
8
BLACK
6
CONTINUOUS
10
5.0935726377952752
20
-4.0779887007874018
11
5.1098825984251963
21
-4.0616786614173224
0
LINE
8
BLACK
6
CONTINUOUS
10
5.1098825984251963
20
-4.0616786614173224
11
5.109251968503937
21
-4.0576968503937003
0
LINE
8
BLACK
6
CONTINUOUS
10
5.109251968503937
20
-4.0576968503937003
11
5.1100227165354326
21
-4.0528304330708664
0
LINE
8
BLACK
6
CONTINUOUS
10
5.1100227165354326
20
-4.0528304330708664
11
5.1122595669291337
21
-4.0484403937007869
0
LINE
8
BLACK
6
CONTINUOUS
10
5.1122595669291337
20
-4.0484403937007869
11
5.1157435433070866
21
-4.044956417322835
0
LINE
8
BLACK
6
CONTINUOUS
10
5.1157435433070866
20
-4.044956417322835
11
5.1201335826771652
21
-4.0427195669291338
0
LINE
8
BLACK
6
CONTINUOUS
10
5.1201335826771652
20
-4.0427195669291338
11
5.125
21
-4.0419488188976374
0
LINE
8
BLACK
6
CONTINUOUS
10
5.125
20
-4.0419488188976374
11
5.1298664173228348
21
-4.0427195669291338
0
LINE
8
BLACK
6
CONTINUOUS
10
5.1298664173228348
20
-4.0427195669291338
11
5.1342564566929134
21
-4.044956417322835
0
LINE
8
BLACK
6
CONTINUOUS
10
5.1342564566929134
20
-4.044956417322835
11
5.1377404330708663
21
-4.0484403937007869
0
LINE
8
BLACK
6
CONTINUOUS
10
5.1377404330708663
20
-4.0484403937007869
11
5.1399772834645665
21
-4.0528304330708664
0
LINE
8
BLACK
6
CONTINUOUS
10
5.1399772834645665
20
-4.0528304330708664
11
5.140748031496063
21
-4.0576968503937003
0
LINE
8
BLACK
6
CONTINUOUS
10
5.140748031496063
20
-4.0576968503937003
11
5.1399772834645665
21
-4.0625632677165351
0
LINE
8
BLACK
6
CONTINUOUS
10
5.1399772834645665
20
-4.0625632677165351
11
5.1377404330708663
21
-4.0669533070866137
0
LINE
8
BLACK
6
CONTINUOUS
10
5.1377404330708663
20
-4.0669533070866137
11
5.1342564566929134
21
-4.0704372834645666
0
LINE
8
BLACK
6
CONTINUOUS
10
5.1342564566929134
20
-4.0704372834645666
11
5.1298664173228348
21
-4.0726741338582677
0
LINE
8
BLACK
6
CONTINUOUS
10
5.1298664173228348
20
-4.0726741338582677
11
5.125
21
-4.0734448818897633
0
LINE
8
BLACK
6
CONTINUOUS
10
5.125
20
-4.0734448818897633
11
5.1210181496062992
21
-4.0728142125984252
0
LINE
8
BLACK
6
CONTINUOUS
10
5.1210181496062992
20
-4.0728142125984252
11
5.1070144094488183
21
-4.0868179527559052
0
LINE
8
BLACK
6
CONTINUOUS
10
5.1070144094488183
20
-4.0868179527559052
11
5.1070144094488183
21
-4.1056955511811024
0
LINE
8
BLACK
6
CONTINUOUS
10
5.1070144094488183
20
-4.1056955511811024
11
5.1083968503937003
21
-4.1063999606299211
0
LINE
8
BLACK
6
CONTINUOUS
10
5.1083968503937003
20
-4.1063999606299211
11
5.1118808267716531
21
-4.1098839370078739
0
LINE
8
BLACK
6
CONTINUOUS
10
5.1118808267716531
20
-4.1098839370078739
11
5.1141176771653543
21
-4.1142739763779526
0
LINE
8
BLACK
6
CONTINUOUS
10
5.1141176771653543
20
-4.1142739763779526
11
5.1148884251968507
21
-4.1191403937007873
0
LINE
8
BLACK
6
CONTINUOUS
10
5.1148884251968507
20
-4.1191403937007873
11
5.1142577559055118
21
-4.1231222440944881
0
LINE
8
BLACK
6
CONTINUOUS
10
5.1142577559055118
20
-4.1231222440944881
11
5.1319026377952754
21
-4.140767086614173
0
LINE
8
BLACK
6
CONTINUOUS
10
5.1319026377952754
20
-4.140767086614173
11
5.5190974803149606
21
-4.140767086614173
0
LINE
8
BLACK
6
CONTINUOUS
10
5.5190974803149606
20
-4.140767086614173
11
5.5383353937007875
21
-4.1215291338582674
0
LINE
8
BLACK
6
CONTINUOUS
10
5.5383353937007875
20
-4.1215291338582674
11
5.5377047637795274
21
-4.1175472834645666
0
LINE
8
BLACK
6
CONTINUOUS
10
5.5377047637795274
20
-4.1175472834645666
11
5.5384755118110238
21
-4.1126808661417318
0
LINE
8
BLACK
6
CONTINUOUS
10
5.5384755118110238
20
-4.1126808661417318
11
5.5407123622047241
21
-4.1082908267716531
0
LINE
8
BLACK
6
CONTINUOUS
10
5.5407123622047241
20
-4.1082908267716531
11
5.5441963385826769
21
-4.1048068503937003
0
LINE
8
BLACK
6
CONTINUOUS
10
5.5441963385826769
20
-4.1048068503937003
11
5.5455787795275588
21
-4.1041024409448816
0
LINE
8
BLACK
6
CONTINUOUS
10
5.5455787795275588
20
-4.1041024409448816
11
5.5455787795275588
21
-4.0872205905511807
0
LINE
8
BLACK
6
CONTINUOUS
10
5.5455787795275588
20
-4.0872205905511807
11
5.5458727165354329
21
-4.0859326377952758
0
LINE
8
BLACK
6
CONTINUOUS
10
5.5458727165354329
20
-4.0859326377952758
11
5.5460206299212595
21
-4.0846199606299214
0
LINE
8
BLACK
6
CONTINUOUS
10
5.5460206299212595
20
-4.0846199606299214
11
5.5462588582677164
21
-4.0842407480314957
0
LINE
8
BLACK
6
CONTINUOUS
10
5.5462588582677164
20
-4.0842407480314957
11
5.5463585433070861
21
-4.0838041732283461
0
LINE
8
BLACK
6
CONTINUOUS
10
5.5463585433070861
20
-4.0838041732283461
11
5.547182244094488
21
-4.0827712598425192
0
LINE
8
BLACK
6
CONTINUOUS
10
5.547182244094488
20
-4.0827712598425192
11
5.5478850393700787
21
-4.0816528346456691
0
LINE
8
BLACK
6
CONTINUOUS
10
5.5478850393700787
20
-4.0816528346456691
11
5.591103031496063
21
-4.0384347637795273
0
LINE
8
BLACK
6
CONTINUOUS
10
5.591103031496063
20
-4.0384347637795273
11
5.5904724015748029
21
-4.0344529527559052
0
LINE
8
BLACK
6
CONTINUOUS
10
5.5904724015748029
20
-4.0344529527559052
11
5.5912181102362206
21
-4.0297445669291339
0
LINE
8
BLACK
6
CONTINUOUS
10
5.5912181102362206
20
-4.0297445669291339
11
5.44667594488189
21
-3.8852024015748032
0
LINE
8
BLACK
6
CONTINUOUS
10
5.44667594488189
20
-3.8852024015748032
11
5.4459731496062993
21
-3.8840839370078739
0
LINE
8
BLACK
6
CONTINUOUS
10
5.4459731496062993
20
-3.8840839370078739
11
5.4451494488188974
21
-3.8830510629921258
0
LINE
8
BLACK
6
CONTINUOUS
10
5.4451494488188974
20
-3.8830510629921258
11
5.4450497637795277
21
-3.8826144488188974
0
LINE
8
BLACK
6
CONTINUOUS
10
5.4450497637795277
20
-3.8826144488188974
11
5.4448115354330708
21
-3.8822352755905509
0
LINE
8
BLACK
6
CONTINUOUS
10
5.4448115354330708
20
-3.8822352755905509
11
5.4446636220472442
21
-3.8809225590551182
0
LINE
8
BLACK
6
CONTINUOUS
10
5.4446636220472442
20
-3.8809225590551182
11
5.4443696850393701
21
-3.8796346456692912
0
LINE
8
BLACK
6
CONTINUOUS
10
5.4443696850393701
20
-3.8796346456692912
11
5.4443696850393701
21
-3.8741141338582676
0
LINE
8
BLACK
6
CONTINUOUS
10
5.4443696850393701
20
-3.8741141338582676
11
5.4429872440944882
21
-3.8734097637795273
0
LINE
8
BLACK
6
CONTINUOUS
10
5.4429872440944882
20
-3.8734097637795273
11
5.4395032677165354
21
-3.8699257874015749
0
LINE
8
BLACK
6
CONTINUOUS
10
5.4395032677165354
20
-3.8699257874015749
11
5.4372664173228342
21
-3.8655357480314958
0
LINE
8
BLACK
6
CONTINUOUS
10
5.4372664173228342
20
-3.8655357480314958
11
5.4364956692913387
21
-3.8606693307086615
0
LINE
8
BLACK
6
CONTINUOUS
10
5.4364956692913387
20
-3.8606693307086615
11
5.4372664173228342
21
-3.8558029133858267
0
LINE
8
BLACK
6
CONTINUOUS
10
5.4372664173228342
20
-3.8558029133858267
11
5.4395032677165354
21
-3.8514128740157481
0
LINE
8
BLACK
6
CONTINUOUS
10
5.4395032677165354
20
-3.8514128740157481
11
5.4429872440944882
21
-3.8479288976377952
0
LINE
8
BLACK
6
CONTINUOUS
10
5.4429872440944882
20
-3.8479288976377952
11
5.4473772834645668
21
-3.8456920472440945
0
LINE
8
BLACK
6
CONTINUOUS
10
5.4473772834645668
20
-3.8456920472440945
11
5.4522437007874016
21
-3.8449212992125985
0
LINE
8
BLACK
6
CONTINUOUS
10
5.4522437007874016
20
-3.8449212992125985
11
5.4571101181102364
21
-3.8456920472440945
0
LINE
8
BLACK
6
CONTINUOUS
10
5.8539215354330709
20
-3.9061250787401574
11
5.8583115748031496
21
-3.908361929133858
0
LINE
8
BLACK
6
CONTINUOUS
10
5.8583115748031496
20
-3.908361929133858
11
5.8617955511811024
21
-3.9118459055118109
0
LINE
8
BLACK
6
CONTINUOUS
10
5.8617955511811024
20
-3.9118459055118109
11
5.8640324015748027
21
-3.9162359448818895
0
LINE
8
BLACK
6
CONTINUOUS
10
5.8640324015748027
20
-3.9162359448818895
11
5.8648031496062991
21
-3.9211023622047243
0
LINE
8
BLACK
6
CONTINUOUS
10
5.8648031496062991
20
-3.9211023622047243
11
5.8640324015748027
21
-3.9259687795275591
0
LINE
8
BLACK
6
CONTINUOUS
10
5.8640324015748027
20
-3.9259687795275591
11
5.8617955511811024
21
-3.9303588188976377
0
LINE
8
BLACK
6
CONTINUOUS
10
5.8617955511811024
20
-3.9303588188976377
11
5.8583115748031496
21
-3.9338427952755906
0
LINE
8
BLACK
6
CONTINUOUS
10
5.8583115748031496
20
-3.9338427952755906
11
5.8539215354330709
21
-3.9360796456692912
0
LINE
8
BLACK
6
CONTINUOUS
10
5.8539215354330709
20
-3.9360796456692912
11
5.8490551181102362
21
-3.9368503937007873
0
LINE
8
BLACK
6
CONTINUOUS
10
5.8490551181102362
20
-3.9368503937007873
11
5.8441887007874014
21
-3.9360796456692912
0
LINE
8
BLACK
6
CONTINUOUS
10
5.8441887007874014
20
-3.9360796456692912
11
5.8430232677165357
21
-3.9354858267716533
0
LINE
8
BLACK
6
CONTINUOUS
10
5.8430232677165357
20
-3.9354858267716533
11
5.6982256299212599
21
-4.0802835039370073
0
LINE
8
BLACK
6
CONTINUOUS
10
5.6982256299212599
20
-4.0802835039370073
11
5.6975523228346452
21
-4.0806722047244097
0
LINE
8
BLACK
6
CONTINUOUS
10
5.6975523228346452
20
-4.0806722047244097
11
5.6970025590551181
21
-4.0812220078740156
0
LINE
8
BLACK
6
CONTINUOUS
10
5.6970025590551181
20
-4.0812220078740156
11
5.6962515748031493
21
-4.0814232283464564
0
LINE
8
BLACK
6
CONTINUOUS
10
5.6962515748031493
20
-4.0814232283464564
11
5.6955782677165354
21
-4.0818119685039367
0
LINE
8
BLACK
6
CONTINUOUS
10
5.6955782677165354
20
-4.0818119685039367
11
5.6948007874015749
21
-4.0818119685039367
0
LINE
8
BLACK
6
CONTINUOUS
10
5.6948007874015749
20
-4.0818119685039367
11
5.6940498031496061
21
-4.0820131889763775
0
LINE
8
BLACK
6
CONTINUOUS
10
5.6940498031496061
20
-4.0820131889763775
11
5.6235557480314959
21
-4.0820131889763775
0
LINE
8
BLACK
6
CONTINUOUS
10
5.6235557480314959
20
-4.0820131889763775
11
5.6218483464566926
21
-4.0853641338582678
0
LINE
8
BLACK
6
CONTINUOUS
10
5.6218483464566926
20
-4.0853641338582678
11
5.6183643700787398
21
-4.0888481102362206
0
LINE
8
BLACK
6
CONTINUOUS
10
5.6183643700787398
20
-4.0888481102362206
11
5.6139743307086611
21
-4.0910849606299209
0
LINE
8
BLACK
6
CONTINUOUS
10
5.6139743307086611
20
-4.0910849606299209
11
5.6091079133858264
21
-4.0918557086614173
0
LINE
8
BLACK
6
CONTINUOUS
10
5.6091079133858264
20
-4.0918557086614173
11
5.6042414960629916
21
-4.0910849606299209
0
LINE
8
BLACK
6
CONTINUOUS
10
5.6042414960629916
20
-4.0910849606299209
11
5.599851456692913
21
-4.0888481102362206
0
LINE
8
BLACK
6
CONTINUOUS
10
5.599851456692913
20
-4.0888481102362206
11
5.5963674803149601
21
-4.0853641338582678
0
LINE
8
BLACK
6
CONTINUOUS
10
5.5963674803149601
20
-4.0853641338582678
11
5.5941306299212599
21
-4.0809740944881892
0
LINE
8
BLACK
6
CONTINUOUS
10
5.5941306299212599
20
-4.0809740944881892
11
5.5933598818897634
21
-4.0761076771653544
0
LINE
8
BLACK
6
CONTINUOUS
10
5.5933598818897634
20
-4.0761076771653544
11
5.5941306299212599
21
-4.0712412598425196
0
LINE
8
BLACK
6
CONTINUOUS
10
5.5941306299212599
20
-4.0712412598425196
11
5.5963674803149601
21
-4.066851220472441
0
LINE
8
BLACK
6
CONTINUOUS
10
5.5963674803149601
20
-4.066851220472441
11
5.599851456692913
21
-4.0633672440944881
0
LINE
8
BLACK
6
CONTINUOUS
10
5.599851456692913
20
-4.0633672440944881
11
5.6042414960629916
21
-4.061130393700787
0
LINE
8
BLACK
6
CONTINUOUS
10
5.6042414960629916
20
-4.061130393700787
11
5.6091079133858264
21
-4.0603596456692914
0
LINE
8
BLACK
6
CONTINUOUS
10
5.6091079133858264
20
-4.0603596456692914
11
5.6139743307086611
21
-4.061130393700787
0
LINE
8
BLACK
6
CONTINUOUS
10
5.6139743307086611
20
-4.061130393700787
11
5.6183643700787398
21
-4.0633672440944881
0
LINE
8
BLACK
6
CONTINUOUS
10
5.6183643700787398
20
-4.0633672440944881
11
5.6218483464566926
21
-4.066851220472441
0
LINE
8
BLACK
6
CONTINUOUS
10
5.6218483464566926
20
-4.066851220472441
11
5.6235557480314959
21
-4.0702021653543303
0
LINE
8
BLACK
6
CONTINUOUS
10
5.6235557480314959
20
-4.0702021653543303
11
5.6916036614173224
21
-4.0702021653543303
0
LINE
8
BLACK
6
CONTINUOUS
10
5.6916036614173224
20
-4.0702021653543303
11
5.834671614173228
21
-3.9271341732283465
0
LINE
8
BLACK
6
CONTINUOUS
10
5.834671614173228
20
-3.9271341732283465
11
5.8340778346456688
21
-3.9259687795275591
0
LINE
8
BLACK
6
CONTINUOUS
10
5.8340778346456688
20
-3.9259687795275591
11
5.8333070866141732
21
-3.9211023622047243
0
LINE
8
BLACK
6
CONTINUOUS
10
5.8333070866141732
20
-3.9211023622047243
11
5.8340778346456688
21
-3.9162359448818895
0
LINE
8
BLACK
6
CONTINUOUS
10
5.8340778346456688
20
-3.9162359448818895
11
5.8363146850393699
21
-3.9118459055118109
0
LINE
8
BLACK
6
CONTINUOUS
10
5.8363146850393699
20
-3.9118459055118109
11
5.8397986614173227
21
-3.908361929133858
0
LINE
8
BLACK
6
CONTINUOUS
10
5.8397986614173227
20
-3.908361929133858
11
5.8441887007874014
21
-3.9061250787401574
0
LINE
8
BLACK
6
CONTINUOUS
10
5.8441887007874014
20
-3.9061250787401574
11
5.8490551181102362
21
-3.9053543307086613
0
LINE
8
BLACK
6
CONTINUOUS
10
5.8490551181102362
20
-3.9053543307086613
11
5.8539215354330709
21
-3.9061250787401574
0
LINE
8
BLACK
6
CONTINUOUS
10
4.9304724409448815
20
-4.1495275590551177
11
4.9088188976377953
21
-4.1495275590551177
0
LINE
8
BLACK
6
CONTINUOUS
10
4.9088188976377953
20
-4.1495275590551177
11
4.9088188976377953
21
-4.1493272047244094
0
LINE
8
BLACK
6
CONTINUOUS
10
4.9088188976377953
20
-4.1493272047244094
11
4.9060174409448818
21
-4.1493272047244094
0
LINE
8
BLACK
6
CONTINUOUS
10
4.9060174409448818
20
-4.1493272047244094
11
4.9006414173228343
21
-4.1477486614173227
0
LINE
8
BLACK
6
CONTINUOUS
10
4.9006414173228343
20
-4.1477486614173227
11
4.8959279527559056
21
-4.1447194881889766
0
LINE
8
BLACK
6
CONTINUOUS
10
4.8959279527559056
20
-4.1447194881889766
11
4.8922587795275589
21
-4.1404850393700787
0
LINE
8
BLACK
6
CONTINUOUS
10
4.8922587795275589
20
-4.1404850393700787
11
4.8899464566929129
21
-4.1354217322834641
0
LINE
8
BLACK
6
CONTINUOUS
10
4.8899464566929129
20
-4.1354217322834641
11
4.8887992125984248
21
-4.1351143307086611
0
LINE
8
BLACK
6
CONTINUOUS
10
4.8887992125984248
20
-4.1351143307086611
11
4.8866376377952756
21
-4.1329527559055119
0
LINE
8
BLACK
6
CONTINUOUS
10
4.8866376377952756
20
-4.1329527559055119
11
4.8864732283464569
21
-4.1323391732283463
0
LINE
8
BLACK
6
CONTINUOUS
10
4.8864732283464569
20
-4.1323391732283463
11
4.8850939370078743
21
-4.1316364173228344
0
LINE
8
BLACK
6
CONTINUOUS
10
4.8850939370078743
20
-4.1316364173228344
11
4.8816099606299215
21
-4.1281524409448815
0
LINE
8
BLACK
6
CONTINUOUS
10
4.8816099606299215
20
-4.1281524409448815
11
4.8793731102362203
21
-4.1237624015748029
0
LINE
8
BLACK
6
CONTINUOUS
10
4.8793731102362203
20
-4.1237624015748029
11
4.8786023622047239
21
-4.1188959842519681
0
LINE
8
BLACK
6
CONTINUOUS
10
4.8786023622047239
20
-4.1188959842519681
11
4.8793731102362203
21
-4.1140295669291334
0
LINE
8
BLACK
6
CONTINUOUS
10
4.8793731102362203
20
-4.1140295669291334
11
4.8816099606299215
21
-4.1096395275590547
0
LINE
8
BLACK
6
CONTINUOUS
10
4.8816099606299215
20
-4.1096395275590547
11
4.8850939370078743
21
-4.1061555511811019
0
LINE
8
BLACK
6
CONTINUOUS
10
4.8850939370078743
20
-4.1061555511811019
11
4.889483976377953
21
-4.1039187007874016
0
LINE
8
BLACK
6
CONTINUOUS
10
4.889483976377953
20
-4.1039187007874016
11
4.8903072047244089
21
-4.1037883070866137
0
LINE
8
BLACK
6
CONTINUOUS
10
4.8903072047244089
20
-4.1037883070866137
11
4.8922587795275589
21
-4.0995149606299215
0
LINE
8
BLACK
6
CONTINUOUS
10
4.8922587795275589
20
-4.0995149606299215
11
4.8959279527559056
21
-4.0952805118110236
0
LINE
8
BLACK
6
CONTINUOUS
10
4.8959279527559056
20
-4.0952805118110236
11
4.9006414173228343
21
-4.0922513385826766
0
LINE
8
BLACK
6
CONTINUOUS
10
4.9006414173228343
20
-4.0922513385826766
11
4.9060174409448818
21
-4.0906727952755908
0
LINE
8
BLACK
6
CONTINUOUS
10
4.9060174409448818
20
-4.0906727952755908
11
4.9088188976377953
21
-4.0906727952755908
0
LINE
8
BLACK
6
CONTINUOUS
10
4.9088188976377953
20
-4.0906727952755908
11
4.9088188976377953
21
-4.0904724409448816
0
LINE
8
BLACK
6
CONTINUOUS
10
4.9088188976377953
20
-4.0904724409448816
11
4.9304724409448815
21
-4.0904724409448816
0
LINE
8
BLACK
6
CONTINUOUS
10
4.9304724409448815
20
-4.0904724409448816
11
4.9304724409448815
21
-4.1495275590551177
0
LINE
8
BLACK
6
CONTINUOUS
10
5.338469212598425
20
-4.0150227165354329
11
5.3428592519685036
21
-4.017259566929134
0
LINE
8
BLACK
6
CONTINUOUS
10
5.3428592519685036
20
-4.017259566929134
11
5.3463432283464565
21
-4.0207435433070868
0
LINE
8
BLACK
6
CONTINUOUS
10
5.3463432283464565
20
-4.0207435433070868
11
5.3485800787401576
21
-4.0251335826771655
0
LINE
8
BLACK
6
CONTINUOUS
10
5.3485800787401576
20
-4.0251335826771655
11
5.3493508267716532
21
-4.0300000000000002
0
LINE
8
BLACK
6
CONTINUOUS
10
5.3493508267716532
20
-4.0300000000000002
11
5.3485800787401576
21
-4.0348664173228341
0
LINE
8
BLACK
6
CONTINUOUS
10
5.3485800787401576
20
-4.0348664173228341
11
5.3463432283464565
21
-4.0392564566929137
0
LINE
8
BLACK
6
CONTINUOUS
10
5.3463432283464565
20
-4.0392564566929137
11
5.3428592519685036
21
-4.0427404330708656
0
LINE
8
BLACK
6
CONTINUOUS
10
5.3428592519685036
20
-4.0427404330708656
11
5.3395083070866143
21
-4.0444478346456689
0
LINE
8
BLACK
6
CONTINUOUS
10
5.3395083070866143
20
-4.0444478346456689
11
5.3395083070866143
21
-4.0507279133858267
0
LINE
8
BLACK
6
CONTINUOUS
10
5.3395083070866143
20
-4.0507279133858267
11
5.3393070866141734
21
-4.0514788582677168
0
LINE
8
BLACK
6
CONTINUOUS
10
5.3393070866141734
20
-4.0514788582677168
11
5.3393070866141734
21
-4.0522563779527561
0
LINE
8
BLACK
6
CONTINUOUS
10
5.3393070866141734
20
-4.0522563779527561
11
5.3389183464566932
21
-4.0529296850393699
0
LINE
8
BLACK
6
CONTINUOUS
10
5.3389183464566932
20
-4.0529296850393699
11
5.3387171259842514
21
-4.0536806692913387
0
LINE
8
BLACK
6
CONTINUOUS
10
5.3387171259842514
20
-4.0536806692913387
11
5.3381673228346456
21
-4.0542304330708658
0
LINE
8
BLACK
6
CONTINUOUS
10
5.3381673228346456
20
-4.0542304330708658
11
5.3377786220472441
21
-4.0549037401574806
0
LINE
8
BLACK
6
CONTINUOUS
10
5.3377786220472441
20
-4.0549037401574806
11
5.296346377952756
21
-4.0963359448818899
0
LINE
8
BLACK
6
CONTINUOUS
10
5.296346377952756
20
-4.0963359448818899
11
5.2965332283464566
21
-4.0975156692913384
0
LINE
8
BLACK
6
CONTINUOUS
10
5.2965332283464566
20
-4.0975156692913384
11
5.2957624803149601
21
-4.1023820866141731
0
LINE
8
BLACK
6
CONTINUOUS
10
5.2957624803149601
20
-4.1023820866141731
11
5.2935256299212599
21
-4.1067721259842518
0
LINE
8
BLACK
6
CONTINUOUS
10
5.2935256299212599
20
-4.1067721259842518
11
5.290041653543307
21
-4.1102561023622046
0
LINE
8
BLACK
6
CONTINUOUS
10
5.290041653543307
20
-4.1102561023622046
11
5.2856516141732284
21
-4.1124929527559058
0
LINE
8
BLACK
6
CONTINUOUS
10
5.2856516141732284
20
-4.1124929527559058
11
5.2807851968503936
21
-4.1132637007874013
0
LINE
8
BLACK
6
CONTINUOUS
10
5.2807851968503936
20
-4.1132637007874013
11
5.2759187795275588
21
-4.1124929527559058
0
LINE
8
BLACK
6
CONTINUOUS
10
5.2759187795275588
20
-4.1124929527559058
11
5.2715287401574802
21
-4.1102561023622046
0
LINE
8
BLACK
6
CONTINUOUS
10
5.2715287401574802
20
-4.1102561023622046
11
5.2680447637795274
21
-4.1067721259842518
0
LINE
8
BLACK
6
CONTINUOUS
10
5.2680447637795274
20
-4.1067721259842518
11
5.2658079133858262
21
-4.1023820866141731
0
LINE
8
BLACK
6
CONTINUOUS
10
5.2658079133858262
20
-4.1023820866141731
11
5.2650371653543306
21
-4.0975156692913384
0
LINE
8
BLACK
6
CONTINUOUS
10
5.2650371653543306
20
-4.0975156692913384
11
5.2658079133858262
21
-4.0926492519685036
0
LINE
8
BLACK
6
CONTINUOUS
10
5.2658079133858262
20
-4.0926492519685036
11
5.2680447637795274
21
-4.088259212598425
0
LINE
8
BLACK
6
CONTINUOUS
10
5.2680447637795274
20
-4.088259212598425
11
5.2715287401574802
21
-4.0847752362204721
0
LINE
8
BLACK
6
CONTINUOUS
10
5.2715287401574802
20
-4.0847752362204721
11
5.2759187795275588
21
-4.0825383858267719
0
LINE
8
BLACK
6
CONTINUOUS
10
5.2759187795275588
20
-4.0825383858267719
11
5.2807851968503936
21
-4.0817676377952754
0
LINE
8
BLACK
6
CONTINUOUS
10
5.2807851968503936
20
-4.0817676377952754
11
5.2856516141732284
21
-4.0825383858267719
0
LINE
8
BLACK
6
CONTINUOUS
10
5.2856516141732284
20
-4.0825383858267719
11
5.290041653543307
21
-4.0847752362204721
0
LINE
8
BLACK
6
CONTINUOUS
10
5.290041653543307
20
-4.0847752362204721
11
5.2906227165354327
21
-4.0853562992125987
0
LINE
8
BLACK
6
CONTINUOUS
10
5.2906227165354327
20
-4.0853562992125987
11
5.3276972834645671
21
-4.0482817716535431
0
LINE
8
BLACK
6
CONTINUOUS
10
5.3276972834645671
20
-4.0482817716535431
11
5.3276972834645671
21
-4.0444478346456689
0
LINE
8
BLACK
6
CONTINUOUS
10
5.3276972834645671
20
-4.0444478346456689
11
5.3243463385826768
21
-4.0427404330708656
0
LINE
8
BLACK
6
CONTINUOUS
10
5.3243463385826768
20
-4.0427404330708656
11
5.320862362204724
21
-4.0392564566929137
0
LINE
8
BLACK
6
CONTINUOUS
10
5.320862362204724
20
-4.0392564566929137
11
5.3186255118110237
21
-4.0348664173228341
0
LINE
8
BLACK
6
CONTINUOUS
10
5.3186255118110237
20
-4.0348664173228341
11
5.3178547637795273
21
-4.0300000000000002
0
LINE
8
BLACK
6
CONTINUOUS
10
5.3178547637795273
20
-4.0300000000000002
11
5.3186255118110237
21
-4.0251335826771655
0
LINE
8
BLACK
6
CONTINUOUS
10
5.3186255118110237
20
-4.0251335826771655
11
5.320862362204724
21
-4.0207435433070868
0
LINE
8
BLACK
6
CONTINUOUS
10
5.320862362204724
20
-4.0207435433070868
11
5.3243463385826768
21
-4.017259566929134
0
LINE
8
BLACK
6
CONTINUOUS
10
5.3243463385826768
20
-4.017259566929134
11
5.3287363779527555
21
-4.0150227165354329
0
LINE
8
BLACK
6
CONTINUOUS
10
5.3287363779527555
20
-4.0150227165354329
11
5.3336027952755902
21
-4.0142519685039373
0
LINE
8
BLACK
6
CONTINUOUS
10
5.3336027952755902
20
-4.0142519685039373
11
5.338469212598425
21
-4.0150227165354329
0
LINE
8
BLACK
6
CONTINUOUS
10
5.2018664173228348
20
-3.7910227165354331
11
5.2062564566929135
21
-3.7932595669291338
0
LINE
8
BLACK
6
CONTINUOUS
10
5.2062564566929135
20
-3.7932595669291338
11
5.2097404330708663
21
-3.7967435433070866
0
LINE
8
BLACK
6
CONTINUOUS
10
5.2097404330708663
20
-3.7967435433070866
11
5.2119772834645666
21
-3.8011335826771653
0
LINE
8
BLACK
6
CONTINUOUS
10
5.2119772834645666
20
-3.8011335826771653
11
5.212748031496063
21
-3.806
0
LINE
8
BLACK
6
CONTINUOUS
10
5.212748031496063
20
-3.806
11
5.2119772834645666
21
-3.8108664173228344
0
LINE
8
BLACK
6
CONTINUOUS
10
5.2119772834645666
20
-3.8108664173228344
11
5.2097404330708663
21
-3.8152564566929135
0
LINE
8
BLACK
6
CONTINUOUS
10
5.2097404330708663
20
-3.8152564566929135
11
5.2062564566929135
21
-3.8187404330708659
0
LINE
8
BLACK
6
CONTINUOUS
10
5.2062564566929135
20
-3.8187404330708659
11
5.2029055118110232
21
-3.8204478346456692
0
LINE
8
BLACK
6
CONTINUOUS
10
5.2029055118110232
20
-3.8204478346456692
11
5.2029055118110232
21
-3.9895538582677164
0
LINE
8
BLACK
6
CONTINUOUS
10
5.2029055118110232
20
-3.9895538582677164
11
5.2589681496062992
21
-4.0456164960629923
0
LINE
8
BLACK
6
CONTINUOUS
10
5.2589681496062992
20
-4.0456164960629923
11
5.2601335826771649
21
-4.0450227165354331
0
LINE
8
BLACK
6
CONTINUOUS
10
5.2601335826771649
20
-4.0450227165354331
11
5.2649999999999997
21
-4.0442519685039366
0
LINE
8
BLACK
6
CONTINUOUS
10
5.2649999999999997
20
-4.0442519685039366
11
5.2698664173228345
21
-4.0450227165354331
0
LINE
8
BLACK
6
CONTINUOUS
10
5.2698664173228345
20
-4.0450227165354331
11
5.2742564566929131
21
-4.0472595669291334
0
LINE
8
BLACK
6
CONTINUOUS
10
5.2742564566929131
20
-4.0472595669291334
11
5.2777404330708659
21
-4.0507435433070862
0
LINE
8
BLACK
6
CONTINUOUS
10
5.2777404330708659
20
-4.0507435433070862
11
5.2799772834645671
21
-4.0551335826771648
0
LINE
8
BLACK
6
CONTINUOUS
10
5.2799772834645671
20
-4.0551335826771648
11
5.2807480314960626
21
-4.0599999999999996
0
LINE
8
BLACK
6
CONTINUOUS
10
5.2807480314960626
20
-4.0599999999999996
11
5.2799772834645671
21
-4.0648664173228344
0
LINE
8
BLACK
6
CONTINUOUS
10
5.2799772834645671
20
-4.0648664173228344
11
5.2777404330708659
21
-4.069256456692913
0
LINE
8
BLACK
6
CONTINUOUS
10
5.2777404330708659
20
-4.069256456692913
11
5.2742564566929131
21
-4.0727404330708659
0
LINE
8
BLACK
6
CONTINUOUS
10
5.2742564566929131
20
-4.0727404330708659
11
5.2698664173228345
21
-4.074977283464567
0
LINE
8
BLACK
6
CONTINUOUS
10
5.2698664173228345
20
-4.074977283464567
11
5.2649999999999997
21
-4.0757480314960626
0
LINE
8
BLACK
6
CONTINUOUS
10
5.2649999999999997
20
-4.0757480314960626
11
5.2601335826771649
21
-4.074977283464567
0
LINE
8
BLACK
6
CONTINUOUS
10
5.2601335826771649
20
-4.074977283464567
11
5.2557435433070863
21
-4.0727404330708659
0
LINE
8
BLACK
6
CONTINUOUS
10
5.2557435433070863
20
-4.0727404330708659
11
5.2522595669291334
21
-4.069256456692913
0
LINE
8
BLACK
6
CONTINUOUS
10
5.2522595669291334
20
-4.069256456692913
11
5.2500227165354332
21
-4.0648664173228344
0
LINE
8
BLACK
6
CONTINUOUS
10
5.2500227165354332
20
-4.0648664173228344
11
5.2492519685039367
21
-4.0599999999999996
0
LINE
8
BLACK
6
CONTINUOUS
10
5.2492519685039367
20
-4.0599999999999996
11
5.2500227165354332
21
-4.0551335826771648
0
LINE
8
BLACK
6
CONTINUOUS
10
5.2500227165354332
20
-4.0551335826771648
11
5.2506164960629924
21
-4.0539681496062991
0
LINE
8
BLACK
6
CONTINUOUS
10
5.2506164960629924
20
-4.0539681496062991
11
5.1928241732283462
21
-3.9961758267716534
0
LINE
8
BLACK
6
CONTINUOUS
10
5.1928241732283462
20
-3.9961758267716534
11
5.192435433070866
21
-3.9955025196850391
0
LINE
8
BLACK
6
CONTINUOUS
10
5.192435433070866
20
-3.9955025196850391
11
5.1918856692913389
21
-3.9949527559055116
0
LINE
8
BLACK
6
CONTINUOUS
10
5.1918856692913389
20
-3.9949527559055116
11
5.1916844094488184
21
-3.9942017716535432
0
LINE
8
BLACK
6
CONTINUOUS
10
5.1916844094488184
20
-3.9942017716535432
11
5.1912957086614169
21
-3.9935284645669289
0
LINE
8
BLACK
6
CONTINUOUS
10
5.1912957086614169
20
-3.9935284645669289
11
5.1912957086614169
21
-3.9927509448818896
0
LINE
8
BLACK
6
CONTINUOUS
10
5.1912957086614169
20
-3.9927509448818896
11
5.191094488188976
21
-3.992
0
LINE
8
BLACK
6
CONTINUOUS
10
5.191094488188976
20
-3.992
11
5.191094488188976
21
-3.8204478346456692
0
LINE
8
BLACK
6
CONTINUOUS
10
5.191094488188976
20
-3.8204478346456692
11
5.1877435433070866
21
-3.8187404330708659
0
LINE
8
BLACK
6
CONTINUOUS
10
5.1877435433070866
20
-3.8187404330708659
11
5.1842595669291338
21
-3.8152564566929135
0
LINE
8
BLACK
6
CONTINUOUS
10
5.1842595669291338
20
-3.8152564566929135
11
5.1820227165354327
21
-3.8108664173228344
0
LINE
8
BLACK
6
CONTINUOUS
10
5.1820227165354327
20
-3.8108664173228344
11
5.1812519685039371
21
-3.806
0
LINE
8
BLACK
6
CONTINUOUS
10
5.1812519685039371
20
-3.806
11
5.1820227165354327
21
-3.8011335826771653
0
LINE
8
BLACK
6
CONTINUOUS
10
5.1820227165354327
20
-3.8011335826771653
11
5.1842595669291338
21
-3.7967435433070866
0
LINE
8
BLACK
6
CONTINUOUS
10
5.1842595669291338
20
-3.7967435433070866
11
5.1877435433070866
21
-3.7932595669291338
0
LINE
8
BLACK
6
CONTINUOUS
10
5.1877435433070866
20
-3.7932595669291338
11
5.1921335826771653
21
-3.7910227165354331
0
LINE
8
BLACK
6
CONTINUOUS
10
5.1921335826771653
20
-3.7910227165354331
11
5.1970000000000001
21
-3.7902519685039371
0
LINE
8
BLACK
6
CONTINUOUS
10
5.1970000000000001
20
-3.7902519685039371
11
5.2018664173228348
21
-3.7910227165354331
0
LINE
8
BLACK
6
CONTINUOUS
10
5.4304943700787405
20
-3.9522612992125983
11
5.4348844094488191
21
-3.954498149606299
0
LINE
8
BLACK
6
CONTINUOUS
10
5.4348844094488191
20
-3.954498149606299
11
5.438368385826772
21
-3.9579821259842518
0
LINE
8
BLACK
6
CONTINUOUS
10
5.438368385826772
20
-3.9579821259842518
11
5.4406052362204722
21
-3.9623721653543305
0
LINE
8
BLACK
6
CONTINUOUS
10
5.4406052362204722
20
-3.9623721653543305
11
5.4413759842519687
21
-3.9672385826771652
0
LINE
8
BLACK
6
CONTINUOUS
10
5.4413759842519687
20
-3.9672385826771652
11
5.4406052362204722
21
-3.972105
0
LINE
8
BLACK
6
CONTINUOUS
10
5.4406052362204722
20
-3.972105
11
5.438368385826772
21
-3.9764950393700786
0
LINE
8
BLACK
6
CONTINUOUS
10
5.438368385826772
20
-3.9764950393700786
11
5.4348844094488191
21
-3.9799790157480315
0
LINE
8
BLACK
6
CONTINUOUS
10
5.4348844094488191
20
-3.9799790157480315
11
5.4304943700787405
21
-3.9822158661417322
0
LINE
8
BLACK
6
CONTINUOUS
10
5.4304943700787405
20
-3.9822158661417322
11
5.4256279527559057
21
-3.9829866141732282
0
LINE
8
BLACK
6
CONTINUOUS
10
5.4256279527559057
20
-3.9829866141732282
11
5.4207615354330709
21
-3.9822158661417322
0
LINE
8
BLACK
6
CONTINUOUS
10
5.4207615354330709
20
-3.9822158661417322
11
5.4195961023622043
21
-3.9816220472440942
0
LINE
8
BLACK
6
CONTINUOUS
10
5.4195961023622043
20
-3.9816220472440942
11
5.4020423622047247
21
-3.9991758267716535
0
LINE
8
BLACK
6
CONTINUOUS
10
5.4020423622047247
20
-3.9991758267716535
11
5.4013690551181099
21
-3.999564527559055
0
LINE
8
BLACK
6
CONTINUOUS
10
5.4013690551181099
20
-3.999564527559055
11
5.4008192913385829
21
-4.0001143307086613
0
LINE
8
BLACK
6
CONTINUOUS
10
5.4008192913385829
20
-4.0001143307086613
11
5.400068307086614
21
-4.0003155511811022
0
LINE
8
BLACK
6
CONTINUOUS
10
5.400068307086614
20
-4.0003155511811022
11
5.3993950000000002
21
-4.0007042913385824
0
LINE
8
BLACK
6
CONTINUOUS
10
5.3993950000000002
20
-4.0007042913385824
11
5.3986175196850397
21
-4.0007042913385824
0
LINE
8
BLACK
6
CONTINUOUS
10
5.3986175196850397
20
-4.0007042913385824
11
5.3978665354330708
21
-4.0009055118110233
0
LINE
8
BLACK
6
CONTINUOUS
10
5.3978665354330708
20
-4.0009055118110233
11
5.2929718897637796
21
-4.0009055118110233
0
LINE
8
BLACK
6
CONTINUOUS
10
5.2929718897637796
20
-4.0009055118110233
11
5.2912644881889763
21
-4.0042564566929135
0
LINE
8
BLACK
6
CONTINUOUS
10
5.2912644881889763
20
-4.0042564566929135
11
5.2877805118110235
21
-4.0077404330708664
0
LINE
8
BLACK
6
CONTINUOUS
10
5.2877805118110235
20
-4.0077404330708664
11
5.2833904724409448
21
-4.0099772834645666
0
LINE
8
BLACK
6
CONTINUOUS
10
5.2833904724409448
20
-4.0099772834645666
11
5.2785240551181101
21
-4.0107480314960631
0
LINE
8
BLACK
6
CONTINUOUS
10
5.2785240551181101
20
-4.0107480314960631
11
5.2736576377952753
21
-4.0099772834645666
0
LINE
8
BLACK
6
CONTINUOUS
10
5.2736576377952753
20
-4.0099772834645666
11
5.2692675984251967
21
-4.0077404330708664
0
LINE
8
BLACK
6
CONTINUOUS
10
5.2692675984251967
20
-4.0077404330708664
11
5.2657836220472438
21
-4.0042564566929135
0
LINE
8
BLACK
6
CONTINUOUS
10
5.2657836220472438
20
-4.0042564566929135
11
5.2635467716535436
21
-3.9998664173228344
0
LINE
8
BLACK
6
CONTINUOUS
10
5.2635467716535436
20
-3.9998664173228344
11
5.2627760236220471
21
-3.9950000000000001
0
LINE
8
BLACK
6
CONTINUOUS
10
5.2627760236220471
20
-3.9950000000000001
11
5.2635467716535436
21
-3.9901335826771653
0
LINE
8
BLACK
6
CONTINUOUS
10
5.2635467716535436
20
-3.9901335826771653
11
5.2657836220472438
21
-3.9857435433070867
0
LINE
8
BLACK
6
CONTINUOUS
10
5.2657836220472438
20
-3.9857435433070867
11
5.2692675984251967
21
-3.9822595669291339
0
LINE
8
BLACK
6
CONTINUOUS
10
5.2692675984251967
20
-3.9822595669291339
11
5.2736576377952753
21
-3.9800227165354332
0
LINE
8
BLACK
6
CONTINUOUS
10
5.2736576377952753
20
-3.9800227165354332
11
5.2785240551181101
21
-3.9792519685039367
0
LINE
8
BLACK
6
CONTINUOUS
10
5.2785240551181101
20
-3.9792519685039367
11
5.2833904724409448
21
-3.9800227165354332
0
LINE
8
BLACK
6
CONTINUOUS
10
5.2833904724409448
20
-3.9800227165354332
11
5.2877805118110235
21
-3.9822595669291339
0
LINE
8
BLACK
6
CONTINUOUS
10
5.2877805118110235
20
-3.9822595669291339
11
5.2912644881889763
21
-3.9857435433070867
0
LINE
8
BLACK
6
CONTINUOUS
10
5.2912644881889763
20
-3.9857435433070867
11
5.2929718897637796
21
-3.9890944881889765
0
LINE
8
BLACK
6
CONTINUOUS
10
5.2929718897637796
20
-3.9890944881889765
11
5.3954203937007872
21
-3.9890944881889765
0
LINE
8
BLACK
6
CONTINUOUS
10
5.3954203937007872
20
-3.9890944881889765
11
5.4112444488188975
21
-3.9732703937007874
0
LINE
8
BLACK
6
CONTINUOUS
10
5.4112444488188975
20
-3.9732703937007874
11
5.4106506692913383
21
-3.972105
0
LINE
8
BLACK
6
CONTINUOUS
10
5.4106506692913383
20
-3.972105
11
5.4098799212598427
21
-3.9672385826771652
0
LINE
8
BLACK
6
CONTINUOUS
10
5.4098799212598427
20
-3.9672385826771652
11
5.4106506692913383
21
-3.9623721653543305
0
LINE
8
BLACK
6
CONTINUOUS
10
5.4106506692913383
20
-3.9623721653543305
11
5.4128875196850395
21
-3.9579821259842518
0
LINE
8
BLACK
6
CONTINUOUS
10
5.4128875196850395
20
-3.9579821259842518
11
5.4163714960629923
21
-3.954498149606299
0
LINE
8
BLACK
6
CONTINUOUS
10
5.4163714960629923
20
-3.954498149606299
11
5.4207615354330709
21
-3.9522612992125983
0
LINE
8
BLACK
6
CONTINUOUS
10
5.4207615354330709
20
-3.9522612992125983
11
5.4256279527559057
21
-3.9514905511811023
0
LINE
8
BLACK
6
CONTINUOUS
10
5.4256279527559057
20
-3.9514905511811023
11
5.4304943700787405
21
-3.9522612992125983
0
LINE
8
BLACK
6
CONTINUOUS
10
5.4198664173228348
20
-3.9143732283464567
11
5.4242564566929135
21
-3.9166100787401574
0
LINE
8
BLACK
6
CONTINUOUS
10
5.4242564566929135
20
-3.9166100787401574
11
5.4277404330708663
21
-3.9200940551181103
0
LINE
8
BLACK
6
CONTINUOUS
10
5.4277404330708663
20
-3.9200940551181103
11
5.4299772834645665
21
-3.9244840944881889
0
LINE
8
BLACK
6
CONTINUOUS
10
5.4299772834645665
20
-3.9244840944881889
11
5.430748031496063
21
-3.9293505118110237
0
LINE
8
BLACK
6
CONTINUOUS
10
5.430748031496063
20
-3.9293505118110237
11
5.4299772834645665
21
-3.934216929133858
0
LINE
8
BLACK
6
CONTINUOUS
10
5.4299772834645665
20
-3.934216929133858
11
5.4277404330708663
21
-3.9386069685039371
0
LINE
8
BLACK
6
CONTINUOUS
10
5.4277404330708663
20
-3.9386069685039371
11
5.4242564566929135
21
-3.9420909448818895
0
LINE
8
BLACK
6
CONTINUOUS
10
5.4242564566929135
20
-3.9420909448818895
11
5.4198664173228348
21
-3.9443277952755906
0
LINE
8
BLACK
6
CONTINUOUS
10
5.4198664173228348
20
-3.9443277952755906
11
5.415
21
-3.9450985433070866
0
LINE
8
BLACK
6
CONTINUOUS
10
5.415
20
-3.9450985433070866
11
5.4101335826771653
21
-3.9443277952755906
0
LINE
8
BLACK
6
CONTINUOUS
10
5.4101335826771653
20
-3.9443277952755906
11
5.4057435433070866
21
-3.9420909448818895
0
LINE
8
BLACK
6
CONTINUOUS
10
5.4057435433070866
20
-3.9420909448818895
11
5.4022595669291338
21
-3.9386069685039371
0
LINE
8
BLACK
6
CONTINUOUS
10
5.4022595669291338
20
-3.9386069685039371
11
5.4001047637795274
21
-3.9343779527559053
0
LINE
8
BLACK
6
CONTINUOUS
10
5.4001047637795274
20
-3.9343779527559053
11
5.2593711811023622
21
-3.9343779527559053
0
LINE
8
BLACK
6
CONTINUOUS
10
5.2593711811023622
20
-3.9343779527559053
11
5.2589770866141734
21
-3.9368662204724409
0
LINE
8
BLACK
6
CONTINUOUS
10
5.2589770866141734
20
-3.9368662204724409
11
5.2567402362204723
21
-3.9412562598425196
0
LINE
8
BLACK
6
CONTINUOUS
10
5.2567402362204723
20
-3.9412562598425196
11
5.2532562598425194
21
-3.9447402362204724
0
LINE
8
BLACK
6
CONTINUOUS
10
5.2532562598425194
20
-3.9447402362204724
11
5.2488662204724408
21
-3.9469770866141731
0
LINE
8
BLACK
6
CONTINUOUS
10
5.2488662204724408
20
-3.9469770866141731
11
5.243999803149606
21
-3.9477478346456691
0
LINE
8
BLACK
6
CONTINUOUS
10
5.243999803149606
20
-3.9477478346456691
11
5.2391333858267712
21
-3.9469770866141731
0
LINE
8
BLACK
6
CONTINUOUS
10
5.2391333858267712
20
-3.9469770866141731
11
5.2347433464566926
21
-3.9447402362204724
0
LINE
8
BLACK
6
CONTINUOUS
10
5.2347433464566926
20
-3.9447402362204724
11
5.2312593700787398
21
-3.9412562598425196
0
LINE
8
BLACK
6
CONTINUOUS
10
5.2312593700787398
20
-3.9412562598425196
11
5.2290225196850395
21
-3.9368662204724409
0
LINE
8
BLACK
6
CONTINUOUS
10
5.2290225196850395
20
-3.9368662204724409
11
5.228251771653543
21
-3.9319998031496062
0
LINE
8
BLACK
6
CONTINUOUS
10
5.228251771653543
20
-3.9319998031496062
11
5.2290225196850395
21
-3.9271333858267714
0
LINE
8
BLACK
6
CONTINUOUS
10
5.2290225196850395
20
-3.9271333858267714
11
5.2312593700787398
21
-3.9227433464566928
0
LINE
8
BLACK
6
CONTINUOUS
10
5.2312593700787398
20
-3.9227433464566928
11
5.2347433464566926
21
-3.9192593700787399
0
LINE
8
BLACK
6
CONTINUOUS
10
5.2347433464566926
20
-3.9192593700787399
11
5.2391333858267712
21
-3.9170225196850392
0
LINE
8
BLACK
6
CONTINUOUS
10
5.2391333858267712
20
-3.9170225196850392
11
5.243999803149606
21
-3.9162517716535432
0
LINE
8
BLACK
6
CONTINUOUS
10
5.243999803149606
20
-3.9162517716535432
11
5.2488662204724408
21
-3.9170225196850392
0
LINE
8
BLACK
6
CONTINUOUS
10
5.2488662204724408
20
-3.9170225196850392
11
5.2532562598425194
21
-3.9192593700787399
0
LINE
8
BLACK
6
CONTINUOUS
10
5.2532562598425194
20
-3.9192593700787399
11
5.2565638188976376
21
-3.9225669291338581
0
LINE
8
BLACK
6
CONTINUOUS
10
5.2565638188976376
20
-3.9225669291338581
11
5.4009995669291335
21
-3.9225669291338581
0
LINE
8
BLACK
6
CONTINUOUS
10
5.4009995669291335
20
-3.9225669291338581
11
5.4022595669291338
21
-3.9200940551181103
0
LINE
8
BLACK
6
CONTINUOUS
10
5.4022595669291338
20
-3.9200940551181103
11
5.4057435433070866
21
-3.9166100787401574
0
LINE
8
BLACK
6
CONTINUOUS
10
5.4057435433070866
20
-3.9166100787401574
11
5.4101335826771653
21
-3.9143732283464567
0
LINE
8
BLACK
6
CONTINUOUS
10
5.4101335826771653
20
-3.9143732283464567
11
5.415
21
-3.9136024803149607
0
LINE
8
BLACK
6
CONTINUOUS
10
5.415
20
-3.9136024803149607
11
5.4198664173228348
21
-3.9143732283464567
0
LINE
8
BLACK
6
CONTINUOUS
10
5.5647153543307084
20
-3.8292742913385824
11
5.5691053937007871
21
-3.8315111417322836
0
LINE
8
BLACK
6
CONTINUOUS
10
5.5691053937007871
20
-3.8315111417322836
11
5.5725893700787399
21
-3.834995118110236
0
LINE
8
BLACK
6
CONTINUOUS
10
5.5725893700787399
20
-3.834995118110236
11
5.5746781102362206
21
-3.8390944881889761
0
LINE
8
BLACK
6
CONTINUOUS
10
5.5746781102362206
20
-3.8390944881889761
11
5.5899999999999999
21
-3.8390944881889761
0
LINE
8
BLACK
6
CONTINUOUS
10
5.5899999999999999
20
-3.8390944881889761
11
5.5907509842519687
21
-3.8392957086614175
0
LINE
8
BLACK
6
CONTINUOUS
10
5.5907509842519687
20
-3.8392957086614175
11
5.5915284645669292
21
-3.8392957086614175
0
LINE
8
BLACK
6
CONTINUOUS
10
5.5915284645669292
20
-3.8392957086614175
11
5.592201771653543
21
-3.8396844094488189
0
LINE
8
BLACK
6
CONTINUOUS
10
5.592201771653543
20
-3.8396844094488189
11
5.5929527559055119
21
-3.8398856692913386
0
LINE
8
BLACK
6
CONTINUOUS
10
5.5929527559055119
20
-3.8398856692913386
11
5.593502519685039
21
-3.8404354330708661
0
LINE
8
BLACK
6
CONTINUOUS
10
5.593502519685039
20
-3.8404354330708661
11
5.5941758267716537
21
-3.8408241732283463
0
LINE
8
BLACK
6
CONTINUOUS
10
5.5941758267716537
20
-3.8408241732283463
11
5.7174461417322835
21
-3.9640944881889761
0
LINE
8
BLACK
6
CONTINUOUS
10
5.7174461417322835
20
-3.9640944881889761
11
5.7205521653543308
21
-3.9640944881889761
0
LINE
8
BLACK
6
CONTINUOUS
10
5.7205521653543308
20
-3.9640944881889761
11
5.7222595669291341
21
-3.9607435433070863
0
LINE
8
BLACK
6
CONTINUOUS
10
5.7222595669291341
20
-3.9607435433070863
11
5.7257435433070869
21
-3.9572595669291339
0
LINE
8
BLACK
6
CONTINUOUS
10
5.7257435433070869
20
-3.9572595669291339
11
5.7301335826771655
21
-3.9550227165354328
0
LINE
8
BLACK
6
CONTINUOUS
10
5.7301335826771655
20
-3.9550227165354328
11
5.7349999999999994
21
-3.9542519685039368
0
LINE
8
BLACK
6
CONTINUOUS
10
5.7349999999999994
20
-3.9542519685039368
11
5.7398664173228342
21
-3.9550227165354328
0
LINE
8
BLACK
6
CONTINUOUS
10
5.7398664173228342
20
-3.9550227165354328
11
5.7442564566929128
21
-3.9572595669291339
0
LINE
8
BLACK
6
CONTINUOUS
10
5.7442564566929128
20
-3.9572595669291339
11
5.7477404330708657
21
-3.9607435433070863
0
LINE
8
BLACK
6
CONTINUOUS
10
5.7477404330708657
20
-3.9607435433070863
11
5.7499772834645668
21
-3.9651335826771654
0
LINE
8
BLACK
6
CONTINUOUS
10
5.7499772834645668
20
-3.9651335826771654
11
5.7507480314960633
21
-3.9699999999999998
0
LINE
8
BLACK
6
CONTINUOUS
10
5.7507480314960633
20
-3.9699999999999998
11
5.7499772834645668
21
-3.9748664173228345
0
LINE
8
BLACK
6
CONTINUOUS
10
5.7499772834645668
20
-3.9748664173228345
11
5.7477404330708657
21
-3.9792564566929132
0
LINE
8
BLACK
6
CONTINUOUS
10
5.7477404330708657
20
-3.9792564566929132
11
5.7442564566929128
21
-3.982740433070866
0
LINE
8
BLACK
6
CONTINUOUS
10
5.7442564566929128
20
-3.982740433070866
11
5.7398664173228342
21
-3.9849772834645667
0
LINE
8
BLACK
6
CONTINUOUS
10
5.7398664173228342
20
-3.9849772834645667
11
5.7349999999999994
21
-3.9857480314960627
0
LINE
8
BLACK
6
CONTINUOUS
10
5.7349999999999994
20
-3.9857480314960627
11
5.7301335826771655
21
-3.9849772834645667
0
LINE
8
BLACK
6
CONTINUOUS
10
5.7301335826771655
20
-3.9849772834645667
11
5.7257435433070869
21
-3.982740433070866
0
LINE
8
BLACK
6
CONTINUOUS
10
5.7257435433070869
20
-3.982740433070866
11
5.7222595669291341
21
-3.9792564566929132
0
LINE
8
BLACK
6
CONTINUOUS
10
5.7222595669291341
20
-3.9792564566929132
11
5.7205521653543308
21
-3.9759055118110234
0
LINE
8
BLACK
6
CONTINUOUS
10
5.7205521653543308
20
-3.9759055118110234
11
5.7149999999999999
21
-3.9759055118110234
0
LINE
8
BLACK
6
CONTINUOUS
10
5.7149999999999999
20
-3.9759055118110234
11
5.714249015748031
21
-3.9757042913385825
0
LINE
8
BLACK
6
CONTINUOUS
10
5.714249015748031
20
-3.9757042913385825
11
5.7134715354330705
21
-3.9757042913385825
0
LINE
8
BLACK
6
CONTINUOUS
10
5.7134715354330705
20
-3.9757042913385825
11
5.7127981889763779
21
-3.9753155511811022
0
LINE
8
BLACK
6
CONTINUOUS
10
5.7127981889763779
20
-3.9753155511811022
11
5.7120472440944878
21
-3.9751143307086614
0
LINE
8
BLACK
6
CONTINUOUS
10
5.7120472440944878
20
-3.9751143307086614
11
5.711497440944882
21
-3.9745645275590551
0
LINE
8
BLACK
6
CONTINUOUS
10
5.711497440944882
20
-3.9745645275590551
11
5.710824173228346
21
-3.9741758267716536
0
LINE
8
BLACK
6
CONTINUOUS
10
5.710824173228346
20
-3.9741758267716536
11
5.5875538582677162
21
-3.8509055118110234
0
LINE
8
BLACK
6
CONTINUOUS
10
5.5875538582677162
20
-3.8509055118110234
11
5.5739154330708658
21
-3.8509055118110234
0
LINE
8
BLACK
6
CONTINUOUS
10
5.5739154330708658
20
-3.8509055118110234
11
5.5725893700787399
21
-3.8535080314960628
0
LINE
8
BLACK
6
CONTINUOUS
10
5.5725893700787399
20
-3.8535080314960628
11
5.5691053937007871
21
-3.8569920078740156
0
LINE
8
BLACK
6
CONTINUOUS
10
5.5691053937007871
20
-3.8569920078740156
11
5.5647153543307084
21
-3.8592288582677163
0
LINE
8
BLACK
6
CONTINUOUS
10
5.5647153543307084
20
-3.8592288582677163
11
5.5598489370078736
21
-3.8599996062992123
0
LINE
8
BLACK
6
CONTINUOUS
10
5.5598489370078736
20
-3.8599996062992123
11
5.5549825196850389
21
-3.8592288582677163
0
LINE
8
BLACK
6
CONTINUOUS
10
5.5549825196850389
20
-3.8592288582677163
11
5.5505924803149602
21
-3.8569920078740156
0
LINE
8
BLACK
6
CONTINUOUS
10
5.5505924803149602
20
-3.8569920078740156
11
5.5471085039370074
21
-3.8535080314960628
0
LINE
8
BLACK
6
CONTINUOUS
10
5.5471085039370074
20
-3.8535080314960628
11
5.5448716535433071
21
-3.8491179921259842
0
LINE
8
BLACK
6
CONTINUOUS
10
5.5448716535433071
20
-3.8491179921259842
11
5.5441009055118107
21
-3.8442515748031494
0
LINE
8
BLACK
6
CONTINUOUS
10
5.5441009055118107
20
-3.8442515748031494
11
5.5448716535433071
21
-3.8393851574803151
0
LINE
8
BLACK
6
CONTINUOUS
10
5.5448716535433071
20
-3.8393851574803151
11
5.5471085039370074
21
-3.834995118110236
0
LINE
8
BLACK
6
CONTINUOUS
10
5.5471085039370074
20
-3.834995118110236
11
5.5505924803149602
21
-3.8315111417322836
0
LINE
8
BLACK
6
CONTINUOUS
10
5.5505924803149602
20
-3.8315111417322836
11
5.5549825196850389
21
-3.8292742913385824
0
LINE
8
BLACK
6
CONTINUOUS
10
5.5549825196850389
20
-3.8292742913385824
11
5.5598489370078736
21
-3.8285035433070864
0
LINE
8
BLACK
6
CONTINUOUS
10
5.5598489370078736
20
-3.8285035433070864
11
5.5647153543307084
21
-3.8292742913385824
0
LINE
8
BLACK
6
CONTINUOUS
10
5.4853884251968505
20
-3.6899312598425196
11
5.4904850393700784
21
-3.6922587795275588
0
LINE
8
BLACK
6
CONTINUOUS
10
5.4904850393700784
20
-3.6922587795275588
11
5.4947194881889763
21
-3.6959279527559055
0
LINE
8
BLACK
6
CONTINUOUS
10
5.4947194881889763
20
-3.6959279527559055
11
5.4977486614173223
21
-3.7006414173228346
0
LINE
8
BLACK
6
CONTINUOUS
10
5.4977486614173223
20
-3.7006414173228346
11
5.4984157874015747
21
-3.7029133858267715
0
LINE
8
BLACK
6
CONTINUOUS
10
5.4984157874015747
20
-3.7029133858267715
11
5.5211811023622044
21
-3.7029133858267715
0
LINE
8
BLACK
6
CONTINUOUS
10
5.5211811023622044
20
-3.7029133858267715
11
5.5219320866141732
21
-3.7031146062992124
0
LINE
8
BLACK
6
CONTINUOUS
10
5.5219320866141732
20
-3.7031146062992124
11
5.5227095669291337
21
-3.7031146062992124
0
LINE
8
BLACK
6
CONTINUOUS
10
5.5227095669291337
20
-3.7031146062992124
11
5.5233828740157476
21
-3.7035033070866139
0
LINE
8
BLACK
6
CONTINUOUS
10
5.5233828740157476
20
-3.7035033070866139
11
5.5241338582677164
21
-3.703704566929134
0
LINE
8
BLACK
6
CONTINUOUS
10
5.5241338582677164
20
-3.703704566929134
11
5.5246836220472444
21
-3.7042543307086615
0
LINE
8
BLACK
6
CONTINUOUS
10
5.5246836220472444
20
-3.7042543307086615
11
5.5253569291338582
21
-3.7046430708661418
0
LINE
8
BLACK
6
CONTINUOUS
10
5.5253569291338582
20
-3.7046430708661418
11
5.5346675196850397
21
-3.7139536614173227
0
LINE
8
BLACK
6
CONTINUOUS
10
5.5346675196850397
20
-3.7139536614173227
11
5.5350562204724412
21
-3.7146269291338583
0
LINE
8
BLACK
6
CONTINUOUS
10
5.5350562204724412
20
-3.7146269291338583
11
5.535606023622047
21
-3.7151767322834646
0
LINE
8
BLACK
6
CONTINUOUS
10
5.535606023622047
20
-3.7151767322834646
11
5.5358072440944879
21
-3.7159276771653542
0
LINE
8
BLACK
6
CONTINUOUS
10
5.5358072440944879
20
-3.7159276771653542
11
5.5361959842519681
21
-3.7166010236220473
0
LINE
8
BLACK
6
CONTINUOUS
10
5.5361959842519681
20
-3.7166010236220473
11
5.5361959842519681
21
-3.7173785039370077
0
LINE
8
BLACK
6
CONTINUOUS
10
5.5361959842519681
20
-3.7173785039370077
11
5.536397204724409
21
-3.7181294881889762
0
LINE
8
BLACK
6
CONTINUOUS
10
5.536397204724409
20
-3.7181294881889762
11
5.536397204724409
21
-3.8318782677165353
0
LINE
8
BLACK
6
CONTINUOUS
10
5.536397204724409
20
-3.8318782677165353
11
5.5362465354330705
21
-3.8324405511811022
0
LINE
8
BLACK
6
CONTINUOUS
10
5.5362465354330705
20
-3.8324405511811022
11
5.5362465354330705
21
-3.863721653543307
0
LINE
8
BLACK
6
CONTINUOUS
10
5.5362465354330705
20
-3.863721653543307
11
5.5494433464566928
21
-3.8769184645669292
0
LINE
8
BLACK
6
CONTINUOUS
10
5.5494433464566928
20
-3.8769184645669292
11
5.5531876771653543
21
-3.8769184645669292
0
LINE
8
BLACK
6
CONTINUOUS
10
5.5531876771653543
20
-3.8769184645669292
11
5.5548950787401576
21
-3.8735675196850394
0
LINE
8
BLACK
6
CONTINUOUS
10
5.5548950787401576
20
-3.8735675196850394
11
5.5583790551181105
21
-3.8700835433070866
0
LINE
8
BLACK
6
CONTINUOUS
10
5.5583790551181105
20
-3.8700835433070866
11
5.5627690944881891
21
-3.8678466929133859
0
LINE
8
BLACK
6
CONTINUOUS
10
5.5627690944881891
20
-3.8678466929133859
11
5.5676355118110239
21
-3.8670759448818899
0
LINE
8
BLACK
6
CONTINUOUS
10
5.5676355118110239
20
-3.8670759448818899
11
5.5725019291338578
21
-3.8678466929133859
0
LINE
8
BLACK
6
CONTINUOUS
10
5.5725019291338578
20
-3.8678466929133859
11
5.5768919685039373
21
-3.8700835433070866
0
LINE
8
BLACK
6
CONTINUOUS
10
5.5768919685039373
20
-3.8700835433070866
11
5.5803759448818893
21
-3.8735675196850394
0
LINE
8
BLACK
6
CONTINUOUS
10
5.5803759448818893
20
-3.8735675196850394
11
5.5826127952755904
21
-3.8779575590551181
0
LINE
8
BLACK
6
CONTINUOUS
10
5.5826127952755904
20
-3.8779575590551181
11
5.5833835433070869
21
-3.8828239763779528
0
LINE
8
BLACK
6
CONTINUOUS
10
5.5833835433070869
20
-3.8828239763779528
11
5.5826127952755904
21
-3.8876903937007872
0
LINE
8
BLACK
6
CONTINUOUS
10
5.5826127952755904
20
-3.8876903937007872
11
5.5803759448818893
21
-3.8920804330708663
0
LINE
8
BLACK
6
CONTINUOUS
10
5.5803759448818893
20
-3.8920804330708663
11
5.5768919685039373
21
-3.8955644094488187
0
LINE
8
BLACK
6
CONTINUOUS
10
5.5768919685039373
20
-3.8955644094488187
11
5.5725019291338578
21
-3.8978012598425198
0
LINE
8
BLACK
6
CONTINUOUS
10
5.5725019291338578
20
-3.8978012598425198
11
5.5676355118110239
21
-3.8985720078740158
0
LINE
8
BLACK
6
CONTINUOUS
10
5.5676355118110239
20
-3.8985720078740158
11
5.5627690944881891
21
-3.8978012598425198
0
LINE
8
BLACK
6
CONTINUOUS
10
5.5627690944881891
20
-3.8978012598425198
11
5.5583790551181105
21
-3.8955644094488187
0
LINE
8
BLACK
6
CONTINUOUS
10
5.5583790551181105
20
-3.8955644094488187
11
5.5548950787401576
21
-3.8920804330708663
0
LINE
8
BLACK
6
CONTINUOUS
10
5.5548950787401576
20
-3.8920804330708663
11
5.5531876771653543
21
-3.8887294881889765
0
LINE
8
BLACK
6
CONTINUOUS
10
5.5531876771653543
20
-3.8887294881889765
11
5.5469972047244092
21
-3.8887294881889765
0
LINE
8
BLACK
6
CONTINUOUS
10
5.5469972047244092
20
-3.8887294881889765
11
5.5462462204724412
21
-3.8885282677165351
0
LINE
8
BLACK
6
CONTINUOUS
10
5.5462462204724412
20
-3.8885282677165351
11
5.5454687401574798
21
-3.8885282677165351
0
LINE
8
BLACK
6
CONTINUOUS
10
5.5454687401574798
20
-3.8885282677165351
11
5.5447953937007872
21
-3.8881395275590549
0
LINE
8
BLACK
6
CONTINUOUS
10
5.5447953937007872
20
-3.8881395275590549
11
5.5440444488188971
21
-3.887938307086614
0
LINE
8
BLACK
6
CONTINUOUS
10
5.5440444488188971
20
-3.887938307086614
11
5.5434946456692913
21
-3.8873885039370077
0
LINE
8
BLACK
6
CONTINUOUS
10
5.5434946456692913
20
-3.8873885039370077
11
5.5428213779527562
21
-3.8869998031496062
0
LINE
8
BLACK
6
CONTINUOUS
10
5.5428213779527562
20
-3.8869998031496062
11
5.5261651968503935
21
-3.870343622047244
0
LINE
8
BLACK
6
CONTINUOUS
10
5.5261651968503935
20
-3.870343622047244
11
5.5257764566929133
21
-3.8696703149606297
0
LINE
8
BLACK
6
CONTINUOUS
10
5.5257764566929133
20
-3.8696703149606297
11
5.5252266929133853
21
-3.8691205511811022
0
LINE
8
BLACK
6
CONTINUOUS
10
5.5252266929133853
20
-3.8691205511811022
11
5.5250254330708657
21
-3.8683695669291338
0
LINE
8
BLACK
6
CONTINUOUS
10
5.5250254330708657
20
-3.8683695669291338
11
5.5246367322834642
21
-3.8676962598425195
0
LINE
8
BLACK
6
CONTINUOUS
10
5.5246367322834642
20
-3.8676962598425195
11
5.5246367322834642
21
-3.8669187401574803
0
LINE
8
BLACK
6
CONTINUOUS
10
5.5246367322834642
20
-3.8669187401574803
11
5.5244355118110233
21
-3.8661677952755906
0
LINE
8
BLACK
6
CONTINUOUS
10
5.5244355118110233
20
-3.8661677952755906
11
5.5244355118110233
21
-3.8320289370078737
0
LINE
8
BLACK
6
CONTINUOUS
10
5.5244355118110233
20
-3.8320289370078737
11
5.5245861811023618
21
-3.8314666141732281
0
LINE
8
BLACK
6
CONTINUOUS
10
5.5245861811023618
20
-3.8314666141732281
11
5.5245861811023618
21
-3.7205756299212598
0
LINE
8
BLACK
6
CONTINUOUS
10
5.5245861811023618
20
-3.7205756299212598
11
5.5187349606299207
21
-3.7147244094488188
0
LINE
8
BLACK
6
CONTINUOUS
10
5.5187349606299207
20
-3.7147244094488188
11
5.4995275590551183
21
-3.7147244094488188
0
LINE
8
BLACK
6
CONTINUOUS
10
5.4995275590551183
20
-3.7147244094488188
11
5.4995275590551183
21
-3.7304724409448817
0
LINE
8
BLACK
6
CONTINUOUS
10
5.4995275590551183
20
-3.7304724409448817
11
5.4404724409448821
21
-3.7304724409448817
0
LINE
8
BLACK
6
CONTINUOUS
10
5.4404724409448821
20
-3.7304724409448817
11
5.4404724409448821
21
-3.7109055118110237
0
LINE
8
BLACK
6
CONTINUOUS
10
5.4404724409448821
20
-3.7109055118110237
11
5.3994478346456694
21
-3.7109055118110237
0
LINE
8
BLACK
6
CONTINUOUS
10
5.3994478346456694
20
-3.7109055118110237
11
5.397740433070866
21
-3.7142564566929135
0
LINE
8
BLACK
6
CONTINUOUS
10
5.397740433070866
20
-3.7142564566929135
11
5.3942564566929132
21
-3.7177404330708659
0
LINE
8
BLACK
6
CONTINUOUS
10
5.3942564566929132
20
-3.7177404330708659
11
5.3898664173228346
21
-3.719977283464567
0
LINE
8
BLACK
6
CONTINUOUS
10
5.3898664173228346
20
-3.719977283464567
11
5.3849999999999998
21
-3.720748031496063
0
LINE
8
BLACK
6
CONTINUOUS
10
5.3849999999999998
20
-3.720748031496063
11
5.380133582677165
21
-3.719977283464567
0
LINE
8
BLACK
6
CONTINUOUS
10
5.380133582677165
20
-3.719977283464567
11
5.3757435433070864
21
-3.7177404330708659
0
LINE
8
BLACK
6
CONTINUOUS
10
5.3757435433070864
20
-3.7177404330708659
11
5.3722595669291335
21
-3.7142564566929135
0
LINE
8
BLACK
6
CONTINUOUS
10
5.3722595669291335
20
-3.7142564566929135
11
5.3700227165354333
21
-3.7098664173228344
0
LINE
8
BLACK
6
CONTINUOUS
10
5.3700227165354333
20
-3.7098664173228344
11
5.3692519685039368
21
-3.7050000000000001
0
LINE
8
BLACK
6
CONTINUOUS
10
5.3692519685039368
20
-3.7050000000000001
11
5.3700227165354333
21
-3.7001335826771653
0
LINE
8
BLACK
6
CONTINUOUS
10
5.3700227165354333
20
-3.7001335826771653
11
5.3722595669291335
21
-3.6957435433070867
0
LINE
8
BLACK
6
CONTINUOUS
10
5.3722595669291335
20
-3.6957435433070867
11
5.3757435433070864
21
-3.6922595669291338
0
LINE
8
BLACK
6
CONTINUOUS
10
5.3757435433070864
20
-3.6922595669291338
11
5.380133582677165
21
-3.6900227165354331
0
LINE
8
BLACK
6
CONTINUOUS
10
5.380133582677165
20
-3.6900227165354331
11
5.3849999999999998
21
-3.6892519685039371
0
LINE
8
BLACK
6
CONTINUOUS
10
5.3849999999999998
20
-3.6892519685039371
11
5.3898664173228346
21
-3.6900227165354331
0
LINE
8
BLACK
6
CONTINUOUS
10
5.3898664173228346
20
-3.6900227165354331
11
5.3942564566929132
21
-3.6922595669291338
0
LINE
8
BLACK
6
CONTINUOUS
10
5.3942564566929132
20
-3.6922595669291338
11
5.397740433070866
21
-3.6957435433070867
0
LINE
8
BLACK
6
CONTINUOUS
10
5.397740433070866
20
-3.6957435433070867
11
5.3994478346456694
21
-3.6990944881889765
0
LINE
8
BLACK
6
CONTINUOUS
10
5.3994478346456694
20
-3.6990944881889765
11
5.4432455118110239
21
-3.6990944881889765
0
LINE
8
BLACK
6
CONTINUOUS
10
5.4432455118110239
20
-3.6990944881889765
11
5.4452805118110232
21
-3.6959279527559055
0
LINE
8
BLACK
6
CONTINUOUS
10
5.4452805118110232
20
-3.6959279527559055
11
5.4495149606299211
21
-3.6922587795275588
0
LINE
8
BLACK
6
CONTINUOUS
10
5.4495149606299211
20
-3.6922587795275588
11
5.4546115748031498
21
-3.6899312598425196
0
LINE
8
BLACK
6
CONTINUOUS
10
5.4546115748031498
20
-3.6899312598425196
11
5.4601574803149608
21
-3.6891338582677164
0
LINE
8
BLACK
6
CONTINUOUS
10
5.4601574803149608
20
-3.6891338582677164
11
5.4798425196850395
21
-3.6891338582677164
0
LINE
8
BLACK
6
CONTINUOUS
10
5.4798425196850395
20
-3.6891338582677164
11
5.4853884251968505
21
-3.6899312598425196
0
LINE
8
BLACK
6
CONTINUOUS
10
5.9576649999999995
20
-3.6620238976377952
11
5.9590809055118106
21
-3.663972716535433
0
LINE
8
BLACK
6
CONTINUOUS
10
5.9590809055118106
20
-3.663972716535433
11
5.9592716535433068
21
-3.6651771653543306
0
LINE
8
BLACK
6
CONTINUOUS
10
5.9592716535433068
20
-3.6651771653543306
11
5.9592716535433068
21
-4.2242716535433074
0
LINE
8
BLACK
6
CONTINUOUS
10
5.9592716535433068
20
-4.2242716535433074
11
5.9585272834645666
21
-4.2265626377952756
0
LINE
8
BLACK
6
CONTINUOUS
10
5.9585272834645666
20
-4.2265626377952756
11
5.9565784645669293
21
-4.2279785433070867
0
LINE
8
BLACK
6
CONTINUOUS
10
5.9565784645669293
20
-4.2279785433070867
11
5.9553740157480313
21
-4.2281692913385829
0
LINE
8
BLACK
6
CONTINUOUS
10
5.9553740157480313
20
-4.2281692913385829
11
4.8057283464566929
21
-4.2281692913385829
0
LINE
8
BLACK
6
CONTINUOUS
10
4.8057283464566929
20
-4.2281692913385829
11
4.8034373622047246
21
-4.2274249212598427
0
LINE
8
BLACK
6
CONTINUOUS
10
4.8034373622047246
20
-4.2274249212598427
11
4.8020214566929136
21
-4.2254761023622045
0
LINE
8
BLACK
6
CONTINUOUS
10
4.8020214566929136
20
-4.2254761023622045
11
4.8018307086614174
21
-4.2242716535433074
0
LINE
8
BLACK
6
CONTINUOUS
10
4.8018307086614174
20
-4.2242716535433074
11
4.8018307086614174
21
-4.0499999999999998
0
LINE
8
BLACK
6
CONTINUOUS
10
4.8018307086614174
20
-4.0499999999999998
11
4.8018307086614174
21
-3.806
0
LINE
8
BLACK
6
CONTINUOUS
10
4.8018307086614174
20
-3.806
11
4.8018307086614174
21
-3.750707244094488
0
LINE
8
BLACK
6
CONTINUOUS
10
4.8018307086614174
20
-3.750707244094488
11
4.8018307086614174
21
-3.6651771653543306
0
LINE
8
BLACK
6
CONTINUOUS
10
4.8018307086614174
20
-3.6651771653543306
11
4.8025750787401575
21
-3.6628861811023623
0
LINE
8
BLACK
6
CONTINUOUS
10
4.8025750787401575
20
-3.6628861811023623
11
4.8045238976377949
21
-3.6614702755905513
0
LINE
8
BLACK
6
CONTINUOUS
10
4.8045238976377949
20
-3.6614702755905513
11
4.8057283464566929
21
-3.6612795275590551
0
LINE
8
BLACK
6
CONTINUOUS
10
4.8057283464566929
20
-3.6612795275590551
11
5.9553740157480313
21
-3.6612795275590551
0
LINE
8
BLACK
6
CONTINUOUS
10
5.9553740157480313
20
-3.6612795275590551
11
5.9576649999999995
21
-3.6620238976377952
0
LINE
8
BLACK
6
CONTINUOUS
10
5.4460720866141727
20
-3.837636062992126
11
5.4460717716535436
21
-3.8376361417322835
0
LINE
8
BLACK
6
CONTINUOUS
10
5.4460717716535436
20
-3.8376361417322835
11
5.4403209055118111
21
-3.8400182283464566
0
LINE
8
BLACK
6
CONTINUOUS
10
5.4403209055118111
20
-3.8400182283464566
11
5.4403208661417324
21
-3.8400182283464566
0
LINE
8
BLACK
6
CONTINUOUS
10
5.4403208661417324
20
-3.8400182283464566
11
5.4353824015748033
21
-3.8438076377952757
0
LINE
8
BLACK
6
CONTINUOUS
10
5.4353824015748033
20
-3.8438076377952757
11
5.4353820078740158
21
-3.8438080314960628
0
LINE
8
BLACK
6
CONTINUOUS
10
5.4353820078740158
20
-3.8438080314960628
11
5.4315925984251967
21
-3.8487464960629922
0
LINE
8
BLACK
6
CONTINUOUS
10
5.4315925984251967
20
-3.8487464960629922
11
5.4315925984251967
21
-3.848746535433071
0
LINE
8
BLACK
6
CONTINUOUS
10
5.4315925984251967
20
-3.848746535433071
11
5.4292105118110232
21
-3.854497401574803
0
LINE
8
BLACK
6
CONTINUOUS
10
5.4292105118110232
20
-3.854497401574803
11
5.4292104330708657
21
-3.854497716535433
0
LINE
8
BLACK
6
CONTINUOUS
10
5.4292104330708657
20
-3.854497716535433
11
5.4283979527559056
21
-3.8606692913385827
0
LINE
8
BLACK
6
CONTINUOUS
10
5.4283979527559056
20
-3.8606692913385827
11
5.4283979527559056
21
-3.8606693307086615
0
LINE
8
BLACK
6
CONTINUOUS
10
5.4283979527559056
20
-3.8606693307086615
11
5.4292104330708657
21
-3.8668409055118111
0
LINE
8
BLACK
6
CONTINUOUS
10
5.4292104330708657
20
-3.8668409055118111
11
5.4292105118110232
21
-3.8668412204724407
0
LINE
8
BLACK
6
CONTINUOUS
10
5.4292105118110232
20
-3.8668412204724407
11
5.4315925984251967
21
-3.8725920866141732
0
LINE
8
BLACK
6
CONTINUOUS
10
5.4315925984251967
20
-3.8725920866141732
11
5.4315925984251967
21
-3.872592125984252
0
LINE
8
BLACK
6
CONTINUOUS
10
5.4315925984251967
20
-3.872592125984252
11
5.4355377165354328
21
-3.8777335433070865
0
LINE
8
BLACK
6
CONTINUOUS
10
5.4355377165354328
20
-3.8777335433070865
11
5.4354831889763782
21
-3.8777753543307085
0
LINE
8
BLACK
6
CONTINUOUS
10
5.4354831889763782
20
-3.8777753543307085
11
5.4364279133858266
21
-3.87962874015748
0
LINE
8
BLACK
6
CONTINUOUS
10
5.4364279133858266
20
-3.87962874015748
11
5.4364759842519685
21
-3.8802390551181101
0
LINE
8
BLACK
6
CONTINUOUS
10
5.4364759842519685
20
-3.8802390551181101
11
5.4364759842519685
21
-3.8821321653543306
0
LINE
8
BLACK
6
CONTINUOUS
10
5.4364759842519685
20
-3.8821321653543306
11
5.4367694094488188
21
-3.8830351968503938
0
LINE
8
BLACK
6
CONTINUOUS
10
5.4367694094488188
20
-3.8830351968503938
11
5.4369121653543306
21
-3.8836296850393701
0
LINE
8
BLACK
6
CONTINUOUS
10
5.4369121653543306
20
-3.8836296850393701
11
5.4370607874015748
21
-3.8845679527559054
0
LINE
8
BLACK
6
CONTINUOUS
10
5.4370607874015748
20
-3.8845679527559054
11
5.4374917716535434
21
-3.8854137007874017
0
LINE
8
BLACK
6
CONTINUOUS
10
5.4374917716535434
20
-3.8854137007874017
11
5.437725866141732
21
-3.8859788188976379
0
LINE
8
BLACK
6
CONTINUOUS
10
5.437725866141732
20
-3.8859788188976379
11
5.4380194094488186
21
-3.8868822047244094
0
LINE
8
BLACK
6
CONTINUOUS
10
5.4380194094488186
20
-3.8868822047244094
11
5.4380193700787398
21
-3.8868822047244094
0
LINE
8
BLACK
6
CONTINUOUS
10
5.4380193700787398
20
-3.8868822047244094
11
5.4385777165354332
21
-3.8876507086614174
0
LINE
8
BLACK
6
CONTINUOUS
10
5.4385777165354332
20
-3.8876507086614174
11
5.4388971259842522
21
-3.8881719291338581
0
LINE
8
BLACK
6
CONTINUOUS
10
5.4388971259842522
20
-3.8881719291338581
11
5.4393283464566924
21
-3.8890181889763777
0
LINE
8
BLACK
6
CONTINUOUS
10
5.4393283464566924
20
-3.8890181889763777
11
5.4393283858267711
21
-3.8890182283464565
0
LINE
8
BLACK
6
CONTINUOUS
10
5.4393283858267711
20
-3.8890182283464565
11
5.4401188976377952
21
-3.8898087795275589
0
LINE
8
BLACK
6
CONTINUOUS
10
5.4401188976377952
20
-3.8898087795275589
11
5.440118937007874
21
-3.8898087795275589
0
LINE
8
BLACK
6
CONTINUOUS
10
5.440118937007874
20
-3.8898087795275589
11
5.440216653543307
21
-3.8899064960629919
0
LINE
8
BLACK
6
CONTINUOUS
10
5.440216653543307
20
-3.8899064960629919
11
5.4402167716535432
21
-3.8899066535433069
0
LINE
8
BLACK
6
CONTINUOUS
10
5.4402167716535432
20
-3.8899066535433069
11
5.5113767716535431
21
-3.9610666535433068
0
LINE
8
BLACK
6
CONTINUOUS
10
5.5113767716535431
20
-3.9610666535433068
11
5.5812933858267719
21
-4.0309832677165351
0
LINE
8
BLACK
6
CONTINUOUS
10
5.5812933858267719
20
-4.0309832677165351
11
5.5823869685039371
21
-4.0331296062992124
0
LINE
8
BLACK
6
CONTINUOUS
10
5.5823869685039371
20
-4.0331296062992124
11
5.5824016535433065
21
-4.0342476771653546
0
LINE
8
BLACK
6
CONTINUOUS
10
5.5824016535433065
20
-4.0342476771653546
11
5.5823413779527558
21
-4.0347058661417323
0
LINE
8
BLACK
6
CONTINUOUS
10
5.5823413779527558
20
-4.0347058661417323
11
5.5822733858267712
21
-4.0346968897637794
0
LINE
8
BLACK
6
CONTINUOUS
10
5.5822733858267712
20
-4.0346968897637794
11
5.5816303149606297
21
-4.0366762204724411
0
LINE
8
BLACK
6
CONTINUOUS
10
5.5816303149606297
20
-4.0366762204724411
11
5.5812331102362203
21
-4.0371412992125979
0
LINE
8
BLACK
6
CONTINUOUS
10
5.5812331102362203
20
-4.0371412992125979
11
5.5414258661417319
21
-4.076948582677165
0
LINE
8
BLACK
6
CONTINUOUS
10
5.5414258661417319
20
-4.076948582677165
11
5.5414258267716532
21
-4.0769486220472437
0
LINE
8
BLACK
6
CONTINUOUS
10
5.5414258267716532
20
-4.0769486220472437
11
5.540537440944882
21
-4.0778370472440946
0
LINE
8
BLACK
6
CONTINUOUS
10
5.540537440944882
20
-4.0778370472440946
11
5.5405373622047245
21
-4.0778371259842521
0
LINE
8
BLACK
6
CONTINUOUS
10
5.5405373622047245
20
-4.0778371259842521
11
5.5401062204724409
21
-4.0786832283464562
0
LINE
8
BLACK
6
CONTINUOUS
10
5.5401062204724409
20
-4.0786832283464562
11
5.5397869291338582
21
-4.0792042519685037
0
LINE
8
BLACK
6
CONTINUOUS
10
5.5397869291338582
20
-4.0792042519685037
11
5.5392286220472435
21
-4.0799727952755909
0
LINE
8
BLACK
6
CONTINUOUS
10
5.5392286220472435
20
-4.0799727952755909
11
5.5392284251968507
21
-4.0799731496062988
0
LINE
8
BLACK
6
CONTINUOUS
10
5.5392284251968507
20
-4.0799731496062988
11
5.5389350393700783
21
-4.0808761811023624
0
LINE
8
BLACK
6
CONTINUOUS
10
5.5389350393700783
20
-4.0808761811023624
11
5.5387010236220471
21
-4.0814411417322836
0
LINE
8
BLACK
6
CONTINUOUS
10
5.5387010236220471
20
-4.0814411417322836
11
5.5382699212598423
21
-4.0822871653543302
0
LINE
8
BLACK
6
CONTINUOUS
10
5.5382699212598423
20
-4.0822871653543302
11
5.538269803149606
21
-4.0822875590551178
0
LINE
8
BLACK
6
CONTINUOUS
10
5.538269803149606
20
-4.0822875590551178
11
5.5381211811023618
21
-4.0832256692913385
0
LINE
8
BLACK
6
CONTINUOUS
10
5.5381211811023618
20
-4.0832256692913385
11
5.5379785039370075
21
-4.0838199606299215
0
LINE
8
BLACK
6
CONTINUOUS
10
5.5379785039370075
20
-4.0838199606299215
11
5.537685118110236
21
-4.084723031496063
0
LINE
8
BLACK
6
CONTINUOUS
10
5.537685118110236
20
-4.084723031496063
11
5.5376850787401573
21
-4.0847233070866142
0
LINE
8
BLACK
6
CONTINUOUS
10
5.5376850787401573
20
-4.0847233070866142
11
5.5376850787401573
21
-4.097977559055118
0
LINE
8
BLACK
6
CONTINUOUS
10
5.5376850787401573
20
-4.097977559055118
11
5.5369407086614171
21
-4.1002685433070862
0
LINE
8
BLACK
6
CONTINUOUS
10
5.5369407086614171
20
-4.1002685433070862
11
5.5366526377952754
21
-4.1006058267716536
0
LINE
8
BLACK
6
CONTINUOUS
10
5.5366526377952754
20
-4.1006058267716536
11
5.5328016929133854
21
-4.1056244488188973
0
LINE
8
BLACK
6
CONTINUOUS
10
5.5328016929133854
20
-4.1056244488188973
11
5.5328016929133854
21
-4.1056244881889761
0
LINE
8
BLACK
6
CONTINUOUS
10
5.5328016929133854
20
-4.1056244881889761
11
5.5304196062992128
21
-4.1113753543307086
0
LINE
8
BLACK
6
CONTINUOUS
10
5.5304196062992128
20
-4.1113753543307086
11
5.5304195275590553
21
-4.1113756692913386
0
LINE
8
BLACK
6
CONTINUOUS
10
5.5304195275590553
20
-4.1113756692913386
11
5.5295737007874015
21
-4.1178005511811024
0
LINE
8
BLACK
6
CONTINUOUS
10
5.5295737007874015
20
-4.1178005511811024
11
5.5295056692913382
21
-4.1177915748031495
0
LINE
8
BLACK
6
CONTINUOUS
10
5.5295056692913382
20
-4.1177915748031495
11
5.5288626771653542
21
-4.1197705905511812
0
LINE
8
BLACK
6
CONTINUOUS
10
5.5288626771653542
20
-4.1197705905511812
11
5.5284654724409448
21
-4.1202356299212601
0
LINE
8
BLACK
6
CONTINUOUS
10
5.5284654724409448
20
-4.1202356299212601
11
5.5169693700787397
21
-4.1317317716535431
0
LINE
8
BLACK
6
CONTINUOUS
10
5.5169693700787397
20
-4.1317317716535431
11
5.5148230314960625
21
-4.1328253937007871
0
LINE
8
BLACK
6
CONTINUOUS
10
5.5148230314960625
20
-4.1328253937007871
11
5.5142133070866137
21
-4.1328733858267714
0
LINE
8
BLACK
6
CONTINUOUS
10
5.5142133070866137
20
-4.1328733858267714
11
5.1367868110236223
21
-4.1328733858267714
0
LINE
8
BLACK
6
CONTINUOUS
10
5.1367868110236223
20
-4.1328733858267714
11
5.1344958267716532
21
-4.1321290157480313
0
LINE
8
BLACK
6
CONTINUOUS
10
5.1344958267716532
20
-4.1321290157480313
11
5.1340307480314955
21
-4.1317318110236219
0
LINE
8
BLACK
6
CONTINUOUS
10
5.1340307480314955
20
-4.1317318110236219
11
5.1241277165354333
21
-4.1218287795275588
0
LINE
8
BLACK
6
CONTINUOUS
10
5.1241277165354333
20
-4.1218287795275588
11
5.1230341338582672
21
-4.1196824409448816
0
LINE
8
BLACK
6
CONTINUOUS
10
5.1230341338582672
20
-4.1196824409448816
11
5.1229993700787402
21
-4.1192409448818896
0
LINE
8
BLACK
6
CONTINUOUS
10
5.1229993700787402
20
-4.1192409448818896
11
5.1229563385826768
21
-4.1189141338582678
0
LINE
8
BLACK
6
CONTINUOUS
10
5.1229563385826768
20
-4.1189141338582678
11
5.122173622047244
21
-4.1129686614173231
0
LINE
8
BLACK
6
CONTINUOUS
10
5.122173622047244
20
-4.1129686614173231
11
5.1220724015748029
21
-4.1127242519685039
0
LINE
8
BLACK
6
CONTINUOUS
10
5.1220724015748029
20
-4.1127242519685039
11
5.119791456692913
21
-4.1072175984251968
0
LINE
8
BLACK
6
CONTINUOUS
10
5.119791456692913
20
-4.1072175984251968
11
5.119791456692913
21
-4.1072175590551181
0
LINE
8
BLACK
6
CONTINUOUS
10
5.119791456692913
20
-4.1072175590551181
11
5.1158463779527557
21
-4.1020762204724406
0
LINE
8
BLACK
6
CONTINUOUS
10
5.1158463779527557
20
-4.1020762204724406
11
5.1159007480314962
21
-4.1020344488188973
0
LINE
8
BLACK
6
CONTINUOUS
10
5.1159007480314962
20
-4.1020344488188973
11
5.1149561023622043
21
-4.1001803937007875
0
LINE
8
BLACK
6
CONTINUOUS
10
5.1149561023622043
20
-4.1001803937007875
11
5.1149081102362199
21
-4.0995706692913387
0
LINE
8
BLACK
6
CONTINUOUS
10
5.1149081102362199
20
-4.0995706692913387
11
5.1149081102362199
21
-4.0917020866141733
0
LINE
8
BLACK
6
CONTINUOUS
10
5.1149081102362199
20
-4.0917020866141733
11
5.1156524803149601
21
-4.0894111023622051
0
LINE
8
BLACK
6
CONTINUOUS
10
5.1156524803149601
20
-4.0894111023622051
11
5.1160492519685041
21
-4.0889464960629924
0
LINE
8
BLACK
6
CONTINUOUS
10
5.1160492519685041
20
-4.0889464960629924
11
5.1223116141732286
21
-4.0826840944881893
0
LINE
8
BLACK
6
CONTINUOUS
10
5.1223116141732286
20
-4.0826840944881893
11
5.1244578740157483
21
-4.0815905905511807
0
LINE
8
BLACK
6
CONTINUOUS
10
5.1244578740157483
20
-4.0815905905511807
11
5.1248995275590552
21
-4.0815557874015749
0
LINE
8
BLACK
6
CONTINUOUS
10
5.1248995275590552
20
-4.0815557874015749
11
5.124999842519685
21
-4.0815425590551184
0
LINE
8
BLACK
6
CONTINUOUS
10
5.124999842519685
20
-4.0815425590551184
11
5.125
21
-4.0815425984251972
0
LINE
8
BLACK
6
CONTINUOUS
10
5.125
20
-4.0815425984251972
11
5.1311717322834642
21
-4.0807300787401575
0
LINE
8
BLACK
6
CONTINUOUS
10
5.1311717322834642
20
-4.0807300787401575
11
5.136922874015748
21
-4.0783478740157477
0
LINE
8
BLACK
6
CONTINUOUS
10
5.136922874015748
20
-4.0783478740157477
11
5.141861496062992
21
-4.0745583464566932
0
LINE
8
BLACK
6
CONTINUOUS
10
5.141861496062992
20
-4.0745583464566932
11
5.1456510236220474
21
-4.0696197244094483
0
LINE
8
BLACK
6
CONTINUOUS
10
5.1456510236220474
20
-4.0696197244094483
11
5.1480332283464563
21
-4.0638685826771654
0
LINE
8
BLACK
6
CONTINUOUS
10
5.1480332283464563
20
-4.0638685826771654
11
5.148845748031496
21
-4.0576968503937003
0
LINE
8
BLACK
6
CONTINUOUS
10
5.148845748031496
20
-4.0576968503937003
11
5.1480332283464563
21
-4.0515251181102361
0
LINE
8
BLACK
6
CONTINUOUS
10
5.1480332283464563
20
-4.0515251181102361
11
5.1473868897637791
21
-4.049964724409449
0
LINE
8
BLACK
6
CONTINUOUS
10
5.1473868897637791
20
-4.049964724409449
11
5.1456510629921262
21
-4.0457740551181098
0
LINE
8
BLACK
6
CONTINUOUS
10
5.1456510629921262
20
-4.0457740551181098
11
5.1456510629921262
21
-4.0457740157480311
0
LINE
8
BLACK
6
CONTINUOUS
10
5.1456510629921262
20
-4.0457740157480311
11
5.141861653543307
21
-4.040835551181102
0
LINE
8
BLACK
6
CONTINUOUS
10
5.141861653543307
20
-4.040835551181102
11
5.1418616141732283
21
-4.0408355118110233
0
LINE
8
BLACK
6
CONTINUOUS
10
5.1418616141732283
20
-4.0408355118110233
11
5.141861496062992
21
-4.0408353543307083
0
LINE
8
BLACK
6
CONTINUOUS
10
5.141861496062992
20
-4.0408353543307083
11
5.1418612992125983
21
-4.0408351968503933
0
LINE
8
BLACK
6
CONTINUOUS
10
5.1418612992125983
20
-4.0408351968503933
11
5.1418612598425195
21
-4.0408351574803145
0
LINE
8
BLACK
6
CONTINUOUS
10
5.1418612598425195
20
-4.0408351574803145
11
5.137770433070866
21
-4.0376961811023619
0
LINE
8
BLACK
6
CONTINUOUS
10
5.137770433070866
20
-4.0376961811023619
11
5.136922874015748
21
-4.0370458267716538
0
LINE
8
BLACK
6
CONTINUOUS
10
5.136922874015748
20
-4.0370458267716538
11
5.1369228346456692
21
-4.037045787401575
0
LINE
8
BLACK
6
CONTINUOUS
10
5.1369228346456692
20
-4.037045787401575
11
5.1369227559055117
21
-4.0370457480314963
0
LINE
8
BLACK
6
CONTINUOUS
10
5.1369227559055117
20
-4.0370457480314963
11
5.1311718897637792
21
-4.0346636614173228
0
LINE
8
BLACK
6
CONTINUOUS
10
5.1311718897637792
20
-4.0346636614173228
11
5.1311715748031492
21
-4.0346635826771653
0
LINE
8
BLACK
6
CONTINUOUS
10
5.1311715748031492
20
-4.0346635826771653
11
5.1250000393700788
21
-4.0338511023622043
0
LINE
8
BLACK
6
CONTINUOUS
10
5.1250000393700788
20
-4.0338511023622043
11
5.1249999606299212
21
-4.0338511023622043
0
LINE
8
BLACK
6
CONTINUOUS
10
5.1249999606299212
20
-4.0338511023622043
11
5.1188283858267711
21
-4.0346635826771653
0
LINE
8
BLACK
6
CONTINUOUS
10
5.1188283858267711
20
-4.0346635826771653
11
5.118828070866142
21
-4.0346636614173228
0
LINE
8
BLACK
6
CONTINUOUS
10
5.118828070866142
20
-4.0346636614173228
11
5.1130772047244095
21
-4.0370457480314963
0
LINE
8
BLACK
6
CONTINUOUS
10
5.1130772047244095
20
-4.0370457480314963
11
5.1130771653543308
21
-4.0370457480314963
0
LINE
8
BLACK
6
CONTINUOUS
10
5.1130771653543308
20
-4.0370457480314963
11
5.1081387007874017
21
-4.0408351574803145
0
LINE
8
BLACK
6
CONTINUOUS
10
5.1081387007874017
20
-4.0408351574803145
11
5.1081383070866142
21
-4.040835551181102
0
LINE
8
BLACK
6
CONTINUOUS
10
5.1081383070866142
20
-4.040835551181102
11
5.1043488976377951
21
-4.0457740157480311
0
LINE
8
BLACK
6
CONTINUOUS
10
5.1043488976377951
20
-4.0457740157480311
11
5.1043488976377951
21
-4.0457740551181098
0
LINE
8
BLACK
6
CONTINUOUS
10
5.1043488976377951
20
-4.0457740551181098
11
5.1019668110236216
21
-4.0515249212598423
0
LINE
8
BLACK
6
CONTINUOUS
10
5.1019668110236216
20
-4.0515249212598423
11
5.1019667322834641
21
-4.0515252362204723
0
LINE
8
BLACK
6
CONTINUOUS
10
5.1019667322834641
20
-4.0515252362204723
11
5.1011209055118112
21
-4.0579501181102362
0
LINE
8
BLACK
6
CONTINUOUS
10
5.1011209055118112
20
-4.0579501181102362
11
5.1010528740157479
21
-4.0579411417322833
0
LINE
8
BLACK
6
CONTINUOUS
10
5.1010528740157479
20
-4.0579411417322833
11
5.1004098818897639
21
-4.059920157480315
0
LINE
8
BLACK
6
CONTINUOUS
10
5.1004098818897639
20
-4.059920157480315
11
5.1000128740157482
21
-4.0603849606299214
0
LINE
8
BLACK
6
CONTINUOUS
10
5.1000128740157482
20
-4.0603849606299214
11
5.0942162204724406
21
-4.0661816929133856
0
LINE
8
BLACK
6
CONTINUOUS
10
5.0942162204724406
20
-4.0661816929133856
11
5.0871134251968506
21
-4.0732844881889765
0
LINE
8
BLACK
6
CONTINUOUS
10
5.0871134251968506
20
-4.0732844881889765
11
5.0862250393700785
21
-4.0741729133858264
0
LINE
8
BLACK
6
CONTINUOUS
10
5.0862250393700785
20
-4.0741729133858264
11
5.086224960629921
21
-4.0741729921259839
0
LINE
8
BLACK
6
CONTINUOUS
10
5.086224960629921
20
-4.0741729921259839
11
5.0857938188976375
21
-4.075019094488189
0
LINE
8
BLACK
6
CONTINUOUS
10
5.0857938188976375
20
-4.075019094488189
11
5.0854745275590547
21
-4.0755401181102364
0
LINE
8
BLACK
6
CONTINUOUS
10
5.0854745275590547
20
-4.0755401181102364
11
5.084916220472441
21
-4.0763086614173227
0
LINE
8
BLACK
6
CONTINUOUS
10
5.084916220472441
20
-4.0763086614173227
11
5.0849160236220472
21
-4.0763090157480315
0
LINE
8
BLACK
6
CONTINUOUS
10
5.0849160236220472
20
-4.0763090157480315
11
5.0846226377952757
21
-4.0772120472440943
0
LINE
8
BLACK
6
CONTINUOUS
10
5.0846226377952757
20
-4.0772120472440943
11
5.0843886220472436
21
-4.0777770078740154
0
LINE
8
BLACK
6
CONTINUOUS
10
5.0843886220472436
20
-4.0777770078740154
11
5.0839575196850388
21
-4.078623031496063
0
LINE
8
BLACK
6
CONTINUOUS
10
5.0839575196850388
20
-4.078623031496063
11
5.0839574015748035
21
-4.0786234251968505
0
LINE
8
BLACK
6
CONTINUOUS
10
5.0839574015748035
20
-4.0786234251968505
11
5.0838087795275593
21
-4.0795615354330712
0
LINE
8
BLACK
6
CONTINUOUS
10
5.0838087795275593
20
-4.0795615354330712
11
5.083666102362205
21
-4.0801558267716533
0
LINE
8
BLACK
6
CONTINUOUS
10
5.083666102362205
20
-4.0801558267716533
11
5.0833727165354325
21
-4.0810588976377948
0
LINE
8
BLACK
6
CONTINUOUS
10
5.0833727165354325
20
-4.0810588976377948
11
5.0833726771653538
21
-4.0810591732283461
0
LINE
8
BLACK
6
CONTINUOUS
10
5.0833726771653538
20
-4.0810591732283461
11
5.0833726771653538
21
-4.0995706692913387
0
LINE
8
BLACK
6
CONTINUOUS
10
5.0833726771653538
20
-4.0995706692913387
11
5.0826283070866136
21
-4.101861653543307
0
LINE
8
BLACK
6
CONTINUOUS
10
5.0826283070866136
20
-4.101861653543307
11
5.0823402362204719
21
-4.1021989370078735
0
LINE
8
BLACK
6
CONTINUOUS
10
5.0823402362204719
20
-4.1021989370078735
11
5.0784892913385828
21
-4.1072175590551181
0
LINE
8
BLACK
6
CONTINUOUS
10
5.0784892913385828
20
-4.1072175590551181
11
5.0784892913385828
21
-4.1072175984251968
0
LINE
8
BLACK
6
CONTINUOUS
10
5.0784892913385828
20
-4.1072175984251968
11
5.0761072047244093
21
-4.1129684645669293
0
LINE
8
BLACK
6
CONTINUOUS
10
5.0761072047244093
20
-4.1129684645669293
11
5.0761071259842518
21
-4.1129687795275593
0
LINE
8
BLACK
6
CONTINUOUS
10
5.0761071259842518
20
-4.1129687795275593
11
5.0752946456692909
21
-4.1191403543307086
0
LINE
8
BLACK
6
CONTINUOUS
10
5.0752946456692909
20
-4.1191403543307086
11
5.0752946456692909
21
-4.1191403937007873
0
LINE
8
BLACK
6
CONTINUOUS
10
5.0752946456692909
20
-4.1191403937007873
11
5.0761071259842518
21
-4.1253119685039366
0
LINE
8
BLACK
6
CONTINUOUS
10
5.0761071259842518
20
-4.1253119685039366
11
5.0761072047244093
21
-4.1253122834645666
0
LINE
8
BLACK
6
CONTINUOUS
10
5.0761072047244093
20
-4.1253122834645666
11
5.0784892913385828
21
-4.1310631496062991
0
LINE
8
BLACK
6
CONTINUOUS
10
5.0784892913385828
20
-4.1310631496062991
11
5.0784892913385828
21
-4.1310631889763778
0
LINE
8
BLACK
6
CONTINUOUS
10
5.0784892913385828
20
-4.1310631889763778
11
5.0822787007874011
21
-4.1360016535433068
0
LINE
8
BLACK
6
CONTINUOUS
10
5.0822787007874011
20
-4.1360016535433068
11
5.0822788976377948
21
-4.1360018897637794
0
LINE
8
BLACK
6
CONTINUOUS
10
5.0822788976377948
20
-4.1360018897637794
11
5.0872175196850389
21
-4.1397914173228347
0
LINE
8
BLACK
6
CONTINUOUS
10
5.0872175196850389
20
-4.1397914173228347
11
5.0872175590551176
21
-4.1397914173228347
0
LINE
8
BLACK
6
CONTINUOUS
10
5.0872175590551176
20
-4.1397914173228347
11
5.0872175984251964
21
-4.1397914566929135
0
LINE
8
BLACK
6
CONTINUOUS
10
5.0872175984251964
20
-4.1397914566929135
11
5.0929684645669289
21
-4.1421735433070861
0
LINE
8
BLACK
6
CONTINUOUS
10
5.0929684645669289
20
-4.1421735433070861
11
5.0929686614173226
21
-4.1421736220472436
0
LINE
8
BLACK
6
CONTINUOUS
10
5.0929686614173226
20
-4.1421736220472436
11
5.0991403937007869
21
-4.1429861417322833
0
LINE
8
BLACK
6
CONTINUOUS
10
5.0991403937007869
20
-4.1429861417322833
11
5.0993936614173228
21
-4.1430194881889761
0
LINE
8
BLACK
6
CONTINUOUS
10
5.0993936614173228
20
-4.1430194881889761
11
5.0993846850393698
21
-4.1430874803149607
0
LINE
8
BLACK
6
CONTINUOUS
10
5.0993846850393698
20
-4.1430874803149607
11
5.1013637007874015
21
-4.1437305118110235
0
LINE
8
BLACK
6
CONTINUOUS
10
5.1013637007874015
20
-4.1437305118110235
11
5.1018287401574804
21
-4.1441277165354329
0
LINE
8
BLACK
6
CONTINUOUS
10
5.1018287401574804
20
-4.1441277165354329
11
5.118369133858268
21
-4.1606680708661417
0
LINE
8
BLACK
6
CONTINUOUS
10
5.118369133858268
20
-4.1606680708661417
11
5.1192574803149604
21
-4.1615563779527562
0
LINE
8
BLACK
6
CONTINUOUS
10
5.1192574803149604
20
-4.1615563779527562
11
5.1192575590551179
21
-4.1615564566929129
0
LINE
8
BLACK
6
CONTINUOUS
10
5.1192575590551179
20
-4.1615564566929129
11
5.120103503937008
21
-4.1619874803149601
0
LINE
8
BLACK
6
CONTINUOUS
10
5.120103503937008
20
-4.1619874803149601
11
5.1206248031496058
21
-4.1623069291338579
0
LINE
8
BLACK
6
CONTINUOUS
10
5.1206248031496058
20
-4.1623069291338579
11
5.1213933858267717
21
-4.1628652755905513
0
LINE
8
BLACK
6
CONTINUOUS
10
5.1213933858267717
20
-4.1628652755905513
11
5.1213934251968505
21
-4.1628652755905513
0
LINE
8
BLACK
6
CONTINUOUS
10
5.1213934251968505
20
-4.1628652755905513
11
5.121393503937008
21
-4.1628653543307088
0
LINE
8
BLACK
6
CONTINUOUS
10
5.121393503937008
20
-4.1628653543307088
11
5.1222970472440945
21
-4.1631588976377953
0
LINE
8
BLACK
6
CONTINUOUS
10
5.1222970472440945
20
-4.1631588976377953
11
5.1228616141732282
21
-4.1633927952755903
0
LINE
8
BLACK
6
CONTINUOUS
10
5.1228616141732282
20
-4.1633927952755903
11
5.1237078740157482
21
-4.1638240157480313
0
LINE
8
BLACK
6
CONTINUOUS
10
5.1237078740157482
20
-4.1638240157480313
11
5.1246463779527556
21
-4.1639726377952755
0
LINE
8
BLACK
6
CONTINUOUS
10
5.1246463779527556
20
-4.1639726377952755
11
5.125239960629921
21
-4.1641151574803148
0
LINE
8
BLACK
6
CONTINUOUS
10
5.125239960629921
20
-4.1641151574803148
11
5.1261437401574801
21
-4.1644088188976376
0
LINE
8
BLACK
6
CONTINUOUS
10
5.1261437401574801
20
-4.1644088188976376
11
5.1261438582677163
21
-4.1644088188976376
0
LINE
8
BLACK
6
CONTINUOUS
10
5.1261438582677163
20
-4.1644088188976376
11
5.5248562992125985
21
-4.1644088188976376
0
LINE
8
BLACK
6
CONTINUOUS
10
5.5248562992125985
20
-4.1644088188976376
11
5.5248563385826772
21
-4.1644088188976376
0
LINE
8
BLACK
6
CONTINUOUS
10
5.5248563385826772
20
-4.1644088188976376
11
5.525759842519685
21
-4.1641152362204723
0
LINE
8
BLACK
6
CONTINUOUS
10
5.525759842519685
20
-4.1641152362204723
11
5.526353661417323
21
-4.1639726377952755
0
LINE
8
BLACK
6
CONTINUOUS
10
5.526353661417323
20
-4.1639726377952755
11
5.5272922047244091
21
-4.1638240157480313
0
LINE
8
BLACK
6
CONTINUOUS
10
5.5272922047244091
20
-4.1638240157480313
11
5.5281385826771654
21
-4.163392677165354
0
LINE
8
BLACK
6
CONTINUOUS
10
5.5281385826771654
20
-4.163392677165354
11
5.5287035039370078
21
-4.1631587401574803
0
LINE
8
BLACK
6
CONTINUOUS
10
5.5287035039370078
20
-4.1631587401574803
11
5.5296066141732281
21
-4.1628653543307088
0
LINE
8
BLACK
6
CONTINUOUS
10
5.5296066141732281
20
-4.1628653543307088
11
5.5303751968503931
21
-4.1623068897637792
0
LINE
8
BLACK
6
CONTINUOUS
10
5.5303751968503931
20
-4.1623068897637792
11
5.5308963385826768
21
-4.1619875590551176
0
LINE
8
BLACK
6
CONTINUOUS
10
5.5308963385826768
20
-4.1619875590551176
11
5.5317425196850394
21
-4.1615564566929129
0
LINE
8
BLACK
6
CONTINUOUS
10
5.5317425196850394
20
-4.1615564566929129
11
5.5324085826771654
21
-4.1608903149606302
0
LINE
8
BLACK
6
CONTINUOUS
10
5.5324085826771654
20
-4.1608903149606302
11
5.5324090551181104
21
-4.1608899606299214
0
LINE
8
BLACK
6
CONTINUOUS
10
5.5324090551181104
20
-4.1608899606299214
11
5.5507643700787401
21
-4.1425346456692909
0
LINE
8
BLACK
6
CONTINUOUS
10
5.5507643700787401
20
-4.1425346456692909
11
5.5529107086614173
21
-4.1414410236220469
0
LINE
8
BLACK
6
CONTINUOUS
10
5.5529107086614173
20
-4.1414410236220469
11
5.5533522834645668
21
-4.1414062598425199
0
LINE
8
BLACK
6
CONTINUOUS
10
5.5533522834645668
20
-4.1414062598425199
11
5.5534527559055116
21
-4.1413929921259838
0
LINE
8
BLACK
6
CONTINUOUS
10
5.5534527559055116
20
-4.1413929921259838
11
5.5534527952755903
21
-4.1413930314960625
0
LINE
8
BLACK
6
CONTINUOUS
10
5.5534527952755903
20
-4.1413930314960625
11
5.5596245275590546
21
-4.1405805118110237
0
LINE
8
BLACK
6
CONTINUOUS
10
5.5596245275590546
20
-4.1405805118110237
11
5.5653756692913383
21
-4.138198307086614
0
LINE
8
BLACK
6
CONTINUOUS
10
5.5653756692913383
20
-4.138198307086614
11
5.5703142913385824
21
-4.1344087795275586
0
LINE
8
BLACK
6
CONTINUOUS
10
5.5703142913385824
20
-4.1344087795275586
11
5.5741038188976377
21
-4.1294701574803145
0
LINE
8
BLACK
6
CONTINUOUS
10
5.5741038188976377
20
-4.1294701574803145
11
5.5764860236220475
21
-4.1237190157480317
0
LINE
8
BLACK
6
CONTINUOUS
10
5.5764860236220475
20
-4.1237190157480317
11
5.5772985433070863
21
-4.1175472834645666
0
LINE
8
BLACK
6
CONTINUOUS
10
5.5772985433070863
20
-4.1175472834645666
11
5.5764860236220475
21
-4.1113755511811023
0
LINE
8
BLACK
6
CONTINUOUS
10
5.5764860236220475
20
-4.1113755511811023
11
5.5756836614173224
21
-4.1094384645669289
0
LINE
8
BLACK
6
CONTINUOUS
10
5.5756836614173224
20
-4.1094384645669289
11
5.5741038582677165
21
-4.1056244881889761
0
LINE
8
BLACK
6
CONTINUOUS
10
5.5741038582677165
20
-4.1056244881889761
11
5.5741038582677165
21
-4.1056244488188973
0
LINE
8
BLACK
6
CONTINUOUS
10
5.5741038582677165
20
-4.1056244488188973
11
5.5701587795275591
21
-4.1004831102362207
0
LINE
8
BLACK
6
CONTINUOUS
10
5.5701587795275591
20
-4.1004831102362207
11
5.5702131496062988
21
-4.1004413385826775
0
LINE
8
BLACK
6
CONTINUOUS
10
5.5702131496062988
20
-4.1004413385826775
11
5.5692685039370078
21
-4.0985872834645667
0
LINE
8
BLACK
6
CONTINUOUS
10
5.5692685039370078
20
-4.0985872834645667
11
5.5692205118110234
21
-4.097977559055118
0
LINE
8
BLACK
6
CONTINUOUS
10
5.5692205118110234
20
-4.097977559055118
11
5.5692205118110234
21
-4.0953662204724406
0
LINE
8
BLACK
6
CONTINUOUS
10
5.5692205118110234
20
-4.0953662204724406
11
5.5699648818897636
21
-4.0930752362204723
0
LINE
8
BLACK
6
CONTINUOUS
10
5.5699648818897636
20
-4.0930752362204723
11
5.5703618503937005
21
-4.0926104330708659
0
LINE
8
BLACK
6
CONTINUOUS
10
5.5703618503937005
20
-4.0926104330708659
11
5.5803737007874012
21
-4.0825985433070864
0
LINE
8
BLACK
6
CONTINUOUS
10
5.5803737007874012
20
-4.0825985433070864
11
5.582519960629921
21
-4.0815049999999999
0
LINE
8
BLACK
6
CONTINUOUS
10
5.582519960629921
20
-4.0815049999999999
11
5.5848991732283464
21
-4.0818818110236217
0
LINE
8
BLACK
6
CONTINUOUS
10
5.5848991732283464
20
-4.0818818110236217
11
5.5866025196850391
21
-4.0835851574803153
0
LINE
8
BLACK
6
CONTINUOUS
10
5.5866025196850391
20
-4.0835851574803153
11
5.5867306299212594
21
-4.0838630708661414
0
LINE
8
BLACK
6
CONTINUOUS
10
5.5867306299212594
20
-4.0838630708661414
11
5.5881925984251968
21
-4.0873924803149606
0
LINE
8
BLACK
6
CONTINUOUS
10
5.5881925984251968
20
-4.0873924803149606
11
5.588456889763779
21
-4.0880305511811024
0
LINE
8
BLACK
6
CONTINUOUS
10
5.588456889763779
20
-4.0880305511811024
11
5.5906336614173231
21
-4.090867401574803
0
LINE
8
BLACK
6
CONTINUOUS
10
5.5906336614173231
20
-4.090867401574803
11
5.5919709448818899
21
-4.0926101968503934
0
LINE
8
BLACK
6
CONTINUOUS
10
5.5919709448818899
20
-4.0926101968503934
11
5.5922464173228343
21
-4.0929691732283464
0
LINE
8
BLACK
6
CONTINUOUS
10
5.5922464173228343
20
-4.0929691732283464
11
5.5971850393700784
21
-4.0967587007874018
0
LINE
8
BLACK
6
CONTINUOUS
10
5.5971850393700784
20
-4.0967587007874018
11
5.5971850787401571
21
-4.0967587007874018
0
LINE
8
BLACK
6
CONTINUOUS
10
5.5971850787401571
20
-4.0967587007874018
11
5.5971851181102359
21
-4.0967587401574805
0
LINE
8
BLACK
6
CONTINUOUS
10
5.5971851181102359
20
-4.0967587401574805
11
5.6007730708661416
21
-4.0982449212598429
0
LINE
8
BLACK
6
CONTINUOUS
10
5.6007730708661416
20
-4.0982449212598429
11
5.6029361811023621
21
-4.0991409055118107
0
LINE
8
BLACK
6
CONTINUOUS
10
5.6029361811023621
20
-4.0991409055118107
11
5.6075649606299214
21
-4.0997502755905515
0
LINE
8
BLACK
6
CONTINUOUS
10
5.6075649606299214
20
-4.0997502755905515
11
5.6091078740157476
21
-4.0999534251968504
0
LINE
8
BLACK
6
CONTINUOUS
10
5.6091078740157476
20
-4.0999534251968504
11
5.6091079133858264
21
-4.0999534251968504
0
LINE
8
BLACK
6
CONTINUOUS
10
5.6091079133858264
20
-4.0999534251968504
11
5.6091079527559051
21
-4.0999534251968504
0
LINE
8
BLACK
6
CONTINUOUS
10
5.6091079527559051
20
-4.0999534251968504
11
5.6103422440944879
21
-4.0997909055118109
0
LINE
8
BLACK
6
CONTINUOUS
10
5.6103422440944879
20
-4.0997909055118109
11
5.6152796456692915
21
-4.0991409055118107
0
LINE
8
BLACK
6
CONTINUOUS
10
5.6152796456692915
20
-4.0991409055118107
11
5.6210307874015744
21
-4.0967587007874018
0
LINE
8
BLACK
6
CONTINUOUS
10
5.6210307874015744
20
-4.0967587007874018
11
5.6259694094488184
21
-4.0929691732283464
0
LINE
8
BLACK
6
CONTINUOUS
10
5.6259694094488184
20
-4.0929691732283464
11
5.6271490551181103
21
-4.0914317716535429
0
LINE
8
BLACK
6
CONTINUOUS
10
5.6271490551181103
20
-4.0914317716535429
11
5.6291342519685035
21
-4.0900674015748031
0
LINE
8
BLACK
6
CONTINUOUS
10
5.6291342519685035
20
-4.0900674015748031
11
5.6302412598425198
21
-4.0899068897637791
0
LINE
8
BLACK
6
CONTINUOUS
10
5.6302412598425198
20
-4.0899068897637791
11
5.6922144094488187
21
-4.0899068897637791
0
LINE
8
BLACK
6
CONTINUOUS
10
5.6922144094488187
20
-4.0899068897637791
11
5.6930142125984249
21
-4.0899898425196852
0
LINE
8
BLACK
6
CONTINUOUS
10
5.6930142125984249
20
-4.0899898425196852
11
5.6930894094488185
21
-4.090005590551181
0
LINE
8
BLACK
6
CONTINUOUS
10
5.6930894094488185
20
-4.090005590551181
11
5.6934716535433072
21
-4.0900857480314956
0
LINE
8
BLACK
6
CONTINUOUS
10
5.6934716535433072
20
-4.0900857480314956
11
5.6946664173228347
21
-4.0899367716535435
0
LINE
8
BLACK
6
CONTINUOUS
10
5.6946664173228347
20
-4.0899367716535435
11
5.6951485039370073
21
-4.0899068897637791
0
LINE
8
BLACK
6
CONTINUOUS
10
5.6951485039370073
20
-4.0899068897637791
11
5.6951932283464561
21
-4.0899068897637791
0
LINE
8
BLACK
6
CONTINUOUS
10
5.6951932283464561
20
-4.0899068897637791
11
5.695960078740157
21
-4.0897788976377951
0
LINE
8
BLACK
6
CONTINUOUS
10
5.695960078740157
20
-4.0897788976377951
11
5.6961187795275592
21
-4.0897557480314957
0
LINE
8
BLACK
6
CONTINUOUS
10
5.6961187795275592
20
-4.0897557480314957
11
5.6980416535433074
21
-4.0895160629921259
0
LINE
8
BLACK
6
CONTINUOUS
10
5.6980416535433074
20
-4.0895160629921259
11
5.6980417716535428
21
-4.0895159842519684
0
LINE
8
BLACK
6
CONTINUOUS
10
5.6980417716535428
20
-4.0895159842519684
11
5.6983186614173231
21
-4.0894335433070861
0
LINE
8
BLACK
6
CONTINUOUS
10
5.6983186614173231
20
-4.0894335433070861
11
5.698592125984252
21
-4.0893396456692912
0
LINE
8
BLACK
6
CONTINUOUS
10
5.698592125984252
20
-4.0893396456692912
11
5.6985923622047245
21
-4.0893396456692912
0
LINE
8
BLACK
6
CONTINUOUS
10
5.6985923622047245
20
-4.0893396456692912
11
5.700296062992126
21
-4.0884175590551184
0
LINE
8
BLACK
6
CONTINUOUS
10
5.700296062992126
20
-4.0884175590551184
11
5.7004387401574803
21
-4.0883441732283465
0
LINE
8
BLACK
6
CONTINUOUS
10
5.7004387401574803
20
-4.0883441732283465
11
5.7021790157480314
21
-4.0874934645669292
0
LINE
8
BLACK
6
CONTINUOUS
10
5.7021790157480314
20
-4.0874934645669292
11
5.7021790157480314
21
-4.0874934251968504
0
LINE
8
BLACK
6
CONTINUOUS
10
5.7021790157480314
20
-4.0874934251968504
11
5.7021790944881889
21
-4.0874934251968504
0
LINE
8
BLACK
6
CONTINUOUS
10
5.7021790944881889
20
-4.0874934251968504
11
5.7021791338582677
21
-4.0874933464566929
0
LINE
8
BLACK
6
CONTINUOUS
10
5.7021791338582677
20
-4.0874933464566929
11
5.7024147637795277
21
-4.0873251181102361
0
LINE
8
BLACK
6
CONTINUOUS
10
5.7024147637795277
20
-4.0873251181102361
11
5.702642519685039
21
-4.0871478346456689
0
LINE
8
BLACK
6
CONTINUOUS
10
5.702642519685039
20
-4.0871478346456689
11
5.702642519685039
21
-4.0871477952755901
0
LINE
8
BLACK
6
CONTINUOUS
10
5.702642519685039
20
-4.0871477952755901
11
5.7026426377952752
21
-4.0871477559055114
0
LINE
8
BLACK
6
CONTINUOUS
10
5.7026426377952752
20
-4.0871477559055114
11
5.7039544881889759
21
-4.0857226377952758
0
LINE
8
BLACK
6
CONTINUOUS
10
5.7039544881889759
20
-4.0857226377952758
11
5.7040641338582674
21
-4.0856083070866145
0
LINE
8
BLACK
6
CONTINUOUS
10
5.7040641338582674
20
-4.0856083070866145
11
5.8438691338582673
21
-3.9458033070866141
0
LINE
8
BLACK
6
CONTINUOUS
10
5.8438691338582673
20
-3.9458033070866141
11
5.846015393700787
21
-3.9447098031496064
0
LINE
8
BLACK
6
CONTINUOUS
10
5.846015393700787
20
-3.9447098031496064
11
5.8471337401574806
21
-3.9446951574803149
0
LINE
8
BLACK
6
CONTINUOUS
10
5.8471337401574806
20
-3.9446951574803149
11
5.8490551181102362
21
-3.9449481102362203
0
LINE
8
BLACK
6
CONTINUOUS
10
5.8490551181102362
20
-3.9449481102362203
11
5.8552268503937004
21
-3.944135590551181
0
LINE
8
BLACK
6
CONTINUOUS
10
5.8552268503937004
20
-3.944135590551181
11
5.8609779921259841
21
-3.9417533858267717
0
LINE
8
BLACK
6
CONTINUOUS
10
5.8609779921259841
20
-3.9417533858267717
11
5.8659166141732282
21
-3.9379638582677163
0
LINE
8
BLACK
6
CONTINUOUS
10
5.8659166141732282
20
-3.9379638582677163
11
5.8697061417322836
21
-3.9330252362204723
0
LINE
8
BLACK
6
CONTINUOUS
10
5.8697061417322836
20
-3.9330252362204723
11
5.8720883464566924
21
-3.927274094488189
0
LINE
8
BLACK
6
CONTINUOUS
10
5.8720883464566924
20
-3.927274094488189
11
5.8729008661417321
21
-3.9211023622047243
0
LINE
8
BLACK
6
CONTINUOUS
10
5.8729008661417321
20
-3.9211023622047243
11
5.8720883464566924
21
-3.9149306299212596
0
LINE
8
BLACK
6
CONTINUOUS
10
5.8720883464566924
20
-3.9149306299212596
11
5.8706046850393703
21
-3.9113487795275588
0
LINE
8
BLACK
6
CONTINUOUS
10
5.8706046850393703
20
-3.9113487795275588
11
5.8697061811023623
21
-3.9091795669291338
0
LINE
8
BLACK
6
CONTINUOUS
10
5.8697061811023623
20
-3.9091795669291338
11
5.8697061811023623
21
-3.9091795275590551
0
LINE
8
BLACK
6
CONTINUOUS
10
5.8697061811023623
20
-3.9091795275590551
11
5.8659167716535432
21
-3.904241062992126
0
LINE
8
BLACK
6
CONTINUOUS
10
5.8659167716535432
20
-3.904241062992126
11
5.8659167322834644
21
-3.9042410236220473
0
LINE
8
BLACK
6
CONTINUOUS
10
5.8659167322834644
20
-3.9042410236220473
11
5.8659166141732282
21
-3.9042408661417323
0
LINE
8
BLACK
6
CONTINUOUS
10
5.8659166141732282
20
-3.9042408661417323
11
5.8659164173228344
21
-3.9042407086614173
0
LINE
8
BLACK
6
CONTINUOUS
10
5.8659164173228344
20
-3.9042407086614173
11
5.8659163779527557
21
-3.9042406692913385
0
LINE
8
BLACK
6
CONTINUOUS
10
5.8659163779527557
20
-3.9042406692913385
11
5.8609778740157479
21
-3.9004512598425194
0
LINE
8
BLACK
6
CONTINUOUS
10
5.8609778740157479
20
-3.9004512598425194
11
5.8552270078740154
21
-3.8980691732283463
0
LINE
8
BLACK
6
CONTINUOUS
10
5.8552270078740154
20
-3.8980691732283463
11
5.8552266929133854
21
-3.8980690944881888
0
LINE
8
BLACK
6
CONTINUOUS
10
5.8552266929133854
20
-3.8980690944881888
11
5.8490551574803149
21
-3.8972566141732283
0
LINE
8
BLACK
6
CONTINUOUS
10
5.8490551574803149
20
-3.8972566141732283
11
5.8490550787401574
21
-3.8972566141732283
0
LINE
8
BLACK
6
CONTINUOUS
10
5.8490550787401574
20
-3.8972566141732283
11
5.8428835039370082
21
-3.8980690944881888
0
LINE
8
BLACK
6
CONTINUOUS
10
5.8428835039370082
20
-3.8980690944881888
11
5.8428831889763782
21
-3.8980691732283463
0
LINE
8
BLACK
6
CONTINUOUS
10
5.8428831889763782
20
-3.8980691732283463
11
5.8371323228346457
21
-3.9004512598425194
0
LINE
8
BLACK
6
CONTINUOUS
10
5.8371323228346457
20
-3.9004512598425194
11
5.8371322834645669
21
-3.9004512598425194
0
LINE
8
BLACK
6
CONTINUOUS
10
5.8371322834645669
20
-3.9004512598425194
11
5.8321938188976379
21
-3.9042406692913385
0
LINE
8
BLACK
6
CONTINUOUS
10
5.8321938188976379
20
-3.9042406692913385
11
5.8321934251968504
21
-3.904241062992126
0
LINE
8
BLACK
6
CONTINUOUS
10
5.8321934251968504
20
-3.904241062992126
11
5.8284040157480312
21
-3.9091795275590551
0
LINE
8
BLACK
6
CONTINUOUS
10
5.8284040157480312
20
-3.9091795275590551
11
5.8284040157480312
21
-3.9091795669291338
0
LINE
8
BLACK
6
CONTINUOUS
10
5.8284040157480312
20
-3.9091795669291338
11
5.8260219291338577
21
-3.9149304330708659
0
LINE
8
BLACK
6
CONTINUOUS
10
5.8260219291338577
20
-3.9149304330708659
11
5.8260218503937002
21
-3.9149307480314959
0
LINE
8
BLACK
6
CONTINUOUS
10
5.8260218503937002
20
-3.9149307480314959
11
5.8252093700787402
21
-3.9211023228346455
0
LINE
8
BLACK
6
CONTINUOUS
10
5.8252093700787402
20
-3.9211023228346455
11
5.8252093700787402
21
-3.9211023622047243
0
LINE
8
BLACK
6
CONTINUOUS
10
5.8252093700787402
20
-3.9211023622047243
11
5.8254622834645664
21
-3.9230235433070866
0
LINE
8
BLACK
6
CONTINUOUS
10
5.8254622834645664
20
-3.9230235433070866
11
5.8250233070866138
21
-3.9253920866141732
0
LINE
8
BLACK
6
CONTINUOUS
10
5.8250233070866138
20
-3.9253920866141732
11
5.8243540551181097
21
-3.9262883464566927
0
LINE
8
BLACK
6
CONTINUOUS
10
5.8243540551181097
20
-3.9262883464566927
11
5.6894755511811024
21
-4.0611668897637792
0
LINE
8
BLACK
6
CONTINUOUS
10
5.6894755511811024
20
-4.0611668897637792
11
5.6873292125984252
21
-4.0622604724409443
0
LINE
8
BLACK
6
CONTINUOUS
10
5.6873292125984252
20
-4.0622604724409443
11
5.6867194881889764
21
-4.0623084645669287
0
LINE
8
BLACK
6
CONTINUOUS
10
5.6867194881889764
20
-4.0623084645669287
11
5.6302412598425198
21
-4.0623084645669287
0
LINE
8
BLACK
6
CONTINUOUS
10
5.6302412598425198
20
-4.0623084645669287
11
5.6279502755905506
21
-4.0615640944881886
0
LINE
8
BLACK
6
CONTINUOUS
10
5.6279502755905506
20
-4.0615640944881886
11
5.6271490551181103
21
-4.0607835433070862
0
LINE
8
BLACK
6
CONTINUOUS
10
5.6271490551181103
20
-4.0607835433070862
11
5.6264555511811025
21
-4.0598797637795272
0
LINE
8
BLACK
6
CONTINUOUS
10
5.6264555511811025
20
-4.0598797637795272
11
5.6259694094488184
21
-4.0592461811023623
0
LINE
8
BLACK
6
CONTINUOUS
10
5.6259694094488184
20
-4.0592461811023623
11
5.6259692125984246
21
-4.0592460236220473
0
LINE
8
BLACK
6
CONTINUOUS
10
5.6259692125984246
20
-4.0592460236220473
11
5.6259691732283459
21
-4.0592459842519686
0
LINE
8
BLACK
6
CONTINUOUS
10
5.6259691732283459
20
-4.0592459842519686
11
5.6233735826771651
21
-4.0572543307086617
0
LINE
8
BLACK
6
CONTINUOUS
10
5.6233735826771651
20
-4.0572543307086617
11
5.6220091732283466
21
-4.0552691338582676
0
LINE
8
BLACK
6
CONTINUOUS
10
5.6220091732283466
20
-4.0552691338582676
11
5.6220722047244092
21
-4.0528610629921262
0
LINE
8
BLACK
6
CONTINUOUS
10
5.6220722047244092
20
-4.0528610629921262
11
5.622990433070866
21
-4.0514058661417325
0
LINE
8
BLACK
6
CONTINUOUS
10
5.622990433070866
20
-4.0514058661417325
11
5.6230815748031491
21
-4.0513146850393698
0
LINE
8
BLACK
6
CONTINUOUS
10
5.6230815748031491
20
-4.0513146850393698
11
5.6230819291338578
21
-4.0513144488188972
0
LINE
8
BLACK
6
CONTINUOUS
10
5.6230819291338578
20
-4.0513144488188972
11
5.6268714566929132
21
-4.0463758267716532
0
LINE
8
BLACK
6
CONTINUOUS
10
5.6268714566929132
20
-4.0463758267716532
11
5.629253661417323
21
-4.0406246850393703
0
LINE
8
BLACK
6
CONTINUOUS
10
5.629253661417323
20
-4.0406246850393703
11
5.6300661811023618
21
-4.0344529527559052
0
LINE
8
BLACK
6
CONTINUOUS
10
5.6300661811023618
20
-4.0344529527559052
11
5.6299869291338585
21
-4.0338511023622043
0
LINE
8
BLACK
6
CONTINUOUS
10
5.6299869291338585
20
-4.0338511023622043
11
5.6297883070866144
21
-4.0323424015748026
0
LINE
8
BLACK
6
CONTINUOUS
10
5.6297883070866144
20
-4.0323424015748026
11
5.629253661417323
21
-4.028281220472441
0
LINE
8
BLACK
6
CONTINUOUS
10
5.629253661417323
20
-4.028281220472441
11
5.626871496062992
21
-4.0225301574803147
0
LINE
8
BLACK
6
CONTINUOUS
10
5.626871496062992
20
-4.0225301574803147
11
5.626871496062992
21
-4.022530118110236
0
LINE
8
BLACK
6
CONTINUOUS
10
5.626871496062992
20
-4.022530118110236
11
5.6230820866141729
21
-4.0175916535433069
0
LINE
8
BLACK
6
CONTINUOUS
10
5.6230820866141729
20
-4.0175916535433069
11
5.6230820472440941
21
-4.0175916141732282
0
LINE
8
BLACK
6
CONTINUOUS
10
5.6230820472440941
20
-4.0175916141732282
11
5.6230819291338578
21
-4.0175914566929132
0
LINE
8
BLACK
6
CONTINUOUS
10
5.6230819291338578
20
-4.0175914566929132
11
5.6230817322834641
21
-4.0175912992125982
0
LINE
8
BLACK
6
CONTINUOUS
10
5.6230817322834641
20
-4.0175912992125982
11
5.6230816929133853
21
-4.0175912598425194
0
LINE
8
BLACK
6
CONTINUOUS
10
5.6230816929133853
20
-4.0175912598425194
11
5.6181431889763775
21
-4.0138018503937003
0
LINE
8
BLACK
6
CONTINUOUS
10
5.6181431889763775
20
-4.0138018503937003
11
5.612392322834646
21
-4.0114197637795277
0
LINE
8
BLACK
6
CONTINUOUS
10
5.612392322834646
20
-4.0114197637795277
11
5.6123920472440947
21
-4.0114196850393702
0
LINE
8
BLACK
6
CONTINUOUS
10
5.6123920472440947
20
-4.0114196850393702
11
5.6067200000000001
21
-4.0106729527559057
0
LINE
8
BLACK
6
CONTINUOUS
10
5.6067200000000001
20
-4.0106729527559057
11
5.6045458267716537
21
-4.0096359055118107
0
LINE
8
BLACK
6
CONTINUOUS
10
5.6045458267716537
20
-4.0096359055118107
11
5.6044727165354331
21
-4.009564724409449
0
LINE
8
BLACK
6
CONTINUOUS
10
5.6044727165354331
20
-4.009564724409449
11
5.4729695275590551
21
-3.878061535433071
0
LINE
8
BLACK
6
CONTINUOUS
10
5.4729695275590551
20
-3.878061535433071
11
5.4718759448818899
21
-3.8759151968503938
0
LINE
8
BLACK
6
CONTINUOUS
10
5.4718759448818899
20
-3.8759151968503938
11
5.4722527559055116
21
-3.8735359842519683
0
LINE
8
BLACK
6
CONTINUOUS
10
5.4722527559055116
20
-3.8735359842519683
11
5.4726332283464565
21
-3.8729329527559053
0
LINE
8
BLACK
6
CONTINUOUS
10
5.4726332283464565
20
-3.8729329527559053
11
5.472894724409449
21
-3.8725922047244095
0
LINE
8
BLACK
6
CONTINUOUS
10
5.472894724409449
20
-3.8725922047244095
11
5.4729393700787403
21
-3.8724844881889764
0
LINE
8
BLACK
6
CONTINUOUS
10
5.4729393700787403
20
-3.8724844881889764
11
5.4750822047244094
21
-3.8673111811023619
0
LINE
8
BLACK
6
CONTINUOUS
10
5.4750822047244094
20
-3.8673111811023619
11
5.4752769291338579
21
-3.8668410629921257
0
LINE
8
BLACK
6
CONTINUOUS
10
5.4752769291338579
20
-3.8668410629921257
11
5.4760894488188976
21
-3.8606693307086615
0
LINE
8
BLACK
6
CONTINUOUS
10
5.4760894488188976
20
-3.8606693307086615
11
5.4752769291338579
21
-3.8544975984251968
0
LINE
8
BLACK
6
CONTINUOUS
10
5.4752769291338579
20
-3.8544975984251968
11
5.4728947637795278
21
-3.848746535433071
0
LINE
8
BLACK
6
CONTINUOUS
10
5.4728947637795278
20
-3.848746535433071
11
5.4728947637795278
21
-3.8487464960629922
0
LINE
8
BLACK
6
CONTINUOUS
10
5.4728947637795278
20
-3.8487464960629922
11
5.4691053543307087
21
-3.8438080314960628
0
LINE
8
BLACK
6
CONTINUOUS
10
5.4691053543307087
20
-3.8438080314960628
11
5.4691053149606299
21
-3.843807992125984
0
LINE
8
BLACK
6
CONTINUOUS
10
5.4691053149606299
20
-3.843807992125984
11
5.4691051968503936
21
-3.843807834645669
0
LINE
8
BLACK
6
CONTINUOUS
10
5.4691051968503936
20
-3.843807834645669
11
5.4691049999999999
21
-3.8438076771653544
0
LINE
8
BLACK
6
CONTINUOUS
10
5.4691049999999999
20
-3.8438076771653544
11
5.4691049606299211
21
-3.8438076377952757
0
LINE
8
BLACK
6
CONTINUOUS
10
5.4691049606299211
20
-3.8438076377952757
11
5.4641664566929133
21
-3.8400182283464566
0
LINE
8
BLACK
6
CONTINUOUS
10
5.4641664566929133
20
-3.8400182283464566
11
5.4584155905511809
21
-3.8376361417322835
0
LINE
8
BLACK
6
CONTINUOUS
10
5.4584155905511809
20
-3.8376361417322835
11
5.4584152755905508
21
-3.837636062992126
0
LINE
8
BLACK
6
CONTINUOUS
10
5.4584152755905508
20
-3.837636062992126
11
5.4522437401574804
21
-3.8368235826771651
0
LINE
8
BLACK
6
CONTINUOUS
10
5.4522437401574804
20
-3.8368235826771651
11
5.4522436614173229
21
-3.8368235826771651
0
LINE
8
BLACK
6
CONTINUOUS
10
5.4522436614173229
20
-3.8368235826771651
11
5.4460720866141727
21
-3.837636062992126
0
LINE
8
BLACK
6
CONTINUOUS
10
4.8688283858267711
20
-4.0269667322834648
11
4.868828070866142
21
-4.0269668110236223
0
LINE
8
BLACK
6
CONTINUOUS
10
4.868828070866142
20
-4.0269668110236223
11
4.8630772047244095
21
-4.0293488976377949
0
LINE
8
BLACK
6
CONTINUOUS
10
4.8630772047244095
20
-4.0293488976377949
11
4.8630771653543308
21
-4.0293488976377949
0
LINE
8
BLACK
6
CONTINUOUS
10
4.8630771653543308
20
-4.0293488976377949
11
4.8581387007874017
21
-4.033138307086614
0
LINE
8
BLACK
6
CONTINUOUS
10
4.8581387007874017
20
-4.033138307086614
11
4.8581383070866142
21
-4.0331387007874016
0
LINE
8
BLACK
6
CONTINUOUS
10
4.8581383070866142
20
-4.0331387007874016
11
4.8543488976377951
21
-4.0380771653543306
0
LINE
8
BLACK
6
CONTINUOUS
10
4.8543488976377951
20
-4.0380771653543306
11
4.8543488976377951
21
-4.0380772047244093
0
LINE
8
BLACK
6
CONTINUOUS
10
4.8543488976377951
20
-4.0380772047244093
11
4.8519668110236216
21
-4.0438280708661418
0
LINE
8
BLACK
6
CONTINUOUS
10
4.8519668110236216
20
-4.0438280708661418
11
4.8519667322834641
21
-4.0438283858267718
0
LINE
8
BLACK
6
CONTINUOUS
10
4.8519667322834641
20
-4.0438283858267718
11
4.851154251968504
21
-4.0499999606299211
0
LINE
8
BLACK
6
CONTINUOUS
10
4.851154251968504
20
-4.0499999606299211
11
4.851154251968504
21
-4.0499999999999998
0
LINE
8
BLACK
6
CONTINUOUS
10
4.851154251968504
20
-4.0499999999999998
11
4.8519667322834641
21
-4.0561715748031499
0
LINE
8
BLACK
6
CONTINUOUS
10
4.8519667322834641
20
-4.0561715748031499
11
4.8519668110236216
21
-4.0561718897637791
0
LINE
8
BLACK
6
CONTINUOUS
10
4.8519668110236216
20
-4.0561718897637791
11
4.8543488976377951
21
-4.0619227559055116
0
LINE
8
BLACK
6
CONTINUOUS
10
4.8543488976377951
20
-4.0619227559055116
11
4.8543488976377951
21
-4.0619227952755903
0
LINE
8
BLACK
6
CONTINUOUS
10
4.8543488976377951
20
-4.0619227952755903
11
4.8581383070866142
21
-4.0668612598425193
0
LINE
8
BLACK
6
CONTINUOUS
10
4.8581383070866142
20
-4.0668612598425193
11
4.858138503937008
21
-4.0668614960629919
0
LINE
8
BLACK
6
CONTINUOUS
10
4.858138503937008
20
-4.0668614960629919
11
4.858138661417323
21
-4.0668616141732281
0
LINE
8
BLACK
6
CONTINUOUS
10
4.858138661417323
20
-4.0668616141732281
11
4.8581387007874017
21
-4.0668616535433069
0
LINE
8
BLACK
6
CONTINUOUS
10
4.8581387007874017
20
-4.0668616535433069
11
4.8592945669291341
21
-4.0677485433070864
0
LINE
8
BLACK
6
CONTINUOUS
10
4.8592945669291341
20
-4.0677485433070864
11
4.863077125984252
21
-4.0706510236220472
0
LINE
8
BLACK
6
CONTINUOUS
10
4.863077125984252
20
-4.0706510236220472
11
4.8688282677165358
21
-4.073033228346457
0
LINE
8
BLACK
6
CONTINUOUS
10
4.8688282677165358
20
-4.073033228346457
11
4.8734570472440941
21
-4.0736425984251969
0
LINE
8
BLACK
6
CONTINUOUS
10
4.8734570472440941
20
-4.0736425984251969
11
4.8749999606299212
21
-4.0738457480314958
0
LINE
8
BLACK
6
CONTINUOUS
10
4.8749999606299212
20
-4.0738457480314958
11
4.875
21
-4.0738457480314958
0
LINE
8
BLACK
6
CONTINUOUS
10
4.875
20
-4.0738457480314958
11
4.8750000393700788
21
-4.0738457480314958
0
LINE
8
BLACK
6
CONTINUOUS
10
4.8750000393700788
20
-4.0738457480314958
11
4.8762343307086615
21
-4.0736832283464564
0
LINE
8
BLACK
6
CONTINUOUS
10
4.8762343307086615
20
-4.0736832283464564
11
4.8811717322834642
21
-4.073033228346457
0
LINE
8
BLACK
6
CONTINUOUS
10
4.8811717322834642
20
-4.073033228346457
11
4.886922874015748
21
-4.0706510236220472
0
LINE
8
BLACK
6
CONTINUOUS
10
4.886922874015748
20
-4.0706510236220472
11
4.891861496062992
21
-4.0668614960629919
0
LINE
8
BLACK
6
CONTINUOUS
10
4.891861496062992
20
-4.0668614960629919
11
4.893041141732283
21
-4.0653240944881892
0
LINE
8
BLACK
6
CONTINUOUS
10
4.893041141732283
20
-4.0653240944881892
11
4.8950263385826771
21
-4.0639597244094485
0
LINE
8
BLACK
6
CONTINUOUS
10
4.8950263385826771
20
-4.0639597244094485
11
4.8961333464566925
21
-4.0637992125984255
0
LINE
8
BLACK
6
CONTINUOUS
10
4.8961333464566925
20
-4.0637992125984255
11
4.9240082677165349
21
-4.0637992125984255
0
LINE
8
BLACK
6
CONTINUOUS
10
4.9240082677165349
20
-4.0637992125984255
11
4.926299251968504
21
-4.0645435826771656
0
LINE
8
BLACK
6
CONTINUOUS
10
4.926299251968504
20
-4.0645435826771656
11
4.9267643307086617
21
-4.0649407874015751
0
LINE
8
BLACK
6
CONTINUOUS
10
4.9267643307086617
20
-4.0649407874015751
11
4.9385021653543308
21
-4.0766786220472442
0
LINE
8
BLACK
6
CONTINUOUS
10
4.9385021653543308
20
-4.0766786220472442
11
4.939595748031496
21
-4.0788249606299214
0
LINE
8
BLACK
6
CONTINUOUS
10
4.939595748031496
20
-4.0788249606299214
11
4.9392189370078743
21
-4.0812041732283459
0
LINE
8
BLACK
6
CONTINUOUS
10
4.9392189370078743
20
-4.0812041732283459
11
4.9375155905511807
21
-4.0829075196850395
0
LINE
8
BLACK
6
CONTINUOUS
10
4.9375155905511807
20
-4.0829075196850395
11
4.937237440944882
21
-4.0830357086614173
0
LINE
8
BLACK
6
CONTINUOUS
10
4.937237440944882
20
-4.0830357086614173
11
4.9368850393700789
21
-4.0831816535433072
0
LINE
8
BLACK
6
CONTINUOUS
10
4.9368850393700789
20
-4.0831816535433072
11
4.9344835826771654
21
-4.0833705118110233
0
LINE
8
BLACK
6
CONTINUOUS
10
4.9344835826771654
20
-4.0833705118110233
11
4.9339021653543309
21
-4.0831815748031497
0
LINE
8
BLACK
6
CONTINUOUS
10
4.9339021653543309
20
-4.0831815748031497
11
4.9335524803149609
21
-4.0830367322834649
0
LINE
8
BLACK
6
CONTINUOUS
10
4.9335524803149609
20
-4.0830367322834649
11
4.930472519685039
21
-4.0824240944881893
0
LINE
8
BLACK
6
CONTINUOUS
10
4.930472519685039
20
-4.0824240944881893
11
4.9304724409448815
21
-4.0824240944881893
0
LINE
8
BLACK
6
CONTINUOUS
10
4.9304724409448815
20
-4.0824240944881893
11
4.9059886220472437
21
-4.0824240944881893
0
LINE
8
BLACK
6
CONTINUOUS
10
4.9059886220472437
20
-4.0824240944881893
11
4.9055310236220473
21
-4.0824898818897637
0
LINE
8
BLACK
6
CONTINUOUS
10
4.9055310236220473
20
-4.0824898818897637
11
4.9037212598425199
21
-4.0827500787401574
0
LINE
8
BLACK
6
CONTINUOUS
10
4.9037212598425199
20
-4.0827500787401574
11
4.9037210629921262
21
-4.0827501181102361
0
LINE
8
BLACK
6
CONTINUOUS
10
4.9037210629921262
20
-4.0827501181102361
11
4.8982899212598427
21
-4.0843448425196849
0
LINE
8
BLACK
6
CONTINUOUS
10
4.8982899212598427
20
-4.0843448425196849
11
4.8962059448818893
21
-4.0852965354330708
0
LINE
8
BLACK
6
CONTINUOUS
10
4.8962059448818893
20
-4.0852965354330708
11
4.896205669291338
21
-4.0852966929133858
0
LINE
8
BLACK
6
CONTINUOUS
10
4.896205669291338
20
-4.0852966929133858
11
4.8914444488188975
21
-4.0883564960629917
0
LINE
8
BLACK
6
CONTINUOUS
10
4.8914444488188975
20
-4.0883564960629917
11
4.8914441338582675
21
-4.0883567322834642
0
LINE
8
BLACK
6
CONTINUOUS
10
4.8914441338582675
20
-4.0883567322834642
11
4.8897131102362206
21
-4.0898566929133855
0
LINE
8
BLACK
6
CONTINUOUS
10
4.8897131102362206
20
-4.0898566929133855
11
4.8897124409448818
21
-4.0898573622047243
0
LINE
8
BLACK
6
CONTINUOUS
10
4.8897124409448818
20
-4.0898573622047243
11
4.8860060629921263
21
-4.0941347637795271
0
LINE
8
BLACK
6
CONTINUOUS
10
4.8860060629921263
20
-4.0941347637795271
11
4.8860057086614175
21
-4.0941352755905509
0
LINE
8
BLACK
6
CONTINUOUS
10
4.8860057086614175
20
-4.0941352755905509
11
4.8847677165354328
21
-4.0960616535433072
0
LINE
8
BLACK
6
CONTINUOUS
10
4.8847677165354328
20
-4.0960616535433072
11
4.8847673228346453
21
-4.0960623622047247
0
LINE
8
BLACK
6
CONTINUOUS
10
4.8847673228346453
20
-4.0960623622047247
11
4.8847207874015748
21
-4.0961642913385825
0
LINE
8
BLACK
6
CONTINUOUS
10
4.8847207874015748
20
-4.0961642913385825
11
4.8830917322834644
21
-4.0979388188976378
0
LINE
8
BLACK
6
CONTINUOUS
10
4.8830917322834644
20
-4.0979388188976378
11
4.8826674803149608
21
-4.0981455118110235
0
LINE
8
BLACK
6
CONTINUOUS
10
4.8826674803149608
20
-4.0981455118110235
11
4.8824275196850389
21
-4.0982449212598429
0
LINE
8
BLACK
6
CONTINUOUS
10
4.8824275196850389
20
-4.0982449212598429
11
4.8774890944881886
21
-4.1020342913385823
0
LINE
8
BLACK
6
CONTINUOUS
10
4.8774890944881886
20
-4.1020342913385823
11
4.877488700787401
21
-4.1020346850393699
0
LINE
8
BLACK
6
CONTINUOUS
10
4.877488700787401
20
-4.1020346850393699
11
4.8736992913385828
21
-4.1069731496062989
0
LINE
8
BLACK
6
CONTINUOUS
10
4.8736992913385828
20
-4.1069731496062989
11
4.8736992913385828
21
-4.1069731889763776
0
LINE
8
BLACK
6
CONTINUOUS
10
4.8736992913385828
20
-4.1069731889763776
11
4.8713172047244093
21
-4.1127240551181101
0
LINE
8
BLACK
6
CONTINUOUS
10
4.8713172047244093
20
-4.1127240551181101
11
4.8713171259842518
21
-4.1127243700787401
0
LINE
8
BLACK
6
CONTINUOUS
10
4.8713171259842518
20
-4.1127243700787401
11
4.8705046456692909
21
-4.1188959448818894
0
LINE
8
BLACK
6
CONTINUOUS
10
4.8705046456692909
20
-4.1188959448818894
11
4.8705046456692909
21
-4.1188959842519681
0
LINE
8
BLACK
6
CONTINUOUS
10
4.8705046456692909
20
-4.1188959842519681
11
4.8713171259842518
21
-4.1250675590551182
0
LINE
8
BLACK
6
CONTINUOUS
10
4.8713171259842518
20
-4.1250675590551182
11
4.8713172047244093
21
-4.1250678740157483
0
LINE
8
BLACK
6
CONTINUOUS
10
4.8713172047244093
20
-4.1250678740157483
11
4.8736992913385828
21
-4.1308187401574799
0
LINE
8
BLACK
6
CONTINUOUS
10
4.8736992913385828
20
-4.1308187401574799
11
4.8736992913385828
21
-4.1308187795275586
0
LINE
8
BLACK
6
CONTINUOUS
10
4.8736992913385828
20
-4.1308187795275586
11
4.877488700787401
21
-4.1357572440944885
0
LINE
8
BLACK
6
CONTINUOUS
10
4.877488700787401
20
-4.1357572440944885
11
4.8774888976377948
21
-4.1357574803149602
0
LINE
8
BLACK
6
CONTINUOUS
10
4.8774888976377948
20
-4.1357574803149602
11
4.8774890551181098
21
-4.1357575984251964
0
LINE
8
BLACK
6
CONTINUOUS
10
4.8774890551181098
20
-4.1357575984251964
11
4.8800528346456691
21
-4.1377248425196846
0
LINE
8
BLACK
6
CONTINUOUS
10
4.8800528346456691
20
-4.1377248425196846
11
4.8809430708661417
21
-4.1386852362204722
0
LINE
8
BLACK
6
CONTINUOUS
10
4.8809430708661417
20
-4.1386852362204722
11
4.8814590551181105
21
-4.139475
0
LINE
8
BLACK
6
CONTINUOUS
10
4.8814590551181105
20
-4.139475
11
4.8814591732283468
21
-4.139475157480315
0
LINE
8
BLACK
6
CONTINUOUS
10
4.8814591732283468
20
-4.139475157480315
11
4.8826754724409449
21
-4.1404218110236224
0
LINE
8
BLACK
6
CONTINUOUS
10
4.8826754724409449
20
-4.1404218110236224
11
4.8838269291338579
21
-4.1418784645669291
0
LINE
8
BLACK
6
CONTINUOUS
10
4.8838269291338579
20
-4.1418784645669291
11
4.8847673622047241
21
-4.143937716535433
0
LINE
8
BLACK
6
CONTINUOUS
10
4.8847673622047241
20
-4.143937716535433
11
4.8847676771653541
21
-4.1439382283464568
0
LINE
8
BLACK
6
CONTINUOUS
10
4.8847676771653541
20
-4.1439382283464568
11
4.8860057086614175
21
-4.1458646850393697
0
LINE
8
BLACK
6
CONTINUOUS
10
4.8860057086614175
20
-4.1458646850393697
11
4.8860060629921263
21
-4.1458651968503935
0
LINE
8
BLACK
6
CONTINUOUS
10
4.8860060629921263
20
-4.1458651968503935
11
4.8897124409448818
21
-4.1501425984251972
0
LINE
8
BLACK
6
CONTINUOUS
10
4.8897124409448818
20
-4.1501425984251972
11
4.8897127952755906
21
-4.1501429921259838
0
LINE
8
BLACK
6
CONTINUOUS
10
4.8897127952755906
20
-4.1501429921259838
11
4.8897130708661418
21
-4.1501432283464563
0
LINE
8
BLACK
6
CONTINUOUS
10
4.8897130708661418
20
-4.1501432283464563
11
4.8897131102362206
21
-4.1501432677165351
0
LINE
8
BLACK
6
CONTINUOUS
10
4.8897131102362206
20
-4.1501432677165351
11
4.8914441338582675
21
-4.1516432283464564
0
LINE
8
BLACK
6
CONTINUOUS
10
4.8914441338582675
20
-4.1516432283464564
11
4.8914444488188975
21
-4.1516434645669289
0
LINE
8
BLACK
6
CONTINUOUS
10
4.8914444488188975
20
-4.1516434645669289
11
4.896205669291338
21
-4.1547032677165356
0
LINE
8
BLACK
6
CONTINUOUS
10
4.896205669291338
20
-4.1547032677165356
11
4.8962058661417318
21
-4.1547033858267719
0
LINE
8
BLACK
6
CONTINUOUS
10
4.8962058661417318
20
-4.1547033858267719
11
4.8962060629921256
21
-4.1547035039370082
0
LINE
8
BLACK
6
CONTINUOUS
10
4.8962060629921256
20
-4.1547035039370082
11
4.8982898425196852
21
-4.1556551181102357
0
LINE
8
BLACK
6
CONTINUOUS
10
4.8982898425196852
20
-4.1556551181102357
11
4.9037211417322837
21
-4.1572498818897641
0
LINE
8
BLACK
6
CONTINUOUS
10
4.9037211417322837
20
-4.1572498818897641
11
4.9059886220472437
21
-4.1575759055118109
0
LINE
8
BLACK
6
CONTINUOUS
10
4.9059886220472437
20
-4.1575759055118109
11
4.9059886614173225
21
-4.1575759055118109
0
LINE
8
BLACK
6
CONTINUOUS
10
4.9059886614173225
20
-4.1575759055118109
11
4.9304724015748027
21
-4.1575759055118109
0
LINE
8
BLACK
6
CONTINUOUS
10
4.9304724015748027
20
-4.1575759055118109
11
4.9304724409448815
21
-4.1575759055118109
0
LINE
8
BLACK
6
CONTINUOUS
10
4.9304724409448815
20
-4.1575759055118109
11
4.9335524015748033
21
-4.1569632677165353
0
LINE
8
BLACK
6
CONTINUOUS
10
4.9335524015748033
20
-4.1569632677165353
11
4.9335526771653546
21
-4.1569630708661416
0
LINE
8
BLACK
6
CONTINUOUS
10
4.9335526771653546
20
-4.1569630708661416
11
4.9339020472440946
21
-4.1568183858267718
0
LINE
8
BLACK
6
CONTINUOUS
10
4.9339020472440946
20
-4.1568183858267718
11
4.9363035039370073
21
-4.1566293700787398
0
LINE
8
BLACK
6
CONTINUOUS
10
4.9363035039370073
20
-4.1566293700787398
11
4.936885196850394
21
-4.1568183858267718
0
LINE
8
BLACK
6
CONTINUOUS
10
4.936885196850394
20
-4.1568183858267718
11
4.9372348031496065
21
-4.1569631889763778
0
LINE
8
BLACK
6
CONTINUOUS
10
4.9372348031496065
20
-4.1569631889763778
11
4.937234881889764
21
-4.1569631889763778
0
LINE
8
BLACK
6
CONTINUOUS
10
4.937234881889764
20
-4.1569631889763778
11
4.9372350000000003
21
-4.1569632677165353
0
LINE
8
BLACK
6
CONTINUOUS
10
4.9372350000000003
20
-4.1569632677165353
11
4.9395374803149608
21
-4.1574212598425193
0
LINE
8
BLACK
6
CONTINUOUS
10
4.9395374803149608
20
-4.1574212598425193
11
4.9395375196850395
21
-4.1574212598425193
0
LINE
8
BLACK
6
CONTINUOUS
10
4.9395375196850395
20
-4.1574212598425193
11
4.9804624803149604
21
-4.1574212598425193
0
LINE
8
BLACK
6
CONTINUOUS
10
4.9804624803149604
20
-4.1574212598425193
11
4.9804625196850392
21
-4.1574212598425193
0
LINE
8
BLACK
6
CONTINUOUS
10
4.9804625196850392
20
-4.1574212598425193
11
4.9827649999999997
21
-4.1569632677165353
0
LINE
8
BLACK
6
CONTINUOUS
10
4.9827649999999997
20
-4.1569632677165353
11
4.9853760629921258
21
-4.1552185826771648
0
LINE
8
BLACK
6
CONTINUOUS
10
4.9853760629921258
20
-4.1552185826771648
11
4.9871207480314963
21
-4.1526075196850396
0
LINE
8
BLACK
6
CONTINUOUS
10
4.9871207480314963
20
-4.1526075196850396
11
4.9875787401574803
21
-4.1503050393700782
0
LINE
8
BLACK
6
CONTINUOUS
10
4.9875787401574803
20
-4.1503050393700782
11
4.9875787401574803
21
-4.1318110236220473
0
LINE
8
BLACK
6
CONTINUOUS
10
4.9875787401574803
20
-4.1318110236220473
11
4.9796850393700787
21
-4.1318110236220473
0
LINE
8
BLACK
6
CONTINUOUS
10
4.9796850393700787
20
-4.1318110236220473
11
4.9796850393700787
21
-4.1495275590551177
0
LINE
8
BLACK
6
CONTINUOUS
10
4.9796850393700787
20
-4.1495275590551177
11
4.9403149606299213
21
-4.1495275590551177
0
LINE
8
BLACK
6
CONTINUOUS
10
4.9403149606299213
20
-4.1495275590551177
11
4.9403149606299213
21
-4.0904724409448816
0
LINE
8
BLACK
6
CONTINUOUS
10
4.9403149606299213
20
-4.0904724409448816
11
4.9540944881889759
21
-4.0904724409448816
0
LINE
8
BLACK
6
CONTINUOUS
10
4.9540944881889759
20
-4.0904724409448816
11
4.9540944881889759
21
-4.081107559055118
0
LINE
8
BLACK
6
CONTINUOUS
10
4.9540944881889759
20
-4.081107559055118
11
4.9288924409448818
21
-4.0559055118110239
0
LINE
8
BLACK
6
CONTINUOUS
10
4.9288924409448818
20
-4.0559055118110239
11
4.8894478346456696
21
-4.0559055118110239
0
LINE
8
BLACK
6
CONTINUOUS
10
4.8894478346456696
20
-4.0559055118110239
11
4.8877404330708663
21
-4.0592564566929132
0
LINE
8
BLACK
6
CONTINUOUS
10
4.8877404330708663
20
-4.0592564566929132
11
4.8842564566929134
21
-4.0627404330708661
0
LINE
8
BLACK
6
CONTINUOUS
10
4.8842564566929134
20
-4.0627404330708661
11
4.8798664173228348
21
-4.0649772834645672
0
LINE
8
BLACK
6
CONTINUOUS
10
4.8798664173228348
20
-4.0649772834645672
11
4.875
21
-4.0657480314960628
0
LINE
8
BLACK
6
CONTINUOUS
10
4.875
20
-4.0657480314960628
11
4.8701335826771652
21
-4.0649772834645672
0
LINE
8
BLACK
6
CONTINUOUS
10
4.8701335826771652
20
-4.0649772834645672
11
4.8657435433070866
21
-4.0627404330708661
0
LINE
8
BLACK
6
CONTINUOUS
10
4.8657435433070866
20
-4.0627404330708661
11
4.8622595669291337
21
-4.0592564566929132
0
LINE
8
BLACK
6
CONTINUOUS
10
4.8622595669291337
20
-4.0592564566929132
11
4.8600227165354326
21
-4.0548664173228346
0
LINE
8
BLACK
6
CONTINUOUS
10
4.8600227165354326
20
-4.0548664173228346
11
4.859251968503937
21
-4.0499999999999998
0
LINE
8
BLACK
6
CONTINUOUS
10
4.859251968503937
20
-4.0499999999999998
11
4.8600227165354326
21
-4.0451335826771651
0
LINE
8
BLACK
6
CONTINUOUS
10
4.8600227165354326
20
-4.0451335826771651
11
4.8622595669291337
21
-4.0407435433070864
0
LINE
8
BLACK
6
CONTINUOUS
10
4.8622595669291337
20
-4.0407435433070864
11
4.8657435433070866
21
-4.0372595669291336
0
LINE
8
BLACK
6
CONTINUOUS
10
4.8657435433070866
20
-4.0372595669291336
11
4.8701335826771652
21
-4.0350227165354333
0
LINE
8
BLACK
6
CONTINUOUS
10
4.8701335826771652
20
-4.0350227165354333
11
4.875
21
-4.0342519685039369
0
LINE
8
BLACK
6
CONTINUOUS
10
4.875
20
-4.0342519685039369
11
4.8798664173228348
21
-4.0350227165354333
0
LINE
8
BLACK
6
CONTINUOUS
10
4.8798664173228348
20
-4.0350227165354333
11
4.8842564566929134
21
-4.0372595669291336
0
LINE
8
BLACK
6
CONTINUOUS
10
4.8842564566929134
20
-4.0372595669291336
11
4.8877404330708663
21
-4.0407435433070864
0
LINE
8
BLACK
6
CONTINUOUS
10
4.8877404330708663
20
-4.0407435433070864
11
4.8894478346456696
21
-4.0440944881889767
0
LINE
8
BLACK
6
CONTINUOUS
10
4.8894478346456696
20
-4.0440944881889767
11
4.9313385826771654
21
-4.0440944881889767
0
LINE
8
BLACK
6
CONTINUOUS
10
4.9313385826771654
20
-4.0440944881889767
11
4.9320895669291334
21
-4.0442957086614175
0
LINE
8
BLACK
6
CONTINUOUS
10
4.9320895669291334
20
-4.0442957086614175
11
4.9328670472440947
21
-4.0442957086614175
0
LINE
8
BLACK
6
CONTINUOUS
10
4.9328670472440947
20
-4.0442957086614175
11
4.9335403543307086
21
-4.044684409448819
0
LINE
8
BLACK
6
CONTINUOUS
10
4.9335403543307086
20
-4.044684409448819
11
4.9342913385826774
21
-4.0448856692913386
0
LINE
8
BLACK
6
CONTINUOUS
10
4.9342913385826774
20
-4.0448856692913386
11
4.9348411023622045
21
-4.0454354330708657
0
LINE
8
BLACK
6
CONTINUOUS
10
4.9348411023622045
20
-4.0454354330708657
11
4.9355144094488184
21
-4.045824173228346
0
LINE
8
BLACK
6
CONTINUOUS
10
4.9355144094488184
20
-4.045824173228346
11
4.9641758267716538
21
-4.0744855905511814
0
LINE
8
BLACK
6
CONTINUOUS
10
4.9641758267716538
20
-4.0744855905511814
11
4.9645645275590553
21
-4.0751588582677165
0
LINE
8
BLACK
6
CONTINUOUS
10
4.9645645275590553
20
-4.0751588582677165
11
4.9651143307086612
21
-4.0757086614173224
0
LINE
8
BLACK
6
CONTINUOUS
10
4.9651143307086612
20
-4.0757086614173224
11
4.965315551181102
21
-4.0764596062992124
0
LINE
8
BLACK
6
CONTINUOUS
10
4.965315551181102
20
-4.0764596062992124
11
4.9657042913385823
21
-4.077132952755905
0
LINE
8
BLACK
6
CONTINUOUS
10
4.9657042913385823
20
-4.077132952755905
11
4.9657042913385823
21
-4.0779104330708664
0
LINE
8
BLACK
6
CONTINUOUS
10
4.9657042913385823
20
-4.0779104330708664
11
4.9659055118110231
21
-4.0786614173228344
0
LINE
8
BLACK
6
CONTINUOUS
10
4.9659055118110231
20
-4.0786614173228344
11
4.9659055118110231
21
-4.0904724409448816
0
LINE
8
BLACK
6
CONTINUOUS
10
4.9659055118110231
20
-4.0904724409448816
11
4.9796850393700787
21
-4.0904724409448816
0
LINE
8
BLACK
6
CONTINUOUS
10
4.9796850393700787
20
-4.0904724409448816
11
4.9796850393700787
21
-4.1081889763779529
0
LINE
8
BLACK
6
CONTINUOUS
10
4.9796850393700787
20
-4.1081889763779529
11
4.9875787401574803
21
-4.1081889763779529
0
LINE
8
BLACK
6
CONTINUOUS
10
4.9875787401574803
20
-4.1081889763779529
11
4.9875787401574803
21
-4.0896949606299211
0
LINE
8
BLACK
6
CONTINUOUS
10
4.9875787401574803
20
-4.0896949606299211
11
4.9871207480314963
21
-4.0873924803149606
0
LINE
8
BLACK
6
CONTINUOUS
10
4.9871207480314963
20
-4.0873924803149606
11
4.9853760629921258
21
-4.0847814173228345
0
LINE
8
BLACK
6
CONTINUOUS
10
4.9853760629921258
20
-4.0847814173228345
11
4.9853759055118108
21
-4.0847812992125982
0
LINE
8
BLACK
6
CONTINUOUS
10
4.9853759055118108
20
-4.0847812992125982
11
4.9827650787401572
21
-4.0830367716535436
0
LINE
8
BLACK
6
CONTINUOUS
10
4.9827650787401572
20
-4.0830367716535436
11
4.9827649999999997
21
-4.0830367322834649
0
LINE
8
BLACK
6
CONTINUOUS
10
4.9827649999999997
20
-4.0830367322834649
11
4.9827648818897634
21
-4.0830366929133861
0
LINE
8
BLACK
6
CONTINUOUS
10
4.9827648818897634
20
-4.0830366929133861
11
4.9827648425196847
21
-4.0830366929133861
0
LINE
8
BLACK
6
CONTINUOUS
10
4.9827648425196847
20
-4.0830366929133861
11
4.9804629133858267
21
-4.0825787795275588
0
LINE
8
BLACK
6
CONTINUOUS
10
4.9804629133858267
20
-4.0825787795275588
11
4.9804625196850392
21
-4.08257874015748
0
LINE
8
BLACK
6
CONTINUOUS
10
4.9804625196850392
20
-4.08257874015748
11
4.9804624803149604
21
-4.08257874015748
0
LINE
8
BLACK
6
CONTINUOUS
10
4.9804624803149604
20
-4.08257874015748
11
4.9778362204724411
21
-4.08257874015748
0
LINE
8
BLACK
6
CONTINUOUS
10
4.9778362204724411
20
-4.08257874015748
11
4.975545236220472
21
-4.0818343700787398
0
LINE
8
BLACK
6
CONTINUOUS
10
4.975545236220472
20
-4.0818343700787398
11
4.9741293307086609
21
-4.0798855511811025
0
LINE
8
BLACK
6
CONTINUOUS
10
4.9741293307086609
20
-4.0798855511811025
11
4.9739685039370078
21
-4.079163188976378
0
LINE
8
BLACK
6
CONTINUOUS
10
4.9739685039370078
20
-4.079163188976378
11
4.9739427165354329
21
-4.0789564173228348
0
LINE
8
BLACK
6
CONTINUOUS
10
4.9739427165354329
20
-4.0789564173228348
11
4.9738291338582679
21
-4.0780449999999995
0
LINE
8
BLACK
6
CONTINUOUS
10
4.9738291338582679
20
-4.0780449999999995
11
4.9737992125984247
21
-4.0775629133858269
0
LINE
8
BLACK
6
CONTINUOUS
10
4.9737992125984247
20
-4.0775629133858269
11
4.9737992125984247
21
-4.0775180708661418
0
LINE
8
BLACK
6
CONTINUOUS
10
4.9737992125984247
20
-4.0775180708661418
11
4.9737768897637791
21
-4.0773844488188979
0
LINE
8
BLACK
6
CONTINUOUS
10
4.9737768897637791
20
-4.0773844488188979
11
4.9736709842519682
21
-4.0767498818897634
0
LINE
8
BLACK
6
CONTINUOUS
10
4.9736709842519682
20
-4.0767498818897634
11
4.973647952755905
21
-4.0765916929133859
0
LINE
8
BLACK
6
CONTINUOUS
10
4.973647952755905
20
-4.0765916929133859
11
4.9736127165354329
21
-4.0763090157480315
0
LINE
8
BLACK
6
CONTINUOUS
10
4.9736127165354329
20
-4.0763090157480315
11
4.9734083858267715
21
-4.074669566929134
0
LINE
8
BLACK
6
CONTINUOUS
10
4.9734083858267715
20
-4.074669566929134
11
4.973408307086614
21
-4.0746694488188977
0
LINE
8
BLACK
6
CONTINUOUS
10
4.973408307086614
20
-4.0746694488188977
11
4.9733258661417326
21
-4.0743924803149607
0
LINE
8
BLACK
6
CONTINUOUS
10
4.9733258661417326
20
-4.0743924803149607
11
4.973231929133858
21
-4.0741187401574805
0
LINE
8
BLACK
6
CONTINUOUS
10
4.973231929133858
20
-4.0741187401574805
11
4.9723105118110231
21
-4.072416181102362
0
LINE
8
BLACK
6
CONTINUOUS
10
4.9723105118110231
20
-4.072416181102362
11
4.9722367322834646
21
-4.0722728346456689
0
LINE
8
BLACK
6
CONTINUOUS
10
4.9722367322834646
20
-4.0722728346456689
11
4.9713857874015748
21
-4.0705321653543303
0
LINE
8
BLACK
6
CONTINUOUS
10
4.9713857874015748
20
-4.0705321653543303
11
4.9712184251968505
21
-4.0702977165354328
0
LINE
8
BLACK
6
CONTINUOUS
10
4.9712184251968505
20
-4.0702977165354328
11
4.9710401181102357
21
-4.070068622047244
0
LINE
8
BLACK
6
CONTINUOUS
10
4.9710401181102357
20
-4.070068622047244
11
4.9703605905511807
21
-4.069443070866142
0
LINE
8
BLACK
6
CONTINUOUS
10
4.9703605905511807
20
-4.069443070866142
11
4.9696150000000001
21
-4.0687566929133858
0
LINE
8
BLACK
6
CONTINUOUS
10
4.9696150000000001
20
-4.0687566929133858
11
4.9694997637795275
21
-4.068646141732283
0
LINE
8
BLACK
6
CONTINUOUS
10
4.9694997637795275
20
-4.068646141732283
11
4.9423937401574802
21
-4.0415401181102357
0
LINE
8
BLACK
6
CONTINUOUS
10
4.9423937401574802
20
-4.0415401181102357
11
4.9418868110236218
21
-4.0409158267716538
0
LINE
8
BLACK
6
CONTINUOUS
10
4.9418868110236218
20
-4.0409158267716538
11
4.9416313779527554
21
-4.0405248425196847
0
LINE
8
BLACK
6
CONTINUOUS
10
4.9416313779527554
20
-4.0405248425196847
11
4.9406814173228346
21
-4.0397854724409452
0
LINE
8
BLACK
6
CONTINUOUS
10
4.9406814173228346
20
-4.0397854724409452
11
4.940319645669291
21
-4.0394660236220474
0
LINE
8
BLACK
6
CONTINUOUS
10
4.940319645669291
20
-4.0394660236220474
11
4.9402876771653546
21
-4.03943405511811
0
LINE
8
BLACK
6
CONTINUOUS
10
4.9402876771653546
20
-4.03943405511811
11
4.9396545275590551
21
-4.038982007874016
0
LINE
8
BLACK
6
CONTINUOUS
10
4.9396545275590551
20
-4.038982007874016
11
4.9395260236220473
21
-4.0388862204724409
0
LINE
8
BLACK
6
CONTINUOUS
10
4.9395260236220473
20
-4.0388862204724409
11
4.9379970866141729
21
-4.0376961811023619
0
LINE
8
BLACK
6
CONTINUOUS
10
4.9379970866141729
20
-4.0376961811023619
11
4.9379970078740154
21
-4.0376961417322832
0
LINE
8
BLACK
6
CONTINUOUS
10
4.9379970078740154
20
-4.0376961417322832
11
4.9377431889763779
21
-4.0375587795275587
0
LINE
8
BLACK
6
CONTINUOUS
10
4.9377431889763779
20
-4.0375587795275587
11
4.9374830708661417
21
-4.0374316141732285
0
LINE
8
BLACK
6
CONTINUOUS
10
4.9374830708661417
20
-4.0374316141732285
11
4.9374829133858267
21
-4.0374314960629922
0
LINE
8
BLACK
6
CONTINUOUS
10
4.9374829133858267
20
-4.0374314960629922
11
4.9356263385826766
21
-4.0368787401574799
0
LINE
8
BLACK
6
CONTINUOUS
10
4.9356263385826766
20
-4.0368787401574799
11
4.9354730314960626
21
-4.0368296062992126
0
LINE
8
BLACK
6
CONTINUOUS
10
4.9354730314960626
20
-4.0368296062992126
11
4.9336412204724409
21
-4.0362007480314963
0
LINE
8
BLACK
6
CONTINUOUS
10
4.9336412204724409
20
-4.0362007480314963
11
4.9333566929133861
21
-4.0361532677165357
0
LINE
8
BLACK
6
CONTINUOUS
10
4.9333566929133861
20
-4.0361532677165357
11
4.9330690944881885
21
-4.0361174409448815
0
LINE
8
BLACK
6
CONTINUOUS
10
4.9330690944881885
20
-4.0361174409448815
11
4.9330690551181098
21
-4.0361174409448815
0
LINE
8
BLACK
6
CONTINUOUS
10
4.9330690551181098
20
-4.0361174409448815
11
4.9330689763779523
21
-4.0361174409448815
0
LINE
8
BLACK
6
CONTINUOUS
10
4.9330689763779523
20
-4.0361174409448815
11
4.9311348031496065
21
-4.036197440944882
0
LINE
8
BLACK
6
CONTINUOUS
10
4.9311348031496065
20
-4.036197440944882
11
4.93097374015748
21
-4.0362007874015751
0
LINE
8
BLACK
6
CONTINUOUS
10
4.93097374015748
20
-4.0362007874015751
11
4.8961333464566925
21
-4.0362007874015751
0
LINE
8
BLACK
6
CONTINUOUS
10
4.8961333464566925
20
-4.0362007874015751
11
4.8938423622047242
21
-4.0354564173228349
0
LINE
8
BLACK
6
CONTINUOUS
10
4.8938423622047242
20
-4.0354564173228349
11
4.893041141732283
21
-4.0346758661417326
0
LINE
8
BLACK
6
CONTINUOUS
10
4.893041141732283
20
-4.0346758661417326
11
4.8930317322834647
21
-4.034663622047244
0
LINE
8
BLACK
6
CONTINUOUS
10
4.8930317322834647
20
-4.034663622047244
11
4.891861496062992
21
-4.0331385039370078
0
LINE
8
BLACK
6
CONTINUOUS
10
4.891861496062992
20
-4.0331385039370078
11
4.8918612992125983
21
-4.0331383464566928
0
LINE
8
BLACK
6
CONTINUOUS
10
4.8918612992125983
20
-4.0331383464566928
11
4.8918612598425195
21
-4.033138307086614
0
LINE
8
BLACK
6
CONTINUOUS
10
4.8918612598425195
20
-4.033138307086614
11
4.8869227559055117
21
-4.0293488976377949
0
LINE
8
BLACK
6
CONTINUOUS
10
4.8869227559055117
20
-4.0293488976377949
11
4.8811718897637792
21
-4.0269668110236223
0
LINE
8
BLACK
6
CONTINUOUS
10
4.8811718897637792
20
-4.0269668110236223
11
4.8811715748031492
21
-4.0269667322834648
0
LINE
8
BLACK
6
CONTINUOUS
10
4.8811715748031492
20
-4.0269667322834648
11
4.8750000393700788
21
-4.0261542519685038
0
LINE
8
BLACK
6
CONTINUOUS
10
4.8750000393700788
20
-4.0261542519685038
11
4.8749999606299212
21
-4.0261542519685038
0
LINE
8
BLACK
6
CONTINUOUS
10
4.8749999606299212
20
-4.0261542519685038
11
4.8688283858267711
21
-4.0269667322834648
0
LINE
8
BLACK
6
CONTINUOUS
10
5.1739667322834642
20
-3.8121715748031497
11
5.1739668110236217
21
-3.8121718897637793
0
LINE
8
BLACK
6
CONTINUOUS
10
5.1739668110236217
20
-3.8121718897637793
11
5.1763488976377952
21
-3.8179227559055118
0
LINE
8
BLACK
6
CONTINUOUS
10
5.1763488976377952
20
-3.8179227559055118
11
5.1763488976377952
21
-3.8179227952755905
0
LINE
8
BLACK
6
CONTINUOUS
10
5.1763488976377952
20
-3.8179227952755905
11
5.1801383070866143
21
-3.8228612598425196
0
LINE
8
BLACK
6
CONTINUOUS
10
5.1801383070866143
20
-3.8228612598425196
11
5.180138503937008
21
-3.8228614960629921
0
LINE
8
BLACK
6
CONTINUOUS
10
5.180138503937008
20
-3.8228614960629921
11
5.180138661417323
21
-3.8228616141732283
0
LINE
8
BLACK
6
CONTINUOUS
10
5.180138661417323
20
-3.8228616141732283
11
5.1816758661417319
21
-3.8240411417322835
0
LINE
8
BLACK
6
CONTINUOUS
10
5.1816758661417319
20
-3.8240411417322835
11
5.1830402755905514
21
-3.8260263385826772
0
LINE
8
BLACK
6
CONTINUOUS
10
5.1830402755905514
20
-3.8260263385826772
11
5.1832007874015744
21
-3.827133346456693
0
LINE
8
BLACK
6
CONTINUOUS
10
5.1832007874015744
20
-3.827133346456693
11
5.1832007874015744
21
-3.9901646062992127
0
LINE
8
BLACK
6
CONTINUOUS
10
5.1832007874015744
20
-3.9901646062992127
11
5.1831178346456692
21
-3.9909644094488188
0
LINE
8
BLACK
6
CONTINUOUS
10
5.1831178346456692
20
-3.9909644094488188
11
5.183092716535433
21
-3.9910843307086612
0
LINE
8
BLACK
6
CONTINUOUS
10
5.183092716535433
20
-3.9910843307086612
11
5.183021929133858
21
-3.9914218503937007
0
LINE
8
BLACK
6
CONTINUOUS
10
5.183021929133858
20
-3.9914218503937007
11
5.1831381889763781
21
-3.9923546062992123
0
LINE
8
BLACK
6
CONTINUOUS
10
5.1831381889763781
20
-3.9923546062992123
11
5.1831708661417322
21
-3.9926166141732282
0
LINE
8
BLACK
6
CONTINUOUS
10
5.1831708661417322
20
-3.9926166141732282
11
5.1832007874015744
21
-3.9930987007874017
0
LINE
8
BLACK
6
CONTINUOUS
10
5.1832007874015744
20
-3.9930987007874017
11
5.1832007874015744
21
-3.9931433858267718
0
LINE
8
BLACK
6
CONTINUOUS
10
5.1832007874015744
20
-3.9931433858267718
11
5.1833287795275593
21
-3.9939105511811022
0
LINE
8
BLACK
6
CONTINUOUS
10
5.1833287795275593
20
-3.9939105511811022
11
5.1833518503937004
21
-3.9940687795275589
0
LINE
8
BLACK
6
CONTINUOUS
10
5.1833518503937004
20
-3.9940687795275589
11
5.1834679527559056
21
-3.9949999606299214
0
LINE
8
BLACK
6
CONTINUOUS
10
5.1834679527559056
20
-3.9949999606299214
11
5.1835916141732286
21
-3.9959918503937009
0
LINE
8
BLACK
6
CONTINUOUS
10
5.1835916141732286
20
-3.9959918503937009
11
5.1836742913385825
21
-3.9962696062992125
0
LINE
8
BLACK
6
CONTINUOUS
10
5.1836742913385825
20
-3.9962696062992125
11
5.1837679921259845
21
-3.9965425196850393
0
LINE
8
BLACK
6
CONTINUOUS
10
5.1837679921259845
20
-3.9965425196850393
11
5.1846898425196848
21
-3.9982459055118111
0
LINE
8
BLACK
6
CONTINUOUS
10
5.1846898425196848
20
-3.9982459055118111
11
5.1847635826771654
21
-3.9983891732283463
0
LINE
8
BLACK
6
CONTINUOUS
10
5.1847635826771654
20
-3.9983891732283463
11
5.1856142125984253
21
-4.0001292125984254
0
LINE
8
BLACK
6
CONTINUOUS
10
5.1856142125984253
20
-4.0001292125984254
11
5.1857825984251971
21
-4.0003650393700783
0
LINE
8
BLACK
6
CONTINUOUS
10
5.1857825984251971
20
-4.0003650393700783
11
5.1859598818897634
21
-4.0005928346456692
0
LINE
8
BLACK
6
CONTINUOUS
10
5.1859598818897634
20
-4.0005928346456692
11
5.1873844094488186
21
-4.0019042125984248
0
LINE
8
BLACK
6
CONTINUOUS
10
5.1873844094488186
20
-4.0019042125984248
11
5.1875006692913388
21
-4.0020157086614176
0
LINE
8
BLACK
6
CONTINUOUS
10
5.1875006692913388
20
-4.0020157086614176
11
5.2402988976377953
21
-4.0548139370078742
0
LINE
8
BLACK
6
CONTINUOUS
10
5.2402988976377953
20
-4.0548139370078742
11
5.2413924803149605
21
-4.0569602755905514
0
LINE
8
BLACK
6
CONTINUOUS
10
5.2413924803149605
20
-4.0569602755905514
11
5.2414071259842521
21
-4.058078622047244
0
LINE
8
BLACK
6
CONTINUOUS
10
5.2414071259842521
20
-4.058078622047244
11
5.2411542519685037
21
-4.0599998031496058
0
LINE
8
BLACK
6
CONTINUOUS
10
5.2411542519685037
20
-4.0599998031496058
11
5.2411542519685037
21
-4.0599999999999996
0
LINE
8
BLACK
6
CONTINUOUS
10
5.2411542519685037
20
-4.0599999999999996
11
5.2419667322834647
21
-4.0661715748031497
0
LINE
8
BLACK
6
CONTINUOUS
10
5.2419667322834647
20
-4.0661715748031497
11
5.2419668110236222
21
-4.0661718897637797
0
LINE
8
BLACK
6
CONTINUOUS
10
5.2419668110236222
20
-4.0661718897637797
11
5.2443488976377948
21
-4.0719227559055113
0
LINE
8
BLACK
6
CONTINUOUS
10
5.2443488976377948
20
-4.0719227559055113
11
5.2443488976377948
21
-4.0719227952755901
0
LINE
8
BLACK
6
CONTINUOUS
10
5.2443488976377948
20
-4.0719227952755901
11
5.2481383070866139
21
-4.07686125984252
0
LINE
8
BLACK
6
CONTINUOUS
10
5.2481383070866139
20
-4.07686125984252
11
5.2481385039370076
21
-4.0768614960629916
0
LINE
8
BLACK
6
CONTINUOUS
10
5.2481385039370076
20
-4.0768614960629916
11
5.2481386614173227
21
-4.0768616141732279
0
LINE
8
BLACK
6
CONTINUOUS
10
5.2481386614173227
20
-4.0768616141732279
11
5.2481387007874014
21
-4.0768616535433067
0
LINE
8
BLACK
6
CONTINUOUS
10
5.2481387007874014
20
-4.0768616535433067
11
5.2485953543307087
21
-4.0772120472440943
0
LINE
8
BLACK
6
CONTINUOUS
10
5.2485953543307087
20
-4.0772120472440943
11
5.2530771259842517
21
-4.080651023622047
0
LINE
8
BLACK
6
CONTINUOUS
10
5.2530771259842517
20
-4.080651023622047
11
5.2530771653543304
21
-4.080651023622047
0
LINE
8
BLACK
6
CONTINUOUS
10
5.2530771653543304
20
-4.080651023622047
11
5.2530772047244092
21
-4.0806510629921258
0
LINE
8
BLACK
6
CONTINUOUS
10
5.2530772047244092
20
-4.0806510629921258
11
5.2536207086614173
21
-4.0808761811023624
0
LINE
8
BLACK
6
CONTINUOUS
10
5.2536207086614173
20
-4.0808761811023624
11
5.2572468897637794
21
-4.0823781889763779
0
LINE
8
BLACK
6
CONTINUOUS
10
5.2572468897637794
20
-4.0823781889763779
11
5.2590786220472436
21
-4.0839425984251969
0
LINE
8
BLACK
6
CONTINUOUS
10
5.2590786220472436
20
-4.0839425984251969
11
5.259640984251968
21
-4.0862849212598427
0
LINE
8
BLACK
6
CONTINUOUS
10
5.259640984251968
20
-4.0862849212598427
11
5.2593562992125982
21
-4.0874706692913385
0
LINE
8
BLACK
6
CONTINUOUS
10
5.2593562992125982
20
-4.0874706692913385
11
5.2577520078740152
21
-4.0913437007874016
0
LINE
8
BLACK
6
CONTINUOUS
10
5.2577520078740152
20
-4.0913437007874016
11
5.2577519291338586
21
-4.0913440551181104
0
LINE
8
BLACK
6
CONTINUOUS
10
5.2577519291338586
20
-4.0913440551181104
11
5.2569394488188976
21
-4.0975156299212596
0
LINE
8
BLACK
6
CONTINUOUS
10
5.2569394488188976
20
-4.0975156299212596
11
5.2569394488188976
21
-4.0975156692913384
0
LINE
8
BLACK
6
CONTINUOUS
10
5.2569394488188976
20
-4.0975156692913384
11
5.2577519291338586
21
-4.1036872440944885
0
LINE
8
BLACK
6
CONTINUOUS
10
5.2577519291338586
20
-4.1036872440944885
11
5.2577520078740152
21
-4.1036875590551176
0
LINE
8
BLACK
6
CONTINUOUS
10
5.2577520078740152
20
-4.1036875590551176
11
5.2601340944881887
21
-4.1094384251968501
0
LINE
8
BLACK
6
CONTINUOUS
10
5.2601340944881887
20
-4.1094384251968501
11
5.2601340944881887
21
-4.1094384645669289
0
LINE
8
BLACK
6
CONTINUOUS
10
5.2601340944881887
20
-4.1094384645669289
11
5.2626554724409447
21
-4.1127243700787401
0
LINE
8
BLACK
6
CONTINUOUS
10
5.2626554724409447
20
-4.1127243700787401
11
5.2639237007874016
21
-4.1143771653543304
0
LINE
8
BLACK
6
CONTINUOUS
10
5.2639237007874016
20
-4.1143771653543304
11
5.2688623228346456
21
-4.1181666929133858
0
LINE
8
BLACK
6
CONTINUOUS
10
5.2688623228346456
20
-4.1181666929133858
11
5.2688623622047244
21
-4.1181666929133858
0
LINE
8
BLACK
6
CONTINUOUS
10
5.2688623622047244
20
-4.1181666929133858
11
5.2688624015748031
21
-4.1181667322834645
0
LINE
8
BLACK
6
CONTINUOUS
10
5.2688624015748031
20
-4.1181667322834645
11
5.2712129527559055
21
-4.1191403543307086
0
LINE
8
BLACK
6
CONTINUOUS
10
5.2712129527559055
20
-4.1191403543307086
11
5.2746134645669294
21
-4.1205488976377955
0
LINE
8
BLACK
6
CONTINUOUS
10
5.2746134645669294
20
-4.1205488976377955
11
5.2792422440944877
21
-4.1211582677165355
0
LINE
8
BLACK
6
CONTINUOUS
10
5.2792422440944877
20
-4.1211582677165355
11
5.2807851574803149
21
-4.1213614173228343
0
LINE
8
BLACK
6
CONTINUOUS
10
5.2807851574803149
20
-4.1213614173228343
11
5.2807851968503936
21
-4.1213614173228343
0
LINE
8
BLACK
6
CONTINUOUS
10
5.2807851968503936
20
-4.1213614173228343
11
5.2807852362204724
21
-4.1213614173228343
0
LINE
8
BLACK
6
CONTINUOUS
10
5.2807852362204724
20
-4.1213614173228343
11
5.2820195275590551
21
-4.1211988976377949
0
LINE
8
BLACK
6
CONTINUOUS
10
5.2820195275590551
20
-4.1211988976377949
11
5.2869569291338578
21
-4.1205488976377955
0
LINE
8
BLACK
6
CONTINUOUS
10
5.2869569291338578
20
-4.1205488976377955
11
5.2927080708661416
21
-4.1181666929133858
0
LINE
8
BLACK
6
CONTINUOUS
10
5.2927080708661416
20
-4.1181666929133858
11
5.2976466929133856
21
-4.1143771653543304
0
LINE
8
BLACK
6
CONTINUOUS
10
5.2976466929133856
20
-4.1143771653543304
11
5.301436220472441
21
-4.1094385433070864
0
LINE
8
BLACK
6
CONTINUOUS
10
5.301436220472441
20
-4.1094385433070864
11
5.3038184251968499
21
-4.1036874015748035
0
LINE
8
BLACK
6
CONTINUOUS
10
5.3038184251968499
20
-4.1036874015748035
11
5.3042005905511811
21
-4.1007841338582676
0
LINE
8
BLACK
6
CONTINUOUS
10
5.3042005905511811
20
-4.1007841338582676
11
5.3052375984251965
21
-4.0986099999999999
0
LINE
8
BLACK
6
CONTINUOUS
10
5.3052375984251965
20
-4.0986099999999999
11
5.305307362204724
21
-4.0985383070866144
0
LINE
8
BLACK
6
CONTINUOUS
10
5.305307362204724
20
-4.0985383070866144
11
5.3420627952755906
21
-4.0617828740157478
0
LINE
8
BLACK
6
CONTINUOUS
10
5.3420627952755906
20
-4.0617828740157478
11
5.3426868110236221
21
-4.0612761811023619
0
LINE
8
BLACK
6
CONTINUOUS
10
5.3426868110236221
20
-4.0612761811023619
11
5.3430779527559054
21
-4.0610207086614176
0
LINE
8
BLACK
6
CONTINUOUS
10
5.3430779527559054
20
-4.0610207086614176
11
5.3438174015748032
21
-4.0600705511811022
0
LINE
8
BLACK
6
CONTINUOUS
10
5.3438174015748032
20
-4.0600705511811022
11
5.3441373228346452
21
-4.059708385826772
0
LINE
8
BLACK
6
CONTINUOUS
10
5.3441373228346452
20
-4.059708385826772
11
5.34416874015748
21
-4.0596770078740159
0
LINE
8
BLACK
6
CONTINUOUS
10
5.34416874015748
20
-4.0596770078740159
11
5.3446219291338579
21
-4.0590421653543309
0
LINE
8
BLACK
6
CONTINUOUS
10
5.3446219291338579
20
-4.0590421653543309
11
5.3447164960629916
21
-4.0589153937007874
0
LINE
8
BLACK
6
CONTINUOUS
10
5.3447164960629916
20
-4.0589153937007874
11
5.3459066141732281
21
-4.0573864173228342
0
LINE
8
BLACK
6
CONTINUOUS
10
5.3459066141732281
20
-4.0573864173228342
11
5.3459066141732281
21
-4.057386299212598
0
LINE
8
BLACK
6
CONTINUOUS
10
5.3459066141732281
20
-4.057386299212598
11
5.3460446456692914
21
-4.05713125984252
0
LINE
8
BLACK
6
CONTINUOUS
10
5.3460446456692914
20
-4.05713125984252
11
5.3461711811023624
21
-4.0568724409448818
0
LINE
8
BLACK
6
CONTINUOUS
10
5.3461711811023624
20
-4.0568724409448818
11
5.3461711811023624
21
-4.0568723622047242
0
LINE
8
BLACK
6
CONTINUOUS
10
5.3461711811023624
20
-4.0568723622047242
11
5.3461712992125987
21
-4.056872244094488
0
LINE
8
BLACK
6
CONTINUOUS
10
5.3461712992125987
20
-4.056872244094488
11
5.3467243307086614
21
-4.0550145669291338
0
LINE
8
BLACK
6
CONTINUOUS
10
5.3467243307086614
20
-4.0550145669291338
11
5.3467725590551183
21
-4.0548638976377953
0
LINE
8
BLACK
6
CONTINUOUS
10
5.3467725590551183
20
-4.0548638976377953
11
5.3474020078740159
21
-4.053030590551181
0
LINE
8
BLACK
6
CONTINUOUS
10
5.3474020078740159
20
-4.053030590551181
11
5.3474020078740159
21
-4.0530303937007872
0
LINE
8
BLACK
6
CONTINUOUS
10
5.3474020078740159
20
-4.0530303937007872
11
5.3474495275590552
21
-4.0527457874015749
0
LINE
8
BLACK
6
CONTINUOUS
10
5.3474495275590552
20
-4.0527457874015749
11
5.3474852755905511
21
-4.0524585826771649
0
LINE
8
BLACK
6
CONTINUOUS
10
5.3474852755905511
20
-4.0524585826771649
11
5.3474853543307086
21
-4.052458385826772
0
LINE
8
BLACK
6
CONTINUOUS
10
5.3474853543307086
20
-4.052458385826772
11
5.3474362204724404
21
-4.0512706692913385
0
LINE
8
BLACK
6
CONTINUOUS
10
5.3474362204724404
20
-4.0512706692913385
11
5.3480852755905515
21
-4.0489509448818897
0
LINE
8
BLACK
6
CONTINUOUS
10
5.3480852755905515
20
-4.0489509448818897
11
5.3489577165354332
21
-4.0480175196850396
0
LINE
8
BLACK
6
CONTINUOUS
10
5.3489577165354332
20
-4.0480175196850396
11
5.3504642913385823
21
-4.0468614960629923
0
LINE
8
BLACK
6
CONTINUOUS
10
5.3504642913385823
20
-4.0468614960629923
11
5.3542538188976376
21
-4.0419228740157482
0
LINE
8
BLACK
6
CONTINUOUS
10
5.3542538188976376
20
-4.0419228740157482
11
5.3566360236220474
21
-4.0361717322834645
0
LINE
8
BLACK
6
CONTINUOUS
10
5.3566360236220474
20
-4.0361717322834645
11
5.3574485433070862
21
-4.0300000000000002
0
LINE
8
BLACK
6
CONTINUOUS
10
5.3574485433070862
20
-4.0300000000000002
11
5.3566360236220474
21
-4.0238282677165351
0
LINE
8
BLACK
6
CONTINUOUS
10
5.3566360236220474
20
-4.0238282677165351
11
5.3542538582677164
21
-4.0180772047244098
0
LINE
8
BLACK
6
CONTINUOUS
10
5.3542538582677164
20
-4.0180772047244098
11
5.3542538582677164
21
-4.018077165354331
0
LINE
8
BLACK
6
CONTINUOUS
10
5.3542538582677164
20
-4.018077165354331
11
5.3519460629921261
21
-4.0150695669291334
0
LINE
8
BLACK
6
CONTINUOUS
10
5.3519460629921261
20
-4.0150695669291334
11
5.3511419685039368
21
-4.0127988582677165
0
LINE
8
BLACK
6
CONTINUOUS
10
5.3511419685039368
20
-4.0127988582677165
11
5.3518261417322837
21
-4.0104891732283461
0
LINE
8
BLACK
6
CONTINUOUS
10
5.3518261417322837
20
-4.0104891732283461
11
5.3537372440944884
21
-4.0090227559055114
0
LINE
8
BLACK
6
CONTINUOUS
10
5.3537372440944884
20
-4.0090227559055114
11
5.3550382677165356
21
-4.0087992125984249
0
LINE
8
BLACK
6
CONTINUOUS
10
5.3550382677165356
20
-4.0087992125984249
11
5.3960311417322835
21
-4.0087992125984249
0
LINE
8
BLACK
6
CONTINUOUS
10
5.3960311417322835
20
-4.0087992125984249
11
5.3968309448818896
21
-4.008882165354331
0
LINE
8
BLACK
6
CONTINUOUS
10
5.3968309448818896
20
-4.008882165354331
11
5.3969061417322832
21
-4.0088979133858267
0
LINE
8
BLACK
6
CONTINUOUS
10
5.3969061417322832
20
-4.0088979133858267
11
5.397288385826772
21
-4.0089780708661413
0
LINE
8
BLACK
6
CONTINUOUS
10
5.397288385826772
20
-4.0089780708661413
11
5.3984831496062995
21
-4.0088290944881892
0
LINE
8
BLACK
6
CONTINUOUS
10
5.3984831496062995
20
-4.0088290944881892
11
5.3989652362204721
21
-4.0087992125984249
0
LINE
8
BLACK
6
CONTINUOUS
10
5.3989652362204721
20
-4.0087992125984249
11
5.3990099606299209
21
-4.0087992125984249
0
LINE
8
BLACK
6
CONTINUOUS
10
5.3990099606299209
20
-4.0087992125984249
11
5.3997768110236217
21
-4.0086712204724408
0
LINE
8
BLACK
6
CONTINUOUS
10
5.3997768110236217
20
-4.0086712204724408
11
5.3999355118110239
21
-4.0086480708661414
0
LINE
8
BLACK
6
CONTINUOUS
10
5.3999355118110239
20
-4.0086480708661414
11
5.4018583858267712
21
-4.0084083858267716
0
LINE
8
BLACK
6
CONTINUOUS
10
5.4018583858267712
20
-4.0084083858267716
11
5.4018585039370075
21
-4.0084083070866141
0
LINE
8
BLACK
6
CONTINUOUS
10
5.4018585039370075
20
-4.0084083070866141
11
5.402135393700787
21
-4.0083258661417318
0
LINE
8
BLACK
6
CONTINUOUS
10
5.402135393700787
20
-4.0083258661417318
11
5.4024088582677168
21
-4.0082319685039369
0
LINE
8
BLACK
6
CONTINUOUS
10
5.4024088582677168
20
-4.0082319685039369
11
5.4024090944881893
21
-4.0082319685039369
0
LINE
8
BLACK
6
CONTINUOUS
10
5.4024090944881893
20
-4.0082319685039369
11
5.4041127952755907
21
-4.0073098818897641
0
LINE
8
BLACK
6
CONTINUOUS
10
5.4041127952755907
20
-4.0073098818897641
11
5.4042554724409451
21
-4.0072364960629923
0
LINE
8
BLACK
6
CONTINUOUS
10
5.4042554724409451
20
-4.0072364960629923
11
5.4059957480314962
21
-4.0063857874015749
0
LINE
8
BLACK
6
CONTINUOUS
10
5.4059957480314962
20
-4.0063857874015749
11
5.4059957480314962
21
-4.0063857480314962
0
LINE
8
BLACK
6
CONTINUOUS
10
5.4059957480314962
20
-4.0063857480314962
11
5.4059958267716537
21
-4.0063857480314962
0
LINE
8
BLACK
6
CONTINUOUS
10
5.4059958267716537
20
-4.0063857480314962
11
5.4059958661417324
21
-4.0063856692913387
0
LINE
8
BLACK
6
CONTINUOUS
10
5.4059958661417324
20
-4.0063856692913387
11
5.4062314960629916
21
-4.0062174409448819
0
LINE
8
BLACK
6
CONTINUOUS
10
5.4062314960629916
20
-4.0062174409448819
11
5.4064592519685037
21
-4.0060401574803146
0
LINE
8
BLACK
6
CONTINUOUS
10
5.4064592519685037
20
-4.0060401574803146
11
5.4064592519685037
21
-4.0060401181102359
0
LINE
8
BLACK
6
CONTINUOUS
10
5.4064592519685037
20
-4.0060401181102359
11
5.40645937007874
21
-4.0060400787401571
0
LINE
8
BLACK
6
CONTINUOUS
10
5.40645937007874
20
-4.0060400787401571
11
5.4077712204724406
21
-4.0046149606299215
0
LINE
8
BLACK
6
CONTINUOUS
10
5.4077712204724406
20
-4.0046149606299215
11
5.4078808661417321
21
-4.0045006299212593
0
LINE
8
BLACK
6
CONTINUOUS
10
5.4078808661417321
20
-4.0045006299212593
11
5.4204419685039369
21
-3.991939527559055
0
LINE
8
BLACK
6
CONTINUOUS
10
5.4204419685039369
20
-3.991939527559055
11
5.4225882283464566
21
-3.9908460236220473
0
LINE
8
BLACK
6
CONTINUOUS
10
5.4225882283464566
20
-3.9908460236220473
11
5.4237065748031492
21
-3.9908313779527558
0
LINE
8
BLACK
6
CONTINUOUS
10
5.4237065748031492
20
-3.9908313779527558
11
5.4256279527559057
21
-3.9910843307086612
0
LINE
8
BLACK
6
CONTINUOUS
10
5.4256279527559057
20
-3.9910843307086612
11
5.4317996850393699
21
-3.9902718110236219
0
LINE
8
BLACK
6
CONTINUOUS
10
5.4317996850393699
20
-3.9902718110236219
11
5.4375508267716537
21
-3.9878896062992126
0
LINE
8
BLACK
6
CONTINUOUS
10
5.4375508267716537
20
-3.9878896062992126
11
5.4424894488188977
21
-3.9841000787401573
0
LINE
8
BLACK
6
CONTINUOUS
10
5.4424894488188977
20
-3.9841000787401573
11
5.4462789763779522
21
-3.9791614566929132
0
LINE
8
BLACK
6
CONTINUOUS
10
5.4462789763779522
20
-3.9791614566929132
11
5.448661181102362
21
-3.9734103149606299
0
LINE
8
BLACK
6
CONTINUOUS
10
5.448661181102362
20
-3.9734103149606299
11
5.4494737007874017
21
-3.9672385826771652
0
LINE
8
BLACK
6
CONTINUOUS
10
5.4494737007874017
20
-3.9672385826771652
11
5.448661181102362
21
-3.9610668503937005
0
LINE
8
BLACK
6
CONTINUOUS
10
5.448661181102362
20
-3.9610668503937005
11
5.4474228346456695
21
-3.9580772047244093
0
LINE
8
BLACK
6
CONTINUOUS
10
5.4474228346456695
20
-3.9580772047244093
11
5.446279015748031
21
-3.9553157874015747
0
LINE
8
BLACK
6
CONTINUOUS
10
5.446279015748031
20
-3.9553157874015747
11
5.446279015748031
21
-3.955315748031496
0
LINE
8
BLACK
6
CONTINUOUS
10
5.446279015748031
20
-3.955315748031496
11
5.4424896062992127
21
-3.950377283464567
0
LINE
8
BLACK
6
CONTINUOUS
10
5.4424896062992127
20
-3.950377283464567
11
5.442489566929134
21
-3.9503772440944882
0
LINE
8
BLACK
6
CONTINUOUS
10
5.442489566929134
20
-3.9503772440944882
11
5.4424894488188977
21
-3.9503770866141732
0
LINE
8
BLACK
6
CONTINUOUS
10
5.4424894488188977
20
-3.9503770866141732
11
5.442489251968504
21
-3.9503769291338582
0
LINE
8
BLACK
6
CONTINUOUS
10
5.442489251968504
20
-3.9503769291338582
11
5.4424892125984252
21
-3.9503768897637794
0
LINE
8
BLACK
6
CONTINUOUS
10
5.4424892125984252
20
-3.9503768897637794
11
5.4375507480314962
21
-3.9465874803149608
0
LINE
8
BLACK
6
CONTINUOUS
10
5.4375507480314962
20
-3.9465874803149608
11
5.4373294488188977
21
-3.9464597244094488
0
LINE
8
BLACK
6
CONTINUOUS
10
5.4373294488188977
20
-3.9464597244094488
11
5.4373695275590546
21
-3.9463902362204721
0
LINE
8
BLACK
6
CONTINUOUS
10
5.4373695275590546
20
-3.9463902362204721
11
5.4358157480314961
21
-3.9450627559055116
0
LINE
8
BLACK
6
CONTINUOUS
10
5.4358157480314961
20
-3.9450627559055116
11
5.4352537401574805
21
-3.9427203937007875
0
LINE
8
BLACK
6
CONTINUOUS
10
5.4352537401574805
20
-3.9427203937007875
11
5.4356213779527556
21
-3.9415376377952756
0
LINE
8
BLACK
6
CONTINUOUS
10
5.4356213779527556
20
-3.9415376377952756
11
5.4355532677165357
21
-3.9415094488188975
0
LINE
8
BLACK
6
CONTINUOUS
10
5.4355532677165357
20
-3.9415094488188975
11
5.4380331496062988
21
-3.9355224015748029
0
LINE
8
BLACK
6
CONTINUOUS
10
5.4380331496062988
20
-3.9355224015748029
11
5.4380332283464563
21
-3.9355222440944879
0
LINE
8
BLACK
6
CONTINUOUS
10
5.4380332283464563
20
-3.9355222440944879
11
5.438845748031496
21
-3.9293505118110237
0
LINE
8
BLACK
6
CONTINUOUS
10
5.438845748031496
20
-3.9293505118110237
11
5.4380332283464563
21
-3.923178779527559
0
LINE
8
BLACK
6
CONTINUOUS
10
5.4380332283464563
20
-3.923178779527559
11
5.4356510629921262
21
-3.9174277165354332
0
LINE
8
BLACK
6
CONTINUOUS
10
5.4356510629921262
20
-3.9174277165354332
11
5.4356510629921262
21
-3.9174276771653544
0
LINE
8
BLACK
6
CONTINUOUS
10
5.4356510629921262
20
-3.9174276771653544
11
5.4318616535433071
21
-3.912489212598425
0
LINE
8
BLACK
6
CONTINUOUS
10
5.4318616535433071
20
-3.912489212598425
11
5.4318616141732283
21
-3.9124891732283462
0
LINE
8
BLACK
6
CONTINUOUS
10
5.4318616141732283
20
-3.9124891732283462
11
5.4318614960629921
21
-3.9124890157480312
0
LINE
8
BLACK
6
CONTINUOUS
10
5.4318614960629921
20
-3.9124890157480312
11
5.4318612992125983
21
-3.9124888582677166
0
LINE
8
BLACK
6
CONTINUOUS
10
5.4318612992125983
20
-3.9124888582677166
11
5.4318612598425196
21
-3.9124888188976379
0
LINE
8
BLACK
6
CONTINUOUS
10
5.4318612598425196
20
-3.9124888188976379
11
5.4290592125984247
21
-3.9103387401574801
0
LINE
8
BLACK
6
CONTINUOUS
10
5.4290592125984247
20
-3.9103387401574801
11
5.426922874015748
21
-3.9086994881889763
0
LINE
8
BLACK
6
CONTINUOUS
10
5.426922874015748
20
-3.9086994881889763
11
5.4269228346456693
21
-3.9086994488188975
0
LINE
8
BLACK
6
CONTINUOUS
10
5.4269228346456693
20
-3.9086994488188975
11
5.4269227559055118
21
-3.9086994094488188
0
LINE
8
BLACK
6
CONTINUOUS
10
5.4269227559055118
20
-3.9086994094488188
11
5.4211718897637793
21
-3.9063173228346457
0
LINE
8
BLACK
6
CONTINUOUS
10
5.4211718897637793
20
-3.9063173228346457
11
5.4211715748031493
21
-3.9063172440944882
0
LINE
8
BLACK
6
CONTINUOUS
10
5.4211715748031493
20
-3.9063172440944882
11
5.4158387795275589
21
-3.9056151574803151
0
LINE
8
BLACK
6
CONTINUOUS
10
5.4158387795275589
20
-3.9056151574803151
11
5.415
21
-3.9057480314960631
0
LINE
8
BLACK
6
CONTINUOUS
10
5.415
20
-3.9057480314960631
11
5.4141611811023624
21
-3.9056151574803151
0
LINE
8
BLACK
6
CONTINUOUS
10
5.4141611811023624
20
-3.9056151574803151
11
5.4088283858267712
21
-3.9063172440944882
0
LINE
8
BLACK
6
CONTINUOUS
10
5.4088283858267712
20
-3.9063172440944882
11
5.408828070866142
21
-3.9063173228346457
0
LINE
8
BLACK
6
CONTINUOUS
10
5.408828070866142
20
-3.9063173228346457
11
5.4030772047244096
21
-3.9086994094488188
0
LINE
8
BLACK
6
CONTINUOUS
10
5.4030772047244096
20
-3.9086994094488188
11
5.4030771653543308
21
-3.9086994094488188
0
LINE
8
BLACK
6
CONTINUOUS
10
5.4030771653543308
20
-3.9086994094488188
11
5.3981387007874018
21
-3.9124888188976379
0
LINE
8
BLACK
6
CONTINUOUS
10
5.3981387007874018
20
-3.9124888188976379
11
5.3981384251968505
21
-3.9124890944881887
0
LINE
8
BLACK
6
CONTINUOUS
10
5.3981384251968505
20
-3.9124890944881887
11
5.3976325984251972
21
-3.9131483464566927
0
LINE
8
BLACK
6
CONTINUOUS
10
5.3976325984251972
20
-3.9131483464566927
11
5.3956473622047243
21
-3.914512716535433
0
LINE
8
BLACK
6
CONTINUOUS
10
5.3956473622047243
20
-3.914512716535433
11
5.3945403937007876
21
-3.9146732283464565
0
LINE
8
BLACK
6
CONTINUOUS
10
5.3945403937007876
20
-3.9146732283464565
11
5.2615782283464565
21
-3.9146732283464565
0
LINE
8
BLACK
6
CONTINUOUS
10
5.2615782283464565
20
-3.9146732283464565
11
5.2592872440944882
21
-3.9139288582677163
0
LINE
8
BLACK
6
CONTINUOUS
10
5.2592872440944882
20
-3.9139288582677163
11
5.2592062992125985
21
-3.9138683858267718
0
LINE
8
BLACK
6
CONTINUOUS
10
5.2592062992125985
20
-3.9138683858267718
11
5.255922677165354
21
-3.9113487795275588
0
LINE
8
BLACK
6
CONTINUOUS
10
5.255922677165354
20
-3.9113487795275588
11
5.2559226377952752
21
-3.91134874015748
0
LINE
8
BLACK
6
CONTINUOUS
10
5.2559226377952752
20
-3.91134874015748
11
5.2559225590551177
21
-3.9113487007874013
0
LINE
8
BLACK
6
CONTINUOUS
10
5.2559225590551177
20
-3.9113487007874013
11
5.2501716929133861
21
-3.9089666141732282
0
LINE
8
BLACK
6
CONTINUOUS
10
5.2501716929133861
20
-3.9089666141732282
11
5.2501713779527561
21
-3.9089665354330707
0
LINE
8
BLACK
6
CONTINUOUS
10
5.2501713779527561
20
-3.9089665354330707
11
5.2439998425196848
21
-3.9081540551181102
0
LINE
8
BLACK
6
CONTINUOUS
10
5.2439998425196848
20
-3.9081540551181102
11
5.2439997637795273
21
-3.9081540551181102
0
LINE
8
BLACK
6
CONTINUOUS
10
5.2439997637795273
20
-3.9081540551181102
11
5.237828188976378
21
-3.9089665354330707
0
LINE
8
BLACK
6
CONTINUOUS
10
5.237828188976378
20
-3.9089665354330707
11
5.237827874015748
21
-3.9089666141732282
0
LINE
8
BLACK
6
CONTINUOUS
10
5.237827874015748
20
-3.9089666141732282
11
5.2320770078740155
21
-3.9113487007874013
0
LINE
8
BLACK
6
CONTINUOUS
10
5.2320770078740155
20
-3.9113487007874013
11
5.2320769685039368
21
-3.9113487007874013
0
LINE
8
BLACK
6
CONTINUOUS
10
5.2320769685039368
20
-3.9113487007874013
11
5.2271385039370077
21
-3.9151381102362204
0
LINE
8
BLACK
6
CONTINUOUS
10
5.2271385039370077
20
-3.9151381102362204
11
5.2271381102362202
21
-3.9151385039370079
0
LINE
8
BLACK
6
CONTINUOUS
10
5.2271381102362202
20
-3.9151385039370079
11
5.2233487007874011
21
-3.9200769685039369
0
LINE
8
BLACK
6
CONTINUOUS
10
5.2233487007874011
20
-3.9200769685039369
11
5.2233487007874011
21
-3.9200770078740157
0
LINE
8
BLACK
6
CONTINUOUS
10
5.2233487007874011
20
-3.9200770078740157
11
5.2209666141732285
21
-3.9258278740157477
0
LINE
8
BLACK
6
CONTINUOUS
10
5.2209666141732285
20
-3.9258278740157477
11
5.220966535433071
21
-3.9258281889763778
0
LINE
8
BLACK
6
CONTINUOUS
10
5.220966535433071
20
-3.9258281889763778
11
5.22015405511811
21
-3.9319997637795274
0
LINE
8
BLACK
6
CONTINUOUS
10
5.22015405511811
20
-3.9319997637795274
11
5.22015405511811
21
-3.9319998031496062
0
LINE
8
BLACK
6
CONTINUOUS
10
5.22015405511811
20
-3.9319998031496062
11
5.220966535433071
21
-3.9381713779527558
0
LINE
8
BLACK
6
CONTINUOUS
10
5.220966535433071
20
-3.9381713779527558
11
5.2209666141732285
21
-3.9381716929133859
0
LINE
8
BLACK
6
CONTINUOUS
10
5.2209666141732285
20
-3.9381716929133859
11
5.2233487007874011
21
-3.9439225590551179
0
LINE
8
BLACK
6
CONTINUOUS
10
5.2233487007874011
20
-3.9439225590551179
11
5.2233487007874011
21
-3.9439225984251967
0
LINE
8
BLACK
6
CONTINUOUS
10
5.2233487007874011
20
-3.9439225984251967
11
5.2256846062992128
21
-3.9469668110236218
0
LINE
8
BLACK
6
CONTINUOUS
10
5.2256846062992128
20
-3.9469668110236218
11
5.227138307086614
21
-3.9488612992125982
0
LINE
8
BLACK
6
CONTINUOUS
10
5.227138307086614
20
-3.9488612992125982
11
5.232076929133858
21
-3.9526508267716536
0
LINE
8
BLACK
6
CONTINUOUS
10
5.232076929133858
20
-3.9526508267716536
11
5.2320769685039368
21
-3.9526508267716536
0
LINE
8
BLACK
6
CONTINUOUS
10
5.2320769685039368
20
-3.9526508267716536
11
5.2320770078740155
21
-3.9526508661417323
0
LINE
8
BLACK
6
CONTINUOUS
10
5.2320770078740155
20
-3.9526508661417323
11
5.2332547637795273
21
-3.9531387007874015
0
LINE
8
BLACK
6
CONTINUOUS
10
5.2332547637795273
20
-3.9531387007874015
11
5.2378280708661418
21
-3.9550330314960629
0
LINE
8
BLACK
6
CONTINUOUS
10
5.2378280708661418
20
-3.9550330314960629
11
5.242456850393701
21
-3.9556424015748028
0
LINE
8
BLACK
6
CONTINUOUS
10
5.242456850393701
20
-3.9556424015748028
11
5.2439997637795273
21
-3.9558455511811021
0
LINE
8
BLACK
6
CONTINUOUS
10
5.2439997637795273
20
-3.9558455511811021
11
5.243999803149606
21
-3.9558455511811021
0
LINE
8
BLACK
6
CONTINUOUS
10
5.243999803149606
20
-3.9558455511811021
11
5.2439998425196848
21
-3.9558455511811021
0
LINE
8
BLACK
6
CONTINUOUS
10
5.2439998425196848
20
-3.9558455511811021
11
5.2452341338582675
21
-3.9556830314960627
0
LINE
8
BLACK
6
CONTINUOUS
10
5.2452341338582675
20
-3.9556830314960627
11
5.2501715354330711
21
-3.9550330314960629
0
LINE
8
BLACK
6
CONTINUOUS
10
5.2501715354330711
20
-3.9550330314960629
11
5.255922677165354
21
-3.9526508267716536
0
LINE
8
BLACK
6
CONTINUOUS
10
5.255922677165354
20
-3.9526508267716536
11
5.260861299212598
21
-3.9488612992125982
0
LINE
8
BLACK
6
CONTINUOUS
10
5.260861299212598
20
-3.9488612992125982
11
5.2642505905511809
21
-3.9444442913385824
0
LINE
8
BLACK
6
CONTINUOUS
10
5.2642505905511809
20
-3.9444442913385824
11
5.2647475984251964
21
-3.9437965748031494
0
LINE
8
BLACK
6
CONTINUOUS
10
5.2647475984251964
20
-3.9437965748031494
11
5.2667327952755905
21
-3.9424321653543308
0
LINE
8
BLACK
6
CONTINUOUS
10
5.2667327952755905
20
-3.9424321653543308
11
5.2678398031496059
21
-3.9422716535433069
0
LINE
8
BLACK
6
CONTINUOUS
10
5.2678398031496059
20
-3.9422716535433069
11
5.3931928740157478
21
-3.9422716535433069
0
LINE
8
BLACK
6
CONTINUOUS
10
5.3931928740157478
20
-3.9422716535433069
11
5.395483858267716
21
-3.9430160236220471
0
LINE
8
BLACK
6
CONTINUOUS
10
5.395483858267716
20
-3.9430160236220471
11
5.3962850393700785
21
-3.9437965354330706
0
LINE
8
BLACK
6
CONTINUOUS
10
5.3962850393700785
20
-3.9437965354330706
11
5.398138503937008
21
-3.9462120078740157
0
LINE
8
BLACK
6
CONTINUOUS
10
5.398138503937008
20
-3.9462120078740157
11
5.398138661417323
21
-3.946212125984252
0
LINE
8
BLACK
6
CONTINUOUS
10
5.398138661417323
20
-3.946212125984252
11
5.3981387007874018
21
-3.9462121653543307
0
LINE
8
BLACK
6
CONTINUOUS
10
5.3981387007874018
20
-3.9462121653543307
11
5.4030770472440945
21
-3.9500014960629919
0
LINE
8
BLACK
6
CONTINUOUS
10
5.4030770472440945
20
-3.9500014960629919
11
5.4032984251968506
21
-3.9501292913385826
0
LINE
8
BLACK
6
CONTINUOUS
10
5.4032984251968506
20
-3.9501292913385826
11
5.4032582283464565
21
-3.9501988582677163
0
LINE
8
BLACK
6
CONTINUOUS
10
5.4032582283464565
20
-3.9501988582677163
11
5.4048118897637796
21
-3.9515258267716535
0
LINE
8
BLACK
6
CONTINUOUS
10
5.4048118897637796
20
-3.9515258267716535
11
5.405374251968504
21
-3.9538681102362205
0
LINE
8
BLACK
6
CONTINUOUS
10
5.405374251968504
20
-3.9538681102362205
11
5.4050072047244093
21
-3.9550517716535434
0
LINE
8
BLACK
6
CONTINUOUS
10
5.4050072047244093
20
-3.9550517716535434
11
5.4050746850393701
21
-3.9550797244094489
0
LINE
8
BLACK
6
CONTINUOUS
10
5.4050746850393701
20
-3.9550797244094489
11
5.4025947637795273
21
-3.961066771653543
0
LINE
8
BLACK
6
CONTINUOUS
10
5.4025947637795273
20
-3.961066771653543
11
5.4025946850393698
21
-3.9610669685039368
0
LINE
8
BLACK
6
CONTINUOUS
10
5.4025946850393698
20
-3.9610669685039368
11
5.4017822047244097
21
-3.9672385433070865
0
LINE
8
BLACK
6
CONTINUOUS
10
5.4017822047244097
20
-3.9672385433070865
11
5.4017822047244097
21
-3.967238622047244
0
LINE
8
BLACK
6
CONTINUOUS
10
5.4017822047244097
20
-3.967238622047244
11
5.402035118110236
21
-3.969159842519685
0
LINE
8
BLACK
6
CONTINUOUS
10
5.402035118110236
20
-3.969159842519685
11
5.4015961023622046
21
-3.9715283858267716
0
LINE
8
BLACK
6
CONTINUOUS
10
5.4015961023622046
20
-3.9715283858267716
11
5.4009268897637792
21
-3.9724245669291336
0
LINE
8
BLACK
6
CONTINUOUS
10
5.4009268897637792
20
-3.9724245669291336
11
5.3932923228346459
21
-3.9800591732283466
0
LINE
8
BLACK
6
CONTINUOUS
10
5.3932923228346459
20
-3.9800591732283466
11
5.3911459842519687
21
-3.9811527952755905
0
LINE
8
BLACK
6
CONTINUOUS
10
5.3911459842519687
20
-3.9811527952755905
11
5.3905362598425199
21
-3.9812007874015749
0
LINE
8
BLACK
6
CONTINUOUS
10
5.3905362598425199
20
-3.9812007874015749
11
5.2996574015748035
21
-3.9812007874015749
0
LINE
8
BLACK
6
CONTINUOUS
10
5.2996574015748035
20
-3.9812007874015749
11
5.2973664173228343
21
-3.9804564173228347
0
LINE
8
BLACK
6
CONTINUOUS
10
5.2973664173228343
20
-3.9804564173228347
11
5.296565196850394
21
-3.9796758661417324
0
LINE
8
BLACK
6
CONTINUOUS
10
5.296565196850394
20
-3.9796758661417324
11
5.2953856692913384
21
-3.9781386614173226
0
LINE
8
BLACK
6
CONTINUOUS
10
5.2953856692913384
20
-3.9781386614173226
11
5.2953855511811021
21
-3.9781385039370076
0
LINE
8
BLACK
6
CONTINUOUS
10
5.2953855511811021
20
-3.9781385039370076
11
5.2953853543307083
21
-3.9781383464566926
0
LINE
8
BLACK
6
CONTINUOUS
10
5.2953853543307083
20
-3.9781383464566926
11
5.2953853149606296
21
-3.9781383070866139
0
LINE
8
BLACK
6
CONTINUOUS
10
5.2953853149606296
20
-3.9781383070866139
11
5.2904468110236218
21
-3.9743488976377952
0
LINE
8
BLACK
6
CONTINUOUS
10
5.2904468110236218
20
-3.9743488976377952
11
5.2846959448818893
21
-3.9719668110236221
0
LINE
8
BLACK
6
CONTINUOUS
10
5.2846959448818893
20
-3.9719668110236221
11
5.2846956299212593
21
-3.9719667322834646
0
LINE
8
BLACK
6
CONTINUOUS
10
5.2846956299212593
20
-3.9719667322834646
11
5.2785240944881888
21
-3.9711542519685037
0
LINE
8
BLACK
6
CONTINUOUS
10
5.2785240944881888
20
-3.9711542519685037
11
5.2785240157480313
21
-3.9711542519685037
0
LINE
8
BLACK
6
CONTINUOUS
10
5.2785240157480313
20
-3.9711542519685037
11
5.2723524409448821
21
-3.9719667322834646
0
LINE
8
BLACK
6
CONTINUOUS
10
5.2723524409448821
20
-3.9719667322834646
11
5.2723521259842521
21
-3.9719668110236221
0
LINE
8
BLACK
6
CONTINUOUS
10
5.2723521259842521
20
-3.9719668110236221
11
5.2666012598425196
21
-3.9743488976377952
0
LINE
8
BLACK
6
CONTINUOUS
10
5.2666012598425196
20
-3.9743488976377952
11
5.2666012204724408
21
-3.9743488976377952
0
LINE
8
BLACK
6
CONTINUOUS
10
5.2666012204724408
20
-3.9743488976377952
11
5.2616627559055118
21
-3.9781383070866139
0
LINE
8
BLACK
6
CONTINUOUS
10
5.2616627559055118
20
-3.9781383070866139
11
5.2616623622047243
21
-3.9781387007874014
0
LINE
8
BLACK
6
CONTINUOUS
10
5.2616623622047243
20
-3.9781387007874014
11
5.2578729527559052
21
-3.9830771653543304
0
LINE
8
BLACK
6
CONTINUOUS
10
5.2578729527559052
20
-3.9830771653543304
11
5.2578729527559052
21
-3.9830772047244092
0
LINE
8
BLACK
6
CONTINUOUS
10
5.2578729527559052
20
-3.9830772047244092
11
5.2554908661417326
21
-3.9888280708661417
0
LINE
8
BLACK
6
CONTINUOUS
10
5.2554908661417326
20
-3.9888280708661417
11
5.255490787401575
21
-3.9888283858267717
0
LINE
8
BLACK
6
CONTINUOUS
10
5.255490787401575
20
-3.9888283858267717
11
5.2546783070866141
21
-3.9949999606299214
0
LINE
8
BLACK
6
CONTINUOUS
10
5.2546783070866141
20
-3.9949999606299214
11
5.2546783070866141
21
-3.9950000000000001
0
LINE
8
BLACK
6
CONTINUOUS
10
5.2546783070866141
20
-3.9950000000000001
11
5.255490787401575
21
-4.0011715748031493
0
LINE
8
BLACK
6
CONTINUOUS
10
5.255490787401575
20
-4.0011715748031493
11
5.2554908661417326
21
-4.0011718897637794
0
LINE
8
BLACK
6
CONTINUOUS
10
5.2554908661417326
20
-4.0011718897637794
11
5.2578729527559052
21
-4.0069227559055118
0
LINE
8
BLACK
6
CONTINUOUS
10
5.2578729527559052
20
-4.0069227559055118
11
5.2578729527559052
21
-4.0069227952755906
0
LINE
8
BLACK
6
CONTINUOUS
10
5.2578729527559052
20
-4.0069227952755906
11
5.2613793307086612
21
-4.0114924015748032
0
LINE
8
BLACK
6
CONTINUOUS
10
5.2613793307086612
20
-4.0114924015748032
11
5.261662559055118
21
-4.0118614960629921
0
LINE
8
BLACK
6
CONTINUOUS
10
5.261662559055118
20
-4.0118614960629921
11
5.2666011811023621
21
-4.0156510236220475
0
LINE
8
BLACK
6
CONTINUOUS
10
5.2666011811023621
20
-4.0156510236220475
11
5.2723523228346458
21
-4.0180332283464564
0
LINE
8
BLACK
6
CONTINUOUS
10
5.2723523228346458
20
-4.0180332283464564
11
5.2769811023622042
21
-4.0186425984251963
0
LINE
8
BLACK
6
CONTINUOUS
10
5.2769811023622042
20
-4.0186425984251963
11
5.2785240157480313
21
-4.0188457480314961
0
LINE
8
BLACK
6
CONTINUOUS
10
5.2785240157480313
20
-4.0188457480314961
11
5.2785240551181101
21
-4.0188457480314961
0
LINE
8
BLACK
6
CONTINUOUS
10
5.2785240551181101
20
-4.0188457480314961
11
5.2785240944881888
21
-4.0188457480314961
0
LINE
8
BLACK
6
CONTINUOUS
10
5.2785240944881888
20
-4.0188457480314961
11
5.2797583858267716
21
-4.0186832283464566
0
LINE
8
BLACK
6
CONTINUOUS
10
5.2797583858267716
20
-4.0186832283464566
11
5.2846957874015743
21
-4.0180332283464564
0
LINE
8
BLACK
6
CONTINUOUS
10
5.2846957874015743
20
-4.0180332283464564
11
5.2904469291338581
21
-4.0156510236220475
0
LINE
8
BLACK
6
CONTINUOUS
10
5.2904469291338581
20
-4.0156510236220475
11
5.2953855511811021
21
-4.0118614960629921
0
LINE
8
BLACK
6
CONTINUOUS
10
5.2953855511811021
20
-4.0118614960629921
11
5.296565196850394
21
-4.0103240944881886
0
LINE
8
BLACK
6
CONTINUOUS
10
5.296565196850394
20
-4.0103240944881886
11
5.2985503937007872
21
-4.0089597244094488
0
LINE
8
BLACK
6
CONTINUOUS
10
5.2985503937007872
20
-4.0089597244094488
11
5.2996574015748035
21
-4.0087992125984249
0
LINE
8
BLACK
6
CONTINUOUS
10
5.2996574015748035
20
-4.0087992125984249
11
5.3121673228346458
21
-4.0087992125984249
0
LINE
8
BLACK
6
CONTINUOUS
10
5.3121673228346458
20
-4.0087992125984249
11
5.314458307086614
21
-4.009543582677165
0
LINE
8
BLACK
6
CONTINUOUS
10
5.314458307086614
20
-4.009543582677165
11
5.3158742125984251
21
-4.0114924015748032
0
LINE
8
BLACK
6
CONTINUOUS
10
5.3158742125984251
20
-4.0114924015748032
11
5.3158742125984251
21
-4.0139012992125984
0
LINE
8
BLACK
6
CONTINUOUS
10
5.3158742125984251
20
-4.0139012992125984
11
5.3152595275590553
21
-4.0150695669291334
0
LINE
8
BLACK
6
CONTINUOUS
10
5.3152595275590553
20
-4.0150695669291334
11
5.3129516929133853
21
-4.018077165354331
0
LINE
8
BLACK
6
CONTINUOUS
10
5.3129516929133853
20
-4.018077165354331
11
5.3129516929133853
21
-4.0180772047244098
0
LINE
8
BLACK
6
CONTINUOUS
10
5.3129516929133853
20
-4.0180772047244098
11
5.3105696062992127
21
-4.0238280708661414
0
LINE
8
BLACK
6
CONTINUOUS
10
5.3105696062992127
20
-4.0238280708661414
11
5.3105695275590552
21
-4.0238283858267714
0
LINE
8
BLACK
6
CONTINUOUS
10
5.3105695275590552
20
-4.0238283858267714
11
5.3097570472440943
21
-4.0299999606299215
0
LINE
8
BLACK
6
CONTINUOUS
10
5.3097570472440943
20
-4.0299999606299215
11
5.3097570472440943
21
-4.0300000000000002
0
LINE
8
BLACK
6
CONTINUOUS
10
5.3097570472440943
20
-4.0300000000000002
11
5.3105695275590552
21
-4.0361715748031495
0
LINE
8
BLACK
6
CONTINUOUS
10
5.3105695275590552
20
-4.0361715748031495
11
5.3105696062992127
21
-4.0361718897637795
0
LINE
8
BLACK
6
CONTINUOUS
10
5.3105696062992127
20
-4.0361718897637795
11
5.3129516535433066
21
-4.0419226771653545
0
LINE
8
BLACK
6
CONTINUOUS
10
5.3129516535433066
20
-4.0419226771653545
11
5.3129517322834641
21
-4.041922755905512
0
LINE
8
BLACK
6
CONTINUOUS
10
5.3129517322834641
20
-4.041922755905512
11
5.3129517716535428
21
-4.0419228740157482
0
LINE
8
BLACK
6
CONTINUOUS
10
5.3129517716535428
20
-4.0419228740157482
11
5.314413937007874
21
-4.0438283858267718
0
LINE
8
BLACK
6
CONTINUOUS
10
5.314413937007874
20
-4.0438283858267718
11
5.3151870472440947
21
-4.04483594488189
0
LINE
8
BLACK
6
CONTINUOUS
10
5.3151870472440947
20
-4.04483594488189
11
5.3159911023622044
21
-4.0471066535433069
0
LINE
8
BLACK
6
CONTINUOUS
10
5.3159911023622044
20
-4.0471066535433069
11
5.3153069291338584
21
-4.0494163385826774
0
LINE
8
BLACK
6
CONTINUOUS
10
5.3153069291338584
20
-4.0494163385826774
11
5.3148508661417324
21
-4.049964724409449
0
LINE
8
BLACK
6
CONTINUOUS
10
5.3148508661417324
20
-4.049964724409449
11
5.2943859448818893
21
-4.0704296456692912
0
LINE
8
BLACK
6
CONTINUOUS
10
5.2943859448818893
20
-4.0704296456692912
11
5.2922396062992121
21
-4.0715232283464564
0
LINE
8
BLACK
6
CONTINUOUS
10
5.2922396062992121
20
-4.0715232283464564
11
5.2898603937007875
21
-4.0711464173228347
0
LINE
8
BLACK
6
CONTINUOUS
10
5.2898603937007875
20
-4.0711464173228347
11
5.288157047244094
21
-4.069443070866142
0
LINE
8
BLACK
6
CONTINUOUS
10
5.288157047244094
20
-4.069443070866142
11
5.2877802362204722
21
-4.0670638582677165
0
LINE
8
BLACK
6
CONTINUOUS
10
5.2877802362204722
20
-4.0670638582677165
11
5.2880289370078737
21
-4.0661820472440944
0
LINE
8
BLACK
6
CONTINUOUS
10
5.2880289370078737
20
-4.0661820472440944
11
5.2880332283464568
21
-4.0661717322834647
0
LINE
8
BLACK
6
CONTINUOUS
10
5.2880332283464568
20
-4.0661717322834647
11
5.2888457480314957
21
-4.0599999999999996
0
LINE
8
BLACK
6
CONTINUOUS
10
5.2888457480314957
20
-4.0599999999999996
11
5.2880332283464568
21
-4.0538282677165354
0
LINE
8
BLACK
6
CONTINUOUS
10
5.2880332283464568
20
-4.0538282677165354
11
5.287584842519685
21
-4.0527457874015749
0
LINE
8
BLACK
6
CONTINUOUS
10
5.287584842519685
20
-4.0527457874015749
11
5.2856510629921258
21
-4.0480772047244091
0
LINE
8
BLACK
6
CONTINUOUS
10
5.2856510629921258
20
-4.0480772047244091
11
5.2856510629921258
21
-4.0480771653543304
0
LINE
8
BLACK
6
CONTINUOUS
10
5.2856510629921258
20
-4.0480771653543304
11
5.2818616535433067
21
-4.0431387007874013
0
LINE
8
BLACK
6
CONTINUOUS
10
5.2818616535433067
20
-4.0431387007874013
11
5.281861614173228
21
-4.0431386614173226
0
LINE
8
BLACK
6
CONTINUOUS
10
5.281861614173228
20
-4.0431386614173226
11
5.2818614960629917
21
-4.0431385039370076
0
LINE
8
BLACK
6
CONTINUOUS
10
5.2818614960629917
20
-4.0431385039370076
11
5.2818612992125979
21
-4.0431383464566926
0
LINE
8
BLACK
6
CONTINUOUS
10
5.2818612992125979
20
-4.0431383464566926
11
5.2818612598425192
21
-4.0431383070866138
0
LINE
8
BLACK
6
CONTINUOUS
10
5.2818612598425192
20
-4.0431383070866138
11
5.2785856299212597
21
-4.0406248425196853
0
LINE
8
BLACK
6
CONTINUOUS
10
5.2785856299212597
20
-4.0406248425196853
11
5.2769228740157477
21
-4.0393489763779531
0
LINE
8
BLACK
6
CONTINUOUS
10
5.2769228740157477
20
-4.0393489763779531
11
5.2769228346456689
21
-4.0393489370078743
0
LINE
8
BLACK
6
CONTINUOUS
10
5.2769228346456689
20
-4.0393489370078743
11
5.2769227559055114
21
-4.0393488976377956
0
LINE
8
BLACK
6
CONTINUOUS
10
5.2769227559055114
20
-4.0393488976377956
11
5.2711718897637798
21
-4.0369668110236221
0
LINE
8
BLACK
6
CONTINUOUS
10
5.2711718897637798
20
-4.0369668110236221
11
5.2711715748031498
21
-4.0369667322834646
0
LINE
8
BLACK
6
CONTINUOUS
10
5.2711715748031498
20
-4.0369667322834646
11
5.2650000393700784
21
-4.0361542519685036
0
LINE
8
BLACK
6
CONTINUOUS
10
5.2650000393700784
20
-4.0361542519685036
11
5.2649999212598422
21
-4.0361542519685036
0
LINE
8
BLACK
6
CONTINUOUS
10
5.2649999212598422
20
-4.0361542519685036
11
5.2630787007874016
21
-4.0364071653543308
0
LINE
8
BLACK
6
CONTINUOUS
10
5.2630787007874016
20
-4.0364071653543308
11
5.2607101574803146
21
-4.0359681496062993
0
LINE
8
BLACK
6
CONTINUOUS
10
5.2607101574803146
20
-4.0359681496062993
11
5.2598139370078743
21
-4.035298937007874
0
LINE
8
BLACK
6
CONTINUOUS
10
5.2598139370078743
20
-4.035298937007874
11
5.235934763779527
21
-4.0114197637795277
0
LINE
8
BLACK
6
CONTINUOUS
10
5.235934763779527
20
-4.0114197637795277
11
5.2119407874015744
21
-3.9874257480314959
0
LINE
8
BLACK
6
CONTINUOUS
10
5.2119407874015744
20
-3.9874257480314959
11
5.2108472047244092
21
-3.9852794094488186
0
LINE
8
BLACK
6
CONTINUOUS
10
5.2108472047244092
20
-3.9852794094488186
11
5.2107992125984248
21
-3.9846696850393699
0
LINE
8
BLACK
6
CONTINUOUS
10
5.2107992125984248
20
-3.9846696850393699
11
5.2107992125984248
21
-3.827133346456693
0
LINE
8
BLACK
6
CONTINUOUS
10
5.2107992125984248
20
-3.827133346456693
11
5.211543582677165
21
-3.8248423622047243
0
LINE
8
BLACK
6
CONTINUOUS
10
5.211543582677165
20
-3.8248423622047243
11
5.2123241338582673
21
-3.8240411417322835
0
LINE
8
BLACK
6
CONTINUOUS
10
5.2123241338582673
20
-3.8240411417322835
11
5.2138614960629921
21
-3.8228614960629921
0
LINE
8
BLACK
6
CONTINUOUS
10
5.2138614960629921
20
-3.8228614960629921
11
5.2176510236220475
21
-3.817922874015748
0
LINE
8
BLACK
6
CONTINUOUS
10
5.2176510236220475
20
-3.817922874015748
11
5.2200332283464563
21
-3.8121717322834643
0
LINE
8
BLACK
6
CONTINUOUS
10
5.2200332283464563
20
-3.8121717322834643
11
5.220845748031496
21
-3.806
0
LINE
8
BLACK
6
CONTINUOUS
10
5.220845748031496
20
-3.806
11
5.2200332283464563
21
-3.7998282677165354
0
LINE
8
BLACK
6
CONTINUOUS
10
5.2200332283464563
20
-3.7998282677165354
11
5.2176510629921262
21
-3.7940772047244096
0
LINE
8
BLACK
6
CONTINUOUS
10
5.2176510629921262
20
-3.7940772047244096
11
5.2176510629921262
21
-3.7940771653543308
0
LINE
8
BLACK
6
CONTINUOUS
10
5.2176510629921262
20
-3.7940771653543308
11
5.2138616535433071
21
-3.7891387007874013
0
LINE
8
BLACK
6
CONTINUOUS
10
5.2138616535433071
20
-3.7891387007874013
11
5.2138616141732284
21
-3.7891386614173226
0
LINE
8
BLACK
6
CONTINUOUS
10
5.2138616141732284
20
-3.7891386614173226
11
5.2138614960629921
21
-3.7891385039370076
0
LINE
8
BLACK
6
CONTINUOUS
10
5.2138614960629921
20
-3.7891385039370076
11
5.2138612992125983
21
-3.789138346456693
0
LINE
8
BLACK
6
CONTINUOUS
10
5.2138612992125983
20
-3.789138346456693
11
5.2138612598425196
21
-3.7891383070866143
0
LINE
8
BLACK
6
CONTINUOUS
10
5.2138612598425196
20
-3.7891383070866143
11
5.2089582677165351
21
-3.7853761417322835
0
LINE
8
BLACK
6
CONTINUOUS
10
5.2089582677165351
20
-3.7853761417322835
11
5.2089228740157481
21
-3.7853489763779526
0
LINE
8
BLACK
6
CONTINUOUS
10
5.2089228740157481
20
-3.7853489763779526
11
5.2089228346456693
21
-3.7853489370078739
0
LINE
8
BLACK
6
CONTINUOUS
10
5.2089228346456693
20
-3.7853489370078739
11
5.2089227559055118
21
-3.7853488976377951
0
LINE
8
BLACK
6
CONTINUOUS
10
5.2089227559055118
20
-3.7853488976377951
11
5.2031718897637793
21
-3.7829668110236221
0
LINE
8
BLACK
6
CONTINUOUS
10
5.2031718897637793
20
-3.7829668110236221
11
5.2031715748031493
21
-3.7829667322834646
0
LINE
8
BLACK
6
CONTINUOUS
10
5.2031715748031493
20
-3.7829667322834646
11
5.1970000393700788
21
-3.7821542519685036
0
LINE
8
BLACK
6
CONTINUOUS
10
5.1970000393700788
20
-3.7821542519685036
11
5.1969999606299213
21
-3.7821542519685036
0
LINE
8
BLACK
6
CONTINUOUS
10
5.1969999606299213
20
-3.7821542519685036
11
5.1908283858267712
21
-3.7829667322834646
0
LINE
8
BLACK
6
CONTINUOUS
10
5.1908283858267712
20
-3.7829667322834646
11
5.1908280708661412
21
-3.7829668110236221
0
LINE
8
BLACK
6
CONTINUOUS
10
5.1908280708661412
20
-3.7829668110236221
11
5.1850772047244096
21
-3.7853488976377951
0
LINE
8
BLACK
6
CONTINUOUS
10
5.1850772047244096
20
-3.7853488976377951
11
5.1850771653543308
21
-3.7853488976377951
0
LINE
8
BLACK
6
CONTINUOUS
10
5.1850771653543308
20
-3.7853488976377951
11
5.1801387007874018
21
-3.7891383070866143
0
LINE
8
BLACK
6
CONTINUOUS
10
5.1801387007874018
20
-3.7891383070866143
11
5.1801383070866143
21
-3.7891387007874013
0
LINE
8
BLACK
6
CONTINUOUS
10
5.1801383070866143
20
-3.7891387007874013
11
5.1763488976377952
21
-3.7940771653543308
0
LINE
8
BLACK
6
CONTINUOUS
10
5.1763488976377952
20
-3.7940771653543308
11
5.1763488976377952
21
-3.7940772047244096
0
LINE
8
BLACK
6
CONTINUOUS
10
5.1763488976377952
20
-3.7940772047244096
11
5.1739668110236217
21
-3.7998280708661416
0
LINE
8
BLACK
6
CONTINUOUS
10
5.1739668110236217
20
-3.7998280708661416
11
5.1739667322834642
21
-3.7998283858267716
0
LINE
8
BLACK
6
CONTINUOUS
10
5.1739667322834642
20
-3.7998283858267716
11
5.1731542519685041
21
-3.8059999606299213
0
LINE
8
BLACK
6
CONTINUOUS
10
5.1731542519685041
20
-3.8059999606299213
11
5.1731542519685041
21
-3.806
0
LINE
8
BLACK
6
CONTINUOUS
10
5.1731542519685041
20
-3.806
11
5.1739667322834642
21
-3.8121715748031497
0
LINE
8
BLACK
6
CONTINUOUS
10
5.4534092125984248
20
-3.6817705511811023
11
5.4534090551181098
21
-3.6817705905511811
0
LINE
8
BLACK
6
CONTINUOUS
10
5.4534090551181098
20
-3.6817705905511811
11
5.4512112992125985
21
-3.6824159055118111
0
LINE
8
BLACK
6
CONTINUOUS
10
5.4512112992125985
20
-3.6824159055118111
11
5.4512111417322835
21
-3.6824159448818898
0
LINE
8
BLACK
6
CONTINUOUS
10
5.4512111417322835
20
-3.6824159448818898
11
5.4512111023622047
21
-3.6824159842519686
0
LINE
8
BLACK
6
CONTINUOUS
10
5.4512111023622047
20
-3.6824159842519686
11
5.4496133858267717
21
-3.6831456299212597
0
LINE
8
BLACK
6
CONTINUOUS
10
5.4496133858267717
20
-3.6831456299212597
11
5.4460622047244094
21
-3.6847674015748031
0
LINE
8
BLACK
6
CONTINUOUS
10
5.4460622047244094
20
-3.6847674015748031
11
5.4460616929133856
21
-3.6847676771653544
0
LINE
8
BLACK
6
CONTINUOUS
10
5.4460616929133856
20
-3.6847676771653544
11
5.4441352755905514
21
-3.6860057086614173
0
LINE
8
BLACK
6
CONTINUOUS
10
5.4441352755905514
20
-3.6860057086614173
11
5.4441347637795277
21
-3.6860060629921261
0
LINE
8
BLACK
6
CONTINUOUS
10
5.4441347637795277
20
-3.6860060629921261
11
5.4398573622047239
21
-3.6897124409448816
0
LINE
8
BLACK
6
CONTINUOUS
10
5.4398573622047239
20
-3.6897124409448816
11
5.4398567322834648
21
-3.6897130708661416
0
LINE
8
BLACK
6
CONTINUOUS
10
5.4398567322834648
20
-3.6897130708661416
11
5.439733346456693
21
-3.6898555118110234
0
LINE
8
BLACK
6
CONTINUOUS
10
5.439733346456693
20
-3.6898555118110234
11
5.4376705118110236
21
-3.6910994881889763
0
LINE
8
BLACK
6
CONTINUOUS
10
5.4376705118110236
20
-3.6910994881889763
11
5.4367876771653538
21
-3.6912007874015749
0
LINE
8
BLACK
6
CONTINUOUS
10
5.4367876771653538
20
-3.6912007874015749
11
5.4061333464566932
21
-3.6912007874015749
0
LINE
8
BLACK
6
CONTINUOUS
10
5.4061333464566932
20
-3.6912007874015749
11
5.403842362204724
21
-3.6904564173228347
0
LINE
8
BLACK
6
CONTINUOUS
10
5.403842362204724
20
-3.6904564173228347
11
5.4030411417322837
21
-3.6896758661417324
0
LINE
8
BLACK
6
CONTINUOUS
10
5.4030411417322837
20
-3.6896758661417324
11
5.4018616141732281
21
-3.6881386614173226
0
LINE
8
BLACK
6
CONTINUOUS
10
5.4018616141732281
20
-3.6881386614173226
11
5.4018614960629918
21
-3.6881385039370076
0
LINE
8
BLACK
6
CONTINUOUS
10
5.4018614960629918
20
-3.6881385039370076
11
5.4018612992125981
21
-3.688138346456693
0
LINE
8
BLACK
6
CONTINUOUS
10
5.4018612992125981
20
-3.688138346456693
11
5.4018612598425193
21
-3.6881383070866143
0
LINE
8
BLACK
6
CONTINUOUS
10
5.4018612598425193
20
-3.6881383070866143
11
5.3974682677165351
21
-3.6847674803149606
0
LINE
8
BLACK
6
CONTINUOUS
10
5.3974682677165351
20
-3.6847674803149606
11
5.3969228740157478
21
-3.6843489763779527
0
LINE
8
BLACK
6
CONTINUOUS
10
5.3969228740157478
20
-3.6843489763779527
11
5.396922834645669
21
-3.6843489370078739
0
LINE
8
BLACK
6
CONTINUOUS
10
5.396922834645669
20
-3.6843489370078739
11
5.3969227559055115
21
-3.6843488976377952
0
LINE
8
BLACK
6
CONTINUOUS
10
5.3969227559055115
20
-3.6843488976377952
11
5.391171889763779
21
-3.6819668110236221
0
LINE
8
BLACK
6
CONTINUOUS
10
5.391171889763779
20
-3.6819668110236221
11
5.3911715748031499
21
-3.6819667322834646
0
LINE
8
BLACK
6
CONTINUOUS
10
5.3911715748031499
20
-3.6819667322834646
11
5.3850000393700785
21
-3.6811542519685037
0
LINE
8
BLACK
6
CONTINUOUS
10
5.3850000393700785
20
-3.6811542519685037
11
5.384999960629921
21
-3.6811542519685037
0
LINE
8
BLACK
6
CONTINUOUS
10
5.384999960629921
20
-3.6811542519685037
11
5.3788283858267718
21
-3.6819667322834646
0
LINE
8
BLACK
6
CONTINUOUS
10
5.3788283858267718
20
-3.6819667322834646
11
5.3788280708661418
21
-3.6819668110236221
0
LINE
8
BLACK
6
CONTINUOUS
10
5.3788280708661418
20
-3.6819668110236221
11
5.3730772047244093
21
-3.6843488976377952
0
LINE
8
BLACK
6
CONTINUOUS
10
5.3730772047244093
20
-3.6843488976377952
11
5.3730771653543306
21
-3.6843488976377952
0
LINE
8
BLACK
6
CONTINUOUS
10
5.3730771653543306
20
-3.6843488976377952
11
5.3681387007874015
21
-3.6881383070866143
0
LINE
8
BLACK
6
CONTINUOUS
10
5.3681387007874015
20
-3.6881383070866143
11
5.368138307086614
21
-3.6881387007874014
0
LINE
8
BLACK
6
CONTINUOUS
10
5.368138307086614
20
-3.6881387007874014
11
5.3643488976377949
21
-3.6930771653543308
0
LINE
8
BLACK
6
CONTINUOUS
10
5.3643488976377949
20
-3.6930771653543308
11
5.3643488976377949
21
-3.6930772047244091
0
LINE
8
BLACK
6
CONTINUOUS
10
5.3643488976377949
20
-3.6930772047244091
11
5.3619668110236223
21
-3.6988280708661416
0
LINE
8
BLACK
6
CONTINUOUS
10
5.3619668110236223
20
-3.6988280708661416
11
5.3619667322834648
21
-3.6988283858267716
0
LINE
8
BLACK
6
CONTINUOUS
10
5.3619667322834648
20
-3.6988283858267716
11
5.3611542519685038
21
-3.7049999606299213
0
LINE
8
BLACK
6
CONTINUOUS
10
5.3611542519685038
20
-3.7049999606299213
11
5.3611542519685038
21
-3.7050000000000001
0
LINE
8
BLACK
6
CONTINUOUS
10
5.3611542519685038
20
-3.7050000000000001
11
5.3619667322834648
21
-3.7111715748031497
0
LINE
8
BLACK
6
CONTINUOUS
10
5.3619667322834648
20
-3.7111715748031497
11
5.3619668110236223
21
-3.7111718897637793
0
LINE
8
BLACK
6
CONTINUOUS
10
5.3619668110236223
20
-3.7111718897637793
11
5.3643488976377949
21
-3.7169227559055118
0
LINE
8
BLACK
6
CONTINUOUS
10
5.3643488976377949
20
-3.7169227559055118
11
5.3643488976377949
21
-3.7169227952755906
0
LINE
8
BLACK
6
CONTINUOUS
10
5.3643488976377949
20
-3.7169227952755906
11
5.3678552755905509
21
-3.7214924015748032
0
LINE
8
BLACK
6
CONTINUOUS
10
5.3678552755905509
20
-3.7214924015748032
11
5.3681385039370078
21
-3.7218614960629921
0
LINE
8
BLACK
6
CONTINUOUS
10
5.3681385039370078
20
-3.7218614960629921
11
5.3730771259842518
21
-3.725651023622047
0
LINE
8
BLACK
6
CONTINUOUS
10
5.3730771259842518
20
-3.725651023622047
11
5.3730771653543306
21
-3.725651023622047
0
LINE
8
BLACK
6
CONTINUOUS
10
5.3730771653543306
20
-3.725651023622047
11
5.3730772047244093
21
-3.7256510629921258
0
LINE
8
BLACK
6
CONTINUOUS
10
5.3730772047244093
20
-3.7256510629921258
11
5.3759994488188978
21
-3.726861496062992
0
LINE
8
BLACK
6
CONTINUOUS
10
5.3759994488188978
20
-3.726861496062992
11
5.3788282677165355
21
-3.7280332283464568
0
LINE
8
BLACK
6
CONTINUOUS
10
5.3788282677165355
20
-3.7280332283464568
11
5.3834570472440948
21
-3.7286425984251967
0
LINE
8
BLACK
6
CONTINUOUS
10
5.3834570472440948
20
-3.7286425984251967
11
5.384999960629921
21
-3.728845748031496
0
LINE
8
BLACK
6
CONTINUOUS
10
5.384999960629921
20
-3.728845748031496
11
5.3849999999999998
21
-3.728845748031496
0
LINE
8
BLACK
6
CONTINUOUS
10
5.3849999999999998
20
-3.728845748031496
11
5.3850000393700785
21
-3.728845748031496
0
LINE
8
BLACK
6
CONTINUOUS
10
5.3850000393700785
20
-3.728845748031496
11
5.3862343307086613
21
-3.7286832283464566
0
LINE
8
BLACK
6
CONTINUOUS
10
5.3862343307086613
20
-3.7286832283464566
11
5.391171732283464
21
-3.7280332283464568
0
LINE
8
BLACK
6
CONTINUOUS
10
5.391171732283464
20
-3.7280332283464568
11
5.3969228740157478
21
-3.725651023622047
0
LINE
8
BLACK
6
CONTINUOUS
10
5.3969228740157478
20
-3.725651023622047
11
5.4018614960629918
21
-3.7218614960629921
0
LINE
8
BLACK
6
CONTINUOUS
10
5.4018614960629918
20
-3.7218614960629921
11
5.4030411417322837
21
-3.720324094488189
0
LINE
8
BLACK
6
CONTINUOUS
10
5.4030411417322837
20
-3.720324094488189
11
5.4050263385826769
21
-3.7189597244094488
0
LINE
8
BLACK
6
CONTINUOUS
10
5.4050263385826769
20
-3.7189597244094488
11
5.4061333464566932
21
-3.7187992125984253
0
LINE
8
BLACK
6
CONTINUOUS
10
5.4061333464566932
20
-3.7187992125984253
11
5.4285264566929134
21
-3.7187992125984253
0
LINE
8
BLACK
6
CONTINUOUS
10
5.4285264566929134
20
-3.7187992125984253
11
5.4308174409448817
21
-3.7195435826771654
0
LINE
8
BLACK
6
CONTINUOUS
10
5.4308174409448817
20
-3.7195435826771654
11
5.4322333464566928
21
-3.7214924015748032
0
LINE
8
BLACK
6
CONTINUOUS
10
5.4322333464566928
20
-3.7214924015748032
11
5.432424094488189
21
-3.7226968503937008
0
LINE
8
BLACK
6
CONTINUOUS
10
5.432424094488189
20
-3.7226968503937008
11
5.432424094488189
21
-3.7304725196850392
0
LINE
8
BLACK
6
CONTINUOUS
10
5.432424094488189
20
-3.7304725196850392
11
5.4327776771653546
21
-3.7322500000000001
0
LINE
8
BLACK
6
CONTINUOUS
10
5.4327776771653546
20
-3.7322500000000001
11
5.4324945275590553
21
-3.7346421653543307
0
LINE
8
BLACK
6
CONTINUOUS
10
5.4324945275590553
20
-3.7346421653543307
11
5.4308594094488187
21
-3.7364110629921261
0
LINE
8
BLACK
6
CONTINUOUS
10
5.4308594094488187
20
-3.7364110629921261
11
5.4289549212598427
21
-3.7369080314960628
0
LINE
8
BLACK
6
CONTINUOUS
10
5.4289549212598427
20
-3.7369080314960628
11
5.3296569685039366
21
-3.7369080314960628
0
LINE
8
BLACK
6
CONTINUOUS
10
5.3296569685039366
20
-3.7369080314960628
11
5.3273659842519683
21
-3.7361636614173226
0
LINE
8
BLACK
6
CONTINUOUS
10
5.3273659842519683
20
-3.7361636614173226
11
5.326564763779527
21
-3.7353831102362203
0
LINE
8
BLACK
6
CONTINUOUS
10
5.326564763779527
20
-3.7353831102362203
11
5.3253852362204723
21
-3.7338459055118109
0
LINE
8
BLACK
6
CONTINUOUS
10
5.3253852362204723
20
-3.7338459055118109
11
5.3253851181102361
21
-3.7338457480314959
0
LINE
8
BLACK
6
CONTINUOUS
10
5.3253851181102361
20
-3.7338457480314959
11
5.3253849212598423
21
-3.7338455905511809
0
LINE
8
BLACK
6
CONTINUOUS
10
5.3253849212598423
20
-3.7338455905511809
11
5.3253848818897636
21
-3.7338455511811022
0
LINE
8
BLACK
6
CONTINUOUS
10
5.3253848818897636
20
-3.7338455511811022
11
5.3209890157480313
21
-3.7304725196850392
0
LINE
8
BLACK
6
CONTINUOUS
10
5.3209890157480313
20
-3.7304725196850392
11
5.320446496062992
21
-3.730056220472441
0
LINE
8
BLACK
6
CONTINUOUS
10
5.320446496062992
20
-3.730056220472441
11
5.3204464566929133
21
-3.7300561811023623
0
LINE
8
BLACK
6
CONTINUOUS
10
5.3204464566929133
20
-3.7300561811023623
11
5.3204463779527558
21
-3.7300561417322835
0
LINE
8
BLACK
6
CONTINUOUS
10
5.3204463779527558
20
-3.7300561417322835
11
5.3146955118110233
21
-3.72767405511811
0
LINE
8
BLACK
6
CONTINUOUS
10
5.3146955118110233
20
-3.72767405511811
11
5.3146951968503933
21
-3.7276739763779525
0
LINE
8
BLACK
6
CONTINUOUS
10
5.3146951968503933
20
-3.7276739763779525
11
5.3085236614173228
21
-3.726861496062992
0
LINE
8
BLACK
6
CONTINUOUS
10
5.3085236614173228
20
-3.726861496062992
11
5.3085235826771653
21
-3.726861496062992
0
LINE
8
BLACK
6
CONTINUOUS
10
5.3085235826771653
20
-3.726861496062992
11
5.3023520078740161
21
-3.7276739763779525
0
LINE
8
BLACK
6
CONTINUOUS
10
5.3023520078740161
20
-3.7276739763779525
11
5.302351692913386
21
-3.72767405511811
0
LINE
8
BLACK
6
CONTINUOUS
10
5.302351692913386
20
-3.72767405511811
11
5.2966008267716536
21
-3.7300561417322835
0
LINE
8
BLACK
6
CONTINUOUS
10
5.2966008267716536
20
-3.7300561417322835
11
5.2966007874015748
21
-3.7300561417322835
0
LINE
8
BLACK
6
CONTINUOUS
10
5.2966007874015748
20
-3.7300561417322835
11
5.2916623228346458
21
-3.7338455511811022
0
LINE
8
BLACK
6
CONTINUOUS
10
5.2916623228346458
20
-3.7338455511811022
11
5.2916619291338582
21
-3.7338459448818897
0
LINE
8
BLACK
6
CONTINUOUS
10
5.2916619291338582
20
-3.7338459448818897
11
5.2878725196850391
21
-3.7387844094488187
0
LINE
8
BLACK
6
CONTINUOUS
10
5.2878725196850391
20
-3.7387844094488187
11
5.2878725196850391
21
-3.7387844488188975
0
LINE
8
BLACK
6
CONTINUOUS
10
5.2878725196850391
20
-3.7387844488188975
11
5.2854904330708656
21
-3.74453531496063
0
LINE
8
BLACK
6
CONTINUOUS
10
5.2854904330708656
20
-3.74453531496063
11
5.2854903543307081
21
-3.7445356299212595
0
LINE
8
BLACK
6
CONTINUOUS
10
5.2854903543307081
20
-3.7445356299212595
11
5.2846778740157481
21
-3.7507072047244092
0
LINE
8
BLACK
6
CONTINUOUS
10
5.2846778740157481
20
-3.7507072047244092
11
5.2846778740157481
21
-3.750707244094488
0
LINE
8
BLACK
6
CONTINUOUS
10
5.2846778740157481
20
-3.750707244094488
11
5.2854903543307081
21
-3.7568788188976376
0
LINE
8
BLACK
6
CONTINUOUS
10
5.2854903543307081
20
-3.7568788188976376
11
5.2854904330708656
21
-3.7568791338582677
0
LINE
8
BLACK
6
CONTINUOUS
10
5.2854904330708656
20
-3.7568791338582677
11
5.2878725196850391
21
-3.7626299999999997
0
LINE
8
BLACK
6
CONTINUOUS
10
5.2878725196850391
20
-3.7626299999999997
11
5.2878725196850391
21
-3.7626300393700784
0
LINE
8
BLACK
6
CONTINUOUS
10
5.2878725196850391
20
-3.7626300393700784
11
5.2913788976377951
21
-3.7671996456692911
0
LINE
8
BLACK
6
CONTINUOUS
10
5.2913788976377951
20
-3.7671996456692911
11
5.291662125984252
21
-3.7675687401574804
0
LINE
8
BLACK
6
CONTINUOUS
10
5.291662125984252
20
-3.7675687401574804
11
5.2966007480314961
21
-3.7713582677165354
0
LINE
8
BLACK
6
CONTINUOUS
10
5.2966007480314961
20
-3.7713582677165354
11
5.3023518897637798
21
-3.7737404724409447
0
LINE
8
BLACK
6
CONTINUOUS
10
5.3023518897637798
20
-3.7737404724409447
11
5.3069806692913382
21
-3.7743498425196851
0
LINE
8
BLACK
6
CONTINUOUS
10
5.3069806692913382
20
-3.7743498425196851
11
5.3085235826771653
21
-3.7745529921259844
0
LINE
8
BLACK
6
CONTINUOUS
10
5.3085235826771653
20
-3.7745529921259844
11
5.308523622047244
21
-3.7745529921259844
0
LINE
8
BLACK
6
CONTINUOUS
10
5.308523622047244
20
-3.7745529921259844
11
5.3085236614173228
21
-3.7745529921259844
0
LINE
8
BLACK
6
CONTINUOUS
10
5.3085236614173228
20
-3.7745529921259844
11
5.3097579527559056
21
-3.7743904724409449
0
LINE
8
BLACK
6
CONTINUOUS
10
5.3097579527559056
20
-3.7743904724409449
11
5.3146953543307083
21
-3.7737404724409447
0
LINE
8
BLACK
6
CONTINUOUS
10
5.3146953543307083
20
-3.7737404724409447
11
5.320446496062992
21
-3.7713582677165354
0
LINE
8
BLACK
6
CONTINUOUS
10
5.320446496062992
20
-3.7713582677165354
11
5.3253851181102361
21
-3.7675687401574804
0
LINE
8
BLACK
6
CONTINUOUS
10
5.3253851181102361
20
-3.7675687401574804
11
5.326564763779527
21
-3.7660313385826769
0
LINE
8
BLACK
6
CONTINUOUS
10
5.326564763779527
20
-3.7660313385826769
11
5.3285499606299211
21
-3.7646669685039371
0
LINE
8
BLACK
6
CONTINUOUS
10
5.3285499606299211
20
-3.7646669685039371
11
5.3296569685039366
21
-3.7645064566929132
0
LINE
8
BLACK
6
CONTINUOUS
10
5.3296569685039366
20
-3.7645064566929132
11
5.428681102362205
21
-3.7645064566929132
0
LINE
8
BLACK
6
CONTINUOUS
10
5.428681102362205
20
-3.7645064566929132
11
5.4309720866141733
21
-3.7652508267716533
0
LINE
8
BLACK
6
CONTINUOUS
10
5.4309720866141733
20
-3.7652508267716533
11
5.4323879921259843
21
-3.7671996456692911
0
LINE
8
BLACK
6
CONTINUOUS
10
5.4323879921259843
20
-3.7671996456692911
11
5.4325787401574805
21
-3.7684040944881887
0
LINE
8
BLACK
6
CONTINUOUS
10
5.4325787401574805
20
-3.7684040944881887
11
5.4325787401574805
21
-3.7804624409448819
0
LINE
8
BLACK
6
CONTINUOUS
10
5.4325787401574805
20
-3.7804624409448819
11
5.4325787795275593
21
-3.7804629133858265
0
LINE
8
BLACK
6
CONTINUOUS
10
5.4325787795275593
20
-3.7804629133858265
11
5.4330366929133858
21
-3.7827648425196849
0
LINE
8
BLACK
6
CONTINUOUS
10
5.4330366929133858
20
-3.7827648425196849
11
5.4330367716535433
21
-3.7827650787401574
0
LINE
8
BLACK
6
CONTINUOUS
10
5.4330367716535433
20
-3.7827650787401574
11
5.433171535433071
21
-3.7829667716535433
0
LINE
8
BLACK
6
CONTINUOUS
10
5.433171535433071
20
-3.7829667716535433
11
5.4347814173228342
21
-3.785376062992126
0
LINE
8
BLACK
6
CONTINUOUS
10
5.4347814173228342
20
-3.785376062992126
11
5.4373924803149603
21
-3.7871207480314961
0
LINE
8
BLACK
6
CONTINUOUS
10
5.4373924803149603
20
-3.7871207480314961
11
5.4391429527559056
21
-3.787468937007874
0
LINE
8
BLACK
6
CONTINUOUS
10
5.4391429527559056
20
-3.787468937007874
11
5.4396945275590554
21
-3.7875786614173226
0
LINE
8
BLACK
6
CONTINUOUS
10
5.4396945275590554
20
-3.7875786614173226
11
5.4396947244094491
21
-3.7875786614173226
0
LINE
8
BLACK
6
CONTINUOUS
10
5.4396947244094491
20
-3.7875786614173226
11
5.4396949606299208
21
-3.7875787401574801
0
LINE
8
BLACK
6
CONTINUOUS
10
5.4396949606299208
20
-3.7875787401574801
11
5.4396949999999995
21
-3.7875787401574801
0
LINE
8
BLACK
6
CONTINUOUS
10
5.4396949999999995
20
-3.7875787401574801
11
5.4581889763779525
21
-3.7875787401574801
0
LINE
8
BLACK
6
CONTINUOUS
10
5.4581889763779525
20
-3.7875787401574801
11
5.4581889763779525
21
-3.7796850393700785
0
LINE
8
BLACK
6
CONTINUOUS
10
5.4581889763779525
20
-3.7796850393700785
11
5.4404724409448821
21
-3.7796850393700785
0
LINE
8
BLACK
6
CONTINUOUS
10
5.4404724409448821
20
-3.7796850393700785
11
5.4404724409448821
21
-3.7566127559055116
0
LINE
8
BLACK
6
CONTINUOUS
10
5.4404724409448821
20
-3.7566127559055116
11
5.3229714566929136
21
-3.7566127559055116
0
LINE
8
BLACK
6
CONTINUOUS
10
5.3229714566929136
20
-3.7566127559055116
11
5.3212640551181103
21
-3.7599637007874014
0
LINE
8
BLACK
6
CONTINUOUS
10
5.3212640551181103
20
-3.7599637007874014
11
5.3177800787401575
21
-3.7634476771653542
0
LINE
8
BLACK
6
CONTINUOUS
10
5.3177800787401575
20
-3.7634476771653542
11
5.3133900393700788
21
-3.7656845275590549
0
LINE
8
BLACK
6
CONTINUOUS
10
5.3133900393700788
20
-3.7656845275590549
11
5.308523622047244
21
-3.7664552755905509
0
LINE
8
BLACK
6
CONTINUOUS
10
5.308523622047244
20
-3.7664552755905509
11
5.3036572047244093
21
-3.7656845275590549
0
LINE
8
BLACK
6
CONTINUOUS
10
5.3036572047244093
20
-3.7656845275590549
11
5.2992671653543306
21
-3.7634476771653542
0
LINE
8
BLACK
6
CONTINUOUS
10
5.2992671653543306
20
-3.7634476771653542
11
5.2957831889763778
21
-3.7599637007874014
0
LINE
8
BLACK
6
CONTINUOUS
10
5.2957831889763778
20
-3.7599637007874014
11
5.2935463385826766
21
-3.7555736614173227
0
LINE
8
BLACK
6
CONTINUOUS
10
5.2935463385826766
20
-3.7555736614173227
11
5.2927755905511811
21
-3.750707244094488
0
LINE
8
BLACK
6
CONTINUOUS
10
5.2927755905511811
20
-3.750707244094488
11
5.2935463385826766
21
-3.7458408267716536
0
LINE
8
BLACK
6
CONTINUOUS
10
5.2935463385826766
20
-3.7458408267716536
11
5.2957831889763778
21
-3.7414507874015746
0
LINE
8
BLACK
6
CONTINUOUS
10
5.2957831889763778
20
-3.7414507874015746
11
5.2992671653543306
21
-3.7379668110236222
0
LINE
8
BLACK
6
CONTINUOUS
10
5.2992671653543306
20
-3.7379668110236222
11
5.3036572047244093
21
-3.735729960629921
0
LINE
8
BLACK
6
CONTINUOUS
10
5.3036572047244093
20
-3.735729960629921
11
5.308523622047244
21
-3.734959212598425
0
LINE
8
BLACK
6
CONTINUOUS
10
5.308523622047244
20
-3.734959212598425
11
5.3133900393700788
21
-3.735729960629921
0
LINE
8
BLACK
6
CONTINUOUS
10
5.3133900393700788
20
-3.735729960629921
11
5.3177800787401575
21
-3.7379668110236222
0
LINE
8
BLACK
6
CONTINUOUS
10
5.3177800787401575
20
-3.7379668110236222
11
5.3212640551181103
21
-3.7414507874015746
0
LINE
8
BLACK
6
CONTINUOUS
10
5.3212640551181103
20
-3.7414507874015746
11
5.3229714566929136
21
-3.7448017322834644
0
LINE
8
BLACK
6
CONTINUOUS
10
5.3229714566929136
20
-3.7448017322834644
11
5.4404724409448821
21
-3.7448017322834644
0
LINE
8
BLACK
6
CONTINUOUS
10
5.4404724409448821
20
-3.7448017322834644
11
5.4404724409448821
21
-3.7403149606299211
0
LINE
8
BLACK
6
CONTINUOUS
10
5.4404724409448821
20
-3.7403149606299211
11
5.4995275590551183
21
-3.7403149606299211
0
LINE
8
BLACK
6
CONTINUOUS
10
5.4995275590551183
20
-3.7403149606299211
11
5.4995275590551183
21
-3.7796850393700785
0
LINE
8
BLACK
6
CONTINUOUS
10
5.4995275590551183
20
-3.7796850393700785
11
5.481811023622047
21
-3.7796850393700785
0
LINE
8
BLACK
6
CONTINUOUS
10
5.481811023622047
20
-3.7796850393700785
11
5.481811023622047
21
-3.7875787401574801
0
LINE
8
BLACK
6
CONTINUOUS
10
5.481811023622047
20
-3.7875787401574801
11
5.500305
21
-3.7875787401574801
0
LINE
8
BLACK
6
CONTINUOUS
10
5.500305
20
-3.7875787401574801
11
5.5003050393700788
21
-3.7875787401574801
0
LINE
8
BLACK
6
CONTINUOUS
10
5.5003050393700788
20
-3.7875787401574801
11
5.5026075196850393
21
-3.7871207480314961
0
LINE
8
BLACK
6
CONTINUOUS
10
5.5026075196850393
20
-3.7871207480314961
11
5.5052185826771654
21
-3.785376062992126
0
LINE
8
BLACK
6
CONTINUOUS
10
5.5052185826771654
20
-3.785376062992126
11
5.506963267716535
21
-3.7827649999999999
0
LINE
8
BLACK
6
CONTINUOUS
10
5.506963267716535
20
-3.7827649999999999
11
5.5074212598425198
21
-3.7804625196850394
0
LINE
8
BLACK
6
CONTINUOUS
10
5.5074212598425198
20
-3.7804625196850394
11
5.5074212598425198
21
-3.7395374803149606
0
LINE
8
BLACK
6
CONTINUOUS
10
5.5074212598425198
20
-3.7395374803149606
11
5.506963267716535
21
-3.7372350000000001
0
LINE
8
BLACK
6
CONTINUOUS
10
5.506963267716535
20
-3.7372350000000001
11
5.5069631889763775
21
-3.7372348818897638
0
LINE
8
BLACK
6
CONTINUOUS
10
5.5069631889763775
20
-3.7372348818897638
11
5.5069631889763775
21
-3.7372348031496063
0
LINE
8
BLACK
6
CONTINUOUS
10
5.5069631889763775
20
-3.7372348031496063
11
5.5068183858267714
21
-3.7368851968503938
0
LINE
8
BLACK
6
CONTINUOUS
10
5.5068183858267714
20
-3.7368851968503938
11
5.5066293700787403
21
-3.7344837401574802
0
LINE
8
BLACK
6
CONTINUOUS
10
5.5066293700787403
20
-3.7344837401574802
11
5.5068183858267714
21
-3.7339020472440945
0
LINE
8
BLACK
6
CONTINUOUS
10
5.5068183858267714
20
-3.7339020472440945
11
5.5069630708661412
21
-3.7335526771653544
0
LINE
8
BLACK
6
CONTINUOUS
10
5.5069630708661412
20
-3.7335526771653544
11
5.506963267716535
21
-3.7335524015748032
0
LINE
8
BLACK
6
CONTINUOUS
10
5.506963267716535
20
-3.7335524015748032
11
5.5075759055118105
21
-3.7304724409448817
0
LINE
8
BLACK
6
CONTINUOUS
10
5.5075759055118105
20
-3.7304724409448817
11
5.5075759055118105
21
-3.7265157480314959
0
LINE
8
BLACK
6
CONTINUOUS
10
5.5075759055118105
20
-3.7265157480314959
11
5.5083202755905507
21
-3.7242247637795276
0
LINE
8
BLACK
6
CONTINUOUS
10
5.5083202755905507
20
-3.7242247637795276
11
5.5102690944881889
21
-3.7228088582677166
0
LINE
8
BLACK
6
CONTINUOUS
10
5.5102690944881889
20
-3.7228088582677166
11
5.5114735433070861
21
-3.7226181102362204
0
LINE
8
BLACK
6
CONTINUOUS
10
5.5114735433070861
20
-3.7226181102362204
11
5.5127948425196847
21
-3.7226181102362204
0
LINE
8
BLACK
6
CONTINUOUS
10
5.5127948425196847
20
-3.7226181102362204
11
5.5150858267716538
21
-3.7233624803149605
0
LINE
8
BLACK
6
CONTINUOUS
10
5.5150858267716538
20
-3.7233624803149605
11
5.5165017322834649
21
-3.7253112992125983
0
LINE
8
BLACK
6
CONTINUOUS
10
5.5165017322834649
20
-3.7253112992125983
11
5.5166924803149602
21
-3.7265157480314959
0
LINE
8
BLACK
6
CONTINUOUS
10
5.5166924803149602
20
-3.7265157480314959
11
5.5166924803149602
21
-3.8286369291338582
0
LINE
8
BLACK
6
CONTINUOUS
10
5.5166924803149602
20
-3.8286369291338582
11
5.5165646850393699
21
-3.8294025196850394
0
LINE
8
BLACK
6
CONTINUOUS
10
5.5165646850393699
20
-3.8294025196850394
11
5.5165949606299209
21
-3.8294075984251967
0
LINE
8
BLACK
6
CONTINUOUS
10
5.5165949606299209
20
-3.8294075984251967
11
5.5164942913385824
21
-3.8300107874015747
0
LINE
8
BLACK
6
CONTINUOUS
10
5.5164942913385824
20
-3.8300107874015747
11
5.516458464566929
21
-3.8302985039370077
0
LINE
8
BLACK
6
CONTINUOUS
10
5.516458464566929
20
-3.8302985039370077
11
5.5165384645669286
21
-3.8322326771653543
0
LINE
8
BLACK
6
CONTINUOUS
10
5.5165384645669286
20
-3.8322326771653543
11
5.5165418110236217
21
-3.8323937401574804
0
LINE
8
BLACK
6
CONTINUOUS
10
5.5165418110236217
20
-3.8323937401574804
11
5.5165418110236217
21
-3.8643324015748028
0
LINE
8
BLACK
6
CONTINUOUS
10
5.5165418110236217
20
-3.8643324015748028
11
5.5164588582677165
21
-3.8651322047244094
0
LINE
8
BLACK
6
CONTINUOUS
10
5.5164588582677165
20
-3.8651322047244094
11
5.5163629527559053
21
-3.8655895669291338
0
LINE
8
BLACK
6
CONTINUOUS
10
5.5163629527559053
20
-3.8655895669291338
11
5.5165118897637795
21
-3.8667844094488188
0
LINE
8
BLACK
6
CONTINUOUS
10
5.5165118897637795
20
-3.8667844094488188
11
5.5165418110236217
21
-3.8672664960629919
0
LINE
8
BLACK
6
CONTINUOUS
10
5.5165418110236217
20
-3.8672664960629919
11
5.5165418110236217
21
-3.8673111811023619
0
LINE
8
BLACK
6
CONTINUOUS
10
5.5165418110236217
20
-3.8673111811023619
11
5.5166698031496058
21
-3.8680783464566928
0
LINE
8
BLACK
6
CONTINUOUS
10
5.5166698031496058
20
-3.8680783464566928
11
5.5166928740157477
21
-3.8682365748031495
0
LINE
8
BLACK
6
CONTINUOUS
10
5.5166928740157477
20
-3.8682365748031495
11
5.5168878346456696
21
-3.8698003937007872
0
LINE
8
BLACK
6
CONTINUOUS
10
5.5168878346456696
20
-3.8698003937007872
11
5.5169326377952759
21
-3.870159645669291
0
LINE
8
BLACK
6
CONTINUOUS
10
5.5169326377952759
20
-3.870159645669291
11
5.5170153149606298
21
-3.8704374015748031
0
LINE
8
BLACK
6
CONTINUOUS
10
5.5170153149606298
20
-3.8704374015748031
11
5.5171090157480318
21
-3.8707103149606299
0
LINE
8
BLACK
6
CONTINUOUS
10
5.5171090157480318
20
-3.8707103149606299
11
5.5180308661417321
21
-3.8724137007874013
0
LINE
8
BLACK
6
CONTINUOUS
10
5.5180308661417321
20
-3.8724137007874013
11
5.5181046062992127
21
-3.8725569685039369
0
LINE
8
BLACK
6
CONTINUOUS
10
5.5181046062992127
20
-3.8725569685039369
11
5.5189552362204726
21
-3.8742970078740155
0
LINE
8
BLACK
6
CONTINUOUS
10
5.5189552362204726
20
-3.8742970078740155
11
5.5191236220472444
21
-3.8745328346456693
0
LINE
8
BLACK
6
CONTINUOUS
10
5.5191236220472444
20
-3.8745328346456693
11
5.5193009055118107
21
-3.8747606299212598
0
LINE
8
BLACK
6
CONTINUOUS
10
5.5193009055118107
20
-3.8747606299212598
11
5.5207254330708659
21
-3.8760720078740158
0
LINE
8
BLACK
6
CONTINUOUS
10
5.5207254330708659
20
-3.8760720078740158
11
5.5208416929133861
21
-3.8761835039370078
0
LINE
8
BLACK
6
CONTINUOUS
10
5.5208416929133861
20
-3.8761835039370078
11
5.5359420472440943
21
-3.8912838582677165
0
LINE
8
BLACK
6
CONTINUOUS
10
5.5359420472440943
20
-3.8912838582677165
11
5.536448937007874
21
-3.8919081102362205
0
LINE
8
BLACK
6
CONTINUOUS
10
5.536448937007874
20
-3.8919081102362205
11
5.5367044094488191
21
-3.8922991338582675
0
LINE
8
BLACK
6
CONTINUOUS
10
5.5367044094488191
20
-3.8922991338582675
11
5.5376542913385824
21
-3.8930384645669291
0
LINE
8
BLACK
6
CONTINUOUS
10
5.5376542913385824
20
-3.8930384645669291
11
5.5380159842519685
21
-3.8933578346456694
0
LINE
8
BLACK
6
CONTINUOUS
10
5.5380159842519685
20
-3.8933578346456694
11
5.5380480314960625
21
-3.8933898818897639
0
LINE
8
BLACK
6
CONTINUOUS
10
5.5380480314960625
20
-3.8933898818897639
11
5.5380481889763775
21
-3.8933900000000001
0
LINE
8
BLACK
6
CONTINUOUS
10
5.5380481889763775
20
-3.8933900000000001
11
5.5386804724409444
21
-3.8938414173228346
0
LINE
8
BLACK
6
CONTINUOUS
10
5.5386804724409444
20
-3.8938414173228346
11
5.5388097637795273
21
-3.8939377952755905
0
LINE
8
BLACK
6
CONTINUOUS
10
5.5388097637795273
20
-3.8939377952755905
11
5.5398492519685041
21
-3.8947468503937008
0
LINE
8
BLACK
6
CONTINUOUS
10
5.5398492519685041
20
-3.8947468503937008
11
5.5403387007874016
21
-3.8951277952755903
0
LINE
8
BLACK
6
CONTINUOUS
10
5.5403387007874016
20
-3.8951277952755903
11
5.5403388582677167
21
-3.895127834645669
0
LINE
8
BLACK
6
CONTINUOUS
10
5.5403388582677167
20
-3.895127834645669
11
5.540593818897638
21
-3.8952657874015748
0
LINE
8
BLACK
6
CONTINUOUS
10
5.540593818897638
20
-3.8952657874015748
11
5.5408528740157479
21
-3.8953924803149604
0
LINE
8
BLACK
6
CONTINUOUS
10
5.5408528740157479
20
-3.8953924803149604
11
5.5427098818897633
21
-3.8959453149606298
0
LINE
8
BLACK
6
CONTINUOUS
10
5.5427098818897633
20
-3.8959453149606298
11
5.5428619291338581
21
-3.89599405511811
0
LINE
8
BLACK
6
CONTINUOUS
10
5.5428619291338581
20
-3.89599405511811
11
5.5432692913385821
21
-3.8961338976377951
0
LINE
8
BLACK
6
CONTINUOUS
10
5.5432692913385821
20
-3.8961338976377951
11
5.5446945275590549
21
-3.896623188976378
0
LINE
8
BLACK
6
CONTINUOUS
10
5.5446945275590549
20
-3.896623188976378
11
5.5446946062992124
21
-3.896623188976378
0
LINE
8
BLACK
6
CONTINUOUS
10
5.5446946062992124
20
-3.896623188976378
11
5.5449789370078735
21
-3.8966706299212599
0
LINE
8
BLACK
6
CONTINUOUS
10
5.5449789370078735
20
-3.8966706299212599
11
5.5452664960629923
21
-3.8967064566929133
0
LINE
8
BLACK
6
CONTINUOUS
10
5.5452664960629923
20
-3.8967064566929133
11
5.5452667322834648
21
-3.8967065354330708
0
LINE
8
BLACK
6
CONTINUOUS
10
5.5452667322834648
20
-3.8967065354330708
11
5.546367519685039
21
-3.8966609842519686
0
LINE
8
BLACK
6
CONTINUOUS
10
5.546367519685039
20
-3.8966609842519686
11
5.5486872440944879
21
-3.8973100000000001
0
LINE
8
BLACK
6
CONTINUOUS
10
5.5486872440944879
20
-3.8973100000000001
11
5.5496207874015751
21
-3.898182559055118
0
LINE
8
BLACK
6
CONTINUOUS
10
5.5496207874015751
20
-3.898182559055118
11
5.550774015748031
21
-3.8996854724409449
0
LINE
8
BLACK
6
CONTINUOUS
10
5.550774015748031
20
-3.8996854724409449
11
5.555712637795275
21
-3.9034749999999998
0
LINE
8
BLACK
6
CONTINUOUS
10
5.555712637795275
20
-3.9034749999999998
11
5.5557126771653538
21
-3.9034749999999998
0
LINE
8
BLACK
6
CONTINUOUS
10
5.5557126771653538
20
-3.9034749999999998
11
5.5557127165354325
21
-3.9034750393700786
0
LINE
8
BLACK
6
CONTINUOUS
10
5.5557127165354325
20
-3.9034750393700786
11
5.5606129133858264
21
-3.9055047637795273
0
LINE
8
BLACK
6
CONTINUOUS
10
5.5606129133858264
20
-3.9055047637795273
11
5.5614637795275588
21
-3.9058572047244096
0
LINE
8
BLACK
6
CONTINUOUS
10
5.5614637795275588
20
-3.9058572047244096
11
5.566092559055118
21
-3.9064665748031495
0
LINE
8
BLACK
6
CONTINUOUS
10
5.566092559055118
20
-3.9064665748031495
11
5.5676354724409451
21
-3.9066697244094488
0
LINE
8
BLACK
6
CONTINUOUS
10
5.5676354724409451
20
-3.9066697244094488
11
5.5676355118110239
21
-3.9066697244094488
0
LINE
8
BLACK
6
CONTINUOUS
10
5.5676355118110239
20
-3.9066697244094488
11
5.5676355511811026
21
-3.9066697244094488
0
LINE
8
BLACK
6
CONTINUOUS
10
5.5676355511811026
20
-3.9066697244094488
11
5.5688698425196845
21
-3.9065072047244094
0
LINE
8
BLACK
6
CONTINUOUS
10
5.5688698425196845
20
-3.9065072047244094
11
5.5738072440944881
21
-3.9058572047244096
0
LINE
8
BLACK
6
CONTINUOUS
10
5.5738072440944881
20
-3.9058572047244096
11
5.5795583858267719
21
-3.9034749999999998
0
LINE
8
BLACK
6
CONTINUOUS
10
5.5795583858267719
20
-3.9034749999999998
11
5.5844970078740159
21
-3.8996854724409449
0
LINE
8
BLACK
6
CONTINUOUS
10
5.5844970078740159
20
-3.8996854724409449
11
5.5882865354330704
21
-3.8947468503937008
0
LINE
8
BLACK
6
CONTINUOUS
10
5.5882865354330704
20
-3.8947468503937008
11
5.5906687401574802
21
-3.8889957086614171
0
LINE
8
BLACK
6
CONTINUOUS
10
5.5906687401574802
20
-3.8889957086614171
11
5.5914812598425199
21
-3.8828239763779528
0
LINE
8
BLACK
6
CONTINUOUS
10
5.5914812598425199
20
-3.8828239763779528
11
5.5906687401574802
21
-3.8766522440944882
0
LINE
8
BLACK
6
CONTINUOUS
10
5.5906687401574802
20
-3.8766522440944882
11
5.5900578740157476
21
-3.8751775590551181
0
LINE
8
BLACK
6
CONTINUOUS
10
5.5900578740157476
20
-3.8751775590551181
11
5.5898688976377953
21
-3.8727761417322832
0
LINE
8
BLACK
6
CONTINUOUS
10
5.5898688976377953
20
-3.8727761417322832
11
5.5911275590551179
21
-3.870722244094488
0
LINE
8
BLACK
6
CONTINUOUS
10
5.5911275590551179
20
-3.870722244094488
11
5.5933530708661419
21
-3.8698003937007872
0
LINE
8
BLACK
6
CONTINUOUS
10
5.5933530708661419
20
-3.8698003937007872
11
5.5956953543307089
21
-3.8703627559055116
0
LINE
8
BLACK
6
CONTINUOUS
10
5.5956953543307089
20
-3.8703627559055116
11
5.596414921259842
21
-3.8709299606299212
0
LINE
8
BLACK
6
CONTINUOUS
10
5.596414921259842
20
-3.8709299606299212
11
5.703944842519685
21
-3.9784598818897638
0
LINE
8
BLACK
6
CONTINUOUS
10
5.703944842519685
20
-3.9784598818897638
11
5.7044517322834647
21
-3.9790841338582674
0
LINE
8
BLACK
6
CONTINUOUS
10
5.7044517322834647
20
-3.9790841338582674
11
5.704707204724409
21
-3.9794751574803149
0
LINE
8
BLACK
6
CONTINUOUS
10
5.704707204724409
20
-3.9794751574803149
11
5.7056570866141731
21
-3.9802144881889765
0
LINE
8
BLACK
6
CONTINUOUS
10
5.7056570866141731
20
-3.9802144881889765
11
5.7060187795275592
21
-3.9805338582677163
0
LINE
8
BLACK
6
CONTINUOUS
10
5.7060187795275592
20
-3.9805338582677163
11
5.7060508267716532
21
-3.9805659055118108
0
LINE
8
BLACK
6
CONTINUOUS
10
5.7060508267716532
20
-3.9805659055118108
11
5.7060509842519682
21
-3.980566023622047
0
LINE
8
BLACK
6
CONTINUOUS
10
5.7060509842519682
20
-3.980566023622047
11
5.7066832677165351
21
-3.981017440944882
0
LINE
8
BLACK
6
CONTINUOUS
10
5.7066832677165351
20
-3.981017440944882
11
5.706812559055118
21
-3.9811138188976378
0
LINE
8
BLACK
6
CONTINUOUS
10
5.706812559055118
20
-3.9811138188976378
11
5.7078520472440948
21
-3.9819228740157477
0
LINE
8
BLACK
6
CONTINUOUS
10
5.7078520472440948
20
-3.9819228740157477
11
5.7083414960629923
21
-3.9823038188976376
0
LINE
8
BLACK
6
CONTINUOUS
10
5.7083414960629923
20
-3.9823038188976376
11
5.7083416535433074
21
-3.9823038582677164
0
LINE
8
BLACK
6
CONTINUOUS
10
5.7083416535433074
20
-3.9823038582677164
11
5.7085966141732278
21
-3.9824418110236222
0
LINE
8
BLACK
6
CONTINUOUS
10
5.7085966141732278
20
-3.9824418110236222
11
5.7088556692913386
21
-3.9825685039370078
0
LINE
8
BLACK
6
CONTINUOUS
10
5.7088556692913386
20
-3.9825685039370078
11
5.710712677165354
21
-3.9831213385826771
0
LINE
8
BLACK
6
CONTINUOUS
10
5.710712677165354
20
-3.9831213385826771
11
5.7108647244094488
21
-3.9831700787401574
0
LINE
8
BLACK
6
CONTINUOUS
10
5.7108647244094488
20
-3.9831700787401574
11
5.7112720866141728
21
-3.9833099212598424
0
LINE
8
BLACK
6
CONTINUOUS
10
5.7112720866141728
20
-3.9833099212598424
11
5.7126973228346456
21
-3.983799212598425
0
LINE
8
BLACK
6
CONTINUOUS
10
5.7126973228346456
20
-3.983799212598425
11
5.7126974015748031
21
-3.983799212598425
0
LINE
8
BLACK
6
CONTINUOUS
10
5.7126974015748031
20
-3.983799212598425
11
5.7129817322834642
21
-3.9838466535433068
0
LINE
8
BLACK
6
CONTINUOUS
10
5.7129817322834642
20
-3.9838466535433068
11
5.713269291338583
21
-3.9838824803149606
0
LINE
8
BLACK
6
CONTINUOUS
10
5.713269291338583
20
-3.9838824803149606
11
5.7132695275590546
21
-3.9838825590551181
0
LINE
8
BLACK
6
CONTINUOUS
10
5.7132695275590546
20
-3.9838825590551181
11
5.7137515748031493
21
-3.9838625984251967
0
LINE
8
BLACK
6
CONTINUOUS
10
5.7137515748031493
20
-3.9838625984251967
11
5.7160713385826769
21
-3.9845116141732282
0
LINE
8
BLACK
6
CONTINUOUS
10
5.7160713385826769
20
-3.9845116141732282
11
5.7170048818897641
21
-3.9853841338582678
0
LINE
8
BLACK
6
CONTINUOUS
10
5.7170048818897641
20
-3.9853841338582678
11
5.7181385039370074
21
-3.9868614960629922
0
LINE
8
BLACK
6
CONTINUOUS
10
5.7181385039370074
20
-3.9868614960629922
11
5.7230771259842514
21
-3.9906510236220472
0
LINE
8
BLACK
6
CONTINUOUS
10
5.7230771259842514
20
-3.9906510236220472
11
5.7230771653543302
21
-3.9906510236220472
0
LINE
8
BLACK
6
CONTINUOUS
10
5.7230771653543302
20
-3.9906510236220472
11
5.723077204724409
21
-3.9906510629921259
0
LINE
8
BLACK
6
CONTINUOUS
10
5.723077204724409
20
-3.9906510629921259
11
5.7261880314960631
21
-3.9919396062992125
0
LINE
8
BLACK
6
CONTINUOUS
10
5.7261880314960631
20
-3.9919396062992125
11
5.7288282677165352
21
-3.9930332283464565
0
LINE
8
BLACK
6
CONTINUOUS
10
5.7288282677165352
20
-3.9930332283464565
11
5.7334570472440944
21
-3.9936425984251969
0
LINE
8
BLACK
6
CONTINUOUS
10
5.7334570472440944
20
-3.9936425984251969
11
5.7349999606299216
21
-3.9938457480314962
0
LINE
8
BLACK
6
CONTINUOUS
10
5.7349999606299216
20
-3.9938457480314962
11
5.7349999999999994
21
-3.9938457480314962
0
LINE
8
BLACK
6
CONTINUOUS
10
5.7349999999999994
20
-3.9938457480314962
11
5.7350000393700782
21
-3.9938457480314962
0
LINE
8
BLACK
6
CONTINUOUS
10
5.7350000393700782
20
-3.9938457480314962
11
5.736234330708661
21
-3.9936832283464567
0
LINE
8
BLACK
6
CONTINUOUS
10
5.736234330708661
20
-3.9936832283464567
11
5.7411717322834646
21
-3.9930332283464565
0
LINE
8
BLACK
6
CONTINUOUS
10
5.7411717322834646
20
-3.9930332283464565
11
5.7469228740157483
21
-3.9906510236220472
0
LINE
8
BLACK
6
CONTINUOUS
10
5.7469228740157483
20
-3.9906510236220472
11
5.7518614960629924
21
-3.9868614960629922
0
LINE
8
BLACK
6
CONTINUOUS
10
5.7518614960629924
20
-3.9868614960629922
11
5.7556510236220468
21
-3.9819228740157477
0
LINE
8
BLACK
6
CONTINUOUS
10
5.7556510236220468
20
-3.9819228740157477
11
5.7580332283464566
21
-3.9761717322834644
0
LINE
8
BLACK
6
CONTINUOUS
10
5.7580332283464566
20
-3.9761717322834644
11
5.7588457480314963
21
-3.9699999999999998
0
LINE
8
BLACK
6
CONTINUOUS
10
5.7588457480314963
20
-3.9699999999999998
11
5.7580332283464566
21
-3.9638282677165355
0
LINE
8
BLACK
6
CONTINUOUS
10
5.7580332283464566
20
-3.9638282677165355
11
5.7556510629921256
21
-3.9580772047244093
0
LINE
8
BLACK
6
CONTINUOUS
10
5.7556510629921256
20
-3.9580772047244093
11
5.7556510629921256
21
-3.9580771653543305
0
LINE
8
BLACK
6
CONTINUOUS
10
5.7556510629921256
20
-3.9580771653543305
11
5.7518616535433074
21
-3.9531387007874015
0
LINE
8
BLACK
6
CONTINUOUS
10
5.7518616535433074
20
-3.9531387007874015
11
5.7518616141732286
21
-3.9531386614173227
0
LINE
8
BLACK
6
CONTINUOUS
10
5.7518616141732286
20
-3.9531386614173227
11
5.7518614960629924
21
-3.9531385039370077
0
LINE
8
BLACK
6
CONTINUOUS
10
5.7518614960629924
20
-3.9531385039370077
11
5.7518612992125986
21
-3.9531383464566927
0
LINE
8
BLACK
6
CONTINUOUS
10
5.7518612992125986
20
-3.9531383464566927
11
5.7518612598425198
21
-3.953138307086614
0
LINE
8
BLACK
6
CONTINUOUS
10
5.7518612598425198
20
-3.953138307086614
11
5.7482629921259845
21
-3.950377283464567
0
LINE
8
BLACK
6
CONTINUOUS
10
5.7482629921259845
20
-3.950377283464567
11
5.7469228740157483
21
-3.9493489763779528
0
LINE
8
BLACK
6
CONTINUOUS
10
5.7469228740157483
20
-3.9493489763779528
11
5.7469228346456696
21
-3.949348937007874
0
LINE
8
BLACK
6
CONTINUOUS
10
5.7469228346456696
20
-3.949348937007874
11
5.746922755905512
21
-3.9493488976377953
0
LINE
8
BLACK
6
CONTINUOUS
10
5.746922755905512
20
-3.9493488976377953
11
5.7411718897637796
21
-3.9469668110236218
0
LINE
8
BLACK
6
CONTINUOUS
10
5.7411718897637796
20
-3.9469668110236218
11
5.7411715748031495
21
-3.9469667322834643
0
LINE
8
BLACK
6
CONTINUOUS
10
5.7411715748031495
20
-3.9469667322834643
11
5.7350000393700782
21
-3.9461542519685038
0
LINE
8
BLACK
6
CONTINUOUS
10
5.7350000393700782
20
-3.9461542519685038
11
5.7349999606299216
21
-3.9461542519685038
0
LINE
8
BLACK
6
CONTINUOUS
10
5.7349999606299216
20
-3.9461542519685038
11
5.7288283858267715
21
-3.9469667322834643
0
LINE
8
BLACK
6
CONTINUOUS
10
5.7288283858267715
20
-3.9469667322834643
11
5.7288280708661414
21
-3.9469668110236218
0
LINE
8
BLACK
6
CONTINUOUS
10
5.7288280708661414
20
-3.9469668110236218
11
5.723077204724409
21
-3.9493488976377953
0
LINE
8
BLACK
6
CONTINUOUS
10
5.723077204724409
20
-3.9493488976377953
11
5.7205758267716531
21
-3.9512682283464566
0
LINE
8
BLACK
6
CONTINUOUS
10
5.7205758267716531
20
-3.9512682283464566
11
5.7183051181102362
21
-3.9520722834645667
0
LINE
8
BLACK
6
CONTINUOUS
10
5.7183051181102362
20
-3.9520722834645667
11
5.7159954330708658
21
-3.9513880708661415
0
LINE
8
BLACK
6
CONTINUOUS
10
5.7159954330708658
20
-3.9513880708661415
11
5.7154470866141729
21
-3.9509320472440943
0
LINE
8
BLACK
6
CONTINUOUS
10
5.7154470866141729
20
-3.9509320472440943
11
5.6010551574803147
21
-3.8365401181102361
0
LINE
8
BLACK
6
CONTINUOUS
10
5.6010551574803147
20
-3.8365401181102361
11
5.6005482283464563
21
-3.8359158267716533
0
LINE
8
BLACK
6
CONTINUOUS
10
5.6005482283464563
20
-3.8359158267716533
11
5.6002927952755908
21
-3.8355248425196851
0
LINE
8
BLACK
6
CONTINUOUS
10
5.6002927952755908
20
-3.8355248425196851
11
5.5993428346456691
21
-3.8347854724409447
0
LINE
8
BLACK
6
CONTINUOUS
10
5.5993428346456691
20
-3.8347854724409447
11
5.5989810629921255
21
-3.8344660236220474
0
LINE
8
BLACK
6
CONTINUOUS
10
5.5989810629921255
20
-3.8344660236220474
11
5.598949094488189
21
-3.83443405511811
0
LINE
8
BLACK
6
CONTINUOUS
10
5.598949094488189
20
-3.83443405511811
11
5.5983159448818895
21
-3.8339820078740154
0
LINE
8
BLACK
6
CONTINUOUS
10
5.5983159448818895
20
-3.8339820078740154
11
5.5981874409448817
21
-3.8338862204724409
0
LINE
8
BLACK
6
CONTINUOUS
10
5.5981874409448817
20
-3.8338862204724409
11
5.5966585039370074
21
-3.8326961811023623
0
LINE
8
BLACK
6
CONTINUOUS
10
5.5966585039370074
20
-3.8326961811023623
11
5.5966584251968499
21
-3.8326961417322836
0
LINE
8
BLACK
6
CONTINUOUS
10
5.5966584251968499
20
-3.8326961417322836
11
5.5964046062992123
21
-3.8325587795275591
0
LINE
8
BLACK
6
CONTINUOUS
10
5.5964046062992123
20
-3.8325587795275591
11
5.5961444881889761
21
-3.8324316141732284
0
LINE
8
BLACK
6
CONTINUOUS
10
5.5961444881889761
20
-3.8324316141732284
11
5.5961443307086611
21
-3.8324314960629922
0
LINE
8
BLACK
6
CONTINUOUS
10
5.5961443307086611
20
-3.8324314960629922
11
5.594287755905512
21
-3.8318787401574803
0
LINE
8
BLACK
6
CONTINUOUS
10
5.594287755905512
20
-3.8318787401574803
11
5.5941344488188971
21
-3.8318296062992125
0
LINE
8
BLACK
6
CONTINUOUS
10
5.5941344488188971
20
-3.8318296062992125
11
5.5923026377952754
21
-3.8312007480314958
0
LINE
8
BLACK
6
CONTINUOUS
10
5.5923026377952754
20
-3.8312007480314958
11
5.5920181102362205
21
-3.8311532677165352
0
LINE
8
BLACK
6
CONTINUOUS
10
5.5920181102362205
20
-3.8311532677165352
11
5.5917305118110239
21
-3.8311174409448818
0
LINE
8
BLACK
6
CONTINUOUS
10
5.5917305118110239
20
-3.8311174409448818
11
5.5917304724409451
21
-3.8311174409448818
0
LINE
8
BLACK
6
CONTINUOUS
10
5.5917304724409451
20
-3.8311174409448818
11
5.5917303937007876
21
-3.8311174409448818
0
LINE
8
BLACK
6
CONTINUOUS
10
5.5917303937007876
20
-3.8311174409448818
11
5.589796220472441
21
-3.8311974409448819
0
LINE
8
BLACK
6
CONTINUOUS
10
5.589796220472441
20
-3.8311974409448819
11
5.5896351574803145
21
-3.8312007874015745
0
LINE
8
BLACK
6
CONTINUOUS
10
5.5896351574803145
20
-3.8312007874015745
11
5.581556574803149
21
-3.8312007874015745
0
LINE
8
BLACK
6
CONTINUOUS
10
5.581556574803149
20
-3.8312007874015745
11
5.5792655905511808
21
-3.8304564173228344
0
LINE
8
BLACK
6
CONTINUOUS
10
5.5792655905511808
20
-3.8304564173228344
11
5.5784643700787404
21
-3.8296758661417321
0
LINE
8
BLACK
6
CONTINUOUS
10
5.5784643700787404
20
-3.8296758661417321
11
5.5782585039370076
21
-3.8294075984251967
0
LINE
8
BLACK
6
CONTINUOUS
10
5.5782585039370076
20
-3.8294075984251967
11
5.5767104330708657
21
-3.8273900787401574
0
LINE
8
BLACK
6
CONTINUOUS
10
5.5767104330708657
20
-3.8273900787401574
11
5.5767102362204719
21
-3.8273899212598423
0
LINE
8
BLACK
6
CONTINUOUS
10
5.5767102362204719
20
-3.8273899212598423
11
5.5767101968503932
21
-3.8273898818897636
0
LINE
8
BLACK
6
CONTINUOUS
10
5.5767101968503932
20
-3.8273898818897636
11
5.5717716929133854
21
-3.8236004724409449
0
LINE
8
BLACK
6
CONTINUOUS
10
5.5717716929133854
20
-3.8236004724409449
11
5.5660208267716538
21
-3.8212183858267714
0
LINE
8
BLACK
6
CONTINUOUS
10
5.5660208267716538
20
-3.8212183858267714
11
5.5660205118110238
21
-3.8212183070866139
0
LINE
8
BLACK
6
CONTINUOUS
10
5.5660205118110238
20
-3.8212183070866139
11
5.5598489763779524
21
-3.8204058267716534
0
LINE
8
BLACK
6
CONTINUOUS
10
5.5598489763779524
20
-3.8204058267716534
11
5.5598488976377949
21
-3.8204058267716534
0
LINE
8
BLACK
6
CONTINUOUS
10
5.5598488976377949
20
-3.8204058267716534
11
5.5536773228346457
21
-3.8212183070866139
0
LINE
8
BLACK
6
CONTINUOUS
10
5.5536773228346457
20
-3.8212183070866139
11
5.5536769685039369
21
-3.8212183858267714
0
LINE
8
BLACK
6
CONTINUOUS
10
5.5536769685039369
20
-3.8212183858267714
11
5.549680078740157
21
-3.8228739763779527
0
LINE
8
BLACK
6
CONTINUOUS
10
5.549680078740157
20
-3.8228739763779527
11
5.5472786220472443
21
-3.8230629921259842
0
LINE
8
BLACK
6
CONTINUOUS
10
5.5472786220472443
20
-3.8230629921259842
11
5.545224724409449
21
-3.8218043307086615
0
LINE
8
BLACK
6
CONTINUOUS
10
5.545224724409449
20
-3.8218043307086615
11
5.5443029133858266
21
-3.8195788188976376
0
LINE
8
BLACK
6
CONTINUOUS
10
5.5443029133858266
20
-3.8195788188976376
11
5.5442909055118106
21
-3.819273031496063
0
LINE
8
BLACK
6
CONTINUOUS
10
5.5442909055118106
20
-3.819273031496063
11
5.5442909055118106
21
-3.7199648425196847
0
LINE
8
BLACK
6
CONTINUOUS
10
5.5442909055118106
20
-3.7199648425196847
11
5.5443738582677167
21
-3.7191649999999998
0
LINE
8
BLACK
6
CONTINUOUS
10
5.5443738582677167
20
-3.7191649999999998
11
5.5444168897637791
21
-3.7189597244094488
0
LINE
8
BLACK
6
CONTINUOUS
10
5.5444168897637791
20
-3.7189597244094488
11
5.544469763779527
21
-3.7187076377952755
0
LINE
8
BLACK
6
CONTINUOUS
10
5.544469763779527
20
-3.7187076377952755
11
5.5443208267716537
21
-3.7175127952755904
0
LINE
8
BLACK
6
CONTINUOUS
10
5.5443208267716537
20
-3.7175127952755904
11
5.5442909055118106
21
-3.7170307480314961
0
LINE
8
BLACK
6
CONTINUOUS
10
5.5442909055118106
20
-3.7170307480314961
11
5.5442909055118106
21
-3.7169861417322836
0
LINE
8
BLACK
6
CONTINUOUS
10
5.5442909055118106
20
-3.7169861417322836
11
5.5441629133858266
21
-3.7162191732283465
0
LINE
8
BLACK
6
CONTINUOUS
10
5.5441629133858266
20
-3.7162191732283465
11
5.5441396850393696
21
-3.7160598031496064
0
LINE
8
BLACK
6
CONTINUOUS
10
5.5441396850393696
20
-3.7160598031496064
11
5.5439000787401573
21
-3.7141376377952757
0
LINE
8
BLACK
6
CONTINUOUS
10
5.5439000787401573
20
-3.7141376377952757
11
5.5439000393700786
21
-3.7141375590551182
0
LINE
8
BLACK
6
CONTINUOUS
10
5.5439000393700786
20
-3.7141375590551182
11
5.5439000393700786
21
-3.7141374803149607
0
LINE
8
BLACK
6
CONTINUOUS
10
5.5439000393700786
20
-3.7141374803149607
11
5.543817637795275
21
-3.7138607874015745
0
LINE
8
BLACK
6
CONTINUOUS
10
5.543817637795275
20
-3.7138607874015745
11
5.5437236220472439
21
-3.7135868110236219
0
LINE
8
BLACK
6
CONTINUOUS
10
5.5437236220472439
20
-3.7135868110236219
11
5.542802204724409
21
-3.7118842519685038
0
LINE
8
BLACK
6
CONTINUOUS
10
5.542802204724409
20
-3.7118842519685038
11
5.5427284251968505
21
-3.7117409055118111
0
LINE
8
BLACK
6
CONTINUOUS
10
5.5427284251968505
20
-3.7117409055118111
11
5.5418774803149606
21
-3.7100002362204725
0
LINE
8
BLACK
6
CONTINUOUS
10
5.5418774803149606
20
-3.7100002362204725
11
5.5417101181102364
21
-3.7097657874015746
0
LINE
8
BLACK
6
CONTINUOUS
10
5.5417101181102364
20
-3.7097657874015746
11
5.5415318110236216
21
-3.7095366929133857
0
LINE
8
BLACK
6
CONTINUOUS
10
5.5415318110236216
20
-3.7095366929133857
11
5.5415317716535428
21
-3.709536653543307
0
LINE
8
BLACK
6
CONTINUOUS
10
5.5415317716535428
20
-3.709536653543307
11
5.540106692913386
21
-3.7082247637795276
0
LINE
8
BLACK
6
CONTINUOUS
10
5.540106692913386
20
-3.7082247637795276
11
5.5399914566929134
21
-3.7081142125984252
0
LINE
8
BLACK
6
CONTINUOUS
10
5.5399914566929134
20
-3.7081142125984252
11
5.5322362598425192
21
-3.7003590157480315
0
LINE
8
BLACK
6
CONTINUOUS
10
5.5322362598425192
20
-3.7003590157480315
11
5.5317293307086617
21
-3.6997347244094487
0
LINE
8
BLACK
6
CONTINUOUS
10
5.5317293307086617
20
-3.6997347244094487
11
5.5314738976377953
21
-3.69934374015748
0
LINE
8
BLACK
6
CONTINUOUS
10
5.5314738976377953
20
-3.69934374015748
11
5.5308116141732286
21
-3.6988282677165354
0
LINE
8
BLACK
6
CONTINUOUS
10
5.5308116141732286
20
-3.6988282677165354
11
5.5305237795275586
21
-3.6986042519685038
0
LINE
8
BLACK
6
CONTINUOUS
10
5.5305237795275586
20
-3.6986042519685038
11
5.5301621653543309
21
-3.6982849212598423
0
LINE
8
BLACK
6
CONTINUOUS
10
5.5301621653543309
20
-3.6982849212598423
11
5.5301301968503935
21
-3.6982529527559054
0
LINE
8
BLACK
6
CONTINUOUS
10
5.5301301968503935
20
-3.6982529527559054
11
5.5294970472440941
21
-3.6978009055118108
0
LINE
8
BLACK
6
CONTINUOUS
10
5.5294970472440941
20
-3.6978009055118108
11
5.5293685433070863
21
-3.6977051181102363
0
LINE
8
BLACK
6
CONTINUOUS
10
5.5293685433070863
20
-3.6977051181102363
11
5.5278396062992128
21
-3.6965150787401573
0
LINE
8
BLACK
6
CONTINUOUS
10
5.5278396062992128
20
-3.6965150787401573
11
5.5278395275590553
21
-3.6965150393700785
0
LINE
8
BLACK
6
CONTINUOUS
10
5.5278395275590553
20
-3.6965150393700785
11
5.5275857086614169
21
-3.696377677165354
0
LINE
8
BLACK
6
CONTINUOUS
10
5.5275857086614169
20
-3.696377677165354
11
5.5273255905511807
21
-3.6962505118110234
0
LINE
8
BLACK
6
CONTINUOUS
10
5.5273255905511807
20
-3.6962505118110234
11
5.5273254330708657
21
-3.6962503937007871
0
LINE
8
BLACK
6
CONTINUOUS
10
5.5273254330708657
20
-3.6962503937007871
11
5.5254688582677165
21
-3.6956976377952757
0
LINE
8
BLACK
6
CONTINUOUS
10
5.5254688582677165
20
-3.6956976377952757
11
5.5253155511811025
21
-3.6956485039370079
0
LINE
8
BLACK
6
CONTINUOUS
10
5.5253155511811025
20
-3.6956485039370079
11
5.5234837401574799
21
-3.6950196456692912
0
LINE
8
BLACK
6
CONTINUOUS
10
5.5234837401574799
20
-3.6950196456692912
11
5.5231992125984251
21
-3.6949721653543306
0
LINE
8
BLACK
6
CONTINUOUS
10
5.5231992125984251
20
-3.6949721653543306
11
5.5229116141732284
21
-3.6949363385826772
0
LINE
8
BLACK
6
CONTINUOUS
10
5.5229116141732284
20
-3.6949363385826772
11
5.5229115748031496
21
-3.6949363385826772
0
LINE
8
BLACK
6
CONTINUOUS
10
5.5229115748031496
20
-3.6949363385826772
11
5.5229114960629921
21
-3.6949363385826772
0
LINE
8
BLACK
6
CONTINUOUS
10
5.5229114960629921
20
-3.6949363385826772
11
5.5209773228346455
21
-3.6950163385826769
0
LINE
8
BLACK
6
CONTINUOUS
10
5.5209773228346455
20
-3.6950163385826769
11
5.5208162598425199
21
-3.6950196850393699
0
LINE
8
BLACK
6
CONTINUOUS
10
5.5208162598425199
20
-3.6950196850393699
11
5.5060693307086614
21
-3.6950196850393699
0
LINE
8
BLACK
6
CONTINUOUS
10
5.5060693307086614
20
-3.6950196850393699
11
5.5037783464566932
21
-3.6942753149606298
0
LINE
8
BLACK
6
CONTINUOUS
10
5.5037783464566932
20
-3.6942753149606298
11
5.5027903937007876
21
-3.6932292125984252
0
LINE
8
BLACK
6
CONTINUOUS
10
5.5027903937007876
20
-3.6932292125984252
11
5.5016433464566932
21
-3.6914442913385828
0
LINE
8
BLACK
6
CONTINUOUS
10
5.5016433464566932
20
-3.6914442913385828
11
5.5016432283464569
21
-3.6914441338582678
0
LINE
8
BLACK
6
CONTINUOUS
10
5.5016432283464569
20
-3.6914441338582678
11
5.5001432677165356
21
-3.6897131102362204
0
LINE
8
BLACK
6
CONTINUOUS
10
5.5001432677165356
20
-3.6897131102362204
11
5.5001432283464569
21
-3.6897130708661416
0
LINE
8
BLACK
6
CONTINUOUS
10
5.5001432283464569
20
-3.6897130708661416
11
5.5001429921259843
21
-3.6897127952755904
0
LINE
8
BLACK
6
CONTINUOUS
10
5.5001429921259843
20
-3.6897127952755904
11
5.5001425984251968
21
-3.6897124409448816
0
LINE
8
BLACK
6
CONTINUOUS
10
5.5001425984251968
20
-3.6897124409448816
11
5.495865196850394
21
-3.6860060629921261
0
LINE
8
BLACK
6
CONTINUOUS
10
5.495865196850394
20
-3.6860060629921261
11
5.4958646850393702
21
-3.6860057086614173
0
LINE
8
BLACK
6
CONTINUOUS
10
5.4958646850393702
20
-3.6860057086614173
11
5.4939382677165352
21
-3.6847676771653544
0
LINE
8
BLACK
6
CONTINUOUS
10
5.4939382677165352
20
-3.6847676771653544
11
5.4939377559055114
21
-3.6847674015748031
0
LINE
8
BLACK
6
CONTINUOUS
10
5.4939377559055114
20
-3.6847674015748031
11
5.4929610629921255
21
-3.6843213779527559
0
LINE
8
BLACK
6
CONTINUOUS
10
5.4929610629921255
20
-3.6843213779527559
11
5.4887888976377948
21
-3.6824159842519686
0
LINE
8
BLACK
6
CONTINUOUS
10
5.4887888976377948
20
-3.6824159842519686
11
5.4887887007874019
21
-3.6824159055118111
0
LINE
8
BLACK
6
CONTINUOUS
10
5.4887887007874019
20
-3.6824159055118111
11
5.4887886614173231
21
-3.6824159055118111
0
LINE
8
BLACK
6
CONTINUOUS
10
5.4887886614173231
20
-3.6824159055118111
11
5.4865909055118109
21
-3.6817705905511811
0
LINE
8
BLACK
6
CONTINUOUS
10
5.4865909055118109
20
-3.6817705905511811
11
5.4865907480314959
21
-3.6817705511811023
0
LINE
8
BLACK
6
CONTINUOUS
10
5.4865907480314959
20
-3.6817705511811023
11
5.4809880708661414
21
-3.680965
0
LINE
8
BLACK
6
CONTINUOUS
10
5.4809880708661414
20
-3.680965
11
5.4809879133858264
21
-3.680965
0
LINE
8
BLACK
6
CONTINUOUS
10
5.4809879133858264
20
-3.680965
11
5.4786971259842518
21
-3.680965
0
LINE
8
BLACK
6
CONTINUOUS
10
5.4786971259842518
20
-3.680965
11
5.4786970472440943
21
-3.680965
0
LINE
8
BLACK
6
CONTINUOUS
10
5.4786970472440943
20
-3.680965
11
5.4783361417322833
21
-3.6810168897637796
0
LINE
8
BLACK
6
CONTINUOUS
10
5.4783361417322833
20
-3.6810168897637796
11
5.4781348818897637
21
-3.6810458267716535
0
LINE
8
BLACK
6
CONTINUOUS
10
5.4781348818897637
20
-3.6810458267716535
11
5.4775801968503934
21
-3.6810855118110237
0
LINE
8
BLACK
6
CONTINUOUS
10
5.4775801968503934
20
-3.6810855118110237
11
5.4624198031496061
21
-3.6810855118110237
0
LINE
8
BLACK
6
CONTINUOUS
10
5.4624198031496061
20
-3.6810855118110237
11
5.461865078740157
21
-3.6810458267716535
0
LINE
8
BLACK
6
CONTINUOUS
10
5.461865078740157
20
-3.6810458267716535
11
5.4616638188976374
21
-3.6810168897637796
0
LINE
8
BLACK
6
CONTINUOUS
10
5.4616638188976374
20
-3.6810168897637796
11
5.4613029527559052
21
-3.680965
0
LINE
8
BLACK
6
CONTINUOUS
10
5.4613029527559052
20
-3.680965
11
5.4613028740157477
21
-3.680965
0
LINE
8
BLACK
6
CONTINUOUS
10
5.4613028740157477
20
-3.680965
11
5.4590120866141731
21
-3.680965
0
LINE
8
BLACK
6
CONTINUOUS
10
5.4590120866141731
20
-3.680965
11
5.4590119291338581
21
-3.680965
0
LINE
8
BLACK
6
CONTINUOUS
10
5.4590119291338581
20
-3.680965
11
5.4534092125984248
21
-3.6817705511811023
0
CIRCLE
8
BLACK
10
4.8884251968503936
20
-3.6494488188976377
40
0.0068897637795276
0
CIRCLE
8
BLACK
10
4.8884251968503936
20
-4.2400000000000002
40
0.0068897637795276
0
CIRCLE
8
BLACK
10
5.2821259842519686
20
-4.2400000000000002
40
0.0068897637795276
0
CIRCLE
8
BLACK
10
5.2821259842519686
20
-3.6494488188976377
40
0.0068897637795276
0
CIRCLE
8
BLACK
10
5.146299212598425
20
-4.0037795275590549
40
0.0068897637795276
0
CIRCLE
8
BLACK
10
4.8588976377952751
20
-4.0037795275590549
40
0.0068897637795276
0
CIRCLE
8
BLACK
10
4.8588976377952751
20
-3.834488188976378
40
0.0068897637795276
0
CIRCLE
8
BLACK
10
5.1399999999999997
20
-3.7799999999999998
40
0.0078740157480315
0
CIRCLE
8
BLACK
10
5.9349999999999996
20
-3.7989999999999999
40
0.0078740157480315
0
CIRCLE
8
BLACK
10
5.6369999999999996
20
-3.8029999999999999
40
0.0078740157480315
0
CIRCLE
8
BLACK
10
5.9329999999999998
20
-3.8529999999999998
40
0.0078740157480315
0
CIRCLE
8
BLACK
10
4.8869999999999996
20
-3.7429999999999999
40
0.0078740157480315
0
CIRCLE
8
BLACK
10
5.9349999999999996
20
-4.0919999999999996
40
0.0078740157480315
0
CIRCLE
8
BLACK
10
5.1200000000000001
20
-4.2000000000000002
40
0.0078740157480315
0
CIRCLE
8
BLACK
10
5.8380000000000001
20
-4.1989999999999998
40
0.0078740157480315
0
CIRCLE
8
BLACK
10
5.8949999999999996
20
-4.04
40
0.0078740157480315
0
CIRCLE
8
BLACK
10
5.57183311023622
20
-3.9219499606299211
40
0.0078740157480315
0
CIRCLE
8
BLACK
10
5.2050000000000001
20
-3.7199999999999998
40
0.0078740157480315
0
CIRCLE
8
BLACK
10
5.375
20
-4.1950000000000003
40
0.0078740157480315
0
CIRCLE
8
BLACK
10
5.2279999999999998
20
-4.0839999999999996
40
0.0078740157480315
0
CIRCLE
8
BLACK
10
5.9349999999999996
20
-3.9499999999999997
40
0.0078740157480315
0
CIRCLE
8
BLACK
10
5.2409999999999997
20
-4.1159999999999997
40
0.0078740157480315
0
CIRCLE
8
BLACK
10
4.8300000000000001
20
-4.0449999999999999
40
0.0078740157480315
0
CIRCLE
8
BLACK
10
5.9349999999999996
20
-3.8999999999999999
40
0.0078740157480315
0
CIRCLE
8
BLACK
10
5.415
20
-3.8900000000000001
40
0.0078740157480315
0
CIRCLE
8
BLACK
10
5.8849999999999998
20
-3.798
40
0.0078740157480315
0
CIRCLE
8
BLACK
10
5.1529999999999996
20
-3.7079999999999997
40
0.0078740157480315
0
CIRCLE
8
BLACK
10
5.6285826771653538
20
-3.9525984251968502
40
0.0078740157480315
0
CIRCLE
8
BLACK
10
5.2050000000000001
20
-4.2000000000000002
40
0.0078740157480315
0
CIRCLE
8
BLACK
10
4.8399999999999999
20
-3.7799999999999998
40
0.0078740157480315
0
CIRCLE
8
BLACK
10
5.6289999999999996
20
-4.1600000000000001
40
0.0078740157480315
0
CIRCLE
8
BLACK
10
5.4799999999999995
20
-4.1950000000000003
40
0.0078740157480315
0
CIRCLE
8
BLACK
10
5.9349999999999996
20
-4.
40
0.0078740157480315
0
CIRCLE
8
BLACK
10
4.8300000000000001
20
-4.1749999999999998
40
0.0078740157480315
0
CIRCLE
8
BLACK
10
5.3838976771653542
20
-3.7950000393700787
40
0.0078740157480315
0
CIRCLE
8
BLACK
10
5.7439999999999998
20
-4.0759999999999996
40
0.0078740157480315
0
CIRCLE
8
BLACK
10
4.9660000000000002
20
-3.7239999999999998
40
0.0078740157480315
0
CIRCLE
8
BLACK
10
5.7489999999999997
20
-3.8260000000000001
40
0.0078740157480315
0
CIRCLE
8
BLACK
10
5.7939999999999996
20
-4.0609999999999999
40
0.0078740157480315
0
CIRCLE
8
BLACK
10
5.4900000000000002
20
-4.1049999999999995
40
0.0078740157480315
0
CIRCLE
8
BLACK
10
5.0659999999999998
20
-3.9179999999999997
40
0.0078740157480315
0
CIRCLE
8
BLACK
10
5.8490000000000002
20
-3.9889999999999999
40
0.0078740157480315
0
CIRCLE
8
BLACK
10
5.8789999999999996
20
-4.0919999999999996
40
0.0078740157480315
0
CIRCLE
8
BLACK
10
5.4299999999999997
20
-4.1950000000000003
40
0.0078740157480315
0
CIRCLE
8
BLACK
10
5.165
20
-4.2000000000000002
40
0.0078740157480315
0
CIRCLE
8
BLACK
10
5.7429999999999994
20
-3.766
40
0.0078740157480315
0
CIRCLE
8
BLACK
10
5.8250000000000002
20
-3.8199999999999998
40
0.0078740157480315
0
CIRCLE
8
BLACK
10
4.9379999999999997
20
-3.9199999999999999
40
0.0078740157480315
0
CIRCLE
8
BLACK
10
5.6797637795275593
20
-3.8699212598425197
40
0.0078740157480315
0
CIRCLE
8
BLACK
10
5.6879999999999997
20
-3.6899999999999999
40
0.0078740157480315
0
CIRCLE
8
BLACK
10
5.3743090944881891
20
-4.0303128740157481
40
0.0078740157480315
0
CIRCLE
8
BLACK
10
5.375
20
-3.9630000000000001
40
0.0078740157480315
0
CIRCLE
8
BLACK
10
5.9349999999999996
20
-4.04
40
0.0078740157480315
0
CIRCLE
8
BLACK
10
5.5632028346456694
20
-4.1616872047244096
40
0.0078740157480315
0
CIRCLE
8
BLACK
10
5.5800000000000001
20
-3.7349999999999999
40
0.0078740157480315
0
CIRCLE
8
BLACK
10
5.5676355118110239
20
-3.8828239763779528
40
0.0078740157480315
0
CIRCLE
8
BLACK
10
5.3849999999999998
20
-3.7050000000000001
40
0.0078740157480315
0
CIRCLE
8
BLACK
10
5.308523622047244
20
-3.750707244094488
40
0.0078740157480315
0
CIRCLE
8
BLACK
10
5.6091079133858264
20
-4.0761076771653544
40
0.0078740157480315
0
CIRCLE
8
BLACK
10
5.8490551181102362
20
-3.9211023622047243
40
0.0078740157480315
0
CIRCLE
8
BLACK
10
5.5598489370078736
20
-3.8442515748031494
40
0.0078740157480315
0
CIRCLE
8
BLACK
10
5.7349999999999994
20
-3.9699999999999998
40
0.0078740157480315
0
CIRCLE
8
BLACK
10
5.415
20
-3.9293505118110237
40
0.0078740157480315
0
CIRCLE
8
BLACK
10
5.243999803149606
20
-3.9319998031496062
40
0.0078740157480315
0
CIRCLE
8
BLACK
10
5.4256279527559057
20
-3.9672385826771652
40
0.0078740157480315
0
CIRCLE
8
BLACK
10
5.2785240551181101
20
-3.9950000000000001
40
0.0078740157480315
0
CIRCLE
8
BLACK
10
4.875
20
-4.0499999999999998
40
0.0078740157480315
0
CIRCLE
8
BLACK
10
4.8943503937007877
20
-4.1188959842519681
40
0.0078740157480315
0
CIRCLE
8
BLACK
10
5.2807851968503936
20
-4.0975156692913384
40
0.0078740157480315
0
CIRCLE
8
BLACK
10
5.3336027952755902
20
-4.0300000000000002
40
0.0078740157480315
0
CIRCLE
8
BLACK
10
5.2649999999999997
20
-4.0599999999999996
40
0.0078740157480315
0
CIRCLE
8
BLACK
10
5.1970000000000001
20
-3.806
40
0.0078740157480315
0
CIRCLE
8
BLACK
10
5.4522437007874016
20
-3.8606693307086615
40
0.0078740157480315
0
CIRCLE
8
BLACK
10
5.6062204330708658
20
-4.0344529527559052
40
0.0078740157480315
0
CIRCLE
8
BLACK
10
5.5534527952755903
20
-4.1175472834645666
40
0.0078740157480315
0
CIRCLE
8
BLACK
10
5.0991403937007869
20
-4.1191403937007873
40
0.0078740157480315
0
CIRCLE
8
BLACK
10
5.125
20
-4.0576968503937003
40
0.0078740157480315
  0
ENDSEC
  0
EOF
