  0
SECTION
  2
HEADER
  9
$ANGBASE
  50
0.0
  9
$ANGDIR
  70
1
  9
$MEASUREMENT
  70
0
  0
ENDSEC
  0
SECTION
  2
TABLES
  0
TABLE
  2
LTYPE
  70
4
  0
LTYPE
  5
40F
  2
CONTINUOUS
  70
0
  3
Solid line
  72
65
  73
0
  40
0.0
  0
LTYPE
  5
410
  2
DASHDOT
 70
0
  3
Dash Dot ____ _ ____ _
 72
65
 73
4
 40
2.0
 49
1.25
 49
-0.25
 49
0.25
 49
-0.25
  0
LTYPE
  5
411
  2
DASHED
 70
0
  3
Dashed __ __ __ __ __
 72
65
 73
2
 40
0.75
 49
0.5
 49
-0.25
  0
LTYPE
  5
43B
  2
DOTTED
 70
0
  3
Dotted .  .  .  .
 72
65
 73
2
 40
0.2
 49
0.0
 49
-0.2
  0
ENDTAB
  0
TABLE
  2
STYLE
  70
4
  0
STYLE
  2
KICAD
  70
0
  40
0
  41
1
  42
1
  50
0
  71
0
  3
isocp.shx
  0
STYLE
  2
KICADB
  70
0
  40
0
  41
1
  42
1
  50
0
  71
0
  3
isocp.shx
  0
STYLE
  2
KICADI
  70
0
  40
0
  41
1
  42
1
  50
15
  71
0
  3
isocp.shx
  0
STYLE
  2
KICADBI
  70
0
  40
0
  41
1
  42
1
  50
15
  71
0
  3
isocp.shx
  0
ENDTAB
  0
TABLE
  2
LAYER
  70
1
  0
LAYER
  2
BLACK
  70
0
  62
7
  6
CONTINUOUS
  0
ENDTAB
  0
ENDSEC
  0
SECTION
  2
ENTITIES
0
LINE
8
BLACK
6
CONTINUOUS
10
5.6176536614173225
20
-4.1860400787401577
11
5.6195695275590554
21
-4.1873202362204722
0
LINE
8
BLACK
6
CONTINUOUS
10
5.6195695275590554
20
-4.1873202362204722
11
5.6208496850393699
21
-4.1892361023622042
0
LINE
8
BLACK
6
CONTINUOUS
10
5.6208496850393699
20
-4.1892361023622042
11
5.6212992125984247
21
-4.1914960629921261
0
LINE
8
BLACK
6
CONTINUOUS
10
5.6212992125984247
20
-4.1914960629921261
11
5.6212992125984247
21
-4.2033070866141733
0
LINE
8
BLACK
6
CONTINUOUS
10
5.6212992125984247
20
-4.2033070866141733
11
5.6208496850393699
21
-4.2055670472440942
0
LINE
8
BLACK
6
CONTINUOUS
10
5.6208496850393699
20
-4.2055670472440942
11
5.6195695275590554
21
-4.2074829133858263
0
LINE
8
BLACK
6
CONTINUOUS
10
5.6195695275590554
20
-4.2074829133858263
11
5.6176536614173225
21
-4.2087630708661417
0
LINE
8
BLACK
6
CONTINUOUS
10
5.6176536614173225
20
-4.2087630708661417
11
5.6153937007874015
21
-4.2092125984251965
0
LINE
8
BLACK
6
CONTINUOUS
10
5.6153937007874015
20
-4.2092125984251965
11
5.5750393700787404
21
-4.2092125984251965
0
LINE
8
BLACK
6
CONTINUOUS
10
5.5750393700787404
20
-4.2092125984251965
11
5.5727794094488186
21
-4.2087630708661417
0
LINE
8
BLACK
6
CONTINUOUS
10
5.5727794094488186
20
-4.2087630708661417
11
5.5708635433070866
21
-4.2074829133858263
0
LINE
8
BLACK
6
CONTINUOUS
10
5.5708635433070866
20
-4.2074829133858263
11
5.5695833858267711
21
-4.2055670472440942
0
LINE
8
BLACK
6
CONTINUOUS
10
5.5695833858267711
20
-4.2055670472440942
11
5.5691338582677163
21
-4.2033070866141733
0
LINE
8
BLACK
6
CONTINUOUS
10
5.5691338582677163
20
-4.2033070866141733
11
5.5691338582677163
21
-4.1914960629921261
0
LINE
8
BLACK
6
CONTINUOUS
10
5.5691338582677163
20
-4.1914960629921261
11
5.5695833858267711
21
-4.1892361023622042
0
LINE
8
BLACK
6
CONTINUOUS
10
5.5695833858267711
20
-4.1892361023622042
11
5.5708635433070866
21
-4.1873202362204722
0
LINE
8
BLACK
6
CONTINUOUS
10
5.5708635433070866
20
-4.1873202362204722
11
5.5727794094488186
21
-4.1860400787401577
0
LINE
8
BLACK
6
CONTINUOUS
10
5.5727794094488186
20
-4.1860400787401577
11
5.5750393700787404
21
-4.185590551181102
0
LINE
8
BLACK
6
CONTINUOUS
10
5.5750393700787404
20
-4.185590551181102
11
5.6153937007874015
21
-4.185590551181102
0
LINE
8
BLACK
6
CONTINUOUS
10
5.6153937007874015
20
-4.185590551181102
11
5.6176536614173225
21
-4.1860400787401577
0
LINE
8
BLACK
6
CONTINUOUS
10
5.7072205905511808
20
-4.1860400787401577
11
5.7091364566929137
21
-4.1873202362204722
0
LINE
8
BLACK
6
CONTINUOUS
10
5.7091364566929137
20
-4.1873202362204722
11
5.7104166141732282
21
-4.1892361023622042
0
LINE
8
BLACK
6
CONTINUOUS
10
5.7104166141732282
20
-4.1892361023622042
11
5.710866141732283
21
-4.1914960629921261
0
LINE
8
BLACK
6
CONTINUOUS
10
5.710866141732283
20
-4.1914960629921261
11
5.710866141732283
21
-4.2033070866141733
0
LINE
8
BLACK
6
CONTINUOUS
10
5.710866141732283
20
-4.2033070866141733
11
5.7104166141732282
21
-4.2055670472440942
0
LINE
8
BLACK
6
CONTINUOUS
10
5.7104166141732282
20
-4.2055670472440942
11
5.7091364566929137
21
-4.2074829133858263
0
LINE
8
BLACK
6
CONTINUOUS
10
5.7091364566929137
20
-4.2074829133858263
11
5.7072205905511808
21
-4.2087630708661417
0
LINE
8
BLACK
6
CONTINUOUS
10
5.7072205905511808
20
-4.2087630708661417
11
5.7049606299212599
21
-4.2092125984251965
0
LINE
8
BLACK
6
CONTINUOUS
10
5.7049606299212599
20
-4.2092125984251965
11
5.6646062992125987
21
-4.2092125984251965
0
LINE
8
BLACK
6
CONTINUOUS
10
5.6646062992125987
20
-4.2092125984251965
11
5.6623463385826769
21
-4.2087630708661417
0
LINE
8
BLACK
6
CONTINUOUS
10
5.6623463385826769
20
-4.2087630708661417
11
5.6604304724409449
21
-4.2074829133858263
0
LINE
8
BLACK
6
CONTINUOUS
10
5.6604304724409449
20
-4.2074829133858263
11
5.6591503149606295
21
-4.2055670472440942
0
LINE
8
BLACK
6
CONTINUOUS
10
5.6591503149606295
20
-4.2055670472440942
11
5.6587007874015747
21
-4.2033070866141733
0
LINE
8
BLACK
6
CONTINUOUS
10
5.6587007874015747
20
-4.2033070866141733
11
5.6587007874015747
21
-4.1914960629921261
0
LINE
8
BLACK
6
CONTINUOUS
10
5.6587007874015747
20
-4.1914960629921261
11
5.6591503149606295
21
-4.1892361023622042
0
LINE
8
BLACK
6
CONTINUOUS
10
5.6591503149606295
20
-4.1892361023622042
11
5.6604304724409449
21
-4.1873202362204722
0
LINE
8
BLACK
6
CONTINUOUS
10
5.6604304724409449
20
-4.1873202362204722
11
5.6623463385826769
21
-4.1860400787401577
0
LINE
8
BLACK
6
CONTINUOUS
10
5.6623463385826769
20
-4.1860400787401577
11
5.6646062992125987
21
-4.185590551181102
0
LINE
8
BLACK
6
CONTINUOUS
10
5.6646062992125987
20
-4.185590551181102
11
5.7049606299212599
21
-4.185590551181102
0
LINE
8
BLACK
6
CONTINUOUS
10
5.7049606299212599
20
-4.185590551181102
11
5.7072205905511808
21
-4.1860400787401577
0
LINE
8
BLACK
6
CONTINUOUS
10
5.009317401574803
20
-4.1798533858267719
11
5.0110416929133859
21
-4.1810055511811024
0
LINE
8
BLACK
6
CONTINUOUS
10
5.0110416929133859
20
-4.1810055511811024
11
5.0121938582677164
21
-4.1827298425196853
0
LINE
8
BLACK
6
CONTINUOUS
10
5.0121938582677164
20
-4.1827298425196853
11
5.0125984251968498
21
-4.1847637795275592
0
LINE
8
BLACK
6
CONTINUOUS
10
5.0125984251968498
20
-4.1847637795275592
11
5.0125984251968498
21
-4.1953937007874016
0
LINE
8
BLACK
6
CONTINUOUS
10
5.0125984251968498
20
-4.1953937007874016
11
5.0121938582677164
21
-4.1974276377952755
0
LINE
8
BLACK
6
CONTINUOUS
10
5.0121938582677164
20
-4.1974276377952755
11
5.0110416929133859
21
-4.1991519291338584
0
LINE
8
BLACK
6
CONTINUOUS
10
5.0110416929133859
20
-4.1991519291338584
11
5.009317401574803
21
-4.2003040944881889
0
LINE
8
BLACK
6
CONTINUOUS
10
5.009317401574803
20
-4.2003040944881889
11
5.0072834645669291
21
-4.2007086614173224
0
LINE
8
BLACK
6
CONTINUOUS
10
5.0072834645669291
20
-4.2007086614173224
11
4.9927165354330709
21
-4.2007086614173224
0
LINE
8
BLACK
6
CONTINUOUS
10
4.9927165354330709
20
-4.2007086614173224
11
4.990682598425197
21
-4.2003040944881889
0
LINE
8
BLACK
6
CONTINUOUS
10
4.990682598425197
20
-4.2003040944881889
11
4.9889583070866141
21
-4.1991519291338584
0
LINE
8
BLACK
6
CONTINUOUS
10
4.9889583070866141
20
-4.1991519291338584
11
4.9878061417322836
21
-4.1974276377952755
0
LINE
8
BLACK
6
CONTINUOUS
10
4.9878061417322836
20
-4.1974276377952755
11
4.9874015748031493
21
-4.1953937007874016
0
LINE
8
BLACK
6
CONTINUOUS
10
4.9874015748031493
20
-4.1953937007874016
11
4.9874015748031493
21
-4.1847637795275592
0
LINE
8
BLACK
6
CONTINUOUS
10
4.9874015748031493
20
-4.1847637795275592
11
4.9878061417322836
21
-4.1827298425196853
0
LINE
8
BLACK
6
CONTINUOUS
10
4.9878061417322836
20
-4.1827298425196853
11
4.9889583070866141
21
-4.1810055511811024
0
LINE
8
BLACK
6
CONTINUOUS
10
4.9889583070866141
20
-4.1810055511811024
11
4.990682598425197
21
-4.1798533858267719
0
LINE
8
BLACK
6
CONTINUOUS
10
4.990682598425197
20
-4.1798533858267719
11
4.9927165354330709
21
-4.1794488188976375
0
LINE
8
BLACK
6
CONTINUOUS
10
4.9927165354330709
20
-4.1794488188976375
11
5.0072834645669291
21
-4.1794488188976375
0
LINE
8
BLACK
6
CONTINUOUS
10
5.0072834645669291
20
-4.1794488188976375
11
5.009317401574803
21
-4.1798533858267719
0
LINE
8
BLACK
6
CONTINUOUS
10
5.7837234645669291
20
-4.1632148425196851
11
5.7855116141732283
21
-4.1644096456692914
0
LINE
8
BLACK
6
CONTINUOUS
10
5.7855116141732283
20
-4.1644096456692914
11
5.7867064173228346
21
-4.1661977952755906
0
LINE
8
BLACK
6
CONTINUOUS
10
5.7867064173228346
20
-4.1661977952755906
11
5.7871259842519684
21
-4.1683070866141732
0
LINE
8
BLACK
6
CONTINUOUS
10
5.7871259842519684
20
-4.1683070866141732
11
5.7871259842519684
21
-4.1816929133858265
0
LINE
8
BLACK
6
CONTINUOUS
10
5.7871259842519684
20
-4.1816929133858265
11
5.7867064173228346
21
-4.183802204724409
0
LINE
8
BLACK
6
CONTINUOUS
10
5.7867064173228346
20
-4.183802204724409
11
5.7855116141732283
21
-4.1855903543307083
0
LINE
8
BLACK
6
CONTINUOUS
10
5.7855116141732283
20
-4.1855903543307083
11
5.7837234645669291
21
-4.1867851574803145
0
LINE
8
BLACK
6
CONTINUOUS
10
5.7837234645669291
20
-4.1867851574803145
11
5.7816141732283466
21
-4.1872047244094484
0
LINE
8
BLACK
6
CONTINUOUS
10
5.7816141732283466
20
-4.1872047244094484
11
5.770590551181102
21
-4.1872047244094484
0
LINE
8
BLACK
6
CONTINUOUS
10
5.770590551181102
20
-4.1872047244094484
11
5.7684812598425195
21
-4.1867851574803145
0
LINE
8
BLACK
6
CONTINUOUS
10
5.7684812598425195
20
-4.1867851574803145
11
5.7666931102362202
21
-4.1855903543307083
0
LINE
8
BLACK
6
CONTINUOUS
10
5.7666931102362202
20
-4.1855903543307083
11
5.7654983070866139
21
-4.183802204724409
0
LINE
8
BLACK
6
CONTINUOUS
10
5.7654983070866139
20
-4.183802204724409
11
5.7650787401574801
21
-4.1816929133858265
0
LINE
8
BLACK
6
CONTINUOUS
10
5.7650787401574801
20
-4.1816929133858265
11
5.7650787401574801
21
-4.1683070866141732
0
LINE
8
BLACK
6
CONTINUOUS
10
5.7650787401574801
20
-4.1683070866141732
11
5.7654983070866139
21
-4.1661977952755906
0
LINE
8
BLACK
6
CONTINUOUS
10
5.7654983070866139
20
-4.1661977952755906
11
5.7666931102362202
21
-4.1644096456692914
0
LINE
8
BLACK
6
CONTINUOUS
10
5.7666931102362202
20
-4.1644096456692914
11
5.7684812598425195
21
-4.1632148425196851
0
LINE
8
BLACK
6
CONTINUOUS
10
5.7684812598425195
20
-4.1632148425196851
11
5.770590551181102
21
-4.1627952755905513
0
LINE
8
BLACK
6
CONTINUOUS
10
5.770590551181102
20
-4.1627952755905513
11
5.7816141732283466
21
-4.1627952755905513
0
LINE
8
BLACK
6
CONTINUOUS
10
5.7816141732283466
20
-4.1627952755905513
11
5.7837234645669291
21
-4.1632148425196851
0
LINE
8
BLACK
6
CONTINUOUS
10
5.8215187401574804
20
-4.1632148425196851
11
5.8233068897637796
21
-4.1644096456692914
0
LINE
8
BLACK
6
CONTINUOUS
10
5.8233068897637796
20
-4.1644096456692914
11
5.8245016929133859
21
-4.1661977952755906
0
LINE
8
BLACK
6
CONTINUOUS
10
5.8245016929133859
20
-4.1661977952755906
11
5.8249212598425197
21
-4.1683070866141732
0
LINE
8
BLACK
6
CONTINUOUS
10
5.8249212598425197
20
-4.1683070866141732
11
5.8249212598425197
21
-4.1816929133858265
0
LINE
8
BLACK
6
CONTINUOUS
10
5.8249212598425197
20
-4.1816929133858265
11
5.8245016929133859
21
-4.183802204724409
0
LINE
8
BLACK
6
CONTINUOUS
10
5.8245016929133859
20
-4.183802204724409
11
5.8233068897637796
21
-4.1855903543307083
0
LINE
8
BLACK
6
CONTINUOUS
10
5.8233068897637796
20
-4.1855903543307083
11
5.8215187401574804
21
-4.1867851574803145
0
LINE
8
BLACK
6
CONTINUOUS
10
5.8215187401574804
20
-4.1867851574803145
11
5.8194094488188979
21
-4.1872047244094484
0
LINE
8
BLACK
6
CONTINUOUS
10
5.8194094488188979
20
-4.1872047244094484
11
5.8083858267716533
21
-4.1872047244094484
0
LINE
8
BLACK
6
CONTINUOUS
10
5.8083858267716533
20
-4.1872047244094484
11
5.8062765354330708
21
-4.1867851574803145
0
LINE
8
BLACK
6
CONTINUOUS
10
5.8062765354330708
20
-4.1867851574803145
11
5.8044883858267715
21
-4.1855903543307083
0
LINE
8
BLACK
6
CONTINUOUS
10
5.8044883858267715
20
-4.1855903543307083
11
5.8032935826771652
21
-4.183802204724409
0
LINE
8
BLACK
6
CONTINUOUS
10
5.8032935826771652
20
-4.183802204724409
11
5.8028740157480314
21
-4.1816929133858265
0
LINE
8
BLACK
6
CONTINUOUS
10
5.8028740157480314
20
-4.1816929133858265
11
5.8028740157480314
21
-4.1683070866141732
0
LINE
8
BLACK
6
CONTINUOUS
10
5.8028740157480314
20
-4.1683070866141732
11
5.8032935826771652
21
-4.1661977952755906
0
LINE
8
BLACK
6
CONTINUOUS
10
5.8032935826771652
20
-4.1661977952755906
11
5.8044883858267715
21
-4.1644096456692914
0
LINE
8
BLACK
6
CONTINUOUS
10
5.8044883858267715
20
-4.1644096456692914
11
5.8062765354330708
21
-4.1632148425196851
0
LINE
8
BLACK
6
CONTINUOUS
10
5.8062765354330708
20
-4.1632148425196851
11
5.8083858267716533
21
-4.1627952755905513
0
LINE
8
BLACK
6
CONTINUOUS
10
5.8083858267716533
20
-4.1627952755905513
11
5.8194094488188979
21
-4.1627952755905513
0
LINE
8
BLACK
6
CONTINUOUS
10
5.8194094488188979
20
-4.1627952755905513
11
5.8215187401574804
21
-4.1632148425196851
0
LINE
8
BLACK
6
CONTINUOUS
10
5.5288022047244096
20
-4.1582935826771656
11
5.5305903543307089
21
-4.1594883858267719
0
LINE
8
BLACK
6
CONTINUOUS
10
5.5305903543307089
20
-4.1594883858267719
11
5.5317851574803152
21
-4.1612765354330712
0
LINE
8
BLACK
6
CONTINUOUS
10
5.5317851574803152
20
-4.1612765354330712
11
5.532204724409449
21
-4.1633858267716537
0
LINE
8
BLACK
6
CONTINUOUS
10
5.532204724409449
20
-4.1633858267716537
11
5.532204724409449
21
-4.1744094488188974
0
LINE
8
BLACK
6
CONTINUOUS
10
5.532204724409449
20
-4.1744094488188974
11
5.5317851574803152
21
-4.1765187401574799
0
LINE
8
BLACK
6
CONTINUOUS
10
5.5317851574803152
20
-4.1765187401574799
11
5.5305903543307089
21
-4.1783068897637792
0
LINE
8
BLACK
6
CONTINUOUS
10
5.5305903543307089
20
-4.1783068897637792
11
5.5288022047244096
21
-4.1795016929133855
0
LINE
8
BLACK
6
CONTINUOUS
10
5.5288022047244096
20
-4.1795016929133855
11
5.5266929133858262
21
-4.1799212598425193
0
LINE
8
BLACK
6
CONTINUOUS
10
5.5266929133858262
20
-4.1799212598425193
11
5.5133070866141729
21
-4.1799212598425193
0
LINE
8
BLACK
6
CONTINUOUS
10
5.5133070866141729
20
-4.1799212598425193
11
5.5111977952755904
21
-4.1795016929133855
0
LINE
8
BLACK
6
CONTINUOUS
10
5.5111977952755904
20
-4.1795016929133855
11
5.5094096456692911
21
-4.1783068897637792
0
LINE
8
BLACK
6
CONTINUOUS
10
5.5094096456692911
20
-4.1783068897637792
11
5.5082148425196849
21
-4.1765187401574799
0
LINE
8
BLACK
6
CONTINUOUS
10
5.5082148425196849
20
-4.1765187401574799
11
5.507795275590551
21
-4.1744094488188974
0
LINE
8
BLACK
6
CONTINUOUS
10
5.507795275590551
20
-4.1744094488188974
11
5.507795275590551
21
-4.1633858267716537
0
LINE
8
BLACK
6
CONTINUOUS
10
5.507795275590551
20
-4.1633858267716537
11
5.5082148425196849
21
-4.1612765354330712
0
LINE
8
BLACK
6
CONTINUOUS
10
5.5082148425196849
20
-4.1612765354330712
11
5.5094096456692911
21
-4.1594883858267719
0
LINE
8
BLACK
6
CONTINUOUS
10
5.5094096456692911
20
-4.1594883858267719
11
5.5111977952755904
21
-4.1582935826771656
0
LINE
8
BLACK
6
CONTINUOUS
10
5.5111977952755904
20
-4.1582935826771656
11
5.5133070866141729
21
-4.1578740157480318
0
LINE
8
BLACK
6
CONTINUOUS
10
5.5133070866141729
20
-4.1578740157480318
11
5.5266929133858262
21
-4.1578740157480318
0
LINE
8
BLACK
6
CONTINUOUS
10
5.5266929133858262
20
-4.1578740157480318
11
5.5288022047244096
21
-4.1582935826771656
0
LINE
8
BLACK
6
CONTINUOUS
10
5.7072205905511808
20
-4.1486385039370077
11
5.7091364566929137
21
-4.1499186614173231
0
LINE
8
BLACK
6
CONTINUOUS
10
5.7091364566929137
20
-4.1499186614173231
11
5.7104166141732282
21
-4.1518345275590551
0
LINE
8
BLACK
6
CONTINUOUS
10
5.7104166141732282
20
-4.1518345275590551
11
5.710866141732283
21
-4.1540944881889761
0
LINE
8
BLACK
6
CONTINUOUS
10
5.710866141732283
20
-4.1540944881889761
11
5.710866141732283
21
-4.1659055118110233
0
LINE
8
BLACK
6
CONTINUOUS
10
5.710866141732283
20
-4.1659055118110233
11
5.7104166141732282
21
-4.1681654724409452
0
LINE
8
BLACK
6
CONTINUOUS
10
5.7104166141732282
20
-4.1681654724409452
11
5.7091364566929137
21
-4.1700813385826772
0
LINE
8
BLACK
6
CONTINUOUS
10
5.7091364566929137
20
-4.1700813385826772
11
5.7072205905511808
21
-4.1713614960629917
0
LINE
8
BLACK
6
CONTINUOUS
10
5.7072205905511808
20
-4.1713614960629917
11
5.7049606299212599
21
-4.1718110236220474
0
LINE
8
BLACK
6
CONTINUOUS
10
5.7049606299212599
20
-4.1718110236220474
11
5.6646062992125987
21
-4.1718110236220474
0
LINE
8
BLACK
6
CONTINUOUS
10
5.6646062992125987
20
-4.1718110236220474
11
5.6623463385826769
21
-4.1713614960629917
0
LINE
8
BLACK
6
CONTINUOUS
10
5.6623463385826769
20
-4.1713614960629917
11
5.6604304724409449
21
-4.1700813385826772
0
LINE
8
BLACK
6
CONTINUOUS
10
5.6604304724409449
20
-4.1700813385826772
11
5.6591503149606295
21
-4.1681654724409452
0
LINE
8
BLACK
6
CONTINUOUS
10
5.6591503149606295
20
-4.1681654724409452
11
5.6587007874015747
21
-4.1659055118110233
0
LINE
8
BLACK
6
CONTINUOUS
10
5.6587007874015747
20
-4.1659055118110233
11
5.6587007874015747
21
-4.1540944881889761
0
LINE
8
BLACK
6
CONTINUOUS
10
5.6587007874015747
20
-4.1540944881889761
11
5.6591503149606295
21
-4.1518345275590551
0
LINE
8
BLACK
6
CONTINUOUS
10
5.6591503149606295
20
-4.1518345275590551
11
5.6604304724409449
21
-4.1499186614173231
0
LINE
8
BLACK
6
CONTINUOUS
10
5.6604304724409449
20
-4.1499186614173231
11
5.6623463385826769
21
-4.1486385039370077
0
LINE
8
BLACK
6
CONTINUOUS
10
5.6623463385826769
20
-4.1486385039370077
11
5.6646062992125987
21
-4.1481889763779529
0
LINE
8
BLACK
6
CONTINUOUS
10
5.6646062992125987
20
-4.1481889763779529
11
5.7049606299212599
21
-4.1481889763779529
0
LINE
8
BLACK
6
CONTINUOUS
10
5.7049606299212599
20
-4.1481889763779529
11
5.7072205905511808
21
-4.1486385039370077
0
LINE
8
BLACK
6
CONTINUOUS
10
5.009317401574803
20
-4.139695905511811
11
5.0110416929133859
21
-4.1408480708661415
0
LINE
8
BLACK
6
CONTINUOUS
10
5.0110416929133859
20
-4.1408480708661415
11
5.0121938582677164
21
-4.1425723622047244
0
LINE
8
BLACK
6
CONTINUOUS
10
5.0121938582677164
20
-4.1425723622047244
11
5.0125984251968498
21
-4.1446062992125983
0
LINE
8
BLACK
6
CONTINUOUS
10
5.0125984251968498
20
-4.1446062992125983
11
5.0125984251968498
21
-4.1552362204724407
0
LINE
8
BLACK
6
CONTINUOUS
10
5.0125984251968498
20
-4.1552362204724407
11
5.0121938582677164
21
-4.1572701574803146
0
LINE
8
BLACK
6
CONTINUOUS
10
5.0121938582677164
20
-4.1572701574803146
11
5.0110416929133859
21
-4.1589944488188975
0
LINE
8
BLACK
6
CONTINUOUS
10
5.0110416929133859
20
-4.1589944488188975
11
5.009317401574803
21
-4.160146614173228
0
LINE
8
BLACK
6
CONTINUOUS
10
5.009317401574803
20
-4.160146614173228
11
5.0072834645669291
21
-4.1605511811023623
0
LINE
8
BLACK
6
CONTINUOUS
10
5.0072834645669291
20
-4.1605511811023623
11
4.9927165354330709
21
-4.1605511811023623
0
LINE
8
BLACK
6
CONTINUOUS
10
4.9927165354330709
20
-4.1605511811023623
11
4.990682598425197
21
-4.160146614173228
0
LINE
8
BLACK
6
CONTINUOUS
10
4.990682598425197
20
-4.160146614173228
11
4.9889583070866141
21
-4.1589944488188975
0
LINE
8
BLACK
6
CONTINUOUS
10
4.9889583070866141
20
-4.1589944488188975
11
4.9878061417322836
21
-4.1572701574803146
0
LINE
8
BLACK
6
CONTINUOUS
10
4.9878061417322836
20
-4.1572701574803146
11
4.9874015748031493
21
-4.1552362204724407
0
LINE
8
BLACK
6
CONTINUOUS
10
4.9874015748031493
20
-4.1552362204724407
11
4.9874015748031493
21
-4.1446062992125983
0
LINE
8
BLACK
6
CONTINUOUS
10
4.9874015748031493
20
-4.1446062992125983
11
4.9878061417322836
21
-4.1425723622047244
0
LINE
8
BLACK
6
CONTINUOUS
10
4.9878061417322836
20
-4.1425723622047244
11
4.9889583070866141
21
-4.1408480708661415
0
LINE
8
BLACK
6
CONTINUOUS
10
4.9889583070866141
20
-4.1408480708661415
11
4.990682598425197
21
-4.139695905511811
0
LINE
8
BLACK
6
CONTINUOUS
10
4.990682598425197
20
-4.139695905511811
11
4.9927165354330709
21
-4.1392913385826775
0
LINE
8
BLACK
6
CONTINUOUS
10
4.9927165354330709
20
-4.1392913385826775
11
5.0072834645669291
21
-4.1392913385826775
0
LINE
8
BLACK
6
CONTINUOUS
10
5.0072834645669291
20
-4.1392913385826775
11
5.009317401574803
21
-4.139695905511811
0
LINE
8
BLACK
6
CONTINUOUS
10
5.0643174015748027
20
-4.1299321259842516
11
5.0660416929133856
21
-4.131084291338583
0
LINE
8
BLACK
6
CONTINUOUS
10
5.0660416929133856
20
-4.131084291338583
11
5.0671938582677161
21
-4.132808582677165
0
LINE
8
BLACK
6
CONTINUOUS
10
5.0671938582677161
20
-4.132808582677165
11
5.0675984251968504
21
-4.1348425196850389
0
LINE
8
BLACK
6
CONTINUOUS
10
5.0675984251968504
20
-4.1348425196850389
11
5.0675984251968504
21
-4.1454724409448822
0
LINE
8
BLACK
6
CONTINUOUS
10
5.0675984251968504
20
-4.1454724409448822
11
5.0671938582677161
21
-4.1475063779527561
0
LINE
8
BLACK
6
CONTINUOUS
10
5.0671938582677161
20
-4.1475063779527561
11
5.0660416929133856
21
-4.1492306692913381
0
LINE
8
BLACK
6
CONTINUOUS
10
5.0660416929133856
20
-4.1492306692913381
11
5.0643174015748027
21
-4.1503828346456695
0
LINE
8
BLACK
6
CONTINUOUS
10
5.0643174015748027
20
-4.1503828346456695
11
5.0622834645669288
21
-4.150787401574803
0
LINE
8
BLACK
6
CONTINUOUS
10
5.0622834645669288
20
-4.150787401574803
11
5.0477165354330706
21
-4.150787401574803
0
LINE
8
BLACK
6
CONTINUOUS
10
5.0477165354330706
20
-4.150787401574803
11
5.0456825984251967
21
-4.1503828346456695
0
LINE
8
BLACK
6
CONTINUOUS
10
5.0456825984251967
20
-4.1503828346456695
11
5.0439583070866139
21
-4.1492306692913381
0
LINE
8
BLACK
6
CONTINUOUS
10
5.0439583070866139
20
-4.1492306692913381
11
5.0428061417322834
21
-4.1475063779527561
0
LINE
8
BLACK
6
CONTINUOUS
10
5.0428061417322834
20
-4.1475063779527561
11
5.0424015748031499
21
-4.1454724409448822
0
LINE
8
BLACK
6
CONTINUOUS
10
5.0424015748031499
20
-4.1454724409448822
11
5.0424015748031499
21
-4.1348425196850389
0
LINE
8
BLACK
6
CONTINUOUS
10
5.0424015748031499
20
-4.1348425196850389
11
5.0428061417322834
21
-4.132808582677165
0
LINE
8
BLACK
6
CONTINUOUS
10
5.0428061417322834
20
-4.132808582677165
11
5.0439583070866139
21
-4.131084291338583
0
LINE
8
BLACK
6
CONTINUOUS
10
5.0439583070866139
20
-4.131084291338583
11
5.0456825984251967
21
-4.1299321259842516
0
LINE
8
BLACK
6
CONTINUOUS
10
5.0456825984251967
20
-4.1299321259842516
11
5.0477165354330706
21
-4.1295275590551181
0
LINE
8
BLACK
6
CONTINUOUS
10
5.0477165354330706
20
-4.1295275590551181
11
5.0622834645669288
21
-4.1295275590551181
0
LINE
8
BLACK
6
CONTINUOUS
10
5.0622834645669288
20
-4.1295275590551181
11
5.0643174015748027
21
-4.1299321259842516
0
LINE
8
BLACK
6
CONTINUOUS
10
5.2020078740157478
20
-4.1462598425196848
11
5.1587007874015747
21
-4.1462598425196848
0
LINE
8
BLACK
6
CONTINUOUS
10
5.1587007874015747
20
-4.1462598425196848
11
5.1587007874015747
21
-4.1305118110236219
0
LINE
8
BLACK
6
CONTINUOUS
10
5.1587007874015747
20
-4.1305118110236219
11
5.2020078740157478
21
-4.1305118110236219
0
LINE
8
BLACK
6
CONTINUOUS
10
5.2020078740157478
20
-4.1305118110236219
11
5.2020078740157478
21
-4.1462598425196848
0
LINE
8
BLACK
6
CONTINUOUS
10
5.3712992125984247
20
-4.1462598425196848
11
5.3279921259842515
21
-4.1462598425196848
0
LINE
8
BLACK
6
CONTINUOUS
10
5.3279921259842515
20
-4.1462598425196848
11
5.3279921259842515
21
-4.1305118110236219
0
LINE
8
BLACK
6
CONTINUOUS
10
5.3279921259842515
20
-4.1305118110236219
11
5.3712992125984247
21
-4.1305118110236219
0
LINE
8
BLACK
6
CONTINUOUS
10
5.3712992125984247
20
-4.1305118110236219
11
5.3712992125984247
21
-4.1462598425196848
0
LINE
8
BLACK
6
CONTINUOUS
10
5.4222701574803152
20
-4.1178061417322835
11
5.4239944488188971
21
-4.118958307086614
0
LINE
8
BLACK
6
CONTINUOUS
10
5.4239944488188971
20
-4.118958307086614
11
5.4251466141732285
21
-4.1206825984251969
0
LINE
8
BLACK
6
CONTINUOUS
10
5.4251466141732285
20
-4.1206825984251969
11
5.425551181102362
21
-4.1227165354330708
0
LINE
8
BLACK
6
CONTINUOUS
10
5.425551181102362
20
-4.1227165354330708
11
5.425551181102362
21
-4.137283464566929
0
LINE
8
BLACK
6
CONTINUOUS
10
5.425551181102362
20
-4.137283464566929
11
5.4251466141732285
21
-4.1393174015748029
0
LINE
8
BLACK
6
CONTINUOUS
10
5.4251466141732285
20
-4.1393174015748029
11
5.4239944488188971
21
-4.1410416929133858
0
LINE
8
BLACK
6
CONTINUOUS
10
5.4239944488188971
20
-4.1410416929133858
11
5.4222701574803152
21
-4.1421938582677162
0
LINE
8
BLACK
6
CONTINUOUS
10
5.4222701574803152
20
-4.1421938582677162
11
5.4202362204724412
21
-4.1425984251968506
0
LINE
8
BLACK
6
CONTINUOUS
10
5.4202362204724412
20
-4.1425984251968506
11
5.4096062992125979
21
-4.1425984251968506
0
LINE
8
BLACK
6
CONTINUOUS
10
5.4096062992125979
20
-4.1425984251968506
11
5.407572362204724
21
-4.1421938582677162
0
LINE
8
BLACK
6
CONTINUOUS
10
5.407572362204724
20
-4.1421938582677162
11
5.4058480708661421
21
-4.1410416929133858
0
LINE
8
BLACK
6
CONTINUOUS
10
5.4058480708661421
20
-4.1410416929133858
11
5.4046959055118107
21
-4.1393174015748029
0
LINE
8
BLACK
6
CONTINUOUS
10
5.4046959055118107
20
-4.1393174015748029
11
5.4042913385826772
21
-4.137283464566929
0
LINE
8
BLACK
6
CONTINUOUS
10
5.4042913385826772
20
-4.137283464566929
11
5.4042913385826772
21
-4.1227165354330708
0
LINE
8
BLACK
6
CONTINUOUS
10
5.4042913385826772
20
-4.1227165354330708
11
5.4046959055118107
21
-4.1206825984251969
0
LINE
8
BLACK
6
CONTINUOUS
10
5.4046959055118107
20
-4.1206825984251969
11
5.4058480708661421
21
-4.118958307086614
0
LINE
8
BLACK
6
CONTINUOUS
10
5.4058480708661421
20
-4.118958307086614
11
5.407572362204724
21
-4.1178061417322835
0
LINE
8
BLACK
6
CONTINUOUS
10
5.407572362204724
20
-4.1178061417322835
11
5.4096062992125979
21
-4.1174015748031492
0
LINE
8
BLACK
6
CONTINUOUS
10
5.4096062992125979
20
-4.1174015748031492
11
5.4202362204724412
21
-4.1174015748031492
0
LINE
8
BLACK
6
CONTINUOUS
10
5.4202362204724412
20
-4.1174015748031492
11
5.4222701574803152
21
-4.1178061417322835
0
LINE
8
BLACK
6
CONTINUOUS
10
5.4624276377952752
20
-4.1178061417322835
11
5.4641519291338581
21
-4.118958307086614
0
LINE
8
BLACK
6
CONTINUOUS
10
5.4641519291338581
20
-4.118958307086614
11
5.4653040944881885
21
-4.1206825984251969
0
LINE
8
BLACK
6
CONTINUOUS
10
5.4653040944881885
20
-4.1206825984251969
11
5.4657086614173229
21
-4.1227165354330708
0
LINE
8
BLACK
6
CONTINUOUS
10
5.4657086614173229
20
-4.1227165354330708
11
5.4657086614173229
21
-4.137283464566929
0
LINE
8
BLACK
6
CONTINUOUS
10
5.4657086614173229
20
-4.137283464566929
11
5.4653040944881885
21
-4.1393174015748029
0
LINE
8
BLACK
6
CONTINUOUS
10
5.4653040944881885
20
-4.1393174015748029
11
5.4641519291338581
21
-4.1410416929133858
0
LINE
8
BLACK
6
CONTINUOUS
10
5.4641519291338581
20
-4.1410416929133858
11
5.4624276377952752
21
-4.1421938582677162
0
LINE
8
BLACK
6
CONTINUOUS
10
5.4624276377952752
20
-4.1421938582677162
11
5.4603937007874013
21
-4.1425984251968506
0
LINE
8
BLACK
6
CONTINUOUS
10
5.4603937007874013
20
-4.1425984251968506
11
5.4497637795275589
21
-4.1425984251968506
0
LINE
8
BLACK
6
CONTINUOUS
10
5.4497637795275589
20
-4.1425984251968506
11
5.447729842519685
21
-4.1421938582677162
0
LINE
8
BLACK
6
CONTINUOUS
10
5.447729842519685
20
-4.1421938582677162
11
5.4460055511811021
21
-4.1410416929133858
0
LINE
8
BLACK
6
CONTINUOUS
10
5.4460055511811021
20
-4.1410416929133858
11
5.4448533858267716
21
-4.1393174015748029
0
LINE
8
BLACK
6
CONTINUOUS
10
5.4448533858267716
20
-4.1393174015748029
11
5.4444488188976381
21
-4.137283464566929
0
LINE
8
BLACK
6
CONTINUOUS
10
5.4444488188976381
20
-4.137283464566929
11
5.4444488188976381
21
-4.1227165354330708
0
LINE
8
BLACK
6
CONTINUOUS
10
5.4444488188976381
20
-4.1227165354330708
11
5.4448533858267716
21
-4.1206825984251969
0
LINE
8
BLACK
6
CONTINUOUS
10
5.4448533858267716
20
-4.1206825984251969
11
5.4460055511811021
21
-4.118958307086614
0
LINE
8
BLACK
6
CONTINUOUS
10
5.4460055511811021
20
-4.118958307086614
11
5.447729842519685
21
-4.1178061417322835
0
LINE
8
BLACK
6
CONTINUOUS
10
5.447729842519685
20
-4.1178061417322835
11
5.4497637795275589
21
-4.1174015748031492
0
LINE
8
BLACK
6
CONTINUOUS
10
5.4497637795275589
20
-4.1174015748031492
11
5.4603937007874013
21
-4.1174015748031492
0
LINE
8
BLACK
6
CONTINUOUS
10
5.4603937007874013
20
-4.1174015748031492
11
5.4624276377952752
21
-4.1178061417322835
0
LINE
8
BLACK
6
CONTINUOUS
10
5.5288022047244096
20
-4.1204983070866144
11
5.5305903543307089
21
-4.1216931102362206
0
LINE
8
BLACK
6
CONTINUOUS
10
5.5305903543307089
20
-4.1216931102362206
11
5.5317851574803152
21
-4.1234812598425199
0
LINE
8
BLACK
6
CONTINUOUS
10
5.5317851574803152
20
-4.1234812598425199
11
5.532204724409449
21
-4.1255905511811024
0
LINE
8
BLACK
6
CONTINUOUS
10
5.532204724409449
20
-4.1255905511811024
11
5.532204724409449
21
-4.1366141732283461
0
LINE
8
BLACK
6
CONTINUOUS
10
5.532204724409449
20
-4.1366141732283461
11
5.5317851574803152
21
-4.1387234645669286
0
LINE
8
BLACK
6
CONTINUOUS
10
5.5317851574803152
20
-4.1387234645669286
11
5.5305903543307089
21
-4.1405116141732279
0
LINE
8
BLACK
6
CONTINUOUS
10
5.5305903543307089
20
-4.1405116141732279
11
5.5288022047244096
21
-4.1417064173228342
0
LINE
8
BLACK
6
CONTINUOUS
10
5.5288022047244096
20
-4.1417064173228342
11
5.5266929133858262
21
-4.142125984251968
0
LINE
8
BLACK
6
CONTINUOUS
10
5.5266929133858262
20
-4.142125984251968
11
5.5133070866141729
21
-4.142125984251968
0
LINE
8
BLACK
6
CONTINUOUS
10
5.5133070866141729
20
-4.142125984251968
11
5.5111977952755904
21
-4.1417064173228342
0
LINE
8
BLACK
6
CONTINUOUS
10
5.5111977952755904
20
-4.1417064173228342
11
5.5094096456692911
21
-4.1405116141732279
0
LINE
8
BLACK
6
CONTINUOUS
10
5.5094096456692911
20
-4.1405116141732279
11
5.5082148425196849
21
-4.1387234645669286
0
LINE
8
BLACK
6
CONTINUOUS
10
5.5082148425196849
20
-4.1387234645669286
11
5.507795275590551
21
-4.1366141732283461
0
LINE
8
BLACK
6
CONTINUOUS
10
5.507795275590551
20
-4.1366141732283461
11
5.507795275590551
21
-4.1255905511811024
0
LINE
8
BLACK
6
CONTINUOUS
10
5.507795275590551
20
-4.1255905511811024
11
5.5082148425196849
21
-4.1234812598425199
0
LINE
8
BLACK
6
CONTINUOUS
10
5.5082148425196849
20
-4.1234812598425199
11
5.5094096456692911
21
-4.1216931102362206
0
LINE
8
BLACK
6
CONTINUOUS
10
5.5094096456692911
20
-4.1216931102362206
11
5.5111977952755904
21
-4.1204983070866144
0
LINE
8
BLACK
6
CONTINUOUS
10
5.5111977952755904
20
-4.1204983070866144
11
5.5133070866141729
21
-4.1200787401574805
0
LINE
8
BLACK
6
CONTINUOUS
10
5.5133070866141729
20
-4.1200787401574805
11
5.5266929133858262
21
-4.1200787401574805
0
LINE
8
BLACK
6
CONTINUOUS
10
5.5266929133858262
20
-4.1200787401574805
11
5.5288022047244096
21
-4.1204983070866144
0
LINE
8
BLACK
6
CONTINUOUS
10
4.8643174015748034
20
-4.1198533858267714
11
4.8660416929133854
21
-4.1210055511811019
0
LINE
8
BLACK
6
CONTINUOUS
10
4.8660416929133854
20
-4.1210055511811019
11
4.8671938582677168
21
-4.1227298425196848
0
LINE
8
BLACK
6
CONTINUOUS
10
4.8671938582677168
20
-4.1227298425196848
11
4.8675984251968503
21
-4.1247637795275587
0
LINE
8
BLACK
6
CONTINUOUS
10
4.8675984251968503
20
-4.1247637795275587
11
4.8675984251968503
21
-4.1353937007874011
0
LINE
8
BLACK
6
CONTINUOUS
10
4.8675984251968503
20
-4.1353937007874011
11
4.8671938582677168
21
-4.1374276377952759
0
LINE
8
BLACK
6
CONTINUOUS
10
4.8671938582677168
20
-4.1374276377952759
11
4.8660416929133854
21
-4.1391519291338579
0
LINE
8
BLACK
6
CONTINUOUS
10
4.8660416929133854
20
-4.1391519291338579
11
4.8643174015748034
21
-4.1403040944881893
0
LINE
8
BLACK
6
CONTINUOUS
10
4.8643174015748034
20
-4.1403040944881893
11
4.8622834645669286
21
-4.1407086614173227
0
LINE
8
BLACK
6
CONTINUOUS
10
4.8622834645669286
20
-4.1407086614173227
11
4.8477165354330705
21
-4.1407086614173227
0
LINE
8
BLACK
6
CONTINUOUS
10
4.8477165354330705
20
-4.1407086614173227
11
4.8456825984251966
21
-4.1403040944881893
0
LINE
8
BLACK
6
CONTINUOUS
10
4.8456825984251966
20
-4.1403040944881893
11
4.8439583070866137
21
-4.1391519291338579
0
LINE
8
BLACK
6
CONTINUOUS
10
4.8439583070866137
20
-4.1391519291338579
11
4.8428061417322832
21
-4.1374276377952759
0
LINE
8
BLACK
6
CONTINUOUS
10
4.8428061417322832
20
-4.1374276377952759
11
4.8424015748031497
21
-4.1353937007874011
0
LINE
8
BLACK
6
CONTINUOUS
10
4.8424015748031497
20
-4.1353937007874011
11
4.8424015748031497
21
-4.1247637795275587
0
LINE
8
BLACK
6
CONTINUOUS
10
4.8424015748031497
20
-4.1247637795275587
11
4.8428061417322832
21
-4.1227298425196848
0
LINE
8
BLACK
6
CONTINUOUS
10
4.8428061417322832
20
-4.1227298425196848
11
4.8439583070866137
21
-4.1210055511811019
0
LINE
8
BLACK
6
CONTINUOUS
10
4.8439583070866137
20
-4.1210055511811019
11
4.8456825984251966
21
-4.1198533858267714
0
LINE
8
BLACK
6
CONTINUOUS
10
4.8456825984251966
20
-4.1198533858267714
11
4.8477165354330705
21
-4.1194488188976379
0
LINE
8
BLACK
6
CONTINUOUS
10
4.8477165354330705
20
-4.1194488188976379
11
4.8622834645669286
21
-4.1194488188976379
0
LINE
8
BLACK
6
CONTINUOUS
10
4.8622834645669286
20
-4.1194488188976379
11
4.8643174015748034
21
-4.1198533858267714
0
LINE
8
BLACK
6
CONTINUOUS
10
5.6176536614173225
20
-4.1112369291338577
11
5.6195695275590554
21
-4.1125170866141731
0
LINE
8
BLACK
6
CONTINUOUS
10
5.6195695275590554
20
-4.1125170866141731
11
5.6208496850393699
21
-4.1144329527559051
0
LINE
8
BLACK
6
CONTINUOUS
10
5.6208496850393699
20
-4.1144329527559051
11
5.6212992125984247
21
-4.116692913385827
0
LINE
8
BLACK
6
CONTINUOUS
10
5.6212992125984247
20
-4.116692913385827
11
5.6212992125984247
21
-4.1285039370078742
0
LINE
8
BLACK
6
CONTINUOUS
10
5.6212992125984247
20
-4.1285039370078742
11
5.6208496850393699
21
-4.1307638976377952
0
LINE
8
BLACK
6
CONTINUOUS
10
5.6208496850393699
20
-4.1307638976377952
11
5.6195695275590554
21
-4.1326797637795272
0
LINE
8
BLACK
6
CONTINUOUS
10
5.6195695275590554
20
-4.1326797637795272
11
5.6176536614173225
21
-4.1339599212598426
0
LINE
8
BLACK
6
CONTINUOUS
10
5.6176536614173225
20
-4.1339599212598426
11
5.6153937007874015
21
-4.1344094488188974
0
LINE
8
BLACK
6
CONTINUOUS
10
5.6153937007874015
20
-4.1344094488188974
11
5.5750393700787404
21
-4.1344094488188974
0
LINE
8
BLACK
6
CONTINUOUS
10
5.5750393700787404
20
-4.1344094488188974
11
5.5727794094488186
21
-4.1339599212598426
0
LINE
8
BLACK
6
CONTINUOUS
10
5.5727794094488186
20
-4.1339599212598426
11
5.5708635433070866
21
-4.1326797637795272
0
LINE
8
BLACK
6
CONTINUOUS
10
5.5708635433070866
20
-4.1326797637795272
11
5.5695833858267711
21
-4.1307638976377952
0
LINE
8
BLACK
6
CONTINUOUS
10
5.5695833858267711
20
-4.1307638976377952
11
5.5691338582677163
21
-4.1285039370078742
0
LINE
8
BLACK
6
CONTINUOUS
10
5.5691338582677163
20
-4.1285039370078742
11
5.5691338582677163
21
-4.116692913385827
0
LINE
8
BLACK
6
CONTINUOUS
10
5.5691338582677163
20
-4.116692913385827
11
5.5695833858267711
21
-4.1144329527559051
0
LINE
8
BLACK
6
CONTINUOUS
10
5.5695833858267711
20
-4.1144329527559051
11
5.5708635433070866
21
-4.1125170866141731
0
LINE
8
BLACK
6
CONTINUOUS
10
5.5708635433070866
20
-4.1125170866141731
11
5.5727794094488186
21
-4.1112369291338577
0
LINE
8
BLACK
6
CONTINUOUS
10
5.5727794094488186
20
-4.1112369291338577
11
5.5750393700787404
21
-4.1107874015748029
0
LINE
8
BLACK
6
CONTINUOUS
10
5.5750393700787404
20
-4.1107874015748029
11
5.6153937007874015
21
-4.1107874015748029
0
LINE
8
BLACK
6
CONTINUOUS
10
5.6153937007874015
20
-4.1107874015748029
11
5.6176536614173225
21
-4.1112369291338577
0
LINE
8
BLACK
6
CONTINUOUS
10
5.7072205905511808
20
-4.1112369291338577
11
5.7091364566929137
21
-4.1125170866141731
0
LINE
8
BLACK
6
CONTINUOUS
10
5.7091364566929137
20
-4.1125170866141731
11
5.7104166141732282
21
-4.1144329527559051
0
LINE
8
BLACK
6
CONTINUOUS
10
5.7104166141732282
20
-4.1144329527559051
11
5.710866141732283
21
-4.116692913385827
0
LINE
8
BLACK
6
CONTINUOUS
10
5.710866141732283
20
-4.116692913385827
11
5.710866141732283
21
-4.1285039370078742
0
LINE
8
BLACK
6
CONTINUOUS
10
5.710866141732283
20
-4.1285039370078742
11
5.7104166141732282
21
-4.1307638976377952
0
LINE
8
BLACK
6
CONTINUOUS
10
5.7104166141732282
20
-4.1307638976377952
11
5.7091364566929137
21
-4.1326797637795272
0
LINE
8
BLACK
6
CONTINUOUS
10
5.7091364566929137
20
-4.1326797637795272
11
5.7072205905511808
21
-4.1339599212598426
0
LINE
8
BLACK
6
CONTINUOUS
10
5.7072205905511808
20
-4.1339599212598426
11
5.7049606299212599
21
-4.1344094488188974
0
LINE
8
BLACK
6
CONTINUOUS
10
5.7049606299212599
20
-4.1344094488188974
11
5.6646062992125987
21
-4.1344094488188974
0
LINE
8
BLACK
6
CONTINUOUS
10
5.6646062992125987
20
-4.1344094488188974
11
5.6623463385826769
21
-4.1339599212598426
0
LINE
8
BLACK
6
CONTINUOUS
10
5.6623463385826769
20
-4.1339599212598426
11
5.6604304724409449
21
-4.1326797637795272
0
LINE
8
BLACK
6
CONTINUOUS
10
5.6604304724409449
20
-4.1326797637795272
11
5.6591503149606295
21
-4.1307638976377952
0
LINE
8
BLACK
6
CONTINUOUS
10
5.6591503149606295
20
-4.1307638976377952
11
5.6587007874015747
21
-4.1285039370078742
0
LINE
8
BLACK
6
CONTINUOUS
10
5.6587007874015747
20
-4.1285039370078742
11
5.6587007874015747
21
-4.116692913385827
0
LINE
8
BLACK
6
CONTINUOUS
10
5.6587007874015747
20
-4.116692913385827
11
5.6591503149606295
21
-4.1144329527559051
0
LINE
8
BLACK
6
CONTINUOUS
10
5.6591503149606295
20
-4.1144329527559051
11
5.6604304724409449
21
-4.1125170866141731
0
LINE
8
BLACK
6
CONTINUOUS
10
5.6604304724409449
20
-4.1125170866141731
11
5.6623463385826769
21
-4.1112369291338577
0
LINE
8
BLACK
6
CONTINUOUS
10
5.6623463385826769
20
-4.1112369291338577
11
5.6646062992125987
21
-4.1107874015748029
0
LINE
8
BLACK
6
CONTINUOUS
10
5.6646062992125987
20
-4.1107874015748029
11
5.7049606299212599
21
-4.1107874015748029
0
LINE
8
BLACK
6
CONTINUOUS
10
5.7049606299212599
20
-4.1107874015748029
11
5.7072205905511808
21
-4.1112369291338577
0
LINE
8
BLACK
6
CONTINUOUS
10
5.2020078740157478
20
-4.120669291338583
11
5.1587007874015747
21
-4.120669291338583
0
LINE
8
BLACK
6
CONTINUOUS
10
5.1587007874015747
20
-4.120669291338583
11
5.1587007874015747
21
-4.10492125984252
0
LINE
8
BLACK
6
CONTINUOUS
10
5.1587007874015747
20
-4.10492125984252
11
5.2020078740157478
21
-4.10492125984252
0
LINE
8
BLACK
6
CONTINUOUS
10
5.2020078740157478
20
-4.10492125984252
11
5.2020078740157478
21
-4.120669291338583
0
LINE
8
BLACK
6
CONTINUOUS
10
5.3712992125984247
20
-4.120669291338583
11
5.3279921259842515
21
-4.120669291338583
0
LINE
8
BLACK
6
CONTINUOUS
10
5.3279921259842515
20
-4.120669291338583
11
5.3279921259842515
21
-4.10492125984252
0
LINE
8
BLACK
6
CONTINUOUS
10
5.3279921259842515
20
-4.10492125984252
11
5.3712992125984247
21
-4.10492125984252
0
LINE
8
BLACK
6
CONTINUOUS
10
5.3712992125984247
20
-4.10492125984252
11
5.3712992125984247
21
-4.120669291338583
0
LINE
8
BLACK
6
CONTINUOUS
10
4.9737234645669286
20
-4.0932148425196848
11
4.9755116141732278
21
-4.0944096456692911
0
LINE
8
BLACK
6
CONTINUOUS
10
4.9755116141732278
20
-4.0944096456692911
11
4.9767064173228341
21
-4.0961977952755904
0
LINE
8
BLACK
6
CONTINUOUS
10
4.9767064173228341
20
-4.0961977952755904
11
4.9771259842519679
21
-4.0983070866141729
0
LINE
8
BLACK
6
CONTINUOUS
10
4.9771259842519679
20
-4.0983070866141729
11
4.9771259842519679
21
-4.1116929133858271
0
LINE
8
BLACK
6
CONTINUOUS
10
4.9771259842519679
20
-4.1116929133858271
11
4.9767064173228341
21
-4.1138022047244096
0
LINE
8
BLACK
6
CONTINUOUS
10
4.9767064173228341
20
-4.1138022047244096
11
4.9755116141732278
21
-4.1155903543307089
0
LINE
8
BLACK
6
CONTINUOUS
10
4.9755116141732278
20
-4.1155903543307089
11
4.9737234645669286
21
-4.1167851574803151
0
LINE
8
BLACK
6
CONTINUOUS
10
4.9737234645669286
20
-4.1167851574803151
11
4.9716141732283461
21
-4.117204724409449
0
LINE
8
BLACK
6
CONTINUOUS
10
4.9716141732283461
20
-4.117204724409449
11
4.9605905511811024
21
-4.117204724409449
0
LINE
8
BLACK
6
CONTINUOUS
10
4.9605905511811024
20
-4.117204724409449
11
4.9584812598425199
21
-4.1167851574803151
0
LINE
8
BLACK
6
CONTINUOUS
10
4.9584812598425199
20
-4.1167851574803151
11
4.9566931102362206
21
-4.1155903543307089
0
LINE
8
BLACK
6
CONTINUOUS
10
4.9566931102362206
20
-4.1155903543307089
11
4.9554983070866143
21
-4.1138022047244096
0
LINE
8
BLACK
6
CONTINUOUS
10
4.9554983070866143
20
-4.1138022047244096
11
4.9550787401574805
21
-4.1116929133858271
0
LINE
8
BLACK
6
CONTINUOUS
10
4.9550787401574805
20
-4.1116929133858271
11
4.9550787401574805
21
-4.0983070866141729
0
LINE
8
BLACK
6
CONTINUOUS
10
4.9550787401574805
20
-4.0983070866141729
11
4.9554983070866143
21
-4.0961977952755904
0
LINE
8
BLACK
6
CONTINUOUS
10
4.9554983070866143
20
-4.0961977952755904
11
4.9566931102362206
21
-4.0944096456692911
0
LINE
8
BLACK
6
CONTINUOUS
10
4.9566931102362206
20
-4.0944096456692911
11
4.9584812598425199
21
-4.0932148425196848
0
LINE
8
BLACK
6
CONTINUOUS
10
4.9584812598425199
20
-4.0932148425196848
11
4.9605905511811024
21
-4.092795275590551
0
LINE
8
BLACK
6
CONTINUOUS
10
4.9605905511811024
20
-4.092795275590551
11
4.9716141732283461
21
-4.092795275590551
0
LINE
8
BLACK
6
CONTINUOUS
10
4.9716141732283461
20
-4.092795275590551
11
4.9737234645669286
21
-4.0932148425196848
0
LINE
8
BLACK
6
CONTINUOUS
10
5.0115187401574799
20
-4.0932148425196848
11
5.0133068897637791
21
-4.0944096456692911
0
LINE
8
BLACK
6
CONTINUOUS
10
5.0133068897637791
20
-4.0944096456692911
11
5.0145016929133854
21
-4.0961977952755904
0
LINE
8
BLACK
6
CONTINUOUS
10
5.0145016929133854
20
-4.0961977952755904
11
5.0149212598425192
21
-4.0983070866141729
0
LINE
8
BLACK
6
CONTINUOUS
10
5.0149212598425192
20
-4.0983070866141729
11
5.0149212598425192
21
-4.1116929133858271
0
LINE
8
BLACK
6
CONTINUOUS
10
5.0149212598425192
20
-4.1116929133858271
11
5.0145016929133854
21
-4.1138022047244096
0
LINE
8
BLACK
6
CONTINUOUS
10
5.0145016929133854
20
-4.1138022047244096
11
5.0133068897637791
21
-4.1155903543307089
0
LINE
8
BLACK
6
CONTINUOUS
10
5.0133068897637791
20
-4.1155903543307089
11
5.0115187401574799
21
-4.1167851574803151
0
LINE
8
BLACK
6
CONTINUOUS
10
5.0115187401574799
20
-4.1167851574803151
11
5.0094094488188974
21
-4.117204724409449
0
LINE
8
BLACK
6
CONTINUOUS
10
5.0094094488188974
20
-4.117204724409449
11
4.9983858267716537
21
-4.117204724409449
0
LINE
8
BLACK
6
CONTINUOUS
10
4.9983858267716537
20
-4.117204724409449
11
4.9962765354330712
21
-4.1167851574803151
0
LINE
8
BLACK
6
CONTINUOUS
10
4.9962765354330712
20
-4.1167851574803151
11
4.9944883858267719
21
-4.1155903543307089
0
LINE
8
BLACK
6
CONTINUOUS
10
4.9944883858267719
20
-4.1155903543307089
11
4.9932935826771656
21
-4.1138022047244096
0
LINE
8
BLACK
6
CONTINUOUS
10
4.9932935826771656
20
-4.1138022047244096
11
4.9928740157480318
21
-4.1116929133858271
0
LINE
8
BLACK
6
CONTINUOUS
10
4.9928740157480318
20
-4.1116929133858271
11
4.9928740157480318
21
-4.0983070866141729
0
LINE
8
BLACK
6
CONTINUOUS
10
4.9928740157480318
20
-4.0983070866141729
11
4.9932935826771656
21
-4.0961977952755904
0
LINE
8
BLACK
6
CONTINUOUS
10
4.9932935826771656
20
-4.0961977952755904
11
4.9944883858267719
21
-4.0944096456692911
0
LINE
8
BLACK
6
CONTINUOUS
10
4.9944883858267719
20
-4.0944096456692911
11
4.9962765354330712
21
-4.0932148425196848
0
LINE
8
BLACK
6
CONTINUOUS
10
4.9962765354330712
20
-4.0932148425196848
11
4.9983858267716537
21
-4.092795275590551
0
LINE
8
BLACK
6
CONTINUOUS
10
4.9983858267716537
20
-4.092795275590551
11
5.0094094488188974
21
-4.092795275590551
0
LINE
8
BLACK
6
CONTINUOUS
10
5.0094094488188974
20
-4.092795275590551
11
5.0115187401574799
21
-4.0932148425196848
0
LINE
8
BLACK
6
CONTINUOUS
10
5.9602232677165352
20
-4.072442125984252
11
5.9634164173228346
21
-4.0745757086614169
0
LINE
8
BLACK
6
CONTINUOUS
10
5.9634164173228346
20
-4.0745757086614169
11
5.9655499999999995
21
-4.0777688582677163
0
LINE
8
BLACK
6
CONTINUOUS
10
5.9655499999999995
20
-4.0777688582677163
11
5.9662992125984253
21
-4.081535433070866
0
LINE
8
BLACK
6
CONTINUOUS
10
5.9662992125984253
20
-4.081535433070866
11
5.9662992125984253
21
-4.1012204724409447
0
LINE
8
BLACK
6
CONTINUOUS
10
5.9662992125984253
20
-4.1012204724409447
11
5.9655499999999995
21
-4.1049870472440944
0
LINE
8
BLACK
6
CONTINUOUS
10
5.9655499999999995
20
-4.1049870472440944
11
5.9634164173228346
21
-4.1081801968503937
0
LINE
8
BLACK
6
CONTINUOUS
10
5.9634164173228346
20
-4.1081801968503937
11
5.9602232677165352
21
-4.1103137795275586
0
LINE
8
BLACK
6
CONTINUOUS
10
5.9602232677165352
20
-4.1103137795275586
11
5.9564566929133855
21
-4.1110629921259845
0
LINE
8
BLACK
6
CONTINUOUS
10
5.9564566929133855
20
-4.1110629921259845
11
5.8698425196850392
21
-4.1110629921259845
0
LINE
8
BLACK
6
CONTINUOUS
10
5.8698425196850392
20
-4.1110629921259845
11
5.8660759448818895
21
-4.1103137795275586
0
LINE
8
BLACK
6
CONTINUOUS
10
5.8660759448818895
20
-4.1103137795275586
11
5.8628827952755902
21
-4.1081801968503937
0
LINE
8
BLACK
6
CONTINUOUS
10
5.8628827952755902
20
-4.1081801968503937
11
5.8607492125984253
21
-4.1049870472440944
0
LINE
8
BLACK
6
CONTINUOUS
10
5.8607492125984253
20
-4.1049870472440944
11
5.8599999999999994
21
-4.1012204724409447
0
LINE
8
BLACK
6
CONTINUOUS
10
5.8599999999999994
20
-4.1012204724409447
11
5.8599999999999994
21
-4.081535433070866
0
LINE
8
BLACK
6
CONTINUOUS
10
5.8599999999999994
20
-4.081535433070866
11
5.8607492125984253
21
-4.0777688582677163
0
LINE
8
BLACK
6
CONTINUOUS
10
5.8607492125984253
20
-4.0777688582677163
11
5.8628827952755902
21
-4.0745757086614169
0
LINE
8
BLACK
6
CONTINUOUS
10
5.8628827952755902
20
-4.0745757086614169
11
5.8660759448818895
21
-4.072442125984252
0
LINE
8
BLACK
6
CONTINUOUS
10
5.8660759448818895
20
-4.072442125984252
11
5.8698425196850392
21
-4.0716929133858271
0
LINE
8
BLACK
6
CONTINUOUS
10
5.8698425196850392
20
-4.0716929133858271
11
5.9564566929133855
21
-4.0716929133858271
0
LINE
8
BLACK
6
CONTINUOUS
10
5.9564566929133855
20
-4.0716929133858271
11
5.9602232677165352
21
-4.072442125984252
0
LINE
8
BLACK
6
CONTINUOUS
10
5.0643174015748027
20
-4.0897746456692916
11
5.0660416929133856
21
-4.0909268110236221
0
LINE
8
BLACK
6
CONTINUOUS
10
5.0660416929133856
20
-4.0909268110236221
11
5.0671938582677161
21
-4.092651102362205
0
LINE
8
BLACK
6
CONTINUOUS
10
5.0671938582677161
20
-4.092651102362205
11
5.0675984251968504
21
-4.0946850393700789
0
LINE
8
BLACK
6
CONTINUOUS
10
5.0675984251968504
20
-4.0946850393700789
11
5.0675984251968504
21
-4.1053149606299213
0
LINE
8
BLACK
6
CONTINUOUS
10
5.0675984251968504
20
-4.1053149606299213
11
5.0671938582677161
21
-4.1073488976377952
0
LINE
8
BLACK
6
CONTINUOUS
10
5.0671938582677161
20
-4.1073488976377952
11
5.0660416929133856
21
-4.1090731889763781
0
LINE
8
BLACK
6
CONTINUOUS
10
5.0660416929133856
20
-4.1090731889763781
11
5.0643174015748027
21
-4.1102253543307086
0
LINE
8
BLACK
6
CONTINUOUS
10
5.0643174015748027
20
-4.1102253543307086
11
5.0622834645669288
21
-4.1106299212598421
0
LINE
8
BLACK
6
CONTINUOUS
10
5.0622834645669288
20
-4.1106299212598421
11
5.0477165354330706
21
-4.1106299212598421
0
LINE
8
BLACK
6
CONTINUOUS
10
5.0477165354330706
20
-4.1106299212598421
11
5.0456825984251967
21
-4.1102253543307086
0
LINE
8
BLACK
6
CONTINUOUS
10
5.0456825984251967
20
-4.1102253543307086
11
5.0439583070866139
21
-4.1090731889763781
0
LINE
8
BLACK
6
CONTINUOUS
10
5.0439583070866139
20
-4.1090731889763781
11
5.0428061417322834
21
-4.1073488976377952
0
LINE
8
BLACK
6
CONTINUOUS
10
5.0428061417322834
20
-4.1073488976377952
11
5.0424015748031499
21
-4.1053149606299213
0
LINE
8
BLACK
6
CONTINUOUS
10
5.0424015748031499
20
-4.1053149606299213
11
5.0424015748031499
21
-4.0946850393700789
0
LINE
8
BLACK
6
CONTINUOUS
10
5.0424015748031499
20
-4.0946850393700789
11
5.0428061417322834
21
-4.092651102362205
0
LINE
8
BLACK
6
CONTINUOUS
10
5.0428061417322834
20
-4.092651102362205
11
5.0439583070866139
21
-4.0909268110236221
0
LINE
8
BLACK
6
CONTINUOUS
10
5.0439583070866139
20
-4.0909268110236221
11
5.0456825984251967
21
-4.0897746456692916
0
LINE
8
BLACK
6
CONTINUOUS
10
5.0456825984251967
20
-4.0897746456692916
11
5.0477165354330706
21
-4.0893700787401572
0
LINE
8
BLACK
6
CONTINUOUS
10
5.0477165354330706
20
-4.0893700787401572
11
5.0622834645669288
21
-4.0893700787401572
0
LINE
8
BLACK
6
CONTINUOUS
10
5.0622834645669288
20
-4.0893700787401572
11
5.0643174015748027
21
-4.0897746456692916
0
LINE
8
BLACK
6
CONTINUOUS
10
4.8643174015748034
20
-4.0796959055118105
11
4.8660416929133854
21
-4.0808480708661419
0
LINE
8
BLACK
6
CONTINUOUS
10
4.8660416929133854
20
-4.0808480708661419
11
4.8671938582677168
21
-4.0825723622047247
0
LINE
8
BLACK
6
CONTINUOUS
10
4.8671938582677168
20
-4.0825723622047247
11
4.8675984251968503
21
-4.0846062992125987
0
LINE
8
BLACK
6
CONTINUOUS
10
4.8675984251968503
20
-4.0846062992125987
11
4.8675984251968503
21
-4.0952362204724411
0
LINE
8
BLACK
6
CONTINUOUS
10
4.8675984251968503
20
-4.0952362204724411
11
4.8671938582677168
21
-4.097270157480315
0
LINE
8
BLACK
6
CONTINUOUS
10
4.8671938582677168
20
-4.097270157480315
11
4.8660416929133854
21
-4.0989944488188979
0
LINE
8
BLACK
6
CONTINUOUS
10
4.8660416929133854
20
-4.0989944488188979
11
4.8643174015748034
21
-4.1001466141732283
0
LINE
8
BLACK
6
CONTINUOUS
10
4.8643174015748034
20
-4.1001466141732283
11
4.8622834645669286
21
-4.1005511811023618
0
LINE
8
BLACK
6
CONTINUOUS
10
4.8622834645669286
20
-4.1005511811023618
11
4.8477165354330705
21
-4.1005511811023618
0
LINE
8
BLACK
6
CONTINUOUS
10
4.8477165354330705
20
-4.1005511811023618
11
4.8456825984251966
21
-4.1001466141732283
0
LINE
8
BLACK
6
CONTINUOUS
10
4.8456825984251966
20
-4.1001466141732283
11
4.8439583070866137
21
-4.0989944488188979
0
LINE
8
BLACK
6
CONTINUOUS
10
4.8439583070866137
20
-4.0989944488188979
11
4.8428061417322832
21
-4.097270157480315
0
LINE
8
BLACK
6
CONTINUOUS
10
4.8428061417322832
20
-4.097270157480315
11
4.8424015748031497
21
-4.0952362204724411
0
LINE
8
BLACK
6
CONTINUOUS
10
4.8424015748031497
20
-4.0952362204724411
11
4.8424015748031497
21
-4.0846062992125987
0
LINE
8
BLACK
6
CONTINUOUS
10
4.8424015748031497
20
-4.0846062992125987
11
4.8428061417322832
21
-4.0825723622047247
0
LINE
8
BLACK
6
CONTINUOUS
10
4.8428061417322832
20
-4.0825723622047247
11
4.8439583070866137
21
-4.0808480708661419
0
LINE
8
BLACK
6
CONTINUOUS
10
4.8439583070866137
20
-4.0808480708661419
11
4.8456825984251966
21
-4.0796959055118105
0
LINE
8
BLACK
6
CONTINUOUS
10
4.8456825984251966
20
-4.0796959055118105
11
4.8477165354330705
21
-4.079291338582677
0
LINE
8
BLACK
6
CONTINUOUS
10
4.8477165354330705
20
-4.079291338582677
11
4.8622834645669286
21
-4.079291338582677
0
LINE
8
BLACK
6
CONTINUOUS
10
4.8622834645669286
20
-4.079291338582677
11
4.8643174015748034
21
-4.0796959055118105
0
LINE
8
BLACK
6
CONTINUOUS
10
5.4222701574803152
20
-4.0728061417322836
11
5.4239944488188971
21
-4.0739583070866141
0
LINE
8
BLACK
6
CONTINUOUS
10
5.4239944488188971
20
-4.0739583070866141
11
5.4251466141732285
21
-4.075682598425197
0
LINE
8
BLACK
6
CONTINUOUS
10
5.4251466141732285
20
-4.075682598425197
11
5.425551181102362
21
-4.0777165354330709
0
LINE
8
BLACK
6
CONTINUOUS
10
5.425551181102362
20
-4.0777165354330709
11
5.425551181102362
21
-4.092283464566929
0
LINE
8
BLACK
6
CONTINUOUS
10
5.425551181102362
20
-4.092283464566929
11
5.4251466141732285
21
-4.094317401574803
0
LINE
8
BLACK
6
CONTINUOUS
10
5.4251466141732285
20
-4.094317401574803
11
5.4239944488188971
21
-4.0960416929133858
0
LINE
8
BLACK
6
CONTINUOUS
10
5.4239944488188971
20
-4.0960416929133858
11
5.4222701574803152
21
-4.0971938582677163
0
LINE
8
BLACK
6
CONTINUOUS
10
5.4222701574803152
20
-4.0971938582677163
11
5.4202362204724412
21
-4.0975984251968507
0
LINE
8
BLACK
6
CONTINUOUS
10
5.4202362204724412
20
-4.0975984251968507
11
5.4096062992125979
21
-4.0975984251968507
0
LINE
8
BLACK
6
CONTINUOUS
10
5.4096062992125979
20
-4.0975984251968507
11
5.407572362204724
21
-4.0971938582677163
0
LINE
8
BLACK
6
CONTINUOUS
10
5.407572362204724
20
-4.0971938582677163
11
5.4058480708661421
21
-4.0960416929133858
0
LINE
8
BLACK
6
CONTINUOUS
10
5.4058480708661421
20
-4.0960416929133858
11
5.4046959055118107
21
-4.094317401574803
0
LINE
8
BLACK
6
CONTINUOUS
10
5.4046959055118107
20
-4.094317401574803
11
5.4042913385826772
21
-4.092283464566929
0
LINE
8
BLACK
6
CONTINUOUS
10
5.4042913385826772
20
-4.092283464566929
11
5.4042913385826772
21
-4.0777165354330709
0
LINE
8
BLACK
6
CONTINUOUS
10
5.4042913385826772
20
-4.0777165354330709
11
5.4046959055118107
21
-4.075682598425197
0
LINE
8
BLACK
6
CONTINUOUS
10
5.4046959055118107
20
-4.075682598425197
11
5.4058480708661421
21
-4.0739583070866141
0
LINE
8
BLACK
6
CONTINUOUS
10
5.4058480708661421
20
-4.0739583070866141
11
5.407572362204724
21
-4.0728061417322836
0
LINE
8
BLACK
6
CONTINUOUS
10
5.407572362204724
20
-4.0728061417322836
11
5.4096062992125979
21
-4.0724015748031492
0
LINE
8
BLACK
6
CONTINUOUS
10
5.4096062992125979
20
-4.0724015748031492
11
5.4202362204724412
21
-4.0724015748031492
0
LINE
8
BLACK
6
CONTINUOUS
10
5.4202362204724412
20
-4.0724015748031492
11
5.4222701574803152
21
-4.0728061417322836
0
LINE
8
BLACK
6
CONTINUOUS
10
5.4624276377952752
20
-4.0728061417322836
11
5.4641519291338581
21
-4.0739583070866141
0
LINE
8
BLACK
6
CONTINUOUS
10
5.4641519291338581
20
-4.0739583070866141
11
5.4653040944881885
21
-4.075682598425197
0
LINE
8
BLACK
6
CONTINUOUS
10
5.4653040944881885
20
-4.075682598425197
11
5.4657086614173229
21
-4.0777165354330709
0
LINE
8
BLACK
6
CONTINUOUS
10
5.4657086614173229
20
-4.0777165354330709
11
5.4657086614173229
21
-4.092283464566929
0
LINE
8
BLACK
6
CONTINUOUS
10
5.4657086614173229
20
-4.092283464566929
11
5.4653040944881885
21
-4.094317401574803
0
LINE
8
BLACK
6
CONTINUOUS
10
5.4653040944881885
20
-4.094317401574803
11
5.4641519291338581
21
-4.0960416929133858
0
LINE
8
BLACK
6
CONTINUOUS
10
5.4641519291338581
20
-4.0960416929133858
11
5.4624276377952752
21
-4.0971938582677163
0
LINE
8
BLACK
6
CONTINUOUS
10
5.4624276377952752
20
-4.0971938582677163
11
5.4603937007874013
21
-4.0975984251968507
0
LINE
8
BLACK
6
CONTINUOUS
10
5.4603937007874013
20
-4.0975984251968507
11
5.4497637795275589
21
-4.0975984251968507
0
LINE
8
BLACK
6
CONTINUOUS
10
5.4497637795275589
20
-4.0975984251968507
11
5.447729842519685
21
-4.0971938582677163
0
LINE
8
BLACK
6
CONTINUOUS
10
5.447729842519685
20
-4.0971938582677163
11
5.4460055511811021
21
-4.0960416929133858
0
LINE
8
BLACK
6
CONTINUOUS
10
5.4460055511811021
20
-4.0960416929133858
11
5.4448533858267716
21
-4.094317401574803
0
LINE
8
BLACK
6
CONTINUOUS
10
5.4448533858267716
20
-4.094317401574803
11
5.4444488188976381
21
-4.092283464566929
0
LINE
8
BLACK
6
CONTINUOUS
10
5.4444488188976381
20
-4.092283464566929
11
5.4444488188976381
21
-4.0777165354330709
0
LINE
8
BLACK
6
CONTINUOUS
10
5.4444488188976381
20
-4.0777165354330709
11
5.4448533858267716
21
-4.075682598425197
0
LINE
8
BLACK
6
CONTINUOUS
10
5.4448533858267716
20
-4.075682598425197
11
5.4460055511811021
21
-4.0739583070866141
0
LINE
8
BLACK
6
CONTINUOUS
10
5.4460055511811021
20
-4.0739583070866141
11
5.447729842519685
21
-4.0728061417322836
0
LINE
8
BLACK
6
CONTINUOUS
10
5.447729842519685
20
-4.0728061417322836
11
5.4497637795275589
21
-4.0724015748031492
0
LINE
8
BLACK
6
CONTINUOUS
10
5.4497637795275589
20
-4.0724015748031492
11
5.4603937007874013
21
-4.0724015748031492
0
LINE
8
BLACK
6
CONTINUOUS
10
5.4603937007874013
20
-4.0724015748031492
11
5.4624276377952752
21
-4.0728061417322836
0
LINE
8
BLACK
6
CONTINUOUS
10
5.2020078740157478
20
-4.0950787401574802
11
5.1587007874015747
21
-4.0950787401574802
0
LINE
8
BLACK
6
CONTINUOUS
10
5.1587007874015747
20
-4.0950787401574802
11
5.1587007874015747
21
-4.0793307086614172
0
LINE
8
BLACK
6
CONTINUOUS
10
5.1587007874015747
20
-4.0793307086614172
11
5.2020078740157478
21
-4.0793307086614172
0
LINE
8
BLACK
6
CONTINUOUS
10
5.2020078740157478
20
-4.0793307086614172
11
5.2020078740157478
21
-4.0950787401574802
0
LINE
8
BLACK
6
CONTINUOUS
10
5.3712992125984247
20
-4.0950787401574802
11
5.3279921259842515
21
-4.0950787401574802
0
LINE
8
BLACK
6
CONTINUOUS
10
5.3279921259842515
20
-4.0950787401574802
11
5.3279921259842515
21
-4.0793307086614172
0
LINE
8
BLACK
6
CONTINUOUS
10
5.3279921259842515
20
-4.0793307086614172
11
5.3712992125984247
21
-4.0793307086614172
0
LINE
8
BLACK
6
CONTINUOUS
10
5.3712992125984247
20
-4.0793307086614172
11
5.3712992125984247
21
-4.0950787401574802
0
LINE
8
BLACK
6
CONTINUOUS
10
5.5288022047244096
20
-4.0682935826771649
11
5.5305903543307089
21
-4.0694883858267712
0
LINE
8
BLACK
6
CONTINUOUS
10
5.5305903543307089
20
-4.0694883858267712
11
5.5317851574803152
21
-4.0712765354330704
0
LINE
8
BLACK
6
CONTINUOUS
10
5.5317851574803152
20
-4.0712765354330704
11
5.532204724409449
21
-4.0733858267716538
0
LINE
8
BLACK
6
CONTINUOUS
10
5.532204724409449
20
-4.0733858267716538
11
5.532204724409449
21
-4.0844094488188976
0
LINE
8
BLACK
6
CONTINUOUS
10
5.532204724409449
20
-4.0844094488188976
11
5.5317851574803152
21
-4.0865187401574801
0
LINE
8
BLACK
6
CONTINUOUS
10
5.5317851574803152
20
-4.0865187401574801
11
5.5305903543307089
21
-4.0883068897637793
0
LINE
8
BLACK
6
CONTINUOUS
10
5.5305903543307089
20
-4.0883068897637793
11
5.5288022047244096
21
-4.0895016929133856
0
LINE
8
BLACK
6
CONTINUOUS
10
5.5288022047244096
20
-4.0895016929133856
11
5.5266929133858262
21
-4.0899212598425194
0
LINE
8
BLACK
6
CONTINUOUS
10
5.5266929133858262
20
-4.0899212598425194
11
5.5133070866141729
21
-4.0899212598425194
0
LINE
8
BLACK
6
CONTINUOUS
10
5.5133070866141729
20
-4.0899212598425194
11
5.5111977952755904
21
-4.0895016929133856
0
LINE
8
BLACK
6
CONTINUOUS
10
5.5111977952755904
20
-4.0895016929133856
11
5.5094096456692911
21
-4.0883068897637793
0
LINE
8
BLACK
6
CONTINUOUS
10
5.5094096456692911
20
-4.0883068897637793
11
5.5082148425196849
21
-4.0865187401574801
0
LINE
8
BLACK
6
CONTINUOUS
10
5.5082148425196849
20
-4.0865187401574801
11
5.507795275590551
21
-4.0844094488188976
0
LINE
8
BLACK
6
CONTINUOUS
10
5.507795275590551
20
-4.0844094488188976
11
5.507795275590551
21
-4.0733858267716538
0
LINE
8
BLACK
6
CONTINUOUS
10
5.507795275590551
20
-4.0733858267716538
11
5.5082148425196849
21
-4.0712765354330704
0
LINE
8
BLACK
6
CONTINUOUS
10
5.5082148425196849
20
-4.0712765354330704
11
5.5094096456692911
21
-4.0694883858267712
0
LINE
8
BLACK
6
CONTINUOUS
10
5.5094096456692911
20
-4.0694883858267712
11
5.5111977952755904
21
-4.0682935826771649
0
LINE
8
BLACK
6
CONTINUOUS
10
5.5111977952755904
20
-4.0682935826771649
11
5.5133070866141729
21
-4.0678740157480311
0
LINE
8
BLACK
6
CONTINUOUS
10
5.5133070866141729
20
-4.0678740157480311
11
5.5266929133858262
21
-4.0678740157480311
0
LINE
8
BLACK
6
CONTINUOUS
10
5.5266929133858262
20
-4.0678740157480311
11
5.5288022047244096
21
-4.0682935826771649
0
LINE
8
BLACK
6
CONTINUOUS
10
5.5793174015748033
20
-4.0648533858267717
11
5.5810416929133861
21
-4.0660055511811022
0
LINE
8
BLACK
6
CONTINUOUS
10
5.5810416929133861
20
-4.0660055511811022
11
5.5821938582677166
21
-4.0677298425196851
0
LINE
8
BLACK
6
CONTINUOUS
10
5.5821938582677166
20
-4.0677298425196851
11
5.5825984251968501
21
-4.069763779527559
0
LINE
8
BLACK
6
CONTINUOUS
10
5.5825984251968501
20
-4.069763779527559
11
5.5825984251968501
21
-4.0803937007874014
0
LINE
8
BLACK
6
CONTINUOUS
10
5.5825984251968501
20
-4.0803937007874014
11
5.5821938582677166
21
-4.0824276377952753
0
LINE
8
BLACK
6
CONTINUOUS
10
5.5821938582677166
20
-4.0824276377952753
11
5.5810416929133861
21
-4.0841519291338582
0
LINE
8
BLACK
6
CONTINUOUS
10
5.5810416929133861
20
-4.0841519291338582
11
5.5793174015748033
21
-4.0853040944881887
0
LINE
8
BLACK
6
CONTINUOUS
10
5.5793174015748033
20
-4.0853040944881887
11
5.5772834645669294
21
-4.085708661417323
0
LINE
8
BLACK
6
CONTINUOUS
10
5.5772834645669294
20
-4.085708661417323
11
5.5627165354330703
21
-4.085708661417323
0
LINE
8
BLACK
6
CONTINUOUS
10
5.5627165354330703
20
-4.085708661417323
11
5.5606825984251964
21
-4.0853040944881887
0
LINE
8
BLACK
6
CONTINUOUS
10
5.5606825984251964
20
-4.0853040944881887
11
5.5589583070866144
21
-4.0841519291338582
0
LINE
8
BLACK
6
CONTINUOUS
10
5.5589583070866144
20
-4.0841519291338582
11
5.557806141732283
21
-4.0824276377952753
0
LINE
8
BLACK
6
CONTINUOUS
10
5.557806141732283
20
-4.0824276377952753
11
5.5574015748031496
21
-4.0803937007874014
0
LINE
8
BLACK
6
CONTINUOUS
10
5.5574015748031496
20
-4.0803937007874014
11
5.5574015748031496
21
-4.069763779527559
0
LINE
8
BLACK
6
CONTINUOUS
10
5.5574015748031496
20
-4.069763779527559
11
5.557806141732283
21
-4.0677298425196851
0
LINE
8
BLACK
6
CONTINUOUS
10
5.557806141732283
20
-4.0677298425196851
11
5.5589583070866144
21
-4.0660055511811022
0
LINE
8
BLACK
6
CONTINUOUS
10
5.5589583070866144
20
-4.0660055511811022
11
5.5606825984251964
21
-4.0648533858267717
0
LINE
8
BLACK
6
CONTINUOUS
10
5.5606825984251964
20
-4.0648533858267717
11
5.5627165354330703
21
-4.0644488188976373
0
LINE
8
BLACK
6
CONTINUOUS
10
5.5627165354330703
20
-4.0644488188976373
11
5.5772834645669294
21
-4.0644488188976373
0
LINE
8
BLACK
6
CONTINUOUS
10
5.5772834645669294
20
-4.0644488188976373
11
5.5793174015748033
21
-4.0648533858267717
0
LINE
8
BLACK
6
CONTINUOUS
10
5.6543174015748034
20
-4.0648533858267717
11
5.6560416929133854
21
-4.0660055511811022
0
LINE
8
BLACK
6
CONTINUOUS
10
5.6560416929133854
20
-4.0660055511811022
11
5.6571938582677168
21
-4.0677298425196851
0
LINE
8
BLACK
6
CONTINUOUS
10
5.6571938582677168
20
-4.0677298425196851
11
5.6575984251968503
21
-4.069763779527559
0
LINE
8
BLACK
6
CONTINUOUS
10
5.6575984251968503
20
-4.069763779527559
11
5.6575984251968503
21
-4.0803937007874014
0
LINE
8
BLACK
6
CONTINUOUS
10
5.6575984251968503
20
-4.0803937007874014
11
5.6571938582677168
21
-4.0824276377952753
0
LINE
8
BLACK
6
CONTINUOUS
10
5.6571938582677168
20
-4.0824276377952753
11
5.6560416929133854
21
-4.0841519291338582
0
LINE
8
BLACK
6
CONTINUOUS
10
5.6560416929133854
20
-4.0841519291338582
11
5.6543174015748034
21
-4.0853040944881887
0
LINE
8
BLACK
6
CONTINUOUS
10
5.6543174015748034
20
-4.0853040944881887
11
5.6522834645669287
21
-4.085708661417323
0
LINE
8
BLACK
6
CONTINUOUS
10
5.6522834645669287
20
-4.085708661417323
11
5.6377165354330705
21
-4.085708661417323
0
LINE
8
BLACK
6
CONTINUOUS
10
5.6377165354330705
20
-4.085708661417323
11
5.6356825984251966
21
-4.0853040944881887
0
LINE
8
BLACK
6
CONTINUOUS
10
5.6356825984251966
20
-4.0853040944881887
11
5.6339583070866137
21
-4.0841519291338582
0
LINE
8
BLACK
6
CONTINUOUS
10
5.6339583070866137
20
-4.0841519291338582
11
5.6328061417322832
21
-4.0824276377952753
0
LINE
8
BLACK
6
CONTINUOUS
10
5.6328061417322832
20
-4.0824276377952753
11
5.6324015748031497
21
-4.0803937007874014
0
LINE
8
BLACK
6
CONTINUOUS
10
5.6324015748031497
20
-4.0803937007874014
11
5.6324015748031497
21
-4.069763779527559
0
LINE
8
BLACK
6
CONTINUOUS
10
5.6324015748031497
20
-4.069763779527559
11
5.6328061417322832
21
-4.0677298425196851
0
LINE
8
BLACK
6
CONTINUOUS
10
5.6328061417322832
20
-4.0677298425196851
11
5.6339583070866137
21
-4.0660055511811022
0
LINE
8
BLACK
6
CONTINUOUS
10
5.6339583070866137
20
-4.0660055511811022
11
5.6356825984251966
21
-4.0648533858267717
0
LINE
8
BLACK
6
CONTINUOUS
10
5.6356825984251966
20
-4.0648533858267717
11
5.6377165354330705
21
-4.0644488188976373
0
LINE
8
BLACK
6
CONTINUOUS
10
5.6377165354330705
20
-4.0644488188976373
11
5.6522834645669287
21
-4.0644488188976373
0
LINE
8
BLACK
6
CONTINUOUS
10
5.6522834645669287
20
-4.0644488188976373
11
5.6543174015748034
21
-4.0648533858267717
0
LINE
8
BLACK
6
CONTINUOUS
10
5.7038022047244095
20
-4.063293582677165
11
5.7055903543307087
21
-4.0644883858267713
0
LINE
8
BLACK
6
CONTINUOUS
10
5.7055903543307087
20
-4.0644883858267713
11
5.706785157480315
21
-4.0662765354330705
0
LINE
8
BLACK
6
CONTINUOUS
10
5.706785157480315
20
-4.0662765354330705
11
5.7072047244094488
21
-4.0683858267716531
0
LINE
8
BLACK
6
CONTINUOUS
10
5.7072047244094488
20
-4.0683858267716531
11
5.7072047244094488
21
-4.0794094488188977
0
LINE
8
BLACK
6
CONTINUOUS
10
5.7072047244094488
20
-4.0794094488188977
11
5.706785157480315
21
-4.0815187401574802
0
LINE
8
BLACK
6
CONTINUOUS
10
5.706785157480315
20
-4.0815187401574802
11
5.7055903543307087
21
-4.0833068897637794
0
LINE
8
BLACK
6
CONTINUOUS
10
5.7055903543307087
20
-4.0833068897637794
11
5.7038022047244095
21
-4.0845016929133857
0
LINE
8
BLACK
6
CONTINUOUS
10
5.7038022047244095
20
-4.0845016929133857
11
5.701692913385827
21
-4.0849212598425195
0
LINE
8
BLACK
6
CONTINUOUS
10
5.701692913385827
20
-4.0849212598425195
11
5.6883070866141727
21
-4.0849212598425195
0
LINE
8
BLACK
6
CONTINUOUS
10
5.6883070866141727
20
-4.0849212598425195
11
5.6861977952755902
21
-4.0845016929133857
0
LINE
8
BLACK
6
CONTINUOUS
10
5.6861977952755902
20
-4.0845016929133857
11
5.684409645669291
21
-4.0833068897637794
0
LINE
8
BLACK
6
CONTINUOUS
10
5.684409645669291
20
-4.0833068897637794
11
5.6832148425196847
21
-4.0815187401574802
0
LINE
8
BLACK
6
CONTINUOUS
10
5.6832148425196847
20
-4.0815187401574802
11
5.6827952755905509
21
-4.0794094488188977
0
LINE
8
BLACK
6
CONTINUOUS
10
5.6827952755905509
20
-4.0794094488188977
11
5.6827952755905509
21
-4.0683858267716531
0
LINE
8
BLACK
6
CONTINUOUS
10
5.6827952755905509
20
-4.0683858267716531
11
5.6832148425196847
21
-4.0662765354330705
0
LINE
8
BLACK
6
CONTINUOUS
10
5.6832148425196847
20
-4.0662765354330705
11
5.684409645669291
21
-4.0644883858267713
0
LINE
8
BLACK
6
CONTINUOUS
10
5.684409645669291
20
-4.0644883858267713
11
5.6861977952755902
21
-4.063293582677165
0
LINE
8
BLACK
6
CONTINUOUS
10
5.6861977952755902
20
-4.063293582677165
11
5.6883070866141727
21
-4.0628740157480312
0
LINE
8
BLACK
6
CONTINUOUS
10
5.6883070866141727
20
-4.0628740157480312
11
5.701692913385827
21
-4.0628740157480312
0
LINE
8
BLACK
6
CONTINUOUS
10
5.701692913385827
20
-4.0628740157480312
11
5.7038022047244095
21
-4.063293582677165
0
LINE
8
BLACK
6
CONTINUOUS
10
5.2020078740157478
20
-4.0694881889763774
11
5.1587007874015747
21
-4.0694881889763774
0
LINE
8
BLACK
6
CONTINUOUS
10
5.1587007874015747
20
-4.0694881889763774
11
5.1587007874015747
21
-4.0537401574803145
0
LINE
8
BLACK
6
CONTINUOUS
10
5.1587007874015747
20
-4.0537401574803145
11
5.2020078740157478
21
-4.0537401574803145
0
LINE
8
BLACK
6
CONTINUOUS
10
5.2020078740157478
20
-4.0537401574803145
11
5.2020078740157478
21
-4.0694881889763774
0
LINE
8
BLACK
6
CONTINUOUS
10
5.3712992125984247
20
-4.0694881889763774
11
5.3279921259842515
21
-4.0694881889763774
0
LINE
8
BLACK
6
CONTINUOUS
10
5.3279921259842515
20
-4.0694881889763774
11
5.3279921259842515
21
-4.0537401574803145
0
LINE
8
BLACK
6
CONTINUOUS
10
5.3279921259842515
20
-4.0537401574803145
11
5.3712992125984247
21
-4.0537401574803145
0
LINE
8
BLACK
6
CONTINUOUS
10
5.3712992125984247
20
-4.0537401574803145
11
5.3712992125984247
21
-4.0694881889763774
0
LINE
8
BLACK
6
CONTINUOUS
10
4.933700787401575
20
-4.0648031496062993
11
4.9140157480314963
21
-4.0648031496062993
0
LINE
8
BLACK
6
CONTINUOUS
10
4.9140157480314963
20
-4.0648031496062993
11
4.9140157480314963
21
-3.986062992125984
0
LINE
8
BLACK
6
CONTINUOUS
10
4.9140157480314963
20
-3.986062992125984
11
4.933700787401575
21
-3.986062992125984
0
LINE
8
BLACK
6
CONTINUOUS
10
4.933700787401575
20
-3.986062992125984
11
4.933700787401575
21
-4.0648031496062993
0
LINE
8
BLACK
6
CONTINUOUS
10
4.9730708661417324
20
-4.0648031496062993
11
4.9533858267716537
21
-4.0648031496062993
0
LINE
8
BLACK
6
CONTINUOUS
10
4.9533858267716537
20
-4.0648031496062993
11
4.9533858267716537
21
-3.986062992125984
0
LINE
8
BLACK
6
CONTINUOUS
10
4.9533858267716537
20
-3.986062992125984
11
4.9730708661417324
21
-3.986062992125984
0
LINE
8
BLACK
6
CONTINUOUS
10
4.9730708661417324
20
-3.986062992125984
11
4.9730708661417324
21
-4.0648031496062993
0
LINE
8
BLACK
6
CONTINUOUS
10
5.0124409448818898
20
-4.0648031496062993
11
4.9927559055118111
21
-4.0648031496062993
0
LINE
8
BLACK
6
CONTINUOUS
10
4.9927559055118111
20
-4.0648031496062993
11
4.9927559055118111
21
-3.986062992125984
0
LINE
8
BLACK
6
CONTINUOUS
10
4.9927559055118111
20
-3.986062992125984
11
5.0124409448818898
21
-3.986062992125984
0
LINE
8
BLACK
6
CONTINUOUS
10
5.0124409448818898
20
-3.986062992125984
11
5.0124409448818898
21
-4.0648031496062993
0
LINE
8
BLACK
6
CONTINUOUS
10
5.0518110236220473
20
-4.0648031496062993
11
5.0321259842519686
21
-4.0648031496062993
0
LINE
8
BLACK
6
CONTINUOUS
10
5.0321259842519686
20
-4.0648031496062993
11
5.0321259842519686
21
-3.986062992125984
0
LINE
8
BLACK
6
CONTINUOUS
10
5.0321259842519686
20
-3.986062992125984
11
5.0518110236220473
21
-3.986062992125984
0
LINE
8
BLACK
6
CONTINUOUS
10
5.0518110236220473
20
-3.986062992125984
11
5.0518110236220473
21
-4.0648031496062993
0
LINE
8
BLACK
6
CONTINUOUS
10
5.0911811023622047
20
-4.0648031496062993
11
5.071496062992126
21
-4.0648031496062993
0
LINE
8
BLACK
6
CONTINUOUS
10
5.071496062992126
20
-4.0648031496062993
11
5.071496062992126
21
-3.986062992125984
0
LINE
8
BLACK
6
CONTINUOUS
10
5.071496062992126
20
-3.986062992125984
11
5.0911811023622047
21
-3.986062992125984
0
LINE
8
BLACK
6
CONTINUOUS
10
5.0911811023622047
20
-3.986062992125984
11
5.0911811023622047
21
-4.0648031496062993
0
LINE
8
BLACK
6
CONTINUOUS
10
5.5288022047244096
20
-4.0304983070866145
11
5.5305903543307089
21
-4.0316931102362208
0
LINE
8
BLACK
6
CONTINUOUS
10
5.5305903543307089
20
-4.0316931102362208
11
5.5317851574803152
21
-4.0334812598425192
0
LINE
8
BLACK
6
CONTINUOUS
10
5.5317851574803152
20
-4.0334812598425192
11
5.532204724409449
21
-4.0355905511811025
0
LINE
8
BLACK
6
CONTINUOUS
10
5.532204724409449
20
-4.0355905511811025
11
5.532204724409449
21
-4.0466141732283463
0
LINE
8
BLACK
6
CONTINUOUS
10
5.532204724409449
20
-4.0466141732283463
11
5.5317851574803152
21
-4.0487234645669288
0
LINE
8
BLACK
6
CONTINUOUS
10
5.5317851574803152
20
-4.0487234645669288
11
5.5305903543307089
21
-4.050511614173228
0
LINE
8
BLACK
6
CONTINUOUS
10
5.5305903543307089
20
-4.050511614173228
11
5.5288022047244096
21
-4.0517064173228343
0
LINE
8
BLACK
6
CONTINUOUS
10
5.5288022047244096
20
-4.0517064173228343
11
5.5266929133858262
21
-4.0521259842519681
0
LINE
8
BLACK
6
CONTINUOUS
10
5.5266929133858262
20
-4.0521259842519681
11
5.5133070866141729
21
-4.0521259842519681
0
LINE
8
BLACK
6
CONTINUOUS
10
5.5133070866141729
20
-4.0521259842519681
11
5.5111977952755904
21
-4.0517064173228343
0
LINE
8
BLACK
6
CONTINUOUS
10
5.5111977952755904
20
-4.0517064173228343
11
5.5094096456692911
21
-4.050511614173228
0
LINE
8
BLACK
6
CONTINUOUS
10
5.5094096456692911
20
-4.050511614173228
11
5.5082148425196849
21
-4.0487234645669288
0
LINE
8
BLACK
6
CONTINUOUS
10
5.5082148425196849
20
-4.0487234645669288
11
5.507795275590551
21
-4.0466141732283463
0
LINE
8
BLACK
6
CONTINUOUS
10
5.507795275590551
20
-4.0466141732283463
11
5.507795275590551
21
-4.0355905511811025
0
LINE
8
BLACK
6
CONTINUOUS
10
5.507795275590551
20
-4.0355905511811025
11
5.5082148425196849
21
-4.0334812598425192
0
LINE
8
BLACK
6
CONTINUOUS
10
5.5082148425196849
20
-4.0334812598425192
11
5.5094096456692911
21
-4.0316931102362208
0
LINE
8
BLACK
6
CONTINUOUS
10
5.5094096456692911
20
-4.0316931102362208
11
5.5111977952755904
21
-4.0304983070866145
0
LINE
8
BLACK
6
CONTINUOUS
10
5.5111977952755904
20
-4.0304983070866145
11
5.5133070866141729
21
-4.0300787401574798
0
LINE
8
BLACK
6
CONTINUOUS
10
5.5133070866141729
20
-4.0300787401574798
11
5.5266929133858262
21
-4.0300787401574798
0
LINE
8
BLACK
6
CONTINUOUS
10
5.5266929133858262
20
-4.0300787401574798
11
5.5288022047244096
21
-4.0304983070866145
0
LINE
8
BLACK
6
CONTINUOUS
10
5.4188022047244093
20
-4.0282935826771649
11
5.4205903543307086
21
-4.0294883858267712
0
LINE
8
BLACK
6
CONTINUOUS
10
5.4205903543307086
20
-4.0294883858267712
11
5.4217851574803149
21
-4.0312765354330704
0
LINE
8
BLACK
6
CONTINUOUS
10
5.4217851574803149
20
-4.0312765354330704
11
5.4222047244094487
21
-4.0333858267716538
0
LINE
8
BLACK
6
CONTINUOUS
10
5.4222047244094487
20
-4.0333858267716538
11
5.4222047244094487
21
-4.0444094488188975
0
LINE
8
BLACK
6
CONTINUOUS
10
5.4222047244094487
20
-4.0444094488188975
11
5.4217851574803149
21
-4.04651874015748
0
LINE
8
BLACK
6
CONTINUOUS
10
5.4217851574803149
20
-4.04651874015748
11
5.4205903543307086
21
-4.0483068897637793
0
LINE
8
BLACK
6
CONTINUOUS
10
5.4205903543307086
20
-4.0483068897637793
11
5.4188022047244093
21
-4.0495016929133856
0
LINE
8
BLACK
6
CONTINUOUS
10
5.4188022047244093
20
-4.0495016929133856
11
5.4166929133858268
21
-4.0499212598425194
0
LINE
8
BLACK
6
CONTINUOUS
10
5.4166929133858268
20
-4.0499212598425194
11
5.4033070866141735
21
-4.0499212598425194
0
LINE
8
BLACK
6
CONTINUOUS
10
5.4033070866141735
20
-4.0499212598425194
11
5.4011977952755901
21
-4.0495016929133856
0
LINE
8
BLACK
6
CONTINUOUS
10
5.4011977952755901
20
-4.0495016929133856
11
5.3994096456692908
21
-4.0483068897637793
0
LINE
8
BLACK
6
CONTINUOUS
10
5.3994096456692908
20
-4.0483068897637793
11
5.3982148425196845
21
-4.04651874015748
0
LINE
8
BLACK
6
CONTINUOUS
10
5.3982148425196845
20
-4.04651874015748
11
5.3977952755905507
21
-4.0444094488188975
0
LINE
8
BLACK
6
CONTINUOUS
10
5.3977952755905507
20
-4.0444094488188975
11
5.3977952755905507
21
-4.0333858267716538
0
LINE
8
BLACK
6
CONTINUOUS
10
5.3977952755905507
20
-4.0333858267716538
11
5.3982148425196845
21
-4.0312765354330704
0
LINE
8
BLACK
6
CONTINUOUS
10
5.3982148425196845
20
-4.0312765354330704
11
5.3994096456692908
21
-4.0294883858267712
0
LINE
8
BLACK
6
CONTINUOUS
10
5.3994096456692908
20
-4.0294883858267712
11
5.4011977952755901
21
-4.0282935826771649
0
LINE
8
BLACK
6
CONTINUOUS
10
5.4011977952755901
20
-4.0282935826771649
11
5.4033070866141735
21
-4.0278740157480311
0
LINE
8
BLACK
6
CONTINUOUS
10
5.4033070866141735
20
-4.0278740157480311
11
5.4166929133858268
21
-4.0278740157480311
0
LINE
8
BLACK
6
CONTINUOUS
10
5.4166929133858268
20
-4.0278740157480311
11
5.4188022047244093
21
-4.0282935826771649
0
LINE
8
BLACK
6
CONTINUOUS
10
5.7038022047244095
20
-4.0254983070866137
11
5.7055903543307087
21
-4.02669311023622
0
LINE
8
BLACK
6
CONTINUOUS
10
5.7055903543307087
20
-4.02669311023622
11
5.706785157480315
21
-4.0284812598425193
0
LINE
8
BLACK
6
CONTINUOUS
10
5.706785157480315
20
-4.0284812598425193
11
5.7072047244094488
21
-4.0305905511811027
0
LINE
8
BLACK
6
CONTINUOUS
10
5.7072047244094488
20
-4.0305905511811027
11
5.7072047244094488
21
-4.0416141732283464
0
LINE
8
BLACK
6
CONTINUOUS
10
5.7072047244094488
20
-4.0416141732283464
11
5.706785157480315
21
-4.0437234645669289
0
LINE
8
BLACK
6
CONTINUOUS
10
5.706785157480315
20
-4.0437234645669289
11
5.7055903543307087
21
-4.0455116141732281
0
LINE
8
BLACK
6
CONTINUOUS
10
5.7055903543307087
20
-4.0455116141732281
11
5.7038022047244095
21
-4.0467064173228344
0
LINE
8
BLACK
6
CONTINUOUS
10
5.7038022047244095
20
-4.0467064173228344
11
5.701692913385827
21
-4.0471259842519682
0
LINE
8
BLACK
6
CONTINUOUS
10
5.701692913385827
20
-4.0471259842519682
11
5.6883070866141727
21
-4.0471259842519682
0
LINE
8
BLACK
6
CONTINUOUS
10
5.6883070866141727
20
-4.0471259842519682
11
5.6861977952755902
21
-4.0467064173228344
0
LINE
8
BLACK
6
CONTINUOUS
10
5.6861977952755902
20
-4.0467064173228344
11
5.684409645669291
21
-4.0455116141732281
0
LINE
8
BLACK
6
CONTINUOUS
10
5.684409645669291
20
-4.0455116141732281
11
5.6832148425196847
21
-4.0437234645669289
0
LINE
8
BLACK
6
CONTINUOUS
10
5.6832148425196847
20
-4.0437234645669289
11
5.6827952755905509
21
-4.0416141732283464
0
LINE
8
BLACK
6
CONTINUOUS
10
5.6827952755905509
20
-4.0416141732283464
11
5.6827952755905509
21
-4.0305905511811027
0
LINE
8
BLACK
6
CONTINUOUS
10
5.6827952755905509
20
-4.0305905511811027
11
5.6832148425196847
21
-4.0284812598425193
0
LINE
8
BLACK
6
CONTINUOUS
10
5.6832148425196847
20
-4.0284812598425193
11
5.684409645669291
21
-4.02669311023622
0
LINE
8
BLACK
6
CONTINUOUS
10
5.684409645669291
20
-4.02669311023622
11
5.6861977952755902
21
-4.0254983070866137
0
LINE
8
BLACK
6
CONTINUOUS
10
5.6861977952755902
20
-4.0254983070866137
11
5.6883070866141727
21
-4.0250787401574799
0
LINE
8
BLACK
6
CONTINUOUS
10
5.6883070866141727
20
-4.0250787401574799
11
5.701692913385827
21
-4.0250787401574799
0
LINE
8
BLACK
6
CONTINUOUS
10
5.701692913385827
20
-4.0250787401574799
11
5.7038022047244095
21
-4.0254983070866137
0
LINE
8
BLACK
6
CONTINUOUS
10
5.5793174015748033
20
-4.0246959055118108
11
5.5810416929133861
21
-4.0258480708661413
0
LINE
8
BLACK
6
CONTINUOUS
10
5.5810416929133861
20
-4.0258480708661413
11
5.5821938582677166
21
-4.0275723622047241
0
LINE
8
BLACK
6
CONTINUOUS
10
5.5821938582677166
20
-4.0275723622047241
11
5.5825984251968501
21
-4.0296062992125981
0
LINE
8
BLACK
6
CONTINUOUS
10
5.5825984251968501
20
-4.0296062992125981
11
5.5825984251968501
21
-4.0402362204724405
0
LINE
8
BLACK
6
CONTINUOUS
10
5.5825984251968501
20
-4.0402362204724405
11
5.5821938582677166
21
-4.0422701574803153
0
LINE
8
BLACK
6
CONTINUOUS
10
5.5821938582677166
20
-4.0422701574803153
11
5.5810416929133861
21
-4.0439944488188972
0
LINE
8
BLACK
6
CONTINUOUS
10
5.5810416929133861
20
-4.0439944488188972
11
5.5793174015748033
21
-4.0451466141732286
0
LINE
8
BLACK
6
CONTINUOUS
10
5.5793174015748033
20
-4.0451466141732286
11
5.5772834645669294
21
-4.0455511811023621
0
LINE
8
BLACK
6
CONTINUOUS
10
5.5772834645669294
20
-4.0455511811023621
11
5.5627165354330703
21
-4.0455511811023621
0
LINE
8
BLACK
6
CONTINUOUS
10
5.5627165354330703
20
-4.0455511811023621
11
5.5606825984251964
21
-4.0451466141732286
0
LINE
8
BLACK
6
CONTINUOUS
10
5.5606825984251964
20
-4.0451466141732286
11
5.5589583070866144
21
-4.0439944488188972
0
LINE
8
BLACK
6
CONTINUOUS
10
5.5589583070866144
20
-4.0439944488188972
11
5.557806141732283
21
-4.0422701574803153
0
LINE
8
BLACK
6
CONTINUOUS
10
5.557806141732283
20
-4.0422701574803153
11
5.5574015748031496
21
-4.0402362204724405
0
LINE
8
BLACK
6
CONTINUOUS
10
5.5574015748031496
20
-4.0402362204724405
11
5.5574015748031496
21
-4.0296062992125981
0
LINE
8
BLACK
6
CONTINUOUS
10
5.5574015748031496
20
-4.0296062992125981
11
5.557806141732283
21
-4.0275723622047241
0
LINE
8
BLACK
6
CONTINUOUS
10
5.557806141732283
20
-4.0275723622047241
11
5.5589583070866144
21
-4.0258480708661413
0
LINE
8
BLACK
6
CONTINUOUS
10
5.5589583070866144
20
-4.0258480708661413
11
5.5606825984251964
21
-4.0246959055118108
0
LINE
8
BLACK
6
CONTINUOUS
10
5.5606825984251964
20
-4.0246959055118108
11
5.5627165354330703
21
-4.0242913385826773
0
LINE
8
BLACK
6
CONTINUOUS
10
5.5627165354330703
20
-4.0242913385826773
11
5.5772834645669294
21
-4.0242913385826773
0
LINE
8
BLACK
6
CONTINUOUS
10
5.5772834645669294
20
-4.0242913385826773
11
5.5793174015748033
21
-4.0246959055118108
0
LINE
8
BLACK
6
CONTINUOUS
10
5.6543174015748034
20
-4.0246959055118108
11
5.6560416929133854
21
-4.0258480708661413
0
LINE
8
BLACK
6
CONTINUOUS
10
5.6560416929133854
20
-4.0258480708661413
11
5.6571938582677168
21
-4.0275723622047241
0
LINE
8
BLACK
6
CONTINUOUS
10
5.6571938582677168
20
-4.0275723622047241
11
5.6575984251968503
21
-4.0296062992125981
0
LINE
8
BLACK
6
CONTINUOUS
10
5.6575984251968503
20
-4.0296062992125981
11
5.6575984251968503
21
-4.0402362204724405
0
LINE
8
BLACK
6
CONTINUOUS
10
5.6575984251968503
20
-4.0402362204724405
11
5.6571938582677168
21
-4.0422701574803153
0
LINE
8
BLACK
6
CONTINUOUS
10
5.6571938582677168
20
-4.0422701574803153
11
5.6560416929133854
21
-4.0439944488188972
0
LINE
8
BLACK
6
CONTINUOUS
10
5.6560416929133854
20
-4.0439944488188972
11
5.6543174015748034
21
-4.0451466141732286
0
LINE
8
BLACK
6
CONTINUOUS
10
5.6543174015748034
20
-4.0451466141732286
11
5.6522834645669287
21
-4.0455511811023621
0
LINE
8
BLACK
6
CONTINUOUS
10
5.6522834645669287
20
-4.0455511811023621
11
5.6377165354330705
21
-4.0455511811023621
0
LINE
8
BLACK
6
CONTINUOUS
10
5.6377165354330705
20
-4.0455511811023621
11
5.6356825984251966
21
-4.0451466141732286
0
LINE
8
BLACK
6
CONTINUOUS
10
5.6356825984251966
20
-4.0451466141732286
11
5.6339583070866137
21
-4.0439944488188972
0
LINE
8
BLACK
6
CONTINUOUS
10
5.6339583070866137
20
-4.0439944488188972
11
5.6328061417322832
21
-4.0422701574803153
0
LINE
8
BLACK
6
CONTINUOUS
10
5.6328061417322832
20
-4.0422701574803153
11
5.6324015748031497
21
-4.0402362204724405
0
LINE
8
BLACK
6
CONTINUOUS
10
5.6324015748031497
20
-4.0402362204724405
11
5.6324015748031497
21
-4.0296062992125981
0
LINE
8
BLACK
6
CONTINUOUS
10
5.6324015748031497
20
-4.0296062992125981
11
5.6328061417322832
21
-4.0275723622047241
0
LINE
8
BLACK
6
CONTINUOUS
10
5.6328061417322832
20
-4.0275723622047241
11
5.6339583070866137
21
-4.0258480708661413
0
LINE
8
BLACK
6
CONTINUOUS
10
5.6339583070866137
20
-4.0258480708661413
11
5.6356825984251966
21
-4.0246959055118108
0
LINE
8
BLACK
6
CONTINUOUS
10
5.6356825984251966
20
-4.0246959055118108
11
5.6377165354330705
21
-4.0242913385826773
0
LINE
8
BLACK
6
CONTINUOUS
10
5.6377165354330705
20
-4.0242913385826773
11
5.6522834645669287
21
-4.0242913385826773
0
LINE
8
BLACK
6
CONTINUOUS
10
5.6522834645669287
20
-4.0242913385826773
11
5.6543174015748034
21
-4.0246959055118108
0
LINE
8
BLACK
6
CONTINUOUS
10
5.4643174015748031
20
-4.009853385826772
11
5.4660416929133859
21
-4.0110055511811025
0
LINE
8
BLACK
6
CONTINUOUS
10
5.4660416929133859
20
-4.0110055511811025
11
5.4671938582677164
21
-4.0127298425196853
0
LINE
8
BLACK
6
CONTINUOUS
10
5.4671938582677164
20
-4.0127298425196853
11
5.4675984251968499
21
-4.0147637795275593
0
LINE
8
BLACK
6
CONTINUOUS
10
5.4675984251968499
20
-4.0147637795275593
11
5.4675984251968499
21
-4.0253937007874017
0
LINE
8
BLACK
6
CONTINUOUS
10
5.4675984251968499
20
-4.0253937007874017
11
5.4671938582677164
21
-4.0274276377952756
0
LINE
8
BLACK
6
CONTINUOUS
10
5.4671938582677164
20
-4.0274276377952756
11
5.4660416929133859
21
-4.0291519291338584
0
LINE
8
BLACK
6
CONTINUOUS
10
5.4660416929133859
20
-4.0291519291338584
11
5.4643174015748031
21
-4.0303040944881889
0
LINE
8
BLACK
6
CONTINUOUS
10
5.4643174015748031
20
-4.0303040944881889
11
5.4622834645669291
21
-4.0307086614173224
0
LINE
8
BLACK
6
CONTINUOUS
10
5.4622834645669291
20
-4.0307086614173224
11
5.447716535433071
21
-4.0307086614173224
0
LINE
8
BLACK
6
CONTINUOUS
10
5.447716535433071
20
-4.0307086614173224
11
5.4456825984251971
21
-4.0303040944881889
0
LINE
8
BLACK
6
CONTINUOUS
10
5.4456825984251971
20
-4.0303040944881889
11
5.4439583070866142
21
-4.0291519291338584
0
LINE
8
BLACK
6
CONTINUOUS
10
5.4439583070866142
20
-4.0291519291338584
11
5.4428061417322837
21
-4.0274276377952756
0
LINE
8
BLACK
6
CONTINUOUS
10
5.4428061417322837
20
-4.0274276377952756
11
5.4424015748031493
21
-4.0253937007874017
0
LINE
8
BLACK
6
CONTINUOUS
10
5.4424015748031493
20
-4.0253937007874017
11
5.4424015748031493
21
-4.0147637795275593
0
LINE
8
BLACK
6
CONTINUOUS
10
5.4424015748031493
20
-4.0147637795275593
11
5.4428061417322837
21
-4.0127298425196853
0
LINE
8
BLACK
6
CONTINUOUS
10
5.4428061417322837
20
-4.0127298425196853
11
5.4439583070866142
21
-4.0110055511811025
0
LINE
8
BLACK
6
CONTINUOUS
10
5.4439583070866142
20
-4.0110055511811025
11
5.4456825984251971
21
-4.009853385826772
0
LINE
8
BLACK
6
CONTINUOUS
10
5.4456825984251971
20
-4.009853385826772
11
5.447716535433071
21
-4.0094488188976376
0
LINE
8
BLACK
6
CONTINUOUS
10
5.447716535433071
20
-4.0094488188976376
11
5.4622834645669291
21
-4.0094488188976376
0
LINE
8
BLACK
6
CONTINUOUS
10
5.4622834645669291
20
-4.0094488188976376
11
5.4643174015748031
21
-4.009853385826772
0
LINE
8
BLACK
6
CONTINUOUS
10
5.8169843700787398
20
-4.0071818110236217
11
5.8189002362204727
21
-4.0084619685039371
0
LINE
8
BLACK
6
CONTINUOUS
10
5.8189002362204727
20
-4.0084619685039371
11
5.8201803937007872
21
-4.0103778346456691
0
LINE
8
BLACK
6
CONTINUOUS
10
5.8201803937007872
20
-4.0103778346456691
11
5.820629921259842
21
-4.0126377952755901
0
LINE
8
BLACK
6
CONTINUOUS
10
5.820629921259842
20
-4.0126377952755901
11
5.820629921259842
21
-4.0244488188976373
0
LINE
8
BLACK
6
CONTINUOUS
10
5.820629921259842
20
-4.0244488188976373
11
5.8201803937007872
21
-4.0267087795275591
0
LINE
8
BLACK
6
CONTINUOUS
10
5.8201803937007872
20
-4.0267087795275591
11
5.8189002362204727
21
-4.0286246456692911
0
LINE
8
BLACK
6
CONTINUOUS
10
5.8189002362204727
20
-4.0286246456692911
11
5.8169843700787398
21
-4.0299048031496065
0
LINE
8
BLACK
6
CONTINUOUS
10
5.8169843700787398
20
-4.0299048031496065
11
5.8147244094488189
21
-4.0303543307086613
0
LINE
8
BLACK
6
CONTINUOUS
10
5.8147244094488189
20
-4.0303543307086613
11
5.7596062992125985
21
-4.0303543307086613
0
LINE
8
BLACK
6
CONTINUOUS
10
5.7596062992125985
20
-4.0303543307086613
11
5.7573463385826766
21
-4.0299048031496065
0
LINE
8
BLACK
6
CONTINUOUS
10
5.7573463385826766
20
-4.0299048031496065
11
5.7554304724409446
21
-4.0286246456692911
0
LINE
8
BLACK
6
CONTINUOUS
10
5.7554304724409446
20
-4.0286246456692911
11
5.7541503149606301
21
-4.0267087795275591
0
LINE
8
BLACK
6
CONTINUOUS
10
5.7541503149606301
20
-4.0267087795275591
11
5.7537007874015744
21
-4.0244488188976373
0
LINE
8
BLACK
6
CONTINUOUS
10
5.7537007874015744
20
-4.0244488188976373
11
5.7537007874015744
21
-4.0126377952755901
0
LINE
8
BLACK
6
CONTINUOUS
10
5.7537007874015744
20
-4.0126377952755901
11
5.7541503149606301
21
-4.0103778346456691
0
LINE
8
BLACK
6
CONTINUOUS
10
5.7541503149606301
20
-4.0103778346456691
11
5.7554304724409446
21
-4.0084619685039371
0
LINE
8
BLACK
6
CONTINUOUS
10
5.7554304724409446
20
-4.0084619685039371
11
5.7573463385826766
21
-4.0071818110236217
0
LINE
8
BLACK
6
CONTINUOUS
10
5.7573463385826766
20
-4.0071818110236217
11
5.7596062992125985
21
-4.0067322834645669
0
LINE
8
BLACK
6
CONTINUOUS
10
5.7596062992125985
20
-4.0067322834645669
11
5.8147244094488189
21
-4.0067322834645669
0
LINE
8
BLACK
6
CONTINUOUS
10
5.8147244094488189
20
-4.0067322834645669
11
5.8169843700787398
21
-4.0071818110236217
0
LINE
8
BLACK
6
CONTINUOUS
10
5.2137234645669288
20
-3.9882148425196848
11
5.2155116141732281
21
-3.9894096456692911
0
LINE
8
BLACK
6
CONTINUOUS
10
5.2155116141732281
20
-3.9894096456692911
11
5.2167064173228344
21
-3.9911977952755904
0
LINE
8
BLACK
6
CONTINUOUS
10
5.2167064173228344
20
-3.9911977952755904
11
5.2171259842519682
21
-3.9933070866141733
0
LINE
8
BLACK
6
CONTINUOUS
10
5.2171259842519682
20
-3.9933070866141733
11
5.2171259842519682
21
-4.0066929133858267
0
LINE
8
BLACK
6
CONTINUOUS
10
5.2171259842519682
20
-4.0066929133858267
11
5.2167064173228344
21
-4.0088022047244092
0
LINE
8
BLACK
6
CONTINUOUS
10
5.2167064173228344
20
-4.0088022047244092
11
5.2155116141732281
21
-4.0105903543307084
0
LINE
8
BLACK
6
CONTINUOUS
10
5.2155116141732281
20
-4.0105903543307084
11
5.2137234645669288
21
-4.0117851574803147
0
LINE
8
BLACK
6
CONTINUOUS
10
5.2137234645669288
20
-4.0117851574803147
11
5.2116141732283463
21
-4.0122047244094485
0
LINE
8
BLACK
6
CONTINUOUS
10
5.2116141732283463
20
-4.0122047244094485
11
5.2005905511811026
21
-4.0122047244094485
0
LINE
8
BLACK
6
CONTINUOUS
10
5.2005905511811026
20
-4.0122047244094485
11
5.1984812598425192
21
-4.0117851574803147
0
LINE
8
BLACK
6
CONTINUOUS
10
5.1984812598425192
20
-4.0117851574803147
11
5.1966931102362199
21
-4.0105903543307084
0
LINE
8
BLACK
6
CONTINUOUS
10
5.1966931102362199
20
-4.0105903543307084
11
5.1954983070866136
21
-4.0088022047244092
0
LINE
8
BLACK
6
CONTINUOUS
10
5.1954983070866136
20
-4.0088022047244092
11
5.1950787401574798
21
-4.0066929133858267
0
LINE
8
BLACK
6
CONTINUOUS
10
5.1950787401574798
20
-4.0066929133858267
11
5.1950787401574798
21
-3.9933070866141733
0
LINE
8
BLACK
6
CONTINUOUS
10
5.1950787401574798
20
-3.9933070866141733
11
5.1954983070866136
21
-3.9911977952755904
0
LINE
8
BLACK
6
CONTINUOUS
10
5.1954983070866136
20
-3.9911977952755904
11
5.1966931102362199
21
-3.9894096456692911
0
LINE
8
BLACK
6
CONTINUOUS
10
5.1966931102362199
20
-3.9894096456692911
11
5.1984812598425192
21
-3.9882148425196848
0
LINE
8
BLACK
6
CONTINUOUS
10
5.1984812598425192
20
-3.9882148425196848
11
5.2005905511811026
21
-3.987795275590551
0
LINE
8
BLACK
6
CONTINUOUS
10
5.2005905511811026
20
-3.987795275590551
11
5.2116141732283463
21
-3.987795275590551
0
LINE
8
BLACK
6
CONTINUOUS
10
5.2116141732283463
20
-3.987795275590551
11
5.2137234645669288
21
-3.9882148425196848
0
LINE
8
BLACK
6
CONTINUOUS
10
5.2515187401574801
20
-3.9882148425196848
11
5.2533068897637794
21
-3.9894096456692911
0
LINE
8
BLACK
6
CONTINUOUS
10
5.2533068897637794
20
-3.9894096456692911
11
5.2545016929133856
21
-3.9911977952755904
0
LINE
8
BLACK
6
CONTINUOUS
10
5.2545016929133856
20
-3.9911977952755904
11
5.2549212598425195
21
-3.9933070866141733
0
LINE
8
BLACK
6
CONTINUOUS
10
5.2549212598425195
20
-3.9933070866141733
11
5.2549212598425195
21
-4.0066929133858267
0
LINE
8
BLACK
6
CONTINUOUS
10
5.2549212598425195
20
-4.0066929133858267
11
5.2545016929133856
21
-4.0088022047244092
0
LINE
8
BLACK
6
CONTINUOUS
10
5.2545016929133856
20
-4.0088022047244092
11
5.2533068897637794
21
-4.0105903543307084
0
LINE
8
BLACK
6
CONTINUOUS
10
5.2533068897637794
20
-4.0105903543307084
11
5.2515187401574801
21
-4.0117851574803147
0
LINE
8
BLACK
6
CONTINUOUS
10
5.2515187401574801
20
-4.0117851574803147
11
5.2494094488188976
21
-4.0122047244094485
0
LINE
8
BLACK
6
CONTINUOUS
10
5.2494094488188976
20
-4.0122047244094485
11
5.238385826771653
21
-4.0122047244094485
0
LINE
8
BLACK
6
CONTINUOUS
10
5.238385826771653
20
-4.0122047244094485
11
5.2362765354330705
21
-4.0117851574803147
0
LINE
8
BLACK
6
CONTINUOUS
10
5.2362765354330705
20
-4.0117851574803147
11
5.2344883858267712
21
-4.0105903543307084
0
LINE
8
BLACK
6
CONTINUOUS
10
5.2344883858267712
20
-4.0105903543307084
11
5.2332935826771649
21
-4.0088022047244092
0
LINE
8
BLACK
6
CONTINUOUS
10
5.2332935826771649
20
-4.0088022047244092
11
5.2328740157480311
21
-4.0066929133858267
0
LINE
8
BLACK
6
CONTINUOUS
10
5.2328740157480311
20
-4.0066929133858267
11
5.2328740157480311
21
-3.9933070866141733
0
LINE
8
BLACK
6
CONTINUOUS
10
5.2328740157480311
20
-3.9933070866141733
11
5.2332935826771649
21
-3.9911977952755904
0
LINE
8
BLACK
6
CONTINUOUS
10
5.2332935826771649
20
-3.9911977952755904
11
5.2344883858267712
21
-3.9894096456692911
0
LINE
8
BLACK
6
CONTINUOUS
10
5.2344883858267712
20
-3.9894096456692911
11
5.2362765354330705
21
-3.9882148425196848
0
LINE
8
BLACK
6
CONTINUOUS
10
5.2362765354330705
20
-3.9882148425196848
11
5.238385826771653
21
-3.987795275590551
0
LINE
8
BLACK
6
CONTINUOUS
10
5.238385826771653
20
-3.987795275590551
11
5.2494094488188976
21
-3.987795275590551
0
LINE
8
BLACK
6
CONTINUOUS
10
5.2494094488188976
20
-3.987795275590551
11
5.2515187401574801
21
-3.9882148425196848
0
LINE
8
BLACK
6
CONTINUOUS
10
5.4188022047244093
20
-3.990498307086614
11
5.4205903543307086
21
-3.9916931102362203
0
LINE
8
BLACK
6
CONTINUOUS
10
5.4205903543307086
20
-3.9916931102362203
11
5.4217851574803149
21
-3.9934812598425196
0
LINE
8
BLACK
6
CONTINUOUS
10
5.4217851574803149
20
-3.9934812598425196
11
5.4222047244094487
21
-3.9955905511811021
0
LINE
8
BLACK
6
CONTINUOUS
10
5.4222047244094487
20
-3.9955905511811021
11
5.4222047244094487
21
-4.0066141732283462
0
LINE
8
BLACK
6
CONTINUOUS
10
5.4222047244094487
20
-4.0066141732283462
11
5.4217851574803149
21
-4.0087234645669287
0
LINE
8
BLACK
6
CONTINUOUS
10
5.4217851574803149
20
-4.0087234645669287
11
5.4205903543307086
21
-4.010511614173228
0
LINE
8
BLACK
6
CONTINUOUS
10
5.4205903543307086
20
-4.010511614173228
11
5.4188022047244093
21
-4.0117064173228343
0
LINE
8
BLACK
6
CONTINUOUS
10
5.4188022047244093
20
-4.0117064173228343
11
5.4166929133858268
21
-4.0121259842519681
0
LINE
8
BLACK
6
CONTINUOUS
10
5.4166929133858268
20
-4.0121259842519681
11
5.4033070866141735
21
-4.0121259842519681
0
LINE
8
BLACK
6
CONTINUOUS
10
5.4033070866141735
20
-4.0121259842519681
11
5.4011977952755901
21
-4.0117064173228343
0
LINE
8
BLACK
6
CONTINUOUS
10
5.4011977952755901
20
-4.0117064173228343
11
5.3994096456692908
21
-4.010511614173228
0
LINE
8
BLACK
6
CONTINUOUS
10
5.3994096456692908
20
-4.010511614173228
11
5.3982148425196845
21
-4.0087234645669287
0
LINE
8
BLACK
6
CONTINUOUS
10
5.3982148425196845
20
-4.0087234645669287
11
5.3977952755905507
21
-4.0066141732283462
0
LINE
8
BLACK
6
CONTINUOUS
10
5.3977952755905507
20
-4.0066141732283462
11
5.3977952755905507
21
-3.9955905511811021
0
LINE
8
BLACK
6
CONTINUOUS
10
5.3977952755905507
20
-3.9955905511811021
11
5.3982148425196845
21
-3.9934812598425196
0
LINE
8
BLACK
6
CONTINUOUS
10
5.3982148425196845
20
-3.9934812598425196
11
5.3994096456692908
21
-3.9916931102362203
0
LINE
8
BLACK
6
CONTINUOUS
10
5.3994096456692908
20
-3.9916931102362203
11
5.4011977952755901
21
-3.990498307086614
0
LINE
8
BLACK
6
CONTINUOUS
10
5.4011977952755901
20
-3.990498307086614
11
5.4033070866141735
21
-3.9900787401574802
0
LINE
8
BLACK
6
CONTINUOUS
10
5.4033070866141735
20
-3.9900787401574802
11
5.4166929133858268
21
-3.9900787401574802
0
LINE
8
BLACK
6
CONTINUOUS
10
5.4166929133858268
20
-3.9900787401574802
11
5.4188022047244093
21
-3.990498307086614
0
LINE
8
BLACK
6
CONTINUOUS
10
5.5420078740157477
20
-3.991259842519685
11
5.4987007874015745
21
-3.991259842519685
0
LINE
8
BLACK
6
CONTINUOUS
10
5.4987007874015745
20
-3.991259842519685
11
5.4987007874015745
21
-3.9755118110236221
0
LINE
8
BLACK
6
CONTINUOUS
10
5.4987007874015745
20
-3.9755118110236221
11
5.5420078740157477
21
-3.9755118110236221
0
LINE
8
BLACK
6
CONTINUOUS
10
5.5420078740157477
20
-3.9755118110236221
11
5.5420078740157477
21
-3.991259842519685
0
LINE
8
BLACK
6
CONTINUOUS
10
5.7112992125984254
20
-3.991259842519685
11
5.6679921259842523
21
-3.991259842519685
0
LINE
8
BLACK
6
CONTINUOUS
10
5.6679921259842523
20
-3.991259842519685
11
5.6679921259842523
21
-3.9755118110236221
0
LINE
8
BLACK
6
CONTINUOUS
10
5.6679921259842523
20
-3.9755118110236221
11
5.7112992125984254
21
-3.9755118110236221
0
LINE
8
BLACK
6
CONTINUOUS
10
5.7112992125984254
20
-3.9755118110236221
11
5.7112992125984254
21
-3.991259842519685
0
LINE
8
BLACK
6
CONTINUOUS
10
5.4643174015748031
20
-3.9696959055118111
11
5.4660416929133859
21
-3.9708480708661416
0
LINE
8
BLACK
6
CONTINUOUS
10
5.4660416929133859
20
-3.9708480708661416
11
5.4671938582677164
21
-3.9725723622047244
0
LINE
8
BLACK
6
CONTINUOUS
10
5.4671938582677164
20
-3.9725723622047244
11
5.4675984251968499
21
-3.9746062992125983
0
LINE
8
BLACK
6
CONTINUOUS
10
5.4675984251968499
20
-3.9746062992125983
11
5.4675984251968499
21
-3.9852362204724407
0
LINE
8
BLACK
6
CONTINUOUS
10
5.4675984251968499
20
-3.9852362204724407
11
5.4671938582677164
21
-3.9872701574803147
0
LINE
8
BLACK
6
CONTINUOUS
10
5.4671938582677164
20
-3.9872701574803147
11
5.4660416929133859
21
-3.9889944488188975
0
LINE
8
BLACK
6
CONTINUOUS
10
5.4660416929133859
20
-3.9889944488188975
11
5.4643174015748031
21
-3.9901466141732285
0
LINE
8
BLACK
6
CONTINUOUS
10
5.4643174015748031
20
-3.9901466141732285
11
5.4622834645669291
21
-3.990551181102362
0
LINE
8
BLACK
6
CONTINUOUS
10
5.4622834645669291
20
-3.990551181102362
11
5.447716535433071
21
-3.990551181102362
0
LINE
8
BLACK
6
CONTINUOUS
10
5.447716535433071
20
-3.990551181102362
11
5.4456825984251971
21
-3.9901466141732285
0
LINE
8
BLACK
6
CONTINUOUS
10
5.4456825984251971
20
-3.9901466141732285
11
5.4439583070866142
21
-3.9889944488188975
0
LINE
8
BLACK
6
CONTINUOUS
10
5.4439583070866142
20
-3.9889944488188975
11
5.4428061417322837
21
-3.9872701574803147
0
LINE
8
BLACK
6
CONTINUOUS
10
5.4428061417322837
20
-3.9872701574803147
11
5.4424015748031493
21
-3.9852362204724407
0
LINE
8
BLACK
6
CONTINUOUS
10
5.4424015748031493
20
-3.9852362204724407
11
5.4424015748031493
21
-3.9746062992125983
0
LINE
8
BLACK
6
CONTINUOUS
10
5.4424015748031493
20
-3.9746062992125983
11
5.4428061417322837
21
-3.9725723622047244
0
LINE
8
BLACK
6
CONTINUOUS
10
5.4428061417322837
20
-3.9725723622047244
11
5.4439583070866142
21
-3.9708480708661416
0
LINE
8
BLACK
6
CONTINUOUS
10
5.4439583070866142
20
-3.9708480708661416
11
5.4456825984251971
21
-3.9696959055118111
0
LINE
8
BLACK
6
CONTINUOUS
10
5.4456825984251971
20
-3.9696959055118111
11
5.447716535433071
21
-3.9692913385826771
0
LINE
8
BLACK
6
CONTINUOUS
10
5.447716535433071
20
-3.9692913385826771
11
5.4622834645669291
21
-3.9692913385826771
0
LINE
8
BLACK
6
CONTINUOUS
10
5.4622834645669291
20
-3.9692913385826771
11
5.4643174015748031
21
-3.9696959055118111
0
LINE
8
BLACK
6
CONTINUOUS
10
5.8169843700787398
20
-3.9579692125984249
11
5.8189002362204727
21
-3.9592493700787399
0
LINE
8
BLACK
6
CONTINUOUS
10
5.8189002362204727
20
-3.9592493700787399
11
5.8201803937007872
21
-3.9611652362204723
0
LINE
8
BLACK
6
CONTINUOUS
10
5.8201803937007872
20
-3.9611652362204723
11
5.820629921259842
21
-3.9634251968503937
0
LINE
8
BLACK
6
CONTINUOUS
10
5.820629921259842
20
-3.9634251968503937
11
5.820629921259842
21
-3.975236220472441
0
LINE
8
BLACK
6
CONTINUOUS
10
5.820629921259842
20
-3.975236220472441
11
5.8201803937007872
21
-3.9774961811023619
0
LINE
8
BLACK
6
CONTINUOUS
10
5.8201803937007872
20
-3.9774961811023619
11
5.8189002362204727
21
-3.9794120472440944
0
LINE
8
BLACK
6
CONTINUOUS
10
5.8189002362204727
20
-3.9794120472440944
11
5.8169843700787398
21
-3.9806922047244093
0
LINE
8
BLACK
6
CONTINUOUS
10
5.8169843700787398
20
-3.9806922047244093
11
5.8147244094488189
21
-3.9811417322834646
0
LINE
8
BLACK
6
CONTINUOUS
10
5.8147244094488189
20
-3.9811417322834646
11
5.7596062992125985
21
-3.9811417322834646
0
LINE
8
BLACK
6
CONTINUOUS
10
5.7596062992125985
20
-3.9811417322834646
11
5.7573463385826766
21
-3.9806922047244093
0
LINE
8
BLACK
6
CONTINUOUS
10
5.7573463385826766
20
-3.9806922047244093
11
5.7554304724409446
21
-3.9794120472440944
0
LINE
8
BLACK
6
CONTINUOUS
10
5.7554304724409446
20
-3.9794120472440944
11
5.7541503149606301
21
-3.9774961811023619
0
LINE
8
BLACK
6
CONTINUOUS
10
5.7541503149606301
20
-3.9774961811023619
11
5.7537007874015744
21
-3.975236220472441
0
LINE
8
BLACK
6
CONTINUOUS
10
5.7537007874015744
20
-3.975236220472441
11
5.7537007874015744
21
-3.9634251968503937
0
LINE
8
BLACK
6
CONTINUOUS
10
5.7537007874015744
20
-3.9634251968503937
11
5.7541503149606301
21
-3.9611652362204723
0
LINE
8
BLACK
6
CONTINUOUS
10
5.7541503149606301
20
-3.9611652362204723
11
5.7554304724409446
21
-3.9592493700787399
0
LINE
8
BLACK
6
CONTINUOUS
10
5.7554304724409446
20
-3.9592493700787399
11
5.7573463385826766
21
-3.9579692125984249
0
LINE
8
BLACK
6
CONTINUOUS
10
5.7573463385826766
20
-3.9579692125984249
11
5.7596062992125985
21
-3.9575196850393701
0
LINE
8
BLACK
6
CONTINUOUS
10
5.7596062992125985
20
-3.9575196850393701
11
5.8147244094488189
21
-3.9575196850393701
0
LINE
8
BLACK
6
CONTINUOUS
10
5.8147244094488189
20
-3.9575196850393701
11
5.8169843700787398
21
-3.9579692125984249
0
LINE
8
BLACK
6
CONTINUOUS
10
5.0380314960629917
20
-3.9703149606299211
11
4.9671653543307084
21
-3.9703149606299211
0
LINE
8
BLACK
6
CONTINUOUS
10
4.9671653543307084
20
-3.9703149606299211
11
4.9671653543307084
21
-3.9348818897637794
0
LINE
8
BLACK
6
CONTINUOUS
10
4.9671653543307084
20
-3.9348818897637794
11
5.0380314960629917
21
-3.9348818897637794
0
LINE
8
BLACK
6
CONTINUOUS
10
5.0380314960629917
20
-3.9348818897637794
11
5.0380314960629917
21
-3.9703149606299211
0
LINE
8
BLACK
6
CONTINUOUS
10
4.9061417322834648
20
-3.9683464566929132
11
4.8274015748031491
21
-3.9683464566929132
0
LINE
8
BLACK
6
CONTINUOUS
10
4.8274015748031491
20
-3.9683464566929132
11
4.8274015748031491
21
-3.9486614173228345
0
LINE
8
BLACK
6
CONTINUOUS
10
4.8274015748031491
20
-3.9486614173228345
11
4.9061417322834648
21
-3.9486614173228345
0
LINE
8
BLACK
6
CONTINUOUS
10
4.9061417322834648
20
-3.9486614173228345
11
4.9061417322834648
21
-3.9683464566929132
0
LINE
8
BLACK
6
CONTINUOUS
10
5.177795275590551
20
-3.9683464566929132
11
5.0990551181102362
21
-3.9683464566929132
0
LINE
8
BLACK
6
CONTINUOUS
10
5.0990551181102362
20
-3.9683464566929132
11
5.0990551181102362
21
-3.9486614173228345
0
LINE
8
BLACK
6
CONTINUOUS
10
5.0990551181102362
20
-3.9486614173228345
11
5.177795275590551
21
-3.9486614173228345
0
LINE
8
BLACK
6
CONTINUOUS
10
5.177795275590551
20
-3.9486614173228345
11
5.177795275590551
21
-3.9683464566929132
0
LINE
8
BLACK
6
CONTINUOUS
10
5.5420078740157477
20
-3.9656692913385827
11
5.4987007874015745
21
-3.9656692913385827
0
LINE
8
BLACK
6
CONTINUOUS
10
5.4987007874015745
20
-3.9656692913385827
11
5.4987007874015745
21
-3.9499212598425197
0
LINE
8
BLACK
6
CONTINUOUS
10
5.4987007874015745
20
-3.9499212598425197
11
5.5420078740157477
21
-3.9499212598425197
0
LINE
8
BLACK
6
CONTINUOUS
10
5.5420078740157477
20
-3.9499212598425197
11
5.5420078740157477
21
-3.9656692913385827
0
LINE
8
BLACK
6
CONTINUOUS
10
5.7112992125984254
20
-3.9656692913385827
11
5.6679921259842523
21
-3.9656692913385827
0
LINE
8
BLACK
6
CONTINUOUS
10
5.6679921259842523
20
-3.9656692913385827
11
5.6679921259842523
21
-3.9499212598425197
0
LINE
8
BLACK
6
CONTINUOUS
10
5.6679921259842523
20
-3.9499212598425197
11
5.7112992125984254
21
-3.9499212598425197
0
LINE
8
BLACK
6
CONTINUOUS
10
5.7112992125984254
20
-3.9499212598425197
11
5.7112992125984254
21
-3.9656692913385827
0
LINE
8
BLACK
6
CONTINUOUS
10
5.4643174015748031
20
-3.9248533858267716
11
5.4660416929133859
21
-3.9260055511811021
0
LINE
8
BLACK
6
CONTINUOUS
10
5.4660416929133859
20
-3.9260055511811021
11
5.4671938582677164
21
-3.9277298425196849
0
LINE
8
BLACK
6
CONTINUOUS
10
5.4671938582677164
20
-3.9277298425196849
11
5.4675984251968499
21
-3.9297637795275588
0
LINE
8
BLACK
6
CONTINUOUS
10
5.4675984251968499
20
-3.9297637795275588
11
5.4675984251968499
21
-3.9403937007874017
0
LINE
8
BLACK
6
CONTINUOUS
10
5.4675984251968499
20
-3.9403937007874017
11
5.4671938582677164
21
-3.9424276377952756
0
LINE
8
BLACK
6
CONTINUOUS
10
5.4671938582677164
20
-3.9424276377952756
11
5.4660416929133859
21
-3.944151929133858
0
LINE
8
BLACK
6
CONTINUOUS
10
5.4660416929133859
20
-3.944151929133858
11
5.4643174015748031
21
-3.945304094488189
0
LINE
8
BLACK
6
CONTINUOUS
10
5.4643174015748031
20
-3.945304094488189
11
5.4622834645669291
21
-3.9457086614173229
0
LINE
8
BLACK
6
CONTINUOUS
10
5.4622834645669291
20
-3.9457086614173229
11
5.447716535433071
21
-3.9457086614173229
0
LINE
8
BLACK
6
CONTINUOUS
10
5.447716535433071
20
-3.9457086614173229
11
5.4456825984251971
21
-3.945304094488189
0
LINE
8
BLACK
6
CONTINUOUS
10
5.4456825984251971
20
-3.945304094488189
11
5.4439583070866142
21
-3.944151929133858
0
LINE
8
BLACK
6
CONTINUOUS
10
5.4439583070866142
20
-3.944151929133858
11
5.4428061417322837
21
-3.9424276377952756
0
LINE
8
BLACK
6
CONTINUOUS
10
5.4428061417322837
20
-3.9424276377952756
11
5.4424015748031493
21
-3.9403937007874017
0
LINE
8
BLACK
6
CONTINUOUS
10
5.4424015748031493
20
-3.9403937007874017
11
5.4424015748031493
21
-3.9297637795275588
0
LINE
8
BLACK
6
CONTINUOUS
10
5.4424015748031493
20
-3.9297637795275588
11
5.4428061417322837
21
-3.9277298425196849
0
LINE
8
BLACK
6
CONTINUOUS
10
5.4428061417322837
20
-3.9277298425196849
11
5.4439583070866142
21
-3.9260055511811021
0
LINE
8
BLACK
6
CONTINUOUS
10
5.4439583070866142
20
-3.9260055511811021
11
5.4456825984251971
21
-3.9248533858267716
0
LINE
8
BLACK
6
CONTINUOUS
10
5.4456825984251971
20
-3.9248533858267716
11
5.447716535433071
21
-3.9244488188976376
0
LINE
8
BLACK
6
CONTINUOUS
10
5.447716535433071
20
-3.9244488188976376
11
5.4622834645669291
21
-3.9244488188976376
0
LINE
8
BLACK
6
CONTINUOUS
10
5.4622834645669291
20
-3.9244488188976376
11
5.4643174015748031
21
-3.9248533858267716
0
LINE
8
BLACK
6
CONTINUOUS
10
5.5420078740157477
20
-3.9400787401574804
11
5.4987007874015745
21
-3.9400787401574804
0
LINE
8
BLACK
6
CONTINUOUS
10
5.4987007874015745
20
-3.9400787401574804
11
5.4987007874015745
21
-3.9243307086614174
0
LINE
8
BLACK
6
CONTINUOUS
10
5.4987007874015745
20
-3.9243307086614174
11
5.5420078740157477
21
-3.9243307086614174
0
LINE
8
BLACK
6
CONTINUOUS
10
5.5420078740157477
20
-3.9243307086614174
11
5.5420078740157477
21
-3.9400787401574804
0
LINE
8
BLACK
6
CONTINUOUS
10
5.7112992125984254
20
-3.9400787401574804
11
5.6679921259842523
21
-3.9400787401574804
0
LINE
8
BLACK
6
CONTINUOUS
10
5.6679921259842523
20
-3.9400787401574804
11
5.6679921259842523
21
-3.9243307086614174
0
LINE
8
BLACK
6
CONTINUOUS
10
5.6679921259842523
20
-3.9243307086614174
11
5.7112992125984254
21
-3.9243307086614174
0
LINE
8
BLACK
6
CONTINUOUS
10
5.7112992125984254
20
-3.9243307086614174
11
5.7112992125984254
21
-3.9400787401574804
0
LINE
8
BLACK
6
CONTINUOUS
10
5.2733517322834649
20
-3.9133781889763779
11
5.2739903543307083
21
-3.9138049212598425
0
LINE
8
BLACK
6
CONTINUOUS
10
5.2739903543307083
20
-3.9138049212598425
11
5.2744170866141733
21
-3.9144435433070863
0
LINE
8
BLACK
6
CONTINUOUS
10
5.2744170866141733
20
-3.9144435433070863
11
5.2745669291338579
21
-3.9151968503937007
0
LINE
8
BLACK
6
CONTINUOUS
10
5.2745669291338579
20
-3.9151968503937007
11
5.2745669291338579
21
-3.9329133858267715
0
LINE
8
BLACK
6
CONTINUOUS
10
5.2745669291338579
20
-3.9329133858267715
11
5.2744170866141733
21
-3.9336666929133859
0
LINE
8
BLACK
6
CONTINUOUS
10
5.2744170866141733
20
-3.9336666929133859
11
5.2739903543307083
21
-3.9343053149606297
0
LINE
8
BLACK
6
CONTINUOUS
10
5.2739903543307083
20
-3.9343053149606297
11
5.2733517322834649
21
-3.9347320472440943
0
LINE
8
BLACK
6
CONTINUOUS
10
5.2733517322834649
20
-3.9347320472440943
11
5.2725984251968505
21
-3.9348818897637794
0
LINE
8
BLACK
6
CONTINUOUS
10
5.2725984251968505
20
-3.9348818897637794
11
5.2686614173228348
21
-3.9348818897637794
0
LINE
8
BLACK
6
CONTINUOUS
10
5.2686614173228348
20
-3.9348818897637794
11
5.2679081102362204
21
-3.9347320472440943
0
LINE
8
BLACK
6
CONTINUOUS
10
5.2679081102362204
20
-3.9347320472440943
11
5.2672694881889761
21
-3.9343053149606297
0
LINE
8
BLACK
6
CONTINUOUS
10
5.2672694881889761
20
-3.9343053149606297
11
5.266842755905512
21
-3.9336666929133859
0
LINE
8
BLACK
6
CONTINUOUS
10
5.266842755905512
20
-3.9336666929133859
11
5.2666929133858265
21
-3.9329133858267715
0
LINE
8
BLACK
6
CONTINUOUS
10
5.2666929133858265
20
-3.9329133858267715
11
5.2666929133858265
21
-3.9151968503937007
0
LINE
8
BLACK
6
CONTINUOUS
10
5.2666929133858265
20
-3.9151968503937007
11
5.266842755905512
21
-3.9144435433070863
0
LINE
8
BLACK
6
CONTINUOUS
10
5.266842755905512
20
-3.9144435433070863
11
5.2672694881889761
21
-3.9138049212598425
0
LINE
8
BLACK
6
CONTINUOUS
10
5.2672694881889761
20
-3.9138049212598425
11
5.2679081102362204
21
-3.9133781889763779
0
LINE
8
BLACK
6
CONTINUOUS
10
5.2679081102362204
20
-3.9133781889763779
11
5.2686614173228348
21
-3.9132283464566928
0
LINE
8
BLACK
6
CONTINUOUS
10
5.2686614173228348
20
-3.9132283464566928
11
5.2725984251968505
21
-3.9132283464566928
0
LINE
8
BLACK
6
CONTINUOUS
10
5.2725984251968505
20
-3.9132283464566928
11
5.2733517322834649
21
-3.9133781889763779
0
LINE
8
BLACK
6
CONTINUOUS
10
5.2890997637795278
20
-3.9133781889763779
11
5.2897383858267712
21
-3.9138049212598425
0
LINE
8
BLACK
6
CONTINUOUS
10
5.2897383858267712
20
-3.9138049212598425
11
5.2901651181102363
21
-3.9144435433070863
0
LINE
8
BLACK
6
CONTINUOUS
10
5.2901651181102363
20
-3.9144435433070863
11
5.2903149606299209
21
-3.9151968503937007
0
LINE
8
BLACK
6
CONTINUOUS
10
5.2903149606299209
20
-3.9151968503937007
11
5.2903149606299209
21
-3.9329133858267715
0
LINE
8
BLACK
6
CONTINUOUS
10
5.2903149606299209
20
-3.9329133858267715
11
5.2901651181102363
21
-3.9336666929133859
0
LINE
8
BLACK
6
CONTINUOUS
10
5.2901651181102363
20
-3.9336666929133859
11
5.2897383858267712
21
-3.9343053149606297
0
LINE
8
BLACK
6
CONTINUOUS
10
5.2897383858267712
20
-3.9343053149606297
11
5.2890997637795278
21
-3.9347320472440943
0
LINE
8
BLACK
6
CONTINUOUS
10
5.2890997637795278
20
-3.9347320472440943
11
5.2883464566929135
21
-3.9348818897637794
0
LINE
8
BLACK
6
CONTINUOUS
10
5.2883464566929135
20
-3.9348818897637794
11
5.2844094488188977
21
-3.9348818897637794
0
LINE
8
BLACK
6
CONTINUOUS
10
5.2844094488188977
20
-3.9348818897637794
11
5.2836561417322834
21
-3.9347320472440943
0
LINE
8
BLACK
6
CONTINUOUS
10
5.2836561417322834
20
-3.9347320472440943
11
5.2830175196850391
21
-3.9343053149606297
0
LINE
8
BLACK
6
CONTINUOUS
10
5.2830175196850391
20
-3.9343053149606297
11
5.2825907874015749
21
-3.9336666929133859
0
LINE
8
BLACK
6
CONTINUOUS
10
5.2825907874015749
20
-3.9336666929133859
11
5.2824409448818894
21
-3.9329133858267715
0
LINE
8
BLACK
6
CONTINUOUS
10
5.2824409448818894
20
-3.9329133858267715
11
5.2824409448818894
21
-3.9151968503937007
0
LINE
8
BLACK
6
CONTINUOUS
10
5.2824409448818894
20
-3.9151968503937007
11
5.2825907874015749
21
-3.9144435433070863
0
LINE
8
BLACK
6
CONTINUOUS
10
5.2825907874015749
20
-3.9144435433070863
11
5.2830175196850391
21
-3.9138049212598425
0
LINE
8
BLACK
6
CONTINUOUS
10
5.2830175196850391
20
-3.9138049212598425
11
5.2836561417322834
21
-3.9133781889763779
0
LINE
8
BLACK
6
CONTINUOUS
10
5.2836561417322834
20
-3.9133781889763779
11
5.2844094488188977
21
-3.9132283464566928
0
LINE
8
BLACK
6
CONTINUOUS
10
5.2844094488188977
20
-3.9132283464566928
11
5.2883464566929135
21
-3.9132283464566928
0
LINE
8
BLACK
6
CONTINUOUS
10
5.2883464566929135
20
-3.9132283464566928
11
5.2890997637795278
21
-3.9133781889763779
0
LINE
8
BLACK
6
CONTINUOUS
10
5.3048477952755908
20
-3.9133781889763779
11
5.3054864173228342
21
-3.9138049212598425
0
LINE
8
BLACK
6
CONTINUOUS
10
5.3054864173228342
20
-3.9138049212598425
11
5.3059131496062992
21
-3.9144435433070863
0
LINE
8
BLACK
6
CONTINUOUS
10
5.3059131496062992
20
-3.9144435433070863
11
5.3060629921259839
21
-3.9151968503937007
0
LINE
8
BLACK
6
CONTINUOUS
10
5.3060629921259839
20
-3.9151968503937007
11
5.3060629921259839
21
-3.9329133858267715
0
LINE
8
BLACK
6
CONTINUOUS
10
5.3060629921259839
20
-3.9329133858267715
11
5.3059131496062992
21
-3.9336666929133859
0
LINE
8
BLACK
6
CONTINUOUS
10
5.3059131496062992
20
-3.9336666929133859
11
5.3054864173228342
21
-3.9343053149606297
0
LINE
8
BLACK
6
CONTINUOUS
10
5.3054864173228342
20
-3.9343053149606297
11
5.3048477952755908
21
-3.9347320472440943
0
LINE
8
BLACK
6
CONTINUOUS
10
5.3048477952755908
20
-3.9347320472440943
11
5.3040944881889764
21
-3.9348818897637794
0
LINE
8
BLACK
6
CONTINUOUS
10
5.3040944881889764
20
-3.9348818897637794
11
5.3001574803149607
21
-3.9348818897637794
0
LINE
8
BLACK
6
CONTINUOUS
10
5.3001574803149607
20
-3.9348818897637794
11
5.2994041732283463
21
-3.9347320472440943
0
LINE
8
BLACK
6
CONTINUOUS
10
5.2994041732283463
20
-3.9347320472440943
11
5.298765551181102
21
-3.9343053149606297
0
LINE
8
BLACK
6
CONTINUOUS
10
5.298765551181102
20
-3.9343053149606297
11
5.2983388188976379
21
-3.9336666929133859
0
LINE
8
BLACK
6
CONTINUOUS
10
5.2983388188976379
20
-3.9336666929133859
11
5.2981889763779524
21
-3.9329133858267715
0
LINE
8
BLACK
6
CONTINUOUS
10
5.2981889763779524
20
-3.9329133858267715
11
5.2981889763779524
21
-3.9151968503937007
0
LINE
8
BLACK
6
CONTINUOUS
10
5.2981889763779524
20
-3.9151968503937007
11
5.2983388188976379
21
-3.9144435433070863
0
LINE
8
BLACK
6
CONTINUOUS
10
5.2983388188976379
20
-3.9144435433070863
11
5.298765551181102
21
-3.9138049212598425
0
LINE
8
BLACK
6
CONTINUOUS
10
5.298765551181102
20
-3.9138049212598425
11
5.2994041732283463
21
-3.9133781889763779
0
LINE
8
BLACK
6
CONTINUOUS
10
5.2994041732283463
20
-3.9133781889763779
11
5.3001574803149607
21
-3.9132283464566928
0
LINE
8
BLACK
6
CONTINUOUS
10
5.3001574803149607
20
-3.9132283464566928
11
5.3040944881889764
21
-3.9132283464566928
0
LINE
8
BLACK
6
CONTINUOUS
10
5.3040944881889764
20
-3.9132283464566928
11
5.3048477952755908
21
-3.9133781889763779
0
LINE
8
BLACK
6
CONTINUOUS
10
5.3205958267716538
20
-3.9133781889763779
11
5.3212344488188972
21
-3.9138049212598425
0
LINE
8
BLACK
6
CONTINUOUS
10
5.3212344488188972
20
-3.9138049212598425
11
5.3216611811023622
21
-3.9144435433070863
0
LINE
8
BLACK
6
CONTINUOUS
10
5.3216611811023622
20
-3.9144435433070863
11
5.3218110236220468
21
-3.9151968503937007
0
LINE
8
BLACK
6
CONTINUOUS
10
5.3218110236220468
20
-3.9151968503937007
11
5.3218110236220468
21
-3.9329133858267715
0
LINE
8
BLACK
6
CONTINUOUS
10
5.3218110236220468
20
-3.9329133858267715
11
5.3216611811023622
21
-3.9336666929133859
0
LINE
8
BLACK
6
CONTINUOUS
10
5.3216611811023622
20
-3.9336666929133859
11
5.3212344488188972
21
-3.9343053149606297
0
LINE
8
BLACK
6
CONTINUOUS
10
5.3212344488188972
20
-3.9343053149606297
11
5.3205958267716538
21
-3.9347320472440943
0
LINE
8
BLACK
6
CONTINUOUS
10
5.3205958267716538
20
-3.9347320472440943
11
5.3198425196850394
21
-3.9348818897637794
0
LINE
8
BLACK
6
CONTINUOUS
10
5.3198425196850394
20
-3.9348818897637794
11
5.3159055118110237
21
-3.9348818897637794
0
LINE
8
BLACK
6
CONTINUOUS
10
5.3159055118110237
20
-3.9348818897637794
11
5.3151522047244093
21
-3.9347320472440943
0
LINE
8
BLACK
6
CONTINUOUS
10
5.3151522047244093
20
-3.9347320472440943
11
5.314513582677165
21
-3.9343053149606297
0
LINE
8
BLACK
6
CONTINUOUS
10
5.314513582677165
20
-3.9343053149606297
11
5.3140868503937009
21
-3.9336666929133859
0
LINE
8
BLACK
6
CONTINUOUS
10
5.3140868503937009
20
-3.9336666929133859
11
5.3139370078740154
21
-3.9329133858267715
0
LINE
8
BLACK
6
CONTINUOUS
10
5.3139370078740154
20
-3.9329133858267715
11
5.3139370078740154
21
-3.9151968503937007
0
LINE
8
BLACK
6
CONTINUOUS
10
5.3139370078740154
20
-3.9151968503937007
11
5.3140868503937009
21
-3.9144435433070863
0
LINE
8
BLACK
6
CONTINUOUS
10
5.3140868503937009
20
-3.9144435433070863
11
5.314513582677165
21
-3.9138049212598425
0
LINE
8
BLACK
6
CONTINUOUS
10
5.314513582677165
20
-3.9138049212598425
11
5.3151522047244093
21
-3.9133781889763779
0
LINE
8
BLACK
6
CONTINUOUS
10
5.3151522047244093
20
-3.9133781889763779
11
5.3159055118110237
21
-3.9132283464566928
0
LINE
8
BLACK
6
CONTINUOUS
10
5.3159055118110237
20
-3.9132283464566928
11
5.3198425196850394
21
-3.9132283464566928
0
LINE
8
BLACK
6
CONTINUOUS
10
5.3198425196850394
20
-3.9132283464566928
11
5.3205958267716538
21
-3.9133781889763779
0
LINE
8
BLACK
6
CONTINUOUS
10
5.3363438582677167
20
-3.9133781889763779
11
5.3369824803149601
21
-3.9138049212598425
0
LINE
8
BLACK
6
CONTINUOUS
10
5.3369824803149601
20
-3.9138049212598425
11
5.3374092125984252
21
-3.9144435433070863
0
LINE
8
BLACK
6
CONTINUOUS
10
5.3374092125984252
20
-3.9144435433070863
11
5.3375590551181098
21
-3.9151968503937007
0
LINE
8
BLACK
6
CONTINUOUS
10
5.3375590551181098
20
-3.9151968503937007
11
5.3375590551181098
21
-3.9329133858267715
0
LINE
8
BLACK
6
CONTINUOUS
10
5.3375590551181098
20
-3.9329133858267715
11
5.3374092125984252
21
-3.9336666929133859
0
LINE
8
BLACK
6
CONTINUOUS
10
5.3374092125984252
20
-3.9336666929133859
11
5.3369824803149601
21
-3.9343053149606297
0
LINE
8
BLACK
6
CONTINUOUS
10
5.3369824803149601
20
-3.9343053149606297
11
5.3363438582677167
21
-3.9347320472440943
0
LINE
8
BLACK
6
CONTINUOUS
10
5.3363438582677167
20
-3.9347320472440943
11
5.3355905511811024
21
-3.9348818897637794
0
LINE
8
BLACK
6
CONTINUOUS
10
5.3355905511811024
20
-3.9348818897637794
11
5.3316535433070866
21
-3.9348818897637794
0
LINE
8
BLACK
6
CONTINUOUS
10
5.3316535433070866
20
-3.9348818897637794
11
5.3309002362204723
21
-3.9347320472440943
0
LINE
8
BLACK
6
CONTINUOUS
10
5.3309002362204723
20
-3.9347320472440943
11
5.330261614173228
21
-3.9343053149606297
0
LINE
8
BLACK
6
CONTINUOUS
10
5.330261614173228
20
-3.9343053149606297
11
5.3298348818897638
21
-3.9336666929133859
0
LINE
8
BLACK
6
CONTINUOUS
10
5.3298348818897638
20
-3.9336666929133859
11
5.3296850393700783
21
-3.9329133858267715
0
LINE
8
BLACK
6
CONTINUOUS
10
5.3296850393700783
20
-3.9329133858267715
11
5.3296850393700783
21
-3.9151968503937007
0
LINE
8
BLACK
6
CONTINUOUS
10
5.3296850393700783
20
-3.9151968503937007
11
5.3298348818897638
21
-3.9144435433070863
0
LINE
8
BLACK
6
CONTINUOUS
10
5.3298348818897638
20
-3.9144435433070863
11
5.330261614173228
21
-3.9138049212598425
0
LINE
8
BLACK
6
CONTINUOUS
10
5.330261614173228
20
-3.9138049212598425
11
5.3309002362204723
21
-3.9133781889763779
0
LINE
8
BLACK
6
CONTINUOUS
10
5.3309002362204723
20
-3.9133781889763779
11
5.3316535433070866
21
-3.9132283464566928
0
LINE
8
BLACK
6
CONTINUOUS
10
5.3316535433070866
20
-3.9132283464566928
11
5.3355905511811024
21
-3.9132283464566928
0
LINE
8
BLACK
6
CONTINUOUS
10
5.3355905511811024
20
-3.9132283464566928
11
5.3363438582677167
21
-3.9133781889763779
0
LINE
8
BLACK
6
CONTINUOUS
10
5.3520918897637797
20
-3.9133781889763779
11
5.3527305118110231
21
-3.9138049212598425
0
LINE
8
BLACK
6
CONTINUOUS
10
5.3527305118110231
20
-3.9138049212598425
11
5.3531572440944881
21
-3.9144435433070863
0
LINE
8
BLACK
6
CONTINUOUS
10
5.3531572440944881
20
-3.9144435433070863
11
5.3533070866141728
21
-3.9151968503937007
0
LINE
8
BLACK
6
CONTINUOUS
10
5.3533070866141728
20
-3.9151968503937007
11
5.3533070866141728
21
-3.9329133858267715
0
LINE
8
BLACK
6
CONTINUOUS
10
5.3533070866141728
20
-3.9329133858267715
11
5.3531572440944881
21
-3.9336666929133859
0
LINE
8
BLACK
6
CONTINUOUS
10
5.3531572440944881
20
-3.9336666929133859
11
5.3527305118110231
21
-3.9343053149606297
0
LINE
8
BLACK
6
CONTINUOUS
10
5.3527305118110231
20
-3.9343053149606297
11
5.3520918897637797
21
-3.9347320472440943
0
LINE
8
BLACK
6
CONTINUOUS
10
5.3520918897637797
20
-3.9347320472440943
11
5.3513385826771653
21
-3.9348818897637794
0
LINE
8
BLACK
6
CONTINUOUS
10
5.3513385826771653
20
-3.9348818897637794
11
5.3474015748031496
21
-3.9348818897637794
0
LINE
8
BLACK
6
CONTINUOUS
10
5.3474015748031496
20
-3.9348818897637794
11
5.3466482677165352
21
-3.9347320472440943
0
LINE
8
BLACK
6
CONTINUOUS
10
5.3466482677165352
20
-3.9347320472440943
11
5.3460096456692909
21
-3.9343053149606297
0
LINE
8
BLACK
6
CONTINUOUS
10
5.3460096456692909
20
-3.9343053149606297
11
5.3455829133858268
21
-3.9336666929133859
0
LINE
8
BLACK
6
CONTINUOUS
10
5.3455829133858268
20
-3.9336666929133859
11
5.3454330708661413
21
-3.9329133858267715
0
LINE
8
BLACK
6
CONTINUOUS
10
5.3454330708661413
20
-3.9329133858267715
11
5.3454330708661413
21
-3.9151968503937007
0
LINE
8
BLACK
6
CONTINUOUS
10
5.3454330708661413
20
-3.9151968503937007
11
5.3455829133858268
21
-3.9144435433070863
0
LINE
8
BLACK
6
CONTINUOUS
10
5.3455829133858268
20
-3.9144435433070863
11
5.3460096456692909
21
-3.9138049212598425
0
LINE
8
BLACK
6
CONTINUOUS
10
5.3460096456692909
20
-3.9138049212598425
11
5.3466482677165352
21
-3.9133781889763779
0
LINE
8
BLACK
6
CONTINUOUS
10
5.3466482677165352
20
-3.9133781889763779
11
5.3474015748031496
21
-3.9132283464566928
0
LINE
8
BLACK
6
CONTINUOUS
10
5.3474015748031496
20
-3.9132283464566928
11
5.3513385826771653
21
-3.9132283464566928
0
LINE
8
BLACK
6
CONTINUOUS
10
5.3513385826771653
20
-3.9132283464566928
11
5.3520918897637797
21
-3.9133781889763779
0
LINE
8
BLACK
6
CONTINUOUS
10
5.8169843700787398
20
-3.9087566141732282
11
5.8189002362204727
21
-3.9100367716535431
0
LINE
8
BLACK
6
CONTINUOUS
10
5.8189002362204727
20
-3.9100367716535431
11
5.8201803937007872
21
-3.9119526377952756
0
LINE
8
BLACK
6
CONTINUOUS
10
5.8201803937007872
20
-3.9119526377952756
11
5.820629921259842
21
-3.914212598425197
0
LINE
8
BLACK
6
CONTINUOUS
10
5.820629921259842
20
-3.914212598425197
11
5.820629921259842
21
-3.9260236220472442
0
LINE
8
BLACK
6
CONTINUOUS
10
5.820629921259842
20
-3.9260236220472442
11
5.8201803937007872
21
-3.9282835826771652
0
LINE
8
BLACK
6
CONTINUOUS
10
5.8201803937007872
20
-3.9282835826771652
11
5.8189002362204727
21
-3.9301994488188976
0
LINE
8
BLACK
6
CONTINUOUS
10
5.8189002362204727
20
-3.9301994488188976
11
5.8169843700787398
21
-3.9314796062992126
0
LINE
8
BLACK
6
CONTINUOUS
10
5.8169843700787398
20
-3.9314796062992126
11
5.8147244094488189
21
-3.9319291338582678
0
LINE
8
BLACK
6
CONTINUOUS
10
5.8147244094488189
20
-3.9319291338582678
11
5.7596062992125985
21
-3.9319291338582678
0
LINE
8
BLACK
6
CONTINUOUS
10
5.7596062992125985
20
-3.9319291338582678
11
5.7573463385826766
21
-3.9314796062992126
0
LINE
8
BLACK
6
CONTINUOUS
10
5.7573463385826766
20
-3.9314796062992126
11
5.7554304724409446
21
-3.9301994488188976
0
LINE
8
BLACK
6
CONTINUOUS
10
5.7554304724409446
20
-3.9301994488188976
11
5.7541503149606301
21
-3.9282835826771652
0
LINE
8
BLACK
6
CONTINUOUS
10
5.7541503149606301
20
-3.9282835826771652
11
5.7537007874015744
21
-3.9260236220472442
0
LINE
8
BLACK
6
CONTINUOUS
10
5.7537007874015744
20
-3.9260236220472442
11
5.7537007874015744
21
-3.914212598425197
0
LINE
8
BLACK
6
CONTINUOUS
10
5.7537007874015744
20
-3.914212598425197
11
5.7541503149606301
21
-3.9119526377952756
0
LINE
8
BLACK
6
CONTINUOUS
10
5.7541503149606301
20
-3.9119526377952756
11
5.7554304724409446
21
-3.9100367716535431
0
LINE
8
BLACK
6
CONTINUOUS
10
5.7554304724409446
20
-3.9100367716535431
11
5.7573463385826766
21
-3.9087566141732282
0
LINE
8
BLACK
6
CONTINUOUS
10
5.7573463385826766
20
-3.9087566141732282
11
5.7596062992125985
21
-3.9083070866141729
0
LINE
8
BLACK
6
CONTINUOUS
10
5.7596062992125985
20
-3.9083070866141729
11
5.8147244094488189
21
-3.9083070866141729
0
LINE
8
BLACK
6
CONTINUOUS
10
5.8147244094488189
20
-3.9083070866141729
11
5.8169843700787398
21
-3.9087566141732282
0
LINE
8
BLACK
6
CONTINUOUS
10
4.9061417322834648
20
-3.9289763779527558
11
4.8274015748031491
21
-3.9289763779527558
0
LINE
8
BLACK
6
CONTINUOUS
10
4.8274015748031491
20
-3.9289763779527558
11
4.8274015748031491
21
-3.9092913385826771
0
LINE
8
BLACK
6
CONTINUOUS
10
4.8274015748031491
20
-3.9092913385826771
11
4.9061417322834648
21
-3.9092913385826771
0
LINE
8
BLACK
6
CONTINUOUS
10
4.9061417322834648
20
-3.9092913385826771
11
4.9061417322834648
21
-3.9289763779527558
0
LINE
8
BLACK
6
CONTINUOUS
10
5.177795275590551
20
-3.9289763779527558
11
5.0990551181102362
21
-3.9289763779527558
0
LINE
8
BLACK
6
CONTINUOUS
10
5.0990551181102362
20
-3.9289763779527558
11
5.0990551181102362
21
-3.9092913385826771
0
LINE
8
BLACK
6
CONTINUOUS
10
5.0990551181102362
20
-3.9092913385826771
11
5.177795275590551
21
-3.9092913385826771
0
LINE
8
BLACK
6
CONTINUOUS
10
5.177795275590551
20
-3.9092913385826771
11
5.177795275590551
21
-3.9289763779527558
0
LINE
8
BLACK
6
CONTINUOUS
10
5.5420078740157477
20
-3.9144881889763781
11
5.4987007874015745
21
-3.9144881889763781
0
LINE
8
BLACK
6
CONTINUOUS
10
5.4987007874015745
20
-3.9144881889763781
11
5.4987007874015745
21
-3.8987401574803147
0
LINE
8
BLACK
6
CONTINUOUS
10
5.4987007874015745
20
-3.8987401574803147
11
5.5420078740157477
21
-3.8987401574803147
0
LINE
8
BLACK
6
CONTINUOUS
10
5.5420078740157477
20
-3.8987401574803147
11
5.5420078740157477
21
-3.9144881889763781
0
LINE
8
BLACK
6
CONTINUOUS
10
5.7112992125984254
20
-3.9144881889763781
11
5.6679921259842523
21
-3.9144881889763781
0
LINE
8
BLACK
6
CONTINUOUS
10
5.6679921259842523
20
-3.9144881889763781
11
5.6679921259842523
21
-3.8987401574803147
0
LINE
8
BLACK
6
CONTINUOUS
10
5.6679921259842523
20
-3.8987401574803147
11
5.7112992125984254
21
-3.8987401574803147
0
LINE
8
BLACK
6
CONTINUOUS
10
5.7112992125984254
20
-3.8987401574803147
11
5.7112992125984254
21
-3.9144881889763781
0
LINE
8
BLACK
6
CONTINUOUS
10
5.2605564566929131
20
-3.9005829133858265
11
5.2611950787401573
21
-3.9010096456692911
0
LINE
8
BLACK
6
CONTINUOUS
10
5.2611950787401573
20
-3.9010096456692911
11
5.2616218110236224
21
-3.9016482677165354
0
LINE
8
BLACK
6
CONTINUOUS
10
5.2616218110236224
20
-3.9016482677165354
11
5.261771653543307
21
-3.9024015748031493
0
LINE
8
BLACK
6
CONTINUOUS
10
5.261771653543307
20
-3.9024015748031493
11
5.261771653543307
21
-3.906338582677165
0
LINE
8
BLACK
6
CONTINUOUS
10
5.261771653543307
20
-3.906338582677165
11
5.2616218110236224
21
-3.9070918897637794
0
LINE
8
BLACK
6
CONTINUOUS
10
5.2616218110236224
20
-3.9070918897637794
11
5.2611950787401573
21
-3.9077305118110237
0
LINE
8
BLACK
6
CONTINUOUS
10
5.2611950787401573
20
-3.9077305118110237
11
5.2605564566929131
21
-3.9081572440944883
0
LINE
8
BLACK
6
CONTINUOUS
10
5.2605564566929131
20
-3.9081572440944883
11
5.2598031496062987
21
-3.9083070866141729
0
LINE
8
BLACK
6
CONTINUOUS
10
5.2598031496062987
20
-3.9083070866141729
11
5.2420866141732283
21
-3.9083070866141729
0
LINE
8
BLACK
6
CONTINUOUS
10
5.2420866141732283
20
-3.9083070866141729
11
5.2413333070866139
21
-3.9081572440944883
0
LINE
8
BLACK
6
CONTINUOUS
10
5.2413333070866139
20
-3.9081572440944883
11
5.2406946850393696
21
-3.9077305118110237
0
LINE
8
BLACK
6
CONTINUOUS
10
5.2406946850393696
20
-3.9077305118110237
11
5.2402679527559055
21
-3.9070918897637794
0
LINE
8
BLACK
6
CONTINUOUS
10
5.2402679527559055
20
-3.9070918897637794
11
5.24011811023622
21
-3.906338582677165
0
LINE
8
BLACK
6
CONTINUOUS
10
5.24011811023622
20
-3.906338582677165
11
5.24011811023622
21
-3.9024015748031493
0
LINE
8
BLACK
6
CONTINUOUS
10
5.24011811023622
20
-3.9024015748031493
11
5.2402679527559055
21
-3.9016482677165354
0
LINE
8
BLACK
6
CONTINUOUS
10
5.2402679527559055
20
-3.9016482677165354
11
5.2406946850393696
21
-3.9010096456692911
0
LINE
8
BLACK
6
CONTINUOUS
10
5.2406946850393696
20
-3.9010096456692911
11
5.2413333070866139
21
-3.9005829133858265
0
LINE
8
BLACK
6
CONTINUOUS
10
5.2413333070866139
20
-3.9005829133858265
11
5.2420866141732283
21
-3.9004330708661414
0
LINE
8
BLACK
6
CONTINUOUS
10
5.2420866141732283
20
-3.9004330708661414
11
5.2598031496062987
21
-3.9004330708661414
0
LINE
8
BLACK
6
CONTINUOUS
10
5.2598031496062987
20
-3.9004330708661414
11
5.2605564566929131
21
-3.9005829133858265
0
LINE
8
BLACK
6
CONTINUOUS
10
5.3786666929133853
20
-3.9005829133858265
11
5.3793053149606296
21
-3.9010096456692911
0
LINE
8
BLACK
6
CONTINUOUS
10
5.3793053149606296
20
-3.9010096456692911
11
5.3797320472440946
21
-3.9016482677165354
0
LINE
8
BLACK
6
CONTINUOUS
10
5.3797320472440946
20
-3.9016482677165354
11
5.3798818897637792
21
-3.9024015748031493
0
LINE
8
BLACK
6
CONTINUOUS
10
5.3798818897637792
20
-3.9024015748031493
11
5.3798818897637792
21
-3.906338582677165
0
LINE
8
BLACK
6
CONTINUOUS
10
5.3798818897637792
20
-3.906338582677165
11
5.3797320472440946
21
-3.9070918897637794
0
LINE
8
BLACK
6
CONTINUOUS
10
5.3797320472440946
20
-3.9070918897637794
11
5.3793053149606296
21
-3.9077305118110237
0
LINE
8
BLACK
6
CONTINUOUS
10
5.3793053149606296
20
-3.9077305118110237
11
5.3786666929133853
21
-3.9081572440944883
0
LINE
8
BLACK
6
CONTINUOUS
10
5.3786666929133853
20
-3.9081572440944883
11
5.3779133858267718
21
-3.9083070866141729
0
LINE
8
BLACK
6
CONTINUOUS
10
5.3779133858267718
20
-3.9083070866141729
11
5.3601968503937005
21
-3.9083070866141729
0
LINE
8
BLACK
6
CONTINUOUS
10
5.3601968503937005
20
-3.9083070866141729
11
5.3594435433070862
21
-3.9081572440944883
0
LINE
8
BLACK
6
CONTINUOUS
10
5.3594435433070862
20
-3.9081572440944883
11
5.3588049212598428
21
-3.9077305118110237
0
LINE
8
BLACK
6
CONTINUOUS
10
5.3588049212598428
20
-3.9077305118110237
11
5.3583781889763777
21
-3.9070918897637794
0
LINE
8
BLACK
6
CONTINUOUS
10
5.3583781889763777
20
-3.9070918897637794
11
5.3582283464566931
21
-3.906338582677165
0
LINE
8
BLACK
6
CONTINUOUS
10
5.3582283464566931
20
-3.906338582677165
11
5.3582283464566931
21
-3.9024015748031493
0
LINE
8
BLACK
6
CONTINUOUS
10
5.3582283464566931
20
-3.9024015748031493
11
5.3583781889763777
21
-3.9016482677165354
0
LINE
8
BLACK
6
CONTINUOUS
10
5.3583781889763777
20
-3.9016482677165354
11
5.3588049212598428
21
-3.9010096456692911
0
LINE
8
BLACK
6
CONTINUOUS
10
5.3588049212598428
20
-3.9010096456692911
11
5.3594435433070862
21
-3.9005829133858265
0
LINE
8
BLACK
6
CONTINUOUS
10
5.3594435433070862
20
-3.9005829133858265
11
5.3601968503937005
21
-3.9004330708661414
0
LINE
8
BLACK
6
CONTINUOUS
10
5.3601968503937005
20
-3.9004330708661414
11
5.3779133858267718
21
-3.9004330708661414
0
LINE
8
BLACK
6
CONTINUOUS
10
5.3779133858267718
20
-3.9004330708661414
11
5.3786666929133853
21
-3.9005829133858265
0
LINE
8
BLACK
6
CONTINUOUS
10
5.4643174015748031
20
-3.8846959055118111
11
5.4660416929133859
21
-3.8858480708661416
0
LINE
8
BLACK
6
CONTINUOUS
10
5.4660416929133859
20
-3.8858480708661416
11
5.4671938582677164
21
-3.8875723622047245
0
LINE
8
BLACK
6
CONTINUOUS
10
5.4671938582677164
20
-3.8875723622047245
11
5.4675984251968499
21
-3.8896062992125984
0
LINE
8
BLACK
6
CONTINUOUS
10
5.4675984251968499
20
-3.8896062992125984
11
5.4675984251968499
21
-3.9002362204724408
0
LINE
8
BLACK
6
CONTINUOUS
10
5.4675984251968499
20
-3.9002362204724408
11
5.4671938582677164
21
-3.9022701574803147
0
LINE
8
BLACK
6
CONTINUOUS
10
5.4671938582677164
20
-3.9022701574803147
11
5.4660416929133859
21
-3.9039944488188976
0
LINE
8
BLACK
6
CONTINUOUS
10
5.4660416929133859
20
-3.9039944488188976
11
5.4643174015748031
21
-3.9051466141732281
0
LINE
8
BLACK
6
CONTINUOUS
10
5.4643174015748031
20
-3.9051466141732281
11
5.4622834645669291
21
-3.905551181102362
0
LINE
8
BLACK
6
CONTINUOUS
10
5.4622834645669291
20
-3.905551181102362
11
5.447716535433071
21
-3.905551181102362
0
LINE
8
BLACK
6
CONTINUOUS
10
5.447716535433071
20
-3.905551181102362
11
5.4456825984251971
21
-3.9051466141732281
0
LINE
8
BLACK
6
CONTINUOUS
10
5.4456825984251971
20
-3.9051466141732281
11
5.4439583070866142
21
-3.9039944488188976
0
LINE
8
BLACK
6
CONTINUOUS
10
5.4439583070866142
20
-3.9039944488188976
11
5.4428061417322837
21
-3.9022701574803147
0
LINE
8
BLACK
6
CONTINUOUS
10
5.4428061417322837
20
-3.9022701574803147
11
5.4424015748031493
21
-3.9002362204724408
0
LINE
8
BLACK
6
CONTINUOUS
10
5.4424015748031493
20
-3.9002362204724408
11
5.4424015748031493
21
-3.8896062992125984
0
LINE
8
BLACK
6
CONTINUOUS
10
5.4424015748031493
20
-3.8896062992125984
11
5.4428061417322837
21
-3.8875723622047245
0
LINE
8
BLACK
6
CONTINUOUS
10
5.4428061417322837
20
-3.8875723622047245
11
5.4439583070866142
21
-3.8858480708661416
0
LINE
8
BLACK
6
CONTINUOUS
10
5.4439583070866142
20
-3.8858480708661416
11
5.4456825984251971
21
-3.8846959055118111
0
LINE
8
BLACK
6
CONTINUOUS
10
5.4456825984251971
20
-3.8846959055118111
11
5.447716535433071
21
-3.8842913385826772
0
LINE
8
BLACK
6
CONTINUOUS
10
5.447716535433071
20
-3.8842913385826772
11
5.4622834645669291
21
-3.8842913385826772
0
LINE
8
BLACK
6
CONTINUOUS
10
5.4622834645669291
20
-3.8842913385826772
11
5.4643174015748031
21
-3.8846959055118111
0
LINE
8
BLACK
6
CONTINUOUS
10
5.0380314960629917
20
-3.9033858267716535
11
4.9671653543307084
21
-3.9033858267716535
0
LINE
8
BLACK
6
CONTINUOUS
10
4.9671653543307084
20
-3.9033858267716535
11
4.9671653543307084
21
-3.8679527559055118
0
LINE
8
BLACK
6
CONTINUOUS
10
4.9671653543307084
20
-3.8679527559055118
11
5.0380314960629917
21
-3.8679527559055118
0
LINE
8
BLACK
6
CONTINUOUS
10
5.0380314960629917
20
-3.8679527559055118
11
5.0380314960629917
21
-3.9033858267716535
0
LINE
8
BLACK
6
CONTINUOUS
10
5.2605564566929131
20
-3.8848348818897636
11
5.2611950787401573
21
-3.8852616141732281
0
LINE
8
BLACK
6
CONTINUOUS
10
5.2611950787401573
20
-3.8852616141732281
11
5.2616218110236224
21
-3.8859002362204724
0
LINE
8
BLACK
6
CONTINUOUS
10
5.2616218110236224
20
-3.8859002362204724
11
5.261771653543307
21
-3.8866535433070863
0
LINE
8
BLACK
6
CONTINUOUS
10
5.261771653543307
20
-3.8866535433070863
11
5.261771653543307
21
-3.8905905511811021
0
LINE
8
BLACK
6
CONTINUOUS
10
5.261771653543307
20
-3.8905905511811021
11
5.2616218110236224
21
-3.8913438582677164
0
LINE
8
BLACK
6
CONTINUOUS
10
5.2616218110236224
20
-3.8913438582677164
11
5.2611950787401573
21
-3.8919824803149607
0
LINE
8
BLACK
6
CONTINUOUS
10
5.2611950787401573
20
-3.8919824803149607
11
5.2605564566929131
21
-3.8924092125984253
0
LINE
8
BLACK
6
CONTINUOUS
10
5.2605564566929131
20
-3.8924092125984253
11
5.2598031496062987
21
-3.89255905511811
0
LINE
8
BLACK
6
CONTINUOUS
10
5.2598031496062987
20
-3.89255905511811
11
5.2420866141732283
21
-3.89255905511811
0
LINE
8
BLACK
6
CONTINUOUS
10
5.2420866141732283
20
-3.89255905511811
11
5.2413333070866139
21
-3.8924092125984253
0
LINE
8
BLACK
6
CONTINUOUS
10
5.2413333070866139
20
-3.8924092125984253
11
5.2406946850393696
21
-3.8919824803149607
0
LINE
8
BLACK
6
CONTINUOUS
10
5.2406946850393696
20
-3.8919824803149607
11
5.2402679527559055
21
-3.8913438582677164
0
LINE
8
BLACK
6
CONTINUOUS
10
5.2402679527559055
20
-3.8913438582677164
11
5.24011811023622
21
-3.8905905511811021
0
LINE
8
BLACK
6
CONTINUOUS
10
5.24011811023622
20
-3.8905905511811021
11
5.24011811023622
21
-3.8866535433070863
0
LINE
8
BLACK
6
CONTINUOUS
10
5.24011811023622
20
-3.8866535433070863
11
5.2402679527559055
21
-3.8859002362204724
0
LINE
8
BLACK
6
CONTINUOUS
10
5.2402679527559055
20
-3.8859002362204724
11
5.2406946850393696
21
-3.8852616141732281
0
LINE
8
BLACK
6
CONTINUOUS
10
5.2406946850393696
20
-3.8852616141732281
11
5.2413333070866139
21
-3.8848348818897636
0
LINE
8
BLACK
6
CONTINUOUS
10
5.2413333070866139
20
-3.8848348818897636
11
5.2420866141732283
21
-3.8846850393700785
0
LINE
8
BLACK
6
CONTINUOUS
10
5.2420866141732283
20
-3.8846850393700785
11
5.2598031496062987
21
-3.8846850393700785
0
LINE
8
BLACK
6
CONTINUOUS
10
5.2598031496062987
20
-3.8846850393700785
11
5.2605564566929131
21
-3.8848348818897636
0
LINE
8
BLACK
6
CONTINUOUS
10
5.3786666929133853
20
-3.8848348818897636
11
5.3793053149606296
21
-3.8852616141732281
0
LINE
8
BLACK
6
CONTINUOUS
10
5.3793053149606296
20
-3.8852616141732281
11
5.3797320472440946
21
-3.8859002362204724
0
LINE
8
BLACK
6
CONTINUOUS
10
5.3797320472440946
20
-3.8859002362204724
11
5.3798818897637792
21
-3.8866535433070863
0
LINE
8
BLACK
6
CONTINUOUS
10
5.3798818897637792
20
-3.8866535433070863
11
5.3798818897637792
21
-3.8905905511811021
0
LINE
8
BLACK
6
CONTINUOUS
10
5.3798818897637792
20
-3.8905905511811021
11
5.3797320472440946
21
-3.8913438582677164
0
LINE
8
BLACK
6
CONTINUOUS
10
5.3797320472440946
20
-3.8913438582677164
11
5.3793053149606296
21
-3.8919824803149607
0
LINE
8
BLACK
6
CONTINUOUS
10
5.3793053149606296
20
-3.8919824803149607
11
5.3786666929133853
21
-3.8924092125984253
0
LINE
8
BLACK
6
CONTINUOUS
10
5.3786666929133853
20
-3.8924092125984253
11
5.3779133858267718
21
-3.89255905511811
0
LINE
8
BLACK
6
CONTINUOUS
10
5.3779133858267718
20
-3.89255905511811
11
5.3601968503937005
21
-3.89255905511811
0
LINE
8
BLACK
6
CONTINUOUS
10
5.3601968503937005
20
-3.89255905511811
11
5.3594435433070862
21
-3.8924092125984253
0
LINE
8
BLACK
6
CONTINUOUS
10
5.3594435433070862
20
-3.8924092125984253
11
5.3588049212598428
21
-3.8919824803149607
0
LINE
8
BLACK
6
CONTINUOUS
10
5.3588049212598428
20
-3.8919824803149607
11
5.3583781889763777
21
-3.8913438582677164
0
LINE
8
BLACK
6
CONTINUOUS
10
5.3583781889763777
20
-3.8913438582677164
11
5.3582283464566931
21
-3.8905905511811021
0
LINE
8
BLACK
6
CONTINUOUS
10
5.3582283464566931
20
-3.8905905511811021
11
5.3582283464566931
21
-3.8866535433070863
0
LINE
8
BLACK
6
CONTINUOUS
10
5.3582283464566931
20
-3.8866535433070863
11
5.3583781889763777
21
-3.8859002362204724
0
LINE
8
BLACK
6
CONTINUOUS
10
5.3583781889763777
20
-3.8859002362204724
11
5.3588049212598428
21
-3.8852616141732281
0
LINE
8
BLACK
6
CONTINUOUS
10
5.3588049212598428
20
-3.8852616141732281
11
5.3594435433070862
21
-3.8848348818897636
0
LINE
8
BLACK
6
CONTINUOUS
10
5.3594435433070862
20
-3.8848348818897636
11
5.3601968503937005
21
-3.8846850393700785
0
LINE
8
BLACK
6
CONTINUOUS
10
5.3601968503937005
20
-3.8846850393700785
11
5.3779133858267718
21
-3.8846850393700785
0
LINE
8
BLACK
6
CONTINUOUS
10
5.3779133858267718
20
-3.8846850393700785
11
5.3786666929133853
21
-3.8848348818897636
0
LINE
8
BLACK
6
CONTINUOUS
10
4.9061417322834648
20
-3.8896062992125984
11
4.8274015748031491
21
-3.8896062992125984
0
LINE
8
BLACK
6
CONTINUOUS
10
4.8274015748031491
20
-3.8896062992125984
11
4.8274015748031491
21
-3.8699212598425197
0
LINE
8
BLACK
6
CONTINUOUS
10
4.8274015748031491
20
-3.8699212598425197
11
4.9061417322834648
21
-3.8699212598425197
0
LINE
8
BLACK
6
CONTINUOUS
10
4.9061417322834648
20
-3.8699212598425197
11
4.9061417322834648
21
-3.8896062992125984
0
LINE
8
BLACK
6
CONTINUOUS
10
5.177795275590551
20
-3.8896062992125984
11
5.0990551181102362
21
-3.8896062992125984
0
LINE
8
BLACK
6
CONTINUOUS
10
5.0990551181102362
20
-3.8896062992125984
11
5.0990551181102362
21
-3.8699212598425197
0
LINE
8
BLACK
6
CONTINUOUS
10
5.0990551181102362
20
-3.8699212598425197
11
5.177795275590551
21
-3.8699212598425197
0
LINE
8
BLACK
6
CONTINUOUS
10
5.177795275590551
20
-3.8699212598425197
11
5.177795275590551
21
-3.8896062992125984
0
LINE
8
BLACK
6
CONTINUOUS
10
5.8169843700787398
20
-3.8595440157480314
11
5.8189002362204727
21
-3.8608241732283464
0
LINE
8
BLACK
6
CONTINUOUS
10
5.8189002362204727
20
-3.8608241732283464
11
5.8201803937007872
21
-3.8627400393700788
0
LINE
8
BLACK
6
CONTINUOUS
10
5.8201803937007872
20
-3.8627400393700788
11
5.820629921259842
21
-3.8649999999999998
0
LINE
8
BLACK
6
CONTINUOUS
10
5.820629921259842
20
-3.8649999999999998
11
5.820629921259842
21
-3.876811023622047
0
LINE
8
BLACK
6
CONTINUOUS
10
5.820629921259842
20
-3.876811023622047
11
5.8201803937007872
21
-3.8790709842519684
0
LINE
8
BLACK
6
CONTINUOUS
10
5.8201803937007872
20
-3.8790709842519684
11
5.8189002362204727
21
-3.8809868503937008
0
LINE
8
BLACK
6
CONTINUOUS
10
5.8189002362204727
20
-3.8809868503937008
11
5.8169843700787398
21
-3.8822670078740158
0
LINE
8
BLACK
6
CONTINUOUS
10
5.8169843700787398
20
-3.8822670078740158
11
5.8147244094488189
21
-3.8827165354330706
0
LINE
8
BLACK
6
CONTINUOUS
10
5.8147244094488189
20
-3.8827165354330706
11
5.7596062992125985
21
-3.8827165354330706
0
LINE
8
BLACK
6
CONTINUOUS
10
5.7596062992125985
20
-3.8827165354330706
11
5.7573463385826766
21
-3.8822670078740158
0
LINE
8
BLACK
6
CONTINUOUS
10
5.7573463385826766
20
-3.8822670078740158
11
5.7554304724409446
21
-3.8809868503937008
0
LINE
8
BLACK
6
CONTINUOUS
10
5.7554304724409446
20
-3.8809868503937008
11
5.7541503149606301
21
-3.8790709842519684
0
LINE
8
BLACK
6
CONTINUOUS
10
5.7541503149606301
20
-3.8790709842519684
11
5.7537007874015744
21
-3.876811023622047
0
LINE
8
BLACK
6
CONTINUOUS
10
5.7537007874015744
20
-3.876811023622047
11
5.7537007874015744
21
-3.8649999999999998
0
LINE
8
BLACK
6
CONTINUOUS
10
5.7537007874015744
20
-3.8649999999999998
11
5.7541503149606301
21
-3.8627400393700788
0
LINE
8
BLACK
6
CONTINUOUS
10
5.7541503149606301
20
-3.8627400393700788
11
5.7554304724409446
21
-3.8608241732283464
0
LINE
8
BLACK
6
CONTINUOUS
10
5.7554304724409446
20
-3.8608241732283464
11
5.7573463385826766
21
-3.8595440157480314
0
LINE
8
BLACK
6
CONTINUOUS
10
5.7573463385826766
20
-3.8595440157480314
11
5.7596062992125985
21
-3.8590944881889762
0
LINE
8
BLACK
6
CONTINUOUS
10
5.7596062992125985
20
-3.8590944881889762
11
5.8147244094488189
21
-3.8590944881889762
0
LINE
8
BLACK
6
CONTINUOUS
10
5.8147244094488189
20
-3.8590944881889762
11
5.8169843700787398
21
-3.8595440157480314
0
LINE
8
BLACK
6
CONTINUOUS
10
5.2605564566929131
20
-3.8690868503937006
11
5.2611950787401573
21
-3.8695135826771652
0
LINE
8
BLACK
6
CONTINUOUS
10
5.2611950787401573
20
-3.8695135826771652
11
5.2616218110236224
21
-3.8701522047244095
0
LINE
8
BLACK
6
CONTINUOUS
10
5.2616218110236224
20
-3.8701522047244095
11
5.261771653543307
21
-3.8709055118110234
0
LINE
8
BLACK
6
CONTINUOUS
10
5.261771653543307
20
-3.8709055118110234
11
5.261771653543307
21
-3.8748425196850391
0
LINE
8
BLACK
6
CONTINUOUS
10
5.261771653543307
20
-3.8748425196850391
11
5.2616218110236224
21
-3.8755958267716535
0
LINE
8
BLACK
6
CONTINUOUS
10
5.2616218110236224
20
-3.8755958267716535
11
5.2611950787401573
21
-3.8762344488188973
0
LINE
8
BLACK
6
CONTINUOUS
10
5.2611950787401573
20
-3.8762344488188973
11
5.2605564566929131
21
-3.8766611811023619
0
LINE
8
BLACK
6
CONTINUOUS
10
5.2605564566929131
20
-3.8766611811023619
11
5.2598031496062987
21
-3.876811023622047
0
LINE
8
BLACK
6
CONTINUOUS
10
5.2598031496062987
20
-3.876811023622047
11
5.2420866141732283
21
-3.876811023622047
0
LINE
8
BLACK
6
CONTINUOUS
10
5.2420866141732283
20
-3.876811023622047
11
5.2413333070866139
21
-3.8766611811023619
0
LINE
8
BLACK
6
CONTINUOUS
10
5.2413333070866139
20
-3.8766611811023619
11
5.2406946850393696
21
-3.8762344488188973
0
LINE
8
BLACK
6
CONTINUOUS
10
5.2406946850393696
20
-3.8762344488188973
11
5.2402679527559055
21
-3.8755958267716535
0
LINE
8
BLACK
6
CONTINUOUS
10
5.2402679527559055
20
-3.8755958267716535
11
5.24011811023622
21
-3.8748425196850391
0
LINE
8
BLACK
6
CONTINUOUS
10
5.24011811023622
20
-3.8748425196850391
11
5.24011811023622
21
-3.8709055118110234
0
LINE
8
BLACK
6
CONTINUOUS
10
5.24011811023622
20
-3.8709055118110234
11
5.2402679527559055
21
-3.8701522047244095
0
LINE
8
BLACK
6
CONTINUOUS
10
5.2402679527559055
20
-3.8701522047244095
11
5.2406946850393696
21
-3.8695135826771652
0
LINE
8
BLACK
6
CONTINUOUS
10
5.2406946850393696
20
-3.8695135826771652
11
5.2413333070866139
21
-3.8690868503937006
0
LINE
8
BLACK
6
CONTINUOUS
10
5.2413333070866139
20
-3.8690868503937006
11
5.2420866141732283
21
-3.8689370078740155
0
LINE
8
BLACK
6
CONTINUOUS
10
5.2420866141732283
20
-3.8689370078740155
11
5.2598031496062987
21
-3.8689370078740155
0
LINE
8
BLACK
6
CONTINUOUS
10
5.2598031496062987
20
-3.8689370078740155
11
5.2605564566929131
21
-3.8690868503937006
0
LINE
8
BLACK
6
CONTINUOUS
10
5.3786666929133853
20
-3.8690868503937006
11
5.3793053149606296
21
-3.8695135826771652
0
LINE
8
BLACK
6
CONTINUOUS
10
5.3793053149606296
20
-3.8695135826771652
11
5.3797320472440946
21
-3.8701522047244095
0
LINE
8
BLACK
6
CONTINUOUS
10
5.3797320472440946
20
-3.8701522047244095
11
5.3798818897637792
21
-3.8709055118110234
0
LINE
8
BLACK
6
CONTINUOUS
10
5.3798818897637792
20
-3.8709055118110234
11
5.3798818897637792
21
-3.8748425196850391
0
LINE
8
BLACK
6
CONTINUOUS
10
5.3798818897637792
20
-3.8748425196850391
11
5.3797320472440946
21
-3.8755958267716535
0
LINE
8
BLACK
6
CONTINUOUS
10
5.3797320472440946
20
-3.8755958267716535
11
5.3793053149606296
21
-3.8762344488188973
0
LINE
8
BLACK
6
CONTINUOUS
10
5.3793053149606296
20
-3.8762344488188973
11
5.3786666929133853
21
-3.8766611811023619
0
LINE
8
BLACK
6
CONTINUOUS
10
5.3786666929133853
20
-3.8766611811023619
11
5.3779133858267718
21
-3.876811023622047
0
LINE
8
BLACK
6
CONTINUOUS
10
5.3779133858267718
20
-3.876811023622047
11
5.3601968503937005
21
-3.876811023622047
0
LINE
8
BLACK
6
CONTINUOUS
10
5.3601968503937005
20
-3.876811023622047
11
5.3594435433070862
21
-3.8766611811023619
0
LINE
8
BLACK
6
CONTINUOUS
10
5.3594435433070862
20
-3.8766611811023619
11
5.3588049212598428
21
-3.8762344488188973
0
LINE
8
BLACK
6
CONTINUOUS
10
5.3588049212598428
20
-3.8762344488188973
11
5.3583781889763777
21
-3.8755958267716535
0
LINE
8
BLACK
6
CONTINUOUS
10
5.3583781889763777
20
-3.8755958267716535
11
5.3582283464566931
21
-3.8748425196850391
0
LINE
8
BLACK
6
CONTINUOUS
10
5.3582283464566931
20
-3.8748425196850391
11
5.3582283464566931
21
-3.8709055118110234
0
LINE
8
BLACK
6
CONTINUOUS
10
5.3582283464566931
20
-3.8709055118110234
11
5.3583781889763777
21
-3.8701522047244095
0
LINE
8
BLACK
6
CONTINUOUS
10
5.3583781889763777
20
-3.8701522047244095
11
5.3588049212598428
21
-3.8695135826771652
0
LINE
8
BLACK
6
CONTINUOUS
10
5.3588049212598428
20
-3.8695135826771652
11
5.3594435433070862
21
-3.8690868503937006
0
LINE
8
BLACK
6
CONTINUOUS
10
5.3594435433070862
20
-3.8690868503937006
11
5.3601968503937005
21
-3.8689370078740155
0
LINE
8
BLACK
6
CONTINUOUS
10
5.3601968503937005
20
-3.8689370078740155
11
5.3779133858267718
21
-3.8689370078740155
0
LINE
8
BLACK
6
CONTINUOUS
10
5.3779133858267718
20
-3.8689370078740155
11
5.3786666929133853
21
-3.8690868503937006
0
LINE
8
BLACK
6
CONTINUOUS
10
5.2605564566929131
20
-3.8533388188976376
11
5.2611950787401573
21
-3.8537655511811022
0
LINE
8
BLACK
6
CONTINUOUS
10
5.2611950787401573
20
-3.8537655511811022
11
5.2616218110236224
21
-3.8544041732283465
0
LINE
8
BLACK
6
CONTINUOUS
10
5.2616218110236224
20
-3.8544041732283465
11
5.261771653543307
21
-3.8551574803149604
0
LINE
8
BLACK
6
CONTINUOUS
10
5.261771653543307
20
-3.8551574803149604
11
5.261771653543307
21
-3.8590944881889762
0
LINE
8
BLACK
6
CONTINUOUS
10
5.261771653543307
20
-3.8590944881889762
11
5.2616218110236224
21
-3.8598477952755905
0
LINE
8
BLACK
6
CONTINUOUS
10
5.2616218110236224
20
-3.8598477952755905
11
5.2611950787401573
21
-3.8604864173228344
0
LINE
8
BLACK
6
CONTINUOUS
10
5.2611950787401573
20
-3.8604864173228344
11
5.2605564566929131
21
-3.8609131496062989
0
LINE
8
BLACK
6
CONTINUOUS
10
5.2605564566929131
20
-3.8609131496062989
11
5.2598031496062987
21
-3.861062992125984
0
LINE
8
BLACK
6
CONTINUOUS
10
5.2598031496062987
20
-3.861062992125984
11
5.2420866141732283
21
-3.861062992125984
0
LINE
8
BLACK
6
CONTINUOUS
10
5.2420866141732283
20
-3.861062992125984
11
5.2413333070866139
21
-3.8609131496062989
0
LINE
8
BLACK
6
CONTINUOUS
10
5.2413333070866139
20
-3.8609131496062989
11
5.2406946850393696
21
-3.8604864173228344
0
LINE
8
BLACK
6
CONTINUOUS
10
5.2406946850393696
20
-3.8604864173228344
11
5.2402679527559055
21
-3.8598477952755905
0
LINE
8
BLACK
6
CONTINUOUS
10
5.2402679527559055
20
-3.8598477952755905
11
5.24011811023622
21
-3.8590944881889762
0
LINE
8
BLACK
6
CONTINUOUS
10
5.24011811023622
20
-3.8590944881889762
11
5.24011811023622
21
-3.8551574803149604
0
LINE
8
BLACK
6
CONTINUOUS
10
5.24011811023622
20
-3.8551574803149604
11
5.2402679527559055
21
-3.8544041732283465
0
LINE
8
BLACK
6
CONTINUOUS
10
5.2402679527559055
20
-3.8544041732283465
11
5.2406946850393696
21
-3.8537655511811022
0
LINE
8
BLACK
6
CONTINUOUS
10
5.2406946850393696
20
-3.8537655511811022
11
5.2413333070866139
21
-3.8533388188976376
0
LINE
8
BLACK
6
CONTINUOUS
10
5.2413333070866139
20
-3.8533388188976376
11
5.2420866141732283
21
-3.8531889763779525
0
LINE
8
BLACK
6
CONTINUOUS
10
5.2420866141732283
20
-3.8531889763779525
11
5.2598031496062987
21
-3.8531889763779525
0
LINE
8
BLACK
6
CONTINUOUS
10
5.2598031496062987
20
-3.8531889763779525
11
5.2605564566929131
21
-3.8533388188976376
0
LINE
8
BLACK
6
CONTINUOUS
10
5.3786666929133853
20
-3.8533388188976376
11
5.3793053149606296
21
-3.8537655511811022
0
LINE
8
BLACK
6
CONTINUOUS
10
5.3793053149606296
20
-3.8537655511811022
11
5.3797320472440946
21
-3.8544041732283465
0
LINE
8
BLACK
6
CONTINUOUS
10
5.3797320472440946
20
-3.8544041732283465
11
5.3798818897637792
21
-3.8551574803149604
0
LINE
8
BLACK
6
CONTINUOUS
10
5.3798818897637792
20
-3.8551574803149604
11
5.3798818897637792
21
-3.8590944881889762
0
LINE
8
BLACK
6
CONTINUOUS
10
5.3798818897637792
20
-3.8590944881889762
11
5.3797320472440946
21
-3.8598477952755905
0
LINE
8
BLACK
6
CONTINUOUS
10
5.3797320472440946
20
-3.8598477952755905
11
5.3793053149606296
21
-3.8604864173228344
0
LINE
8
BLACK
6
CONTINUOUS
10
5.3793053149606296
20
-3.8604864173228344
11
5.3786666929133853
21
-3.8609131496062989
0
LINE
8
BLACK
6
CONTINUOUS
10
5.3786666929133853
20
-3.8609131496062989
11
5.3779133858267718
21
-3.861062992125984
0
LINE
8
BLACK
6
CONTINUOUS
10
5.3779133858267718
20
-3.861062992125984
11
5.3601968503937005
21
-3.861062992125984
0
LINE
8
BLACK
6
CONTINUOUS
10
5.3601968503937005
20
-3.861062992125984
11
5.3594435433070862
21
-3.8609131496062989
0
LINE
8
BLACK
6
CONTINUOUS
10
5.3594435433070862
20
-3.8609131496062989
11
5.3588049212598428
21
-3.8604864173228344
0
LINE
8
BLACK
6
CONTINUOUS
10
5.3588049212598428
20
-3.8604864173228344
11
5.3583781889763777
21
-3.8598477952755905
0
LINE
8
BLACK
6
CONTINUOUS
10
5.3583781889763777
20
-3.8598477952755905
11
5.3582283464566931
21
-3.8590944881889762
0
LINE
8
BLACK
6
CONTINUOUS
10
5.3582283464566931
20
-3.8590944881889762
11
5.3582283464566931
21
-3.8551574803149604
0
LINE
8
BLACK
6
CONTINUOUS
10
5.3582283464566931
20
-3.8551574803149604
11
5.3583781889763777
21
-3.8544041732283465
0
LINE
8
BLACK
6
CONTINUOUS
10
5.3583781889763777
20
-3.8544041732283465
11
5.3588049212598428
21
-3.8537655511811022
0
LINE
8
BLACK
6
CONTINUOUS
10
5.3588049212598428
20
-3.8537655511811022
11
5.3594435433070862
21
-3.8533388188976376
0
LINE
8
BLACK
6
CONTINUOUS
10
5.3594435433070862
20
-3.8533388188976376
11
5.3601968503937005
21
-3.8531889763779525
0
LINE
8
BLACK
6
CONTINUOUS
10
5.3601968503937005
20
-3.8531889763779525
11
5.3779133858267718
21
-3.8531889763779525
0
LINE
8
BLACK
6
CONTINUOUS
10
5.3779133858267718
20
-3.8531889763779525
11
5.3786666929133853
21
-3.8533388188976376
0
LINE
8
BLACK
6
CONTINUOUS
10
5.433802204724409
20
-3.8393959448818897
11
5.4355903543307083
21
-3.840590748031496
0
LINE
8
BLACK
6
CONTINUOUS
10
5.4355903543307083
20
-3.840590748031496
11
5.4367851574803145
21
-3.8423788976377953
0
LINE
8
BLACK
6
CONTINUOUS
10
5.4367851574803145
20
-3.8423788976377953
11
5.4372047244094484
21
-3.8444881889763778
0
LINE
8
BLACK
6
CONTINUOUS
10
5.4372047244094484
20
-3.8444881889763778
11
5.4372047244094484
21
-3.8555118110236219
0
LINE
8
BLACK
6
CONTINUOUS
10
5.4372047244094484
20
-3.8555118110236219
11
5.4367851574803145
21
-3.8576211023622045
0
LINE
8
BLACK
6
CONTINUOUS
10
5.4367851574803145
20
-3.8576211023622045
11
5.4355903543307083
21
-3.8594092519685037
0
LINE
8
BLACK
6
CONTINUOUS
10
5.4355903543307083
20
-3.8594092519685037
11
5.433802204724409
21
-3.86060405511811
0
LINE
8
BLACK
6
CONTINUOUS
10
5.433802204724409
20
-3.86060405511811
11
5.4316929133858265
21
-3.8610236220472438
0
LINE
8
BLACK
6
CONTINUOUS
10
5.4316929133858265
20
-3.8610236220472438
11
5.4183070866141732
21
-3.8610236220472438
0
LINE
8
BLACK
6
CONTINUOUS
10
5.4183070866141732
20
-3.8610236220472438
11
5.4161977952755906
21
-3.86060405511811
0
LINE
8
BLACK
6
CONTINUOUS
10
5.4161977952755906
20
-3.86060405511811
11
5.4144096456692914
21
-3.8594092519685037
0
LINE
8
BLACK
6
CONTINUOUS
10
5.4144096456692914
20
-3.8594092519685037
11
5.4132148425196851
21
-3.8576211023622045
0
LINE
8
BLACK
6
CONTINUOUS
10
5.4132148425196851
20
-3.8576211023622045
11
5.4127952755905513
21
-3.8555118110236219
0
LINE
8
BLACK
6
CONTINUOUS
10
5.4127952755905513
20
-3.8555118110236219
11
5.4127952755905513
21
-3.8444881889763778
0
LINE
8
BLACK
6
CONTINUOUS
10
5.4127952755905513
20
-3.8444881889763778
11
5.4132148425196851
21
-3.8423788976377953
0
LINE
8
BLACK
6
CONTINUOUS
10
5.4132148425196851
20
-3.8423788976377953
11
5.4144096456692914
21
-3.840590748031496
0
LINE
8
BLACK
6
CONTINUOUS
10
5.4144096456692914
20
-3.840590748031496
11
5.4161977952755906
21
-3.8393959448818897
0
LINE
8
BLACK
6
CONTINUOUS
10
5.4161977952755906
20
-3.8393959448818897
11
5.4183070866141732
21
-3.8389763779527559
0
LINE
8
BLACK
6
CONTINUOUS
10
5.4183070866141732
20
-3.8389763779527559
11
5.4316929133858265
21
-3.8389763779527559
0
LINE
8
BLACK
6
CONTINUOUS
10
5.4316929133858265
20
-3.8389763779527559
11
5.433802204724409
21
-3.8393959448818897
0
LINE
8
BLACK
6
CONTINUOUS
10
5.4872701574803147
20
-3.8328061417322834
11
5.4889944488188975
21
-3.8339583070866139
0
LINE
8
BLACK
6
CONTINUOUS
10
5.4889944488188975
20
-3.8339583070866139
11
5.490146614173228
21
-3.8356825984251968
0
LINE
8
BLACK
6
CONTINUOUS
10
5.490146614173228
20
-3.8356825984251968
11
5.4905511811023624
21
-3.8377165354330707
0
LINE
8
BLACK
6
CONTINUOUS
10
5.4905511811023624
20
-3.8377165354330707
11
5.4905511811023624
21
-3.8522834645669288
0
LINE
8
BLACK
6
CONTINUOUS
10
5.4905511811023624
20
-3.8522834645669288
11
5.490146614173228
21
-3.8543174015748032
0
LINE
8
BLACK
6
CONTINUOUS
10
5.490146614173228
20
-3.8543174015748032
11
5.4889944488188975
21
-3.8560416929133856
0
LINE
8
BLACK
6
CONTINUOUS
10
5.4889944488188975
20
-3.8560416929133856
11
5.4872701574803147
21
-3.8571938582677165
0
LINE
8
BLACK
6
CONTINUOUS
10
5.4872701574803147
20
-3.8571938582677165
11
5.4852362204724407
21
-3.8575984251968505
0
LINE
8
BLACK
6
CONTINUOUS
10
5.4852362204724407
20
-3.8575984251968505
11
5.4746062992125983
21
-3.8575984251968505
0
LINE
8
BLACK
6
CONTINUOUS
10
5.4746062992125983
20
-3.8575984251968505
11
5.4725723622047244
21
-3.8571938582677165
0
LINE
8
BLACK
6
CONTINUOUS
10
5.4725723622047244
20
-3.8571938582677165
11
5.4708480708661416
21
-3.8560416929133856
0
LINE
8
BLACK
6
CONTINUOUS
10
5.4708480708661416
20
-3.8560416929133856
11
5.4696959055118111
21
-3.8543174015748032
0
LINE
8
BLACK
6
CONTINUOUS
10
5.4696959055118111
20
-3.8543174015748032
11
5.4692913385826767
21
-3.8522834645669288
0
LINE
8
BLACK
6
CONTINUOUS
10
5.4692913385826767
20
-3.8522834645669288
11
5.4692913385826767
21
-3.8377165354330707
0
LINE
8
BLACK
6
CONTINUOUS
10
5.4692913385826767
20
-3.8377165354330707
11
5.4696959055118111
21
-3.8356825984251968
0
LINE
8
BLACK
6
CONTINUOUS
10
5.4696959055118111
20
-3.8356825984251968
11
5.4708480708661416
21
-3.8339583070866139
0
LINE
8
BLACK
6
CONTINUOUS
10
5.4708480708661416
20
-3.8339583070866139
11
5.4725723622047244
21
-3.8328061417322834
0
LINE
8
BLACK
6
CONTINUOUS
10
5.4725723622047244
20
-3.8328061417322834
11
5.4746062992125983
21
-3.8324015748031495
0
LINE
8
BLACK
6
CONTINUOUS
10
5.4746062992125983
20
-3.8324015748031495
11
5.4852362204724407
21
-3.8324015748031495
0
LINE
8
BLACK
6
CONTINUOUS
10
5.4852362204724407
20
-3.8324015748031495
11
5.4872701574803147
21
-3.8328061417322834
0
LINE
8
BLACK
6
CONTINUOUS
10
5.5274276377952756
20
-3.8328061417322834
11
5.5291519291338584
21
-3.8339583070866139
0
LINE
8
BLACK
6
CONTINUOUS
10
5.5291519291338584
20
-3.8339583070866139
11
5.5303040944881889
21
-3.8356825984251968
0
LINE
8
BLACK
6
CONTINUOUS
10
5.5303040944881889
20
-3.8356825984251968
11
5.5307086614173224
21
-3.8377165354330707
0
LINE
8
BLACK
6
CONTINUOUS
10
5.5307086614173224
20
-3.8377165354330707
11
5.5307086614173224
21
-3.8522834645669288
0
LINE
8
BLACK
6
CONTINUOUS
10
5.5307086614173224
20
-3.8522834645669288
11
5.5303040944881889
21
-3.8543174015748032
0
LINE
8
BLACK
6
CONTINUOUS
10
5.5303040944881889
20
-3.8543174015748032
11
5.5291519291338584
21
-3.8560416929133856
0
LINE
8
BLACK
6
CONTINUOUS
10
5.5291519291338584
20
-3.8560416929133856
11
5.5274276377952756
21
-3.8571938582677165
0
LINE
8
BLACK
6
CONTINUOUS
10
5.5274276377952756
20
-3.8571938582677165
11
5.5253937007874017
21
-3.8575984251968505
0
LINE
8
BLACK
6
CONTINUOUS
10
5.5253937007874017
20
-3.8575984251968505
11
5.5147637795275593
21
-3.8575984251968505
0
LINE
8
BLACK
6
CONTINUOUS
10
5.5147637795275593
20
-3.8575984251968505
11
5.5127298425196853
21
-3.8571938582677165
0
LINE
8
BLACK
6
CONTINUOUS
10
5.5127298425196853
20
-3.8571938582677165
11
5.5110055511811025
21
-3.8560416929133856
0
LINE
8
BLACK
6
CONTINUOUS
10
5.5110055511811025
20
-3.8560416929133856
11
5.5098533858267711
21
-3.8543174015748032
0
LINE
8
BLACK
6
CONTINUOUS
10
5.5098533858267711
20
-3.8543174015748032
11
5.5094488188976376
21
-3.8522834645669288
0
LINE
8
BLACK
6
CONTINUOUS
10
5.5094488188976376
20
-3.8522834645669288
11
5.5094488188976376
21
-3.8377165354330707
0
LINE
8
BLACK
6
CONTINUOUS
10
5.5094488188976376
20
-3.8377165354330707
11
5.5098533858267711
21
-3.8356825984251968
0
LINE
8
BLACK
6
CONTINUOUS
10
5.5098533858267711
20
-3.8356825984251968
11
5.5110055511811025
21
-3.8339583070866139
0
LINE
8
BLACK
6
CONTINUOUS
10
5.5110055511811025
20
-3.8339583070866139
11
5.5127298425196853
21
-3.8328061417322834
0
LINE
8
BLACK
6
CONTINUOUS
10
5.5127298425196853
20
-3.8328061417322834
11
5.5147637795275593
21
-3.8324015748031495
0
LINE
8
BLACK
6
CONTINUOUS
10
5.5147637795275593
20
-3.8324015748031495
11
5.5253937007874017
21
-3.8324015748031495
0
LINE
8
BLACK
6
CONTINUOUS
10
5.5253937007874017
20
-3.8324015748031495
11
5.5274276377952756
21
-3.8328061417322834
0
LINE
8
BLACK
6
CONTINUOUS
10
5.6072701574803148
20
-3.8328061417322834
11
5.6089944488188976
21
-3.8339583070866139
0
LINE
8
BLACK
6
CONTINUOUS
10
5.6089944488188976
20
-3.8339583070866139
11
5.6101466141732281
21
-3.8356825984251968
0
LINE
8
BLACK
6
CONTINUOUS
10
5.6101466141732281
20
-3.8356825984251968
11
5.6105511811023625
21
-3.8377165354330707
0
LINE
8
BLACK
6
CONTINUOUS
10
5.6105511811023625
20
-3.8377165354330707
11
5.6105511811023625
21
-3.8522834645669288
0
LINE
8
BLACK
6
CONTINUOUS
10
5.6105511811023625
20
-3.8522834645669288
11
5.6101466141732281
21
-3.8543174015748032
0
LINE
8
BLACK
6
CONTINUOUS
10
5.6101466141732281
20
-3.8543174015748032
11
5.6089944488188976
21
-3.8560416929133856
0
LINE
8
BLACK
6
CONTINUOUS
10
5.6089944488188976
20
-3.8560416929133856
11
5.6072701574803148
21
-3.8571938582677165
0
LINE
8
BLACK
6
CONTINUOUS
10
5.6072701574803148
20
-3.8571938582677165
11
5.6052362204724409
21
-3.8575984251968505
0
LINE
8
BLACK
6
CONTINUOUS
10
5.6052362204724409
20
-3.8575984251968505
11
5.5946062992125984
21
-3.8575984251968505
0
LINE
8
BLACK
6
CONTINUOUS
10
5.5946062992125984
20
-3.8575984251968505
11
5.5925723622047245
21
-3.8571938582677165
0
LINE
8
BLACK
6
CONTINUOUS
10
5.5925723622047245
20
-3.8571938582677165
11
5.5908480708661417
21
-3.8560416929133856
0
LINE
8
BLACK
6
CONTINUOUS
10
5.5908480708661417
20
-3.8560416929133856
11
5.5896959055118112
21
-3.8543174015748032
0
LINE
8
BLACK
6
CONTINUOUS
10
5.5896959055118112
20
-3.8543174015748032
11
5.5892913385826768
21
-3.8522834645669288
0
LINE
8
BLACK
6
CONTINUOUS
10
5.5892913385826768
20
-3.8522834645669288
11
5.5892913385826768
21
-3.8377165354330707
0
LINE
8
BLACK
6
CONTINUOUS
10
5.5892913385826768
20
-3.8377165354330707
11
5.5896959055118112
21
-3.8356825984251968
0
LINE
8
BLACK
6
CONTINUOUS
10
5.5896959055118112
20
-3.8356825984251968
11
5.5908480708661417
21
-3.8339583070866139
0
LINE
8
BLACK
6
CONTINUOUS
10
5.5908480708661417
20
-3.8339583070866139
11
5.5925723622047245
21
-3.8328061417322834
0
LINE
8
BLACK
6
CONTINUOUS
10
5.5925723622047245
20
-3.8328061417322834
11
5.5946062992125984
21
-3.8324015748031495
0
LINE
8
BLACK
6
CONTINUOUS
10
5.5946062992125984
20
-3.8324015748031495
11
5.6052362204724409
21
-3.8324015748031495
0
LINE
8
BLACK
6
CONTINUOUS
10
5.6052362204724409
20
-3.8324015748031495
11
5.6072701574803148
21
-3.8328061417322834
0
LINE
8
BLACK
6
CONTINUOUS
10
5.6474276377952757
20
-3.8328061417322834
11
5.6491519291338586
21
-3.8339583070866139
0
LINE
8
BLACK
6
CONTINUOUS
10
5.6491519291338586
20
-3.8339583070866139
11
5.650304094488189
21
-3.8356825984251968
0
LINE
8
BLACK
6
CONTINUOUS
10
5.650304094488189
20
-3.8356825984251968
11
5.6507086614173225
21
-3.8377165354330707
0
LINE
8
BLACK
6
CONTINUOUS
10
5.6507086614173225
20
-3.8377165354330707
11
5.6507086614173225
21
-3.8522834645669288
0
LINE
8
BLACK
6
CONTINUOUS
10
5.6507086614173225
20
-3.8522834645669288
11
5.650304094488189
21
-3.8543174015748032
0
LINE
8
BLACK
6
CONTINUOUS
10
5.650304094488189
20
-3.8543174015748032
11
5.6491519291338586
21
-3.8560416929133856
0
LINE
8
BLACK
6
CONTINUOUS
10
5.6491519291338586
20
-3.8560416929133856
11
5.6474276377952757
21
-3.8571938582677165
0
LINE
8
BLACK
6
CONTINUOUS
10
5.6474276377952757
20
-3.8571938582677165
11
5.6453937007874018
21
-3.8575984251968505
0
LINE
8
BLACK
6
CONTINUOUS
10
5.6453937007874018
20
-3.8575984251968505
11
5.6347637795275594
21
-3.8575984251968505
0
LINE
8
BLACK
6
CONTINUOUS
10
5.6347637795275594
20
-3.8575984251968505
11
5.6327298425196846
21
-3.8571938582677165
0
LINE
8
BLACK
6
CONTINUOUS
10
5.6327298425196846
20
-3.8571938582677165
11
5.6310055511811026
21
-3.8560416929133856
0
LINE
8
BLACK
6
CONTINUOUS
10
5.6310055511811026
20
-3.8560416929133856
11
5.6298533858267712
21
-3.8543174015748032
0
LINE
8
BLACK
6
CONTINUOUS
10
5.6298533858267712
20
-3.8543174015748032
11
5.6294488188976377
21
-3.8522834645669288
0
LINE
8
BLACK
6
CONTINUOUS
10
5.6294488188976377
20
-3.8522834645669288
11
5.6294488188976377
21
-3.8377165354330707
0
LINE
8
BLACK
6
CONTINUOUS
10
5.6294488188976377
20
-3.8377165354330707
11
5.6298533858267712
21
-3.8356825984251968
0
LINE
8
BLACK
6
CONTINUOUS
10
5.6298533858267712
20
-3.8356825984251968
11
5.6310055511811026
21
-3.8339583070866139
0
LINE
8
BLACK
6
CONTINUOUS
10
5.6310055511811026
20
-3.8339583070866139
11
5.6327298425196846
21
-3.8328061417322834
0
LINE
8
BLACK
6
CONTINUOUS
10
5.6327298425196846
20
-3.8328061417322834
11
5.6347637795275594
21
-3.8324015748031495
0
LINE
8
BLACK
6
CONTINUOUS
10
5.6347637795275594
20
-3.8324015748031495
11
5.6453937007874018
21
-3.8324015748031495
0
LINE
8
BLACK
6
CONTINUOUS
10
5.6453937007874018
20
-3.8324015748031495
11
5.6474276377952757
21
-3.8328061417322834
0
LINE
8
BLACK
6
CONTINUOUS
10
4.933700787401575
20
-3.8522047244094488
11
4.9140157480314963
21
-3.8522047244094488
0
LINE
8
BLACK
6
CONTINUOUS
10
4.9140157480314963
20
-3.8522047244094488
11
4.9140157480314963
21
-3.7734645669291336
0
LINE
8
BLACK
6
CONTINUOUS
10
4.9140157480314963
20
-3.7734645669291336
11
4.933700787401575
21
-3.7734645669291336
0
LINE
8
BLACK
6
CONTINUOUS
10
4.933700787401575
20
-3.7734645669291336
11
4.933700787401575
21
-3.8522047244094488
0
LINE
8
BLACK
6
CONTINUOUS
10
4.9730708661417324
20
-3.8522047244094488
11
4.9533858267716537
21
-3.8522047244094488
0
LINE
8
BLACK
6
CONTINUOUS
10
4.9533858267716537
20
-3.8522047244094488
11
4.9533858267716537
21
-3.7734645669291336
0
LINE
8
BLACK
6
CONTINUOUS
10
4.9533858267716537
20
-3.7734645669291336
11
4.9730708661417324
21
-3.7734645669291336
0
LINE
8
BLACK
6
CONTINUOUS
10
4.9730708661417324
20
-3.7734645669291336
11
4.9730708661417324
21
-3.8522047244094488
0
LINE
8
BLACK
6
CONTINUOUS
10
5.0124409448818898
20
-3.8522047244094488
11
4.9927559055118111
21
-3.8522047244094488
0
LINE
8
BLACK
6
CONTINUOUS
10
4.9927559055118111
20
-3.8522047244094488
11
4.9927559055118111
21
-3.7734645669291336
0
LINE
8
BLACK
6
CONTINUOUS
10
4.9927559055118111
20
-3.7734645669291336
11
5.0124409448818898
21
-3.7734645669291336
0
LINE
8
BLACK
6
CONTINUOUS
10
5.0124409448818898
20
-3.7734645669291336
11
5.0124409448818898
21
-3.8522047244094488
0
LINE
8
BLACK
6
CONTINUOUS
10
5.0518110236220473
20
-3.8522047244094488
11
5.0321259842519686
21
-3.8522047244094488
0
LINE
8
BLACK
6
CONTINUOUS
10
5.0321259842519686
20
-3.8522047244094488
11
5.0321259842519686
21
-3.7734645669291336
0
LINE
8
BLACK
6
CONTINUOUS
10
5.0321259842519686
20
-3.7734645669291336
11
5.0518110236220473
21
-3.7734645669291336
0
LINE
8
BLACK
6
CONTINUOUS
10
5.0518110236220473
20
-3.7734645669291336
11
5.0518110236220473
21
-3.8522047244094488
0
LINE
8
BLACK
6
CONTINUOUS
10
5.0911811023622047
20
-3.8522047244094488
11
5.071496062992126
21
-3.8522047244094488
0
LINE
8
BLACK
6
CONTINUOUS
10
5.071496062992126
20
-3.8522047244094488
11
5.071496062992126
21
-3.7734645669291336
0
LINE
8
BLACK
6
CONTINUOUS
10
5.071496062992126
20
-3.7734645669291336
11
5.0911811023622047
21
-3.7734645669291336
0
LINE
8
BLACK
6
CONTINUOUS
10
5.0911811023622047
20
-3.7734645669291336
11
5.0911811023622047
21
-3.8522047244094488
0
LINE
8
BLACK
6
CONTINUOUS
10
5.2605564566929131
20
-3.8375907874015747
11
5.2611950787401573
21
-3.8380175196850392
0
LINE
8
BLACK
6
CONTINUOUS
10
5.2611950787401573
20
-3.8380175196850392
11
5.2616218110236224
21
-3.8386561417322835
0
LINE
8
BLACK
6
CONTINUOUS
10
5.2616218110236224
20
-3.8386561417322835
11
5.261771653543307
21
-3.8394094488188975
0
LINE
8
BLACK
6
CONTINUOUS
10
5.261771653543307
20
-3.8394094488188975
11
5.261771653543307
21
-3.8433464566929132
0
LINE
8
BLACK
6
CONTINUOUS
10
5.261771653543307
20
-3.8433464566929132
11
5.2616218110236224
21
-3.8440997637795276
0
LINE
8
BLACK
6
CONTINUOUS
10
5.2616218110236224
20
-3.8440997637795276
11
5.2611950787401573
21
-3.8447383858267714
0
LINE
8
BLACK
6
CONTINUOUS
10
5.2611950787401573
20
-3.8447383858267714
11
5.2605564566929131
21
-3.845165118110236
0
LINE
8
BLACK
6
CONTINUOUS
10
5.2605564566929131
20
-3.845165118110236
11
5.2598031496062987
21
-3.8453149606299211
0
LINE
8
BLACK
6
CONTINUOUS
10
5.2598031496062987
20
-3.8453149606299211
11
5.2420866141732283
21
-3.8453149606299211
0
LINE
8
BLACK
6
CONTINUOUS
10
5.2420866141732283
20
-3.8453149606299211
11
5.2413333070866139
21
-3.845165118110236
0
LINE
8
BLACK
6
CONTINUOUS
10
5.2413333070866139
20
-3.845165118110236
11
5.2406946850393696
21
-3.8447383858267714
0
LINE
8
BLACK
6
CONTINUOUS
10
5.2406946850393696
20
-3.8447383858267714
11
5.2402679527559055
21
-3.8440997637795276
0
LINE
8
BLACK
6
CONTINUOUS
10
5.2402679527559055
20
-3.8440997637795276
11
5.24011811023622
21
-3.8433464566929132
0
LINE
8
BLACK
6
CONTINUOUS
10
5.24011811023622
20
-3.8433464566929132
11
5.24011811023622
21
-3.8394094488188975
0
LINE
8
BLACK
6
CONTINUOUS
10
5.24011811023622
20
-3.8394094488188975
11
5.2402679527559055
21
-3.8386561417322835
0
LINE
8
BLACK
6
CONTINUOUS
10
5.2402679527559055
20
-3.8386561417322835
11
5.2406946850393696
21
-3.8380175196850392
0
LINE
8
BLACK
6
CONTINUOUS
10
5.2406946850393696
20
-3.8380175196850392
11
5.2413333070866139
21
-3.8375907874015747
0
LINE
8
BLACK
6
CONTINUOUS
10
5.2413333070866139
20
-3.8375907874015747
11
5.2420866141732283
21
-3.8374409448818896
0
LINE
8
BLACK
6
CONTINUOUS
10
5.2420866141732283
20
-3.8374409448818896
11
5.2598031496062987
21
-3.8374409448818896
0
LINE
8
BLACK
6
CONTINUOUS
10
5.2598031496062987
20
-3.8374409448818896
11
5.2605564566929131
21
-3.8375907874015747
0
LINE
8
BLACK
6
CONTINUOUS
10
5.3786666929133853
20
-3.8375907874015747
11
5.3793053149606296
21
-3.8380175196850392
0
LINE
8
BLACK
6
CONTINUOUS
10
5.3793053149606296
20
-3.8380175196850392
11
5.3797320472440946
21
-3.8386561417322835
0
LINE
8
BLACK
6
CONTINUOUS
10
5.3797320472440946
20
-3.8386561417322835
11
5.3798818897637792
21
-3.8394094488188975
0
LINE
8
BLACK
6
CONTINUOUS
10
5.3798818897637792
20
-3.8394094488188975
11
5.3798818897637792
21
-3.8433464566929132
0
LINE
8
BLACK
6
CONTINUOUS
10
5.3798818897637792
20
-3.8433464566929132
11
5.3797320472440946
21
-3.8440997637795276
0
LINE
8
BLACK
6
CONTINUOUS
10
5.3797320472440946
20
-3.8440997637795276
11
5.3793053149606296
21
-3.8447383858267714
0
LINE
8
BLACK
6
CONTINUOUS
10
5.3793053149606296
20
-3.8447383858267714
11
5.3786666929133853
21
-3.845165118110236
0
LINE
8
BLACK
6
CONTINUOUS
10
5.3786666929133853
20
-3.845165118110236
11
5.3779133858267718
21
-3.8453149606299211
0
LINE
8
BLACK
6
CONTINUOUS
10
5.3779133858267718
20
-3.8453149606299211
11
5.3601968503937005
21
-3.8453149606299211
0
LINE
8
BLACK
6
CONTINUOUS
10
5.3601968503937005
20
-3.8453149606299211
11
5.3594435433070862
21
-3.845165118110236
0
LINE
8
BLACK
6
CONTINUOUS
10
5.3594435433070862
20
-3.845165118110236
11
5.3588049212598428
21
-3.8447383858267714
0
LINE
8
BLACK
6
CONTINUOUS
10
5.3588049212598428
20
-3.8447383858267714
11
5.3583781889763777
21
-3.8440997637795276
0
LINE
8
BLACK
6
CONTINUOUS
10
5.3583781889763777
20
-3.8440997637795276
11
5.3582283464566931
21
-3.8433464566929132
0
LINE
8
BLACK
6
CONTINUOUS
10
5.3582283464566931
20
-3.8433464566929132
11
5.3582283464566931
21
-3.8394094488188975
0
LINE
8
BLACK
6
CONTINUOUS
10
5.3582283464566931
20
-3.8394094488188975
11
5.3583781889763777
21
-3.8386561417322835
0
LINE
8
BLACK
6
CONTINUOUS
10
5.3583781889763777
20
-3.8386561417322835
11
5.3588049212598428
21
-3.8380175196850392
0
LINE
8
BLACK
6
CONTINUOUS
10
5.3588049212598428
20
-3.8380175196850392
11
5.3594435433070862
21
-3.8375907874015747
0
LINE
8
BLACK
6
CONTINUOUS
10
5.3594435433070862
20
-3.8375907874015747
11
5.3601968503937005
21
-3.8374409448818896
0
LINE
8
BLACK
6
CONTINUOUS
10
5.3601968503937005
20
-3.8374409448818896
11
5.3779133858267718
21
-3.8374409448818896
0
LINE
8
BLACK
6
CONTINUOUS
10
5.3779133858267718
20
-3.8374409448818896
11
5.3786666929133853
21
-3.8375907874015747
0
LINE
8
BLACK
6
CONTINUOUS
10
5.2605564566929131
20
-3.8218427559055117
11
5.2611950787401573
21
-3.8222694881889763
0
LINE
8
BLACK
6
CONTINUOUS
10
5.2611950787401573
20
-3.8222694881889763
11
5.2616218110236224
21
-3.8229081102362206
0
LINE
8
BLACK
6
CONTINUOUS
10
5.2616218110236224
20
-3.8229081102362206
11
5.261771653543307
21
-3.8236614173228345
0
LINE
8
BLACK
6
CONTINUOUS
10
5.261771653543307
20
-3.8236614173228345
11
5.261771653543307
21
-3.8275984251968502
0
LINE
8
BLACK
6
CONTINUOUS
10
5.261771653543307
20
-3.8275984251968502
11
5.2616218110236224
21
-3.8283517322834646
0
LINE
8
BLACK
6
CONTINUOUS
10
5.2616218110236224
20
-3.8283517322834646
11
5.2611950787401573
21
-3.8289903543307084
0
LINE
8
BLACK
6
CONTINUOUS
10
5.2611950787401573
20
-3.8289903543307084
11
5.2605564566929131
21
-3.829417086614173
0
LINE
8
BLACK
6
CONTINUOUS
10
5.2605564566929131
20
-3.829417086614173
11
5.2598031496062987
21
-3.8295669291338581
0
LINE
8
BLACK
6
CONTINUOUS
10
5.2598031496062987
20
-3.8295669291338581
11
5.2420866141732283
21
-3.8295669291338581
0
LINE
8
BLACK
6
CONTINUOUS
10
5.2420866141732283
20
-3.8295669291338581
11
5.2413333070866139
21
-3.829417086614173
0
LINE
8
BLACK
6
CONTINUOUS
10
5.2413333070866139
20
-3.829417086614173
11
5.2406946850393696
21
-3.8289903543307084
0
LINE
8
BLACK
6
CONTINUOUS
10
5.2406946850393696
20
-3.8289903543307084
11
5.2402679527559055
21
-3.8283517322834646
0
LINE
8
BLACK
6
CONTINUOUS
10
5.2402679527559055
20
-3.8283517322834646
11
5.24011811023622
21
-3.8275984251968502
0
LINE
8
BLACK
6
CONTINUOUS
10
5.24011811023622
20
-3.8275984251968502
11
5.24011811023622
21
-3.8236614173228345
0
LINE
8
BLACK
6
CONTINUOUS
10
5.24011811023622
20
-3.8236614173228345
11
5.2402679527559055
21
-3.8229081102362206
0
LINE
8
BLACK
6
CONTINUOUS
10
5.2402679527559055
20
-3.8229081102362206
11
5.2406946850393696
21
-3.8222694881889763
0
LINE
8
BLACK
6
CONTINUOUS
10
5.2406946850393696
20
-3.8222694881889763
11
5.2413333070866139
21
-3.8218427559055117
0
LINE
8
BLACK
6
CONTINUOUS
10
5.2413333070866139
20
-3.8218427559055117
11
5.2420866141732283
21
-3.8216929133858266
0
LINE
8
BLACK
6
CONTINUOUS
10
5.2420866141732283
20
-3.8216929133858266
11
5.2598031496062987
21
-3.8216929133858266
0
LINE
8
BLACK
6
CONTINUOUS
10
5.2598031496062987
20
-3.8216929133858266
11
5.2605564566929131
21
-3.8218427559055117
0
LINE
8
BLACK
6
CONTINUOUS
10
5.3786666929133853
20
-3.8218427559055117
11
5.3793053149606296
21
-3.8222694881889763
0
LINE
8
BLACK
6
CONTINUOUS
10
5.3793053149606296
20
-3.8222694881889763
11
5.3797320472440946
21
-3.8229081102362206
0
LINE
8
BLACK
6
CONTINUOUS
10
5.3797320472440946
20
-3.8229081102362206
11
5.3798818897637792
21
-3.8236614173228345
0
LINE
8
BLACK
6
CONTINUOUS
10
5.3798818897637792
20
-3.8236614173228345
11
5.3798818897637792
21
-3.8275984251968502
0
LINE
8
BLACK
6
CONTINUOUS
10
5.3798818897637792
20
-3.8275984251968502
11
5.3797320472440946
21
-3.8283517322834646
0
LINE
8
BLACK
6
CONTINUOUS
10
5.3797320472440946
20
-3.8283517322834646
11
5.3793053149606296
21
-3.8289903543307084
0
LINE
8
BLACK
6
CONTINUOUS
10
5.3793053149606296
20
-3.8289903543307084
11
5.3786666929133853
21
-3.829417086614173
0
LINE
8
BLACK
6
CONTINUOUS
10
5.3786666929133853
20
-3.829417086614173
11
5.3779133858267718
21
-3.8295669291338581
0
LINE
8
BLACK
6
CONTINUOUS
10
5.3779133858267718
20
-3.8295669291338581
11
5.3601968503937005
21
-3.8295669291338581
0
LINE
8
BLACK
6
CONTINUOUS
10
5.3601968503937005
20
-3.8295669291338581
11
5.3594435433070862
21
-3.829417086614173
0
LINE
8
BLACK
6
CONTINUOUS
10
5.3594435433070862
20
-3.829417086614173
11
5.3588049212598428
21
-3.8289903543307084
0
LINE
8
BLACK
6
CONTINUOUS
10
5.3588049212598428
20
-3.8289903543307084
11
5.3583781889763777
21
-3.8283517322834646
0
LINE
8
BLACK
6
CONTINUOUS
10
5.3583781889763777
20
-3.8283517322834646
11
5.3582283464566931
21
-3.8275984251968502
0
LINE
8
BLACK
6
CONTINUOUS
10
5.3582283464566931
20
-3.8275984251968502
11
5.3582283464566931
21
-3.8236614173228345
0
LINE
8
BLACK
6
CONTINUOUS
10
5.3582283464566931
20
-3.8236614173228345
11
5.3583781889763777
21
-3.8229081102362206
0
LINE
8
BLACK
6
CONTINUOUS
10
5.3583781889763777
20
-3.8229081102362206
11
5.3588049212598428
21
-3.8222694881889763
0
LINE
8
BLACK
6
CONTINUOUS
10
5.3588049212598428
20
-3.8222694881889763
11
5.3594435433070862
21
-3.8218427559055117
0
LINE
8
BLACK
6
CONTINUOUS
10
5.3594435433070862
20
-3.8218427559055117
11
5.3601968503937005
21
-3.8216929133858266
0
LINE
8
BLACK
6
CONTINUOUS
10
5.3601968503937005
20
-3.8216929133858266
11
5.3779133858267718
21
-3.8216929133858266
0
LINE
8
BLACK
6
CONTINUOUS
10
5.3779133858267718
20
-3.8216929133858266
11
5.3786666929133853
21
-3.8218427559055117
0
LINE
8
BLACK
6
CONTINUOUS
10
5.433802204724409
20
-3.8016006692913384
11
5.4355903543307083
21
-3.8027954724409447
0
LINE
8
BLACK
6
CONTINUOUS
10
5.4355903543307083
20
-3.8027954724409447
11
5.4367851574803145
21
-3.804583622047244
0
LINE
8
BLACK
6
CONTINUOUS
10
5.4367851574803145
20
-3.804583622047244
11
5.4372047244094484
21
-3.8066929133858265
0
LINE
8
BLACK
6
CONTINUOUS
10
5.4372047244094484
20
-3.8066929133858265
11
5.4372047244094484
21
-3.8177165354330707
0
LINE
8
BLACK
6
CONTINUOUS
10
5.4372047244094484
20
-3.8177165354330707
11
5.4367851574803145
21
-3.8198258267716536
0
LINE
8
BLACK
6
CONTINUOUS
10
5.4367851574803145
20
-3.8198258267716536
11
5.4355903543307083
21
-3.8216139763779529
0
LINE
8
BLACK
6
CONTINUOUS
10
5.4355903543307083
20
-3.8216139763779529
11
5.433802204724409
21
-3.8228087795275592
0
LINE
8
BLACK
6
CONTINUOUS
10
5.433802204724409
20
-3.8228087795275592
11
5.4316929133858265
21
-3.823228346456693
0
LINE
8
BLACK
6
CONTINUOUS
10
5.4316929133858265
20
-3.823228346456693
11
5.4183070866141732
21
-3.823228346456693
0
LINE
8
BLACK
6
CONTINUOUS
10
5.4183070866141732
20
-3.823228346456693
11
5.4161977952755906
21
-3.8228087795275592
0
LINE
8
BLACK
6
CONTINUOUS
10
5.4161977952755906
20
-3.8228087795275592
11
5.4144096456692914
21
-3.8216139763779529
0
LINE
8
BLACK
6
CONTINUOUS
10
5.4144096456692914
20
-3.8216139763779529
11
5.4132148425196851
21
-3.8198258267716536
0
LINE
8
BLACK
6
CONTINUOUS
10
5.4132148425196851
20
-3.8198258267716536
11
5.4127952755905513
21
-3.8177165354330707
0
LINE
8
BLACK
6
CONTINUOUS
10
5.4127952755905513
20
-3.8177165354330707
11
5.4127952755905513
21
-3.8066929133858265
0
LINE
8
BLACK
6
CONTINUOUS
10
5.4127952755905513
20
-3.8066929133858265
11
5.4132148425196851
21
-3.804583622047244
0
LINE
8
BLACK
6
CONTINUOUS
10
5.4132148425196851
20
-3.804583622047244
11
5.4144096456692914
21
-3.8027954724409447
0
LINE
8
BLACK
6
CONTINUOUS
10
5.4144096456692914
20
-3.8027954724409447
11
5.4161977952755906
21
-3.8016006692913384
0
LINE
8
BLACK
6
CONTINUOUS
10
5.4161977952755906
20
-3.8016006692913384
11
5.4183070866141732
21
-3.8011811023622046
0
LINE
8
BLACK
6
CONTINUOUS
10
5.4183070866141732
20
-3.8011811023622046
11
5.4316929133858265
21
-3.8011811023622046
0
LINE
8
BLACK
6
CONTINUOUS
10
5.4316929133858265
20
-3.8011811023622046
11
5.433802204724409
21
-3.8016006692913384
0
LINE
8
BLACK
6
CONTINUOUS
10
5.9602232677165352
20
-3.7791350393700784
11
5.9634164173228346
21
-3.7812686220472438
0
LINE
8
BLACK
6
CONTINUOUS
10
5.9634164173228346
20
-3.7812686220472438
11
5.9655499999999995
21
-3.7844617716535431
0
LINE
8
BLACK
6
CONTINUOUS
10
5.9655499999999995
20
-3.7844617716535431
11
5.9662992125984253
21
-3.7882283464566928
0
LINE
8
BLACK
6
CONTINUOUS
10
5.9662992125984253
20
-3.7882283464566928
11
5.9662992125984253
21
-3.8079133858267715
0
LINE
8
BLACK
6
CONTINUOUS
10
5.9662992125984253
20
-3.8079133858267715
11
5.9655499999999995
21
-3.8116799606299212
0
LINE
8
BLACK
6
CONTINUOUS
10
5.9655499999999995
20
-3.8116799606299212
11
5.9634164173228346
21
-3.8148731102362206
0
LINE
8
BLACK
6
CONTINUOUS
10
5.9634164173228346
20
-3.8148731102362206
11
5.9602232677165352
21
-3.8170066929133859
0
LINE
8
BLACK
6
CONTINUOUS
10
5.9602232677165352
20
-3.8170066929133859
11
5.9564566929133855
21
-3.8177559055118109
0
LINE
8
BLACK
6
CONTINUOUS
10
5.9564566929133855
20
-3.8177559055118109
11
5.8698425196850392
21
-3.8177559055118109
0
LINE
8
BLACK
6
CONTINUOUS
10
5.8698425196850392
20
-3.8177559055118109
11
5.8660759448818895
21
-3.8170066929133859
0
LINE
8
BLACK
6
CONTINUOUS
10
5.8660759448818895
20
-3.8170066929133859
11
5.8628827952755902
21
-3.8148731102362206
0
LINE
8
BLACK
6
CONTINUOUS
10
5.8628827952755902
20
-3.8148731102362206
11
5.8607492125984253
21
-3.8116799606299212
0
LINE
8
BLACK
6
CONTINUOUS
10
5.8607492125984253
20
-3.8116799606299212
11
5.8599999999999994
21
-3.8079133858267715
0
LINE
8
BLACK
6
CONTINUOUS
10
5.8599999999999994
20
-3.8079133858267715
11
5.8599999999999994
21
-3.7882283464566928
0
LINE
8
BLACK
6
CONTINUOUS
10
5.8599999999999994
20
-3.7882283464566928
11
5.8607492125984253
21
-3.7844617716535431
0
LINE
8
BLACK
6
CONTINUOUS
10
5.8607492125984253
20
-3.7844617716535431
11
5.8628827952755902
21
-3.7812686220472438
0
LINE
8
BLACK
6
CONTINUOUS
10
5.8628827952755902
20
-3.7812686220472438
11
5.8660759448818895
21
-3.7791350393700784
0
LINE
8
BLACK
6
CONTINUOUS
10
5.8660759448818895
20
-3.7791350393700784
11
5.8698425196850392
21
-3.7783858267716535
0
LINE
8
BLACK
6
CONTINUOUS
10
5.8698425196850392
20
-3.7783858267716535
11
5.9564566929133855
21
-3.7783858267716535
0
LINE
8
BLACK
6
CONTINUOUS
10
5.9564566929133855
20
-3.7783858267716535
11
5.9602232677165352
21
-3.7791350393700784
0
LINE
8
BLACK
6
CONTINUOUS
10
5.2733517322834649
20
-3.7952679527559052
11
5.2739903543307083
21
-3.7956946850393698
0
LINE
8
BLACK
6
CONTINUOUS
10
5.2739903543307083
20
-3.7956946850393698
11
5.2744170866141733
21
-3.7963333070866141
0
LINE
8
BLACK
6
CONTINUOUS
10
5.2744170866141733
20
-3.7963333070866141
11
5.2745669291338579
21
-3.7970866141732285
0
LINE
8
BLACK
6
CONTINUOUS
10
5.2745669291338579
20
-3.7970866141732285
11
5.2745669291338579
21
-3.8148031496062993
0
LINE
8
BLACK
6
CONTINUOUS
10
5.2745669291338579
20
-3.8148031496062993
11
5.2744170866141733
21
-3.8155564566929132
0
LINE
8
BLACK
6
CONTINUOUS
10
5.2744170866141733
20
-3.8155564566929132
11
5.2739903543307083
21
-3.8161950787401575
0
LINE
8
BLACK
6
CONTINUOUS
10
5.2739903543307083
20
-3.8161950787401575
11
5.2733517322834649
21
-3.8166218110236221
0
LINE
8
BLACK
6
CONTINUOUS
10
5.2733517322834649
20
-3.8166218110236221
11
5.2725984251968505
21
-3.8167716535433072
0
LINE
8
BLACK
6
CONTINUOUS
10
5.2725984251968505
20
-3.8167716535433072
11
5.2686614173228348
21
-3.8167716535433072
0
LINE
8
BLACK
6
CONTINUOUS
10
5.2686614173228348
20
-3.8167716535433072
11
5.2679081102362204
21
-3.8166218110236221
0
LINE
8
BLACK
6
CONTINUOUS
10
5.2679081102362204
20
-3.8166218110236221
11
5.2672694881889761
21
-3.8161950787401575
0
LINE
8
BLACK
6
CONTINUOUS
10
5.2672694881889761
20
-3.8161950787401575
11
5.266842755905512
21
-3.8155564566929132
0
LINE
8
BLACK
6
CONTINUOUS
10
5.266842755905512
20
-3.8155564566929132
11
5.2666929133858265
21
-3.8148031496062993
0
LINE
8
BLACK
6
CONTINUOUS
10
5.2666929133858265
20
-3.8148031496062993
11
5.2666929133858265
21
-3.7970866141732285
0
LINE
8
BLACK
6
CONTINUOUS
10
5.2666929133858265
20
-3.7970866141732285
11
5.266842755905512
21
-3.7963333070866141
0
LINE
8
BLACK
6
CONTINUOUS
10
5.266842755905512
20
-3.7963333070866141
11
5.2672694881889761
21
-3.7956946850393698
0
LINE
8
BLACK
6
CONTINUOUS
10
5.2672694881889761
20
-3.7956946850393698
11
5.2679081102362204
21
-3.7952679527559052
0
LINE
8
BLACK
6
CONTINUOUS
10
5.2679081102362204
20
-3.7952679527559052
11
5.2686614173228348
21
-3.7951181102362206
0
LINE
8
BLACK
6
CONTINUOUS
10
5.2686614173228348
20
-3.7951181102362206
11
5.2725984251968505
21
-3.7951181102362206
0
LINE
8
BLACK
6
CONTINUOUS
10
5.2725984251968505
20
-3.7951181102362206
11
5.2733517322834649
21
-3.7952679527559052
0
LINE
8
BLACK
6
CONTINUOUS
10
5.2890997637795278
20
-3.7952679527559052
11
5.2897383858267712
21
-3.7956946850393698
0
LINE
8
BLACK
6
CONTINUOUS
10
5.2897383858267712
20
-3.7956946850393698
11
5.2901651181102363
21
-3.7963333070866141
0
LINE
8
BLACK
6
CONTINUOUS
10
5.2901651181102363
20
-3.7963333070866141
11
5.2903149606299209
21
-3.7970866141732285
0
LINE
8
BLACK
6
CONTINUOUS
10
5.2903149606299209
20
-3.7970866141732285
11
5.2903149606299209
21
-3.8148031496062993
0
LINE
8
BLACK
6
CONTINUOUS
10
5.2903149606299209
20
-3.8148031496062993
11
5.2901651181102363
21
-3.8155564566929132
0
LINE
8
BLACK
6
CONTINUOUS
10
5.2901651181102363
20
-3.8155564566929132
11
5.2897383858267712
21
-3.8161950787401575
0
LINE
8
BLACK
6
CONTINUOUS
10
5.2897383858267712
20
-3.8161950787401575
11
5.2890997637795278
21
-3.8166218110236221
0
LINE
8
BLACK
6
CONTINUOUS
10
5.2890997637795278
20
-3.8166218110236221
11
5.2883464566929135
21
-3.8167716535433072
0
LINE
8
BLACK
6
CONTINUOUS
10
5.2883464566929135
20
-3.8167716535433072
11
5.2844094488188977
21
-3.8167716535433072
0
LINE
8
BLACK
6
CONTINUOUS
10
5.2844094488188977
20
-3.8167716535433072
11
5.2836561417322834
21
-3.8166218110236221
0
LINE
8
BLACK
6
CONTINUOUS
10
5.2836561417322834
20
-3.8166218110236221
11
5.2830175196850391
21
-3.8161950787401575
0
LINE
8
BLACK
6
CONTINUOUS
10
5.2830175196850391
20
-3.8161950787401575
11
5.2825907874015749
21
-3.8155564566929132
0
LINE
8
BLACK
6
CONTINUOUS
10
5.2825907874015749
20
-3.8155564566929132
11
5.2824409448818894
21
-3.8148031496062993
0
LINE
8
BLACK
6
CONTINUOUS
10
5.2824409448818894
20
-3.8148031496062993
11
5.2824409448818894
21
-3.7970866141732285
0
LINE
8
BLACK
6
CONTINUOUS
10
5.2824409448818894
20
-3.7970866141732285
11
5.2825907874015749
21
-3.7963333070866141
0
LINE
8
BLACK
6
CONTINUOUS
10
5.2825907874015749
20
-3.7963333070866141
11
5.2830175196850391
21
-3.7956946850393698
0
LINE
8
BLACK
6
CONTINUOUS
10
5.2830175196850391
20
-3.7956946850393698
11
5.2836561417322834
21
-3.7952679527559052
0
LINE
8
BLACK
6
CONTINUOUS
10
5.2836561417322834
20
-3.7952679527559052
11
5.2844094488188977
21
-3.7951181102362206
0
LINE
8
BLACK
6
CONTINUOUS
10
5.2844094488188977
20
-3.7951181102362206
11
5.2883464566929135
21
-3.7951181102362206
0
LINE
8
BLACK
6
CONTINUOUS
10
5.2883464566929135
20
-3.7951181102362206
11
5.2890997637795278
21
-3.7952679527559052
0
LINE
8
BLACK
6
CONTINUOUS
10
5.3048477952755908
20
-3.7952679527559052
11
5.3054864173228342
21
-3.7956946850393698
0
LINE
8
BLACK
6
CONTINUOUS
10
5.3054864173228342
20
-3.7956946850393698
11
5.3059131496062992
21
-3.7963333070866141
0
LINE
8
BLACK
6
CONTINUOUS
10
5.3059131496062992
20
-3.7963333070866141
11
5.3060629921259839
21
-3.7970866141732285
0
LINE
8
BLACK
6
CONTINUOUS
10
5.3060629921259839
20
-3.7970866141732285
11
5.3060629921259839
21
-3.8148031496062993
0
LINE
8
BLACK
6
CONTINUOUS
10
5.3060629921259839
20
-3.8148031496062993
11
5.3059131496062992
21
-3.8155564566929132
0
LINE
8
BLACK
6
CONTINUOUS
10
5.3059131496062992
20
-3.8155564566929132
11
5.3054864173228342
21
-3.8161950787401575
0
LINE
8
BLACK
6
CONTINUOUS
10
5.3054864173228342
20
-3.8161950787401575
11
5.3048477952755908
21
-3.8166218110236221
0
LINE
8
BLACK
6
CONTINUOUS
10
5.3048477952755908
20
-3.8166218110236221
11
5.3040944881889764
21
-3.8167716535433072
0
LINE
8
BLACK
6
CONTINUOUS
10
5.3040944881889764
20
-3.8167716535433072
11
5.3001574803149607
21
-3.8167716535433072
0
LINE
8
BLACK
6
CONTINUOUS
10
5.3001574803149607
20
-3.8167716535433072
11
5.2994041732283463
21
-3.8166218110236221
0
LINE
8
BLACK
6
CONTINUOUS
10
5.2994041732283463
20
-3.8166218110236221
11
5.298765551181102
21
-3.8161950787401575
0
LINE
8
BLACK
6
CONTINUOUS
10
5.298765551181102
20
-3.8161950787401575
11
5.2983388188976379
21
-3.8155564566929132
0
LINE
8
BLACK
6
CONTINUOUS
10
5.2983388188976379
20
-3.8155564566929132
11
5.2981889763779524
21
-3.8148031496062993
0
LINE
8
BLACK
6
CONTINUOUS
10
5.2981889763779524
20
-3.8148031496062993
11
5.2981889763779524
21
-3.7970866141732285
0
LINE
8
BLACK
6
CONTINUOUS
10
5.2981889763779524
20
-3.7970866141732285
11
5.2983388188976379
21
-3.7963333070866141
0
LINE
8
BLACK
6
CONTINUOUS
10
5.2983388188976379
20
-3.7963333070866141
11
5.298765551181102
21
-3.7956946850393698
0
LINE
8
BLACK
6
CONTINUOUS
10
5.298765551181102
20
-3.7956946850393698
11
5.2994041732283463
21
-3.7952679527559052
0
LINE
8
BLACK
6
CONTINUOUS
10
5.2994041732283463
20
-3.7952679527559052
11
5.3001574803149607
21
-3.7951181102362206
0
LINE
8
BLACK
6
CONTINUOUS
10
5.3001574803149607
20
-3.7951181102362206
11
5.3040944881889764
21
-3.7951181102362206
0
LINE
8
BLACK
6
CONTINUOUS
10
5.3040944881889764
20
-3.7951181102362206
11
5.3048477952755908
21
-3.7952679527559052
0
LINE
8
BLACK
6
CONTINUOUS
10
5.3205958267716538
20
-3.7952679527559052
11
5.3212344488188972
21
-3.7956946850393698
0
LINE
8
BLACK
6
CONTINUOUS
10
5.3212344488188972
20
-3.7956946850393698
11
5.3216611811023622
21
-3.7963333070866141
0
LINE
8
BLACK
6
CONTINUOUS
10
5.3216611811023622
20
-3.7963333070866141
11
5.3218110236220468
21
-3.7970866141732285
0
LINE
8
BLACK
6
CONTINUOUS
10
5.3218110236220468
20
-3.7970866141732285
11
5.3218110236220468
21
-3.8148031496062993
0
LINE
8
BLACK
6
CONTINUOUS
10
5.3218110236220468
20
-3.8148031496062993
11
5.3216611811023622
21
-3.8155564566929132
0
LINE
8
BLACK
6
CONTINUOUS
10
5.3216611811023622
20
-3.8155564566929132
11
5.3212344488188972
21
-3.8161950787401575
0
LINE
8
BLACK
6
CONTINUOUS
10
5.3212344488188972
20
-3.8161950787401575
11
5.3205958267716538
21
-3.8166218110236221
0
LINE
8
BLACK
6
CONTINUOUS
10
5.3205958267716538
20
-3.8166218110236221
11
5.3198425196850394
21
-3.8167716535433072
0
LINE
8
BLACK
6
CONTINUOUS
10
5.3198425196850394
20
-3.8167716535433072
11
5.3159055118110237
21
-3.8167716535433072
0
LINE
8
BLACK
6
CONTINUOUS
10
5.3159055118110237
20
-3.8167716535433072
11
5.3151522047244093
21
-3.8166218110236221
0
LINE
8
BLACK
6
CONTINUOUS
10
5.3151522047244093
20
-3.8166218110236221
11
5.314513582677165
21
-3.8161950787401575
0
LINE
8
BLACK
6
CONTINUOUS
10
5.314513582677165
20
-3.8161950787401575
11
5.3140868503937009
21
-3.8155564566929132
0
LINE
8
BLACK
6
CONTINUOUS
10
5.3140868503937009
20
-3.8155564566929132
11
5.3139370078740154
21
-3.8148031496062993
0
LINE
8
BLACK
6
CONTINUOUS
10
5.3139370078740154
20
-3.8148031496062993
11
5.3139370078740154
21
-3.7970866141732285
0
LINE
8
BLACK
6
CONTINUOUS
10
5.3139370078740154
20
-3.7970866141732285
11
5.3140868503937009
21
-3.7963333070866141
0
LINE
8
BLACK
6
CONTINUOUS
10
5.3140868503937009
20
-3.7963333070866141
11
5.314513582677165
21
-3.7956946850393698
0
LINE
8
BLACK
6
CONTINUOUS
10
5.314513582677165
20
-3.7956946850393698
11
5.3151522047244093
21
-3.7952679527559052
0
LINE
8
BLACK
6
CONTINUOUS
10
5.3151522047244093
20
-3.7952679527559052
11
5.3159055118110237
21
-3.7951181102362206
0
LINE
8
BLACK
6
CONTINUOUS
10
5.3159055118110237
20
-3.7951181102362206
11
5.3198425196850394
21
-3.7951181102362206
0
LINE
8
BLACK
6
CONTINUOUS
10
5.3198425196850394
20
-3.7951181102362206
11
5.3205958267716538
21
-3.7952679527559052
0
LINE
8
BLACK
6
CONTINUOUS
10
5.3363438582677167
20
-3.7952679527559052
11
5.3369824803149601
21
-3.7956946850393698
0
LINE
8
BLACK
6
CONTINUOUS
10
5.3369824803149601
20
-3.7956946850393698
11
5.3374092125984252
21
-3.7963333070866141
0
LINE
8
BLACK
6
CONTINUOUS
10
5.3374092125984252
20
-3.7963333070866141
11
5.3375590551181098
21
-3.7970866141732285
0
LINE
8
BLACK
6
CONTINUOUS
10
5.3375590551181098
20
-3.7970866141732285
11
5.3375590551181098
21
-3.8148031496062993
0
LINE
8
BLACK
6
CONTINUOUS
10
5.3375590551181098
20
-3.8148031496062993
11
5.3374092125984252
21
-3.8155564566929132
0
LINE
8
BLACK
6
CONTINUOUS
10
5.3374092125984252
20
-3.8155564566929132
11
5.3369824803149601
21
-3.8161950787401575
0
LINE
8
BLACK
6
CONTINUOUS
10
5.3369824803149601
20
-3.8161950787401575
11
5.3363438582677167
21
-3.8166218110236221
0
LINE
8
BLACK
6
CONTINUOUS
10
5.3363438582677167
20
-3.8166218110236221
11
5.3355905511811024
21
-3.8167716535433072
0
LINE
8
BLACK
6
CONTINUOUS
10
5.3355905511811024
20
-3.8167716535433072
11
5.3316535433070866
21
-3.8167716535433072
0
LINE
8
BLACK
6
CONTINUOUS
10
5.3316535433070866
20
-3.8167716535433072
11
5.3309002362204723
21
-3.8166218110236221
0
LINE
8
BLACK
6
CONTINUOUS
10
5.3309002362204723
20
-3.8166218110236221
11
5.330261614173228
21
-3.8161950787401575
0
LINE
8
BLACK
6
CONTINUOUS
10
5.330261614173228
20
-3.8161950787401575
11
5.3298348818897638
21
-3.8155564566929132
0
LINE
8
BLACK
6
CONTINUOUS
10
5.3298348818897638
20
-3.8155564566929132
11
5.3296850393700783
21
-3.8148031496062993
0
LINE
8
BLACK
6
CONTINUOUS
10
5.3296850393700783
20
-3.8148031496062993
11
5.3296850393700783
21
-3.7970866141732285
0
LINE
8
BLACK
6
CONTINUOUS
10
5.3296850393700783
20
-3.7970866141732285
11
5.3298348818897638
21
-3.7963333070866141
0
LINE
8
BLACK
6
CONTINUOUS
10
5.3298348818897638
20
-3.7963333070866141
11
5.330261614173228
21
-3.7956946850393698
0
LINE
8
BLACK
6
CONTINUOUS
10
5.330261614173228
20
-3.7956946850393698
11
5.3309002362204723
21
-3.7952679527559052
0
LINE
8
BLACK
6
CONTINUOUS
10
5.3309002362204723
20
-3.7952679527559052
11
5.3316535433070866
21
-3.7951181102362206
0
LINE
8
BLACK
6
CONTINUOUS
10
5.3316535433070866
20
-3.7951181102362206
11
5.3355905511811024
21
-3.7951181102362206
0
LINE
8
BLACK
6
CONTINUOUS
10
5.3355905511811024
20
-3.7951181102362206
11
5.3363438582677167
21
-3.7952679527559052
0
LINE
8
BLACK
6
CONTINUOUS
10
5.3520918897637797
20
-3.7952679527559052
11
5.3527305118110231
21
-3.7956946850393698
0
LINE
8
BLACK
6
CONTINUOUS
10
5.3527305118110231
20
-3.7956946850393698
11
5.3531572440944881
21
-3.7963333070866141
0
LINE
8
BLACK
6
CONTINUOUS
10
5.3531572440944881
20
-3.7963333070866141
11
5.3533070866141728
21
-3.7970866141732285
0
LINE
8
BLACK
6
CONTINUOUS
10
5.3533070866141728
20
-3.7970866141732285
11
5.3533070866141728
21
-3.8148031496062993
0
LINE
8
BLACK
6
CONTINUOUS
10
5.3533070866141728
20
-3.8148031496062993
11
5.3531572440944881
21
-3.8155564566929132
0
LINE
8
BLACK
6
CONTINUOUS
10
5.3531572440944881
20
-3.8155564566929132
11
5.3527305118110231
21
-3.8161950787401575
0
LINE
8
BLACK
6
CONTINUOUS
10
5.3527305118110231
20
-3.8161950787401575
11
5.3520918897637797
21
-3.8166218110236221
0
LINE
8
BLACK
6
CONTINUOUS
10
5.3520918897637797
20
-3.8166218110236221
11
5.3513385826771653
21
-3.8167716535433072
0
LINE
8
BLACK
6
CONTINUOUS
10
5.3513385826771653
20
-3.8167716535433072
11
5.3474015748031496
21
-3.8167716535433072
0
LINE
8
BLACK
6
CONTINUOUS
10
5.3474015748031496
20
-3.8167716535433072
11
5.3466482677165352
21
-3.8166218110236221
0
LINE
8
BLACK
6
CONTINUOUS
10
5.3466482677165352
20
-3.8166218110236221
11
5.3460096456692909
21
-3.8161950787401575
0
LINE
8
BLACK
6
CONTINUOUS
10
5.3460096456692909
20
-3.8161950787401575
11
5.3455829133858268
21
-3.8155564566929132
0
LINE
8
BLACK
6
CONTINUOUS
10
5.3455829133858268
20
-3.8155564566929132
11
5.3454330708661413
21
-3.8148031496062993
0
LINE
8
BLACK
6
CONTINUOUS
10
5.3454330708661413
20
-3.8148031496062993
11
5.3454330708661413
21
-3.7970866141732285
0
LINE
8
BLACK
6
CONTINUOUS
10
5.3454330708661413
20
-3.7970866141732285
11
5.3455829133858268
21
-3.7963333070866141
0
LINE
8
BLACK
6
CONTINUOUS
10
5.3455829133858268
20
-3.7963333070866141
11
5.3460096456692909
21
-3.7956946850393698
0
LINE
8
BLACK
6
CONTINUOUS
10
5.3460096456692909
20
-3.7956946850393698
11
5.3466482677165352
21
-3.7952679527559052
0
LINE
8
BLACK
6
CONTINUOUS
10
5.3466482677165352
20
-3.7952679527559052
11
5.3474015748031496
21
-3.7951181102362206
0
LINE
8
BLACK
6
CONTINUOUS
10
5.3474015748031496
20
-3.7951181102362206
11
5.3513385826771653
21
-3.7951181102362206
0
LINE
8
BLACK
6
CONTINUOUS
10
5.3513385826771653
20
-3.7951181102362206
11
5.3520918897637797
21
-3.7952679527559052
0
LINE
8
BLACK
6
CONTINUOUS
10
5.6787234645669287
20
-3.7882148425196851
11
5.6805116141732279
21
-3.7894096456692914
0
LINE
8
BLACK
6
CONTINUOUS
10
5.6805116141732279
20
-3.7894096456692914
11
5.6817064173228342
21
-3.7911977952755906
0
LINE
8
BLACK
6
CONTINUOUS
10
5.6817064173228342
20
-3.7911977952755906
11
5.682125984251968
21
-3.7933070866141732
0
LINE
8
BLACK
6
CONTINUOUS
10
5.682125984251968
20
-3.7933070866141732
11
5.682125984251968
21
-3.8066929133858265
0
LINE
8
BLACK
6
CONTINUOUS
10
5.682125984251968
20
-3.8066929133858265
11
5.6817064173228342
21
-3.8088022047244094
0
LINE
8
BLACK
6
CONTINUOUS
10
5.6817064173228342
20
-3.8088022047244094
11
5.6805116141732279
21
-3.8105903543307087
0
LINE
8
BLACK
6
CONTINUOUS
10
5.6805116141732279
20
-3.8105903543307087
11
5.6787234645669287
21
-3.811785157480315
0
LINE
8
BLACK
6
CONTINUOUS
10
5.6787234645669287
20
-3.811785157480315
11
5.6766141732283462
21
-3.8122047244094488
0
LINE
8
BLACK
6
CONTINUOUS
10
5.6766141732283462
20
-3.8122047244094488
11
5.6655905511811024
21
-3.8122047244094488
0
LINE
8
BLACK
6
CONTINUOUS
10
5.6655905511811024
20
-3.8122047244094488
11
5.6634812598425199
21
-3.811785157480315
0
LINE
8
BLACK
6
CONTINUOUS
10
5.6634812598425199
20
-3.811785157480315
11
5.6616931102362207
21
-3.8105903543307087
0
LINE
8
BLACK
6
CONTINUOUS
10
5.6616931102362207
20
-3.8105903543307087
11
5.6604983070866144
21
-3.8088022047244094
0
LINE
8
BLACK
6
CONTINUOUS
10
5.6604983070866144
20
-3.8088022047244094
11
5.6600787401574806
21
-3.8066929133858265
0
LINE
8
BLACK
6
CONTINUOUS
10
5.6600787401574806
20
-3.8066929133858265
11
5.6600787401574806
21
-3.7933070866141732
0
LINE
8
BLACK
6
CONTINUOUS
10
5.6600787401574806
20
-3.7933070866141732
11
5.6604983070866144
21
-3.7911977952755906
0
LINE
8
BLACK
6
CONTINUOUS
10
5.6604983070866144
20
-3.7911977952755906
11
5.6616931102362207
21
-3.7894096456692914
0
LINE
8
BLACK
6
CONTINUOUS
10
5.6616931102362207
20
-3.7894096456692914
11
5.6634812598425199
21
-3.7882148425196851
0
LINE
8
BLACK
6
CONTINUOUS
10
5.6634812598425199
20
-3.7882148425196851
11
5.6655905511811024
21
-3.7877952755905513
0
LINE
8
BLACK
6
CONTINUOUS
10
5.6655905511811024
20
-3.7877952755905513
11
5.6766141732283462
21
-3.7877952755905513
0
LINE
8
BLACK
6
CONTINUOUS
10
5.6766141732283462
20
-3.7877952755905513
11
5.6787234645669287
21
-3.7882148425196851
0
LINE
8
BLACK
6
CONTINUOUS
10
5.71651874015748
20
-3.7882148425196851
11
5.7183068897637792
21
-3.7894096456692914
0
LINE
8
BLACK
6
CONTINUOUS
10
5.7183068897637792
20
-3.7894096456692914
11
5.7195016929133855
21
-3.7911977952755906
0
LINE
8
BLACK
6
CONTINUOUS
10
5.7195016929133855
20
-3.7911977952755906
11
5.7199212598425193
21
-3.7933070866141732
0
LINE
8
BLACK
6
CONTINUOUS
10
5.7199212598425193
20
-3.7933070866141732
11
5.7199212598425193
21
-3.8066929133858265
0
LINE
8
BLACK
6
CONTINUOUS
10
5.7199212598425193
20
-3.8066929133858265
11
5.7195016929133855
21
-3.8088022047244094
0
LINE
8
BLACK
6
CONTINUOUS
10
5.7195016929133855
20
-3.8088022047244094
11
5.7183068897637792
21
-3.8105903543307087
0
LINE
8
BLACK
6
CONTINUOUS
10
5.7183068897637792
20
-3.8105903543307087
11
5.71651874015748
21
-3.811785157480315
0
LINE
8
BLACK
6
CONTINUOUS
10
5.71651874015748
20
-3.811785157480315
11
5.7144094488188975
21
-3.8122047244094488
0
LINE
8
BLACK
6
CONTINUOUS
10
5.7144094488188975
20
-3.8122047244094488
11
5.7033858267716537
21
-3.8122047244094488
0
LINE
8
BLACK
6
CONTINUOUS
10
5.7033858267716537
20
-3.8122047244094488
11
5.7012765354330703
21
-3.811785157480315
0
LINE
8
BLACK
6
CONTINUOUS
10
5.7012765354330703
20
-3.811785157480315
11
5.6994883858267711
21
-3.8105903543307087
0
LINE
8
BLACK
6
CONTINUOUS
10
5.6994883858267711
20
-3.8105903543307087
11
5.6982935826771648
21
-3.8088022047244094
0
LINE
8
BLACK
6
CONTINUOUS
10
5.6982935826771648
20
-3.8088022047244094
11
5.697874015748031
21
-3.8066929133858265
0
LINE
8
BLACK
6
CONTINUOUS
10
5.697874015748031
20
-3.8066929133858265
11
5.697874015748031
21
-3.7933070866141732
0
LINE
8
BLACK
6
CONTINUOUS
10
5.697874015748031
20
-3.7933070866141732
11
5.6982935826771648
21
-3.7911977952755906
0
LINE
8
BLACK
6
CONTINUOUS
10
5.6982935826771648
20
-3.7911977952755906
11
5.6994883858267711
21
-3.7894096456692914
0
LINE
8
BLACK
6
CONTINUOUS
10
5.6994883858267711
20
-3.7894096456692914
11
5.7012765354330703
21
-3.7882148425196851
0
LINE
8
BLACK
6
CONTINUOUS
10
5.7012765354330703
20
-3.7882148425196851
11
5.7033858267716537
21
-3.7877952755905513
0
LINE
8
BLACK
6
CONTINUOUS
10
5.7033858267716537
20
-3.7877952755905513
11
5.7144094488188975
21
-3.7877952755905513
0
LINE
8
BLACK
6
CONTINUOUS
10
5.7144094488188975
20
-3.7877952755905513
11
5.71651874015748
21
-3.7882148425196851
0
LINE
8
BLACK
6
CONTINUOUS
10
5.5126536614173229
20
-3.7610400787401574
11
5.5145695275590549
21
-3.7623202362204724
0
LINE
8
BLACK
6
CONTINUOUS
10
5.5145695275590549
20
-3.7623202362204724
11
5.5158496850393703
21
-3.7642361023622048
0
LINE
8
BLACK
6
CONTINUOUS
10
5.5158496850393703
20
-3.7642361023622048
11
5.5162992125984252
21
-3.7664960629921258
0
LINE
8
BLACK
6
CONTINUOUS
10
5.5162992125984252
20
-3.7664960629921258
11
5.5162992125984252
21
-3.778307086614173
0
LINE
8
BLACK
6
CONTINUOUS
10
5.5162992125984252
20
-3.778307086614173
11
5.5158496850393703
21
-3.7805670472440944
0
LINE
8
BLACK
6
CONTINUOUS
10
5.5158496850393703
20
-3.7805670472440944
11
5.5145695275590549
21
-3.7824829133858269
0
LINE
8
BLACK
6
CONTINUOUS
10
5.5145695275590549
20
-3.7824829133858269
11
5.5126536614173229
21
-3.7837630708661418
0
LINE
8
BLACK
6
CONTINUOUS
10
5.5126536614173229
20
-3.7837630708661418
11
5.5103937007874011
21
-3.7842125984251966
0
LINE
8
BLACK
6
CONTINUOUS
10
5.5103937007874011
20
-3.7842125984251966
11
5.47003937007874
21
-3.7842125984251966
0
LINE
8
BLACK
6
CONTINUOUS
10
5.47003937007874
20
-3.7842125984251966
11
5.467779409448819
21
-3.7837630708661418
0
LINE
8
BLACK
6
CONTINUOUS
10
5.467779409448819
20
-3.7837630708661418
11
5.4658635433070861
21
-3.7824829133858269
0
LINE
8
BLACK
6
CONTINUOUS
10
5.4658635433070861
20
-3.7824829133858269
11
5.4645833858267716
21
-3.7805670472440944
0
LINE
8
BLACK
6
CONTINUOUS
10
5.4645833858267716
20
-3.7805670472440944
11
5.4641338582677168
21
-3.778307086614173
0
LINE
8
BLACK
6
CONTINUOUS
10
5.4641338582677168
20
-3.778307086614173
11
5.4641338582677168
21
-3.7664960629921258
0
LINE
8
BLACK
6
CONTINUOUS
10
5.4641338582677168
20
-3.7664960629921258
11
5.4645833858267716
21
-3.7642361023622048
0
LINE
8
BLACK
6
CONTINUOUS
10
5.4645833858267716
20
-3.7642361023622048
11
5.4658635433070861
21
-3.7623202362204724
0
LINE
8
BLACK
6
CONTINUOUS
10
5.4658635433070861
20
-3.7623202362204724
11
5.467779409448819
21
-3.7610400787401574
0
LINE
8
BLACK
6
CONTINUOUS
10
5.467779409448819
20
-3.7610400787401574
11
5.47003937007874
21
-3.7605905511811022
0
LINE
8
BLACK
6
CONTINUOUS
10
5.47003937007874
20
-3.7605905511811022
11
5.5103937007874011
21
-3.7605905511811022
0
LINE
8
BLACK
6
CONTINUOUS
10
5.5103937007874011
20
-3.7605905511811022
11
5.5126536614173229
21
-3.7610400787401574
0
LINE
8
BLACK
6
CONTINUOUS
10
5.6022205905511813
20
-3.7610400787401574
11
5.6041364566929133
21
-3.7623202362204724
0
LINE
8
BLACK
6
CONTINUOUS
10
5.6041364566929133
20
-3.7623202362204724
11
5.6054166141732278
21
-3.7642361023622048
0
LINE
8
BLACK
6
CONTINUOUS
10
5.6054166141732278
20
-3.7642361023622048
11
5.6058661417322835
21
-3.7664960629921258
0
LINE
8
BLACK
6
CONTINUOUS
10
5.6058661417322835
20
-3.7664960629921258
11
5.6058661417322835
21
-3.778307086614173
0
LINE
8
BLACK
6
CONTINUOUS
10
5.6058661417322835
20
-3.778307086614173
11
5.6054166141732278
21
-3.7805670472440944
0
LINE
8
BLACK
6
CONTINUOUS
10
5.6054166141732278
20
-3.7805670472440944
11
5.6041364566929133
21
-3.7824829133858269
0
LINE
8
BLACK
6
CONTINUOUS
10
5.6041364566929133
20
-3.7824829133858269
11
5.6022205905511813
21
-3.7837630708661418
0
LINE
8
BLACK
6
CONTINUOUS
10
5.6022205905511813
20
-3.7837630708661418
11
5.5999606299212594
21
-3.7842125984251966
0
LINE
8
BLACK
6
CONTINUOUS
10
5.5999606299212594
20
-3.7842125984251966
11
5.5596062992125983
21
-3.7842125984251966
0
LINE
8
BLACK
6
CONTINUOUS
10
5.5596062992125983
20
-3.7842125984251966
11
5.5573463385826773
21
-3.7837630708661418
0
LINE
8
BLACK
6
CONTINUOUS
10
5.5573463385826773
20
-3.7837630708661418
11
5.5554304724409445
21
-3.7824829133858269
0
LINE
8
BLACK
6
CONTINUOUS
10
5.5554304724409445
20
-3.7824829133858269
11
5.5541503149606299
21
-3.7805670472440944
0
LINE
8
BLACK
6
CONTINUOUS
10
5.5541503149606299
20
-3.7805670472440944
11
5.5537007874015742
21
-3.778307086614173
0
LINE
8
BLACK
6
CONTINUOUS
10
5.5537007874015742
20
-3.778307086614173
11
5.5537007874015742
21
-3.7664960629921258
0
LINE
8
BLACK
6
CONTINUOUS
10
5.5537007874015742
20
-3.7664960629921258
11
5.5541503149606299
21
-3.7642361023622048
0
LINE
8
BLACK
6
CONTINUOUS
10
5.5541503149606299
20
-3.7642361023622048
11
5.5554304724409445
21
-3.7623202362204724
0
LINE
8
BLACK
6
CONTINUOUS
10
5.5554304724409445
20
-3.7623202362204724
11
5.5573463385826773
21
-3.7610400787401574
0
LINE
8
BLACK
6
CONTINUOUS
10
5.5573463385826773
20
-3.7610400787401574
11
5.5596062992125983
21
-3.7605905511811022
0
LINE
8
BLACK
6
CONTINUOUS
10
5.5596062992125983
20
-3.7605905511811022
11
5.5999606299212594
21
-3.7605905511811022
0
LINE
8
BLACK
6
CONTINUOUS
10
5.5999606299212594
20
-3.7605905511811022
11
5.6022205905511813
21
-3.7610400787401574
0
LINE
8
BLACK
6
CONTINUOUS
10
5.2437234645669291
20
-3.7432148425196852
11
5.2455116141732283
21
-3.7444096456692915
0
LINE
8
BLACK
6
CONTINUOUS
10
5.2455116141732283
20
-3.7444096456692915
11
5.2467064173228346
21
-3.7461977952755903
0
LINE
8
BLACK
6
CONTINUOUS
10
5.2467064173228346
20
-3.7461977952755903
11
5.2471259842519684
21
-3.7483070866141732
0
LINE
8
BLACK
6
CONTINUOUS
10
5.2471259842519684
20
-3.7483070866141732
11
5.2471259842519684
21
-3.7616929133858266
0
LINE
8
BLACK
6
CONTINUOUS
10
5.2471259842519684
20
-3.7616929133858266
11
5.2467064173228346
21
-3.7638022047244095
0
LINE
8
BLACK
6
CONTINUOUS
10
5.2467064173228346
20
-3.7638022047244095
11
5.2455116141732283
21
-3.7655903543307088
0
LINE
8
BLACK
6
CONTINUOUS
10
5.2455116141732283
20
-3.7655903543307088
11
5.2437234645669291
21
-3.7667851574803151
0
LINE
8
BLACK
6
CONTINUOUS
10
5.2437234645669291
20
-3.7667851574803151
11
5.2416141732283466
21
-3.7672047244094489
0
LINE
8
BLACK
6
CONTINUOUS
10
5.2416141732283466
20
-3.7672047244094489
11
5.2305905511811019
21
-3.7672047244094489
0
LINE
8
BLACK
6
CONTINUOUS
10
5.2305905511811019
20
-3.7672047244094489
11
5.2284812598425194
21
-3.7667851574803151
0
LINE
8
BLACK
6
CONTINUOUS
10
5.2284812598425194
20
-3.7667851574803151
11
5.2266931102362202
21
-3.7655903543307088
0
LINE
8
BLACK
6
CONTINUOUS
10
5.2266931102362202
20
-3.7655903543307088
11
5.2254983070866139
21
-3.7638022047244095
0
LINE
8
BLACK
6
CONTINUOUS
10
5.2254983070866139
20
-3.7638022047244095
11
5.2250787401574801
21
-3.7616929133858266
0
LINE
8
BLACK
6
CONTINUOUS
10
5.2250787401574801
20
-3.7616929133858266
11
5.2250787401574801
21
-3.7483070866141732
0
LINE
8
BLACK
6
CONTINUOUS
10
5.2250787401574801
20
-3.7483070866141732
11
5.2254983070866139
21
-3.7461977952755903
0
LINE
8
BLACK
6
CONTINUOUS
10
5.2254983070866139
20
-3.7461977952755903
11
5.2266931102362202
21
-3.7444096456692915
0
LINE
8
BLACK
6
CONTINUOUS
10
5.2266931102362202
20
-3.7444096456692915
11
5.2284812598425194
21
-3.7432148425196852
0
LINE
8
BLACK
6
CONTINUOUS
10
5.2284812598425194
20
-3.7432148425196852
11
5.2305905511811019
21
-3.7427952755905509
0
LINE
8
BLACK
6
CONTINUOUS
10
5.2305905511811019
20
-3.7427952755905509
11
5.2416141732283466
21
-3.7427952755905509
0
LINE
8
BLACK
6
CONTINUOUS
10
5.2416141732283466
20
-3.7427952755905509
11
5.2437234645669291
21
-3.7432148425196852
0
LINE
8
BLACK
6
CONTINUOUS
10
5.2815187401574804
20
-3.7432148425196852
11
5.2833068897637796
21
-3.7444096456692915
0
LINE
8
BLACK
6
CONTINUOUS
10
5.2833068897637796
20
-3.7444096456692915
11
5.2845016929133859
21
-3.7461977952755903
0
LINE
8
BLACK
6
CONTINUOUS
10
5.2845016929133859
20
-3.7461977952755903
11
5.2849212598425197
21
-3.7483070866141732
0
LINE
8
BLACK
6
CONTINUOUS
10
5.2849212598425197
20
-3.7483070866141732
11
5.2849212598425197
21
-3.7616929133858266
0
LINE
8
BLACK
6
CONTINUOUS
10
5.2849212598425197
20
-3.7616929133858266
11
5.2845016929133859
21
-3.7638022047244095
0
LINE
8
BLACK
6
CONTINUOUS
10
5.2845016929133859
20
-3.7638022047244095
11
5.2833068897637796
21
-3.7655903543307088
0
LINE
8
BLACK
6
CONTINUOUS
10
5.2833068897637796
20
-3.7655903543307088
11
5.2815187401574804
21
-3.7667851574803151
0
LINE
8
BLACK
6
CONTINUOUS
10
5.2815187401574804
20
-3.7667851574803151
11
5.2794094488188978
21
-3.7672047244094489
0
LINE
8
BLACK
6
CONTINUOUS
10
5.2794094488188978
20
-3.7672047244094489
11
5.2683858267716532
21
-3.7672047244094489
0
LINE
8
BLACK
6
CONTINUOUS
10
5.2683858267716532
20
-3.7672047244094489
11
5.2662765354330707
21
-3.7667851574803151
0
LINE
8
BLACK
6
CONTINUOUS
10
5.2662765354330707
20
-3.7667851574803151
11
5.2644883858267715
21
-3.7655903543307088
0
LINE
8
BLACK
6
CONTINUOUS
10
5.2644883858267715
20
-3.7655903543307088
11
5.2632935826771652
21
-3.7638022047244095
0
LINE
8
BLACK
6
CONTINUOUS
10
5.2632935826771652
20
-3.7638022047244095
11
5.2628740157480314
21
-3.7616929133858266
0
LINE
8
BLACK
6
CONTINUOUS
10
5.2628740157480314
20
-3.7616929133858266
11
5.2628740157480314
21
-3.7483070866141732
0
LINE
8
BLACK
6
CONTINUOUS
10
5.2628740157480314
20
-3.7483070866141732
11
5.2632935826771652
21
-3.7461977952755903
0
LINE
8
BLACK
6
CONTINUOUS
10
5.2632935826771652
20
-3.7461977952755903
11
5.2644883858267715
21
-3.7444096456692915
0
LINE
8
BLACK
6
CONTINUOUS
10
5.2644883858267715
20
-3.7444096456692915
11
5.2662765354330707
21
-3.7432148425196852
0
LINE
8
BLACK
6
CONTINUOUS
10
5.2662765354330707
20
-3.7432148425196852
11
5.2683858267716532
21
-3.7427952755905509
0
LINE
8
BLACK
6
CONTINUOUS
10
5.2683858267716532
20
-3.7427952755905509
11
5.2794094488188978
21
-3.7427952755905509
0
LINE
8
BLACK
6
CONTINUOUS
10
5.2794094488188978
20
-3.7427952755905509
11
5.2815187401574804
21
-3.7432148425196852
0
LINE
8
BLACK
6
CONTINUOUS
10
5.3537234645669294
20
-3.7382148425196848
11
5.3555116141732286
21
-3.7394096456692911
0
LINE
8
BLACK
6
CONTINUOUS
10
5.3555116141732286
20
-3.7394096456692911
11
5.3567064173228349
21
-3.7411977952755904
0
LINE
8
BLACK
6
CONTINUOUS
10
5.3567064173228349
20
-3.7411977952755904
11
5.3571259842519687
21
-3.7433070866141733
0
LINE
8
BLACK
6
CONTINUOUS
10
5.3571259842519687
20
-3.7433070866141733
11
5.3571259842519687
21
-3.7566929133858267
0
LINE
8
BLACK
6
CONTINUOUS
10
5.3571259842519687
20
-3.7566929133858267
11
5.3567064173228349
21
-3.7588022047244092
0
LINE
8
BLACK
6
CONTINUOUS
10
5.3567064173228349
20
-3.7588022047244092
11
5.3555116141732286
21
-3.7605903543307084
0
LINE
8
BLACK
6
CONTINUOUS
10
5.3555116141732286
20
-3.7605903543307084
11
5.3537234645669294
21
-3.7617851574803147
0
LINE
8
BLACK
6
CONTINUOUS
10
5.3537234645669294
20
-3.7617851574803147
11
5.351614173228346
21
-3.7622047244094485
0
LINE
8
BLACK
6
CONTINUOUS
10
5.351614173228346
20
-3.7622047244094485
11
5.3405905511811023
21
-3.7622047244094485
0
LINE
8
BLACK
6
CONTINUOUS
10
5.3405905511811023
20
-3.7622047244094485
11
5.3384812598425198
21
-3.7617851574803147
0
LINE
8
BLACK
6
CONTINUOUS
10
5.3384812598425198
20
-3.7617851574803147
11
5.3366931102362205
21
-3.7605903543307084
0
LINE
8
BLACK
6
CONTINUOUS
10
5.3366931102362205
20
-3.7605903543307084
11
5.3354983070866142
21
-3.7588022047244092
0
LINE
8
BLACK
6
CONTINUOUS
10
5.3354983070866142
20
-3.7588022047244092
11
5.3350787401574804
21
-3.7566929133858267
0
LINE
8
BLACK
6
CONTINUOUS
10
5.3350787401574804
20
-3.7566929133858267
11
5.3350787401574804
21
-3.7433070866141733
0
LINE
8
BLACK
6
CONTINUOUS
10
5.3350787401574804
20
-3.7433070866141733
11
5.3354983070866142
21
-3.7411977952755904
0
LINE
8
BLACK
6
CONTINUOUS
10
5.3354983070866142
20
-3.7411977952755904
11
5.3366931102362205
21
-3.7394096456692911
0
LINE
8
BLACK
6
CONTINUOUS
10
5.3366931102362205
20
-3.7394096456692911
11
5.3384812598425198
21
-3.7382148425196848
0
LINE
8
BLACK
6
CONTINUOUS
10
5.3384812598425198
20
-3.7382148425196848
11
5.3405905511811023
21
-3.737795275590551
0
LINE
8
BLACK
6
CONTINUOUS
10
5.3405905511811023
20
-3.737795275590551
11
5.351614173228346
21
-3.737795275590551
0
LINE
8
BLACK
6
CONTINUOUS
10
5.351614173228346
20
-3.737795275590551
11
5.3537234645669294
21
-3.7382148425196848
0
LINE
8
BLACK
6
CONTINUOUS
10
5.3915187401574798
20
-3.7382148425196848
11
5.393306889763779
21
-3.7394096456692911
0
LINE
8
BLACK
6
CONTINUOUS
10
5.393306889763779
20
-3.7394096456692911
11
5.3945016929133853
21
-3.7411977952755904
0
LINE
8
BLACK
6
CONTINUOUS
10
5.3945016929133853
20
-3.7411977952755904
11
5.3949212598425191
21
-3.7433070866141733
0
LINE
8
BLACK
6
CONTINUOUS
10
5.3949212598425191
20
-3.7433070866141733
11
5.3949212598425191
21
-3.7566929133858267
0
LINE
8
BLACK
6
CONTINUOUS
10
5.3949212598425191
20
-3.7566929133858267
11
5.3945016929133853
21
-3.7588022047244092
0
LINE
8
BLACK
6
CONTINUOUS
10
5.3945016929133853
20
-3.7588022047244092
11
5.393306889763779
21
-3.7605903543307084
0
LINE
8
BLACK
6
CONTINUOUS
10
5.393306889763779
20
-3.7605903543307084
11
5.3915187401574798
21
-3.7617851574803147
0
LINE
8
BLACK
6
CONTINUOUS
10
5.3915187401574798
20
-3.7617851574803147
11
5.3894094488188973
21
-3.7622047244094485
0
LINE
8
BLACK
6
CONTINUOUS
10
5.3894094488188973
20
-3.7622047244094485
11
5.3783858267716536
21
-3.7622047244094485
0
LINE
8
BLACK
6
CONTINUOUS
10
5.3783858267716536
20
-3.7622047244094485
11
5.376276535433071
21
-3.7617851574803147
0
LINE
8
BLACK
6
CONTINUOUS
10
5.376276535433071
20
-3.7617851574803147
11
5.3744883858267718
21
-3.7605903543307084
0
LINE
8
BLACK
6
CONTINUOUS
10
5.3744883858267718
20
-3.7605903543307084
11
5.3732935826771655
21
-3.7588022047244092
0
LINE
8
BLACK
6
CONTINUOUS
10
5.3732935826771655
20
-3.7588022047244092
11
5.3728740157480317
21
-3.7566929133858267
0
LINE
8
BLACK
6
CONTINUOUS
10
5.3728740157480317
20
-3.7566929133858267
11
5.3728740157480317
21
-3.7433070866141733
0
LINE
8
BLACK
6
CONTINUOUS
10
5.3728740157480317
20
-3.7433070866141733
11
5.3732935826771655
21
-3.7411977952755904
0
LINE
8
BLACK
6
CONTINUOUS
10
5.3732935826771655
20
-3.7411977952755904
11
5.3744883858267718
21
-3.7394096456692911
0
LINE
8
BLACK
6
CONTINUOUS
10
5.3744883858267718
20
-3.7394096456692911
11
5.376276535433071
21
-3.7382148425196848
0
LINE
8
BLACK
6
CONTINUOUS
10
5.376276535433071
20
-3.7382148425196848
11
5.3783858267716536
21
-3.737795275590551
0
LINE
8
BLACK
6
CONTINUOUS
10
5.3783858267716536
20
-3.737795275590551
11
5.3894094488188973
21
-3.737795275590551
0
LINE
8
BLACK
6
CONTINUOUS
10
5.3894094488188973
20
-3.737795275590551
11
5.3915187401574798
21
-3.7382148425196848
0
LINE
8
BLACK
6
CONTINUOUS
10
5.6787234645669287
20
-3.7332148425196849
11
5.6805116141732279
21
-3.7344096456692912
0
LINE
8
BLACK
6
CONTINUOUS
10
5.6805116141732279
20
-3.7344096456692912
11
5.6817064173228342
21
-3.7361977952755905
0
LINE
8
BLACK
6
CONTINUOUS
10
5.6817064173228342
20
-3.7361977952755905
11
5.682125984251968
21
-3.738307086614173
0
LINE
8
BLACK
6
CONTINUOUS
10
5.682125984251968
20
-3.738307086614173
11
5.682125984251968
21
-3.7516929133858268
0
LINE
8
BLACK
6
CONTINUOUS
10
5.682125984251968
20
-3.7516929133858268
11
5.6817064173228342
21
-3.7538022047244093
0
LINE
8
BLACK
6
CONTINUOUS
10
5.6817064173228342
20
-3.7538022047244093
11
5.6805116141732279
21
-3.7555903543307085
0
LINE
8
BLACK
6
CONTINUOUS
10
5.6805116141732279
20
-3.7555903543307085
11
5.6787234645669287
21
-3.7567851574803148
0
LINE
8
BLACK
6
CONTINUOUS
10
5.6787234645669287
20
-3.7567851574803148
11
5.6766141732283462
21
-3.7572047244094486
0
LINE
8
BLACK
6
CONTINUOUS
10
5.6766141732283462
20
-3.7572047244094486
11
5.6655905511811024
21
-3.7572047244094486
0
LINE
8
BLACK
6
CONTINUOUS
10
5.6655905511811024
20
-3.7572047244094486
11
5.6634812598425199
21
-3.7567851574803148
0
LINE
8
BLACK
6
CONTINUOUS
10
5.6634812598425199
20
-3.7567851574803148
11
5.6616931102362207
21
-3.7555903543307085
0
LINE
8
BLACK
6
CONTINUOUS
10
5.6616931102362207
20
-3.7555903543307085
11
5.6604983070866144
21
-3.7538022047244093
0
LINE
8
BLACK
6
CONTINUOUS
10
5.6604983070866144
20
-3.7538022047244093
11
5.6600787401574806
21
-3.7516929133858268
0
LINE
8
BLACK
6
CONTINUOUS
10
5.6600787401574806
20
-3.7516929133858268
11
5.6600787401574806
21
-3.738307086614173
0
LINE
8
BLACK
6
CONTINUOUS
10
5.6600787401574806
20
-3.738307086614173
11
5.6604983070866144
21
-3.7361977952755905
0
LINE
8
BLACK
6
CONTINUOUS
10
5.6604983070866144
20
-3.7361977952755905
11
5.6616931102362207
21
-3.7344096456692912
0
LINE
8
BLACK
6
CONTINUOUS
10
5.6616931102362207
20
-3.7344096456692912
11
5.6634812598425199
21
-3.7332148425196849
0
LINE
8
BLACK
6
CONTINUOUS
10
5.6634812598425199
20
-3.7332148425196849
11
5.6655905511811024
21
-3.7327952755905511
0
LINE
8
BLACK
6
CONTINUOUS
10
5.6655905511811024
20
-3.7327952755905511
11
5.6766141732283462
21
-3.7327952755905511
0
LINE
8
BLACK
6
CONTINUOUS
10
5.6766141732283462
20
-3.7327952755905511
11
5.6787234645669287
21
-3.7332148425196849
0
LINE
8
BLACK
6
CONTINUOUS
10
5.71651874015748
20
-3.7332148425196849
11
5.7183068897637792
21
-3.7344096456692912
0
LINE
8
BLACK
6
CONTINUOUS
10
5.7183068897637792
20
-3.7344096456692912
11
5.7195016929133855
21
-3.7361977952755905
0
LINE
8
BLACK
6
CONTINUOUS
10
5.7195016929133855
20
-3.7361977952755905
11
5.7199212598425193
21
-3.738307086614173
0
LINE
8
BLACK
6
CONTINUOUS
10
5.7199212598425193
20
-3.738307086614173
11
5.7199212598425193
21
-3.7516929133858268
0
LINE
8
BLACK
6
CONTINUOUS
10
5.7199212598425193
20
-3.7516929133858268
11
5.7195016929133855
21
-3.7538022047244093
0
LINE
8
BLACK
6
CONTINUOUS
10
5.7195016929133855
20
-3.7538022047244093
11
5.7183068897637792
21
-3.7555903543307085
0
LINE
8
BLACK
6
CONTINUOUS
10
5.7183068897637792
20
-3.7555903543307085
11
5.71651874015748
21
-3.7567851574803148
0
LINE
8
BLACK
6
CONTINUOUS
10
5.71651874015748
20
-3.7567851574803148
11
5.7144094488188975
21
-3.7572047244094486
0
LINE
8
BLACK
6
CONTINUOUS
10
5.7144094488188975
20
-3.7572047244094486
11
5.7033858267716537
21
-3.7572047244094486
0
LINE
8
BLACK
6
CONTINUOUS
10
5.7033858267716537
20
-3.7572047244094486
11
5.7012765354330703
21
-3.7567851574803148
0
LINE
8
BLACK
6
CONTINUOUS
10
5.7012765354330703
20
-3.7567851574803148
11
5.6994883858267711
21
-3.7555903543307085
0
LINE
8
BLACK
6
CONTINUOUS
10
5.6994883858267711
20
-3.7555903543307085
11
5.6982935826771648
21
-3.7538022047244093
0
LINE
8
BLACK
6
CONTINUOUS
10
5.6982935826771648
20
-3.7538022047244093
11
5.697874015748031
21
-3.7516929133858268
0
LINE
8
BLACK
6
CONTINUOUS
10
5.697874015748031
20
-3.7516929133858268
11
5.697874015748031
21
-3.738307086614173
0
LINE
8
BLACK
6
CONTINUOUS
10
5.697874015748031
20
-3.738307086614173
11
5.6982935826771648
21
-3.7361977952755905
0
LINE
8
BLACK
6
CONTINUOUS
10
5.6982935826771648
20
-3.7361977952755905
11
5.6994883858267711
21
-3.7344096456692912
0
LINE
8
BLACK
6
CONTINUOUS
10
5.6994883858267711
20
-3.7344096456692912
11
5.7012765354330703
21
-3.7332148425196849
0
LINE
8
BLACK
6
CONTINUOUS
10
5.7012765354330703
20
-3.7332148425196849
11
5.7033858267716537
21
-3.7327952755905511
0
LINE
8
BLACK
6
CONTINUOUS
10
5.7033858267716537
20
-3.7327952755905511
11
5.7144094488188975
21
-3.7327952755905511
0
LINE
8
BLACK
6
CONTINUOUS
10
5.7144094488188975
20
-3.7327952755905511
11
5.71651874015748
21
-3.7332148425196849
0
LINE
8
BLACK
6
CONTINUOUS
10
5.4388022047244089
20
-3.7332935826771654
11
5.4405903543307081
21
-3.7344883858267717
0
LINE
8
BLACK
6
CONTINUOUS
10
5.4405903543307081
20
-3.7344883858267717
11
5.4417851574803144
21
-3.7362765354330709
0
LINE
8
BLACK
6
CONTINUOUS
10
5.4417851574803144
20
-3.7362765354330709
11
5.4422047244094491
21
-3.7383858267716534
0
LINE
8
BLACK
6
CONTINUOUS
10
5.4422047244094491
20
-3.7383858267716534
11
5.4422047244094491
21
-3.7494094488188976
0
LINE
8
BLACK
6
CONTINUOUS
10
5.4422047244094491
20
-3.7494094488188976
11
5.4417851574803144
21
-3.7515187401574801
0
LINE
8
BLACK
6
CONTINUOUS
10
5.4417851574803144
20
-3.7515187401574801
11
5.4405903543307081
21
-3.7533068897637794
0
LINE
8
BLACK
6
CONTINUOUS
10
5.4405903543307081
20
-3.7533068897637794
11
5.4388022047244089
21
-3.7545016929133856
0
LINE
8
BLACK
6
CONTINUOUS
10
5.4388022047244089
20
-3.7545016929133856
11
5.4366929133858264
21
-3.7549212598425195
0
LINE
8
BLACK
6
CONTINUOUS
10
5.4366929133858264
20
-3.7549212598425195
11
5.423307086614173
21
-3.7549212598425195
0
LINE
8
BLACK
6
CONTINUOUS
10
5.423307086614173
20
-3.7549212598425195
11
5.4211977952755905
21
-3.7545016929133856
0
LINE
8
BLACK
6
CONTINUOUS
10
5.4211977952755905
20
-3.7545016929133856
11
5.4194096456692913
21
-3.7533068897637794
0
LINE
8
BLACK
6
CONTINUOUS
10
5.4194096456692913
20
-3.7533068897637794
11
5.418214842519685
21
-3.7515187401574801
0
LINE
8
BLACK
6
CONTINUOUS
10
5.418214842519685
20
-3.7515187401574801
11
5.4177952755905512
21
-3.7494094488188976
0
LINE
8
BLACK
6
CONTINUOUS
10
5.4177952755905512
20
-3.7494094488188976
11
5.4177952755905512
21
-3.7383858267716534
0
LINE
8
BLACK
6
CONTINUOUS
10
5.4177952755905512
20
-3.7383858267716534
11
5.418214842519685
21
-3.7362765354330709
0
LINE
8
BLACK
6
CONTINUOUS
10
5.418214842519685
20
-3.7362765354330709
11
5.4194096456692913
21
-3.7344883858267717
0
LINE
8
BLACK
6
CONTINUOUS
10
5.4194096456692913
20
-3.7344883858267717
11
5.4211977952755905
21
-3.7332935826771654
0
LINE
8
BLACK
6
CONTINUOUS
10
5.4211977952755905
20
-3.7332935826771654
11
5.423307086614173
21
-3.7328740157480316
0
LINE
8
BLACK
6
CONTINUOUS
10
5.423307086614173
20
-3.7328740157480316
11
5.4366929133858264
21
-3.7328740157480316
0
LINE
8
BLACK
6
CONTINUOUS
10
5.4366929133858264
20
-3.7328740157480316
11
5.4388022047244089
21
-3.7332935826771654
0
LINE
8
BLACK
6
CONTINUOUS
10
5.6022205905511813
20
-3.7236385039370079
11
5.6041364566929133
21
-3.7249186614173229
0
LINE
8
BLACK
6
CONTINUOUS
10
5.6041364566929133
20
-3.7249186614173229
11
5.6054166141732278
21
-3.7268345275590549
0
LINE
8
BLACK
6
CONTINUOUS
10
5.6054166141732278
20
-3.7268345275590549
11
5.6058661417322835
21
-3.7290944881889763
0
LINE
8
BLACK
6
CONTINUOUS
10
5.6058661417322835
20
-3.7290944881889763
11
5.6058661417322835
21
-3.7409055118110235
0
LINE
8
BLACK
6
CONTINUOUS
10
5.6058661417322835
20
-3.7409055118110235
11
5.6054166141732278
21
-3.7431654724409449
0
LINE
8
BLACK
6
CONTINUOUS
10
5.6054166141732278
20
-3.7431654724409449
11
5.6041364566929133
21
-3.7450813385826769
0
LINE
8
BLACK
6
CONTINUOUS
10
5.6041364566929133
20
-3.7450813385826769
11
5.6022205905511813
21
-3.7463614960629918
0
LINE
8
BLACK
6
CONTINUOUS
10
5.6022205905511813
20
-3.7463614960629918
11
5.5999606299212594
21
-3.7468110236220471
0
LINE
8
BLACK
6
CONTINUOUS
10
5.5999606299212594
20
-3.7468110236220471
11
5.5596062992125983
21
-3.7468110236220471
0
LINE
8
BLACK
6
CONTINUOUS
10
5.5596062992125983
20
-3.7468110236220471
11
5.5573463385826773
21
-3.7463614960629918
0
LINE
8
BLACK
6
CONTINUOUS
10
5.5573463385826773
20
-3.7463614960629918
11
5.5554304724409445
21
-3.7450813385826769
0
LINE
8
BLACK
6
CONTINUOUS
10
5.5554304724409445
20
-3.7450813385826769
11
5.5541503149606299
21
-3.7431654724409449
0
LINE
8
BLACK
6
CONTINUOUS
10
5.5541503149606299
20
-3.7431654724409449
11
5.5537007874015742
21
-3.7409055118110235
0
LINE
8
BLACK
6
CONTINUOUS
10
5.5537007874015742
20
-3.7409055118110235
11
5.5537007874015742
21
-3.7290944881889763
0
LINE
8
BLACK
6
CONTINUOUS
10
5.5537007874015742
20
-3.7290944881889763
11
5.5541503149606299
21
-3.7268345275590549
0
LINE
8
BLACK
6
CONTINUOUS
10
5.5541503149606299
20
-3.7268345275590549
11
5.5554304724409445
21
-3.7249186614173229
0
LINE
8
BLACK
6
CONTINUOUS
10
5.5554304724409445
20
-3.7249186614173229
11
5.5573463385826773
21
-3.7236385039370079
0
LINE
8
BLACK
6
CONTINUOUS
10
5.5573463385826773
20
-3.7236385039370079
11
5.5596062992125983
21
-3.7231889763779527
0
LINE
8
BLACK
6
CONTINUOUS
10
5.5596062992125983
20
-3.7231889763779527
11
5.5999606299212594
21
-3.7231889763779527
0
LINE
8
BLACK
6
CONTINUOUS
10
5.5999606299212594
20
-3.7231889763779527
11
5.6022205905511813
21
-3.7236385039370079
0
LINE
8
BLACK
6
CONTINUOUS
10
5.779251968503937
20
-3.7337795275590548
11
5.7556299212598425
21
-3.7337795275590548
0
LINE
8
BLACK
6
CONTINUOUS
10
5.7556299212598425
20
-3.7337795275590548
11
5.7556299212598425
21
-3.7062204724409447
0
LINE
8
BLACK
6
CONTINUOUS
10
5.7556299212598425
20
-3.7062204724409447
11
5.779251968503937
21
-3.7062204724409447
0
LINE
8
BLACK
6
CONTINUOUS
10
5.779251968503937
20
-3.7062204724409447
11
5.779251968503937
21
-3.7337795275590548
0
LINE
8
BLACK
6
CONTINUOUS
10
5.8343700787401573
20
-3.7337795275590548
11
5.8107480314960629
21
-3.7337795275590548
0
LINE
8
BLACK
6
CONTINUOUS
10
5.8107480314960629
20
-3.7337795275590548
11
5.8107480314960629
21
-3.7062204724409447
0
LINE
8
BLACK
6
CONTINUOUS
10
5.8107480314960629
20
-3.7062204724409447
11
5.8343700787401573
21
-3.7062204724409447
0
LINE
8
BLACK
6
CONTINUOUS
10
5.8343700787401573
20
-3.7062204724409447
11
5.8343700787401573
21
-3.7337795275590548
0
LINE
8
BLACK
6
CONTINUOUS
10
5.4388022047244089
20
-3.6954983070866141
11
5.4405903543307081
21
-3.6966931102362204
0
LINE
8
BLACK
6
CONTINUOUS
10
5.4405903543307081
20
-3.6966931102362204
11
5.4417851574803144
21
-3.6984812598425196
0
LINE
8
BLACK
6
CONTINUOUS
10
5.4417851574803144
20
-3.6984812598425196
11
5.4422047244094491
21
-3.7005905511811021
0
LINE
8
BLACK
6
CONTINUOUS
10
5.4422047244094491
20
-3.7005905511811021
11
5.4422047244094491
21
-3.7116141732283463
0
LINE
8
BLACK
6
CONTINUOUS
10
5.4422047244094491
20
-3.7116141732283463
11
5.4417851574803144
21
-3.7137234645669293
0
LINE
8
BLACK
6
CONTINUOUS
10
5.4417851574803144
20
-3.7137234645669293
11
5.4405903543307081
21
-3.7155116141732281
0
LINE
8
BLACK
6
CONTINUOUS
10
5.4405903543307081
20
-3.7155116141732281
11
5.4388022047244089
21
-3.7167064173228344
0
LINE
8
BLACK
6
CONTINUOUS
10
5.4388022047244089
20
-3.7167064173228344
11
5.4366929133858264
21
-3.7171259842519686
0
LINE
8
BLACK
6
CONTINUOUS
10
5.4366929133858264
20
-3.7171259842519686
11
5.423307086614173
21
-3.7171259842519686
0
LINE
8
BLACK
6
CONTINUOUS
10
5.423307086614173
20
-3.7171259842519686
11
5.4211977952755905
21
-3.7167064173228344
0
LINE
8
BLACK
6
CONTINUOUS
10
5.4211977952755905
20
-3.7167064173228344
11
5.4194096456692913
21
-3.7155116141732281
0
LINE
8
BLACK
6
CONTINUOUS
10
5.4194096456692913
20
-3.7155116141732281
11
5.418214842519685
21
-3.7137234645669293
0
LINE
8
BLACK
6
CONTINUOUS
10
5.418214842519685
20
-3.7137234645669293
11
5.4177952755905512
21
-3.7116141732283463
0
LINE
8
BLACK
6
CONTINUOUS
10
5.4177952755905512
20
-3.7116141732283463
11
5.4177952755905512
21
-3.7005905511811021
0
LINE
8
BLACK
6
CONTINUOUS
10
5.4177952755905512
20
-3.7005905511811021
11
5.418214842519685
21
-3.6984812598425196
0
LINE
8
BLACK
6
CONTINUOUS
10
5.418214842519685
20
-3.6984812598425196
11
5.4194096456692913
21
-3.6966931102362204
0
LINE
8
BLACK
6
CONTINUOUS
10
5.4194096456692913
20
-3.6966931102362204
11
5.4211977952755905
21
-3.6954983070866141
0
LINE
8
BLACK
6
CONTINUOUS
10
5.4211977952755905
20
-3.6954983070866141
11
5.423307086614173
21
-3.6950787401574803
0
LINE
8
BLACK
6
CONTINUOUS
10
5.423307086614173
20
-3.6950787401574803
11
5.4366929133858264
21
-3.6950787401574803
0
LINE
8
BLACK
6
CONTINUOUS
10
5.4366929133858264
20
-3.6950787401574803
11
5.4388022047244089
21
-3.6954983070866141
0
LINE
8
BLACK
6
CONTINUOUS
10
5.5126536614173229
20
-3.6862369291338584
11
5.5145695275590549
21
-3.6875170866141733
0
LINE
8
BLACK
6
CONTINUOUS
10
5.5145695275590549
20
-3.6875170866141733
11
5.5158496850393703
21
-3.6894329527559053
0
LINE
8
BLACK
6
CONTINUOUS
10
5.5158496850393703
20
-3.6894329527559053
11
5.5162992125984252
21
-3.6916929133858267
0
LINE
8
BLACK
6
CONTINUOUS
10
5.5162992125984252
20
-3.6916929133858267
11
5.5162992125984252
21
-3.7035039370078739
0
LINE
8
BLACK
6
CONTINUOUS
10
5.5162992125984252
20
-3.7035039370078739
11
5.5158496850393703
21
-3.7057638976377953
0
LINE
8
BLACK
6
CONTINUOUS
10
5.5158496850393703
20
-3.7057638976377953
11
5.5145695275590549
21
-3.7076797637795273
0
LINE
8
BLACK
6
CONTINUOUS
10
5.5145695275590549
20
-3.7076797637795273
11
5.5126536614173229
21
-3.7089599212598423
0
LINE
8
BLACK
6
CONTINUOUS
10
5.5126536614173229
20
-3.7089599212598423
11
5.5103937007874011
21
-3.7094094488188976
0
LINE
8
BLACK
6
CONTINUOUS
10
5.5103937007874011
20
-3.7094094488188976
11
5.47003937007874
21
-3.7094094488188976
0
LINE
8
BLACK
6
CONTINUOUS
10
5.47003937007874
20
-3.7094094488188976
11
5.467779409448819
21
-3.7089599212598423
0
LINE
8
BLACK
6
CONTINUOUS
10
5.467779409448819
20
-3.7089599212598423
11
5.4658635433070861
21
-3.7076797637795273
0
LINE
8
BLACK
6
CONTINUOUS
10
5.4658635433070861
20
-3.7076797637795273
11
5.4645833858267716
21
-3.7057638976377953
0
LINE
8
BLACK
6
CONTINUOUS
10
5.4645833858267716
20
-3.7057638976377953
11
5.4641338582677168
21
-3.7035039370078739
0
LINE
8
BLACK
6
CONTINUOUS
10
5.4641338582677168
20
-3.7035039370078739
11
5.4641338582677168
21
-3.6916929133858267
0
LINE
8
BLACK
6
CONTINUOUS
10
5.4641338582677168
20
-3.6916929133858267
11
5.4645833858267716
21
-3.6894329527559053
0
LINE
8
BLACK
6
CONTINUOUS
10
5.4645833858267716
20
-3.6894329527559053
11
5.4658635433070861
21
-3.6875170866141733
0
LINE
8
BLACK
6
CONTINUOUS
10
5.4658635433070861
20
-3.6875170866141733
11
5.467779409448819
21
-3.6862369291338584
0
LINE
8
BLACK
6
CONTINUOUS
10
5.467779409448819
20
-3.6862369291338584
11
5.47003937007874
21
-3.6857874015748031
0
LINE
8
BLACK
6
CONTINUOUS
10
5.47003937007874
20
-3.6857874015748031
11
5.5103937007874011
21
-3.6857874015748031
0
LINE
8
BLACK
6
CONTINUOUS
10
5.5103937007874011
20
-3.6857874015748031
11
5.5126536614173229
21
-3.6862369291338584
0
LINE
8
BLACK
6
CONTINUOUS
10
5.6022205905511813
20
-3.6862369291338584
11
5.6041364566929133
21
-3.6875170866141733
0
LINE
8
BLACK
6
CONTINUOUS
10
5.6041364566929133
20
-3.6875170866141733
11
5.6054166141732278
21
-3.6894329527559053
0
LINE
8
BLACK
6
CONTINUOUS
10
5.6054166141732278
20
-3.6894329527559053
11
5.6058661417322835
21
-3.6916929133858267
0
LINE
8
BLACK
6
CONTINUOUS
10
5.6058661417322835
20
-3.6916929133858267
11
5.6058661417322835
21
-3.7035039370078739
0
LINE
8
BLACK
6
CONTINUOUS
10
5.6058661417322835
20
-3.7035039370078739
11
5.6054166141732278
21
-3.7057638976377953
0
LINE
8
BLACK
6
CONTINUOUS
10
5.6054166141732278
20
-3.7057638976377953
11
5.6041364566929133
21
-3.7076797637795273
0
LINE
8
BLACK
6
CONTINUOUS
10
5.6041364566929133
20
-3.7076797637795273
11
5.6022205905511813
21
-3.7089599212598423
0
LINE
8
BLACK
6
CONTINUOUS
10
5.6022205905511813
20
-3.7089599212598423
11
5.5999606299212594
21
-3.7094094488188976
0
LINE
8
BLACK
6
CONTINUOUS
10
5.5999606299212594
20
-3.7094094488188976
11
5.5596062992125983
21
-3.7094094488188976
0
LINE
8
BLACK
6
CONTINUOUS
10
5.5596062992125983
20
-3.7094094488188976
11
5.5573463385826773
21
-3.7089599212598423
0
LINE
8
BLACK
6
CONTINUOUS
10
5.5573463385826773
20
-3.7089599212598423
11
5.5554304724409445
21
-3.7076797637795273
0
LINE
8
BLACK
6
CONTINUOUS
10
5.5554304724409445
20
-3.7076797637795273
11
5.5541503149606299
21
-3.7057638976377953
0
LINE
8
BLACK
6
CONTINUOUS
10
5.5541503149606299
20
-3.7057638976377953
11
5.5537007874015742
21
-3.7035039370078739
0
LINE
8
BLACK
6
CONTINUOUS
10
5.5537007874015742
20
-3.7035039370078739
11
5.5537007874015742
21
-3.6916929133858267
0
LINE
8
BLACK
6
CONTINUOUS
10
5.5537007874015742
20
-3.6916929133858267
11
5.5541503149606299
21
-3.6894329527559053
0
LINE
8
BLACK
6
CONTINUOUS
10
5.5541503149606299
20
-3.6894329527559053
11
5.5554304724409445
21
-3.6875170866141733
0
LINE
8
BLACK
6
CONTINUOUS
10
5.5554304724409445
20
-3.6875170866141733
11
5.5573463385826773
21
-3.6862369291338584
0
LINE
8
BLACK
6
CONTINUOUS
10
5.5573463385826773
20
-3.6862369291338584
11
5.5596062992125983
21
-3.6857874015748031
0
LINE
8
BLACK
6
CONTINUOUS
10
5.5596062992125983
20
-3.6857874015748031
11
5.5999606299212594
21
-3.6857874015748031
0
LINE
8
BLACK
6
CONTINUOUS
10
5.5999606299212594
20
-3.6857874015748031
11
5.6022205905511813
21
-3.6862369291338584
  0
ENDSEC
  0
EOF
